CONFIG model=c329_c330_mount_history enumerated_mounts_after_first=4 stages=5 faults=transient_unreadable_roots+one_crash_per_mount
C329_PREMISE5 rules=today_literal
  M1 acquired=1 landed=(1,1)(1,2)(1,3) last=(1,3) in_flight=(1,4) units_only crash
  M2 mode=recovery unreadable=[] selected=(1,3) after_replay=(1,3) W=0 acquired=2 rows_written=(1,3,0) first_txg=4 admission_short=true reach=Complete+Some(UnitsOnly) landed=[(2,4)] | mounted=(2,4) table= U1=3 [i1t4.accounting(i1,b4,n0,Metadata,start0),i1t4.node0(i1,b4,n0,Metadata,start0),i1t4.data2(i1,b4,n2,Data,start0)] U2=0 [] corrupt=0 I-3.8_rows_not_below_mounted=[]
  M3 mode=recovery unreadable=[] selected=(2,4) after_replay=(2,4) W=0 acquired=3 rows_written=(2,4,0) first_txg=5 admission_short=false reach=Complete+Some(Complete) landed=[(3,5)(3,6)] | mounted=(3,6) table=(2,4,0) U1=3 [i1t4.accounting(i1,b4,n0,Metadata,start0),i1t4.node0(i1,b4,n0,Metadata,start0),i1t4.data2(i1,b4,n2,Data,start0)] U2=0 [] corrupt=0 I-3.8_rows_not_below_mounted=[]
  M4 mode=recovery unreadable=[] selected=(3,6) after_replay=(3,6) W=0 acquired=4 rows_written=(2,4,0)(3,6,0) first_txg=7 admission_short=false reach=Complete+Some(Complete) landed=[(4,7)(4,8)] | mounted=(4,8) table=(2,4,0)(3,6,0) U1=3 [i1t4.accounting(i1,b4,n0,Metadata,start0),i1t4.node0(i1,b4,n0,Metadata,start0),i1t4.data2(i1,b4,n2,Data,start0)] U2=0 [] corrupt=0 I-3.8_rows_not_below_mounted=[]
C329_ROLLBACK rules=today_literal
  M1 acquired=1 landed=(1,1)..(1,5) crash
  M2 mode=rollback unreadable=[] selected=(1,5) after_replay=(1,3) W=0 acquired=2 rows_written=(1,3,0,rollback) first_txg=6 admission_short=true reach=Complete+Some(UnitsOnly) landed=[(2,6)] | mounted=(2,6) table= U1=6 [i1t4.accounting(i1,b4,n0,Metadata,start0),i1t4.node0(i1,b4,n0,Metadata,start0),i1t4.data2(i1,b4,n2,Data,start0),i1t5.accounting(i1,b5,n0,Metadata,start0),i1t5.node0(i1,b5,n0,Metadata,start0),i1t5.data3(i1,b5,n3,Data,start0)] U2=0 [] corrupt=0 I-3.8_rows_not_below_mounted=[]
  M3 mode=recovery unreadable=[] selected=(2,6) after_replay=(2,6) W=0 acquired=3 rows_written=(2,6,0) first_txg=7 admission_short=false reach=Complete+Some(Complete) landed=[(3,7)(3,8)] | mounted=(3,8) table=(2,6,0) U1=6 [i1t4.accounting(i1,b4,n0,Metadata,start0),i1t4.node0(i1,b4,n0,Metadata,start0),i1t4.data2(i1,b4,n2,Data,start0),i1t5.accounting(i1,b5,n0,Metadata,start0),i1t5.node0(i1,b5,n0,Metadata,start0),i1t5.data3(i1,b5,n3,Data,start0)] U2=0 [] corrupt=0 I-3.8_rows_not_below_mounted=[]
  M4 mode=recovery unreadable=[] selected=(3,8) after_replay=(3,8) W=0 acquired=4 rows_written=(2,6,0)(3,8,0) first_txg=9 admission_short=false reach=Complete+Some(Complete) landed=[(4,9)(4,10)] | mounted=(4,10) table=(2,6,0)(3,8,0) U1=6 [i1t4.accounting(i1,b4,n0,Metadata,start0),i1t4.node0(i1,b4,n0,Metadata,start0),i1t4.data2(i1,b4,n2,Data,start0),i1t5.accounting(i1,b5,n0,Metadata,start0),i1t5.node0(i1,b5,n0,Metadata,start0),i1t5.data3(i1,b5,n3,Data,start0)] U2=0 [] corrupt=0 I-3.8_rows_not_below_mounted=[]
C329_SWITCH rules=today_literal kept_transactions=OnlyInMemory
  M2 mode=recovery unreadable=[] selected=(1,3) after_replay=(1,3) W=0 acquired=2 rows_written=(1,3,0) first_txg=4 admission_short=false reach=Complete+Some(Complete) landed=[(2,4)(2,5)] | mounted=(2,5) table=(1,3,0) U1=0 [] U2=0 [] corrupt=0 I-3.8_rows_not_below_mounted=[]
  M2' switch old=2 new=3 switch_row=(2,5,3) kept=[i2t6.failed.data2(i2,b6,n2,Data,start3),i2t6.failed.data3(i2,b6,n3,Data,start3)] first=fraise second=resend(units_only) crash | mounted=(3,6) table=(1,3,0) U1=3 [i2t6.failed.accounting(i2,b6,n0,Metadata,start3),i2t6.failed.data2(i2,b6,n2,Data,start3),i2t6.failed.data3(i2,b6,n3,Data,start3)] U2=0 [] corrupt=0 I-3.8_rows_not_below_mounted=[]
  M3 mode=recovery unreadable=[] selected=(3,6) after_replay=(3,6) W=0 acquired=4 rows_written=(1,3,0)(3,6,0) first_txg=7 admission_short=false reach=Complete+Some(Complete) landed=[(4,7)(4,8)] | mounted=(4,8) table=(1,3,0)(3,6,0) U1=3 [i2t6.failed.accounting(i2,b6,n0,Metadata,start3),i2t6.failed.data2(i2,b6,n2,Data,start3),i2t6.failed.data3(i2,b6,n3,Data,start3)] U2=0 [] corrupt=0 I-3.8_rows_not_below_mounted=[]
  M4 mode=recovery unreadable=[] selected=(4,8) after_replay=(4,8) W=0 acquired=5 rows_written=(1,3,0)(3,6,0)(4,8,0) first_txg=9 admission_short=false reach=Complete+Some(Complete) landed=[(5,9)(5,10)] | mounted=(5,10) table=(1,3,0)(3,6,0)(4,8,0) U1=3 [i2t6.failed.accounting(i2,b6,n0,Metadata,start3),i2t6.failed.data2(i2,b6,n2,Data,start3),i2t6.failed.data3(i2,b6,n3,Data,start3)] U2=0 [] corrupt=0 I-3.8_rows_not_below_mounted=[]
C329_SWITCH rules=today_literal kept_transactions=InRebuildState
  M2 mode=recovery unreadable=[] selected=(1,3) after_replay=(1,3) W=0 acquired=2 rows_written=(1,3,0) first_txg=4 admission_short=false reach=Complete+Some(Complete) landed=[(2,4)(2,5)] | mounted=(2,5) table=(1,3,0) U1=0 [] U2=0 [] corrupt=0 I-3.8_rows_not_below_mounted=[]
  M2' switch old=2 new=3 switch_row=(2,5,3) kept=[i2t6.failed.data2(i2,b6,n2,Data,start3),i2t6.failed.data3(i2,b6,n3,Data,start3)] first=fraise second=resend(units_only) crash | mounted=(3,6) table=(1,3,0) U1=1 [i2t6.failed.accounting(i2,b6,n0,Metadata,start3)] U2=0 [] corrupt=0 I-3.8_rows_not_below_mounted=[]
  M3 mode=recovery unreadable=[] selected=(3,6) after_replay=(3,6) W=0 acquired=4 rows_written=(1,3,0)(3,6,0) first_txg=7 admission_short=false reach=Complete+Some(Complete) landed=[(4,7)(4,8)] | mounted=(4,8) table=(1,3,0)(3,6,0) U1=1 [i2t6.failed.accounting(i2,b6,n0,Metadata,start3)] U2=0 [] corrupt=0 I-3.8_rows_not_below_mounted=[]
  M4 mode=recovery unreadable=[] selected=(4,8) after_replay=(4,8) W=0 acquired=5 rows_written=(1,3,0)(3,6,0)(4,8,0) first_txg=9 admission_short=false reach=Complete+Some(Complete) landed=[(5,9)(5,10)] | mounted=(5,10) table=(1,3,0)(3,6,0)(4,8,0) U1=1 [i2t6.failed.accounting(i2,b6,n0,Metadata,start3)] U2=0 [] corrupt=0 I-3.8_rows_not_below_mounted=[]
C329_LOOKS_CLEAN rules=today_literal skip_rows_when_looks_clean=true
  M2 mode=recovery unreadable=[] selected=(1,3) after_replay=(1,3) W=0 acquired=2 rows_written= first_txg=4 admission_short=false reach=Complete+Some(Complete) landed=[(2,4)(2,5)] | mounted=(2,5) table= U1=3 [i1t4.accounting(i1,b4,n0,Metadata,start0),i1t4.node0(i1,b4,n0,Metadata,start0),i1t4.data2(i1,b4,n2,Data,start0)] U2=0 [] corrupt=0 I-3.8_rows_not_below_mounted=[]
  M3 mode=recovery unreadable=[] selected=(2,5) after_replay=(2,5) W=0 acquired=3 rows_written= first_txg=6 admission_short=false reach=Complete+Some(Complete) landed=[(3,6)(3,7)] | mounted=(3,7) table= U1=3 [i1t4.accounting(i1,b4,n0,Metadata,start0),i1t4.node0(i1,b4,n0,Metadata,start0),i1t4.data2(i1,b4,n2,Data,start0)] U2=0 [] corrupt=0 I-3.8_rows_not_below_mounted=[]
  M4 mode=recovery unreadable=[] selected=(3,7) after_replay=(3,7) W=0 acquired=4 rows_written= first_txg=8 admission_short=false reach=Complete+Some(Complete) landed=[(4,8)(4,9)] | mounted=(4,9) table= U1=3 [i1t4.accounting(i1,b4,n0,Metadata,start0),i1t4.node0(i1,b4,n0,Metadata,start0),i1t4.data2(i1,b4,n2,Data,start0)] U2=0 [] corrupt=0 I-3.8_rows_not_below_mounted=[]
C329_LOOKS_CLEAN rules=today_literal skip_rows_when_looks_clean=false
  M2 mode=recovery unreadable=[] selected=(1,3) after_replay=(1,3) W=0 acquired=2 rows_written=(1,3,0) first_txg=4 admission_short=false reach=Complete+Some(Complete) landed=[(2,4)(2,5)] | mounted=(2,5) table=(1,3,0) U1=0 [] U2=0 [] corrupt=0 I-3.8_rows_not_below_mounted=[]
  M3 mode=recovery unreadable=[] selected=(2,5) after_replay=(2,5) W=0 acquired=3 rows_written=(1,3,0)(2,5,0) first_txg=6 admission_short=false reach=Complete+Some(Complete) landed=[(3,6)(3,7)] | mounted=(3,7) table=(1,3,0)(2,5,0) U1=0 [] U2=0 [] corrupt=0 I-3.8_rows_not_below_mounted=[]
  M4 mode=recovery unreadable=[] selected=(3,7) after_replay=(3,7) W=0 acquired=4 rows_written=(1,3,0)(2,5,0)(3,7,0) first_txg=8 admission_short=false reach=Complete+Some(Complete) landed=[(4,8)(4,9)] | mounted=(4,9) table=(1,3,0)(2,5,0)(3,7,0) U1=0 [] U2=0 [] corrupt=0 I-3.8_rows_not_below_mounted=[]
C329_PREMISE5 rules=c329_jia
  M1 acquired=1 landed=(1,1)(1,2)(1,3) last=(1,3) in_flight=(1,4) units_only crash
  M2 mode=recovery unreadable=[] selected=(1,3) after_replay=(1,3) W=0 acquired=2 rows_written=(1,3,0) first_txg=4 admission_short=true reach=Complete+Some(UnitsOnly) landed=[(2,4)] | mounted=(2,4) table=(1,3,0) U1=0 [] U2=0 [] corrupt=0 I-3.8_rows_not_below_mounted=[]
  M3 mode=recovery unreadable=[] selected=(2,4) after_replay=(2,4) W=0 acquired=3 rows_written=(1,3,0)(2,4,0) first_txg=5 admission_short=false reach=Complete+Some(Complete) landed=[(3,5)(3,6)] | mounted=(3,6) table=(1,3,0)(2,4,0) U1=0 [] U2=0 [] corrupt=0 I-3.8_rows_not_below_mounted=[]
  M4 mode=recovery unreadable=[] selected=(3,6) after_replay=(3,6) W=0 acquired=4 rows_written=(1,3,0)(2,4,0)(3,6,0) first_txg=7 admission_short=false reach=Complete+Some(Complete) landed=[(4,7)(4,8)] | mounted=(4,8) table=(1,3,0)(2,4,0)(3,6,0) U1=0 [] U2=0 [] corrupt=0 I-3.8_rows_not_below_mounted=[]
C329_ROLLBACK rules=c329_jia
  M1 acquired=1 landed=(1,1)..(1,5) crash
  M2 mode=rollback unreadable=[] selected=(1,5) after_replay=(1,3) W=0 acquired=2 rows_written=(1,3,0,rollback) first_txg=6 admission_short=true reach=Complete+Some(UnitsOnly) landed=[(2,6)] | mounted=(2,6) table=(1,3,0,rollback) U1=0 [] U2=0 [] corrupt=0 I-3.8_rows_not_below_mounted=[]
  M3 mode=recovery unreadable=[] selected=(2,6) after_replay=(2,6) W=0 acquired=3 rows_written=(1,3,0,rollback)(2,6,0) first_txg=7 admission_short=false reach=Complete+Some(Complete) landed=[(3,7)(3,8)] | mounted=(3,8) table=(1,3,0,rollback)(2,6,0) U1=0 [] U2=0 [] corrupt=0 I-3.8_rows_not_below_mounted=[]
  M4 mode=recovery unreadable=[] selected=(3,8) after_replay=(3,8) W=0 acquired=4 rows_written=(1,3,0,rollback)(2,6,0)(3,8,0) first_txg=9 admission_short=false reach=Complete+Some(Complete) landed=[(4,9)(4,10)] | mounted=(4,10) table=(1,3,0,rollback)(2,6,0)(3,8,0) U1=0 [] U2=0 [] corrupt=0 I-3.8_rows_not_below_mounted=[]
C329_SWITCH rules=c329_jia kept_transactions=OnlyInMemory
  M2 mode=recovery unreadable=[] selected=(1,3) after_replay=(1,3) W=0 acquired=2 rows_written=(1,3,0) first_txg=4 admission_short=false reach=Complete+Some(Complete) landed=[(2,4)(2,5)] | mounted=(2,5) table=(1,3,0) U1=0 [] U2=0 [] corrupt=0 I-3.8_rows_not_below_mounted=[]
  M2' switch old=2 new=3 switch_row=(2,5,3) kept=[i2t6.failed.data2(i2,b6,n2,Data,start3),i2t6.failed.data3(i2,b6,n3,Data,start3)] first=resend second=warmup(units_only) crash | mounted=(3,6) table=(1,3,0)(2,5,3) U1=0 [] U2=0 [] corrupt=0 I-3.8_rows_not_below_mounted=[]
  M3 mode=recovery unreadable=[] selected=(3,6) after_replay=(3,6) W=0 acquired=4 rows_written=(1,3,0)(2,5,3)(3,6,0) first_txg=7 admission_short=false reach=Complete+Some(Complete) landed=[(4,7)(4,8)] | mounted=(4,8) table=(1,3,0)(2,5,3)(3,6,0) U1=0 [] U2=0 [] corrupt=0 I-3.8_rows_not_below_mounted=[]
  M4 mode=recovery unreadable=[] selected=(4,8) after_replay=(4,8) W=0 acquired=5 rows_written=(1,3,0)(2,5,3)(3,6,0)(4,8,0) first_txg=9 admission_short=false reach=Complete+Some(Complete) landed=[(5,9)(5,10)] | mounted=(5,10) table=(1,3,0)(2,5,3)(3,6,0)(4,8,0) U1=0 [] U2=0 [] corrupt=0 I-3.8_rows_not_below_mounted=[]
C329_SWITCH rules=c329_jia kept_transactions=InRebuildState
  M2 mode=recovery unreadable=[] selected=(1,3) after_replay=(1,3) W=0 acquired=2 rows_written=(1,3,0) first_txg=4 admission_short=false reach=Complete+Some(Complete) landed=[(2,4)(2,5)] | mounted=(2,5) table=(1,3,0) U1=0 [] U2=0 [] corrupt=0 I-3.8_rows_not_below_mounted=[]
  M2' switch old=2 new=3 switch_row=(2,5,3) kept=[i2t6.failed.data2(i2,b6,n2,Data,start3),i2t6.failed.data3(i2,b6,n3,Data,start3)] first=resend second=warmup(units_only) crash | mounted=(3,6) table=(1,3,0)(2,5,3) U1=0 [] U2=0 [] corrupt=0 I-3.8_rows_not_below_mounted=[]
  M3 mode=recovery unreadable=[] selected=(3,6) after_replay=(3,6) W=0 acquired=4 rows_written=(1,3,0)(2,5,3)(3,6,0) first_txg=7 admission_short=false reach=Complete+Some(Complete) landed=[(4,7)(4,8)] | mounted=(4,8) table=(1,3,0)(2,5,3)(3,6,0) U1=0 [] U2=0 [] corrupt=0 I-3.8_rows_not_below_mounted=[]
  M4 mode=recovery unreadable=[] selected=(4,8) after_replay=(4,8) W=0 acquired=5 rows_written=(1,3,0)(2,5,3)(3,6,0)(4,8,0) first_txg=9 admission_short=false reach=Complete+Some(Complete) landed=[(5,9)(5,10)] | mounted=(5,10) table=(1,3,0)(2,5,3)(3,6,0)(4,8,0) U1=0 [] U2=0 [] corrupt=0 I-3.8_rows_not_below_mounted=[]
C329_LOOKS_CLEAN rules=c329_jia skip_rows_when_looks_clean=true
  M2 mode=recovery unreadable=[] selected=(1,3) after_replay=(1,3) W=0 acquired=2 rows_written= first_txg=4 admission_short=false reach=Complete+Some(Complete) landed=[(2,4)(2,5)] | mounted=(2,5) table= U1=3 [i1t4.accounting(i1,b4,n0,Metadata,start0),i1t4.node0(i1,b4,n0,Metadata,start0),i1t4.data2(i1,b4,n2,Data,start0)] U2=0 [] corrupt=0 I-3.8_rows_not_below_mounted=[]
  M3 mode=recovery unreadable=[] selected=(2,5) after_replay=(2,5) W=0 acquired=3 rows_written= first_txg=6 admission_short=false reach=Complete+Some(Complete) landed=[(3,6)(3,7)] | mounted=(3,7) table= U1=3 [i1t4.accounting(i1,b4,n0,Metadata,start0),i1t4.node0(i1,b4,n0,Metadata,start0),i1t4.data2(i1,b4,n2,Data,start0)] U2=0 [] corrupt=0 I-3.8_rows_not_below_mounted=[]
  M4 mode=recovery unreadable=[] selected=(3,7) after_replay=(3,7) W=0 acquired=4 rows_written= first_txg=8 admission_short=false reach=Complete+Some(Complete) landed=[(4,8)(4,9)] | mounted=(4,9) table= U1=3 [i1t4.accounting(i1,b4,n0,Metadata,start0),i1t4.node0(i1,b4,n0,Metadata,start0),i1t4.data2(i1,b4,n2,Data,start0)] U2=0 [] corrupt=0 I-3.8_rows_not_below_mounted=[]
C329_LOOKS_CLEAN rules=c329_jia skip_rows_when_looks_clean=false
  M2 mode=recovery unreadable=[] selected=(1,3) after_replay=(1,3) W=0 acquired=2 rows_written=(1,3,0) first_txg=4 admission_short=false reach=Complete+Some(Complete) landed=[(2,4)(2,5)] | mounted=(2,5) table=(1,3,0) U1=0 [] U2=0 [] corrupt=0 I-3.8_rows_not_below_mounted=[]
  M3 mode=recovery unreadable=[] selected=(2,5) after_replay=(2,5) W=0 acquired=3 rows_written=(1,3,0)(2,5,0) first_txg=6 admission_short=false reach=Complete+Some(Complete) landed=[(3,6)(3,7)] | mounted=(3,7) table=(1,3,0)(2,5,0) U1=0 [] U2=0 [] corrupt=0 I-3.8_rows_not_below_mounted=[]
  M4 mode=recovery unreadable=[] selected=(3,7) after_replay=(3,7) W=0 acquired=4 rows_written=(1,3,0)(2,5,0)(3,7,0) first_txg=8 admission_short=false reach=Complete+Some(Complete) landed=[(4,8)(4,9)] | mounted=(4,9) table=(1,3,0)(2,5,0)(3,7,0) U1=0 [] U2=0 [] corrupt=0 I-3.8_rows_not_below_mounted=[]
C329_PREMISE5 rules=c329_yi
  M1 acquired=1 landed=(1,1)(1,2)(1,3) last=(1,3) in_flight=(1,4) units_only crash
  M2 mode=recovery unreadable=[] selected=(1,3) after_replay=(1,3) W=0 acquired=2 rows_written=(1,3,0) first_txg=4 admission_short=true reach=Complete+Some(UnitsOnly) landed=[(2,4)] | mounted=(2,4) table=(1,3,0) U1=0 [] U2=0 [] corrupt=0 I-3.8_rows_not_below_mounted=[]
  M3 mode=recovery unreadable=[] selected=(2,4) after_replay=(2,4) W=0 acquired=3 rows_written=(1,3,0)(2,4,0) first_txg=5 admission_short=false reach=Complete+Some(Complete) landed=[(3,5)(3,6)] | mounted=(3,6) table=(1,3,0)(2,4,0) U1=0 [] U2=0 [] corrupt=0 I-3.8_rows_not_below_mounted=[]
  M4 mode=recovery unreadable=[] selected=(3,6) after_replay=(3,6) W=0 acquired=4 rows_written=(1,3,0)(2,4,0)(3,6,0) first_txg=7 admission_short=false reach=Complete+Some(Complete) landed=[(4,7)(4,8)] | mounted=(4,8) table=(1,3,0)(2,4,0)(3,6,0) U1=0 [] U2=0 [] corrupt=0 I-3.8_rows_not_below_mounted=[]
C329_ROLLBACK rules=c329_yi
  M1 acquired=1 landed=(1,1)..(1,5) crash
  M2 mode=rollback unreadable=[] selected=(1,5) after_replay=(1,3) W=0 acquired=2 rows_written=(1,3,0,rollback) first_txg=6 admission_short=true reach=Complete+Some(UnitsOnly) landed=[(2,6)] | mounted=(2,6) table=(1,3,0,rollback) U1=0 [] U2=0 [] corrupt=0 I-3.8_rows_not_below_mounted=[]
  M3 mode=recovery unreadable=[] selected=(2,6) after_replay=(2,6) W=0 acquired=3 rows_written=(1,3,0,rollback)(2,6,0) first_txg=7 admission_short=false reach=Complete+Some(Complete) landed=[(3,7)(3,8)] | mounted=(3,8) table=(1,3,0,rollback)(2,6,0) U1=0 [] U2=0 [] corrupt=0 I-3.8_rows_not_below_mounted=[]
  M4 mode=recovery unreadable=[] selected=(3,8) after_replay=(3,8) W=0 acquired=4 rows_written=(1,3,0,rollback)(2,6,0)(3,8,0) first_txg=9 admission_short=false reach=Complete+Some(Complete) landed=[(4,9)(4,10)] | mounted=(4,10) table=(1,3,0,rollback)(2,6,0)(3,8,0) U1=0 [] U2=0 [] corrupt=0 I-3.8_rows_not_below_mounted=[]
C329_SWITCH rules=c329_yi kept_transactions=OnlyInMemory
  M2 mode=recovery unreadable=[] selected=(1,3) after_replay=(1,3) W=0 acquired=2 rows_written=(1,3,0) first_txg=4 admission_short=false reach=Complete+Some(Complete) landed=[(2,4)(2,5)] | mounted=(2,5) table=(1,3,0) U1=0 [] U2=0 [] corrupt=0 I-3.8_rows_not_below_mounted=[]
  M2' switch old=2 new=3 switch_row=(2,5,3) kept=[i2t6.failed.data2(i2,b6,n2,Data,start3),i2t6.failed.data3(i2,b6,n3,Data,start3)] first=fraise second=resend(units_only) crash | mounted=(3,6) table=(1,3,0)(2,5,3) U1=2 [i2t6.failed.data2(i2,b6,n2,Data,start3),i2t6.failed.data3(i2,b6,n3,Data,start3)] U2=0 [] corrupt=0 I-3.8_rows_not_below_mounted=[]
  M3 mode=recovery unreadable=[] selected=(3,6) after_replay=(3,6) W=0 acquired=4 rows_written=(1,3,0)(2,5,3)(3,6,0) first_txg=7 admission_short=false reach=Complete+Some(Complete) landed=[(4,7)(4,8)] | mounted=(4,8) table=(1,3,0)(2,5,3)(3,6,0) U1=2 [i2t6.failed.data2(i2,b6,n2,Data,start3),i2t6.failed.data3(i2,b6,n3,Data,start3)] U2=0 [] corrupt=0 I-3.8_rows_not_below_mounted=[]
  M4 mode=recovery unreadable=[] selected=(4,8) after_replay=(4,8) W=0 acquired=5 rows_written=(1,3,0)(2,5,3)(3,6,0)(4,8,0) first_txg=9 admission_short=false reach=Complete+Some(Complete) landed=[(5,9)(5,10)] | mounted=(5,10) table=(1,3,0)(2,5,3)(3,6,0)(4,8,0) U1=2 [i2t6.failed.data2(i2,b6,n2,Data,start3),i2t6.failed.data3(i2,b6,n3,Data,start3)] U2=0 [] corrupt=0 I-3.8_rows_not_below_mounted=[]
C329_SWITCH rules=c329_yi kept_transactions=InRebuildState
  M2 mode=recovery unreadable=[] selected=(1,3) after_replay=(1,3) W=0 acquired=2 rows_written=(1,3,0) first_txg=4 admission_short=false reach=Complete+Some(Complete) landed=[(2,4)(2,5)] | mounted=(2,5) table=(1,3,0) U1=0 [] U2=0 [] corrupt=0 I-3.8_rows_not_below_mounted=[]
  M2' switch old=2 new=3 switch_row=(2,5,3) kept=[i2t6.failed.data2(i2,b6,n2,Data,start3),i2t6.failed.data3(i2,b6,n3,Data,start3)] first=fraise second=resend(units_only) crash | mounted=(3,6) table=(1,3,0)(2,5,3) U1=0 [] U2=0 [] corrupt=0 I-3.8_rows_not_below_mounted=[]
  M3 mode=recovery unreadable=[] selected=(3,6) after_replay=(3,6) W=0 acquired=4 rows_written=(1,3,0)(2,5,3)(3,6,0) first_txg=7 admission_short=false reach=Complete+Some(Complete) landed=[(4,7)(4,8)] | mounted=(4,8) table=(1,3,0)(2,5,3)(3,6,0) U1=0 [] U2=0 [] corrupt=0 I-3.8_rows_not_below_mounted=[]
  M4 mode=recovery unreadable=[] selected=(4,8) after_replay=(4,8) W=0 acquired=5 rows_written=(1,3,0)(2,5,3)(3,6,0)(4,8,0) first_txg=9 admission_short=false reach=Complete+Some(Complete) landed=[(5,9)(5,10)] | mounted=(5,10) table=(1,3,0)(2,5,3)(3,6,0)(4,8,0) U1=0 [] U2=0 [] corrupt=0 I-3.8_rows_not_below_mounted=[]
C329_LOOKS_CLEAN rules=c329_yi skip_rows_when_looks_clean=true
  M2 mode=recovery unreadable=[] selected=(1,3) after_replay=(1,3) W=0 acquired=2 rows_written= first_txg=4 admission_short=false reach=Complete+Some(Complete) landed=[(2,4)(2,5)] | mounted=(2,5) table= U1=3 [i1t4.accounting(i1,b4,n0,Metadata,start0),i1t4.node0(i1,b4,n0,Metadata,start0),i1t4.data2(i1,b4,n2,Data,start0)] U2=0 [] corrupt=0 I-3.8_rows_not_below_mounted=[]
  M3 mode=recovery unreadable=[] selected=(2,5) after_replay=(2,5) W=0 acquired=3 rows_written= first_txg=6 admission_short=false reach=Complete+Some(Complete) landed=[(3,6)(3,7)] | mounted=(3,7) table= U1=3 [i1t4.accounting(i1,b4,n0,Metadata,start0),i1t4.node0(i1,b4,n0,Metadata,start0),i1t4.data2(i1,b4,n2,Data,start0)] U2=0 [] corrupt=0 I-3.8_rows_not_below_mounted=[]
  M4 mode=recovery unreadable=[] selected=(3,7) after_replay=(3,7) W=0 acquired=4 rows_written= first_txg=8 admission_short=false reach=Complete+Some(Complete) landed=[(4,8)(4,9)] | mounted=(4,9) table= U1=3 [i1t4.accounting(i1,b4,n0,Metadata,start0),i1t4.node0(i1,b4,n0,Metadata,start0),i1t4.data2(i1,b4,n2,Data,start0)] U2=0 [] corrupt=0 I-3.8_rows_not_below_mounted=[]
C329_LOOKS_CLEAN rules=c329_yi skip_rows_when_looks_clean=false
  M2 mode=recovery unreadable=[] selected=(1,3) after_replay=(1,3) W=0 acquired=2 rows_written=(1,3,0) first_txg=4 admission_short=false reach=Complete+Some(Complete) landed=[(2,4)(2,5)] | mounted=(2,5) table=(1,3,0) U1=0 [] U2=0 [] corrupt=0 I-3.8_rows_not_below_mounted=[]
  M3 mode=recovery unreadable=[] selected=(2,5) after_replay=(2,5) W=0 acquired=3 rows_written=(1,3,0)(2,5,0) first_txg=6 admission_short=false reach=Complete+Some(Complete) landed=[(3,6)(3,7)] | mounted=(3,7) table=(1,3,0)(2,5,0) U1=0 [] U2=0 [] corrupt=0 I-3.8_rows_not_below_mounted=[]
  M4 mode=recovery unreadable=[] selected=(3,7) after_replay=(3,7) W=0 acquired=4 rows_written=(1,3,0)(2,5,0)(3,7,0) first_txg=8 admission_short=false reach=Complete+Some(Complete) landed=[(4,8)(4,9)] | mounted=(4,9) table=(1,3,0)(2,5,0)(3,7,0) U1=0 [] U2=0 [] corrupt=0 I-3.8_rows_not_below_mounted=[]
C329_PREMISE5 rules=c329_bing
  M1 acquired=1 landed=(1,1)(1,2)(1,3) last=(1,3) in_flight=(1,4) units_only crash
  M2 mode=recovery unreadable=[] selected=(1,3) after_replay=(1,3) W=0 acquired=2 rows_written=(1,3,0) first_txg=4 admission_short=true reach=Complete+Some(UnitsOnly) landed=[(2,4)] | mounted=(2,4) table= U1=0 [] U2=2 [i1t3.node0(i1,b3,n0,Metadata,start0),i1t3.data1(i1,b3,n1,Data,start0)] corrupt=0 I-3.8_rows_not_below_mounted=[]
  M3 mode=recovery unreadable=[] selected=(2,4) after_replay=(2,4) W=0 acquired=3 rows_written=(2,4,0) first_txg=5 admission_short=false reach=Complete+Some(Complete) landed=[(3,5)(3,6)] | mounted=(3,6) table=(2,4,0) U1=0 [] U2=2 [i1t3.node0(i1,b3,n0,Metadata,start0),i1t3.data1(i1,b3,n1,Data,start0)] corrupt=0 I-3.8_rows_not_below_mounted=[]
  M4 mode=recovery unreadable=[] selected=(3,6) after_replay=(3,6) W=0 acquired=4 rows_written=(2,4,0)(3,6,0) first_txg=7 admission_short=false reach=Complete+Some(Complete) landed=[(4,7)(4,8)] | mounted=(4,8) table=(2,4,0)(3,6,0) U1=0 [] U2=2 [i1t3.node0(i1,b3,n0,Metadata,start0),i1t3.data1(i1,b3,n1,Data,start0)] corrupt=0 I-3.8_rows_not_below_mounted=[]
C329_ROLLBACK rules=c329_bing
  M1 acquired=1 landed=(1,1)..(1,5) crash
  M2 mode=rollback unreadable=[] selected=(1,5) after_replay=(1,3) W=0 acquired=2 rows_written=(1,3,0,rollback) first_txg=6 admission_short=true reach=Complete+Some(UnitsOnly) landed=[(2,6)] | mounted=(2,6) table= U1=0 [] U2=2 [i1t3.node0(i1,b3,n0,Metadata,start0),i1t3.data1(i1,b3,n1,Data,start0)] corrupt=0 I-3.8_rows_not_below_mounted=[]
  M3 mode=recovery unreadable=[] selected=(2,6) after_replay=(2,6) W=0 acquired=3 rows_written=(2,6,0) first_txg=7 admission_short=false reach=Complete+Some(Complete) landed=[(3,7)(3,8)] | mounted=(3,8) table=(2,6,0) U1=0 [] U2=2 [i1t3.node0(i1,b3,n0,Metadata,start0),i1t3.data1(i1,b3,n1,Data,start0)] corrupt=0 I-3.8_rows_not_below_mounted=[]
  M4 mode=recovery unreadable=[] selected=(3,8) after_replay=(3,8) W=0 acquired=4 rows_written=(2,6,0)(3,8,0) first_txg=9 admission_short=false reach=Complete+Some(Complete) landed=[(4,9)(4,10)] | mounted=(4,10) table=(2,6,0)(3,8,0) U1=0 [] U2=2 [i1t3.node0(i1,b3,n0,Metadata,start0),i1t3.data1(i1,b3,n1,Data,start0)] corrupt=0 I-3.8_rows_not_below_mounted=[]
C329_SWITCH rules=c329_bing kept_transactions=OnlyInMemory
  M2 mode=recovery unreadable=[] selected=(1,3) after_replay=(1,3) W=0 acquired=2 rows_written=(1,3,0) first_txg=4 admission_short=false reach=Complete+Some(Complete) landed=[(2,4)(2,5)] | mounted=(2,5) table=(1,3,0) U1=0 [] U2=0 [] corrupt=0 I-3.8_rows_not_below_mounted=[]
  M2' switch old=2 new=3 switch_row=(2,5,3) kept=[i2t6.failed.data2(i2,b6,n2,Data,start3),i2t6.failed.data3(i2,b6,n3,Data,start3)] first=fraise second=resend(units_only) crash | mounted=(3,6) table=(1,3,0) U1=0 [] U2=1 [i2t4.data1(i2,b4,n1,Data,start3)] corrupt=0 I-3.8_rows_not_below_mounted=[]
  M3 mode=recovery unreadable=[] selected=(3,6) after_replay=(3,6) W=0 acquired=4 rows_written=(1,3,0)(3,6,0) first_txg=7 admission_short=false reach=Complete+Some(Complete) landed=[(4,7)(4,8)] | mounted=(4,8) table=(1,3,0)(3,6,0) U1=0 [] U2=1 [i2t4.data1(i2,b4,n1,Data,start3)] corrupt=0 I-3.8_rows_not_below_mounted=[]
  M4 mode=recovery unreadable=[] selected=(4,8) after_replay=(4,8) W=0 acquired=5 rows_written=(1,3,0)(3,6,0)(4,8,0) first_txg=9 admission_short=false reach=Complete+Some(Complete) landed=[(5,9)(5,10)] | mounted=(5,10) table=(1,3,0)(3,6,0)(4,8,0) U1=0 [] U2=1 [i2t4.data1(i2,b4,n1,Data,start3)] corrupt=0 I-3.8_rows_not_below_mounted=[]
C329_SWITCH rules=c329_bing kept_transactions=InRebuildState
  M2 mode=recovery unreadable=[] selected=(1,3) after_replay=(1,3) W=0 acquired=2 rows_written=(1,3,0) first_txg=4 admission_short=false reach=Complete+Some(Complete) landed=[(2,4)(2,5)] | mounted=(2,5) table=(1,3,0) U1=0 [] U2=0 [] corrupt=0 I-3.8_rows_not_below_mounted=[]
  M2' switch old=2 new=3 switch_row=(2,5,3) kept=[i2t6.failed.data2(i2,b6,n2,Data,start3),i2t6.failed.data3(i2,b6,n3,Data,start3)] first=fraise second=resend(units_only) crash | mounted=(3,6) table=(1,3,0) U1=0 [] U2=3 [i2t4.data1(i2,b4,n1,Data,start3),i2t6.failed.data2(i2,b6,n2,Data,start3),i2t6.failed.data3(i2,b6,n3,Data,start3)] corrupt=0 I-3.8_rows_not_below_mounted=[]
  M3 mode=recovery unreadable=[] selected=(3,6) after_replay=(3,6) W=0 acquired=4 rows_written=(1,3,0)(3,6,0) first_txg=7 admission_short=false reach=Complete+Some(Complete) landed=[(4,7)(4,8)] | mounted=(4,8) table=(1,3,0)(3,6,0) U1=0 [] U2=3 [i2t4.data1(i2,b4,n1,Data,start3),i2t6.failed.data2(i2,b6,n2,Data,start3),i2t6.failed.data3(i2,b6,n3,Data,start3)] corrupt=0 I-3.8_rows_not_below_mounted=[]
  M4 mode=recovery unreadable=[] selected=(4,8) after_replay=(4,8) W=0 acquired=5 rows_written=(1,3,0)(3,6,0)(4,8,0) first_txg=9 admission_short=false reach=Complete+Some(Complete) landed=[(5,9)(5,10)] | mounted=(5,10) table=(1,3,0)(3,6,0)(4,8,0) U1=0 [] U2=3 [i2t4.data1(i2,b4,n1,Data,start3),i2t6.failed.data2(i2,b6,n2,Data,start3),i2t6.failed.data3(i2,b6,n3,Data,start3)] corrupt=0 I-3.8_rows_not_below_mounted=[]
C329_LOOKS_CLEAN rules=c329_bing skip_rows_when_looks_clean=true
  M2 mode=recovery unreadable=[] selected=(1,3) after_replay=(1,3) W=0 acquired=2 rows_written= first_txg=4 admission_short=false reach=Complete+Some(Complete) landed=[(2,4)(2,5)] | mounted=(2,5) table= U1=0 [] U2=2 [i1t3.node0(i1,b3,n0,Metadata,start0),i1t3.data1(i1,b3,n1,Data,start0)] corrupt=0 I-3.8_rows_not_below_mounted=[]
  M3 mode=recovery unreadable=[] selected=(2,5) after_replay=(2,5) W=0 acquired=3 rows_written= first_txg=6 admission_short=false reach=Complete+Some(Complete) landed=[(3,6)(3,7)] | mounted=(3,7) table= U1=0 [] U2=3 [i1t3.node0(i1,b3,n0,Metadata,start0),i1t3.data1(i1,b3,n1,Data,start0),i2t4.data1(i2,b4,n1,Data,start3)] corrupt=0 I-3.8_rows_not_below_mounted=[]
  M4 mode=recovery unreadable=[] selected=(3,7) after_replay=(3,7) W=0 acquired=4 rows_written= first_txg=8 admission_short=false reach=Complete+Some(Complete) landed=[(4,8)(4,9)] | mounted=(4,9) table= U1=0 [] U2=4 [i1t3.node0(i1,b3,n0,Metadata,start0),i1t3.data1(i1,b3,n1,Data,start0),i2t4.data1(i2,b4,n1,Data,start3),i3t6.data1(i3,b6,n1,Data,start5)] corrupt=0 I-3.8_rows_not_below_mounted=[]
C329_LOOKS_CLEAN rules=c329_bing skip_rows_when_looks_clean=false
  M2 mode=recovery unreadable=[] selected=(1,3) after_replay=(1,3) W=0 acquired=2 rows_written=(1,3,0) first_txg=4 admission_short=false reach=Complete+Some(Complete) landed=[(2,4)(2,5)] | mounted=(2,5) table=(1,3,0) U1=0 [] U2=0 [] corrupt=0 I-3.8_rows_not_below_mounted=[]
  M3 mode=recovery unreadable=[] selected=(2,5) after_replay=(2,5) W=0 acquired=3 rows_written=(1,3,0)(2,5,0) first_txg=6 admission_short=false reach=Complete+Some(Complete) landed=[(3,6)(3,7)] | mounted=(3,7) table=(1,3,0)(2,5,0) U1=0 [] U2=0 [] corrupt=0 I-3.8_rows_not_below_mounted=[]
  M4 mode=recovery unreadable=[] selected=(3,7) after_replay=(3,7) W=0 acquired=4 rows_written=(1,3,0)(2,5,0)(3,7,0) first_txg=8 admission_short=false reach=Complete+Some(Complete) landed=[(4,8)(4,9)] | mounted=(4,9) table=(1,3,0)(2,5,0)(3,7,0) U1=0 [] U2=0 [] corrupt=0 I-3.8_rows_not_below_mounted=[]
C329_BING_CLEAN_END_ROW rules=c329_bing mounted=(1,4) table=(1,4,1) U1=0 [] U2=0 [] corrupt=0 I-3.8_rows_not_below_mounted=[1]
C330_PREMISE6 rules=today m2_first_reach=RootNoSuperblock rollback_at_m2=false
  M2 mode=recovery unreadable=[] selected=(1,3) after_replay=(1,3) W=0 acquired=2 rows_written=(1,3,0) first_txg=4 admission_short=false reach=RootNoSuperblock+Some(UnitsOnly) landed=[(2,4)] | mounted=(2,4) table=(1,3,0) U1=0 [] U2=0 [] corrupt=0 I-3.8_rows_not_below_mounted=[]
  M3 mode=recovery unreadable=[(2, 4)] selected=(1,3) after_replay=(1,3) W=0 acquired=3 rows_written=(1,3,0)(2,3,0) first_txg=4 admission_short=false reach=UnitsOnly+None landed=[] | mounted=none(这次挂载一个根都没落，新行不生效)
  M4 mode=recovery unreadable=[] selected=(2,4) after_replay=(2,4) W=0 acquired=4 rows_written=(1,3,0)(2,4,0)(3,4,0) first_txg=5 admission_short=false reach=Complete+Some(Complete) landed=[(4,5)(4,6)] | mounted=(4,6) table=(1,3,0)(2,4,0)(3,4,0) U1=3 [i3t4.accounting(i3,b4,n0,Metadata,start3),i3t4.node0(i3,b4,n0,Metadata,start3),i3t4.data1(i3,b4,n1,Data,start3)] U2=0 [] corrupt=0 I-3.8_rows_not_below_mounted=[]
    INPUTS i2t4.accounting code=Metadata b=4 start=3 n=0 row(T_pub,W)=Some((4, 0)) | verdict=Published referenced=false on_timeline=true
    INPUTS i2t4.node0 code=Metadata b=4 start=3 n=0 row(T_pub,W)=Some((4, 0)) | verdict=Published referenced=true on_timeline=true
    INPUTS i2t4.data1 code=Data b=4 start=3 n=1 row(T_pub,W)=Some((4, 0)) | verdict=Published referenced=true on_timeline=true
    INPUTS i3t4.accounting code=Metadata b=4 start=3 n=0 row(T_pub,W)=Some((4, 0)) | verdict=Published referenced=false on_timeline=false
    INPUTS i3t4.node0 code=Metadata b=4 start=3 n=0 row(T_pub,W)=Some((4, 0)) | verdict=Published referenced=false on_timeline=false
    INPUTS i3t4.data1 code=Data b=4 start=3 n=1 row(T_pub,W)=Some((4, 0)) | verdict=Published referenced=false on_timeline=false
  M5 mode=recovery unreadable=[] selected=(4,6) after_replay=(4,6) W=0 acquired=5 rows_written=(1,3,0)(2,4,0)(3,4,0)(4,6,0) first_txg=7 admission_short=false reach=Complete+Some(Complete) landed=[(5,7)(5,8)] | mounted=(5,8) table=(1,3,0)(2,4,0)(3,4,0)(4,6,0) U1=3 [i3t4.accounting(i3,b4,n0,Metadata,start3),i3t4.node0(i3,b4,n0,Metadata,start3),i3t4.data1(i3,b4,n1,Data,start3)] U2=0 [] corrupt=0 I-3.8_rows_not_below_mounted=[]
C330_PREMISE6 rules=today m2_first_reach=Complete rollback_at_m2=false
  M2 mode=recovery unreadable=[] selected=(1,3) after_replay=(1,3) W=0 acquired=2 rows_written=(1,3,0) first_txg=4 admission_short=false reach=Complete+Some(UnitsOnly) landed=[(2,4)] | mounted=(2,4) table=(1,3,0) U1=0 [] U2=0 [] corrupt=0 I-3.8_rows_not_below_mounted=[]
  M3 mode=recovery unreadable=[(2, 4)] selected=(1,3) after_replay=(1,3) W=0 acquired=3 rows_written=(1,3,0)(2,3,0) first_txg=4 admission_short=false reach=UnitsOnly+None landed=[] | mounted=none(这次挂载一个根都没落，新行不生效)
  M4 mode=recovery unreadable=[] selected=(2,4) after_replay=(2,4) W=0 acquired=4 rows_written=(1,3,0)(2,4,0)(3,4,0) first_txg=5 admission_short=false reach=Complete+Some(Complete) landed=[(4,5)(4,6)] | mounted=(4,6) table=(1,3,0)(2,4,0)(3,4,0) U1=3 [i3t4.accounting(i3,b4,n0,Metadata,start3),i3t4.node0(i3,b4,n0,Metadata,start3),i3t4.data1(i3,b4,n1,Data,start3)] U2=0 [] corrupt=0 I-3.8_rows_not_below_mounted=[]
    INPUTS i2t4.accounting code=Metadata b=4 start=3 n=0 row(T_pub,W)=Some((4, 0)) | verdict=Published referenced=false on_timeline=true
    INPUTS i2t4.node0 code=Metadata b=4 start=3 n=0 row(T_pub,W)=Some((4, 0)) | verdict=Published referenced=true on_timeline=true
    INPUTS i2t4.data1 code=Data b=4 start=3 n=1 row(T_pub,W)=Some((4, 0)) | verdict=Published referenced=true on_timeline=true
    INPUTS i2t5.accounting code=Metadata b=5 start=3 n=0 row(T_pub,W)=Some((4, 0)) | verdict=Unpublished referenced=false on_timeline=false
    INPUTS i3t4.accounting code=Metadata b=4 start=3 n=0 row(T_pub,W)=Some((4, 0)) | verdict=Published referenced=false on_timeline=false
    INPUTS i3t4.node0 code=Metadata b=4 start=3 n=0 row(T_pub,W)=Some((4, 0)) | verdict=Published referenced=false on_timeline=false
    INPUTS i3t4.data1 code=Data b=4 start=3 n=1 row(T_pub,W)=Some((4, 0)) | verdict=Published referenced=false on_timeline=false
  M5 mode=recovery unreadable=[] selected=(4,6) after_replay=(4,6) W=0 acquired=5 rows_written=(1,3,0)(2,4,0)(3,4,0)(4,6,0) first_txg=7 admission_short=false reach=Complete+Some(Complete) landed=[(5,7)(5,8)] | mounted=(5,8) table=(1,3,0)(2,4,0)(3,4,0)(4,6,0) U1=3 [i3t4.accounting(i3,b4,n0,Metadata,start3),i3t4.node0(i3,b4,n0,Metadata,start3),i3t4.data1(i3,b4,n1,Data,start3)] U2=0 [] corrupt=0 I-3.8_rows_not_below_mounted=[]
C330_PREMISE6 rules=today m2_first_reach=Complete rollback_at_m2=true
  M2 mode=rollback unreadable=[] selected=(1,3) after_replay=(1,1) W=0 acquired=2 rows_written=(1,1,0,rollback) first_txg=4 admission_short=false reach=Complete+Some(UnitsOnly) landed=[(2,4)] | mounted=(2,4) table=(1,1,0,rollback) U1=0 [] U2=0 [] corrupt=0 I-3.8_rows_not_below_mounted=[]
  M3 mode=recovery unreadable=[(2, 4)] selected=(1,3) after_replay=(1,3) W=0 acquired=3 rows_written=(1,3,0)(2,3,0) first_txg=4 admission_short=false reach=UnitsOnly+None landed=[] | mounted=none(这次挂载一个根都没落，新行不生效)
  M4 mode=recovery unreadable=[] selected=(2,4) after_replay=(2,4) W=0 acquired=4 rows_written=(1,1,0,rollback)(2,4,0)(3,4,0) first_txg=5 admission_short=false reach=Complete+Some(Complete) landed=[(4,5)(4,6)] | mounted=(4,6) table=(1,1,0,rollback)(2,4,0)(3,4,0) U1=3 [i3t4.accounting(i3,b4,n0,Metadata,start3),i3t4.node0(i3,b4,n0,Metadata,start3),i3t4.data1(i3,b4,n1,Data,start3)] U2=0 [] corrupt=0 I-3.8_rows_not_below_mounted=[]
    INPUTS i2t4.accounting code=Metadata b=4 start=1 n=0 row(T_pub,W)=Some((4, 0)) | verdict=Published referenced=false on_timeline=true
    INPUTS i2t4.node0 code=Metadata b=4 start=1 n=0 row(T_pub,W)=Some((4, 0)) | verdict=Published referenced=true on_timeline=true
    INPUTS i2t4.data1 code=Data b=4 start=1 n=1 row(T_pub,W)=Some((4, 0)) | verdict=Published referenced=true on_timeline=true
    INPUTS i2t5.accounting code=Metadata b=5 start=1 n=0 row(T_pub,W)=Some((4, 0)) | verdict=Unpublished referenced=false on_timeline=false
    INPUTS i3t4.accounting code=Metadata b=4 start=3 n=0 row(T_pub,W)=Some((4, 0)) | verdict=Published referenced=false on_timeline=false
    INPUTS i3t4.node0 code=Metadata b=4 start=3 n=0 row(T_pub,W)=Some((4, 0)) | verdict=Published referenced=false on_timeline=false
    INPUTS i3t4.data1 code=Data b=4 start=3 n=1 row(T_pub,W)=Some((4, 0)) | verdict=Published referenced=false on_timeline=false
  M5 mode=recovery unreadable=[] selected=(4,6) after_replay=(4,6) W=0 acquired=5 rows_written=(1,1,0,rollback)(2,4,0)(3,4,0)(4,6,0) first_txg=7 admission_short=false reach=Complete+Some(Complete) landed=[(5,7)(5,8)] | mounted=(5,8) table=(1,1,0,rollback)(2,4,0)(3,4,0)(4,6,0) U1=3 [i3t4.accounting(i3,b4,n0,Metadata,start3),i3t4.node0(i3,b4,n0,Metadata,start3),i3t4.data1(i3,b4,n1,Data,start3)] U2=0 [] corrupt=0 I-3.8_rows_not_below_mounted=[]
C330_CONSECUTIVE_SWITCH rules=today reading=LiteralOldInstance
  M2 mode=recovery unreadable=[] selected=(1,3) after_replay=(1,3) W=0 acquired=2 rows_written=(1,3,0) first_txg=4 admission_short=false reach=Complete+Some(Complete) landed=[(2,4)(2,5)] | mounted=(2,5) table=(1,3,0) U1=0 [] U2=0 [] corrupt=0 I-3.8_rows_not_below_mounted=[]
  M2'' switch 2->3->4 kept=[i2t6.publishing.data2(i2,b6,n2,Data,start3),i2t6.publishing.data3(i2,b6,n3,Data,start3)] rows_written_by_second_switch=(1,3,0)(2,5,0)(3,5,3) | mounted=(4,7) table=(1,3,0)(2,5,0)(3,5,3) U1=1 [i3t7.redo.data1(i3,b7,n1,Data,start5)] U2=2 [i2t6.publishing.data2(i2,b6,n2,Data,start3),i2t6.publishing.data3(i2,b6,n3,Data,start3)] corrupt=0 I-3.8_rows_not_below_mounted=[]
  M3 mode=recovery unreadable=[] selected=(4,7) after_replay=(4,7) W=0 acquired=5 rows_written=(1,3,0)(2,5,0)(3,5,3)(4,7,0) first_txg=8 admission_short=false reach=Complete+Some(Complete) landed=[(5,8)(5,9)] | mounted=(5,9) table=(1,3,0)(2,5,0)(3,5,3)(4,7,0) U1=1 [i3t7.redo.data1(i3,b7,n1,Data,start5)] U2=2 [i2t6.publishing.data2(i2,b6,n2,Data,start3),i2t6.publishing.data3(i2,b6,n3,Data,start3)] corrupt=0 I-3.8_rows_not_below_mounted=[]
  M4 mode=recovery unreadable=[] selected=(5,9) after_replay=(5,9) W=0 acquired=6 rows_written=(1,3,0)(2,5,0)(3,5,3)(4,7,0)(5,9,0) first_txg=10 admission_short=false reach=Complete+Some(Complete) landed=[(6,10)(6,11)] | mounted=(6,11) table=(1,3,0)(2,5,0)(3,5,3)(4,7,0)(5,9,0) U1=1 [i3t7.redo.data1(i3,b7,n1,Data,start5)] U2=2 [i2t6.publishing.data2(i2,b6,n2,Data,start3),i2t6.publishing.data3(i2,b6,n3,Data,start3)] corrupt=0 I-3.8_rows_not_below_mounted=[]
C330_CONSECUTIVE_SWITCH rules=today reading=OwnerOfKeptTransactions
  M2 mode=recovery unreadable=[] selected=(1,3) after_replay=(1,3) W=0 acquired=2 rows_written=(1,3,0) first_txg=4 admission_short=false reach=Complete+Some(Complete) landed=[(2,4)(2,5)] | mounted=(2,5) table=(1,3,0) U1=0 [] U2=0 [] corrupt=0 I-3.8_rows_not_below_mounted=[]
  M2'' switch 2->3->4 kept=[i2t6.publishing.data2(i2,b6,n2,Data,start3),i2t6.publishing.data3(i2,b6,n3,Data,start3)] rows_written_by_second_switch=(1,3,0)(2,5,3)(3,5,0) | mounted=(4,7) table=(1,3,0)(2,5,3)(3,5,0) U1=0 [] U2=0 [] corrupt=0 I-3.8_rows_not_below_mounted=[]
  M3 mode=recovery unreadable=[] selected=(4,7) after_replay=(4,7) W=0 acquired=5 rows_written=(1,3,0)(2,5,3)(3,5,0)(4,7,0) first_txg=8 admission_short=false reach=Complete+Some(Complete) landed=[(5,8)(5,9)] | mounted=(5,9) table=(1,3,0)(2,5,3)(3,5,0)(4,7,0) U1=0 [] U2=0 [] corrupt=0 I-3.8_rows_not_below_mounted=[]
  M4 mode=recovery unreadable=[] selected=(5,9) after_replay=(5,9) W=0 acquired=6 rows_written=(1,3,0)(2,5,3)(3,5,0)(4,7,0)(5,9,0) first_txg=10 admission_short=false reach=Complete+Some(Complete) landed=[(6,10)(6,11)] | mounted=(6,11) table=(1,3,0)(2,5,3)(3,5,0)(4,7,0)(5,9,0) U1=0 [] U2=0 [] corrupt=0 I-3.8_rows_not_below_mounted=[]
REPLAYED_METADATA rules=today handling=AdoptedAsIs
  M1 acquired=1 landed=(1,1)(1,2)(1,3) in_flight=(1,4) data2+nodes3 record_landed root_not crash
  M2 selected=(1,3) after_replay=(1,4) W=3 acquired=2 rows_written=(1,3,3) replayed_nodes=[i1t4.node0(i1,b4,n0,Metadata,start0),i1t4.node1(i1,b4,n0,Metadata,start0),i1t4.node2(i1,b4,n0,Metadata,start0)] row_publication_new_units=accounting1+rewritten0 | mounted=(2,6) table=(1,3,3) U1=0 [] U2=3 [i1t4.node0(i1,b4,n0,Metadata,start0),i1t4.node1(i1,b4,n0,Metadata,start0),i1t4.node2(i1,b4,n0,Metadata,start0)] corrupt=0 I-3.8_rows_not_below_mounted=[]
  M3 mode=recovery unreadable=[] selected=(2,6) after_replay=(2,6) W=0 acquired=3 rows_written=(1,3,3)(2,6,0) first_txg=7 admission_short=false reach=Complete+Some(Complete) landed=[(3,7)(3,8)] | mounted=(3,8) table=(1,3,3)(2,6,0) U1=0 [] U2=3 [i1t4.node0(i1,b4,n0,Metadata,start0),i1t4.node1(i1,b4,n0,Metadata,start0),i1t4.node2(i1,b4,n0,Metadata,start0)] corrupt=0 I-3.8_rows_not_below_mounted=[]
  M4 mode=recovery unreadable=[] selected=(3,8) after_replay=(3,8) W=0 acquired=4 rows_written=(1,3,3)(2,6,0)(3,8,0) first_txg=9 admission_short=false reach=Complete+Some(Complete) landed=[(4,9)(4,10)] | mounted=(4,10) table=(1,3,3)(2,6,0)(3,8,0) U1=0 [] U2=3 [i1t4.node0(i1,b4,n0,Metadata,start0),i1t4.node1(i1,b4,n0,Metadata,start0),i1t4.node2(i1,b4,n0,Metadata,start0)] corrupt=0 I-3.8_rows_not_below_mounted=[]
REPLAYED_METADATA rules=today handling=RewrittenByRecovery
  M1 acquired=1 landed=(1,1)(1,2)(1,3) in_flight=(1,4) data2+nodes3 record_landed root_not crash
  M2 selected=(1,3) after_replay=(1,4) W=3 acquired=2 rows_written=(1,3,3) replayed_nodes=[i1t4.node0(i1,b4,n0,Metadata,start0),i1t4.node1(i1,b4,n0,Metadata,start0),i1t4.node2(i1,b4,n0,Metadata,start0)] row_publication_new_units=accounting1+rewritten3 | mounted=(2,6) table=(1,3,3) U1=0 [] U2=0 [] corrupt=0 I-3.8_rows_not_below_mounted=[]
  M3 mode=recovery unreadable=[] selected=(2,6) after_replay=(2,6) W=0 acquired=3 rows_written=(1,3,3)(2,6,0) first_txg=7 admission_short=false reach=Complete+Some(Complete) landed=[(3,7)(3,8)] | mounted=(3,8) table=(1,3,3)(2,6,0) U1=0 [] U2=0 [] corrupt=0 I-3.8_rows_not_below_mounted=[]
  M4 mode=recovery unreadable=[] selected=(3,8) after_replay=(3,8) W=0 acquired=4 rows_written=(1,3,3)(2,6,0)(3,8,0) first_txg=9 admission_short=false reach=Complete+Some(Complete) landed=[(4,9)(4,10)] | mounted=(4,10) table=(1,3,3)(2,6,0)(3,8,0) U1=0 [] U2=0 [] corrupt=0 I-3.8_rows_not_below_mounted=[]
REPLAYED_METADATA rules=today handling=RowTxgAfterReplay
  M1 acquired=1 landed=(1,1)(1,2)(1,3) in_flight=(1,4) data2+nodes3 record_landed root_not crash
  M2 selected=(1,3) after_replay=(1,4) W=3 acquired=2 rows_written=(1,4,3) replayed_nodes=[i1t4.node0(i1,b4,n0,Metadata,start0),i1t4.node1(i1,b4,n0,Metadata,start0),i1t4.node2(i1,b4,n0,Metadata,start0)] row_publication_new_units=accounting1+rewritten0 | mounted=(2,6) table=(1,4,3) U1=0 [] U2=0 [] corrupt=0 I-3.8_rows_not_below_mounted=[]
  M3 mode=recovery unreadable=[] selected=(2,6) after_replay=(2,6) W=0 acquired=3 rows_written=(1,4,3)(2,6,0) first_txg=7 admission_short=false reach=Complete+Some(Complete) landed=[(3,7)(3,8)] | mounted=(3,8) table=(1,4,3)(2,6,0) U1=0 [] U2=0 [] corrupt=0 I-3.8_rows_not_below_mounted=[]
  M4 mode=recovery unreadable=[] selected=(3,8) after_replay=(3,8) W=0 acquired=4 rows_written=(1,4,3)(2,6,0)(3,8,0) first_txg=9 admission_short=false reach=Complete+Some(Complete) landed=[(4,9)(4,10)] | mounted=(4,10) table=(1,4,3)(2,6,0)(3,8,0) U1=0 [] U2=0 [] corrupt=0 I-3.8_rows_not_below_mounted=[]
C330_PREMISE6 rules=c330_jia m2_first_reach=RootNoSuperblock rollback_at_m2=false
  M2 mode=recovery unreadable=[] selected=(1,3) after_replay=(1,3) W=0 acquired=2 rows_written=(1,3,0) first_txg=4 admission_short=false reach=RootNoSuperblock+Some(UnitsOnly) landed=[(2,4)] | mounted=(2,4) table=(1,3,0) U1=0 [] U2=0 [] corrupt=0 I-3.8_rows_not_below_mounted=[]
  M3 mode=recovery unreadable=[(2, 4)] selected=(1,3) after_replay=(1,3) W=0 acquired=3 rows_written=(1,3,0)(2,0,0) first_txg=4 admission_short=false reach=UnitsOnly+None landed=[] | mounted=none(这次挂载一个根都没落，新行不生效)
  M4 mode=recovery unreadable=[] selected=(2,4) after_replay=(2,4) W=0 acquired=4 rows_written=(1,3,0)(2,4,0)(3,0,0) first_txg=5 admission_short=false reach=Complete+Some(Complete) landed=[(4,5)(4,6)] | mounted=(4,6) table=(1,3,0)(2,4,0)(3,0,0) U1=0 [] U2=0 [] corrupt=0 I-3.8_rows_not_below_mounted=[]
    INPUTS i2t4.accounting code=Metadata b=4 start=3 n=0 row(T_pub,W)=Some((4, 0)) | verdict=Published referenced=false on_timeline=true
    INPUTS i2t4.node0 code=Metadata b=4 start=3 n=0 row(T_pub,W)=Some((4, 0)) | verdict=Published referenced=true on_timeline=true
    INPUTS i2t4.data1 code=Data b=4 start=3 n=1 row(T_pub,W)=Some((4, 0)) | verdict=Published referenced=true on_timeline=true
    INPUTS i3t4.accounting code=Metadata b=4 start=3 n=0 row(T_pub,W)=Some((0, 0)) | verdict=Unpublished referenced=false on_timeline=false
    INPUTS i3t4.node0 code=Metadata b=4 start=3 n=0 row(T_pub,W)=Some((0, 0)) | verdict=Unpublished referenced=false on_timeline=false
    INPUTS i3t4.data1 code=Data b=4 start=3 n=1 row(T_pub,W)=Some((0, 0)) | verdict=Unpublished referenced=false on_timeline=false
  M5 mode=recovery unreadable=[] selected=(4,6) after_replay=(4,6) W=0 acquired=5 rows_written=(1,3,0)(2,4,0)(3,0,0)(4,6,0) first_txg=7 admission_short=false reach=Complete+Some(Complete) landed=[(5,7)(5,8)] | mounted=(5,8) table=(1,3,0)(2,4,0)(3,0,0)(4,6,0) U1=0 [] U2=0 [] corrupt=0 I-3.8_rows_not_below_mounted=[]
C330_PREMISE6 rules=c330_jia m2_first_reach=Complete rollback_at_m2=false
  M2 mode=recovery unreadable=[] selected=(1,3) after_replay=(1,3) W=0 acquired=2 rows_written=(1,3,0) first_txg=4 admission_short=false reach=Complete+Some(UnitsOnly) landed=[(2,4)] | mounted=(2,4) table=(1,3,0) U1=0 [] U2=0 [] corrupt=0 I-3.8_rows_not_below_mounted=[]
  M3 mode=recovery unreadable=[(2, 4)] selected=(1,3) after_replay=(1,3) W=0 acquired=3 rows_written=(1,3,0)(2,0,0) first_txg=4 admission_short=false reach=UnitsOnly+None landed=[] | mounted=none(这次挂载一个根都没落，新行不生效)
  M4 mode=recovery unreadable=[] selected=(2,4) after_replay=(2,4) W=0 acquired=4 rows_written=(1,3,0)(2,4,0)(3,0,0) first_txg=5 admission_short=false reach=Complete+Some(Complete) landed=[(4,5)(4,6)] | mounted=(4,6) table=(1,3,0)(2,4,0)(3,0,0) U1=0 [] U2=0 [] corrupt=0 I-3.8_rows_not_below_mounted=[]
    INPUTS i2t4.accounting code=Metadata b=4 start=3 n=0 row(T_pub,W)=Some((4, 0)) | verdict=Published referenced=false on_timeline=true
    INPUTS i2t4.node0 code=Metadata b=4 start=3 n=0 row(T_pub,W)=Some((4, 0)) | verdict=Published referenced=true on_timeline=true
    INPUTS i2t4.data1 code=Data b=4 start=3 n=1 row(T_pub,W)=Some((4, 0)) | verdict=Published referenced=true on_timeline=true
    INPUTS i2t5.accounting code=Metadata b=5 start=3 n=0 row(T_pub,W)=Some((4, 0)) | verdict=Unpublished referenced=false on_timeline=false
    INPUTS i3t4.accounting code=Metadata b=4 start=3 n=0 row(T_pub,W)=Some((0, 0)) | verdict=Unpublished referenced=false on_timeline=false
    INPUTS i3t4.node0 code=Metadata b=4 start=3 n=0 row(T_pub,W)=Some((0, 0)) | verdict=Unpublished referenced=false on_timeline=false
    INPUTS i3t4.data1 code=Data b=4 start=3 n=1 row(T_pub,W)=Some((0, 0)) | verdict=Unpublished referenced=false on_timeline=false
  M5 mode=recovery unreadable=[] selected=(4,6) after_replay=(4,6) W=0 acquired=5 rows_written=(1,3,0)(2,4,0)(3,0,0)(4,6,0) first_txg=7 admission_short=false reach=Complete+Some(Complete) landed=[(5,7)(5,8)] | mounted=(5,8) table=(1,3,0)(2,4,0)(3,0,0)(4,6,0) U1=0 [] U2=0 [] corrupt=0 I-3.8_rows_not_below_mounted=[]
C330_PREMISE6 rules=c330_jia m2_first_reach=Complete rollback_at_m2=true
  M2 mode=rollback unreadable=[] selected=(1,3) after_replay=(1,1) W=0 acquired=2 rows_written=(1,1,0,rollback) first_txg=4 admission_short=false reach=Complete+Some(UnitsOnly) landed=[(2,4)] | mounted=(2,4) table=(1,1,0,rollback) U1=0 [] U2=0 [] corrupt=0 I-3.8_rows_not_below_mounted=[]
  M3 mode=recovery unreadable=[(2, 4)] selected=(1,3) after_replay=(1,3) W=0 acquired=3 rows_written=(1,3,0)(2,0,0) first_txg=4 admission_short=false reach=UnitsOnly+None landed=[] | mounted=none(这次挂载一个根都没落，新行不生效)
  M4 mode=recovery unreadable=[] selected=(2,4) after_replay=(2,4) W=0 acquired=4 rows_written=(1,1,0,rollback)(2,4,0)(3,0,0) first_txg=5 admission_short=false reach=Complete+Some(Complete) landed=[(4,5)(4,6)] | mounted=(4,6) table=(1,1,0,rollback)(2,4,0)(3,0,0) U1=0 [] U2=0 [] corrupt=0 I-3.8_rows_not_below_mounted=[]
    INPUTS i2t4.accounting code=Metadata b=4 start=1 n=0 row(T_pub,W)=Some((4, 0)) | verdict=Published referenced=false on_timeline=true
    INPUTS i2t4.node0 code=Metadata b=4 start=1 n=0 row(T_pub,W)=Some((4, 0)) | verdict=Published referenced=true on_timeline=true
    INPUTS i2t4.data1 code=Data b=4 start=1 n=1 row(T_pub,W)=Some((4, 0)) | verdict=Published referenced=true on_timeline=true
    INPUTS i2t5.accounting code=Metadata b=5 start=1 n=0 row(T_pub,W)=Some((4, 0)) | verdict=Unpublished referenced=false on_timeline=false
    INPUTS i3t4.accounting code=Metadata b=4 start=3 n=0 row(T_pub,W)=Some((0, 0)) | verdict=Unpublished referenced=false on_timeline=false
    INPUTS i3t4.node0 code=Metadata b=4 start=3 n=0 row(T_pub,W)=Some((0, 0)) | verdict=Unpublished referenced=false on_timeline=false
    INPUTS i3t4.data1 code=Data b=4 start=3 n=1 row(T_pub,W)=Some((0, 0)) | verdict=Unpublished referenced=false on_timeline=false
  M5 mode=recovery unreadable=[] selected=(4,6) after_replay=(4,6) W=0 acquired=5 rows_written=(1,1,0,rollback)(2,4,0)(3,0,0)(4,6,0) first_txg=7 admission_short=false reach=Complete+Some(Complete) landed=[(5,7)(5,8)] | mounted=(5,8) table=(1,1,0,rollback)(2,4,0)(3,0,0)(4,6,0) U1=0 [] U2=0 [] corrupt=0 I-3.8_rows_not_below_mounted=[]
C330_CONSECUTIVE_SWITCH rules=c330_jia reading=LiteralOldInstance
  M2 mode=recovery unreadable=[] selected=(1,3) after_replay=(1,3) W=0 acquired=2 rows_written=(1,3,0) first_txg=4 admission_short=false reach=Complete+Some(Complete) landed=[(2,4)(2,5)] | mounted=(2,5) table=(1,3,0) U1=0 [] U2=0 [] corrupt=0 I-3.8_rows_not_below_mounted=[]
  M2'' switch 2->3->4 kept=[i2t6.publishing.data2(i2,b6,n2,Data,start3),i2t6.publishing.data3(i2,b6,n3,Data,start3)] rows_written_by_second_switch=(1,3,0)(2,5,0)(3,0,0) | mounted=(4,7) table=(1,3,0)(2,5,0)(3,0,0) U1=0 [] U2=2 [i2t6.publishing.data2(i2,b6,n2,Data,start3),i2t6.publishing.data3(i2,b6,n3,Data,start3)] corrupt=0 I-3.8_rows_not_below_mounted=[]
  M3 mode=recovery unreadable=[] selected=(4,7) after_replay=(4,7) W=0 acquired=5 rows_written=(1,3,0)(2,5,0)(3,0,0)(4,7,0) first_txg=8 admission_short=false reach=Complete+Some(Complete) landed=[(5,8)(5,9)] | mounted=(5,9) table=(1,3,0)(2,5,0)(3,0,0)(4,7,0) U1=0 [] U2=2 [i2t6.publishing.data2(i2,b6,n2,Data,start3),i2t6.publishing.data3(i2,b6,n3,Data,start3)] corrupt=0 I-3.8_rows_not_below_mounted=[]
  M4 mode=recovery unreadable=[] selected=(5,9) after_replay=(5,9) W=0 acquired=6 rows_written=(1,3,0)(2,5,0)(3,0,0)(4,7,0)(5,9,0) first_txg=10 admission_short=false reach=Complete+Some(Complete) landed=[(6,10)(6,11)] | mounted=(6,11) table=(1,3,0)(2,5,0)(3,0,0)(4,7,0)(5,9,0) U1=0 [] U2=2 [i2t6.publishing.data2(i2,b6,n2,Data,start3),i2t6.publishing.data3(i2,b6,n3,Data,start3)] corrupt=0 I-3.8_rows_not_below_mounted=[]
C330_CONSECUTIVE_SWITCH rules=c330_jia reading=OwnerOfKeptTransactions
  M2 mode=recovery unreadable=[] selected=(1,3) after_replay=(1,3) W=0 acquired=2 rows_written=(1,3,0) first_txg=4 admission_short=false reach=Complete+Some(Complete) landed=[(2,4)(2,5)] | mounted=(2,5) table=(1,3,0) U1=0 [] U2=0 [] corrupt=0 I-3.8_rows_not_below_mounted=[]
  M2'' switch 2->3->4 kept=[i2t6.publishing.data2(i2,b6,n2,Data,start3),i2t6.publishing.data3(i2,b6,n3,Data,start3)] rows_written_by_second_switch=(1,3,0)(2,5,3)(3,0,0) | mounted=(4,7) table=(1,3,0)(2,5,3)(3,0,0) U1=0 [] U2=0 [] corrupt=0 I-3.8_rows_not_below_mounted=[]
  M3 mode=recovery unreadable=[] selected=(4,7) after_replay=(4,7) W=0 acquired=5 rows_written=(1,3,0)(2,5,3)(3,0,0)(4,7,0) first_txg=8 admission_short=false reach=Complete+Some(Complete) landed=[(5,8)(5,9)] | mounted=(5,9) table=(1,3,0)(2,5,3)(3,0,0)(4,7,0) U1=0 [] U2=0 [] corrupt=0 I-3.8_rows_not_below_mounted=[]
  M4 mode=recovery unreadable=[] selected=(5,9) after_replay=(5,9) W=0 acquired=6 rows_written=(1,3,0)(2,5,3)(3,0,0)(4,7,0)(5,9,0) first_txg=10 admission_short=false reach=Complete+Some(Complete) landed=[(6,10)(6,11)] | mounted=(6,11) table=(1,3,0)(2,5,3)(3,0,0)(4,7,0)(5,9,0) U1=0 [] U2=0 [] corrupt=0 I-3.8_rows_not_below_mounted=[]
REPLAYED_METADATA rules=c330_jia handling=AdoptedAsIs
  M1 acquired=1 landed=(1,1)(1,2)(1,3) in_flight=(1,4) data2+nodes3 record_landed root_not crash
  M2 selected=(1,3) after_replay=(1,4) W=3 acquired=2 rows_written=(1,3,3) replayed_nodes=[i1t4.node0(i1,b4,n0,Metadata,start0),i1t4.node1(i1,b4,n0,Metadata,start0),i1t4.node2(i1,b4,n0,Metadata,start0)] row_publication_new_units=accounting1+rewritten0 | mounted=(2,6) table=(1,3,3) U1=0 [] U2=3 [i1t4.node0(i1,b4,n0,Metadata,start0),i1t4.node1(i1,b4,n0,Metadata,start0),i1t4.node2(i1,b4,n0,Metadata,start0)] corrupt=0 I-3.8_rows_not_below_mounted=[]
  M3 mode=recovery unreadable=[] selected=(2,6) after_replay=(2,6) W=0 acquired=3 rows_written=(1,3,3)(2,6,0) first_txg=7 admission_short=false reach=Complete+Some(Complete) landed=[(3,7)(3,8)] | mounted=(3,8) table=(1,3,3)(2,6,0) U1=0 [] U2=3 [i1t4.node0(i1,b4,n0,Metadata,start0),i1t4.node1(i1,b4,n0,Metadata,start0),i1t4.node2(i1,b4,n0,Metadata,start0)] corrupt=0 I-3.8_rows_not_below_mounted=[]
  M4 mode=recovery unreadable=[] selected=(3,8) after_replay=(3,8) W=0 acquired=4 rows_written=(1,3,3)(2,6,0)(3,8,0) first_txg=9 admission_short=false reach=Complete+Some(Complete) landed=[(4,9)(4,10)] | mounted=(4,10) table=(1,3,3)(2,6,0)(3,8,0) U1=0 [] U2=3 [i1t4.node0(i1,b4,n0,Metadata,start0),i1t4.node1(i1,b4,n0,Metadata,start0),i1t4.node2(i1,b4,n0,Metadata,start0)] corrupt=0 I-3.8_rows_not_below_mounted=[]
REPLAYED_METADATA rules=c330_jia handling=RewrittenByRecovery
  M1 acquired=1 landed=(1,1)(1,2)(1,3) in_flight=(1,4) data2+nodes3 record_landed root_not crash
  M2 selected=(1,3) after_replay=(1,4) W=3 acquired=2 rows_written=(1,3,3) replayed_nodes=[i1t4.node0(i1,b4,n0,Metadata,start0),i1t4.node1(i1,b4,n0,Metadata,start0),i1t4.node2(i1,b4,n0,Metadata,start0)] row_publication_new_units=accounting1+rewritten3 | mounted=(2,6) table=(1,3,3) U1=0 [] U2=0 [] corrupt=0 I-3.8_rows_not_below_mounted=[]
  M3 mode=recovery unreadable=[] selected=(2,6) after_replay=(2,6) W=0 acquired=3 rows_written=(1,3,3)(2,6,0) first_txg=7 admission_short=false reach=Complete+Some(Complete) landed=[(3,7)(3,8)] | mounted=(3,8) table=(1,3,3)(2,6,0) U1=0 [] U2=0 [] corrupt=0 I-3.8_rows_not_below_mounted=[]
  M4 mode=recovery unreadable=[] selected=(3,8) after_replay=(3,8) W=0 acquired=4 rows_written=(1,3,3)(2,6,0)(3,8,0) first_txg=9 admission_short=false reach=Complete+Some(Complete) landed=[(4,9)(4,10)] | mounted=(4,10) table=(1,3,3)(2,6,0)(3,8,0) U1=0 [] U2=0 [] corrupt=0 I-3.8_rows_not_below_mounted=[]
REPLAYED_METADATA rules=c330_jia handling=RowTxgAfterReplay
  M1 acquired=1 landed=(1,1)(1,2)(1,3) in_flight=(1,4) data2+nodes3 record_landed root_not crash
  M2 selected=(1,3) after_replay=(1,4) W=3 acquired=2 rows_written=(1,4,3) replayed_nodes=[i1t4.node0(i1,b4,n0,Metadata,start0),i1t4.node1(i1,b4,n0,Metadata,start0),i1t4.node2(i1,b4,n0,Metadata,start0)] row_publication_new_units=accounting1+rewritten0 | mounted=(2,6) table=(1,4,3) U1=0 [] U2=0 [] corrupt=0 I-3.8_rows_not_below_mounted=[]
  M3 mode=recovery unreadable=[] selected=(2,6) after_replay=(2,6) W=0 acquired=3 rows_written=(1,4,3)(2,6,0) first_txg=7 admission_short=false reach=Complete+Some(Complete) landed=[(3,7)(3,8)] | mounted=(3,8) table=(1,4,3)(2,6,0) U1=0 [] U2=0 [] corrupt=0 I-3.8_rows_not_below_mounted=[]
  M4 mode=recovery unreadable=[] selected=(3,8) after_replay=(3,8) W=0 acquired=4 rows_written=(1,4,3)(2,6,0)(3,8,0) first_txg=9 admission_short=false reach=Complete+Some(Complete) landed=[(4,9)(4,10)] | mounted=(4,10) table=(1,4,3)(2,6,0)(3,8,0) U1=0 [] U2=0 [] corrupt=0 I-3.8_rows_not_below_mounted=[]
C330_PREMISE6 rules=c330_yi_superblock m2_first_reach=RootNoSuperblock rollback_at_m2=false
  M2 mode=recovery unreadable=[] selected=(1,3) after_replay=(1,3) W=0 acquired=2 rows_written=(1,3,0) first_txg=4 admission_short=false reach=RootNoSuperblock+Some(UnitsOnly) landed=[(2,4)] | mounted=(2,4) table=(1,3,0) U1=0 [] U2=0 [] corrupt=0 I-3.8_rows_not_below_mounted=[]
  M3 mode=recovery unreadable=[(2, 4)] selected=(1,3) after_replay=(1,3) W=0 acquired=3 rows_written=(1,3,0)(2,3,0) first_txg=4 admission_short=false reach=UnitsOnly+None landed=[] | mounted=none(这次挂载一个根都没落，新行不生效)
  M4 mode=recovery unreadable=[] selected=(2,4) after_replay=(2,4) W=0 acquired=4 rows_written=(1,3,0)(2,4,0)(3,4,0) first_txg=5 admission_short=false reach=Complete+Some(Complete) landed=[(4,5)(4,6)] | mounted=(4,6) table=(1,3,0)(2,4,0)(3,4,0) U1=3 [i3t4.accounting(i3,b4,n0,Metadata,start3),i3t4.node0(i3,b4,n0,Metadata,start3),i3t4.data1(i3,b4,n1,Data,start3)] U2=0 [] corrupt=0 I-3.8_rows_not_below_mounted=[]
    INPUTS i2t4.accounting code=Metadata b=4 start=3 n=0 row(T_pub,W)=Some((4, 0)) | verdict=Published referenced=false on_timeline=true
    INPUTS i2t4.node0 code=Metadata b=4 start=3 n=0 row(T_pub,W)=Some((4, 0)) | verdict=Published referenced=true on_timeline=true
    INPUTS i2t4.data1 code=Data b=4 start=3 n=1 row(T_pub,W)=Some((4, 0)) | verdict=Published referenced=true on_timeline=true
    INPUTS i3t4.accounting code=Metadata b=4 start=3 n=0 row(T_pub,W)=Some((4, 0)) | verdict=Published referenced=false on_timeline=false
    INPUTS i3t4.node0 code=Metadata b=4 start=3 n=0 row(T_pub,W)=Some((4, 0)) | verdict=Published referenced=false on_timeline=false
    INPUTS i3t4.data1 code=Data b=4 start=3 n=1 row(T_pub,W)=Some((4, 0)) | verdict=Published referenced=false on_timeline=false
  M5 mode=recovery unreadable=[] selected=(4,6) after_replay=(4,6) W=0 acquired=5 rows_written=(1,3,0)(2,4,0)(3,4,0)(4,6,0) first_txg=7 admission_short=false reach=Complete+Some(Complete) landed=[(5,7)(5,8)] | mounted=(5,8) table=(1,3,0)(2,4,0)(3,4,0)(4,6,0) U1=3 [i3t4.accounting(i3,b4,n0,Metadata,start3),i3t4.node0(i3,b4,n0,Metadata,start3),i3t4.data1(i3,b4,n1,Data,start3)] U2=0 [] corrupt=0 I-3.8_rows_not_below_mounted=[]
C330_PREMISE6 rules=c330_yi_superblock m2_first_reach=Complete rollback_at_m2=false
  M2 mode=recovery unreadable=[] selected=(1,3) after_replay=(1,3) W=0 acquired=2 rows_written=(1,3,0) first_txg=4 admission_short=false reach=Complete+Some(UnitsOnly) landed=[(2,4)] | mounted=(2,4) table=(1,3,0) U1=0 [] U2=0 [] corrupt=0 I-3.8_rows_not_below_mounted=[]
  M3 mode=recovery unreadable=[(2, 4)] selected=(1,3) after_replay=(1,3) W=0 acquired=3 rows_written=(1,3,0)(2,3,0) first_txg=5 admission_short=false reach=UnitsOnly+None landed=[] | mounted=none(这次挂载一个根都没落，新行不生效)
  M4 mode=recovery unreadable=[] selected=(2,4) after_replay=(2,4) W=0 acquired=4 rows_written=(1,3,0)(2,4,0)(3,4,0) first_txg=5 admission_short=false reach=Complete+Some(Complete) landed=[(4,5)(4,6)] | mounted=(4,6) table=(1,3,0)(2,4,0)(3,4,0) U1=0 [] U2=0 [] corrupt=0 I-3.8_rows_not_below_mounted=[]
    INPUTS i2t4.accounting code=Metadata b=4 start=3 n=0 row(T_pub,W)=Some((4, 0)) | verdict=Published referenced=false on_timeline=true
    INPUTS i2t4.node0 code=Metadata b=4 start=3 n=0 row(T_pub,W)=Some((4, 0)) | verdict=Published referenced=true on_timeline=true
    INPUTS i2t4.data1 code=Data b=4 start=3 n=1 row(T_pub,W)=Some((4, 0)) | verdict=Published referenced=true on_timeline=true
    INPUTS i2t5.accounting code=Metadata b=5 start=3 n=0 row(T_pub,W)=Some((4, 0)) | verdict=Unpublished referenced=false on_timeline=false
    INPUTS i3t5.accounting code=Metadata b=5 start=3 n=0 row(T_pub,W)=Some((4, 0)) | verdict=Unpublished referenced=false on_timeline=false
    INPUTS i3t5.node0 code=Metadata b=5 start=3 n=0 row(T_pub,W)=Some((4, 0)) | verdict=Unpublished referenced=false on_timeline=false
    INPUTS i3t5.data1 code=Data b=5 start=3 n=1 row(T_pub,W)=Some((4, 0)) | verdict=Unpublished referenced=false on_timeline=false
  M5 mode=recovery unreadable=[] selected=(4,6) after_replay=(4,6) W=0 acquired=5 rows_written=(1,3,0)(2,4,0)(3,4,0)(4,6,0) first_txg=7 admission_short=false reach=Complete+Some(Complete) landed=[(5,7)(5,8)] | mounted=(5,8) table=(1,3,0)(2,4,0)(3,4,0)(4,6,0) U1=0 [] U2=0 [] corrupt=0 I-3.8_rows_not_below_mounted=[]
C330_PREMISE6 rules=c330_yi_superblock m2_first_reach=Complete rollback_at_m2=true
  M2 mode=rollback unreadable=[] selected=(1,3) after_replay=(1,1) W=0 acquired=2 rows_written=(1,1,0,rollback) first_txg=4 admission_short=false reach=Complete+Some(UnitsOnly) landed=[(2,4)] | mounted=(2,4) table=(1,1,0,rollback) U1=0 [] U2=0 [] corrupt=0 I-3.8_rows_not_below_mounted=[]
  M3 mode=recovery unreadable=[(2, 4)] selected=(1,3) after_replay=(1,3) W=0 acquired=3 rows_written=(1,3,0)(2,3,0) first_txg=5 admission_short=false reach=UnitsOnly+None landed=[] | mounted=none(这次挂载一个根都没落，新行不生效)
  M4 mode=recovery unreadable=[] selected=(2,4) after_replay=(2,4) W=0 acquired=4 rows_written=(1,1,0,rollback)(2,4,0)(3,4,0) first_txg=5 admission_short=false reach=Complete+Some(Complete) landed=[(4,5)(4,6)] | mounted=(4,6) table=(1,1,0,rollback)(2,4,0)(3,4,0) U1=0 [] U2=0 [] corrupt=0 I-3.8_rows_not_below_mounted=[]
    INPUTS i2t4.accounting code=Metadata b=4 start=1 n=0 row(T_pub,W)=Some((4, 0)) | verdict=Published referenced=false on_timeline=true
    INPUTS i2t4.node0 code=Metadata b=4 start=1 n=0 row(T_pub,W)=Some((4, 0)) | verdict=Published referenced=true on_timeline=true
    INPUTS i2t4.data1 code=Data b=4 start=1 n=1 row(T_pub,W)=Some((4, 0)) | verdict=Published referenced=true on_timeline=true
    INPUTS i2t5.accounting code=Metadata b=5 start=1 n=0 row(T_pub,W)=Some((4, 0)) | verdict=Unpublished referenced=false on_timeline=false
    INPUTS i3t5.accounting code=Metadata b=5 start=3 n=0 row(T_pub,W)=Some((4, 0)) | verdict=Unpublished referenced=false on_timeline=false
    INPUTS i3t5.node0 code=Metadata b=5 start=3 n=0 row(T_pub,W)=Some((4, 0)) | verdict=Unpublished referenced=false on_timeline=false
    INPUTS i3t5.data1 code=Data b=5 start=3 n=1 row(T_pub,W)=Some((4, 0)) | verdict=Unpublished referenced=false on_timeline=false
  M5 mode=recovery unreadable=[] selected=(4,6) after_replay=(4,6) W=0 acquired=5 rows_written=(1,1,0,rollback)(2,4,0)(3,4,0)(4,6,0) first_txg=7 admission_short=false reach=Complete+Some(Complete) landed=[(5,7)(5,8)] | mounted=(5,8) table=(1,1,0,rollback)(2,4,0)(3,4,0)(4,6,0) U1=0 [] U2=0 [] corrupt=0 I-3.8_rows_not_below_mounted=[]
C330_CONSECUTIVE_SWITCH rules=c330_yi_superblock reading=LiteralOldInstance
  M2 mode=recovery unreadable=[] selected=(1,3) after_replay=(1,3) W=0 acquired=2 rows_written=(1,3,0) first_txg=4 admission_short=false reach=Complete+Some(Complete) landed=[(2,4)(2,5)] | mounted=(2,5) table=(1,3,0) U1=0 [] U2=0 [] corrupt=0 I-3.8_rows_not_below_mounted=[]
  M2'' switch 2->3->4 kept=[i2t6.publishing.data2(i2,b6,n2,Data,start3),i2t6.publishing.data3(i2,b6,n3,Data,start3)] rows_written_by_second_switch=(1,3,0)(2,5,0)(3,5,3) | mounted=(4,7) table=(1,3,0)(2,5,0)(3,5,3) U1=1 [i3t7.redo.data1(i3,b7,n1,Data,start5)] U2=2 [i2t6.publishing.data2(i2,b6,n2,Data,start3),i2t6.publishing.data3(i2,b6,n3,Data,start3)] corrupt=0 I-3.8_rows_not_below_mounted=[]
  M3 mode=recovery unreadable=[] selected=(4,7) after_replay=(4,7) W=0 acquired=5 rows_written=(1,3,0)(2,5,0)(3,5,3)(4,7,0) first_txg=8 admission_short=false reach=Complete+Some(Complete) landed=[(5,8)(5,9)] | mounted=(5,9) table=(1,3,0)(2,5,0)(3,5,3)(4,7,0) U1=1 [i3t7.redo.data1(i3,b7,n1,Data,start5)] U2=2 [i2t6.publishing.data2(i2,b6,n2,Data,start3),i2t6.publishing.data3(i2,b6,n3,Data,start3)] corrupt=0 I-3.8_rows_not_below_mounted=[]
  M4 mode=recovery unreadable=[] selected=(5,9) after_replay=(5,9) W=0 acquired=6 rows_written=(1,3,0)(2,5,0)(3,5,3)(4,7,0)(5,9,0) first_txg=10 admission_short=false reach=Complete+Some(Complete) landed=[(6,10)(6,11)] | mounted=(6,11) table=(1,3,0)(2,5,0)(3,5,3)(4,7,0)(5,9,0) U1=1 [i3t7.redo.data1(i3,b7,n1,Data,start5)] U2=2 [i2t6.publishing.data2(i2,b6,n2,Data,start3),i2t6.publishing.data3(i2,b6,n3,Data,start3)] corrupt=0 I-3.8_rows_not_below_mounted=[]
C330_CONSECUTIVE_SWITCH rules=c330_yi_superblock reading=OwnerOfKeptTransactions
  M2 mode=recovery unreadable=[] selected=(1,3) after_replay=(1,3) W=0 acquired=2 rows_written=(1,3,0) first_txg=4 admission_short=false reach=Complete+Some(Complete) landed=[(2,4)(2,5)] | mounted=(2,5) table=(1,3,0) U1=0 [] U2=0 [] corrupt=0 I-3.8_rows_not_below_mounted=[]
  M2'' switch 2->3->4 kept=[i2t6.publishing.data2(i2,b6,n2,Data,start3),i2t6.publishing.data3(i2,b6,n3,Data,start3)] rows_written_by_second_switch=(1,3,0)(2,5,3)(3,5,0) | mounted=(4,7) table=(1,3,0)(2,5,3)(3,5,0) U1=0 [] U2=0 [] corrupt=0 I-3.8_rows_not_below_mounted=[]
  M3 mode=recovery unreadable=[] selected=(4,7) after_replay=(4,7) W=0 acquired=5 rows_written=(1,3,0)(2,5,3)(3,5,0)(4,7,0) first_txg=8 admission_short=false reach=Complete+Some(Complete) landed=[(5,8)(5,9)] | mounted=(5,9) table=(1,3,0)(2,5,3)(3,5,0)(4,7,0) U1=0 [] U2=0 [] corrupt=0 I-3.8_rows_not_below_mounted=[]
  M4 mode=recovery unreadable=[] selected=(5,9) after_replay=(5,9) W=0 acquired=6 rows_written=(1,3,0)(2,5,3)(3,5,0)(4,7,0)(5,9,0) first_txg=10 admission_short=false reach=Complete+Some(Complete) landed=[(6,10)(6,11)] | mounted=(6,11) table=(1,3,0)(2,5,3)(3,5,0)(4,7,0)(5,9,0) U1=0 [] U2=0 [] corrupt=0 I-3.8_rows_not_below_mounted=[]
REPLAYED_METADATA rules=c330_yi_superblock handling=AdoptedAsIs
  M1 acquired=1 landed=(1,1)(1,2)(1,3) in_flight=(1,4) data2+nodes3 record_landed root_not crash
  M2 selected=(1,3) after_replay=(1,4) W=3 acquired=2 rows_written=(1,3,3) replayed_nodes=[i1t4.node0(i1,b4,n0,Metadata,start0),i1t4.node1(i1,b4,n0,Metadata,start0),i1t4.node2(i1,b4,n0,Metadata,start0)] row_publication_new_units=accounting1+rewritten0 | mounted=(2,6) table=(1,3,3) U1=0 [] U2=3 [i1t4.node0(i1,b4,n0,Metadata,start0),i1t4.node1(i1,b4,n0,Metadata,start0),i1t4.node2(i1,b4,n0,Metadata,start0)] corrupt=0 I-3.8_rows_not_below_mounted=[]
  M3 mode=recovery unreadable=[] selected=(2,6) after_replay=(2,6) W=0 acquired=3 rows_written=(1,3,3)(2,6,0) first_txg=7 admission_short=false reach=Complete+Some(Complete) landed=[(3,7)(3,8)] | mounted=(3,8) table=(1,3,3)(2,6,0) U1=0 [] U2=3 [i1t4.node0(i1,b4,n0,Metadata,start0),i1t4.node1(i1,b4,n0,Metadata,start0),i1t4.node2(i1,b4,n0,Metadata,start0)] corrupt=0 I-3.8_rows_not_below_mounted=[]
  M4 mode=recovery unreadable=[] selected=(3,8) after_replay=(3,8) W=0 acquired=4 rows_written=(1,3,3)(2,6,0)(3,8,0) first_txg=9 admission_short=false reach=Complete+Some(Complete) landed=[(4,9)(4,10)] | mounted=(4,10) table=(1,3,3)(2,6,0)(3,8,0) U1=0 [] U2=3 [i1t4.node0(i1,b4,n0,Metadata,start0),i1t4.node1(i1,b4,n0,Metadata,start0),i1t4.node2(i1,b4,n0,Metadata,start0)] corrupt=0 I-3.8_rows_not_below_mounted=[]
REPLAYED_METADATA rules=c330_yi_superblock handling=RewrittenByRecovery
  M1 acquired=1 landed=(1,1)(1,2)(1,3) in_flight=(1,4) data2+nodes3 record_landed root_not crash
  M2 selected=(1,3) after_replay=(1,4) W=3 acquired=2 rows_written=(1,3,3) replayed_nodes=[i1t4.node0(i1,b4,n0,Metadata,start0),i1t4.node1(i1,b4,n0,Metadata,start0),i1t4.node2(i1,b4,n0,Metadata,start0)] row_publication_new_units=accounting1+rewritten3 | mounted=(2,6) table=(1,3,3) U1=0 [] U2=0 [] corrupt=0 I-3.8_rows_not_below_mounted=[]
  M3 mode=recovery unreadable=[] selected=(2,6) after_replay=(2,6) W=0 acquired=3 rows_written=(1,3,3)(2,6,0) first_txg=7 admission_short=false reach=Complete+Some(Complete) landed=[(3,7)(3,8)] | mounted=(3,8) table=(1,3,3)(2,6,0) U1=0 [] U2=0 [] corrupt=0 I-3.8_rows_not_below_mounted=[]
  M4 mode=recovery unreadable=[] selected=(3,8) after_replay=(3,8) W=0 acquired=4 rows_written=(1,3,3)(2,6,0)(3,8,0) first_txg=9 admission_short=false reach=Complete+Some(Complete) landed=[(4,9)(4,10)] | mounted=(4,10) table=(1,3,3)(2,6,0)(3,8,0) U1=0 [] U2=0 [] corrupt=0 I-3.8_rows_not_below_mounted=[]
REPLAYED_METADATA rules=c330_yi_superblock handling=RowTxgAfterReplay
  M1 acquired=1 landed=(1,1)(1,2)(1,3) in_flight=(1,4) data2+nodes3 record_landed root_not crash
  M2 selected=(1,3) after_replay=(1,4) W=3 acquired=2 rows_written=(1,4,3) replayed_nodes=[i1t4.node0(i1,b4,n0,Metadata,start0),i1t4.node1(i1,b4,n0,Metadata,start0),i1t4.node2(i1,b4,n0,Metadata,start0)] row_publication_new_units=accounting1+rewritten0 | mounted=(2,6) table=(1,4,3) U1=0 [] U2=0 [] corrupt=0 I-3.8_rows_not_below_mounted=[]
  M3 mode=recovery unreadable=[] selected=(2,6) after_replay=(2,6) W=0 acquired=3 rows_written=(1,4,3)(2,6,0) first_txg=7 admission_short=false reach=Complete+Some(Complete) landed=[(3,7)(3,8)] | mounted=(3,8) table=(1,4,3)(2,6,0) U1=0 [] U2=0 [] corrupt=0 I-3.8_rows_not_below_mounted=[]
  M4 mode=recovery unreadable=[] selected=(3,8) after_replay=(3,8) W=0 acquired=4 rows_written=(1,4,3)(2,6,0)(3,8,0) first_txg=9 admission_short=false reach=Complete+Some(Complete) landed=[(4,9)(4,10)] | mounted=(4,10) table=(1,4,3)(2,6,0)(3,8,0) U1=0 [] U2=0 [] corrupt=0 I-3.8_rows_not_below_mounted=[]
C330_PREMISE6 rules=c330_yi_root_carried m2_first_reach=RootNoSuperblock rollback_at_m2=false
  M2 mode=recovery unreadable=[] selected=(1,3) after_replay=(1,3) W=0 acquired=2 rows_written=(1,3,0) first_txg=4 admission_short=false reach=RootNoSuperblock+Some(UnitsOnly) landed=[(2,4)] | mounted=(2,4) table=(1,3,0) U1=0 [] U2=0 [] corrupt=0 I-3.8_rows_not_below_mounted=[]
  M3 mode=recovery unreadable=[(2, 4)] selected=(1,3) after_replay=(1,3) W=0 acquired=3 rows_written=(1,3,0)(2,3,0) first_txg=4 admission_short=false reach=UnitsOnly+None landed=[] | mounted=none(这次挂载一个根都没落，新行不生效)
  M4 mode=recovery unreadable=[] selected=(2,4) after_replay=(2,4) W=0 acquired=4 rows_written=(1,3,0)(2,4,0)(3,4,0) first_txg=5 admission_short=false reach=Complete+Some(Complete) landed=[(4,5)(4,6)] | mounted=(4,6) table=(1,3,0)(2,4,0)(3,4,0) U1=3 [i3t4.accounting(i3,b4,n0,Metadata,start3),i3t4.node0(i3,b4,n0,Metadata,start3),i3t4.data1(i3,b4,n1,Data,start3)] U2=0 [] corrupt=0 I-3.8_rows_not_below_mounted=[]
    INPUTS i2t4.accounting code=Metadata b=4 start=3 n=0 row(T_pub,W)=Some((4, 0)) | verdict=Published referenced=false on_timeline=true
    INPUTS i2t4.node0 code=Metadata b=4 start=3 n=0 row(T_pub,W)=Some((4, 0)) | verdict=Published referenced=true on_timeline=true
    INPUTS i2t4.data1 code=Data b=4 start=3 n=1 row(T_pub,W)=Some((4, 0)) | verdict=Published referenced=true on_timeline=true
    INPUTS i3t4.accounting code=Metadata b=4 start=3 n=0 row(T_pub,W)=Some((4, 0)) | verdict=Published referenced=false on_timeline=false
    INPUTS i3t4.node0 code=Metadata b=4 start=3 n=0 row(T_pub,W)=Some((4, 0)) | verdict=Published referenced=false on_timeline=false
    INPUTS i3t4.data1 code=Data b=4 start=3 n=1 row(T_pub,W)=Some((4, 0)) | verdict=Published referenced=false on_timeline=false
  M5 mode=recovery unreadable=[] selected=(4,6) after_replay=(4,6) W=0 acquired=5 rows_written=(1,3,0)(2,4,0)(3,4,0)(4,6,0) first_txg=7 admission_short=false reach=Complete+Some(Complete) landed=[(5,7)(5,8)] | mounted=(5,8) table=(1,3,0)(2,4,0)(3,4,0)(4,6,0) U1=3 [i3t4.accounting(i3,b4,n0,Metadata,start3),i3t4.node0(i3,b4,n0,Metadata,start3),i3t4.data1(i3,b4,n1,Data,start3)] U2=0 [] corrupt=0 I-3.8_rows_not_below_mounted=[]
C330_PREMISE6 rules=c330_yi_root_carried m2_first_reach=Complete rollback_at_m2=false
  M2 mode=recovery unreadable=[] selected=(1,3) after_replay=(1,3) W=0 acquired=2 rows_written=(1,3,0) first_txg=4 admission_short=false reach=Complete+Some(UnitsOnly) landed=[(2,4)] | mounted=(2,4) table=(1,3,0) U1=0 [] U2=0 [] corrupt=0 I-3.8_rows_not_below_mounted=[]
  M3 mode=recovery unreadable=[(2, 4)] selected=(1,3) after_replay=(1,3) W=0 acquired=3 rows_written=(1,3,0)(2,3,0) first_txg=4 admission_short=false reach=UnitsOnly+None landed=[] | mounted=none(这次挂载一个根都没落，新行不生效)
  M4 mode=recovery unreadable=[] selected=(2,4) after_replay=(2,4) W=0 acquired=4 rows_written=(1,3,0)(2,4,0)(3,4,0) first_txg=5 admission_short=false reach=Complete+Some(Complete) landed=[(4,5)(4,6)] | mounted=(4,6) table=(1,3,0)(2,4,0)(3,4,0) U1=3 [i3t4.accounting(i3,b4,n0,Metadata,start3),i3t4.node0(i3,b4,n0,Metadata,start3),i3t4.data1(i3,b4,n1,Data,start3)] U2=0 [] corrupt=0 I-3.8_rows_not_below_mounted=[]
    INPUTS i2t4.accounting code=Metadata b=4 start=3 n=0 row(T_pub,W)=Some((4, 0)) | verdict=Published referenced=false on_timeline=true
    INPUTS i2t4.node0 code=Metadata b=4 start=3 n=0 row(T_pub,W)=Some((4, 0)) | verdict=Published referenced=true on_timeline=true
    INPUTS i2t4.data1 code=Data b=4 start=3 n=1 row(T_pub,W)=Some((4, 0)) | verdict=Published referenced=true on_timeline=true
    INPUTS i2t5.accounting code=Metadata b=5 start=3 n=0 row(T_pub,W)=Some((4, 0)) | verdict=Unpublished referenced=false on_timeline=false
    INPUTS i3t4.accounting code=Metadata b=4 start=3 n=0 row(T_pub,W)=Some((4, 0)) | verdict=Published referenced=false on_timeline=false
    INPUTS i3t4.node0 code=Metadata b=4 start=3 n=0 row(T_pub,W)=Some((4, 0)) | verdict=Published referenced=false on_timeline=false
    INPUTS i3t4.data1 code=Data b=4 start=3 n=1 row(T_pub,W)=Some((4, 0)) | verdict=Published referenced=false on_timeline=false
  M5 mode=recovery unreadable=[] selected=(4,6) after_replay=(4,6) W=0 acquired=5 rows_written=(1,3,0)(2,4,0)(3,4,0)(4,6,0) first_txg=7 admission_short=false reach=Complete+Some(Complete) landed=[(5,7)(5,8)] | mounted=(5,8) table=(1,3,0)(2,4,0)(3,4,0)(4,6,0) U1=3 [i3t4.accounting(i3,b4,n0,Metadata,start3),i3t4.node0(i3,b4,n0,Metadata,start3),i3t4.data1(i3,b4,n1,Data,start3)] U2=0 [] corrupt=0 I-3.8_rows_not_below_mounted=[]
C330_PREMISE6 rules=c330_yi_root_carried m2_first_reach=Complete rollback_at_m2=true
  M2 mode=rollback unreadable=[] selected=(1,3) after_replay=(1,1) W=0 acquired=2 rows_written=(1,1,0,rollback) first_txg=4 admission_short=false reach=Complete+Some(UnitsOnly) landed=[(2,4)] | mounted=(2,4) table=(1,1,0,rollback) U1=0 [] U2=0 [] corrupt=0 I-3.8_rows_not_below_mounted=[]
  M3 mode=recovery unreadable=[(2, 4)] selected=(1,3) after_replay=(1,3) W=0 acquired=3 rows_written=(1,3,0)(2,3,0) first_txg=4 admission_short=false reach=UnitsOnly+None landed=[] | mounted=none(这次挂载一个根都没落，新行不生效)
  M4 mode=recovery unreadable=[] selected=(2,4) after_replay=(2,4) W=0 acquired=4 rows_written=(1,1,0,rollback)(2,4,0)(3,4,0) first_txg=5 admission_short=false reach=Complete+Some(Complete) landed=[(4,5)(4,6)] | mounted=(4,6) table=(1,1,0,rollback)(2,4,0)(3,4,0) U1=3 [i3t4.accounting(i3,b4,n0,Metadata,start3),i3t4.node0(i3,b4,n0,Metadata,start3),i3t4.data1(i3,b4,n1,Data,start3)] U2=0 [] corrupt=0 I-3.8_rows_not_below_mounted=[]
    INPUTS i2t4.accounting code=Metadata b=4 start=1 n=0 row(T_pub,W)=Some((4, 0)) | verdict=Published referenced=false on_timeline=true
    INPUTS i2t4.node0 code=Metadata b=4 start=1 n=0 row(T_pub,W)=Some((4, 0)) | verdict=Published referenced=true on_timeline=true
    INPUTS i2t4.data1 code=Data b=4 start=1 n=1 row(T_pub,W)=Some((4, 0)) | verdict=Published referenced=true on_timeline=true
    INPUTS i2t5.accounting code=Metadata b=5 start=1 n=0 row(T_pub,W)=Some((4, 0)) | verdict=Unpublished referenced=false on_timeline=false
    INPUTS i3t4.accounting code=Metadata b=4 start=3 n=0 row(T_pub,W)=Some((4, 0)) | verdict=Published referenced=false on_timeline=false
    INPUTS i3t4.node0 code=Metadata b=4 start=3 n=0 row(T_pub,W)=Some((4, 0)) | verdict=Published referenced=false on_timeline=false
    INPUTS i3t4.data1 code=Data b=4 start=3 n=1 row(T_pub,W)=Some((4, 0)) | verdict=Published referenced=false on_timeline=false
  M5 mode=recovery unreadable=[] selected=(4,6) after_replay=(4,6) W=0 acquired=5 rows_written=(1,1,0,rollback)(2,4,0)(3,4,0)(4,6,0) first_txg=7 admission_short=false reach=Complete+Some(Complete) landed=[(5,7)(5,8)] | mounted=(5,8) table=(1,1,0,rollback)(2,4,0)(3,4,0)(4,6,0) U1=3 [i3t4.accounting(i3,b4,n0,Metadata,start3),i3t4.node0(i3,b4,n0,Metadata,start3),i3t4.data1(i3,b4,n1,Data,start3)] U2=0 [] corrupt=0 I-3.8_rows_not_below_mounted=[]
C330_CONSECUTIVE_SWITCH rules=c330_yi_root_carried reading=LiteralOldInstance
  M2 mode=recovery unreadable=[] selected=(1,3) after_replay=(1,3) W=0 acquired=2 rows_written=(1,3,0) first_txg=4 admission_short=false reach=Complete+Some(Complete) landed=[(2,4)(2,5)] | mounted=(2,5) table=(1,3,0) U1=0 [] U2=0 [] corrupt=0 I-3.8_rows_not_below_mounted=[]
  M2'' switch 2->3->4 kept=[i2t6.publishing.data2(i2,b6,n2,Data,start3),i2t6.publishing.data3(i2,b6,n3,Data,start3)] rows_written_by_second_switch=(1,3,0)(2,5,0)(3,5,3) | mounted=(4,7) table=(1,3,0)(2,5,0)(3,5,3) U1=1 [i3t7.redo.data1(i3,b7,n1,Data,start5)] U2=2 [i2t6.publishing.data2(i2,b6,n2,Data,start3),i2t6.publishing.data3(i2,b6,n3,Data,start3)] corrupt=0 I-3.8_rows_not_below_mounted=[]
  M3 mode=recovery unreadable=[] selected=(4,7) after_replay=(4,7) W=0 acquired=5 rows_written=(1,3,0)(2,5,0)(3,5,3)(4,7,0) first_txg=8 admission_short=false reach=Complete+Some(Complete) landed=[(5,8)(5,9)] | mounted=(5,9) table=(1,3,0)(2,5,0)(3,5,3)(4,7,0) U1=1 [i3t7.redo.data1(i3,b7,n1,Data,start5)] U2=2 [i2t6.publishing.data2(i2,b6,n2,Data,start3),i2t6.publishing.data3(i2,b6,n3,Data,start3)] corrupt=0 I-3.8_rows_not_below_mounted=[]
  M4 mode=recovery unreadable=[] selected=(5,9) after_replay=(5,9) W=0 acquired=6 rows_written=(1,3,0)(2,5,0)(3,5,3)(4,7,0)(5,9,0) first_txg=10 admission_short=false reach=Complete+Some(Complete) landed=[(6,10)(6,11)] | mounted=(6,11) table=(1,3,0)(2,5,0)(3,5,3)(4,7,0)(5,9,0) U1=1 [i3t7.redo.data1(i3,b7,n1,Data,start5)] U2=2 [i2t6.publishing.data2(i2,b6,n2,Data,start3),i2t6.publishing.data3(i2,b6,n3,Data,start3)] corrupt=0 I-3.8_rows_not_below_mounted=[]
C330_CONSECUTIVE_SWITCH rules=c330_yi_root_carried reading=OwnerOfKeptTransactions
  M2 mode=recovery unreadable=[] selected=(1,3) after_replay=(1,3) W=0 acquired=2 rows_written=(1,3,0) first_txg=4 admission_short=false reach=Complete+Some(Complete) landed=[(2,4)(2,5)] | mounted=(2,5) table=(1,3,0) U1=0 [] U2=0 [] corrupt=0 I-3.8_rows_not_below_mounted=[]
  M2'' switch 2->3->4 kept=[i2t6.publishing.data2(i2,b6,n2,Data,start3),i2t6.publishing.data3(i2,b6,n3,Data,start3)] rows_written_by_second_switch=(1,3,0)(2,5,3)(3,5,0) | mounted=(4,7) table=(1,3,0)(2,5,3)(3,5,0) U1=0 [] U2=0 [] corrupt=0 I-3.8_rows_not_below_mounted=[]
  M3 mode=recovery unreadable=[] selected=(4,7) after_replay=(4,7) W=0 acquired=5 rows_written=(1,3,0)(2,5,3)(3,5,0)(4,7,0) first_txg=8 admission_short=false reach=Complete+Some(Complete) landed=[(5,8)(5,9)] | mounted=(5,9) table=(1,3,0)(2,5,3)(3,5,0)(4,7,0) U1=0 [] U2=0 [] corrupt=0 I-3.8_rows_not_below_mounted=[]
  M4 mode=recovery unreadable=[] selected=(5,9) after_replay=(5,9) W=0 acquired=6 rows_written=(1,3,0)(2,5,3)(3,5,0)(4,7,0)(5,9,0) first_txg=10 admission_short=false reach=Complete+Some(Complete) landed=[(6,10)(6,11)] | mounted=(6,11) table=(1,3,0)(2,5,3)(3,5,0)(4,7,0)(5,9,0) U1=0 [] U2=0 [] corrupt=0 I-3.8_rows_not_below_mounted=[]
REPLAYED_METADATA rules=c330_yi_root_carried handling=AdoptedAsIs
  M1 acquired=1 landed=(1,1)(1,2)(1,3) in_flight=(1,4) data2+nodes3 record_landed root_not crash
  M2 selected=(1,3) after_replay=(1,4) W=3 acquired=2 rows_written=(1,3,3) replayed_nodes=[i1t4.node0(i1,b4,n0,Metadata,start0),i1t4.node1(i1,b4,n0,Metadata,start0),i1t4.node2(i1,b4,n0,Metadata,start0)] row_publication_new_units=accounting1+rewritten0 | mounted=(2,6) table=(1,3,3) U1=0 [] U2=3 [i1t4.node0(i1,b4,n0,Metadata,start0),i1t4.node1(i1,b4,n0,Metadata,start0),i1t4.node2(i1,b4,n0,Metadata,start0)] corrupt=0 I-3.8_rows_not_below_mounted=[]
  M3 mode=recovery unreadable=[] selected=(2,6) after_replay=(2,6) W=0 acquired=3 rows_written=(1,3,3)(2,6,0) first_txg=7 admission_short=false reach=Complete+Some(Complete) landed=[(3,7)(3,8)] | mounted=(3,8) table=(1,3,3)(2,6,0) U1=0 [] U2=3 [i1t4.node0(i1,b4,n0,Metadata,start0),i1t4.node1(i1,b4,n0,Metadata,start0),i1t4.node2(i1,b4,n0,Metadata,start0)] corrupt=0 I-3.8_rows_not_below_mounted=[]
  M4 mode=recovery unreadable=[] selected=(3,8) after_replay=(3,8) W=0 acquired=4 rows_written=(1,3,3)(2,6,0)(3,8,0) first_txg=9 admission_short=false reach=Complete+Some(Complete) landed=[(4,9)(4,10)] | mounted=(4,10) table=(1,3,3)(2,6,0)(3,8,0) U1=0 [] U2=3 [i1t4.node0(i1,b4,n0,Metadata,start0),i1t4.node1(i1,b4,n0,Metadata,start0),i1t4.node2(i1,b4,n0,Metadata,start0)] corrupt=0 I-3.8_rows_not_below_mounted=[]
REPLAYED_METADATA rules=c330_yi_root_carried handling=RewrittenByRecovery
  M1 acquired=1 landed=(1,1)(1,2)(1,3) in_flight=(1,4) data2+nodes3 record_landed root_not crash
  M2 selected=(1,3) after_replay=(1,4) W=3 acquired=2 rows_written=(1,3,3) replayed_nodes=[i1t4.node0(i1,b4,n0,Metadata,start0),i1t4.node1(i1,b4,n0,Metadata,start0),i1t4.node2(i1,b4,n0,Metadata,start0)] row_publication_new_units=accounting1+rewritten3 | mounted=(2,6) table=(1,3,3) U1=0 [] U2=0 [] corrupt=0 I-3.8_rows_not_below_mounted=[]
  M3 mode=recovery unreadable=[] selected=(2,6) after_replay=(2,6) W=0 acquired=3 rows_written=(1,3,3)(2,6,0) first_txg=7 admission_short=false reach=Complete+Some(Complete) landed=[(3,7)(3,8)] | mounted=(3,8) table=(1,3,3)(2,6,0) U1=0 [] U2=0 [] corrupt=0 I-3.8_rows_not_below_mounted=[]
  M4 mode=recovery unreadable=[] selected=(3,8) after_replay=(3,8) W=0 acquired=4 rows_written=(1,3,3)(2,6,0)(3,8,0) first_txg=9 admission_short=false reach=Complete+Some(Complete) landed=[(4,9)(4,10)] | mounted=(4,10) table=(1,3,3)(2,6,0)(3,8,0) U1=0 [] U2=0 [] corrupt=0 I-3.8_rows_not_below_mounted=[]
REPLAYED_METADATA rules=c330_yi_root_carried handling=RowTxgAfterReplay
  M1 acquired=1 landed=(1,1)(1,2)(1,3) in_flight=(1,4) data2+nodes3 record_landed root_not crash
  M2 selected=(1,3) after_replay=(1,4) W=3 acquired=2 rows_written=(1,4,3) replayed_nodes=[i1t4.node0(i1,b4,n0,Metadata,start0),i1t4.node1(i1,b4,n0,Metadata,start0),i1t4.node2(i1,b4,n0,Metadata,start0)] row_publication_new_units=accounting1+rewritten0 | mounted=(2,6) table=(1,4,3) U1=0 [] U2=0 [] corrupt=0 I-3.8_rows_not_below_mounted=[]
  M3 mode=recovery unreadable=[] selected=(2,6) after_replay=(2,6) W=0 acquired=3 rows_written=(1,4,3)(2,6,0) first_txg=7 admission_short=false reach=Complete+Some(Complete) landed=[(3,7)(3,8)] | mounted=(3,8) table=(1,4,3)(2,6,0) U1=0 [] U2=0 [] corrupt=0 I-3.8_rows_not_below_mounted=[]
  M4 mode=recovery unreadable=[] selected=(3,8) after_replay=(3,8) W=0 acquired=4 rows_written=(1,4,3)(2,6,0)(3,8,0) first_txg=9 admission_short=false reach=Complete+Some(Complete) landed=[(4,9)(4,10)] | mounted=(4,10) table=(1,4,3)(2,6,0)(3,8,0) U1=0 [] U2=0 [] corrupt=0 I-3.8_rows_not_below_mounted=[]
C330_PREMISE6 rules=c330_yi_record_scan m2_first_reach=RootNoSuperblock rollback_at_m2=false
  M2 mode=recovery unreadable=[] selected=(1,3) after_replay=(1,3) W=0 acquired=2 rows_written=(1,3,0) first_txg=4 admission_short=false reach=RootNoSuperblock+Some(UnitsOnly) landed=[(2,4)] | mounted=(2,4) table=(1,3,0) U1=0 [] U2=0 [] corrupt=0 I-3.8_rows_not_below_mounted=[]
  M3 mode=recovery unreadable=[(2, 4)] selected=(1,3) after_replay=(1,3) W=0 acquired=3 rows_written=(1,3,0)(2,3,0) first_txg=5 admission_short=false reach=UnitsOnly+None landed=[] | mounted=none(这次挂载一个根都没落，新行不生效)
  M4 mode=recovery unreadable=[] selected=(2,4) after_replay=(2,4) W=0 acquired=4 rows_written=(1,3,0)(2,4,0)(3,4,0) first_txg=5 admission_short=false reach=Complete+Some(Complete) landed=[(4,5)(4,6)] | mounted=(4,6) table=(1,3,0)(2,4,0)(3,4,0) U1=0 [] U2=0 [] corrupt=0 I-3.8_rows_not_below_mounted=[]
    INPUTS i2t4.accounting code=Metadata b=4 start=3 n=0 row(T_pub,W)=Some((4, 0)) | verdict=Published referenced=false on_timeline=true
    INPUTS i2t4.node0 code=Metadata b=4 start=3 n=0 row(T_pub,W)=Some((4, 0)) | verdict=Published referenced=true on_timeline=true
    INPUTS i2t4.data1 code=Data b=4 start=3 n=1 row(T_pub,W)=Some((4, 0)) | verdict=Published referenced=true on_timeline=true
    INPUTS i3t5.accounting code=Metadata b=5 start=3 n=0 row(T_pub,W)=Some((4, 0)) | verdict=Unpublished referenced=false on_timeline=false
    INPUTS i3t5.node0 code=Metadata b=5 start=3 n=0 row(T_pub,W)=Some((4, 0)) | verdict=Unpublished referenced=false on_timeline=false
    INPUTS i3t5.data1 code=Data b=5 start=3 n=1 row(T_pub,W)=Some((4, 0)) | verdict=Unpublished referenced=false on_timeline=false
  M5 mode=recovery unreadable=[] selected=(4,6) after_replay=(4,6) W=0 acquired=5 rows_written=(1,3,0)(2,4,0)(3,4,0)(4,6,0) first_txg=7 admission_short=false reach=Complete+Some(Complete) landed=[(5,7)(5,8)] | mounted=(5,8) table=(1,3,0)(2,4,0)(3,4,0)(4,6,0) U1=0 [] U2=0 [] corrupt=0 I-3.8_rows_not_below_mounted=[]
C330_PREMISE6 rules=c330_yi_record_scan m2_first_reach=Complete rollback_at_m2=false
  M2 mode=recovery unreadable=[] selected=(1,3) after_replay=(1,3) W=0 acquired=2 rows_written=(1,3,0) first_txg=4 admission_short=false reach=Complete+Some(UnitsOnly) landed=[(2,4)] | mounted=(2,4) table=(1,3,0) U1=0 [] U2=0 [] corrupt=0 I-3.8_rows_not_below_mounted=[]
  M3 mode=recovery unreadable=[(2, 4)] selected=(1,3) after_replay=(1,3) W=0 acquired=3 rows_written=(1,3,0)(2,3,0) first_txg=5 admission_short=false reach=UnitsOnly+None landed=[] | mounted=none(这次挂载一个根都没落，新行不生效)
  M4 mode=recovery unreadable=[] selected=(2,4) after_replay=(2,4) W=0 acquired=4 rows_written=(1,3,0)(2,4,0)(3,4,0) first_txg=5 admission_short=false reach=Complete+Some(Complete) landed=[(4,5)(4,6)] | mounted=(4,6) table=(1,3,0)(2,4,0)(3,4,0) U1=0 [] U2=0 [] corrupt=0 I-3.8_rows_not_below_mounted=[]
    INPUTS i2t4.accounting code=Metadata b=4 start=3 n=0 row(T_pub,W)=Some((4, 0)) | verdict=Published referenced=false on_timeline=true
    INPUTS i2t4.node0 code=Metadata b=4 start=3 n=0 row(T_pub,W)=Some((4, 0)) | verdict=Published referenced=true on_timeline=true
    INPUTS i2t4.data1 code=Data b=4 start=3 n=1 row(T_pub,W)=Some((4, 0)) | verdict=Published referenced=true on_timeline=true
    INPUTS i2t5.accounting code=Metadata b=5 start=3 n=0 row(T_pub,W)=Some((4, 0)) | verdict=Unpublished referenced=false on_timeline=false
    INPUTS i3t5.accounting code=Metadata b=5 start=3 n=0 row(T_pub,W)=Some((4, 0)) | verdict=Unpublished referenced=false on_timeline=false
    INPUTS i3t5.node0 code=Metadata b=5 start=3 n=0 row(T_pub,W)=Some((4, 0)) | verdict=Unpublished referenced=false on_timeline=false
    INPUTS i3t5.data1 code=Data b=5 start=3 n=1 row(T_pub,W)=Some((4, 0)) | verdict=Unpublished referenced=false on_timeline=false
  M5 mode=recovery unreadable=[] selected=(4,6) after_replay=(4,6) W=0 acquired=5 rows_written=(1,3,0)(2,4,0)(3,4,0)(4,6,0) first_txg=7 admission_short=false reach=Complete+Some(Complete) landed=[(5,7)(5,8)] | mounted=(5,8) table=(1,3,0)(2,4,0)(3,4,0)(4,6,0) U1=0 [] U2=0 [] corrupt=0 I-3.8_rows_not_below_mounted=[]
C330_PREMISE6 rules=c330_yi_record_scan m2_first_reach=Complete rollback_at_m2=true
  M2 mode=rollback unreadable=[] selected=(1,3) after_replay=(1,1) W=0 acquired=2 rows_written=(1,1,0,rollback) first_txg=4 admission_short=false reach=Complete+Some(UnitsOnly) landed=[(2,4)] | mounted=(2,4) table=(1,1,0,rollback) U1=0 [] U2=0 [] corrupt=0 I-3.8_rows_not_below_mounted=[]
  M3 mode=recovery unreadable=[(2, 4)] selected=(1,3) after_replay=(1,3) W=0 acquired=3 rows_written=(1,3,0)(2,3,0) first_txg=5 admission_short=false reach=UnitsOnly+None landed=[] | mounted=none(这次挂载一个根都没落，新行不生效)
  M4 mode=recovery unreadable=[] selected=(2,4) after_replay=(2,4) W=0 acquired=4 rows_written=(1,1,0,rollback)(2,4,0)(3,4,0) first_txg=5 admission_short=false reach=Complete+Some(Complete) landed=[(4,5)(4,6)] | mounted=(4,6) table=(1,1,0,rollback)(2,4,0)(3,4,0) U1=0 [] U2=0 [] corrupt=0 I-3.8_rows_not_below_mounted=[]
    INPUTS i2t4.accounting code=Metadata b=4 start=1 n=0 row(T_pub,W)=Some((4, 0)) | verdict=Published referenced=false on_timeline=true
    INPUTS i2t4.node0 code=Metadata b=4 start=1 n=0 row(T_pub,W)=Some((4, 0)) | verdict=Published referenced=true on_timeline=true
    INPUTS i2t4.data1 code=Data b=4 start=1 n=1 row(T_pub,W)=Some((4, 0)) | verdict=Published referenced=true on_timeline=true
    INPUTS i2t5.accounting code=Metadata b=5 start=1 n=0 row(T_pub,W)=Some((4, 0)) | verdict=Unpublished referenced=false on_timeline=false
    INPUTS i3t5.accounting code=Metadata b=5 start=3 n=0 row(T_pub,W)=Some((4, 0)) | verdict=Unpublished referenced=false on_timeline=false
    INPUTS i3t5.node0 code=Metadata b=5 start=3 n=0 row(T_pub,W)=Some((4, 0)) | verdict=Unpublished referenced=false on_timeline=false
    INPUTS i3t5.data1 code=Data b=5 start=3 n=1 row(T_pub,W)=Some((4, 0)) | verdict=Unpublished referenced=false on_timeline=false
  M5 mode=recovery unreadable=[] selected=(4,6) after_replay=(4,6) W=0 acquired=5 rows_written=(1,1,0,rollback)(2,4,0)(3,4,0)(4,6,0) first_txg=7 admission_short=false reach=Complete+Some(Complete) landed=[(5,7)(5,8)] | mounted=(5,8) table=(1,1,0,rollback)(2,4,0)(3,4,0)(4,6,0) U1=0 [] U2=0 [] corrupt=0 I-3.8_rows_not_below_mounted=[]
C330_CONSECUTIVE_SWITCH rules=c330_yi_record_scan reading=LiteralOldInstance
  M2 mode=recovery unreadable=[] selected=(1,3) after_replay=(1,3) W=0 acquired=2 rows_written=(1,3,0) first_txg=4 admission_short=false reach=Complete+Some(Complete) landed=[(2,4)(2,5)] | mounted=(2,5) table=(1,3,0) U1=0 [] U2=0 [] corrupt=0 I-3.8_rows_not_below_mounted=[]
  M2'' switch 2->3->4 kept=[i2t6.publishing.data2(i2,b6,n2,Data,start3),i2t6.publishing.data3(i2,b6,n3,Data,start3)] rows_written_by_second_switch=(1,3,0)(2,5,0)(3,5,3) | mounted=(4,7) table=(1,3,0)(2,5,0)(3,5,3) U1=1 [i3t7.redo.data1(i3,b7,n1,Data,start5)] U2=2 [i2t6.publishing.data2(i2,b6,n2,Data,start3),i2t6.publishing.data3(i2,b6,n3,Data,start3)] corrupt=0 I-3.8_rows_not_below_mounted=[]
  M3 mode=recovery unreadable=[] selected=(4,7) after_replay=(4,7) W=0 acquired=5 rows_written=(1,3,0)(2,5,0)(3,5,3)(4,7,0) first_txg=8 admission_short=false reach=Complete+Some(Complete) landed=[(5,8)(5,9)] | mounted=(5,9) table=(1,3,0)(2,5,0)(3,5,3)(4,7,0) U1=1 [i3t7.redo.data1(i3,b7,n1,Data,start5)] U2=2 [i2t6.publishing.data2(i2,b6,n2,Data,start3),i2t6.publishing.data3(i2,b6,n3,Data,start3)] corrupt=0 I-3.8_rows_not_below_mounted=[]
  M4 mode=recovery unreadable=[] selected=(5,9) after_replay=(5,9) W=0 acquired=6 rows_written=(1,3,0)(2,5,0)(3,5,3)(4,7,0)(5,9,0) first_txg=10 admission_short=false reach=Complete+Some(Complete) landed=[(6,10)(6,11)] | mounted=(6,11) table=(1,3,0)(2,5,0)(3,5,3)(4,7,0)(5,9,0) U1=1 [i3t7.redo.data1(i3,b7,n1,Data,start5)] U2=2 [i2t6.publishing.data2(i2,b6,n2,Data,start3),i2t6.publishing.data3(i2,b6,n3,Data,start3)] corrupt=0 I-3.8_rows_not_below_mounted=[]
C330_CONSECUTIVE_SWITCH rules=c330_yi_record_scan reading=OwnerOfKeptTransactions
  M2 mode=recovery unreadable=[] selected=(1,3) after_replay=(1,3) W=0 acquired=2 rows_written=(1,3,0) first_txg=4 admission_short=false reach=Complete+Some(Complete) landed=[(2,4)(2,5)] | mounted=(2,5) table=(1,3,0) U1=0 [] U2=0 [] corrupt=0 I-3.8_rows_not_below_mounted=[]
  M2'' switch 2->3->4 kept=[i2t6.publishing.data2(i2,b6,n2,Data,start3),i2t6.publishing.data3(i2,b6,n3,Data,start3)] rows_written_by_second_switch=(1,3,0)(2,5,3)(3,5,0) | mounted=(4,7) table=(1,3,0)(2,5,3)(3,5,0) U1=0 [] U2=0 [] corrupt=0 I-3.8_rows_not_below_mounted=[]
  M3 mode=recovery unreadable=[] selected=(4,7) after_replay=(4,7) W=0 acquired=5 rows_written=(1,3,0)(2,5,3)(3,5,0)(4,7,0) first_txg=8 admission_short=false reach=Complete+Some(Complete) landed=[(5,8)(5,9)] | mounted=(5,9) table=(1,3,0)(2,5,3)(3,5,0)(4,7,0) U1=0 [] U2=0 [] corrupt=0 I-3.8_rows_not_below_mounted=[]
  M4 mode=recovery unreadable=[] selected=(5,9) after_replay=(5,9) W=0 acquired=6 rows_written=(1,3,0)(2,5,3)(3,5,0)(4,7,0)(5,9,0) first_txg=10 admission_short=false reach=Complete+Some(Complete) landed=[(6,10)(6,11)] | mounted=(6,11) table=(1,3,0)(2,5,3)(3,5,0)(4,7,0)(5,9,0) U1=0 [] U2=0 [] corrupt=0 I-3.8_rows_not_below_mounted=[]
REPLAYED_METADATA rules=c330_yi_record_scan handling=AdoptedAsIs
  M1 acquired=1 landed=(1,1)(1,2)(1,3) in_flight=(1,4) data2+nodes3 record_landed root_not crash
  M2 selected=(1,3) after_replay=(1,4) W=3 acquired=2 rows_written=(1,3,3) replayed_nodes=[i1t4.node0(i1,b4,n0,Metadata,start0),i1t4.node1(i1,b4,n0,Metadata,start0),i1t4.node2(i1,b4,n0,Metadata,start0)] row_publication_new_units=accounting1+rewritten0 | mounted=(2,6) table=(1,3,3) U1=0 [] U2=3 [i1t4.node0(i1,b4,n0,Metadata,start0),i1t4.node1(i1,b4,n0,Metadata,start0),i1t4.node2(i1,b4,n0,Metadata,start0)] corrupt=0 I-3.8_rows_not_below_mounted=[]
  M3 mode=recovery unreadable=[] selected=(2,6) after_replay=(2,6) W=0 acquired=3 rows_written=(1,3,3)(2,6,0) first_txg=7 admission_short=false reach=Complete+Some(Complete) landed=[(3,7)(3,8)] | mounted=(3,8) table=(1,3,3)(2,6,0) U1=0 [] U2=3 [i1t4.node0(i1,b4,n0,Metadata,start0),i1t4.node1(i1,b4,n0,Metadata,start0),i1t4.node2(i1,b4,n0,Metadata,start0)] corrupt=0 I-3.8_rows_not_below_mounted=[]
  M4 mode=recovery unreadable=[] selected=(3,8) after_replay=(3,8) W=0 acquired=4 rows_written=(1,3,3)(2,6,0)(3,8,0) first_txg=9 admission_short=false reach=Complete+Some(Complete) landed=[(4,9)(4,10)] | mounted=(4,10) table=(1,3,3)(2,6,0)(3,8,0) U1=0 [] U2=3 [i1t4.node0(i1,b4,n0,Metadata,start0),i1t4.node1(i1,b4,n0,Metadata,start0),i1t4.node2(i1,b4,n0,Metadata,start0)] corrupt=0 I-3.8_rows_not_below_mounted=[]
REPLAYED_METADATA rules=c330_yi_record_scan handling=RewrittenByRecovery
  M1 acquired=1 landed=(1,1)(1,2)(1,3) in_flight=(1,4) data2+nodes3 record_landed root_not crash
  M2 selected=(1,3) after_replay=(1,4) W=3 acquired=2 rows_written=(1,3,3) replayed_nodes=[i1t4.node0(i1,b4,n0,Metadata,start0),i1t4.node1(i1,b4,n0,Metadata,start0),i1t4.node2(i1,b4,n0,Metadata,start0)] row_publication_new_units=accounting1+rewritten3 | mounted=(2,6) table=(1,3,3) U1=0 [] U2=0 [] corrupt=0 I-3.8_rows_not_below_mounted=[]
  M3 mode=recovery unreadable=[] selected=(2,6) after_replay=(2,6) W=0 acquired=3 rows_written=(1,3,3)(2,6,0) first_txg=7 admission_short=false reach=Complete+Some(Complete) landed=[(3,7)(3,8)] | mounted=(3,8) table=(1,3,3)(2,6,0) U1=0 [] U2=0 [] corrupt=0 I-3.8_rows_not_below_mounted=[]
  M4 mode=recovery unreadable=[] selected=(3,8) after_replay=(3,8) W=0 acquired=4 rows_written=(1,3,3)(2,6,0)(3,8,0) first_txg=9 admission_short=false reach=Complete+Some(Complete) landed=[(4,9)(4,10)] | mounted=(4,10) table=(1,3,3)(2,6,0)(3,8,0) U1=0 [] U2=0 [] corrupt=0 I-3.8_rows_not_below_mounted=[]
REPLAYED_METADATA rules=c330_yi_record_scan handling=RowTxgAfterReplay
  M1 acquired=1 landed=(1,1)(1,2)(1,3) in_flight=(1,4) data2+nodes3 record_landed root_not crash
  M2 selected=(1,3) after_replay=(1,4) W=3 acquired=2 rows_written=(1,4,3) replayed_nodes=[i1t4.node0(i1,b4,n0,Metadata,start0),i1t4.node1(i1,b4,n0,Metadata,start0),i1t4.node2(i1,b4,n0,Metadata,start0)] row_publication_new_units=accounting1+rewritten0 | mounted=(2,6) table=(1,4,3) U1=0 [] U2=0 [] corrupt=0 I-3.8_rows_not_below_mounted=[]
  M3 mode=recovery unreadable=[] selected=(2,6) after_replay=(2,6) W=0 acquired=3 rows_written=(1,4,3)(2,6,0) first_txg=7 admission_short=false reach=Complete+Some(Complete) landed=[(3,7)(3,8)] | mounted=(3,8) table=(1,4,3)(2,6,0) U1=0 [] U2=0 [] corrupt=0 I-3.8_rows_not_below_mounted=[]
  M4 mode=recovery unreadable=[] selected=(3,8) after_replay=(3,8) W=0 acquired=4 rows_written=(1,4,3)(2,6,0)(3,8,0) first_txg=9 admission_short=false reach=Complete+Some(Complete) landed=[(4,9)(4,10)] | mounted=(4,10) table=(1,4,3)(2,6,0)(3,8,0) U1=0 [] U2=0 [] corrupt=0 I-3.8_rows_not_below_mounted=[]
C330_PREMISE6 rules=c330_bing_start m2_first_reach=RootNoSuperblock rollback_at_m2=false
  M2 mode=recovery unreadable=[] selected=(1,3) after_replay=(1,3) W=0 acquired=2 rows_written=(1,3,0) first_txg=4 admission_short=false reach=RootNoSuperblock+Some(UnitsOnly) landed=[(2,4)] | mounted=(2,4) table=(1,3,0) U1=0 [] U2=2 [i1t3.node0(i1,b3,n0,Metadata,start0),i1t3.data1(i1,b3,n1,Data,start0)] corrupt=0 I-3.8_rows_not_below_mounted=[]
  M3 mode=recovery unreadable=[(2, 4)] selected=(1,3) after_replay=(1,3) W=0 acquired=3 rows_written=(1,3,0)(2,3,0) first_txg=4 admission_short=false reach=UnitsOnly+None landed=[] | mounted=none(这次挂载一个根都没落，新行不生效)
  M4 mode=recovery unreadable=[] selected=(2,4) after_replay=(2,4) W=0 acquired=4 rows_written=(1,3,0)(2,4,0)(3,4,0) first_txg=5 admission_short=false reach=Complete+Some(Complete) landed=[(4,5)(4,6)] | mounted=(4,6) table=(1,3,0)(2,4,0)(3,4,0) U1=0 [] U2=4 [i1t3.node0(i1,b3,n0,Metadata,start0),i1t3.data1(i1,b3,n1,Data,start0),i2t4.node0(i2,b4,n0,Metadata,start3),i2t4.data1(i2,b4,n1,Data,start3)] corrupt=0 I-3.8_rows_not_below_mounted=[]
    INPUTS i2t4.accounting code=Metadata b=4 start=3 n=0 row(T_pub,W)=Some((4, 0)) | verdict=Unpublished referenced=false on_timeline=true
    INPUTS i2t4.node0 code=Metadata b=4 start=3 n=0 row(T_pub,W)=Some((4, 0)) | verdict=Unpublished referenced=true on_timeline=true
    INPUTS i2t4.data1 code=Data b=4 start=3 n=1 row(T_pub,W)=Some((4, 0)) | verdict=Unpublished referenced=true on_timeline=true
    INPUTS i3t4.accounting code=Metadata b=4 start=3 n=0 row(T_pub,W)=Some((4, 0)) | verdict=Unpublished referenced=false on_timeline=false
    INPUTS i3t4.node0 code=Metadata b=4 start=3 n=0 row(T_pub,W)=Some((4, 0)) | verdict=Unpublished referenced=false on_timeline=false
    INPUTS i3t4.data1 code=Data b=4 start=3 n=1 row(T_pub,W)=Some((4, 0)) | verdict=Unpublished referenced=false on_timeline=false
  M5 mode=recovery unreadable=[] selected=(4,6) after_replay=(4,6) W=0 acquired=5 rows_written=(1,3,0)(2,4,0)(3,4,0)(4,6,0) first_txg=7 admission_short=false reach=Complete+Some(Complete) landed=[(5,7)(5,8)] | mounted=(5,8) table=(1,3,0)(2,4,0)(3,4,0)(4,6,0) U1=0 [] U2=5 [i1t3.node0(i1,b3,n0,Metadata,start0),i1t3.data1(i1,b3,n1,Data,start0),i2t4.node0(i2,b4,n0,Metadata,start3),i2t4.data1(i2,b4,n1,Data,start3),i4t5.data1(i4,b5,n1,Data,start4)] corrupt=0 I-3.8_rows_not_below_mounted=[]
C330_PREMISE6 rules=c330_bing_start m2_first_reach=Complete rollback_at_m2=false
  M2 mode=recovery unreadable=[] selected=(1,3) after_replay=(1,3) W=0 acquired=2 rows_written=(1,3,0) first_txg=4 admission_short=false reach=Complete+Some(UnitsOnly) landed=[(2,4)] | mounted=(2,4) table=(1,3,0) U1=0 [] U2=2 [i1t3.node0(i1,b3,n0,Metadata,start0),i1t3.data1(i1,b3,n1,Data,start0)] corrupt=0 I-3.8_rows_not_below_mounted=[]
  M3 mode=recovery unreadable=[(2, 4)] selected=(1,3) after_replay=(1,3) W=0 acquired=3 rows_written=(1,3,0)(2,3,0) first_txg=4 admission_short=false reach=UnitsOnly+None landed=[] | mounted=none(这次挂载一个根都没落，新行不生效)
  M4 mode=recovery unreadable=[] selected=(2,4) after_replay=(2,4) W=0 acquired=4 rows_written=(1,3,0)(2,4,0)(3,4,0) first_txg=5 admission_short=false reach=Complete+Some(Complete) landed=[(4,5)(4,6)] | mounted=(4,6) table=(1,3,0)(2,4,0)(3,4,0) U1=0 [] U2=4 [i1t3.node0(i1,b3,n0,Metadata,start0),i1t3.data1(i1,b3,n1,Data,start0),i2t4.node0(i2,b4,n0,Metadata,start3),i2t4.data1(i2,b4,n1,Data,start3)] corrupt=0 I-3.8_rows_not_below_mounted=[]
    INPUTS i2t4.accounting code=Metadata b=4 start=3 n=0 row(T_pub,W)=Some((4, 0)) | verdict=Unpublished referenced=false on_timeline=true
    INPUTS i2t4.node0 code=Metadata b=4 start=3 n=0 row(T_pub,W)=Some((4, 0)) | verdict=Unpublished referenced=true on_timeline=true
    INPUTS i2t4.data1 code=Data b=4 start=3 n=1 row(T_pub,W)=Some((4, 0)) | verdict=Unpublished referenced=true on_timeline=true
    INPUTS i2t5.accounting code=Metadata b=5 start=3 n=0 row(T_pub,W)=Some((4, 0)) | verdict=Unpublished referenced=false on_timeline=false
    INPUTS i3t4.accounting code=Metadata b=4 start=3 n=0 row(T_pub,W)=Some((4, 0)) | verdict=Unpublished referenced=false on_timeline=false
    INPUTS i3t4.node0 code=Metadata b=4 start=3 n=0 row(T_pub,W)=Some((4, 0)) | verdict=Unpublished referenced=false on_timeline=false
    INPUTS i3t4.data1 code=Data b=4 start=3 n=1 row(T_pub,W)=Some((4, 0)) | verdict=Unpublished referenced=false on_timeline=false
  M5 mode=recovery unreadable=[] selected=(4,6) after_replay=(4,6) W=0 acquired=5 rows_written=(1,3,0)(2,4,0)(3,4,0)(4,6,0) first_txg=7 admission_short=false reach=Complete+Some(Complete) landed=[(5,7)(5,8)] | mounted=(5,8) table=(1,3,0)(2,4,0)(3,4,0)(4,6,0) U1=0 [] U2=5 [i1t3.node0(i1,b3,n0,Metadata,start0),i1t3.data1(i1,b3,n1,Data,start0),i2t4.node0(i2,b4,n0,Metadata,start3),i2t4.data1(i2,b4,n1,Data,start3),i4t5.data1(i4,b5,n1,Data,start4)] corrupt=0 I-3.8_rows_not_below_mounted=[]
C330_PREMISE6 rules=c330_bing_start m2_first_reach=Complete rollback_at_m2=true
  M2 mode=rollback unreadable=[] selected=(1,3) after_replay=(1,1) W=0 acquired=2 rows_written=(1,1,0,rollback) first_txg=4 admission_short=false reach=Complete+Some(UnitsOnly) landed=[(2,4)] | mounted=(2,4) table=(1,1,0,rollback) U1=0 [] U2=0 [] corrupt=0 I-3.8_rows_not_below_mounted=[]
  M3 mode=recovery unreadable=[(2, 4)] selected=(1,3) after_replay=(1,3) W=0 acquired=3 rows_written=(1,3,0)(2,3,0) first_txg=4 admission_short=false reach=UnitsOnly+None landed=[] | mounted=none(这次挂载一个根都没落，新行不生效)
  M4 mode=recovery unreadable=[] selected=(2,4) after_replay=(2,4) W=0 acquired=4 rows_written=(1,1,0,rollback)(2,4,0)(3,4,0) first_txg=5 admission_short=false reach=Complete+Some(Complete) landed=[(4,5)(4,6)] | mounted=(4,6) table=(1,1,0,rollback)(2,4,0)(3,4,0) U1=0 [] U2=2 [i2t4.node0(i2,b4,n0,Metadata,start1),i2t4.data1(i2,b4,n1,Data,start1)] corrupt=0 I-3.8_rows_not_below_mounted=[]
    INPUTS i2t4.accounting code=Metadata b=4 start=1 n=0 row(T_pub,W)=Some((4, 0)) | verdict=Unpublished referenced=false on_timeline=true
    INPUTS i2t4.node0 code=Metadata b=4 start=1 n=0 row(T_pub,W)=Some((4, 0)) | verdict=Unpublished referenced=true on_timeline=true
    INPUTS i2t4.data1 code=Data b=4 start=1 n=1 row(T_pub,W)=Some((4, 0)) | verdict=Unpublished referenced=true on_timeline=true
    INPUTS i2t5.accounting code=Metadata b=5 start=1 n=0 row(T_pub,W)=Some((4, 0)) | verdict=Unpublished referenced=false on_timeline=false
    INPUTS i3t4.accounting code=Metadata b=4 start=3 n=0 row(T_pub,W)=Some((4, 0)) | verdict=Unpublished referenced=false on_timeline=false
    INPUTS i3t4.node0 code=Metadata b=4 start=3 n=0 row(T_pub,W)=Some((4, 0)) | verdict=Unpublished referenced=false on_timeline=false
    INPUTS i3t4.data1 code=Data b=4 start=3 n=1 row(T_pub,W)=Some((4, 0)) | verdict=Unpublished referenced=false on_timeline=false
  M5 mode=recovery unreadable=[] selected=(4,6) after_replay=(4,6) W=0 acquired=5 rows_written=(1,1,0,rollback)(2,4,0)(3,4,0)(4,6,0) first_txg=7 admission_short=false reach=Complete+Some(Complete) landed=[(5,7)(5,8)] | mounted=(5,8) table=(1,1,0,rollback)(2,4,0)(3,4,0)(4,6,0) U1=0 [] U2=3 [i2t4.node0(i2,b4,n0,Metadata,start1),i2t4.data1(i2,b4,n1,Data,start1),i4t5.data1(i4,b5,n1,Data,start4)] corrupt=0 I-3.8_rows_not_below_mounted=[]
C330_CONSECUTIVE_SWITCH rules=c330_bing_start reading=LiteralOldInstance
  M2 mode=recovery unreadable=[] selected=(1,3) after_replay=(1,3) W=0 acquired=2 rows_written=(1,3,0) first_txg=4 admission_short=false reach=Complete+Some(Complete) landed=[(2,4)(2,5)] | mounted=(2,5) table=(1,3,0) U1=0 [] U2=2 [i1t3.node0(i1,b3,n0,Metadata,start0),i1t3.data1(i1,b3,n1,Data,start0)] corrupt=0 I-3.8_rows_not_below_mounted=[]
  M2'' switch 2->3->4 kept=[i2t6.publishing.data2(i2,b6,n2,Data,start3),i2t6.publishing.data3(i2,b6,n3,Data,start3)] rows_written_by_second_switch=(1,3,0)(2,5,0)(3,5,3) | mounted=(4,7) table=(1,3,0)(2,5,0)(3,5,3) U1=1 [i3t7.redo.data1(i3,b7,n1,Data,start5)] U2=5 [i1t3.node0(i1,b3,n0,Metadata,start0),i1t3.data1(i1,b3,n1,Data,start0),i2t4.data1(i2,b4,n1,Data,start3),i2t6.publishing.data2(i2,b6,n2,Data,start3),i2t6.publishing.data3(i2,b6,n3,Data,start3)] corrupt=0 I-3.8_rows_not_below_mounted=[]
  M3 mode=recovery unreadable=[] selected=(4,7) after_replay=(4,7) W=0 acquired=5 rows_written=(1,3,0)(2,5,0)(3,5,3)(4,7,0) first_txg=8 admission_short=false reach=Complete+Some(Complete) landed=[(5,8)(5,9)] | mounted=(5,9) table=(1,3,0)(2,5,0)(3,5,3)(4,7,0) U1=1 [i3t7.redo.data1(i3,b7,n1,Data,start5)] U2=6 [i1t3.node0(i1,b3,n0,Metadata,start0),i1t3.data1(i1,b3,n1,Data,start0),i2t4.data1(i2,b4,n1,Data,start3),i2t6.publishing.data2(i2,b6,n2,Data,start3),i2t6.publishing.data3(i2,b6,n3,Data,start3),i4t7.redo.data1(i4,b7,n1,Data,start5)] corrupt=0 I-3.8_rows_not_below_mounted=[]
  M4 mode=recovery unreadable=[] selected=(5,9) after_replay=(5,9) W=0 acquired=6 rows_written=(1,3,0)(2,5,0)(3,5,3)(4,7,0)(5,9,0) first_txg=10 admission_short=false reach=Complete+Some(Complete) landed=[(6,10)(6,11)] | mounted=(6,11) table=(1,3,0)(2,5,0)(3,5,3)(4,7,0)(5,9,0) U1=1 [i3t7.redo.data1(i3,b7,n1,Data,start5)] U2=7 [i1t3.node0(i1,b3,n0,Metadata,start0),i1t3.data1(i1,b3,n1,Data,start0),i2t4.data1(i2,b4,n1,Data,start3),i2t6.publishing.data2(i2,b6,n2,Data,start3),i2t6.publishing.data3(i2,b6,n3,Data,start3),i4t7.redo.data1(i4,b7,n1,Data,start5),i5t8.data1(i5,b8,n1,Data,start7)] corrupt=0 I-3.8_rows_not_below_mounted=[]
C330_CONSECUTIVE_SWITCH rules=c330_bing_start reading=OwnerOfKeptTransactions
  M2 mode=recovery unreadable=[] selected=(1,3) after_replay=(1,3) W=0 acquired=2 rows_written=(1,3,0) first_txg=4 admission_short=false reach=Complete+Some(Complete) landed=[(2,4)(2,5)] | mounted=(2,5) table=(1,3,0) U1=0 [] U2=2 [i1t3.node0(i1,b3,n0,Metadata,start0),i1t3.data1(i1,b3,n1,Data,start0)] corrupt=0 I-3.8_rows_not_below_mounted=[]
  M2'' switch 2->3->4 kept=[i2t6.publishing.data2(i2,b6,n2,Data,start3),i2t6.publishing.data3(i2,b6,n3,Data,start3)] rows_written_by_second_switch=(1,3,0)(2,5,3)(3,5,0) | mounted=(4,7) table=(1,3,0)(2,5,3)(3,5,0) U1=0 [] U2=2 [i1t3.node0(i1,b3,n0,Metadata,start0),i1t3.data1(i1,b3,n1,Data,start0)] corrupt=0 I-3.8_rows_not_below_mounted=[]
  M3 mode=recovery unreadable=[] selected=(4,7) after_replay=(4,7) W=0 acquired=5 rows_written=(1,3,0)(2,5,3)(3,5,0)(4,7,0) first_txg=8 admission_short=false reach=Complete+Some(Complete) landed=[(5,8)(5,9)] | mounted=(5,9) table=(1,3,0)(2,5,3)(3,5,0)(4,7,0) U1=0 [] U2=3 [i1t3.node0(i1,b3,n0,Metadata,start0),i1t3.data1(i1,b3,n1,Data,start0),i4t7.redo.data1(i4,b7,n1,Data,start5)] corrupt=0 I-3.8_rows_not_below_mounted=[]
  M4 mode=recovery unreadable=[] selected=(5,9) after_replay=(5,9) W=0 acquired=6 rows_written=(1,3,0)(2,5,3)(3,5,0)(4,7,0)(5,9,0) first_txg=10 admission_short=false reach=Complete+Some(Complete) landed=[(6,10)(6,11)] | mounted=(6,11) table=(1,3,0)(2,5,3)(3,5,0)(4,7,0)(5,9,0) U1=0 [] U2=4 [i1t3.node0(i1,b3,n0,Metadata,start0),i1t3.data1(i1,b3,n1,Data,start0),i4t7.redo.data1(i4,b7,n1,Data,start5),i5t8.data1(i5,b8,n1,Data,start7)] corrupt=0 I-3.8_rows_not_below_mounted=[]
REPLAYED_METADATA rules=c330_bing_start handling=AdoptedAsIs
  M1 acquired=1 landed=(1,1)(1,2)(1,3) in_flight=(1,4) data2+nodes3 record_landed root_not crash
  M2 selected=(1,3) after_replay=(1,4) W=3 acquired=2 rows_written=(1,3,3) replayed_nodes=[i1t4.node0(i1,b4,n0,Metadata,start0),i1t4.node1(i1,b4,n0,Metadata,start0),i1t4.node2(i1,b4,n0,Metadata,start0)] row_publication_new_units=accounting1+rewritten0 | mounted=(2,6) table=(1,3,3) U1=0 [] U2=4 [i1t3.node0(i1,b3,n0,Metadata,start0),i1t4.node0(i1,b4,n0,Metadata,start0),i1t4.node1(i1,b4,n0,Metadata,start0),i1t4.node2(i1,b4,n0,Metadata,start0)] corrupt=0 I-3.8_rows_not_below_mounted=[]
  M3 mode=recovery unreadable=[] selected=(2,6) after_replay=(2,6) W=0 acquired=3 rows_written=(1,3,3)(2,6,0) first_txg=7 admission_short=false reach=Complete+Some(Complete) landed=[(3,7)(3,8)] | mounted=(3,8) table=(1,3,3)(2,6,0) U1=0 [] U2=4 [i1t3.node0(i1,b3,n0,Metadata,start0),i1t4.node0(i1,b4,n0,Metadata,start0),i1t4.node1(i1,b4,n0,Metadata,start0),i1t4.node2(i1,b4,n0,Metadata,start0)] corrupt=0 I-3.8_rows_not_below_mounted=[]
  M4 mode=recovery unreadable=[] selected=(3,8) after_replay=(3,8) W=0 acquired=4 rows_written=(1,3,3)(2,6,0)(3,8,0) first_txg=9 admission_short=false reach=Complete+Some(Complete) landed=[(4,9)(4,10)] | mounted=(4,10) table=(1,3,3)(2,6,0)(3,8,0) U1=0 [] U2=5 [i1t3.node0(i1,b3,n0,Metadata,start0),i1t4.node0(i1,b4,n0,Metadata,start0),i1t4.node1(i1,b4,n0,Metadata,start0),i1t4.node2(i1,b4,n0,Metadata,start0),i3t7.data1(i3,b7,n1,Data,start6)] corrupt=0 I-3.8_rows_not_below_mounted=[]
REPLAYED_METADATA rules=c330_bing_start handling=RewrittenByRecovery
  M1 acquired=1 landed=(1,1)(1,2)(1,3) in_flight=(1,4) data2+nodes3 record_landed root_not crash
  M2 selected=(1,3) after_replay=(1,4) W=3 acquired=2 rows_written=(1,3,3) replayed_nodes=[i1t4.node0(i1,b4,n0,Metadata,start0),i1t4.node1(i1,b4,n0,Metadata,start0),i1t4.node2(i1,b4,n0,Metadata,start0)] row_publication_new_units=accounting1+rewritten3 | mounted=(2,6) table=(1,3,3) U1=0 [] U2=1 [i1t3.node0(i1,b3,n0,Metadata,start0)] corrupt=0 I-3.8_rows_not_below_mounted=[]
  M3 mode=recovery unreadable=[] selected=(2,6) after_replay=(2,6) W=0 acquired=3 rows_written=(1,3,3)(2,6,0) first_txg=7 admission_short=false reach=Complete+Some(Complete) landed=[(3,7)(3,8)] | mounted=(3,8) table=(1,3,3)(2,6,0) U1=0 [] U2=4 [i1t3.node0(i1,b3,n0,Metadata,start0),i2t5.rowpub.node0(i2,b5,n0,Metadata,start4),i2t5.rowpub.node1(i2,b5,n0,Metadata,start4),i2t5.rowpub.node2(i2,b5,n0,Metadata,start4)] corrupt=0 I-3.8_rows_not_below_mounted=[]
  M4 mode=recovery unreadable=[] selected=(3,8) after_replay=(3,8) W=0 acquired=4 rows_written=(1,3,3)(2,6,0)(3,8,0) first_txg=9 admission_short=false reach=Complete+Some(Complete) landed=[(4,9)(4,10)] | mounted=(4,10) table=(1,3,3)(2,6,0)(3,8,0) U1=0 [] U2=5 [i1t3.node0(i1,b3,n0,Metadata,start0),i2t5.rowpub.node0(i2,b5,n0,Metadata,start4),i2t5.rowpub.node1(i2,b5,n0,Metadata,start4),i2t5.rowpub.node2(i2,b5,n0,Metadata,start4),i3t7.data1(i3,b7,n1,Data,start6)] corrupt=0 I-3.8_rows_not_below_mounted=[]
REPLAYED_METADATA rules=c330_bing_start handling=RowTxgAfterReplay
  M1 acquired=1 landed=(1,1)(1,2)(1,3) in_flight=(1,4) data2+nodes3 record_landed root_not crash
  M2 selected=(1,3) after_replay=(1,4) W=3 acquired=2 rows_written=(1,4,3) replayed_nodes=[i1t4.node0(i1,b4,n0,Metadata,start0),i1t4.node1(i1,b4,n0,Metadata,start0),i1t4.node2(i1,b4,n0,Metadata,start0)] row_publication_new_units=accounting1+rewritten0 | mounted=(2,6) table=(1,4,3) U1=0 [] U2=4 [i1t3.node0(i1,b3,n0,Metadata,start0),i1t4.node0(i1,b4,n0,Metadata,start0),i1t4.node1(i1,b4,n0,Metadata,start0),i1t4.node2(i1,b4,n0,Metadata,start0)] corrupt=0 I-3.8_rows_not_below_mounted=[]
  M3 mode=recovery unreadable=[] selected=(2,6) after_replay=(2,6) W=0 acquired=3 rows_written=(1,4,3)(2,6,0) first_txg=7 admission_short=false reach=Complete+Some(Complete) landed=[(3,7)(3,8)] | mounted=(3,8) table=(1,4,3)(2,6,0) U1=0 [] U2=4 [i1t3.node0(i1,b3,n0,Metadata,start0),i1t4.node0(i1,b4,n0,Metadata,start0),i1t4.node1(i1,b4,n0,Metadata,start0),i1t4.node2(i1,b4,n0,Metadata,start0)] corrupt=0 I-3.8_rows_not_below_mounted=[]
  M4 mode=recovery unreadable=[] selected=(3,8) after_replay=(3,8) W=0 acquired=4 rows_written=(1,4,3)(2,6,0)(3,8,0) first_txg=9 admission_short=false reach=Complete+Some(Complete) landed=[(4,9)(4,10)] | mounted=(4,10) table=(1,4,3)(2,6,0)(3,8,0) U1=0 [] U2=5 [i1t3.node0(i1,b3,n0,Metadata,start0),i1t4.node0(i1,b4,n0,Metadata,start0),i1t4.node1(i1,b4,n0,Metadata,start0),i1t4.node2(i1,b4,n0,Metadata,start0),i3t7.data1(i3,b7,n1,Data,start6)] corrupt=0 I-3.8_rows_not_below_mounted=[]
RESERVATION c_max=4 per_disk: per_switch=14 reserved(N_switch=3)=42 | jia_row_publication_only=6 remaining=36 full_switches_left=2 | jia_row_publication_plus_warm_up_worst=14 remaining=28 full_switches_left=2
RESERVATION c_max=9 per_disk: per_switch=29 reserved(N_switch=3)=87 | jia_row_publication_only=11 remaining=76 full_switches_left=2 | jia_row_publication_plus_warm_up_worst=29 remaining=58 full_switches_left=2
WARM_UP first_txg_mod_3=0 publications_to_cover_both_disks=2
WARM_UP first_txg_mod_3=1 publications_to_cover_both_disks=2
WARM_UP first_txg_mod_3=2 publications_to_cover_both_disks=3
ENUM rules=today histories=610000 evaluations=988735 u1_units=1079103 u2_units=203079 histories_with_u1=291529 histories_with_u2=247215 evaluations_with_I-3.8_violation=0
ENUM_EXAMPLE rules=today kind=U1 faults=3
    M2 mode=rollback unreadable=[(1, 3)] selected=(1,2) after_replay=(1,1) W=0 acquired=2 rows_written=(1,1,0,rollback) first_txg=3 admission_short=false reach=UnitsOnly+None landed=[]
    M3 mode=recovery unreadable=[] selected=(1,3) after_replay=(1,3) W=0 acquired=3 rows_written=(1,3,0)(2,3,0) first_txg=4 admission_short=false reach=RootNoSuperblock+None landed=[(3,4)] | mounted=(3,4) table=(1,3,0)(2,3,0) U1=2 [i2t3.accounting(i2,b3,n0,Metadata,start1),i2t3.data1(i2,b3,n1,Data,start1)] U2=0 [] corrupt=0 I-3.8_rows_not_below_mounted=[]
ENUM_EXAMPLE rules=today kind=U2 faults=2
    M2 mode=recovery unreadable=[(1, 3)] selected=(1,2) after_replay=(1,3) W=1 acquired=2 rows_written=(1,2,1) first_txg=4 admission_short=false reach=RootNoSuperblock+None landed=[(2,4)] | mounted=(2,4) table=(1,2,1) U1=0 [] U2=1 [i1t3.node0(i1,b3,n0,Metadata,start0)] corrupt=0 I-3.8_rows_not_below_mounted=[]
ENUM rules=c330_jia histories=610000 evaluations=988735 u1_units=109406 u2_units=203187 histories_with_u1=14853 histories_with_u2=247125 evaluations_with_I-3.8_violation=0
ENUM_EXAMPLE rules=c330_jia kind=U1 faults=5
    M2 mode=recovery unreadable=[] selected=(1,3) after_replay=(1,3) W=0 acquired=2 rows_written=(1,3,0) first_txg=4 admission_short=false reach=RootNoSuperblock+None landed=[(2,4)] | mounted=(2,4) table=(1,3,0) U1=0 [] U2=0 [] corrupt=0 I-3.8_rows_not_below_mounted=[]
    M3 mode=rollback unreadable=[(2, 4), (1, 3)] selected=(1,2) after_replay=(1,1) W=0 acquired=3 rows_written=(1,1,0,rollback)(2,0,0) first_txg=3 admission_short=false reach=RootNoSuperblock+None landed=[(3,3)] | mounted=(3,3) table=(1,1,0,rollback)(2,0,0) U1=0 [] U2=0 [] corrupt=0 I-3.8_rows_not_below_mounted=[]
    M4 mode=rollback unreadable=[] selected=(2,4) after_replay=(3,3) W=0 acquired=4 rows_written=(1,3,0)(3,3,0,rollback) first_txg=5 admission_short=false reach=RootNoSuperblock+None landed=[(4,5)] | mounted=(4,5) table=(1,3,0)(3,3,0,rollback) U1=6 [i1t2.accounting(i1,b2,n0,Metadata,start0),i1t3.accounting(i1,b3,n0,Metadata,start0),i1t3.node0(i1,b3,n0,Metadata,start0),i1t3.data1(i1,b3,n1,Data,start0),i2t4.accounting(i2,b4,n0,Metadata,start3),i2t4.data1(i2,b4,n1,Data,start3)] U2=0 [] corrupt=0 I-3.8_rows_not_below_mounted=[]
ENUM_EXAMPLE rules=c330_jia kind=U2 faults=2
    M2 mode=recovery unreadable=[(1, 3)] selected=(1,2) after_replay=(1,3) W=1 acquired=2 rows_written=(1,2,1) first_txg=4 admission_short=false reach=RootNoSuperblock+None landed=[(2,4)] | mounted=(2,4) table=(1,2,1) U1=0 [] U2=1 [i1t3.node0(i1,b3,n0,Metadata,start0)] corrupt=0 I-3.8_rows_not_below_mounted=[]
ENUM rules=c330_yi_superblock histories=610000 evaluations=988735 u1_units=246526 u2_units=186025 histories_with_u1=81260 histories_with_u2=246357 evaluations_with_I-3.8_violation=0
ENUM_EXAMPLE rules=c330_yi_superblock kind=U1 faults=4
    M2 mode=recovery unreadable=[] selected=(1,3) after_replay=(1,3) W=0 acquired=2 rows_written=(1,3,0) first_txg=4 admission_short=false reach=RootNoSuperblock+None landed=[(2,4)] | mounted=(2,4) table=(1,3,0) U1=0 [] U2=0 [] corrupt=0 I-3.8_rows_not_below_mounted=[]
    M3 mode=recovery unreadable=[(2, 4)] selected=(1,3) after_replay=(1,3) W=0 acquired=3 rows_written=(1,3,0)(2,3,0) first_txg=4 admission_short=false reach=UnitsOnly+None landed=[]
    M4 mode=recovery unreadable=[] selected=(2,4) after_replay=(2,4) W=0 acquired=4 rows_written=(1,3,0)(2,4,0)(3,4,0) first_txg=5 admission_short=false reach=RootNoSuperblock+None landed=[(4,5)] | mounted=(4,5) table=(1,3,0)(2,4,0)(3,4,0) U1=2 [i3t4.accounting(i3,b4,n0,Metadata,start3),i3t4.data1(i3,b4,n1,Data,start3)] U2=0 [] corrupt=0 I-3.8_rows_not_below_mounted=[]
ENUM_EXAMPLE rules=c330_yi_superblock kind=U2 faults=2
    M2 mode=recovery unreadable=[(1, 3)] selected=(1,2) after_replay=(1,3) W=1 acquired=2 rows_written=(1,2,1) first_txg=4 admission_short=false reach=RootNoSuperblock+None landed=[(2,4)] | mounted=(2,4) table=(1,2,1) U1=0 [] U2=1 [i1t3.node0(i1,b3,n0,Metadata,start0)] corrupt=0 I-3.8_rows_not_below_mounted=[]
ENUM rules=c330_yi_root_carried histories=610000 evaluations=988735 u1_units=1079103 u2_units=203079 histories_with_u1=291529 histories_with_u2=247215 evaluations_with_I-3.8_violation=0
ENUM_EXAMPLE rules=c330_yi_root_carried kind=U1 faults=3
    M2 mode=rollback unreadable=[(1, 3)] selected=(1,2) after_replay=(1,1) W=0 acquired=2 rows_written=(1,1,0,rollback) first_txg=3 admission_short=false reach=UnitsOnly+None landed=[]
    M3 mode=recovery unreadable=[] selected=(1,3) after_replay=(1,3) W=0 acquired=3 rows_written=(1,3,0)(2,3,0) first_txg=4 admission_short=false reach=RootNoSuperblock+None landed=[(3,4)] | mounted=(3,4) table=(1,3,0)(2,3,0) U1=2 [i2t3.accounting(i2,b3,n0,Metadata,start1),i2t3.data1(i2,b3,n1,Data,start1)] U2=0 [] corrupt=0 I-3.8_rows_not_below_mounted=[]
ENUM_EXAMPLE rules=c330_yi_root_carried kind=U2 faults=2
    M2 mode=recovery unreadable=[(1, 3)] selected=(1,2) after_replay=(1,3) W=1 acquired=2 rows_written=(1,2,1) first_txg=4 admission_short=false reach=RootNoSuperblock+None landed=[(2,4)] | mounted=(2,4) table=(1,2,1) U1=0 [] U2=1 [i1t3.node0(i1,b3,n0,Metadata,start0)] corrupt=0 I-3.8_rows_not_below_mounted=[]
ENUM rules=c330_yi_record_scan histories=610000 evaluations=988735 u1_units=0 u2_units=185445 histories_with_u1=0 histories_with_u2=246267 evaluations_with_I-3.8_violation=0
ENUM_EXAMPLE rules=c330_yi_record_scan kind=U2 faults=2
    M2 mode=recovery unreadable=[(1, 3)] selected=(1,2) after_replay=(1,3) W=1 acquired=2 rows_written=(1,2,1) first_txg=4 admission_short=false reach=RootNoSuperblock+None landed=[(2,4)] | mounted=(2,4) table=(1,2,1) U1=0 [] U2=1 [i1t3.node0(i1,b3,n0,Metadata,start0)] corrupt=0 I-3.8_rows_not_below_mounted=[]
ENUM rules=c330_bing_start histories=610000 evaluations=988735 u1_units=89147 u2_units=1861792 histories_with_u1=15123 histories_with_u2=610000 evaluations_with_I-3.8_violation=0
ENUM_EXAMPLE rules=c330_bing_start kind=U1 faults=5
    M2 mode=recovery unreadable=[] selected=(1,3) after_replay=(1,3) W=0 acquired=2 rows_written=(1,3,0) first_txg=4 admission_short=false reach=RootNoSuperblock+None landed=[(2,4)] | mounted=(2,4) table=(1,3,0) U1=0 [] U2=2 [i1t3.node0(i1,b3,n0,Metadata,start0),i1t3.data1(i1,b3,n1,Data,start0)] corrupt=0 I-3.8_rows_not_below_mounted=[]
    M3 mode=rollback unreadable=[(2, 4), (1, 3)] selected=(1,2) after_replay=(1,1) W=0 acquired=3 rows_written=(1,1,0,rollback)(2,0,0) first_txg=3 admission_short=false reach=RootNoSuperblock+None landed=[(3,3)] | mounted=(3,3) table=(1,1,0,rollback)(2,0,0) U1=0 [] U2=0 [] corrupt=0 I-3.8_rows_not_below_mounted=[]
    M4 mode=rollback unreadable=[] selected=(2,4) after_replay=(3,3) W=0 acquired=4 rows_written=(1,3,0)(3,3,0,rollback) first_txg=5 admission_short=false reach=RootNoSuperblock+None landed=[(4,5)] | mounted=(4,5) table=(1,3,0)(3,3,0,rollback) U1=2 [i2t4.accounting(i2,b4,n0,Metadata,start3),i2t4.data1(i2,b4,n1,Data,start3)] U2=1 [i3t3.data1(i3,b3,n1,Data,start1)] corrupt=0 I-3.8_rows_not_below_mounted=[]
ENUM_EXAMPLE rules=c330_bing_start kind=U2 faults=1
    M2 mode=recovery unreadable=[] selected=(1,3) after_replay=(1,3) W=0 acquired=2 rows_written=(1,3,0) first_txg=4 admission_short=false reach=RootNoSuperblock+None landed=[(2,4)] | mounted=(2,4) table=(1,3,0) U1=0 [] U2=2 [i1t3.node0(i1,b3,n0,Metadata,start0),i1t3.data1(i1,b3,n1,Data,start0)] corrupt=0 I-3.8_rows_not_below_mounted=[]
