fault	arm	suffix	steps	final_mount	readback	violated	isolated_per_device	isolated_by_check	isolated_at_mount	free_minus_allocatable	check_reads	check_read_bytes	switches	reads_refused	check_events	reuse_steps	rebuild_mapping_mismatch	writes_refused
F9-bad-media-rw-forever	off(today)	FFMOFOFOFOFOFOFOFOFOFOFOFOFOFOFOFO	F:noop F:noop M:mount-err:Recovery(UnitUnreadable { slot: SlotNumber(50182) }) O:refused(not-writable) F:refused(not-writable) O:refused(not-writable) F:refused(not-writable) O:refused(not-writable) F:refused(not-writable) O:refused(not-writable) F:refused(not-writable) O:refused(not-writable) F:refused(not-writable) O:refused(not-writable) F:refused(not-writable) O:refused(not-writable) F:refused(not-writable) O:refused(not-writable) F:refused(not-writable) O:refused(not-writable) F:refused(not-writable) O:refused(not-writable) F:refused(not-writable) O:refused(not-writable) F:refused(not-writable) O:refused(not-writable) F:refused(not-writable) O:refused(not-writable) F:refused(not-writable) O:refused(not-writable) F:refused(not-writable) O:refused(not-writable) F:refused(not-writable) O:refused(not-writable)	mount-err:Recovery(UnitUnreadable { slot: SlotNumber(50182) })	same	-	[0, 0]	0	0	[0, 0]	0	0	0	4	-	[]	0	0
F9-bad-media-rw-forever	off(today)	FFFMFOFOFOFOFOFOFOFOFOFOFOFOFOFOFO	F:noop F:noop F:noop M:mount-err:Recovery(UnitUnreadable { slot: SlotNumber(50182) }) F:refused(not-writable) O:refused(not-writable) F:refused(not-writable) O:refused(not-writable) F:refused(not-writable) O:refused(not-writable) F:refused(not-writable) O:refused(not-writable) F:refused(not-writable) O:refused(not-writable) F:refused(not-writable) O:refused(not-writable) F:refused(not-writable) O:refused(not-writable) F:refused(not-writable) O:refused(not-writable) F:refused(not-writable) O:refused(not-writable) F:refused(not-writable) O:refused(not-writable) F:refused(not-writable) O:refused(not-writable) F:refused(not-writable) O:refused(not-writable) F:refused(not-writable) O:refused(not-writable) F:refused(not-writable) O:refused(not-writable) F:refused(not-writable) O:refused(not-writable)	mount-err:Recovery(UnitUnreadable { slot: SlotNumber(50182) })	same	-	[0, 0]	0	0	[0, 0]	0	0	0	4	-	[]	0	0
F9-bad-media-rw-forever	off(today)	FFMFFOFOFOFOFOFOFOFOFOFOFOFOFOFOFO	F:noop F:noop M:mount-err:Recovery(UnitUnreadable { slot: SlotNumber(50182) }) F:refused(not-writable) F:refused(not-writable) O:refused(not-writable) F:refused(not-writable) O:refused(not-writable) F:refused(not-writable) O:refused(not-writable) F:refused(not-writable) O:refused(not-writable) F:refused(not-writable) O:refused(not-writable) F:refused(not-writable) O:refused(not-writable) F:refused(not-writable) O:refused(not-writable) F:refused(not-writable) O:refused(not-writable) F:refused(not-writable) O:refused(not-writable) F:refused(not-writable) O:refused(not-writable) F:refused(not-writable) O:refused(not-writable) F:refused(not-writable) O:refused(not-writable) F:refused(not-writable) O:refused(not-writable) F:refused(not-writable) O:refused(not-writable) F:refused(not-writable) O:refused(not-writable)	mount-err:Recovery(UnitUnreadable { slot: SlotNumber(50182) })	same	-	[0, 0]	0	0	[0, 0]	0	0	0	4	-	[]	0	0
F9-bad-media-rw-forever	off(today)	FFFOFOFOFOFOFOFOFOFOFOFOFOFOFOFOFO	F:noop F:noop F:noop O:ok F:noop O:ok F:ok(F=3,reclaimed=1) O:ok F:ok(F=6,reclaimed=17) O:ok F:ok(F=7,reclaimed=8) O:ok F:ok(F=8,reclaimed=8) O:err:BlockDevice(InputOutput(Custom { kind: Other, error: "injected write e F:noop O:err:BlockDevice(InputOutput(Custom { kind: Other, error: "injected write e F:noop O:err:BlockDevice(InputOutput(Custom { kind: Other, error: "injected write e F:noop O:err:BlockDevice(InputOutput(Custom { kind: Other, error: "injected write e F:noop O:err:BlockDevice(InputOutput(Custom { kind: Other, error: "injected write e F:noop O:err:BlockDevice(InputOutput(Custom { kind: Other, error: "injected write e F:noop O:err:BlockDevice(InputOutput(Custom { kind: Other, error: "injected write e F:noop O:err:BlockDevice(InputOutput(Custom { kind: Other, error: "injected write e F:noop O:err:BlockDevice(InputOutput(Custom { kind: Other, error: "injected write e F:noop O:err:BlockDevice(InputOutput(Custom { kind: Other, error: "injected write e F:noop O:err:BlockDevice(InputOutput(Custom { kind: Other, error: "injected write e	ok	same	-	[0, 0]	0	0	[0, 0]	0	0	0	0	-	[]	0	11
F9-bad-media-rw-forever	off(today)	FFMMFOFOFOFOFOFOFOFOFOFOFOFOFOFOFO	F:noop F:noop M:mount-err:Recovery(UnitUnreadable { slot: SlotNumber(50182) }) M:mount-err:Recovery(UnitUnreadable { slot: SlotNumber(50182) }) F:refused(not-writable) O:refused(not-writable) F:refused(not-writable) O:refused(not-writable) F:refused(not-writable) O:refused(not-writable) F:refused(not-writable) O:refused(not-writable) F:refused(not-writable) O:refused(not-writable) F:refused(not-writable) O:refused(not-writable) F:refused(not-writable) O:refused(not-writable) F:refused(not-writable) O:refused(not-writable) F:refused(not-writable) O:refused(not-writable) F:refused(not-writable) O:refused(not-writable) F:refused(not-writable) O:refused(not-writable) F:refused(not-writable) O:refused(not-writable) F:refused(not-writable) O:refused(not-writable) F:refused(not-writable) O:refused(not-writable) F:refused(not-writable) O:refused(not-writable)	mount-err:Recovery(UnitUnreadable { slot: SlotNumber(50182) })	same	-	[0, 0]	0	0	[0, 0]	0	0	0	6	-	[]	0	0
F9-bad-media-rw-forever	off(today)	FFFFFOFOFOFOFOFOFOFOFOFOFOFOFOFOFO	F:noop F:noop F:noop F:noop F:noop O:ok F:noop O:ok F:ok(F=3,reclaimed=1) O:ok F:ok(F=6,reclaimed=17) O:ok F:ok(F=7,reclaimed=8) O:ok F:ok(F=8,reclaimed=8) O:err:BlockDevice(InputOutput(Custom { kind: Other, error: "injected write e F:noop O:err:BlockDevice(InputOutput(Custom { kind: Other, error: "injected write e F:noop O:err:BlockDevice(InputOutput(Custom { kind: Other, error: "injected write e F:noop O:err:BlockDevice(InputOutput(Custom { kind: Other, error: "injected write e F:noop O:err:BlockDevice(InputOutput(Custom { kind: Other, error: "injected write e F:noop O:err:BlockDevice(InputOutput(Custom { kind: Other, error: "injected write e F:noop O:err:BlockDevice(InputOutput(Custom { kind: Other, error: "injected write e F:noop O:err:BlockDevice(InputOutput(Custom { kind: Other, error: "injected write e F:noop O:err:BlockDevice(InputOutput(Custom { kind: Other, error: "injected write e F:noop O:err:BlockDevice(InputOutput(Custom { kind: Other, error: "injected write e	ok	same	-	[0, 0]	0	0	[0, 0]	0	0	0	0	-	[]	0	10
F9-bad-media-rw-forever	off(today)	FFOFFOFOFOFOFOFOFOFOFOFOFOFOFOFOFO	F:noop F:noop O:ok F:noop F:noop O:ok F:ok(F=3,reclaimed=1) O:ok F:ok(F=6,reclaimed=17) O:ok F:ok(F=7,reclaimed=8) O:ok F:ok(F=8,reclaimed=8) O:err:BlockDevice(InputOutput(Custom { kind: Other, error: "injected write e F:noop O:err:BlockDevice(InputOutput(Custom { kind: Other, error: "injected write e F:noop O:err:BlockDevice(InputOutput(Custom { kind: Other, error: "injected write e F:noop O:err:BlockDevice(InputOutput(Custom { kind: Other, error: "injected write e F:noop O:err:BlockDevice(InputOutput(Custom { kind: Other, error: "injected write e F:noop O:err:BlockDevice(InputOutput(Custom { kind: Other, error: "injected write e F:noop O:err:BlockDevice(InputOutput(Custom { kind: Other, error: "injected write e F:noop O:err:BlockDevice(InputOutput(Custom { kind: Other, error: "injected write e F:noop O:err:BlockDevice(InputOutput(Custom { kind: Other, error: "injected write e F:noop O:err:BlockDevice(InputOutput(Custom { kind: Other, error: "injected write e F:noop O:err:BlockDevice(InputOutput(Custom { kind: Other, error: "injected write e	ok	same	-	[0, 0]	0	0	[0, 0]	0	0	0	0	-	[]	0	11
F9-bad-media-rw-forever	off(today)	FFOMFOFOFOFOFOFOFOFOFOFOFOFOFOFOFO	F:noop F:noop O:ok M:ok F:noop O:ok F:ok(F=3,reclaimed=1) O:ok F:ok(F=6,reclaimed=17) O:ok F:ok(F=7,reclaimed=8) O:ok F:ok(F=11,reclaimed=21) O:err:BlockDevice(InputOutput(Custom { kind: Other, error: "injected write e F:noop O:err:BlockDevice(InputOutput(Custom { kind: Other, error: "injected write e F:noop O:err:BlockDevice(InputOutput(Custom { kind: Other, error: "injected write e F:noop O:err:BlockDevice(InputOutput(Custom { kind: Other, error: "injected write e F:noop O:err:BlockDevice(InputOutput(Custom { kind: Other, error: "injected write e F:noop O:err:BlockDevice(InputOutput(Custom { kind: Other, error: "injected write e F:noop O:err:BlockDevice(InputOutput(Custom { kind: Other, error: "injected write e F:noop O:err:BlockDevice(InputOutput(Custom { kind: Other, error: "injected write e F:noop O:err:BlockDevice(InputOutput(Custom { kind: Other, error: "injected write e F:noop O:err:BlockDevice(InputOutput(Custom { kind: Other, error: "injected write e F:noop O:err:BlockDevice(InputOutput(Custom { kind: Other, error: "injected write e	ok	same	-	[0, 0]	0	0	[0, 0]	0	0	0	0	-	[]	0	11
F9-bad-media-rw-forever	off(today)	FFOOFOFOFOFOFOFOFOFOFOFOFOFOFOFOFO	F:noop F:noop O:ok O:ok F:ok(F=3,reclaimed=1) O:ok F:ok(F=6,reclaimed=17) O:ok F:ok(F=7,reclaimed=8) O:ok F:ok(F=8,reclaimed=8) O:err:BlockDevice(InputOutput(Custom { kind: Other, error: "injected write e F:noop O:err:BlockDevice(InputOutput(Custom { kind: Other, error: "injected write e F:noop O:err:BlockDevice(InputOutput(Custom { kind: Other, error: "injected write e F:noop O:err:BlockDevice(InputOutput(Custom { kind: Other, error: "injected write e F:noop O:err:BlockDevice(InputOutput(Custom { kind: Other, error: "injected write e F:noop O:err:BlockDevice(InputOutput(Custom { kind: Other, error: "injected write e F:noop O:err:BlockDevice(InputOutput(Custom { kind: Other, error: "injected write e F:noop O:err:BlockDevice(InputOutput(Custom { kind: Other, error: "injected write e F:noop O:err:BlockDevice(InputOutput(Custom { kind: Other, error: "injected write e F:noop O:err:BlockDevice(InputOutput(Custom { kind: Other, error: "injected write e F:noop O:err:BlockDevice(InputOutput(Custom { kind: Other, error: "injected write e F:noop O:err:BlockDevice(InputOutput(Custom { kind: Other, error: "injected write e	ok	same	-	[0, 0]	0	0	[0, 0]	0	0	0	0	-	[]	0	12
F9-bad-media-rw-forever	off(today)	FMFFFOFOFOFOFOFOFOFOFOFOFOFOFOFOFO	F:noop M:mount-err:Recovery(UnitUnreadable { slot: SlotNumber(50182) }) F:refused(not-writable) F:refused(not-writable) F:refused(not-writable) O:refused(not-writable) F:refused(not-writable) O:refused(not-writable) F:refused(not-writable) O:refused(not-writable) F:refused(not-writable) O:refused(not-writable) F:refused(not-writable) O:refused(not-writable) F:refused(not-writable) O:refused(not-writable) F:refused(not-writable) O:refused(not-writable) F:refused(not-writable) O:refused(not-writable) F:refused(not-writable) O:refused(not-writable) F:refused(not-writable) O:refused(not-writable) F:refused(not-writable) O:refused(not-writable) F:refused(not-writable) O:refused(not-writable) F:refused(not-writable) O:refused(not-writable) F:refused(not-writable) O:refused(not-writable) F:refused(not-writable) O:refused(not-writable)	mount-err:Recovery(UnitUnreadable { slot: SlotNumber(50182) })	same	-	[0, 0]	0	0	[0, 0]	0	0	0	4	-	[]	0	0
F9-bad-media-rw-forever	off(today)	FMFOFOFOFOFOFOFOFOFOFOFOFOFOFOFOFO	F:noop M:mount-err:Recovery(UnitUnreadable { slot: SlotNumber(50182) }) F:refused(not-writable) O:refused(not-writable) F:refused(not-writable) O:refused(not-writable) F:refused(not-writable) O:refused(not-writable) F:refused(not-writable) O:refused(not-writable) F:refused(not-writable) O:refused(not-writable) F:refused(not-writable) O:refused(not-writable) F:refused(not-writable) O:refused(not-writable) F:refused(not-writable) O:refused(not-writable) F:refused(not-writable) O:refused(not-writable) F:refused(not-writable) O:refused(not-writable) F:refused(not-writable) O:refused(not-writable) F:refused(not-writable) O:refused(not-writable) F:refused(not-writable) O:refused(not-writable) F:refused(not-writable) O:refused(not-writable) F:refused(not-writable) O:refused(not-writable) F:refused(not-writable) O:refused(not-writable)	mount-err:Recovery(UnitUnreadable { slot: SlotNumber(50182) })	same	-	[0, 0]	0	0	[0, 0]	0	0	0	4	-	[]	0	0
F9-bad-media-rw-forever	off(today)	FMMFFOFOFOFOFOFOFOFOFOFOFOFOFOFOFO	F:noop M:mount-err:Recovery(UnitUnreadable { slot: SlotNumber(50182) }) M:mount-err:Recovery(UnitUnreadable { slot: SlotNumber(50182) }) F:refused(not-writable) F:refused(not-writable) O:refused(not-writable) F:refused(not-writable) O:refused(not-writable) F:refused(not-writable) O:refused(not-writable) F:refused(not-writable) O:refused(not-writable) F:refused(not-writable) O:refused(not-writable) F:refused(not-writable) O:refused(not-writable) F:refused(not-writable) O:refused(not-writable) F:refused(not-writable) O:refused(not-writable) F:refused(not-writable) O:refused(not-writable) F:refused(not-writable) O:refused(not-writable) F:refused(not-writable) O:refused(not-writable) F:refused(not-writable) O:refused(not-writable) F:refused(not-writable) O:refused(not-writable) F:refused(not-writable) O:refused(not-writable) F:refused(not-writable) O:refused(not-writable)	mount-err:Recovery(UnitUnreadable { slot: SlotNumber(50182) })	same	-	[0, 0]	0	0	[0, 0]	0	0	0	6	-	[]	0	0
F9-bad-media-rw-forever	off(today)	FMOFFOFOFOFOFOFOFOFOFOFOFOFOFOFOFO	F:noop M:mount-err:Recovery(UnitUnreadable { slot: SlotNumber(50182) }) O:refused(not-writable) F:refused(not-writable) F:refused(not-writable) O:refused(not-writable) F:refused(not-writable) O:refused(not-writable) F:refused(not-writable) O:refused(not-writable) F:refused(not-writable) O:refused(not-writable) F:refused(not-writable) O:refused(not-writable) F:refused(not-writable) O:refused(not-writable) F:refused(not-writable) O:refused(not-writable) F:refused(not-writable) O:refused(not-writable) F:refused(not-writable) O:refused(not-writable) F:refused(not-writable) O:refused(not-writable) F:refused(not-writable) O:refused(not-writable) F:refused(not-writable) O:refused(not-writable) F:refused(not-writable) O:refused(not-writable) F:refused(not-writable) O:refused(not-writable) F:refused(not-writable) O:refused(not-writable)	mount-err:Recovery(UnitUnreadable { slot: SlotNumber(50182) })	same	-	[0, 0]	0	0	[0, 0]	0	0	0	4	-	[]	0	0
F9-bad-media-rw-forever	off(today)	FMMOFOFOFOFOFOFOFOFOFOFOFOFOFOFOFO	F:noop M:mount-err:Recovery(UnitUnreadable { slot: SlotNumber(50182) }) M:mount-err:Recovery(UnitUnreadable { slot: SlotNumber(50182) }) O:refused(not-writable) F:refused(not-writable) O:refused(not-writable) F:refused(not-writable) O:refused(not-writable) F:refused(not-writable) O:refused(not-writable) F:refused(not-writable) O:refused(not-writable) F:refused(not-writable) O:refused(not-writable) F:refused(not-writable) O:refused(not-writable) F:refused(not-writable) O:refused(not-writable) F:refused(not-writable) O:refused(not-writable) F:refused(not-writable) O:refused(not-writable) F:refused(not-writable) O:refused(not-writable) F:refused(not-writable) O:refused(not-writable) F:refused(not-writable) O:refused(not-writable) F:refused(not-writable) O:refused(not-writable) F:refused(not-writable) O:refused(not-writable) F:refused(not-writable) O:refused(not-writable)	mount-err:Recovery(UnitUnreadable { slot: SlotNumber(50182) })	same	-	[0, 0]	0	0	[0, 0]	0	0	0	6	-	[]	0	0
F9-bad-media-rw-forever	off(today)	FMFMFOFOFOFOFOFOFOFOFOFOFOFOFOFOFO	F:noop M:mount-err:Recovery(UnitUnreadable { slot: SlotNumber(50182) }) F:refused(not-writable) M:mount-err:Recovery(UnitUnreadable { slot: SlotNumber(50182) }) F:refused(not-writable) O:refused(not-writable) F:refused(not-writable) O:refused(not-writable) F:refused(not-writable) O:refused(not-writable) F:refused(not-writable) O:refused(not-writable) F:refused(not-writable) O:refused(not-writable) F:refused(not-writable) O:refused(not-writable) F:refused(not-writable) O:refused(not-writable) F:refused(not-writable) O:refused(not-writable) F:refused(not-writable) O:refused(not-writable) F:refused(not-writable) O:refused(not-writable) F:refused(not-writable) O:refused(not-writable) F:refused(not-writable) O:refused(not-writable) F:refused(not-writable) O:refused(not-writable) F:refused(not-writable) O:refused(not-writable) F:refused(not-writable) O:refused(not-writable)	mount-err:Recovery(UnitUnreadable { slot: SlotNumber(50182) })	same	-	[0, 0]	0	0	[0, 0]	0	0	0	6	-	[]	0	0
F9-bad-media-rw-forever	off(today)	FMMMFOFOFOFOFOFOFOFOFOFOFOFOFOFOFO	F:noop M:mount-err:Recovery(UnitUnreadable { slot: SlotNumber(50182) }) M:mount-err:Recovery(UnitUnreadable { slot: SlotNumber(50182) }) M:mount-err:Recovery(UnitUnreadable { slot: SlotNumber(50182) }) F:refused(not-writable) O:refused(not-writable) F:refused(not-writable) O:refused(not-writable) F:refused(not-writable) O:refused(not-writable) F:refused(not-writable) O:refused(not-writable) F:refused(not-writable) O:refused(not-writable) F:refused(not-writable) O:refused(not-writable) F:refused(not-writable) O:refused(not-writable) F:refused(not-writable) O:refused(not-writable) F:refused(not-writable) O:refused(not-writable) F:refused(not-writable) O:refused(not-writable) F:refused(not-writable) O:refused(not-writable) F:refused(not-writable) O:refused(not-writable) F:refused(not-writable) O:refused(not-writable) F:refused(not-writable) O:refused(not-writable) F:refused(not-writable) O:refused(not-writable)	mount-err:Recovery(UnitUnreadable { slot: SlotNumber(50182) })	same	-	[0, 0]	0	0	[0, 0]	0	0	0	8	-	[]	0	0
F9-bad-media-rw-forever	off(today)	FOMFFOFOFOFOFOFOFOFOFOFOFOFOFOFOFO	F:noop O:ok M:ok F:noop F:noop O:ok F:ok(F=3,reclaimed=1) O:ok F:ok(F=6,reclaimed=17) O:ok F:ok(F=7,reclaimed=8) O:ok F:ok(F=11,reclaimed=21) O:err:BlockDevice(InputOutput(Custom { kind: Other, error: "injected write e F:noop O:err:BlockDevice(InputOutput(Custom { kind: Other, error: "injected write e F:noop O:err:BlockDevice(InputOutput(Custom { kind: Other, error: "injected write e F:noop O:err:BlockDevice(InputOutput(Custom { kind: Other, error: "injected write e F:noop O:err:BlockDevice(InputOutput(Custom { kind: Other, error: "injected write e F:noop O:err:BlockDevice(InputOutput(Custom { kind: Other, error: "injected write e F:noop O:err:BlockDevice(InputOutput(Custom { kind: Other, error: "injected write e F:noop O:err:BlockDevice(InputOutput(Custom { kind: Other, error: "injected write e F:noop O:err:BlockDevice(InputOutput(Custom { kind: Other, error: "injected write e F:noop O:err:BlockDevice(InputOutput(Custom { kind: Other, error: "injected write e F:noop O:err:BlockDevice(InputOutput(Custom { kind: Other, error: "injected write e	ok	same	-	[0, 0]	0	0	[0, 0]	0	0	0	0	-	[]	0	11
F9-bad-media-rw-forever	off(today)	FMOMFOFOFOFOFOFOFOFOFOFOFOFOFOFOFO	F:noop M:mount-err:Recovery(UnitUnreadable { slot: SlotNumber(50182) }) O:refused(not-writable) M:mount-err:Recovery(UnitUnreadable { slot: SlotNumber(50182) }) F:refused(not-writable) O:refused(not-writable) F:refused(not-writable) O:refused(not-writable) F:refused(not-writable) O:refused(not-writable) F:refused(not-writable) O:refused(not-writable) F:refused(not-writable) O:refused(not-writable) F:refused(not-writable) O:refused(not-writable) F:refused(not-writable) O:refused(not-writable) F:refused(not-writable) O:refused(not-writable) F:refused(not-writable) O:refused(not-writable) F:refused(not-writable) O:refused(not-writable) F:refused(not-writable) O:refused(not-writable) F:refused(not-writable) O:refused(not-writable) F:refused(not-writable) O:refused(not-writable) F:refused(not-writable) O:refused(not-writable) F:refused(not-writable) O:refused(not-writable)	mount-err:Recovery(UnitUnreadable { slot: SlotNumber(50182) })	same	-	[0, 0]	0	0	[0, 0]	0	0	0	6	-	[]	0	0
F9-bad-media-rw-forever	off(today)	FMOOFOFOFOFOFOFOFOFOFOFOFOFOFOFOFO	F:noop M:mount-err:Recovery(UnitUnreadable { slot: SlotNumber(50182) }) O:refused(not-writable) O:refused(not-writable) F:refused(not-writable) O:refused(not-writable) F:refused(not-writable) O:refused(not-writable) F:refused(not-writable) O:refused(not-writable) F:refused(not-writable) O:refused(not-writable) F:refused(not-writable) O:refused(not-writable) F:refused(not-writable) O:refused(not-writable) F:refused(not-writable) O:refused(not-writable) F:refused(not-writable) O:refused(not-writable) F:refused(not-writable) O:refused(not-writable) F:refused(not-writable) O:refused(not-writable) F:refused(not-writable) O:refused(not-writable) F:refused(not-writable) O:refused(not-writable) F:refused(not-writable) O:refused(not-writable) F:refused(not-writable) O:refused(not-writable) F:refused(not-writable) O:refused(not-writable)	mount-err:Recovery(UnitUnreadable { slot: SlotNumber(50182) })	same	-	[0, 0]	0	0	[0, 0]	0	0	0	4	-	[]	0	0
F9-bad-media-rw-forever	off(today)	FOFMFOFOFOFOFOFOFOFOFOFOFOFOFOFOFO	F:noop O:ok F:noop M:ok F:noop O:ok F:ok(F=3,reclaimed=1) O:ok F:ok(F=6,reclaimed=17) O:ok F:ok(F=7,reclaimed=8) O:ok F:ok(F=11,reclaimed=21) O:err:BlockDevice(InputOutput(Custom { kind: Other, error: "injected write e F:noop O:err:BlockDevice(InputOutput(Custom { kind: Other, error: "injected write e F:noop O:err:BlockDevice(InputOutput(Custom { kind: Other, error: "injected write e F:noop O:err:BlockDevice(InputOutput(Custom { kind: Other, error: "injected write e F:noop O:err:BlockDevice(InputOutput(Custom { kind: Other, error: "injected write e F:noop O:err:BlockDevice(InputOutput(Custom { kind: Other, error: "injected write e F:noop O:err:BlockDevice(InputOutput(Custom { kind: Other, error: "injected write e F:noop O:err:BlockDevice(InputOutput(Custom { kind: Other, error: "injected write e F:noop O:err:BlockDevice(InputOutput(Custom { kind: Other, error: "injected write e F:noop O:err:BlockDevice(InputOutput(Custom { kind: Other, error: "injected write e F:noop O:err:BlockDevice(InputOutput(Custom { kind: Other, error: "injected write e	ok	same	-	[0, 0]	0	0	[0, 0]	0	0	0	0	-	[]	0	11
F9-bad-media-rw-forever	off(today)	FOFFFOFOFOFOFOFOFOFOFOFOFOFOFOFOFO	F:noop O:ok F:noop F:noop F:noop O:ok F:ok(F=3,reclaimed=1) O:ok F:ok(F=6,reclaimed=17) O:ok F:ok(F=7,reclaimed=8) O:ok F:ok(F=8,reclaimed=8) O:err:BlockDevice(InputOutput(Custom { kind: Other, error: "injected write e F:noop O:err:BlockDevice(InputOutput(Custom { kind: Other, error: "injected write e F:noop O:err:BlockDevice(InputOutput(Custom { kind: Other, error: "injected write e F:noop O:err:BlockDevice(InputOutput(Custom { kind: Other, error: "injected write e F:noop O:err:BlockDevice(InputOutput(Custom { kind: Other, error: "injected write e F:noop O:err:BlockDevice(InputOutput(Custom { kind: Other, error: "injected write e F:noop O:err:BlockDevice(InputOutput(Custom { kind: Other, error: "injected write e F:noop O:err:BlockDevice(InputOutput(Custom { kind: Other, error: "injected write e F:noop O:err:BlockDevice(InputOutput(Custom { kind: Other, error: "injected write e F:noop O:err:BlockDevice(InputOutput(Custom { kind: Other, error: "injected write e F:noop O:err:BlockDevice(InputOutput(Custom { kind: Other, error: "injected write e	ok	same	-	[0, 0]	0	0	[0, 0]	0	0	0	0	-	[]	0	11
F9-bad-media-rw-forever	off(today)	FOFOFOFOFOFOFOFOFOFOFOFOFOFOFOFOFO	F:noop O:ok F:noop O:ok F:ok(F=3,reclaimed=1) O:ok F:ok(F=6,reclaimed=17) O:ok F:ok(F=7,reclaimed=8) O:ok F:ok(F=8,reclaimed=8) O:err:BlockDevice(InputOutput(Custom { kind: Other, error: "injected write e F:noop O:err:BlockDevice(InputOutput(Custom { kind: Other, error: "injected write e F:noop O:err:BlockDevice(InputOutput(Custom { kind: Other, error: "injected write e F:noop O:err:BlockDevice(InputOutput(Custom { kind: Other, error: "injected write e F:noop O:err:BlockDevice(InputOutput(Custom { kind: Other, error: "injected write e F:noop O:err:BlockDevice(InputOutput(Custom { kind: Other, error: "injected write e F:noop O:err:BlockDevice(InputOutput(Custom { kind: Other, error: "injected write e F:noop O:err:BlockDevice(InputOutput(Custom { kind: Other, error: "injected write e F:noop O:err:BlockDevice(InputOutput(Custom { kind: Other, error: "injected write e F:noop O:err:BlockDevice(InputOutput(Custom { kind: Other, error: "injected write e F:noop O:err:BlockDevice(InputOutput(Custom { kind: Other, error: "injected write e F:noop O:err:BlockDevice(InputOutput(Custom { kind: Other, error: "injected write e	ok	same	-	[0, 0]	0	0	[0, 0]	0	0	0	0	-	[]	0	12
F9-bad-media-rw-forever	off(today)	FOMMFOFOFOFOFOFOFOFOFOFOFOFOFOFOFO	F:noop O:ok M:ok M:ok F:noop O:ok F:ok(F=3,reclaimed=1) O:ok F:ok(F=6,reclaimed=17) O:ok F:ok(F=7,reclaimed=8) O:ok F:ok(F=14,reclaimed=34) O:err:BlockDevice(InputOutput(Custom { kind: Other, error: "injected write e F:noop O:err:BlockDevice(InputOutput(Custom { kind: Other, error: "injected write e F:noop O:err:BlockDevice(InputOutput(Custom { kind: Other, error: "injected write e F:noop O:err:BlockDevice(InputOutput(Custom { kind: Other, error: "injected write e F:noop O:err:BlockDevice(InputOutput(Custom { kind: Other, error: "injected write e F:noop O:err:BlockDevice(InputOutput(Custom { kind: Other, error: "injected write e F:noop O:err:BlockDevice(InputOutput(Custom { kind: Other, error: "injected write e F:noop O:err:BlockDevice(InputOutput(Custom { kind: Other, error: "injected write e F:noop O:err:BlockDevice(InputOutput(Custom { kind: Other, error: "injected write e F:noop O:err:BlockDevice(InputOutput(Custom { kind: Other, error: "injected write e F:noop O:err:BlockDevice(InputOutput(Custom { kind: Other, error: "injected write e	ok	same	-	[0, 0]	0	0	[0, 0]	0	0	0	0	-	[]	0	11
F9-bad-media-rw-forever	off(today)	FOMOFOFOFOFOFOFOFOFOFOFOFOFOFOFOFO	F:noop O:ok M:ok O:ok F:ok(F=3,reclaimed=1) O:ok F:ok(F=6,reclaimed=17) O:ok F:ok(F=7,reclaimed=8) O:ok F:ok(F=11,reclaimed=21) O:err:BlockDevice(InputOutput(Custom { kind: Other, error: "injected write e F:noop O:err:BlockDevice(InputOutput(Custom { kind: Other, error: "injected write e F:noop O:err:BlockDevice(InputOutput(Custom { kind: Other, error: "injected write e F:noop O:err:BlockDevice(InputOutput(Custom { kind: Other, error: "injected write e F:noop O:err:BlockDevice(InputOutput(Custom { kind: Other, error: "injected write e F:noop O:err:BlockDevice(InputOutput(Custom { kind: Other, error: "injected write e F:noop O:err:BlockDevice(InputOutput(Custom { kind: Other, error: "injected write e F:noop O:err:BlockDevice(InputOutput(Custom { kind: Other, error: "injected write e F:noop O:err:BlockDevice(InputOutput(Custom { kind: Other, error: "injected write e F:noop O:err:BlockDevice(InputOutput(Custom { kind: Other, error: "injected write e F:noop O:err:BlockDevice(InputOutput(Custom { kind: Other, error: "injected write e F:noop O:err:BlockDevice(InputOutput(Custom { kind: Other, error: "injected write e	ok	same	-	[0, 0]	0	0	[0, 0]	0	0	0	0	-	[]	0	12
F9-bad-media-rw-forever	off(today)	FOOFFOFOFOFOFOFOFOFOFOFOFOFOFOFOFO	F:noop O:ok O:ok F:ok(F=3,reclaimed=1) F:noop O:ok F:ok(F=6,reclaimed=17) O:ok F:ok(F=7,reclaimed=8) O:ok F:ok(F=8,reclaimed=8) O:err:BlockDevice(InputOutput(Custom { kind: Other, error: "injected write e F:noop O:err:BlockDevice(InputOutput(Custom { kind: Other, error: "injected write e F:noop O:err:BlockDevice(InputOutput(Custom { kind: Other, error: "injected write e F:noop O:err:BlockDevice(InputOutput(Custom { kind: Other, error: "injected write e F:noop O:err:BlockDevice(InputOutput(Custom { kind: Other, error: "injected write e F:noop O:err:BlockDevice(InputOutput(Custom { kind: Other, error: "injected write e F:noop O:err:BlockDevice(InputOutput(Custom { kind: Other, error: "injected write e F:noop O:err:BlockDevice(InputOutput(Custom { kind: Other, error: "injected write e F:noop O:err:BlockDevice(InputOutput(Custom { kind: Other, error: "injected write e F:noop O:err:BlockDevice(InputOutput(Custom { kind: Other, error: "injected write e F:noop O:err:BlockDevice(InputOutput(Custom { kind: Other, error: "injected write e F:noop O:err:BlockDevice(InputOutput(Custom { kind: Other, error: "injected write e	ok	same	-	[0, 0]	0	0	[0, 0]	0	0	0	0	-	[]	0	12
F9-bad-media-rw-forever	off(today)	MFFFFOFOFOFOFOFOFOFOFOFOFOFOFOFOFO	M:mount-err:Recovery(UnitUnreadable { slot: SlotNumber(50182) }) F:refused(not-writable) F:refused(not-writable) F:refused(not-writable) F:refused(not-writable) O:refused(not-writable) F:refused(not-writable) O:refused(not-writable) F:refused(not-writable) O:refused(not-writable) F:refused(not-writable) O:refused(not-writable) F:refused(not-writable) O:refused(not-writable) F:refused(not-writable) O:refused(not-writable) F:refused(not-writable) O:refused(not-writable) F:refused(not-writable) O:refused(not-writable) F:refused(not-writable) O:refused(not-writable) F:refused(not-writable) O:refused(not-writable) F:refused(not-writable) O:refused(not-writable) F:refused(not-writable) O:refused(not-writable) F:refused(not-writable) O:refused(not-writable) F:refused(not-writable) O:refused(not-writable) F:refused(not-writable) O:refused(not-writable)	mount-err:Recovery(UnitUnreadable { slot: SlotNumber(50182) })	same	-	[0, 0]	0	0	[0, 0]	0	0	0	4	-	[]	0	0
F9-bad-media-rw-forever	off(today)	MFFMFOFOFOFOFOFOFOFOFOFOFOFOFOFOFO	M:mount-err:Recovery(UnitUnreadable { slot: SlotNumber(50182) }) F:refused(not-writable) F:refused(not-writable) M:mount-err:Recovery(UnitUnreadable { slot: SlotNumber(50182) }) F:refused(not-writable) O:refused(not-writable) F:refused(not-writable) O:refused(not-writable) F:refused(not-writable) O:refused(not-writable) F:refused(not-writable) O:refused(not-writable) F:refused(not-writable) O:refused(not-writable) F:refused(not-writable) O:refused(not-writable) F:refused(not-writable) O:refused(not-writable) F:refused(not-writable) O:refused(not-writable) F:refused(not-writable) O:refused(not-writable) F:refused(not-writable) O:refused(not-writable) F:refused(not-writable) O:refused(not-writable) F:refused(not-writable) O:refused(not-writable) F:refused(not-writable) O:refused(not-writable) F:refused(not-writable) O:refused(not-writable) F:refused(not-writable) O:refused(not-writable)	mount-err:Recovery(UnitUnreadable { slot: SlotNumber(50182) })	same	-	[0, 0]	0	0	[0, 0]	0	0	0	6	-	[]	0	0
F9-bad-media-rw-forever	off(today)	MFFOFOFOFOFOFOFOFOFOFOFOFOFOFOFOFO	M:mount-err:Recovery(UnitUnreadable { slot: SlotNumber(50182) }) F:refused(not-writable) F:refused(not-writable) O:refused(not-writable) F:refused(not-writable) O:refused(not-writable) F:refused(not-writable) O:refused(not-writable) F:refused(not-writable) O:refused(not-writable) F:refused(not-writable) O:refused(not-writable) F:refused(not-writable) O:refused(not-writable) F:refused(not-writable) O:refused(not-writable) F:refused(not-writable) O:refused(not-writable) F:refused(not-writable) O:refused(not-writable) F:refused(not-writable) O:refused(not-writable) F:refused(not-writable) O:refused(not-writable) F:refused(not-writable) O:refused(not-writable) F:refused(not-writable) O:refused(not-writable) F:refused(not-writable) O:refused(not-writable) F:refused(not-writable) O:refused(not-writable) F:refused(not-writable) O:refused(not-writable)	mount-err:Recovery(UnitUnreadable { slot: SlotNumber(50182) })	same	-	[0, 0]	0	0	[0, 0]	0	0	0	4	-	[]	0	0
F9-bad-media-rw-forever	off(today)	FOOOFOFOFOFOFOFOFOFOFOFOFOFOFOFOFO	F:noop O:ok O:ok O:ok F:ok(F=6,reclaimed=18) O:ok F:ok(F=7,reclaimed=8) O:ok F:ok(F=8,reclaimed=8) O:ok F:ok(F=9,reclaimed=8) O:err:BlockDevice(InputOutput(Custom { kind: Other, error: "injected write e F:noop O:err:BlockDevice(InputOutput(Custom { kind: Other, error: "injected write e F:noop O:err:BlockDevice(InputOutput(Custom { kind: Other, error: "injected write e F:noop O:err:BlockDevice(InputOutput(Custom { kind: Other, error: "injected write e F:noop O:err:BlockDevice(InputOutput(Custom { kind: Other, error: "injected write e F:noop O:err:BlockDevice(InputOutput(Custom { kind: Other, error: "injected write e F:noop O:err:BlockDevice(InputOutput(Custom { kind: Other, error: "injected write e F:noop O:err:BlockDevice(InputOutput(Custom { kind: Other, error: "injected write e F:noop O:err:BlockDevice(InputOutput(Custom { kind: Other, error: "injected write e F:noop O:err:BlockDevice(InputOutput(Custom { kind: Other, error: "injected write e F:noop O:err:BlockDevice(InputOutput(Custom { kind: Other, error: "injected write e F:noop O:err:BlockDevice(InputOutput(Custom { kind: Other, error: "injected write e	ok	same	-	[0, 0]	0	0	[0, 0]	0	0	0	0	-	[]	0	12
F9-bad-media-rw-forever	off(today)	FOOMFOFOFOFOFOFOFOFOFOFOFOFOFOFOFO	F:noop O:ok O:ok M:ok F:ok(F=3,reclaimed=1) O:ok F:ok(F=6,reclaimed=17) O:ok F:ok(F=7,reclaimed=8) O:ok F:ok(F=8,reclaimed=8) O:err:BlockDevice(InputOutput(Custom { kind: Other, error: "injected write e F:noop O:err:BlockDevice(InputOutput(Custom { kind: Other, error: "injected write e F:noop O:err:BlockDevice(InputOutput(Custom { kind: Other, error: "injected write e F:noop O:err:BlockDevice(InputOutput(Custom { kind: Other, error: "injected write e F:noop O:err:BlockDevice(InputOutput(Custom { kind: Other, error: "injected write e F:noop O:err:BlockDevice(InputOutput(Custom { kind: Other, error: "injected write e F:noop O:err:BlockDevice(InputOutput(Custom { kind: Other, error: "injected write e F:noop O:err:BlockDevice(InputOutput(Custom { kind: Other, error: "injected write e F:noop O:err:BlockDevice(InputOutput(Custom { kind: Other, error: "injected write e F:noop O:err:BlockDevice(InputOutput(Custom { kind: Other, error: "injected write e F:noop O:err:BlockDevice(InputOutput(Custom { kind: Other, error: "injected write e F:noop O:err:BlockDevice(InputOutput(Custom { kind: Other, error: "injected write e	ok	same	-	[0, 0]	0	0	[0, 0]	0	0	0	0	-	[]	0	12
F9-bad-media-rw-forever	off(today)	MFMMFOFOFOFOFOFOFOFOFOFOFOFOFOFOFO	M:mount-err:Recovery(UnitUnreadable { slot: SlotNumber(50182) }) F:refused(not-writable) M:mount-err:Recovery(UnitUnreadable { slot: SlotNumber(50182) }) M:mount-err:Recovery(UnitUnreadable { slot: SlotNumber(50182) }) F:refused(not-writable) O:refused(not-writable) F:refused(not-writable) O:refused(not-writable) F:refused(not-writable) O:refused(not-writable) F:refused(not-writable) O:refused(not-writable) F:refused(not-writable) O:refused(not-writable) F:refused(not-writable) O:refused(not-writable) F:refused(not-writable) O:refused(not-writable) F:refused(not-writable) O:refused(not-writable) F:refused(not-writable) O:refused(not-writable) F:refused(not-writable) O:refused(not-writable) F:refused(not-writable) O:refused(not-writable) F:refused(not-writable) O:refused(not-writable) F:refused(not-writable) O:refused(not-writable) F:refused(not-writable) O:refused(not-writable) F:refused(not-writable) O:refused(not-writable)	mount-err:Recovery(UnitUnreadable { slot: SlotNumber(50182) })	same	-	[0, 0]	0	0	[0, 0]	0	0	0	8	-	[]	0	0
F9-bad-media-rw-forever	off(today)	MFMFFOFOFOFOFOFOFOFOFOFOFOFOFOFOFO	M:mount-err:Recovery(UnitUnreadable { slot: SlotNumber(50182) }) F:refused(not-writable) M:mount-err:Recovery(UnitUnreadable { slot: SlotNumber(50182) }) F:refused(not-writable) F:refused(not-writable) O:refused(not-writable) F:refused(not-writable) O:refused(not-writable) F:refused(not-writable) O:refused(not-writable) F:refused(not-writable) O:refused(not-writable) F:refused(not-writable) O:refused(not-writable) F:refused(not-writable) O:refused(not-writable) F:refused(not-writable) O:refused(not-writable) F:refused(not-writable) O:refused(not-writable) F:refused(not-writable) O:refused(not-writable) F:refused(not-writable) O:refused(not-writable) F:refused(not-writable) O:refused(not-writable) F:refused(not-writable) O:refused(not-writable) F:refused(not-writable) O:refused(not-writable) F:refused(not-writable) O:refused(not-writable) F:refused(not-writable) O:refused(not-writable)	mount-err:Recovery(UnitUnreadable { slot: SlotNumber(50182) })	same	-	[0, 0]	0	0	[0, 0]	0	0	0	6	-	[]	0	0
F9-bad-media-rw-forever	off(today)	MFOFFOFOFOFOFOFOFOFOFOFOFOFOFOFOFO	M:mount-err:Recovery(UnitUnreadable { slot: SlotNumber(50182) }) F:refused(not-writable) O:refused(not-writable) F:refused(not-writable) F:refused(not-writable) O:refused(not-writable) F:refused(not-writable) O:refused(not-writable) F:refused(not-writable) O:refused(not-writable) F:refused(not-writable) O:refused(not-writable) F:refused(not-writable) O:refused(not-writable) F:refused(not-writable) O:refused(not-writable) F:refused(not-writable) O:refused(not-writable) F:refused(not-writable) O:refused(not-writable) F:refused(not-writable) O:refused(not-writable) F:refused(not-writable) O:refused(not-writable) F:refused(not-writable) O:refused(not-writable) F:refused(not-writable) O:refused(not-writable) F:refused(not-writable) O:refused(not-writable) F:refused(not-writable) O:refused(not-writable) F:refused(not-writable) O:refused(not-writable)	mount-err:Recovery(UnitUnreadable { slot: SlotNumber(50182) })	same	-	[0, 0]	0	0	[0, 0]	0	0	0	4	-	[]	0	0
F9-bad-media-rw-forever	off(today)	MFOMFOFOFOFOFOFOFOFOFOFOFOFOFOFOFO	M:mount-err:Recovery(UnitUnreadable { slot: SlotNumber(50182) }) F:refused(not-writable) O:refused(not-writable) M:mount-err:Recovery(UnitUnreadable { slot: SlotNumber(50182) }) F:refused(not-writable) O:refused(not-writable) F:refused(not-writable) O:refused(not-writable) F:refused(not-writable) O:refused(not-writable) F:refused(not-writable) O:refused(not-writable) F:refused(not-writable) O:refused(not-writable) F:refused(not-writable) O:refused(not-writable) F:refused(not-writable) O:refused(not-writable) F:refused(not-writable) O:refused(not-writable) F:refused(not-writable) O:refused(not-writable) F:refused(not-writable) O:refused(not-writable) F:refused(not-writable) O:refused(not-writable) F:refused(not-writable) O:refused(not-writable) F:refused(not-writable) O:refused(not-writable) F:refused(not-writable) O:refused(not-writable) F:refused(not-writable) O:refused(not-writable)	mount-err:Recovery(UnitUnreadable { slot: SlotNumber(50182) })	same	-	[0, 0]	0	0	[0, 0]	0	0	0	6	-	[]	0	0
F9-bad-media-rw-forever	off(today)	MFMOFOFOFOFOFOFOFOFOFOFOFOFOFOFOFO	M:mount-err:Recovery(UnitUnreadable { slot: SlotNumber(50182) }) F:refused(not-writable) M:mount-err:Recovery(UnitUnreadable { slot: SlotNumber(50182) }) O:refused(not-writable) F:refused(not-writable) O:refused(not-writable) F:refused(not-writable) O:refused(not-writable) F:refused(not-writable) O:refused(not-writable) F:refused(not-writable) O:refused(not-writable) F:refused(not-writable) O:refused(not-writable) F:refused(not-writable) O:refused(not-writable) F:refused(not-writable) O:refused(not-writable) F:refused(not-writable) O:refused(not-writable) F:refused(not-writable) O:refused(not-writable) F:refused(not-writable) O:refused(not-writable) F:refused(not-writable) O:refused(not-writable) F:refused(not-writable) O:refused(not-writable) F:refused(not-writable) O:refused(not-writable) F:refused(not-writable) O:refused(not-writable) F:refused(not-writable) O:refused(not-writable)	mount-err:Recovery(UnitUnreadable { slot: SlotNumber(50182) })	same	-	[0, 0]	0	0	[0, 0]	0	0	0	6	-	[]	0	0
F9-bad-media-rw-forever	off(today)	MFOOFOFOFOFOFOFOFOFOFOFOFOFOFOFOFO	M:mount-err:Recovery(UnitUnreadable { slot: SlotNumber(50182) }) F:refused(not-writable) O:refused(not-writable) O:refused(not-writable) F:refused(not-writable) O:refused(not-writable) F:refused(not-writable) O:refused(not-writable) F:refused(not-writable) O:refused(not-writable) F:refused(not-writable) O:refused(not-writable) F:refused(not-writable) O:refused(not-writable) F:refused(not-writable) O:refused(not-writable) F:refused(not-writable) O:refused(not-writable) F:refused(not-writable) O:refused(not-writable) F:refused(not-writable) O:refused(not-writable) F:refused(not-writable) O:refused(not-writable) F:refused(not-writable) O:refused(not-writable) F:refused(not-writable) O:refused(not-writable) F:refused(not-writable) O:refused(not-writable) F:refused(not-writable) O:refused(not-writable) F:refused(not-writable) O:refused(not-writable)	mount-err:Recovery(UnitUnreadable { slot: SlotNumber(50182) })	same	-	[0, 0]	0	0	[0, 0]	0	0	0	4	-	[]	0	0
F9-bad-media-rw-forever	off(today)	MMFFFOFOFOFOFOFOFOFOFOFOFOFOFOFOFO	M:mount-err:Recovery(UnitUnreadable { slot: SlotNumber(50182) }) M:mount-err:Recovery(UnitUnreadable { slot: SlotNumber(50182) }) F:refused(not-writable) F:refused(not-writable) F:refused(not-writable) O:refused(not-writable) F:refused(not-writable) O:refused(not-writable) F:refused(not-writable) O:refused(not-writable) F:refused(not-writable) O:refused(not-writable) F:refused(not-writable) O:refused(not-writable) F:refused(not-writable) O:refused(not-writable) F:refused(not-writable) O:refused(not-writable) F:refused(not-writable) O:refused(not-writable) F:refused(not-writable) O:refused(not-writable) F:refused(not-writable) O:refused(not-writable) F:refused(not-writable) O:refused(not-writable) F:refused(not-writable) O:refused(not-writable) F:refused(not-writable) O:refused(not-writable) F:refused(not-writable) O:refused(not-writable) F:refused(not-writable) O:refused(not-writable)	mount-err:Recovery(UnitUnreadable { slot: SlotNumber(50182) })	same	-	[0, 0]	0	0	[0, 0]	0	0	0	6	-	[]	0	0
F9-bad-media-rw-forever	off(today)	MMFMFOFOFOFOFOFOFOFOFOFOFOFOFOFOFO	M:mount-err:Recovery(UnitUnreadable { slot: SlotNumber(50182) }) M:mount-err:Recovery(UnitUnreadable { slot: SlotNumber(50182) }) F:refused(not-writable) M:mount-err:Recovery(UnitUnreadable { slot: SlotNumber(50182) }) F:refused(not-writable) O:refused(not-writable) F:refused(not-writable) O:refused(not-writable) F:refused(not-writable) O:refused(not-writable) F:refused(not-writable) O:refused(not-writable) F:refused(not-writable) O:refused(not-writable) F:refused(not-writable) O:refused(not-writable) F:refused(not-writable) O:refused(not-writable) F:refused(not-writable) O:refused(not-writable) F:refused(not-writable) O:refused(not-writable) F:refused(not-writable) O:refused(not-writable) F:refused(not-writable) O:refused(not-writable) F:refused(not-writable) O:refused(not-writable) F:refused(not-writable) O:refused(not-writable) F:refused(not-writable) O:refused(not-writable) F:refused(not-writable) O:refused(not-writable)	mount-err:Recovery(UnitUnreadable { slot: SlotNumber(50182) })	same	-	[0, 0]	0	0	[0, 0]	0	0	0	8	-	[]	0	0
F9-bad-media-rw-forever	off(today)	MMFOFOFOFOFOFOFOFOFOFOFOFOFOFOFOFO	M:mount-err:Recovery(UnitUnreadable { slot: SlotNumber(50182) }) M:mount-err:Recovery(UnitUnreadable { slot: SlotNumber(50182) }) F:refused(not-writable) O:refused(not-writable) F:refused(not-writable) O:refused(not-writable) F:refused(not-writable) O:refused(not-writable) F:refused(not-writable) O:refused(not-writable) F:refused(not-writable) O:refused(not-writable) F:refused(not-writable) O:refused(not-writable) F:refused(not-writable) O:refused(not-writable) F:refused(not-writable) O:refused(not-writable) F:refused(not-writable) O:refused(not-writable) F:refused(not-writable) O:refused(not-writable) F:refused(not-writable) O:refused(not-writable) F:refused(not-writable) O:refused(not-writable) F:refused(not-writable) O:refused(not-writable) F:refused(not-writable) O:refused(not-writable) F:refused(not-writable) O:refused(not-writable) F:refused(not-writable) O:refused(not-writable)	mount-err:Recovery(UnitUnreadable { slot: SlotNumber(50182) })	same	-	[0, 0]	0	0	[0, 0]	0	0	0	6	-	[]	0	0
F9-bad-media-rw-forever	off(today)	MMMFFOFOFOFOFOFOFOFOFOFOFOFOFOFOFO	M:mount-err:Recovery(UnitUnreadable { slot: SlotNumber(50182) }) M:mount-err:Recovery(UnitUnreadable { slot: SlotNumber(50182) }) M:mount-err:Recovery(UnitUnreadable { slot: SlotNumber(50182) }) F:refused(not-writable) F:refused(not-writable) O:refused(not-writable) F:refused(not-writable) O:refused(not-writable) F:refused(not-writable) O:refused(not-writable) F:refused(not-writable) O:refused(not-writable) F:refused(not-writable) O:refused(not-writable) F:refused(not-writable) O:refused(not-writable) F:refused(not-writable) O:refused(not-writable) F:refused(not-writable) O:refused(not-writable) F:refused(not-writable) O:refused(not-writable) F:refused(not-writable) O:refused(not-writable) F:refused(not-writable) O:refused(not-writable) F:refused(not-writable) O:refused(not-writable) F:refused(not-writable) O:refused(not-writable) F:refused(not-writable) O:refused(not-writable) F:refused(not-writable) O:refused(not-writable)	mount-err:Recovery(UnitUnreadable { slot: SlotNumber(50182) })	same	-	[0, 0]	0	0	[0, 0]	0	0	0	8	-	[]	0	0
F9-bad-media-rw-forever	off(today)	MMOOFOFOFOFOFOFOFOFOFOFOFOFOFOFOFO	M:mount-err:Recovery(UnitUnreadable { slot: SlotNumber(50182) }) M:mount-err:Recovery(UnitUnreadable { slot: SlotNumber(50182) }) O:refused(not-writable) O:refused(not-writable) F:refused(not-writable) O:refused(not-writable) F:refused(not-writable) O:refused(not-writable) F:refused(not-writable) O:refused(not-writable) F:refused(not-writable) O:refused(not-writable) F:refused(not-writable) O:refused(not-writable) F:refused(not-writable) O:refused(not-writable) F:refused(not-writable) O:refused(not-writable) F:refused(not-writable) O:refused(not-writable) F:refused(not-writable) O:refused(not-writable) F:refused(not-writable) O:refused(not-writable) F:refused(not-writable) O:refused(not-writable) F:refused(not-writable) O:refused(not-writable) F:refused(not-writable) O:refused(not-writable) F:refused(not-writable) O:refused(not-writable) F:refused(not-writable) O:refused(not-writable)	mount-err:Recovery(UnitUnreadable { slot: SlotNumber(50182) })	same	-	[0, 0]	0	0	[0, 0]	0	0	0	6	-	[]	0	0
F9-bad-media-rw-forever	off(today)	MMOFFOFOFOFOFOFOFOFOFOFOFOFOFOFOFO	M:mount-err:Recovery(UnitUnreadable { slot: SlotNumber(50182) }) M:mount-err:Recovery(UnitUnreadable { slot: SlotNumber(50182) }) O:refused(not-writable) F:refused(not-writable) F:refused(not-writable) O:refused(not-writable) F:refused(not-writable) O:refused(not-writable) F:refused(not-writable) O:refused(not-writable) F:refused(not-writable) O:refused(not-writable) F:refused(not-writable) O:refused(not-writable) F:refused(not-writable) O:refused(not-writable) F:refused(not-writable) O:refused(not-writable) F:refused(not-writable) O:refused(not-writable) F:refused(not-writable) O:refused(not-writable) F:refused(not-writable) O:refused(not-writable) F:refused(not-writable) O:refused(not-writable) F:refused(not-writable) O:refused(not-writable) F:refused(not-writable) O:refused(not-writable) F:refused(not-writable) O:refused(not-writable) F:refused(not-writable) O:refused(not-writable)	mount-err:Recovery(UnitUnreadable { slot: SlotNumber(50182) })	same	-	[0, 0]	0	0	[0, 0]	0	0	0	6	-	[]	0	0
F9-bad-media-rw-forever	off(today)	MMMMFOFOFOFOFOFOFOFOFOFOFOFOFOFOFO	M:mount-err:Recovery(UnitUnreadable { slot: SlotNumber(50182) }) M:mount-err:Recovery(UnitUnreadable { slot: SlotNumber(50182) }) M:mount-err:Recovery(UnitUnreadable { slot: SlotNumber(50182) }) M:mount-err:Recovery(UnitUnreadable { slot: SlotNumber(50182) }) F:refused(not-writable) O:refused(not-writable) F:refused(not-writable) O:refused(not-writable) F:refused(not-writable) O:refused(not-writable) F:refused(not-writable) O:refused(not-writable) F:refused(not-writable) O:refused(not-writable) F:refused(not-writable) O:refused(not-writable) F:refused(not-writable) O:refused(not-writable) F:refused(not-writable) O:refused(not-writable) F:refused(not-writable) O:refused(not-writable) F:refused(not-writable) O:refused(not-writable) F:refused(not-writable) O:refused(not-writable) F:refused(not-writable) O:refused(not-writable) F:refused(not-writable) O:refused(not-writable) F:refused(not-writable) O:refused(not-writable) F:refused(not-writable) O:refused(not-writable)	mount-err:Recovery(UnitUnreadable { slot: SlotNumber(50182) })	same	-	[0, 0]	0	0	[0, 0]	0	0	0	10	-	[]	0	0
F9-bad-media-rw-forever	off(today)	MMOMFOFOFOFOFOFOFOFOFOFOFOFOFOFOFO	M:mount-err:Recovery(UnitUnreadable { slot: SlotNumber(50182) }) M:mount-err:Recovery(UnitUnreadable { slot: SlotNumber(50182) }) O:refused(not-writable) M:mount-err:Recovery(UnitUnreadable { slot: SlotNumber(50182) }) F:refused(not-writable) O:refused(not-writable) F:refused(not-writable) O:refused(not-writable) F:refused(not-writable) O:refused(not-writable) F:refused(not-writable) O:refused(not-writable) F:refused(not-writable) O:refused(not-writable) F:refused(not-writable) O:refused(not-writable) F:refused(not-writable) O:refused(not-writable) F:refused(not-writable) O:refused(not-writable) F:refused(not-writable) O:refused(not-writable) F:refused(not-writable) O:refused(not-writable) F:refused(not-writable) O:refused(not-writable) F:refused(not-writable) O:refused(not-writable) F:refused(not-writable) O:refused(not-writable) F:refused(not-writable) O:refused(not-writable) F:refused(not-writable) O:refused(not-writable)	mount-err:Recovery(UnitUnreadable { slot: SlotNumber(50182) })	same	-	[0, 0]	0	0	[0, 0]	0	0	0	8	-	[]	0	0
F9-bad-media-rw-forever	off(today)	MOFFFOFOFOFOFOFOFOFOFOFOFOFOFOFOFO	M:mount-err:Recovery(UnitUnreadable { slot: SlotNumber(50182) }) O:refused(not-writable) F:refused(not-writable) F:refused(not-writable) F:refused(not-writable) O:refused(not-writable) F:refused(not-writable) O:refused(not-writable) F:refused(not-writable) O:refused(not-writable) F:refused(not-writable) O:refused(not-writable) F:refused(not-writable) O:refused(not-writable) F:refused(not-writable) O:refused(not-writable) F:refused(not-writable) O:refused(not-writable) F:refused(not-writable) O:refused(not-writable) F:refused(not-writable) O:refused(not-writable) F:refused(not-writable) O:refused(not-writable) F:refused(not-writable) O:refused(not-writable) F:refused(not-writable) O:refused(not-writable) F:refused(not-writable) O:refused(not-writable) F:refused(not-writable) O:refused(not-writable) F:refused(not-writable) O:refused(not-writable)	mount-err:Recovery(UnitUnreadable { slot: SlotNumber(50182) })	same	-	[0, 0]	0	0	[0, 0]	0	0	0	4	-	[]	0	0
F9-bad-media-rw-forever	off(today)	MMMOFOFOFOFOFOFOFOFOFOFOFOFOFOFOFO	M:mount-err:Recovery(UnitUnreadable { slot: SlotNumber(50182) }) M:mount-err:Recovery(UnitUnreadable { slot: SlotNumber(50182) }) M:mount-err:Recovery(UnitUnreadable { slot: SlotNumber(50182) }) O:refused(not-writable) F:refused(not-writable) O:refused(not-writable) F:refused(not-writable) O:refused(not-writable) F:refused(not-writable) O:refused(not-writable) F:refused(not-writable) O:refused(not-writable) F:refused(not-writable) O:refused(not-writable) F:refused(not-writable) O:refused(not-writable) F:refused(not-writable) O:refused(not-writable) F:refused(not-writable) O:refused(not-writable) F:refused(not-writable) O:refused(not-writable) F:refused(not-writable) O:refused(not-writable) F:refused(not-writable) O:refused(not-writable) F:refused(not-writable) O:refused(not-writable) F:refused(not-writable) O:refused(not-writable) F:refused(not-writable) O:refused(not-writable) F:refused(not-writable) O:refused(not-writable)	mount-err:Recovery(UnitUnreadable { slot: SlotNumber(50182) })	same	-	[0, 0]	0	0	[0, 0]	0	0	0	8	-	[]	0	0
F9-bad-media-rw-forever	off(today)	MOMFFOFOFOFOFOFOFOFOFOFOFOFOFOFOFO	M:mount-err:Recovery(UnitUnreadable { slot: SlotNumber(50182) }) O:refused(not-writable) M:mount-err:Recovery(UnitUnreadable { slot: SlotNumber(50182) }) F:refused(not-writable) F:refused(not-writable) O:refused(not-writable) F:refused(not-writable) O:refused(not-writable) F:refused(not-writable) O:refused(not-writable) F:refused(not-writable) O:refused(not-writable) F:refused(not-writable) O:refused(not-writable) F:refused(not-writable) O:refused(not-writable) F:refused(not-writable) O:refused(not-writable) F:refused(not-writable) O:refused(not-writable) F:refused(not-writable) O:refused(not-writable) F:refused(not-writable) O:refused(not-writable) F:refused(not-writable) O:refused(not-writable) F:refused(not-writable) O:refused(not-writable) F:refused(not-writable) O:refused(not-writable) F:refused(not-writable) O:refused(not-writable) F:refused(not-writable) O:refused(not-writable)	mount-err:Recovery(UnitUnreadable { slot: SlotNumber(50182) })	same	-	[0, 0]	0	0	[0, 0]	0	0	0	6	-	[]	0	0
F9-bad-media-rw-forever	off(today)	MOFMFOFOFOFOFOFOFOFOFOFOFOFOFOFOFO	M:mount-err:Recovery(UnitUnreadable { slot: SlotNumber(50182) }) O:refused(not-writable) F:refused(not-writable) M:mount-err:Recovery(UnitUnreadable { slot: SlotNumber(50182) }) F:refused(not-writable) O:refused(not-writable) F:refused(not-writable) O:refused(not-writable) F:refused(not-writable) O:refused(not-writable) F:refused(not-writable) O:refused(not-writable) F:refused(not-writable) O:refused(not-writable) F:refused(not-writable) O:refused(not-writable) F:refused(not-writable) O:refused(not-writable) F:refused(not-writable) O:refused(not-writable) F:refused(not-writable) O:refused(not-writable) F:refused(not-writable) O:refused(not-writable) F:refused(not-writable) O:refused(not-writable) F:refused(not-writable) O:refused(not-writable) F:refused(not-writable) O:refused(not-writable) F:refused(not-writable) O:refused(not-writable) F:refused(not-writable) O:refused(not-writable)	mount-err:Recovery(UnitUnreadable { slot: SlotNumber(50182) })	same	-	[0, 0]	0	0	[0, 0]	0	0	0	6	-	[]	0	0
F9-bad-media-rw-forever	off(today)	MOFOFOFOFOFOFOFOFOFOFOFOFOFOFOFOFO	M:mount-err:Recovery(UnitUnreadable { slot: SlotNumber(50182) }) O:refused(not-writable) F:refused(not-writable) O:refused(not-writable) F:refused(not-writable) O:refused(not-writable) F:refused(not-writable) O:refused(not-writable) F:refused(not-writable) O:refused(not-writable) F:refused(not-writable) O:refused(not-writable) F:refused(not-writable) O:refused(not-writable) F:refused(not-writable) O:refused(not-writable) F:refused(not-writable) O:refused(not-writable) F:refused(not-writable) O:refused(not-writable) F:refused(not-writable) O:refused(not-writable) F:refused(not-writable) O:refused(not-writable) F:refused(not-writable) O:refused(not-writable) F:refused(not-writable) O:refused(not-writable) F:refused(not-writable) O:refused(not-writable) F:refused(not-writable) O:refused(not-writable) F:refused(not-writable) O:refused(not-writable)	mount-err:Recovery(UnitUnreadable { slot: SlotNumber(50182) })	same	-	[0, 0]	0	0	[0, 0]	0	0	0	4	-	[]	0	0
F9-bad-media-rw-forever	off(today)	MOOFFOFOFOFOFOFOFOFOFOFOFOFOFOFOFO	M:mount-err:Recovery(UnitUnreadable { slot: SlotNumber(50182) }) O:refused(not-writable) O:refused(not-writable) F:refused(not-writable) F:refused(not-writable) O:refused(not-writable) F:refused(not-writable) O:refused(not-writable) F:refused(not-writable) O:refused(not-writable) F:refused(not-writable) O:refused(not-writable) F:refused(not-writable) O:refused(not-writable) F:refused(not-writable) O:refused(not-writable) F:refused(not-writable) O:refused(not-writable) F:refused(not-writable) O:refused(not-writable) F:refused(not-writable) O:refused(not-writable) F:refused(not-writable) O:refused(not-writable) F:refused(not-writable) O:refused(not-writable) F:refused(not-writable) O:refused(not-writable) F:refused(not-writable) O:refused(not-writable) F:refused(not-writable) O:refused(not-writable) F:refused(not-writable) O:refused(not-writable)	mount-err:Recovery(UnitUnreadable { slot: SlotNumber(50182) })	same	-	[0, 0]	0	0	[0, 0]	0	0	0	4	-	[]	0	0
F9-bad-media-rw-forever	off(today)	MOMMFOFOFOFOFOFOFOFOFOFOFOFOFOFOFO	M:mount-err:Recovery(UnitUnreadable { slot: SlotNumber(50182) }) O:refused(not-writable) M:mount-err:Recovery(UnitUnreadable { slot: SlotNumber(50182) }) M:mount-err:Recovery(UnitUnreadable { slot: SlotNumber(50182) }) F:refused(not-writable) O:refused(not-writable) F:refused(not-writable) O:refused(not-writable) F:refused(not-writable) O:refused(not-writable) F:refused(not-writable) O:refused(not-writable) F:refused(not-writable) O:refused(not-writable) F:refused(not-writable) O:refused(not-writable) F:refused(not-writable) O:refused(not-writable) F:refused(not-writable) O:refused(not-writable) F:refused(not-writable) O:refused(not-writable) F:refused(not-writable) O:refused(not-writable) F:refused(not-writable) O:refused(not-writable) F:refused(not-writable) O:refused(not-writable) F:refused(not-writable) O:refused(not-writable) F:refused(not-writable) O:refused(not-writable) F:refused(not-writable) O:refused(not-writable)	mount-err:Recovery(UnitUnreadable { slot: SlotNumber(50182) })	same	-	[0, 0]	0	0	[0, 0]	0	0	0	8	-	[]	0	0
F9-bad-media-rw-forever	off(today)	MOOOFOFOFOFOFOFOFOFOFOFOFOFOFOFOFO	M:mount-err:Recovery(UnitUnreadable { slot: SlotNumber(50182) }) O:refused(not-writable) O:refused(not-writable) O:refused(not-writable) F:refused(not-writable) O:refused(not-writable) F:refused(not-writable) O:refused(not-writable) F:refused(not-writable) O:refused(not-writable) F:refused(not-writable) O:refused(not-writable) F:refused(not-writable) O:refused(not-writable) F:refused(not-writable) O:refused(not-writable) F:refused(not-writable) O:refused(not-writable) F:refused(not-writable) O:refused(not-writable) F:refused(not-writable) O:refused(not-writable) F:refused(not-writable) O:refused(not-writable) F:refused(not-writable) O:refused(not-writable) F:refused(not-writable) O:refused(not-writable) F:refused(not-writable) O:refused(not-writable) F:refused(not-writable) O:refused(not-writable) F:refused(not-writable) O:refused(not-writable)	mount-err:Recovery(UnitUnreadable { slot: SlotNumber(50182) })	same	-	[0, 0]	0	0	[0, 0]	0	0	0	4	-	[]	0	0
F9-bad-media-rw-forever	off(today)	MOMOFOFOFOFOFOFOFOFOFOFOFOFOFOFOFO	M:mount-err:Recovery(UnitUnreadable { slot: SlotNumber(50182) }) O:refused(not-writable) M:mount-err:Recovery(UnitUnreadable { slot: SlotNumber(50182) }) O:refused(not-writable) F:refused(not-writable) O:refused(not-writable) F:refused(not-writable) O:refused(not-writable) F:refused(not-writable) O:refused(not-writable) F:refused(not-writable) O:refused(not-writable) F:refused(not-writable) O:refused(not-writable) F:refused(not-writable) O:refused(not-writable) F:refused(not-writable) O:refused(not-writable) F:refused(not-writable) O:refused(not-writable) F:refused(not-writable) O:refused(not-writable) F:refused(not-writable) O:refused(not-writable) F:refused(not-writable) O:refused(not-writable) F:refused(not-writable) O:refused(not-writable) F:refused(not-writable) O:refused(not-writable) F:refused(not-writable) O:refused(not-writable) F:refused(not-writable) O:refused(not-writable)	mount-err:Recovery(UnitUnreadable { slot: SlotNumber(50182) })	same	-	[0, 0]	0	0	[0, 0]	0	0	0	6	-	[]	0	0
F9-bad-media-rw-forever	off(today)	MOOMFOFOFOFOFOFOFOFOFOFOFOFOFOFOFO	M:mount-err:Recovery(UnitUnreadable { slot: SlotNumber(50182) }) O:refused(not-writable) O:refused(not-writable) M:mount-err:Recovery(UnitUnreadable { slot: SlotNumber(50182) }) F:refused(not-writable) O:refused(not-writable) F:refused(not-writable) O:refused(not-writable) F:refused(not-writable) O:refused(not-writable) F:refused(not-writable) O:refused(not-writable) F:refused(not-writable) O:refused(not-writable) F:refused(not-writable) O:refused(not-writable) F:refused(not-writable) O:refused(not-writable) F:refused(not-writable) O:refused(not-writable) F:refused(not-writable) O:refused(not-writable) F:refused(not-writable) O:refused(not-writable) F:refused(not-writable) O:refused(not-writable) F:refused(not-writable) O:refused(not-writable) F:refused(not-writable) O:refused(not-writable) F:refused(not-writable) O:refused(not-writable) F:refused(not-writable) O:refused(not-writable)	mount-err:Recovery(UnitUnreadable { slot: SlotNumber(50182) })	same	-	[0, 0]	0	0	[0, 0]	0	0	0	6	-	[]	0	0
F9-bad-media-rw-forever	off(today)	OFFFFOFOFOFOFOFOFOFOFOFOFOFOFOFOFO	O:ok F:noop F:noop F:noop F:noop O:ok F:ok(F=3,reclaimed=1) O:ok F:ok(F=6,reclaimed=17) O:ok F:ok(F=7,reclaimed=8) O:ok F:ok(F=8,reclaimed=8) O:err:BlockDevice(InputOutput(Custom { kind: Other, error: "injected write e F:noop O:err:BlockDevice(InputOutput(Custom { kind: Other, error: "injected write e F:noop O:err:BlockDevice(InputOutput(Custom { kind: Other, error: "injected write e F:noop O:err:BlockDevice(InputOutput(Custom { kind: Other, error: "injected write e F:noop O:err:BlockDevice(InputOutput(Custom { kind: Other, error: "injected write e F:noop O:err:BlockDevice(InputOutput(Custom { kind: Other, error: "injected write e F:noop O:err:BlockDevice(InputOutput(Custom { kind: Other, error: "injected write e F:noop O:err:BlockDevice(InputOutput(Custom { kind: Other, error: "injected write e F:noop O:err:BlockDevice(InputOutput(Custom { kind: Other, error: "injected write e F:noop O:err:BlockDevice(InputOutput(Custom { kind: Other, error: "injected write e F:noop O:err:BlockDevice(InputOutput(Custom { kind: Other, error: "injected write e	ok	same	-	[0, 0]	0	0	[0, 0]	0	0	0	0	-	[]	0	11
F9-bad-media-rw-forever	off(today)	OFFMFOFOFOFOFOFOFOFOFOFOFOFOFOFOFO	O:ok F:noop F:noop M:ok F:noop O:ok F:ok(F=3,reclaimed=1) O:ok F:ok(F=6,reclaimed=17) O:ok F:ok(F=7,reclaimed=8) O:ok F:ok(F=11,reclaimed=21) O:err:BlockDevice(InputOutput(Custom { kind: Other, error: "injected write e F:noop O:err:BlockDevice(InputOutput(Custom { kind: Other, error: "injected write e F:noop O:err:BlockDevice(InputOutput(Custom { kind: Other, error: "injected write e F:noop O:err:BlockDevice(InputOutput(Custom { kind: Other, error: "injected write e F:noop O:err:BlockDevice(InputOutput(Custom { kind: Other, error: "injected write e F:noop O:err:BlockDevice(InputOutput(Custom { kind: Other, error: "injected write e F:noop O:err:BlockDevice(InputOutput(Custom { kind: Other, error: "injected write e F:noop O:err:BlockDevice(InputOutput(Custom { kind: Other, error: "injected write e F:noop O:err:BlockDevice(InputOutput(Custom { kind: Other, error: "injected write e F:noop O:err:BlockDevice(InputOutput(Custom { kind: Other, error: "injected write e F:noop O:err:BlockDevice(InputOutput(Custom { kind: Other, error: "injected write e	ok	same	-	[0, 0]	0	0	[0, 0]	0	0	0	0	-	[]	0	11
F9-bad-media-rw-forever	off(today)	OFFOFOFOFOFOFOFOFOFOFOFOFOFOFOFOFO	O:ok F:noop F:noop O:ok F:ok(F=3,reclaimed=1) O:ok F:ok(F=6,reclaimed=17) O:ok F:ok(F=7,reclaimed=8) O:ok F:ok(F=8,reclaimed=8) O:err:BlockDevice(InputOutput(Custom { kind: Other, error: "injected write e F:noop O:err:BlockDevice(InputOutput(Custom { kind: Other, error: "injected write e F:noop O:err:BlockDevice(InputOutput(Custom { kind: Other, error: "injected write e F:noop O:err:BlockDevice(InputOutput(Custom { kind: Other, error: "injected write e F:noop O:err:BlockDevice(InputOutput(Custom { kind: Other, error: "injected write e F:noop O:err:BlockDevice(InputOutput(Custom { kind: Other, error: "injected write e F:noop O:err:BlockDevice(InputOutput(Custom { kind: Other, error: "injected write e F:noop O:err:BlockDevice(InputOutput(Custom { kind: Other, error: "injected write e F:noop O:err:BlockDevice(InputOutput(Custom { kind: Other, error: "injected write e F:noop O:err:BlockDevice(InputOutput(Custom { kind: Other, error: "injected write e F:noop O:err:BlockDevice(InputOutput(Custom { kind: Other, error: "injected write e F:noop O:err:BlockDevice(InputOutput(Custom { kind: Other, error: "injected write e	ok	same	-	[0, 0]	0	0	[0, 0]	0	0	0	0	-	[]	0	12
F9-bad-media-rw-forever	off(today)	OFOOFOFOFOFOFOFOFOFOFOFOFOFOFOFOFO	O:ok F:noop O:ok O:ok F:ok(F=6,reclaimed=18) O:ok F:ok(F=7,reclaimed=8) O:ok F:ok(F=8,reclaimed=8) O:ok F:ok(F=9,reclaimed=8) O:err:BlockDevice(InputOutput(Custom { kind: Other, error: "injected write e F:noop O:err:BlockDevice(InputOutput(Custom { kind: Other, error: "injected write e F:noop O:err:BlockDevice(InputOutput(Custom { kind: Other, error: "injected write e F:noop O:err:BlockDevice(InputOutput(Custom { kind: Other, error: "injected write e F:noop O:err:BlockDevice(InputOutput(Custom { kind: Other, error: "injected write e F:noop O:err:BlockDevice(InputOutput(Custom { kind: Other, error: "injected write e F:noop O:err:BlockDevice(InputOutput(Custom { kind: Other, error: "injected write e F:noop O:err:BlockDevice(InputOutput(Custom { kind: Other, error: "injected write e F:noop O:err:BlockDevice(InputOutput(Custom { kind: Other, error: "injected write e F:noop O:err:BlockDevice(InputOutput(Custom { kind: Other, error: "injected write e F:noop O:err:BlockDevice(InputOutput(Custom { kind: Other, error: "injected write e F:noop O:err:BlockDevice(InputOutput(Custom { kind: Other, error: "injected write e	ok	same	-	[0, 0]	0	0	[0, 0]	0	0	0	0	-	[]	0	12
F9-bad-media-rw-forever	off(today)	OFOFFOFOFOFOFOFOFOFOFOFOFOFOFOFOFO	O:ok F:noop O:ok F:ok(F=3,reclaimed=1) F:noop O:ok F:ok(F=6,reclaimed=17) O:ok F:ok(F=7,reclaimed=8) O:ok F:ok(F=8,reclaimed=8) O:err:BlockDevice(InputOutput(Custom { kind: Other, error: "injected write e F:noop O:err:BlockDevice(InputOutput(Custom { kind: Other, error: "injected write e F:noop O:err:BlockDevice(InputOutput(Custom { kind: Other, error: "injected write e F:noop O:err:BlockDevice(InputOutput(Custom { kind: Other, error: "injected write e F:noop O:err:BlockDevice(InputOutput(Custom { kind: Other, error: "injected write e F:noop O:err:BlockDevice(InputOutput(Custom { kind: Other, error: "injected write e F:noop O:err:BlockDevice(InputOutput(Custom { kind: Other, error: "injected write e F:noop O:err:BlockDevice(InputOutput(Custom { kind: Other, error: "injected write e F:noop O:err:BlockDevice(InputOutput(Custom { kind: Other, error: "injected write e F:noop O:err:BlockDevice(InputOutput(Custom { kind: Other, error: "injected write e F:noop O:err:BlockDevice(InputOutput(Custom { kind: Other, error: "injected write e F:noop O:err:BlockDevice(InputOutput(Custom { kind: Other, error: "injected write e	ok	same	-	[0, 0]	0	0	[0, 0]	0	0	0	0	-	[]	0	12
F9-bad-media-rw-forever	off(today)	OFMFFOFOFOFOFOFOFOFOFOFOFOFOFOFOFO	O:ok F:noop M:ok F:noop F:noop O:ok F:ok(F=3,reclaimed=1) O:ok F:ok(F=6,reclaimed=17) O:ok F:ok(F=7,reclaimed=8) O:ok F:ok(F=11,reclaimed=21) O:err:BlockDevice(InputOutput(Custom { kind: Other, error: "injected write e F:noop O:err:BlockDevice(InputOutput(Custom { kind: Other, error: "injected write e F:noop O:err:BlockDevice(InputOutput(Custom { kind: Other, error: "injected write e F:noop O:err:BlockDevice(InputOutput(Custom { kind: Other, error: "injected write e F:noop O:err:BlockDevice(InputOutput(Custom { kind: Other, error: "injected write e F:noop O:err:BlockDevice(InputOutput(Custom { kind: Other, error: "injected write e F:noop O:err:BlockDevice(InputOutput(Custom { kind: Other, error: "injected write e F:noop O:err:BlockDevice(InputOutput(Custom { kind: Other, error: "injected write e F:noop O:err:BlockDevice(InputOutput(Custom { kind: Other, error: "injected write e F:noop O:err:BlockDevice(InputOutput(Custom { kind: Other, error: "injected write e F:noop O:err:BlockDevice(InputOutput(Custom { kind: Other, error: "injected write e	ok	same	-	[0, 0]	0	0	[0, 0]	0	0	0	0	-	[]	0	11
F9-bad-media-rw-forever	off(today)	OFMOFOFOFOFOFOFOFOFOFOFOFOFOFOFOFO	O:ok F:noop M:ok O:ok F:ok(F=3,reclaimed=1) O:ok F:ok(F=6,reclaimed=17) O:ok F:ok(F=7,reclaimed=8) O:ok F:ok(F=11,reclaimed=21) O:err:BlockDevice(InputOutput(Custom { kind: Other, error: "injected write e F:noop O:err:BlockDevice(InputOutput(Custom { kind: Other, error: "injected write e F:noop O:err:BlockDevice(InputOutput(Custom { kind: Other, error: "injected write e F:noop O:err:BlockDevice(InputOutput(Custom { kind: Other, error: "injected write e F:noop O:err:BlockDevice(InputOutput(Custom { kind: Other, error: "injected write e F:noop O:err:BlockDevice(InputOutput(Custom { kind: Other, error: "injected write e F:noop O:err:BlockDevice(InputOutput(Custom { kind: Other, error: "injected write e F:noop O:err:BlockDevice(InputOutput(Custom { kind: Other, error: "injected write e F:noop O:err:BlockDevice(InputOutput(Custom { kind: Other, error: "injected write e F:noop O:err:BlockDevice(InputOutput(Custom { kind: Other, error: "injected write e F:noop O:err:BlockDevice(InputOutput(Custom { kind: Other, error: "injected write e F:noop O:err:BlockDevice(InputOutput(Custom { kind: Other, error: "injected write e	ok	same	-	[0, 0]	0	0	[0, 0]	0	0	0	0	-	[]	0	12
F9-bad-media-rw-forever	off(today)	OFOMFOFOFOFOFOFOFOFOFOFOFOFOFOFOFO	O:ok F:noop O:ok M:ok F:ok(F=3,reclaimed=1) O:ok F:ok(F=6,reclaimed=17) O:ok F:ok(F=7,reclaimed=8) O:ok F:ok(F=8,reclaimed=8) O:err:BlockDevice(InputOutput(Custom { kind: Other, error: "injected write e F:noop O:err:BlockDevice(InputOutput(Custom { kind: Other, error: "injected write e F:noop O:err:BlockDevice(InputOutput(Custom { kind: Other, error: "injected write e F:noop O:err:BlockDevice(InputOutput(Custom { kind: Other, error: "injected write e F:noop O:err:BlockDevice(InputOutput(Custom { kind: Other, error: "injected write e F:noop O:err:BlockDevice(InputOutput(Custom { kind: Other, error: "injected write e F:noop O:err:BlockDevice(InputOutput(Custom { kind: Other, error: "injected write e F:noop O:err:BlockDevice(InputOutput(Custom { kind: Other, error: "injected write e F:noop O:err:BlockDevice(InputOutput(Custom { kind: Other, error: "injected write e F:noop O:err:BlockDevice(InputOutput(Custom { kind: Other, error: "injected write e F:noop O:err:BlockDevice(InputOutput(Custom { kind: Other, error: "injected write e F:noop O:err:BlockDevice(InputOutput(Custom { kind: Other, error: "injected write e	ok	same	-	[0, 0]	0	0	[0, 0]	0	0	0	0	-	[]	0	12
F9-bad-media-rw-forever	off(today)	OFMMFOFOFOFOFOFOFOFOFOFOFOFOFOFOFO	O:ok F:noop M:ok M:ok F:noop O:ok F:ok(F=3,reclaimed=1) O:ok F:ok(F=6,reclaimed=17) O:ok F:ok(F=7,reclaimed=8) O:ok F:ok(F=14,reclaimed=34) O:err:BlockDevice(InputOutput(Custom { kind: Other, error: "injected write e F:noop O:err:BlockDevice(InputOutput(Custom { kind: Other, error: "injected write e F:noop O:err:BlockDevice(InputOutput(Custom { kind: Other, error: "injected write e F:noop O:err:BlockDevice(InputOutput(Custom { kind: Other, error: "injected write e F:noop O:err:BlockDevice(InputOutput(Custom { kind: Other, error: "injected write e F:noop O:err:BlockDevice(InputOutput(Custom { kind: Other, error: "injected write e F:noop O:err:BlockDevice(InputOutput(Custom { kind: Other, error: "injected write e F:noop O:err:BlockDevice(InputOutput(Custom { kind: Other, error: "injected write e F:noop O:err:BlockDevice(InputOutput(Custom { kind: Other, error: "injected write e F:noop O:err:BlockDevice(InputOutput(Custom { kind: Other, error: "injected write e F:noop O:err:BlockDevice(InputOutput(Custom { kind: Other, error: "injected write e	ok	same	-	[0, 0]	0	0	[0, 0]	0	0	0	0	-	[]	0	11
F9-bad-media-rw-forever	off(today)	OMFFFOFOFOFOFOFOFOFOFOFOFOFOFOFOFO	O:ok M:ok F:noop F:noop F:noop O:ok F:ok(F=3,reclaimed=1) O:ok F:ok(F=6,reclaimed=17) O:ok F:ok(F=7,reclaimed=8) O:ok F:ok(F=11,reclaimed=21) O:err:BlockDevice(InputOutput(Custom { kind: Other, error: "injected write e F:noop O:err:BlockDevice(InputOutput(Custom { kind: Other, error: "injected write e F:noop O:err:BlockDevice(InputOutput(Custom { kind: Other, error: "injected write e F:noop O:err:BlockDevice(InputOutput(Custom { kind: Other, error: "injected write e F:noop O:err:BlockDevice(InputOutput(Custom { kind: Other, error: "injected write e F:noop O:err:BlockDevice(InputOutput(Custom { kind: Other, error: "injected write e F:noop O:err:BlockDevice(InputOutput(Custom { kind: Other, error: "injected write e F:noop O:err:BlockDevice(InputOutput(Custom { kind: Other, error: "injected write e F:noop O:err:BlockDevice(InputOutput(Custom { kind: Other, error: "injected write e F:noop O:err:BlockDevice(InputOutput(Custom { kind: Other, error: "injected write e F:noop O:err:BlockDevice(InputOutput(Custom { kind: Other, error: "injected write e	ok	same	-	[0, 0]	0	0	[0, 0]	0	0	0	0	-	[]	0	11
F9-bad-media-rw-forever	off(today)	OMFMFOFOFOFOFOFOFOFOFOFOFOFOFOFOFO	O:ok M:ok F:noop M:ok F:noop O:ok F:ok(F=3,reclaimed=1) O:ok F:ok(F=6,reclaimed=17) O:ok F:ok(F=7,reclaimed=8) O:ok F:ok(F=14,reclaimed=34) O:err:BlockDevice(InputOutput(Custom { kind: Other, error: "injected write e F:noop O:err:BlockDevice(InputOutput(Custom { kind: Other, error: "injected write e F:noop O:err:BlockDevice(InputOutput(Custom { kind: Other, error: "injected write e F:noop O:err:BlockDevice(InputOutput(Custom { kind: Other, error: "injected write e F:noop O:err:BlockDevice(InputOutput(Custom { kind: Other, error: "injected write e F:noop O:err:BlockDevice(InputOutput(Custom { kind: Other, error: "injected write e F:noop O:err:BlockDevice(InputOutput(Custom { kind: Other, error: "injected write e F:noop O:err:BlockDevice(InputOutput(Custom { kind: Other, error: "injected write e F:noop O:err:BlockDevice(InputOutput(Custom { kind: Other, error: "injected write e F:noop O:err:BlockDevice(InputOutput(Custom { kind: Other, error: "injected write e F:noop O:err:BlockDevice(InputOutput(Custom { kind: Other, error: "injected write e	ok	same	-	[0, 0]	0	0	[0, 0]	0	0	0	0	-	[]	0	11
F9-bad-media-rw-forever	off(today)	OMFOFOFOFOFOFOFOFOFOFOFOFOFOFOFOFO	O:ok M:ok F:noop O:ok F:ok(F=3,reclaimed=1) O:ok F:ok(F=6,reclaimed=17) O:ok F:ok(F=7,reclaimed=8) O:ok F:ok(F=11,reclaimed=21) O:err:BlockDevice(InputOutput(Custom { kind: Other, error: "injected write e F:noop O:err:BlockDevice(InputOutput(Custom { kind: Other, error: "injected write e F:noop O:err:BlockDevice(InputOutput(Custom { kind: Other, error: "injected write e F:noop O:err:BlockDevice(InputOutput(Custom { kind: Other, error: "injected write e F:noop O:err:BlockDevice(InputOutput(Custom { kind: Other, error: "injected write e F:noop O:err:BlockDevice(InputOutput(Custom { kind: Other, error: "injected write e F:noop O:err:BlockDevice(InputOutput(Custom { kind: Other, error: "injected write e F:noop O:err:BlockDevice(InputOutput(Custom { kind: Other, error: "injected write e F:noop O:err:BlockDevice(InputOutput(Custom { kind: Other, error: "injected write e F:noop O:err:BlockDevice(InputOutput(Custom { kind: Other, error: "injected write e F:noop O:err:BlockDevice(InputOutput(Custom { kind: Other, error: "injected write e F:noop O:err:BlockDevice(InputOutput(Custom { kind: Other, error: "injected write e	ok	same	-	[0, 0]	0	0	[0, 0]	0	0	0	0	-	[]	0	12
F9-bad-media-rw-forever	off(today)	OOFFFOFOFOFOFOFOFOFOFOFOFOFOFOFOFO	O:ok O:ok F:ok(F=3,reclaimed=1) F:noop F:noop O:ok F:ok(F=6,reclaimed=17) O:ok F:ok(F=7,reclaimed=8) O:ok F:ok(F=8,reclaimed=8) O:err:BlockDevice(InputOutput(Custom { kind: Other, error: "injected write e F:noop O:err:BlockDevice(InputOutput(Custom { kind: Other, error: "injected write e F:noop O:err:BlockDevice(InputOutput(Custom { kind: Other, error: "injected write e F:noop O:err:BlockDevice(InputOutput(Custom { kind: Other, error: "injected write e F:noop O:err:BlockDevice(InputOutput(Custom { kind: Other, error: "injected write e F:noop O:err:BlockDevice(InputOutput(Custom { kind: Other, error: "injected write e F:noop O:err:BlockDevice(InputOutput(Custom { kind: Other, error: "injected write e F:noop O:err:BlockDevice(InputOutput(Custom { kind: Other, error: "injected write e F:noop O:err:BlockDevice(InputOutput(Custom { kind: Other, error: "injected write e F:noop O:err:BlockDevice(InputOutput(Custom { kind: Other, error: "injected write e F:noop O:err:BlockDevice(InputOutput(Custom { kind: Other, error: "injected write e F:noop O:err:BlockDevice(InputOutput(Custom { kind: Other, error: "injected write e	ok	same	-	[0, 0]	0	0	[0, 0]	0	0	0	0	-	[]	0	12
F9-bad-media-rw-forever	off(today)	OOFMFOFOFOFOFOFOFOFOFOFOFOFOFOFOFO	O:ok O:ok F:ok(F=3,reclaimed=1) M:ok F:noop O:ok F:ok(F=6,reclaimed=17) O:ok F:ok(F=7,reclaimed=8) O:ok F:ok(F=8,reclaimed=8) O:err:BlockDevice(InputOutput(Custom { kind: Other, error: "injected write e F:noop O:err:BlockDevice(InputOutput(Custom { kind: Other, error: "injected write e F:noop O:err:BlockDevice(InputOutput(Custom { kind: Other, error: "injected write e F:noop O:err:BlockDevice(InputOutput(Custom { kind: Other, error: "injected write e F:noop O:err:BlockDevice(InputOutput(Custom { kind: Other, error: "injected write e F:noop O:err:BlockDevice(InputOutput(Custom { kind: Other, error: "injected write e F:noop O:err:BlockDevice(InputOutput(Custom { kind: Other, error: "injected write e F:noop O:err:BlockDevice(InputOutput(Custom { kind: Other, error: "injected write e F:noop O:err:BlockDevice(InputOutput(Custom { kind: Other, error: "injected write e F:noop O:err:BlockDevice(InputOutput(Custom { kind: Other, error: "injected write e F:noop O:err:BlockDevice(InputOutput(Custom { kind: Other, error: "injected write e F:noop O:err:BlockDevice(InputOutput(Custom { kind: Other, error: "injected write e	ok	same	-	[0, 0]	0	0	[0, 0]	0	0	0	0	-	[]	0	12
F9-bad-media-rw-forever	off(today)	OMMFFOFOFOFOFOFOFOFOFOFOFOFOFOFOFO	O:ok M:ok M:ok F:noop F:noop O:ok F:ok(F=3,reclaimed=1) O:ok F:ok(F=6,reclaimed=17) O:ok F:ok(F=7,reclaimed=8) O:ok F:ok(F=14,reclaimed=34) O:err:BlockDevice(InputOutput(Custom { kind: Other, error: "injected write e F:noop O:err:BlockDevice(InputOutput(Custom { kind: Other, error: "injected write e F:noop O:err:BlockDevice(InputOutput(Custom { kind: Other, error: "injected write e F:noop O:err:BlockDevice(InputOutput(Custom { kind: Other, error: "injected write e F:noop O:err:BlockDevice(InputOutput(Custom { kind: Other, error: "injected write e F:noop O:err:BlockDevice(InputOutput(Custom { kind: Other, error: "injected write e F:noop O:err:BlockDevice(InputOutput(Custom { kind: Other, error: "injected write e F:noop O:err:BlockDevice(InputOutput(Custom { kind: Other, error: "injected write e F:noop O:err:BlockDevice(InputOutput(Custom { kind: Other, error: "injected write e F:noop O:err:BlockDevice(InputOutput(Custom { kind: Other, error: "injected write e F:noop O:err:BlockDevice(InputOutput(Custom { kind: Other, error: "injected write e	ok	same	-	[0, 0]	0	0	[0, 0]	0	0	0	0	-	[]	0	11
F9-bad-media-rw-forever	off(today)	OMOFFOFOFOFOFOFOFOFOFOFOFOFOFOFOFO	O:ok M:ok O:ok F:ok(F=3,reclaimed=1) F:noop O:ok F:ok(F=6,reclaimed=17) O:ok F:ok(F=7,reclaimed=8) O:ok F:ok(F=11,reclaimed=21) O:err:BlockDevice(InputOutput(Custom { kind: Other, error: "injected write e F:noop O:err:BlockDevice(InputOutput(Custom { kind: Other, error: "injected write e F:noop O:err:BlockDevice(InputOutput(Custom { kind: Other, error: "injected write e F:noop O:err:BlockDevice(InputOutput(Custom { kind: Other, error: "injected write e F:noop O:err:BlockDevice(InputOutput(Custom { kind: Other, error: "injected write e F:noop O:err:BlockDevice(InputOutput(Custom { kind: Other, error: "injected write e F:noop O:err:BlockDevice(InputOutput(Custom { kind: Other, error: "injected write e F:noop O:err:BlockDevice(InputOutput(Custom { kind: Other, error: "injected write e F:noop O:err:BlockDevice(InputOutput(Custom { kind: Other, error: "injected write e F:noop O:err:BlockDevice(InputOutput(Custom { kind: Other, error: "injected write e F:noop O:err:BlockDevice(InputOutput(Custom { kind: Other, error: "injected write e F:noop O:err:BlockDevice(InputOutput(Custom { kind: Other, error: "injected write e	ok	same	-	[0, 0]	0	0	[0, 0]	0	0	0	0	-	[]	0	12
F9-bad-media-rw-forever	off(today)	OMMOFOFOFOFOFOFOFOFOFOFOFOFOFOFOFO	O:ok M:ok M:ok O:ok F:ok(F=3,reclaimed=1) O:ok F:ok(F=6,reclaimed=17) O:ok F:ok(F=7,reclaimed=8) O:ok F:ok(F=14,reclaimed=34) O:err:BlockDevice(InputOutput(Custom { kind: Other, error: "injected write e F:noop O:err:BlockDevice(InputOutput(Custom { kind: Other, error: "injected write e F:noop O:err:BlockDevice(InputOutput(Custom { kind: Other, error: "injected write e F:noop O:err:BlockDevice(InputOutput(Custom { kind: Other, error: "injected write e F:noop O:err:BlockDevice(InputOutput(Custom { kind: Other, error: "injected write e F:noop O:err:BlockDevice(InputOutput(Custom { kind: Other, error: "injected write e F:noop O:err:BlockDevice(InputOutput(Custom { kind: Other, error: "injected write e F:noop O:err:BlockDevice(InputOutput(Custom { kind: Other, error: "injected write e F:noop O:err:BlockDevice(InputOutput(Custom { kind: Other, error: "injected write e F:noop O:err:BlockDevice(InputOutput(Custom { kind: Other, error: "injected write e F:noop O:err:BlockDevice(InputOutput(Custom { kind: Other, error: "injected write e F:noop O:err:BlockDevice(InputOutput(Custom { kind: Other, error: "injected write e	ok	same	-	[0, 0]	0	0	[0, 0]	0	0	0	0	-	[]	0	12
F9-bad-media-rw-forever	off(today)	OMOOFOFOFOFOFOFOFOFOFOFOFOFOFOFOFO	O:ok M:ok O:ok O:ok F:ok(F=6,reclaimed=18) O:ok F:ok(F=7,reclaimed=8) O:ok F:ok(F=11,reclaimed=21) O:ok F:ok(F=12,reclaimed=8) O:err:BlockDevice(InputOutput(Custom { kind: Other, error: "injected write e F:noop O:err:BlockDevice(InputOutput(Custom { kind: Other, error: "injected write e F:noop O:err:BlockDevice(InputOutput(Custom { kind: Other, error: "injected write e F:noop O:err:BlockDevice(InputOutput(Custom { kind: Other, error: "injected write e F:noop O:err:BlockDevice(InputOutput(Custom { kind: Other, error: "injected write e F:noop O:err:BlockDevice(InputOutput(Custom { kind: Other, error: "injected write e F:noop O:err:BlockDevice(InputOutput(Custom { kind: Other, error: "injected write e F:noop O:err:BlockDevice(InputOutput(Custom { kind: Other, error: "injected write e F:noop O:err:BlockDevice(InputOutput(Custom { kind: Other, error: "injected write e F:noop O:err:BlockDevice(InputOutput(Custom { kind: Other, error: "injected write e F:noop O:err:BlockDevice(InputOutput(Custom { kind: Other, error: "injected write e F:noop O:err:BlockDevice(InputOutput(Custom { kind: Other, error: "injected write e	ok	same	-	[0, 0]	0	0	[0, 0]	0	0	0	0	-	[]	0	12
F9-bad-media-rw-forever	off(today)	OMMMFOFOFOFOFOFOFOFOFOFOFOFOFOFOFO	O:ok M:ok M:ok M:ok F:noop O:ok F:ok(F=3,reclaimed=1) O:ok F:ok(F=6,reclaimed=17) O:ok F:ok(F=7,reclaimed=8) O:ok F:ok(F=17,reclaimed=47) O:err:BlockDevice(InputOutput(Custom { kind: Other, error: "injected write e F:noop O:err:BlockDevice(InputOutput(Custom { kind: Other, error: "injected write e F:noop O:err:BlockDevice(InputOutput(Custom { kind: Other, error: "injected write e F:noop O:err:BlockDevice(InputOutput(Custom { kind: Other, error: "injected write e F:noop O:err:BlockDevice(InputOutput(Custom { kind: Other, error: "injected write e F:noop O:err:BlockDevice(InputOutput(Custom { kind: Other, error: "injected write e F:noop O:err:BlockDevice(InputOutput(Custom { kind: Other, error: "injected write e F:noop O:err:BlockDevice(InputOutput(Custom { kind: Other, error: "injected write e F:noop O:err:BlockDevice(InputOutput(Custom { kind: Other, error: "injected write e F:noop O:err:BlockDevice(InputOutput(Custom { kind: Other, error: "injected write e F:noop O:err:BlockDevice(InputOutput(Custom { kind: Other, error: "injected write e	ok	same	-	[0, 0]	0	0	[0, 0]	0	0	0	0	-	[]	0	11
F9-bad-media-rw-forever	off(today)	OMOMFOFOFOFOFOFOFOFOFOFOFOFOFOFOFO	O:ok M:ok O:ok M:ok F:ok(F=3,reclaimed=1) O:ok F:ok(F=6,reclaimed=17) O:ok F:ok(F=7,reclaimed=8) O:ok F:ok(F=11,reclaimed=21) O:err:BlockDevice(InputOutput(Custom { kind: Other, error: "injected write e F:noop O:err:BlockDevice(InputOutput(Custom { kind: Other, error: "injected write e F:noop O:err:BlockDevice(InputOutput(Custom { kind: Other, error: "injected write e F:noop O:err:BlockDevice(InputOutput(Custom { kind: Other, error: "injected write e F:noop O:err:BlockDevice(InputOutput(Custom { kind: Other, error: "injected write e F:noop O:err:BlockDevice(InputOutput(Custom { kind: Other, error: "injected write e F:noop O:err:BlockDevice(InputOutput(Custom { kind: Other, error: "injected write e F:noop O:err:BlockDevice(InputOutput(Custom { kind: Other, error: "injected write e F:noop O:err:BlockDevice(InputOutput(Custom { kind: Other, error: "injected write e F:noop O:err:BlockDevice(InputOutput(Custom { kind: Other, error: "injected write e F:noop O:err:BlockDevice(InputOutput(Custom { kind: Other, error: "injected write e F:noop O:err:BlockDevice(InputOutput(Custom { kind: Other, error: "injected write e	ok	same	-	[0, 0]	0	0	[0, 0]	0	0	0	0	-	[]	0	12
F9-bad-media-rw-forever	off(today)	OOFOFOFOFOFOFOFOFOFOFOFOFOFOFOFOFO	O:ok O:ok F:ok(F=3,reclaimed=1) O:ok F:ok(F=6,reclaimed=17) O:ok F:ok(F=7,reclaimed=8) O:ok F:ok(F=8,reclaimed=8) O:err:BlockDevice(InputOutput(Custom { kind: Other, error: "injected write e F:noop O:err:BlockDevice(InputOutput(Custom { kind: Other, error: "injected write e F:noop O:err:BlockDevice(InputOutput(Custom { kind: Other, error: "injected write e F:noop O:err:BlockDevice(InputOutput(Custom { kind: Other, error: "injected write e F:noop O:err:BlockDevice(InputOutput(Custom { kind: Other, error: "injected write e F:noop O:err:BlockDevice(InputOutput(Custom { kind: Other, error: "injected write e F:noop O:err:BlockDevice(InputOutput(Custom { kind: Other, error: "injected write e F:noop O:err:BlockDevice(InputOutput(Custom { kind: Other, error: "injected write e F:noop O:err:BlockDevice(InputOutput(Custom { kind: Other, error: "injected write e F:noop O:err:BlockDevice(InputOutput(Custom { kind: Other, error: "injected write e F:noop O:err:BlockDevice(InputOutput(Custom { kind: Other, error: "injected write e F:noop O:err:BlockDevice(InputOutput(Custom { kind: Other, error: "injected write e F:noop O:err:BlockDevice(InputOutput(Custom { kind: Other, error: "injected write e	ok	same	-	[0, 0]	0	0	[0, 0]	0	0	0	0	-	[]	0	13
F9-bad-media-rw-forever	off(today)	OOOFFOFOFOFOFOFOFOFOFOFOFOFOFOFOFO	O:ok O:ok O:ok F:ok(F=6,reclaimed=18) F:noop O:ok F:ok(F=7,reclaimed=8) O:ok F:ok(F=8,reclaimed=8) O:ok F:ok(F=9,reclaimed=8) O:err:BlockDevice(InputOutput(Custom { kind: Other, error: "injected write e F:noop O:err:BlockDevice(InputOutput(Custom { kind: Other, error: "injected write e F:noop O:err:BlockDevice(InputOutput(Custom { kind: Other, error: "injected write e F:noop O:err:BlockDevice(InputOutput(Custom { kind: Other, error: "injected write e F:noop O:err:BlockDevice(InputOutput(Custom { kind: Other, error: "injected write e F:noop O:err:BlockDevice(InputOutput(Custom { kind: Other, error: "injected write e F:noop O:err:BlockDevice(InputOutput(Custom { kind: Other, error: "injected write e F:noop O:err:BlockDevice(InputOutput(Custom { kind: Other, error: "injected write e F:noop O:err:BlockDevice(InputOutput(Custom { kind: Other, error: "injected write e F:noop O:err:BlockDevice(InputOutput(Custom { kind: Other, error: "injected write e F:noop O:err:BlockDevice(InputOutput(Custom { kind: Other, error: "injected write e F:noop O:err:BlockDevice(InputOutput(Custom { kind: Other, error: "injected write e	ok	same	-	[0, 0]	0	0	[0, 0]	0	0	0	0	-	[]	0	12
F9-bad-media-rw-forever	off(today)	OOMFFOFOFOFOFOFOFOFOFOFOFOFOFOFOFO	O:ok O:ok M:ok F:ok(F=3,reclaimed=1) F:noop O:ok F:ok(F=6,reclaimed=17) O:ok F:ok(F=7,reclaimed=8) O:ok F:ok(F=8,reclaimed=8) O:err:BlockDevice(InputOutput(Custom { kind: Other, error: "injected write e F:noop O:err:BlockDevice(InputOutput(Custom { kind: Other, error: "injected write e F:noop O:err:BlockDevice(InputOutput(Custom { kind: Other, error: "injected write e F:noop O:err:BlockDevice(InputOutput(Custom { kind: Other, error: "injected write e F:noop O:err:BlockDevice(InputOutput(Custom { kind: Other, error: "injected write e F:noop O:err:BlockDevice(InputOutput(Custom { kind: Other, error: "injected write e F:noop O:err:BlockDevice(InputOutput(Custom { kind: Other, error: "injected write e F:noop O:err:BlockDevice(InputOutput(Custom { kind: Other, error: "injected write e F:noop O:err:BlockDevice(InputOutput(Custom { kind: Other, error: "injected write e F:noop O:err:BlockDevice(InputOutput(Custom { kind: Other, error: "injected write e F:noop O:err:BlockDevice(InputOutput(Custom { kind: Other, error: "injected write e F:noop O:err:BlockDevice(InputOutput(Custom { kind: Other, error: "injected write e	ok	same	-	[0, 0]	0	0	[0, 0]	0	0	0	0	-	[]	0	12
F9-bad-media-rw-forever	off(today)	OOOOFOFOFOFOFOFOFOFOFOFOFOFOFOFOFO	O:ok O:ok O:ok O:ok F:ok(F=7,reclaimed=26) O:ok F:ok(F=8,reclaimed=8) O:ok F:ok(F=9,reclaimed=8) O:ok F:ok(F=10,reclaimed=8) O:err:BlockDevice(InputOutput(Custom { kind: Other, error: "injected write e F:noop O:err:BlockDevice(InputOutput(Custom { kind: Other, error: "injected write e F:noop O:err:BlockDevice(InputOutput(Custom { kind: Other, error: "injected write e F:noop O:err:BlockDevice(InputOutput(Custom { kind: Other, error: "injected write e F:noop O:err:BlockDevice(InputOutput(Custom { kind: Other, error: "injected write e F:noop O:err:BlockDevice(InputOutput(Custom { kind: Other, error: "injected write e F:noop O:err:BlockDevice(InputOutput(Custom { kind: Other, error: "injected write e F:noop O:err:BlockDevice(InputOutput(Custom { kind: Other, error: "injected write e F:noop O:err:BlockDevice(InputOutput(Custom { kind: Other, error: "injected write e F:noop O:err:BlockDevice(InputOutput(Custom { kind: Other, error: "injected write e F:noop O:err:BlockDevice(InputOutput(Custom { kind: Other, error: "injected write e F:noop O:err:BlockDevice(InputOutput(Custom { kind: Other, error: "injected write e	ok	same	-	[0, 0]	0	0	[0, 0]	0	0	0	0	-	[]	0	12
F9-bad-media-rw-forever	off(today)	OOMOFOFOFOFOFOFOFOFOFOFOFOFOFOFOFO	O:ok O:ok M:ok O:ok F:ok(F=6,reclaimed=18) O:ok F:ok(F=7,reclaimed=8) O:ok F:ok(F=8,reclaimed=8) O:ok F:ok(F=11,reclaimed=17) O:err:BlockDevice(InputOutput(Custom { kind: Other, error: "injected write e F:noop O:err:BlockDevice(InputOutput(Custom { kind: Other, error: "injected write e F:noop O:err:BlockDevice(InputOutput(Custom { kind: Other, error: "injected write e F:noop O:err:BlockDevice(InputOutput(Custom { kind: Other, error: "injected write e F:noop O:err:BlockDevice(InputOutput(Custom { kind: Other, error: "injected write e F:noop O:err:BlockDevice(InputOutput(Custom { kind: Other, error: "injected write e F:noop O:err:BlockDevice(InputOutput(Custom { kind: Other, error: "injected write e F:noop O:err:BlockDevice(InputOutput(Custom { kind: Other, error: "injected write e F:noop O:err:BlockDevice(InputOutput(Custom { kind: Other, error: "injected write e F:noop O:err:BlockDevice(InputOutput(Custom { kind: Other, error: "injected write e F:noop O:err:BlockDevice(InputOutput(Custom { kind: Other, error: "injected write e F:noop O:err:BlockDevice(InputOutput(Custom { kind: Other, error: "injected write e	ok	same	-	[0, 0]	0	0	[0, 0]	0	0	0	0	-	[]	0	12
F9-bad-media-rw-forever	off(today)	FFFFOFOFOFOFOFOFOFOFOFOFOFOFOFOFO	F:noop F:noop F:noop F:noop O:ok F:noop O:ok F:ok(F=3,reclaimed=1) O:ok F:ok(F=6,reclaimed=17) O:ok F:ok(F=7,reclaimed=8) O:ok F:ok(F=8,reclaimed=8) O:err:BlockDevice(InputOutput(Custom { kind: Other, error: "injected write e F:noop O:err:BlockDevice(InputOutput(Custom { kind: Other, error: "injected write e F:noop O:err:BlockDevice(InputOutput(Custom { kind: Other, error: "injected write e F:noop O:err:BlockDevice(InputOutput(Custom { kind: Other, error: "injected write e F:noop O:err:BlockDevice(InputOutput(Custom { kind: Other, error: "injected write e F:noop O:err:BlockDevice(InputOutput(Custom { kind: Other, error: "injected write e F:noop O:err:BlockDevice(InputOutput(Custom { kind: Other, error: "injected write e F:noop O:err:BlockDevice(InputOutput(Custom { kind: Other, error: "injected write e F:noop O:err:BlockDevice(InputOutput(Custom { kind: Other, error: "injected write e F:noop O:err:BlockDevice(InputOutput(Custom { kind: Other, error: "injected write e	ok	same	-	[0, 0]	0	0	[0, 0]	0	0	0	0	-	[]	0	10
F9-bad-media-rw-forever	off(today)	OOMMFOFOFOFOFOFOFOFOFOFOFOFOFOFOFO	O:ok O:ok M:ok M:ok F:ok(F=3,reclaimed=1) O:ok F:ok(F=6,reclaimed=17) O:ok F:ok(F=7,reclaimed=8) O:ok F:ok(F=8,reclaimed=8) O:err:BlockDevice(InputOutput(Custom { kind: Other, error: "injected write e F:noop O:err:BlockDevice(InputOutput(Custom { kind: Other, error: "injected write e F:noop O:err:BlockDevice(InputOutput(Custom { kind: Other, error: "injected write e F:noop O:err:BlockDevice(InputOutput(Custom { kind: Other, error: "injected write e F:noop O:err:BlockDevice(InputOutput(Custom { kind: Other, error: "injected write e F:noop O:err:BlockDevice(InputOutput(Custom { kind: Other, error: "injected write e F:noop O:err:BlockDevice(InputOutput(Custom { kind: Other, error: "injected write e F:noop O:err:BlockDevice(InputOutput(Custom { kind: Other, error: "injected write e F:noop O:err:BlockDevice(InputOutput(Custom { kind: Other, error: "injected write e F:noop O:err:BlockDevice(InputOutput(Custom { kind: Other, error: "injected write e F:noop O:err:BlockDevice(InputOutput(Custom { kind: Other, error: "injected write e F:noop O:err:BlockDevice(InputOutput(Custom { kind: Other, error: "injected write e	ok	same	-	[0, 0]	0	0	[0, 0]	0	0	0	0	-	[]	0	12
F9-bad-media-rw-forever	off(today)	OOOMFOFOFOFOFOFOFOFOFOFOFOFOFOFOFO	O:ok O:ok O:ok M:ok F:ok(F=6,reclaimed=18) O:ok F:ok(F=7,reclaimed=8) O:ok F:ok(F=8,reclaimed=8) O:ok F:ok(F=9,reclaimed=8) O:err:BlockDevice(InputOutput(Custom { kind: Other, error: "injected write e F:noop O:err:BlockDevice(InputOutput(Custom { kind: Other, error: "injected write e F:noop O:err:BlockDevice(InputOutput(Custom { kind: Other, error: "injected write e F:noop O:err:BlockDevice(InputOutput(Custom { kind: Other, error: "injected write e F:noop O:err:BlockDevice(InputOutput(Custom { kind: Other, error: "injected write e F:noop O:err:BlockDevice(InputOutput(Custom { kind: Other, error: "injected write e F:noop O:err:BlockDevice(InputOutput(Custom { kind: Other, error: "injected write e F:noop O:err:BlockDevice(InputOutput(Custom { kind: Other, error: "injected write e F:noop O:err:BlockDevice(InputOutput(Custom { kind: Other, error: "injected write e F:noop O:err:BlockDevice(InputOutput(Custom { kind: Other, error: "injected write e F:noop O:err:BlockDevice(InputOutput(Custom { kind: Other, error: "injected write e F:noop O:err:BlockDevice(InputOutput(Custom { kind: Other, error: "injected write e	ok	same	-	[0, 0]	0	0	[0, 0]	0	0	0	0	-	[]	0	12
F9-bad-media-rw-forever	off(today)	FFMFOFOFOFOFOFOFOFOFOFOFOFOFOFOFO	F:noop F:noop M:mount-err:Recovery(UnitUnreadable { slot: SlotNumber(50182) }) F:refused(not-writable) O:refused(not-writable) F:refused(not-writable) O:refused(not-writable) F:refused(not-writable) O:refused(not-writable) F:refused(not-writable) O:refused(not-writable) F:refused(not-writable) O:refused(not-writable) F:refused(not-writable) O:refused(not-writable) F:refused(not-writable) O:refused(not-writable) F:refused(not-writable) O:refused(not-writable) F:refused(not-writable) O:refused(not-writable) F:refused(not-writable) O:refused(not-writable) F:refused(not-writable) O:refused(not-writable) F:refused(not-writable) O:refused(not-writable) F:refused(not-writable) O:refused(not-writable) F:refused(not-writable) O:refused(not-writable) F:refused(not-writable) O:refused(not-writable)	mount-err:Recovery(UnitUnreadable { slot: SlotNumber(50182) })	same	-	[0, 0]	0	0	[0, 0]	0	0	0	4	-	[]	0	0
F9-bad-media-rw-forever	off(today)	FMFFOFOFOFOFOFOFOFOFOFOFOFOFOFOFO	F:noop M:mount-err:Recovery(UnitUnreadable { slot: SlotNumber(50182) }) F:refused(not-writable) F:refused(not-writable) O:refused(not-writable) F:refused(not-writable) O:refused(not-writable) F:refused(not-writable) O:refused(not-writable) F:refused(not-writable) O:refused(not-writable) F:refused(not-writable) O:refused(not-writable) F:refused(not-writable) O:refused(not-writable) F:refused(not-writable) O:refused(not-writable) F:refused(not-writable) O:refused(not-writable) F:refused(not-writable) O:refused(not-writable) F:refused(not-writable) O:refused(not-writable) F:refused(not-writable) O:refused(not-writable) F:refused(not-writable) O:refused(not-writable) F:refused(not-writable) O:refused(not-writable) F:refused(not-writable) O:refused(not-writable) F:refused(not-writable) O:refused(not-writable)	mount-err:Recovery(UnitUnreadable { slot: SlotNumber(50182) })	same	-	[0, 0]	0	0	[0, 0]	0	0	0	4	-	[]	0	0
F9-bad-media-rw-forever	off(today)	FFOFOFOFOFOFOFOFOFOFOFOFOFOFOFOFO	F:noop F:noop O:ok F:noop O:ok F:ok(F=3,reclaimed=1) O:ok F:ok(F=6,reclaimed=17) O:ok F:ok(F=7,reclaimed=8) O:ok F:ok(F=8,reclaimed=8) O:err:BlockDevice(InputOutput(Custom { kind: Other, error: "injected write e F:noop O:err:BlockDevice(InputOutput(Custom { kind: Other, error: "injected write e F:noop O:err:BlockDevice(InputOutput(Custom { kind: Other, error: "injected write e F:noop O:err:BlockDevice(InputOutput(Custom { kind: Other, error: "injected write e F:noop O:err:BlockDevice(InputOutput(Custom { kind: Other, error: "injected write e F:noop O:err:BlockDevice(InputOutput(Custom { kind: Other, error: "injected write e F:noop O:err:BlockDevice(InputOutput(Custom { kind: Other, error: "injected write e F:noop O:err:BlockDevice(InputOutput(Custom { kind: Other, error: "injected write e F:noop O:err:BlockDevice(InputOutput(Custom { kind: Other, error: "injected write e F:noop O:err:BlockDevice(InputOutput(Custom { kind: Other, error: "injected write e F:noop O:err:BlockDevice(InputOutput(Custom { kind: Other, error: "injected write e	ok	same	-	[0, 0]	0	0	[0, 0]	0	0	0	0	-	[]	0	11
F9-bad-media-rw-forever	off(today)	FMOFOFOFOFOFOFOFOFOFOFOFOFOFOFOFO	F:noop M:mount-err:Recovery(UnitUnreadable { slot: SlotNumber(50182) }) O:refused(not-writable) F:refused(not-writable) O:refused(not-writable) F:refused(not-writable) O:refused(not-writable) F:refused(not-writable) O:refused(not-writable) F:refused(not-writable) O:refused(not-writable) F:refused(not-writable) O:refused(not-writable) F:refused(not-writable) O:refused(not-writable) F:refused(not-writable) O:refused(not-writable) F:refused(not-writable) O:refused(not-writable) F:refused(not-writable) O:refused(not-writable) F:refused(not-writable) O:refused(not-writable) F:refused(not-writable) O:refused(not-writable) F:refused(not-writable) O:refused(not-writable) F:refused(not-writable) O:refused(not-writable) F:refused(not-writable) O:refused(not-writable) F:refused(not-writable) O:refused(not-writable)	mount-err:Recovery(UnitUnreadable { slot: SlotNumber(50182) })	same	-	[0, 0]	0	0	[0, 0]	0	0	0	4	-	[]	0	0
F9-bad-media-rw-forever	off(today)	FMMFOFOFOFOFOFOFOFOFOFOFOFOFOFOFO	F:noop M:mount-err:Recovery(UnitUnreadable { slot: SlotNumber(50182) }) M:mount-err:Recovery(UnitUnreadable { slot: SlotNumber(50182) }) F:refused(not-writable) O:refused(not-writable) F:refused(not-writable) O:refused(not-writable) F:refused(not-writable) O:refused(not-writable) F:refused(not-writable) O:refused(not-writable) F:refused(not-writable) O:refused(not-writable) F:refused(not-writable) O:refused(not-writable) F:refused(not-writable) O:refused(not-writable) F:refused(not-writable) O:refused(not-writable) F:refused(not-writable) O:refused(not-writable) F:refused(not-writable) O:refused(not-writable) F:refused(not-writable) O:refused(not-writable) F:refused(not-writable) O:refused(not-writable) F:refused(not-writable) O:refused(not-writable) F:refused(not-writable) O:refused(not-writable) F:refused(not-writable) O:refused(not-writable)	mount-err:Recovery(UnitUnreadable { slot: SlotNumber(50182) })	same	-	[0, 0]	0	0	[0, 0]	0	0	0	6	-	[]	0	0
F9-bad-media-rw-forever	off(today)	FOFFOFOFOFOFOFOFOFOFOFOFOFOFOFOFO	F:noop O:ok F:noop F:noop O:ok F:ok(F=3,reclaimed=1) O:ok F:ok(F=6,reclaimed=17) O:ok F:ok(F=7,reclaimed=8) O:ok F:ok(F=8,reclaimed=8) O:err:BlockDevice(InputOutput(Custom { kind: Other, error: "injected write e F:noop O:err:BlockDevice(InputOutput(Custom { kind: Other, error: "injected write e F:noop O:err:BlockDevice(InputOutput(Custom { kind: Other, error: "injected write e F:noop O:err:BlockDevice(InputOutput(Custom { kind: Other, error: "injected write e F:noop O:err:BlockDevice(InputOutput(Custom { kind: Other, error: "injected write e F:noop O:err:BlockDevice(InputOutput(Custom { kind: Other, error: "injected write e F:noop O:err:BlockDevice(InputOutput(Custom { kind: Other, error: "injected write e F:noop O:err:BlockDevice(InputOutput(Custom { kind: Other, error: "injected write e F:noop O:err:BlockDevice(InputOutput(Custom { kind: Other, error: "injected write e F:noop O:err:BlockDevice(InputOutput(Custom { kind: Other, error: "injected write e F:noop O:err:BlockDevice(InputOutput(Custom { kind: Other, error: "injected write e	ok	same	-	[0, 0]	0	0	[0, 0]	0	0	0	0	-	[]	0	11
F9-bad-media-rw-forever	off(today)	FOOFOFOFOFOFOFOFOFOFOFOFOFOFOFOFO	F:noop O:ok O:ok F:ok(F=3,reclaimed=1) O:ok F:ok(F=6,reclaimed=17) O:ok F:ok(F=7,reclaimed=8) O:ok F:ok(F=8,reclaimed=8) O:err:BlockDevice(InputOutput(Custom { kind: Other, error: "injected write e F:noop O:err:BlockDevice(InputOutput(Custom { kind: Other, error: "injected write e F:noop O:err:BlockDevice(InputOutput(Custom { kind: Other, error: "injected write e F:noop O:err:BlockDevice(InputOutput(Custom { kind: Other, error: "injected write e F:noop O:err:BlockDevice(InputOutput(Custom { kind: Other, error: "injected write e F:noop O:err:BlockDevice(InputOutput(Custom { kind: Other, error: "injected write e F:noop O:err:BlockDevice(InputOutput(Custom { kind: Other, error: "injected write e F:noop O:err:BlockDevice(InputOutput(Custom { kind: Other, error: "injected write e F:noop O:err:BlockDevice(InputOutput(Custom { kind: Other, error: "injected write e F:noop O:err:BlockDevice(InputOutput(Custom { kind: Other, error: "injected write e F:noop O:err:BlockDevice(InputOutput(Custom { kind: Other, error: "injected write e F:noop O:err:BlockDevice(InputOutput(Custom { kind: Other, error: "injected write e	ok	same	-	[0, 0]	0	0	[0, 0]	0	0	0	0	-	[]	0	12
F9-bad-media-rw-forever	off(today)	FOMFOFOFOFOFOFOFOFOFOFOFOFOFOFOFO	F:noop O:ok M:ok F:noop O:ok F:ok(F=3,reclaimed=1) O:ok F:ok(F=6,reclaimed=17) O:ok F:ok(F=7,reclaimed=8) O:ok F:ok(F=11,reclaimed=21) O:err:BlockDevice(InputOutput(Custom { kind: Other, error: "injected write e F:noop O:err:BlockDevice(InputOutput(Custom { kind: Other, error: "injected write e F:noop O:err:BlockDevice(InputOutput(Custom { kind: Other, error: "injected write e F:noop O:err:BlockDevice(InputOutput(Custom { kind: Other, error: "injected write e F:noop O:err:BlockDevice(InputOutput(Custom { kind: Other, error: "injected write e F:noop O:err:BlockDevice(InputOutput(Custom { kind: Other, error: "injected write e F:noop O:err:BlockDevice(InputOutput(Custom { kind: Other, error: "injected write e F:noop O:err:BlockDevice(InputOutput(Custom { kind: Other, error: "injected write e F:noop O:err:BlockDevice(InputOutput(Custom { kind: Other, error: "injected write e F:noop O:err:BlockDevice(InputOutput(Custom { kind: Other, error: "injected write e F:noop O:err:BlockDevice(InputOutput(Custom { kind: Other, error: "injected write e	ok	same	-	[0, 0]	0	0	[0, 0]	0	0	0	0	-	[]	0	11
F9-bad-media-rw-forever	off(today)	MFFFOFOFOFOFOFOFOFOFOFOFOFOFOFOFO	M:mount-err:Recovery(UnitUnreadable { slot: SlotNumber(50182) }) F:refused(not-writable) F:refused(not-writable) F:refused(not-writable) O:refused(not-writable) F:refused(not-writable) O:refused(not-writable) F:refused(not-writable) O:refused(not-writable) F:refused(not-writable) O:refused(not-writable) F:refused(not-writable) O:refused(not-writable) F:refused(not-writable) O:refused(not-writable) F:refused(not-writable) O:refused(not-writable) F:refused(not-writable) O:refused(not-writable) F:refused(not-writable) O:refused(not-writable) F:refused(not-writable) O:refused(not-writable) F:refused(not-writable) O:refused(not-writable) F:refused(not-writable) O:refused(not-writable) F:refused(not-writable) O:refused(not-writable) F:refused(not-writable) O:refused(not-writable) F:refused(not-writable) O:refused(not-writable)	mount-err:Recovery(UnitUnreadable { slot: SlotNumber(50182) })	same	-	[0, 0]	0	0	[0, 0]	0	0	0	4	-	[]	0	0
F9-bad-media-rw-forever	off(today)	MFOFOFOFOFOFOFOFOFOFOFOFOFOFOFOFO	M:mount-err:Recovery(UnitUnreadable { slot: SlotNumber(50182) }) F:refused(not-writable) O:refused(not-writable) F:refused(not-writable) O:refused(not-writable) F:refused(not-writable) O:refused(not-writable) F:refused(not-writable) O:refused(not-writable) F:refused(not-writable) O:refused(not-writable) F:refused(not-writable) O:refused(not-writable) F:refused(not-writable) O:refused(not-writable) F:refused(not-writable) O:refused(not-writable) F:refused(not-writable) O:refused(not-writable) F:refused(not-writable) O:refused(not-writable) F:refused(not-writable) O:refused(not-writable) F:refused(not-writable) O:refused(not-writable) F:refused(not-writable) O:refused(not-writable) F:refused(not-writable) O:refused(not-writable) F:refused(not-writable) O:refused(not-writable) F:refused(not-writable) O:refused(not-writable)	mount-err:Recovery(UnitUnreadable { slot: SlotNumber(50182) })	same	-	[0, 0]	0	0	[0, 0]	0	0	0	4	-	[]	0	0
F9-bad-media-rw-forever	off(today)	MFMFOFOFOFOFOFOFOFOFOFOFOFOFOFOFO	M:mount-err:Recovery(UnitUnreadable { slot: SlotNumber(50182) }) F:refused(not-writable) M:mount-err:Recovery(UnitUnreadable { slot: SlotNumber(50182) }) F:refused(not-writable) O:refused(not-writable) F:refused(not-writable) O:refused(not-writable) F:refused(not-writable) O:refused(not-writable) F:refused(not-writable) O:refused(not-writable) F:refused(not-writable) O:refused(not-writable) F:refused(not-writable) O:refused(not-writable) F:refused(not-writable) O:refused(not-writable) F:refused(not-writable) O:refused(not-writable) F:refused(not-writable) O:refused(not-writable) F:refused(not-writable) O:refused(not-writable) F:refused(not-writable) O:refused(not-writable) F:refused(not-writable) O:refused(not-writable) F:refused(not-writable) O:refused(not-writable) F:refused(not-writable) O:refused(not-writable) F:refused(not-writable) O:refused(not-writable)	mount-err:Recovery(UnitUnreadable { slot: SlotNumber(50182) })	same	-	[0, 0]	0	0	[0, 0]	0	0	0	6	-	[]	0	0
F9-bad-media-rw-forever	off(today)	MMFFOFOFOFOFOFOFOFOFOFOFOFOFOFOFO	M:mount-err:Recovery(UnitUnreadable { slot: SlotNumber(50182) }) M:mount-err:Recovery(UnitUnreadable { slot: SlotNumber(50182) }) F:refused(not-writable) F:refused(not-writable) O:refused(not-writable) F:refused(not-writable) O:refused(not-writable) F:refused(not-writable) O:refused(not-writable) F:refused(not-writable) O:refused(not-writable) F:refused(not-writable) O:refused(not-writable) F:refused(not-writable) O:refused(not-writable) F:refused(not-writable) O:refused(not-writable) F:refused(not-writable) O:refused(not-writable) F:refused(not-writable) O:refused(not-writable) F:refused(not-writable) O:refused(not-writable) F:refused(not-writable) O:refused(not-writable) F:refused(not-writable) O:refused(not-writable) F:refused(not-writable) O:refused(not-writable) F:refused(not-writable) O:refused(not-writable) F:refused(not-writable) O:refused(not-writable)	mount-err:Recovery(UnitUnreadable { slot: SlotNumber(50182) })	same	-	[0, 0]	0	0	[0, 0]	0	0	0	6	-	[]	0	0
F9-bad-media-rw-forever	off(today)	MOFFOFOFOFOFOFOFOFOFOFOFOFOFOFOFO	M:mount-err:Recovery(UnitUnreadable { slot: SlotNumber(50182) }) O:refused(not-writable) F:refused(not-writable) F:refused(not-writable) O:refused(not-writable) F:refused(not-writable) O:refused(not-writable) F:refused(not-writable) O:refused(not-writable) F:refused(not-writable) O:refused(not-writable) F:refused(not-writable) O:refused(not-writable) F:refused(not-writable) O:refused(not-writable) F:refused(not-writable) O:refused(not-writable) F:refused(not-writable) O:refused(not-writable) F:refused(not-writable) O:refused(not-writable) F:refused(not-writable) O:refused(not-writable) F:refused(not-writable) O:refused(not-writable) F:refused(not-writable) O:refused(not-writable) F:refused(not-writable) O:refused(not-writable) F:refused(not-writable) O:refused(not-writable) F:refused(not-writable) O:refused(not-writable)	mount-err:Recovery(UnitUnreadable { slot: SlotNumber(50182) })	same	-	[0, 0]	0	0	[0, 0]	0	0	0	4	-	[]	0	0
F9-bad-media-rw-forever	off(today)	MMOFOFOFOFOFOFOFOFOFOFOFOFOFOFOFO	M:mount-err:Recovery(UnitUnreadable { slot: SlotNumber(50182) }) M:mount-err:Recovery(UnitUnreadable { slot: SlotNumber(50182) }) O:refused(not-writable) F:refused(not-writable) O:refused(not-writable) F:refused(not-writable) O:refused(not-writable) F:refused(not-writable) O:refused(not-writable) F:refused(not-writable) O:refused(not-writable) F:refused(not-writable) O:refused(not-writable) F:refused(not-writable) O:refused(not-writable) F:refused(not-writable) O:refused(not-writable) F:refused(not-writable) O:refused(not-writable) F:refused(not-writable) O:refused(not-writable) F:refused(not-writable) O:refused(not-writable) F:refused(not-writable) O:refused(not-writable) F:refused(not-writable) O:refused(not-writable) F:refused(not-writable) O:refused(not-writable) F:refused(not-writable) O:refused(not-writable) F:refused(not-writable) O:refused(not-writable)	mount-err:Recovery(UnitUnreadable { slot: SlotNumber(50182) })	same	-	[0, 0]	0	0	[0, 0]	0	0	0	6	-	[]	0	0
F9-bad-media-rw-forever	off(today)	MOMFOFOFOFOFOFOFOFOFOFOFOFOFOFOFO	M:mount-err:Recovery(UnitUnreadable { slot: SlotNumber(50182) }) O:refused(not-writable) M:mount-err:Recovery(UnitUnreadable { slot: SlotNumber(50182) }) F:refused(not-writable) O:refused(not-writable) F:refused(not-writable) O:refused(not-writable) F:refused(not-writable) O:refused(not-writable) F:refused(not-writable) O:refused(not-writable) F:refused(not-writable) O:refused(not-writable) F:refused(not-writable) O:refused(not-writable) F:refused(not-writable) O:refused(not-writable) F:refused(not-writable) O:refused(not-writable) F:refused(not-writable) O:refused(not-writable) F:refused(not-writable) O:refused(not-writable) F:refused(not-writable) O:refused(not-writable) F:refused(not-writable) O:refused(not-writable) F:refused(not-writable) O:refused(not-writable) F:refused(not-writable) O:refused(not-writable) F:refused(not-writable) O:refused(not-writable)	mount-err:Recovery(UnitUnreadable { slot: SlotNumber(50182) })	same	-	[0, 0]	0	0	[0, 0]	0	0	0	6	-	[]	0	0
F9-bad-media-rw-forever	off(today)	MMMFOFOFOFOFOFOFOFOFOFOFOFOFOFOFO	M:mount-err:Recovery(UnitUnreadable { slot: SlotNumber(50182) }) M:mount-err:Recovery(UnitUnreadable { slot: SlotNumber(50182) }) M:mount-err:Recovery(UnitUnreadable { slot: SlotNumber(50182) }) F:refused(not-writable) O:refused(not-writable) F:refused(not-writable) O:refused(not-writable) F:refused(not-writable) O:refused(not-writable) F:refused(not-writable) O:refused(not-writable) F:refused(not-writable) O:refused(not-writable) F:refused(not-writable) O:refused(not-writable) F:refused(not-writable) O:refused(not-writable) F:refused(not-writable) O:refused(not-writable) F:refused(not-writable) O:refused(not-writable) F:refused(not-writable) O:refused(not-writable) F:refused(not-writable) O:refused(not-writable) F:refused(not-writable) O:refused(not-writable) F:refused(not-writable) O:refused(not-writable) F:refused(not-writable) O:refused(not-writable) F:refused(not-writable) O:refused(not-writable)	mount-err:Recovery(UnitUnreadable { slot: SlotNumber(50182) })	same	-	[0, 0]	0	0	[0, 0]	0	0	0	8	-	[]	0	0
F9-bad-media-rw-forever	off(today)	OFMFOFOFOFOFOFOFOFOFOFOFOFOFOFOFO	O:ok F:noop M:ok F:noop O:ok F:ok(F=3,reclaimed=1) O:ok F:ok(F=6,reclaimed=17) O:ok F:ok(F=7,reclaimed=8) O:ok F:ok(F=11,reclaimed=21) O:err:BlockDevice(InputOutput(Custom { kind: Other, error: "injected write e F:noop O:err:BlockDevice(InputOutput(Custom { kind: Other, error: "injected write e F:noop O:err:BlockDevice(InputOutput(Custom { kind: Other, error: "injected write e F:noop O:err:BlockDevice(InputOutput(Custom { kind: Other, error: "injected write e F:noop O:err:BlockDevice(InputOutput(Custom { kind: Other, error: "injected write e F:noop O:err:BlockDevice(InputOutput(Custom { kind: Other, error: "injected write e F:noop O:err:BlockDevice(InputOutput(Custom { kind: Other, error: "injected write e F:noop O:err:BlockDevice(InputOutput(Custom { kind: Other, error: "injected write e F:noop O:err:BlockDevice(InputOutput(Custom { kind: Other, error: "injected write e F:noop O:err:BlockDevice(InputOutput(Custom { kind: Other, error: "injected write e F:noop O:err:BlockDevice(InputOutput(Custom { kind: Other, error: "injected write e	ok	same	-	[0, 0]	0	0	[0, 0]	0	0	0	0	-	[]	0	11
F9-bad-media-rw-forever	off(today)	MOOFOFOFOFOFOFOFOFOFOFOFOFOFOFOFO	M:mount-err:Recovery(UnitUnreadable { slot: SlotNumber(50182) }) O:refused(not-writable) O:refused(not-writable) F:refused(not-writable) O:refused(not-writable) F:refused(not-writable) O:refused(not-writable) F:refused(not-writable) O:refused(not-writable) F:refused(not-writable) O:refused(not-writable) F:refused(not-writable) O:refused(not-writable) F:refused(not-writable) O:refused(not-writable) F:refused(not-writable) O:refused(not-writable) F:refused(not-writable) O:refused(not-writable) F:refused(not-writable) O:refused(not-writable) F:refused(not-writable) O:refused(not-writable) F:refused(not-writable) O:refused(not-writable) F:refused(not-writable) O:refused(not-writable) F:refused(not-writable) O:refused(not-writable) F:refused(not-writable) O:refused(not-writable) F:refused(not-writable) O:refused(not-writable)	mount-err:Recovery(UnitUnreadable { slot: SlotNumber(50182) })	same	-	[0, 0]	0	0	[0, 0]	0	0	0	4	-	[]	0	0
F9-bad-media-rw-forever	off(today)	OFFFOFOFOFOFOFOFOFOFOFOFOFOFOFOFO	O:ok F:noop F:noop F:noop O:ok F:ok(F=3,reclaimed=1) O:ok F:ok(F=6,reclaimed=17) O:ok F:ok(F=7,reclaimed=8) O:ok F:ok(F=8,reclaimed=8) O:err:BlockDevice(InputOutput(Custom { kind: Other, error: "injected write e F:noop O:err:BlockDevice(InputOutput(Custom { kind: Other, error: "injected write e F:noop O:err:BlockDevice(InputOutput(Custom { kind: Other, error: "injected write e F:noop O:err:BlockDevice(InputOutput(Custom { kind: Other, error: "injected write e F:noop O:err:BlockDevice(InputOutput(Custom { kind: Other, error: "injected write e F:noop O:err:BlockDevice(InputOutput(Custom { kind: Other, error: "injected write e F:noop O:err:BlockDevice(InputOutput(Custom { kind: Other, error: "injected write e F:noop O:err:BlockDevice(InputOutput(Custom { kind: Other, error: "injected write e F:noop O:err:BlockDevice(InputOutput(Custom { kind: Other, error: "injected write e F:noop O:err:BlockDevice(InputOutput(Custom { kind: Other, error: "injected write e F:noop O:err:BlockDevice(InputOutput(Custom { kind: Other, error: "injected write e	ok	same	-	[0, 0]	0	0	[0, 0]	0	0	0	0	-	[]	0	11
F9-bad-media-rw-forever	off(today)	OFOFOFOFOFOFOFOFOFOFOFOFOFOFOFOFO	O:ok F:noop O:ok F:ok(F=3,reclaimed=1) O:ok F:ok(F=6,reclaimed=17) O:ok F:ok(F=7,reclaimed=8) O:ok F:ok(F=8,reclaimed=8) O:err:BlockDevice(InputOutput(Custom { kind: Other, error: "injected write e F:noop O:err:BlockDevice(InputOutput(Custom { kind: Other, error: "injected write e F:noop O:err:BlockDevice(InputOutput(Custom { kind: Other, error: "injected write e F:noop O:err:BlockDevice(InputOutput(Custom { kind: Other, error: "injected write e F:noop O:err:BlockDevice(InputOutput(Custom { kind: Other, error: "injected write e F:noop O:err:BlockDevice(InputOutput(Custom { kind: Other, error: "injected write e F:noop O:err:BlockDevice(InputOutput(Custom { kind: Other, error: "injected write e F:noop O:err:BlockDevice(InputOutput(Custom { kind: Other, error: "injected write e F:noop O:err:BlockDevice(InputOutput(Custom { kind: Other, error: "injected write e F:noop O:err:BlockDevice(InputOutput(Custom { kind: Other, error: "injected write e F:noop O:err:BlockDevice(InputOutput(Custom { kind: Other, error: "injected write e F:noop O:err:BlockDevice(InputOutput(Custom { kind: Other, error: "injected write e	ok	same	-	[0, 0]	0	0	[0, 0]	0	0	0	0	-	[]	0	12
F9-bad-media-rw-forever	off(today)	OMFFOFOFOFOFOFOFOFOFOFOFOFOFOFOFO	O:ok M:ok F:noop F:noop O:ok F:ok(F=3,reclaimed=1) O:ok F:ok(F=6,reclaimed=17) O:ok F:ok(F=7,reclaimed=8) O:ok F:ok(F=11,reclaimed=21) O:err:BlockDevice(InputOutput(Custom { kind: Other, error: "injected write e F:noop O:err:BlockDevice(InputOutput(Custom { kind: Other, error: "injected write e F:noop O:err:BlockDevice(InputOutput(Custom { kind: Other, error: "injected write e F:noop O:err:BlockDevice(InputOutput(Custom { kind: Other, error: "injected write e F:noop O:err:BlockDevice(InputOutput(Custom { kind: Other, error: "injected write e F:noop O:err:BlockDevice(InputOutput(Custom { kind: Other, error: "injected write e F:noop O:err:BlockDevice(InputOutput(Custom { kind: Other, error: "injected write e F:noop O:err:BlockDevice(InputOutput(Custom { kind: Other, error: "injected write e F:noop O:err:BlockDevice(InputOutput(Custom { kind: Other, error: "injected write e F:noop O:err:BlockDevice(InputOutput(Custom { kind: Other, error: "injected write e F:noop O:err:BlockDevice(InputOutput(Custom { kind: Other, error: "injected write e	ok	same	-	[0, 0]	0	0	[0, 0]	0	0	0	0	-	[]	0	11
F9-bad-media-rw-forever	off(today)	OOFFOFOFOFOFOFOFOFOFOFOFOFOFOFOFO	O:ok O:ok F:ok(F=3,reclaimed=1) F:noop O:ok F:ok(F=6,reclaimed=17) O:ok F:ok(F=7,reclaimed=8) O:ok F:ok(F=8,reclaimed=8) O:err:BlockDevice(InputOutput(Custom { kind: Other, error: "injected write e F:noop O:err:BlockDevice(InputOutput(Custom { kind: Other, error: "injected write e F:noop O:err:BlockDevice(InputOutput(Custom { kind: Other, error: "injected write e F:noop O:err:BlockDevice(InputOutput(Custom { kind: Other, error: "injected write e F:noop O:err:BlockDevice(InputOutput(Custom { kind: Other, error: "injected write e F:noop O:err:BlockDevice(InputOutput(Custom { kind: Other, error: "injected write e F:noop O:err:BlockDevice(InputOutput(Custom { kind: Other, error: "injected write e F:noop O:err:BlockDevice(InputOutput(Custom { kind: Other, error: "injected write e F:noop O:err:BlockDevice(InputOutput(Custom { kind: Other, error: "injected write e F:noop O:err:BlockDevice(InputOutput(Custom { kind: Other, error: "injected write e F:noop O:err:BlockDevice(InputOutput(Custom { kind: Other, error: "injected write e F:noop O:err:BlockDevice(InputOutput(Custom { kind: Other, error: "injected write e	ok	same	-	[0, 0]	0	0	[0, 0]	0	0	0	0	-	[]	0	12
F9-bad-media-rw-forever	off(today)	OMMFOFOFOFOFOFOFOFOFOFOFOFOFOFOFO	O:ok M:ok M:ok F:noop O:ok F:ok(F=3,reclaimed=1) O:ok F:ok(F=6,reclaimed=17) O:ok F:ok(F=7,reclaimed=8) O:ok F:ok(F=14,reclaimed=34) O:err:BlockDevice(InputOutput(Custom { kind: Other, error: "injected write e F:noop O:err:BlockDevice(InputOutput(Custom { kind: Other, error: "injected write e F:noop O:err:BlockDevice(InputOutput(Custom { kind: Other, error: "injected write e F:noop O:err:BlockDevice(InputOutput(Custom { kind: Other, error: "injected write e F:noop O:err:BlockDevice(InputOutput(Custom { kind: Other, error: "injected write e F:noop O:err:BlockDevice(InputOutput(Custom { kind: Other, error: "injected write e F:noop O:err:BlockDevice(InputOutput(Custom { kind: Other, error: "injected write e F:noop O:err:BlockDevice(InputOutput(Custom { kind: Other, error: "injected write e F:noop O:err:BlockDevice(InputOutput(Custom { kind: Other, error: "injected write e F:noop O:err:BlockDevice(InputOutput(Custom { kind: Other, error: "injected write e F:noop O:err:BlockDevice(InputOutput(Custom { kind: Other, error: "injected write e	ok	same	-	[0, 0]	0	0	[0, 0]	0	0	0	0	-	[]	0	11
F9-bad-media-rw-forever	off(today)	OMOFOFOFOFOFOFOFOFOFOFOFOFOFOFOFO	O:ok M:ok O:ok F:ok(F=3,reclaimed=1) O:ok F:ok(F=6,reclaimed=17) O:ok F:ok(F=7,reclaimed=8) O:ok F:ok(F=11,reclaimed=21) O:err:BlockDevice(InputOutput(Custom { kind: Other, error: "injected write e F:noop O:err:BlockDevice(InputOutput(Custom { kind: Other, error: "injected write e F:noop O:err:BlockDevice(InputOutput(Custom { kind: Other, error: "injected write e F:noop O:err:BlockDevice(InputOutput(Custom { kind: Other, error: "injected write e F:noop O:err:BlockDevice(InputOutput(Custom { kind: Other, error: "injected write e F:noop O:err:BlockDevice(InputOutput(Custom { kind: Other, error: "injected write e F:noop O:err:BlockDevice(InputOutput(Custom { kind: Other, error: "injected write e F:noop O:err:BlockDevice(InputOutput(Custom { kind: Other, error: "injected write e F:noop O:err:BlockDevice(InputOutput(Custom { kind: Other, error: "injected write e F:noop O:err:BlockDevice(InputOutput(Custom { kind: Other, error: "injected write e F:noop O:err:BlockDevice(InputOutput(Custom { kind: Other, error: "injected write e F:noop O:err:BlockDevice(InputOutput(Custom { kind: Other, error: "injected write e	ok	same	-	[0, 0]	0	0	[0, 0]	0	0	0	0	-	[]	0	12
F9-bad-media-rw-forever	off(today)	OOOFOFOFOFOFOFOFOFOFOFOFOFOFOFOFO	O:ok O:ok O:ok F:ok(F=6,reclaimed=18) O:ok F:ok(F=7,reclaimed=8) O:ok F:ok(F=8,reclaimed=8) O:ok F:ok(F=9,reclaimed=8) O:err:BlockDevice(InputOutput(Custom { kind: Other, error: "injected write e F:noop O:err:BlockDevice(InputOutput(Custom { kind: Other, error: "injected write e F:noop O:err:BlockDevice(InputOutput(Custom { kind: Other, error: "injected write e F:noop O:err:BlockDevice(InputOutput(Custom { kind: Other, error: "injected write e F:noop O:err:BlockDevice(InputOutput(Custom { kind: Other, error: "injected write e F:noop O:err:BlockDevice(InputOutput(Custom { kind: Other, error: "injected write e F:noop O:err:BlockDevice(InputOutput(Custom { kind: Other, error: "injected write e F:noop O:err:BlockDevice(InputOutput(Custom { kind: Other, error: "injected write e F:noop O:err:BlockDevice(InputOutput(Custom { kind: Other, error: "injected write e F:noop O:err:BlockDevice(InputOutput(Custom { kind: Other, error: "injected write e F:noop O:err:BlockDevice(InputOutput(Custom { kind: Other, error: "injected write e F:noop O:err:BlockDevice(InputOutput(Custom { kind: Other, error: "injected write e	ok	same	-	[0, 0]	0	0	[0, 0]	0	0	0	0	-	[]	0	12
F9-bad-media-rw-forever	off(today)	OOMFOFOFOFOFOFOFOFOFOFOFOFOFOFOFO	O:ok O:ok M:ok F:ok(F=3,reclaimed=1) O:ok F:ok(F=6,reclaimed=17) O:ok F:ok(F=7,reclaimed=8) O:ok F:ok(F=8,reclaimed=8) O:err:BlockDevice(InputOutput(Custom { kind: Other, error: "injected write e F:noop O:err:BlockDevice(InputOutput(Custom { kind: Other, error: "injected write e F:noop O:err:BlockDevice(InputOutput(Custom { kind: Other, error: "injected write e F:noop O:err:BlockDevice(InputOutput(Custom { kind: Other, error: "injected write e F:noop O:err:BlockDevice(InputOutput(Custom { kind: Other, error: "injected write e F:noop O:err:BlockDevice(InputOutput(Custom { kind: Other, error: "injected write e F:noop O:err:BlockDevice(InputOutput(Custom { kind: Other, error: "injected write e F:noop O:err:BlockDevice(InputOutput(Custom { kind: Other, error: "injected write e F:noop O:err:BlockDevice(InputOutput(Custom { kind: Other, error: "injected write e F:noop O:err:BlockDevice(InputOutput(Custom { kind: Other, error: "injected write e F:noop O:err:BlockDevice(InputOutput(Custom { kind: Other, error: "injected write e F:noop O:err:BlockDevice(InputOutput(Custom { kind: Other, error: "injected write e	ok	same	-	[0, 0]	0	0	[0, 0]	0	0	0	0	-	[]	0	12
F9-bad-media-rw-forever	off(today)	FFFOFOFOFOFOFOFOFOFOFOFOFOFOFOFO	F:noop F:noop F:noop O:ok F:noop O:ok F:ok(F=3,reclaimed=1) O:ok F:ok(F=6,reclaimed=17) O:ok F:ok(F=7,reclaimed=8) O:ok F:ok(F=8,reclaimed=8) O:err:BlockDevice(InputOutput(Custom { kind: Other, error: "injected write e F:noop O:err:BlockDevice(InputOutput(Custom { kind: Other, error: "injected write e F:noop O:err:BlockDevice(InputOutput(Custom { kind: Other, error: "injected write e F:noop O:err:BlockDevice(InputOutput(Custom { kind: Other, error: "injected write e F:noop O:err:BlockDevice(InputOutput(Custom { kind: Other, error: "injected write e F:noop O:err:BlockDevice(InputOutput(Custom { kind: Other, error: "injected write e F:noop O:err:BlockDevice(InputOutput(Custom { kind: Other, error: "injected write e F:noop O:err:BlockDevice(InputOutput(Custom { kind: Other, error: "injected write e F:noop O:err:BlockDevice(InputOutput(Custom { kind: Other, error: "injected write e F:noop O:err:BlockDevice(InputOutput(Custom { kind: Other, error: "injected write e	ok	same	-	[0, 0]	0	0	[0, 0]	0	0	0	0	-	[]	0	10
F9-bad-media-rw-forever	off(today)	FMFOFOFOFOFOFOFOFOFOFOFOFOFOFOFO	F:noop M:mount-err:Recovery(UnitUnreadable { slot: SlotNumber(50182) }) F:refused(not-writable) O:refused(not-writable) F:refused(not-writable) O:refused(not-writable) F:refused(not-writable) O:refused(not-writable) F:refused(not-writable) O:refused(not-writable) F:refused(not-writable) O:refused(not-writable) F:refused(not-writable) O:refused(not-writable) F:refused(not-writable) O:refused(not-writable) F:refused(not-writable) O:refused(not-writable) F:refused(not-writable) O:refused(not-writable) F:refused(not-writable) O:refused(not-writable) F:refused(not-writable) O:refused(not-writable) F:refused(not-writable) O:refused(not-writable) F:refused(not-writable) O:refused(not-writable) F:refused(not-writable) O:refused(not-writable) F:refused(not-writable) O:refused(not-writable)	mount-err:Recovery(UnitUnreadable { slot: SlotNumber(50182) })	same	-	[0, 0]	0	0	[0, 0]	0	0	0	4	-	[]	0	0
F9-bad-media-rw-forever	off(today)	MOFOFOFOFOFOFOFOFOFOFOFOFOFOFOFO	M:mount-err:Recovery(UnitUnreadable { slot: SlotNumber(50182) }) O:refused(not-writable) F:refused(not-writable) O:refused(not-writable) F:refused(not-writable) O:refused(not-writable) F:refused(not-writable) O:refused(not-writable) F:refused(not-writable) O:refused(not-writable) F:refused(not-writable) O:refused(not-writable) F:refused(not-writable) O:refused(not-writable) F:refused(not-writable) O:refused(not-writable) F:refused(not-writable) O:refused(not-writable) F:refused(not-writable) O:refused(not-writable) F:refused(not-writable) O:refused(not-writable) F:refused(not-writable) O:refused(not-writable) F:refused(not-writable) O:refused(not-writable) F:refused(not-writable) O:refused(not-writable) F:refused(not-writable) O:refused(not-writable) F:refused(not-writable) O:refused(not-writable)	mount-err:Recovery(UnitUnreadable { slot: SlotNumber(50182) })	same	-	[0, 0]	0	0	[0, 0]	0	0	0	4	-	[]	0	0
F9-bad-media-rw-forever	off(today)	FOFOFOFOFOFOFOFOFOFOFOFOFOFOFOFO	F:noop O:ok F:noop O:ok F:ok(F=3,reclaimed=1) O:ok F:ok(F=6,reclaimed=17) O:ok F:ok(F=7,reclaimed=8) O:ok F:ok(F=8,reclaimed=8) O:err:BlockDevice(InputOutput(Custom { kind: Other, error: "injected write e F:noop O:err:BlockDevice(InputOutput(Custom { kind: Other, error: "injected write e F:noop O:err:BlockDevice(InputOutput(Custom { kind: Other, error: "injected write e F:noop O:err:BlockDevice(InputOutput(Custom { kind: Other, error: "injected write e F:noop O:err:BlockDevice(InputOutput(Custom { kind: Other, error: "injected write e F:noop O:err:BlockDevice(InputOutput(Custom { kind: Other, error: "injected write e F:noop O:err:BlockDevice(InputOutput(Custom { kind: Other, error: "injected write e F:noop O:err:BlockDevice(InputOutput(Custom { kind: Other, error: "injected write e F:noop O:err:BlockDevice(InputOutput(Custom { kind: Other, error: "injected write e F:noop O:err:BlockDevice(InputOutput(Custom { kind: Other, error: "injected write e F:noop O:err:BlockDevice(InputOutput(Custom { kind: Other, error: "injected write e	ok	same	-	[0, 0]	0	0	[0, 0]	0	0	0	0	-	[]	0	11
F9-bad-media-rw-forever	off(today)	MFFOFOFOFOFOFOFOFOFOFOFOFOFOFOFO	M:mount-err:Recovery(UnitUnreadable { slot: SlotNumber(50182) }) F:refused(not-writable) F:refused(not-writable) O:refused(not-writable) F:refused(not-writable) O:refused(not-writable) F:refused(not-writable) O:refused(not-writable) F:refused(not-writable) O:refused(not-writable) F:refused(not-writable) O:refused(not-writable) F:refused(not-writable) O:refused(not-writable) F:refused(not-writable) O:refused(not-writable) F:refused(not-writable) O:refused(not-writable) F:refused(not-writable) O:refused(not-writable) F:refused(not-writable) O:refused(not-writable) F:refused(not-writable) O:refused(not-writable) F:refused(not-writable) O:refused(not-writable) F:refused(not-writable) O:refused(not-writable) F:refused(not-writable) O:refused(not-writable) F:refused(not-writable) O:refused(not-writable)	mount-err:Recovery(UnitUnreadable { slot: SlotNumber(50182) })	same	-	[0, 0]	0	0	[0, 0]	0	0	0	4	-	[]	0	0
F9-bad-media-rw-forever	off(today)	MMFOFOFOFOFOFOFOFOFOFOFOFOFOFOFO	M:mount-err:Recovery(UnitUnreadable { slot: SlotNumber(50182) }) M:mount-err:Recovery(UnitUnreadable { slot: SlotNumber(50182) }) F:refused(not-writable) O:refused(not-writable) F:refused(not-writable) O:refused(not-writable) F:refused(not-writable) O:refused(not-writable) F:refused(not-writable) O:refused(not-writable) F:refused(not-writable) O:refused(not-writable) F:refused(not-writable) O:refused(not-writable) F:refused(not-writable) O:refused(not-writable) F:refused(not-writable) O:refused(not-writable) F:refused(not-writable) O:refused(not-writable) F:refused(not-writable) O:refused(not-writable) F:refused(not-writable) O:refused(not-writable) F:refused(not-writable) O:refused(not-writable) F:refused(not-writable) O:refused(not-writable) F:refused(not-writable) O:refused(not-writable) F:refused(not-writable) O:refused(not-writable)	mount-err:Recovery(UnitUnreadable { slot: SlotNumber(50182) })	same	-	[0, 0]	0	0	[0, 0]	0	0	0	6	-	[]	0	0
F9-bad-media-rw-forever	off(today)	FFOFOFOFOFOFOFOFOFOFOFOFOFOFOFO	F:noop F:noop O:ok F:noop O:ok F:ok(F=3,reclaimed=1) O:ok F:ok(F=6,reclaimed=17) O:ok F:ok(F=7,reclaimed=8) O:ok F:ok(F=8,reclaimed=8) O:err:BlockDevice(InputOutput(Custom { kind: Other, error: "injected write e F:noop O:err:BlockDevice(InputOutput(Custom { kind: Other, error: "injected write e F:noop O:err:BlockDevice(InputOutput(Custom { kind: Other, error: "injected write e F:noop O:err:BlockDevice(InputOutput(Custom { kind: Other, error: "injected write e F:noop O:err:BlockDevice(InputOutput(Custom { kind: Other, error: "injected write e F:noop O:err:BlockDevice(InputOutput(Custom { kind: Other, error: "injected write e F:noop O:err:BlockDevice(InputOutput(Custom { kind: Other, error: "injected write e F:noop O:err:BlockDevice(InputOutput(Custom { kind: Other, error: "injected write e F:noop O:err:BlockDevice(InputOutput(Custom { kind: Other, error: "injected write e F:noop O:err:BlockDevice(InputOutput(Custom { kind: Other, error: "injected write e	ok	same	-	[0, 0]	0	0	[0, 0]	0	0	0	0	-	[]	0	10
F9-bad-media-rw-forever	off(today)	OFFOFOFOFOFOFOFOFOFOFOFOFOFOFOFO	O:ok F:noop F:noop O:ok F:ok(F=3,reclaimed=1) O:ok F:ok(F=6,reclaimed=17) O:ok F:ok(F=7,reclaimed=8) O:ok F:ok(F=8,reclaimed=8) O:err:BlockDevice(InputOutput(Custom { kind: Other, error: "injected write e F:noop O:err:BlockDevice(InputOutput(Custom { kind: Other, error: "injected write e F:noop O:err:BlockDevice(InputOutput(Custom { kind: Other, error: "injected write e F:noop O:err:BlockDevice(InputOutput(Custom { kind: Other, error: "injected write e F:noop O:err:BlockDevice(InputOutput(Custom { kind: Other, error: "injected write e F:noop O:err:BlockDevice(InputOutput(Custom { kind: Other, error: "injected write e F:noop O:err:BlockDevice(InputOutput(Custom { kind: Other, error: "injected write e F:noop O:err:BlockDevice(InputOutput(Custom { kind: Other, error: "injected write e F:noop O:err:BlockDevice(InputOutput(Custom { kind: Other, error: "injected write e F:noop O:err:BlockDevice(InputOutput(Custom { kind: Other, error: "injected write e F:noop O:err:BlockDevice(InputOutput(Custom { kind: Other, error: "injected write e	ok	same	-	[0, 0]	0	0	[0, 0]	0	0	0	0	-	[]	0	11
F9-bad-media-rw-forever	off(today)	OOFOFOFOFOFOFOFOFOFOFOFOFOFOFOFO	O:ok O:ok F:ok(F=3,reclaimed=1) O:ok F:ok(F=6,reclaimed=17) O:ok F:ok(F=7,reclaimed=8) O:ok F:ok(F=8,reclaimed=8) O:err:BlockDevice(InputOutput(Custom { kind: Other, error: "injected write e F:noop O:err:BlockDevice(InputOutput(Custom { kind: Other, error: "injected write e F:noop O:err:BlockDevice(InputOutput(Custom { kind: Other, error: "injected write e F:noop O:err:BlockDevice(InputOutput(Custom { kind: Other, error: "injected write e F:noop O:err:BlockDevice(InputOutput(Custom { kind: Other, error: "injected write e F:noop O:err:BlockDevice(InputOutput(Custom { kind: Other, error: "injected write e F:noop O:err:BlockDevice(InputOutput(Custom { kind: Other, error: "injected write e F:noop O:err:BlockDevice(InputOutput(Custom { kind: Other, error: "injected write e F:noop O:err:BlockDevice(InputOutput(Custom { kind: Other, error: "injected write e F:noop O:err:BlockDevice(InputOutput(Custom { kind: Other, error: "injected write e F:noop O:err:BlockDevice(InputOutput(Custom { kind: Other, error: "injected write e F:noop O:err:BlockDevice(InputOutput(Custom { kind: Other, error: "injected write e	ok	same	-	[0, 0]	0	0	[0, 0]	0	0	0	0	-	[]	0	12
F9-bad-media-rw-forever	off(today)	OMFOFOFOFOFOFOFOFOFOFOFOFOFOFOFO	O:ok M:ok F:noop O:ok F:ok(F=3,reclaimed=1) O:ok F:ok(F=6,reclaimed=17) O:ok F:ok(F=7,reclaimed=8) O:ok F:ok(F=11,reclaimed=21) O:err:BlockDevice(InputOutput(Custom { kind: Other, error: "injected write e F:noop O:err:BlockDevice(InputOutput(Custom { kind: Other, error: "injected write e F:noop O:err:BlockDevice(InputOutput(Custom { kind: Other, error: "injected write e F:noop O:err:BlockDevice(InputOutput(Custom { kind: Other, error: "injected write e F:noop O:err:BlockDevice(InputOutput(Custom { kind: Other, error: "injected write e F:noop O:err:BlockDevice(InputOutput(Custom { kind: Other, error: "injected write e F:noop O:err:BlockDevice(InputOutput(Custom { kind: Other, error: "injected write e F:noop O:err:BlockDevice(InputOutput(Custom { kind: Other, error: "injected write e F:noop O:err:BlockDevice(InputOutput(Custom { kind: Other, error: "injected write e F:noop O:err:BlockDevice(InputOutput(Custom { kind: Other, error: "injected write e F:noop O:err:BlockDevice(InputOutput(Custom { kind: Other, error: "injected write e	ok	same	-	[0, 0]	0	0	[0, 0]	0	0	0	0	-	[]	0	11
F9-bad-media-rw-forever	off(today)	MFOFOFOFOFOFOFOFOFOFOFOFOFOFOFO	M:mount-err:Recovery(UnitUnreadable { slot: SlotNumber(50182) }) F:refused(not-writable) O:refused(not-writable) F:refused(not-writable) O:refused(not-writable) F:refused(not-writable) O:refused(not-writable) F:refused(not-writable) O:refused(not-writable) F:refused(not-writable) O:refused(not-writable) F:refused(not-writable) O:refused(not-writable) F:refused(not-writable) O:refused(not-writable) F:refused(not-writable) O:refused(not-writable) F:refused(not-writable) O:refused(not-writable) F:refused(not-writable) O:refused(not-writable) F:refused(not-writable) O:refused(not-writable) F:refused(not-writable) O:refused(not-writable) F:refused(not-writable) O:refused(not-writable) F:refused(not-writable) O:refused(not-writable) F:refused(not-writable) O:refused(not-writable)	mount-err:Recovery(UnitUnreadable { slot: SlotNumber(50182) })	same	-	[0, 0]	0	0	[0, 0]	0	0	0	4	-	[]	0	0
F9-bad-media-rw-forever	off(today)	OFOFOFOFOFOFOFOFOFOFOFOFOFOFOFO	O:ok F:noop O:ok F:ok(F=3,reclaimed=1) O:ok F:ok(F=6,reclaimed=17) O:ok F:ok(F=7,reclaimed=8) O:ok F:ok(F=8,reclaimed=8) O:err:BlockDevice(InputOutput(Custom { kind: Other, error: "injected write e F:noop O:err:BlockDevice(InputOutput(Custom { kind: Other, error: "injected write e F:noop O:err:BlockDevice(InputOutput(Custom { kind: Other, error: "injected write e F:noop O:err:BlockDevice(InputOutput(Custom { kind: Other, error: "injected write e F:noop O:err:BlockDevice(InputOutput(Custom { kind: Other, error: "injected write e F:noop O:err:BlockDevice(InputOutput(Custom { kind: Other, error: "injected write e F:noop O:err:BlockDevice(InputOutput(Custom { kind: Other, error: "injected write e F:noop O:err:BlockDevice(InputOutput(Custom { kind: Other, error: "injected write e F:noop O:err:BlockDevice(InputOutput(Custom { kind: Other, error: "injected write e F:noop O:err:BlockDevice(InputOutput(Custom { kind: Other, error: "injected write e F:noop O:err:BlockDevice(InputOutput(Custom { kind: Other, error: "injected write e	ok	same	-	[0, 0]	0	0	[0, 0]	0	0	0	0	-	[]	0	11
