fault	arm	suffix	steps	final_mount	readback	violated	isolated_per_device	isolated_by_check	isolated_at_mount	free_minus_allocatable	check_reads	check_read_bytes	switches	reads_refused	check_events	reuse_steps	rebuild_mapping_mismatch	writes_refused
F9-bad-media-rw-forever	N1A-any-isoAll-mem	FFFFMFOFOFOFOFOFOFOFOFOFOFOFOFOFOFO	F:noop F:noop F:noop F:noop M:mount-err:Recovery(UnitUnreadable { slot: SlotNumber(50182) }) F:refused(not-writable) O:refused(not-writable) F:refused(not-writable) O:refused(not-writable) F:refused(not-writable) O:refused(not-writable) F:refused(not-writable) O:refused(not-writable) F:refused(not-writable) O:refused(not-writable) F:refused(not-writable) O:refused(not-writable) F:refused(not-writable) O:refused(not-writable) F:refused(not-writable) O:refused(not-writable) F:refused(not-writable) O:refused(not-writable) F:refused(not-writable) O:refused(not-writable) F:refused(not-writable) O:refused(not-writable) F:refused(not-writable) O:refused(not-writable) F:refused(not-writable) O:refused(not-writable) F:refused(not-writable) O:refused(not-writable) F:refused(not-writable) O:refused(not-writable)	mount-err:Recovery(UnitUnreadable { slot: SlotNumber(50182) })	same	-	[0, 0]	0	0	[0, 0]	0	0	0	4	-	[]	0	0
F9-bad-media-rw-forever	N1A-any-isoAll-mem	FFFMMFOFOFOFOFOFOFOFOFOFOFOFOFOFOFO	F:noop F:noop F:noop M:mount-err:Recovery(UnitUnreadable { slot: SlotNumber(50182) }) M:mount-err:Recovery(UnitUnreadable { slot: SlotNumber(50182) }) F:refused(not-writable) O:refused(not-writable) F:refused(not-writable) O:refused(not-writable) F:refused(not-writable) O:refused(not-writable) F:refused(not-writable) O:refused(not-writable) F:refused(not-writable) O:refused(not-writable) F:refused(not-writable) O:refused(not-writable) F:refused(not-writable) O:refused(not-writable) F:refused(not-writable) O:refused(not-writable) F:refused(not-writable) O:refused(not-writable) F:refused(not-writable) O:refused(not-writable) F:refused(not-writable) O:refused(not-writable) F:refused(not-writable) O:refused(not-writable) F:refused(not-writable) O:refused(not-writable) F:refused(not-writable) O:refused(not-writable) F:refused(not-writable) O:refused(not-writable)	mount-err:Recovery(UnitUnreadable { slot: SlotNumber(50182) })	same	-	[0, 0]	0	0	[0, 0]	0	0	0	6	-	[]	0	0
F9-bad-media-rw-forever	N1A-any-isoAll-mem	FFMOMFOFOFOFOFOFOFOFOFOFOFOFOFOFOFO	F:noop F:noop M:mount-err:Recovery(UnitUnreadable { slot: SlotNumber(50182) }) O:refused(not-writable) M:mount-err:Recovery(UnitUnreadable { slot: SlotNumber(50182) }) F:refused(not-writable) O:refused(not-writable) F:refused(not-writable) O:refused(not-writable) F:refused(not-writable) O:refused(not-writable) F:refused(not-writable) O:refused(not-writable) F:refused(not-writable) O:refused(not-writable) F:refused(not-writable) O:refused(not-writable) F:refused(not-writable) O:refused(not-writable) F:refused(not-writable) O:refused(not-writable) F:refused(not-writable) O:refused(not-writable) F:refused(not-writable) O:refused(not-writable) F:refused(not-writable) O:refused(not-writable) F:refused(not-writable) O:refused(not-writable) F:refused(not-writable) O:refused(not-writable) F:refused(not-writable) O:refused(not-writable) F:refused(not-writable) O:refused(not-writable)	mount-err:Recovery(UnitUnreadable { slot: SlotNumber(50182) })	same	-	[0, 0]	0	0	[0, 0]	0	0	0	6	-	[]	0	0
F9-bad-media-rw-forever	N1A-any-isoAll-mem	FFMFMFOFOFOFOFOFOFOFOFOFOFOFOFOFOFO	F:noop F:noop M:mount-err:Recovery(UnitUnreadable { slot: SlotNumber(50182) }) F:refused(not-writable) M:mount-err:Recovery(UnitUnreadable { slot: SlotNumber(50182) }) F:refused(not-writable) O:refused(not-writable) F:refused(not-writable) O:refused(not-writable) F:refused(not-writable) O:refused(not-writable) F:refused(not-writable) O:refused(not-writable) F:refused(not-writable) O:refused(not-writable) F:refused(not-writable) O:refused(not-writable) F:refused(not-writable) O:refused(not-writable) F:refused(not-writable) O:refused(not-writable) F:refused(not-writable) O:refused(not-writable) F:refused(not-writable) O:refused(not-writable) F:refused(not-writable) O:refused(not-writable) F:refused(not-writable) O:refused(not-writable) F:refused(not-writable) O:refused(not-writable) F:refused(not-writable) O:refused(not-writable) F:refused(not-writable) O:refused(not-writable)	mount-err:Recovery(UnitUnreadable { slot: SlotNumber(50182) })	same	-	[0, 0]	0	0	[0, 0]	0	0	0	6	-	[]	0	0
F9-bad-media-rw-forever	N1A-any-isoAll-mem	FFMMMFOFOFOFOFOFOFOFOFOFOFOFOFOFOFO	F:noop F:noop M:mount-err:Recovery(UnitUnreadable { slot: SlotNumber(50182) }) M:mount-err:Recovery(UnitUnreadable { slot: SlotNumber(50182) }) M:mount-err:Recovery(UnitUnreadable { slot: SlotNumber(50182) }) F:refused(not-writable) O:refused(not-writable) F:refused(not-writable) O:refused(not-writable) F:refused(not-writable) O:refused(not-writable) F:refused(not-writable) O:refused(not-writable) F:refused(not-writable) O:refused(not-writable) F:refused(not-writable) O:refused(not-writable) F:refused(not-writable) O:refused(not-writable) F:refused(not-writable) O:refused(not-writable) F:refused(not-writable) O:refused(not-writable) F:refused(not-writable) O:refused(not-writable) F:refused(not-writable) O:refused(not-writable) F:refused(not-writable) O:refused(not-writable) F:refused(not-writable) O:refused(not-writable) F:refused(not-writable) O:refused(not-writable) F:refused(not-writable) O:refused(not-writable)	mount-err:Recovery(UnitUnreadable { slot: SlotNumber(50182) })	same	-	[0, 0]	0	0	[0, 0]	0	0	0	8	-	[]	0	0
F9-bad-media-rw-forever	N1A-any-isoAll-mem	FFOFMFOFOFOFOFOFOFOFOFOFOFOFOFOFOFO	F:noop F:noop O:ok F:noop M:ok F:noop O:ok F:ok(F=3,reclaimed=1) O:ok F:ok(F=6,reclaimed=17) O:ok F:ok(F=7,reclaimed=8) O:ok F:ok(F=11,reclaimed=21) O:err:BlockDevice(InputOutput(Custom { kind: Other, error: "injected write e F:noop O:err:BlockDevice(InputOutput(Custom { kind: Other, error: "injected write e F:noop O:err:BlockDevice(InputOutput(Custom { kind: Other, error: "injected write e F:noop O:err:BlockDevice(InputOutput(Custom { kind: Other, error: "injected write e F:noop O:err:BlockDevice(InputOutput(Custom { kind: Other, error: "injected write e F:noop O:err:BlockDevice(InputOutput(Custom { kind: Other, error: "injected write e F:noop O:err:BlockDevice(InputOutput(Custom { kind: Other, error: "injected write e F:noop O:err:BlockDevice(InputOutput(Custom { kind: Other, error: "injected write e F:noop O:err:BlockDevice(InputOutput(Custom { kind: Other, error: "injected write e F:noop O:err:BlockDevice(InputOutput(Custom { kind: Other, error: "injected write e F:noop O:err:BlockDevice(InputOutput(Custom { kind: Other, error: "injected write e	ok	same	-	[0, 0]	4	0	[0, 0]	119	2490368	0	2	t1@50182:released-and-isolated	[]	0	11
F9-bad-media-rw-forever	N1A-any-isoAll-mem	FFFOMFOFOFOFOFOFOFOFOFOFOFOFOFOFOFO	F:noop F:noop F:noop O:ok M:ok F:noop O:ok F:ok(F=3,reclaimed=1) O:ok F:ok(F=6,reclaimed=17) O:ok F:ok(F=7,reclaimed=8) O:ok F:ok(F=11,reclaimed=21) O:err:BlockDevice(InputOutput(Custom { kind: Other, error: "injected write e F:noop O:err:BlockDevice(InputOutput(Custom { kind: Other, error: "injected write e F:noop O:err:BlockDevice(InputOutput(Custom { kind: Other, error: "injected write e F:noop O:err:BlockDevice(InputOutput(Custom { kind: Other, error: "injected write e F:noop O:err:BlockDevice(InputOutput(Custom { kind: Other, error: "injected write e F:noop O:err:BlockDevice(InputOutput(Custom { kind: Other, error: "injected write e F:noop O:err:BlockDevice(InputOutput(Custom { kind: Other, error: "injected write e F:noop O:err:BlockDevice(InputOutput(Custom { kind: Other, error: "injected write e F:noop O:err:BlockDevice(InputOutput(Custom { kind: Other, error: "injected write e F:noop O:err:BlockDevice(InputOutput(Custom { kind: Other, error: "injected write e F:noop O:err:BlockDevice(InputOutput(Custom { kind: Other, error: "injected write e	ok	same	-	[0, 0]	4	0	[0, 0]	119	2490368	0	2	t1@50182:released-and-isolated	[]	0	11
F9-bad-media-rw-forever	N1A-any-isoAll-mem	FFOMMFOFOFOFOFOFOFOFOFOFOFOFOFOFOFO	F:noop F:noop O:ok M:ok M:ok F:noop O:ok F:ok(F=3,reclaimed=1) O:ok F:ok(F=6,reclaimed=17) O:ok F:ok(F=7,reclaimed=8) O:ok F:ok(F=14,reclaimed=34) O:err:BlockDevice(InputOutput(Custom { kind: Other, error: "injected write e F:noop O:err:BlockDevice(InputOutput(Custom { kind: Other, error: "injected write e F:noop O:err:BlockDevice(InputOutput(Custom { kind: Other, error: "injected write e F:noop O:err:BlockDevice(InputOutput(Custom { kind: Other, error: "injected write e F:noop O:err:BlockDevice(InputOutput(Custom { kind: Other, error: "injected write e F:noop O:err:BlockDevice(InputOutput(Custom { kind: Other, error: "injected write e F:noop O:err:BlockDevice(InputOutput(Custom { kind: Other, error: "injected write e F:noop O:err:BlockDevice(InputOutput(Custom { kind: Other, error: "injected write e F:noop O:err:BlockDevice(InputOutput(Custom { kind: Other, error: "injected write e F:noop O:err:BlockDevice(InputOutput(Custom { kind: Other, error: "injected write e F:noop O:err:BlockDevice(InputOutput(Custom { kind: Other, error: "injected write e	ok	same	-	[0, 0]	4	0	[0, 0]	125	2588672	0	2	t1@50182:released-and-isolated	[]	0	11
F9-bad-media-rw-forever	N1A-any-isoAll-mem	FMFFMFOFOFOFOFOFOFOFOFOFOFOFOFOFOFO	F:noop M:mount-err:Recovery(UnitUnreadable { slot: SlotNumber(50182) }) F:refused(not-writable) F:refused(not-writable) M:mount-err:Recovery(UnitUnreadable { slot: SlotNumber(50182) }) F:refused(not-writable) O:refused(not-writable) F:refused(not-writable) O:refused(not-writable) F:refused(not-writable) O:refused(not-writable) F:refused(not-writable) O:refused(not-writable) F:refused(not-writable) O:refused(not-writable) F:refused(not-writable) O:refused(not-writable) F:refused(not-writable) O:refused(not-writable) F:refused(not-writable) O:refused(not-writable) F:refused(not-writable) O:refused(not-writable) F:refused(not-writable) O:refused(not-writable) F:refused(not-writable) O:refused(not-writable) F:refused(not-writable) O:refused(not-writable) F:refused(not-writable) O:refused(not-writable) F:refused(not-writable) O:refused(not-writable) F:refused(not-writable) O:refused(not-writable)	mount-err:Recovery(UnitUnreadable { slot: SlotNumber(50182) })	same	-	[0, 0]	0	0	[0, 0]	0	0	0	6	-	[]	0	0
F9-bad-media-rw-forever	N1A-any-isoAll-mem	FFOOMFOFOFOFOFOFOFOFOFOFOFOFOFOFOFO	F:noop F:noop O:ok O:ok M:ok F:ok(F=3,reclaimed=1) O:ok F:ok(F=6,reclaimed=17) O:ok F:ok(F=7,reclaimed=8) O:ok F:ok(F=8,reclaimed=8) O:err:BlockDevice(InputOutput(Custom { kind: Other, error: "injected write e F:noop O:err:BlockDevice(InputOutput(Custom { kind: Other, error: "injected write e F:noop O:err:BlockDevice(InputOutput(Custom { kind: Other, error: "injected write e F:noop O:err:BlockDevice(InputOutput(Custom { kind: Other, error: "injected write e F:noop O:err:BlockDevice(InputOutput(Custom { kind: Other, error: "injected write e F:noop O:err:BlockDevice(InputOutput(Custom { kind: Other, error: "injected write e F:noop O:err:BlockDevice(InputOutput(Custom { kind: Other, error: "injected write e F:noop O:err:BlockDevice(InputOutput(Custom { kind: Other, error: "injected write e F:noop O:err:BlockDevice(InputOutput(Custom { kind: Other, error: "injected write e F:noop O:err:BlockDevice(InputOutput(Custom { kind: Other, error: "injected write e F:noop O:err:BlockDevice(InputOutput(Custom { kind: Other, error: "injected write e F:noop O:err:BlockDevice(InputOutput(Custom { kind: Other, error: "injected write e	ok	same	-	[0, 0]	4	0	[0, 0]	125	2621440	0	2	t1@50182:released-and-isolated	[]	0	12
F9-bad-media-rw-forever	N1A-any-isoAll-mem	FMFOMFOFOFOFOFOFOFOFOFOFOFOFOFOFOFO	F:noop M:mount-err:Recovery(UnitUnreadable { slot: SlotNumber(50182) }) F:refused(not-writable) O:refused(not-writable) M:mount-err:Recovery(UnitUnreadable { slot: SlotNumber(50182) }) F:refused(not-writable) O:refused(not-writable) F:refused(not-writable) O:refused(not-writable) F:refused(not-writable) O:refused(not-writable) F:refused(not-writable) O:refused(not-writable) F:refused(not-writable) O:refused(not-writable) F:refused(not-writable) O:refused(not-writable) F:refused(not-writable) O:refused(not-writable) F:refused(not-writable) O:refused(not-writable) F:refused(not-writable) O:refused(not-writable) F:refused(not-writable) O:refused(not-writable) F:refused(not-writable) O:refused(not-writable) F:refused(not-writable) O:refused(not-writable) F:refused(not-writable) O:refused(not-writable) F:refused(not-writable) O:refused(not-writable) F:refused(not-writable) O:refused(not-writable)	mount-err:Recovery(UnitUnreadable { slot: SlotNumber(50182) })	same	-	[0, 0]	0	0	[0, 0]	0	0	0	6	-	[]	0	0
F9-bad-media-rw-forever	N1A-any-isoAll-mem	FMMOMFOFOFOFOFOFOFOFOFOFOFOFOFOFOFO	F:noop M:mount-err:Recovery(UnitUnreadable { slot: SlotNumber(50182) }) M:mount-err:Recovery(UnitUnreadable { slot: SlotNumber(50182) }) O:refused(not-writable) M:mount-err:Recovery(UnitUnreadable { slot: SlotNumber(50182) }) F:refused(not-writable) O:refused(not-writable) F:refused(not-writable) O:refused(not-writable) F:refused(not-writable) O:refused(not-writable) F:refused(not-writable) O:refused(not-writable) F:refused(not-writable) O:refused(not-writable) F:refused(not-writable) O:refused(not-writable) F:refused(not-writable) O:refused(not-writable) F:refused(not-writable) O:refused(not-writable) F:refused(not-writable) O:refused(not-writable) F:refused(not-writable) O:refused(not-writable) F:refused(not-writable) O:refused(not-writable) F:refused(not-writable) O:refused(not-writable) F:refused(not-writable) O:refused(not-writable) F:refused(not-writable) O:refused(not-writable) F:refused(not-writable) O:refused(not-writable)	mount-err:Recovery(UnitUnreadable { slot: SlotNumber(50182) })	same	-	[0, 0]	0	0	[0, 0]	0	0	0	8	-	[]	0	0
F9-bad-media-rw-forever	N1A-any-isoAll-mem	FMFMMFOFOFOFOFOFOFOFOFOFOFOFOFOFOFO	F:noop M:mount-err:Recovery(UnitUnreadable { slot: SlotNumber(50182) }) F:refused(not-writable) M:mount-err:Recovery(UnitUnreadable { slot: SlotNumber(50182) }) M:mount-err:Recovery(UnitUnreadable { slot: SlotNumber(50182) }) F:refused(not-writable) O:refused(not-writable) F:refused(not-writable) O:refused(not-writable) F:refused(not-writable) O:refused(not-writable) F:refused(not-writable) O:refused(not-writable) F:refused(not-writable) O:refused(not-writable) F:refused(not-writable) O:refused(not-writable) F:refused(not-writable) O:refused(not-writable) F:refused(not-writable) O:refused(not-writable) F:refused(not-writable) O:refused(not-writable) F:refused(not-writable) O:refused(not-writable) F:refused(not-writable) O:refused(not-writable) F:refused(not-writable) O:refused(not-writable) F:refused(not-writable) O:refused(not-writable) F:refused(not-writable) O:refused(not-writable) F:refused(not-writable) O:refused(not-writable)	mount-err:Recovery(UnitUnreadable { slot: SlotNumber(50182) })	same	-	[0, 0]	0	0	[0, 0]	0	0	0	8	-	[]	0	0
F9-bad-media-rw-forever	N1A-any-isoAll-mem	FMMMMFOFOFOFOFOFOFOFOFOFOFOFOFOFOFO	F:noop M:mount-err:Recovery(UnitUnreadable { slot: SlotNumber(50182) }) M:mount-err:Recovery(UnitUnreadable { slot: SlotNumber(50182) }) M:mount-err:Recovery(UnitUnreadable { slot: SlotNumber(50182) }) M:mount-err:Recovery(UnitUnreadable { slot: SlotNumber(50182) }) F:refused(not-writable) O:refused(not-writable) F:refused(not-writable) O:refused(not-writable) F:refused(not-writable) O:refused(not-writable) F:refused(not-writable) O:refused(not-writable) F:refused(not-writable) O:refused(not-writable) F:refused(not-writable) O:refused(not-writable) F:refused(not-writable) O:refused(not-writable) F:refused(not-writable) O:refused(not-writable) F:refused(not-writable) O:refused(not-writable) F:refused(not-writable) O:refused(not-writable) F:refused(not-writable) O:refused(not-writable) F:refused(not-writable) O:refused(not-writable) F:refused(not-writable) O:refused(not-writable) F:refused(not-writable) O:refused(not-writable) F:refused(not-writable) O:refused(not-writable)	mount-err:Recovery(UnitUnreadable { slot: SlotNumber(50182) })	same	-	[0, 0]	0	0	[0, 0]	0	0	0	10	-	[]	0	0
F9-bad-media-rw-forever	N1A-any-isoAll-mem	FMMFMFOFOFOFOFOFOFOFOFOFOFOFOFOFOFO	F:noop M:mount-err:Recovery(UnitUnreadable { slot: SlotNumber(50182) }) M:mount-err:Recovery(UnitUnreadable { slot: SlotNumber(50182) }) F:refused(not-writable) M:mount-err:Recovery(UnitUnreadable { slot: SlotNumber(50182) }) F:refused(not-writable) O:refused(not-writable) F:refused(not-writable) O:refused(not-writable) F:refused(not-writable) O:refused(not-writable) F:refused(not-writable) O:refused(not-writable) F:refused(not-writable) O:refused(not-writable) F:refused(not-writable) O:refused(not-writable) F:refused(not-writable) O:refused(not-writable) F:refused(not-writable) O:refused(not-writable) F:refused(not-writable) O:refused(not-writable) F:refused(not-writable) O:refused(not-writable) F:refused(not-writable) O:refused(not-writable) F:refused(not-writable) O:refused(not-writable) F:refused(not-writable) O:refused(not-writable) F:refused(not-writable) O:refused(not-writable) F:refused(not-writable) O:refused(not-writable)	mount-err:Recovery(UnitUnreadable { slot: SlotNumber(50182) })	same	-	[0, 0]	0	0	[0, 0]	0	0	0	8	-	[]	0	0
F9-bad-media-rw-forever	N1A-any-isoAll-mem	FMOFMFOFOFOFOFOFOFOFOFOFOFOFOFOFOFO	F:noop M:mount-err:Recovery(UnitUnreadable { slot: SlotNumber(50182) }) O:refused(not-writable) F:refused(not-writable) M:mount-err:Recovery(UnitUnreadable { slot: SlotNumber(50182) }) F:refused(not-writable) O:refused(not-writable) F:refused(not-writable) O:refused(not-writable) F:refused(not-writable) O:refused(not-writable) F:refused(not-writable) O:refused(not-writable) F:refused(not-writable) O:refused(not-writable) F:refused(not-writable) O:refused(not-writable) F:refused(not-writable) O:refused(not-writable) F:refused(not-writable) O:refused(not-writable) F:refused(not-writable) O:refused(not-writable) F:refused(not-writable) O:refused(not-writable) F:refused(not-writable) O:refused(not-writable) F:refused(not-writable) O:refused(not-writable) F:refused(not-writable) O:refused(not-writable) F:refused(not-writable) O:refused(not-writable) F:refused(not-writable) O:refused(not-writable)	mount-err:Recovery(UnitUnreadable { slot: SlotNumber(50182) })	same	-	[0, 0]	0	0	[0, 0]	0	0	0	6	-	[]	0	0
F9-bad-media-rw-forever	N1A-any-isoAll-mem	FMOOMFOFOFOFOFOFOFOFOFOFOFOFOFOFOFO	F:noop M:mount-err:Recovery(UnitUnreadable { slot: SlotNumber(50182) }) O:refused(not-writable) O:refused(not-writable) M:mount-err:Recovery(UnitUnreadable { slot: SlotNumber(50182) }) F:refused(not-writable) O:refused(not-writable) F:refused(not-writable) O:refused(not-writable) F:refused(not-writable) O:refused(not-writable) F:refused(not-writable) O:refused(not-writable) F:refused(not-writable) O:refused(not-writable) F:refused(not-writable) O:refused(not-writable) F:refused(not-writable) O:refused(not-writable) F:refused(not-writable) O:refused(not-writable) F:refused(not-writable) O:refused(not-writable) F:refused(not-writable) O:refused(not-writable) F:refused(not-writable) O:refused(not-writable) F:refused(not-writable) O:refused(not-writable) F:refused(not-writable) O:refused(not-writable) F:refused(not-writable) O:refused(not-writable) F:refused(not-writable) O:refused(not-writable)	mount-err:Recovery(UnitUnreadable { slot: SlotNumber(50182) })	same	-	[0, 0]	0	0	[0, 0]	0	0	0	6	-	[]	0	0
F9-bad-media-rw-forever	N1A-any-isoAll-mem	FMOMMFOFOFOFOFOFOFOFOFOFOFOFOFOFOFO	F:noop M:mount-err:Recovery(UnitUnreadable { slot: SlotNumber(50182) }) O:refused(not-writable) M:mount-err:Recovery(UnitUnreadable { slot: SlotNumber(50182) }) M:mount-err:Recovery(UnitUnreadable { slot: SlotNumber(50182) }) F:refused(not-writable) O:refused(not-writable) F:refused(not-writable) O:refused(not-writable) F:refused(not-writable) O:refused(not-writable) F:refused(not-writable) O:refused(not-writable) F:refused(not-writable) O:refused(not-writable) F:refused(not-writable) O:refused(not-writable) F:refused(not-writable) O:refused(not-writable) F:refused(not-writable) O:refused(not-writable) F:refused(not-writable) O:refused(not-writable) F:refused(not-writable) O:refused(not-writable) F:refused(not-writable) O:refused(not-writable) F:refused(not-writable) O:refused(not-writable) F:refused(not-writable) O:refused(not-writable) F:refused(not-writable) O:refused(not-writable) F:refused(not-writable) O:refused(not-writable)	mount-err:Recovery(UnitUnreadable { slot: SlotNumber(50182) })	same	-	[0, 0]	0	0	[0, 0]	0	0	0	8	-	[]	0	0
F9-bad-media-rw-forever	N1A-any-isoAll-mem	FOFFMFOFOFOFOFOFOFOFOFOFOFOFOFOFOFO	F:noop O:ok F:noop F:noop M:ok F:noop O:ok F:ok(F=3,reclaimed=1) O:ok F:ok(F=6,reclaimed=17) O:ok F:ok(F=7,reclaimed=8) O:ok F:ok(F=11,reclaimed=21) O:err:BlockDevice(InputOutput(Custom { kind: Other, error: "injected write e F:noop O:err:BlockDevice(InputOutput(Custom { kind: Other, error: "injected write e F:noop O:err:BlockDevice(InputOutput(Custom { kind: Other, error: "injected write e F:noop O:err:BlockDevice(InputOutput(Custom { kind: Other, error: "injected write e F:noop O:err:BlockDevice(InputOutput(Custom { kind: Other, error: "injected write e F:noop O:err:BlockDevice(InputOutput(Custom { kind: Other, error: "injected write e F:noop O:err:BlockDevice(InputOutput(Custom { kind: Other, error: "injected write e F:noop O:err:BlockDevice(InputOutput(Custom { kind: Other, error: "injected write e F:noop O:err:BlockDevice(InputOutput(Custom { kind: Other, error: "injected write e F:noop O:err:BlockDevice(InputOutput(Custom { kind: Other, error: "injected write e F:noop O:err:BlockDevice(InputOutput(Custom { kind: Other, error: "injected write e	ok	same	-	[0, 0]	4	0	[0, 0]	119	2490368	0	2	t1@50182:released-and-isolated	[]	0	11
F9-bad-media-rw-forever	N1A-any-isoAll-mem	FOFMMFOFOFOFOFOFOFOFOFOFOFOFOFOFOFO	F:noop O:ok F:noop M:ok M:ok F:noop O:ok F:ok(F=3,reclaimed=1) O:ok F:ok(F=6,reclaimed=17) O:ok F:ok(F=7,reclaimed=8) O:ok F:ok(F=14,reclaimed=34) O:err:BlockDevice(InputOutput(Custom { kind: Other, error: "injected write e F:noop O:err:BlockDevice(InputOutput(Custom { kind: Other, error: "injected write e F:noop O:err:BlockDevice(InputOutput(Custom { kind: Other, error: "injected write e F:noop O:err:BlockDevice(InputOutput(Custom { kind: Other, error: "injected write e F:noop O:err:BlockDevice(InputOutput(Custom { kind: Other, error: "injected write e F:noop O:err:BlockDevice(InputOutput(Custom { kind: Other, error: "injected write e F:noop O:err:BlockDevice(InputOutput(Custom { kind: Other, error: "injected write e F:noop O:err:BlockDevice(InputOutput(Custom { kind: Other, error: "injected write e F:noop O:err:BlockDevice(InputOutput(Custom { kind: Other, error: "injected write e F:noop O:err:BlockDevice(InputOutput(Custom { kind: Other, error: "injected write e F:noop O:err:BlockDevice(InputOutput(Custom { kind: Other, error: "injected write e	ok	same	-	[0, 0]	4	0	[0, 0]	125	2588672	0	2	t1@50182:released-and-isolated	[]	0	11
F9-bad-media-rw-forever	N1A-any-isoAll-mem	FOFOMFOFOFOFOFOFOFOFOFOFOFOFOFOFOFO	F:noop O:ok F:noop O:ok M:ok F:ok(F=3,reclaimed=1) O:ok F:ok(F=6,reclaimed=17) O:ok F:ok(F=7,reclaimed=8) O:ok F:ok(F=8,reclaimed=8) O:err:BlockDevice(InputOutput(Custom { kind: Other, error: "injected write e F:noop O:err:BlockDevice(InputOutput(Custom { kind: Other, error: "injected write e F:noop O:err:BlockDevice(InputOutput(Custom { kind: Other, error: "injected write e F:noop O:err:BlockDevice(InputOutput(Custom { kind: Other, error: "injected write e F:noop O:err:BlockDevice(InputOutput(Custom { kind: Other, error: "injected write e F:noop O:err:BlockDevice(InputOutput(Custom { kind: Other, error: "injected write e F:noop O:err:BlockDevice(InputOutput(Custom { kind: Other, error: "injected write e F:noop O:err:BlockDevice(InputOutput(Custom { kind: Other, error: "injected write e F:noop O:err:BlockDevice(InputOutput(Custom { kind: Other, error: "injected write e F:noop O:err:BlockDevice(InputOutput(Custom { kind: Other, error: "injected write e F:noop O:err:BlockDevice(InputOutput(Custom { kind: Other, error: "injected write e F:noop O:err:BlockDevice(InputOutput(Custom { kind: Other, error: "injected write e	ok	same	-	[0, 0]	4	0	[0, 0]	125	2621440	0	2	t1@50182:released-and-isolated	[]	0	12
F9-bad-media-rw-forever	N1A-any-isoAll-mem	FOMFMFOFOFOFOFOFOFOFOFOFOFOFOFOFOFO	F:noop O:ok M:ok F:noop M:ok F:noop O:ok F:ok(F=3,reclaimed=1) O:ok F:ok(F=6,reclaimed=17) O:ok F:ok(F=7,reclaimed=8) O:ok F:ok(F=14,reclaimed=34) O:err:BlockDevice(InputOutput(Custom { kind: Other, error: "injected write e F:noop O:err:BlockDevice(InputOutput(Custom { kind: Other, error: "injected write e F:noop O:err:BlockDevice(InputOutput(Custom { kind: Other, error: "injected write e F:noop O:err:BlockDevice(InputOutput(Custom { kind: Other, error: "injected write e F:noop O:err:BlockDevice(InputOutput(Custom { kind: Other, error: "injected write e F:noop O:err:BlockDevice(InputOutput(Custom { kind: Other, error: "injected write e F:noop O:err:BlockDevice(InputOutput(Custom { kind: Other, error: "injected write e F:noop O:err:BlockDevice(InputOutput(Custom { kind: Other, error: "injected write e F:noop O:err:BlockDevice(InputOutput(Custom { kind: Other, error: "injected write e F:noop O:err:BlockDevice(InputOutput(Custom { kind: Other, error: "injected write e F:noop O:err:BlockDevice(InputOutput(Custom { kind: Other, error: "injected write e	ok	same	-	[0, 0]	4	0	[0, 0]	125	2588672	0	2	t1@50182:released-and-isolated	[]	0	11
F9-bad-media-rw-forever	N1A-any-isoAll-mem	FOMOMFOFOFOFOFOFOFOFOFOFOFOFOFOFOFO	F:noop O:ok M:ok O:ok M:ok F:ok(F=3,reclaimed=1) O:ok F:ok(F=6,reclaimed=17) O:ok F:ok(F=7,reclaimed=8) O:ok F:ok(F=11,reclaimed=21) O:err:BlockDevice(InputOutput(Custom { kind: Other, error: "injected write e F:noop O:err:BlockDevice(InputOutput(Custom { kind: Other, error: "injected write e F:noop O:err:BlockDevice(InputOutput(Custom { kind: Other, error: "injected write e F:noop O:err:BlockDevice(InputOutput(Custom { kind: Other, error: "injected write e F:noop O:err:BlockDevice(InputOutput(Custom { kind: Other, error: "injected write e F:noop O:err:BlockDevice(InputOutput(Custom { kind: Other, error: "injected write e F:noop O:err:BlockDevice(InputOutput(Custom { kind: Other, error: "injected write e F:noop O:err:BlockDevice(InputOutput(Custom { kind: Other, error: "injected write e F:noop O:err:BlockDevice(InputOutput(Custom { kind: Other, error: "injected write e F:noop O:err:BlockDevice(InputOutput(Custom { kind: Other, error: "injected write e F:noop O:err:BlockDevice(InputOutput(Custom { kind: Other, error: "injected write e F:noop O:err:BlockDevice(InputOutput(Custom { kind: Other, error: "injected write e	ok	same	-	[0, 0]	4	0	[0, 0]	131	2719744	0	2	t1@50182:released-and-isolated	[]	0	12
F9-bad-media-rw-forever	N1A-any-isoAll-mem	FOMMMFOFOFOFOFOFOFOFOFOFOFOFOFOFOFO	F:noop O:ok M:ok M:ok M:ok F:noop O:ok F:ok(F=3,reclaimed=1) O:ok F:ok(F=6,reclaimed=17) O:ok F:ok(F=7,reclaimed=8) O:ok F:ok(F=17,reclaimed=47) O:err:BlockDevice(InputOutput(Custom { kind: Other, error: "injected write e F:noop O:err:BlockDevice(InputOutput(Custom { kind: Other, error: "injected write e F:noop O:err:BlockDevice(InputOutput(Custom { kind: Other, error: "injected write e F:noop O:err:BlockDevice(InputOutput(Custom { kind: Other, error: "injected write e F:noop O:err:BlockDevice(InputOutput(Custom { kind: Other, error: "injected write e F:noop O:err:BlockDevice(InputOutput(Custom { kind: Other, error: "injected write e F:noop O:err:BlockDevice(InputOutput(Custom { kind: Other, error: "injected write e F:noop O:err:BlockDevice(InputOutput(Custom { kind: Other, error: "injected write e F:noop O:err:BlockDevice(InputOutput(Custom { kind: Other, error: "injected write e F:noop O:err:BlockDevice(InputOutput(Custom { kind: Other, error: "injected write e F:noop O:err:BlockDevice(InputOutput(Custom { kind: Other, error: "injected write e	ok	same	-	[0, 0]	4	0	[0, 0]	131	2686976	0	2	t1@50182:released-and-isolated	[]	0	11
F9-bad-media-rw-forever	N1A-any-isoAll-mem	FOOFMFOFOFOFOFOFOFOFOFOFOFOFOFOFOFO	F:noop O:ok O:ok F:ok(F=3,reclaimed=1) M:ok F:noop O:ok F:ok(F=6,reclaimed=17) O:ok F:ok(F=7,reclaimed=8) O:ok F:ok(F=8,reclaimed=8) O:err:BlockDevice(InputOutput(Custom { kind: Other, error: "injected write e F:noop O:err:BlockDevice(InputOutput(Custom { kind: Other, error: "injected write e F:noop O:err:BlockDevice(InputOutput(Custom { kind: Other, error: "injected write e F:noop O:err:BlockDevice(InputOutput(Custom { kind: Other, error: "injected write e F:noop O:err:BlockDevice(InputOutput(Custom { kind: Other, error: "injected write e F:noop O:err:BlockDevice(InputOutput(Custom { kind: Other, error: "injected write e F:noop O:err:BlockDevice(InputOutput(Custom { kind: Other, error: "injected write e F:noop O:err:BlockDevice(InputOutput(Custom { kind: Other, error: "injected write e F:noop O:err:BlockDevice(InputOutput(Custom { kind: Other, error: "injected write e F:noop O:err:BlockDevice(InputOutput(Custom { kind: Other, error: "injected write e F:noop O:err:BlockDevice(InputOutput(Custom { kind: Other, error: "injected write e F:noop O:err:BlockDevice(InputOutput(Custom { kind: Other, error: "injected write e	ok	same	-	[0, 0]	4	0	[0, 0]	125	2621440	0	2	t1@50182:released-and-isolated	[]	0	12
F9-bad-media-rw-forever	N1A-any-isoAll-mem	MFFFMFOFOFOFOFOFOFOFOFOFOFOFOFOFOFO	M:mount-err:Recovery(UnitUnreadable { slot: SlotNumber(50182) }) F:refused(not-writable) F:refused(not-writable) F:refused(not-writable) M:mount-err:Recovery(UnitUnreadable { slot: SlotNumber(50182) }) F:refused(not-writable) O:refused(not-writable) F:refused(not-writable) O:refused(not-writable) F:refused(not-writable) O:refused(not-writable) F:refused(not-writable) O:refused(not-writable) F:refused(not-writable) O:refused(not-writable) F:refused(not-writable) O:refused(not-writable) F:refused(not-writable) O:refused(not-writable) F:refused(not-writable) O:refused(not-writable) F:refused(not-writable) O:refused(not-writable) F:refused(not-writable) O:refused(not-writable) F:refused(not-writable) O:refused(not-writable) F:refused(not-writable) O:refused(not-writable) F:refused(not-writable) O:refused(not-writable) F:refused(not-writable) O:refused(not-writable) F:refused(not-writable) O:refused(not-writable)	mount-err:Recovery(UnitUnreadable { slot: SlotNumber(50182) })	same	-	[0, 0]	0	0	[0, 0]	0	0	0	6	-	[]	0	0
F9-bad-media-rw-forever	N1A-any-isoAll-mem	MFFOMFOFOFOFOFOFOFOFOFOFOFOFOFOFOFO	M:mount-err:Recovery(UnitUnreadable { slot: SlotNumber(50182) }) F:refused(not-writable) F:refused(not-writable) O:refused(not-writable) M:mount-err:Recovery(UnitUnreadable { slot: SlotNumber(50182) }) F:refused(not-writable) O:refused(not-writable) F:refused(not-writable) O:refused(not-writable) F:refused(not-writable) O:refused(not-writable) F:refused(not-writable) O:refused(not-writable) F:refused(not-writable) O:refused(not-writable) F:refused(not-writable) O:refused(not-writable) F:refused(not-writable) O:refused(not-writable) F:refused(not-writable) O:refused(not-writable) F:refused(not-writable) O:refused(not-writable) F:refused(not-writable) O:refused(not-writable) F:refused(not-writable) O:refused(not-writable) F:refused(not-writable) O:refused(not-writable) F:refused(not-writable) O:refused(not-writable) F:refused(not-writable) O:refused(not-writable) F:refused(not-writable) O:refused(not-writable)	mount-err:Recovery(UnitUnreadable { slot: SlotNumber(50182) })	same	-	[0, 0]	0	0	[0, 0]	0	0	0	6	-	[]	0	0
F9-bad-media-rw-forever	N1A-any-isoAll-mem	MFFMMFOFOFOFOFOFOFOFOFOFOFOFOFOFOFO	M:mount-err:Recovery(UnitUnreadable { slot: SlotNumber(50182) }) F:refused(not-writable) F:refused(not-writable) M:mount-err:Recovery(UnitUnreadable { slot: SlotNumber(50182) }) M:mount-err:Recovery(UnitUnreadable { slot: SlotNumber(50182) }) F:refused(not-writable) O:refused(not-writable) F:refused(not-writable) O:refused(not-writable) F:refused(not-writable) O:refused(not-writable) F:refused(not-writable) O:refused(not-writable) F:refused(not-writable) O:refused(not-writable) F:refused(not-writable) O:refused(not-writable) F:refused(not-writable) O:refused(not-writable) F:refused(not-writable) O:refused(not-writable) F:refused(not-writable) O:refused(not-writable) F:refused(not-writable) O:refused(not-writable) F:refused(not-writable) O:refused(not-writable) F:refused(not-writable) O:refused(not-writable) F:refused(not-writable) O:refused(not-writable) F:refused(not-writable) O:refused(not-writable) F:refused(not-writable) O:refused(not-writable)	mount-err:Recovery(UnitUnreadable { slot: SlotNumber(50182) })	same	-	[0, 0]	0	0	[0, 0]	0	0	0	8	-	[]	0	0
F9-bad-media-rw-forever	N1A-any-isoAll-mem	FOOOMFOFOFOFOFOFOFOFOFOFOFOFOFOFOFO	F:noop O:ok O:ok O:ok M:ok F:ok(F=6,reclaimed=18) O:ok F:ok(F=7,reclaimed=8) O:ok F:ok(F=8,reclaimed=8) O:ok F:ok(F=9,reclaimed=8) O:err:BlockDevice(InputOutput(Custom { kind: Other, error: "injected write e F:noop O:err:BlockDevice(InputOutput(Custom { kind: Other, error: "injected write e F:noop O:err:BlockDevice(InputOutput(Custom { kind: Other, error: "injected write e F:noop O:err:BlockDevice(InputOutput(Custom { kind: Other, error: "injected write e F:noop O:err:BlockDevice(InputOutput(Custom { kind: Other, error: "injected write e F:noop O:err:BlockDevice(InputOutput(Custom { kind: Other, error: "injected write e F:noop O:err:BlockDevice(InputOutput(Custom { kind: Other, error: "injected write e F:noop O:err:BlockDevice(InputOutput(Custom { kind: Other, error: "injected write e F:noop O:err:BlockDevice(InputOutput(Custom { kind: Other, error: "injected write e F:noop O:err:BlockDevice(InputOutput(Custom { kind: Other, error: "injected write e F:noop O:err:BlockDevice(InputOutput(Custom { kind: Other, error: "injected write e F:noop O:err:BlockDevice(InputOutput(Custom { kind: Other, error: "injected write e	ok	same	-	[0, 0]	4	0	[0, 0]	129	2719744	0	2	t1@50182:released-and-isolated	[]	0	12
F9-bad-media-rw-forever	N1A-any-isoAll-mem	MFMFMFOFOFOFOFOFOFOFOFOFOFOFOFOFOFO	M:mount-err:Recovery(UnitUnreadable { slot: SlotNumber(50182) }) F:refused(not-writable) M:mount-err:Recovery(UnitUnreadable { slot: SlotNumber(50182) }) F:refused(not-writable) M:mount-err:Recovery(UnitUnreadable { slot: SlotNumber(50182) }) F:refused(not-writable) O:refused(not-writable) F:refused(not-writable) O:refused(not-writable) F:refused(not-writable) O:refused(not-writable) F:refused(not-writable) O:refused(not-writable) F:refused(not-writable) O:refused(not-writable) F:refused(not-writable) O:refused(not-writable) F:refused(not-writable) O:refused(not-writable) F:refused(not-writable) O:refused(not-writable) F:refused(not-writable) O:refused(not-writable) F:refused(not-writable) O:refused(not-writable) F:refused(not-writable) O:refused(not-writable) F:refused(not-writable) O:refused(not-writable) F:refused(not-writable) O:refused(not-writable) F:refused(not-writable) O:refused(not-writable) F:refused(not-writable) O:refused(not-writable)	mount-err:Recovery(UnitUnreadable { slot: SlotNumber(50182) })	same	-	[0, 0]	0	0	[0, 0]	0	0	0	8	-	[]	0	0
F9-bad-media-rw-forever	N1A-any-isoAll-mem	FOOMMFOFOFOFOFOFOFOFOFOFOFOFOFOFOFO	F:noop O:ok O:ok M:ok M:ok F:ok(F=3,reclaimed=1) O:ok F:ok(F=6,reclaimed=17) O:ok F:ok(F=7,reclaimed=8) O:ok F:ok(F=8,reclaimed=8) O:err:BlockDevice(InputOutput(Custom { kind: Other, error: "injected write e F:noop O:err:BlockDevice(InputOutput(Custom { kind: Other, error: "injected write e F:noop O:err:BlockDevice(InputOutput(Custom { kind: Other, error: "injected write e F:noop O:err:BlockDevice(InputOutput(Custom { kind: Other, error: "injected write e F:noop O:err:BlockDevice(InputOutput(Custom { kind: Other, error: "injected write e F:noop O:err:BlockDevice(InputOutput(Custom { kind: Other, error: "injected write e F:noop O:err:BlockDevice(InputOutput(Custom { kind: Other, error: "injected write e F:noop O:err:BlockDevice(InputOutput(Custom { kind: Other, error: "injected write e F:noop O:err:BlockDevice(InputOutput(Custom { kind: Other, error: "injected write e F:noop O:err:BlockDevice(InputOutput(Custom { kind: Other, error: "injected write e F:noop O:err:BlockDevice(InputOutput(Custom { kind: Other, error: "injected write e F:noop O:err:BlockDevice(InputOutput(Custom { kind: Other, error: "injected write e	ok	same	-	[0, 0]	4	0	[0, 0]	131	2719744	0	2	t1@50182:released-and-isolated	[]	0	12
F9-bad-media-rw-forever	N1A-any-isoAll-mem	MFMMMFOFOFOFOFOFOFOFOFOFOFOFOFOFOFO	M:mount-err:Recovery(UnitUnreadable { slot: SlotNumber(50182) }) F:refused(not-writable) M:mount-err:Recovery(UnitUnreadable { slot: SlotNumber(50182) }) M:mount-err:Recovery(UnitUnreadable { slot: SlotNumber(50182) }) M:mount-err:Recovery(UnitUnreadable { slot: SlotNumber(50182) }) F:refused(not-writable) O:refused(not-writable) F:refused(not-writable) O:refused(not-writable) F:refused(not-writable) O:refused(not-writable) F:refused(not-writable) O:refused(not-writable) F:refused(not-writable) O:refused(not-writable) F:refused(not-writable) O:refused(not-writable) F:refused(not-writable) O:refused(not-writable) F:refused(not-writable) O:refused(not-writable) F:refused(not-writable) O:refused(not-writable) F:refused(not-writable) O:refused(not-writable) F:refused(not-writable) O:refused(not-writable) F:refused(not-writable) O:refused(not-writable) F:refused(not-writable) O:refused(not-writable) F:refused(not-writable) O:refused(not-writable) F:refused(not-writable) O:refused(not-writable)	mount-err:Recovery(UnitUnreadable { slot: SlotNumber(50182) })	same	-	[0, 0]	0	0	[0, 0]	0	0	0	10	-	[]	0	0
F9-bad-media-rw-forever	N1A-any-isoAll-mem	MFOFMFOFOFOFOFOFOFOFOFOFOFOFOFOFOFO	M:mount-err:Recovery(UnitUnreadable { slot: SlotNumber(50182) }) F:refused(not-writable) O:refused(not-writable) F:refused(not-writable) M:mount-err:Recovery(UnitUnreadable { slot: SlotNumber(50182) }) F:refused(not-writable) O:refused(not-writable) F:refused(not-writable) O:refused(not-writable) F:refused(not-writable) O:refused(not-writable) F:refused(not-writable) O:refused(not-writable) F:refused(not-writable) O:refused(not-writable) F:refused(not-writable) O:refused(not-writable) F:refused(not-writable) O:refused(not-writable) F:refused(not-writable) O:refused(not-writable) F:refused(not-writable) O:refused(not-writable) F:refused(not-writable) O:refused(not-writable) F:refused(not-writable) O:refused(not-writable) F:refused(not-writable) O:refused(not-writable) F:refused(not-writable) O:refused(not-writable) F:refused(not-writable) O:refused(not-writable) F:refused(not-writable) O:refused(not-writable)	mount-err:Recovery(UnitUnreadable { slot: SlotNumber(50182) })	same	-	[0, 0]	0	0	[0, 0]	0	0	0	6	-	[]	0	0
F9-bad-media-rw-forever	N1A-any-isoAll-mem	MFMOMFOFOFOFOFOFOFOFOFOFOFOFOFOFOFO	M:mount-err:Recovery(UnitUnreadable { slot: SlotNumber(50182) }) F:refused(not-writable) M:mount-err:Recovery(UnitUnreadable { slot: SlotNumber(50182) }) O:refused(not-writable) M:mount-err:Recovery(UnitUnreadable { slot: SlotNumber(50182) }) F:refused(not-writable) O:refused(not-writable) F:refused(not-writable) O:refused(not-writable) F:refused(not-writable) O:refused(not-writable) F:refused(not-writable) O:refused(not-writable) F:refused(not-writable) O:refused(not-writable) F:refused(not-writable) O:refused(not-writable) F:refused(not-writable) O:refused(not-writable) F:refused(not-writable) O:refused(not-writable) F:refused(not-writable) O:refused(not-writable) F:refused(not-writable) O:refused(not-writable) F:refused(not-writable) O:refused(not-writable) F:refused(not-writable) O:refused(not-writable) F:refused(not-writable) O:refused(not-writable) F:refused(not-writable) O:refused(not-writable) F:refused(not-writable) O:refused(not-writable)	mount-err:Recovery(UnitUnreadable { slot: SlotNumber(50182) })	same	-	[0, 0]	0	0	[0, 0]	0	0	0	8	-	[]	0	0
F9-bad-media-rw-forever	N1A-any-isoAll-mem	MFOOMFOFOFOFOFOFOFOFOFOFOFOFOFOFOFO	M:mount-err:Recovery(UnitUnreadable { slot: SlotNumber(50182) }) F:refused(not-writable) O:refused(not-writable) O:refused(not-writable) M:mount-err:Recovery(UnitUnreadable { slot: SlotNumber(50182) }) F:refused(not-writable) O:refused(not-writable) F:refused(not-writable) O:refused(not-writable) F:refused(not-writable) O:refused(not-writable) F:refused(not-writable) O:refused(not-writable) F:refused(not-writable) O:refused(not-writable) F:refused(not-writable) O:refused(not-writable) F:refused(not-writable) O:refused(not-writable) F:refused(not-writable) O:refused(not-writable) F:refused(not-writable) O:refused(not-writable) F:refused(not-writable) O:refused(not-writable) F:refused(not-writable) O:refused(not-writable) F:refused(not-writable) O:refused(not-writable) F:refused(not-writable) O:refused(not-writable) F:refused(not-writable) O:refused(not-writable) F:refused(not-writable) O:refused(not-writable)	mount-err:Recovery(UnitUnreadable { slot: SlotNumber(50182) })	same	-	[0, 0]	0	0	[0, 0]	0	0	0	6	-	[]	0	0
F9-bad-media-rw-forever	N1A-any-isoAll-mem	MMFOMFOFOFOFOFOFOFOFOFOFOFOFOFOFOFO	M:mount-err:Recovery(UnitUnreadable { slot: SlotNumber(50182) }) M:mount-err:Recovery(UnitUnreadable { slot: SlotNumber(50182) }) F:refused(not-writable) O:refused(not-writable) M:mount-err:Recovery(UnitUnreadable { slot: SlotNumber(50182) }) F:refused(not-writable) O:refused(not-writable) F:refused(not-writable) O:refused(not-writable) F:refused(not-writable) O:refused(not-writable) F:refused(not-writable) O:refused(not-writable) F:refused(not-writable) O:refused(not-writable) F:refused(not-writable) O:refused(not-writable) F:refused(not-writable) O:refused(not-writable) F:refused(not-writable) O:refused(not-writable) F:refused(not-writable) O:refused(not-writable) F:refused(not-writable) O:refused(not-writable) F:refused(not-writable) O:refused(not-writable) F:refused(not-writable) O:refused(not-writable) F:refused(not-writable) O:refused(not-writable) F:refused(not-writable) O:refused(not-writable) F:refused(not-writable) O:refused(not-writable)	mount-err:Recovery(UnitUnreadable { slot: SlotNumber(50182) })	same	-	[0, 0]	0	0	[0, 0]	0	0	0	8	-	[]	0	0
F9-bad-media-rw-forever	N1A-any-isoAll-mem	MMFFMFOFOFOFOFOFOFOFOFOFOFOFOFOFOFO	M:mount-err:Recovery(UnitUnreadable { slot: SlotNumber(50182) }) M:mount-err:Recovery(UnitUnreadable { slot: SlotNumber(50182) }) F:refused(not-writable) F:refused(not-writable) M:mount-err:Recovery(UnitUnreadable { slot: SlotNumber(50182) }) F:refused(not-writable) O:refused(not-writable) F:refused(not-writable) O:refused(not-writable) F:refused(not-writable) O:refused(not-writable) F:refused(not-writable) O:refused(not-writable) F:refused(not-writable) O:refused(not-writable) F:refused(not-writable) O:refused(not-writable) F:refused(not-writable) O:refused(not-writable) F:refused(not-writable) O:refused(not-writable) F:refused(not-writable) O:refused(not-writable) F:refused(not-writable) O:refused(not-writable) F:refused(not-writable) O:refused(not-writable) F:refused(not-writable) O:refused(not-writable) F:refused(not-writable) O:refused(not-writable) F:refused(not-writable) O:refused(not-writable) F:refused(not-writable) O:refused(not-writable)	mount-err:Recovery(UnitUnreadable { slot: SlotNumber(50182) })	same	-	[0, 0]	0	0	[0, 0]	0	0	0	8	-	[]	0	0
F9-bad-media-rw-forever	N1A-any-isoAll-mem	MMFMMFOFOFOFOFOFOFOFOFOFOFOFOFOFOFO	M:mount-err:Recovery(UnitUnreadable { slot: SlotNumber(50182) }) M:mount-err:Recovery(UnitUnreadable { slot: SlotNumber(50182) }) F:refused(not-writable) M:mount-err:Recovery(UnitUnreadable { slot: SlotNumber(50182) }) M:mount-err:Recovery(UnitUnreadable { slot: SlotNumber(50182) }) F:refused(not-writable) O:refused(not-writable) F:refused(not-writable) O:refused(not-writable) F:refused(not-writable) O:refused(not-writable) F:refused(not-writable) O:refused(not-writable) F:refused(not-writable) O:refused(not-writable) F:refused(not-writable) O:refused(not-writable) F:refused(not-writable) O:refused(not-writable) F:refused(not-writable) O:refused(not-writable) F:refused(not-writable) O:refused(not-writable) F:refused(not-writable) O:refused(not-writable) F:refused(not-writable) O:refused(not-writable) F:refused(not-writable) O:refused(not-writable) F:refused(not-writable) O:refused(not-writable) F:refused(not-writable) O:refused(not-writable) F:refused(not-writable) O:refused(not-writable)	mount-err:Recovery(UnitUnreadable { slot: SlotNumber(50182) })	same	-	[0, 0]	0	0	[0, 0]	0	0	0	10	-	[]	0	0
F9-bad-media-rw-forever	N1A-any-isoAll-mem	MFOMMFOFOFOFOFOFOFOFOFOFOFOFOFOFOFO	M:mount-err:Recovery(UnitUnreadable { slot: SlotNumber(50182) }) F:refused(not-writable) O:refused(not-writable) M:mount-err:Recovery(UnitUnreadable { slot: SlotNumber(50182) }) M:mount-err:Recovery(UnitUnreadable { slot: SlotNumber(50182) }) F:refused(not-writable) O:refused(not-writable) F:refused(not-writable) O:refused(not-writable) F:refused(not-writable) O:refused(not-writable) F:refused(not-writable) O:refused(not-writable) F:refused(not-writable) O:refused(not-writable) F:refused(not-writable) O:refused(not-writable) F:refused(not-writable) O:refused(not-writable) F:refused(not-writable) O:refused(not-writable) F:refused(not-writable) O:refused(not-writable) F:refused(not-writable) O:refused(not-writable) F:refused(not-writable) O:refused(not-writable) F:refused(not-writable) O:refused(not-writable) F:refused(not-writable) O:refused(not-writable) F:refused(not-writable) O:refused(not-writable) F:refused(not-writable) O:refused(not-writable)	mount-err:Recovery(UnitUnreadable { slot: SlotNumber(50182) })	same	-	[0, 0]	0	0	[0, 0]	0	0	0	8	-	[]	0	0
F9-bad-media-rw-forever	N1A-any-isoAll-mem	MMMFMFOFOFOFOFOFOFOFOFOFOFOFOFOFOFO	M:mount-err:Recovery(UnitUnreadable { slot: SlotNumber(50182) }) M:mount-err:Recovery(UnitUnreadable { slot: SlotNumber(50182) }) M:mount-err:Recovery(UnitUnreadable { slot: SlotNumber(50182) }) F:refused(not-writable) M:mount-err:Recovery(UnitUnreadable { slot: SlotNumber(50182) }) F:refused(not-writable) O:refused(not-writable) F:refused(not-writable) O:refused(not-writable) F:refused(not-writable) O:refused(not-writable) F:refused(not-writable) O:refused(not-writable) F:refused(not-writable) O:refused(not-writable) F:refused(not-writable) O:refused(not-writable) F:refused(not-writable) O:refused(not-writable) F:refused(not-writable) O:refused(not-writable) F:refused(not-writable) O:refused(not-writable) F:refused(not-writable) O:refused(not-writable) F:refused(not-writable) O:refused(not-writable) F:refused(not-writable) O:refused(not-writable) F:refused(not-writable) O:refused(not-writable) F:refused(not-writable) O:refused(not-writable) F:refused(not-writable) O:refused(not-writable)	mount-err:Recovery(UnitUnreadable { slot: SlotNumber(50182) })	same	-	[0, 0]	0	0	[0, 0]	0	0	0	10	-	[]	0	0
F9-bad-media-rw-forever	N1A-any-isoAll-mem	MOFFMFOFOFOFOFOFOFOFOFOFOFOFOFOFOFO	M:mount-err:Recovery(UnitUnreadable { slot: SlotNumber(50182) }) O:refused(not-writable) F:refused(not-writable) F:refused(not-writable) M:mount-err:Recovery(UnitUnreadable { slot: SlotNumber(50182) }) F:refused(not-writable) O:refused(not-writable) F:refused(not-writable) O:refused(not-writable) F:refused(not-writable) O:refused(not-writable) F:refused(not-writable) O:refused(not-writable) F:refused(not-writable) O:refused(not-writable) F:refused(not-writable) O:refused(not-writable) F:refused(not-writable) O:refused(not-writable) F:refused(not-writable) O:refused(not-writable) F:refused(not-writable) O:refused(not-writable) F:refused(not-writable) O:refused(not-writable) F:refused(not-writable) O:refused(not-writable) F:refused(not-writable) O:refused(not-writable) F:refused(not-writable) O:refused(not-writable) F:refused(not-writable) O:refused(not-writable) F:refused(not-writable) O:refused(not-writable)	mount-err:Recovery(UnitUnreadable { slot: SlotNumber(50182) })	same	-	[0, 0]	0	0	[0, 0]	0	0	0	6	-	[]	0	0
F9-bad-media-rw-forever	N1A-any-isoAll-mem	MMOOMFOFOFOFOFOFOFOFOFOFOFOFOFOFOFO	M:mount-err:Recovery(UnitUnreadable { slot: SlotNumber(50182) }) M:mount-err:Recovery(UnitUnreadable { slot: SlotNumber(50182) }) O:refused(not-writable) O:refused(not-writable) M:mount-err:Recovery(UnitUnreadable { slot: SlotNumber(50182) }) F:refused(not-writable) O:refused(not-writable) F:refused(not-writable) O:refused(not-writable) F:refused(not-writable) O:refused(not-writable) F:refused(not-writable) O:refused(not-writable) F:refused(not-writable) O:refused(not-writable) F:refused(not-writable) O:refused(not-writable) F:refused(not-writable) O:refused(not-writable) F:refused(not-writable) O:refused(not-writable) F:refused(not-writable) O:refused(not-writable) F:refused(not-writable) O:refused(not-writable) F:refused(not-writable) O:refused(not-writable) F:refused(not-writable) O:refused(not-writable) F:refused(not-writable) O:refused(not-writable) F:refused(not-writable) O:refused(not-writable) F:refused(not-writable) O:refused(not-writable)	mount-err:Recovery(UnitUnreadable { slot: SlotNumber(50182) })	same	-	[0, 0]	0	0	[0, 0]	0	0	0	8	-	[]	0	0
F9-bad-media-rw-forever	N1A-any-isoAll-mem	MMOMMFOFOFOFOFOFOFOFOFOFOFOFOFOFOFO	M:mount-err:Recovery(UnitUnreadable { slot: SlotNumber(50182) }) M:mount-err:Recovery(UnitUnreadable { slot: SlotNumber(50182) }) O:refused(not-writable) M:mount-err:Recovery(UnitUnreadable { slot: SlotNumber(50182) }) M:mount-err:Recovery(UnitUnreadable { slot: SlotNumber(50182) }) F:refused(not-writable) O:refused(not-writable) F:refused(not-writable) O:refused(not-writable) F:refused(not-writable) O:refused(not-writable) F:refused(not-writable) O:refused(not-writable) F:refused(not-writable) O:refused(not-writable) F:refused(not-writable) O:refused(not-writable) F:refused(not-writable) O:refused(not-writable) F:refused(not-writable) O:refused(not-writable) F:refused(not-writable) O:refused(not-writable) F:refused(not-writable) O:refused(not-writable) F:refused(not-writable) O:refused(not-writable) F:refused(not-writable) O:refused(not-writable) F:refused(not-writable) O:refused(not-writable) F:refused(not-writable) O:refused(not-writable) F:refused(not-writable) O:refused(not-writable)	mount-err:Recovery(UnitUnreadable { slot: SlotNumber(50182) })	same	-	[0, 0]	0	0	[0, 0]	0	0	0	10	-	[]	0	0
F9-bad-media-rw-forever	N1A-any-isoAll-mem	MOFOMFOFOFOFOFOFOFOFOFOFOFOFOFOFOFO	M:mount-err:Recovery(UnitUnreadable { slot: SlotNumber(50182) }) O:refused(not-writable) F:refused(not-writable) O:refused(not-writable) M:mount-err:Recovery(UnitUnreadable { slot: SlotNumber(50182) }) F:refused(not-writable) O:refused(not-writable) F:refused(not-writable) O:refused(not-writable) F:refused(not-writable) O:refused(not-writable) F:refused(not-writable) O:refused(not-writable) F:refused(not-writable) O:refused(not-writable) F:refused(not-writable) O:refused(not-writable) F:refused(not-writable) O:refused(not-writable) F:refused(not-writable) O:refused(not-writable) F:refused(not-writable) O:refused(not-writable) F:refused(not-writable) O:refused(not-writable) F:refused(not-writable) O:refused(not-writable) F:refused(not-writable) O:refused(not-writable) F:refused(not-writable) O:refused(not-writable) F:refused(not-writable) O:refused(not-writable) F:refused(not-writable) O:refused(not-writable)	mount-err:Recovery(UnitUnreadable { slot: SlotNumber(50182) })	same	-	[0, 0]	0	0	[0, 0]	0	0	0	6	-	[]	0	0
F9-bad-media-rw-forever	N1A-any-isoAll-mem	MMMMMFOFOFOFOFOFOFOFOFOFOFOFOFOFOFO	M:mount-err:Recovery(UnitUnreadable { slot: SlotNumber(50182) }) M:mount-err:Recovery(UnitUnreadable { slot: SlotNumber(50182) }) M:mount-err:Recovery(UnitUnreadable { slot: SlotNumber(50182) }) M:mount-err:Recovery(UnitUnreadable { slot: SlotNumber(50182) }) M:mount-err:Recovery(UnitUnreadable { slot: SlotNumber(50182) }) F:refused(not-writable) O:refused(not-writable) F:refused(not-writable) O:refused(not-writable) F:refused(not-writable) O:refused(not-writable) F:refused(not-writable) O:refused(not-writable) F:refused(not-writable) O:refused(not-writable) F:refused(not-writable) O:refused(not-writable) F:refused(not-writable) O:refused(not-writable) F:refused(not-writable) O:refused(not-writable) F:refused(not-writable) O:refused(not-writable) F:refused(not-writable) O:refused(not-writable) F:refused(not-writable) O:refused(not-writable) F:refused(not-writable) O:refused(not-writable) F:refused(not-writable) O:refused(not-writable) F:refused(not-writable) O:refused(not-writable) F:refused(not-writable) O:refused(not-writable)	mount-err:Recovery(UnitUnreadable { slot: SlotNumber(50182) })	same	-	[0, 0]	0	0	[0, 0]	0	0	0	12	-	[]	0	0
F9-bad-media-rw-forever	N1A-any-isoAll-mem	MMOFMFOFOFOFOFOFOFOFOFOFOFOFOFOFOFO	M:mount-err:Recovery(UnitUnreadable { slot: SlotNumber(50182) }) M:mount-err:Recovery(UnitUnreadable { slot: SlotNumber(50182) }) O:refused(not-writable) F:refused(not-writable) M:mount-err:Recovery(UnitUnreadable { slot: SlotNumber(50182) }) F:refused(not-writable) O:refused(not-writable) F:refused(not-writable) O:refused(not-writable) F:refused(not-writable) O:refused(not-writable) F:refused(not-writable) O:refused(not-writable) F:refused(not-writable) O:refused(not-writable) F:refused(not-writable) O:refused(not-writable) F:refused(not-writable) O:refused(not-writable) F:refused(not-writable) O:refused(not-writable) F:refused(not-writable) O:refused(not-writable) F:refused(not-writable) O:refused(not-writable) F:refused(not-writable) O:refused(not-writable) F:refused(not-writable) O:refused(not-writable) F:refused(not-writable) O:refused(not-writable) F:refused(not-writable) O:refused(not-writable) F:refused(not-writable) O:refused(not-writable)	mount-err:Recovery(UnitUnreadable { slot: SlotNumber(50182) })	same	-	[0, 0]	0	0	[0, 0]	0	0	0	8	-	[]	0	0
F9-bad-media-rw-forever	N1A-any-isoAll-mem	MMMOMFOFOFOFOFOFOFOFOFOFOFOFOFOFOFO	M:mount-err:Recovery(UnitUnreadable { slot: SlotNumber(50182) }) M:mount-err:Recovery(UnitUnreadable { slot: SlotNumber(50182) }) M:mount-err:Recovery(UnitUnreadable { slot: SlotNumber(50182) }) O:refused(not-writable) M:mount-err:Recovery(UnitUnreadable { slot: SlotNumber(50182) }) F:refused(not-writable) O:refused(not-writable) F:refused(not-writable) O:refused(not-writable) F:refused(not-writable) O:refused(not-writable) F:refused(not-writable) O:refused(not-writable) F:refused(not-writable) O:refused(not-writable) F:refused(not-writable) O:refused(not-writable) F:refused(not-writable) O:refused(not-writable) F:refused(not-writable) O:refused(not-writable) F:refused(not-writable) O:refused(not-writable) F:refused(not-writable) O:refused(not-writable) F:refused(not-writable) O:refused(not-writable) F:refused(not-writable) O:refused(not-writable) F:refused(not-writable) O:refused(not-writable) F:refused(not-writable) O:refused(not-writable) F:refused(not-writable) O:refused(not-writable)	mount-err:Recovery(UnitUnreadable { slot: SlotNumber(50182) })	same	-	[0, 0]	0	0	[0, 0]	0	0	0	10	-	[]	0	0
F9-bad-media-rw-forever	N1A-any-isoAll-mem	MOFMMFOFOFOFOFOFOFOFOFOFOFOFOFOFOFO	M:mount-err:Recovery(UnitUnreadable { slot: SlotNumber(50182) }) O:refused(not-writable) F:refused(not-writable) M:mount-err:Recovery(UnitUnreadable { slot: SlotNumber(50182) }) M:mount-err:Recovery(UnitUnreadable { slot: SlotNumber(50182) }) F:refused(not-writable) O:refused(not-writable) F:refused(not-writable) O:refused(not-writable) F:refused(not-writable) O:refused(not-writable) F:refused(not-writable) O:refused(not-writable) F:refused(not-writable) O:refused(not-writable) F:refused(not-writable) O:refused(not-writable) F:refused(not-writable) O:refused(not-writable) F:refused(not-writable) O:refused(not-writable) F:refused(not-writable) O:refused(not-writable) F:refused(not-writable) O:refused(not-writable) F:refused(not-writable) O:refused(not-writable) F:refused(not-writable) O:refused(not-writable) F:refused(not-writable) O:refused(not-writable) F:refused(not-writable) O:refused(not-writable) F:refused(not-writable) O:refused(not-writable)	mount-err:Recovery(UnitUnreadable { slot: SlotNumber(50182) })	same	-	[0, 0]	0	0	[0, 0]	0	0	0	8	-	[]	0	0
F9-bad-media-rw-forever	N1A-any-isoAll-mem	MOMFMFOFOFOFOFOFOFOFOFOFOFOFOFOFOFO	M:mount-err:Recovery(UnitUnreadable { slot: SlotNumber(50182) }) O:refused(not-writable) M:mount-err:Recovery(UnitUnreadable { slot: SlotNumber(50182) }) F:refused(not-writable) M:mount-err:Recovery(UnitUnreadable { slot: SlotNumber(50182) }) F:refused(not-writable) O:refused(not-writable) F:refused(not-writable) O:refused(not-writable) F:refused(not-writable) O:refused(not-writable) F:refused(not-writable) O:refused(not-writable) F:refused(not-writable) O:refused(not-writable) F:refused(not-writable) O:refused(not-writable) F:refused(not-writable) O:refused(not-writable) F:refused(not-writable) O:refused(not-writable) F:refused(not-writable) O:refused(not-writable) F:refused(not-writable) O:refused(not-writable) F:refused(not-writable) O:refused(not-writable) F:refused(not-writable) O:refused(not-writable) F:refused(not-writable) O:refused(not-writable) F:refused(not-writable) O:refused(not-writable) F:refused(not-writable) O:refused(not-writable)	mount-err:Recovery(UnitUnreadable { slot: SlotNumber(50182) })	same	-	[0, 0]	0	0	[0, 0]	0	0	0	8	-	[]	0	0
F9-bad-media-rw-forever	N1A-any-isoAll-mem	MOOFMFOFOFOFOFOFOFOFOFOFOFOFOFOFOFO	M:mount-err:Recovery(UnitUnreadable { slot: SlotNumber(50182) }) O:refused(not-writable) O:refused(not-writable) F:refused(not-writable) M:mount-err:Recovery(UnitUnreadable { slot: SlotNumber(50182) }) F:refused(not-writable) O:refused(not-writable) F:refused(not-writable) O:refused(not-writable) F:refused(not-writable) O:refused(not-writable) F:refused(not-writable) O:refused(not-writable) F:refused(not-writable) O:refused(not-writable) F:refused(not-writable) O:refused(not-writable) F:refused(not-writable) O:refused(not-writable) F:refused(not-writable) O:refused(not-writable) F:refused(not-writable) O:refused(not-writable) F:refused(not-writable) O:refused(not-writable) F:refused(not-writable) O:refused(not-writable) F:refused(not-writable) O:refused(not-writable) F:refused(not-writable) O:refused(not-writable) F:refused(not-writable) O:refused(not-writable) F:refused(not-writable) O:refused(not-writable)	mount-err:Recovery(UnitUnreadable { slot: SlotNumber(50182) })	same	-	[0, 0]	0	0	[0, 0]	0	0	0	6	-	[]	0	0
F9-bad-media-rw-forever	N1A-any-isoAll-mem	MOMMMFOFOFOFOFOFOFOFOFOFOFOFOFOFOFO	M:mount-err:Recovery(UnitUnreadable { slot: SlotNumber(50182) }) O:refused(not-writable) M:mount-err:Recovery(UnitUnreadable { slot: SlotNumber(50182) }) M:mount-err:Recovery(UnitUnreadable { slot: SlotNumber(50182) }) M:mount-err:Recovery(UnitUnreadable { slot: SlotNumber(50182) }) F:refused(not-writable) O:refused(not-writable) F:refused(not-writable) O:refused(not-writable) F:refused(not-writable) O:refused(not-writable) F:refused(not-writable) O:refused(not-writable) F:refused(not-writable) O:refused(not-writable) F:refused(not-writable) O:refused(not-writable) F:refused(not-writable) O:refused(not-writable) F:refused(not-writable) O:refused(not-writable) F:refused(not-writable) O:refused(not-writable) F:refused(not-writable) O:refused(not-writable) F:refused(not-writable) O:refused(not-writable) F:refused(not-writable) O:refused(not-writable) F:refused(not-writable) O:refused(not-writable) F:refused(not-writable) O:refused(not-writable) F:refused(not-writable) O:refused(not-writable)	mount-err:Recovery(UnitUnreadable { slot: SlotNumber(50182) })	same	-	[0, 0]	0	0	[0, 0]	0	0	0	10	-	[]	0	0
F9-bad-media-rw-forever	N1A-any-isoAll-mem	MOMOMFOFOFOFOFOFOFOFOFOFOFOFOFOFOFO	M:mount-err:Recovery(UnitUnreadable { slot: SlotNumber(50182) }) O:refused(not-writable) M:mount-err:Recovery(UnitUnreadable { slot: SlotNumber(50182) }) O:refused(not-writable) M:mount-err:Recovery(UnitUnreadable { slot: SlotNumber(50182) }) F:refused(not-writable) O:refused(not-writable) F:refused(not-writable) O:refused(not-writable) F:refused(not-writable) O:refused(not-writable) F:refused(not-writable) O:refused(not-writable) F:refused(not-writable) O:refused(not-writable) F:refused(not-writable) O:refused(not-writable) F:refused(not-writable) O:refused(not-writable) F:refused(not-writable) O:refused(not-writable) F:refused(not-writable) O:refused(not-writable) F:refused(not-writable) O:refused(not-writable) F:refused(not-writable) O:refused(not-writable) F:refused(not-writable) O:refused(not-writable) F:refused(not-writable) O:refused(not-writable) F:refused(not-writable) O:refused(not-writable) F:refused(not-writable) O:refused(not-writable)	mount-err:Recovery(UnitUnreadable { slot: SlotNumber(50182) })	same	-	[0, 0]	0	0	[0, 0]	0	0	0	8	-	[]	0	0
F9-bad-media-rw-forever	N1A-any-isoAll-mem	MOOMMFOFOFOFOFOFOFOFOFOFOFOFOFOFOFO	M:mount-err:Recovery(UnitUnreadable { slot: SlotNumber(50182) }) O:refused(not-writable) O:refused(not-writable) M:mount-err:Recovery(UnitUnreadable { slot: SlotNumber(50182) }) M:mount-err:Recovery(UnitUnreadable { slot: SlotNumber(50182) }) F:refused(not-writable) O:refused(not-writable) F:refused(not-writable) O:refused(not-writable) F:refused(not-writable) O:refused(not-writable) F:refused(not-writable) O:refused(not-writable) F:refused(not-writable) O:refused(not-writable) F:refused(not-writable) O:refused(not-writable) F:refused(not-writable) O:refused(not-writable) F:refused(not-writable) O:refused(not-writable) F:refused(not-writable) O:refused(not-writable) F:refused(not-writable) O:refused(not-writable) F:refused(not-writable) O:refused(not-writable) F:refused(not-writable) O:refused(not-writable) F:refused(not-writable) O:refused(not-writable) F:refused(not-writable) O:refused(not-writable) F:refused(not-writable) O:refused(not-writable)	mount-err:Recovery(UnitUnreadable { slot: SlotNumber(50182) })	same	-	[0, 0]	0	0	[0, 0]	0	0	0	8	-	[]	0	0
F9-bad-media-rw-forever	N1A-any-isoAll-mem	MOOOMFOFOFOFOFOFOFOFOFOFOFOFOFOFOFO	M:mount-err:Recovery(UnitUnreadable { slot: SlotNumber(50182) }) O:refused(not-writable) O:refused(not-writable) O:refused(not-writable) M:mount-err:Recovery(UnitUnreadable { slot: SlotNumber(50182) }) F:refused(not-writable) O:refused(not-writable) F:refused(not-writable) O:refused(not-writable) F:refused(not-writable) O:refused(not-writable) F:refused(not-writable) O:refused(not-writable) F:refused(not-writable) O:refused(not-writable) F:refused(not-writable) O:refused(not-writable) F:refused(not-writable) O:refused(not-writable) F:refused(not-writable) O:refused(not-writable) F:refused(not-writable) O:refused(not-writable) F:refused(not-writable) O:refused(not-writable) F:refused(not-writable) O:refused(not-writable) F:refused(not-writable) O:refused(not-writable) F:refused(not-writable) O:refused(not-writable) F:refused(not-writable) O:refused(not-writable) F:refused(not-writable) O:refused(not-writable)	mount-err:Recovery(UnitUnreadable { slot: SlotNumber(50182) })	same	-	[0, 0]	0	0	[0, 0]	0	0	0	6	-	[]	0	0
F9-bad-media-rw-forever	N1A-any-isoAll-mem	OFFMMFOFOFOFOFOFOFOFOFOFOFOFOFOFOFO	O:ok F:noop F:noop M:ok M:ok F:noop O:ok F:ok(F=3,reclaimed=1) O:ok F:ok(F=6,reclaimed=17) O:ok F:ok(F=7,reclaimed=8) O:ok F:ok(F=14,reclaimed=34) O:err:BlockDevice(InputOutput(Custom { kind: Other, error: "injected write e F:noop O:err:BlockDevice(InputOutput(Custom { kind: Other, error: "injected write e F:noop O:err:BlockDevice(InputOutput(Custom { kind: Other, error: "injected write e F:noop O:err:BlockDevice(InputOutput(Custom { kind: Other, error: "injected write e F:noop O:err:BlockDevice(InputOutput(Custom { kind: Other, error: "injected write e F:noop O:err:BlockDevice(InputOutput(Custom { kind: Other, error: "injected write e F:noop O:err:BlockDevice(InputOutput(Custom { kind: Other, error: "injected write e F:noop O:err:BlockDevice(InputOutput(Custom { kind: Other, error: "injected write e F:noop O:err:BlockDevice(InputOutput(Custom { kind: Other, error: "injected write e F:noop O:err:BlockDevice(InputOutput(Custom { kind: Other, error: "injected write e F:noop O:err:BlockDevice(InputOutput(Custom { kind: Other, error: "injected write e	ok	same	-	[0, 0]	4	0	[0, 0]	125	2588672	0	2	t1@50182:released-and-isolated	[]	0	11
F9-bad-media-rw-forever	N1A-any-isoAll-mem	OFFFMFOFOFOFOFOFOFOFOFOFOFOFOFOFOFO	O:ok F:noop F:noop F:noop M:ok F:noop O:ok F:ok(F=3,reclaimed=1) O:ok F:ok(F=6,reclaimed=17) O:ok F:ok(F=7,reclaimed=8) O:ok F:ok(F=11,reclaimed=21) O:err:BlockDevice(InputOutput(Custom { kind: Other, error: "injected write e F:noop O:err:BlockDevice(InputOutput(Custom { kind: Other, error: "injected write e F:noop O:err:BlockDevice(InputOutput(Custom { kind: Other, error: "injected write e F:noop O:err:BlockDevice(InputOutput(Custom { kind: Other, error: "injected write e F:noop O:err:BlockDevice(InputOutput(Custom { kind: Other, error: "injected write e F:noop O:err:BlockDevice(InputOutput(Custom { kind: Other, error: "injected write e F:noop O:err:BlockDevice(InputOutput(Custom { kind: Other, error: "injected write e F:noop O:err:BlockDevice(InputOutput(Custom { kind: Other, error: "injected write e F:noop O:err:BlockDevice(InputOutput(Custom { kind: Other, error: "injected write e F:noop O:err:BlockDevice(InputOutput(Custom { kind: Other, error: "injected write e F:noop O:err:BlockDevice(InputOutput(Custom { kind: Other, error: "injected write e	ok	same	-	[0, 0]	4	0	[0, 0]	119	2490368	0	2	t1@50182:released-and-isolated	[]	0	11
F9-bad-media-rw-forever	N1A-any-isoAll-mem	OFFOMFOFOFOFOFOFOFOFOFOFOFOFOFOFOFO	O:ok F:noop F:noop O:ok M:ok F:ok(F=3,reclaimed=1) O:ok F:ok(F=6,reclaimed=17) O:ok F:ok(F=7,reclaimed=8) O:ok F:ok(F=8,reclaimed=8) O:err:BlockDevice(InputOutput(Custom { kind: Other, error: "injected write e F:noop O:err:BlockDevice(InputOutput(Custom { kind: Other, error: "injected write e F:noop O:err:BlockDevice(InputOutput(Custom { kind: Other, error: "injected write e F:noop O:err:BlockDevice(InputOutput(Custom { kind: Other, error: "injected write e F:noop O:err:BlockDevice(InputOutput(Custom { kind: Other, error: "injected write e F:noop O:err:BlockDevice(InputOutput(Custom { kind: Other, error: "injected write e F:noop O:err:BlockDevice(InputOutput(Custom { kind: Other, error: "injected write e F:noop O:err:BlockDevice(InputOutput(Custom { kind: Other, error: "injected write e F:noop O:err:BlockDevice(InputOutput(Custom { kind: Other, error: "injected write e F:noop O:err:BlockDevice(InputOutput(Custom { kind: Other, error: "injected write e F:noop O:err:BlockDevice(InputOutput(Custom { kind: Other, error: "injected write e F:noop O:err:BlockDevice(InputOutput(Custom { kind: Other, error: "injected write e	ok	same	-	[0, 0]	4	0	[0, 0]	125	2621440	0	2	t1@50182:released-and-isolated	[]	0	12
F9-bad-media-rw-forever	N1A-any-isoAll-mem	OFOFMFOFOFOFOFOFOFOFOFOFOFOFOFOFOFO	O:ok F:noop O:ok F:ok(F=3,reclaimed=1) M:ok F:noop O:ok F:ok(F=6,reclaimed=17) O:ok F:ok(F=7,reclaimed=8) O:ok F:ok(F=8,reclaimed=8) O:err:BlockDevice(InputOutput(Custom { kind: Other, error: "injected write e F:noop O:err:BlockDevice(InputOutput(Custom { kind: Other, error: "injected write e F:noop O:err:BlockDevice(InputOutput(Custom { kind: Other, error: "injected write e F:noop O:err:BlockDevice(InputOutput(Custom { kind: Other, error: "injected write e F:noop O:err:BlockDevice(InputOutput(Custom { kind: Other, error: "injected write e F:noop O:err:BlockDevice(InputOutput(Custom { kind: Other, error: "injected write e F:noop O:err:BlockDevice(InputOutput(Custom { kind: Other, error: "injected write e F:noop O:err:BlockDevice(InputOutput(Custom { kind: Other, error: "injected write e F:noop O:err:BlockDevice(InputOutput(Custom { kind: Other, error: "injected write e F:noop O:err:BlockDevice(InputOutput(Custom { kind: Other, error: "injected write e F:noop O:err:BlockDevice(InputOutput(Custom { kind: Other, error: "injected write e F:noop O:err:BlockDevice(InputOutput(Custom { kind: Other, error: "injected write e	ok	same	-	[0, 0]	4	0	[0, 0]	125	2621440	0	2	t1@50182:released-and-isolated	[]	0	12
F9-bad-media-rw-forever	N1A-any-isoAll-mem	OFMOMFOFOFOFOFOFOFOFOFOFOFOFOFOFOFO	O:ok F:noop M:ok O:ok M:ok F:ok(F=3,reclaimed=1) O:ok F:ok(F=6,reclaimed=17) O:ok F:ok(F=7,reclaimed=8) O:ok F:ok(F=11,reclaimed=21) O:err:BlockDevice(InputOutput(Custom { kind: Other, error: "injected write e F:noop O:err:BlockDevice(InputOutput(Custom { kind: Other, error: "injected write e F:noop O:err:BlockDevice(InputOutput(Custom { kind: Other, error: "injected write e F:noop O:err:BlockDevice(InputOutput(Custom { kind: Other, error: "injected write e F:noop O:err:BlockDevice(InputOutput(Custom { kind: Other, error: "injected write e F:noop O:err:BlockDevice(InputOutput(Custom { kind: Other, error: "injected write e F:noop O:err:BlockDevice(InputOutput(Custom { kind: Other, error: "injected write e F:noop O:err:BlockDevice(InputOutput(Custom { kind: Other, error: "injected write e F:noop O:err:BlockDevice(InputOutput(Custom { kind: Other, error: "injected write e F:noop O:err:BlockDevice(InputOutput(Custom { kind: Other, error: "injected write e F:noop O:err:BlockDevice(InputOutput(Custom { kind: Other, error: "injected write e F:noop O:err:BlockDevice(InputOutput(Custom { kind: Other, error: "injected write e	ok	same	-	[0, 0]	4	0	[0, 0]	131	2719744	0	2	t1@50182:released-and-isolated	[]	0	12
F9-bad-media-rw-forever	N1A-any-isoAll-mem	OFMFMFOFOFOFOFOFOFOFOFOFOFOFOFOFOFO	O:ok F:noop M:ok F:noop M:ok F:noop O:ok F:ok(F=3,reclaimed=1) O:ok F:ok(F=6,reclaimed=17) O:ok F:ok(F=7,reclaimed=8) O:ok F:ok(F=14,reclaimed=34) O:err:BlockDevice(InputOutput(Custom { kind: Other, error: "injected write e F:noop O:err:BlockDevice(InputOutput(Custom { kind: Other, error: "injected write e F:noop O:err:BlockDevice(InputOutput(Custom { kind: Other, error: "injected write e F:noop O:err:BlockDevice(InputOutput(Custom { kind: Other, error: "injected write e F:noop O:err:BlockDevice(InputOutput(Custom { kind: Other, error: "injected write e F:noop O:err:BlockDevice(InputOutput(Custom { kind: Other, error: "injected write e F:noop O:err:BlockDevice(InputOutput(Custom { kind: Other, error: "injected write e F:noop O:err:BlockDevice(InputOutput(Custom { kind: Other, error: "injected write e F:noop O:err:BlockDevice(InputOutput(Custom { kind: Other, error: "injected write e F:noop O:err:BlockDevice(InputOutput(Custom { kind: Other, error: "injected write e F:noop O:err:BlockDevice(InputOutput(Custom { kind: Other, error: "injected write e	ok	same	-	[0, 0]	4	0	[0, 0]	125	2588672	0	2	t1@50182:released-and-isolated	[]	0	11
F9-bad-media-rw-forever	N1A-any-isoAll-mem	OFOOMFOFOFOFOFOFOFOFOFOFOFOFOFOFOFO	O:ok F:noop O:ok O:ok M:ok F:ok(F=6,reclaimed=18) O:ok F:ok(F=7,reclaimed=8) O:ok F:ok(F=8,reclaimed=8) O:ok F:ok(F=9,reclaimed=8) O:err:BlockDevice(InputOutput(Custom { kind: Other, error: "injected write e F:noop O:err:BlockDevice(InputOutput(Custom { kind: Other, error: "injected write e F:noop O:err:BlockDevice(InputOutput(Custom { kind: Other, error: "injected write e F:noop O:err:BlockDevice(InputOutput(Custom { kind: Other, error: "injected write e F:noop O:err:BlockDevice(InputOutput(Custom { kind: Other, error: "injected write e F:noop O:err:BlockDevice(InputOutput(Custom { kind: Other, error: "injected write e F:noop O:err:BlockDevice(InputOutput(Custom { kind: Other, error: "injected write e F:noop O:err:BlockDevice(InputOutput(Custom { kind: Other, error: "injected write e F:noop O:err:BlockDevice(InputOutput(Custom { kind: Other, error: "injected write e F:noop O:err:BlockDevice(InputOutput(Custom { kind: Other, error: "injected write e F:noop O:err:BlockDevice(InputOutput(Custom { kind: Other, error: "injected write e F:noop O:err:BlockDevice(InputOutput(Custom { kind: Other, error: "injected write e	ok	same	-	[0, 0]	4	0	[0, 0]	129	2719744	0	2	t1@50182:released-and-isolated	[]	0	12
F9-bad-media-rw-forever	N1A-any-isoAll-mem	OFOMMFOFOFOFOFOFOFOFOFOFOFOFOFOFOFO	O:ok F:noop O:ok M:ok M:ok F:ok(F=3,reclaimed=1) O:ok F:ok(F=6,reclaimed=17) O:ok F:ok(F=7,reclaimed=8) O:ok F:ok(F=8,reclaimed=8) O:err:BlockDevice(InputOutput(Custom { kind: Other, error: "injected write e F:noop O:err:BlockDevice(InputOutput(Custom { kind: Other, error: "injected write e F:noop O:err:BlockDevice(InputOutput(Custom { kind: Other, error: "injected write e F:noop O:err:BlockDevice(InputOutput(Custom { kind: Other, error: "injected write e F:noop O:err:BlockDevice(InputOutput(Custom { kind: Other, error: "injected write e F:noop O:err:BlockDevice(InputOutput(Custom { kind: Other, error: "injected write e F:noop O:err:BlockDevice(InputOutput(Custom { kind: Other, error: "injected write e F:noop O:err:BlockDevice(InputOutput(Custom { kind: Other, error: "injected write e F:noop O:err:BlockDevice(InputOutput(Custom { kind: Other, error: "injected write e F:noop O:err:BlockDevice(InputOutput(Custom { kind: Other, error: "injected write e F:noop O:err:BlockDevice(InputOutput(Custom { kind: Other, error: "injected write e F:noop O:err:BlockDevice(InputOutput(Custom { kind: Other, error: "injected write e	ok	same	-	[0, 0]	4	0	[0, 0]	131	2719744	0	2	t1@50182:released-and-isolated	[]	0	12
F9-bad-media-rw-forever	N1A-any-isoAll-mem	OMFFMFOFOFOFOFOFOFOFOFOFOFOFOFOFOFO	O:ok M:ok F:noop F:noop M:ok F:noop O:ok F:ok(F=3,reclaimed=1) O:ok F:ok(F=6,reclaimed=17) O:ok F:ok(F=7,reclaimed=8) O:ok F:ok(F=14,reclaimed=34) O:err:BlockDevice(InputOutput(Custom { kind: Other, error: "injected write e F:noop O:err:BlockDevice(InputOutput(Custom { kind: Other, error: "injected write e F:noop O:err:BlockDevice(InputOutput(Custom { kind: Other, error: "injected write e F:noop O:err:BlockDevice(InputOutput(Custom { kind: Other, error: "injected write e F:noop O:err:BlockDevice(InputOutput(Custom { kind: Other, error: "injected write e F:noop O:err:BlockDevice(InputOutput(Custom { kind: Other, error: "injected write e F:noop O:err:BlockDevice(InputOutput(Custom { kind: Other, error: "injected write e F:noop O:err:BlockDevice(InputOutput(Custom { kind: Other, error: "injected write e F:noop O:err:BlockDevice(InputOutput(Custom { kind: Other, error: "injected write e F:noop O:err:BlockDevice(InputOutput(Custom { kind: Other, error: "injected write e F:noop O:err:BlockDevice(InputOutput(Custom { kind: Other, error: "injected write e	ok	same	-	[0, 0]	4	0	[0, 0]	125	2588672	0	2	t1@50182:released-and-isolated	[]	0	11
F9-bad-media-rw-forever	N1A-any-isoAll-mem	OFMMMFOFOFOFOFOFOFOFOFOFOFOFOFOFOFO	O:ok F:noop M:ok M:ok M:ok F:noop O:ok F:ok(F=3,reclaimed=1) O:ok F:ok(F=6,reclaimed=17) O:ok F:ok(F=7,reclaimed=8) O:ok F:ok(F=17,reclaimed=47) O:err:BlockDevice(InputOutput(Custom { kind: Other, error: "injected write e F:noop O:err:BlockDevice(InputOutput(Custom { kind: Other, error: "injected write e F:noop O:err:BlockDevice(InputOutput(Custom { kind: Other, error: "injected write e F:noop O:err:BlockDevice(InputOutput(Custom { kind: Other, error: "injected write e F:noop O:err:BlockDevice(InputOutput(Custom { kind: Other, error: "injected write e F:noop O:err:BlockDevice(InputOutput(Custom { kind: Other, error: "injected write e F:noop O:err:BlockDevice(InputOutput(Custom { kind: Other, error: "injected write e F:noop O:err:BlockDevice(InputOutput(Custom { kind: Other, error: "injected write e F:noop O:err:BlockDevice(InputOutput(Custom { kind: Other, error: "injected write e F:noop O:err:BlockDevice(InputOutput(Custom { kind: Other, error: "injected write e F:noop O:err:BlockDevice(InputOutput(Custom { kind: Other, error: "injected write e	ok	same	-	[0, 0]	4	0	[0, 0]	131	2686976	0	2	t1@50182:released-and-isolated	[]	0	11
F9-bad-media-rw-forever	N1A-any-isoAll-mem	OMFOMFOFOFOFOFOFOFOFOFOFOFOFOFOFOFO	O:ok M:ok F:noop O:ok M:ok F:ok(F=3,reclaimed=1) O:ok F:ok(F=6,reclaimed=17) O:ok F:ok(F=7,reclaimed=8) O:ok F:ok(F=11,reclaimed=21) O:err:BlockDevice(InputOutput(Custom { kind: Other, error: "injected write e F:noop O:err:BlockDevice(InputOutput(Custom { kind: Other, error: "injected write e F:noop O:err:BlockDevice(InputOutput(Custom { kind: Other, error: "injected write e F:noop O:err:BlockDevice(InputOutput(Custom { kind: Other, error: "injected write e F:noop O:err:BlockDevice(InputOutput(Custom { kind: Other, error: "injected write e F:noop O:err:BlockDevice(InputOutput(Custom { kind: Other, error: "injected write e F:noop O:err:BlockDevice(InputOutput(Custom { kind: Other, error: "injected write e F:noop O:err:BlockDevice(InputOutput(Custom { kind: Other, error: "injected write e F:noop O:err:BlockDevice(InputOutput(Custom { kind: Other, error: "injected write e F:noop O:err:BlockDevice(InputOutput(Custom { kind: Other, error: "injected write e F:noop O:err:BlockDevice(InputOutput(Custom { kind: Other, error: "injected write e F:noop O:err:BlockDevice(InputOutput(Custom { kind: Other, error: "injected write e	ok	same	-	[0, 0]	4	0	[0, 0]	131	2719744	0	2	t1@50182:released-and-isolated	[]	0	12
F9-bad-media-rw-forever	N1A-any-isoAll-mem	OMFMMFOFOFOFOFOFOFOFOFOFOFOFOFOFOFO	O:ok M:ok F:noop M:ok M:ok F:noop O:ok F:ok(F=3,reclaimed=1) O:ok F:ok(F=6,reclaimed=17) O:ok F:ok(F=7,reclaimed=8) O:ok F:ok(F=17,reclaimed=47) O:err:BlockDevice(InputOutput(Custom { kind: Other, error: "injected write e F:noop O:err:BlockDevice(InputOutput(Custom { kind: Other, error: "injected write e F:noop O:err:BlockDevice(InputOutput(Custom { kind: Other, error: "injected write e F:noop O:err:BlockDevice(InputOutput(Custom { kind: Other, error: "injected write e F:noop O:err:BlockDevice(InputOutput(Custom { kind: Other, error: "injected write e F:noop O:err:BlockDevice(InputOutput(Custom { kind: Other, error: "injected write e F:noop O:err:BlockDevice(InputOutput(Custom { kind: Other, error: "injected write e F:noop O:err:BlockDevice(InputOutput(Custom { kind: Other, error: "injected write e F:noop O:err:BlockDevice(InputOutput(Custom { kind: Other, error: "injected write e F:noop O:err:BlockDevice(InputOutput(Custom { kind: Other, error: "injected write e F:noop O:err:BlockDevice(InputOutput(Custom { kind: Other, error: "injected write e	ok	same	-	[0, 0]	4	0	[0, 0]	131	2686976	0	2	t1@50182:released-and-isolated	[]	0	11
F9-bad-media-rw-forever	N1A-any-isoAll-mem	OMOMMFOFOFOFOFOFOFOFOFOFOFOFOFOFOFO	O:ok M:ok O:ok M:ok M:ok F:ok(F=3,reclaimed=1) O:ok F:ok(F=6,reclaimed=17) O:ok F:ok(F=7,reclaimed=8) O:ok F:ok(F=11,reclaimed=21) O:err:BlockDevice(InputOutput(Custom { kind: Other, error: "injected write e F:noop O:err:BlockDevice(InputOutput(Custom { kind: Other, error: "injected write e F:noop O:err:BlockDevice(InputOutput(Custom { kind: Other, error: "injected write e F:noop O:err:BlockDevice(InputOutput(Custom { kind: Other, error: "injected write e F:noop O:err:BlockDevice(InputOutput(Custom { kind: Other, error: "injected write e F:noop O:err:BlockDevice(InputOutput(Custom { kind: Other, error: "injected write e F:noop O:err:BlockDevice(InputOutput(Custom { kind: Other, error: "injected write e F:noop O:err:BlockDevice(InputOutput(Custom { kind: Other, error: "injected write e F:noop O:err:BlockDevice(InputOutput(Custom { kind: Other, error: "injected write e F:noop O:err:BlockDevice(InputOutput(Custom { kind: Other, error: "injected write e F:noop O:err:BlockDevice(InputOutput(Custom { kind: Other, error: "injected write e F:noop O:err:BlockDevice(InputOutput(Custom { kind: Other, error: "injected write e	ok	same	-	[0, 0]	4	0	[0, 0]	137	2818048	0	2	t1@50182:released-and-isolated	[]	0	12
F9-bad-media-rw-forever	N1A-any-isoAll-mem	OMOOMFOFOFOFOFOFOFOFOFOFOFOFOFOFOFO	O:ok M:ok O:ok O:ok M:ok F:ok(F=6,reclaimed=18) O:ok F:ok(F=7,reclaimed=8) O:ok F:ok(F=11,reclaimed=21) O:ok F:ok(F=12,reclaimed=8) O:err:BlockDevice(InputOutput(Custom { kind: Other, error: "injected write e F:noop O:err:BlockDevice(InputOutput(Custom { kind: Other, error: "injected write e F:noop O:err:BlockDevice(InputOutput(Custom { kind: Other, error: "injected write e F:noop O:err:BlockDevice(InputOutput(Custom { kind: Other, error: "injected write e F:noop O:err:BlockDevice(InputOutput(Custom { kind: Other, error: "injected write e F:noop O:err:BlockDevice(InputOutput(Custom { kind: Other, error: "injected write e F:noop O:err:BlockDevice(InputOutput(Custom { kind: Other, error: "injected write e F:noop O:err:BlockDevice(InputOutput(Custom { kind: Other, error: "injected write e F:noop O:err:BlockDevice(InputOutput(Custom { kind: Other, error: "injected write e F:noop O:err:BlockDevice(InputOutput(Custom { kind: Other, error: "injected write e F:noop O:err:BlockDevice(InputOutput(Custom { kind: Other, error: "injected write e F:noop O:err:BlockDevice(InputOutput(Custom { kind: Other, error: "injected write e	ok	same	-	[0, 0]	4	0	[0, 0]	135	2818048	0	2	t1@50182:released-and-isolated	[]	0	12
F9-bad-media-rw-forever	N1A-any-isoAll-mem	OMOFMFOFOFOFOFOFOFOFOFOFOFOFOFOFOFO	O:ok M:ok O:ok F:ok(F=3,reclaimed=1) M:ok F:noop O:ok F:ok(F=6,reclaimed=17) O:ok F:ok(F=7,reclaimed=8) O:ok F:ok(F=11,reclaimed=21) O:err:BlockDevice(InputOutput(Custom { kind: Other, error: "injected write e F:noop O:err:BlockDevice(InputOutput(Custom { kind: Other, error: "injected write e F:noop O:err:BlockDevice(InputOutput(Custom { kind: Other, error: "injected write e F:noop O:err:BlockDevice(InputOutput(Custom { kind: Other, error: "injected write e F:noop O:err:BlockDevice(InputOutput(Custom { kind: Other, error: "injected write e F:noop O:err:BlockDevice(InputOutput(Custom { kind: Other, error: "injected write e F:noop O:err:BlockDevice(InputOutput(Custom { kind: Other, error: "injected write e F:noop O:err:BlockDevice(InputOutput(Custom { kind: Other, error: "injected write e F:noop O:err:BlockDevice(InputOutput(Custom { kind: Other, error: "injected write e F:noop O:err:BlockDevice(InputOutput(Custom { kind: Other, error: "injected write e F:noop O:err:BlockDevice(InputOutput(Custom { kind: Other, error: "injected write e F:noop O:err:BlockDevice(InputOutput(Custom { kind: Other, error: "injected write e	ok	same	-	[0, 0]	4	0	[0, 0]	131	2719744	0	2	t1@50182:released-and-isolated	[]	0	12
F9-bad-media-rw-forever	N1A-any-isoAll-mem	OMMOMFOFOFOFOFOFOFOFOFOFOFOFOFOFOFO	O:ok M:ok M:ok O:ok M:ok F:ok(F=3,reclaimed=1) O:ok F:ok(F=6,reclaimed=17) O:ok F:ok(F=7,reclaimed=8) O:ok F:ok(F=14,reclaimed=34) O:err:BlockDevice(InputOutput(Custom { kind: Other, error: "injected write e F:noop O:err:BlockDevice(InputOutput(Custom { kind: Other, error: "injected write e F:noop O:err:BlockDevice(InputOutput(Custom { kind: Other, error: "injected write e F:noop O:err:BlockDevice(InputOutput(Custom { kind: Other, error: "injected write e F:noop O:err:BlockDevice(InputOutput(Custom { kind: Other, error: "injected write e F:noop O:err:BlockDevice(InputOutput(Custom { kind: Other, error: "injected write e F:noop O:err:BlockDevice(InputOutput(Custom { kind: Other, error: "injected write e F:noop O:err:BlockDevice(InputOutput(Custom { kind: Other, error: "injected write e F:noop O:err:BlockDevice(InputOutput(Custom { kind: Other, error: "injected write e F:noop O:err:BlockDevice(InputOutput(Custom { kind: Other, error: "injected write e F:noop O:err:BlockDevice(InputOutput(Custom { kind: Other, error: "injected write e F:noop O:err:BlockDevice(InputOutput(Custom { kind: Other, error: "injected write e	ok	same	-	[0, 0]	4	0	[0, 0]	137	2818048	0	2	t1@50182:released-and-isolated	[]	0	12
F9-bad-media-rw-forever	N1A-any-isoAll-mem	OMMFMFOFOFOFOFOFOFOFOFOFOFOFOFOFOFO	O:ok M:ok M:ok F:noop M:ok F:noop O:ok F:ok(F=3,reclaimed=1) O:ok F:ok(F=6,reclaimed=17) O:ok F:ok(F=7,reclaimed=8) O:ok F:ok(F=17,reclaimed=47) O:err:BlockDevice(InputOutput(Custom { kind: Other, error: "injected write e F:noop O:err:BlockDevice(InputOutput(Custom { kind: Other, error: "injected write e F:noop O:err:BlockDevice(InputOutput(Custom { kind: Other, error: "injected write e F:noop O:err:BlockDevice(InputOutput(Custom { kind: Other, error: "injected write e F:noop O:err:BlockDevice(InputOutput(Custom { kind: Other, error: "injected write e F:noop O:err:BlockDevice(InputOutput(Custom { kind: Other, error: "injected write e F:noop O:err:BlockDevice(InputOutput(Custom { kind: Other, error: "injected write e F:noop O:err:BlockDevice(InputOutput(Custom { kind: Other, error: "injected write e F:noop O:err:BlockDevice(InputOutput(Custom { kind: Other, error: "injected write e F:noop O:err:BlockDevice(InputOutput(Custom { kind: Other, error: "injected write e F:noop O:err:BlockDevice(InputOutput(Custom { kind: Other, error: "injected write e	ok	same	-	[0, 0]	4	0	[0, 0]	131	2686976	0	2	t1@50182:released-and-isolated	[]	0	11
F9-bad-media-rw-forever	N1A-any-isoAll-mem	OMMMMFOFOFOFOFOFOFOFOFOFOFOFOFOFOFO	O:ok M:ok M:ok M:ok M:ok F:noop O:ok F:ok(F=3,reclaimed=1) O:ok F:ok(F=6,reclaimed=17) O:ok F:ok(F=7,reclaimed=8) O:ok F:ok(F=20,reclaimed=60) O:err:BlockDevice(InputOutput(Custom { kind: Other, error: "injected write e F:noop O:err:BlockDevice(InputOutput(Custom { kind: Other, error: "injected write e F:noop O:err:BlockDevice(InputOutput(Custom { kind: Other, error: "injected write e F:noop O:err:BlockDevice(InputOutput(Custom { kind: Other, error: "injected write e F:noop O:err:BlockDevice(InputOutput(Custom { kind: Other, error: "injected write e F:noop O:err:BlockDevice(InputOutput(Custom { kind: Other, error: "injected write e F:noop O:err:BlockDevice(InputOutput(Custom { kind: Other, error: "injected write e F:noop O:err:BlockDevice(InputOutput(Custom { kind: Other, error: "injected write e F:noop O:err:BlockDevice(InputOutput(Custom { kind: Other, error: "injected write e F:noop O:err:BlockDevice(InputOutput(Custom { kind: Other, error: "injected write e F:noop O:err:BlockDevice(InputOutput(Custom { kind: Other, error: "injected write e	ok	same	-	[0, 0]	4	0	[0, 0]	137	2785280	0	2	t1@50182:released-and-isolated	[]	0	11
F9-bad-media-rw-forever	N1A-any-isoAll-mem	OOFFMFOFOFOFOFOFOFOFOFOFOFOFOFOFOFO	O:ok O:ok F:ok(F=3,reclaimed=1) F:noop M:ok F:noop O:ok F:ok(F=6,reclaimed=17) O:ok F:ok(F=7,reclaimed=8) O:ok F:ok(F=8,reclaimed=8) O:err:BlockDevice(InputOutput(Custom { kind: Other, error: "injected write e F:noop O:err:BlockDevice(InputOutput(Custom { kind: Other, error: "injected write e F:noop O:err:BlockDevice(InputOutput(Custom { kind: Other, error: "injected write e F:noop O:err:BlockDevice(InputOutput(Custom { kind: Other, error: "injected write e F:noop O:err:BlockDevice(InputOutput(Custom { kind: Other, error: "injected write e F:noop O:err:BlockDevice(InputOutput(Custom { kind: Other, error: "injected write e F:noop O:err:BlockDevice(InputOutput(Custom { kind: Other, error: "injected write e F:noop O:err:BlockDevice(InputOutput(Custom { kind: Other, error: "injected write e F:noop O:err:BlockDevice(InputOutput(Custom { kind: Other, error: "injected write e F:noop O:err:BlockDevice(InputOutput(Custom { kind: Other, error: "injected write e F:noop O:err:BlockDevice(InputOutput(Custom { kind: Other, error: "injected write e F:noop O:err:BlockDevice(InputOutput(Custom { kind: Other, error: "injected write e	ok	same	-	[0, 0]	4	0	[0, 0]	125	2621440	0	2	t1@50182:released-and-isolated	[]	0	12
F9-bad-media-rw-forever	N1A-any-isoAll-mem	OOMFMFOFOFOFOFOFOFOFOFOFOFOFOFOFOFO	O:ok O:ok M:ok F:ok(F=3,reclaimed=1) M:ok F:noop O:ok F:ok(F=6,reclaimed=17) O:ok F:ok(F=7,reclaimed=8) O:ok F:ok(F=8,reclaimed=8) O:err:BlockDevice(InputOutput(Custom { kind: Other, error: "injected write e F:noop O:err:BlockDevice(InputOutput(Custom { kind: Other, error: "injected write e F:noop O:err:BlockDevice(InputOutput(Custom { kind: Other, error: "injected write e F:noop O:err:BlockDevice(InputOutput(Custom { kind: Other, error: "injected write e F:noop O:err:BlockDevice(InputOutput(Custom { kind: Other, error: "injected write e F:noop O:err:BlockDevice(InputOutput(Custom { kind: Other, error: "injected write e F:noop O:err:BlockDevice(InputOutput(Custom { kind: Other, error: "injected write e F:noop O:err:BlockDevice(InputOutput(Custom { kind: Other, error: "injected write e F:noop O:err:BlockDevice(InputOutput(Custom { kind: Other, error: "injected write e F:noop O:err:BlockDevice(InputOutput(Custom { kind: Other, error: "injected write e F:noop O:err:BlockDevice(InputOutput(Custom { kind: Other, error: "injected write e F:noop O:err:BlockDevice(InputOutput(Custom { kind: Other, error: "injected write e	ok	same	-	[0, 0]	4	0	[0, 0]	131	2719744	0	2	t1@50182:released-and-isolated	[]	0	12
F9-bad-media-rw-forever	N1A-any-isoAll-mem	OOFMMFOFOFOFOFOFOFOFOFOFOFOFOFOFOFO	O:ok O:ok F:ok(F=3,reclaimed=1) M:ok M:ok F:noop O:ok F:ok(F=6,reclaimed=17) O:ok F:ok(F=7,reclaimed=8) O:ok F:ok(F=8,reclaimed=8) O:err:BlockDevice(InputOutput(Custom { kind: Other, error: "injected write e F:noop O:err:BlockDevice(InputOutput(Custom { kind: Other, error: "injected write e F:noop O:err:BlockDevice(InputOutput(Custom { kind: Other, error: "injected write e F:noop O:err:BlockDevice(InputOutput(Custom { kind: Other, error: "injected write e F:noop O:err:BlockDevice(InputOutput(Custom { kind: Other, error: "injected write e F:noop O:err:BlockDevice(InputOutput(Custom { kind: Other, error: "injected write e F:noop O:err:BlockDevice(InputOutput(Custom { kind: Other, error: "injected write e F:noop O:err:BlockDevice(InputOutput(Custom { kind: Other, error: "injected write e F:noop O:err:BlockDevice(InputOutput(Custom { kind: Other, error: "injected write e F:noop O:err:BlockDevice(InputOutput(Custom { kind: Other, error: "injected write e F:noop O:err:BlockDevice(InputOutput(Custom { kind: Other, error: "injected write e F:noop O:err:BlockDevice(InputOutput(Custom { kind: Other, error: "injected write e	ok	same	-	[0, 0]	4	0	[0, 0]	131	2719744	0	2	t1@50182:released-and-isolated	[]	0	12
F9-bad-media-rw-forever	N1A-any-isoAll-mem	OOFOMFOFOFOFOFOFOFOFOFOFOFOFOFOFOFO	O:ok O:ok F:ok(F=3,reclaimed=1) O:ok M:ok F:ok(F=6,reclaimed=17) O:ok F:ok(F=7,reclaimed=8) O:ok F:ok(F=8,reclaimed=8) O:err:BlockDevice(InputOutput(Custom { kind: Other, error: "injected write e F:noop O:err:BlockDevice(InputOutput(Custom { kind: Other, error: "injected write e F:noop O:err:BlockDevice(InputOutput(Custom { kind: Other, error: "injected write e F:noop O:err:BlockDevice(InputOutput(Custom { kind: Other, error: "injected write e F:noop O:err:BlockDevice(InputOutput(Custom { kind: Other, error: "injected write e F:noop O:err:BlockDevice(InputOutput(Custom { kind: Other, error: "injected write e F:noop O:err:BlockDevice(InputOutput(Custom { kind: Other, error: "injected write e F:noop O:err:BlockDevice(InputOutput(Custom { kind: Other, error: "injected write e F:noop O:err:BlockDevice(InputOutput(Custom { kind: Other, error: "injected write e F:noop O:err:BlockDevice(InputOutput(Custom { kind: Other, error: "injected write e F:noop O:err:BlockDevice(InputOutput(Custom { kind: Other, error: "injected write e F:noop O:err:BlockDevice(InputOutput(Custom { kind: Other, error: "injected write e F:noop O:err:BlockDevice(InputOutput(Custom { kind: Other, error: "injected write e	ok	same	-	[0, 0]	4	0	[0, 0]	131	2752512	0	2	t1@50182:released-and-isolated	[]	0	13
F9-bad-media-rw-forever	N1A-any-isoAll-mem	OOOMMFOFOFOFOFOFOFOFOFOFOFOFOFOFOFO	O:ok O:ok O:ok M:ok M:ok F:ok(F=6,reclaimed=18) O:ok F:ok(F=7,reclaimed=8) O:ok F:ok(F=8,reclaimed=8) O:ok F:ok(F=9,reclaimed=8) O:err:BlockDevice(InputOutput(Custom { kind: Other, error: "injected write e F:noop O:err:BlockDevice(InputOutput(Custom { kind: Other, error: "injected write e F:noop O:err:BlockDevice(InputOutput(Custom { kind: Other, error: "injected write e F:noop O:err:BlockDevice(InputOutput(Custom { kind: Other, error: "injected write e F:noop O:err:BlockDevice(InputOutput(Custom { kind: Other, error: "injected write e F:noop O:err:BlockDevice(InputOutput(Custom { kind: Other, error: "injected write e F:noop O:err:BlockDevice(InputOutput(Custom { kind: Other, error: "injected write e F:noop O:err:BlockDevice(InputOutput(Custom { kind: Other, error: "injected write e F:noop O:err:BlockDevice(InputOutput(Custom { kind: Other, error: "injected write e F:noop O:err:BlockDevice(InputOutput(Custom { kind: Other, error: "injected write e F:noop O:err:BlockDevice(InputOutput(Custom { kind: Other, error: "injected write e F:noop O:err:BlockDevice(InputOutput(Custom { kind: Other, error: "injected write e	ok	same	-	[0, 0]	4	0	[0, 0]	135	2818048	0	2	t1@50182:released-and-isolated	[]	0	12
F9-bad-media-rw-forever	N1A-any-isoAll-mem	OOMMMFOFOFOFOFOFOFOFOFOFOFOFOFOFOFO	O:ok O:ok M:ok M:ok M:ok F:ok(F=3,reclaimed=1) O:ok F:ok(F=6,reclaimed=17) O:ok F:ok(F=7,reclaimed=8) O:ok F:ok(F=8,reclaimed=8) O:err:BlockDevice(InputOutput(Custom { kind: Other, error: "injected write e F:noop O:err:BlockDevice(InputOutput(Custom { kind: Other, error: "injected write e F:noop O:err:BlockDevice(InputOutput(Custom { kind: Other, error: "injected write e F:noop O:err:BlockDevice(InputOutput(Custom { kind: Other, error: "injected write e F:noop O:err:BlockDevice(InputOutput(Custom { kind: Other, error: "injected write e F:noop O:err:BlockDevice(InputOutput(Custom { kind: Other, error: "injected write e F:noop O:err:BlockDevice(InputOutput(Custom { kind: Other, error: "injected write e F:noop O:err:BlockDevice(InputOutput(Custom { kind: Other, error: "injected write e F:noop O:err:BlockDevice(InputOutput(Custom { kind: Other, error: "injected write e F:noop O:err:BlockDevice(InputOutput(Custom { kind: Other, error: "injected write e F:noop O:err:BlockDevice(InputOutput(Custom { kind: Other, error: "injected write e F:noop O:err:BlockDevice(InputOutput(Custom { kind: Other, error: "injected write e	ok	same	-	[0, 0]	4	0	[0, 0]	137	2818048	0	2	t1@50182:released-and-isolated	[]	0	12
F9-bad-media-rw-forever	N1A-any-isoAll-mem	OOMOMFOFOFOFOFOFOFOFOFOFOFOFOFOFOFO	O:ok O:ok M:ok O:ok M:ok F:ok(F=6,reclaimed=18) O:ok F:ok(F=7,reclaimed=8) O:ok F:ok(F=8,reclaimed=8) O:ok F:ok(F=11,reclaimed=17) O:err:BlockDevice(InputOutput(Custom { kind: Other, error: "injected write e F:noop O:err:BlockDevice(InputOutput(Custom { kind: Other, error: "injected write e F:noop O:err:BlockDevice(InputOutput(Custom { kind: Other, error: "injected write e F:noop O:err:BlockDevice(InputOutput(Custom { kind: Other, error: "injected write e F:noop O:err:BlockDevice(InputOutput(Custom { kind: Other, error: "injected write e F:noop O:err:BlockDevice(InputOutput(Custom { kind: Other, error: "injected write e F:noop O:err:BlockDevice(InputOutput(Custom { kind: Other, error: "injected write e F:noop O:err:BlockDevice(InputOutput(Custom { kind: Other, error: "injected write e F:noop O:err:BlockDevice(InputOutput(Custom { kind: Other, error: "injected write e F:noop O:err:BlockDevice(InputOutput(Custom { kind: Other, error: "injected write e F:noop O:err:BlockDevice(InputOutput(Custom { kind: Other, error: "injected write e F:noop O:err:BlockDevice(InputOutput(Custom { kind: Other, error: "injected write e	ok	same	-	[0, 0]	4	0	[0, 0]	135	2818048	0	2	t1@50182:released-and-isolated	[]	0	12
F9-bad-media-rw-forever	N1A-any-isoAll-mem	OOOFMFOFOFOFOFOFOFOFOFOFOFOFOFOFOFO	O:ok O:ok O:ok F:ok(F=6,reclaimed=18) M:ok F:noop O:ok F:ok(F=7,reclaimed=8) O:ok F:ok(F=8,reclaimed=8) O:ok F:ok(F=9,reclaimed=8) O:err:BlockDevice(InputOutput(Custom { kind: Other, error: "injected write e F:noop O:err:BlockDevice(InputOutput(Custom { kind: Other, error: "injected write e F:noop O:err:BlockDevice(InputOutput(Custom { kind: Other, error: "injected write e F:noop O:err:BlockDevice(InputOutput(Custom { kind: Other, error: "injected write e F:noop O:err:BlockDevice(InputOutput(Custom { kind: Other, error: "injected write e F:noop O:err:BlockDevice(InputOutput(Custom { kind: Other, error: "injected write e F:noop O:err:BlockDevice(InputOutput(Custom { kind: Other, error: "injected write e F:noop O:err:BlockDevice(InputOutput(Custom { kind: Other, error: "injected write e F:noop O:err:BlockDevice(InputOutput(Custom { kind: Other, error: "injected write e F:noop O:err:BlockDevice(InputOutput(Custom { kind: Other, error: "injected write e F:noop O:err:BlockDevice(InputOutput(Custom { kind: Other, error: "injected write e F:noop O:err:BlockDevice(InputOutput(Custom { kind: Other, error: "injected write e	ok	same	-	[0, 0]	4	0	[0, 0]	129	2719744	0	2	t1@50182:released-and-isolated	[]	0	12
F9-bad-media-rw-forever	N1A-any-isoAll-mem	OOOOMFOFOFOFOFOFOFOFOFOFOFOFOFOFOFO	O:ok O:ok O:ok O:ok M:ok F:ok(F=7,reclaimed=26) O:ok F:ok(F=8,reclaimed=8) O:ok F:ok(F=9,reclaimed=8) O:ok F:ok(F=10,reclaimed=8) O:err:BlockDevice(InputOutput(Custom { kind: Other, error: "injected write e F:noop O:err:BlockDevice(InputOutput(Custom { kind: Other, error: "injected write e F:noop O:err:BlockDevice(InputOutput(Custom { kind: Other, error: "injected write e F:noop O:err:BlockDevice(InputOutput(Custom { kind: Other, error: "injected write e F:noop O:err:BlockDevice(InputOutput(Custom { kind: Other, error: "injected write e F:noop O:err:BlockDevice(InputOutput(Custom { kind: Other, error: "injected write e F:noop O:err:BlockDevice(InputOutput(Custom { kind: Other, error: "injected write e F:noop O:err:BlockDevice(InputOutput(Custom { kind: Other, error: "injected write e F:noop O:err:BlockDevice(InputOutput(Custom { kind: Other, error: "injected write e F:noop O:err:BlockDevice(InputOutput(Custom { kind: Other, error: "injected write e F:noop O:err:BlockDevice(InputOutput(Custom { kind: Other, error: "injected write e F:noop O:err:BlockDevice(InputOutput(Custom { kind: Other, error: "injected write e	ok	same	-	[0, 0]	4	0	[0, 0]	139	2916352	0	2	t1@50182:released-and-isolated	[]	0	12
F9-bad-media-rw-forever	N1A-any-isoAll-mem	FFMMFOFOFOFOFOFOFOFOFOFOFOFOFOFOFO	F:noop F:noop M:mount-err:Recovery(UnitUnreadable { slot: SlotNumber(50182) }) M:mount-err:Recovery(UnitUnreadable { slot: SlotNumber(50182) }) F:refused(not-writable) O:refused(not-writable) F:refused(not-writable) O:refused(not-writable) F:refused(not-writable) O:refused(not-writable) F:refused(not-writable) O:refused(not-writable) F:refused(not-writable) O:refused(not-writable) F:refused(not-writable) O:refused(not-writable) F:refused(not-writable) O:refused(not-writable) F:refused(not-writable) O:refused(not-writable) F:refused(not-writable) O:refused(not-writable) F:refused(not-writable) O:refused(not-writable) F:refused(not-writable) O:refused(not-writable) F:refused(not-writable) O:refused(not-writable) F:refused(not-writable) O:refused(not-writable) F:refused(not-writable) O:refused(not-writable) F:refused(not-writable) O:refused(not-writable)	mount-err:Recovery(UnitUnreadable { slot: SlotNumber(50182) })	same	-	[0, 0]	0	0	[0, 0]	0	0	0	6	-	[]	0	0
F9-bad-media-rw-forever	N1A-any-isoAll-mem	FFFMFOFOFOFOFOFOFOFOFOFOFOFOFOFOFO	F:noop F:noop F:noop M:mount-err:Recovery(UnitUnreadable { slot: SlotNumber(50182) }) F:refused(not-writable) O:refused(not-writable) F:refused(not-writable) O:refused(not-writable) F:refused(not-writable) O:refused(not-writable) F:refused(not-writable) O:refused(not-writable) F:refused(not-writable) O:refused(not-writable) F:refused(not-writable) O:refused(not-writable) F:refused(not-writable) O:refused(not-writable) F:refused(not-writable) O:refused(not-writable) F:refused(not-writable) O:refused(not-writable) F:refused(not-writable) O:refused(not-writable) F:refused(not-writable) O:refused(not-writable) F:refused(not-writable) O:refused(not-writable) F:refused(not-writable) O:refused(not-writable) F:refused(not-writable) O:refused(not-writable) F:refused(not-writable) O:refused(not-writable)	mount-err:Recovery(UnitUnreadable { slot: SlotNumber(50182) })	same	-	[0, 0]	0	0	[0, 0]	0	0	0	4	-	[]	0	0
F9-bad-media-rw-forever	N1A-any-isoAll-mem	FMFMFOFOFOFOFOFOFOFOFOFOFOFOFOFOFO	F:noop M:mount-err:Recovery(UnitUnreadable { slot: SlotNumber(50182) }) F:refused(not-writable) M:mount-err:Recovery(UnitUnreadable { slot: SlotNumber(50182) }) F:refused(not-writable) O:refused(not-writable) F:refused(not-writable) O:refused(not-writable) F:refused(not-writable) O:refused(not-writable) F:refused(not-writable) O:refused(not-writable) F:refused(not-writable) O:refused(not-writable) F:refused(not-writable) O:refused(not-writable) F:refused(not-writable) O:refused(not-writable) F:refused(not-writable) O:refused(not-writable) F:refused(not-writable) O:refused(not-writable) F:refused(not-writable) O:refused(not-writable) F:refused(not-writable) O:refused(not-writable) F:refused(not-writable) O:refused(not-writable) F:refused(not-writable) O:refused(not-writable) F:refused(not-writable) O:refused(not-writable) F:refused(not-writable) O:refused(not-writable)	mount-err:Recovery(UnitUnreadable { slot: SlotNumber(50182) })	same	-	[0, 0]	0	0	[0, 0]	0	0	0	6	-	[]	0	0
F9-bad-media-rw-forever	N1A-any-isoAll-mem	FMMMFOFOFOFOFOFOFOFOFOFOFOFOFOFOFO	F:noop M:mount-err:Recovery(UnitUnreadable { slot: SlotNumber(50182) }) M:mount-err:Recovery(UnitUnreadable { slot: SlotNumber(50182) }) M:mount-err:Recovery(UnitUnreadable { slot: SlotNumber(50182) }) F:refused(not-writable) O:refused(not-writable) F:refused(not-writable) O:refused(not-writable) F:refused(not-writable) O:refused(not-writable) F:refused(not-writable) O:refused(not-writable) F:refused(not-writable) O:refused(not-writable) F:refused(not-writable) O:refused(not-writable) F:refused(not-writable) O:refused(not-writable) F:refused(not-writable) O:refused(not-writable) F:refused(not-writable) O:refused(not-writable) F:refused(not-writable) O:refused(not-writable) F:refused(not-writable) O:refused(not-writable) F:refused(not-writable) O:refused(not-writable) F:refused(not-writable) O:refused(not-writable) F:refused(not-writable) O:refused(not-writable) F:refused(not-writable) O:refused(not-writable)	mount-err:Recovery(UnitUnreadable { slot: SlotNumber(50182) })	same	-	[0, 0]	0	0	[0, 0]	0	0	0	8	-	[]	0	0
F9-bad-media-rw-forever	N1A-any-isoAll-mem	FMOMFOFOFOFOFOFOFOFOFOFOFOFOFOFOFO	F:noop M:mount-err:Recovery(UnitUnreadable { slot: SlotNumber(50182) }) O:refused(not-writable) M:mount-err:Recovery(UnitUnreadable { slot: SlotNumber(50182) }) F:refused(not-writable) O:refused(not-writable) F:refused(not-writable) O:refused(not-writable) F:refused(not-writable) O:refused(not-writable) F:refused(not-writable) O:refused(not-writable) F:refused(not-writable) O:refused(not-writable) F:refused(not-writable) O:refused(not-writable) F:refused(not-writable) O:refused(not-writable) F:refused(not-writable) O:refused(not-writable) F:refused(not-writable) O:refused(not-writable) F:refused(not-writable) O:refused(not-writable) F:refused(not-writable) O:refused(not-writable) F:refused(not-writable) O:refused(not-writable) F:refused(not-writable) O:refused(not-writable) F:refused(not-writable) O:refused(not-writable) F:refused(not-writable) O:refused(not-writable)	mount-err:Recovery(UnitUnreadable { slot: SlotNumber(50182) })	same	-	[0, 0]	0	0	[0, 0]	0	0	0	6	-	[]	0	0
F9-bad-media-rw-forever	N1A-any-isoAll-mem	FFOMFOFOFOFOFOFOFOFOFOFOFOFOFOFOFO	F:noop F:noop O:ok M:ok F:noop O:ok F:ok(F=3,reclaimed=1) O:ok F:ok(F=6,reclaimed=17) O:ok F:ok(F=7,reclaimed=8) O:ok F:ok(F=11,reclaimed=21) O:err:BlockDevice(InputOutput(Custom { kind: Other, error: "injected write e F:noop O:err:BlockDevice(InputOutput(Custom { kind: Other, error: "injected write e F:noop O:err:BlockDevice(InputOutput(Custom { kind: Other, error: "injected write e F:noop O:err:BlockDevice(InputOutput(Custom { kind: Other, error: "injected write e F:noop O:err:BlockDevice(InputOutput(Custom { kind: Other, error: "injected write e F:noop O:err:BlockDevice(InputOutput(Custom { kind: Other, error: "injected write e F:noop O:err:BlockDevice(InputOutput(Custom { kind: Other, error: "injected write e F:noop O:err:BlockDevice(InputOutput(Custom { kind: Other, error: "injected write e F:noop O:err:BlockDevice(InputOutput(Custom { kind: Other, error: "injected write e F:noop O:err:BlockDevice(InputOutput(Custom { kind: Other, error: "injected write e F:noop O:err:BlockDevice(InputOutput(Custom { kind: Other, error: "injected write e	ok	same	-	[0, 0]	4	0	[0, 0]	119	2490368	0	2	t1@50182:released-and-isolated	[]	0	11
F9-bad-media-rw-forever	N1A-any-isoAll-mem	FOFMFOFOFOFOFOFOFOFOFOFOFOFOFOFOFO	F:noop O:ok F:noop M:ok F:noop O:ok F:ok(F=3,reclaimed=1) O:ok F:ok(F=6,reclaimed=17) O:ok F:ok(F=7,reclaimed=8) O:ok F:ok(F=11,reclaimed=21) O:err:BlockDevice(InputOutput(Custom { kind: Other, error: "injected write e F:noop O:err:BlockDevice(InputOutput(Custom { kind: Other, error: "injected write e F:noop O:err:BlockDevice(InputOutput(Custom { kind: Other, error: "injected write e F:noop O:err:BlockDevice(InputOutput(Custom { kind: Other, error: "injected write e F:noop O:err:BlockDevice(InputOutput(Custom { kind: Other, error: "injected write e F:noop O:err:BlockDevice(InputOutput(Custom { kind: Other, error: "injected write e F:noop O:err:BlockDevice(InputOutput(Custom { kind: Other, error: "injected write e F:noop O:err:BlockDevice(InputOutput(Custom { kind: Other, error: "injected write e F:noop O:err:BlockDevice(InputOutput(Custom { kind: Other, error: "injected write e F:noop O:err:BlockDevice(InputOutput(Custom { kind: Other, error: "injected write e F:noop O:err:BlockDevice(InputOutput(Custom { kind: Other, error: "injected write e	ok	same	-	[0, 0]	4	0	[0, 0]	119	2490368	0	2	t1@50182:released-and-isolated	[]	0	11
F9-bad-media-rw-forever	N1A-any-isoAll-mem	MFFMFOFOFOFOFOFOFOFOFOFOFOFOFOFOFO	M:mount-err:Recovery(UnitUnreadable { slot: SlotNumber(50182) }) F:refused(not-writable) F:refused(not-writable) M:mount-err:Recovery(UnitUnreadable { slot: SlotNumber(50182) }) F:refused(not-writable) O:refused(not-writable) F:refused(not-writable) O:refused(not-writable) F:refused(not-writable) O:refused(not-writable) F:refused(not-writable) O:refused(not-writable) F:refused(not-writable) O:refused(not-writable) F:refused(not-writable) O:refused(not-writable) F:refused(not-writable) O:refused(not-writable) F:refused(not-writable) O:refused(not-writable) F:refused(not-writable) O:refused(not-writable) F:refused(not-writable) O:refused(not-writable) F:refused(not-writable) O:refused(not-writable) F:refused(not-writable) O:refused(not-writable) F:refused(not-writable) O:refused(not-writable) F:refused(not-writable) O:refused(not-writable) F:refused(not-writable) O:refused(not-writable)	mount-err:Recovery(UnitUnreadable { slot: SlotNumber(50182) })	same	-	[0, 0]	0	0	[0, 0]	0	0	0	6	-	[]	0	0
F9-bad-media-rw-forever	N1A-any-isoAll-mem	MFMMFOFOFOFOFOFOFOFOFOFOFOFOFOFOFO	M:mount-err:Recovery(UnitUnreadable { slot: SlotNumber(50182) }) F:refused(not-writable) M:mount-err:Recovery(UnitUnreadable { slot: SlotNumber(50182) }) M:mount-err:Recovery(UnitUnreadable { slot: SlotNumber(50182) }) F:refused(not-writable) O:refused(not-writable) F:refused(not-writable) O:refused(not-writable) F:refused(not-writable) O:refused(not-writable) F:refused(not-writable) O:refused(not-writable) F:refused(not-writable) O:refused(not-writable) F:refused(not-writable) O:refused(not-writable) F:refused(not-writable) O:refused(not-writable) F:refused(not-writable) O:refused(not-writable) F:refused(not-writable) O:refused(not-writable) F:refused(not-writable) O:refused(not-writable) F:refused(not-writable) O:refused(not-writable) F:refused(not-writable) O:refused(not-writable) F:refused(not-writable) O:refused(not-writable) F:refused(not-writable) O:refused(not-writable) F:refused(not-writable) O:refused(not-writable)	mount-err:Recovery(UnitUnreadable { slot: SlotNumber(50182) })	same	-	[0, 0]	0	0	[0, 0]	0	0	0	8	-	[]	0	0
F9-bad-media-rw-forever	N1A-any-isoAll-mem	FOMMFOFOFOFOFOFOFOFOFOFOFOFOFOFOFO	F:noop O:ok M:ok M:ok F:noop O:ok F:ok(F=3,reclaimed=1) O:ok F:ok(F=6,reclaimed=17) O:ok F:ok(F=7,reclaimed=8) O:ok F:ok(F=14,reclaimed=34) O:err:BlockDevice(InputOutput(Custom { kind: Other, error: "injected write e F:noop O:err:BlockDevice(InputOutput(Custom { kind: Other, error: "injected write e F:noop O:err:BlockDevice(InputOutput(Custom { kind: Other, error: "injected write e F:noop O:err:BlockDevice(InputOutput(Custom { kind: Other, error: "injected write e F:noop O:err:BlockDevice(InputOutput(Custom { kind: Other, error: "injected write e F:noop O:err:BlockDevice(InputOutput(Custom { kind: Other, error: "injected write e F:noop O:err:BlockDevice(InputOutput(Custom { kind: Other, error: "injected write e F:noop O:err:BlockDevice(InputOutput(Custom { kind: Other, error: "injected write e F:noop O:err:BlockDevice(InputOutput(Custom { kind: Other, error: "injected write e F:noop O:err:BlockDevice(InputOutput(Custom { kind: Other, error: "injected write e F:noop O:err:BlockDevice(InputOutput(Custom { kind: Other, error: "injected write e	ok	same	-	[0, 0]	4	0	[0, 0]	125	2588672	0	2	t1@50182:released-and-isolated	[]	0	11
F9-bad-media-rw-forever	N1A-any-isoAll-mem	FOOMFOFOFOFOFOFOFOFOFOFOFOFOFOFOFO	F:noop O:ok O:ok M:ok F:ok(F=3,reclaimed=1) O:ok F:ok(F=6,reclaimed=17) O:ok F:ok(F=7,reclaimed=8) O:ok F:ok(F=8,reclaimed=8) O:err:BlockDevice(InputOutput(Custom { kind: Other, error: "injected write e F:noop O:err:BlockDevice(InputOutput(Custom { kind: Other, error: "injected write e F:noop O:err:BlockDevice(InputOutput(Custom { kind: Other, error: "injected write e F:noop O:err:BlockDevice(InputOutput(Custom { kind: Other, error: "injected write e F:noop O:err:BlockDevice(InputOutput(Custom { kind: Other, error: "injected write e F:noop O:err:BlockDevice(InputOutput(Custom { kind: Other, error: "injected write e F:noop O:err:BlockDevice(InputOutput(Custom { kind: Other, error: "injected write e F:noop O:err:BlockDevice(InputOutput(Custom { kind: Other, error: "injected write e F:noop O:err:BlockDevice(InputOutput(Custom { kind: Other, error: "injected write e F:noop O:err:BlockDevice(InputOutput(Custom { kind: Other, error: "injected write e F:noop O:err:BlockDevice(InputOutput(Custom { kind: Other, error: "injected write e F:noop O:err:BlockDevice(InputOutput(Custom { kind: Other, error: "injected write e	ok	same	-	[0, 0]	4	0	[0, 0]	125	2621440	0	2	t1@50182:released-and-isolated	[]	0	12
F9-bad-media-rw-forever	N1A-any-isoAll-mem	MFOMFOFOFOFOFOFOFOFOFOFOFOFOFOFOFO	M:mount-err:Recovery(UnitUnreadable { slot: SlotNumber(50182) }) F:refused(not-writable) O:refused(not-writable) M:mount-err:Recovery(UnitUnreadable { slot: SlotNumber(50182) }) F:refused(not-writable) O:refused(not-writable) F:refused(not-writable) O:refused(not-writable) F:refused(not-writable) O:refused(not-writable) F:refused(not-writable) O:refused(not-writable) F:refused(not-writable) O:refused(not-writable) F:refused(not-writable) O:refused(not-writable) F:refused(not-writable) O:refused(not-writable) F:refused(not-writable) O:refused(not-writable) F:refused(not-writable) O:refused(not-writable) F:refused(not-writable) O:refused(not-writable) F:refused(not-writable) O:refused(not-writable) F:refused(not-writable) O:refused(not-writable) F:refused(not-writable) O:refused(not-writable) F:refused(not-writable) O:refused(not-writable) F:refused(not-writable) O:refused(not-writable)	mount-err:Recovery(UnitUnreadable { slot: SlotNumber(50182) })	same	-	[0, 0]	0	0	[0, 0]	0	0	0	6	-	[]	0	0
F9-bad-media-rw-forever	N1A-any-isoAll-mem	MMFMFOFOFOFOFOFOFOFOFOFOFOFOFOFOFO	M:mount-err:Recovery(UnitUnreadable { slot: SlotNumber(50182) }) M:mount-err:Recovery(UnitUnreadable { slot: SlotNumber(50182) }) F:refused(not-writable) M:mount-err:Recovery(UnitUnreadable { slot: SlotNumber(50182) }) F:refused(not-writable) O:refused(not-writable) F:refused(not-writable) O:refused(not-writable) F:refused(not-writable) O:refused(not-writable) F:refused(not-writable) O:refused(not-writable) F:refused(not-writable) O:refused(not-writable) F:refused(not-writable) O:refused(not-writable) F:refused(not-writable) O:refused(not-writable) F:refused(not-writable) O:refused(not-writable) F:refused(not-writable) O:refused(not-writable) F:refused(not-writable) O:refused(not-writable) F:refused(not-writable) O:refused(not-writable) F:refused(not-writable) O:refused(not-writable) F:refused(not-writable) O:refused(not-writable) F:refused(not-writable) O:refused(not-writable) F:refused(not-writable) O:refused(not-writable)	mount-err:Recovery(UnitUnreadable { slot: SlotNumber(50182) })	same	-	[0, 0]	0	0	[0, 0]	0	0	0	8	-	[]	0	0
F9-bad-media-rw-forever	N1A-any-isoAll-mem	MOFMFOFOFOFOFOFOFOFOFOFOFOFOFOFOFO	M:mount-err:Recovery(UnitUnreadable { slot: SlotNumber(50182) }) O:refused(not-writable) F:refused(not-writable) M:mount-err:Recovery(UnitUnreadable { slot: SlotNumber(50182) }) F:refused(not-writable) O:refused(not-writable) F:refused(not-writable) O:refused(not-writable) F:refused(not-writable) O:refused(not-writable) F:refused(not-writable) O:refused(not-writable) F:refused(not-writable) O:refused(not-writable) F:refused(not-writable) O:refused(not-writable) F:refused(not-writable) O:refused(not-writable) F:refused(not-writable) O:refused(not-writable) F:refused(not-writable) O:refused(not-writable) F:refused(not-writable) O:refused(not-writable) F:refused(not-writable) O:refused(not-writable) F:refused(not-writable) O:refused(not-writable) F:refused(not-writable) O:refused(not-writable) F:refused(not-writable) O:refused(not-writable) F:refused(not-writable) O:refused(not-writable)	mount-err:Recovery(UnitUnreadable { slot: SlotNumber(50182) })	same	-	[0, 0]	0	0	[0, 0]	0	0	0	6	-	[]	0	0
F9-bad-media-rw-forever	N1A-any-isoAll-mem	MMOMFOFOFOFOFOFOFOFOFOFOFOFOFOFOFO	M:mount-err:Recovery(UnitUnreadable { slot: SlotNumber(50182) }) M:mount-err:Recovery(UnitUnreadable { slot: SlotNumber(50182) }) O:refused(not-writable) M:mount-err:Recovery(UnitUnreadable { slot: SlotNumber(50182) }) F:refused(not-writable) O:refused(not-writable) F:refused(not-writable) O:refused(not-writable) F:refused(not-writable) O:refused(not-writable) F:refused(not-writable) O:refused(not-writable) F:refused(not-writable) O:refused(not-writable) F:refused(not-writable) O:refused(not-writable) F:refused(not-writable) O:refused(not-writable) F:refused(not-writable) O:refused(not-writable) F:refused(not-writable) O:refused(not-writable) F:refused(not-writable) O:refused(not-writable) F:refused(not-writable) O:refused(not-writable) F:refused(not-writable) O:refused(not-writable) F:refused(not-writable) O:refused(not-writable) F:refused(not-writable) O:refused(not-writable) F:refused(not-writable) O:refused(not-writable)	mount-err:Recovery(UnitUnreadable { slot: SlotNumber(50182) })	same	-	[0, 0]	0	0	[0, 0]	0	0	0	8	-	[]	0	0
F9-bad-media-rw-forever	N1A-any-isoAll-mem	MMMMFOFOFOFOFOFOFOFOFOFOFOFOFOFOFO	M:mount-err:Recovery(UnitUnreadable { slot: SlotNumber(50182) }) M:mount-err:Recovery(UnitUnreadable { slot: SlotNumber(50182) }) M:mount-err:Recovery(UnitUnreadable { slot: SlotNumber(50182) }) M:mount-err:Recovery(UnitUnreadable { slot: SlotNumber(50182) }) F:refused(not-writable) O:refused(not-writable) F:refused(not-writable) O:refused(not-writable) F:refused(not-writable) O:refused(not-writable) F:refused(not-writable) O:refused(not-writable) F:refused(not-writable) O:refused(not-writable) F:refused(not-writable) O:refused(not-writable) F:refused(not-writable) O:refused(not-writable) F:refused(not-writable) O:refused(not-writable) F:refused(not-writable) O:refused(not-writable) F:refused(not-writable) O:refused(not-writable) F:refused(not-writable) O:refused(not-writable) F:refused(not-writable) O:refused(not-writable) F:refused(not-writable) O:refused(not-writable) F:refused(not-writable) O:refused(not-writable) F:refused(not-writable) O:refused(not-writable)	mount-err:Recovery(UnitUnreadable { slot: SlotNumber(50182) })	same	-	[0, 0]	0	0	[0, 0]	0	0	0	10	-	[]	0	0
F9-bad-media-rw-forever	N1A-any-isoAll-mem	MOMMFOFOFOFOFOFOFOFOFOFOFOFOFOFOFO	M:mount-err:Recovery(UnitUnreadable { slot: SlotNumber(50182) }) O:refused(not-writable) M:mount-err:Recovery(UnitUnreadable { slot: SlotNumber(50182) }) M:mount-err:Recovery(UnitUnreadable { slot: SlotNumber(50182) }) F:refused(not-writable) O:refused(not-writable) F:refused(not-writable) O:refused(not-writable) F:refused(not-writable) O:refused(not-writable) F:refused(not-writable) O:refused(not-writable) F:refused(not-writable) O:refused(not-writable) F:refused(not-writable) O:refused(not-writable) F:refused(not-writable) O:refused(not-writable) F:refused(not-writable) O:refused(not-writable) F:refused(not-writable) O:refused(not-writable) F:refused(not-writable) O:refused(not-writable) F:refused(not-writable) O:refused(not-writable) F:refused(not-writable) O:refused(not-writable) F:refused(not-writable) O:refused(not-writable) F:refused(not-writable) O:refused(not-writable) F:refused(not-writable) O:refused(not-writable)	mount-err:Recovery(UnitUnreadable { slot: SlotNumber(50182) })	same	-	[0, 0]	0	0	[0, 0]	0	0	0	8	-	[]	0	0
F9-bad-media-rw-forever	N1A-any-isoAll-mem	MOOMFOFOFOFOFOFOFOFOFOFOFOFOFOFOFO	M:mount-err:Recovery(UnitUnreadable { slot: SlotNumber(50182) }) O:refused(not-writable) O:refused(not-writable) M:mount-err:Recovery(UnitUnreadable { slot: SlotNumber(50182) }) F:refused(not-writable) O:refused(not-writable) F:refused(not-writable) O:refused(not-writable) F:refused(not-writable) O:refused(not-writable) F:refused(not-writable) O:refused(not-writable) F:refused(not-writable) O:refused(not-writable) F:refused(not-writable) O:refused(not-writable) F:refused(not-writable) O:refused(not-writable) F:refused(not-writable) O:refused(not-writable) F:refused(not-writable) O:refused(not-writable) F:refused(not-writable) O:refused(not-writable) F:refused(not-writable) O:refused(not-writable) F:refused(not-writable) O:refused(not-writable) F:refused(not-writable) O:refused(not-writable) F:refused(not-writable) O:refused(not-writable) F:refused(not-writable) O:refused(not-writable)	mount-err:Recovery(UnitUnreadable { slot: SlotNumber(50182) })	same	-	[0, 0]	0	0	[0, 0]	0	0	0	6	-	[]	0	0
F9-bad-media-rw-forever	N1A-any-isoAll-mem	OFFMFOFOFOFOFOFOFOFOFOFOFOFOFOFOFO	O:ok F:noop F:noop M:ok F:noop O:ok F:ok(F=3,reclaimed=1) O:ok F:ok(F=6,reclaimed=17) O:ok F:ok(F=7,reclaimed=8) O:ok F:ok(F=11,reclaimed=21) O:err:BlockDevice(InputOutput(Custom { kind: Other, error: "injected write e F:noop O:err:BlockDevice(InputOutput(Custom { kind: Other, error: "injected write e F:noop O:err:BlockDevice(InputOutput(Custom { kind: Other, error: "injected write e F:noop O:err:BlockDevice(InputOutput(Custom { kind: Other, error: "injected write e F:noop O:err:BlockDevice(InputOutput(Custom { kind: Other, error: "injected write e F:noop O:err:BlockDevice(InputOutput(Custom { kind: Other, error: "injected write e F:noop O:err:BlockDevice(InputOutput(Custom { kind: Other, error: "injected write e F:noop O:err:BlockDevice(InputOutput(Custom { kind: Other, error: "injected write e F:noop O:err:BlockDevice(InputOutput(Custom { kind: Other, error: "injected write e F:noop O:err:BlockDevice(InputOutput(Custom { kind: Other, error: "injected write e F:noop O:err:BlockDevice(InputOutput(Custom { kind: Other, error: "injected write e	ok	same	-	[0, 0]	4	0	[0, 0]	119	2490368	0	2	t1@50182:released-and-isolated	[]	0	11
F9-bad-media-rw-forever	N1A-any-isoAll-mem	OFMMFOFOFOFOFOFOFOFOFOFOFOFOFOFOFO	O:ok F:noop M:ok M:ok F:noop O:ok F:ok(F=3,reclaimed=1) O:ok F:ok(F=6,reclaimed=17) O:ok F:ok(F=7,reclaimed=8) O:ok F:ok(F=14,reclaimed=34) O:err:BlockDevice(InputOutput(Custom { kind: Other, error: "injected write e F:noop O:err:BlockDevice(InputOutput(Custom { kind: Other, error: "injected write e F:noop O:err:BlockDevice(InputOutput(Custom { kind: Other, error: "injected write e F:noop O:err:BlockDevice(InputOutput(Custom { kind: Other, error: "injected write e F:noop O:err:BlockDevice(InputOutput(Custom { kind: Other, error: "injected write e F:noop O:err:BlockDevice(InputOutput(Custom { kind: Other, error: "injected write e F:noop O:err:BlockDevice(InputOutput(Custom { kind: Other, error: "injected write e F:noop O:err:BlockDevice(InputOutput(Custom { kind: Other, error: "injected write e F:noop O:err:BlockDevice(InputOutput(Custom { kind: Other, error: "injected write e F:noop O:err:BlockDevice(InputOutput(Custom { kind: Other, error: "injected write e F:noop O:err:BlockDevice(InputOutput(Custom { kind: Other, error: "injected write e	ok	same	-	[0, 0]	4	0	[0, 0]	125	2588672	0	2	t1@50182:released-and-isolated	[]	0	11
F9-bad-media-rw-forever	N1A-any-isoAll-mem	OFOMFOFOFOFOFOFOFOFOFOFOFOFOFOFOFO	O:ok F:noop O:ok M:ok F:ok(F=3,reclaimed=1) O:ok F:ok(F=6,reclaimed=17) O:ok F:ok(F=7,reclaimed=8) O:ok F:ok(F=8,reclaimed=8) O:err:BlockDevice(InputOutput(Custom { kind: Other, error: "injected write e F:noop O:err:BlockDevice(InputOutput(Custom { kind: Other, error: "injected write e F:noop O:err:BlockDevice(InputOutput(Custom { kind: Other, error: "injected write e F:noop O:err:BlockDevice(InputOutput(Custom { kind: Other, error: "injected write e F:noop O:err:BlockDevice(InputOutput(Custom { kind: Other, error: "injected write e F:noop O:err:BlockDevice(InputOutput(Custom { kind: Other, error: "injected write e F:noop O:err:BlockDevice(InputOutput(Custom { kind: Other, error: "injected write e F:noop O:err:BlockDevice(InputOutput(Custom { kind: Other, error: "injected write e F:noop O:err:BlockDevice(InputOutput(Custom { kind: Other, error: "injected write e F:noop O:err:BlockDevice(InputOutput(Custom { kind: Other, error: "injected write e F:noop O:err:BlockDevice(InputOutput(Custom { kind: Other, error: "injected write e F:noop O:err:BlockDevice(InputOutput(Custom { kind: Other, error: "injected write e	ok	same	-	[0, 0]	4	0	[0, 0]	125	2621440	0	2	t1@50182:released-and-isolated	[]	0	12
F9-bad-media-rw-forever	N1A-any-isoAll-mem	OMFMFOFOFOFOFOFOFOFOFOFOFOFOFOFOFO	O:ok M:ok F:noop M:ok F:noop O:ok F:ok(F=3,reclaimed=1) O:ok F:ok(F=6,reclaimed=17) O:ok F:ok(F=7,reclaimed=8) O:ok F:ok(F=14,reclaimed=34) O:err:BlockDevice(InputOutput(Custom { kind: Other, error: "injected write e F:noop O:err:BlockDevice(InputOutput(Custom { kind: Other, error: "injected write e F:noop O:err:BlockDevice(InputOutput(Custom { kind: Other, error: "injected write e F:noop O:err:BlockDevice(InputOutput(Custom { kind: Other, error: "injected write e F:noop O:err:BlockDevice(InputOutput(Custom { kind: Other, error: "injected write e F:noop O:err:BlockDevice(InputOutput(Custom { kind: Other, error: "injected write e F:noop O:err:BlockDevice(InputOutput(Custom { kind: Other, error: "injected write e F:noop O:err:BlockDevice(InputOutput(Custom { kind: Other, error: "injected write e F:noop O:err:BlockDevice(InputOutput(Custom { kind: Other, error: "injected write e F:noop O:err:BlockDevice(InputOutput(Custom { kind: Other, error: "injected write e F:noop O:err:BlockDevice(InputOutput(Custom { kind: Other, error: "injected write e	ok	same	-	[0, 0]	4	0	[0, 0]	125	2588672	0	2	t1@50182:released-and-isolated	[]	0	11
F9-bad-media-rw-forever	N1A-any-isoAll-mem	OOFMFOFOFOFOFOFOFOFOFOFOFOFOFOFOFO	O:ok O:ok F:ok(F=3,reclaimed=1) M:ok F:noop O:ok F:ok(F=6,reclaimed=17) O:ok F:ok(F=7,reclaimed=8) O:ok F:ok(F=8,reclaimed=8) O:err:BlockDevice(InputOutput(Custom { kind: Other, error: "injected write e F:noop O:err:BlockDevice(InputOutput(Custom { kind: Other, error: "injected write e F:noop O:err:BlockDevice(InputOutput(Custom { kind: Other, error: "injected write e F:noop O:err:BlockDevice(InputOutput(Custom { kind: Other, error: "injected write e F:noop O:err:BlockDevice(InputOutput(Custom { kind: Other, error: "injected write e F:noop O:err:BlockDevice(InputOutput(Custom { kind: Other, error: "injected write e F:noop O:err:BlockDevice(InputOutput(Custom { kind: Other, error: "injected write e F:noop O:err:BlockDevice(InputOutput(Custom { kind: Other, error: "injected write e F:noop O:err:BlockDevice(InputOutput(Custom { kind: Other, error: "injected write e F:noop O:err:BlockDevice(InputOutput(Custom { kind: Other, error: "injected write e F:noop O:err:BlockDevice(InputOutput(Custom { kind: Other, error: "injected write e F:noop O:err:BlockDevice(InputOutput(Custom { kind: Other, error: "injected write e	ok	same	-	[0, 0]	4	0	[0, 0]	125	2621440	0	2	t1@50182:released-and-isolated	[]	0	12
F9-bad-media-rw-forever	N1A-any-isoAll-mem	OOOMFOFOFOFOFOFOFOFOFOFOFOFOFOFOFO	O:ok O:ok O:ok M:ok F:ok(F=6,reclaimed=18) O:ok F:ok(F=7,reclaimed=8) O:ok F:ok(F=8,reclaimed=8) O:ok F:ok(F=9,reclaimed=8) O:err:BlockDevice(InputOutput(Custom { kind: Other, error: "injected write e F:noop O:err:BlockDevice(InputOutput(Custom { kind: Other, error: "injected write e F:noop O:err:BlockDevice(InputOutput(Custom { kind: Other, error: "injected write e F:noop O:err:BlockDevice(InputOutput(Custom { kind: Other, error: "injected write e F:noop O:err:BlockDevice(InputOutput(Custom { kind: Other, error: "injected write e F:noop O:err:BlockDevice(InputOutput(Custom { kind: Other, error: "injected write e F:noop O:err:BlockDevice(InputOutput(Custom { kind: Other, error: "injected write e F:noop O:err:BlockDevice(InputOutput(Custom { kind: Other, error: "injected write e F:noop O:err:BlockDevice(InputOutput(Custom { kind: Other, error: "injected write e F:noop O:err:BlockDevice(InputOutput(Custom { kind: Other, error: "injected write e F:noop O:err:BlockDevice(InputOutput(Custom { kind: Other, error: "injected write e F:noop O:err:BlockDevice(InputOutput(Custom { kind: Other, error: "injected write e	ok	same	-	[0, 0]	4	0	[0, 0]	129	2719744	0	2	t1@50182:released-and-isolated	[]	0	12
F9-bad-media-rw-forever	N1A-any-isoAll-mem	OOMMFOFOFOFOFOFOFOFOFOFOFOFOFOFOFO	O:ok O:ok M:ok M:ok F:ok(F=3,reclaimed=1) O:ok F:ok(F=6,reclaimed=17) O:ok F:ok(F=7,reclaimed=8) O:ok F:ok(F=8,reclaimed=8) O:err:BlockDevice(InputOutput(Custom { kind: Other, error: "injected write e F:noop O:err:BlockDevice(InputOutput(Custom { kind: Other, error: "injected write e F:noop O:err:BlockDevice(InputOutput(Custom { kind: Other, error: "injected write e F:noop O:err:BlockDevice(InputOutput(Custom { kind: Other, error: "injected write e F:noop O:err:BlockDevice(InputOutput(Custom { kind: Other, error: "injected write e F:noop O:err:BlockDevice(InputOutput(Custom { kind: Other, error: "injected write e F:noop O:err:BlockDevice(InputOutput(Custom { kind: Other, error: "injected write e F:noop O:err:BlockDevice(InputOutput(Custom { kind: Other, error: "injected write e F:noop O:err:BlockDevice(InputOutput(Custom { kind: Other, error: "injected write e F:noop O:err:BlockDevice(InputOutput(Custom { kind: Other, error: "injected write e F:noop O:err:BlockDevice(InputOutput(Custom { kind: Other, error: "injected write e F:noop O:err:BlockDevice(InputOutput(Custom { kind: Other, error: "injected write e	ok	same	-	[0, 0]	4	0	[0, 0]	131	2719744	0	2	t1@50182:released-and-isolated	[]	0	12
F9-bad-media-rw-forever	N1A-any-isoAll-mem	OMOMFOFOFOFOFOFOFOFOFOFOFOFOFOFOFO	O:ok M:ok O:ok M:ok F:ok(F=3,reclaimed=1) O:ok F:ok(F=6,reclaimed=17) O:ok F:ok(F=7,reclaimed=8) O:ok F:ok(F=11,reclaimed=21) O:err:BlockDevice(InputOutput(Custom { kind: Other, error: "injected write e F:noop O:err:BlockDevice(InputOutput(Custom { kind: Other, error: "injected write e F:noop O:err:BlockDevice(InputOutput(Custom { kind: Other, error: "injected write e F:noop O:err:BlockDevice(InputOutput(Custom { kind: Other, error: "injected write e F:noop O:err:BlockDevice(InputOutput(Custom { kind: Other, error: "injected write e F:noop O:err:BlockDevice(InputOutput(Custom { kind: Other, error: "injected write e F:noop O:err:BlockDevice(InputOutput(Custom { kind: Other, error: "injected write e F:noop O:err:BlockDevice(InputOutput(Custom { kind: Other, error: "injected write e F:noop O:err:BlockDevice(InputOutput(Custom { kind: Other, error: "injected write e F:noop O:err:BlockDevice(InputOutput(Custom { kind: Other, error: "injected write e F:noop O:err:BlockDevice(InputOutput(Custom { kind: Other, error: "injected write e F:noop O:err:BlockDevice(InputOutput(Custom { kind: Other, error: "injected write e	ok	same	-	[0, 0]	4	0	[0, 0]	131	2719744	0	2	t1@50182:released-and-isolated	[]	0	12
F9-bad-media-rw-forever	N1A-any-isoAll-mem	OMMMFOFOFOFOFOFOFOFOFOFOFOFOFOFOFO	O:ok M:ok M:ok M:ok F:noop O:ok F:ok(F=3,reclaimed=1) O:ok F:ok(F=6,reclaimed=17) O:ok F:ok(F=7,reclaimed=8) O:ok F:ok(F=17,reclaimed=47) O:err:BlockDevice(InputOutput(Custom { kind: Other, error: "injected write e F:noop O:err:BlockDevice(InputOutput(Custom { kind: Other, error: "injected write e F:noop O:err:BlockDevice(InputOutput(Custom { kind: Other, error: "injected write e F:noop O:err:BlockDevice(InputOutput(Custom { kind: Other, error: "injected write e F:noop O:err:BlockDevice(InputOutput(Custom { kind: Other, error: "injected write e F:noop O:err:BlockDevice(InputOutput(Custom { kind: Other, error: "injected write e F:noop O:err:BlockDevice(InputOutput(Custom { kind: Other, error: "injected write e F:noop O:err:BlockDevice(InputOutput(Custom { kind: Other, error: "injected write e F:noop O:err:BlockDevice(InputOutput(Custom { kind: Other, error: "injected write e F:noop O:err:BlockDevice(InputOutput(Custom { kind: Other, error: "injected write e F:noop O:err:BlockDevice(InputOutput(Custom { kind: Other, error: "injected write e	ok	same	-	[0, 0]	4	0	[0, 0]	131	2686976	0	2	t1@50182:released-and-isolated	[]	0	11
F9-bad-media-rw-forever	N1A-any-isoAll-mem	FFMFOFOFOFOFOFOFOFOFOFOFOFOFOFOFO	F:noop F:noop M:mount-err:Recovery(UnitUnreadable { slot: SlotNumber(50182) }) F:refused(not-writable) O:refused(not-writable) F:refused(not-writable) O:refused(not-writable) F:refused(not-writable) O:refused(not-writable) F:refused(not-writable) O:refused(not-writable) F:refused(not-writable) O:refused(not-writable) F:refused(not-writable) O:refused(not-writable) F:refused(not-writable) O:refused(not-writable) F:refused(not-writable) O:refused(not-writable) F:refused(not-writable) O:refused(not-writable) F:refused(not-writable) O:refused(not-writable) F:refused(not-writable) O:refused(not-writable) F:refused(not-writable) O:refused(not-writable) F:refused(not-writable) O:refused(not-writable) F:refused(not-writable) O:refused(not-writable) F:refused(not-writable) O:refused(not-writable)	mount-err:Recovery(UnitUnreadable { slot: SlotNumber(50182) })	same	-	[0, 0]	0	0	[0, 0]	0	0	0	4	-	[]	0	0
F9-bad-media-rw-forever	N1A-any-isoAll-mem	FMMFOFOFOFOFOFOFOFOFOFOFOFOFOFOFO	F:noop M:mount-err:Recovery(UnitUnreadable { slot: SlotNumber(50182) }) M:mount-err:Recovery(UnitUnreadable { slot: SlotNumber(50182) }) F:refused(not-writable) O:refused(not-writable) F:refused(not-writable) O:refused(not-writable) F:refused(not-writable) O:refused(not-writable) F:refused(not-writable) O:refused(not-writable) F:refused(not-writable) O:refused(not-writable) F:refused(not-writable) O:refused(not-writable) F:refused(not-writable) O:refused(not-writable) F:refused(not-writable) O:refused(not-writable) F:refused(not-writable) O:refused(not-writable) F:refused(not-writable) O:refused(not-writable) F:refused(not-writable) O:refused(not-writable) F:refused(not-writable) O:refused(not-writable) F:refused(not-writable) O:refused(not-writable) F:refused(not-writable) O:refused(not-writable) F:refused(not-writable) O:refused(not-writable)	mount-err:Recovery(UnitUnreadable { slot: SlotNumber(50182) })	same	-	[0, 0]	0	0	[0, 0]	0	0	0	6	-	[]	0	0
F9-bad-media-rw-forever	N1A-any-isoAll-mem	FOMFOFOFOFOFOFOFOFOFOFOFOFOFOFOFO	F:noop O:ok M:ok F:noop O:ok F:ok(F=3,reclaimed=1) O:ok F:ok(F=6,reclaimed=17) O:ok F:ok(F=7,reclaimed=8) O:ok F:ok(F=11,reclaimed=21) O:err:BlockDevice(InputOutput(Custom { kind: Other, error: "injected write e F:noop O:err:BlockDevice(InputOutput(Custom { kind: Other, error: "injected write e F:noop O:err:BlockDevice(InputOutput(Custom { kind: Other, error: "injected write e F:noop O:err:BlockDevice(InputOutput(Custom { kind: Other, error: "injected write e F:noop O:err:BlockDevice(InputOutput(Custom { kind: Other, error: "injected write e F:noop O:err:BlockDevice(InputOutput(Custom { kind: Other, error: "injected write e F:noop O:err:BlockDevice(InputOutput(Custom { kind: Other, error: "injected write e F:noop O:err:BlockDevice(InputOutput(Custom { kind: Other, error: "injected write e F:noop O:err:BlockDevice(InputOutput(Custom { kind: Other, error: "injected write e F:noop O:err:BlockDevice(InputOutput(Custom { kind: Other, error: "injected write e F:noop O:err:BlockDevice(InputOutput(Custom { kind: Other, error: "injected write e	ok	same	-	[0, 0]	4	0	[0, 0]	119	2490368	0	2	t1@50182:released-and-isolated	[]	0	11
F9-bad-media-rw-forever	N1A-any-isoAll-mem	MMMFOFOFOFOFOFOFOFOFOFOFOFOFOFOFO	M:mount-err:Recovery(UnitUnreadable { slot: SlotNumber(50182) }) M:mount-err:Recovery(UnitUnreadable { slot: SlotNumber(50182) }) M:mount-err:Recovery(UnitUnreadable { slot: SlotNumber(50182) }) F:refused(not-writable) O:refused(not-writable) F:refused(not-writable) O:refused(not-writable) F:refused(not-writable) O:refused(not-writable) F:refused(not-writable) O:refused(not-writable) F:refused(not-writable) O:refused(not-writable) F:refused(not-writable) O:refused(not-writable) F:refused(not-writable) O:refused(not-writable) F:refused(not-writable) O:refused(not-writable) F:refused(not-writable) O:refused(not-writable) F:refused(not-writable) O:refused(not-writable) F:refused(not-writable) O:refused(not-writable) F:refused(not-writable) O:refused(not-writable) F:refused(not-writable) O:refused(not-writable) F:refused(not-writable) O:refused(not-writable) F:refused(not-writable) O:refused(not-writable)	mount-err:Recovery(UnitUnreadable { slot: SlotNumber(50182) })	same	-	[0, 0]	0	0	[0, 0]	0	0	0	8	-	[]	0	0
F9-bad-media-rw-forever	N1A-any-isoAll-mem	MFMFOFOFOFOFOFOFOFOFOFOFOFOFOFOFO	M:mount-err:Recovery(UnitUnreadable { slot: SlotNumber(50182) }) F:refused(not-writable) M:mount-err:Recovery(UnitUnreadable { slot: SlotNumber(50182) }) F:refused(not-writable) O:refused(not-writable) F:refused(not-writable) O:refused(not-writable) F:refused(not-writable) O:refused(not-writable) F:refused(not-writable) O:refused(not-writable) F:refused(not-writable) O:refused(not-writable) F:refused(not-writable) O:refused(not-writable) F:refused(not-writable) O:refused(not-writable) F:refused(not-writable) O:refused(not-writable) F:refused(not-writable) O:refused(not-writable) F:refused(not-writable) O:refused(not-writable) F:refused(not-writable) O:refused(not-writable) F:refused(not-writable) O:refused(not-writable) F:refused(not-writable) O:refused(not-writable) F:refused(not-writable) O:refused(not-writable) F:refused(not-writable) O:refused(not-writable)	mount-err:Recovery(UnitUnreadable { slot: SlotNumber(50182) })	same	-	[0, 0]	0	0	[0, 0]	0	0	0	6	-	[]	0	0
F9-bad-media-rw-forever	N1A-any-isoAll-mem	MOMFOFOFOFOFOFOFOFOFOFOFOFOFOFOFO	M:mount-err:Recovery(UnitUnreadable { slot: SlotNumber(50182) }) O:refused(not-writable) M:mount-err:Recovery(UnitUnreadable { slot: SlotNumber(50182) }) F:refused(not-writable) O:refused(not-writable) F:refused(not-writable) O:refused(not-writable) F:refused(not-writable) O:refused(not-writable) F:refused(not-writable) O:refused(not-writable) F:refused(not-writable) O:refused(not-writable) F:refused(not-writable) O:refused(not-writable) F:refused(not-writable) O:refused(not-writable) F:refused(not-writable) O:refused(not-writable) F:refused(not-writable) O:refused(not-writable) F:refused(not-writable) O:refused(not-writable) F:refused(not-writable) O:refused(not-writable) F:refused(not-writable) O:refused(not-writable) F:refused(not-writable) O:refused(not-writable) F:refused(not-writable) O:refused(not-writable) F:refused(not-writable) O:refused(not-writable)	mount-err:Recovery(UnitUnreadable { slot: SlotNumber(50182) })	same	-	[0, 0]	0	0	[0, 0]	0	0	0	6	-	[]	0	0
F9-bad-media-rw-forever	N1A-any-isoAll-mem	FMFOFOFOFOFOFOFOFOFOFOFOFOFOFOFO	F:noop M:mount-err:Recovery(UnitUnreadable { slot: SlotNumber(50182) }) F:refused(not-writable) O:refused(not-writable) F:refused(not-writable) O:refused(not-writable) F:refused(not-writable) O:refused(not-writable) F:refused(not-writable) O:refused(not-writable) F:refused(not-writable) O:refused(not-writable) F:refused(not-writable) O:refused(not-writable) F:refused(not-writable) O:refused(not-writable) F:refused(not-writable) O:refused(not-writable) F:refused(not-writable) O:refused(not-writable) F:refused(not-writable) O:refused(not-writable) F:refused(not-writable) O:refused(not-writable) F:refused(not-writable) O:refused(not-writable) F:refused(not-writable) O:refused(not-writable) F:refused(not-writable) O:refused(not-writable) F:refused(not-writable) O:refused(not-writable)	mount-err:Recovery(UnitUnreadable { slot: SlotNumber(50182) })	same	-	[0, 0]	0	0	[0, 0]	0	0	0	4	-	[]	0	0
F9-bad-media-rw-forever	N1A-any-isoAll-mem	OMMFOFOFOFOFOFOFOFOFOFOFOFOFOFOFO	O:ok M:ok M:ok F:noop O:ok F:ok(F=3,reclaimed=1) O:ok F:ok(F=6,reclaimed=17) O:ok F:ok(F=7,reclaimed=8) O:ok F:ok(F=14,reclaimed=34) O:err:BlockDevice(InputOutput(Custom { kind: Other, error: "injected write e F:noop O:err:BlockDevice(InputOutput(Custom { kind: Other, error: "injected write e F:noop O:err:BlockDevice(InputOutput(Custom { kind: Other, error: "injected write e F:noop O:err:BlockDevice(InputOutput(Custom { kind: Other, error: "injected write e F:noop O:err:BlockDevice(InputOutput(Custom { kind: Other, error: "injected write e F:noop O:err:BlockDevice(InputOutput(Custom { kind: Other, error: "injected write e F:noop O:err:BlockDevice(InputOutput(Custom { kind: Other, error: "injected write e F:noop O:err:BlockDevice(InputOutput(Custom { kind: Other, error: "injected write e F:noop O:err:BlockDevice(InputOutput(Custom { kind: Other, error: "injected write e F:noop O:err:BlockDevice(InputOutput(Custom { kind: Other, error: "injected write e F:noop O:err:BlockDevice(InputOutput(Custom { kind: Other, error: "injected write e	ok	same	-	[0, 0]	4	0	[0, 0]	125	2588672	0	2	t1@50182:released-and-isolated	[]	0	11
F9-bad-media-rw-forever	N1A-any-isoAll-mem	OFMFOFOFOFOFOFOFOFOFOFOFOFOFOFOFO	O:ok F:noop M:ok F:noop O:ok F:ok(F=3,reclaimed=1) O:ok F:ok(F=6,reclaimed=17) O:ok F:ok(F=7,reclaimed=8) O:ok F:ok(F=11,reclaimed=21) O:err:BlockDevice(InputOutput(Custom { kind: Other, error: "injected write e F:noop O:err:BlockDevice(InputOutput(Custom { kind: Other, error: "injected write e F:noop O:err:BlockDevice(InputOutput(Custom { kind: Other, error: "injected write e F:noop O:err:BlockDevice(InputOutput(Custom { kind: Other, error: "injected write e F:noop O:err:BlockDevice(InputOutput(Custom { kind: Other, error: "injected write e F:noop O:err:BlockDevice(InputOutput(Custom { kind: Other, error: "injected write e F:noop O:err:BlockDevice(InputOutput(Custom { kind: Other, error: "injected write e F:noop O:err:BlockDevice(InputOutput(Custom { kind: Other, error: "injected write e F:noop O:err:BlockDevice(InputOutput(Custom { kind: Other, error: "injected write e F:noop O:err:BlockDevice(InputOutput(Custom { kind: Other, error: "injected write e F:noop O:err:BlockDevice(InputOutput(Custom { kind: Other, error: "injected write e	ok	same	-	[0, 0]	4	0	[0, 0]	119	2490368	0	2	t1@50182:released-and-isolated	[]	0	11
F9-bad-media-rw-forever	N1A-any-isoAll-mem	OOMFOFOFOFOFOFOFOFOFOFOFOFOFOFOFO	O:ok O:ok M:ok F:ok(F=3,reclaimed=1) O:ok F:ok(F=6,reclaimed=17) O:ok F:ok(F=7,reclaimed=8) O:ok F:ok(F=8,reclaimed=8) O:err:BlockDevice(InputOutput(Custom { kind: Other, error: "injected write e F:noop O:err:BlockDevice(InputOutput(Custom { kind: Other, error: "injected write e F:noop O:err:BlockDevice(InputOutput(Custom { kind: Other, error: "injected write e F:noop O:err:BlockDevice(InputOutput(Custom { kind: Other, error: "injected write e F:noop O:err:BlockDevice(InputOutput(Custom { kind: Other, error: "injected write e F:noop O:err:BlockDevice(InputOutput(Custom { kind: Other, error: "injected write e F:noop O:err:BlockDevice(InputOutput(Custom { kind: Other, error: "injected write e F:noop O:err:BlockDevice(InputOutput(Custom { kind: Other, error: "injected write e F:noop O:err:BlockDevice(InputOutput(Custom { kind: Other, error: "injected write e F:noop O:err:BlockDevice(InputOutput(Custom { kind: Other, error: "injected write e F:noop O:err:BlockDevice(InputOutput(Custom { kind: Other, error: "injected write e F:noop O:err:BlockDevice(InputOutput(Custom { kind: Other, error: "injected write e	ok	same	-	[0, 0]	4	0	[0, 0]	125	2621440	0	2	t1@50182:released-and-isolated	[]	0	12
F9-bad-media-rw-forever	N1A-any-isoAll-mem	MMFOFOFOFOFOFOFOFOFOFOFOFOFOFOFO	M:mount-err:Recovery(UnitUnreadable { slot: SlotNumber(50182) }) M:mount-err:Recovery(UnitUnreadable { slot: SlotNumber(50182) }) F:refused(not-writable) O:refused(not-writable) F:refused(not-writable) O:refused(not-writable) F:refused(not-writable) O:refused(not-writable) F:refused(not-writable) O:refused(not-writable) F:refused(not-writable) O:refused(not-writable) F:refused(not-writable) O:refused(not-writable) F:refused(not-writable) O:refused(not-writable) F:refused(not-writable) O:refused(not-writable) F:refused(not-writable) O:refused(not-writable) F:refused(not-writable) O:refused(not-writable) F:refused(not-writable) O:refused(not-writable) F:refused(not-writable) O:refused(not-writable) F:refused(not-writable) O:refused(not-writable) F:refused(not-writable) O:refused(not-writable) F:refused(not-writable) O:refused(not-writable)	mount-err:Recovery(UnitUnreadable { slot: SlotNumber(50182) })	same	-	[0, 0]	0	0	[0, 0]	0	0	0	6	-	[]	0	0
F9-bad-media-rw-forever	N1A-any-isoAll-mem	OMFOFOFOFOFOFOFOFOFOFOFOFOFOFOFO	O:ok M:ok F:noop O:ok F:ok(F=3,reclaimed=1) O:ok F:ok(F=6,reclaimed=17) O:ok F:ok(F=7,reclaimed=8) O:ok F:ok(F=11,reclaimed=21) O:err:BlockDevice(InputOutput(Custom { kind: Other, error: "injected write e F:noop O:err:BlockDevice(InputOutput(Custom { kind: Other, error: "injected write e F:noop O:err:BlockDevice(InputOutput(Custom { kind: Other, error: "injected write e F:noop O:err:BlockDevice(InputOutput(Custom { kind: Other, error: "injected write e F:noop O:err:BlockDevice(InputOutput(Custom { kind: Other, error: "injected write e F:noop O:err:BlockDevice(InputOutput(Custom { kind: Other, error: "injected write e F:noop O:err:BlockDevice(InputOutput(Custom { kind: Other, error: "injected write e F:noop O:err:BlockDevice(InputOutput(Custom { kind: Other, error: "injected write e F:noop O:err:BlockDevice(InputOutput(Custom { kind: Other, error: "injected write e F:noop O:err:BlockDevice(InputOutput(Custom { kind: Other, error: "injected write e F:noop O:err:BlockDevice(InputOutput(Custom { kind: Other, error: "injected write e	ok	same	-	[0, 0]	4	0	[0, 0]	119	2490368	0	2	t1@50182:released-and-isolated	[]	0	11
