fault	arm	suffix	steps	final_mount	readback	violated	isolated_per_device	isolated_by_check	isolated_at_mount	free_minus_allocatable	check_reads	check_read_bytes	switches	reads_refused	check_events	reuse_steps	rebuild_mapping_mismatch	writes_refused
F9-bad-media-rw-forever	N3-iso-persisted	FFFFMFOFOFOFOFOFOFOFOFOFOFOFOFOFOFO	F:noop F:noop F:noop F:noop M:mount-err:Recovery(UnitUnreadable { slot: SlotNumber(50182) }) F:refused(not-writable) O:refused(not-writable) F:refused(not-writable) O:refused(not-writable) F:refused(not-writable) O:refused(not-writable) F:refused(not-writable) O:refused(not-writable) F:refused(not-writable) O:refused(not-writable) F:refused(not-writable) O:refused(not-writable) F:refused(not-writable) O:refused(not-writable) F:refused(not-writable) O:refused(not-writable) F:refused(not-writable) O:refused(not-writable) F:refused(not-writable) O:refused(not-writable) F:refused(not-writable) O:refused(not-writable) F:refused(not-writable) O:refused(not-writable) F:refused(not-writable) O:refused(not-writable) F:refused(not-writable) O:refused(not-writable) F:refused(not-writable) O:refused(not-writable)	mount-err:Recovery(UnitUnreadable { slot: SlotNumber(50182) })	same	-	[0, 0]	0	0	[0, 0]	0	0	0	4	-	[]	0	0
F9-bad-media-rw-forever	N3-iso-persisted	FFMFMFOFOFOFOFOFOFOFOFOFOFOFOFOFOFO	F:noop F:noop M:mount-err:Recovery(UnitUnreadable { slot: SlotNumber(50182) }) F:refused(not-writable) M:mount-err:Recovery(UnitUnreadable { slot: SlotNumber(50182) }) F:refused(not-writable) O:refused(not-writable) F:refused(not-writable) O:refused(not-writable) F:refused(not-writable) O:refused(not-writable) F:refused(not-writable) O:refused(not-writable) F:refused(not-writable) O:refused(not-writable) F:refused(not-writable) O:refused(not-writable) F:refused(not-writable) O:refused(not-writable) F:refused(not-writable) O:refused(not-writable) F:refused(not-writable) O:refused(not-writable) F:refused(not-writable) O:refused(not-writable) F:refused(not-writable) O:refused(not-writable) F:refused(not-writable) O:refused(not-writable) F:refused(not-writable) O:refused(not-writable) F:refused(not-writable) O:refused(not-writable) F:refused(not-writable) O:refused(not-writable)	mount-err:Recovery(UnitUnreadable { slot: SlotNumber(50182) })	same	-	[0, 0]	0	0	[0, 0]	0	0	0	6	-	[]	0	0
F9-bad-media-rw-forever	N3-iso-persisted	FFFMMFOFOFOFOFOFOFOFOFOFOFOFOFOFOFO	F:noop F:noop F:noop M:mount-err:Recovery(UnitUnreadable { slot: SlotNumber(50182) }) M:mount-err:Recovery(UnitUnreadable { slot: SlotNumber(50182) }) F:refused(not-writable) O:refused(not-writable) F:refused(not-writable) O:refused(not-writable) F:refused(not-writable) O:refused(not-writable) F:refused(not-writable) O:refused(not-writable) F:refused(not-writable) O:refused(not-writable) F:refused(not-writable) O:refused(not-writable) F:refused(not-writable) O:refused(not-writable) F:refused(not-writable) O:refused(not-writable) F:refused(not-writable) O:refused(not-writable) F:refused(not-writable) O:refused(not-writable) F:refused(not-writable) O:refused(not-writable) F:refused(not-writable) O:refused(not-writable) F:refused(not-writable) O:refused(not-writable) F:refused(not-writable) O:refused(not-writable) F:refused(not-writable) O:refused(not-writable)	mount-err:Recovery(UnitUnreadable { slot: SlotNumber(50182) })	same	-	[0, 0]	0	0	[0, 0]	0	0	0	6	-	[]	0	0
F9-bad-media-rw-forever	N3-iso-persisted	FFMOMFOFOFOFOFOFOFOFOFOFOFOFOFOFOFO	F:noop F:noop M:mount-err:Recovery(UnitUnreadable { slot: SlotNumber(50182) }) O:refused(not-writable) M:mount-err:Recovery(UnitUnreadable { slot: SlotNumber(50182) }) F:refused(not-writable) O:refused(not-writable) F:refused(not-writable) O:refused(not-writable) F:refused(not-writable) O:refused(not-writable) F:refused(not-writable) O:refused(not-writable) F:refused(not-writable) O:refused(not-writable) F:refused(not-writable) O:refused(not-writable) F:refused(not-writable) O:refused(not-writable) F:refused(not-writable) O:refused(not-writable) F:refused(not-writable) O:refused(not-writable) F:refused(not-writable) O:refused(not-writable) F:refused(not-writable) O:refused(not-writable) F:refused(not-writable) O:refused(not-writable) F:refused(not-writable) O:refused(not-writable) F:refused(not-writable) O:refused(not-writable) F:refused(not-writable) O:refused(not-writable)	mount-err:Recovery(UnitUnreadable { slot: SlotNumber(50182) })	same	-	[0, 0]	0	0	[0, 0]	0	0	0	6	-	[]	0	0
F9-bad-media-rw-forever	N3-iso-persisted	FFMMMFOFOFOFOFOFOFOFOFOFOFOFOFOFOFO	F:noop F:noop M:mount-err:Recovery(UnitUnreadable { slot: SlotNumber(50182) }) M:mount-err:Recovery(UnitUnreadable { slot: SlotNumber(50182) }) M:mount-err:Recovery(UnitUnreadable { slot: SlotNumber(50182) }) F:refused(not-writable) O:refused(not-writable) F:refused(not-writable) O:refused(not-writable) F:refused(not-writable) O:refused(not-writable) F:refused(not-writable) O:refused(not-writable) F:refused(not-writable) O:refused(not-writable) F:refused(not-writable) O:refused(not-writable) F:refused(not-writable) O:refused(not-writable) F:refused(not-writable) O:refused(not-writable) F:refused(not-writable) O:refused(not-writable) F:refused(not-writable) O:refused(not-writable) F:refused(not-writable) O:refused(not-writable) F:refused(not-writable) O:refused(not-writable) F:refused(not-writable) O:refused(not-writable) F:refused(not-writable) O:refused(not-writable) F:refused(not-writable) O:refused(not-writable)	mount-err:Recovery(UnitUnreadable { slot: SlotNumber(50182) })	same	-	[0, 0]	0	0	[0, 0]	0	0	0	8	-	[]	0	0
F9-bad-media-rw-forever	N3-iso-persisted	FFFOMFOFOFOFOFOFOFOFOFOFOFOFOFOFOFO	F:noop F:noop F:noop O:ok M:ok F:noop O:ok F:ok(F=3,reclaimed=1) O:ok F:ok(F=6,reclaimed=17) O:ok F:ok(F=7,reclaimed=8) O:ok F:ok(F=11,reclaimed=21) O:ok F:ok(F=14,reclaimed=16) O:ok F:ok(F=17,reclaimed=16) O:ok F:ok(F=20,reclaimed=16) O:ok F:ok(F=23,reclaimed=16) O:ok F:ok(F=26,reclaimed=16) O:ok F:ok(F=29,reclaimed=16) O:ok F:ok(F=32,reclaimed=16) O:ok F:ok(F=35,reclaimed=16) O:ok F:ok(F=38,reclaimed=16) O:ok F:ok(F=41,reclaimed=16) O:ok	ok	same	-	[2, 2]	4	0	[2, 2]	159	3145728	0	2	t1@50182:released-and-isolated	[]	0	0
F9-bad-media-rw-forever	N3-iso-persisted	FFOFMFOFOFOFOFOFOFOFOFOFOFOFOFOFOFO	F:noop F:noop O:ok F:noop M:ok F:noop O:ok F:ok(F=3,reclaimed=1) O:ok F:ok(F=6,reclaimed=17) O:ok F:ok(F=7,reclaimed=8) O:ok F:ok(F=11,reclaimed=21) O:ok F:ok(F=14,reclaimed=16) O:ok F:ok(F=17,reclaimed=16) O:ok F:ok(F=20,reclaimed=16) O:ok F:ok(F=23,reclaimed=16) O:ok F:ok(F=26,reclaimed=16) O:ok F:ok(F=29,reclaimed=16) O:ok F:ok(F=32,reclaimed=16) O:ok F:ok(F=35,reclaimed=16) O:ok F:ok(F=38,reclaimed=16) O:ok F:ok(F=41,reclaimed=16) O:ok	ok	same	-	[2, 2]	4	0	[2, 2]	159	3145728	0	2	t1@50182:released-and-isolated	[]	0	0
F9-bad-media-rw-forever	N3-iso-persisted	FFOMMFOFOFOFOFOFOFOFOFOFOFOFOFOFOFO	F:noop F:noop O:ok M:ok M:ok F:noop O:ok F:ok(F=3,reclaimed=1) O:ok F:ok(F=6,reclaimed=17) O:ok F:ok(F=7,reclaimed=8) O:ok F:ok(F=14,reclaimed=34) O:ok F:ok(F=17,reclaimed=16) O:ok F:ok(F=20,reclaimed=16) O:ok F:ok(F=23,reclaimed=16) O:ok F:ok(F=26,reclaimed=16) O:ok F:ok(F=29,reclaimed=16) O:ok F:ok(F=32,reclaimed=16) O:ok F:ok(F=35,reclaimed=16) O:ok F:ok(F=38,reclaimed=16) O:ok F:ok(F=41,reclaimed=16) O:ok F:ok(F=44,reclaimed=16) O:ok	ok	same	-	[2, 2]	4	0	[2, 2]	165	3244032	0	2	t1@50182:released-and-isolated	[]	0	0
F9-bad-media-rw-forever	N3-iso-persisted	FMFFMFOFOFOFOFOFOFOFOFOFOFOFOFOFOFO	F:noop M:mount-err:Recovery(UnitUnreadable { slot: SlotNumber(50182) }) F:refused(not-writable) F:refused(not-writable) M:mount-err:Recovery(UnitUnreadable { slot: SlotNumber(50182) }) F:refused(not-writable) O:refused(not-writable) F:refused(not-writable) O:refused(not-writable) F:refused(not-writable) O:refused(not-writable) F:refused(not-writable) O:refused(not-writable) F:refused(not-writable) O:refused(not-writable) F:refused(not-writable) O:refused(not-writable) F:refused(not-writable) O:refused(not-writable) F:refused(not-writable) O:refused(not-writable) F:refused(not-writable) O:refused(not-writable) F:refused(not-writable) O:refused(not-writable) F:refused(not-writable) O:refused(not-writable) F:refused(not-writable) O:refused(not-writable) F:refused(not-writable) O:refused(not-writable) F:refused(not-writable) O:refused(not-writable) F:refused(not-writable) O:refused(not-writable)	mount-err:Recovery(UnitUnreadable { slot: SlotNumber(50182) })	same	-	[0, 0]	0	0	[0, 0]	0	0	0	6	-	[]	0	0
F9-bad-media-rw-forever	N3-iso-persisted	FMFOMFOFOFOFOFOFOFOFOFOFOFOFOFOFOFO	F:noop M:mount-err:Recovery(UnitUnreadable { slot: SlotNumber(50182) }) F:refused(not-writable) O:refused(not-writable) M:mount-err:Recovery(UnitUnreadable { slot: SlotNumber(50182) }) F:refused(not-writable) O:refused(not-writable) F:refused(not-writable) O:refused(not-writable) F:refused(not-writable) O:refused(not-writable) F:refused(not-writable) O:refused(not-writable) F:refused(not-writable) O:refused(not-writable) F:refused(not-writable) O:refused(not-writable) F:refused(not-writable) O:refused(not-writable) F:refused(not-writable) O:refused(not-writable) F:refused(not-writable) O:refused(not-writable) F:refused(not-writable) O:refused(not-writable) F:refused(not-writable) O:refused(not-writable) F:refused(not-writable) O:refused(not-writable) F:refused(not-writable) O:refused(not-writable) F:refused(not-writable) O:refused(not-writable) F:refused(not-writable) O:refused(not-writable)	mount-err:Recovery(UnitUnreadable { slot: SlotNumber(50182) })	same	-	[0, 0]	0	0	[0, 0]	0	0	0	6	-	[]	0	0
F9-bad-media-rw-forever	N3-iso-persisted	FFOOMFOFOFOFOFOFOFOFOFOFOFOFOFOFOFO	F:noop F:noop O:ok O:ok M:ok F:ok(F=3,reclaimed=1) O:ok F:ok(F=6,reclaimed=17) O:ok F:ok(F=7,reclaimed=8) O:ok F:ok(F=8,reclaimed=8) O:ok F:ok(F=14,reclaimed=29) O:ok F:ok(F=17,reclaimed=16) O:ok F:ok(F=20,reclaimed=16) O:ok F:ok(F=23,reclaimed=16) O:ok F:ok(F=26,reclaimed=16) O:ok F:ok(F=29,reclaimed=16) O:ok F:ok(F=32,reclaimed=16) O:ok F:ok(F=35,reclaimed=16) O:ok F:ok(F=38,reclaimed=16) O:ok F:ok(F=41,reclaimed=16) O:ok F:ok(F=44,reclaimed=16) O:ok	ok	same	-	[2, 2]	4	0	[2, 2]	169	3342336	0	2	t1@50182:released-and-isolated	[]	0	0
F9-bad-media-rw-forever	N3-iso-persisted	FMFMMFOFOFOFOFOFOFOFOFOFOFOFOFOFOFO	F:noop M:mount-err:Recovery(UnitUnreadable { slot: SlotNumber(50182) }) F:refused(not-writable) M:mount-err:Recovery(UnitUnreadable { slot: SlotNumber(50182) }) M:mount-err:Recovery(UnitUnreadable { slot: SlotNumber(50182) }) F:refused(not-writable) O:refused(not-writable) F:refused(not-writable) O:refused(not-writable) F:refused(not-writable) O:refused(not-writable) F:refused(not-writable) O:refused(not-writable) F:refused(not-writable) O:refused(not-writable) F:refused(not-writable) O:refused(not-writable) F:refused(not-writable) O:refused(not-writable) F:refused(not-writable) O:refused(not-writable) F:refused(not-writable) O:refused(not-writable) F:refused(not-writable) O:refused(not-writable) F:refused(not-writable) O:refused(not-writable) F:refused(not-writable) O:refused(not-writable) F:refused(not-writable) O:refused(not-writable) F:refused(not-writable) O:refused(not-writable) F:refused(not-writable) O:refused(not-writable)	mount-err:Recovery(UnitUnreadable { slot: SlotNumber(50182) })	same	-	[0, 0]	0	0	[0, 0]	0	0	0	8	-	[]	0	0
F9-bad-media-rw-forever	N3-iso-persisted	FMMFMFOFOFOFOFOFOFOFOFOFOFOFOFOFOFO	F:noop M:mount-err:Recovery(UnitUnreadable { slot: SlotNumber(50182) }) M:mount-err:Recovery(UnitUnreadable { slot: SlotNumber(50182) }) F:refused(not-writable) M:mount-err:Recovery(UnitUnreadable { slot: SlotNumber(50182) }) F:refused(not-writable) O:refused(not-writable) F:refused(not-writable) O:refused(not-writable) F:refused(not-writable) O:refused(not-writable) F:refused(not-writable) O:refused(not-writable) F:refused(not-writable) O:refused(not-writable) F:refused(not-writable) O:refused(not-writable) F:refused(not-writable) O:refused(not-writable) F:refused(not-writable) O:refused(not-writable) F:refused(not-writable) O:refused(not-writable) F:refused(not-writable) O:refused(not-writable) F:refused(not-writable) O:refused(not-writable) F:refused(not-writable) O:refused(not-writable) F:refused(not-writable) O:refused(not-writable) F:refused(not-writable) O:refused(not-writable) F:refused(not-writable) O:refused(not-writable)	mount-err:Recovery(UnitUnreadable { slot: SlotNumber(50182) })	same	-	[0, 0]	0	0	[0, 0]	0	0	0	8	-	[]	0	0
F9-bad-media-rw-forever	N3-iso-persisted	FMOFMFOFOFOFOFOFOFOFOFOFOFOFOFOFOFO	F:noop M:mount-err:Recovery(UnitUnreadable { slot: SlotNumber(50182) }) O:refused(not-writable) F:refused(not-writable) M:mount-err:Recovery(UnitUnreadable { slot: SlotNumber(50182) }) F:refused(not-writable) O:refused(not-writable) F:refused(not-writable) O:refused(not-writable) F:refused(not-writable) O:refused(not-writable) F:refused(not-writable) O:refused(not-writable) F:refused(not-writable) O:refused(not-writable) F:refused(not-writable) O:refused(not-writable) F:refused(not-writable) O:refused(not-writable) F:refused(not-writable) O:refused(not-writable) F:refused(not-writable) O:refused(not-writable) F:refused(not-writable) O:refused(not-writable) F:refused(not-writable) O:refused(not-writable) F:refused(not-writable) O:refused(not-writable) F:refused(not-writable) O:refused(not-writable) F:refused(not-writable) O:refused(not-writable) F:refused(not-writable) O:refused(not-writable)	mount-err:Recovery(UnitUnreadable { slot: SlotNumber(50182) })	same	-	[0, 0]	0	0	[0, 0]	0	0	0	6	-	[]	0	0
F9-bad-media-rw-forever	N3-iso-persisted	FMMOMFOFOFOFOFOFOFOFOFOFOFOFOFOFOFO	F:noop M:mount-err:Recovery(UnitUnreadable { slot: SlotNumber(50182) }) M:mount-err:Recovery(UnitUnreadable { slot: SlotNumber(50182) }) O:refused(not-writable) M:mount-err:Recovery(UnitUnreadable { slot: SlotNumber(50182) }) F:refused(not-writable) O:refused(not-writable) F:refused(not-writable) O:refused(not-writable) F:refused(not-writable) O:refused(not-writable) F:refused(not-writable) O:refused(not-writable) F:refused(not-writable) O:refused(not-writable) F:refused(not-writable) O:refused(not-writable) F:refused(not-writable) O:refused(not-writable) F:refused(not-writable) O:refused(not-writable) F:refused(not-writable) O:refused(not-writable) F:refused(not-writable) O:refused(not-writable) F:refused(not-writable) O:refused(not-writable) F:refused(not-writable) O:refused(not-writable) F:refused(not-writable) O:refused(not-writable) F:refused(not-writable) O:refused(not-writable) F:refused(not-writable) O:refused(not-writable)	mount-err:Recovery(UnitUnreadable { slot: SlotNumber(50182) })	same	-	[0, 0]	0	0	[0, 0]	0	0	0	8	-	[]	0	0
F9-bad-media-rw-forever	N3-iso-persisted	FMMMMFOFOFOFOFOFOFOFOFOFOFOFOFOFOFO	F:noop M:mount-err:Recovery(UnitUnreadable { slot: SlotNumber(50182) }) M:mount-err:Recovery(UnitUnreadable { slot: SlotNumber(50182) }) M:mount-err:Recovery(UnitUnreadable { slot: SlotNumber(50182) }) M:mount-err:Recovery(UnitUnreadable { slot: SlotNumber(50182) }) F:refused(not-writable) O:refused(not-writable) F:refused(not-writable) O:refused(not-writable) F:refused(not-writable) O:refused(not-writable) F:refused(not-writable) O:refused(not-writable) F:refused(not-writable) O:refused(not-writable) F:refused(not-writable) O:refused(not-writable) F:refused(not-writable) O:refused(not-writable) F:refused(not-writable) O:refused(not-writable) F:refused(not-writable) O:refused(not-writable) F:refused(not-writable) O:refused(not-writable) F:refused(not-writable) O:refused(not-writable) F:refused(not-writable) O:refused(not-writable) F:refused(not-writable) O:refused(not-writable) F:refused(not-writable) O:refused(not-writable) F:refused(not-writable) O:refused(not-writable)	mount-err:Recovery(UnitUnreadable { slot: SlotNumber(50182) })	same	-	[0, 0]	0	0	[0, 0]	0	0	0	10	-	[]	0	0
F9-bad-media-rw-forever	N3-iso-persisted	FMOOMFOFOFOFOFOFOFOFOFOFOFOFOFOFOFO	F:noop M:mount-err:Recovery(UnitUnreadable { slot: SlotNumber(50182) }) O:refused(not-writable) O:refused(not-writable) M:mount-err:Recovery(UnitUnreadable { slot: SlotNumber(50182) }) F:refused(not-writable) O:refused(not-writable) F:refused(not-writable) O:refused(not-writable) F:refused(not-writable) O:refused(not-writable) F:refused(not-writable) O:refused(not-writable) F:refused(not-writable) O:refused(not-writable) F:refused(not-writable) O:refused(not-writable) F:refused(not-writable) O:refused(not-writable) F:refused(not-writable) O:refused(not-writable) F:refused(not-writable) O:refused(not-writable) F:refused(not-writable) O:refused(not-writable) F:refused(not-writable) O:refused(not-writable) F:refused(not-writable) O:refused(not-writable) F:refused(not-writable) O:refused(not-writable) F:refused(not-writable) O:refused(not-writable) F:refused(not-writable) O:refused(not-writable)	mount-err:Recovery(UnitUnreadable { slot: SlotNumber(50182) })	same	-	[0, 0]	0	0	[0, 0]	0	0	0	6	-	[]	0	0
F9-bad-media-rw-forever	N3-iso-persisted	FMOMMFOFOFOFOFOFOFOFOFOFOFOFOFOFOFO	F:noop M:mount-err:Recovery(UnitUnreadable { slot: SlotNumber(50182) }) O:refused(not-writable) M:mount-err:Recovery(UnitUnreadable { slot: SlotNumber(50182) }) M:mount-err:Recovery(UnitUnreadable { slot: SlotNumber(50182) }) F:refused(not-writable) O:refused(not-writable) F:refused(not-writable) O:refused(not-writable) F:refused(not-writable) O:refused(not-writable) F:refused(not-writable) O:refused(not-writable) F:refused(not-writable) O:refused(not-writable) F:refused(not-writable) O:refused(not-writable) F:refused(not-writable) O:refused(not-writable) F:refused(not-writable) O:refused(not-writable) F:refused(not-writable) O:refused(not-writable) F:refused(not-writable) O:refused(not-writable) F:refused(not-writable) O:refused(not-writable) F:refused(not-writable) O:refused(not-writable) F:refused(not-writable) O:refused(not-writable) F:refused(not-writable) O:refused(not-writable) F:refused(not-writable) O:refused(not-writable)	mount-err:Recovery(UnitUnreadable { slot: SlotNumber(50182) })	same	-	[0, 0]	0	0	[0, 0]	0	0	0	8	-	[]	0	0
F9-bad-media-rw-forever	N3-iso-persisted	FOFFMFOFOFOFOFOFOFOFOFOFOFOFOFOFOFO	F:noop O:ok F:noop F:noop M:ok F:noop O:ok F:ok(F=3,reclaimed=1) O:ok F:ok(F=6,reclaimed=17) O:ok F:ok(F=7,reclaimed=8) O:ok F:ok(F=11,reclaimed=21) O:ok F:ok(F=14,reclaimed=16) O:ok F:ok(F=17,reclaimed=16) O:ok F:ok(F=20,reclaimed=16) O:ok F:ok(F=23,reclaimed=16) O:ok F:ok(F=26,reclaimed=16) O:ok F:ok(F=29,reclaimed=16) O:ok F:ok(F=32,reclaimed=16) O:ok F:ok(F=35,reclaimed=16) O:ok F:ok(F=38,reclaimed=16) O:ok F:ok(F=41,reclaimed=16) O:ok	ok	same	-	[2, 2]	4	0	[2, 2]	159	3145728	0	2	t1@50182:released-and-isolated	[]	0	0
F9-bad-media-rw-forever	N3-iso-persisted	FOFOMFOFOFOFOFOFOFOFOFOFOFOFOFOFOFO	F:noop O:ok F:noop O:ok M:ok F:ok(F=3,reclaimed=1) O:ok F:ok(F=6,reclaimed=17) O:ok F:ok(F=7,reclaimed=8) O:ok F:ok(F=8,reclaimed=8) O:ok F:ok(F=14,reclaimed=29) O:ok F:ok(F=17,reclaimed=16) O:ok F:ok(F=20,reclaimed=16) O:ok F:ok(F=23,reclaimed=16) O:ok F:ok(F=26,reclaimed=16) O:ok F:ok(F=29,reclaimed=16) O:ok F:ok(F=32,reclaimed=16) O:ok F:ok(F=35,reclaimed=16) O:ok F:ok(F=38,reclaimed=16) O:ok F:ok(F=41,reclaimed=16) O:ok F:ok(F=44,reclaimed=16) O:ok	ok	same	-	[2, 2]	4	0	[2, 2]	169	3342336	0	2	t1@50182:released-and-isolated	[]	0	0
F9-bad-media-rw-forever	N3-iso-persisted	FOFMMFOFOFOFOFOFOFOFOFOFOFOFOFOFOFO	F:noop O:ok F:noop M:ok M:ok F:noop O:ok F:ok(F=3,reclaimed=1) O:ok F:ok(F=6,reclaimed=17) O:ok F:ok(F=7,reclaimed=8) O:ok F:ok(F=14,reclaimed=34) O:ok F:ok(F=17,reclaimed=16) O:ok F:ok(F=20,reclaimed=16) O:ok F:ok(F=23,reclaimed=16) O:ok F:ok(F=26,reclaimed=16) O:ok F:ok(F=29,reclaimed=16) O:ok F:ok(F=32,reclaimed=16) O:ok F:ok(F=35,reclaimed=16) O:ok F:ok(F=38,reclaimed=16) O:ok F:ok(F=41,reclaimed=16) O:ok F:ok(F=44,reclaimed=16) O:ok	ok	same	-	[2, 2]	4	0	[2, 2]	165	3244032	0	2	t1@50182:released-and-isolated	[]	0	0
F9-bad-media-rw-forever	N3-iso-persisted	FOMFMFOFOFOFOFOFOFOFOFOFOFOFOFOFOFO	F:noop O:ok M:ok F:noop M:ok F:noop O:ok F:ok(F=3,reclaimed=1) O:ok F:ok(F=6,reclaimed=17) O:ok F:ok(F=7,reclaimed=8) O:ok F:ok(F=14,reclaimed=34) O:ok F:ok(F=17,reclaimed=16) O:ok F:ok(F=20,reclaimed=16) O:ok F:ok(F=23,reclaimed=16) O:ok F:ok(F=26,reclaimed=16) O:ok F:ok(F=29,reclaimed=16) O:ok F:ok(F=32,reclaimed=16) O:ok F:ok(F=35,reclaimed=16) O:ok F:ok(F=38,reclaimed=16) O:ok F:ok(F=41,reclaimed=16) O:ok F:ok(F=44,reclaimed=16) O:ok	ok	same	-	[2, 2]	4	0	[2, 2]	165	3244032	0	2	t1@50182:released-and-isolated	[]	0	0
F9-bad-media-rw-forever	N3-iso-persisted	FOMOMFOFOFOFOFOFOFOFOFOFOFOFOFOFOFO	F:noop O:ok M:ok O:ok M:ok F:ok(F=3,reclaimed=1) O:ok F:ok(F=6,reclaimed=17) O:ok F:ok(F=7,reclaimed=8) O:ok F:ok(F=11,reclaimed=21) O:ok F:ok(F=17,reclaimed=29) O:ok F:ok(F=20,reclaimed=16) O:ok F:ok(F=23,reclaimed=16) O:ok F:ok(F=26,reclaimed=16) O:ok F:ok(F=29,reclaimed=16) O:ok F:ok(F=32,reclaimed=16) O:ok F:ok(F=35,reclaimed=16) O:ok F:ok(F=38,reclaimed=16) O:ok F:ok(F=41,reclaimed=16) O:ok F:ok(F=44,reclaimed=16) O:ok F:ok(F=47,reclaimed=16) O:ok	ok	same	-	[2, 2]	4	0	[2, 2]	175	3440640	0	2	t1@50182:released-and-isolated	[]	0	0
F9-bad-media-rw-forever	N3-iso-persisted	FOMMMFOFOFOFOFOFOFOFOFOFOFOFOFOFOFO	F:noop O:ok M:ok M:ok M:ok F:noop O:ok F:ok(F=3,reclaimed=1) O:ok F:ok(F=6,reclaimed=17) O:ok F:ok(F=7,reclaimed=8) O:ok F:ok(F=17,reclaimed=47) O:ok F:ok(F=20,reclaimed=16) O:ok F:ok(F=23,reclaimed=16) O:ok F:ok(F=26,reclaimed=16) O:ok F:ok(F=29,reclaimed=16) O:ok F:ok(F=32,reclaimed=16) O:ok F:ok(F=35,reclaimed=16) O:ok F:ok(F=38,reclaimed=16) O:ok F:ok(F=41,reclaimed=16) O:ok F:ok(F=44,reclaimed=16) O:ok F:ok(F=47,reclaimed=16) O:ok	ok	same	-	[2, 2]	4	0	[2, 2]	171	3342336	0	2	t1@50182:released-and-isolated	[]	0	0
F9-bad-media-rw-forever	N3-iso-persisted	MFFFMFOFOFOFOFOFOFOFOFOFOFOFOFOFOFO	M:mount-err:Recovery(UnitUnreadable { slot: SlotNumber(50182) }) F:refused(not-writable) F:refused(not-writable) F:refused(not-writable) M:mount-err:Recovery(UnitUnreadable { slot: SlotNumber(50182) }) F:refused(not-writable) O:refused(not-writable) F:refused(not-writable) O:refused(not-writable) F:refused(not-writable) O:refused(not-writable) F:refused(not-writable) O:refused(not-writable) F:refused(not-writable) O:refused(not-writable) F:refused(not-writable) O:refused(not-writable) F:refused(not-writable) O:refused(not-writable) F:refused(not-writable) O:refused(not-writable) F:refused(not-writable) O:refused(not-writable) F:refused(not-writable) O:refused(not-writable) F:refused(not-writable) O:refused(not-writable) F:refused(not-writable) O:refused(not-writable) F:refused(not-writable) O:refused(not-writable) F:refused(not-writable) O:refused(not-writable) F:refused(not-writable) O:refused(not-writable)	mount-err:Recovery(UnitUnreadable { slot: SlotNumber(50182) })	same	-	[0, 0]	0	0	[0, 0]	0	0	0	6	-	[]	0	0
F9-bad-media-rw-forever	N3-iso-persisted	FOOFMFOFOFOFOFOFOFOFOFOFOFOFOFOFOFO	F:noop O:ok O:ok F:ok(F=3,reclaimed=1) M:ok F:noop O:ok F:ok(F=6,reclaimed=17) O:ok F:ok(F=7,reclaimed=8) O:ok F:ok(F=8,reclaimed=8) O:ok F:ok(F=14,reclaimed=29) O:ok F:ok(F=17,reclaimed=16) O:ok F:ok(F=20,reclaimed=16) O:ok F:ok(F=23,reclaimed=16) O:ok F:ok(F=26,reclaimed=16) O:ok F:ok(F=29,reclaimed=16) O:ok F:ok(F=32,reclaimed=16) O:ok F:ok(F=35,reclaimed=16) O:ok F:ok(F=38,reclaimed=16) O:ok F:ok(F=41,reclaimed=16) O:ok F:ok(F=44,reclaimed=16) O:ok	ok	same	-	[2, 2]	4	0	[2, 2]	169	3342336	0	2	t1@50182:released-and-isolated	[]	0	0
F9-bad-media-rw-forever	N3-iso-persisted	FOOOMFOFOFOFOFOFOFOFOFOFOFOFOFOFOFO	F:noop O:ok O:ok O:ok M:ok F:ok(F=6,reclaimed=18) O:ok F:ok(F=7,reclaimed=8) O:ok F:ok(F=8,reclaimed=8) O:ok F:ok(F=9,reclaimed=8) O:ok F:ok(F=14,reclaimed=25) O:ok F:ok(F=17,reclaimed=16) O:ok F:ok(F=20,reclaimed=16) O:ok F:ok(F=23,reclaimed=16) O:ok F:ok(F=26,reclaimed=16) O:ok F:ok(F=29,reclaimed=16) O:ok F:ok(F=32,reclaimed=16) O:ok F:ok(F=35,reclaimed=16) O:ok F:ok(F=38,reclaimed=16) O:ok F:ok(F=41,reclaimed=16) O:ok F:ok(F=44,reclaimed=16) O:ok	ok	same	-	[2, 2]	4	0	[2, 2]	173	3440640	0	2	t1@50182:released-and-isolated	[]	0	0
F9-bad-media-rw-forever	N3-iso-persisted	FOOMMFOFOFOFOFOFOFOFOFOFOFOFOFOFOFO	F:noop O:ok O:ok M:ok M:ok F:ok(F=3,reclaimed=1) O:ok F:ok(F=6,reclaimed=17) O:ok F:ok(F=7,reclaimed=8) O:ok F:ok(F=8,reclaimed=8) O:ok F:ok(F=17,reclaimed=42) O:ok F:ok(F=20,reclaimed=16) O:ok F:ok(F=23,reclaimed=16) O:ok F:ok(F=26,reclaimed=16) O:ok F:ok(F=29,reclaimed=16) O:ok F:ok(F=32,reclaimed=16) O:ok F:ok(F=35,reclaimed=16) O:ok F:ok(F=38,reclaimed=16) O:ok F:ok(F=41,reclaimed=16) O:ok F:ok(F=44,reclaimed=16) O:ok F:ok(F=47,reclaimed=16) O:ok	ok	same	-	[2, 2]	4	0	[2, 2]	175	3440640	0	2	t1@50182:released-and-isolated	[]	0	0
F9-bad-media-rw-forever	N3-iso-persisted	MFFOMFOFOFOFOFOFOFOFOFOFOFOFOFOFOFO	M:mount-err:Recovery(UnitUnreadable { slot: SlotNumber(50182) }) F:refused(not-writable) F:refused(not-writable) O:refused(not-writable) M:mount-err:Recovery(UnitUnreadable { slot: SlotNumber(50182) }) F:refused(not-writable) O:refused(not-writable) F:refused(not-writable) O:refused(not-writable) F:refused(not-writable) O:refused(not-writable) F:refused(not-writable) O:refused(not-writable) F:refused(not-writable) O:refused(not-writable) F:refused(not-writable) O:refused(not-writable) F:refused(not-writable) O:refused(not-writable) F:refused(not-writable) O:refused(not-writable) F:refused(not-writable) O:refused(not-writable) F:refused(not-writable) O:refused(not-writable) F:refused(not-writable) O:refused(not-writable) F:refused(not-writable) O:refused(not-writable) F:refused(not-writable) O:refused(not-writable) F:refused(not-writable) O:refused(not-writable) F:refused(not-writable) O:refused(not-writable)	mount-err:Recovery(UnitUnreadable { slot: SlotNumber(50182) })	same	-	[0, 0]	0	0	[0, 0]	0	0	0	6	-	[]	0	0
F9-bad-media-rw-forever	N3-iso-persisted	MFFMMFOFOFOFOFOFOFOFOFOFOFOFOFOFOFO	M:mount-err:Recovery(UnitUnreadable { slot: SlotNumber(50182) }) F:refused(not-writable) F:refused(not-writable) M:mount-err:Recovery(UnitUnreadable { slot: SlotNumber(50182) }) M:mount-err:Recovery(UnitUnreadable { slot: SlotNumber(50182) }) F:refused(not-writable) O:refused(not-writable) F:refused(not-writable) O:refused(not-writable) F:refused(not-writable) O:refused(not-writable) F:refused(not-writable) O:refused(not-writable) F:refused(not-writable) O:refused(not-writable) F:refused(not-writable) O:refused(not-writable) F:refused(not-writable) O:refused(not-writable) F:refused(not-writable) O:refused(not-writable) F:refused(not-writable) O:refused(not-writable) F:refused(not-writable) O:refused(not-writable) F:refused(not-writable) O:refused(not-writable) F:refused(not-writable) O:refused(not-writable) F:refused(not-writable) O:refused(not-writable) F:refused(not-writable) O:refused(not-writable) F:refused(not-writable) O:refused(not-writable)	mount-err:Recovery(UnitUnreadable { slot: SlotNumber(50182) })	same	-	[0, 0]	0	0	[0, 0]	0	0	0	8	-	[]	0	0
F9-bad-media-rw-forever	N3-iso-persisted	MFMFMFOFOFOFOFOFOFOFOFOFOFOFOFOFOFO	M:mount-err:Recovery(UnitUnreadable { slot: SlotNumber(50182) }) F:refused(not-writable) M:mount-err:Recovery(UnitUnreadable { slot: SlotNumber(50182) }) F:refused(not-writable) M:mount-err:Recovery(UnitUnreadable { slot: SlotNumber(50182) }) F:refused(not-writable) O:refused(not-writable) F:refused(not-writable) O:refused(not-writable) F:refused(not-writable) O:refused(not-writable) F:refused(not-writable) O:refused(not-writable) F:refused(not-writable) O:refused(not-writable) F:refused(not-writable) O:refused(not-writable) F:refused(not-writable) O:refused(not-writable) F:refused(not-writable) O:refused(not-writable) F:refused(not-writable) O:refused(not-writable) F:refused(not-writable) O:refused(not-writable) F:refused(not-writable) O:refused(not-writable) F:refused(not-writable) O:refused(not-writable) F:refused(not-writable) O:refused(not-writable) F:refused(not-writable) O:refused(not-writable) F:refused(not-writable) O:refused(not-writable)	mount-err:Recovery(UnitUnreadable { slot: SlotNumber(50182) })	same	-	[0, 0]	0	0	[0, 0]	0	0	0	8	-	[]	0	0
F9-bad-media-rw-forever	N3-iso-persisted	MFOFMFOFOFOFOFOFOFOFOFOFOFOFOFOFOFO	M:mount-err:Recovery(UnitUnreadable { slot: SlotNumber(50182) }) F:refused(not-writable) O:refused(not-writable) F:refused(not-writable) M:mount-err:Recovery(UnitUnreadable { slot: SlotNumber(50182) }) F:refused(not-writable) O:refused(not-writable) F:refused(not-writable) O:refused(not-writable) F:refused(not-writable) O:refused(not-writable) F:refused(not-writable) O:refused(not-writable) F:refused(not-writable) O:refused(not-writable) F:refused(not-writable) O:refused(not-writable) F:refused(not-writable) O:refused(not-writable) F:refused(not-writable) O:refused(not-writable) F:refused(not-writable) O:refused(not-writable) F:refused(not-writable) O:refused(not-writable) F:refused(not-writable) O:refused(not-writable) F:refused(not-writable) O:refused(not-writable) F:refused(not-writable) O:refused(not-writable) F:refused(not-writable) O:refused(not-writable) F:refused(not-writable) O:refused(not-writable)	mount-err:Recovery(UnitUnreadable { slot: SlotNumber(50182) })	same	-	[0, 0]	0	0	[0, 0]	0	0	0	6	-	[]	0	0
F9-bad-media-rw-forever	N3-iso-persisted	MFMMMFOFOFOFOFOFOFOFOFOFOFOFOFOFOFO	M:mount-err:Recovery(UnitUnreadable { slot: SlotNumber(50182) }) F:refused(not-writable) M:mount-err:Recovery(UnitUnreadable { slot: SlotNumber(50182) }) M:mount-err:Recovery(UnitUnreadable { slot: SlotNumber(50182) }) M:mount-err:Recovery(UnitUnreadable { slot: SlotNumber(50182) }) F:refused(not-writable) O:refused(not-writable) F:refused(not-writable) O:refused(not-writable) F:refused(not-writable) O:refused(not-writable) F:refused(not-writable) O:refused(not-writable) F:refused(not-writable) O:refused(not-writable) F:refused(not-writable) O:refused(not-writable) F:refused(not-writable) O:refused(not-writable) F:refused(not-writable) O:refused(not-writable) F:refused(not-writable) O:refused(not-writable) F:refused(not-writable) O:refused(not-writable) F:refused(not-writable) O:refused(not-writable) F:refused(not-writable) O:refused(not-writable) F:refused(not-writable) O:refused(not-writable) F:refused(not-writable) O:refused(not-writable) F:refused(not-writable) O:refused(not-writable)	mount-err:Recovery(UnitUnreadable { slot: SlotNumber(50182) })	same	-	[0, 0]	0	0	[0, 0]	0	0	0	10	-	[]	0	0
F9-bad-media-rw-forever	N3-iso-persisted	MFMOMFOFOFOFOFOFOFOFOFOFOFOFOFOFOFO	M:mount-err:Recovery(UnitUnreadable { slot: SlotNumber(50182) }) F:refused(not-writable) M:mount-err:Recovery(UnitUnreadable { slot: SlotNumber(50182) }) O:refused(not-writable) M:mount-err:Recovery(UnitUnreadable { slot: SlotNumber(50182) }) F:refused(not-writable) O:refused(not-writable) F:refused(not-writable) O:refused(not-writable) F:refused(not-writable) O:refused(not-writable) F:refused(not-writable) O:refused(not-writable) F:refused(not-writable) O:refused(not-writable) F:refused(not-writable) O:refused(not-writable) F:refused(not-writable) O:refused(not-writable) F:refused(not-writable) O:refused(not-writable) F:refused(not-writable) O:refused(not-writable) F:refused(not-writable) O:refused(not-writable) F:refused(not-writable) O:refused(not-writable) F:refused(not-writable) O:refused(not-writable) F:refused(not-writable) O:refused(not-writable) F:refused(not-writable) O:refused(not-writable) F:refused(not-writable) O:refused(not-writable)	mount-err:Recovery(UnitUnreadable { slot: SlotNumber(50182) })	same	-	[0, 0]	0	0	[0, 0]	0	0	0	8	-	[]	0	0
F9-bad-media-rw-forever	N3-iso-persisted	MFOMMFOFOFOFOFOFOFOFOFOFOFOFOFOFOFO	M:mount-err:Recovery(UnitUnreadable { slot: SlotNumber(50182) }) F:refused(not-writable) O:refused(not-writable) M:mount-err:Recovery(UnitUnreadable { slot: SlotNumber(50182) }) M:mount-err:Recovery(UnitUnreadable { slot: SlotNumber(50182) }) F:refused(not-writable) O:refused(not-writable) F:refused(not-writable) O:refused(not-writable) F:refused(not-writable) O:refused(not-writable) F:refused(not-writable) O:refused(not-writable) F:refused(not-writable) O:refused(not-writable) F:refused(not-writable) O:refused(not-writable) F:refused(not-writable) O:refused(not-writable) F:refused(not-writable) O:refused(not-writable) F:refused(not-writable) O:refused(not-writable) F:refused(not-writable) O:refused(not-writable) F:refused(not-writable) O:refused(not-writable) F:refused(not-writable) O:refused(not-writable) F:refused(not-writable) O:refused(not-writable) F:refused(not-writable) O:refused(not-writable) F:refused(not-writable) O:refused(not-writable)	mount-err:Recovery(UnitUnreadable { slot: SlotNumber(50182) })	same	-	[0, 0]	0	0	[0, 0]	0	0	0	8	-	[]	0	0
F9-bad-media-rw-forever	N3-iso-persisted	MFOOMFOFOFOFOFOFOFOFOFOFOFOFOFOFOFO	M:mount-err:Recovery(UnitUnreadable { slot: SlotNumber(50182) }) F:refused(not-writable) O:refused(not-writable) O:refused(not-writable) M:mount-err:Recovery(UnitUnreadable { slot: SlotNumber(50182) }) F:refused(not-writable) O:refused(not-writable) F:refused(not-writable) O:refused(not-writable) F:refused(not-writable) O:refused(not-writable) F:refused(not-writable) O:refused(not-writable) F:refused(not-writable) O:refused(not-writable) F:refused(not-writable) O:refused(not-writable) F:refused(not-writable) O:refused(not-writable) F:refused(not-writable) O:refused(not-writable) F:refused(not-writable) O:refused(not-writable) F:refused(not-writable) O:refused(not-writable) F:refused(not-writable) O:refused(not-writable) F:refused(not-writable) O:refused(not-writable) F:refused(not-writable) O:refused(not-writable) F:refused(not-writable) O:refused(not-writable) F:refused(not-writable) O:refused(not-writable)	mount-err:Recovery(UnitUnreadable { slot: SlotNumber(50182) })	same	-	[0, 0]	0	0	[0, 0]	0	0	0	6	-	[]	0	0
F9-bad-media-rw-forever	N3-iso-persisted	MMFFMFOFOFOFOFOFOFOFOFOFOFOFOFOFOFO	M:mount-err:Recovery(UnitUnreadable { slot: SlotNumber(50182) }) M:mount-err:Recovery(UnitUnreadable { slot: SlotNumber(50182) }) F:refused(not-writable) F:refused(not-writable) M:mount-err:Recovery(UnitUnreadable { slot: SlotNumber(50182) }) F:refused(not-writable) O:refused(not-writable) F:refused(not-writable) O:refused(not-writable) F:refused(not-writable) O:refused(not-writable) F:refused(not-writable) O:refused(not-writable) F:refused(not-writable) O:refused(not-writable) F:refused(not-writable) O:refused(not-writable) F:refused(not-writable) O:refused(not-writable) F:refused(not-writable) O:refused(not-writable) F:refused(not-writable) O:refused(not-writable) F:refused(not-writable) O:refused(not-writable) F:refused(not-writable) O:refused(not-writable) F:refused(not-writable) O:refused(not-writable) F:refused(not-writable) O:refused(not-writable) F:refused(not-writable) O:refused(not-writable) F:refused(not-writable) O:refused(not-writable)	mount-err:Recovery(UnitUnreadable { slot: SlotNumber(50182) })	same	-	[0, 0]	0	0	[0, 0]	0	0	0	8	-	[]	0	0
F9-bad-media-rw-forever	N3-iso-persisted	MMFMMFOFOFOFOFOFOFOFOFOFOFOFOFOFOFO	M:mount-err:Recovery(UnitUnreadable { slot: SlotNumber(50182) }) M:mount-err:Recovery(UnitUnreadable { slot: SlotNumber(50182) }) F:refused(not-writable) M:mount-err:Recovery(UnitUnreadable { slot: SlotNumber(50182) }) M:mount-err:Recovery(UnitUnreadable { slot: SlotNumber(50182) }) F:refused(not-writable) O:refused(not-writable) F:refused(not-writable) O:refused(not-writable) F:refused(not-writable) O:refused(not-writable) F:refused(not-writable) O:refused(not-writable) F:refused(not-writable) O:refused(not-writable) F:refused(not-writable) O:refused(not-writable) F:refused(not-writable) O:refused(not-writable) F:refused(not-writable) O:refused(not-writable) F:refused(not-writable) O:refused(not-writable) F:refused(not-writable) O:refused(not-writable) F:refused(not-writable) O:refused(not-writable) F:refused(not-writable) O:refused(not-writable) F:refused(not-writable) O:refused(not-writable) F:refused(not-writable) O:refused(not-writable) F:refused(not-writable) O:refused(not-writable)	mount-err:Recovery(UnitUnreadable { slot: SlotNumber(50182) })	same	-	[0, 0]	0	0	[0, 0]	0	0	0	10	-	[]	0	0
F9-bad-media-rw-forever	N3-iso-persisted	MMFOMFOFOFOFOFOFOFOFOFOFOFOFOFOFOFO	M:mount-err:Recovery(UnitUnreadable { slot: SlotNumber(50182) }) M:mount-err:Recovery(UnitUnreadable { slot: SlotNumber(50182) }) F:refused(not-writable) O:refused(not-writable) M:mount-err:Recovery(UnitUnreadable { slot: SlotNumber(50182) }) F:refused(not-writable) O:refused(not-writable) F:refused(not-writable) O:refused(not-writable) F:refused(not-writable) O:refused(not-writable) F:refused(not-writable) O:refused(not-writable) F:refused(not-writable) O:refused(not-writable) F:refused(not-writable) O:refused(not-writable) F:refused(not-writable) O:refused(not-writable) F:refused(not-writable) O:refused(not-writable) F:refused(not-writable) O:refused(not-writable) F:refused(not-writable) O:refused(not-writable) F:refused(not-writable) O:refused(not-writable) F:refused(not-writable) O:refused(not-writable) F:refused(not-writable) O:refused(not-writable) F:refused(not-writable) O:refused(not-writable) F:refused(not-writable) O:refused(not-writable)	mount-err:Recovery(UnitUnreadable { slot: SlotNumber(50182) })	same	-	[0, 0]	0	0	[0, 0]	0	0	0	8	-	[]	0	0
F9-bad-media-rw-forever	N3-iso-persisted	MMMFMFOFOFOFOFOFOFOFOFOFOFOFOFOFOFO	M:mount-err:Recovery(UnitUnreadable { slot: SlotNumber(50182) }) M:mount-err:Recovery(UnitUnreadable { slot: SlotNumber(50182) }) M:mount-err:Recovery(UnitUnreadable { slot: SlotNumber(50182) }) F:refused(not-writable) M:mount-err:Recovery(UnitUnreadable { slot: SlotNumber(50182) }) F:refused(not-writable) O:refused(not-writable) F:refused(not-writable) O:refused(not-writable) F:refused(not-writable) O:refused(not-writable) F:refused(not-writable) O:refused(not-writable) F:refused(not-writable) O:refused(not-writable) F:refused(not-writable) O:refused(not-writable) F:refused(not-writable) O:refused(not-writable) F:refused(not-writable) O:refused(not-writable) F:refused(not-writable) O:refused(not-writable) F:refused(not-writable) O:refused(not-writable) F:refused(not-writable) O:refused(not-writable) F:refused(not-writable) O:refused(not-writable) F:refused(not-writable) O:refused(not-writable) F:refused(not-writable) O:refused(not-writable) F:refused(not-writable) O:refused(not-writable)	mount-err:Recovery(UnitUnreadable { slot: SlotNumber(50182) })	same	-	[0, 0]	0	0	[0, 0]	0	0	0	10	-	[]	0	0
F9-bad-media-rw-forever	N3-iso-persisted	MMMMMFOFOFOFOFOFOFOFOFOFOFOFOFOFOFO	M:mount-err:Recovery(UnitUnreadable { slot: SlotNumber(50182) }) M:mount-err:Recovery(UnitUnreadable { slot: SlotNumber(50182) }) M:mount-err:Recovery(UnitUnreadable { slot: SlotNumber(50182) }) M:mount-err:Recovery(UnitUnreadable { slot: SlotNumber(50182) }) M:mount-err:Recovery(UnitUnreadable { slot: SlotNumber(50182) }) F:refused(not-writable) O:refused(not-writable) F:refused(not-writable) O:refused(not-writable) F:refused(not-writable) O:refused(not-writable) F:refused(not-writable) O:refused(not-writable) F:refused(not-writable) O:refused(not-writable) F:refused(not-writable) O:refused(not-writable) F:refused(not-writable) O:refused(not-writable) F:refused(not-writable) O:refused(not-writable) F:refused(not-writable) O:refused(not-writable) F:refused(not-writable) O:refused(not-writable) F:refused(not-writable) O:refused(not-writable) F:refused(not-writable) O:refused(not-writable) F:refused(not-writable) O:refused(not-writable) F:refused(not-writable) O:refused(not-writable) F:refused(not-writable) O:refused(not-writable)	mount-err:Recovery(UnitUnreadable { slot: SlotNumber(50182) })	same	-	[0, 0]	0	0	[0, 0]	0	0	0	12	-	[]	0	0
F9-bad-media-rw-forever	N3-iso-persisted	MMOOMFOFOFOFOFOFOFOFOFOFOFOFOFOFOFO	M:mount-err:Recovery(UnitUnreadable { slot: SlotNumber(50182) }) M:mount-err:Recovery(UnitUnreadable { slot: SlotNumber(50182) }) O:refused(not-writable) O:refused(not-writable) M:mount-err:Recovery(UnitUnreadable { slot: SlotNumber(50182) }) F:refused(not-writable) O:refused(not-writable) F:refused(not-writable) O:refused(not-writable) F:refused(not-writable) O:refused(not-writable) F:refused(not-writable) O:refused(not-writable) F:refused(not-writable) O:refused(not-writable) F:refused(not-writable) O:refused(not-writable) F:refused(not-writable) O:refused(not-writable) F:refused(not-writable) O:refused(not-writable) F:refused(not-writable) O:refused(not-writable) F:refused(not-writable) O:refused(not-writable) F:refused(not-writable) O:refused(not-writable) F:refused(not-writable) O:refused(not-writable) F:refused(not-writable) O:refused(not-writable) F:refused(not-writable) O:refused(not-writable) F:refused(not-writable) O:refused(not-writable)	mount-err:Recovery(UnitUnreadable { slot: SlotNumber(50182) })	same	-	[0, 0]	0	0	[0, 0]	0	0	0	8	-	[]	0	0
F9-bad-media-rw-forever	N3-iso-persisted	MMMOMFOFOFOFOFOFOFOFOFOFOFOFOFOFOFO	M:mount-err:Recovery(UnitUnreadable { slot: SlotNumber(50182) }) M:mount-err:Recovery(UnitUnreadable { slot: SlotNumber(50182) }) M:mount-err:Recovery(UnitUnreadable { slot: SlotNumber(50182) }) O:refused(not-writable) M:mount-err:Recovery(UnitUnreadable { slot: SlotNumber(50182) }) F:refused(not-writable) O:refused(not-writable) F:refused(not-writable) O:refused(not-writable) F:refused(not-writable) O:refused(not-writable) F:refused(not-writable) O:refused(not-writable) F:refused(not-writable) O:refused(not-writable) F:refused(not-writable) O:refused(not-writable) F:refused(not-writable) O:refused(not-writable) F:refused(not-writable) O:refused(not-writable) F:refused(not-writable) O:refused(not-writable) F:refused(not-writable) O:refused(not-writable) F:refused(not-writable) O:refused(not-writable) F:refused(not-writable) O:refused(not-writable) F:refused(not-writable) O:refused(not-writable) F:refused(not-writable) O:refused(not-writable) F:refused(not-writable) O:refused(not-writable)	mount-err:Recovery(UnitUnreadable { slot: SlotNumber(50182) })	same	-	[0, 0]	0	0	[0, 0]	0	0	0	10	-	[]	0	0
F9-bad-media-rw-forever	N3-iso-persisted	MMOFMFOFOFOFOFOFOFOFOFOFOFOFOFOFOFO	M:mount-err:Recovery(UnitUnreadable { slot: SlotNumber(50182) }) M:mount-err:Recovery(UnitUnreadable { slot: SlotNumber(50182) }) O:refused(not-writable) F:refused(not-writable) M:mount-err:Recovery(UnitUnreadable { slot: SlotNumber(50182) }) F:refused(not-writable) O:refused(not-writable) F:refused(not-writable) O:refused(not-writable) F:refused(not-writable) O:refused(not-writable) F:refused(not-writable) O:refused(not-writable) F:refused(not-writable) O:refused(not-writable) F:refused(not-writable) O:refused(not-writable) F:refused(not-writable) O:refused(not-writable) F:refused(not-writable) O:refused(not-writable) F:refused(not-writable) O:refused(not-writable) F:refused(not-writable) O:refused(not-writable) F:refused(not-writable) O:refused(not-writable) F:refused(not-writable) O:refused(not-writable) F:refused(not-writable) O:refused(not-writable) F:refused(not-writable) O:refused(not-writable) F:refused(not-writable) O:refused(not-writable)	mount-err:Recovery(UnitUnreadable { slot: SlotNumber(50182) })	same	-	[0, 0]	0	0	[0, 0]	0	0	0	8	-	[]	0	0
F9-bad-media-rw-forever	N3-iso-persisted	MOFFMFOFOFOFOFOFOFOFOFOFOFOFOFOFOFO	M:mount-err:Recovery(UnitUnreadable { slot: SlotNumber(50182) }) O:refused(not-writable) F:refused(not-writable) F:refused(not-writable) M:mount-err:Recovery(UnitUnreadable { slot: SlotNumber(50182) }) F:refused(not-writable) O:refused(not-writable) F:refused(not-writable) O:refused(not-writable) F:refused(not-writable) O:refused(not-writable) F:refused(not-writable) O:refused(not-writable) F:refused(not-writable) O:refused(not-writable) F:refused(not-writable) O:refused(not-writable) F:refused(not-writable) O:refused(not-writable) F:refused(not-writable) O:refused(not-writable) F:refused(not-writable) O:refused(not-writable) F:refused(not-writable) O:refused(not-writable) F:refused(not-writable) O:refused(not-writable) F:refused(not-writable) O:refused(not-writable) F:refused(not-writable) O:refused(not-writable) F:refused(not-writable) O:refused(not-writable) F:refused(not-writable) O:refused(not-writable)	mount-err:Recovery(UnitUnreadable { slot: SlotNumber(50182) })	same	-	[0, 0]	0	0	[0, 0]	0	0	0	6	-	[]	0	0
F9-bad-media-rw-forever	N3-iso-persisted	MMOMMFOFOFOFOFOFOFOFOFOFOFOFOFOFOFO	M:mount-err:Recovery(UnitUnreadable { slot: SlotNumber(50182) }) M:mount-err:Recovery(UnitUnreadable { slot: SlotNumber(50182) }) O:refused(not-writable) M:mount-err:Recovery(UnitUnreadable { slot: SlotNumber(50182) }) M:mount-err:Recovery(UnitUnreadable { slot: SlotNumber(50182) }) F:refused(not-writable) O:refused(not-writable) F:refused(not-writable) O:refused(not-writable) F:refused(not-writable) O:refused(not-writable) F:refused(not-writable) O:refused(not-writable) F:refused(not-writable) O:refused(not-writable) F:refused(not-writable) O:refused(not-writable) F:refused(not-writable) O:refused(not-writable) F:refused(not-writable) O:refused(not-writable) F:refused(not-writable) O:refused(not-writable) F:refused(not-writable) O:refused(not-writable) F:refused(not-writable) O:refused(not-writable) F:refused(not-writable) O:refused(not-writable) F:refused(not-writable) O:refused(not-writable) F:refused(not-writable) O:refused(not-writable) F:refused(not-writable) O:refused(not-writable)	mount-err:Recovery(UnitUnreadable { slot: SlotNumber(50182) })	same	-	[0, 0]	0	0	[0, 0]	0	0	0	10	-	[]	0	0
F9-bad-media-rw-forever	N3-iso-persisted	MOFMMFOFOFOFOFOFOFOFOFOFOFOFOFOFOFO	M:mount-err:Recovery(UnitUnreadable { slot: SlotNumber(50182) }) O:refused(not-writable) F:refused(not-writable) M:mount-err:Recovery(UnitUnreadable { slot: SlotNumber(50182) }) M:mount-err:Recovery(UnitUnreadable { slot: SlotNumber(50182) }) F:refused(not-writable) O:refused(not-writable) F:refused(not-writable) O:refused(not-writable) F:refused(not-writable) O:refused(not-writable) F:refused(not-writable) O:refused(not-writable) F:refused(not-writable) O:refused(not-writable) F:refused(not-writable) O:refused(not-writable) F:refused(not-writable) O:refused(not-writable) F:refused(not-writable) O:refused(not-writable) F:refused(not-writable) O:refused(not-writable) F:refused(not-writable) O:refused(not-writable) F:refused(not-writable) O:refused(not-writable) F:refused(not-writable) O:refused(not-writable) F:refused(not-writable) O:refused(not-writable) F:refused(not-writable) O:refused(not-writable) F:refused(not-writable) O:refused(not-writable)	mount-err:Recovery(UnitUnreadable { slot: SlotNumber(50182) })	same	-	[0, 0]	0	0	[0, 0]	0	0	0	8	-	[]	0	0
F9-bad-media-rw-forever	N3-iso-persisted	MOFOMFOFOFOFOFOFOFOFOFOFOFOFOFOFOFO	M:mount-err:Recovery(UnitUnreadable { slot: SlotNumber(50182) }) O:refused(not-writable) F:refused(not-writable) O:refused(not-writable) M:mount-err:Recovery(UnitUnreadable { slot: SlotNumber(50182) }) F:refused(not-writable) O:refused(not-writable) F:refused(not-writable) O:refused(not-writable) F:refused(not-writable) O:refused(not-writable) F:refused(not-writable) O:refused(not-writable) F:refused(not-writable) O:refused(not-writable) F:refused(not-writable) O:refused(not-writable) F:refused(not-writable) O:refused(not-writable) F:refused(not-writable) O:refused(not-writable) F:refused(not-writable) O:refused(not-writable) F:refused(not-writable) O:refused(not-writable) F:refused(not-writable) O:refused(not-writable) F:refused(not-writable) O:refused(not-writable) F:refused(not-writable) O:refused(not-writable) F:refused(not-writable) O:refused(not-writable) F:refused(not-writable) O:refused(not-writable)	mount-err:Recovery(UnitUnreadable { slot: SlotNumber(50182) })	same	-	[0, 0]	0	0	[0, 0]	0	0	0	6	-	[]	0	0
F9-bad-media-rw-forever	N3-iso-persisted	MOMFMFOFOFOFOFOFOFOFOFOFOFOFOFOFOFO	M:mount-err:Recovery(UnitUnreadable { slot: SlotNumber(50182) }) O:refused(not-writable) M:mount-err:Recovery(UnitUnreadable { slot: SlotNumber(50182) }) F:refused(not-writable) M:mount-err:Recovery(UnitUnreadable { slot: SlotNumber(50182) }) F:refused(not-writable) O:refused(not-writable) F:refused(not-writable) O:refused(not-writable) F:refused(not-writable) O:refused(not-writable) F:refused(not-writable) O:refused(not-writable) F:refused(not-writable) O:refused(not-writable) F:refused(not-writable) O:refused(not-writable) F:refused(not-writable) O:refused(not-writable) F:refused(not-writable) O:refused(not-writable) F:refused(not-writable) O:refused(not-writable) F:refused(not-writable) O:refused(not-writable) F:refused(not-writable) O:refused(not-writable) F:refused(not-writable) O:refused(not-writable) F:refused(not-writable) O:refused(not-writable) F:refused(not-writable) O:refused(not-writable) F:refused(not-writable) O:refused(not-writable)	mount-err:Recovery(UnitUnreadable { slot: SlotNumber(50182) })	same	-	[0, 0]	0	0	[0, 0]	0	0	0	8	-	[]	0	0
F9-bad-media-rw-forever	N3-iso-persisted	MOOFMFOFOFOFOFOFOFOFOFOFOFOFOFOFOFO	M:mount-err:Recovery(UnitUnreadable { slot: SlotNumber(50182) }) O:refused(not-writable) O:refused(not-writable) F:refused(not-writable) M:mount-err:Recovery(UnitUnreadable { slot: SlotNumber(50182) }) F:refused(not-writable) O:refused(not-writable) F:refused(not-writable) O:refused(not-writable) F:refused(not-writable) O:refused(not-writable) F:refused(not-writable) O:refused(not-writable) F:refused(not-writable) O:refused(not-writable) F:refused(not-writable) O:refused(not-writable) F:refused(not-writable) O:refused(not-writable) F:refused(not-writable) O:refused(not-writable) F:refused(not-writable) O:refused(not-writable) F:refused(not-writable) O:refused(not-writable) F:refused(not-writable) O:refused(not-writable) F:refused(not-writable) O:refused(not-writable) F:refused(not-writable) O:refused(not-writable) F:refused(not-writable) O:refused(not-writable) F:refused(not-writable) O:refused(not-writable)	mount-err:Recovery(UnitUnreadable { slot: SlotNumber(50182) })	same	-	[0, 0]	0	0	[0, 0]	0	0	0	6	-	[]	0	0
F9-bad-media-rw-forever	N3-iso-persisted	MOOOMFOFOFOFOFOFOFOFOFOFOFOFOFOFOFO	M:mount-err:Recovery(UnitUnreadable { slot: SlotNumber(50182) }) O:refused(not-writable) O:refused(not-writable) O:refused(not-writable) M:mount-err:Recovery(UnitUnreadable { slot: SlotNumber(50182) }) F:refused(not-writable) O:refused(not-writable) F:refused(not-writable) O:refused(not-writable) F:refused(not-writable) O:refused(not-writable) F:refused(not-writable) O:refused(not-writable) F:refused(not-writable) O:refused(not-writable) F:refused(not-writable) O:refused(not-writable) F:refused(not-writable) O:refused(not-writable) F:refused(not-writable) O:refused(not-writable) F:refused(not-writable) O:refused(not-writable) F:refused(not-writable) O:refused(not-writable) F:refused(not-writable) O:refused(not-writable) F:refused(not-writable) O:refused(not-writable) F:refused(not-writable) O:refused(not-writable) F:refused(not-writable) O:refused(not-writable) F:refused(not-writable) O:refused(not-writable)	mount-err:Recovery(UnitUnreadable { slot: SlotNumber(50182) })	same	-	[0, 0]	0	0	[0, 0]	0	0	0	6	-	[]	0	0
F9-bad-media-rw-forever	N3-iso-persisted	MOMOMFOFOFOFOFOFOFOFOFOFOFOFOFOFOFO	M:mount-err:Recovery(UnitUnreadable { slot: SlotNumber(50182) }) O:refused(not-writable) M:mount-err:Recovery(UnitUnreadable { slot: SlotNumber(50182) }) O:refused(not-writable) M:mount-err:Recovery(UnitUnreadable { slot: SlotNumber(50182) }) F:refused(not-writable) O:refused(not-writable) F:refused(not-writable) O:refused(not-writable) F:refused(not-writable) O:refused(not-writable) F:refused(not-writable) O:refused(not-writable) F:refused(not-writable) O:refused(not-writable) F:refused(not-writable) O:refused(not-writable) F:refused(not-writable) O:refused(not-writable) F:refused(not-writable) O:refused(not-writable) F:refused(not-writable) O:refused(not-writable) F:refused(not-writable) O:refused(not-writable) F:refused(not-writable) O:refused(not-writable) F:refused(not-writable) O:refused(not-writable) F:refused(not-writable) O:refused(not-writable) F:refused(not-writable) O:refused(not-writable) F:refused(not-writable) O:refused(not-writable)	mount-err:Recovery(UnitUnreadable { slot: SlotNumber(50182) })	same	-	[0, 0]	0	0	[0, 0]	0	0	0	8	-	[]	0	0
F9-bad-media-rw-forever	N3-iso-persisted	MOOMMFOFOFOFOFOFOFOFOFOFOFOFOFOFOFO	M:mount-err:Recovery(UnitUnreadable { slot: SlotNumber(50182) }) O:refused(not-writable) O:refused(not-writable) M:mount-err:Recovery(UnitUnreadable { slot: SlotNumber(50182) }) M:mount-err:Recovery(UnitUnreadable { slot: SlotNumber(50182) }) F:refused(not-writable) O:refused(not-writable) F:refused(not-writable) O:refused(not-writable) F:refused(not-writable) O:refused(not-writable) F:refused(not-writable) O:refused(not-writable) F:refused(not-writable) O:refused(not-writable) F:refused(not-writable) O:refused(not-writable) F:refused(not-writable) O:refused(not-writable) F:refused(not-writable) O:refused(not-writable) F:refused(not-writable) O:refused(not-writable) F:refused(not-writable) O:refused(not-writable) F:refused(not-writable) O:refused(not-writable) F:refused(not-writable) O:refused(not-writable) F:refused(not-writable) O:refused(not-writable) F:refused(not-writable) O:refused(not-writable) F:refused(not-writable) O:refused(not-writable)	mount-err:Recovery(UnitUnreadable { slot: SlotNumber(50182) })	same	-	[0, 0]	0	0	[0, 0]	0	0	0	8	-	[]	0	0
F9-bad-media-rw-forever	N3-iso-persisted	MOMMMFOFOFOFOFOFOFOFOFOFOFOFOFOFOFO	M:mount-err:Recovery(UnitUnreadable { slot: SlotNumber(50182) }) O:refused(not-writable) M:mount-err:Recovery(UnitUnreadable { slot: SlotNumber(50182) }) M:mount-err:Recovery(UnitUnreadable { slot: SlotNumber(50182) }) M:mount-err:Recovery(UnitUnreadable { slot: SlotNumber(50182) }) F:refused(not-writable) O:refused(not-writable) F:refused(not-writable) O:refused(not-writable) F:refused(not-writable) O:refused(not-writable) F:refused(not-writable) O:refused(not-writable) F:refused(not-writable) O:refused(not-writable) F:refused(not-writable) O:refused(not-writable) F:refused(not-writable) O:refused(not-writable) F:refused(not-writable) O:refused(not-writable) F:refused(not-writable) O:refused(not-writable) F:refused(not-writable) O:refused(not-writable) F:refused(not-writable) O:refused(not-writable) F:refused(not-writable) O:refused(not-writable) F:refused(not-writable) O:refused(not-writable) F:refused(not-writable) O:refused(not-writable) F:refused(not-writable) O:refused(not-writable)	mount-err:Recovery(UnitUnreadable { slot: SlotNumber(50182) })	same	-	[0, 0]	0	0	[0, 0]	0	0	0	10	-	[]	0	0
F9-bad-media-rw-forever	N3-iso-persisted	OFFFMFOFOFOFOFOFOFOFOFOFOFOFOFOFOFO	O:ok F:noop F:noop F:noop M:ok F:noop O:ok F:ok(F=3,reclaimed=1) O:ok F:ok(F=6,reclaimed=17) O:ok F:ok(F=7,reclaimed=8) O:ok F:ok(F=11,reclaimed=21) O:ok F:ok(F=14,reclaimed=16) O:ok F:ok(F=17,reclaimed=16) O:ok F:ok(F=20,reclaimed=16) O:ok F:ok(F=23,reclaimed=16) O:ok F:ok(F=26,reclaimed=16) O:ok F:ok(F=29,reclaimed=16) O:ok F:ok(F=32,reclaimed=16) O:ok F:ok(F=35,reclaimed=16) O:ok F:ok(F=38,reclaimed=16) O:ok F:ok(F=41,reclaimed=16) O:ok	ok	same	-	[2, 2]	4	0	[2, 2]	159	3145728	0	2	t1@50182:released-and-isolated	[]	0	0
F9-bad-media-rw-forever	N3-iso-persisted	OFFOMFOFOFOFOFOFOFOFOFOFOFOFOFOFOFO	O:ok F:noop F:noop O:ok M:ok F:ok(F=3,reclaimed=1) O:ok F:ok(F=6,reclaimed=17) O:ok F:ok(F=7,reclaimed=8) O:ok F:ok(F=8,reclaimed=8) O:ok F:ok(F=14,reclaimed=29) O:ok F:ok(F=17,reclaimed=16) O:ok F:ok(F=20,reclaimed=16) O:ok F:ok(F=23,reclaimed=16) O:ok F:ok(F=26,reclaimed=16) O:ok F:ok(F=29,reclaimed=16) O:ok F:ok(F=32,reclaimed=16) O:ok F:ok(F=35,reclaimed=16) O:ok F:ok(F=38,reclaimed=16) O:ok F:ok(F=41,reclaimed=16) O:ok F:ok(F=44,reclaimed=16) O:ok	ok	same	-	[2, 2]	4	0	[2, 2]	169	3342336	0	2	t1@50182:released-and-isolated	[]	0	0
F9-bad-media-rw-forever	N3-iso-persisted	OFMFMFOFOFOFOFOFOFOFOFOFOFOFOFOFOFO	O:ok F:noop M:ok F:noop M:ok F:noop O:ok F:ok(F=3,reclaimed=1) O:ok F:ok(F=6,reclaimed=17) O:ok F:ok(F=7,reclaimed=8) O:ok F:ok(F=14,reclaimed=34) O:ok F:ok(F=17,reclaimed=16) O:ok F:ok(F=20,reclaimed=16) O:ok F:ok(F=23,reclaimed=16) O:ok F:ok(F=26,reclaimed=16) O:ok F:ok(F=29,reclaimed=16) O:ok F:ok(F=32,reclaimed=16) O:ok F:ok(F=35,reclaimed=16) O:ok F:ok(F=38,reclaimed=16) O:ok F:ok(F=41,reclaimed=16) O:ok F:ok(F=44,reclaimed=16) O:ok	ok	same	-	[2, 2]	4	0	[2, 2]	165	3244032	0	2	t1@50182:released-and-isolated	[]	0	0
F9-bad-media-rw-forever	N3-iso-persisted	OFOMMFOFOFOFOFOFOFOFOFOFOFOFOFOFOFO	O:ok F:noop O:ok M:ok M:ok F:ok(F=3,reclaimed=1) O:ok F:ok(F=6,reclaimed=17) O:ok F:ok(F=7,reclaimed=8) O:ok F:ok(F=8,reclaimed=8) O:ok F:ok(F=17,reclaimed=42) O:ok F:ok(F=20,reclaimed=16) O:ok F:ok(F=23,reclaimed=16) O:ok F:ok(F=26,reclaimed=16) O:ok F:ok(F=29,reclaimed=16) O:ok F:ok(F=32,reclaimed=16) O:ok F:ok(F=35,reclaimed=16) O:ok F:ok(F=38,reclaimed=16) O:ok F:ok(F=41,reclaimed=16) O:ok F:ok(F=44,reclaimed=16) O:ok F:ok(F=47,reclaimed=16) O:ok	ok	same	-	[2, 2]	4	0	[2, 2]	175	3440640	0	2	t1@50182:released-and-isolated	[]	0	0
F9-bad-media-rw-forever	N3-iso-persisted	OFOFMFOFOFOFOFOFOFOFOFOFOFOFOFOFOFO	O:ok F:noop O:ok F:ok(F=3,reclaimed=1) M:ok F:noop O:ok F:ok(F=6,reclaimed=17) O:ok F:ok(F=7,reclaimed=8) O:ok F:ok(F=8,reclaimed=8) O:ok F:ok(F=14,reclaimed=29) O:ok F:ok(F=17,reclaimed=16) O:ok F:ok(F=20,reclaimed=16) O:ok F:ok(F=23,reclaimed=16) O:ok F:ok(F=26,reclaimed=16) O:ok F:ok(F=29,reclaimed=16) O:ok F:ok(F=32,reclaimed=16) O:ok F:ok(F=35,reclaimed=16) O:ok F:ok(F=38,reclaimed=16) O:ok F:ok(F=41,reclaimed=16) O:ok F:ok(F=44,reclaimed=16) O:ok	ok	same	-	[2, 2]	4	0	[2, 2]	169	3342336	0	2	t1@50182:released-and-isolated	[]	0	0
F9-bad-media-rw-forever	N3-iso-persisted	OFMOMFOFOFOFOFOFOFOFOFOFOFOFOFOFOFO	O:ok F:noop M:ok O:ok M:ok F:ok(F=3,reclaimed=1) O:ok F:ok(F=6,reclaimed=17) O:ok F:ok(F=7,reclaimed=8) O:ok F:ok(F=11,reclaimed=21) O:ok F:ok(F=17,reclaimed=29) O:ok F:ok(F=20,reclaimed=16) O:ok F:ok(F=23,reclaimed=16) O:ok F:ok(F=26,reclaimed=16) O:ok F:ok(F=29,reclaimed=16) O:ok F:ok(F=32,reclaimed=16) O:ok F:ok(F=35,reclaimed=16) O:ok F:ok(F=38,reclaimed=16) O:ok F:ok(F=41,reclaimed=16) O:ok F:ok(F=44,reclaimed=16) O:ok F:ok(F=47,reclaimed=16) O:ok	ok	same	-	[2, 2]	4	0	[2, 2]	175	3440640	0	2	t1@50182:released-and-isolated	[]	0	0
F9-bad-media-rw-forever	N3-iso-persisted	OFFMMFOFOFOFOFOFOFOFOFOFOFOFOFOFOFO	O:ok F:noop F:noop M:ok M:ok F:noop O:ok F:ok(F=3,reclaimed=1) O:ok F:ok(F=6,reclaimed=17) O:ok F:ok(F=7,reclaimed=8) O:ok F:ok(F=14,reclaimed=34) O:ok F:ok(F=17,reclaimed=16) O:ok F:ok(F=20,reclaimed=16) O:ok F:ok(F=23,reclaimed=16) O:ok F:ok(F=26,reclaimed=16) O:ok F:ok(F=29,reclaimed=16) O:ok F:ok(F=32,reclaimed=16) O:ok F:ok(F=35,reclaimed=16) O:ok F:ok(F=38,reclaimed=16) O:ok F:ok(F=41,reclaimed=16) O:ok F:ok(F=44,reclaimed=16) O:ok	ok	same	-	[2, 2]	4	0	[2, 2]	165	3244032	0	2	t1@50182:released-and-isolated	[]	0	0
F9-bad-media-rw-forever	N3-iso-persisted	OFMMMFOFOFOFOFOFOFOFOFOFOFOFOFOFOFO	O:ok F:noop M:ok M:ok M:ok F:noop O:ok F:ok(F=3,reclaimed=1) O:ok F:ok(F=6,reclaimed=17) O:ok F:ok(F=7,reclaimed=8) O:ok F:ok(F=17,reclaimed=47) O:ok F:ok(F=20,reclaimed=16) O:ok F:ok(F=23,reclaimed=16) O:ok F:ok(F=26,reclaimed=16) O:ok F:ok(F=29,reclaimed=16) O:ok F:ok(F=32,reclaimed=16) O:ok F:ok(F=35,reclaimed=16) O:ok F:ok(F=38,reclaimed=16) O:ok F:ok(F=41,reclaimed=16) O:ok F:ok(F=44,reclaimed=16) O:ok F:ok(F=47,reclaimed=16) O:ok	ok	same	-	[2, 2]	4	0	[2, 2]	171	3342336	0	2	t1@50182:released-and-isolated	[]	0	0
F9-bad-media-rw-forever	N3-iso-persisted	OFOOMFOFOFOFOFOFOFOFOFOFOFOFOFOFOFO	O:ok F:noop O:ok O:ok M:ok F:ok(F=6,reclaimed=18) O:ok F:ok(F=7,reclaimed=8) O:ok F:ok(F=8,reclaimed=8) O:ok F:ok(F=9,reclaimed=8) O:ok F:ok(F=14,reclaimed=25) O:ok F:ok(F=17,reclaimed=16) O:ok F:ok(F=20,reclaimed=16) O:ok F:ok(F=23,reclaimed=16) O:ok F:ok(F=26,reclaimed=16) O:ok F:ok(F=29,reclaimed=16) O:ok F:ok(F=32,reclaimed=16) O:ok F:ok(F=35,reclaimed=16) O:ok F:ok(F=38,reclaimed=16) O:ok F:ok(F=41,reclaimed=16) O:ok F:ok(F=44,reclaimed=16) O:ok	ok	same	-	[2, 2]	4	0	[2, 2]	173	3440640	0	2	t1@50182:released-and-isolated	[]	0	0
F9-bad-media-rw-forever	N3-iso-persisted	OMFFMFOFOFOFOFOFOFOFOFOFOFOFOFOFOFO	O:ok M:ok F:noop F:noop M:ok F:noop O:ok F:ok(F=3,reclaimed=1) O:ok F:ok(F=6,reclaimed=17) O:ok F:ok(F=7,reclaimed=8) O:ok F:ok(F=14,reclaimed=34) O:ok F:ok(F=17,reclaimed=16) O:ok F:ok(F=20,reclaimed=16) O:ok F:ok(F=23,reclaimed=16) O:ok F:ok(F=26,reclaimed=16) O:ok F:ok(F=29,reclaimed=16) O:ok F:ok(F=32,reclaimed=16) O:ok F:ok(F=35,reclaimed=16) O:ok F:ok(F=38,reclaimed=16) O:ok F:ok(F=41,reclaimed=16) O:ok F:ok(F=44,reclaimed=16) O:ok	ok	same	-	[2, 2]	4	0	[2, 2]	165	3244032	0	2	t1@50182:released-and-isolated	[]	0	0
F9-bad-media-rw-forever	N3-iso-persisted	OMFMMFOFOFOFOFOFOFOFOFOFOFOFOFOFOFO	O:ok M:ok F:noop M:ok M:ok F:noop O:ok F:ok(F=3,reclaimed=1) O:ok F:ok(F=6,reclaimed=17) O:ok F:ok(F=7,reclaimed=8) O:ok F:ok(F=17,reclaimed=47) O:ok F:ok(F=20,reclaimed=16) O:ok F:ok(F=23,reclaimed=16) O:ok F:ok(F=26,reclaimed=16) O:ok F:ok(F=29,reclaimed=16) O:ok F:ok(F=32,reclaimed=16) O:ok F:ok(F=35,reclaimed=16) O:ok F:ok(F=38,reclaimed=16) O:ok F:ok(F=41,reclaimed=16) O:ok F:ok(F=44,reclaimed=16) O:ok F:ok(F=47,reclaimed=16) O:ok	ok	same	-	[2, 2]	4	0	[2, 2]	171	3342336	0	2	t1@50182:released-and-isolated	[]	0	0
F9-bad-media-rw-forever	N3-iso-persisted	OMFOMFOFOFOFOFOFOFOFOFOFOFOFOFOFOFO	O:ok M:ok F:noop O:ok M:ok F:ok(F=3,reclaimed=1) O:ok F:ok(F=6,reclaimed=17) O:ok F:ok(F=7,reclaimed=8) O:ok F:ok(F=11,reclaimed=21) O:ok F:ok(F=17,reclaimed=29) O:ok F:ok(F=20,reclaimed=16) O:ok F:ok(F=23,reclaimed=16) O:ok F:ok(F=26,reclaimed=16) O:ok F:ok(F=29,reclaimed=16) O:ok F:ok(F=32,reclaimed=16) O:ok F:ok(F=35,reclaimed=16) O:ok F:ok(F=38,reclaimed=16) O:ok F:ok(F=41,reclaimed=16) O:ok F:ok(F=44,reclaimed=16) O:ok F:ok(F=47,reclaimed=16) O:ok	ok	same	-	[2, 2]	4	0	[2, 2]	175	3440640	0	2	t1@50182:released-and-isolated	[]	0	0
F9-bad-media-rw-forever	N3-iso-persisted	OMMFMFOFOFOFOFOFOFOFOFOFOFOFOFOFOFO	O:ok M:ok M:ok F:noop M:ok F:noop O:ok F:ok(F=3,reclaimed=1) O:ok F:ok(F=6,reclaimed=17) O:ok F:ok(F=7,reclaimed=8) O:ok F:ok(F=17,reclaimed=47) O:ok F:ok(F=20,reclaimed=16) O:ok F:ok(F=23,reclaimed=16) O:ok F:ok(F=26,reclaimed=16) O:ok F:ok(F=29,reclaimed=16) O:ok F:ok(F=32,reclaimed=16) O:ok F:ok(F=35,reclaimed=16) O:ok F:ok(F=38,reclaimed=16) O:ok F:ok(F=41,reclaimed=16) O:ok F:ok(F=44,reclaimed=16) O:ok F:ok(F=47,reclaimed=16) O:ok	ok	same	-	[2, 2]	4	0	[2, 2]	171	3342336	0	2	t1@50182:released-and-isolated	[]	0	0
F9-bad-media-rw-forever	N3-iso-persisted	OMOFMFOFOFOFOFOFOFOFOFOFOFOFOFOFOFO	O:ok M:ok O:ok F:ok(F=3,reclaimed=1) M:ok F:noop O:ok F:ok(F=6,reclaimed=17) O:ok F:ok(F=7,reclaimed=8) O:ok F:ok(F=11,reclaimed=21) O:ok F:ok(F=17,reclaimed=29) O:ok F:ok(F=20,reclaimed=16) O:ok F:ok(F=23,reclaimed=16) O:ok F:ok(F=26,reclaimed=16) O:ok F:ok(F=29,reclaimed=16) O:ok F:ok(F=32,reclaimed=16) O:ok F:ok(F=35,reclaimed=16) O:ok F:ok(F=38,reclaimed=16) O:ok F:ok(F=41,reclaimed=16) O:ok F:ok(F=44,reclaimed=16) O:ok F:ok(F=47,reclaimed=16) O:ok	ok	same	-	[2, 2]	4	0	[2, 2]	175	3440640	0	2	t1@50182:released-and-isolated	[]	0	0
F9-bad-media-rw-forever	N3-iso-persisted	OMMOMFOFOFOFOFOFOFOFOFOFOFOFOFOFOFO	O:ok M:ok M:ok O:ok M:ok F:ok(F=3,reclaimed=1) O:ok F:ok(F=6,reclaimed=17) O:ok F:ok(F=7,reclaimed=8) O:ok F:ok(F=14,reclaimed=34) O:ok F:ok(F=20,reclaimed=29) O:ok F:ok(F=23,reclaimed=16) O:ok F:ok(F=26,reclaimed=16) O:ok F:ok(F=29,reclaimed=16) O:ok F:ok(F=32,reclaimed=16) O:ok F:ok(F=35,reclaimed=16) O:ok F:ok(F=38,reclaimed=16) O:ok F:ok(F=41,reclaimed=16) O:ok F:ok(F=44,reclaimed=16) O:ok F:ok(F=47,reclaimed=16) O:ok F:ok(F=50,reclaimed=16) O:ok	ok	same	-	[2, 2]	4	0	[2, 2]	181	3538944	0	2	t1@50182:released-and-isolated	[]	0	0
F9-bad-media-rw-forever	N3-iso-persisted	OMMMMFOFOFOFOFOFOFOFOFOFOFOFOFOFOFO	O:ok M:ok M:ok M:ok M:ok F:noop O:ok F:ok(F=3,reclaimed=1) O:ok F:ok(F=6,reclaimed=17) O:ok F:ok(F=7,reclaimed=8) O:ok F:ok(F=20,reclaimed=60) O:ok F:ok(F=23,reclaimed=16) O:ok F:ok(F=26,reclaimed=16) O:ok F:ok(F=29,reclaimed=16) O:ok F:ok(F=32,reclaimed=16) O:ok F:ok(F=35,reclaimed=16) O:ok F:ok(F=38,reclaimed=16) O:ok F:ok(F=41,reclaimed=16) O:ok F:ok(F=44,reclaimed=16) O:ok F:ok(F=47,reclaimed=16) O:ok F:ok(F=50,reclaimed=16) O:ok	ok	same	-	[2, 2]	4	0	[2, 2]	177	3440640	0	2	t1@50182:released-and-isolated	[]	0	0
F9-bad-media-rw-forever	N3-iso-persisted	OOFFMFOFOFOFOFOFOFOFOFOFOFOFOFOFOFO	O:ok O:ok F:ok(F=3,reclaimed=1) F:noop M:ok F:noop O:ok F:ok(F=6,reclaimed=17) O:ok F:ok(F=7,reclaimed=8) O:ok F:ok(F=8,reclaimed=8) O:ok F:ok(F=14,reclaimed=29) O:ok F:ok(F=17,reclaimed=16) O:ok F:ok(F=20,reclaimed=16) O:ok F:ok(F=23,reclaimed=16) O:ok F:ok(F=26,reclaimed=16) O:ok F:ok(F=29,reclaimed=16) O:ok F:ok(F=32,reclaimed=16) O:ok F:ok(F=35,reclaimed=16) O:ok F:ok(F=38,reclaimed=16) O:ok F:ok(F=41,reclaimed=16) O:ok F:ok(F=44,reclaimed=16) O:ok	ok	same	-	[2, 2]	4	0	[2, 2]	169	3342336	0	2	t1@50182:released-and-isolated	[]	0	0
F9-bad-media-rw-forever	N3-iso-persisted	OMOOMFOFOFOFOFOFOFOFOFOFOFOFOFOFOFO	O:ok M:ok O:ok O:ok M:ok F:ok(F=6,reclaimed=18) O:ok F:ok(F=7,reclaimed=8) O:ok F:ok(F=11,reclaimed=21) O:ok F:ok(F=12,reclaimed=8) O:ok F:ok(F=17,reclaimed=25) O:ok F:ok(F=20,reclaimed=16) O:ok F:ok(F=23,reclaimed=16) O:ok F:ok(F=26,reclaimed=16) O:ok F:ok(F=29,reclaimed=16) O:ok F:ok(F=32,reclaimed=16) O:ok F:ok(F=35,reclaimed=16) O:ok F:ok(F=38,reclaimed=16) O:ok F:ok(F=41,reclaimed=16) O:ok F:ok(F=44,reclaimed=16) O:ok F:ok(F=47,reclaimed=16) O:ok	ok	same	-	[2, 2]	4	0	[2, 2]	179	3538944	0	2	t1@50182:released-and-isolated	[]	0	0
F9-bad-media-rw-forever	N3-iso-persisted	OOFMMFOFOFOFOFOFOFOFOFOFOFOFOFOFOFO	O:ok O:ok F:ok(F=3,reclaimed=1) M:ok M:ok F:noop O:ok F:ok(F=6,reclaimed=17) O:ok F:ok(F=7,reclaimed=8) O:ok F:ok(F=8,reclaimed=8) O:ok F:ok(F=17,reclaimed=42) O:ok F:ok(F=20,reclaimed=16) O:ok F:ok(F=23,reclaimed=16) O:ok F:ok(F=26,reclaimed=16) O:ok F:ok(F=29,reclaimed=16) O:ok F:ok(F=32,reclaimed=16) O:ok F:ok(F=35,reclaimed=16) O:ok F:ok(F=38,reclaimed=16) O:ok F:ok(F=41,reclaimed=16) O:ok F:ok(F=44,reclaimed=16) O:ok F:ok(F=47,reclaimed=16) O:ok	ok	same	-	[2, 2]	4	0	[2, 2]	175	3440640	0	2	t1@50182:released-and-isolated	[]	0	0
F9-bad-media-rw-forever	N3-iso-persisted	OMOMMFOFOFOFOFOFOFOFOFOFOFOFOFOFOFO	O:ok M:ok O:ok M:ok M:ok F:ok(F=3,reclaimed=1) O:ok F:ok(F=6,reclaimed=17) O:ok F:ok(F=7,reclaimed=8) O:ok F:ok(F=11,reclaimed=21) O:ok F:ok(F=20,reclaimed=42) O:ok F:ok(F=23,reclaimed=16) O:ok F:ok(F=26,reclaimed=16) O:ok F:ok(F=29,reclaimed=16) O:ok F:ok(F=32,reclaimed=16) O:ok F:ok(F=35,reclaimed=16) O:ok F:ok(F=38,reclaimed=16) O:ok F:ok(F=41,reclaimed=16) O:ok F:ok(F=44,reclaimed=16) O:ok F:ok(F=47,reclaimed=16) O:ok F:ok(F=50,reclaimed=16) O:ok	ok	same	-	[2, 2]	4	0	[2, 2]	181	3538944	0	2	t1@50182:released-and-isolated	[]	0	0
F9-bad-media-rw-forever	N3-iso-persisted	OOFOMFOFOFOFOFOFOFOFOFOFOFOFOFOFOFO	O:ok O:ok F:ok(F=3,reclaimed=1) O:ok M:ok F:ok(F=6,reclaimed=17) O:ok F:ok(F=7,reclaimed=8) O:ok F:ok(F=8,reclaimed=8) O:ok F:ok(F=11,reclaimed=16) O:ok F:ok(F=17,reclaimed=29) O:ok F:ok(F=20,reclaimed=16) O:ok F:ok(F=23,reclaimed=16) O:ok F:ok(F=26,reclaimed=16) O:ok F:ok(F=29,reclaimed=16) O:ok F:ok(F=32,reclaimed=16) O:ok F:ok(F=35,reclaimed=16) O:ok F:ok(F=38,reclaimed=16) O:ok F:ok(F=41,reclaimed=16) O:ok F:ok(F=44,reclaimed=16) O:ok F:ok(F=47,reclaimed=16) O:ok	ok	same	-	[2, 2]	4	0	[2, 2]	179	3538944	0	2	t1@50182:released-and-isolated	[]	0	0
F9-bad-media-rw-forever	N3-iso-persisted	OOMFMFOFOFOFOFOFOFOFOFOFOFOFOFOFOFO	O:ok O:ok M:ok F:ok(F=3,reclaimed=1) M:ok F:noop O:ok F:ok(F=6,reclaimed=17) O:ok F:ok(F=7,reclaimed=8) O:ok F:ok(F=8,reclaimed=8) O:ok F:ok(F=17,reclaimed=42) O:ok F:ok(F=20,reclaimed=16) O:ok F:ok(F=23,reclaimed=16) O:ok F:ok(F=26,reclaimed=16) O:ok F:ok(F=29,reclaimed=16) O:ok F:ok(F=32,reclaimed=16) O:ok F:ok(F=35,reclaimed=16) O:ok F:ok(F=38,reclaimed=16) O:ok F:ok(F=41,reclaimed=16) O:ok F:ok(F=44,reclaimed=16) O:ok F:ok(F=47,reclaimed=16) O:ok	ok	same	-	[2, 2]	4	0	[2, 2]	175	3440640	0	2	t1@50182:released-and-isolated	[]	0	0
F9-bad-media-rw-forever	N3-iso-persisted	OOOFMFOFOFOFOFOFOFOFOFOFOFOFOFOFOFO	O:ok O:ok O:ok F:ok(F=6,reclaimed=18) M:ok F:noop O:ok F:ok(F=7,reclaimed=8) O:ok F:ok(F=8,reclaimed=8) O:ok F:ok(F=9,reclaimed=8) O:ok F:ok(F=14,reclaimed=25) O:ok F:ok(F=17,reclaimed=16) O:ok F:ok(F=20,reclaimed=16) O:ok F:ok(F=23,reclaimed=16) O:ok F:ok(F=26,reclaimed=16) O:ok F:ok(F=29,reclaimed=16) O:ok F:ok(F=32,reclaimed=16) O:ok F:ok(F=35,reclaimed=16) O:ok F:ok(F=38,reclaimed=16) O:ok F:ok(F=41,reclaimed=16) O:ok F:ok(F=44,reclaimed=16) O:ok	ok	same	-	[2, 2]	4	0	[2, 2]	173	3440640	0	2	t1@50182:released-and-isolated	[]	0	0
F9-bad-media-rw-forever	N3-iso-persisted	OOOMMFOFOFOFOFOFOFOFOFOFOFOFOFOFOFO	O:ok O:ok O:ok M:ok M:ok F:ok(F=6,reclaimed=18) O:ok F:ok(F=7,reclaimed=8) O:ok F:ok(F=8,reclaimed=8) O:ok F:ok(F=9,reclaimed=8) O:ok F:ok(F=17,reclaimed=38) O:ok F:ok(F=20,reclaimed=16) O:ok F:ok(F=23,reclaimed=16) O:ok F:ok(F=26,reclaimed=16) O:ok F:ok(F=29,reclaimed=16) O:ok F:ok(F=32,reclaimed=16) O:ok F:ok(F=35,reclaimed=16) O:ok F:ok(F=38,reclaimed=16) O:ok F:ok(F=41,reclaimed=16) O:ok F:ok(F=44,reclaimed=16) O:ok F:ok(F=47,reclaimed=16) O:ok	ok	same	-	[2, 2]	4	0	[2, 2]	179	3538944	0	2	t1@50182:released-and-isolated	[]	0	0
F9-bad-media-rw-forever	N3-iso-persisted	OOMOMFOFOFOFOFOFOFOFOFOFOFOFOFOFOFO	O:ok O:ok M:ok O:ok M:ok F:ok(F=6,reclaimed=18) O:ok F:ok(F=7,reclaimed=8) O:ok F:ok(F=8,reclaimed=8) O:ok F:ok(F=11,reclaimed=17) O:ok F:ok(F=17,reclaimed=29) O:ok F:ok(F=20,reclaimed=16) O:ok F:ok(F=23,reclaimed=16) O:ok F:ok(F=26,reclaimed=16) O:ok F:ok(F=29,reclaimed=16) O:ok F:ok(F=32,reclaimed=16) O:ok F:ok(F=35,reclaimed=16) O:ok F:ok(F=38,reclaimed=16) O:ok F:ok(F=41,reclaimed=16) O:ok F:ok(F=44,reclaimed=16) O:ok F:ok(F=47,reclaimed=16) O:ok	ok	same	-	[2, 2]	4	0	[2, 2]	179	3538944	0	2	t1@50182:released-and-isolated	[]	0	0
F9-bad-media-rw-forever	N3-iso-persisted	OOOOMFOFOFOFOFOFOFOFOFOFOFOFOFOFOFO	O:ok O:ok O:ok O:ok M:ok F:ok(F=7,reclaimed=26) O:ok F:ok(F=8,reclaimed=8) O:ok F:ok(F=9,reclaimed=8) O:ok F:ok(F=10,reclaimed=8) O:ok F:ok(F=17,reclaimed=33) O:ok F:ok(F=20,reclaimed=16) O:ok F:ok(F=23,reclaimed=16) O:ok F:ok(F=26,reclaimed=16) O:ok F:ok(F=29,reclaimed=16) O:ok F:ok(F=32,reclaimed=16) O:ok F:ok(F=35,reclaimed=16) O:ok F:ok(F=38,reclaimed=16) O:ok F:ok(F=41,reclaimed=16) O:ok F:ok(F=44,reclaimed=16) O:ok F:ok(F=47,reclaimed=16) O:ok	ok	same	-	[2, 2]	4	0	[2, 2]	183	3637248	0	2	t1@50182:released-and-isolated	[]	0	0
F9-bad-media-rw-forever	N3-iso-persisted	OOMMMFOFOFOFOFOFOFOFOFOFOFOFOFOFOFO	O:ok O:ok M:ok M:ok M:ok F:ok(F=3,reclaimed=1) O:ok F:ok(F=6,reclaimed=17) O:ok F:ok(F=7,reclaimed=8) O:ok F:ok(F=8,reclaimed=8) O:ok F:ok(F=20,reclaimed=55) O:ok F:ok(F=23,reclaimed=16) O:ok F:ok(F=26,reclaimed=16) O:ok F:ok(F=29,reclaimed=16) O:ok F:ok(F=32,reclaimed=16) O:ok F:ok(F=35,reclaimed=16) O:ok F:ok(F=38,reclaimed=16) O:ok F:ok(F=41,reclaimed=16) O:ok F:ok(F=44,reclaimed=16) O:ok F:ok(F=47,reclaimed=16) O:ok F:ok(F=50,reclaimed=16) O:ok	ok	same	-	[2, 2]	4	0	[2, 2]	181	3538944	0	2	t1@50182:released-and-isolated	[]	0	0
F9-bad-media-rw-forever	N3-iso-persisted	FFFMFOFOFOFOFOFOFOFOFOFOFOFOFOFOFO	F:noop F:noop F:noop M:mount-err:Recovery(UnitUnreadable { slot: SlotNumber(50182) }) F:refused(not-writable) O:refused(not-writable) F:refused(not-writable) O:refused(not-writable) F:refused(not-writable) O:refused(not-writable) F:refused(not-writable) O:refused(not-writable) F:refused(not-writable) O:refused(not-writable) F:refused(not-writable) O:refused(not-writable) F:refused(not-writable) O:refused(not-writable) F:refused(not-writable) O:refused(not-writable) F:refused(not-writable) O:refused(not-writable) F:refused(not-writable) O:refused(not-writable) F:refused(not-writable) O:refused(not-writable) F:refused(not-writable) O:refused(not-writable) F:refused(not-writable) O:refused(not-writable) F:refused(not-writable) O:refused(not-writable) F:refused(not-writable) O:refused(not-writable)	mount-err:Recovery(UnitUnreadable { slot: SlotNumber(50182) })	same	-	[0, 0]	0	0	[0, 0]	0	0	0	4	-	[]	0	0
F9-bad-media-rw-forever	N3-iso-persisted	FFMMFOFOFOFOFOFOFOFOFOFOFOFOFOFOFO	F:noop F:noop M:mount-err:Recovery(UnitUnreadable { slot: SlotNumber(50182) }) M:mount-err:Recovery(UnitUnreadable { slot: SlotNumber(50182) }) F:refused(not-writable) O:refused(not-writable) F:refused(not-writable) O:refused(not-writable) F:refused(not-writable) O:refused(not-writable) F:refused(not-writable) O:refused(not-writable) F:refused(not-writable) O:refused(not-writable) F:refused(not-writable) O:refused(not-writable) F:refused(not-writable) O:refused(not-writable) F:refused(not-writable) O:refused(not-writable) F:refused(not-writable) O:refused(not-writable) F:refused(not-writable) O:refused(not-writable) F:refused(not-writable) O:refused(not-writable) F:refused(not-writable) O:refused(not-writable) F:refused(not-writable) O:refused(not-writable) F:refused(not-writable) O:refused(not-writable) F:refused(not-writable) O:refused(not-writable)	mount-err:Recovery(UnitUnreadable { slot: SlotNumber(50182) })	same	-	[0, 0]	0	0	[0, 0]	0	0	0	6	-	[]	0	0
F9-bad-media-rw-forever	N3-iso-persisted	FMFMFOFOFOFOFOFOFOFOFOFOFOFOFOFOFO	F:noop M:mount-err:Recovery(UnitUnreadable { slot: SlotNumber(50182) }) F:refused(not-writable) M:mount-err:Recovery(UnitUnreadable { slot: SlotNumber(50182) }) F:refused(not-writable) O:refused(not-writable) F:refused(not-writable) O:refused(not-writable) F:refused(not-writable) O:refused(not-writable) F:refused(not-writable) O:refused(not-writable) F:refused(not-writable) O:refused(not-writable) F:refused(not-writable) O:refused(not-writable) F:refused(not-writable) O:refused(not-writable) F:refused(not-writable) O:refused(not-writable) F:refused(not-writable) O:refused(not-writable) F:refused(not-writable) O:refused(not-writable) F:refused(not-writable) O:refused(not-writable) F:refused(not-writable) O:refused(not-writable) F:refused(not-writable) O:refused(not-writable) F:refused(not-writable) O:refused(not-writable) F:refused(not-writable) O:refused(not-writable)	mount-err:Recovery(UnitUnreadable { slot: SlotNumber(50182) })	same	-	[0, 0]	0	0	[0, 0]	0	0	0	6	-	[]	0	0
F9-bad-media-rw-forever	N3-iso-persisted	FMMMFOFOFOFOFOFOFOFOFOFOFOFOFOFOFO	F:noop M:mount-err:Recovery(UnitUnreadable { slot: SlotNumber(50182) }) M:mount-err:Recovery(UnitUnreadable { slot: SlotNumber(50182) }) M:mount-err:Recovery(UnitUnreadable { slot: SlotNumber(50182) }) F:refused(not-writable) O:refused(not-writable) F:refused(not-writable) O:refused(not-writable) F:refused(not-writable) O:refused(not-writable) F:refused(not-writable) O:refused(not-writable) F:refused(not-writable) O:refused(not-writable) F:refused(not-writable) O:refused(not-writable) F:refused(not-writable) O:refused(not-writable) F:refused(not-writable) O:refused(not-writable) F:refused(not-writable) O:refused(not-writable) F:refused(not-writable) O:refused(not-writable) F:refused(not-writable) O:refused(not-writable) F:refused(not-writable) O:refused(not-writable) F:refused(not-writable) O:refused(not-writable) F:refused(not-writable) O:refused(not-writable) F:refused(not-writable) O:refused(not-writable)	mount-err:Recovery(UnitUnreadable { slot: SlotNumber(50182) })	same	-	[0, 0]	0	0	[0, 0]	0	0	0	8	-	[]	0	0
F9-bad-media-rw-forever	N3-iso-persisted	FMOMFOFOFOFOFOFOFOFOFOFOFOFOFOFOFO	F:noop M:mount-err:Recovery(UnitUnreadable { slot: SlotNumber(50182) }) O:refused(not-writable) M:mount-err:Recovery(UnitUnreadable { slot: SlotNumber(50182) }) F:refused(not-writable) O:refused(not-writable) F:refused(not-writable) O:refused(not-writable) F:refused(not-writable) O:refused(not-writable) F:refused(not-writable) O:refused(not-writable) F:refused(not-writable) O:refused(not-writable) F:refused(not-writable) O:refused(not-writable) F:refused(not-writable) O:refused(not-writable) F:refused(not-writable) O:refused(not-writable) F:refused(not-writable) O:refused(not-writable) F:refused(not-writable) O:refused(not-writable) F:refused(not-writable) O:refused(not-writable) F:refused(not-writable) O:refused(not-writable) F:refused(not-writable) O:refused(not-writable) F:refused(not-writable) O:refused(not-writable) F:refused(not-writable) O:refused(not-writable)	mount-err:Recovery(UnitUnreadable { slot: SlotNumber(50182) })	same	-	[0, 0]	0	0	[0, 0]	0	0	0	6	-	[]	0	0
F9-bad-media-rw-forever	N3-iso-persisted	FFOMFOFOFOFOFOFOFOFOFOFOFOFOFOFOFO	F:noop F:noop O:ok M:ok F:noop O:ok F:ok(F=3,reclaimed=1) O:ok F:ok(F=6,reclaimed=17) O:ok F:ok(F=7,reclaimed=8) O:ok F:ok(F=11,reclaimed=21) O:ok F:ok(F=14,reclaimed=16) O:ok F:ok(F=17,reclaimed=16) O:ok F:ok(F=20,reclaimed=16) O:ok F:ok(F=23,reclaimed=16) O:ok F:ok(F=26,reclaimed=16) O:ok F:ok(F=29,reclaimed=16) O:ok F:ok(F=32,reclaimed=16) O:ok F:ok(F=35,reclaimed=16) O:ok F:ok(F=38,reclaimed=16) O:ok F:ok(F=41,reclaimed=16) O:ok	ok	same	-	[2, 2]	4	0	[2, 2]	159	3145728	0	2	t1@50182:released-and-isolated	[]	0	0
F9-bad-media-rw-forever	N3-iso-persisted	MFOMFOFOFOFOFOFOFOFOFOFOFOFOFOFOFO	M:mount-err:Recovery(UnitUnreadable { slot: SlotNumber(50182) }) F:refused(not-writable) O:refused(not-writable) M:mount-err:Recovery(UnitUnreadable { slot: SlotNumber(50182) }) F:refused(not-writable) O:refused(not-writable) F:refused(not-writable) O:refused(not-writable) F:refused(not-writable) O:refused(not-writable) F:refused(not-writable) O:refused(not-writable) F:refused(not-writable) O:refused(not-writable) F:refused(not-writable) O:refused(not-writable) F:refused(not-writable) O:refused(not-writable) F:refused(not-writable) O:refused(not-writable) F:refused(not-writable) O:refused(not-writable) F:refused(not-writable) O:refused(not-writable) F:refused(not-writable) O:refused(not-writable) F:refused(not-writable) O:refused(not-writable) F:refused(not-writable) O:refused(not-writable) F:refused(not-writable) O:refused(not-writable) F:refused(not-writable) O:refused(not-writable)	mount-err:Recovery(UnitUnreadable { slot: SlotNumber(50182) })	same	-	[0, 0]	0	0	[0, 0]	0	0	0	6	-	[]	0	0
F9-bad-media-rw-forever	N3-iso-persisted	MFFMFOFOFOFOFOFOFOFOFOFOFOFOFOFOFO	M:mount-err:Recovery(UnitUnreadable { slot: SlotNumber(50182) }) F:refused(not-writable) F:refused(not-writable) M:mount-err:Recovery(UnitUnreadable { slot: SlotNumber(50182) }) F:refused(not-writable) O:refused(not-writable) F:refused(not-writable) O:refused(not-writable) F:refused(not-writable) O:refused(not-writable) F:refused(not-writable) O:refused(not-writable) F:refused(not-writable) O:refused(not-writable) F:refused(not-writable) O:refused(not-writable) F:refused(not-writable) O:refused(not-writable) F:refused(not-writable) O:refused(not-writable) F:refused(not-writable) O:refused(not-writable) F:refused(not-writable) O:refused(not-writable) F:refused(not-writable) O:refused(not-writable) F:refused(not-writable) O:refused(not-writable) F:refused(not-writable) O:refused(not-writable) F:refused(not-writable) O:refused(not-writable) F:refused(not-writable) O:refused(not-writable)	mount-err:Recovery(UnitUnreadable { slot: SlotNumber(50182) })	same	-	[0, 0]	0	0	[0, 0]	0	0	0	6	-	[]	0	0
F9-bad-media-rw-forever	N3-iso-persisted	MFMMFOFOFOFOFOFOFOFOFOFOFOFOFOFOFO	M:mount-err:Recovery(UnitUnreadable { slot: SlotNumber(50182) }) F:refused(not-writable) M:mount-err:Recovery(UnitUnreadable { slot: SlotNumber(50182) }) M:mount-err:Recovery(UnitUnreadable { slot: SlotNumber(50182) }) F:refused(not-writable) O:refused(not-writable) F:refused(not-writable) O:refused(not-writable) F:refused(not-writable) O:refused(not-writable) F:refused(not-writable) O:refused(not-writable) F:refused(not-writable) O:refused(not-writable) F:refused(not-writable) O:refused(not-writable) F:refused(not-writable) O:refused(not-writable) F:refused(not-writable) O:refused(not-writable) F:refused(not-writable) O:refused(not-writable) F:refused(not-writable) O:refused(not-writable) F:refused(not-writable) O:refused(not-writable) F:refused(not-writable) O:refused(not-writable) F:refused(not-writable) O:refused(not-writable) F:refused(not-writable) O:refused(not-writable) F:refused(not-writable) O:refused(not-writable)	mount-err:Recovery(UnitUnreadable { slot: SlotNumber(50182) })	same	-	[0, 0]	0	0	[0, 0]	0	0	0	8	-	[]	0	0
F9-bad-media-rw-forever	N3-iso-persisted	FOOMFOFOFOFOFOFOFOFOFOFOFOFOFOFOFO	F:noop O:ok O:ok M:ok F:ok(F=3,reclaimed=1) O:ok F:ok(F=6,reclaimed=17) O:ok F:ok(F=7,reclaimed=8) O:ok F:ok(F=8,reclaimed=8) O:ok F:ok(F=14,reclaimed=29) O:ok F:ok(F=17,reclaimed=16) O:ok F:ok(F=20,reclaimed=16) O:ok F:ok(F=23,reclaimed=16) O:ok F:ok(F=26,reclaimed=16) O:ok F:ok(F=29,reclaimed=16) O:ok F:ok(F=32,reclaimed=16) O:ok F:ok(F=35,reclaimed=16) O:ok F:ok(F=38,reclaimed=16) O:ok F:ok(F=41,reclaimed=16) O:ok F:ok(F=44,reclaimed=16) O:ok	ok	same	-	[2, 2]	4	0	[2, 2]	169	3342336	0	2	t1@50182:released-and-isolated	[]	0	0
F9-bad-media-rw-forever	N3-iso-persisted	FOFMFOFOFOFOFOFOFOFOFOFOFOFOFOFOFO	F:noop O:ok F:noop M:ok F:noop O:ok F:ok(F=3,reclaimed=1) O:ok F:ok(F=6,reclaimed=17) O:ok F:ok(F=7,reclaimed=8) O:ok F:ok(F=11,reclaimed=21) O:ok F:ok(F=14,reclaimed=16) O:ok F:ok(F=17,reclaimed=16) O:ok F:ok(F=20,reclaimed=16) O:ok F:ok(F=23,reclaimed=16) O:ok F:ok(F=26,reclaimed=16) O:ok F:ok(F=29,reclaimed=16) O:ok F:ok(F=32,reclaimed=16) O:ok F:ok(F=35,reclaimed=16) O:ok F:ok(F=38,reclaimed=16) O:ok F:ok(F=41,reclaimed=16) O:ok	ok	same	-	[2, 2]	4	0	[2, 2]	159	3145728	0	2	t1@50182:released-and-isolated	[]	0	0
F9-bad-media-rw-forever	N3-iso-persisted	MMFMFOFOFOFOFOFOFOFOFOFOFOFOFOFOFO	M:mount-err:Recovery(UnitUnreadable { slot: SlotNumber(50182) }) M:mount-err:Recovery(UnitUnreadable { slot: SlotNumber(50182) }) F:refused(not-writable) M:mount-err:Recovery(UnitUnreadable { slot: SlotNumber(50182) }) F:refused(not-writable) O:refused(not-writable) F:refused(not-writable) O:refused(not-writable) F:refused(not-writable) O:refused(not-writable) F:refused(not-writable) O:refused(not-writable) F:refused(not-writable) O:refused(not-writable) F:refused(not-writable) O:refused(not-writable) F:refused(not-writable) O:refused(not-writable) F:refused(not-writable) O:refused(not-writable) F:refused(not-writable) O:refused(not-writable) F:refused(not-writable) O:refused(not-writable) F:refused(not-writable) O:refused(not-writable) F:refused(not-writable) O:refused(not-writable) F:refused(not-writable) O:refused(not-writable) F:refused(not-writable) O:refused(not-writable) F:refused(not-writable) O:refused(not-writable)	mount-err:Recovery(UnitUnreadable { slot: SlotNumber(50182) })	same	-	[0, 0]	0	0	[0, 0]	0	0	0	8	-	[]	0	0
F9-bad-media-rw-forever	N3-iso-persisted	FOMMFOFOFOFOFOFOFOFOFOFOFOFOFOFOFO	F:noop O:ok M:ok M:ok F:noop O:ok F:ok(F=3,reclaimed=1) O:ok F:ok(F=6,reclaimed=17) O:ok F:ok(F=7,reclaimed=8) O:ok F:ok(F=14,reclaimed=34) O:ok F:ok(F=17,reclaimed=16) O:ok F:ok(F=20,reclaimed=16) O:ok F:ok(F=23,reclaimed=16) O:ok F:ok(F=26,reclaimed=16) O:ok F:ok(F=29,reclaimed=16) O:ok F:ok(F=32,reclaimed=16) O:ok F:ok(F=35,reclaimed=16) O:ok F:ok(F=38,reclaimed=16) O:ok F:ok(F=41,reclaimed=16) O:ok F:ok(F=44,reclaimed=16) O:ok	ok	same	-	[2, 2]	4	0	[2, 2]	165	3244032	0	2	t1@50182:released-and-isolated	[]	0	0
F9-bad-media-rw-forever	N3-iso-persisted	MOFMFOFOFOFOFOFOFOFOFOFOFOFOFOFOFO	M:mount-err:Recovery(UnitUnreadable { slot: SlotNumber(50182) }) O:refused(not-writable) F:refused(not-writable) M:mount-err:Recovery(UnitUnreadable { slot: SlotNumber(50182) }) F:refused(not-writable) O:refused(not-writable) F:refused(not-writable) O:refused(not-writable) F:refused(not-writable) O:refused(not-writable) F:refused(not-writable) O:refused(not-writable) F:refused(not-writable) O:refused(not-writable) F:refused(not-writable) O:refused(not-writable) F:refused(not-writable) O:refused(not-writable) F:refused(not-writable) O:refused(not-writable) F:refused(not-writable) O:refused(not-writable) F:refused(not-writable) O:refused(not-writable) F:refused(not-writable) O:refused(not-writable) F:refused(not-writable) O:refused(not-writable) F:refused(not-writable) O:refused(not-writable) F:refused(not-writable) O:refused(not-writable) F:refused(not-writable) O:refused(not-writable)	mount-err:Recovery(UnitUnreadable { slot: SlotNumber(50182) })	same	-	[0, 0]	0	0	[0, 0]	0	0	0	6	-	[]	0	0
F9-bad-media-rw-forever	N3-iso-persisted	MMOMFOFOFOFOFOFOFOFOFOFOFOFOFOFOFO	M:mount-err:Recovery(UnitUnreadable { slot: SlotNumber(50182) }) M:mount-err:Recovery(UnitUnreadable { slot: SlotNumber(50182) }) O:refused(not-writable) M:mount-err:Recovery(UnitUnreadable { slot: SlotNumber(50182) }) F:refused(not-writable) O:refused(not-writable) F:refused(not-writable) O:refused(not-writable) F:refused(not-writable) O:refused(not-writable) F:refused(not-writable) O:refused(not-writable) F:refused(not-writable) O:refused(not-writable) F:refused(not-writable) O:refused(not-writable) F:refused(not-writable) O:refused(not-writable) F:refused(not-writable) O:refused(not-writable) F:refused(not-writable) O:refused(not-writable) F:refused(not-writable) O:refused(not-writable) F:refused(not-writable) O:refused(not-writable) F:refused(not-writable) O:refused(not-writable) F:refused(not-writable) O:refused(not-writable) F:refused(not-writable) O:refused(not-writable) F:refused(not-writable) O:refused(not-writable)	mount-err:Recovery(UnitUnreadable { slot: SlotNumber(50182) })	same	-	[0, 0]	0	0	[0, 0]	0	0	0	8	-	[]	0	0
F9-bad-media-rw-forever	N3-iso-persisted	MMMMFOFOFOFOFOFOFOFOFOFOFOFOFOFOFO	M:mount-err:Recovery(UnitUnreadable { slot: SlotNumber(50182) }) M:mount-err:Recovery(UnitUnreadable { slot: SlotNumber(50182) }) M:mount-err:Recovery(UnitUnreadable { slot: SlotNumber(50182) }) M:mount-err:Recovery(UnitUnreadable { slot: SlotNumber(50182) }) F:refused(not-writable) O:refused(not-writable) F:refused(not-writable) O:refused(not-writable) F:refused(not-writable) O:refused(not-writable) F:refused(not-writable) O:refused(not-writable) F:refused(not-writable) O:refused(not-writable) F:refused(not-writable) O:refused(not-writable) F:refused(not-writable) O:refused(not-writable) F:refused(not-writable) O:refused(not-writable) F:refused(not-writable) O:refused(not-writable) F:refused(not-writable) O:refused(not-writable) F:refused(not-writable) O:refused(not-writable) F:refused(not-writable) O:refused(not-writable) F:refused(not-writable) O:refused(not-writable) F:refused(not-writable) O:refused(not-writable) F:refused(not-writable) O:refused(not-writable)	mount-err:Recovery(UnitUnreadable { slot: SlotNumber(50182) })	same	-	[0, 0]	0	0	[0, 0]	0	0	0	10	-	[]	0	0
F9-bad-media-rw-forever	N3-iso-persisted	MOOMFOFOFOFOFOFOFOFOFOFOFOFOFOFOFO	M:mount-err:Recovery(UnitUnreadable { slot: SlotNumber(50182) }) O:refused(not-writable) O:refused(not-writable) M:mount-err:Recovery(UnitUnreadable { slot: SlotNumber(50182) }) F:refused(not-writable) O:refused(not-writable) F:refused(not-writable) O:refused(not-writable) F:refused(not-writable) O:refused(not-writable) F:refused(not-writable) O:refused(not-writable) F:refused(not-writable) O:refused(not-writable) F:refused(not-writable) O:refused(not-writable) F:refused(not-writable) O:refused(not-writable) F:refused(not-writable) O:refused(not-writable) F:refused(not-writable) O:refused(not-writable) F:refused(not-writable) O:refused(not-writable) F:refused(not-writable) O:refused(not-writable) F:refused(not-writable) O:refused(not-writable) F:refused(not-writable) O:refused(not-writable) F:refused(not-writable) O:refused(not-writable) F:refused(not-writable) O:refused(not-writable)	mount-err:Recovery(UnitUnreadable { slot: SlotNumber(50182) })	same	-	[0, 0]	0	0	[0, 0]	0	0	0	6	-	[]	0	0
F9-bad-media-rw-forever	N3-iso-persisted	MOMMFOFOFOFOFOFOFOFOFOFOFOFOFOFOFO	M:mount-err:Recovery(UnitUnreadable { slot: SlotNumber(50182) }) O:refused(not-writable) M:mount-err:Recovery(UnitUnreadable { slot: SlotNumber(50182) }) M:mount-err:Recovery(UnitUnreadable { slot: SlotNumber(50182) }) F:refused(not-writable) O:refused(not-writable) F:refused(not-writable) O:refused(not-writable) F:refused(not-writable) O:refused(not-writable) F:refused(not-writable) O:refused(not-writable) F:refused(not-writable) O:refused(not-writable) F:refused(not-writable) O:refused(not-writable) F:refused(not-writable) O:refused(not-writable) F:refused(not-writable) O:refused(not-writable) F:refused(not-writable) O:refused(not-writable) F:refused(not-writable) O:refused(not-writable) F:refused(not-writable) O:refused(not-writable) F:refused(not-writable) O:refused(not-writable) F:refused(not-writable) O:refused(not-writable) F:refused(not-writable) O:refused(not-writable) F:refused(not-writable) O:refused(not-writable)	mount-err:Recovery(UnitUnreadable { slot: SlotNumber(50182) })	same	-	[0, 0]	0	0	[0, 0]	0	0	0	8	-	[]	0	0
F9-bad-media-rw-forever	N3-iso-persisted	OFFMFOFOFOFOFOFOFOFOFOFOFOFOFOFOFO	O:ok F:noop F:noop M:ok F:noop O:ok F:ok(F=3,reclaimed=1) O:ok F:ok(F=6,reclaimed=17) O:ok F:ok(F=7,reclaimed=8) O:ok F:ok(F=11,reclaimed=21) O:ok F:ok(F=14,reclaimed=16) O:ok F:ok(F=17,reclaimed=16) O:ok F:ok(F=20,reclaimed=16) O:ok F:ok(F=23,reclaimed=16) O:ok F:ok(F=26,reclaimed=16) O:ok F:ok(F=29,reclaimed=16) O:ok F:ok(F=32,reclaimed=16) O:ok F:ok(F=35,reclaimed=16) O:ok F:ok(F=38,reclaimed=16) O:ok F:ok(F=41,reclaimed=16) O:ok	ok	same	-	[2, 2]	4	0	[2, 2]	159	3145728	0	2	t1@50182:released-and-isolated	[]	0	0
F9-bad-media-rw-forever	N3-iso-persisted	OFOMFOFOFOFOFOFOFOFOFOFOFOFOFOFOFO	O:ok F:noop O:ok M:ok F:ok(F=3,reclaimed=1) O:ok F:ok(F=6,reclaimed=17) O:ok F:ok(F=7,reclaimed=8) O:ok F:ok(F=8,reclaimed=8) O:ok F:ok(F=14,reclaimed=29) O:ok F:ok(F=17,reclaimed=16) O:ok F:ok(F=20,reclaimed=16) O:ok F:ok(F=23,reclaimed=16) O:ok F:ok(F=26,reclaimed=16) O:ok F:ok(F=29,reclaimed=16) O:ok F:ok(F=32,reclaimed=16) O:ok F:ok(F=35,reclaimed=16) O:ok F:ok(F=38,reclaimed=16) O:ok F:ok(F=41,reclaimed=16) O:ok F:ok(F=44,reclaimed=16) O:ok	ok	same	-	[2, 2]	4	0	[2, 2]	169	3342336	0	2	t1@50182:released-and-isolated	[]	0	0
F9-bad-media-rw-forever	N3-iso-persisted	OFMMFOFOFOFOFOFOFOFOFOFOFOFOFOFOFO	O:ok F:noop M:ok M:ok F:noop O:ok F:ok(F=3,reclaimed=1) O:ok F:ok(F=6,reclaimed=17) O:ok F:ok(F=7,reclaimed=8) O:ok F:ok(F=14,reclaimed=34) O:ok F:ok(F=17,reclaimed=16) O:ok F:ok(F=20,reclaimed=16) O:ok F:ok(F=23,reclaimed=16) O:ok F:ok(F=26,reclaimed=16) O:ok F:ok(F=29,reclaimed=16) O:ok F:ok(F=32,reclaimed=16) O:ok F:ok(F=35,reclaimed=16) O:ok F:ok(F=38,reclaimed=16) O:ok F:ok(F=41,reclaimed=16) O:ok F:ok(F=44,reclaimed=16) O:ok	ok	same	-	[2, 2]	4	0	[2, 2]	165	3244032	0	2	t1@50182:released-and-isolated	[]	0	0
F9-bad-media-rw-forever	N3-iso-persisted	OMFMFOFOFOFOFOFOFOFOFOFOFOFOFOFOFO	O:ok M:ok F:noop M:ok F:noop O:ok F:ok(F=3,reclaimed=1) O:ok F:ok(F=6,reclaimed=17) O:ok F:ok(F=7,reclaimed=8) O:ok F:ok(F=14,reclaimed=34) O:ok F:ok(F=17,reclaimed=16) O:ok F:ok(F=20,reclaimed=16) O:ok F:ok(F=23,reclaimed=16) O:ok F:ok(F=26,reclaimed=16) O:ok F:ok(F=29,reclaimed=16) O:ok F:ok(F=32,reclaimed=16) O:ok F:ok(F=35,reclaimed=16) O:ok F:ok(F=38,reclaimed=16) O:ok F:ok(F=41,reclaimed=16) O:ok F:ok(F=44,reclaimed=16) O:ok	ok	same	-	[2, 2]	4	0	[2, 2]	165	3244032	0	2	t1@50182:released-and-isolated	[]	0	0
F9-bad-media-rw-forever	N3-iso-persisted	OMOMFOFOFOFOFOFOFOFOFOFOFOFOFOFOFO	O:ok M:ok O:ok M:ok F:ok(F=3,reclaimed=1) O:ok F:ok(F=6,reclaimed=17) O:ok F:ok(F=7,reclaimed=8) O:ok F:ok(F=11,reclaimed=21) O:ok F:ok(F=17,reclaimed=29) O:ok F:ok(F=20,reclaimed=16) O:ok F:ok(F=23,reclaimed=16) O:ok F:ok(F=26,reclaimed=16) O:ok F:ok(F=29,reclaimed=16) O:ok F:ok(F=32,reclaimed=16) O:ok F:ok(F=35,reclaimed=16) O:ok F:ok(F=38,reclaimed=16) O:ok F:ok(F=41,reclaimed=16) O:ok F:ok(F=44,reclaimed=16) O:ok F:ok(F=47,reclaimed=16) O:ok	ok	same	-	[2, 2]	4	0	[2, 2]	175	3440640	0	2	t1@50182:released-and-isolated	[]	0	0
F9-bad-media-rw-forever	N3-iso-persisted	OMMMFOFOFOFOFOFOFOFOFOFOFOFOFOFOFO	O:ok M:ok M:ok M:ok F:noop O:ok F:ok(F=3,reclaimed=1) O:ok F:ok(F=6,reclaimed=17) O:ok F:ok(F=7,reclaimed=8) O:ok F:ok(F=17,reclaimed=47) O:ok F:ok(F=20,reclaimed=16) O:ok F:ok(F=23,reclaimed=16) O:ok F:ok(F=26,reclaimed=16) O:ok F:ok(F=29,reclaimed=16) O:ok F:ok(F=32,reclaimed=16) O:ok F:ok(F=35,reclaimed=16) O:ok F:ok(F=38,reclaimed=16) O:ok F:ok(F=41,reclaimed=16) O:ok F:ok(F=44,reclaimed=16) O:ok F:ok(F=47,reclaimed=16) O:ok	ok	same	-	[2, 2]	4	0	[2, 2]	171	3342336	0	2	t1@50182:released-and-isolated	[]	0	0
F9-bad-media-rw-forever	N3-iso-persisted	FFMFOFOFOFOFOFOFOFOFOFOFOFOFOFOFO	F:noop F:noop M:mount-err:Recovery(UnitUnreadable { slot: SlotNumber(50182) }) F:refused(not-writable) O:refused(not-writable) F:refused(not-writable) O:refused(not-writable) F:refused(not-writable) O:refused(not-writable) F:refused(not-writable) O:refused(not-writable) F:refused(not-writable) O:refused(not-writable) F:refused(not-writable) O:refused(not-writable) F:refused(not-writable) O:refused(not-writable) F:refused(not-writable) O:refused(not-writable) F:refused(not-writable) O:refused(not-writable) F:refused(not-writable) O:refused(not-writable) F:refused(not-writable) O:refused(not-writable) F:refused(not-writable) O:refused(not-writable) F:refused(not-writable) O:refused(not-writable) F:refused(not-writable) O:refused(not-writable) F:refused(not-writable) O:refused(not-writable)	mount-err:Recovery(UnitUnreadable { slot: SlotNumber(50182) })	same	-	[0, 0]	0	0	[0, 0]	0	0	0	4	-	[]	0	0
F9-bad-media-rw-forever	N3-iso-persisted	OOFMFOFOFOFOFOFOFOFOFOFOFOFOFOFOFO	O:ok O:ok F:ok(F=3,reclaimed=1) M:ok F:noop O:ok F:ok(F=6,reclaimed=17) O:ok F:ok(F=7,reclaimed=8) O:ok F:ok(F=8,reclaimed=8) O:ok F:ok(F=14,reclaimed=29) O:ok F:ok(F=17,reclaimed=16) O:ok F:ok(F=20,reclaimed=16) O:ok F:ok(F=23,reclaimed=16) O:ok F:ok(F=26,reclaimed=16) O:ok F:ok(F=29,reclaimed=16) O:ok F:ok(F=32,reclaimed=16) O:ok F:ok(F=35,reclaimed=16) O:ok F:ok(F=38,reclaimed=16) O:ok F:ok(F=41,reclaimed=16) O:ok F:ok(F=44,reclaimed=16) O:ok	ok	same	-	[2, 2]	4	0	[2, 2]	169	3342336	0	2	t1@50182:released-and-isolated	[]	0	0
F9-bad-media-rw-forever	N3-iso-persisted	OOOMFOFOFOFOFOFOFOFOFOFOFOFOFOFOFO	O:ok O:ok O:ok M:ok F:ok(F=6,reclaimed=18) O:ok F:ok(F=7,reclaimed=8) O:ok F:ok(F=8,reclaimed=8) O:ok F:ok(F=9,reclaimed=8) O:ok F:ok(F=14,reclaimed=25) O:ok F:ok(F=17,reclaimed=16) O:ok F:ok(F=20,reclaimed=16) O:ok F:ok(F=23,reclaimed=16) O:ok F:ok(F=26,reclaimed=16) O:ok F:ok(F=29,reclaimed=16) O:ok F:ok(F=32,reclaimed=16) O:ok F:ok(F=35,reclaimed=16) O:ok F:ok(F=38,reclaimed=16) O:ok F:ok(F=41,reclaimed=16) O:ok F:ok(F=44,reclaimed=16) O:ok	ok	same	-	[2, 2]	4	0	[2, 2]	173	3440640	0	2	t1@50182:released-and-isolated	[]	0	0
F9-bad-media-rw-forever	N3-iso-persisted	FMMFOFOFOFOFOFOFOFOFOFOFOFOFOFOFO	F:noop M:mount-err:Recovery(UnitUnreadable { slot: SlotNumber(50182) }) M:mount-err:Recovery(UnitUnreadable { slot: SlotNumber(50182) }) F:refused(not-writable) O:refused(not-writable) F:refused(not-writable) O:refused(not-writable) F:refused(not-writable) O:refused(not-writable) F:refused(not-writable) O:refused(not-writable) F:refused(not-writable) O:refused(not-writable) F:refused(not-writable) O:refused(not-writable) F:refused(not-writable) O:refused(not-writable) F:refused(not-writable) O:refused(not-writable) F:refused(not-writable) O:refused(not-writable) F:refused(not-writable) O:refused(not-writable) F:refused(not-writable) O:refused(not-writable) F:refused(not-writable) O:refused(not-writable) F:refused(not-writable) O:refused(not-writable) F:refused(not-writable) O:refused(not-writable) F:refused(not-writable) O:refused(not-writable)	mount-err:Recovery(UnitUnreadable { slot: SlotNumber(50182) })	same	-	[0, 0]	0	0	[0, 0]	0	0	0	6	-	[]	0	0
F9-bad-media-rw-forever	N3-iso-persisted	MOMFOFOFOFOFOFOFOFOFOFOFOFOFOFOFO	M:mount-err:Recovery(UnitUnreadable { slot: SlotNumber(50182) }) O:refused(not-writable) M:mount-err:Recovery(UnitUnreadable { slot: SlotNumber(50182) }) F:refused(not-writable) O:refused(not-writable) F:refused(not-writable) O:refused(not-writable) F:refused(not-writable) O:refused(not-writable) F:refused(not-writable) O:refused(not-writable) F:refused(not-writable) O:refused(not-writable) F:refused(not-writable) O:refused(not-writable) F:refused(not-writable) O:refused(not-writable) F:refused(not-writable) O:refused(not-writable) F:refused(not-writable) O:refused(not-writable) F:refused(not-writable) O:refused(not-writable) F:refused(not-writable) O:refused(not-writable) F:refused(not-writable) O:refused(not-writable) F:refused(not-writable) O:refused(not-writable) F:refused(not-writable) O:refused(not-writable) F:refused(not-writable) O:refused(not-writable)	mount-err:Recovery(UnitUnreadable { slot: SlotNumber(50182) })	same	-	[0, 0]	0	0	[0, 0]	0	0	0	6	-	[]	0	0
F9-bad-media-rw-forever	N3-iso-persisted	MFMFOFOFOFOFOFOFOFOFOFOFOFOFOFOFO	M:mount-err:Recovery(UnitUnreadable { slot: SlotNumber(50182) }) F:refused(not-writable) M:mount-err:Recovery(UnitUnreadable { slot: SlotNumber(50182) }) F:refused(not-writable) O:refused(not-writable) F:refused(not-writable) O:refused(not-writable) F:refused(not-writable) O:refused(not-writable) F:refused(not-writable) O:refused(not-writable) F:refused(not-writable) O:refused(not-writable) F:refused(not-writable) O:refused(not-writable) F:refused(not-writable) O:refused(not-writable) F:refused(not-writable) O:refused(not-writable) F:refused(not-writable) O:refused(not-writable) F:refused(not-writable) O:refused(not-writable) F:refused(not-writable) O:refused(not-writable) F:refused(not-writable) O:refused(not-writable) F:refused(not-writable) O:refused(not-writable) F:refused(not-writable) O:refused(not-writable) F:refused(not-writable) O:refused(not-writable)	mount-err:Recovery(UnitUnreadable { slot: SlotNumber(50182) })	same	-	[0, 0]	0	0	[0, 0]	0	0	0	6	-	[]	0	0
F9-bad-media-rw-forever	N3-iso-persisted	FOMFOFOFOFOFOFOFOFOFOFOFOFOFOFOFO	F:noop O:ok M:ok F:noop O:ok F:ok(F=3,reclaimed=1) O:ok F:ok(F=6,reclaimed=17) O:ok F:ok(F=7,reclaimed=8) O:ok F:ok(F=11,reclaimed=21) O:ok F:ok(F=14,reclaimed=16) O:ok F:ok(F=17,reclaimed=16) O:ok F:ok(F=20,reclaimed=16) O:ok F:ok(F=23,reclaimed=16) O:ok F:ok(F=26,reclaimed=16) O:ok F:ok(F=29,reclaimed=16) O:ok F:ok(F=32,reclaimed=16) O:ok F:ok(F=35,reclaimed=16) O:ok F:ok(F=38,reclaimed=16) O:ok F:ok(F=41,reclaimed=16) O:ok	ok	same	-	[2, 2]	4	0	[2, 2]	159	3145728	0	2	t1@50182:released-and-isolated	[]	0	0
F9-bad-media-rw-forever	N3-iso-persisted	OOMMFOFOFOFOFOFOFOFOFOFOFOFOFOFOFO	O:ok O:ok M:ok M:ok F:ok(F=3,reclaimed=1) O:ok F:ok(F=6,reclaimed=17) O:ok F:ok(F=7,reclaimed=8) O:ok F:ok(F=8,reclaimed=8) O:ok F:ok(F=17,reclaimed=42) O:ok F:ok(F=20,reclaimed=16) O:ok F:ok(F=23,reclaimed=16) O:ok F:ok(F=26,reclaimed=16) O:ok F:ok(F=29,reclaimed=16) O:ok F:ok(F=32,reclaimed=16) O:ok F:ok(F=35,reclaimed=16) O:ok F:ok(F=38,reclaimed=16) O:ok F:ok(F=41,reclaimed=16) O:ok F:ok(F=44,reclaimed=16) O:ok F:ok(F=47,reclaimed=16) O:ok	ok	same	-	[2, 2]	4	0	[2, 2]	175	3440640	0	2	t1@50182:released-and-isolated	[]	0	0
F9-bad-media-rw-forever	N3-iso-persisted	MMMFOFOFOFOFOFOFOFOFOFOFOFOFOFOFO	M:mount-err:Recovery(UnitUnreadable { slot: SlotNumber(50182) }) M:mount-err:Recovery(UnitUnreadable { slot: SlotNumber(50182) }) M:mount-err:Recovery(UnitUnreadable { slot: SlotNumber(50182) }) F:refused(not-writable) O:refused(not-writable) F:refused(not-writable) O:refused(not-writable) F:refused(not-writable) O:refused(not-writable) F:refused(not-writable) O:refused(not-writable) F:refused(not-writable) O:refused(not-writable) F:refused(not-writable) O:refused(not-writable) F:refused(not-writable) O:refused(not-writable) F:refused(not-writable) O:refused(not-writable) F:refused(not-writable) O:refused(not-writable) F:refused(not-writable) O:refused(not-writable) F:refused(not-writable) O:refused(not-writable) F:refused(not-writable) O:refused(not-writable) F:refused(not-writable) O:refused(not-writable) F:refused(not-writable) O:refused(not-writable) F:refused(not-writable) O:refused(not-writable)	mount-err:Recovery(UnitUnreadable { slot: SlotNumber(50182) })	same	-	[0, 0]	0	0	[0, 0]	0	0	0	8	-	[]	0	0
F9-bad-media-rw-forever	N3-iso-persisted	FMFOFOFOFOFOFOFOFOFOFOFOFOFOFOFO	F:noop M:mount-err:Recovery(UnitUnreadable { slot: SlotNumber(50182) }) F:refused(not-writable) O:refused(not-writable) F:refused(not-writable) O:refused(not-writable) F:refused(not-writable) O:refused(not-writable) F:refused(not-writable) O:refused(not-writable) F:refused(not-writable) O:refused(not-writable) F:refused(not-writable) O:refused(not-writable) F:refused(not-writable) O:refused(not-writable) F:refused(not-writable) O:refused(not-writable) F:refused(not-writable) O:refused(not-writable) F:refused(not-writable) O:refused(not-writable) F:refused(not-writable) O:refused(not-writable) F:refused(not-writable) O:refused(not-writable) F:refused(not-writable) O:refused(not-writable) F:refused(not-writable) O:refused(not-writable) F:refused(not-writable) O:refused(not-writable)	mount-err:Recovery(UnitUnreadable { slot: SlotNumber(50182) })	same	-	[0, 0]	0	0	[0, 0]	0	0	0	4	-	[]	0	0
F9-bad-media-rw-forever	N3-iso-persisted	OFMFOFOFOFOFOFOFOFOFOFOFOFOFOFOFO	O:ok F:noop M:ok F:noop O:ok F:ok(F=3,reclaimed=1) O:ok F:ok(F=6,reclaimed=17) O:ok F:ok(F=7,reclaimed=8) O:ok F:ok(F=11,reclaimed=21) O:ok F:ok(F=14,reclaimed=16) O:ok F:ok(F=17,reclaimed=16) O:ok F:ok(F=20,reclaimed=16) O:ok F:ok(F=23,reclaimed=16) O:ok F:ok(F=26,reclaimed=16) O:ok F:ok(F=29,reclaimed=16) O:ok F:ok(F=32,reclaimed=16) O:ok F:ok(F=35,reclaimed=16) O:ok F:ok(F=38,reclaimed=16) O:ok F:ok(F=41,reclaimed=16) O:ok	ok	same	-	[2, 2]	4	0	[2, 2]	159	3145728	0	2	t1@50182:released-and-isolated	[]	0	0
F9-bad-media-rw-forever	N3-iso-persisted	OMMFOFOFOFOFOFOFOFOFOFOFOFOFOFOFO	O:ok M:ok M:ok F:noop O:ok F:ok(F=3,reclaimed=1) O:ok F:ok(F=6,reclaimed=17) O:ok F:ok(F=7,reclaimed=8) O:ok F:ok(F=14,reclaimed=34) O:ok F:ok(F=17,reclaimed=16) O:ok F:ok(F=20,reclaimed=16) O:ok F:ok(F=23,reclaimed=16) O:ok F:ok(F=26,reclaimed=16) O:ok F:ok(F=29,reclaimed=16) O:ok F:ok(F=32,reclaimed=16) O:ok F:ok(F=35,reclaimed=16) O:ok F:ok(F=38,reclaimed=16) O:ok F:ok(F=41,reclaimed=16) O:ok F:ok(F=44,reclaimed=16) O:ok	ok	same	-	[2, 2]	4	0	[2, 2]	165	3244032	0	2	t1@50182:released-and-isolated	[]	0	0
F9-bad-media-rw-forever	N3-iso-persisted	MMFOFOFOFOFOFOFOFOFOFOFOFOFOFOFO	M:mount-err:Recovery(UnitUnreadable { slot: SlotNumber(50182) }) M:mount-err:Recovery(UnitUnreadable { slot: SlotNumber(50182) }) F:refused(not-writable) O:refused(not-writable) F:refused(not-writable) O:refused(not-writable) F:refused(not-writable) O:refused(not-writable) F:refused(not-writable) O:refused(not-writable) F:refused(not-writable) O:refused(not-writable) F:refused(not-writable) O:refused(not-writable) F:refused(not-writable) O:refused(not-writable) F:refused(not-writable) O:refused(not-writable) F:refused(not-writable) O:refused(not-writable) F:refused(not-writable) O:refused(not-writable) F:refused(not-writable) O:refused(not-writable) F:refused(not-writable) O:refused(not-writable) F:refused(not-writable) O:refused(not-writable) F:refused(not-writable) O:refused(not-writable) F:refused(not-writable) O:refused(not-writable)	mount-err:Recovery(UnitUnreadable { slot: SlotNumber(50182) })	same	-	[0, 0]	0	0	[0, 0]	0	0	0	6	-	[]	0	0
F9-bad-media-rw-forever	N3-iso-persisted	OOMFOFOFOFOFOFOFOFOFOFOFOFOFOFOFO	O:ok O:ok M:ok F:ok(F=3,reclaimed=1) O:ok F:ok(F=6,reclaimed=17) O:ok F:ok(F=7,reclaimed=8) O:ok F:ok(F=8,reclaimed=8) O:ok F:ok(F=14,reclaimed=29) O:ok F:ok(F=17,reclaimed=16) O:ok F:ok(F=20,reclaimed=16) O:ok F:ok(F=23,reclaimed=16) O:ok F:ok(F=26,reclaimed=16) O:ok F:ok(F=29,reclaimed=16) O:ok F:ok(F=32,reclaimed=16) O:ok F:ok(F=35,reclaimed=16) O:ok F:ok(F=38,reclaimed=16) O:ok F:ok(F=41,reclaimed=16) O:ok F:ok(F=44,reclaimed=16) O:ok	ok	same	-	[2, 2]	4	0	[2, 2]	169	3342336	0	2	t1@50182:released-and-isolated	[]	0	0
F9-bad-media-rw-forever	N3-iso-persisted	OMFOFOFOFOFOFOFOFOFOFOFOFOFOFOFO	O:ok M:ok F:noop O:ok F:ok(F=3,reclaimed=1) O:ok F:ok(F=6,reclaimed=17) O:ok F:ok(F=7,reclaimed=8) O:ok F:ok(F=11,reclaimed=21) O:ok F:ok(F=14,reclaimed=16) O:ok F:ok(F=17,reclaimed=16) O:ok F:ok(F=20,reclaimed=16) O:ok F:ok(F=23,reclaimed=16) O:ok F:ok(F=26,reclaimed=16) O:ok F:ok(F=29,reclaimed=16) O:ok F:ok(F=32,reclaimed=16) O:ok F:ok(F=35,reclaimed=16) O:ok F:ok(F=38,reclaimed=16) O:ok F:ok(F=41,reclaimed=16) O:ok	ok	same	-	[2, 2]	4	0	[2, 2]	159	3145728	0	2	t1@50182:released-and-isolated	[]	0	0
