fault	arm	suffix	steps	final_mount	readback	violated	isolated_per_device	isolated_by_check	isolated_at_mount	free_minus_allocatable	check_reads	check_read_bytes	switches	reads_refused	check_events	reuse_steps	rebuild_mapping_mismatch	writes_refused
F9-bad-media-rw-forever	off(today)	FFFMMFOFOFOFOFOFOFOFOFOFOFOFOFOFOFO	F:noop F:noop F:noop M:mount-err:Recovery(UnitUnreadable { slot: SlotNumber(50182) }) M:mount-err:Recovery(UnitUnreadable { slot: SlotNumber(50182) }) F:refused(not-writable) O:refused(not-writable) F:refused(not-writable) O:refused(not-writable) F:refused(not-writable) O:refused(not-writable) F:refused(not-writable) O:refused(not-writable) F:refused(not-writable) O:refused(not-writable) F:refused(not-writable) O:refused(not-writable) F:refused(not-writable) O:refused(not-writable) F:refused(not-writable) O:refused(not-writable) F:refused(not-writable) O:refused(not-writable) F:refused(not-writable) O:refused(not-writable) F:refused(not-writable) O:refused(not-writable) F:refused(not-writable) O:refused(not-writable) F:refused(not-writable) O:refused(not-writable) F:refused(not-writable) O:refused(not-writable) F:refused(not-writable) O:refused(not-writable)	mount-err:Recovery(UnitUnreadable { slot: SlotNumber(50182) })	same	-	[0, 0]	0	0	[0, 0]	0	0	0	6	-	[]	0	0
F9-bad-media-rw-forever	off(today)	FFMOMFOFOFOFOFOFOFOFOFOFOFOFOFOFOFO	F:noop F:noop M:mount-err:Recovery(UnitUnreadable { slot: SlotNumber(50182) }) O:refused(not-writable) M:mount-err:Recovery(UnitUnreadable { slot: SlotNumber(50182) }) F:refused(not-writable) O:refused(not-writable) F:refused(not-writable) O:refused(not-writable) F:refused(not-writable) O:refused(not-writable) F:refused(not-writable) O:refused(not-writable) F:refused(not-writable) O:refused(not-writable) F:refused(not-writable) O:refused(not-writable) F:refused(not-writable) O:refused(not-writable) F:refused(not-writable) O:refused(not-writable) F:refused(not-writable) O:refused(not-writable) F:refused(not-writable) O:refused(not-writable) F:refused(not-writable) O:refused(not-writable) F:refused(not-writable) O:refused(not-writable) F:refused(not-writable) O:refused(not-writable) F:refused(not-writable) O:refused(not-writable) F:refused(not-writable) O:refused(not-writable)	mount-err:Recovery(UnitUnreadable { slot: SlotNumber(50182) })	same	-	[0, 0]	0	0	[0, 0]	0	0	0	6	-	[]	0	0
F9-bad-media-rw-forever	off(today)	FFFFMFOFOFOFOFOFOFOFOFOFOFOFOFOFOFO	F:noop F:noop F:noop F:noop M:mount-err:Recovery(UnitUnreadable { slot: SlotNumber(50182) }) F:refused(not-writable) O:refused(not-writable) F:refused(not-writable) O:refused(not-writable) F:refused(not-writable) O:refused(not-writable) F:refused(not-writable) O:refused(not-writable) F:refused(not-writable) O:refused(not-writable) F:refused(not-writable) O:refused(not-writable) F:refused(not-writable) O:refused(not-writable) F:refused(not-writable) O:refused(not-writable) F:refused(not-writable) O:refused(not-writable) F:refused(not-writable) O:refused(not-writable) F:refused(not-writable) O:refused(not-writable) F:refused(not-writable) O:refused(not-writable) F:refused(not-writable) O:refused(not-writable) F:refused(not-writable) O:refused(not-writable) F:refused(not-writable) O:refused(not-writable)	mount-err:Recovery(UnitUnreadable { slot: SlotNumber(50182) })	same	-	[0, 0]	0	0	[0, 0]	0	0	0	4	-	[]	0	0
F9-bad-media-rw-forever	off(today)	FFMFMFOFOFOFOFOFOFOFOFOFOFOFOFOFOFO	F:noop F:noop M:mount-err:Recovery(UnitUnreadable { slot: SlotNumber(50182) }) F:refused(not-writable) M:mount-err:Recovery(UnitUnreadable { slot: SlotNumber(50182) }) F:refused(not-writable) O:refused(not-writable) F:refused(not-writable) O:refused(not-writable) F:refused(not-writable) O:refused(not-writable) F:refused(not-writable) O:refused(not-writable) F:refused(not-writable) O:refused(not-writable) F:refused(not-writable) O:refused(not-writable) F:refused(not-writable) O:refused(not-writable) F:refused(not-writable) O:refused(not-writable) F:refused(not-writable) O:refused(not-writable) F:refused(not-writable) O:refused(not-writable) F:refused(not-writable) O:refused(not-writable) F:refused(not-writable) O:refused(not-writable) F:refused(not-writable) O:refused(not-writable) F:refused(not-writable) O:refused(not-writable) F:refused(not-writable) O:refused(not-writable)	mount-err:Recovery(UnitUnreadable { slot: SlotNumber(50182) })	same	-	[0, 0]	0	0	[0, 0]	0	0	0	6	-	[]	0	0
F9-bad-media-rw-forever	off(today)	FFOFMFOFOFOFOFOFOFOFOFOFOFOFOFOFOFO	F:noop F:noop O:ok F:noop M:ok F:noop O:ok F:ok(F=3,reclaimed=1) O:ok F:ok(F=6,reclaimed=17) O:ok F:ok(F=7,reclaimed=8) O:ok F:ok(F=11,reclaimed=21) O:err:BlockDevice(InputOutput(Custom { kind: Other, error: "injected write e F:noop O:err:BlockDevice(InputOutput(Custom { kind: Other, error: "injected write e F:noop O:err:BlockDevice(InputOutput(Custom { kind: Other, error: "injected write e F:noop O:err:BlockDevice(InputOutput(Custom { kind: Other, error: "injected write e F:noop O:err:BlockDevice(InputOutput(Custom { kind: Other, error: "injected write e F:noop O:err:BlockDevice(InputOutput(Custom { kind: Other, error: "injected write e F:noop O:err:BlockDevice(InputOutput(Custom { kind: Other, error: "injected write e F:noop O:err:BlockDevice(InputOutput(Custom { kind: Other, error: "injected write e F:noop O:err:BlockDevice(InputOutput(Custom { kind: Other, error: "injected write e F:noop O:err:BlockDevice(InputOutput(Custom { kind: Other, error: "injected write e F:noop O:err:BlockDevice(InputOutput(Custom { kind: Other, error: "injected write e	ok	same	-	[0, 0]	0	0	[0, 0]	0	0	0	0	-	[]	0	11
F9-bad-media-rw-forever	off(today)	FFMMMFOFOFOFOFOFOFOFOFOFOFOFOFOFOFO	F:noop F:noop M:mount-err:Recovery(UnitUnreadable { slot: SlotNumber(50182) }) M:mount-err:Recovery(UnitUnreadable { slot: SlotNumber(50182) }) M:mount-err:Recovery(UnitUnreadable { slot: SlotNumber(50182) }) F:refused(not-writable) O:refused(not-writable) F:refused(not-writable) O:refused(not-writable) F:refused(not-writable) O:refused(not-writable) F:refused(not-writable) O:refused(not-writable) F:refused(not-writable) O:refused(not-writable) F:refused(not-writable) O:refused(not-writable) F:refused(not-writable) O:refused(not-writable) F:refused(not-writable) O:refused(not-writable) F:refused(not-writable) O:refused(not-writable) F:refused(not-writable) O:refused(not-writable) F:refused(not-writable) O:refused(not-writable) F:refused(not-writable) O:refused(not-writable) F:refused(not-writable) O:refused(not-writable) F:refused(not-writable) O:refused(not-writable) F:refused(not-writable) O:refused(not-writable)	mount-err:Recovery(UnitUnreadable { slot: SlotNumber(50182) })	same	-	[0, 0]	0	0	[0, 0]	0	0	0	8	-	[]	0	0
F9-bad-media-rw-forever	off(today)	FFFOMFOFOFOFOFOFOFOFOFOFOFOFOFOFOFO	F:noop F:noop F:noop O:ok M:ok F:noop O:ok F:ok(F=3,reclaimed=1) O:ok F:ok(F=6,reclaimed=17) O:ok F:ok(F=7,reclaimed=8) O:ok F:ok(F=11,reclaimed=21) O:err:BlockDevice(InputOutput(Custom { kind: Other, error: "injected write e F:noop O:err:BlockDevice(InputOutput(Custom { kind: Other, error: "injected write e F:noop O:err:BlockDevice(InputOutput(Custom { kind: Other, error: "injected write e F:noop O:err:BlockDevice(InputOutput(Custom { kind: Other, error: "injected write e F:noop O:err:BlockDevice(InputOutput(Custom { kind: Other, error: "injected write e F:noop O:err:BlockDevice(InputOutput(Custom { kind: Other, error: "injected write e F:noop O:err:BlockDevice(InputOutput(Custom { kind: Other, error: "injected write e F:noop O:err:BlockDevice(InputOutput(Custom { kind: Other, error: "injected write e F:noop O:err:BlockDevice(InputOutput(Custom { kind: Other, error: "injected write e F:noop O:err:BlockDevice(InputOutput(Custom { kind: Other, error: "injected write e F:noop O:err:BlockDevice(InputOutput(Custom { kind: Other, error: "injected write e	ok	same	-	[0, 0]	0	0	[0, 0]	0	0	0	0	-	[]	0	11
F9-bad-media-rw-forever	off(today)	FFOMMFOFOFOFOFOFOFOFOFOFOFOFOFOFOFO	F:noop F:noop O:ok M:ok M:ok F:noop O:ok F:ok(F=3,reclaimed=1) O:ok F:ok(F=6,reclaimed=17) O:ok F:ok(F=7,reclaimed=8) O:ok F:ok(F=14,reclaimed=34) O:err:BlockDevice(InputOutput(Custom { kind: Other, error: "injected write e F:noop O:err:BlockDevice(InputOutput(Custom { kind: Other, error: "injected write e F:noop O:err:BlockDevice(InputOutput(Custom { kind: Other, error: "injected write e F:noop O:err:BlockDevice(InputOutput(Custom { kind: Other, error: "injected write e F:noop O:err:BlockDevice(InputOutput(Custom { kind: Other, error: "injected write e F:noop O:err:BlockDevice(InputOutput(Custom { kind: Other, error: "injected write e F:noop O:err:BlockDevice(InputOutput(Custom { kind: Other, error: "injected write e F:noop O:err:BlockDevice(InputOutput(Custom { kind: Other, error: "injected write e F:noop O:err:BlockDevice(InputOutput(Custom { kind: Other, error: "injected write e F:noop O:err:BlockDevice(InputOutput(Custom { kind: Other, error: "injected write e F:noop O:err:BlockDevice(InputOutput(Custom { kind: Other, error: "injected write e	ok	same	-	[0, 0]	0	0	[0, 0]	0	0	0	0	-	[]	0	11
F9-bad-media-rw-forever	off(today)	FMFFMFOFOFOFOFOFOFOFOFOFOFOFOFOFOFO	F:noop M:mount-err:Recovery(UnitUnreadable { slot: SlotNumber(50182) }) F:refused(not-writable) F:refused(not-writable) M:mount-err:Recovery(UnitUnreadable { slot: SlotNumber(50182) }) F:refused(not-writable) O:refused(not-writable) F:refused(not-writable) O:refused(not-writable) F:refused(not-writable) O:refused(not-writable) F:refused(not-writable) O:refused(not-writable) F:refused(not-writable) O:refused(not-writable) F:refused(not-writable) O:refused(not-writable) F:refused(not-writable) O:refused(not-writable) F:refused(not-writable) O:refused(not-writable) F:refused(not-writable) O:refused(not-writable) F:refused(not-writable) O:refused(not-writable) F:refused(not-writable) O:refused(not-writable) F:refused(not-writable) O:refused(not-writable) F:refused(not-writable) O:refused(not-writable) F:refused(not-writable) O:refused(not-writable) F:refused(not-writable) O:refused(not-writable)	mount-err:Recovery(UnitUnreadable { slot: SlotNumber(50182) })	same	-	[0, 0]	0	0	[0, 0]	0	0	0	6	-	[]	0	0
F9-bad-media-rw-forever	off(today)	FMFOMFOFOFOFOFOFOFOFOFOFOFOFOFOFOFO	F:noop M:mount-err:Recovery(UnitUnreadable { slot: SlotNumber(50182) }) F:refused(not-writable) O:refused(not-writable) M:mount-err:Recovery(UnitUnreadable { slot: SlotNumber(50182) }) F:refused(not-writable) O:refused(not-writable) F:refused(not-writable) O:refused(not-writable) F:refused(not-writable) O:refused(not-writable) F:refused(not-writable) O:refused(not-writable) F:refused(not-writable) O:refused(not-writable) F:refused(not-writable) O:refused(not-writable) F:refused(not-writable) O:refused(not-writable) F:refused(not-writable) O:refused(not-writable) F:refused(not-writable) O:refused(not-writable) F:refused(not-writable) O:refused(not-writable) F:refused(not-writable) O:refused(not-writable) F:refused(not-writable) O:refused(not-writable) F:refused(not-writable) O:refused(not-writable) F:refused(not-writable) O:refused(not-writable) F:refused(not-writable) O:refused(not-writable)	mount-err:Recovery(UnitUnreadable { slot: SlotNumber(50182) })	same	-	[0, 0]	0	0	[0, 0]	0	0	0	6	-	[]	0	0
F9-bad-media-rw-forever	off(today)	FFOOMFOFOFOFOFOFOFOFOFOFOFOFOFOFOFO	F:noop F:noop O:ok O:ok M:ok F:ok(F=3,reclaimed=1) O:ok F:ok(F=6,reclaimed=17) O:ok F:ok(F=7,reclaimed=8) O:ok F:ok(F=8,reclaimed=8) O:err:BlockDevice(InputOutput(Custom { kind: Other, error: "injected write e F:noop O:err:BlockDevice(InputOutput(Custom { kind: Other, error: "injected write e F:noop O:err:BlockDevice(InputOutput(Custom { kind: Other, error: "injected write e F:noop O:err:BlockDevice(InputOutput(Custom { kind: Other, error: "injected write e F:noop O:err:BlockDevice(InputOutput(Custom { kind: Other, error: "injected write e F:noop O:err:BlockDevice(InputOutput(Custom { kind: Other, error: "injected write e F:noop O:err:BlockDevice(InputOutput(Custom { kind: Other, error: "injected write e F:noop O:err:BlockDevice(InputOutput(Custom { kind: Other, error: "injected write e F:noop O:err:BlockDevice(InputOutput(Custom { kind: Other, error: "injected write e F:noop O:err:BlockDevice(InputOutput(Custom { kind: Other, error: "injected write e F:noop O:err:BlockDevice(InputOutput(Custom { kind: Other, error: "injected write e F:noop O:err:BlockDevice(InputOutput(Custom { kind: Other, error: "injected write e	ok	same	-	[0, 0]	0	0	[0, 0]	0	0	0	0	-	[]	0	12
F9-bad-media-rw-forever	off(today)	FMOFMFOFOFOFOFOFOFOFOFOFOFOFOFOFOFO	F:noop M:mount-err:Recovery(UnitUnreadable { slot: SlotNumber(50182) }) O:refused(not-writable) F:refused(not-writable) M:mount-err:Recovery(UnitUnreadable { slot: SlotNumber(50182) }) F:refused(not-writable) O:refused(not-writable) F:refused(not-writable) O:refused(not-writable) F:refused(not-writable) O:refused(not-writable) F:refused(not-writable) O:refused(not-writable) F:refused(not-writable) O:refused(not-writable) F:refused(not-writable) O:refused(not-writable) F:refused(not-writable) O:refused(not-writable) F:refused(not-writable) O:refused(not-writable) F:refused(not-writable) O:refused(not-writable) F:refused(not-writable) O:refused(not-writable) F:refused(not-writable) O:refused(not-writable) F:refused(not-writable) O:refused(not-writable) F:refused(not-writable) O:refused(not-writable) F:refused(not-writable) O:refused(not-writable) F:refused(not-writable) O:refused(not-writable)	mount-err:Recovery(UnitUnreadable { slot: SlotNumber(50182) })	same	-	[0, 0]	0	0	[0, 0]	0	0	0	6	-	[]	0	0
F9-bad-media-rw-forever	off(today)	FMFMMFOFOFOFOFOFOFOFOFOFOFOFOFOFOFO	F:noop M:mount-err:Recovery(UnitUnreadable { slot: SlotNumber(50182) }) F:refused(not-writable) M:mount-err:Recovery(UnitUnreadable { slot: SlotNumber(50182) }) M:mount-err:Recovery(UnitUnreadable { slot: SlotNumber(50182) }) F:refused(not-writable) O:refused(not-writable) F:refused(not-writable) O:refused(not-writable) F:refused(not-writable) O:refused(not-writable) F:refused(not-writable) O:refused(not-writable) F:refused(not-writable) O:refused(not-writable) F:refused(not-writable) O:refused(not-writable) F:refused(not-writable) O:refused(not-writable) F:refused(not-writable) O:refused(not-writable) F:refused(not-writable) O:refused(not-writable) F:refused(not-writable) O:refused(not-writable) F:refused(not-writable) O:refused(not-writable) F:refused(not-writable) O:refused(not-writable) F:refused(not-writable) O:refused(not-writable) F:refused(not-writable) O:refused(not-writable) F:refused(not-writable) O:refused(not-writable)	mount-err:Recovery(UnitUnreadable { slot: SlotNumber(50182) })	same	-	[0, 0]	0	0	[0, 0]	0	0	0	8	-	[]	0	0
F9-bad-media-rw-forever	off(today)	FMOMMFOFOFOFOFOFOFOFOFOFOFOFOFOFOFO	F:noop M:mount-err:Recovery(UnitUnreadable { slot: SlotNumber(50182) }) O:refused(not-writable) M:mount-err:Recovery(UnitUnreadable { slot: SlotNumber(50182) }) M:mount-err:Recovery(UnitUnreadable { slot: SlotNumber(50182) }) F:refused(not-writable) O:refused(not-writable) F:refused(not-writable) O:refused(not-writable) F:refused(not-writable) O:refused(not-writable) F:refused(not-writable) O:refused(not-writable) F:refused(not-writable) O:refused(not-writable) F:refused(not-writable) O:refused(not-writable) F:refused(not-writable) O:refused(not-writable) F:refused(not-writable) O:refused(not-writable) F:refused(not-writable) O:refused(not-writable) F:refused(not-writable) O:refused(not-writable) F:refused(not-writable) O:refused(not-writable) F:refused(not-writable) O:refused(not-writable) F:refused(not-writable) O:refused(not-writable) F:refused(not-writable) O:refused(not-writable) F:refused(not-writable) O:refused(not-writable)	mount-err:Recovery(UnitUnreadable { slot: SlotNumber(50182) })	same	-	[0, 0]	0	0	[0, 0]	0	0	0	8	-	[]	0	0
F9-bad-media-rw-forever	off(today)	FMMOMFOFOFOFOFOFOFOFOFOFOFOFOFOFOFO	F:noop M:mount-err:Recovery(UnitUnreadable { slot: SlotNumber(50182) }) M:mount-err:Recovery(UnitUnreadable { slot: SlotNumber(50182) }) O:refused(not-writable) M:mount-err:Recovery(UnitUnreadable { slot: SlotNumber(50182) }) F:refused(not-writable) O:refused(not-writable) F:refused(not-writable) O:refused(not-writable) F:refused(not-writable) O:refused(not-writable) F:refused(not-writable) O:refused(not-writable) F:refused(not-writable) O:refused(not-writable) F:refused(not-writable) O:refused(not-writable) F:refused(not-writable) O:refused(not-writable) F:refused(not-writable) O:refused(not-writable) F:refused(not-writable) O:refused(not-writable) F:refused(not-writable) O:refused(not-writable) F:refused(not-writable) O:refused(not-writable) F:refused(not-writable) O:refused(not-writable) F:refused(not-writable) O:refused(not-writable) F:refused(not-writable) O:refused(not-writable) F:refused(not-writable) O:refused(not-writable)	mount-err:Recovery(UnitUnreadable { slot: SlotNumber(50182) })	same	-	[0, 0]	0	0	[0, 0]	0	0	0	8	-	[]	0	0
F9-bad-media-rw-forever	off(today)	FMMMMFOFOFOFOFOFOFOFOFOFOFOFOFOFOFO	F:noop M:mount-err:Recovery(UnitUnreadable { slot: SlotNumber(50182) }) M:mount-err:Recovery(UnitUnreadable { slot: SlotNumber(50182) }) M:mount-err:Recovery(UnitUnreadable { slot: SlotNumber(50182) }) M:mount-err:Recovery(UnitUnreadable { slot: SlotNumber(50182) }) F:refused(not-writable) O:refused(not-writable) F:refused(not-writable) O:refused(not-writable) F:refused(not-writable) O:refused(not-writable) F:refused(not-writable) O:refused(not-writable) F:refused(not-writable) O:refused(not-writable) F:refused(not-writable) O:refused(not-writable) F:refused(not-writable) O:refused(not-writable) F:refused(not-writable) O:refused(not-writable) F:refused(not-writable) O:refused(not-writable) F:refused(not-writable) O:refused(not-writable) F:refused(not-writable) O:refused(not-writable) F:refused(not-writable) O:refused(not-writable) F:refused(not-writable) O:refused(not-writable) F:refused(not-writable) O:refused(not-writable) F:refused(not-writable) O:refused(not-writable)	mount-err:Recovery(UnitUnreadable { slot: SlotNumber(50182) })	same	-	[0, 0]	0	0	[0, 0]	0	0	0	10	-	[]	0	0
F9-bad-media-rw-forever	off(today)	FMMFMFOFOFOFOFOFOFOFOFOFOFOFOFOFOFO	F:noop M:mount-err:Recovery(UnitUnreadable { slot: SlotNumber(50182) }) M:mount-err:Recovery(UnitUnreadable { slot: SlotNumber(50182) }) F:refused(not-writable) M:mount-err:Recovery(UnitUnreadable { slot: SlotNumber(50182) }) F:refused(not-writable) O:refused(not-writable) F:refused(not-writable) O:refused(not-writable) F:refused(not-writable) O:refused(not-writable) F:refused(not-writable) O:refused(not-writable) F:refused(not-writable) O:refused(not-writable) F:refused(not-writable) O:refused(not-writable) F:refused(not-writable) O:refused(not-writable) F:refused(not-writable) O:refused(not-writable) F:refused(not-writable) O:refused(not-writable) F:refused(not-writable) O:refused(not-writable) F:refused(not-writable) O:refused(not-writable) F:refused(not-writable) O:refused(not-writable) F:refused(not-writable) O:refused(not-writable) F:refused(not-writable) O:refused(not-writable) F:refused(not-writable) O:refused(not-writable)	mount-err:Recovery(UnitUnreadable { slot: SlotNumber(50182) })	same	-	[0, 0]	0	0	[0, 0]	0	0	0	8	-	[]	0	0
F9-bad-media-rw-forever	off(today)	FMOOMFOFOFOFOFOFOFOFOFOFOFOFOFOFOFO	F:noop M:mount-err:Recovery(UnitUnreadable { slot: SlotNumber(50182) }) O:refused(not-writable) O:refused(not-writable) M:mount-err:Recovery(UnitUnreadable { slot: SlotNumber(50182) }) F:refused(not-writable) O:refused(not-writable) F:refused(not-writable) O:refused(not-writable) F:refused(not-writable) O:refused(not-writable) F:refused(not-writable) O:refused(not-writable) F:refused(not-writable) O:refused(not-writable) F:refused(not-writable) O:refused(not-writable) F:refused(not-writable) O:refused(not-writable) F:refused(not-writable) O:refused(not-writable) F:refused(not-writable) O:refused(not-writable) F:refused(not-writable) O:refused(not-writable) F:refused(not-writable) O:refused(not-writable) F:refused(not-writable) O:refused(not-writable) F:refused(not-writable) O:refused(not-writable) F:refused(not-writable) O:refused(not-writable) F:refused(not-writable) O:refused(not-writable)	mount-err:Recovery(UnitUnreadable { slot: SlotNumber(50182) })	same	-	[0, 0]	0	0	[0, 0]	0	0	0	6	-	[]	0	0
F9-bad-media-rw-forever	off(today)	FOFFMFOFOFOFOFOFOFOFOFOFOFOFOFOFOFO	F:noop O:ok F:noop F:noop M:ok F:noop O:ok F:ok(F=3,reclaimed=1) O:ok F:ok(F=6,reclaimed=17) O:ok F:ok(F=7,reclaimed=8) O:ok F:ok(F=11,reclaimed=21) O:err:BlockDevice(InputOutput(Custom { kind: Other, error: "injected write e F:noop O:err:BlockDevice(InputOutput(Custom { kind: Other, error: "injected write e F:noop O:err:BlockDevice(InputOutput(Custom { kind: Other, error: "injected write e F:noop O:err:BlockDevice(InputOutput(Custom { kind: Other, error: "injected write e F:noop O:err:BlockDevice(InputOutput(Custom { kind: Other, error: "injected write e F:noop O:err:BlockDevice(InputOutput(Custom { kind: Other, error: "injected write e F:noop O:err:BlockDevice(InputOutput(Custom { kind: Other, error: "injected write e F:noop O:err:BlockDevice(InputOutput(Custom { kind: Other, error: "injected write e F:noop O:err:BlockDevice(InputOutput(Custom { kind: Other, error: "injected write e F:noop O:err:BlockDevice(InputOutput(Custom { kind: Other, error: "injected write e F:noop O:err:BlockDevice(InputOutput(Custom { kind: Other, error: "injected write e	ok	same	-	[0, 0]	0	0	[0, 0]	0	0	0	0	-	[]	0	11
F9-bad-media-rw-forever	off(today)	FOFOMFOFOFOFOFOFOFOFOFOFOFOFOFOFOFO	F:noop O:ok F:noop O:ok M:ok F:ok(F=3,reclaimed=1) O:ok F:ok(F=6,reclaimed=17) O:ok F:ok(F=7,reclaimed=8) O:ok F:ok(F=8,reclaimed=8) O:err:BlockDevice(InputOutput(Custom { kind: Other, error: "injected write e F:noop O:err:BlockDevice(InputOutput(Custom { kind: Other, error: "injected write e F:noop O:err:BlockDevice(InputOutput(Custom { kind: Other, error: "injected write e F:noop O:err:BlockDevice(InputOutput(Custom { kind: Other, error: "injected write e F:noop O:err:BlockDevice(InputOutput(Custom { kind: Other, error: "injected write e F:noop O:err:BlockDevice(InputOutput(Custom { kind: Other, error: "injected write e F:noop O:err:BlockDevice(InputOutput(Custom { kind: Other, error: "injected write e F:noop O:err:BlockDevice(InputOutput(Custom { kind: Other, error: "injected write e F:noop O:err:BlockDevice(InputOutput(Custom { kind: Other, error: "injected write e F:noop O:err:BlockDevice(InputOutput(Custom { kind: Other, error: "injected write e F:noop O:err:BlockDevice(InputOutput(Custom { kind: Other, error: "injected write e F:noop O:err:BlockDevice(InputOutput(Custom { kind: Other, error: "injected write e	ok	same	-	[0, 0]	0	0	[0, 0]	0	0	0	0	-	[]	0	12
F9-bad-media-rw-forever	off(today)	FOFMMFOFOFOFOFOFOFOFOFOFOFOFOFOFOFO	F:noop O:ok F:noop M:ok M:ok F:noop O:ok F:ok(F=3,reclaimed=1) O:ok F:ok(F=6,reclaimed=17) O:ok F:ok(F=7,reclaimed=8) O:ok F:ok(F=14,reclaimed=34) O:err:BlockDevice(InputOutput(Custom { kind: Other, error: "injected write e F:noop O:err:BlockDevice(InputOutput(Custom { kind: Other, error: "injected write e F:noop O:err:BlockDevice(InputOutput(Custom { kind: Other, error: "injected write e F:noop O:err:BlockDevice(InputOutput(Custom { kind: Other, error: "injected write e F:noop O:err:BlockDevice(InputOutput(Custom { kind: Other, error: "injected write e F:noop O:err:BlockDevice(InputOutput(Custom { kind: Other, error: "injected write e F:noop O:err:BlockDevice(InputOutput(Custom { kind: Other, error: "injected write e F:noop O:err:BlockDevice(InputOutput(Custom { kind: Other, error: "injected write e F:noop O:err:BlockDevice(InputOutput(Custom { kind: Other, error: "injected write e F:noop O:err:BlockDevice(InputOutput(Custom { kind: Other, error: "injected write e F:noop O:err:BlockDevice(InputOutput(Custom { kind: Other, error: "injected write e	ok	same	-	[0, 0]	0	0	[0, 0]	0	0	0	0	-	[]	0	11
F9-bad-media-rw-forever	off(today)	FOMFMFOFOFOFOFOFOFOFOFOFOFOFOFOFOFO	F:noop O:ok M:ok F:noop M:ok F:noop O:ok F:ok(F=3,reclaimed=1) O:ok F:ok(F=6,reclaimed=17) O:ok F:ok(F=7,reclaimed=8) O:ok F:ok(F=14,reclaimed=34) O:err:BlockDevice(InputOutput(Custom { kind: Other, error: "injected write e F:noop O:err:BlockDevice(InputOutput(Custom { kind: Other, error: "injected write e F:noop O:err:BlockDevice(InputOutput(Custom { kind: Other, error: "injected write e F:noop O:err:BlockDevice(InputOutput(Custom { kind: Other, error: "injected write e F:noop O:err:BlockDevice(InputOutput(Custom { kind: Other, error: "injected write e F:noop O:err:BlockDevice(InputOutput(Custom { kind: Other, error: "injected write e F:noop O:err:BlockDevice(InputOutput(Custom { kind: Other, error: "injected write e F:noop O:err:BlockDevice(InputOutput(Custom { kind: Other, error: "injected write e F:noop O:err:BlockDevice(InputOutput(Custom { kind: Other, error: "injected write e F:noop O:err:BlockDevice(InputOutput(Custom { kind: Other, error: "injected write e F:noop O:err:BlockDevice(InputOutput(Custom { kind: Other, error: "injected write e	ok	same	-	[0, 0]	0	0	[0, 0]	0	0	0	0	-	[]	0	11
F9-bad-media-rw-forever	off(today)	FOOFMFOFOFOFOFOFOFOFOFOFOFOFOFOFOFO	F:noop O:ok O:ok F:ok(F=3,reclaimed=1) M:ok F:noop O:ok F:ok(F=6,reclaimed=17) O:ok F:ok(F=7,reclaimed=8) O:ok F:ok(F=8,reclaimed=8) O:err:BlockDevice(InputOutput(Custom { kind: Other, error: "injected write e F:noop O:err:BlockDevice(InputOutput(Custom { kind: Other, error: "injected write e F:noop O:err:BlockDevice(InputOutput(Custom { kind: Other, error: "injected write e F:noop O:err:BlockDevice(InputOutput(Custom { kind: Other, error: "injected write e F:noop O:err:BlockDevice(InputOutput(Custom { kind: Other, error: "injected write e F:noop O:err:BlockDevice(InputOutput(Custom { kind: Other, error: "injected write e F:noop O:err:BlockDevice(InputOutput(Custom { kind: Other, error: "injected write e F:noop O:err:BlockDevice(InputOutput(Custom { kind: Other, error: "injected write e F:noop O:err:BlockDevice(InputOutput(Custom { kind: Other, error: "injected write e F:noop O:err:BlockDevice(InputOutput(Custom { kind: Other, error: "injected write e F:noop O:err:BlockDevice(InputOutput(Custom { kind: Other, error: "injected write e F:noop O:err:BlockDevice(InputOutput(Custom { kind: Other, error: "injected write e	ok	same	-	[0, 0]	0	0	[0, 0]	0	0	0	0	-	[]	0	12
F9-bad-media-rw-forever	off(today)	FOMMMFOFOFOFOFOFOFOFOFOFOFOFOFOFOFO	F:noop O:ok M:ok M:ok M:ok F:noop O:ok F:ok(F=3,reclaimed=1) O:ok F:ok(F=6,reclaimed=17) O:ok F:ok(F=7,reclaimed=8) O:ok F:ok(F=17,reclaimed=47) O:err:BlockDevice(InputOutput(Custom { kind: Other, error: "injected write e F:noop O:err:BlockDevice(InputOutput(Custom { kind: Other, error: "injected write e F:noop O:err:BlockDevice(InputOutput(Custom { kind: Other, error: "injected write e F:noop O:err:BlockDevice(InputOutput(Custom { kind: Other, error: "injected write e F:noop O:err:BlockDevice(InputOutput(Custom { kind: Other, error: "injected write e F:noop O:err:BlockDevice(InputOutput(Custom { kind: Other, error: "injected write e F:noop O:err:BlockDevice(InputOutput(Custom { kind: Other, error: "injected write e F:noop O:err:BlockDevice(InputOutput(Custom { kind: Other, error: "injected write e F:noop O:err:BlockDevice(InputOutput(Custom { kind: Other, error: "injected write e F:noop O:err:BlockDevice(InputOutput(Custom { kind: Other, error: "injected write e F:noop O:err:BlockDevice(InputOutput(Custom { kind: Other, error: "injected write e	ok	same	-	[0, 0]	0	0	[0, 0]	0	0	0	0	-	[]	0	11
F9-bad-media-rw-forever	off(today)	FOMOMFOFOFOFOFOFOFOFOFOFOFOFOFOFOFO	F:noop O:ok M:ok O:ok M:ok F:ok(F=3,reclaimed=1) O:ok F:ok(F=6,reclaimed=17) O:ok F:ok(F=7,reclaimed=8) O:ok F:ok(F=11,reclaimed=21) O:err:BlockDevice(InputOutput(Custom { kind: Other, error: "injected write e F:noop O:err:BlockDevice(InputOutput(Custom { kind: Other, error: "injected write e F:noop O:err:BlockDevice(InputOutput(Custom { kind: Other, error: "injected write e F:noop O:err:BlockDevice(InputOutput(Custom { kind: Other, error: "injected write e F:noop O:err:BlockDevice(InputOutput(Custom { kind: Other, error: "injected write e F:noop O:err:BlockDevice(InputOutput(Custom { kind: Other, error: "injected write e F:noop O:err:BlockDevice(InputOutput(Custom { kind: Other, error: "injected write e F:noop O:err:BlockDevice(InputOutput(Custom { kind: Other, error: "injected write e F:noop O:err:BlockDevice(InputOutput(Custom { kind: Other, error: "injected write e F:noop O:err:BlockDevice(InputOutput(Custom { kind: Other, error: "injected write e F:noop O:err:BlockDevice(InputOutput(Custom { kind: Other, error: "injected write e F:noop O:err:BlockDevice(InputOutput(Custom { kind: Other, error: "injected write e	ok	same	-	[0, 0]	0	0	[0, 0]	0	0	0	0	-	[]	0	12
F9-bad-media-rw-forever	off(today)	FOOOMFOFOFOFOFOFOFOFOFOFOFOFOFOFOFO	F:noop O:ok O:ok O:ok M:ok F:ok(F=6,reclaimed=18) O:ok F:ok(F=7,reclaimed=8) O:ok F:ok(F=8,reclaimed=8) O:ok F:ok(F=9,reclaimed=8) O:err:BlockDevice(InputOutput(Custom { kind: Other, error: "injected write e F:noop O:err:BlockDevice(InputOutput(Custom { kind: Other, error: "injected write e F:noop O:err:BlockDevice(InputOutput(Custom { kind: Other, error: "injected write e F:noop O:err:BlockDevice(InputOutput(Custom { kind: Other, error: "injected write e F:noop O:err:BlockDevice(InputOutput(Custom { kind: Other, error: "injected write e F:noop O:err:BlockDevice(InputOutput(Custom { kind: Other, error: "injected write e F:noop O:err:BlockDevice(InputOutput(Custom { kind: Other, error: "injected write e F:noop O:err:BlockDevice(InputOutput(Custom { kind: Other, error: "injected write e F:noop O:err:BlockDevice(InputOutput(Custom { kind: Other, error: "injected write e F:noop O:err:BlockDevice(InputOutput(Custom { kind: Other, error: "injected write e F:noop O:err:BlockDevice(InputOutput(Custom { kind: Other, error: "injected write e F:noop O:err:BlockDevice(InputOutput(Custom { kind: Other, error: "injected write e	ok	same	-	[0, 0]	0	0	[0, 0]	0	0	0	0	-	[]	0	12
F9-bad-media-rw-forever	off(today)	MFFFMFOFOFOFOFOFOFOFOFOFOFOFOFOFOFO	M:mount-err:Recovery(UnitUnreadable { slot: SlotNumber(50182) }) F:refused(not-writable) F:refused(not-writable) F:refused(not-writable) M:mount-err:Recovery(UnitUnreadable { slot: SlotNumber(50182) }) F:refused(not-writable) O:refused(not-writable) F:refused(not-writable) O:refused(not-writable) F:refused(not-writable) O:refused(not-writable) F:refused(not-writable) O:refused(not-writable) F:refused(not-writable) O:refused(not-writable) F:refused(not-writable) O:refused(not-writable) F:refused(not-writable) O:refused(not-writable) F:refused(not-writable) O:refused(not-writable) F:refused(not-writable) O:refused(not-writable) F:refused(not-writable) O:refused(not-writable) F:refused(not-writable) O:refused(not-writable) F:refused(not-writable) O:refused(not-writable) F:refused(not-writable) O:refused(not-writable) F:refused(not-writable) O:refused(not-writable) F:refused(not-writable) O:refused(not-writable)	mount-err:Recovery(UnitUnreadable { slot: SlotNumber(50182) })	same	-	[0, 0]	0	0	[0, 0]	0	0	0	6	-	[]	0	0
F9-bad-media-rw-forever	off(today)	FOOMMFOFOFOFOFOFOFOFOFOFOFOFOFOFOFO	F:noop O:ok O:ok M:ok M:ok F:ok(F=3,reclaimed=1) O:ok F:ok(F=6,reclaimed=17) O:ok F:ok(F=7,reclaimed=8) O:ok F:ok(F=8,reclaimed=8) O:err:BlockDevice(InputOutput(Custom { kind: Other, error: "injected write e F:noop O:err:BlockDevice(InputOutput(Custom { kind: Other, error: "injected write e F:noop O:err:BlockDevice(InputOutput(Custom { kind: Other, error: "injected write e F:noop O:err:BlockDevice(InputOutput(Custom { kind: Other, error: "injected write e F:noop O:err:BlockDevice(InputOutput(Custom { kind: Other, error: "injected write e F:noop O:err:BlockDevice(InputOutput(Custom { kind: Other, error: "injected write e F:noop O:err:BlockDevice(InputOutput(Custom { kind: Other, error: "injected write e F:noop O:err:BlockDevice(InputOutput(Custom { kind: Other, error: "injected write e F:noop O:err:BlockDevice(InputOutput(Custom { kind: Other, error: "injected write e F:noop O:err:BlockDevice(InputOutput(Custom { kind: Other, error: "injected write e F:noop O:err:BlockDevice(InputOutput(Custom { kind: Other, error: "injected write e F:noop O:err:BlockDevice(InputOutput(Custom { kind: Other, error: "injected write e	ok	same	-	[0, 0]	0	0	[0, 0]	0	0	0	0	-	[]	0	12
F9-bad-media-rw-forever	off(today)	MFFMMFOFOFOFOFOFOFOFOFOFOFOFOFOFOFO	M:mount-err:Recovery(UnitUnreadable { slot: SlotNumber(50182) }) F:refused(not-writable) F:refused(not-writable) M:mount-err:Recovery(UnitUnreadable { slot: SlotNumber(50182) }) M:mount-err:Recovery(UnitUnreadable { slot: SlotNumber(50182) }) F:refused(not-writable) O:refused(not-writable) F:refused(not-writable) O:refused(not-writable) F:refused(not-writable) O:refused(not-writable) F:refused(not-writable) O:refused(not-writable) F:refused(not-writable) O:refused(not-writable) F:refused(not-writable) O:refused(not-writable) F:refused(not-writable) O:refused(not-writable) F:refused(not-writable) O:refused(not-writable) F:refused(not-writable) O:refused(not-writable) F:refused(not-writable) O:refused(not-writable) F:refused(not-writable) O:refused(not-writable) F:refused(not-writable) O:refused(not-writable) F:refused(not-writable) O:refused(not-writable) F:refused(not-writable) O:refused(not-writable) F:refused(not-writable) O:refused(not-writable)	mount-err:Recovery(UnitUnreadable { slot: SlotNumber(50182) })	same	-	[0, 0]	0	0	[0, 0]	0	0	0	8	-	[]	0	0
F9-bad-media-rw-forever	off(today)	MFFOMFOFOFOFOFOFOFOFOFOFOFOFOFOFOFO	M:mount-err:Recovery(UnitUnreadable { slot: SlotNumber(50182) }) F:refused(not-writable) F:refused(not-writable) O:refused(not-writable) M:mount-err:Recovery(UnitUnreadable { slot: SlotNumber(50182) }) F:refused(not-writable) O:refused(not-writable) F:refused(not-writable) O:refused(not-writable) F:refused(not-writable) O:refused(not-writable) F:refused(not-writable) O:refused(not-writable) F:refused(not-writable) O:refused(not-writable) F:refused(not-writable) O:refused(not-writable) F:refused(not-writable) O:refused(not-writable) F:refused(not-writable) O:refused(not-writable) F:refused(not-writable) O:refused(not-writable) F:refused(not-writable) O:refused(not-writable) F:refused(not-writable) O:refused(not-writable) F:refused(not-writable) O:refused(not-writable) F:refused(not-writable) O:refused(not-writable) F:refused(not-writable) O:refused(not-writable) F:refused(not-writable) O:refused(not-writable)	mount-err:Recovery(UnitUnreadable { slot: SlotNumber(50182) })	same	-	[0, 0]	0	0	[0, 0]	0	0	0	6	-	[]	0	0
F9-bad-media-rw-forever	off(today)	MFMFMFOFOFOFOFOFOFOFOFOFOFOFOFOFOFO	M:mount-err:Recovery(UnitUnreadable { slot: SlotNumber(50182) }) F:refused(not-writable) M:mount-err:Recovery(UnitUnreadable { slot: SlotNumber(50182) }) F:refused(not-writable) M:mount-err:Recovery(UnitUnreadable { slot: SlotNumber(50182) }) F:refused(not-writable) O:refused(not-writable) F:refused(not-writable) O:refused(not-writable) F:refused(not-writable) O:refused(not-writable) F:refused(not-writable) O:refused(not-writable) F:refused(not-writable) O:refused(not-writable) F:refused(not-writable) O:refused(not-writable) F:refused(not-writable) O:refused(not-writable) F:refused(not-writable) O:refused(not-writable) F:refused(not-writable) O:refused(not-writable) F:refused(not-writable) O:refused(not-writable) F:refused(not-writable) O:refused(not-writable) F:refused(not-writable) O:refused(not-writable) F:refused(not-writable) O:refused(not-writable) F:refused(not-writable) O:refused(not-writable) F:refused(not-writable) O:refused(not-writable)	mount-err:Recovery(UnitUnreadable { slot: SlotNumber(50182) })	same	-	[0, 0]	0	0	[0, 0]	0	0	0	8	-	[]	0	0
F9-bad-media-rw-forever	off(today)	MFOFMFOFOFOFOFOFOFOFOFOFOFOFOFOFOFO	M:mount-err:Recovery(UnitUnreadable { slot: SlotNumber(50182) }) F:refused(not-writable) O:refused(not-writable) F:refused(not-writable) M:mount-err:Recovery(UnitUnreadable { slot: SlotNumber(50182) }) F:refused(not-writable) O:refused(not-writable) F:refused(not-writable) O:refused(not-writable) F:refused(not-writable) O:refused(not-writable) F:refused(not-writable) O:refused(not-writable) F:refused(not-writable) O:refused(not-writable) F:refused(not-writable) O:refused(not-writable) F:refused(not-writable) O:refused(not-writable) F:refused(not-writable) O:refused(not-writable) F:refused(not-writable) O:refused(not-writable) F:refused(not-writable) O:refused(not-writable) F:refused(not-writable) O:refused(not-writable) F:refused(not-writable) O:refused(not-writable) F:refused(not-writable) O:refused(not-writable) F:refused(not-writable) O:refused(not-writable) F:refused(not-writable) O:refused(not-writable)	mount-err:Recovery(UnitUnreadable { slot: SlotNumber(50182) })	same	-	[0, 0]	0	0	[0, 0]	0	0	0	6	-	[]	0	0
F9-bad-media-rw-forever	off(today)	MFOMMFOFOFOFOFOFOFOFOFOFOFOFOFOFOFO	M:mount-err:Recovery(UnitUnreadable { slot: SlotNumber(50182) }) F:refused(not-writable) O:refused(not-writable) M:mount-err:Recovery(UnitUnreadable { slot: SlotNumber(50182) }) M:mount-err:Recovery(UnitUnreadable { slot: SlotNumber(50182) }) F:refused(not-writable) O:refused(not-writable) F:refused(not-writable) O:refused(not-writable) F:refused(not-writable) O:refused(not-writable) F:refused(not-writable) O:refused(not-writable) F:refused(not-writable) O:refused(not-writable) F:refused(not-writable) O:refused(not-writable) F:refused(not-writable) O:refused(not-writable) F:refused(not-writable) O:refused(not-writable) F:refused(not-writable) O:refused(not-writable) F:refused(not-writable) O:refused(not-writable) F:refused(not-writable) O:refused(not-writable) F:refused(not-writable) O:refused(not-writable) F:refused(not-writable) O:refused(not-writable) F:refused(not-writable) O:refused(not-writable) F:refused(not-writable) O:refused(not-writable)	mount-err:Recovery(UnitUnreadable { slot: SlotNumber(50182) })	same	-	[0, 0]	0	0	[0, 0]	0	0	0	8	-	[]	0	0
F9-bad-media-rw-forever	off(today)	MFMMMFOFOFOFOFOFOFOFOFOFOFOFOFOFOFO	M:mount-err:Recovery(UnitUnreadable { slot: SlotNumber(50182) }) F:refused(not-writable) M:mount-err:Recovery(UnitUnreadable { slot: SlotNumber(50182) }) M:mount-err:Recovery(UnitUnreadable { slot: SlotNumber(50182) }) M:mount-err:Recovery(UnitUnreadable { slot: SlotNumber(50182) }) F:refused(not-writable) O:refused(not-writable) F:refused(not-writable) O:refused(not-writable) F:refused(not-writable) O:refused(not-writable) F:refused(not-writable) O:refused(not-writable) F:refused(not-writable) O:refused(not-writable) F:refused(not-writable) O:refused(not-writable) F:refused(not-writable) O:refused(not-writable) F:refused(not-writable) O:refused(not-writable) F:refused(not-writable) O:refused(not-writable) F:refused(not-writable) O:refused(not-writable) F:refused(not-writable) O:refused(not-writable) F:refused(not-writable) O:refused(not-writable) F:refused(not-writable) O:refused(not-writable) F:refused(not-writable) O:refused(not-writable) F:refused(not-writable) O:refused(not-writable)	mount-err:Recovery(UnitUnreadable { slot: SlotNumber(50182) })	same	-	[0, 0]	0	0	[0, 0]	0	0	0	10	-	[]	0	0
F9-bad-media-rw-forever	off(today)	MFMOMFOFOFOFOFOFOFOFOFOFOFOFOFOFOFO	M:mount-err:Recovery(UnitUnreadable { slot: SlotNumber(50182) }) F:refused(not-writable) M:mount-err:Recovery(UnitUnreadable { slot: SlotNumber(50182) }) O:refused(not-writable) M:mount-err:Recovery(UnitUnreadable { slot: SlotNumber(50182) }) F:refused(not-writable) O:refused(not-writable) F:refused(not-writable) O:refused(not-writable) F:refused(not-writable) O:refused(not-writable) F:refused(not-writable) O:refused(not-writable) F:refused(not-writable) O:refused(not-writable) F:refused(not-writable) O:refused(not-writable) F:refused(not-writable) O:refused(not-writable) F:refused(not-writable) O:refused(not-writable) F:refused(not-writable) O:refused(not-writable) F:refused(not-writable) O:refused(not-writable) F:refused(not-writable) O:refused(not-writable) F:refused(not-writable) O:refused(not-writable) F:refused(not-writable) O:refused(not-writable) F:refused(not-writable) O:refused(not-writable) F:refused(not-writable) O:refused(not-writable)	mount-err:Recovery(UnitUnreadable { slot: SlotNumber(50182) })	same	-	[0, 0]	0	0	[0, 0]	0	0	0	8	-	[]	0	0
F9-bad-media-rw-forever	off(today)	MFOOMFOFOFOFOFOFOFOFOFOFOFOFOFOFOFO	M:mount-err:Recovery(UnitUnreadable { slot: SlotNumber(50182) }) F:refused(not-writable) O:refused(not-writable) O:refused(not-writable) M:mount-err:Recovery(UnitUnreadable { slot: SlotNumber(50182) }) F:refused(not-writable) O:refused(not-writable) F:refused(not-writable) O:refused(not-writable) F:refused(not-writable) O:refused(not-writable) F:refused(not-writable) O:refused(not-writable) F:refused(not-writable) O:refused(not-writable) F:refused(not-writable) O:refused(not-writable) F:refused(not-writable) O:refused(not-writable) F:refused(not-writable) O:refused(not-writable) F:refused(not-writable) O:refused(not-writable) F:refused(not-writable) O:refused(not-writable) F:refused(not-writable) O:refused(not-writable) F:refused(not-writable) O:refused(not-writable) F:refused(not-writable) O:refused(not-writable) F:refused(not-writable) O:refused(not-writable) F:refused(not-writable) O:refused(not-writable)	mount-err:Recovery(UnitUnreadable { slot: SlotNumber(50182) })	same	-	[0, 0]	0	0	[0, 0]	0	0	0	6	-	[]	0	0
F9-bad-media-rw-forever	off(today)	MMFFMFOFOFOFOFOFOFOFOFOFOFOFOFOFOFO	M:mount-err:Recovery(UnitUnreadable { slot: SlotNumber(50182) }) M:mount-err:Recovery(UnitUnreadable { slot: SlotNumber(50182) }) F:refused(not-writable) F:refused(not-writable) M:mount-err:Recovery(UnitUnreadable { slot: SlotNumber(50182) }) F:refused(not-writable) O:refused(not-writable) F:refused(not-writable) O:refused(not-writable) F:refused(not-writable) O:refused(not-writable) F:refused(not-writable) O:refused(not-writable) F:refused(not-writable) O:refused(not-writable) F:refused(not-writable) O:refused(not-writable) F:refused(not-writable) O:refused(not-writable) F:refused(not-writable) O:refused(not-writable) F:refused(not-writable) O:refused(not-writable) F:refused(not-writable) O:refused(not-writable) F:refused(not-writable) O:refused(not-writable) F:refused(not-writable) O:refused(not-writable) F:refused(not-writable) O:refused(not-writable) F:refused(not-writable) O:refused(not-writable) F:refused(not-writable) O:refused(not-writable)	mount-err:Recovery(UnitUnreadable { slot: SlotNumber(50182) })	same	-	[0, 0]	0	0	[0, 0]	0	0	0	8	-	[]	0	0
F9-bad-media-rw-forever	off(today)	MMFMMFOFOFOFOFOFOFOFOFOFOFOFOFOFOFO	M:mount-err:Recovery(UnitUnreadable { slot: SlotNumber(50182) }) M:mount-err:Recovery(UnitUnreadable { slot: SlotNumber(50182) }) F:refused(not-writable) M:mount-err:Recovery(UnitUnreadable { slot: SlotNumber(50182) }) M:mount-err:Recovery(UnitUnreadable { slot: SlotNumber(50182) }) F:refused(not-writable) O:refused(not-writable) F:refused(not-writable) O:refused(not-writable) F:refused(not-writable) O:refused(not-writable) F:refused(not-writable) O:refused(not-writable) F:refused(not-writable) O:refused(not-writable) F:refused(not-writable) O:refused(not-writable) F:refused(not-writable) O:refused(not-writable) F:refused(not-writable) O:refused(not-writable) F:refused(not-writable) O:refused(not-writable) F:refused(not-writable) O:refused(not-writable) F:refused(not-writable) O:refused(not-writable) F:refused(not-writable) O:refused(not-writable) F:refused(not-writable) O:refused(not-writable) F:refused(not-writable) O:refused(not-writable) F:refused(not-writable) O:refused(not-writable)	mount-err:Recovery(UnitUnreadable { slot: SlotNumber(50182) })	same	-	[0, 0]	0	0	[0, 0]	0	0	0	10	-	[]	0	0
F9-bad-media-rw-forever	off(today)	MMFOMFOFOFOFOFOFOFOFOFOFOFOFOFOFOFO	M:mount-err:Recovery(UnitUnreadable { slot: SlotNumber(50182) }) M:mount-err:Recovery(UnitUnreadable { slot: SlotNumber(50182) }) F:refused(not-writable) O:refused(not-writable) M:mount-err:Recovery(UnitUnreadable { slot: SlotNumber(50182) }) F:refused(not-writable) O:refused(not-writable) F:refused(not-writable) O:refused(not-writable) F:refused(not-writable) O:refused(not-writable) F:refused(not-writable) O:refused(not-writable) F:refused(not-writable) O:refused(not-writable) F:refused(not-writable) O:refused(not-writable) F:refused(not-writable) O:refused(not-writable) F:refused(not-writable) O:refused(not-writable) F:refused(not-writable) O:refused(not-writable) F:refused(not-writable) O:refused(not-writable) F:refused(not-writable) O:refused(not-writable) F:refused(not-writable) O:refused(not-writable) F:refused(not-writable) O:refused(not-writable) F:refused(not-writable) O:refused(not-writable) F:refused(not-writable) O:refused(not-writable)	mount-err:Recovery(UnitUnreadable { slot: SlotNumber(50182) })	same	-	[0, 0]	0	0	[0, 0]	0	0	0	8	-	[]	0	0
F9-bad-media-rw-forever	off(today)	MMOFMFOFOFOFOFOFOFOFOFOFOFOFOFOFOFO	M:mount-err:Recovery(UnitUnreadable { slot: SlotNumber(50182) }) M:mount-err:Recovery(UnitUnreadable { slot: SlotNumber(50182) }) O:refused(not-writable) F:refused(not-writable) M:mount-err:Recovery(UnitUnreadable { slot: SlotNumber(50182) }) F:refused(not-writable) O:refused(not-writable) F:refused(not-writable) O:refused(not-writable) F:refused(not-writable) O:refused(not-writable) F:refused(not-writable) O:refused(not-writable) F:refused(not-writable) O:refused(not-writable) F:refused(not-writable) O:refused(not-writable) F:refused(not-writable) O:refused(not-writable) F:refused(not-writable) O:refused(not-writable) F:refused(not-writable) O:refused(not-writable) F:refused(not-writable) O:refused(not-writable) F:refused(not-writable) O:refused(not-writable) F:refused(not-writable) O:refused(not-writable) F:refused(not-writable) O:refused(not-writable) F:refused(not-writable) O:refused(not-writable) F:refused(not-writable) O:refused(not-writable)	mount-err:Recovery(UnitUnreadable { slot: SlotNumber(50182) })	same	-	[0, 0]	0	0	[0, 0]	0	0	0	8	-	[]	0	0
F9-bad-media-rw-forever	off(today)	MMMFMFOFOFOFOFOFOFOFOFOFOFOFOFOFOFO	M:mount-err:Recovery(UnitUnreadable { slot: SlotNumber(50182) }) M:mount-err:Recovery(UnitUnreadable { slot: SlotNumber(50182) }) M:mount-err:Recovery(UnitUnreadable { slot: SlotNumber(50182) }) F:refused(not-writable) M:mount-err:Recovery(UnitUnreadable { slot: SlotNumber(50182) }) F:refused(not-writable) O:refused(not-writable) F:refused(not-writable) O:refused(not-writable) F:refused(not-writable) O:refused(not-writable) F:refused(not-writable) O:refused(not-writable) F:refused(not-writable) O:refused(not-writable) F:refused(not-writable) O:refused(not-writable) F:refused(not-writable) O:refused(not-writable) F:refused(not-writable) O:refused(not-writable) F:refused(not-writable) O:refused(not-writable) F:refused(not-writable) O:refused(not-writable) F:refused(not-writable) O:refused(not-writable) F:refused(not-writable) O:refused(not-writable) F:refused(not-writable) O:refused(not-writable) F:refused(not-writable) O:refused(not-writable) F:refused(not-writable) O:refused(not-writable)	mount-err:Recovery(UnitUnreadable { slot: SlotNumber(50182) })	same	-	[0, 0]	0	0	[0, 0]	0	0	0	10	-	[]	0	0
F9-bad-media-rw-forever	off(today)	MMOOMFOFOFOFOFOFOFOFOFOFOFOFOFOFOFO	M:mount-err:Recovery(UnitUnreadable { slot: SlotNumber(50182) }) M:mount-err:Recovery(UnitUnreadable { slot: SlotNumber(50182) }) O:refused(not-writable) O:refused(not-writable) M:mount-err:Recovery(UnitUnreadable { slot: SlotNumber(50182) }) F:refused(not-writable) O:refused(not-writable) F:refused(not-writable) O:refused(not-writable) F:refused(not-writable) O:refused(not-writable) F:refused(not-writable) O:refused(not-writable) F:refused(not-writable) O:refused(not-writable) F:refused(not-writable) O:refused(not-writable) F:refused(not-writable) O:refused(not-writable) F:refused(not-writable) O:refused(not-writable) F:refused(not-writable) O:refused(not-writable) F:refused(not-writable) O:refused(not-writable) F:refused(not-writable) O:refused(not-writable) F:refused(not-writable) O:refused(not-writable) F:refused(not-writable) O:refused(not-writable) F:refused(not-writable) O:refused(not-writable) F:refused(not-writable) O:refused(not-writable)	mount-err:Recovery(UnitUnreadable { slot: SlotNumber(50182) })	same	-	[0, 0]	0	0	[0, 0]	0	0	0	8	-	[]	0	0
F9-bad-media-rw-forever	off(today)	MMMOMFOFOFOFOFOFOFOFOFOFOFOFOFOFOFO	M:mount-err:Recovery(UnitUnreadable { slot: SlotNumber(50182) }) M:mount-err:Recovery(UnitUnreadable { slot: SlotNumber(50182) }) M:mount-err:Recovery(UnitUnreadable { slot: SlotNumber(50182) }) O:refused(not-writable) M:mount-err:Recovery(UnitUnreadable { slot: SlotNumber(50182) }) F:refused(not-writable) O:refused(not-writable) F:refused(not-writable) O:refused(not-writable) F:refused(not-writable) O:refused(not-writable) F:refused(not-writable) O:refused(not-writable) F:refused(not-writable) O:refused(not-writable) F:refused(not-writable) O:refused(not-writable) F:refused(not-writable) O:refused(not-writable) F:refused(not-writable) O:refused(not-writable) F:refused(not-writable) O:refused(not-writable) F:refused(not-writable) O:refused(not-writable) F:refused(not-writable) O:refused(not-writable) F:refused(not-writable) O:refused(not-writable) F:refused(not-writable) O:refused(not-writable) F:refused(not-writable) O:refused(not-writable) F:refused(not-writable) O:refused(not-writable)	mount-err:Recovery(UnitUnreadable { slot: SlotNumber(50182) })	same	-	[0, 0]	0	0	[0, 0]	0	0	0	10	-	[]	0	0
F9-bad-media-rw-forever	off(today)	MMOMMFOFOFOFOFOFOFOFOFOFOFOFOFOFOFO	M:mount-err:Recovery(UnitUnreadable { slot: SlotNumber(50182) }) M:mount-err:Recovery(UnitUnreadable { slot: SlotNumber(50182) }) O:refused(not-writable) M:mount-err:Recovery(UnitUnreadable { slot: SlotNumber(50182) }) M:mount-err:Recovery(UnitUnreadable { slot: SlotNumber(50182) }) F:refused(not-writable) O:refused(not-writable) F:refused(not-writable) O:refused(not-writable) F:refused(not-writable) O:refused(not-writable) F:refused(not-writable) O:refused(not-writable) F:refused(not-writable) O:refused(not-writable) F:refused(not-writable) O:refused(not-writable) F:refused(not-writable) O:refused(not-writable) F:refused(not-writable) O:refused(not-writable) F:refused(not-writable) O:refused(not-writable) F:refused(not-writable) O:refused(not-writable) F:refused(not-writable) O:refused(not-writable) F:refused(not-writable) O:refused(not-writable) F:refused(not-writable) O:refused(not-writable) F:refused(not-writable) O:refused(not-writable) F:refused(not-writable) O:refused(not-writable)	mount-err:Recovery(UnitUnreadable { slot: SlotNumber(50182) })	same	-	[0, 0]	0	0	[0, 0]	0	0	0	10	-	[]	0	0
F9-bad-media-rw-forever	off(today)	MMMMMFOFOFOFOFOFOFOFOFOFOFOFOFOFOFO	M:mount-err:Recovery(UnitUnreadable { slot: SlotNumber(50182) }) M:mount-err:Recovery(UnitUnreadable { slot: SlotNumber(50182) }) M:mount-err:Recovery(UnitUnreadable { slot: SlotNumber(50182) }) M:mount-err:Recovery(UnitUnreadable { slot: SlotNumber(50182) }) M:mount-err:Recovery(UnitUnreadable { slot: SlotNumber(50182) }) F:refused(not-writable) O:refused(not-writable) F:refused(not-writable) O:refused(not-writable) F:refused(not-writable) O:refused(not-writable) F:refused(not-writable) O:refused(not-writable) F:refused(not-writable) O:refused(not-writable) F:refused(not-writable) O:refused(not-writable) F:refused(not-writable) O:refused(not-writable) F:refused(not-writable) O:refused(not-writable) F:refused(not-writable) O:refused(not-writable) F:refused(not-writable) O:refused(not-writable) F:refused(not-writable) O:refused(not-writable) F:refused(not-writable) O:refused(not-writable) F:refused(not-writable) O:refused(not-writable) F:refused(not-writable) O:refused(not-writable) F:refused(not-writable) O:refused(not-writable)	mount-err:Recovery(UnitUnreadable { slot: SlotNumber(50182) })	same	-	[0, 0]	0	0	[0, 0]	0	0	0	12	-	[]	0	0
F9-bad-media-rw-forever	off(today)	MOFFMFOFOFOFOFOFOFOFOFOFOFOFOFOFOFO	M:mount-err:Recovery(UnitUnreadable { slot: SlotNumber(50182) }) O:refused(not-writable) F:refused(not-writable) F:refused(not-writable) M:mount-err:Recovery(UnitUnreadable { slot: SlotNumber(50182) }) F:refused(not-writable) O:refused(not-writable) F:refused(not-writable) O:refused(not-writable) F:refused(not-writable) O:refused(not-writable) F:refused(not-writable) O:refused(not-writable) F:refused(not-writable) O:refused(not-writable) F:refused(not-writable) O:refused(not-writable) F:refused(not-writable) O:refused(not-writable) F:refused(not-writable) O:refused(not-writable) F:refused(not-writable) O:refused(not-writable) F:refused(not-writable) O:refused(not-writable) F:refused(not-writable) O:refused(not-writable) F:refused(not-writable) O:refused(not-writable) F:refused(not-writable) O:refused(not-writable) F:refused(not-writable) O:refused(not-writable) F:refused(not-writable) O:refused(not-writable)	mount-err:Recovery(UnitUnreadable { slot: SlotNumber(50182) })	same	-	[0, 0]	0	0	[0, 0]	0	0	0	6	-	[]	0	0
F9-bad-media-rw-forever	off(today)	MOFOMFOFOFOFOFOFOFOFOFOFOFOFOFOFOFO	M:mount-err:Recovery(UnitUnreadable { slot: SlotNumber(50182) }) O:refused(not-writable) F:refused(not-writable) O:refused(not-writable) M:mount-err:Recovery(UnitUnreadable { slot: SlotNumber(50182) }) F:refused(not-writable) O:refused(not-writable) F:refused(not-writable) O:refused(not-writable) F:refused(not-writable) O:refused(not-writable) F:refused(not-writable) O:refused(not-writable) F:refused(not-writable) O:refused(not-writable) F:refused(not-writable) O:refused(not-writable) F:refused(not-writable) O:refused(not-writable) F:refused(not-writable) O:refused(not-writable) F:refused(not-writable) O:refused(not-writable) F:refused(not-writable) O:refused(not-writable) F:refused(not-writable) O:refused(not-writable) F:refused(not-writable) O:refused(not-writable) F:refused(not-writable) O:refused(not-writable) F:refused(not-writable) O:refused(not-writable) F:refused(not-writable) O:refused(not-writable)	mount-err:Recovery(UnitUnreadable { slot: SlotNumber(50182) })	same	-	[0, 0]	0	0	[0, 0]	0	0	0	6	-	[]	0	0
F9-bad-media-rw-forever	off(today)	MOMFMFOFOFOFOFOFOFOFOFOFOFOFOFOFOFO	M:mount-err:Recovery(UnitUnreadable { slot: SlotNumber(50182) }) O:refused(not-writable) M:mount-err:Recovery(UnitUnreadable { slot: SlotNumber(50182) }) F:refused(not-writable) M:mount-err:Recovery(UnitUnreadable { slot: SlotNumber(50182) }) F:refused(not-writable) O:refused(not-writable) F:refused(not-writable) O:refused(not-writable) F:refused(not-writable) O:refused(not-writable) F:refused(not-writable) O:refused(not-writable) F:refused(not-writable) O:refused(not-writable) F:refused(not-writable) O:refused(not-writable) F:refused(not-writable) O:refused(not-writable) F:refused(not-writable) O:refused(not-writable) F:refused(not-writable) O:refused(not-writable) F:refused(not-writable) O:refused(not-writable) F:refused(not-writable) O:refused(not-writable) F:refused(not-writable) O:refused(not-writable) F:refused(not-writable) O:refused(not-writable) F:refused(not-writable) O:refused(not-writable) F:refused(not-writable) O:refused(not-writable)	mount-err:Recovery(UnitUnreadable { slot: SlotNumber(50182) })	same	-	[0, 0]	0	0	[0, 0]	0	0	0	8	-	[]	0	0
F9-bad-media-rw-forever	off(today)	MOOFMFOFOFOFOFOFOFOFOFOFOFOFOFOFOFO	M:mount-err:Recovery(UnitUnreadable { slot: SlotNumber(50182) }) O:refused(not-writable) O:refused(not-writable) F:refused(not-writable) M:mount-err:Recovery(UnitUnreadable { slot: SlotNumber(50182) }) F:refused(not-writable) O:refused(not-writable) F:refused(not-writable) O:refused(not-writable) F:refused(not-writable) O:refused(not-writable) F:refused(not-writable) O:refused(not-writable) F:refused(not-writable) O:refused(not-writable) F:refused(not-writable) O:refused(not-writable) F:refused(not-writable) O:refused(not-writable) F:refused(not-writable) O:refused(not-writable) F:refused(not-writable) O:refused(not-writable) F:refused(not-writable) O:refused(not-writable) F:refused(not-writable) O:refused(not-writable) F:refused(not-writable) O:refused(not-writable) F:refused(not-writable) O:refused(not-writable) F:refused(not-writable) O:refused(not-writable) F:refused(not-writable) O:refused(not-writable)	mount-err:Recovery(UnitUnreadable { slot: SlotNumber(50182) })	same	-	[0, 0]	0	0	[0, 0]	0	0	0	6	-	[]	0	0
F9-bad-media-rw-forever	off(today)	MOFMMFOFOFOFOFOFOFOFOFOFOFOFOFOFOFO	M:mount-err:Recovery(UnitUnreadable { slot: SlotNumber(50182) }) O:refused(not-writable) F:refused(not-writable) M:mount-err:Recovery(UnitUnreadable { slot: SlotNumber(50182) }) M:mount-err:Recovery(UnitUnreadable { slot: SlotNumber(50182) }) F:refused(not-writable) O:refused(not-writable) F:refused(not-writable) O:refused(not-writable) F:refused(not-writable) O:refused(not-writable) F:refused(not-writable) O:refused(not-writable) F:refused(not-writable) O:refused(not-writable) F:refused(not-writable) O:refused(not-writable) F:refused(not-writable) O:refused(not-writable) F:refused(not-writable) O:refused(not-writable) F:refused(not-writable) O:refused(not-writable) F:refused(not-writable) O:refused(not-writable) F:refused(not-writable) O:refused(not-writable) F:refused(not-writable) O:refused(not-writable) F:refused(not-writable) O:refused(not-writable) F:refused(not-writable) O:refused(not-writable) F:refused(not-writable) O:refused(not-writable)	mount-err:Recovery(UnitUnreadable { slot: SlotNumber(50182) })	same	-	[0, 0]	0	0	[0, 0]	0	0	0	8	-	[]	0	0
F9-bad-media-rw-forever	off(today)	MOMMMFOFOFOFOFOFOFOFOFOFOFOFOFOFOFO	M:mount-err:Recovery(UnitUnreadable { slot: SlotNumber(50182) }) O:refused(not-writable) M:mount-err:Recovery(UnitUnreadable { slot: SlotNumber(50182) }) M:mount-err:Recovery(UnitUnreadable { slot: SlotNumber(50182) }) M:mount-err:Recovery(UnitUnreadable { slot: SlotNumber(50182) }) F:refused(not-writable) O:refused(not-writable) F:refused(not-writable) O:refused(not-writable) F:refused(not-writable) O:refused(not-writable) F:refused(not-writable) O:refused(not-writable) F:refused(not-writable) O:refused(not-writable) F:refused(not-writable) O:refused(not-writable) F:refused(not-writable) O:refused(not-writable) F:refused(not-writable) O:refused(not-writable) F:refused(not-writable) O:refused(not-writable) F:refused(not-writable) O:refused(not-writable) F:refused(not-writable) O:refused(not-writable) F:refused(not-writable) O:refused(not-writable) F:refused(not-writable) O:refused(not-writable) F:refused(not-writable) O:refused(not-writable) F:refused(not-writable) O:refused(not-writable)	mount-err:Recovery(UnitUnreadable { slot: SlotNumber(50182) })	same	-	[0, 0]	0	0	[0, 0]	0	0	0	10	-	[]	0	0
F9-bad-media-rw-forever	off(today)	MOMOMFOFOFOFOFOFOFOFOFOFOFOFOFOFOFO	M:mount-err:Recovery(UnitUnreadable { slot: SlotNumber(50182) }) O:refused(not-writable) M:mount-err:Recovery(UnitUnreadable { slot: SlotNumber(50182) }) O:refused(not-writable) M:mount-err:Recovery(UnitUnreadable { slot: SlotNumber(50182) }) F:refused(not-writable) O:refused(not-writable) F:refused(not-writable) O:refused(not-writable) F:refused(not-writable) O:refused(not-writable) F:refused(not-writable) O:refused(not-writable) F:refused(not-writable) O:refused(not-writable) F:refused(not-writable) O:refused(not-writable) F:refused(not-writable) O:refused(not-writable) F:refused(not-writable) O:refused(not-writable) F:refused(not-writable) O:refused(not-writable) F:refused(not-writable) O:refused(not-writable) F:refused(not-writable) O:refused(not-writable) F:refused(not-writable) O:refused(not-writable) F:refused(not-writable) O:refused(not-writable) F:refused(not-writable) O:refused(not-writable) F:refused(not-writable) O:refused(not-writable)	mount-err:Recovery(UnitUnreadable { slot: SlotNumber(50182) })	same	-	[0, 0]	0	0	[0, 0]	0	0	0	8	-	[]	0	0
F9-bad-media-rw-forever	off(today)	MOOOMFOFOFOFOFOFOFOFOFOFOFOFOFOFOFO	M:mount-err:Recovery(UnitUnreadable { slot: SlotNumber(50182) }) O:refused(not-writable) O:refused(not-writable) O:refused(not-writable) M:mount-err:Recovery(UnitUnreadable { slot: SlotNumber(50182) }) F:refused(not-writable) O:refused(not-writable) F:refused(not-writable) O:refused(not-writable) F:refused(not-writable) O:refused(not-writable) F:refused(not-writable) O:refused(not-writable) F:refused(not-writable) O:refused(not-writable) F:refused(not-writable) O:refused(not-writable) F:refused(not-writable) O:refused(not-writable) F:refused(not-writable) O:refused(not-writable) F:refused(not-writable) O:refused(not-writable) F:refused(not-writable) O:refused(not-writable) F:refused(not-writable) O:refused(not-writable) F:refused(not-writable) O:refused(not-writable) F:refused(not-writable) O:refused(not-writable) F:refused(not-writable) O:refused(not-writable) F:refused(not-writable) O:refused(not-writable)	mount-err:Recovery(UnitUnreadable { slot: SlotNumber(50182) })	same	-	[0, 0]	0	0	[0, 0]	0	0	0	6	-	[]	0	0
F9-bad-media-rw-forever	off(today)	OFFFMFOFOFOFOFOFOFOFOFOFOFOFOFOFOFO	O:ok F:noop F:noop F:noop M:ok F:noop O:ok F:ok(F=3,reclaimed=1) O:ok F:ok(F=6,reclaimed=17) O:ok F:ok(F=7,reclaimed=8) O:ok F:ok(F=11,reclaimed=21) O:err:BlockDevice(InputOutput(Custom { kind: Other, error: "injected write e F:noop O:err:BlockDevice(InputOutput(Custom { kind: Other, error: "injected write e F:noop O:err:BlockDevice(InputOutput(Custom { kind: Other, error: "injected write e F:noop O:err:BlockDevice(InputOutput(Custom { kind: Other, error: "injected write e F:noop O:err:BlockDevice(InputOutput(Custom { kind: Other, error: "injected write e F:noop O:err:BlockDevice(InputOutput(Custom { kind: Other, error: "injected write e F:noop O:err:BlockDevice(InputOutput(Custom { kind: Other, error: "injected write e F:noop O:err:BlockDevice(InputOutput(Custom { kind: Other, error: "injected write e F:noop O:err:BlockDevice(InputOutput(Custom { kind: Other, error: "injected write e F:noop O:err:BlockDevice(InputOutput(Custom { kind: Other, error: "injected write e F:noop O:err:BlockDevice(InputOutput(Custom { kind: Other, error: "injected write e	ok	same	-	[0, 0]	0	0	[0, 0]	0	0	0	0	-	[]	0	11
F9-bad-media-rw-forever	off(today)	MOOMMFOFOFOFOFOFOFOFOFOFOFOFOFOFOFO	M:mount-err:Recovery(UnitUnreadable { slot: SlotNumber(50182) }) O:refused(not-writable) O:refused(not-writable) M:mount-err:Recovery(UnitUnreadable { slot: SlotNumber(50182) }) M:mount-err:Recovery(UnitUnreadable { slot: SlotNumber(50182) }) F:refused(not-writable) O:refused(not-writable) F:refused(not-writable) O:refused(not-writable) F:refused(not-writable) O:refused(not-writable) F:refused(not-writable) O:refused(not-writable) F:refused(not-writable) O:refused(not-writable) F:refused(not-writable) O:refused(not-writable) F:refused(not-writable) O:refused(not-writable) F:refused(not-writable) O:refused(not-writable) F:refused(not-writable) O:refused(not-writable) F:refused(not-writable) O:refused(not-writable) F:refused(not-writable) O:refused(not-writable) F:refused(not-writable) O:refused(not-writable) F:refused(not-writable) O:refused(not-writable) F:refused(not-writable) O:refused(not-writable) F:refused(not-writable) O:refused(not-writable)	mount-err:Recovery(UnitUnreadable { slot: SlotNumber(50182) })	same	-	[0, 0]	0	0	[0, 0]	0	0	0	8	-	[]	0	0
F9-bad-media-rw-forever	off(today)	OFFOMFOFOFOFOFOFOFOFOFOFOFOFOFOFOFO	O:ok F:noop F:noop O:ok M:ok F:ok(F=3,reclaimed=1) O:ok F:ok(F=6,reclaimed=17) O:ok F:ok(F=7,reclaimed=8) O:ok F:ok(F=8,reclaimed=8) O:err:BlockDevice(InputOutput(Custom { kind: Other, error: "injected write e F:noop O:err:BlockDevice(InputOutput(Custom { kind: Other, error: "injected write e F:noop O:err:BlockDevice(InputOutput(Custom { kind: Other, error: "injected write e F:noop O:err:BlockDevice(InputOutput(Custom { kind: Other, error: "injected write e F:noop O:err:BlockDevice(InputOutput(Custom { kind: Other, error: "injected write e F:noop O:err:BlockDevice(InputOutput(Custom { kind: Other, error: "injected write e F:noop O:err:BlockDevice(InputOutput(Custom { kind: Other, error: "injected write e F:noop O:err:BlockDevice(InputOutput(Custom { kind: Other, error: "injected write e F:noop O:err:BlockDevice(InputOutput(Custom { kind: Other, error: "injected write e F:noop O:err:BlockDevice(InputOutput(Custom { kind: Other, error: "injected write e F:noop O:err:BlockDevice(InputOutput(Custom { kind: Other, error: "injected write e F:noop O:err:BlockDevice(InputOutput(Custom { kind: Other, error: "injected write e	ok	same	-	[0, 0]	0	0	[0, 0]	0	0	0	0	-	[]	0	12
F9-bad-media-rw-forever	off(today)	OFMFMFOFOFOFOFOFOFOFOFOFOFOFOFOFOFO	O:ok F:noop M:ok F:noop M:ok F:noop O:ok F:ok(F=3,reclaimed=1) O:ok F:ok(F=6,reclaimed=17) O:ok F:ok(F=7,reclaimed=8) O:ok F:ok(F=14,reclaimed=34) O:err:BlockDevice(InputOutput(Custom { kind: Other, error: "injected write e F:noop O:err:BlockDevice(InputOutput(Custom { kind: Other, error: "injected write e F:noop O:err:BlockDevice(InputOutput(Custom { kind: Other, error: "injected write e F:noop O:err:BlockDevice(InputOutput(Custom { kind: Other, error: "injected write e F:noop O:err:BlockDevice(InputOutput(Custom { kind: Other, error: "injected write e F:noop O:err:BlockDevice(InputOutput(Custom { kind: Other, error: "injected write e F:noop O:err:BlockDevice(InputOutput(Custom { kind: Other, error: "injected write e F:noop O:err:BlockDevice(InputOutput(Custom { kind: Other, error: "injected write e F:noop O:err:BlockDevice(InputOutput(Custom { kind: Other, error: "injected write e F:noop O:err:BlockDevice(InputOutput(Custom { kind: Other, error: "injected write e F:noop O:err:BlockDevice(InputOutput(Custom { kind: Other, error: "injected write e	ok	same	-	[0, 0]	0	0	[0, 0]	0	0	0	0	-	[]	0	11
F9-bad-media-rw-forever	off(today)	OFFMMFOFOFOFOFOFOFOFOFOFOFOFOFOFOFO	O:ok F:noop F:noop M:ok M:ok F:noop O:ok F:ok(F=3,reclaimed=1) O:ok F:ok(F=6,reclaimed=17) O:ok F:ok(F=7,reclaimed=8) O:ok F:ok(F=14,reclaimed=34) O:err:BlockDevice(InputOutput(Custom { kind: Other, error: "injected write e F:noop O:err:BlockDevice(InputOutput(Custom { kind: Other, error: "injected write e F:noop O:err:BlockDevice(InputOutput(Custom { kind: Other, error: "injected write e F:noop O:err:BlockDevice(InputOutput(Custom { kind: Other, error: "injected write e F:noop O:err:BlockDevice(InputOutput(Custom { kind: Other, error: "injected write e F:noop O:err:BlockDevice(InputOutput(Custom { kind: Other, error: "injected write e F:noop O:err:BlockDevice(InputOutput(Custom { kind: Other, error: "injected write e F:noop O:err:BlockDevice(InputOutput(Custom { kind: Other, error: "injected write e F:noop O:err:BlockDevice(InputOutput(Custom { kind: Other, error: "injected write e F:noop O:err:BlockDevice(InputOutput(Custom { kind: Other, error: "injected write e F:noop O:err:BlockDevice(InputOutput(Custom { kind: Other, error: "injected write e	ok	same	-	[0, 0]	0	0	[0, 0]	0	0	0	0	-	[]	0	11
F9-bad-media-rw-forever	off(today)	OFOFMFOFOFOFOFOFOFOFOFOFOFOFOFOFOFO	O:ok F:noop O:ok F:ok(F=3,reclaimed=1) M:ok F:noop O:ok F:ok(F=6,reclaimed=17) O:ok F:ok(F=7,reclaimed=8) O:ok F:ok(F=8,reclaimed=8) O:err:BlockDevice(InputOutput(Custom { kind: Other, error: "injected write e F:noop O:err:BlockDevice(InputOutput(Custom { kind: Other, error: "injected write e F:noop O:err:BlockDevice(InputOutput(Custom { kind: Other, error: "injected write e F:noop O:err:BlockDevice(InputOutput(Custom { kind: Other, error: "injected write e F:noop O:err:BlockDevice(InputOutput(Custom { kind: Other, error: "injected write e F:noop O:err:BlockDevice(InputOutput(Custom { kind: Other, error: "injected write e F:noop O:err:BlockDevice(InputOutput(Custom { kind: Other, error: "injected write e F:noop O:err:BlockDevice(InputOutput(Custom { kind: Other, error: "injected write e F:noop O:err:BlockDevice(InputOutput(Custom { kind: Other, error: "injected write e F:noop O:err:BlockDevice(InputOutput(Custom { kind: Other, error: "injected write e F:noop O:err:BlockDevice(InputOutput(Custom { kind: Other, error: "injected write e F:noop O:err:BlockDevice(InputOutput(Custom { kind: Other, error: "injected write e	ok	same	-	[0, 0]	0	0	[0, 0]	0	0	0	0	-	[]	0	12
F9-bad-media-rw-forever	off(today)	OFMOMFOFOFOFOFOFOFOFOFOFOFOFOFOFOFO	O:ok F:noop M:ok O:ok M:ok F:ok(F=3,reclaimed=1) O:ok F:ok(F=6,reclaimed=17) O:ok F:ok(F=7,reclaimed=8) O:ok F:ok(F=11,reclaimed=21) O:err:BlockDevice(InputOutput(Custom { kind: Other, error: "injected write e F:noop O:err:BlockDevice(InputOutput(Custom { kind: Other, error: "injected write e F:noop O:err:BlockDevice(InputOutput(Custom { kind: Other, error: "injected write e F:noop O:err:BlockDevice(InputOutput(Custom { kind: Other, error: "injected write e F:noop O:err:BlockDevice(InputOutput(Custom { kind: Other, error: "injected write e F:noop O:err:BlockDevice(InputOutput(Custom { kind: Other, error: "injected write e F:noop O:err:BlockDevice(InputOutput(Custom { kind: Other, error: "injected write e F:noop O:err:BlockDevice(InputOutput(Custom { kind: Other, error: "injected write e F:noop O:err:BlockDevice(InputOutput(Custom { kind: Other, error: "injected write e F:noop O:err:BlockDevice(InputOutput(Custom { kind: Other, error: "injected write e F:noop O:err:BlockDevice(InputOutput(Custom { kind: Other, error: "injected write e F:noop O:err:BlockDevice(InputOutput(Custom { kind: Other, error: "injected write e	ok	same	-	[0, 0]	0	0	[0, 0]	0	0	0	0	-	[]	0	12
F9-bad-media-rw-forever	off(today)	OFOOMFOFOFOFOFOFOFOFOFOFOFOFOFOFOFO	O:ok F:noop O:ok O:ok M:ok F:ok(F=6,reclaimed=18) O:ok F:ok(F=7,reclaimed=8) O:ok F:ok(F=8,reclaimed=8) O:ok F:ok(F=9,reclaimed=8) O:err:BlockDevice(InputOutput(Custom { kind: Other, error: "injected write e F:noop O:err:BlockDevice(InputOutput(Custom { kind: Other, error: "injected write e F:noop O:err:BlockDevice(InputOutput(Custom { kind: Other, error: "injected write e F:noop O:err:BlockDevice(InputOutput(Custom { kind: Other, error: "injected write e F:noop O:err:BlockDevice(InputOutput(Custom { kind: Other, error: "injected write e F:noop O:err:BlockDevice(InputOutput(Custom { kind: Other, error: "injected write e F:noop O:err:BlockDevice(InputOutput(Custom { kind: Other, error: "injected write e F:noop O:err:BlockDevice(InputOutput(Custom { kind: Other, error: "injected write e F:noop O:err:BlockDevice(InputOutput(Custom { kind: Other, error: "injected write e F:noop O:err:BlockDevice(InputOutput(Custom { kind: Other, error: "injected write e F:noop O:err:BlockDevice(InputOutput(Custom { kind: Other, error: "injected write e F:noop O:err:BlockDevice(InputOutput(Custom { kind: Other, error: "injected write e	ok	same	-	[0, 0]	0	0	[0, 0]	0	0	0	0	-	[]	0	12
F9-bad-media-rw-forever	off(today)	OFMMMFOFOFOFOFOFOFOFOFOFOFOFOFOFOFO	O:ok F:noop M:ok M:ok M:ok F:noop O:ok F:ok(F=3,reclaimed=1) O:ok F:ok(F=6,reclaimed=17) O:ok F:ok(F=7,reclaimed=8) O:ok F:ok(F=17,reclaimed=47) O:err:BlockDevice(InputOutput(Custom { kind: Other, error: "injected write e F:noop O:err:BlockDevice(InputOutput(Custom { kind: Other, error: "injected write e F:noop O:err:BlockDevice(InputOutput(Custom { kind: Other, error: "injected write e F:noop O:err:BlockDevice(InputOutput(Custom { kind: Other, error: "injected write e F:noop O:err:BlockDevice(InputOutput(Custom { kind: Other, error: "injected write e F:noop O:err:BlockDevice(InputOutput(Custom { kind: Other, error: "injected write e F:noop O:err:BlockDevice(InputOutput(Custom { kind: Other, error: "injected write e F:noop O:err:BlockDevice(InputOutput(Custom { kind: Other, error: "injected write e F:noop O:err:BlockDevice(InputOutput(Custom { kind: Other, error: "injected write e F:noop O:err:BlockDevice(InputOutput(Custom { kind: Other, error: "injected write e F:noop O:err:BlockDevice(InputOutput(Custom { kind: Other, error: "injected write e	ok	same	-	[0, 0]	0	0	[0, 0]	0	0	0	0	-	[]	0	11
F9-bad-media-rw-forever	off(today)	OFOMMFOFOFOFOFOFOFOFOFOFOFOFOFOFOFO	O:ok F:noop O:ok M:ok M:ok F:ok(F=3,reclaimed=1) O:ok F:ok(F=6,reclaimed=17) O:ok F:ok(F=7,reclaimed=8) O:ok F:ok(F=8,reclaimed=8) O:err:BlockDevice(InputOutput(Custom { kind: Other, error: "injected write e F:noop O:err:BlockDevice(InputOutput(Custom { kind: Other, error: "injected write e F:noop O:err:BlockDevice(InputOutput(Custom { kind: Other, error: "injected write e F:noop O:err:BlockDevice(InputOutput(Custom { kind: Other, error: "injected write e F:noop O:err:BlockDevice(InputOutput(Custom { kind: Other, error: "injected write e F:noop O:err:BlockDevice(InputOutput(Custom { kind: Other, error: "injected write e F:noop O:err:BlockDevice(InputOutput(Custom { kind: Other, error: "injected write e F:noop O:err:BlockDevice(InputOutput(Custom { kind: Other, error: "injected write e F:noop O:err:BlockDevice(InputOutput(Custom { kind: Other, error: "injected write e F:noop O:err:BlockDevice(InputOutput(Custom { kind: Other, error: "injected write e F:noop O:err:BlockDevice(InputOutput(Custom { kind: Other, error: "injected write e F:noop O:err:BlockDevice(InputOutput(Custom { kind: Other, error: "injected write e	ok	same	-	[0, 0]	0	0	[0, 0]	0	0	0	0	-	[]	0	12
F9-bad-media-rw-forever	off(today)	OMFMMFOFOFOFOFOFOFOFOFOFOFOFOFOFOFO	O:ok M:ok F:noop M:ok M:ok F:noop O:ok F:ok(F=3,reclaimed=1) O:ok F:ok(F=6,reclaimed=17) O:ok F:ok(F=7,reclaimed=8) O:ok F:ok(F=17,reclaimed=47) O:err:BlockDevice(InputOutput(Custom { kind: Other, error: "injected write e F:noop O:err:BlockDevice(InputOutput(Custom { kind: Other, error: "injected write e F:noop O:err:BlockDevice(InputOutput(Custom { kind: Other, error: "injected write e F:noop O:err:BlockDevice(InputOutput(Custom { kind: Other, error: "injected write e F:noop O:err:BlockDevice(InputOutput(Custom { kind: Other, error: "injected write e F:noop O:err:BlockDevice(InputOutput(Custom { kind: Other, error: "injected write e F:noop O:err:BlockDevice(InputOutput(Custom { kind: Other, error: "injected write e F:noop O:err:BlockDevice(InputOutput(Custom { kind: Other, error: "injected write e F:noop O:err:BlockDevice(InputOutput(Custom { kind: Other, error: "injected write e F:noop O:err:BlockDevice(InputOutput(Custom { kind: Other, error: "injected write e F:noop O:err:BlockDevice(InputOutput(Custom { kind: Other, error: "injected write e	ok	same	-	[0, 0]	0	0	[0, 0]	0	0	0	0	-	[]	0	11
F9-bad-media-rw-forever	off(today)	OMFFMFOFOFOFOFOFOFOFOFOFOFOFOFOFOFO	O:ok M:ok F:noop F:noop M:ok F:noop O:ok F:ok(F=3,reclaimed=1) O:ok F:ok(F=6,reclaimed=17) O:ok F:ok(F=7,reclaimed=8) O:ok F:ok(F=14,reclaimed=34) O:err:BlockDevice(InputOutput(Custom { kind: Other, error: "injected write e F:noop O:err:BlockDevice(InputOutput(Custom { kind: Other, error: "injected write e F:noop O:err:BlockDevice(InputOutput(Custom { kind: Other, error: "injected write e F:noop O:err:BlockDevice(InputOutput(Custom { kind: Other, error: "injected write e F:noop O:err:BlockDevice(InputOutput(Custom { kind: Other, error: "injected write e F:noop O:err:BlockDevice(InputOutput(Custom { kind: Other, error: "injected write e F:noop O:err:BlockDevice(InputOutput(Custom { kind: Other, error: "injected write e F:noop O:err:BlockDevice(InputOutput(Custom { kind: Other, error: "injected write e F:noop O:err:BlockDevice(InputOutput(Custom { kind: Other, error: "injected write e F:noop O:err:BlockDevice(InputOutput(Custom { kind: Other, error: "injected write e F:noop O:err:BlockDevice(InputOutput(Custom { kind: Other, error: "injected write e	ok	same	-	[0, 0]	0	0	[0, 0]	0	0	0	0	-	[]	0	11
F9-bad-media-rw-forever	off(today)	OMFOMFOFOFOFOFOFOFOFOFOFOFOFOFOFOFO	O:ok M:ok F:noop O:ok M:ok F:ok(F=3,reclaimed=1) O:ok F:ok(F=6,reclaimed=17) O:ok F:ok(F=7,reclaimed=8) O:ok F:ok(F=11,reclaimed=21) O:err:BlockDevice(InputOutput(Custom { kind: Other, error: "injected write e F:noop O:err:BlockDevice(InputOutput(Custom { kind: Other, error: "injected write e F:noop O:err:BlockDevice(InputOutput(Custom { kind: Other, error: "injected write e F:noop O:err:BlockDevice(InputOutput(Custom { kind: Other, error: "injected write e F:noop O:err:BlockDevice(InputOutput(Custom { kind: Other, error: "injected write e F:noop O:err:BlockDevice(InputOutput(Custom { kind: Other, error: "injected write e F:noop O:err:BlockDevice(InputOutput(Custom { kind: Other, error: "injected write e F:noop O:err:BlockDevice(InputOutput(Custom { kind: Other, error: "injected write e F:noop O:err:BlockDevice(InputOutput(Custom { kind: Other, error: "injected write e F:noop O:err:BlockDevice(InputOutput(Custom { kind: Other, error: "injected write e F:noop O:err:BlockDevice(InputOutput(Custom { kind: Other, error: "injected write e F:noop O:err:BlockDevice(InputOutput(Custom { kind: Other, error: "injected write e	ok	same	-	[0, 0]	0	0	[0, 0]	0	0	0	0	-	[]	0	12
F9-bad-media-rw-forever	off(today)	OMMFMFOFOFOFOFOFOFOFOFOFOFOFOFOFOFO	O:ok M:ok M:ok F:noop M:ok F:noop O:ok F:ok(F=3,reclaimed=1) O:ok F:ok(F=6,reclaimed=17) O:ok F:ok(F=7,reclaimed=8) O:ok F:ok(F=17,reclaimed=47) O:err:BlockDevice(InputOutput(Custom { kind: Other, error: "injected write e F:noop O:err:BlockDevice(InputOutput(Custom { kind: Other, error: "injected write e F:noop O:err:BlockDevice(InputOutput(Custom { kind: Other, error: "injected write e F:noop O:err:BlockDevice(InputOutput(Custom { kind: Other, error: "injected write e F:noop O:err:BlockDevice(InputOutput(Custom { kind: Other, error: "injected write e F:noop O:err:BlockDevice(InputOutput(Custom { kind: Other, error: "injected write e F:noop O:err:BlockDevice(InputOutput(Custom { kind: Other, error: "injected write e F:noop O:err:BlockDevice(InputOutput(Custom { kind: Other, error: "injected write e F:noop O:err:BlockDevice(InputOutput(Custom { kind: Other, error: "injected write e F:noop O:err:BlockDevice(InputOutput(Custom { kind: Other, error: "injected write e F:noop O:err:BlockDevice(InputOutput(Custom { kind: Other, error: "injected write e	ok	same	-	[0, 0]	0	0	[0, 0]	0	0	0	0	-	[]	0	11
F9-bad-media-rw-forever	off(today)	OMOOMFOFOFOFOFOFOFOFOFOFOFOFOFOFOFO	O:ok M:ok O:ok O:ok M:ok F:ok(F=6,reclaimed=18) O:ok F:ok(F=7,reclaimed=8) O:ok F:ok(F=11,reclaimed=21) O:ok F:ok(F=12,reclaimed=8) O:err:BlockDevice(InputOutput(Custom { kind: Other, error: "injected write e F:noop O:err:BlockDevice(InputOutput(Custom { kind: Other, error: "injected write e F:noop O:err:BlockDevice(InputOutput(Custom { kind: Other, error: "injected write e F:noop O:err:BlockDevice(InputOutput(Custom { kind: Other, error: "injected write e F:noop O:err:BlockDevice(InputOutput(Custom { kind: Other, error: "injected write e F:noop O:err:BlockDevice(InputOutput(Custom { kind: Other, error: "injected write e F:noop O:err:BlockDevice(InputOutput(Custom { kind: Other, error: "injected write e F:noop O:err:BlockDevice(InputOutput(Custom { kind: Other, error: "injected write e F:noop O:err:BlockDevice(InputOutput(Custom { kind: Other, error: "injected write e F:noop O:err:BlockDevice(InputOutput(Custom { kind: Other, error: "injected write e F:noop O:err:BlockDevice(InputOutput(Custom { kind: Other, error: "injected write e F:noop O:err:BlockDevice(InputOutput(Custom { kind: Other, error: "injected write e	ok	same	-	[0, 0]	0	0	[0, 0]	0	0	0	0	-	[]	0	12
F9-bad-media-rw-forever	off(today)	OMMOMFOFOFOFOFOFOFOFOFOFOFOFOFOFOFO	O:ok M:ok M:ok O:ok M:ok F:ok(F=3,reclaimed=1) O:ok F:ok(F=6,reclaimed=17) O:ok F:ok(F=7,reclaimed=8) O:ok F:ok(F=14,reclaimed=34) O:err:BlockDevice(InputOutput(Custom { kind: Other, error: "injected write e F:noop O:err:BlockDevice(InputOutput(Custom { kind: Other, error: "injected write e F:noop O:err:BlockDevice(InputOutput(Custom { kind: Other, error: "injected write e F:noop O:err:BlockDevice(InputOutput(Custom { kind: Other, error: "injected write e F:noop O:err:BlockDevice(InputOutput(Custom { kind: Other, error: "injected write e F:noop O:err:BlockDevice(InputOutput(Custom { kind: Other, error: "injected write e F:noop O:err:BlockDevice(InputOutput(Custom { kind: Other, error: "injected write e F:noop O:err:BlockDevice(InputOutput(Custom { kind: Other, error: "injected write e F:noop O:err:BlockDevice(InputOutput(Custom { kind: Other, error: "injected write e F:noop O:err:BlockDevice(InputOutput(Custom { kind: Other, error: "injected write e F:noop O:err:BlockDevice(InputOutput(Custom { kind: Other, error: "injected write e F:noop O:err:BlockDevice(InputOutput(Custom { kind: Other, error: "injected write e	ok	same	-	[0, 0]	0	0	[0, 0]	0	0	0	0	-	[]	0	12
F9-bad-media-rw-forever	off(today)	OMOMMFOFOFOFOFOFOFOFOFOFOFOFOFOFOFO	O:ok M:ok O:ok M:ok M:ok F:ok(F=3,reclaimed=1) O:ok F:ok(F=6,reclaimed=17) O:ok F:ok(F=7,reclaimed=8) O:ok F:ok(F=11,reclaimed=21) O:err:BlockDevice(InputOutput(Custom { kind: Other, error: "injected write e F:noop O:err:BlockDevice(InputOutput(Custom { kind: Other, error: "injected write e F:noop O:err:BlockDevice(InputOutput(Custom { kind: Other, error: "injected write e F:noop O:err:BlockDevice(InputOutput(Custom { kind: Other, error: "injected write e F:noop O:err:BlockDevice(InputOutput(Custom { kind: Other, error: "injected write e F:noop O:err:BlockDevice(InputOutput(Custom { kind: Other, error: "injected write e F:noop O:err:BlockDevice(InputOutput(Custom { kind: Other, error: "injected write e F:noop O:err:BlockDevice(InputOutput(Custom { kind: Other, error: "injected write e F:noop O:err:BlockDevice(InputOutput(Custom { kind: Other, error: "injected write e F:noop O:err:BlockDevice(InputOutput(Custom { kind: Other, error: "injected write e F:noop O:err:BlockDevice(InputOutput(Custom { kind: Other, error: "injected write e F:noop O:err:BlockDevice(InputOutput(Custom { kind: Other, error: "injected write e	ok	same	-	[0, 0]	0	0	[0, 0]	0	0	0	0	-	[]	0	12
F9-bad-media-rw-forever	off(today)	OMOFMFOFOFOFOFOFOFOFOFOFOFOFOFOFOFO	O:ok M:ok O:ok F:ok(F=3,reclaimed=1) M:ok F:noop O:ok F:ok(F=6,reclaimed=17) O:ok F:ok(F=7,reclaimed=8) O:ok F:ok(F=11,reclaimed=21) O:err:BlockDevice(InputOutput(Custom { kind: Other, error: "injected write e F:noop O:err:BlockDevice(InputOutput(Custom { kind: Other, error: "injected write e F:noop O:err:BlockDevice(InputOutput(Custom { kind: Other, error: "injected write e F:noop O:err:BlockDevice(InputOutput(Custom { kind: Other, error: "injected write e F:noop O:err:BlockDevice(InputOutput(Custom { kind: Other, error: "injected write e F:noop O:err:BlockDevice(InputOutput(Custom { kind: Other, error: "injected write e F:noop O:err:BlockDevice(InputOutput(Custom { kind: Other, error: "injected write e F:noop O:err:BlockDevice(InputOutput(Custom { kind: Other, error: "injected write e F:noop O:err:BlockDevice(InputOutput(Custom { kind: Other, error: "injected write e F:noop O:err:BlockDevice(InputOutput(Custom { kind: Other, error: "injected write e F:noop O:err:BlockDevice(InputOutput(Custom { kind: Other, error: "injected write e F:noop O:err:BlockDevice(InputOutput(Custom { kind: Other, error: "injected write e	ok	same	-	[0, 0]	0	0	[0, 0]	0	0	0	0	-	[]	0	12
F9-bad-media-rw-forever	off(today)	OMMMMFOFOFOFOFOFOFOFOFOFOFOFOFOFOFO	O:ok M:ok M:ok M:ok M:ok F:noop O:ok F:ok(F=3,reclaimed=1) O:ok F:ok(F=6,reclaimed=17) O:ok F:ok(F=7,reclaimed=8) O:ok F:ok(F=20,reclaimed=60) O:err:BlockDevice(InputOutput(Custom { kind: Other, error: "injected write e F:noop O:err:BlockDevice(InputOutput(Custom { kind: Other, error: "injected write e F:noop O:err:BlockDevice(InputOutput(Custom { kind: Other, error: "injected write e F:noop O:err:BlockDevice(InputOutput(Custom { kind: Other, error: "injected write e F:noop O:err:BlockDevice(InputOutput(Custom { kind: Other, error: "injected write e F:noop O:err:BlockDevice(InputOutput(Custom { kind: Other, error: "injected write e F:noop O:err:BlockDevice(InputOutput(Custom { kind: Other, error: "injected write e F:noop O:err:BlockDevice(InputOutput(Custom { kind: Other, error: "injected write e F:noop O:err:BlockDevice(InputOutput(Custom { kind: Other, error: "injected write e F:noop O:err:BlockDevice(InputOutput(Custom { kind: Other, error: "injected write e F:noop O:err:BlockDevice(InputOutput(Custom { kind: Other, error: "injected write e	ok	same	-	[0, 0]	0	0	[0, 0]	0	0	0	0	-	[]	0	11
F9-bad-media-rw-forever	off(today)	OOFFMFOFOFOFOFOFOFOFOFOFOFOFOFOFOFO	O:ok O:ok F:ok(F=3,reclaimed=1) F:noop M:ok F:noop O:ok F:ok(F=6,reclaimed=17) O:ok F:ok(F=7,reclaimed=8) O:ok F:ok(F=8,reclaimed=8) O:err:BlockDevice(InputOutput(Custom { kind: Other, error: "injected write e F:noop O:err:BlockDevice(InputOutput(Custom { kind: Other, error: "injected write e F:noop O:err:BlockDevice(InputOutput(Custom { kind: Other, error: "injected write e F:noop O:err:BlockDevice(InputOutput(Custom { kind: Other, error: "injected write e F:noop O:err:BlockDevice(InputOutput(Custom { kind: Other, error: "injected write e F:noop O:err:BlockDevice(InputOutput(Custom { kind: Other, error: "injected write e F:noop O:err:BlockDevice(InputOutput(Custom { kind: Other, error: "injected write e F:noop O:err:BlockDevice(InputOutput(Custom { kind: Other, error: "injected write e F:noop O:err:BlockDevice(InputOutput(Custom { kind: Other, error: "injected write e F:noop O:err:BlockDevice(InputOutput(Custom { kind: Other, error: "injected write e F:noop O:err:BlockDevice(InputOutput(Custom { kind: Other, error: "injected write e F:noop O:err:BlockDevice(InputOutput(Custom { kind: Other, error: "injected write e	ok	same	-	[0, 0]	0	0	[0, 0]	0	0	0	0	-	[]	0	12
F9-bad-media-rw-forever	off(today)	OOFOMFOFOFOFOFOFOFOFOFOFOFOFOFOFOFO	O:ok O:ok F:ok(F=3,reclaimed=1) O:ok M:ok F:ok(F=6,reclaimed=17) O:ok F:ok(F=7,reclaimed=8) O:ok F:ok(F=8,reclaimed=8) O:err:BlockDevice(InputOutput(Custom { kind: Other, error: "injected write e F:noop O:err:BlockDevice(InputOutput(Custom { kind: Other, error: "injected write e F:noop O:err:BlockDevice(InputOutput(Custom { kind: Other, error: "injected write e F:noop O:err:BlockDevice(InputOutput(Custom { kind: Other, error: "injected write e F:noop O:err:BlockDevice(InputOutput(Custom { kind: Other, error: "injected write e F:noop O:err:BlockDevice(InputOutput(Custom { kind: Other, error: "injected write e F:noop O:err:BlockDevice(InputOutput(Custom { kind: Other, error: "injected write e F:noop O:err:BlockDevice(InputOutput(Custom { kind: Other, error: "injected write e F:noop O:err:BlockDevice(InputOutput(Custom { kind: Other, error: "injected write e F:noop O:err:BlockDevice(InputOutput(Custom { kind: Other, error: "injected write e F:noop O:err:BlockDevice(InputOutput(Custom { kind: Other, error: "injected write e F:noop O:err:BlockDevice(InputOutput(Custom { kind: Other, error: "injected write e F:noop O:err:BlockDevice(InputOutput(Custom { kind: Other, error: "injected write e	ok	same	-	[0, 0]	0	0	[0, 0]	0	0	0	0	-	[]	0	13
F9-bad-media-rw-forever	off(today)	OOMFMFOFOFOFOFOFOFOFOFOFOFOFOFOFOFO	O:ok O:ok M:ok F:ok(F=3,reclaimed=1) M:ok F:noop O:ok F:ok(F=6,reclaimed=17) O:ok F:ok(F=7,reclaimed=8) O:ok F:ok(F=8,reclaimed=8) O:err:BlockDevice(InputOutput(Custom { kind: Other, error: "injected write e F:noop O:err:BlockDevice(InputOutput(Custom { kind: Other, error: "injected write e F:noop O:err:BlockDevice(InputOutput(Custom { kind: Other, error: "injected write e F:noop O:err:BlockDevice(InputOutput(Custom { kind: Other, error: "injected write e F:noop O:err:BlockDevice(InputOutput(Custom { kind: Other, error: "injected write e F:noop O:err:BlockDevice(InputOutput(Custom { kind: Other, error: "injected write e F:noop O:err:BlockDevice(InputOutput(Custom { kind: Other, error: "injected write e F:noop O:err:BlockDevice(InputOutput(Custom { kind: Other, error: "injected write e F:noop O:err:BlockDevice(InputOutput(Custom { kind: Other, error: "injected write e F:noop O:err:BlockDevice(InputOutput(Custom { kind: Other, error: "injected write e F:noop O:err:BlockDevice(InputOutput(Custom { kind: Other, error: "injected write e F:noop O:err:BlockDevice(InputOutput(Custom { kind: Other, error: "injected write e	ok	same	-	[0, 0]	0	0	[0, 0]	0	0	0	0	-	[]	0	12
F9-bad-media-rw-forever	off(today)	OOMOMFOFOFOFOFOFOFOFOFOFOFOFOFOFOFO	O:ok O:ok M:ok O:ok M:ok F:ok(F=6,reclaimed=18) O:ok F:ok(F=7,reclaimed=8) O:ok F:ok(F=8,reclaimed=8) O:ok F:ok(F=11,reclaimed=17) O:err:BlockDevice(InputOutput(Custom { kind: Other, error: "injected write e F:noop O:err:BlockDevice(InputOutput(Custom { kind: Other, error: "injected write e F:noop O:err:BlockDevice(InputOutput(Custom { kind: Other, error: "injected write e F:noop O:err:BlockDevice(InputOutput(Custom { kind: Other, error: "injected write e F:noop O:err:BlockDevice(InputOutput(Custom { kind: Other, error: "injected write e F:noop O:err:BlockDevice(InputOutput(Custom { kind: Other, error: "injected write e F:noop O:err:BlockDevice(InputOutput(Custom { kind: Other, error: "injected write e F:noop O:err:BlockDevice(InputOutput(Custom { kind: Other, error: "injected write e F:noop O:err:BlockDevice(InputOutput(Custom { kind: Other, error: "injected write e F:noop O:err:BlockDevice(InputOutput(Custom { kind: Other, error: "injected write e F:noop O:err:BlockDevice(InputOutput(Custom { kind: Other, error: "injected write e F:noop O:err:BlockDevice(InputOutput(Custom { kind: Other, error: "injected write e	ok	same	-	[0, 0]	0	0	[0, 0]	0	0	0	0	-	[]	0	12
F9-bad-media-rw-forever	off(today)	OOFMMFOFOFOFOFOFOFOFOFOFOFOFOFOFOFO	O:ok O:ok F:ok(F=3,reclaimed=1) M:ok M:ok F:noop O:ok F:ok(F=6,reclaimed=17) O:ok F:ok(F=7,reclaimed=8) O:ok F:ok(F=8,reclaimed=8) O:err:BlockDevice(InputOutput(Custom { kind: Other, error: "injected write e F:noop O:err:BlockDevice(InputOutput(Custom { kind: Other, error: "injected write e F:noop O:err:BlockDevice(InputOutput(Custom { kind: Other, error: "injected write e F:noop O:err:BlockDevice(InputOutput(Custom { kind: Other, error: "injected write e F:noop O:err:BlockDevice(InputOutput(Custom { kind: Other, error: "injected write e F:noop O:err:BlockDevice(InputOutput(Custom { kind: Other, error: "injected write e F:noop O:err:BlockDevice(InputOutput(Custom { kind: Other, error: "injected write e F:noop O:err:BlockDevice(InputOutput(Custom { kind: Other, error: "injected write e F:noop O:err:BlockDevice(InputOutput(Custom { kind: Other, error: "injected write e F:noop O:err:BlockDevice(InputOutput(Custom { kind: Other, error: "injected write e F:noop O:err:BlockDevice(InputOutput(Custom { kind: Other, error: "injected write e F:noop O:err:BlockDevice(InputOutput(Custom { kind: Other, error: "injected write e	ok	same	-	[0, 0]	0	0	[0, 0]	0	0	0	0	-	[]	0	12
F9-bad-media-rw-forever	off(today)	OOOFMFOFOFOFOFOFOFOFOFOFOFOFOFOFOFO	O:ok O:ok O:ok F:ok(F=6,reclaimed=18) M:ok F:noop O:ok F:ok(F=7,reclaimed=8) O:ok F:ok(F=8,reclaimed=8) O:ok F:ok(F=9,reclaimed=8) O:err:BlockDevice(InputOutput(Custom { kind: Other, error: "injected write e F:noop O:err:BlockDevice(InputOutput(Custom { kind: Other, error: "injected write e F:noop O:err:BlockDevice(InputOutput(Custom { kind: Other, error: "injected write e F:noop O:err:BlockDevice(InputOutput(Custom { kind: Other, error: "injected write e F:noop O:err:BlockDevice(InputOutput(Custom { kind: Other, error: "injected write e F:noop O:err:BlockDevice(InputOutput(Custom { kind: Other, error: "injected write e F:noop O:err:BlockDevice(InputOutput(Custom { kind: Other, error: "injected write e F:noop O:err:BlockDevice(InputOutput(Custom { kind: Other, error: "injected write e F:noop O:err:BlockDevice(InputOutput(Custom { kind: Other, error: "injected write e F:noop O:err:BlockDevice(InputOutput(Custom { kind: Other, error: "injected write e F:noop O:err:BlockDevice(InputOutput(Custom { kind: Other, error: "injected write e F:noop O:err:BlockDevice(InputOutput(Custom { kind: Other, error: "injected write e	ok	same	-	[0, 0]	0	0	[0, 0]	0	0	0	0	-	[]	0	12
F9-bad-media-rw-forever	off(today)	OOOOMFOFOFOFOFOFOFOFOFOFOFOFOFOFOFO	O:ok O:ok O:ok O:ok M:ok F:ok(F=7,reclaimed=26) O:ok F:ok(F=8,reclaimed=8) O:ok F:ok(F=9,reclaimed=8) O:ok F:ok(F=10,reclaimed=8) O:err:BlockDevice(InputOutput(Custom { kind: Other, error: "injected write e F:noop O:err:BlockDevice(InputOutput(Custom { kind: Other, error: "injected write e F:noop O:err:BlockDevice(InputOutput(Custom { kind: Other, error: "injected write e F:noop O:err:BlockDevice(InputOutput(Custom { kind: Other, error: "injected write e F:noop O:err:BlockDevice(InputOutput(Custom { kind: Other, error: "injected write e F:noop O:err:BlockDevice(InputOutput(Custom { kind: Other, error: "injected write e F:noop O:err:BlockDevice(InputOutput(Custom { kind: Other, error: "injected write e F:noop O:err:BlockDevice(InputOutput(Custom { kind: Other, error: "injected write e F:noop O:err:BlockDevice(InputOutput(Custom { kind: Other, error: "injected write e F:noop O:err:BlockDevice(InputOutput(Custom { kind: Other, error: "injected write e F:noop O:err:BlockDevice(InputOutput(Custom { kind: Other, error: "injected write e F:noop O:err:BlockDevice(InputOutput(Custom { kind: Other, error: "injected write e	ok	same	-	[0, 0]	0	0	[0, 0]	0	0	0	0	-	[]	0	12
F9-bad-media-rw-forever	off(today)	OOMMMFOFOFOFOFOFOFOFOFOFOFOFOFOFOFO	O:ok O:ok M:ok M:ok M:ok F:ok(F=3,reclaimed=1) O:ok F:ok(F=6,reclaimed=17) O:ok F:ok(F=7,reclaimed=8) O:ok F:ok(F=8,reclaimed=8) O:err:BlockDevice(InputOutput(Custom { kind: Other, error: "injected write e F:noop O:err:BlockDevice(InputOutput(Custom { kind: Other, error: "injected write e F:noop O:err:BlockDevice(InputOutput(Custom { kind: Other, error: "injected write e F:noop O:err:BlockDevice(InputOutput(Custom { kind: Other, error: "injected write e F:noop O:err:BlockDevice(InputOutput(Custom { kind: Other, error: "injected write e F:noop O:err:BlockDevice(InputOutput(Custom { kind: Other, error: "injected write e F:noop O:err:BlockDevice(InputOutput(Custom { kind: Other, error: "injected write e F:noop O:err:BlockDevice(InputOutput(Custom { kind: Other, error: "injected write e F:noop O:err:BlockDevice(InputOutput(Custom { kind: Other, error: "injected write e F:noop O:err:BlockDevice(InputOutput(Custom { kind: Other, error: "injected write e F:noop O:err:BlockDevice(InputOutput(Custom { kind: Other, error: "injected write e F:noop O:err:BlockDevice(InputOutput(Custom { kind: Other, error: "injected write e	ok	same	-	[0, 0]	0	0	[0, 0]	0	0	0	0	-	[]	0	12
F9-bad-media-rw-forever	off(today)	FFFMFOFOFOFOFOFOFOFOFOFOFOFOFOFOFO	F:noop F:noop F:noop M:mount-err:Recovery(UnitUnreadable { slot: SlotNumber(50182) }) F:refused(not-writable) O:refused(not-writable) F:refused(not-writable) O:refused(not-writable) F:refused(not-writable) O:refused(not-writable) F:refused(not-writable) O:refused(not-writable) F:refused(not-writable) O:refused(not-writable) F:refused(not-writable) O:refused(not-writable) F:refused(not-writable) O:refused(not-writable) F:refused(not-writable) O:refused(not-writable) F:refused(not-writable) O:refused(not-writable) F:refused(not-writable) O:refused(not-writable) F:refused(not-writable) O:refused(not-writable) F:refused(not-writable) O:refused(not-writable) F:refused(not-writable) O:refused(not-writable) F:refused(not-writable) O:refused(not-writable) F:refused(not-writable) O:refused(not-writable)	mount-err:Recovery(UnitUnreadable { slot: SlotNumber(50182) })	same	-	[0, 0]	0	0	[0, 0]	0	0	0	4	-	[]	0	0
F9-bad-media-rw-forever	off(today)	OOOMMFOFOFOFOFOFOFOFOFOFOFOFOFOFOFO	O:ok O:ok O:ok M:ok M:ok F:ok(F=6,reclaimed=18) O:ok F:ok(F=7,reclaimed=8) O:ok F:ok(F=8,reclaimed=8) O:ok F:ok(F=9,reclaimed=8) O:err:BlockDevice(InputOutput(Custom { kind: Other, error: "injected write e F:noop O:err:BlockDevice(InputOutput(Custom { kind: Other, error: "injected write e F:noop O:err:BlockDevice(InputOutput(Custom { kind: Other, error: "injected write e F:noop O:err:BlockDevice(InputOutput(Custom { kind: Other, error: "injected write e F:noop O:err:BlockDevice(InputOutput(Custom { kind: Other, error: "injected write e F:noop O:err:BlockDevice(InputOutput(Custom { kind: Other, error: "injected write e F:noop O:err:BlockDevice(InputOutput(Custom { kind: Other, error: "injected write e F:noop O:err:BlockDevice(InputOutput(Custom { kind: Other, error: "injected write e F:noop O:err:BlockDevice(InputOutput(Custom { kind: Other, error: "injected write e F:noop O:err:BlockDevice(InputOutput(Custom { kind: Other, error: "injected write e F:noop O:err:BlockDevice(InputOutput(Custom { kind: Other, error: "injected write e F:noop O:err:BlockDevice(InputOutput(Custom { kind: Other, error: "injected write e	ok	same	-	[0, 0]	0	0	[0, 0]	0	0	0	0	-	[]	0	12
F9-bad-media-rw-forever	off(today)	FMFMFOFOFOFOFOFOFOFOFOFOFOFOFOFOFO	F:noop M:mount-err:Recovery(UnitUnreadable { slot: SlotNumber(50182) }) F:refused(not-writable) M:mount-err:Recovery(UnitUnreadable { slot: SlotNumber(50182) }) F:refused(not-writable) O:refused(not-writable) F:refused(not-writable) O:refused(not-writable) F:refused(not-writable) O:refused(not-writable) F:refused(not-writable) O:refused(not-writable) F:refused(not-writable) O:refused(not-writable) F:refused(not-writable) O:refused(not-writable) F:refused(not-writable) O:refused(not-writable) F:refused(not-writable) O:refused(not-writable) F:refused(not-writable) O:refused(not-writable) F:refused(not-writable) O:refused(not-writable) F:refused(not-writable) O:refused(not-writable) F:refused(not-writable) O:refused(not-writable) F:refused(not-writable) O:refused(not-writable) F:refused(not-writable) O:refused(not-writable) F:refused(not-writable) O:refused(not-writable)	mount-err:Recovery(UnitUnreadable { slot: SlotNumber(50182) })	same	-	[0, 0]	0	0	[0, 0]	0	0	0	6	-	[]	0	0
F9-bad-media-rw-forever	off(today)	FFMMFOFOFOFOFOFOFOFOFOFOFOFOFOFOFO	F:noop F:noop M:mount-err:Recovery(UnitUnreadable { slot: SlotNumber(50182) }) M:mount-err:Recovery(UnitUnreadable { slot: SlotNumber(50182) }) F:refused(not-writable) O:refused(not-writable) F:refused(not-writable) O:refused(not-writable) F:refused(not-writable) O:refused(not-writable) F:refused(not-writable) O:refused(not-writable) F:refused(not-writable) O:refused(not-writable) F:refused(not-writable) O:refused(not-writable) F:refused(not-writable) O:refused(not-writable) F:refused(not-writable) O:refused(not-writable) F:refused(not-writable) O:refused(not-writable) F:refused(not-writable) O:refused(not-writable) F:refused(not-writable) O:refused(not-writable) F:refused(not-writable) O:refused(not-writable) F:refused(not-writable) O:refused(not-writable) F:refused(not-writable) O:refused(not-writable) F:refused(not-writable) O:refused(not-writable)	mount-err:Recovery(UnitUnreadable { slot: SlotNumber(50182) })	same	-	[0, 0]	0	0	[0, 0]	0	0	0	6	-	[]	0	0
F9-bad-media-rw-forever	off(today)	FMOMFOFOFOFOFOFOFOFOFOFOFOFOFOFOFO	F:noop M:mount-err:Recovery(UnitUnreadable { slot: SlotNumber(50182) }) O:refused(not-writable) M:mount-err:Recovery(UnitUnreadable { slot: SlotNumber(50182) }) F:refused(not-writable) O:refused(not-writable) F:refused(not-writable) O:refused(not-writable) F:refused(not-writable) O:refused(not-writable) F:refused(not-writable) O:refused(not-writable) F:refused(not-writable) O:refused(not-writable) F:refused(not-writable) O:refused(not-writable) F:refused(not-writable) O:refused(not-writable) F:refused(not-writable) O:refused(not-writable) F:refused(not-writable) O:refused(not-writable) F:refused(not-writable) O:refused(not-writable) F:refused(not-writable) O:refused(not-writable) F:refused(not-writable) O:refused(not-writable) F:refused(not-writable) O:refused(not-writable) F:refused(not-writable) O:refused(not-writable) F:refused(not-writable) O:refused(not-writable)	mount-err:Recovery(UnitUnreadable { slot: SlotNumber(50182) })	same	-	[0, 0]	0	0	[0, 0]	0	0	0	6	-	[]	0	0
F9-bad-media-rw-forever	off(today)	FMMMFOFOFOFOFOFOFOFOFOFOFOFOFOFOFO	F:noop M:mount-err:Recovery(UnitUnreadable { slot: SlotNumber(50182) }) M:mount-err:Recovery(UnitUnreadable { slot: SlotNumber(50182) }) M:mount-err:Recovery(UnitUnreadable { slot: SlotNumber(50182) }) F:refused(not-writable) O:refused(not-writable) F:refused(not-writable) O:refused(not-writable) F:refused(not-writable) O:refused(not-writable) F:refused(not-writable) O:refused(not-writable) F:refused(not-writable) O:refused(not-writable) F:refused(not-writable) O:refused(not-writable) F:refused(not-writable) O:refused(not-writable) F:refused(not-writable) O:refused(not-writable) F:refused(not-writable) O:refused(not-writable) F:refused(not-writable) O:refused(not-writable) F:refused(not-writable) O:refused(not-writable) F:refused(not-writable) O:refused(not-writable) F:refused(not-writable) O:refused(not-writable) F:refused(not-writable) O:refused(not-writable) F:refused(not-writable) O:refused(not-writable)	mount-err:Recovery(UnitUnreadable { slot: SlotNumber(50182) })	same	-	[0, 0]	0	0	[0, 0]	0	0	0	8	-	[]	0	0
F9-bad-media-rw-forever	off(today)	FFOMFOFOFOFOFOFOFOFOFOFOFOFOFOFOFO	F:noop F:noop O:ok M:ok F:noop O:ok F:ok(F=3,reclaimed=1) O:ok F:ok(F=6,reclaimed=17) O:ok F:ok(F=7,reclaimed=8) O:ok F:ok(F=11,reclaimed=21) O:err:BlockDevice(InputOutput(Custom { kind: Other, error: "injected write e F:noop O:err:BlockDevice(InputOutput(Custom { kind: Other, error: "injected write e F:noop O:err:BlockDevice(InputOutput(Custom { kind: Other, error: "injected write e F:noop O:err:BlockDevice(InputOutput(Custom { kind: Other, error: "injected write e F:noop O:err:BlockDevice(InputOutput(Custom { kind: Other, error: "injected write e F:noop O:err:BlockDevice(InputOutput(Custom { kind: Other, error: "injected write e F:noop O:err:BlockDevice(InputOutput(Custom { kind: Other, error: "injected write e F:noop O:err:BlockDevice(InputOutput(Custom { kind: Other, error: "injected write e F:noop O:err:BlockDevice(InputOutput(Custom { kind: Other, error: "injected write e F:noop O:err:BlockDevice(InputOutput(Custom { kind: Other, error: "injected write e F:noop O:err:BlockDevice(InputOutput(Custom { kind: Other, error: "injected write e	ok	same	-	[0, 0]	0	0	[0, 0]	0	0	0	0	-	[]	0	11
F9-bad-media-rw-forever	off(today)	MFMMFOFOFOFOFOFOFOFOFOFOFOFOFOFOFO	M:mount-err:Recovery(UnitUnreadable { slot: SlotNumber(50182) }) F:refused(not-writable) M:mount-err:Recovery(UnitUnreadable { slot: SlotNumber(50182) }) M:mount-err:Recovery(UnitUnreadable { slot: SlotNumber(50182) }) F:refused(not-writable) O:refused(not-writable) F:refused(not-writable) O:refused(not-writable) F:refused(not-writable) O:refused(not-writable) F:refused(not-writable) O:refused(not-writable) F:refused(not-writable) O:refused(not-writable) F:refused(not-writable) O:refused(not-writable) F:refused(not-writable) O:refused(not-writable) F:refused(not-writable) O:refused(not-writable) F:refused(not-writable) O:refused(not-writable) F:refused(not-writable) O:refused(not-writable) F:refused(not-writable) O:refused(not-writable) F:refused(not-writable) O:refused(not-writable) F:refused(not-writable) O:refused(not-writable) F:refused(not-writable) O:refused(not-writable) F:refused(not-writable) O:refused(not-writable)	mount-err:Recovery(UnitUnreadable { slot: SlotNumber(50182) })	same	-	[0, 0]	0	0	[0, 0]	0	0	0	8	-	[]	0	0
F9-bad-media-rw-forever	off(today)	MFFMFOFOFOFOFOFOFOFOFOFOFOFOFOFOFO	M:mount-err:Recovery(UnitUnreadable { slot: SlotNumber(50182) }) F:refused(not-writable) F:refused(not-writable) M:mount-err:Recovery(UnitUnreadable { slot: SlotNumber(50182) }) F:refused(not-writable) O:refused(not-writable) F:refused(not-writable) O:refused(not-writable) F:refused(not-writable) O:refused(not-writable) F:refused(not-writable) O:refused(not-writable) F:refused(not-writable) O:refused(not-writable) F:refused(not-writable) O:refused(not-writable) F:refused(not-writable) O:refused(not-writable) F:refused(not-writable) O:refused(not-writable) F:refused(not-writable) O:refused(not-writable) F:refused(not-writable) O:refused(not-writable) F:refused(not-writable) O:refused(not-writable) F:refused(not-writable) O:refused(not-writable) F:refused(not-writable) O:refused(not-writable) F:refused(not-writable) O:refused(not-writable) F:refused(not-writable) O:refused(not-writable)	mount-err:Recovery(UnitUnreadable { slot: SlotNumber(50182) })	same	-	[0, 0]	0	0	[0, 0]	0	0	0	6	-	[]	0	0
F9-bad-media-rw-forever	off(today)	FOFMFOFOFOFOFOFOFOFOFOFOFOFOFOFOFO	F:noop O:ok F:noop M:ok F:noop O:ok F:ok(F=3,reclaimed=1) O:ok F:ok(F=6,reclaimed=17) O:ok F:ok(F=7,reclaimed=8) O:ok F:ok(F=11,reclaimed=21) O:err:BlockDevice(InputOutput(Custom { kind: Other, error: "injected write e F:noop O:err:BlockDevice(InputOutput(Custom { kind: Other, error: "injected write e F:noop O:err:BlockDevice(InputOutput(Custom { kind: Other, error: "injected write e F:noop O:err:BlockDevice(InputOutput(Custom { kind: Other, error: "injected write e F:noop O:err:BlockDevice(InputOutput(Custom { kind: Other, error: "injected write e F:noop O:err:BlockDevice(InputOutput(Custom { kind: Other, error: "injected write e F:noop O:err:BlockDevice(InputOutput(Custom { kind: Other, error: "injected write e F:noop O:err:BlockDevice(InputOutput(Custom { kind: Other, error: "injected write e F:noop O:err:BlockDevice(InputOutput(Custom { kind: Other, error: "injected write e F:noop O:err:BlockDevice(InputOutput(Custom { kind: Other, error: "injected write e F:noop O:err:BlockDevice(InputOutput(Custom { kind: Other, error: "injected write e	ok	same	-	[0, 0]	0	0	[0, 0]	0	0	0	0	-	[]	0	11
F9-bad-media-rw-forever	off(today)	FOOMFOFOFOFOFOFOFOFOFOFOFOFOFOFOFO	F:noop O:ok O:ok M:ok F:ok(F=3,reclaimed=1) O:ok F:ok(F=6,reclaimed=17) O:ok F:ok(F=7,reclaimed=8) O:ok F:ok(F=8,reclaimed=8) O:err:BlockDevice(InputOutput(Custom { kind: Other, error: "injected write e F:noop O:err:BlockDevice(InputOutput(Custom { kind: Other, error: "injected write e F:noop O:err:BlockDevice(InputOutput(Custom { kind: Other, error: "injected write e F:noop O:err:BlockDevice(InputOutput(Custom { kind: Other, error: "injected write e F:noop O:err:BlockDevice(InputOutput(Custom { kind: Other, error: "injected write e F:noop O:err:BlockDevice(InputOutput(Custom { kind: Other, error: "injected write e F:noop O:err:BlockDevice(InputOutput(Custom { kind: Other, error: "injected write e F:noop O:err:BlockDevice(InputOutput(Custom { kind: Other, error: "injected write e F:noop O:err:BlockDevice(InputOutput(Custom { kind: Other, error: "injected write e F:noop O:err:BlockDevice(InputOutput(Custom { kind: Other, error: "injected write e F:noop O:err:BlockDevice(InputOutput(Custom { kind: Other, error: "injected write e F:noop O:err:BlockDevice(InputOutput(Custom { kind: Other, error: "injected write e	ok	same	-	[0, 0]	0	0	[0, 0]	0	0	0	0	-	[]	0	12
F9-bad-media-rw-forever	off(today)	FOMMFOFOFOFOFOFOFOFOFOFOFOFOFOFOFO	F:noop O:ok M:ok M:ok F:noop O:ok F:ok(F=3,reclaimed=1) O:ok F:ok(F=6,reclaimed=17) O:ok F:ok(F=7,reclaimed=8) O:ok F:ok(F=14,reclaimed=34) O:err:BlockDevice(InputOutput(Custom { kind: Other, error: "injected write e F:noop O:err:BlockDevice(InputOutput(Custom { kind: Other, error: "injected write e F:noop O:err:BlockDevice(InputOutput(Custom { kind: Other, error: "injected write e F:noop O:err:BlockDevice(InputOutput(Custom { kind: Other, error: "injected write e F:noop O:err:BlockDevice(InputOutput(Custom { kind: Other, error: "injected write e F:noop O:err:BlockDevice(InputOutput(Custom { kind: Other, error: "injected write e F:noop O:err:BlockDevice(InputOutput(Custom { kind: Other, error: "injected write e F:noop O:err:BlockDevice(InputOutput(Custom { kind: Other, error: "injected write e F:noop O:err:BlockDevice(InputOutput(Custom { kind: Other, error: "injected write e F:noop O:err:BlockDevice(InputOutput(Custom { kind: Other, error: "injected write e F:noop O:err:BlockDevice(InputOutput(Custom { kind: Other, error: "injected write e	ok	same	-	[0, 0]	0	0	[0, 0]	0	0	0	0	-	[]	0	11
F9-bad-media-rw-forever	off(today)	MFOMFOFOFOFOFOFOFOFOFOFOFOFOFOFOFO	M:mount-err:Recovery(UnitUnreadable { slot: SlotNumber(50182) }) F:refused(not-writable) O:refused(not-writable) M:mount-err:Recovery(UnitUnreadable { slot: SlotNumber(50182) }) F:refused(not-writable) O:refused(not-writable) F:refused(not-writable) O:refused(not-writable) F:refused(not-writable) O:refused(not-writable) F:refused(not-writable) O:refused(not-writable) F:refused(not-writable) O:refused(not-writable) F:refused(not-writable) O:refused(not-writable) F:refused(not-writable) O:refused(not-writable) F:refused(not-writable) O:refused(not-writable) F:refused(not-writable) O:refused(not-writable) F:refused(not-writable) O:refused(not-writable) F:refused(not-writable) O:refused(not-writable) F:refused(not-writable) O:refused(not-writable) F:refused(not-writable) O:refused(not-writable) F:refused(not-writable) O:refused(not-writable) F:refused(not-writable) O:refused(not-writable)	mount-err:Recovery(UnitUnreadable { slot: SlotNumber(50182) })	same	-	[0, 0]	0	0	[0, 0]	0	0	0	6	-	[]	0	0
F9-bad-media-rw-forever	off(today)	MMOMFOFOFOFOFOFOFOFOFOFOFOFOFOFOFO	M:mount-err:Recovery(UnitUnreadable { slot: SlotNumber(50182) }) M:mount-err:Recovery(UnitUnreadable { slot: SlotNumber(50182) }) O:refused(not-writable) M:mount-err:Recovery(UnitUnreadable { slot: SlotNumber(50182) }) F:refused(not-writable) O:refused(not-writable) F:refused(not-writable) O:refused(not-writable) F:refused(not-writable) O:refused(not-writable) F:refused(not-writable) O:refused(not-writable) F:refused(not-writable) O:refused(not-writable) F:refused(not-writable) O:refused(not-writable) F:refused(not-writable) O:refused(not-writable) F:refused(not-writable) O:refused(not-writable) F:refused(not-writable) O:refused(not-writable) F:refused(not-writable) O:refused(not-writable) F:refused(not-writable) O:refused(not-writable) F:refused(not-writable) O:refused(not-writable) F:refused(not-writable) O:refused(not-writable) F:refused(not-writable) O:refused(not-writable) F:refused(not-writable) O:refused(not-writable)	mount-err:Recovery(UnitUnreadable { slot: SlotNumber(50182) })	same	-	[0, 0]	0	0	[0, 0]	0	0	0	8	-	[]	0	0
F9-bad-media-rw-forever	off(today)	MMFMFOFOFOFOFOFOFOFOFOFOFOFOFOFOFO	M:mount-err:Recovery(UnitUnreadable { slot: SlotNumber(50182) }) M:mount-err:Recovery(UnitUnreadable { slot: SlotNumber(50182) }) F:refused(not-writable) M:mount-err:Recovery(UnitUnreadable { slot: SlotNumber(50182) }) F:refused(not-writable) O:refused(not-writable) F:refused(not-writable) O:refused(not-writable) F:refused(not-writable) O:refused(not-writable) F:refused(not-writable) O:refused(not-writable) F:refused(not-writable) O:refused(not-writable) F:refused(not-writable) O:refused(not-writable) F:refused(not-writable) O:refused(not-writable) F:refused(not-writable) O:refused(not-writable) F:refused(not-writable) O:refused(not-writable) F:refused(not-writable) O:refused(not-writable) F:refused(not-writable) O:refused(not-writable) F:refused(not-writable) O:refused(not-writable) F:refused(not-writable) O:refused(not-writable) F:refused(not-writable) O:refused(not-writable) F:refused(not-writable) O:refused(not-writable)	mount-err:Recovery(UnitUnreadable { slot: SlotNumber(50182) })	same	-	[0, 0]	0	0	[0, 0]	0	0	0	8	-	[]	0	0
F9-bad-media-rw-forever	off(today)	MOFMFOFOFOFOFOFOFOFOFOFOFOFOFOFOFO	M:mount-err:Recovery(UnitUnreadable { slot: SlotNumber(50182) }) O:refused(not-writable) F:refused(not-writable) M:mount-err:Recovery(UnitUnreadable { slot: SlotNumber(50182) }) F:refused(not-writable) O:refused(not-writable) F:refused(not-writable) O:refused(not-writable) F:refused(not-writable) O:refused(not-writable) F:refused(not-writable) O:refused(not-writable) F:refused(not-writable) O:refused(not-writable) F:refused(not-writable) O:refused(not-writable) F:refused(not-writable) O:refused(not-writable) F:refused(not-writable) O:refused(not-writable) F:refused(not-writable) O:refused(not-writable) F:refused(not-writable) O:refused(not-writable) F:refused(not-writable) O:refused(not-writable) F:refused(not-writable) O:refused(not-writable) F:refused(not-writable) O:refused(not-writable) F:refused(not-writable) O:refused(not-writable) F:refused(not-writable) O:refused(not-writable)	mount-err:Recovery(UnitUnreadable { slot: SlotNumber(50182) })	same	-	[0, 0]	0	0	[0, 0]	0	0	0	6	-	[]	0	0
F9-bad-media-rw-forever	off(today)	MMMMFOFOFOFOFOFOFOFOFOFOFOFOFOFOFO	M:mount-err:Recovery(UnitUnreadable { slot: SlotNumber(50182) }) M:mount-err:Recovery(UnitUnreadable { slot: SlotNumber(50182) }) M:mount-err:Recovery(UnitUnreadable { slot: SlotNumber(50182) }) M:mount-err:Recovery(UnitUnreadable { slot: SlotNumber(50182) }) F:refused(not-writable) O:refused(not-writable) F:refused(not-writable) O:refused(not-writable) F:refused(not-writable) O:refused(not-writable) F:refused(not-writable) O:refused(not-writable) F:refused(not-writable) O:refused(not-writable) F:refused(not-writable) O:refused(not-writable) F:refused(not-writable) O:refused(not-writable) F:refused(not-writable) O:refused(not-writable) F:refused(not-writable) O:refused(not-writable) F:refused(not-writable) O:refused(not-writable) F:refused(not-writable) O:refused(not-writable) F:refused(not-writable) O:refused(not-writable) F:refused(not-writable) O:refused(not-writable) F:refused(not-writable) O:refused(not-writable) F:refused(not-writable) O:refused(not-writable)	mount-err:Recovery(UnitUnreadable { slot: SlotNumber(50182) })	same	-	[0, 0]	0	0	[0, 0]	0	0	0	10	-	[]	0	0
F9-bad-media-rw-forever	off(today)	MOOMFOFOFOFOFOFOFOFOFOFOFOFOFOFOFO	M:mount-err:Recovery(UnitUnreadable { slot: SlotNumber(50182) }) O:refused(not-writable) O:refused(not-writable) M:mount-err:Recovery(UnitUnreadable { slot: SlotNumber(50182) }) F:refused(not-writable) O:refused(not-writable) F:refused(not-writable) O:refused(not-writable) F:refused(not-writable) O:refused(not-writable) F:refused(not-writable) O:refused(not-writable) F:refused(not-writable) O:refused(not-writable) F:refused(not-writable) O:refused(not-writable) F:refused(not-writable) O:refused(not-writable) F:refused(not-writable) O:refused(not-writable) F:refused(not-writable) O:refused(not-writable) F:refused(not-writable) O:refused(not-writable) F:refused(not-writable) O:refused(not-writable) F:refused(not-writable) O:refused(not-writable) F:refused(not-writable) O:refused(not-writable) F:refused(not-writable) O:refused(not-writable) F:refused(not-writable) O:refused(not-writable)	mount-err:Recovery(UnitUnreadable { slot: SlotNumber(50182) })	same	-	[0, 0]	0	0	[0, 0]	0	0	0	6	-	[]	0	0
F9-bad-media-rw-forever	off(today)	MOMMFOFOFOFOFOFOFOFOFOFOFOFOFOFOFO	M:mount-err:Recovery(UnitUnreadable { slot: SlotNumber(50182) }) O:refused(not-writable) M:mount-err:Recovery(UnitUnreadable { slot: SlotNumber(50182) }) M:mount-err:Recovery(UnitUnreadable { slot: SlotNumber(50182) }) F:refused(not-writable) O:refused(not-writable) F:refused(not-writable) O:refused(not-writable) F:refused(not-writable) O:refused(not-writable) F:refused(not-writable) O:refused(not-writable) F:refused(not-writable) O:refused(not-writable) F:refused(not-writable) O:refused(not-writable) F:refused(not-writable) O:refused(not-writable) F:refused(not-writable) O:refused(not-writable) F:refused(not-writable) O:refused(not-writable) F:refused(not-writable) O:refused(not-writable) F:refused(not-writable) O:refused(not-writable) F:refused(not-writable) O:refused(not-writable) F:refused(not-writable) O:refused(not-writable) F:refused(not-writable) O:refused(not-writable) F:refused(not-writable) O:refused(not-writable)	mount-err:Recovery(UnitUnreadable { slot: SlotNumber(50182) })	same	-	[0, 0]	0	0	[0, 0]	0	0	0	8	-	[]	0	0
F9-bad-media-rw-forever	off(today)	OFFMFOFOFOFOFOFOFOFOFOFOFOFOFOFOFO	O:ok F:noop F:noop M:ok F:noop O:ok F:ok(F=3,reclaimed=1) O:ok F:ok(F=6,reclaimed=17) O:ok F:ok(F=7,reclaimed=8) O:ok F:ok(F=11,reclaimed=21) O:err:BlockDevice(InputOutput(Custom { kind: Other, error: "injected write e F:noop O:err:BlockDevice(InputOutput(Custom { kind: Other, error: "injected write e F:noop O:err:BlockDevice(InputOutput(Custom { kind: Other, error: "injected write e F:noop O:err:BlockDevice(InputOutput(Custom { kind: Other, error: "injected write e F:noop O:err:BlockDevice(InputOutput(Custom { kind: Other, error: "injected write e F:noop O:err:BlockDevice(InputOutput(Custom { kind: Other, error: "injected write e F:noop O:err:BlockDevice(InputOutput(Custom { kind: Other, error: "injected write e F:noop O:err:BlockDevice(InputOutput(Custom { kind: Other, error: "injected write e F:noop O:err:BlockDevice(InputOutput(Custom { kind: Other, error: "injected write e F:noop O:err:BlockDevice(InputOutput(Custom { kind: Other, error: "injected write e F:noop O:err:BlockDevice(InputOutput(Custom { kind: Other, error: "injected write e	ok	same	-	[0, 0]	0	0	[0, 0]	0	0	0	0	-	[]	0	11
F9-bad-media-rw-forever	off(today)	OFOMFOFOFOFOFOFOFOFOFOFOFOFOFOFOFO	O:ok F:noop O:ok M:ok F:ok(F=3,reclaimed=1) O:ok F:ok(F=6,reclaimed=17) O:ok F:ok(F=7,reclaimed=8) O:ok F:ok(F=8,reclaimed=8) O:err:BlockDevice(InputOutput(Custom { kind: Other, error: "injected write e F:noop O:err:BlockDevice(InputOutput(Custom { kind: Other, error: "injected write e F:noop O:err:BlockDevice(InputOutput(Custom { kind: Other, error: "injected write e F:noop O:err:BlockDevice(InputOutput(Custom { kind: Other, error: "injected write e F:noop O:err:BlockDevice(InputOutput(Custom { kind: Other, error: "injected write e F:noop O:err:BlockDevice(InputOutput(Custom { kind: Other, error: "injected write e F:noop O:err:BlockDevice(InputOutput(Custom { kind: Other, error: "injected write e F:noop O:err:BlockDevice(InputOutput(Custom { kind: Other, error: "injected write e F:noop O:err:BlockDevice(InputOutput(Custom { kind: Other, error: "injected write e F:noop O:err:BlockDevice(InputOutput(Custom { kind: Other, error: "injected write e F:noop O:err:BlockDevice(InputOutput(Custom { kind: Other, error: "injected write e F:noop O:err:BlockDevice(InputOutput(Custom { kind: Other, error: "injected write e	ok	same	-	[0, 0]	0	0	[0, 0]	0	0	0	0	-	[]	0	12
F9-bad-media-rw-forever	off(today)	OFMMFOFOFOFOFOFOFOFOFOFOFOFOFOFOFO	O:ok F:noop M:ok M:ok F:noop O:ok F:ok(F=3,reclaimed=1) O:ok F:ok(F=6,reclaimed=17) O:ok F:ok(F=7,reclaimed=8) O:ok F:ok(F=14,reclaimed=34) O:err:BlockDevice(InputOutput(Custom { kind: Other, error: "injected write e F:noop O:err:BlockDevice(InputOutput(Custom { kind: Other, error: "injected write e F:noop O:err:BlockDevice(InputOutput(Custom { kind: Other, error: "injected write e F:noop O:err:BlockDevice(InputOutput(Custom { kind: Other, error: "injected write e F:noop O:err:BlockDevice(InputOutput(Custom { kind: Other, error: "injected write e F:noop O:err:BlockDevice(InputOutput(Custom { kind: Other, error: "injected write e F:noop O:err:BlockDevice(InputOutput(Custom { kind: Other, error: "injected write e F:noop O:err:BlockDevice(InputOutput(Custom { kind: Other, error: "injected write e F:noop O:err:BlockDevice(InputOutput(Custom { kind: Other, error: "injected write e F:noop O:err:BlockDevice(InputOutput(Custom { kind: Other, error: "injected write e F:noop O:err:BlockDevice(InputOutput(Custom { kind: Other, error: "injected write e	ok	same	-	[0, 0]	0	0	[0, 0]	0	0	0	0	-	[]	0	11
F9-bad-media-rw-forever	off(today)	OOFMFOFOFOFOFOFOFOFOFOFOFOFOFOFOFO	O:ok O:ok F:ok(F=3,reclaimed=1) M:ok F:noop O:ok F:ok(F=6,reclaimed=17) O:ok F:ok(F=7,reclaimed=8) O:ok F:ok(F=8,reclaimed=8) O:err:BlockDevice(InputOutput(Custom { kind: Other, error: "injected write e F:noop O:err:BlockDevice(InputOutput(Custom { kind: Other, error: "injected write e F:noop O:err:BlockDevice(InputOutput(Custom { kind: Other, error: "injected write e F:noop O:err:BlockDevice(InputOutput(Custom { kind: Other, error: "injected write e F:noop O:err:BlockDevice(InputOutput(Custom { kind: Other, error: "injected write e F:noop O:err:BlockDevice(InputOutput(Custom { kind: Other, error: "injected write e F:noop O:err:BlockDevice(InputOutput(Custom { kind: Other, error: "injected write e F:noop O:err:BlockDevice(InputOutput(Custom { kind: Other, error: "injected write e F:noop O:err:BlockDevice(InputOutput(Custom { kind: Other, error: "injected write e F:noop O:err:BlockDevice(InputOutput(Custom { kind: Other, error: "injected write e F:noop O:err:BlockDevice(InputOutput(Custom { kind: Other, error: "injected write e F:noop O:err:BlockDevice(InputOutput(Custom { kind: Other, error: "injected write e	ok	same	-	[0, 0]	0	0	[0, 0]	0	0	0	0	-	[]	0	12
F9-bad-media-rw-forever	off(today)	OMFMFOFOFOFOFOFOFOFOFOFOFOFOFOFOFO	O:ok M:ok F:noop M:ok F:noop O:ok F:ok(F=3,reclaimed=1) O:ok F:ok(F=6,reclaimed=17) O:ok F:ok(F=7,reclaimed=8) O:ok F:ok(F=14,reclaimed=34) O:err:BlockDevice(InputOutput(Custom { kind: Other, error: "injected write e F:noop O:err:BlockDevice(InputOutput(Custom { kind: Other, error: "injected write e F:noop O:err:BlockDevice(InputOutput(Custom { kind: Other, error: "injected write e F:noop O:err:BlockDevice(InputOutput(Custom { kind: Other, error: "injected write e F:noop O:err:BlockDevice(InputOutput(Custom { kind: Other, error: "injected write e F:noop O:err:BlockDevice(InputOutput(Custom { kind: Other, error: "injected write e F:noop O:err:BlockDevice(InputOutput(Custom { kind: Other, error: "injected write e F:noop O:err:BlockDevice(InputOutput(Custom { kind: Other, error: "injected write e F:noop O:err:BlockDevice(InputOutput(Custom { kind: Other, error: "injected write e F:noop O:err:BlockDevice(InputOutput(Custom { kind: Other, error: "injected write e F:noop O:err:BlockDevice(InputOutput(Custom { kind: Other, error: "injected write e	ok	same	-	[0, 0]	0	0	[0, 0]	0	0	0	0	-	[]	0	11
F9-bad-media-rw-forever	off(today)	OOOMFOFOFOFOFOFOFOFOFOFOFOFOFOFOFO	O:ok O:ok O:ok M:ok F:ok(F=6,reclaimed=18) O:ok F:ok(F=7,reclaimed=8) O:ok F:ok(F=8,reclaimed=8) O:ok F:ok(F=9,reclaimed=8) O:err:BlockDevice(InputOutput(Custom { kind: Other, error: "injected write e F:noop O:err:BlockDevice(InputOutput(Custom { kind: Other, error: "injected write e F:noop O:err:BlockDevice(InputOutput(Custom { kind: Other, error: "injected write e F:noop O:err:BlockDevice(InputOutput(Custom { kind: Other, error: "injected write e F:noop O:err:BlockDevice(InputOutput(Custom { kind: Other, error: "injected write e F:noop O:err:BlockDevice(InputOutput(Custom { kind: Other, error: "injected write e F:noop O:err:BlockDevice(InputOutput(Custom { kind: Other, error: "injected write e F:noop O:err:BlockDevice(InputOutput(Custom { kind: Other, error: "injected write e F:noop O:err:BlockDevice(InputOutput(Custom { kind: Other, error: "injected write e F:noop O:err:BlockDevice(InputOutput(Custom { kind: Other, error: "injected write e F:noop O:err:BlockDevice(InputOutput(Custom { kind: Other, error: "injected write e F:noop O:err:BlockDevice(InputOutput(Custom { kind: Other, error: "injected write e	ok	same	-	[0, 0]	0	0	[0, 0]	0	0	0	0	-	[]	0	12
F9-bad-media-rw-forever	off(today)	FFMFOFOFOFOFOFOFOFOFOFOFOFOFOFOFO	F:noop F:noop M:mount-err:Recovery(UnitUnreadable { slot: SlotNumber(50182) }) F:refused(not-writable) O:refused(not-writable) F:refused(not-writable) O:refused(not-writable) F:refused(not-writable) O:refused(not-writable) F:refused(not-writable) O:refused(not-writable) F:refused(not-writable) O:refused(not-writable) F:refused(not-writable) O:refused(not-writable) F:refused(not-writable) O:refused(not-writable) F:refused(not-writable) O:refused(not-writable) F:refused(not-writable) O:refused(not-writable) F:refused(not-writable) O:refused(not-writable) F:refused(not-writable) O:refused(not-writable) F:refused(not-writable) O:refused(not-writable) F:refused(not-writable) O:refused(not-writable) F:refused(not-writable) O:refused(not-writable) F:refused(not-writable) O:refused(not-writable)	mount-err:Recovery(UnitUnreadable { slot: SlotNumber(50182) })	same	-	[0, 0]	0	0	[0, 0]	0	0	0	4	-	[]	0	0
F9-bad-media-rw-forever	off(today)	OMOMFOFOFOFOFOFOFOFOFOFOFOFOFOFOFO	O:ok M:ok O:ok M:ok F:ok(F=3,reclaimed=1) O:ok F:ok(F=6,reclaimed=17) O:ok F:ok(F=7,reclaimed=8) O:ok F:ok(F=11,reclaimed=21) O:err:BlockDevice(InputOutput(Custom { kind: Other, error: "injected write e F:noop O:err:BlockDevice(InputOutput(Custom { kind: Other, error: "injected write e F:noop O:err:BlockDevice(InputOutput(Custom { kind: Other, error: "injected write e F:noop O:err:BlockDevice(InputOutput(Custom { kind: Other, error: "injected write e F:noop O:err:BlockDevice(InputOutput(Custom { kind: Other, error: "injected write e F:noop O:err:BlockDevice(InputOutput(Custom { kind: Other, error: "injected write e F:noop O:err:BlockDevice(InputOutput(Custom { kind: Other, error: "injected write e F:noop O:err:BlockDevice(InputOutput(Custom { kind: Other, error: "injected write e F:noop O:err:BlockDevice(InputOutput(Custom { kind: Other, error: "injected write e F:noop O:err:BlockDevice(InputOutput(Custom { kind: Other, error: "injected write e F:noop O:err:BlockDevice(InputOutput(Custom { kind: Other, error: "injected write e F:noop O:err:BlockDevice(InputOutput(Custom { kind: Other, error: "injected write e	ok	same	-	[0, 0]	0	0	[0, 0]	0	0	0	0	-	[]	0	12
F9-bad-media-rw-forever	off(today)	FMMFOFOFOFOFOFOFOFOFOFOFOFOFOFOFO	F:noop M:mount-err:Recovery(UnitUnreadable { slot: SlotNumber(50182) }) M:mount-err:Recovery(UnitUnreadable { slot: SlotNumber(50182) }) F:refused(not-writable) O:refused(not-writable) F:refused(not-writable) O:refused(not-writable) F:refused(not-writable) O:refused(not-writable) F:refused(not-writable) O:refused(not-writable) F:refused(not-writable) O:refused(not-writable) F:refused(not-writable) O:refused(not-writable) F:refused(not-writable) O:refused(not-writable) F:refused(not-writable) O:refused(not-writable) F:refused(not-writable) O:refused(not-writable) F:refused(not-writable) O:refused(not-writable) F:refused(not-writable) O:refused(not-writable) F:refused(not-writable) O:refused(not-writable) F:refused(not-writable) O:refused(not-writable) F:refused(not-writable) O:refused(not-writable) F:refused(not-writable) O:refused(not-writable)	mount-err:Recovery(UnitUnreadable { slot: SlotNumber(50182) })	same	-	[0, 0]	0	0	[0, 0]	0	0	0	6	-	[]	0	0
F9-bad-media-rw-forever	off(today)	OMMMFOFOFOFOFOFOFOFOFOFOFOFOFOFOFO	O:ok M:ok M:ok M:ok F:noop O:ok F:ok(F=3,reclaimed=1) O:ok F:ok(F=6,reclaimed=17) O:ok F:ok(F=7,reclaimed=8) O:ok F:ok(F=17,reclaimed=47) O:err:BlockDevice(InputOutput(Custom { kind: Other, error: "injected write e F:noop O:err:BlockDevice(InputOutput(Custom { kind: Other, error: "injected write e F:noop O:err:BlockDevice(InputOutput(Custom { kind: Other, error: "injected write e F:noop O:err:BlockDevice(InputOutput(Custom { kind: Other, error: "injected write e F:noop O:err:BlockDevice(InputOutput(Custom { kind: Other, error: "injected write e F:noop O:err:BlockDevice(InputOutput(Custom { kind: Other, error: "injected write e F:noop O:err:BlockDevice(InputOutput(Custom { kind: Other, error: "injected write e F:noop O:err:BlockDevice(InputOutput(Custom { kind: Other, error: "injected write e F:noop O:err:BlockDevice(InputOutput(Custom { kind: Other, error: "injected write e F:noop O:err:BlockDevice(InputOutput(Custom { kind: Other, error: "injected write e F:noop O:err:BlockDevice(InputOutput(Custom { kind: Other, error: "injected write e	ok	same	-	[0, 0]	0	0	[0, 0]	0	0	0	0	-	[]	0	11
F9-bad-media-rw-forever	off(today)	OOMMFOFOFOFOFOFOFOFOFOFOFOFOFOFOFO	O:ok O:ok M:ok M:ok F:ok(F=3,reclaimed=1) O:ok F:ok(F=6,reclaimed=17) O:ok F:ok(F=7,reclaimed=8) O:ok F:ok(F=8,reclaimed=8) O:err:BlockDevice(InputOutput(Custom { kind: Other, error: "injected write e F:noop O:err:BlockDevice(InputOutput(Custom { kind: Other, error: "injected write e F:noop O:err:BlockDevice(InputOutput(Custom { kind: Other, error: "injected write e F:noop O:err:BlockDevice(InputOutput(Custom { kind: Other, error: "injected write e F:noop O:err:BlockDevice(InputOutput(Custom { kind: Other, error: "injected write e F:noop O:err:BlockDevice(InputOutput(Custom { kind: Other, error: "injected write e F:noop O:err:BlockDevice(InputOutput(Custom { kind: Other, error: "injected write e F:noop O:err:BlockDevice(InputOutput(Custom { kind: Other, error: "injected write e F:noop O:err:BlockDevice(InputOutput(Custom { kind: Other, error: "injected write e F:noop O:err:BlockDevice(InputOutput(Custom { kind: Other, error: "injected write e F:noop O:err:BlockDevice(InputOutput(Custom { kind: Other, error: "injected write e F:noop O:err:BlockDevice(InputOutput(Custom { kind: Other, error: "injected write e	ok	same	-	[0, 0]	0	0	[0, 0]	0	0	0	0	-	[]	0	12
F9-bad-media-rw-forever	off(today)	MOMFOFOFOFOFOFOFOFOFOFOFOFOFOFOFO	M:mount-err:Recovery(UnitUnreadable { slot: SlotNumber(50182) }) O:refused(not-writable) M:mount-err:Recovery(UnitUnreadable { slot: SlotNumber(50182) }) F:refused(not-writable) O:refused(not-writable) F:refused(not-writable) O:refused(not-writable) F:refused(not-writable) O:refused(not-writable) F:refused(not-writable) O:refused(not-writable) F:refused(not-writable) O:refused(not-writable) F:refused(not-writable) O:refused(not-writable) F:refused(not-writable) O:refused(not-writable) F:refused(not-writable) O:refused(not-writable) F:refused(not-writable) O:refused(not-writable) F:refused(not-writable) O:refused(not-writable) F:refused(not-writable) O:refused(not-writable) F:refused(not-writable) O:refused(not-writable) F:refused(not-writable) O:refused(not-writable) F:refused(not-writable) O:refused(not-writable) F:refused(not-writable) O:refused(not-writable)	mount-err:Recovery(UnitUnreadable { slot: SlotNumber(50182) })	same	-	[0, 0]	0	0	[0, 0]	0	0	0	6	-	[]	0	0
F9-bad-media-rw-forever	off(today)	FOMFOFOFOFOFOFOFOFOFOFOFOFOFOFOFO	F:noop O:ok M:ok F:noop O:ok F:ok(F=3,reclaimed=1) O:ok F:ok(F=6,reclaimed=17) O:ok F:ok(F=7,reclaimed=8) O:ok F:ok(F=11,reclaimed=21) O:err:BlockDevice(InputOutput(Custom { kind: Other, error: "injected write e F:noop O:err:BlockDevice(InputOutput(Custom { kind: Other, error: "injected write e F:noop O:err:BlockDevice(InputOutput(Custom { kind: Other, error: "injected write e F:noop O:err:BlockDevice(InputOutput(Custom { kind: Other, error: "injected write e F:noop O:err:BlockDevice(InputOutput(Custom { kind: Other, error: "injected write e F:noop O:err:BlockDevice(InputOutput(Custom { kind: Other, error: "injected write e F:noop O:err:BlockDevice(InputOutput(Custom { kind: Other, error: "injected write e F:noop O:err:BlockDevice(InputOutput(Custom { kind: Other, error: "injected write e F:noop O:err:BlockDevice(InputOutput(Custom { kind: Other, error: "injected write e F:noop O:err:BlockDevice(InputOutput(Custom { kind: Other, error: "injected write e F:noop O:err:BlockDevice(InputOutput(Custom { kind: Other, error: "injected write e	ok	same	-	[0, 0]	0	0	[0, 0]	0	0	0	0	-	[]	0	11
F9-bad-media-rw-forever	off(today)	MFMFOFOFOFOFOFOFOFOFOFOFOFOFOFOFO	M:mount-err:Recovery(UnitUnreadable { slot: SlotNumber(50182) }) F:refused(not-writable) M:mount-err:Recovery(UnitUnreadable { slot: SlotNumber(50182) }) F:refused(not-writable) O:refused(not-writable) F:refused(not-writable) O:refused(not-writable) F:refused(not-writable) O:refused(not-writable) F:refused(not-writable) O:refused(not-writable) F:refused(not-writable) O:refused(not-writable) F:refused(not-writable) O:refused(not-writable) F:refused(not-writable) O:refused(not-writable) F:refused(not-writable) O:refused(not-writable) F:refused(not-writable) O:refused(not-writable) F:refused(not-writable) O:refused(not-writable) F:refused(not-writable) O:refused(not-writable) F:refused(not-writable) O:refused(not-writable) F:refused(not-writable) O:refused(not-writable) F:refused(not-writable) O:refused(not-writable) F:refused(not-writable) O:refused(not-writable)	mount-err:Recovery(UnitUnreadable { slot: SlotNumber(50182) })	same	-	[0, 0]	0	0	[0, 0]	0	0	0	6	-	[]	0	0
F9-bad-media-rw-forever	off(today)	MMMFOFOFOFOFOFOFOFOFOFOFOFOFOFOFO	M:mount-err:Recovery(UnitUnreadable { slot: SlotNumber(50182) }) M:mount-err:Recovery(UnitUnreadable { slot: SlotNumber(50182) }) M:mount-err:Recovery(UnitUnreadable { slot: SlotNumber(50182) }) F:refused(not-writable) O:refused(not-writable) F:refused(not-writable) O:refused(not-writable) F:refused(not-writable) O:refused(not-writable) F:refused(not-writable) O:refused(not-writable) F:refused(not-writable) O:refused(not-writable) F:refused(not-writable) O:refused(not-writable) F:refused(not-writable) O:refused(not-writable) F:refused(not-writable) O:refused(not-writable) F:refused(not-writable) O:refused(not-writable) F:refused(not-writable) O:refused(not-writable) F:refused(not-writable) O:refused(not-writable) F:refused(not-writable) O:refused(not-writable) F:refused(not-writable) O:refused(not-writable) F:refused(not-writable) O:refused(not-writable) F:refused(not-writable) O:refused(not-writable)	mount-err:Recovery(UnitUnreadable { slot: SlotNumber(50182) })	same	-	[0, 0]	0	0	[0, 0]	0	0	0	8	-	[]	0	0
F9-bad-media-rw-forever	off(today)	FMFOFOFOFOFOFOFOFOFOFOFOFOFOFOFO	F:noop M:mount-err:Recovery(UnitUnreadable { slot: SlotNumber(50182) }) F:refused(not-writable) O:refused(not-writable) F:refused(not-writable) O:refused(not-writable) F:refused(not-writable) O:refused(not-writable) F:refused(not-writable) O:refused(not-writable) F:refused(not-writable) O:refused(not-writable) F:refused(not-writable) O:refused(not-writable) F:refused(not-writable) O:refused(not-writable) F:refused(not-writable) O:refused(not-writable) F:refused(not-writable) O:refused(not-writable) F:refused(not-writable) O:refused(not-writable) F:refused(not-writable) O:refused(not-writable) F:refused(not-writable) O:refused(not-writable) F:refused(not-writable) O:refused(not-writable) F:refused(not-writable) O:refused(not-writable) F:refused(not-writable) O:refused(not-writable)	mount-err:Recovery(UnitUnreadable { slot: SlotNumber(50182) })	same	-	[0, 0]	0	0	[0, 0]	0	0	0	4	-	[]	0	0
F9-bad-media-rw-forever	off(today)	OFMFOFOFOFOFOFOFOFOFOFOFOFOFOFOFO	O:ok F:noop M:ok F:noop O:ok F:ok(F=3,reclaimed=1) O:ok F:ok(F=6,reclaimed=17) O:ok F:ok(F=7,reclaimed=8) O:ok F:ok(F=11,reclaimed=21) O:err:BlockDevice(InputOutput(Custom { kind: Other, error: "injected write e F:noop O:err:BlockDevice(InputOutput(Custom { kind: Other, error: "injected write e F:noop O:err:BlockDevice(InputOutput(Custom { kind: Other, error: "injected write e F:noop O:err:BlockDevice(InputOutput(Custom { kind: Other, error: "injected write e F:noop O:err:BlockDevice(InputOutput(Custom { kind: Other, error: "injected write e F:noop O:err:BlockDevice(InputOutput(Custom { kind: Other, error: "injected write e F:noop O:err:BlockDevice(InputOutput(Custom { kind: Other, error: "injected write e F:noop O:err:BlockDevice(InputOutput(Custom { kind: Other, error: "injected write e F:noop O:err:BlockDevice(InputOutput(Custom { kind: Other, error: "injected write e F:noop O:err:BlockDevice(InputOutput(Custom { kind: Other, error: "injected write e F:noop O:err:BlockDevice(InputOutput(Custom { kind: Other, error: "injected write e	ok	same	-	[0, 0]	0	0	[0, 0]	0	0	0	0	-	[]	0	11
F9-bad-media-rw-forever	off(today)	OOMFOFOFOFOFOFOFOFOFOFOFOFOFOFOFO	O:ok O:ok M:ok F:ok(F=3,reclaimed=1) O:ok F:ok(F=6,reclaimed=17) O:ok F:ok(F=7,reclaimed=8) O:ok F:ok(F=8,reclaimed=8) O:err:BlockDevice(InputOutput(Custom { kind: Other, error: "injected write e F:noop O:err:BlockDevice(InputOutput(Custom { kind: Other, error: "injected write e F:noop O:err:BlockDevice(InputOutput(Custom { kind: Other, error: "injected write e F:noop O:err:BlockDevice(InputOutput(Custom { kind: Other, error: "injected write e F:noop O:err:BlockDevice(InputOutput(Custom { kind: Other, error: "injected write e F:noop O:err:BlockDevice(InputOutput(Custom { kind: Other, error: "injected write e F:noop O:err:BlockDevice(InputOutput(Custom { kind: Other, error: "injected write e F:noop O:err:BlockDevice(InputOutput(Custom { kind: Other, error: "injected write e F:noop O:err:BlockDevice(InputOutput(Custom { kind: Other, error: "injected write e F:noop O:err:BlockDevice(InputOutput(Custom { kind: Other, error: "injected write e F:noop O:err:BlockDevice(InputOutput(Custom { kind: Other, error: "injected write e F:noop O:err:BlockDevice(InputOutput(Custom { kind: Other, error: "injected write e	ok	same	-	[0, 0]	0	0	[0, 0]	0	0	0	0	-	[]	0	12
F9-bad-media-rw-forever	off(today)	OMMFOFOFOFOFOFOFOFOFOFOFOFOFOFOFO	O:ok M:ok M:ok F:noop O:ok F:ok(F=3,reclaimed=1) O:ok F:ok(F=6,reclaimed=17) O:ok F:ok(F=7,reclaimed=8) O:ok F:ok(F=14,reclaimed=34) O:err:BlockDevice(InputOutput(Custom { kind: Other, error: "injected write e F:noop O:err:BlockDevice(InputOutput(Custom { kind: Other, error: "injected write e F:noop O:err:BlockDevice(InputOutput(Custom { kind: Other, error: "injected write e F:noop O:err:BlockDevice(InputOutput(Custom { kind: Other, error: "injected write e F:noop O:err:BlockDevice(InputOutput(Custom { kind: Other, error: "injected write e F:noop O:err:BlockDevice(InputOutput(Custom { kind: Other, error: "injected write e F:noop O:err:BlockDevice(InputOutput(Custom { kind: Other, error: "injected write e F:noop O:err:BlockDevice(InputOutput(Custom { kind: Other, error: "injected write e F:noop O:err:BlockDevice(InputOutput(Custom { kind: Other, error: "injected write e F:noop O:err:BlockDevice(InputOutput(Custom { kind: Other, error: "injected write e F:noop O:err:BlockDevice(InputOutput(Custom { kind: Other, error: "injected write e	ok	same	-	[0, 0]	0	0	[0, 0]	0	0	0	0	-	[]	0	11
F9-bad-media-rw-forever	off(today)	MMFOFOFOFOFOFOFOFOFOFOFOFOFOFOFO	M:mount-err:Recovery(UnitUnreadable { slot: SlotNumber(50182) }) M:mount-err:Recovery(UnitUnreadable { slot: SlotNumber(50182) }) F:refused(not-writable) O:refused(not-writable) F:refused(not-writable) O:refused(not-writable) F:refused(not-writable) O:refused(not-writable) F:refused(not-writable) O:refused(not-writable) F:refused(not-writable) O:refused(not-writable) F:refused(not-writable) O:refused(not-writable) F:refused(not-writable) O:refused(not-writable) F:refused(not-writable) O:refused(not-writable) F:refused(not-writable) O:refused(not-writable) F:refused(not-writable) O:refused(not-writable) F:refused(not-writable) O:refused(not-writable) F:refused(not-writable) O:refused(not-writable) F:refused(not-writable) O:refused(not-writable) F:refused(not-writable) O:refused(not-writable) F:refused(not-writable) O:refused(not-writable)	mount-err:Recovery(UnitUnreadable { slot: SlotNumber(50182) })	same	-	[0, 0]	0	0	[0, 0]	0	0	0	6	-	[]	0	0
F9-bad-media-rw-forever	off(today)	OMFOFOFOFOFOFOFOFOFOFOFOFOFOFOFO	O:ok M:ok F:noop O:ok F:ok(F=3,reclaimed=1) O:ok F:ok(F=6,reclaimed=17) O:ok F:ok(F=7,reclaimed=8) O:ok F:ok(F=11,reclaimed=21) O:err:BlockDevice(InputOutput(Custom { kind: Other, error: "injected write e F:noop O:err:BlockDevice(InputOutput(Custom { kind: Other, error: "injected write e F:noop O:err:BlockDevice(InputOutput(Custom { kind: Other, error: "injected write e F:noop O:err:BlockDevice(InputOutput(Custom { kind: Other, error: "injected write e F:noop O:err:BlockDevice(InputOutput(Custom { kind: Other, error: "injected write e F:noop O:err:BlockDevice(InputOutput(Custom { kind: Other, error: "injected write e F:noop O:err:BlockDevice(InputOutput(Custom { kind: Other, error: "injected write e F:noop O:err:BlockDevice(InputOutput(Custom { kind: Other, error: "injected write e F:noop O:err:BlockDevice(InputOutput(Custom { kind: Other, error: "injected write e F:noop O:err:BlockDevice(InputOutput(Custom { kind: Other, error: "injected write e F:noop O:err:BlockDevice(InputOutput(Custom { kind: Other, error: "injected write e	ok	same	-	[0, 0]	0	0	[0, 0]	0	0	0	0	-	[]	0	11
