fault	arm	suffix	steps	final_mount	readback	violated	isolated_per_device	isolated_by_check	isolated_at_mount	free_minus_allocatable	check_reads	check_read_bytes	switches	reads_refused	check_events	reuse_steps	rebuild_mapping_mismatch	writes_refused
F9-bad-media-rw-forever	N1A-any-isoAll-mem	FFFMFOFOFOFOFOFOFOFOFOFOFOFOFOFOFO	F:noop F:noop F:noop M:mount-err:Recovery(UnitUnreadable { slot: SlotNumber(50182) }) F:refused(not-writable) O:refused(not-writable) F:refused(not-writable) O:refused(not-writable) F:refused(not-writable) O:refused(not-writable) F:refused(not-writable) O:refused(not-writable) F:refused(not-writable) O:refused(not-writable) F:refused(not-writable) O:refused(not-writable) F:refused(not-writable) O:refused(not-writable) F:refused(not-writable) O:refused(not-writable) F:refused(not-writable) O:refused(not-writable) F:refused(not-writable) O:refused(not-writable) F:refused(not-writable) O:refused(not-writable) F:refused(not-writable) O:refused(not-writable) F:refused(not-writable) O:refused(not-writable) F:refused(not-writable) O:refused(not-writable) F:refused(not-writable) O:refused(not-writable)	mount-err:Recovery(UnitUnreadable { slot: SlotNumber(50182) })	same	-	[0, 0]	0	0	[0, 0]	0	0	0	4	-	[]	0	0
F9-bad-media-rw-forever	N1A-any-isoAll-mem	FFMFFOFOFOFOFOFOFOFOFOFOFOFOFOFOFO	F:noop F:noop M:mount-err:Recovery(UnitUnreadable { slot: SlotNumber(50182) }) F:refused(not-writable) F:refused(not-writable) O:refused(not-writable) F:refused(not-writable) O:refused(not-writable) F:refused(not-writable) O:refused(not-writable) F:refused(not-writable) O:refused(not-writable) F:refused(not-writable) O:refused(not-writable) F:refused(not-writable) O:refused(not-writable) F:refused(not-writable) O:refused(not-writable) F:refused(not-writable) O:refused(not-writable) F:refused(not-writable) O:refused(not-writable) F:refused(not-writable) O:refused(not-writable) F:refused(not-writable) O:refused(not-writable) F:refused(not-writable) O:refused(not-writable) F:refused(not-writable) O:refused(not-writable) F:refused(not-writable) O:refused(not-writable) F:refused(not-writable) O:refused(not-writable)	mount-err:Recovery(UnitUnreadable { slot: SlotNumber(50182) })	same	-	[0, 0]	0	0	[0, 0]	0	0	0	4	-	[]	0	0
F9-bad-media-rw-forever	N1A-any-isoAll-mem	FFMOFOFOFOFOFOFOFOFOFOFOFOFOFOFOFO	F:noop F:noop M:mount-err:Recovery(UnitUnreadable { slot: SlotNumber(50182) }) O:refused(not-writable) F:refused(not-writable) O:refused(not-writable) F:refused(not-writable) O:refused(not-writable) F:refused(not-writable) O:refused(not-writable) F:refused(not-writable) O:refused(not-writable) F:refused(not-writable) O:refused(not-writable) F:refused(not-writable) O:refused(not-writable) F:refused(not-writable) O:refused(not-writable) F:refused(not-writable) O:refused(not-writable) F:refused(not-writable) O:refused(not-writable) F:refused(not-writable) O:refused(not-writable) F:refused(not-writable) O:refused(not-writable) F:refused(not-writable) O:refused(not-writable) F:refused(not-writable) O:refused(not-writable) F:refused(not-writable) O:refused(not-writable) F:refused(not-writable) O:refused(not-writable)	mount-err:Recovery(UnitUnreadable { slot: SlotNumber(50182) })	same	-	[0, 0]	0	0	[0, 0]	0	0	0	4	-	[]	0	0
F9-bad-media-rw-forever	N1A-any-isoAll-mem	FFFOFOFOFOFOFOFOFOFOFOFOFOFOFOFOFO	F:noop F:noop F:noop O:ok F:noop O:ok F:ok(F=3,reclaimed=1) O:ok F:ok(F=6,reclaimed=17) O:ok F:ok(F=7,reclaimed=8) O:ok F:ok(F=8,reclaimed=8) O:ok F:ok(F=11,reclaimed=16) O:ok F:ok(F=14,reclaimed=16) O:ok F:ok(F=17,reclaimed=16) O:ok F:ok(F=20,reclaimed=16) O:ok F:ok(F=23,reclaimed=16) O:ok F:ok(F=26,reclaimed=16) O:ok F:ok(F=29,reclaimed=16) O:ok F:ok(F=32,reclaimed=16) O:ok F:ok(F=35,reclaimed=16) O:ok F:ok(F=38,reclaimed=16) O:ok	ok	same	-	[2, 2]	4	0	[2, 2]	153	3047424	0	2	t1@50182:released-and-isolated	[]	0	0
F9-bad-media-rw-forever	N1A-any-isoAll-mem	FFMMFOFOFOFOFOFOFOFOFOFOFOFOFOFOFO	F:noop F:noop M:mount-err:Recovery(UnitUnreadable { slot: SlotNumber(50182) }) M:mount-err:Recovery(UnitUnreadable { slot: SlotNumber(50182) }) F:refused(not-writable) O:refused(not-writable) F:refused(not-writable) O:refused(not-writable) F:refused(not-writable) O:refused(not-writable) F:refused(not-writable) O:refused(not-writable) F:refused(not-writable) O:refused(not-writable) F:refused(not-writable) O:refused(not-writable) F:refused(not-writable) O:refused(not-writable) F:refused(not-writable) O:refused(not-writable) F:refused(not-writable) O:refused(not-writable) F:refused(not-writable) O:refused(not-writable) F:refused(not-writable) O:refused(not-writable) F:refused(not-writable) O:refused(not-writable) F:refused(not-writable) O:refused(not-writable) F:refused(not-writable) O:refused(not-writable) F:refused(not-writable) O:refused(not-writable)	mount-err:Recovery(UnitUnreadable { slot: SlotNumber(50182) })	same	-	[0, 0]	0	0	[0, 0]	0	0	0	6	-	[]	0	0
F9-bad-media-rw-forever	N1A-any-isoAll-mem	FFOMFOFOFOFOFOFOFOFOFOFOFOFOFOFOFO	F:noop F:noop O:ok M:ok F:noop O:ok F:ok(F=3,reclaimed=1) O:ok F:ok(F=6,reclaimed=17) O:ok F:ok(F=7,reclaimed=8) O:ok F:ok(F=11,reclaimed=21) O:err:BlockDevice(InputOutput(Custom { kind: Other, error: "injected write e F:noop O:err:BlockDevice(InputOutput(Custom { kind: Other, error: "injected write e F:noop O:err:BlockDevice(InputOutput(Custom { kind: Other, error: "injected write e F:noop O:err:BlockDevice(InputOutput(Custom { kind: Other, error: "injected write e F:noop O:err:BlockDevice(InputOutput(Custom { kind: Other, error: "injected write e F:noop O:err:BlockDevice(InputOutput(Custom { kind: Other, error: "injected write e F:noop O:err:BlockDevice(InputOutput(Custom { kind: Other, error: "injected write e F:noop O:err:BlockDevice(InputOutput(Custom { kind: Other, error: "injected write e F:noop O:err:BlockDevice(InputOutput(Custom { kind: Other, error: "injected write e F:noop O:err:BlockDevice(InputOutput(Custom { kind: Other, error: "injected write e F:noop O:err:BlockDevice(InputOutput(Custom { kind: Other, error: "injected write e	ok	same	-	[0, 0]	4	0	[0, 0]	119	2490368	0	2	t1@50182:released-and-isolated	[]	0	11
F9-bad-media-rw-forever	N1A-any-isoAll-mem	FFFFFOFOFOFOFOFOFOFOFOFOFOFOFOFOFO	F:noop F:noop F:noop F:noop F:noop O:ok F:noop O:ok F:ok(F=3,reclaimed=1) O:ok F:ok(F=6,reclaimed=17) O:ok F:ok(F=7,reclaimed=8) O:ok F:ok(F=8,reclaimed=8) O:ok F:ok(F=11,reclaimed=16) O:ok F:ok(F=14,reclaimed=16) O:ok F:ok(F=17,reclaimed=16) O:ok F:ok(F=20,reclaimed=16) O:ok F:ok(F=23,reclaimed=16) O:ok F:ok(F=26,reclaimed=16) O:ok F:ok(F=29,reclaimed=16) O:ok F:ok(F=32,reclaimed=16) O:ok F:ok(F=35,reclaimed=16) O:ok	ok	same	-	[2, 2]	4	0	[2, 2]	143	2850816	0	2	t1@50182:released-and-isolated	[]	0	0
F9-bad-media-rw-forever	N1A-any-isoAll-mem	FFOFFOFOFOFOFOFOFOFOFOFOFOFOFOFOFO	F:noop F:noop O:ok F:noop F:noop O:ok F:ok(F=3,reclaimed=1) O:ok F:ok(F=6,reclaimed=17) O:ok F:ok(F=7,reclaimed=8) O:ok F:ok(F=8,reclaimed=8) O:ok F:ok(F=11,reclaimed=16) O:ok F:ok(F=14,reclaimed=16) O:ok F:ok(F=17,reclaimed=16) O:ok F:ok(F=20,reclaimed=16) O:ok F:ok(F=23,reclaimed=16) O:ok F:ok(F=26,reclaimed=16) O:ok F:ok(F=29,reclaimed=16) O:ok F:ok(F=32,reclaimed=16) O:ok F:ok(F=35,reclaimed=16) O:ok F:ok(F=38,reclaimed=16) O:ok	ok	same	-	[2, 2]	4	0	[2, 2]	153	3047424	0	2	t1@50182:released-and-isolated	[]	0	0
F9-bad-media-rw-forever	N1A-any-isoAll-mem	FMFMFOFOFOFOFOFOFOFOFOFOFOFOFOFOFO	F:noop M:mount-err:Recovery(UnitUnreadable { slot: SlotNumber(50182) }) F:refused(not-writable) M:mount-err:Recovery(UnitUnreadable { slot: SlotNumber(50182) }) F:refused(not-writable) O:refused(not-writable) F:refused(not-writable) O:refused(not-writable) F:refused(not-writable) O:refused(not-writable) F:refused(not-writable) O:refused(not-writable) F:refused(not-writable) O:refused(not-writable) F:refused(not-writable) O:refused(not-writable) F:refused(not-writable) O:refused(not-writable) F:refused(not-writable) O:refused(not-writable) F:refused(not-writable) O:refused(not-writable) F:refused(not-writable) O:refused(not-writable) F:refused(not-writable) O:refused(not-writable) F:refused(not-writable) O:refused(not-writable) F:refused(not-writable) O:refused(not-writable) F:refused(not-writable) O:refused(not-writable) F:refused(not-writable) O:refused(not-writable)	mount-err:Recovery(UnitUnreadable { slot: SlotNumber(50182) })	same	-	[0, 0]	0	0	[0, 0]	0	0	0	6	-	[]	0	0
F9-bad-media-rw-forever	N1A-any-isoAll-mem	FFOOFOFOFOFOFOFOFOFOFOFOFOFOFOFOFO	F:noop F:noop O:ok O:ok F:ok(F=3,reclaimed=1) O:ok F:ok(F=6,reclaimed=17) O:ok F:ok(F=7,reclaimed=8) O:ok F:ok(F=8,reclaimed=8) O:ok F:ok(F=11,reclaimed=16) O:ok F:ok(F=14,reclaimed=16) O:ok F:ok(F=17,reclaimed=16) O:ok F:ok(F=20,reclaimed=16) O:ok F:ok(F=23,reclaimed=16) O:ok F:ok(F=26,reclaimed=16) O:ok F:ok(F=29,reclaimed=16) O:ok F:ok(F=32,reclaimed=16) O:ok F:ok(F=35,reclaimed=16) O:ok F:ok(F=38,reclaimed=16) O:ok F:ok(F=41,reclaimed=16) O:ok	ok	same	-	[2, 2]	4	0	[2, 2]	163	3244032	0	2	t1@50182:released-and-isolated	[]	0	0
F9-bad-media-rw-forever	N1A-any-isoAll-mem	FMFFFOFOFOFOFOFOFOFOFOFOFOFOFOFOFO	F:noop M:mount-err:Recovery(UnitUnreadable { slot: SlotNumber(50182) }) F:refused(not-writable) F:refused(not-writable) F:refused(not-writable) O:refused(not-writable) F:refused(not-writable) O:refused(not-writable) F:refused(not-writable) O:refused(not-writable) F:refused(not-writable) O:refused(not-writable) F:refused(not-writable) O:refused(not-writable) F:refused(not-writable) O:refused(not-writable) F:refused(not-writable) O:refused(not-writable) F:refused(not-writable) O:refused(not-writable) F:refused(not-writable) O:refused(not-writable) F:refused(not-writable) O:refused(not-writable) F:refused(not-writable) O:refused(not-writable) F:refused(not-writable) O:refused(not-writable) F:refused(not-writable) O:refused(not-writable) F:refused(not-writable) O:refused(not-writable) F:refused(not-writable) O:refused(not-writable)	mount-err:Recovery(UnitUnreadable { slot: SlotNumber(50182) })	same	-	[0, 0]	0	0	[0, 0]	0	0	0	4	-	[]	0	0
F9-bad-media-rw-forever	N1A-any-isoAll-mem	FMFOFOFOFOFOFOFOFOFOFOFOFOFOFOFOFO	F:noop M:mount-err:Recovery(UnitUnreadable { slot: SlotNumber(50182) }) F:refused(not-writable) O:refused(not-writable) F:refused(not-writable) O:refused(not-writable) F:refused(not-writable) O:refused(not-writable) F:refused(not-writable) O:refused(not-writable) F:refused(not-writable) O:refused(not-writable) F:refused(not-writable) O:refused(not-writable) F:refused(not-writable) O:refused(not-writable) F:refused(not-writable) O:refused(not-writable) F:refused(not-writable) O:refused(not-writable) F:refused(not-writable) O:refused(not-writable) F:refused(not-writable) O:refused(not-writable) F:refused(not-writable) O:refused(not-writable) F:refused(not-writable) O:refused(not-writable) F:refused(not-writable) O:refused(not-writable) F:refused(not-writable) O:refused(not-writable) F:refused(not-writable) O:refused(not-writable)	mount-err:Recovery(UnitUnreadable { slot: SlotNumber(50182) })	same	-	[0, 0]	0	0	[0, 0]	0	0	0	4	-	[]	0	0
F9-bad-media-rw-forever	N1A-any-isoAll-mem	FMMFFOFOFOFOFOFOFOFOFOFOFOFOFOFOFO	F:noop M:mount-err:Recovery(UnitUnreadable { slot: SlotNumber(50182) }) M:mount-err:Recovery(UnitUnreadable { slot: SlotNumber(50182) }) F:refused(not-writable) F:refused(not-writable) O:refused(not-writable) F:refused(not-writable) O:refused(not-writable) F:refused(not-writable) O:refused(not-writable) F:refused(not-writable) O:refused(not-writable) F:refused(not-writable) O:refused(not-writable) F:refused(not-writable) O:refused(not-writable) F:refused(not-writable) O:refused(not-writable) F:refused(not-writable) O:refused(not-writable) F:refused(not-writable) O:refused(not-writable) F:refused(not-writable) O:refused(not-writable) F:refused(not-writable) O:refused(not-writable) F:refused(not-writable) O:refused(not-writable) F:refused(not-writable) O:refused(not-writable) F:refused(not-writable) O:refused(not-writable) F:refused(not-writable) O:refused(not-writable)	mount-err:Recovery(UnitUnreadable { slot: SlotNumber(50182) })	same	-	[0, 0]	0	0	[0, 0]	0	0	0	6	-	[]	0	0
F9-bad-media-rw-forever	N1A-any-isoAll-mem	FMOFFOFOFOFOFOFOFOFOFOFOFOFOFOFOFO	F:noop M:mount-err:Recovery(UnitUnreadable { slot: SlotNumber(50182) }) O:refused(not-writable) F:refused(not-writable) F:refused(not-writable) O:refused(not-writable) F:refused(not-writable) O:refused(not-writable) F:refused(not-writable) O:refused(not-writable) F:refused(not-writable) O:refused(not-writable) F:refused(not-writable) O:refused(not-writable) F:refused(not-writable) O:refused(not-writable) F:refused(not-writable) O:refused(not-writable) F:refused(not-writable) O:refused(not-writable) F:refused(not-writable) O:refused(not-writable) F:refused(not-writable) O:refused(not-writable) F:refused(not-writable) O:refused(not-writable) F:refused(not-writable) O:refused(not-writable) F:refused(not-writable) O:refused(not-writable) F:refused(not-writable) O:refused(not-writable) F:refused(not-writable) O:refused(not-writable)	mount-err:Recovery(UnitUnreadable { slot: SlotNumber(50182) })	same	-	[0, 0]	0	0	[0, 0]	0	0	0	4	-	[]	0	0
F9-bad-media-rw-forever	N1A-any-isoAll-mem	FMMOFOFOFOFOFOFOFOFOFOFOFOFOFOFOFO	F:noop M:mount-err:Recovery(UnitUnreadable { slot: SlotNumber(50182) }) M:mount-err:Recovery(UnitUnreadable { slot: SlotNumber(50182) }) O:refused(not-writable) F:refused(not-writable) O:refused(not-writable) F:refused(not-writable) O:refused(not-writable) F:refused(not-writable) O:refused(not-writable) F:refused(not-writable) O:refused(not-writable) F:refused(not-writable) O:refused(not-writable) F:refused(not-writable) O:refused(not-writable) F:refused(not-writable) O:refused(not-writable) F:refused(not-writable) O:refused(not-writable) F:refused(not-writable) O:refused(not-writable) F:refused(not-writable) O:refused(not-writable) F:refused(not-writable) O:refused(not-writable) F:refused(not-writable) O:refused(not-writable) F:refused(not-writable) O:refused(not-writable) F:refused(not-writable) O:refused(not-writable) F:refused(not-writable) O:refused(not-writable)	mount-err:Recovery(UnitUnreadable { slot: SlotNumber(50182) })	same	-	[0, 0]	0	0	[0, 0]	0	0	0	6	-	[]	0	0
F9-bad-media-rw-forever	N1A-any-isoAll-mem	FMMMFOFOFOFOFOFOFOFOFOFOFOFOFOFOFO	F:noop M:mount-err:Recovery(UnitUnreadable { slot: SlotNumber(50182) }) M:mount-err:Recovery(UnitUnreadable { slot: SlotNumber(50182) }) M:mount-err:Recovery(UnitUnreadable { slot: SlotNumber(50182) }) F:refused(not-writable) O:refused(not-writable) F:refused(not-writable) O:refused(not-writable) F:refused(not-writable) O:refused(not-writable) F:refused(not-writable) O:refused(not-writable) F:refused(not-writable) O:refused(not-writable) F:refused(not-writable) O:refused(not-writable) F:refused(not-writable) O:refused(not-writable) F:refused(not-writable) O:refused(not-writable) F:refused(not-writable) O:refused(not-writable) F:refused(not-writable) O:refused(not-writable) F:refused(not-writable) O:refused(not-writable) F:refused(not-writable) O:refused(not-writable) F:refused(not-writable) O:refused(not-writable) F:refused(not-writable) O:refused(not-writable) F:refused(not-writable) O:refused(not-writable)	mount-err:Recovery(UnitUnreadable { slot: SlotNumber(50182) })	same	-	[0, 0]	0	0	[0, 0]	0	0	0	8	-	[]	0	0
F9-bad-media-rw-forever	N1A-any-isoAll-mem	FMOMFOFOFOFOFOFOFOFOFOFOFOFOFOFOFO	F:noop M:mount-err:Recovery(UnitUnreadable { slot: SlotNumber(50182) }) O:refused(not-writable) M:mount-err:Recovery(UnitUnreadable { slot: SlotNumber(50182) }) F:refused(not-writable) O:refused(not-writable) F:refused(not-writable) O:refused(not-writable) F:refused(not-writable) O:refused(not-writable) F:refused(not-writable) O:refused(not-writable) F:refused(not-writable) O:refused(not-writable) F:refused(not-writable) O:refused(not-writable) F:refused(not-writable) O:refused(not-writable) F:refused(not-writable) O:refused(not-writable) F:refused(not-writable) O:refused(not-writable) F:refused(not-writable) O:refused(not-writable) F:refused(not-writable) O:refused(not-writable) F:refused(not-writable) O:refused(not-writable) F:refused(not-writable) O:refused(not-writable) F:refused(not-writable) O:refused(not-writable) F:refused(not-writable) O:refused(not-writable)	mount-err:Recovery(UnitUnreadable { slot: SlotNumber(50182) })	same	-	[0, 0]	0	0	[0, 0]	0	0	0	6	-	[]	0	0
F9-bad-media-rw-forever	N1A-any-isoAll-mem	FMOOFOFOFOFOFOFOFOFOFOFOFOFOFOFOFO	F:noop M:mount-err:Recovery(UnitUnreadable { slot: SlotNumber(50182) }) O:refused(not-writable) O:refused(not-writable) F:refused(not-writable) O:refused(not-writable) F:refused(not-writable) O:refused(not-writable) F:refused(not-writable) O:refused(not-writable) F:refused(not-writable) O:refused(not-writable) F:refused(not-writable) O:refused(not-writable) F:refused(not-writable) O:refused(not-writable) F:refused(not-writable) O:refused(not-writable) F:refused(not-writable) O:refused(not-writable) F:refused(not-writable) O:refused(not-writable) F:refused(not-writable) O:refused(not-writable) F:refused(not-writable) O:refused(not-writable) F:refused(not-writable) O:refused(not-writable) F:refused(not-writable) O:refused(not-writable) F:refused(not-writable) O:refused(not-writable) F:refused(not-writable) O:refused(not-writable)	mount-err:Recovery(UnitUnreadable { slot: SlotNumber(50182) })	same	-	[0, 0]	0	0	[0, 0]	0	0	0	4	-	[]	0	0
F9-bad-media-rw-forever	N1A-any-isoAll-mem	FOFFFOFOFOFOFOFOFOFOFOFOFOFOFOFOFO	F:noop O:ok F:noop F:noop F:noop O:ok F:ok(F=3,reclaimed=1) O:ok F:ok(F=6,reclaimed=17) O:ok F:ok(F=7,reclaimed=8) O:ok F:ok(F=8,reclaimed=8) O:ok F:ok(F=11,reclaimed=16) O:ok F:ok(F=14,reclaimed=16) O:ok F:ok(F=17,reclaimed=16) O:ok F:ok(F=20,reclaimed=16) O:ok F:ok(F=23,reclaimed=16) O:ok F:ok(F=26,reclaimed=16) O:ok F:ok(F=29,reclaimed=16) O:ok F:ok(F=32,reclaimed=16) O:ok F:ok(F=35,reclaimed=16) O:ok F:ok(F=38,reclaimed=16) O:ok	ok	same	-	[2, 2]	4	0	[2, 2]	153	3047424	0	2	t1@50182:released-and-isolated	[]	0	0
F9-bad-media-rw-forever	N1A-any-isoAll-mem	FOMFFOFOFOFOFOFOFOFOFOFOFOFOFOFOFO	F:noop O:ok M:ok F:noop F:noop O:ok F:ok(F=3,reclaimed=1) O:ok F:ok(F=6,reclaimed=17) O:ok F:ok(F=7,reclaimed=8) O:ok F:ok(F=11,reclaimed=21) O:err:BlockDevice(InputOutput(Custom { kind: Other, error: "injected write e F:noop O:err:BlockDevice(InputOutput(Custom { kind: Other, error: "injected write e F:noop O:err:BlockDevice(InputOutput(Custom { kind: Other, error: "injected write e F:noop O:err:BlockDevice(InputOutput(Custom { kind: Other, error: "injected write e F:noop O:err:BlockDevice(InputOutput(Custom { kind: Other, error: "injected write e F:noop O:err:BlockDevice(InputOutput(Custom { kind: Other, error: "injected write e F:noop O:err:BlockDevice(InputOutput(Custom { kind: Other, error: "injected write e F:noop O:err:BlockDevice(InputOutput(Custom { kind: Other, error: "injected write e F:noop O:err:BlockDevice(InputOutput(Custom { kind: Other, error: "injected write e F:noop O:err:BlockDevice(InputOutput(Custom { kind: Other, error: "injected write e F:noop O:err:BlockDevice(InputOutput(Custom { kind: Other, error: "injected write e	ok	same	-	[0, 0]	4	0	[0, 0]	119	2490368	0	2	t1@50182:released-and-isolated	[]	0	11
F9-bad-media-rw-forever	N1A-any-isoAll-mem	FOFMFOFOFOFOFOFOFOFOFOFOFOFOFOFOFO	F:noop O:ok F:noop M:ok F:noop O:ok F:ok(F=3,reclaimed=1) O:ok F:ok(F=6,reclaimed=17) O:ok F:ok(F=7,reclaimed=8) O:ok F:ok(F=11,reclaimed=21) O:err:BlockDevice(InputOutput(Custom { kind: Other, error: "injected write e F:noop O:err:BlockDevice(InputOutput(Custom { kind: Other, error: "injected write e F:noop O:err:BlockDevice(InputOutput(Custom { kind: Other, error: "injected write e F:noop O:err:BlockDevice(InputOutput(Custom { kind: Other, error: "injected write e F:noop O:err:BlockDevice(InputOutput(Custom { kind: Other, error: "injected write e F:noop O:err:BlockDevice(InputOutput(Custom { kind: Other, error: "injected write e F:noop O:err:BlockDevice(InputOutput(Custom { kind: Other, error: "injected write e F:noop O:err:BlockDevice(InputOutput(Custom { kind: Other, error: "injected write e F:noop O:err:BlockDevice(InputOutput(Custom { kind: Other, error: "injected write e F:noop O:err:BlockDevice(InputOutput(Custom { kind: Other, error: "injected write e F:noop O:err:BlockDevice(InputOutput(Custom { kind: Other, error: "injected write e	ok	same	-	[0, 0]	4	0	[0, 0]	119	2490368	0	2	t1@50182:released-and-isolated	[]	0	11
F9-bad-media-rw-forever	N1A-any-isoAll-mem	FOOFFOFOFOFOFOFOFOFOFOFOFOFOFOFOFO	F:noop O:ok O:ok F:ok(F=3,reclaimed=1) F:noop O:ok F:ok(F=6,reclaimed=17) O:ok F:ok(F=7,reclaimed=8) O:ok F:ok(F=8,reclaimed=8) O:ok F:ok(F=11,reclaimed=16) O:ok F:ok(F=14,reclaimed=16) O:ok F:ok(F=17,reclaimed=16) O:ok F:ok(F=20,reclaimed=16) O:ok F:ok(F=23,reclaimed=16) O:ok F:ok(F=26,reclaimed=16) O:ok F:ok(F=29,reclaimed=16) O:ok F:ok(F=32,reclaimed=16) O:ok F:ok(F=35,reclaimed=16) O:ok F:ok(F=38,reclaimed=16) O:ok F:ok(F=41,reclaimed=16) O:ok	ok	same	-	[2, 2]	4	0	[2, 2]	163	3244032	0	2	t1@50182:released-and-isolated	[]	0	0
F9-bad-media-rw-forever	N1A-any-isoAll-mem	FOFOFOFOFOFOFOFOFOFOFOFOFOFOFOFOFO	F:noop O:ok F:noop O:ok F:ok(F=3,reclaimed=1) O:ok F:ok(F=6,reclaimed=17) O:ok F:ok(F=7,reclaimed=8) O:ok F:ok(F=8,reclaimed=8) O:ok F:ok(F=11,reclaimed=16) O:ok F:ok(F=14,reclaimed=16) O:ok F:ok(F=17,reclaimed=16) O:ok F:ok(F=20,reclaimed=16) O:ok F:ok(F=23,reclaimed=16) O:ok F:ok(F=26,reclaimed=16) O:ok F:ok(F=29,reclaimed=16) O:ok F:ok(F=32,reclaimed=16) O:ok F:ok(F=35,reclaimed=16) O:ok F:ok(F=38,reclaimed=16) O:ok F:ok(F=41,reclaimed=16) O:ok	ok	same	-	[2, 2]	4	0	[2, 2]	163	3244032	0	2	t1@50182:released-and-isolated	[]	0	0
F9-bad-media-rw-forever	N1A-any-isoAll-mem	FOMMFOFOFOFOFOFOFOFOFOFOFOFOFOFOFO	F:noop O:ok M:ok M:ok F:noop O:ok F:ok(F=3,reclaimed=1) O:ok F:ok(F=6,reclaimed=17) O:ok F:ok(F=7,reclaimed=8) O:ok F:ok(F=14,reclaimed=34) O:err:BlockDevice(InputOutput(Custom { kind: Other, error: "injected write e F:noop O:err:BlockDevice(InputOutput(Custom { kind: Other, error: "injected write e F:noop O:err:BlockDevice(InputOutput(Custom { kind: Other, error: "injected write e F:noop O:err:BlockDevice(InputOutput(Custom { kind: Other, error: "injected write e F:noop O:err:BlockDevice(InputOutput(Custom { kind: Other, error: "injected write e F:noop O:err:BlockDevice(InputOutput(Custom { kind: Other, error: "injected write e F:noop O:err:BlockDevice(InputOutput(Custom { kind: Other, error: "injected write e F:noop O:err:BlockDevice(InputOutput(Custom { kind: Other, error: "injected write e F:noop O:err:BlockDevice(InputOutput(Custom { kind: Other, error: "injected write e F:noop O:err:BlockDevice(InputOutput(Custom { kind: Other, error: "injected write e F:noop O:err:BlockDevice(InputOutput(Custom { kind: Other, error: "injected write e	ok	same	-	[0, 0]	4	0	[0, 0]	125	2588672	0	2	t1@50182:released-and-isolated	[]	0	11
F9-bad-media-rw-forever	N1A-any-isoAll-mem	FOMOFOFOFOFOFOFOFOFOFOFOFOFOFOFOFO	F:noop O:ok M:ok O:ok F:ok(F=3,reclaimed=1) O:ok F:ok(F=6,reclaimed=17) O:ok F:ok(F=7,reclaimed=8) O:ok F:ok(F=11,reclaimed=21) O:err:BlockDevice(InputOutput(Custom { kind: Other, error: "injected write e F:noop O:err:BlockDevice(InputOutput(Custom { kind: Other, error: "injected write e F:noop O:err:BlockDevice(InputOutput(Custom { kind: Other, error: "injected write e F:noop O:err:BlockDevice(InputOutput(Custom { kind: Other, error: "injected write e F:noop O:err:BlockDevice(InputOutput(Custom { kind: Other, error: "injected write e F:noop O:err:BlockDevice(InputOutput(Custom { kind: Other, error: "injected write e F:noop O:err:BlockDevice(InputOutput(Custom { kind: Other, error: "injected write e F:noop O:err:BlockDevice(InputOutput(Custom { kind: Other, error: "injected write e F:noop O:err:BlockDevice(InputOutput(Custom { kind: Other, error: "injected write e F:noop O:err:BlockDevice(InputOutput(Custom { kind: Other, error: "injected write e F:noop O:err:BlockDevice(InputOutput(Custom { kind: Other, error: "injected write e F:noop O:err:BlockDevice(InputOutput(Custom { kind: Other, error: "injected write e	ok	same	-	[0, 0]	4	0	[0, 0]	125	2621440	0	2	t1@50182:released-and-isolated	[]	0	12
F9-bad-media-rw-forever	N1A-any-isoAll-mem	MFFFFOFOFOFOFOFOFOFOFOFOFOFOFOFOFO	M:mount-err:Recovery(UnitUnreadable { slot: SlotNumber(50182) }) F:refused(not-writable) F:refused(not-writable) F:refused(not-writable) F:refused(not-writable) O:refused(not-writable) F:refused(not-writable) O:refused(not-writable) F:refused(not-writable) O:refused(not-writable) F:refused(not-writable) O:refused(not-writable) F:refused(not-writable) O:refused(not-writable) F:refused(not-writable) O:refused(not-writable) F:refused(not-writable) O:refused(not-writable) F:refused(not-writable) O:refused(not-writable) F:refused(not-writable) O:refused(not-writable) F:refused(not-writable) O:refused(not-writable) F:refused(not-writable) O:refused(not-writable) F:refused(not-writable) O:refused(not-writable) F:refused(not-writable) O:refused(not-writable) F:refused(not-writable) O:refused(not-writable) F:refused(not-writable) O:refused(not-writable)	mount-err:Recovery(UnitUnreadable { slot: SlotNumber(50182) })	same	-	[0, 0]	0	0	[0, 0]	0	0	0	4	-	[]	0	0
F9-bad-media-rw-forever	N1A-any-isoAll-mem	MFFMFOFOFOFOFOFOFOFOFOFOFOFOFOFOFO	M:mount-err:Recovery(UnitUnreadable { slot: SlotNumber(50182) }) F:refused(not-writable) F:refused(not-writable) M:mount-err:Recovery(UnitUnreadable { slot: SlotNumber(50182) }) F:refused(not-writable) O:refused(not-writable) F:refused(not-writable) O:refused(not-writable) F:refused(not-writable) O:refused(not-writable) F:refused(not-writable) O:refused(not-writable) F:refused(not-writable) O:refused(not-writable) F:refused(not-writable) O:refused(not-writable) F:refused(not-writable) O:refused(not-writable) F:refused(not-writable) O:refused(not-writable) F:refused(not-writable) O:refused(not-writable) F:refused(not-writable) O:refused(not-writable) F:refused(not-writable) O:refused(not-writable) F:refused(not-writable) O:refused(not-writable) F:refused(not-writable) O:refused(not-writable) F:refused(not-writable) O:refused(not-writable) F:refused(not-writable) O:refused(not-writable)	mount-err:Recovery(UnitUnreadable { slot: SlotNumber(50182) })	same	-	[0, 0]	0	0	[0, 0]	0	0	0	6	-	[]	0	0
F9-bad-media-rw-forever	N1A-any-isoAll-mem	MFFOFOFOFOFOFOFOFOFOFOFOFOFOFOFOFO	M:mount-err:Recovery(UnitUnreadable { slot: SlotNumber(50182) }) F:refused(not-writable) F:refused(not-writable) O:refused(not-writable) F:refused(not-writable) O:refused(not-writable) F:refused(not-writable) O:refused(not-writable) F:refused(not-writable) O:refused(not-writable) F:refused(not-writable) O:refused(not-writable) F:refused(not-writable) O:refused(not-writable) F:refused(not-writable) O:refused(not-writable) F:refused(not-writable) O:refused(not-writable) F:refused(not-writable) O:refused(not-writable) F:refused(not-writable) O:refused(not-writable) F:refused(not-writable) O:refused(not-writable) F:refused(not-writable) O:refused(not-writable) F:refused(not-writable) O:refused(not-writable) F:refused(not-writable) O:refused(not-writable) F:refused(not-writable) O:refused(not-writable) F:refused(not-writable) O:refused(not-writable)	mount-err:Recovery(UnitUnreadable { slot: SlotNumber(50182) })	same	-	[0, 0]	0	0	[0, 0]	0	0	0	4	-	[]	0	0
F9-bad-media-rw-forever	N1A-any-isoAll-mem	FOOMFOFOFOFOFOFOFOFOFOFOFOFOFOFOFO	F:noop O:ok O:ok M:ok F:ok(F=3,reclaimed=1) O:ok F:ok(F=6,reclaimed=17) O:ok F:ok(F=7,reclaimed=8) O:ok F:ok(F=8,reclaimed=8) O:err:BlockDevice(InputOutput(Custom { kind: Other, error: "injected write e F:noop O:err:BlockDevice(InputOutput(Custom { kind: Other, error: "injected write e F:noop O:err:BlockDevice(InputOutput(Custom { kind: Other, error: "injected write e F:noop O:err:BlockDevice(InputOutput(Custom { kind: Other, error: "injected write e F:noop O:err:BlockDevice(InputOutput(Custom { kind: Other, error: "injected write e F:noop O:err:BlockDevice(InputOutput(Custom { kind: Other, error: "injected write e F:noop O:err:BlockDevice(InputOutput(Custom { kind: Other, error: "injected write e F:noop O:err:BlockDevice(InputOutput(Custom { kind: Other, error: "injected write e F:noop O:err:BlockDevice(InputOutput(Custom { kind: Other, error: "injected write e F:noop O:err:BlockDevice(InputOutput(Custom { kind: Other, error: "injected write e F:noop O:err:BlockDevice(InputOutput(Custom { kind: Other, error: "injected write e F:noop O:err:BlockDevice(InputOutput(Custom { kind: Other, error: "injected write e	ok	same	-	[0, 0]	4	0	[0, 0]	125	2621440	0	2	t1@50182:released-and-isolated	[]	0	12
F9-bad-media-rw-forever	N1A-any-isoAll-mem	MFOFFOFOFOFOFOFOFOFOFOFOFOFOFOFOFO	M:mount-err:Recovery(UnitUnreadable { slot: SlotNumber(50182) }) F:refused(not-writable) O:refused(not-writable) F:refused(not-writable) F:refused(not-writable) O:refused(not-writable) F:refused(not-writable) O:refused(not-writable) F:refused(not-writable) O:refused(not-writable) F:refused(not-writable) O:refused(not-writable) F:refused(not-writable) O:refused(not-writable) F:refused(not-writable) O:refused(not-writable) F:refused(not-writable) O:refused(not-writable) F:refused(not-writable) O:refused(not-writable) F:refused(not-writable) O:refused(not-writable) F:refused(not-writable) O:refused(not-writable) F:refused(not-writable) O:refused(not-writable) F:refused(not-writable) O:refused(not-writable) F:refused(not-writable) O:refused(not-writable) F:refused(not-writable) O:refused(not-writable) F:refused(not-writable) O:refused(not-writable)	mount-err:Recovery(UnitUnreadable { slot: SlotNumber(50182) })	same	-	[0, 0]	0	0	[0, 0]	0	0	0	4	-	[]	0	0
F9-bad-media-rw-forever	N1A-any-isoAll-mem	MFOOFOFOFOFOFOFOFOFOFOFOFOFOFOFOFO	M:mount-err:Recovery(UnitUnreadable { slot: SlotNumber(50182) }) F:refused(not-writable) O:refused(not-writable) O:refused(not-writable) F:refused(not-writable) O:refused(not-writable) F:refused(not-writable) O:refused(not-writable) F:refused(not-writable) O:refused(not-writable) F:refused(not-writable) O:refused(not-writable) F:refused(not-writable) O:refused(not-writable) F:refused(not-writable) O:refused(not-writable) F:refused(not-writable) O:refused(not-writable) F:refused(not-writable) O:refused(not-writable) F:refused(not-writable) O:refused(not-writable) F:refused(not-writable) O:refused(not-writable) F:refused(not-writable) O:refused(not-writable) F:refused(not-writable) O:refused(not-writable) F:refused(not-writable) O:refused(not-writable) F:refused(not-writable) O:refused(not-writable) F:refused(not-writable) O:refused(not-writable)	mount-err:Recovery(UnitUnreadable { slot: SlotNumber(50182) })	same	-	[0, 0]	0	0	[0, 0]	0	0	0	4	-	[]	0	0
F9-bad-media-rw-forever	N1A-any-isoAll-mem	FOOOFOFOFOFOFOFOFOFOFOFOFOFOFOFOFO	F:noop O:ok O:ok O:ok F:ok(F=6,reclaimed=18) O:ok F:ok(F=7,reclaimed=8) O:ok F:ok(F=8,reclaimed=8) O:ok F:ok(F=9,reclaimed=8) O:ok F:ok(F=12,reclaimed=16) O:ok F:ok(F=15,reclaimed=16) O:ok F:ok(F=18,reclaimed=16) O:ok F:ok(F=21,reclaimed=16) O:ok F:ok(F=24,reclaimed=16) O:ok F:ok(F=27,reclaimed=16) O:ok F:ok(F=30,reclaimed=16) O:ok F:ok(F=33,reclaimed=16) O:ok F:ok(F=36,reclaimed=16) O:ok F:ok(F=39,reclaimed=16) O:ok F:ok(F=42,reclaimed=16) O:ok	ok	same	-	[2, 2]	4	0	[2, 2]	169	3375104	0	2	t1@50182:released-and-isolated	[]	0	0
F9-bad-media-rw-forever	N1A-any-isoAll-mem	MFMFFOFOFOFOFOFOFOFOFOFOFOFOFOFOFO	M:mount-err:Recovery(UnitUnreadable { slot: SlotNumber(50182) }) F:refused(not-writable) M:mount-err:Recovery(UnitUnreadable { slot: SlotNumber(50182) }) F:refused(not-writable) F:refused(not-writable) O:refused(not-writable) F:refused(not-writable) O:refused(not-writable) F:refused(not-writable) O:refused(not-writable) F:refused(not-writable) O:refused(not-writable) F:refused(not-writable) O:refused(not-writable) F:refused(not-writable) O:refused(not-writable) F:refused(not-writable) O:refused(not-writable) F:refused(not-writable) O:refused(not-writable) F:refused(not-writable) O:refused(not-writable) F:refused(not-writable) O:refused(not-writable) F:refused(not-writable) O:refused(not-writable) F:refused(not-writable) O:refused(not-writable) F:refused(not-writable) O:refused(not-writable) F:refused(not-writable) O:refused(not-writable) F:refused(not-writable) O:refused(not-writable)	mount-err:Recovery(UnitUnreadable { slot: SlotNumber(50182) })	same	-	[0, 0]	0	0	[0, 0]	0	0	0	6	-	[]	0	0
F9-bad-media-rw-forever	N1A-any-isoAll-mem	MFOMFOFOFOFOFOFOFOFOFOFOFOFOFOFOFO	M:mount-err:Recovery(UnitUnreadable { slot: SlotNumber(50182) }) F:refused(not-writable) O:refused(not-writable) M:mount-err:Recovery(UnitUnreadable { slot: SlotNumber(50182) }) F:refused(not-writable) O:refused(not-writable) F:refused(not-writable) O:refused(not-writable) F:refused(not-writable) O:refused(not-writable) F:refused(not-writable) O:refused(not-writable) F:refused(not-writable) O:refused(not-writable) F:refused(not-writable) O:refused(not-writable) F:refused(not-writable) O:refused(not-writable) F:refused(not-writable) O:refused(not-writable) F:refused(not-writable) O:refused(not-writable) F:refused(not-writable) O:refused(not-writable) F:refused(not-writable) O:refused(not-writable) F:refused(not-writable) O:refused(not-writable) F:refused(not-writable) O:refused(not-writable) F:refused(not-writable) O:refused(not-writable) F:refused(not-writable) O:refused(not-writable)	mount-err:Recovery(UnitUnreadable { slot: SlotNumber(50182) })	same	-	[0, 0]	0	0	[0, 0]	0	0	0	6	-	[]	0	0
F9-bad-media-rw-forever	N1A-any-isoAll-mem	MMFFFOFOFOFOFOFOFOFOFOFOFOFOFOFOFO	M:mount-err:Recovery(UnitUnreadable { slot: SlotNumber(50182) }) M:mount-err:Recovery(UnitUnreadable { slot: SlotNumber(50182) }) F:refused(not-writable) F:refused(not-writable) F:refused(not-writable) O:refused(not-writable) F:refused(not-writable) O:refused(not-writable) F:refused(not-writable) O:refused(not-writable) F:refused(not-writable) O:refused(not-writable) F:refused(not-writable) O:refused(not-writable) F:refused(not-writable) O:refused(not-writable) F:refused(not-writable) O:refused(not-writable) F:refused(not-writable) O:refused(not-writable) F:refused(not-writable) O:refused(not-writable) F:refused(not-writable) O:refused(not-writable) F:refused(not-writable) O:refused(not-writable) F:refused(not-writable) O:refused(not-writable) F:refused(not-writable) O:refused(not-writable) F:refused(not-writable) O:refused(not-writable) F:refused(not-writable) O:refused(not-writable)	mount-err:Recovery(UnitUnreadable { slot: SlotNumber(50182) })	same	-	[0, 0]	0	0	[0, 0]	0	0	0	6	-	[]	0	0
F9-bad-media-rw-forever	N1A-any-isoAll-mem	MFMOFOFOFOFOFOFOFOFOFOFOFOFOFOFOFO	M:mount-err:Recovery(UnitUnreadable { slot: SlotNumber(50182) }) F:refused(not-writable) M:mount-err:Recovery(UnitUnreadable { slot: SlotNumber(50182) }) O:refused(not-writable) F:refused(not-writable) O:refused(not-writable) F:refused(not-writable) O:refused(not-writable) F:refused(not-writable) O:refused(not-writable) F:refused(not-writable) O:refused(not-writable) F:refused(not-writable) O:refused(not-writable) F:refused(not-writable) O:refused(not-writable) F:refused(not-writable) O:refused(not-writable) F:refused(not-writable) O:refused(not-writable) F:refused(not-writable) O:refused(not-writable) F:refused(not-writable) O:refused(not-writable) F:refused(not-writable) O:refused(not-writable) F:refused(not-writable) O:refused(not-writable) F:refused(not-writable) O:refused(not-writable) F:refused(not-writable) O:refused(not-writable) F:refused(not-writable) O:refused(not-writable)	mount-err:Recovery(UnitUnreadable { slot: SlotNumber(50182) })	same	-	[0, 0]	0	0	[0, 0]	0	0	0	6	-	[]	0	0
F9-bad-media-rw-forever	N1A-any-isoAll-mem	MFMMFOFOFOFOFOFOFOFOFOFOFOFOFOFOFO	M:mount-err:Recovery(UnitUnreadable { slot: SlotNumber(50182) }) F:refused(not-writable) M:mount-err:Recovery(UnitUnreadable { slot: SlotNumber(50182) }) M:mount-err:Recovery(UnitUnreadable { slot: SlotNumber(50182) }) F:refused(not-writable) O:refused(not-writable) F:refused(not-writable) O:refused(not-writable) F:refused(not-writable) O:refused(not-writable) F:refused(not-writable) O:refused(not-writable) F:refused(not-writable) O:refused(not-writable) F:refused(not-writable) O:refused(not-writable) F:refused(not-writable) O:refused(not-writable) F:refused(not-writable) O:refused(not-writable) F:refused(not-writable) O:refused(not-writable) F:refused(not-writable) O:refused(not-writable) F:refused(not-writable) O:refused(not-writable) F:refused(not-writable) O:refused(not-writable) F:refused(not-writable) O:refused(not-writable) F:refused(not-writable) O:refused(not-writable) F:refused(not-writable) O:refused(not-writable)	mount-err:Recovery(UnitUnreadable { slot: SlotNumber(50182) })	same	-	[0, 0]	0	0	[0, 0]	0	0	0	8	-	[]	0	0
F9-bad-media-rw-forever	N1A-any-isoAll-mem	MMFOFOFOFOFOFOFOFOFOFOFOFOFOFOFOFO	M:mount-err:Recovery(UnitUnreadable { slot: SlotNumber(50182) }) M:mount-err:Recovery(UnitUnreadable { slot: SlotNumber(50182) }) F:refused(not-writable) O:refused(not-writable) F:refused(not-writable) O:refused(not-writable) F:refused(not-writable) O:refused(not-writable) F:refused(not-writable) O:refused(not-writable) F:refused(not-writable) O:refused(not-writable) F:refused(not-writable) O:refused(not-writable) F:refused(not-writable) O:refused(not-writable) F:refused(not-writable) O:refused(not-writable) F:refused(not-writable) O:refused(not-writable) F:refused(not-writable) O:refused(not-writable) F:refused(not-writable) O:refused(not-writable) F:refused(not-writable) O:refused(not-writable) F:refused(not-writable) O:refused(not-writable) F:refused(not-writable) O:refused(not-writable) F:refused(not-writable) O:refused(not-writable) F:refused(not-writable) O:refused(not-writable)	mount-err:Recovery(UnitUnreadable { slot: SlotNumber(50182) })	same	-	[0, 0]	0	0	[0, 0]	0	0	0	6	-	[]	0	0
F9-bad-media-rw-forever	N1A-any-isoAll-mem	MMFMFOFOFOFOFOFOFOFOFOFOFOFOFOFOFO	M:mount-err:Recovery(UnitUnreadable { slot: SlotNumber(50182) }) M:mount-err:Recovery(UnitUnreadable { slot: SlotNumber(50182) }) F:refused(not-writable) M:mount-err:Recovery(UnitUnreadable { slot: SlotNumber(50182) }) F:refused(not-writable) O:refused(not-writable) F:refused(not-writable) O:refused(not-writable) F:refused(not-writable) O:refused(not-writable) F:refused(not-writable) O:refused(not-writable) F:refused(not-writable) O:refused(not-writable) F:refused(not-writable) O:refused(not-writable) F:refused(not-writable) O:refused(not-writable) F:refused(not-writable) O:refused(not-writable) F:refused(not-writable) O:refused(not-writable) F:refused(not-writable) O:refused(not-writable) F:refused(not-writable) O:refused(not-writable) F:refused(not-writable) O:refused(not-writable) F:refused(not-writable) O:refused(not-writable) F:refused(not-writable) O:refused(not-writable) F:refused(not-writable) O:refused(not-writable)	mount-err:Recovery(UnitUnreadable { slot: SlotNumber(50182) })	same	-	[0, 0]	0	0	[0, 0]	0	0	0	8	-	[]	0	0
F9-bad-media-rw-forever	N1A-any-isoAll-mem	MMOFFOFOFOFOFOFOFOFOFOFOFOFOFOFOFO	M:mount-err:Recovery(UnitUnreadable { slot: SlotNumber(50182) }) M:mount-err:Recovery(UnitUnreadable { slot: SlotNumber(50182) }) O:refused(not-writable) F:refused(not-writable) F:refused(not-writable) O:refused(not-writable) F:refused(not-writable) O:refused(not-writable) F:refused(not-writable) O:refused(not-writable) F:refused(not-writable) O:refused(not-writable) F:refused(not-writable) O:refused(not-writable) F:refused(not-writable) O:refused(not-writable) F:refused(not-writable) O:refused(not-writable) F:refused(not-writable) O:refused(not-writable) F:refused(not-writable) O:refused(not-writable) F:refused(not-writable) O:refused(not-writable) F:refused(not-writable) O:refused(not-writable) F:refused(not-writable) O:refused(not-writable) F:refused(not-writable) O:refused(not-writable) F:refused(not-writable) O:refused(not-writable) F:refused(not-writable) O:refused(not-writable)	mount-err:Recovery(UnitUnreadable { slot: SlotNumber(50182) })	same	-	[0, 0]	0	0	[0, 0]	0	0	0	6	-	[]	0	0
F9-bad-media-rw-forever	N1A-any-isoAll-mem	MMMFFOFOFOFOFOFOFOFOFOFOFOFOFOFOFO	M:mount-err:Recovery(UnitUnreadable { slot: SlotNumber(50182) }) M:mount-err:Recovery(UnitUnreadable { slot: SlotNumber(50182) }) M:mount-err:Recovery(UnitUnreadable { slot: SlotNumber(50182) }) F:refused(not-writable) F:refused(not-writable) O:refused(not-writable) F:refused(not-writable) O:refused(not-writable) F:refused(not-writable) O:refused(not-writable) F:refused(not-writable) O:refused(not-writable) F:refused(not-writable) O:refused(not-writable) F:refused(not-writable) O:refused(not-writable) F:refused(not-writable) O:refused(not-writable) F:refused(not-writable) O:refused(not-writable) F:refused(not-writable) O:refused(not-writable) F:refused(not-writable) O:refused(not-writable) F:refused(not-writable) O:refused(not-writable) F:refused(not-writable) O:refused(not-writable) F:refused(not-writable) O:refused(not-writable) F:refused(not-writable) O:refused(not-writable) F:refused(not-writable) O:refused(not-writable)	mount-err:Recovery(UnitUnreadable { slot: SlotNumber(50182) })	same	-	[0, 0]	0	0	[0, 0]	0	0	0	8	-	[]	0	0
F9-bad-media-rw-forever	N1A-any-isoAll-mem	MMMMFOFOFOFOFOFOFOFOFOFOFOFOFOFOFO	M:mount-err:Recovery(UnitUnreadable { slot: SlotNumber(50182) }) M:mount-err:Recovery(UnitUnreadable { slot: SlotNumber(50182) }) M:mount-err:Recovery(UnitUnreadable { slot: SlotNumber(50182) }) M:mount-err:Recovery(UnitUnreadable { slot: SlotNumber(50182) }) F:refused(not-writable) O:refused(not-writable) F:refused(not-writable) O:refused(not-writable) F:refused(not-writable) O:refused(not-writable) F:refused(not-writable) O:refused(not-writable) F:refused(not-writable) O:refused(not-writable) F:refused(not-writable) O:refused(not-writable) F:refused(not-writable) O:refused(not-writable) F:refused(not-writable) O:refused(not-writable) F:refused(not-writable) O:refused(not-writable) F:refused(not-writable) O:refused(not-writable) F:refused(not-writable) O:refused(not-writable) F:refused(not-writable) O:refused(not-writable) F:refused(not-writable) O:refused(not-writable) F:refused(not-writable) O:refused(not-writable) F:refused(not-writable) O:refused(not-writable)	mount-err:Recovery(UnitUnreadable { slot: SlotNumber(50182) })	same	-	[0, 0]	0	0	[0, 0]	0	0	0	10	-	[]	0	0
F9-bad-media-rw-forever	N1A-any-isoAll-mem	MOFFFOFOFOFOFOFOFOFOFOFOFOFOFOFOFO	M:mount-err:Recovery(UnitUnreadable { slot: SlotNumber(50182) }) O:refused(not-writable) F:refused(not-writable) F:refused(not-writable) F:refused(not-writable) O:refused(not-writable) F:refused(not-writable) O:refused(not-writable) F:refused(not-writable) O:refused(not-writable) F:refused(not-writable) O:refused(not-writable) F:refused(not-writable) O:refused(not-writable) F:refused(not-writable) O:refused(not-writable) F:refused(not-writable) O:refused(not-writable) F:refused(not-writable) O:refused(not-writable) F:refused(not-writable) O:refused(not-writable) F:refused(not-writable) O:refused(not-writable) F:refused(not-writable) O:refused(not-writable) F:refused(not-writable) O:refused(not-writable) F:refused(not-writable) O:refused(not-writable) F:refused(not-writable) O:refused(not-writable) F:refused(not-writable) O:refused(not-writable)	mount-err:Recovery(UnitUnreadable { slot: SlotNumber(50182) })	same	-	[0, 0]	0	0	[0, 0]	0	0	0	4	-	[]	0	0
F9-bad-media-rw-forever	N1A-any-isoAll-mem	MMOOFOFOFOFOFOFOFOFOFOFOFOFOFOFOFO	M:mount-err:Recovery(UnitUnreadable { slot: SlotNumber(50182) }) M:mount-err:Recovery(UnitUnreadable { slot: SlotNumber(50182) }) O:refused(not-writable) O:refused(not-writable) F:refused(not-writable) O:refused(not-writable) F:refused(not-writable) O:refused(not-writable) F:refused(not-writable) O:refused(not-writable) F:refused(not-writable) O:refused(not-writable) F:refused(not-writable) O:refused(not-writable) F:refused(not-writable) O:refused(not-writable) F:refused(not-writable) O:refused(not-writable) F:refused(not-writable) O:refused(not-writable) F:refused(not-writable) O:refused(not-writable) F:refused(not-writable) O:refused(not-writable) F:refused(not-writable) O:refused(not-writable) F:refused(not-writable) O:refused(not-writable) F:refused(not-writable) O:refused(not-writable) F:refused(not-writable) O:refused(not-writable) F:refused(not-writable) O:refused(not-writable)	mount-err:Recovery(UnitUnreadable { slot: SlotNumber(50182) })	same	-	[0, 0]	0	0	[0, 0]	0	0	0	6	-	[]	0	0
F9-bad-media-rw-forever	N1A-any-isoAll-mem	MMMOFOFOFOFOFOFOFOFOFOFOFOFOFOFOFO	M:mount-err:Recovery(UnitUnreadable { slot: SlotNumber(50182) }) M:mount-err:Recovery(UnitUnreadable { slot: SlotNumber(50182) }) M:mount-err:Recovery(UnitUnreadable { slot: SlotNumber(50182) }) O:refused(not-writable) F:refused(not-writable) O:refused(not-writable) F:refused(not-writable) O:refused(not-writable) F:refused(not-writable) O:refused(not-writable) F:refused(not-writable) O:refused(not-writable) F:refused(not-writable) O:refused(not-writable) F:refused(not-writable) O:refused(not-writable) F:refused(not-writable) O:refused(not-writable) F:refused(not-writable) O:refused(not-writable) F:refused(not-writable) O:refused(not-writable) F:refused(not-writable) O:refused(not-writable) F:refused(not-writable) O:refused(not-writable) F:refused(not-writable) O:refused(not-writable) F:refused(not-writable) O:refused(not-writable) F:refused(not-writable) O:refused(not-writable) F:refused(not-writable) O:refused(not-writable)	mount-err:Recovery(UnitUnreadable { slot: SlotNumber(50182) })	same	-	[0, 0]	0	0	[0, 0]	0	0	0	8	-	[]	0	0
F9-bad-media-rw-forever	N1A-any-isoAll-mem	MMOMFOFOFOFOFOFOFOFOFOFOFOFOFOFOFO	M:mount-err:Recovery(UnitUnreadable { slot: SlotNumber(50182) }) M:mount-err:Recovery(UnitUnreadable { slot: SlotNumber(50182) }) O:refused(not-writable) M:mount-err:Recovery(UnitUnreadable { slot: SlotNumber(50182) }) F:refused(not-writable) O:refused(not-writable) F:refused(not-writable) O:refused(not-writable) F:refused(not-writable) O:refused(not-writable) F:refused(not-writable) O:refused(not-writable) F:refused(not-writable) O:refused(not-writable) F:refused(not-writable) O:refused(not-writable) F:refused(not-writable) O:refused(not-writable) F:refused(not-writable) O:refused(not-writable) F:refused(not-writable) O:refused(not-writable) F:refused(not-writable) O:refused(not-writable) F:refused(not-writable) O:refused(not-writable) F:refused(not-writable) O:refused(not-writable) F:refused(not-writable) O:refused(not-writable) F:refused(not-writable) O:refused(not-writable) F:refused(not-writable) O:refused(not-writable)	mount-err:Recovery(UnitUnreadable { slot: SlotNumber(50182) })	same	-	[0, 0]	0	0	[0, 0]	0	0	0	8	-	[]	0	0
F9-bad-media-rw-forever	N1A-any-isoAll-mem	MOFOFOFOFOFOFOFOFOFOFOFOFOFOFOFOFO	M:mount-err:Recovery(UnitUnreadable { slot: SlotNumber(50182) }) O:refused(not-writable) F:refused(not-writable) O:refused(not-writable) F:refused(not-writable) O:refused(not-writable) F:refused(not-writable) O:refused(not-writable) F:refused(not-writable) O:refused(not-writable) F:refused(not-writable) O:refused(not-writable) F:refused(not-writable) O:refused(not-writable) F:refused(not-writable) O:refused(not-writable) F:refused(not-writable) O:refused(not-writable) F:refused(not-writable) O:refused(not-writable) F:refused(not-writable) O:refused(not-writable) F:refused(not-writable) O:refused(not-writable) F:refused(not-writable) O:refused(not-writable) F:refused(not-writable) O:refused(not-writable) F:refused(not-writable) O:refused(not-writable) F:refused(not-writable) O:refused(not-writable) F:refused(not-writable) O:refused(not-writable)	mount-err:Recovery(UnitUnreadable { slot: SlotNumber(50182) })	same	-	[0, 0]	0	0	[0, 0]	0	0	0	4	-	[]	0	0
F9-bad-media-rw-forever	N1A-any-isoAll-mem	MOFMFOFOFOFOFOFOFOFOFOFOFOFOFOFOFO	M:mount-err:Recovery(UnitUnreadable { slot: SlotNumber(50182) }) O:refused(not-writable) F:refused(not-writable) M:mount-err:Recovery(UnitUnreadable { slot: SlotNumber(50182) }) F:refused(not-writable) O:refused(not-writable) F:refused(not-writable) O:refused(not-writable) F:refused(not-writable) O:refused(not-writable) F:refused(not-writable) O:refused(not-writable) F:refused(not-writable) O:refused(not-writable) F:refused(not-writable) O:refused(not-writable) F:refused(not-writable) O:refused(not-writable) F:refused(not-writable) O:refused(not-writable) F:refused(not-writable) O:refused(not-writable) F:refused(not-writable) O:refused(not-writable) F:refused(not-writable) O:refused(not-writable) F:refused(not-writable) O:refused(not-writable) F:refused(not-writable) O:refused(not-writable) F:refused(not-writable) O:refused(not-writable) F:refused(not-writable) O:refused(not-writable)	mount-err:Recovery(UnitUnreadable { slot: SlotNumber(50182) })	same	-	[0, 0]	0	0	[0, 0]	0	0	0	6	-	[]	0	0
F9-bad-media-rw-forever	N1A-any-isoAll-mem	MOMFFOFOFOFOFOFOFOFOFOFOFOFOFOFOFO	M:mount-err:Recovery(UnitUnreadable { slot: SlotNumber(50182) }) O:refused(not-writable) M:mount-err:Recovery(UnitUnreadable { slot: SlotNumber(50182) }) F:refused(not-writable) F:refused(not-writable) O:refused(not-writable) F:refused(not-writable) O:refused(not-writable) F:refused(not-writable) O:refused(not-writable) F:refused(not-writable) O:refused(not-writable) F:refused(not-writable) O:refused(not-writable) F:refused(not-writable) O:refused(not-writable) F:refused(not-writable) O:refused(not-writable) F:refused(not-writable) O:refused(not-writable) F:refused(not-writable) O:refused(not-writable) F:refused(not-writable) O:refused(not-writable) F:refused(not-writable) O:refused(not-writable) F:refused(not-writable) O:refused(not-writable) F:refused(not-writable) O:refused(not-writable) F:refused(not-writable) O:refused(not-writable) F:refused(not-writable) O:refused(not-writable)	mount-err:Recovery(UnitUnreadable { slot: SlotNumber(50182) })	same	-	[0, 0]	0	0	[0, 0]	0	0	0	6	-	[]	0	0
F9-bad-media-rw-forever	N1A-any-isoAll-mem	MOOFFOFOFOFOFOFOFOFOFOFOFOFOFOFOFO	M:mount-err:Recovery(UnitUnreadable { slot: SlotNumber(50182) }) O:refused(not-writable) O:refused(not-writable) F:refused(not-writable) F:refused(not-writable) O:refused(not-writable) F:refused(not-writable) O:refused(not-writable) F:refused(not-writable) O:refused(not-writable) F:refused(not-writable) O:refused(not-writable) F:refused(not-writable) O:refused(not-writable) F:refused(not-writable) O:refused(not-writable) F:refused(not-writable) O:refused(not-writable) F:refused(not-writable) O:refused(not-writable) F:refused(not-writable) O:refused(not-writable) F:refused(not-writable) O:refused(not-writable) F:refused(not-writable) O:refused(not-writable) F:refused(not-writable) O:refused(not-writable) F:refused(not-writable) O:refused(not-writable) F:refused(not-writable) O:refused(not-writable) F:refused(not-writable) O:refused(not-writable)	mount-err:Recovery(UnitUnreadable { slot: SlotNumber(50182) })	same	-	[0, 0]	0	0	[0, 0]	0	0	0	4	-	[]	0	0
F9-bad-media-rw-forever	N1A-any-isoAll-mem	MOOMFOFOFOFOFOFOFOFOFOFOFOFOFOFOFO	M:mount-err:Recovery(UnitUnreadable { slot: SlotNumber(50182) }) O:refused(not-writable) O:refused(not-writable) M:mount-err:Recovery(UnitUnreadable { slot: SlotNumber(50182) }) F:refused(not-writable) O:refused(not-writable) F:refused(not-writable) O:refused(not-writable) F:refused(not-writable) O:refused(not-writable) F:refused(not-writable) O:refused(not-writable) F:refused(not-writable) O:refused(not-writable) F:refused(not-writable) O:refused(not-writable) F:refused(not-writable) O:refused(not-writable) F:refused(not-writable) O:refused(not-writable) F:refused(not-writable) O:refused(not-writable) F:refused(not-writable) O:refused(not-writable) F:refused(not-writable) O:refused(not-writable) F:refused(not-writable) O:refused(not-writable) F:refused(not-writable) O:refused(not-writable) F:refused(not-writable) O:refused(not-writable) F:refused(not-writable) O:refused(not-writable)	mount-err:Recovery(UnitUnreadable { slot: SlotNumber(50182) })	same	-	[0, 0]	0	0	[0, 0]	0	0	0	6	-	[]	0	0
F9-bad-media-rw-forever	N1A-any-isoAll-mem	MOMOFOFOFOFOFOFOFOFOFOFOFOFOFOFOFO	M:mount-err:Recovery(UnitUnreadable { slot: SlotNumber(50182) }) O:refused(not-writable) M:mount-err:Recovery(UnitUnreadable { slot: SlotNumber(50182) }) O:refused(not-writable) F:refused(not-writable) O:refused(not-writable) F:refused(not-writable) O:refused(not-writable) F:refused(not-writable) O:refused(not-writable) F:refused(not-writable) O:refused(not-writable) F:refused(not-writable) O:refused(not-writable) F:refused(not-writable) O:refused(not-writable) F:refused(not-writable) O:refused(not-writable) F:refused(not-writable) O:refused(not-writable) F:refused(not-writable) O:refused(not-writable) F:refused(not-writable) O:refused(not-writable) F:refused(not-writable) O:refused(not-writable) F:refused(not-writable) O:refused(not-writable) F:refused(not-writable) O:refused(not-writable) F:refused(not-writable) O:refused(not-writable) F:refused(not-writable) O:refused(not-writable)	mount-err:Recovery(UnitUnreadable { slot: SlotNumber(50182) })	same	-	[0, 0]	0	0	[0, 0]	0	0	0	6	-	[]	0	0
F9-bad-media-rw-forever	N1A-any-isoAll-mem	MOMMFOFOFOFOFOFOFOFOFOFOFOFOFOFOFO	M:mount-err:Recovery(UnitUnreadable { slot: SlotNumber(50182) }) O:refused(not-writable) M:mount-err:Recovery(UnitUnreadable { slot: SlotNumber(50182) }) M:mount-err:Recovery(UnitUnreadable { slot: SlotNumber(50182) }) F:refused(not-writable) O:refused(not-writable) F:refused(not-writable) O:refused(not-writable) F:refused(not-writable) O:refused(not-writable) F:refused(not-writable) O:refused(not-writable) F:refused(not-writable) O:refused(not-writable) F:refused(not-writable) O:refused(not-writable) F:refused(not-writable) O:refused(not-writable) F:refused(not-writable) O:refused(not-writable) F:refused(not-writable) O:refused(not-writable) F:refused(not-writable) O:refused(not-writable) F:refused(not-writable) O:refused(not-writable) F:refused(not-writable) O:refused(not-writable) F:refused(not-writable) O:refused(not-writable) F:refused(not-writable) O:refused(not-writable) F:refused(not-writable) O:refused(not-writable)	mount-err:Recovery(UnitUnreadable { slot: SlotNumber(50182) })	same	-	[0, 0]	0	0	[0, 0]	0	0	0	8	-	[]	0	0
F9-bad-media-rw-forever	N1A-any-isoAll-mem	MOOOFOFOFOFOFOFOFOFOFOFOFOFOFOFOFO	M:mount-err:Recovery(UnitUnreadable { slot: SlotNumber(50182) }) O:refused(not-writable) O:refused(not-writable) O:refused(not-writable) F:refused(not-writable) O:refused(not-writable) F:refused(not-writable) O:refused(not-writable) F:refused(not-writable) O:refused(not-writable) F:refused(not-writable) O:refused(not-writable) F:refused(not-writable) O:refused(not-writable) F:refused(not-writable) O:refused(not-writable) F:refused(not-writable) O:refused(not-writable) F:refused(not-writable) O:refused(not-writable) F:refused(not-writable) O:refused(not-writable) F:refused(not-writable) O:refused(not-writable) F:refused(not-writable) O:refused(not-writable) F:refused(not-writable) O:refused(not-writable) F:refused(not-writable) O:refused(not-writable) F:refused(not-writable) O:refused(not-writable) F:refused(not-writable) O:refused(not-writable)	mount-err:Recovery(UnitUnreadable { slot: SlotNumber(50182) })	same	-	[0, 0]	0	0	[0, 0]	0	0	0	4	-	[]	0	0
F9-bad-media-rw-forever	N1A-any-isoAll-mem	OFFMFOFOFOFOFOFOFOFOFOFOFOFOFOFOFO	O:ok F:noop F:noop M:ok F:noop O:ok F:ok(F=3,reclaimed=1) O:ok F:ok(F=6,reclaimed=17) O:ok F:ok(F=7,reclaimed=8) O:ok F:ok(F=11,reclaimed=21) O:err:BlockDevice(InputOutput(Custom { kind: Other, error: "injected write e F:noop O:err:BlockDevice(InputOutput(Custom { kind: Other, error: "injected write e F:noop O:err:BlockDevice(InputOutput(Custom { kind: Other, error: "injected write e F:noop O:err:BlockDevice(InputOutput(Custom { kind: Other, error: "injected write e F:noop O:err:BlockDevice(InputOutput(Custom { kind: Other, error: "injected write e F:noop O:err:BlockDevice(InputOutput(Custom { kind: Other, error: "injected write e F:noop O:err:BlockDevice(InputOutput(Custom { kind: Other, error: "injected write e F:noop O:err:BlockDevice(InputOutput(Custom { kind: Other, error: "injected write e F:noop O:err:BlockDevice(InputOutput(Custom { kind: Other, error: "injected write e F:noop O:err:BlockDevice(InputOutput(Custom { kind: Other, error: "injected write e F:noop O:err:BlockDevice(InputOutput(Custom { kind: Other, error: "injected write e	ok	same	-	[0, 0]	4	0	[0, 0]	119	2490368	0	2	t1@50182:released-and-isolated	[]	0	11
F9-bad-media-rw-forever	N1A-any-isoAll-mem	OFFFFOFOFOFOFOFOFOFOFOFOFOFOFOFOFO	O:ok F:noop F:noop F:noop F:noop O:ok F:ok(F=3,reclaimed=1) O:ok F:ok(F=6,reclaimed=17) O:ok F:ok(F=7,reclaimed=8) O:ok F:ok(F=8,reclaimed=8) O:ok F:ok(F=11,reclaimed=16) O:ok F:ok(F=14,reclaimed=16) O:ok F:ok(F=17,reclaimed=16) O:ok F:ok(F=20,reclaimed=16) O:ok F:ok(F=23,reclaimed=16) O:ok F:ok(F=26,reclaimed=16) O:ok F:ok(F=29,reclaimed=16) O:ok F:ok(F=32,reclaimed=16) O:ok F:ok(F=35,reclaimed=16) O:ok F:ok(F=38,reclaimed=16) O:ok	ok	same	-	[2, 2]	4	0	[2, 2]	153	3047424	0	2	t1@50182:released-and-isolated	[]	0	0
F9-bad-media-rw-forever	N1A-any-isoAll-mem	OFMFFOFOFOFOFOFOFOFOFOFOFOFOFOFOFO	O:ok F:noop M:ok F:noop F:noop O:ok F:ok(F=3,reclaimed=1) O:ok F:ok(F=6,reclaimed=17) O:ok F:ok(F=7,reclaimed=8) O:ok F:ok(F=11,reclaimed=21) O:err:BlockDevice(InputOutput(Custom { kind: Other, error: "injected write e F:noop O:err:BlockDevice(InputOutput(Custom { kind: Other, error: "injected write e F:noop O:err:BlockDevice(InputOutput(Custom { kind: Other, error: "injected write e F:noop O:err:BlockDevice(InputOutput(Custom { kind: Other, error: "injected write e F:noop O:err:BlockDevice(InputOutput(Custom { kind: Other, error: "injected write e F:noop O:err:BlockDevice(InputOutput(Custom { kind: Other, error: "injected write e F:noop O:err:BlockDevice(InputOutput(Custom { kind: Other, error: "injected write e F:noop O:err:BlockDevice(InputOutput(Custom { kind: Other, error: "injected write e F:noop O:err:BlockDevice(InputOutput(Custom { kind: Other, error: "injected write e F:noop O:err:BlockDevice(InputOutput(Custom { kind: Other, error: "injected write e F:noop O:err:BlockDevice(InputOutput(Custom { kind: Other, error: "injected write e	ok	same	-	[0, 0]	4	0	[0, 0]	119	2490368	0	2	t1@50182:released-and-isolated	[]	0	11
F9-bad-media-rw-forever	N1A-any-isoAll-mem	OFFOFOFOFOFOFOFOFOFOFOFOFOFOFOFOFO	O:ok F:noop F:noop O:ok F:ok(F=3,reclaimed=1) O:ok F:ok(F=6,reclaimed=17) O:ok F:ok(F=7,reclaimed=8) O:ok F:ok(F=8,reclaimed=8) O:ok F:ok(F=11,reclaimed=16) O:ok F:ok(F=14,reclaimed=16) O:ok F:ok(F=17,reclaimed=16) O:ok F:ok(F=20,reclaimed=16) O:ok F:ok(F=23,reclaimed=16) O:ok F:ok(F=26,reclaimed=16) O:ok F:ok(F=29,reclaimed=16) O:ok F:ok(F=32,reclaimed=16) O:ok F:ok(F=35,reclaimed=16) O:ok F:ok(F=38,reclaimed=16) O:ok F:ok(F=41,reclaimed=16) O:ok	ok	same	-	[2, 2]	4	0	[2, 2]	163	3244032	0	2	t1@50182:released-and-isolated	[]	0	0
F9-bad-media-rw-forever	N1A-any-isoAll-mem	OFMOFOFOFOFOFOFOFOFOFOFOFOFOFOFOFO	O:ok F:noop M:ok O:ok F:ok(F=3,reclaimed=1) O:ok F:ok(F=6,reclaimed=17) O:ok F:ok(F=7,reclaimed=8) O:ok F:ok(F=11,reclaimed=21) O:err:BlockDevice(InputOutput(Custom { kind: Other, error: "injected write e F:noop O:err:BlockDevice(InputOutput(Custom { kind: Other, error: "injected write e F:noop O:err:BlockDevice(InputOutput(Custom { kind: Other, error: "injected write e F:noop O:err:BlockDevice(InputOutput(Custom { kind: Other, error: "injected write e F:noop O:err:BlockDevice(InputOutput(Custom { kind: Other, error: "injected write e F:noop O:err:BlockDevice(InputOutput(Custom { kind: Other, error: "injected write e F:noop O:err:BlockDevice(InputOutput(Custom { kind: Other, error: "injected write e F:noop O:err:BlockDevice(InputOutput(Custom { kind: Other, error: "injected write e F:noop O:err:BlockDevice(InputOutput(Custom { kind: Other, error: "injected write e F:noop O:err:BlockDevice(InputOutput(Custom { kind: Other, error: "injected write e F:noop O:err:BlockDevice(InputOutput(Custom { kind: Other, error: "injected write e F:noop O:err:BlockDevice(InputOutput(Custom { kind: Other, error: "injected write e	ok	same	-	[0, 0]	4	0	[0, 0]	125	2621440	0	2	t1@50182:released-and-isolated	[]	0	12
F9-bad-media-rw-forever	N1A-any-isoAll-mem	OFOOFOFOFOFOFOFOFOFOFOFOFOFOFOFOFO	O:ok F:noop O:ok O:ok F:ok(F=6,reclaimed=18) O:ok F:ok(F=7,reclaimed=8) O:ok F:ok(F=8,reclaimed=8) O:ok F:ok(F=9,reclaimed=8) O:ok F:ok(F=12,reclaimed=16) O:ok F:ok(F=15,reclaimed=16) O:ok F:ok(F=18,reclaimed=16) O:ok F:ok(F=21,reclaimed=16) O:ok F:ok(F=24,reclaimed=16) O:ok F:ok(F=27,reclaimed=16) O:ok F:ok(F=30,reclaimed=16) O:ok F:ok(F=33,reclaimed=16) O:ok F:ok(F=36,reclaimed=16) O:ok F:ok(F=39,reclaimed=16) O:ok F:ok(F=42,reclaimed=16) O:ok	ok	same	-	[2, 2]	4	0	[2, 2]	169	3375104	0	2	t1@50182:released-and-isolated	[]	0	0
F9-bad-media-rw-forever	N1A-any-isoAll-mem	OFOFFOFOFOFOFOFOFOFOFOFOFOFOFOFOFO	O:ok F:noop O:ok F:ok(F=3,reclaimed=1) F:noop O:ok F:ok(F=6,reclaimed=17) O:ok F:ok(F=7,reclaimed=8) O:ok F:ok(F=8,reclaimed=8) O:ok F:ok(F=11,reclaimed=16) O:ok F:ok(F=14,reclaimed=16) O:ok F:ok(F=17,reclaimed=16) O:ok F:ok(F=20,reclaimed=16) O:ok F:ok(F=23,reclaimed=16) O:ok F:ok(F=26,reclaimed=16) O:ok F:ok(F=29,reclaimed=16) O:ok F:ok(F=32,reclaimed=16) O:ok F:ok(F=35,reclaimed=16) O:ok F:ok(F=38,reclaimed=16) O:ok F:ok(F=41,reclaimed=16) O:ok	ok	same	-	[2, 2]	4	0	[2, 2]	163	3244032	0	2	t1@50182:released-and-isolated	[]	0	0
F9-bad-media-rw-forever	N1A-any-isoAll-mem	OMFFFOFOFOFOFOFOFOFOFOFOFOFOFOFOFO	O:ok M:ok F:noop F:noop F:noop O:ok F:ok(F=3,reclaimed=1) O:ok F:ok(F=6,reclaimed=17) O:ok F:ok(F=7,reclaimed=8) O:ok F:ok(F=11,reclaimed=21) O:err:BlockDevice(InputOutput(Custom { kind: Other, error: "injected write e F:noop O:err:BlockDevice(InputOutput(Custom { kind: Other, error: "injected write e F:noop O:err:BlockDevice(InputOutput(Custom { kind: Other, error: "injected write e F:noop O:err:BlockDevice(InputOutput(Custom { kind: Other, error: "injected write e F:noop O:err:BlockDevice(InputOutput(Custom { kind: Other, error: "injected write e F:noop O:err:BlockDevice(InputOutput(Custom { kind: Other, error: "injected write e F:noop O:err:BlockDevice(InputOutput(Custom { kind: Other, error: "injected write e F:noop O:err:BlockDevice(InputOutput(Custom { kind: Other, error: "injected write e F:noop O:err:BlockDevice(InputOutput(Custom { kind: Other, error: "injected write e F:noop O:err:BlockDevice(InputOutput(Custom { kind: Other, error: "injected write e F:noop O:err:BlockDevice(InputOutput(Custom { kind: Other, error: "injected write e	ok	same	-	[0, 0]	4	0	[0, 0]	119	2490368	0	2	t1@50182:released-and-isolated	[]	0	11
F9-bad-media-rw-forever	N1A-any-isoAll-mem	OFMMFOFOFOFOFOFOFOFOFOFOFOFOFOFOFO	O:ok F:noop M:ok M:ok F:noop O:ok F:ok(F=3,reclaimed=1) O:ok F:ok(F=6,reclaimed=17) O:ok F:ok(F=7,reclaimed=8) O:ok F:ok(F=14,reclaimed=34) O:err:BlockDevice(InputOutput(Custom { kind: Other, error: "injected write e F:noop O:err:BlockDevice(InputOutput(Custom { kind: Other, error: "injected write e F:noop O:err:BlockDevice(InputOutput(Custom { kind: Other, error: "injected write e F:noop O:err:BlockDevice(InputOutput(Custom { kind: Other, error: "injected write e F:noop O:err:BlockDevice(InputOutput(Custom { kind: Other, error: "injected write e F:noop O:err:BlockDevice(InputOutput(Custom { kind: Other, error: "injected write e F:noop O:err:BlockDevice(InputOutput(Custom { kind: Other, error: "injected write e F:noop O:err:BlockDevice(InputOutput(Custom { kind: Other, error: "injected write e F:noop O:err:BlockDevice(InputOutput(Custom { kind: Other, error: "injected write e F:noop O:err:BlockDevice(InputOutput(Custom { kind: Other, error: "injected write e F:noop O:err:BlockDevice(InputOutput(Custom { kind: Other, error: "injected write e	ok	same	-	[0, 0]	4	0	[0, 0]	125	2588672	0	2	t1@50182:released-and-isolated	[]	0	11
F9-bad-media-rw-forever	N1A-any-isoAll-mem	OFOMFOFOFOFOFOFOFOFOFOFOFOFOFOFOFO	O:ok F:noop O:ok M:ok F:ok(F=3,reclaimed=1) O:ok F:ok(F=6,reclaimed=17) O:ok F:ok(F=7,reclaimed=8) O:ok F:ok(F=8,reclaimed=8) O:err:BlockDevice(InputOutput(Custom { kind: Other, error: "injected write e F:noop O:err:BlockDevice(InputOutput(Custom { kind: Other, error: "injected write e F:noop O:err:BlockDevice(InputOutput(Custom { kind: Other, error: "injected write e F:noop O:err:BlockDevice(InputOutput(Custom { kind: Other, error: "injected write e F:noop O:err:BlockDevice(InputOutput(Custom { kind: Other, error: "injected write e F:noop O:err:BlockDevice(InputOutput(Custom { kind: Other, error: "injected write e F:noop O:err:BlockDevice(InputOutput(Custom { kind: Other, error: "injected write e F:noop O:err:BlockDevice(InputOutput(Custom { kind: Other, error: "injected write e F:noop O:err:BlockDevice(InputOutput(Custom { kind: Other, error: "injected write e F:noop O:err:BlockDevice(InputOutput(Custom { kind: Other, error: "injected write e F:noop O:err:BlockDevice(InputOutput(Custom { kind: Other, error: "injected write e F:noop O:err:BlockDevice(InputOutput(Custom { kind: Other, error: "injected write e	ok	same	-	[0, 0]	4	0	[0, 0]	125	2621440	0	2	t1@50182:released-and-isolated	[]	0	12
F9-bad-media-rw-forever	N1A-any-isoAll-mem	OMFMFOFOFOFOFOFOFOFOFOFOFOFOFOFOFO	O:ok M:ok F:noop M:ok F:noop O:ok F:ok(F=3,reclaimed=1) O:ok F:ok(F=6,reclaimed=17) O:ok F:ok(F=7,reclaimed=8) O:ok F:ok(F=14,reclaimed=34) O:err:BlockDevice(InputOutput(Custom { kind: Other, error: "injected write e F:noop O:err:BlockDevice(InputOutput(Custom { kind: Other, error: "injected write e F:noop O:err:BlockDevice(InputOutput(Custom { kind: Other, error: "injected write e F:noop O:err:BlockDevice(InputOutput(Custom { kind: Other, error: "injected write e F:noop O:err:BlockDevice(InputOutput(Custom { kind: Other, error: "injected write e F:noop O:err:BlockDevice(InputOutput(Custom { kind: Other, error: "injected write e F:noop O:err:BlockDevice(InputOutput(Custom { kind: Other, error: "injected write e F:noop O:err:BlockDevice(InputOutput(Custom { kind: Other, error: "injected write e F:noop O:err:BlockDevice(InputOutput(Custom { kind: Other, error: "injected write e F:noop O:err:BlockDevice(InputOutput(Custom { kind: Other, error: "injected write e F:noop O:err:BlockDevice(InputOutput(Custom { kind: Other, error: "injected write e	ok	same	-	[0, 0]	4	0	[0, 0]	125	2588672	0	2	t1@50182:released-and-isolated	[]	0	11
F9-bad-media-rw-forever	N1A-any-isoAll-mem	OMFOFOFOFOFOFOFOFOFOFOFOFOFOFOFOFO	O:ok M:ok F:noop O:ok F:ok(F=3,reclaimed=1) O:ok F:ok(F=6,reclaimed=17) O:ok F:ok(F=7,reclaimed=8) O:ok F:ok(F=11,reclaimed=21) O:err:BlockDevice(InputOutput(Custom { kind: Other, error: "injected write e F:noop O:err:BlockDevice(InputOutput(Custom { kind: Other, error: "injected write e F:noop O:err:BlockDevice(InputOutput(Custom { kind: Other, error: "injected write e F:noop O:err:BlockDevice(InputOutput(Custom { kind: Other, error: "injected write e F:noop O:err:BlockDevice(InputOutput(Custom { kind: Other, error: "injected write e F:noop O:err:BlockDevice(InputOutput(Custom { kind: Other, error: "injected write e F:noop O:err:BlockDevice(InputOutput(Custom { kind: Other, error: "injected write e F:noop O:err:BlockDevice(InputOutput(Custom { kind: Other, error: "injected write e F:noop O:err:BlockDevice(InputOutput(Custom { kind: Other, error: "injected write e F:noop O:err:BlockDevice(InputOutput(Custom { kind: Other, error: "injected write e F:noop O:err:BlockDevice(InputOutput(Custom { kind: Other, error: "injected write e F:noop O:err:BlockDevice(InputOutput(Custom { kind: Other, error: "injected write e	ok	same	-	[0, 0]	4	0	[0, 0]	125	2621440	0	2	t1@50182:released-and-isolated	[]	0	12
F9-bad-media-rw-forever	N1A-any-isoAll-mem	OMMFFOFOFOFOFOFOFOFOFOFOFOFOFOFOFO	O:ok M:ok M:ok F:noop F:noop O:ok F:ok(F=3,reclaimed=1) O:ok F:ok(F=6,reclaimed=17) O:ok F:ok(F=7,reclaimed=8) O:ok F:ok(F=14,reclaimed=34) O:err:BlockDevice(InputOutput(Custom { kind: Other, error: "injected write e F:noop O:err:BlockDevice(InputOutput(Custom { kind: Other, error: "injected write e F:noop O:err:BlockDevice(InputOutput(Custom { kind: Other, error: "injected write e F:noop O:err:BlockDevice(InputOutput(Custom { kind: Other, error: "injected write e F:noop O:err:BlockDevice(InputOutput(Custom { kind: Other, error: "injected write e F:noop O:err:BlockDevice(InputOutput(Custom { kind: Other, error: "injected write e F:noop O:err:BlockDevice(InputOutput(Custom { kind: Other, error: "injected write e F:noop O:err:BlockDevice(InputOutput(Custom { kind: Other, error: "injected write e F:noop O:err:BlockDevice(InputOutput(Custom { kind: Other, error: "injected write e F:noop O:err:BlockDevice(InputOutput(Custom { kind: Other, error: "injected write e F:noop O:err:BlockDevice(InputOutput(Custom { kind: Other, error: "injected write e	ok	same	-	[0, 0]	4	0	[0, 0]	125	2588672	0	2	t1@50182:released-and-isolated	[]	0	11
F9-bad-media-rw-forever	N1A-any-isoAll-mem	OMOFFOFOFOFOFOFOFOFOFOFOFOFOFOFOFO	O:ok M:ok O:ok F:ok(F=3,reclaimed=1) F:noop O:ok F:ok(F=6,reclaimed=17) O:ok F:ok(F=7,reclaimed=8) O:ok F:ok(F=11,reclaimed=21) O:err:BlockDevice(InputOutput(Custom { kind: Other, error: "injected write e F:noop O:err:BlockDevice(InputOutput(Custom { kind: Other, error: "injected write e F:noop O:err:BlockDevice(InputOutput(Custom { kind: Other, error: "injected write e F:noop O:err:BlockDevice(InputOutput(Custom { kind: Other, error: "injected write e F:noop O:err:BlockDevice(InputOutput(Custom { kind: Other, error: "injected write e F:noop O:err:BlockDevice(InputOutput(Custom { kind: Other, error: "injected write e F:noop O:err:BlockDevice(InputOutput(Custom { kind: Other, error: "injected write e F:noop O:err:BlockDevice(InputOutput(Custom { kind: Other, error: "injected write e F:noop O:err:BlockDevice(InputOutput(Custom { kind: Other, error: "injected write e F:noop O:err:BlockDevice(InputOutput(Custom { kind: Other, error: "injected write e F:noop O:err:BlockDevice(InputOutput(Custom { kind: Other, error: "injected write e F:noop O:err:BlockDevice(InputOutput(Custom { kind: Other, error: "injected write e	ok	same	-	[0, 0]	4	0	[0, 0]	125	2621440	0	2	t1@50182:released-and-isolated	[]	0	12
F9-bad-media-rw-forever	N1A-any-isoAll-mem	OMOOFOFOFOFOFOFOFOFOFOFOFOFOFOFOFO	O:ok M:ok O:ok O:ok F:ok(F=6,reclaimed=18) O:ok F:ok(F=7,reclaimed=8) O:ok F:ok(F=11,reclaimed=21) O:ok F:ok(F=12,reclaimed=8) O:err:BlockDevice(InputOutput(Custom { kind: Other, error: "injected write e F:noop O:err:BlockDevice(InputOutput(Custom { kind: Other, error: "injected write e F:noop O:err:BlockDevice(InputOutput(Custom { kind: Other, error: "injected write e F:noop O:err:BlockDevice(InputOutput(Custom { kind: Other, error: "injected write e F:noop O:err:BlockDevice(InputOutput(Custom { kind: Other, error: "injected write e F:noop O:err:BlockDevice(InputOutput(Custom { kind: Other, error: "injected write e F:noop O:err:BlockDevice(InputOutput(Custom { kind: Other, error: "injected write e F:noop O:err:BlockDevice(InputOutput(Custom { kind: Other, error: "injected write e F:noop O:err:BlockDevice(InputOutput(Custom { kind: Other, error: "injected write e F:noop O:err:BlockDevice(InputOutput(Custom { kind: Other, error: "injected write e F:noop O:err:BlockDevice(InputOutput(Custom { kind: Other, error: "injected write e F:noop O:err:BlockDevice(InputOutput(Custom { kind: Other, error: "injected write e	ok	same	-	[0, 0]	4	0	[0, 0]	131	2752512	0	2	t1@50182:released-and-isolated	[]	0	12
F9-bad-media-rw-forever	N1A-any-isoAll-mem	OMOMFOFOFOFOFOFOFOFOFOFOFOFOFOFOFO	O:ok M:ok O:ok M:ok F:ok(F=3,reclaimed=1) O:ok F:ok(F=6,reclaimed=17) O:ok F:ok(F=7,reclaimed=8) O:ok F:ok(F=11,reclaimed=21) O:err:BlockDevice(InputOutput(Custom { kind: Other, error: "injected write e F:noop O:err:BlockDevice(InputOutput(Custom { kind: Other, error: "injected write e F:noop O:err:BlockDevice(InputOutput(Custom { kind: Other, error: "injected write e F:noop O:err:BlockDevice(InputOutput(Custom { kind: Other, error: "injected write e F:noop O:err:BlockDevice(InputOutput(Custom { kind: Other, error: "injected write e F:noop O:err:BlockDevice(InputOutput(Custom { kind: Other, error: "injected write e F:noop O:err:BlockDevice(InputOutput(Custom { kind: Other, error: "injected write e F:noop O:err:BlockDevice(InputOutput(Custom { kind: Other, error: "injected write e F:noop O:err:BlockDevice(InputOutput(Custom { kind: Other, error: "injected write e F:noop O:err:BlockDevice(InputOutput(Custom { kind: Other, error: "injected write e F:noop O:err:BlockDevice(InputOutput(Custom { kind: Other, error: "injected write e F:noop O:err:BlockDevice(InputOutput(Custom { kind: Other, error: "injected write e	ok	same	-	[0, 0]	4	0	[0, 0]	131	2719744	0	2	t1@50182:released-and-isolated	[]	0	12
F9-bad-media-rw-forever	N1A-any-isoAll-mem	OMMOFOFOFOFOFOFOFOFOFOFOFOFOFOFOFO	O:ok M:ok M:ok O:ok F:ok(F=3,reclaimed=1) O:ok F:ok(F=6,reclaimed=17) O:ok F:ok(F=7,reclaimed=8) O:ok F:ok(F=14,reclaimed=34) O:err:BlockDevice(InputOutput(Custom { kind: Other, error: "injected write e F:noop O:err:BlockDevice(InputOutput(Custom { kind: Other, error: "injected write e F:noop O:err:BlockDevice(InputOutput(Custom { kind: Other, error: "injected write e F:noop O:err:BlockDevice(InputOutput(Custom { kind: Other, error: "injected write e F:noop O:err:BlockDevice(InputOutput(Custom { kind: Other, error: "injected write e F:noop O:err:BlockDevice(InputOutput(Custom { kind: Other, error: "injected write e F:noop O:err:BlockDevice(InputOutput(Custom { kind: Other, error: "injected write e F:noop O:err:BlockDevice(InputOutput(Custom { kind: Other, error: "injected write e F:noop O:err:BlockDevice(InputOutput(Custom { kind: Other, error: "injected write e F:noop O:err:BlockDevice(InputOutput(Custom { kind: Other, error: "injected write e F:noop O:err:BlockDevice(InputOutput(Custom { kind: Other, error: "injected write e F:noop O:err:BlockDevice(InputOutput(Custom { kind: Other, error: "injected write e	ok	same	-	[0, 0]	4	0	[0, 0]	131	2719744	0	2	t1@50182:released-and-isolated	[]	0	12
F9-bad-media-rw-forever	N1A-any-isoAll-mem	OOFFFOFOFOFOFOFOFOFOFOFOFOFOFOFOFO	O:ok O:ok F:ok(F=3,reclaimed=1) F:noop F:noop O:ok F:ok(F=6,reclaimed=17) O:ok F:ok(F=7,reclaimed=8) O:ok F:ok(F=8,reclaimed=8) O:ok F:ok(F=11,reclaimed=16) O:ok F:ok(F=14,reclaimed=16) O:ok F:ok(F=17,reclaimed=16) O:ok F:ok(F=20,reclaimed=16) O:ok F:ok(F=23,reclaimed=16) O:ok F:ok(F=26,reclaimed=16) O:ok F:ok(F=29,reclaimed=16) O:ok F:ok(F=32,reclaimed=16) O:ok F:ok(F=35,reclaimed=16) O:ok F:ok(F=38,reclaimed=16) O:ok F:ok(F=41,reclaimed=16) O:ok	ok	same	-	[2, 2]	4	0	[2, 2]	163	3244032	0	2	t1@50182:released-and-isolated	[]	0	0
F9-bad-media-rw-forever	N1A-any-isoAll-mem	OMMMFOFOFOFOFOFOFOFOFOFOFOFOFOFOFO	O:ok M:ok M:ok M:ok F:noop O:ok F:ok(F=3,reclaimed=1) O:ok F:ok(F=6,reclaimed=17) O:ok F:ok(F=7,reclaimed=8) O:ok F:ok(F=17,reclaimed=47) O:err:BlockDevice(InputOutput(Custom { kind: Other, error: "injected write e F:noop O:err:BlockDevice(InputOutput(Custom { kind: Other, error: "injected write e F:noop O:err:BlockDevice(InputOutput(Custom { kind: Other, error: "injected write e F:noop O:err:BlockDevice(InputOutput(Custom { kind: Other, error: "injected write e F:noop O:err:BlockDevice(InputOutput(Custom { kind: Other, error: "injected write e F:noop O:err:BlockDevice(InputOutput(Custom { kind: Other, error: "injected write e F:noop O:err:BlockDevice(InputOutput(Custom { kind: Other, error: "injected write e F:noop O:err:BlockDevice(InputOutput(Custom { kind: Other, error: "injected write e F:noop O:err:BlockDevice(InputOutput(Custom { kind: Other, error: "injected write e F:noop O:err:BlockDevice(InputOutput(Custom { kind: Other, error: "injected write e F:noop O:err:BlockDevice(InputOutput(Custom { kind: Other, error: "injected write e	ok	same	-	[0, 0]	4	0	[0, 0]	131	2686976	0	2	t1@50182:released-and-isolated	[]	0	11
F9-bad-media-rw-forever	N1A-any-isoAll-mem	OOFMFOFOFOFOFOFOFOFOFOFOFOFOFOFOFO	O:ok O:ok F:ok(F=3,reclaimed=1) M:ok F:noop O:ok F:ok(F=6,reclaimed=17) O:ok F:ok(F=7,reclaimed=8) O:ok F:ok(F=8,reclaimed=8) O:err:BlockDevice(InputOutput(Custom { kind: Other, error: "injected write e F:noop O:err:BlockDevice(InputOutput(Custom { kind: Other, error: "injected write e F:noop O:err:BlockDevice(InputOutput(Custom { kind: Other, error: "injected write e F:noop O:err:BlockDevice(InputOutput(Custom { kind: Other, error: "injected write e F:noop O:err:BlockDevice(InputOutput(Custom { kind: Other, error: "injected write e F:noop O:err:BlockDevice(InputOutput(Custom { kind: Other, error: "injected write e F:noop O:err:BlockDevice(InputOutput(Custom { kind: Other, error: "injected write e F:noop O:err:BlockDevice(InputOutput(Custom { kind: Other, error: "injected write e F:noop O:err:BlockDevice(InputOutput(Custom { kind: Other, error: "injected write e F:noop O:err:BlockDevice(InputOutput(Custom { kind: Other, error: "injected write e F:noop O:err:BlockDevice(InputOutput(Custom { kind: Other, error: "injected write e F:noop O:err:BlockDevice(InputOutput(Custom { kind: Other, error: "injected write e	ok	same	-	[0, 0]	4	0	[0, 0]	125	2621440	0	2	t1@50182:released-and-isolated	[]	0	12
F9-bad-media-rw-forever	N1A-any-isoAll-mem	OOMFFOFOFOFOFOFOFOFOFOFOFOFOFOFOFO	O:ok O:ok M:ok F:ok(F=3,reclaimed=1) F:noop O:ok F:ok(F=6,reclaimed=17) O:ok F:ok(F=7,reclaimed=8) O:ok F:ok(F=8,reclaimed=8) O:err:BlockDevice(InputOutput(Custom { kind: Other, error: "injected write e F:noop O:err:BlockDevice(InputOutput(Custom { kind: Other, error: "injected write e F:noop O:err:BlockDevice(InputOutput(Custom { kind: Other, error: "injected write e F:noop O:err:BlockDevice(InputOutput(Custom { kind: Other, error: "injected write e F:noop O:err:BlockDevice(InputOutput(Custom { kind: Other, error: "injected write e F:noop O:err:BlockDevice(InputOutput(Custom { kind: Other, error: "injected write e F:noop O:err:BlockDevice(InputOutput(Custom { kind: Other, error: "injected write e F:noop O:err:BlockDevice(InputOutput(Custom { kind: Other, error: "injected write e F:noop O:err:BlockDevice(InputOutput(Custom { kind: Other, error: "injected write e F:noop O:err:BlockDevice(InputOutput(Custom { kind: Other, error: "injected write e F:noop O:err:BlockDevice(InputOutput(Custom { kind: Other, error: "injected write e F:noop O:err:BlockDevice(InputOutput(Custom { kind: Other, error: "injected write e	ok	same	-	[0, 0]	4	0	[0, 0]	125	2621440	0	2	t1@50182:released-and-isolated	[]	0	12
F9-bad-media-rw-forever	N1A-any-isoAll-mem	OOFOFOFOFOFOFOFOFOFOFOFOFOFOFOFOFO	O:ok O:ok F:ok(F=3,reclaimed=1) O:ok F:ok(F=6,reclaimed=17) O:ok F:ok(F=7,reclaimed=8) O:ok F:ok(F=8,reclaimed=8) O:ok F:ok(F=11,reclaimed=16) O:ok F:ok(F=14,reclaimed=16) O:ok F:ok(F=17,reclaimed=16) O:ok F:ok(F=20,reclaimed=16) O:ok F:ok(F=23,reclaimed=16) O:ok F:ok(F=26,reclaimed=16) O:ok F:ok(F=29,reclaimed=16) O:ok F:ok(F=32,reclaimed=16) O:ok F:ok(F=35,reclaimed=16) O:ok F:ok(F=38,reclaimed=16) O:ok F:ok(F=41,reclaimed=16) O:ok F:ok(F=44,reclaimed=16) O:ok	ok	same	-	[2, 2]	4	0	[2, 2]	173	3440640	0	2	t1@50182:released-and-isolated	[]	0	0
F9-bad-media-rw-forever	N1A-any-isoAll-mem	OOMMFOFOFOFOFOFOFOFOFOFOFOFOFOFOFO	O:ok O:ok M:ok M:ok F:ok(F=3,reclaimed=1) O:ok F:ok(F=6,reclaimed=17) O:ok F:ok(F=7,reclaimed=8) O:ok F:ok(F=8,reclaimed=8) O:err:BlockDevice(InputOutput(Custom { kind: Other, error: "injected write e F:noop O:err:BlockDevice(InputOutput(Custom { kind: Other, error: "injected write e F:noop O:err:BlockDevice(InputOutput(Custom { kind: Other, error: "injected write e F:noop O:err:BlockDevice(InputOutput(Custom { kind: Other, error: "injected write e F:noop O:err:BlockDevice(InputOutput(Custom { kind: Other, error: "injected write e F:noop O:err:BlockDevice(InputOutput(Custom { kind: Other, error: "injected write e F:noop O:err:BlockDevice(InputOutput(Custom { kind: Other, error: "injected write e F:noop O:err:BlockDevice(InputOutput(Custom { kind: Other, error: "injected write e F:noop O:err:BlockDevice(InputOutput(Custom { kind: Other, error: "injected write e F:noop O:err:BlockDevice(InputOutput(Custom { kind: Other, error: "injected write e F:noop O:err:BlockDevice(InputOutput(Custom { kind: Other, error: "injected write e F:noop O:err:BlockDevice(InputOutput(Custom { kind: Other, error: "injected write e	ok	same	-	[0, 0]	4	0	[0, 0]	131	2719744	0	2	t1@50182:released-and-isolated	[]	0	12
F9-bad-media-rw-forever	N1A-any-isoAll-mem	OOOMFOFOFOFOFOFOFOFOFOFOFOFOFOFOFO	O:ok O:ok O:ok M:ok F:ok(F=6,reclaimed=18) O:ok F:ok(F=7,reclaimed=8) O:ok F:ok(F=8,reclaimed=8) O:ok F:ok(F=9,reclaimed=8) O:err:BlockDevice(InputOutput(Custom { kind: Other, error: "injected write e F:noop O:err:BlockDevice(InputOutput(Custom { kind: Other, error: "injected write e F:noop O:err:BlockDevice(InputOutput(Custom { kind: Other, error: "injected write e F:noop O:err:BlockDevice(InputOutput(Custom { kind: Other, error: "injected write e F:noop O:err:BlockDevice(InputOutput(Custom { kind: Other, error: "injected write e F:noop O:err:BlockDevice(InputOutput(Custom { kind: Other, error: "injected write e F:noop O:err:BlockDevice(InputOutput(Custom { kind: Other, error: "injected write e F:noop O:err:BlockDevice(InputOutput(Custom { kind: Other, error: "injected write e F:noop O:err:BlockDevice(InputOutput(Custom { kind: Other, error: "injected write e F:noop O:err:BlockDevice(InputOutput(Custom { kind: Other, error: "injected write e F:noop O:err:BlockDevice(InputOutput(Custom { kind: Other, error: "injected write e F:noop O:err:BlockDevice(InputOutput(Custom { kind: Other, error: "injected write e	ok	same	-	[0, 0]	4	0	[0, 0]	129	2719744	0	2	t1@50182:released-and-isolated	[]	0	12
F9-bad-media-rw-forever	N1A-any-isoAll-mem	OOMOFOFOFOFOFOFOFOFOFOFOFOFOFOFOFO	O:ok O:ok M:ok O:ok F:ok(F=6,reclaimed=18) O:ok F:ok(F=7,reclaimed=8) O:ok F:ok(F=8,reclaimed=8) O:ok F:ok(F=11,reclaimed=17) O:err:BlockDevice(InputOutput(Custom { kind: Other, error: "injected write e F:noop O:err:BlockDevice(InputOutput(Custom { kind: Other, error: "injected write e F:noop O:err:BlockDevice(InputOutput(Custom { kind: Other, error: "injected write e F:noop O:err:BlockDevice(InputOutput(Custom { kind: Other, error: "injected write e F:noop O:err:BlockDevice(InputOutput(Custom { kind: Other, error: "injected write e F:noop O:err:BlockDevice(InputOutput(Custom { kind: Other, error: "injected write e F:noop O:err:BlockDevice(InputOutput(Custom { kind: Other, error: "injected write e F:noop O:err:BlockDevice(InputOutput(Custom { kind: Other, error: "injected write e F:noop O:err:BlockDevice(InputOutput(Custom { kind: Other, error: "injected write e F:noop O:err:BlockDevice(InputOutput(Custom { kind: Other, error: "injected write e F:noop O:err:BlockDevice(InputOutput(Custom { kind: Other, error: "injected write e F:noop O:err:BlockDevice(InputOutput(Custom { kind: Other, error: "injected write e	ok	same	-	[0, 0]	4	0	[0, 0]	129	2719744	0	2	t1@50182:released-and-isolated	[]	0	12
F9-bad-media-rw-forever	N1A-any-isoAll-mem	OOOFFOFOFOFOFOFOFOFOFOFOFOFOFOFOFO	O:ok O:ok O:ok F:ok(F=6,reclaimed=18) F:noop O:ok F:ok(F=7,reclaimed=8) O:ok F:ok(F=8,reclaimed=8) O:ok F:ok(F=9,reclaimed=8) O:ok F:ok(F=12,reclaimed=16) O:ok F:ok(F=15,reclaimed=16) O:ok F:ok(F=18,reclaimed=16) O:ok F:ok(F=21,reclaimed=16) O:ok F:ok(F=24,reclaimed=16) O:ok F:ok(F=27,reclaimed=16) O:ok F:ok(F=30,reclaimed=16) O:ok F:ok(F=33,reclaimed=16) O:ok F:ok(F=36,reclaimed=16) O:ok F:ok(F=39,reclaimed=16) O:ok F:ok(F=42,reclaimed=16) O:ok	ok	same	-	[2, 2]	4	0	[2, 2]	169	3375104	0	2	t1@50182:released-and-isolated	[]	0	0
F9-bad-media-rw-forever	N1A-any-isoAll-mem	OOOOFOFOFOFOFOFOFOFOFOFOFOFOFOFOFO	O:ok O:ok O:ok O:ok F:ok(F=7,reclaimed=26) O:ok F:ok(F=8,reclaimed=8) O:ok F:ok(F=9,reclaimed=8) O:ok F:ok(F=10,reclaimed=8) O:ok F:ok(F=14,reclaimed=20) O:ok F:ok(F=17,reclaimed=16) O:ok F:ok(F=20,reclaimed=16) O:ok F:ok(F=23,reclaimed=16) O:ok F:ok(F=26,reclaimed=16) O:ok F:ok(F=29,reclaimed=16) O:ok F:ok(F=32,reclaimed=16) O:ok F:ok(F=35,reclaimed=16) O:ok F:ok(F=38,reclaimed=16) O:ok F:ok(F=41,reclaimed=16) O:ok F:ok(F=44,reclaimed=16) O:ok	ok	same	-	[2, 2]	4	0	[2, 2]	177	3538944	0	2	t1@50182:released-and-isolated	[]	0	0
F9-bad-media-rw-forever	N1A-any-isoAll-mem	FFMFOFOFOFOFOFOFOFOFOFOFOFOFOFOFO	F:noop F:noop M:mount-err:Recovery(UnitUnreadable { slot: SlotNumber(50182) }) F:refused(not-writable) O:refused(not-writable) F:refused(not-writable) O:refused(not-writable) F:refused(not-writable) O:refused(not-writable) F:refused(not-writable) O:refused(not-writable) F:refused(not-writable) O:refused(not-writable) F:refused(not-writable) O:refused(not-writable) F:refused(not-writable) O:refused(not-writable) F:refused(not-writable) O:refused(not-writable) F:refused(not-writable) O:refused(not-writable) F:refused(not-writable) O:refused(not-writable) F:refused(not-writable) O:refused(not-writable) F:refused(not-writable) O:refused(not-writable) F:refused(not-writable) O:refused(not-writable) F:refused(not-writable) O:refused(not-writable) F:refused(not-writable) O:refused(not-writable)	mount-err:Recovery(UnitUnreadable { slot: SlotNumber(50182) })	same	-	[0, 0]	0	0	[0, 0]	0	0	0	4	-	[]	0	0
F9-bad-media-rw-forever	N1A-any-isoAll-mem	FMFFOFOFOFOFOFOFOFOFOFOFOFOFOFOFO	F:noop M:mount-err:Recovery(UnitUnreadable { slot: SlotNumber(50182) }) F:refused(not-writable) F:refused(not-writable) O:refused(not-writable) F:refused(not-writable) O:refused(not-writable) F:refused(not-writable) O:refused(not-writable) F:refused(not-writable) O:refused(not-writable) F:refused(not-writable) O:refused(not-writable) F:refused(not-writable) O:refused(not-writable) F:refused(not-writable) O:refused(not-writable) F:refused(not-writable) O:refused(not-writable) F:refused(not-writable) O:refused(not-writable) F:refused(not-writable) O:refused(not-writable) F:refused(not-writable) O:refused(not-writable) F:refused(not-writable) O:refused(not-writable) F:refused(not-writable) O:refused(not-writable) F:refused(not-writable) O:refused(not-writable) F:refused(not-writable) O:refused(not-writable)	mount-err:Recovery(UnitUnreadable { slot: SlotNumber(50182) })	same	-	[0, 0]	0	0	[0, 0]	0	0	0	4	-	[]	0	0
F9-bad-media-rw-forever	N1A-any-isoAll-mem	FFFFOFOFOFOFOFOFOFOFOFOFOFOFOFOFO	F:noop F:noop F:noop F:noop O:ok F:noop O:ok F:ok(F=3,reclaimed=1) O:ok F:ok(F=6,reclaimed=17) O:ok F:ok(F=7,reclaimed=8) O:ok F:ok(F=8,reclaimed=8) O:ok F:ok(F=11,reclaimed=16) O:ok F:ok(F=14,reclaimed=16) O:ok F:ok(F=17,reclaimed=16) O:ok F:ok(F=20,reclaimed=16) O:ok F:ok(F=23,reclaimed=16) O:ok F:ok(F=26,reclaimed=16) O:ok F:ok(F=29,reclaimed=16) O:ok F:ok(F=32,reclaimed=16) O:ok F:ok(F=35,reclaimed=16) O:ok	ok	same	-	[2, 2]	4	0	[2, 2]	143	2850816	0	2	t1@50182:released-and-isolated	[]	0	0
F9-bad-media-rw-forever	N1A-any-isoAll-mem	FMOFOFOFOFOFOFOFOFOFOFOFOFOFOFOFO	F:noop M:mount-err:Recovery(UnitUnreadable { slot: SlotNumber(50182) }) O:refused(not-writable) F:refused(not-writable) O:refused(not-writable) F:refused(not-writable) O:refused(not-writable) F:refused(not-writable) O:refused(not-writable) F:refused(not-writable) O:refused(not-writable) F:refused(not-writable) O:refused(not-writable) F:refused(not-writable) O:refused(not-writable) F:refused(not-writable) O:refused(not-writable) F:refused(not-writable) O:refused(not-writable) F:refused(not-writable) O:refused(not-writable) F:refused(not-writable) O:refused(not-writable) F:refused(not-writable) O:refused(not-writable) F:refused(not-writable) O:refused(not-writable) F:refused(not-writable) O:refused(not-writable) F:refused(not-writable) O:refused(not-writable) F:refused(not-writable) O:refused(not-writable)	mount-err:Recovery(UnitUnreadable { slot: SlotNumber(50182) })	same	-	[0, 0]	0	0	[0, 0]	0	0	0	4	-	[]	0	0
F9-bad-media-rw-forever	N1A-any-isoAll-mem	FFOFOFOFOFOFOFOFOFOFOFOFOFOFOFOFO	F:noop F:noop O:ok F:noop O:ok F:ok(F=3,reclaimed=1) O:ok F:ok(F=6,reclaimed=17) O:ok F:ok(F=7,reclaimed=8) O:ok F:ok(F=8,reclaimed=8) O:ok F:ok(F=11,reclaimed=16) O:ok F:ok(F=14,reclaimed=16) O:ok F:ok(F=17,reclaimed=16) O:ok F:ok(F=20,reclaimed=16) O:ok F:ok(F=23,reclaimed=16) O:ok F:ok(F=26,reclaimed=16) O:ok F:ok(F=29,reclaimed=16) O:ok F:ok(F=32,reclaimed=16) O:ok F:ok(F=35,reclaimed=16) O:ok F:ok(F=38,reclaimed=16) O:ok	ok	same	-	[2, 2]	4	0	[2, 2]	153	3047424	0	2	t1@50182:released-and-isolated	[]	0	0
F9-bad-media-rw-forever	N1A-any-isoAll-mem	FMMFOFOFOFOFOFOFOFOFOFOFOFOFOFOFO	F:noop M:mount-err:Recovery(UnitUnreadable { slot: SlotNumber(50182) }) M:mount-err:Recovery(UnitUnreadable { slot: SlotNumber(50182) }) F:refused(not-writable) O:refused(not-writable) F:refused(not-writable) O:refused(not-writable) F:refused(not-writable) O:refused(not-writable) F:refused(not-writable) O:refused(not-writable) F:refused(not-writable) O:refused(not-writable) F:refused(not-writable) O:refused(not-writable) F:refused(not-writable) O:refused(not-writable) F:refused(not-writable) O:refused(not-writable) F:refused(not-writable) O:refused(not-writable) F:refused(not-writable) O:refused(not-writable) F:refused(not-writable) O:refused(not-writable) F:refused(not-writable) O:refused(not-writable) F:refused(not-writable) O:refused(not-writable) F:refused(not-writable) O:refused(not-writable) F:refused(not-writable) O:refused(not-writable)	mount-err:Recovery(UnitUnreadable { slot: SlotNumber(50182) })	same	-	[0, 0]	0	0	[0, 0]	0	0	0	6	-	[]	0	0
F9-bad-media-rw-forever	N1A-any-isoAll-mem	FOOFOFOFOFOFOFOFOFOFOFOFOFOFOFOFO	F:noop O:ok O:ok F:ok(F=3,reclaimed=1) O:ok F:ok(F=6,reclaimed=17) O:ok F:ok(F=7,reclaimed=8) O:ok F:ok(F=8,reclaimed=8) O:ok F:ok(F=11,reclaimed=16) O:ok F:ok(F=14,reclaimed=16) O:ok F:ok(F=17,reclaimed=16) O:ok F:ok(F=20,reclaimed=16) O:ok F:ok(F=23,reclaimed=16) O:ok F:ok(F=26,reclaimed=16) O:ok F:ok(F=29,reclaimed=16) O:ok F:ok(F=32,reclaimed=16) O:ok F:ok(F=35,reclaimed=16) O:ok F:ok(F=38,reclaimed=16) O:ok F:ok(F=41,reclaimed=16) O:ok	ok	same	-	[2, 2]	4	0	[2, 2]	163	3244032	0	2	t1@50182:released-and-isolated	[]	0	0
F9-bad-media-rw-forever	N1A-any-isoAll-mem	FOMFOFOFOFOFOFOFOFOFOFOFOFOFOFOFO	F:noop O:ok M:ok F:noop O:ok F:ok(F=3,reclaimed=1) O:ok F:ok(F=6,reclaimed=17) O:ok F:ok(F=7,reclaimed=8) O:ok F:ok(F=11,reclaimed=21) O:err:BlockDevice(InputOutput(Custom { kind: Other, error: "injected write e F:noop O:err:BlockDevice(InputOutput(Custom { kind: Other, error: "injected write e F:noop O:err:BlockDevice(InputOutput(Custom { kind: Other, error: "injected write e F:noop O:err:BlockDevice(InputOutput(Custom { kind: Other, error: "injected write e F:noop O:err:BlockDevice(InputOutput(Custom { kind: Other, error: "injected write e F:noop O:err:BlockDevice(InputOutput(Custom { kind: Other, error: "injected write e F:noop O:err:BlockDevice(InputOutput(Custom { kind: Other, error: "injected write e F:noop O:err:BlockDevice(InputOutput(Custom { kind: Other, error: "injected write e F:noop O:err:BlockDevice(InputOutput(Custom { kind: Other, error: "injected write e F:noop O:err:BlockDevice(InputOutput(Custom { kind: Other, error: "injected write e F:noop O:err:BlockDevice(InputOutput(Custom { kind: Other, error: "injected write e	ok	same	-	[0, 0]	4	0	[0, 0]	119	2490368	0	2	t1@50182:released-and-isolated	[]	0	11
F9-bad-media-rw-forever	N1A-any-isoAll-mem	FOFFOFOFOFOFOFOFOFOFOFOFOFOFOFOFO	F:noop O:ok F:noop F:noop O:ok F:ok(F=3,reclaimed=1) O:ok F:ok(F=6,reclaimed=17) O:ok F:ok(F=7,reclaimed=8) O:ok F:ok(F=8,reclaimed=8) O:ok F:ok(F=11,reclaimed=16) O:ok F:ok(F=14,reclaimed=16) O:ok F:ok(F=17,reclaimed=16) O:ok F:ok(F=20,reclaimed=16) O:ok F:ok(F=23,reclaimed=16) O:ok F:ok(F=26,reclaimed=16) O:ok F:ok(F=29,reclaimed=16) O:ok F:ok(F=32,reclaimed=16) O:ok F:ok(F=35,reclaimed=16) O:ok F:ok(F=38,reclaimed=16) O:ok	ok	same	-	[2, 2]	4	0	[2, 2]	153	3047424	0	2	t1@50182:released-and-isolated	[]	0	0
F9-bad-media-rw-forever	N1A-any-isoAll-mem	MFOFOFOFOFOFOFOFOFOFOFOFOFOFOFOFO	M:mount-err:Recovery(UnitUnreadable { slot: SlotNumber(50182) }) F:refused(not-writable) O:refused(not-writable) F:refused(not-writable) O:refused(not-writable) F:refused(not-writable) O:refused(not-writable) F:refused(not-writable) O:refused(not-writable) F:refused(not-writable) O:refused(not-writable) F:refused(not-writable) O:refused(not-writable) F:refused(not-writable) O:refused(not-writable) F:refused(not-writable) O:refused(not-writable) F:refused(not-writable) O:refused(not-writable) F:refused(not-writable) O:refused(not-writable) F:refused(not-writable) O:refused(not-writable) F:refused(not-writable) O:refused(not-writable) F:refused(not-writable) O:refused(not-writable) F:refused(not-writable) O:refused(not-writable) F:refused(not-writable) O:refused(not-writable) F:refused(not-writable) O:refused(not-writable)	mount-err:Recovery(UnitUnreadable { slot: SlotNumber(50182) })	same	-	[0, 0]	0	0	[0, 0]	0	0	0	4	-	[]	0	0
F9-bad-media-rw-forever	N1A-any-isoAll-mem	MOFFOFOFOFOFOFOFOFOFOFOFOFOFOFOFO	M:mount-err:Recovery(UnitUnreadable { slot: SlotNumber(50182) }) O:refused(not-writable) F:refused(not-writable) F:refused(not-writable) O:refused(not-writable) F:refused(not-writable) O:refused(not-writable) F:refused(not-writable) O:refused(not-writable) F:refused(not-writable) O:refused(not-writable) F:refused(not-writable) O:refused(not-writable) F:refused(not-writable) O:refused(not-writable) F:refused(not-writable) O:refused(not-writable) F:refused(not-writable) O:refused(not-writable) F:refused(not-writable) O:refused(not-writable) F:refused(not-writable) O:refused(not-writable) F:refused(not-writable) O:refused(not-writable) F:refused(not-writable) O:refused(not-writable) F:refused(not-writable) O:refused(not-writable) F:refused(not-writable) O:refused(not-writable) F:refused(not-writable) O:refused(not-writable)	mount-err:Recovery(UnitUnreadable { slot: SlotNumber(50182) })	same	-	[0, 0]	0	0	[0, 0]	0	0	0	4	-	[]	0	0
F9-bad-media-rw-forever	N1A-any-isoAll-mem	MFFFOFOFOFOFOFOFOFOFOFOFOFOFOFOFO	M:mount-err:Recovery(UnitUnreadable { slot: SlotNumber(50182) }) F:refused(not-writable) F:refused(not-writable) F:refused(not-writable) O:refused(not-writable) F:refused(not-writable) O:refused(not-writable) F:refused(not-writable) O:refused(not-writable) F:refused(not-writable) O:refused(not-writable) F:refused(not-writable) O:refused(not-writable) F:refused(not-writable) O:refused(not-writable) F:refused(not-writable) O:refused(not-writable) F:refused(not-writable) O:refused(not-writable) F:refused(not-writable) O:refused(not-writable) F:refused(not-writable) O:refused(not-writable) F:refused(not-writable) O:refused(not-writable) F:refused(not-writable) O:refused(not-writable) F:refused(not-writable) O:refused(not-writable) F:refused(not-writable) O:refused(not-writable) F:refused(not-writable) O:refused(not-writable)	mount-err:Recovery(UnitUnreadable { slot: SlotNumber(50182) })	same	-	[0, 0]	0	0	[0, 0]	0	0	0	4	-	[]	0	0
F9-bad-media-rw-forever	N1A-any-isoAll-mem	MFMFOFOFOFOFOFOFOFOFOFOFOFOFOFOFO	M:mount-err:Recovery(UnitUnreadable { slot: SlotNumber(50182) }) F:refused(not-writable) M:mount-err:Recovery(UnitUnreadable { slot: SlotNumber(50182) }) F:refused(not-writable) O:refused(not-writable) F:refused(not-writable) O:refused(not-writable) F:refused(not-writable) O:refused(not-writable) F:refused(not-writable) O:refused(not-writable) F:refused(not-writable) O:refused(not-writable) F:refused(not-writable) O:refused(not-writable) F:refused(not-writable) O:refused(not-writable) F:refused(not-writable) O:refused(not-writable) F:refused(not-writable) O:refused(not-writable) F:refused(not-writable) O:refused(not-writable) F:refused(not-writable) O:refused(not-writable) F:refused(not-writable) O:refused(not-writable) F:refused(not-writable) O:refused(not-writable) F:refused(not-writable) O:refused(not-writable) F:refused(not-writable) O:refused(not-writable)	mount-err:Recovery(UnitUnreadable { slot: SlotNumber(50182) })	same	-	[0, 0]	0	0	[0, 0]	0	0	0	6	-	[]	0	0
F9-bad-media-rw-forever	N1A-any-isoAll-mem	MMFFOFOFOFOFOFOFOFOFOFOFOFOFOFOFO	M:mount-err:Recovery(UnitUnreadable { slot: SlotNumber(50182) }) M:mount-err:Recovery(UnitUnreadable { slot: SlotNumber(50182) }) F:refused(not-writable) F:refused(not-writable) O:refused(not-writable) F:refused(not-writable) O:refused(not-writable) F:refused(not-writable) O:refused(not-writable) F:refused(not-writable) O:refused(not-writable) F:refused(not-writable) O:refused(not-writable) F:refused(not-writable) O:refused(not-writable) F:refused(not-writable) O:refused(not-writable) F:refused(not-writable) O:refused(not-writable) F:refused(not-writable) O:refused(not-writable) F:refused(not-writable) O:refused(not-writable) F:refused(not-writable) O:refused(not-writable) F:refused(not-writable) O:refused(not-writable) F:refused(not-writable) O:refused(not-writable) F:refused(not-writable) O:refused(not-writable) F:refused(not-writable) O:refused(not-writable)	mount-err:Recovery(UnitUnreadable { slot: SlotNumber(50182) })	same	-	[0, 0]	0	0	[0, 0]	0	0	0	6	-	[]	0	0
F9-bad-media-rw-forever	N1A-any-isoAll-mem	MMOFOFOFOFOFOFOFOFOFOFOFOFOFOFOFO	M:mount-err:Recovery(UnitUnreadable { slot: SlotNumber(50182) }) M:mount-err:Recovery(UnitUnreadable { slot: SlotNumber(50182) }) O:refused(not-writable) F:refused(not-writable) O:refused(not-writable) F:refused(not-writable) O:refused(not-writable) F:refused(not-writable) O:refused(not-writable) F:refused(not-writable) O:refused(not-writable) F:refused(not-writable) O:refused(not-writable) F:refused(not-writable) O:refused(not-writable) F:refused(not-writable) O:refused(not-writable) F:refused(not-writable) O:refused(not-writable) F:refused(not-writable) O:refused(not-writable) F:refused(not-writable) O:refused(not-writable) F:refused(not-writable) O:refused(not-writable) F:refused(not-writable) O:refused(not-writable) F:refused(not-writable) O:refused(not-writable) F:refused(not-writable) O:refused(not-writable) F:refused(not-writable) O:refused(not-writable)	mount-err:Recovery(UnitUnreadable { slot: SlotNumber(50182) })	same	-	[0, 0]	0	0	[0, 0]	0	0	0	6	-	[]	0	0
F9-bad-media-rw-forever	N1A-any-isoAll-mem	MMMFOFOFOFOFOFOFOFOFOFOFOFOFOFOFO	M:mount-err:Recovery(UnitUnreadable { slot: SlotNumber(50182) }) M:mount-err:Recovery(UnitUnreadable { slot: SlotNumber(50182) }) M:mount-err:Recovery(UnitUnreadable { slot: SlotNumber(50182) }) F:refused(not-writable) O:refused(not-writable) F:refused(not-writable) O:refused(not-writable) F:refused(not-writable) O:refused(not-writable) F:refused(not-writable) O:refused(not-writable) F:refused(not-writable) O:refused(not-writable) F:refused(not-writable) O:refused(not-writable) F:refused(not-writable) O:refused(not-writable) F:refused(not-writable) O:refused(not-writable) F:refused(not-writable) O:refused(not-writable) F:refused(not-writable) O:refused(not-writable) F:refused(not-writable) O:refused(not-writable) F:refused(not-writable) O:refused(not-writable) F:refused(not-writable) O:refused(not-writable) F:refused(not-writable) O:refused(not-writable) F:refused(not-writable) O:refused(not-writable)	mount-err:Recovery(UnitUnreadable { slot: SlotNumber(50182) })	same	-	[0, 0]	0	0	[0, 0]	0	0	0	8	-	[]	0	0
F9-bad-media-rw-forever	N1A-any-isoAll-mem	MOOFOFOFOFOFOFOFOFOFOFOFOFOFOFOFO	M:mount-err:Recovery(UnitUnreadable { slot: SlotNumber(50182) }) O:refused(not-writable) O:refused(not-writable) F:refused(not-writable) O:refused(not-writable) F:refused(not-writable) O:refused(not-writable) F:refused(not-writable) O:refused(not-writable) F:refused(not-writable) O:refused(not-writable) F:refused(not-writable) O:refused(not-writable) F:refused(not-writable) O:refused(not-writable) F:refused(not-writable) O:refused(not-writable) F:refused(not-writable) O:refused(not-writable) F:refused(not-writable) O:refused(not-writable) F:refused(not-writable) O:refused(not-writable) F:refused(not-writable) O:refused(not-writable) F:refused(not-writable) O:refused(not-writable) F:refused(not-writable) O:refused(not-writable) F:refused(not-writable) O:refused(not-writable) F:refused(not-writable) O:refused(not-writable)	mount-err:Recovery(UnitUnreadable { slot: SlotNumber(50182) })	same	-	[0, 0]	0	0	[0, 0]	0	0	0	4	-	[]	0	0
F9-bad-media-rw-forever	N1A-any-isoAll-mem	MOMFOFOFOFOFOFOFOFOFOFOFOFOFOFOFO	M:mount-err:Recovery(UnitUnreadable { slot: SlotNumber(50182) }) O:refused(not-writable) M:mount-err:Recovery(UnitUnreadable { slot: SlotNumber(50182) }) F:refused(not-writable) O:refused(not-writable) F:refused(not-writable) O:refused(not-writable) F:refused(not-writable) O:refused(not-writable) F:refused(not-writable) O:refused(not-writable) F:refused(not-writable) O:refused(not-writable) F:refused(not-writable) O:refused(not-writable) F:refused(not-writable) O:refused(not-writable) F:refused(not-writable) O:refused(not-writable) F:refused(not-writable) O:refused(not-writable) F:refused(not-writable) O:refused(not-writable) F:refused(not-writable) O:refused(not-writable) F:refused(not-writable) O:refused(not-writable) F:refused(not-writable) O:refused(not-writable) F:refused(not-writable) O:refused(not-writable) F:refused(not-writable) O:refused(not-writable)	mount-err:Recovery(UnitUnreadable { slot: SlotNumber(50182) })	same	-	[0, 0]	0	0	[0, 0]	0	0	0	6	-	[]	0	0
F9-bad-media-rw-forever	N1A-any-isoAll-mem	OFFFOFOFOFOFOFOFOFOFOFOFOFOFOFOFO	O:ok F:noop F:noop F:noop O:ok F:ok(F=3,reclaimed=1) O:ok F:ok(F=6,reclaimed=17) O:ok F:ok(F=7,reclaimed=8) O:ok F:ok(F=8,reclaimed=8) O:ok F:ok(F=11,reclaimed=16) O:ok F:ok(F=14,reclaimed=16) O:ok F:ok(F=17,reclaimed=16) O:ok F:ok(F=20,reclaimed=16) O:ok F:ok(F=23,reclaimed=16) O:ok F:ok(F=26,reclaimed=16) O:ok F:ok(F=29,reclaimed=16) O:ok F:ok(F=32,reclaimed=16) O:ok F:ok(F=35,reclaimed=16) O:ok F:ok(F=38,reclaimed=16) O:ok	ok	same	-	[2, 2]	4	0	[2, 2]	153	3047424	0	2	t1@50182:released-and-isolated	[]	0	0
F9-bad-media-rw-forever	N1A-any-isoAll-mem	OFMFOFOFOFOFOFOFOFOFOFOFOFOFOFOFO	O:ok F:noop M:ok F:noop O:ok F:ok(F=3,reclaimed=1) O:ok F:ok(F=6,reclaimed=17) O:ok F:ok(F=7,reclaimed=8) O:ok F:ok(F=11,reclaimed=21) O:err:BlockDevice(InputOutput(Custom { kind: Other, error: "injected write e F:noop O:err:BlockDevice(InputOutput(Custom { kind: Other, error: "injected write e F:noop O:err:BlockDevice(InputOutput(Custom { kind: Other, error: "injected write e F:noop O:err:BlockDevice(InputOutput(Custom { kind: Other, error: "injected write e F:noop O:err:BlockDevice(InputOutput(Custom { kind: Other, error: "injected write e F:noop O:err:BlockDevice(InputOutput(Custom { kind: Other, error: "injected write e F:noop O:err:BlockDevice(InputOutput(Custom { kind: Other, error: "injected write e F:noop O:err:BlockDevice(InputOutput(Custom { kind: Other, error: "injected write e F:noop O:err:BlockDevice(InputOutput(Custom { kind: Other, error: "injected write e F:noop O:err:BlockDevice(InputOutput(Custom { kind: Other, error: "injected write e F:noop O:err:BlockDevice(InputOutput(Custom { kind: Other, error: "injected write e	ok	same	-	[0, 0]	4	0	[0, 0]	119	2490368	0	2	t1@50182:released-and-isolated	[]	0	11
F9-bad-media-rw-forever	N1A-any-isoAll-mem	OMFFOFOFOFOFOFOFOFOFOFOFOFOFOFOFO	O:ok M:ok F:noop F:noop O:ok F:ok(F=3,reclaimed=1) O:ok F:ok(F=6,reclaimed=17) O:ok F:ok(F=7,reclaimed=8) O:ok F:ok(F=11,reclaimed=21) O:err:BlockDevice(InputOutput(Custom { kind: Other, error: "injected write e F:noop O:err:BlockDevice(InputOutput(Custom { kind: Other, error: "injected write e F:noop O:err:BlockDevice(InputOutput(Custom { kind: Other, error: "injected write e F:noop O:err:BlockDevice(InputOutput(Custom { kind: Other, error: "injected write e F:noop O:err:BlockDevice(InputOutput(Custom { kind: Other, error: "injected write e F:noop O:err:BlockDevice(InputOutput(Custom { kind: Other, error: "injected write e F:noop O:err:BlockDevice(InputOutput(Custom { kind: Other, error: "injected write e F:noop O:err:BlockDevice(InputOutput(Custom { kind: Other, error: "injected write e F:noop O:err:BlockDevice(InputOutput(Custom { kind: Other, error: "injected write e F:noop O:err:BlockDevice(InputOutput(Custom { kind: Other, error: "injected write e F:noop O:err:BlockDevice(InputOutput(Custom { kind: Other, error: "injected write e	ok	same	-	[0, 0]	4	0	[0, 0]	119	2490368	0	2	t1@50182:released-and-isolated	[]	0	11
F9-bad-media-rw-forever	N1A-any-isoAll-mem	OFOFOFOFOFOFOFOFOFOFOFOFOFOFOFOFO	O:ok F:noop O:ok F:ok(F=3,reclaimed=1) O:ok F:ok(F=6,reclaimed=17) O:ok F:ok(F=7,reclaimed=8) O:ok F:ok(F=8,reclaimed=8) O:ok F:ok(F=11,reclaimed=16) O:ok F:ok(F=14,reclaimed=16) O:ok F:ok(F=17,reclaimed=16) O:ok F:ok(F=20,reclaimed=16) O:ok F:ok(F=23,reclaimed=16) O:ok F:ok(F=26,reclaimed=16) O:ok F:ok(F=29,reclaimed=16) O:ok F:ok(F=32,reclaimed=16) O:ok F:ok(F=35,reclaimed=16) O:ok F:ok(F=38,reclaimed=16) O:ok F:ok(F=41,reclaimed=16) O:ok	ok	same	-	[2, 2]	4	0	[2, 2]	163	3244032	0	2	t1@50182:released-and-isolated	[]	0	0
F9-bad-media-rw-forever	N1A-any-isoAll-mem	OMOFOFOFOFOFOFOFOFOFOFOFOFOFOFOFO	O:ok M:ok O:ok F:ok(F=3,reclaimed=1) O:ok F:ok(F=6,reclaimed=17) O:ok F:ok(F=7,reclaimed=8) O:ok F:ok(F=11,reclaimed=21) O:err:BlockDevice(InputOutput(Custom { kind: Other, error: "injected write e F:noop O:err:BlockDevice(InputOutput(Custom { kind: Other, error: "injected write e F:noop O:err:BlockDevice(InputOutput(Custom { kind: Other, error: "injected write e F:noop O:err:BlockDevice(InputOutput(Custom { kind: Other, error: "injected write e F:noop O:err:BlockDevice(InputOutput(Custom { kind: Other, error: "injected write e F:noop O:err:BlockDevice(InputOutput(Custom { kind: Other, error: "injected write e F:noop O:err:BlockDevice(InputOutput(Custom { kind: Other, error: "injected write e F:noop O:err:BlockDevice(InputOutput(Custom { kind: Other, error: "injected write e F:noop O:err:BlockDevice(InputOutput(Custom { kind: Other, error: "injected write e F:noop O:err:BlockDevice(InputOutput(Custom { kind: Other, error: "injected write e F:noop O:err:BlockDevice(InputOutput(Custom { kind: Other, error: "injected write e F:noop O:err:BlockDevice(InputOutput(Custom { kind: Other, error: "injected write e	ok	same	-	[0, 0]	4	0	[0, 0]	125	2621440	0	2	t1@50182:released-and-isolated	[]	0	12
F9-bad-media-rw-forever	N1A-any-isoAll-mem	OOMFOFOFOFOFOFOFOFOFOFOFOFOFOFOFO	O:ok O:ok M:ok F:ok(F=3,reclaimed=1) O:ok F:ok(F=6,reclaimed=17) O:ok F:ok(F=7,reclaimed=8) O:ok F:ok(F=8,reclaimed=8) O:err:BlockDevice(InputOutput(Custom { kind: Other, error: "injected write e F:noop O:err:BlockDevice(InputOutput(Custom { kind: Other, error: "injected write e F:noop O:err:BlockDevice(InputOutput(Custom { kind: Other, error: "injected write e F:noop O:err:BlockDevice(InputOutput(Custom { kind: Other, error: "injected write e F:noop O:err:BlockDevice(InputOutput(Custom { kind: Other, error: "injected write e F:noop O:err:BlockDevice(InputOutput(Custom { kind: Other, error: "injected write e F:noop O:err:BlockDevice(InputOutput(Custom { kind: Other, error: "injected write e F:noop O:err:BlockDevice(InputOutput(Custom { kind: Other, error: "injected write e F:noop O:err:BlockDevice(InputOutput(Custom { kind: Other, error: "injected write e F:noop O:err:BlockDevice(InputOutput(Custom { kind: Other, error: "injected write e F:noop O:err:BlockDevice(InputOutput(Custom { kind: Other, error: "injected write e F:noop O:err:BlockDevice(InputOutput(Custom { kind: Other, error: "injected write e	ok	same	-	[0, 0]	4	0	[0, 0]	125	2621440	0	2	t1@50182:released-and-isolated	[]	0	12
F9-bad-media-rw-forever	N1A-any-isoAll-mem	OOFFOFOFOFOFOFOFOFOFOFOFOFOFOFOFO	O:ok O:ok F:ok(F=3,reclaimed=1) F:noop O:ok F:ok(F=6,reclaimed=17) O:ok F:ok(F=7,reclaimed=8) O:ok F:ok(F=8,reclaimed=8) O:ok F:ok(F=11,reclaimed=16) O:ok F:ok(F=14,reclaimed=16) O:ok F:ok(F=17,reclaimed=16) O:ok F:ok(F=20,reclaimed=16) O:ok F:ok(F=23,reclaimed=16) O:ok F:ok(F=26,reclaimed=16) O:ok F:ok(F=29,reclaimed=16) O:ok F:ok(F=32,reclaimed=16) O:ok F:ok(F=35,reclaimed=16) O:ok F:ok(F=38,reclaimed=16) O:ok F:ok(F=41,reclaimed=16) O:ok	ok	same	-	[2, 2]	4	0	[2, 2]	163	3244032	0	2	t1@50182:released-and-isolated	[]	0	0
F9-bad-media-rw-forever	N1A-any-isoAll-mem	OMMFOFOFOFOFOFOFOFOFOFOFOFOFOFOFO	O:ok M:ok M:ok F:noop O:ok F:ok(F=3,reclaimed=1) O:ok F:ok(F=6,reclaimed=17) O:ok F:ok(F=7,reclaimed=8) O:ok F:ok(F=14,reclaimed=34) O:err:BlockDevice(InputOutput(Custom { kind: Other, error: "injected write e F:noop O:err:BlockDevice(InputOutput(Custom { kind: Other, error: "injected write e F:noop O:err:BlockDevice(InputOutput(Custom { kind: Other, error: "injected write e F:noop O:err:BlockDevice(InputOutput(Custom { kind: Other, error: "injected write e F:noop O:err:BlockDevice(InputOutput(Custom { kind: Other, error: "injected write e F:noop O:err:BlockDevice(InputOutput(Custom { kind: Other, error: "injected write e F:noop O:err:BlockDevice(InputOutput(Custom { kind: Other, error: "injected write e F:noop O:err:BlockDevice(InputOutput(Custom { kind: Other, error: "injected write e F:noop O:err:BlockDevice(InputOutput(Custom { kind: Other, error: "injected write e F:noop O:err:BlockDevice(InputOutput(Custom { kind: Other, error: "injected write e F:noop O:err:BlockDevice(InputOutput(Custom { kind: Other, error: "injected write e	ok	same	-	[0, 0]	4	0	[0, 0]	125	2588672	0	2	t1@50182:released-and-isolated	[]	0	11
F9-bad-media-rw-forever	N1A-any-isoAll-mem	MFFOFOFOFOFOFOFOFOFOFOFOFOFOFOFO	M:mount-err:Recovery(UnitUnreadable { slot: SlotNumber(50182) }) F:refused(not-writable) F:refused(not-writable) O:refused(not-writable) F:refused(not-writable) O:refused(not-writable) F:refused(not-writable) O:refused(not-writable) F:refused(not-writable) O:refused(not-writable) F:refused(not-writable) O:refused(not-writable) F:refused(not-writable) O:refused(not-writable) F:refused(not-writable) O:refused(not-writable) F:refused(not-writable) O:refused(not-writable) F:refused(not-writable) O:refused(not-writable) F:refused(not-writable) O:refused(not-writable) F:refused(not-writable) O:refused(not-writable) F:refused(not-writable) O:refused(not-writable) F:refused(not-writable) O:refused(not-writable) F:refused(not-writable) O:refused(not-writable) F:refused(not-writable) O:refused(not-writable)	mount-err:Recovery(UnitUnreadable { slot: SlotNumber(50182) })	same	-	[0, 0]	0	0	[0, 0]	0	0	0	4	-	[]	0	0
F9-bad-media-rw-forever	N1A-any-isoAll-mem	MOFOFOFOFOFOFOFOFOFOFOFOFOFOFOFO	M:mount-err:Recovery(UnitUnreadable { slot: SlotNumber(50182) }) O:refused(not-writable) F:refused(not-writable) O:refused(not-writable) F:refused(not-writable) O:refused(not-writable) F:refused(not-writable) O:refused(not-writable) F:refused(not-writable) O:refused(not-writable) F:refused(not-writable) O:refused(not-writable) F:refused(not-writable) O:refused(not-writable) F:refused(not-writable) O:refused(not-writable) F:refused(not-writable) O:refused(not-writable) F:refused(not-writable) O:refused(not-writable) F:refused(not-writable) O:refused(not-writable) F:refused(not-writable) O:refused(not-writable) F:refused(not-writable) O:refused(not-writable) F:refused(not-writable) O:refused(not-writable) F:refused(not-writable) O:refused(not-writable) F:refused(not-writable) O:refused(not-writable)	mount-err:Recovery(UnitUnreadable { slot: SlotNumber(50182) })	same	-	[0, 0]	0	0	[0, 0]	0	0	0	4	-	[]	0	0
F9-bad-media-rw-forever	N1A-any-isoAll-mem	OOOFOFOFOFOFOFOFOFOFOFOFOFOFOFOFO	O:ok O:ok O:ok F:ok(F=6,reclaimed=18) O:ok F:ok(F=7,reclaimed=8) O:ok F:ok(F=8,reclaimed=8) O:ok F:ok(F=9,reclaimed=8) O:ok F:ok(F=12,reclaimed=16) O:ok F:ok(F=15,reclaimed=16) O:ok F:ok(F=18,reclaimed=16) O:ok F:ok(F=21,reclaimed=16) O:ok F:ok(F=24,reclaimed=16) O:ok F:ok(F=27,reclaimed=16) O:ok F:ok(F=30,reclaimed=16) O:ok F:ok(F=33,reclaimed=16) O:ok F:ok(F=36,reclaimed=16) O:ok F:ok(F=39,reclaimed=16) O:ok F:ok(F=42,reclaimed=16) O:ok	ok	same	-	[2, 2]	4	0	[2, 2]	169	3375104	0	2	t1@50182:released-and-isolated	[]	0	0
F9-bad-media-rw-forever	N1A-any-isoAll-mem	FMFOFOFOFOFOFOFOFOFOFOFOFOFOFOFO	F:noop M:mount-err:Recovery(UnitUnreadable { slot: SlotNumber(50182) }) F:refused(not-writable) O:refused(not-writable) F:refused(not-writable) O:refused(not-writable) F:refused(not-writable) O:refused(not-writable) F:refused(not-writable) O:refused(not-writable) F:refused(not-writable) O:refused(not-writable) F:refused(not-writable) O:refused(not-writable) F:refused(not-writable) O:refused(not-writable) F:refused(not-writable) O:refused(not-writable) F:refused(not-writable) O:refused(not-writable) F:refused(not-writable) O:refused(not-writable) F:refused(not-writable) O:refused(not-writable) F:refused(not-writable) O:refused(not-writable) F:refused(not-writable) O:refused(not-writable) F:refused(not-writable) O:refused(not-writable) F:refused(not-writable) O:refused(not-writable)	mount-err:Recovery(UnitUnreadable { slot: SlotNumber(50182) })	same	-	[0, 0]	0	0	[0, 0]	0	0	0	4	-	[]	0	0
F9-bad-media-rw-forever	N1A-any-isoAll-mem	FOFOFOFOFOFOFOFOFOFOFOFOFOFOFOFO	F:noop O:ok F:noop O:ok F:ok(F=3,reclaimed=1) O:ok F:ok(F=6,reclaimed=17) O:ok F:ok(F=7,reclaimed=8) O:ok F:ok(F=8,reclaimed=8) O:ok F:ok(F=11,reclaimed=16) O:ok F:ok(F=14,reclaimed=16) O:ok F:ok(F=17,reclaimed=16) O:ok F:ok(F=20,reclaimed=16) O:ok F:ok(F=23,reclaimed=16) O:ok F:ok(F=26,reclaimed=16) O:ok F:ok(F=29,reclaimed=16) O:ok F:ok(F=32,reclaimed=16) O:ok F:ok(F=35,reclaimed=16) O:ok F:ok(F=38,reclaimed=16) O:ok	ok	same	-	[2, 2]	4	0	[2, 2]	153	3047424	0	2	t1@50182:released-and-isolated	[]	0	0
F9-bad-media-rw-forever	N1A-any-isoAll-mem	MMFOFOFOFOFOFOFOFOFOFOFOFOFOFOFO	M:mount-err:Recovery(UnitUnreadable { slot: SlotNumber(50182) }) M:mount-err:Recovery(UnitUnreadable { slot: SlotNumber(50182) }) F:refused(not-writable) O:refused(not-writable) F:refused(not-writable) O:refused(not-writable) F:refused(not-writable) O:refused(not-writable) F:refused(not-writable) O:refused(not-writable) F:refused(not-writable) O:refused(not-writable) F:refused(not-writable) O:refused(not-writable) F:refused(not-writable) O:refused(not-writable) F:refused(not-writable) O:refused(not-writable) F:refused(not-writable) O:refused(not-writable) F:refused(not-writable) O:refused(not-writable) F:refused(not-writable) O:refused(not-writable) F:refused(not-writable) O:refused(not-writable) F:refused(not-writable) O:refused(not-writable) F:refused(not-writable) O:refused(not-writable) F:refused(not-writable) O:refused(not-writable)	mount-err:Recovery(UnitUnreadable { slot: SlotNumber(50182) })	same	-	[0, 0]	0	0	[0, 0]	0	0	0	6	-	[]	0	0
F9-bad-media-rw-forever	N1A-any-isoAll-mem	FFFOFOFOFOFOFOFOFOFOFOFOFOFOFOFO	F:noop F:noop F:noop O:ok F:noop O:ok F:ok(F=3,reclaimed=1) O:ok F:ok(F=6,reclaimed=17) O:ok F:ok(F=7,reclaimed=8) O:ok F:ok(F=8,reclaimed=8) O:ok F:ok(F=11,reclaimed=16) O:ok F:ok(F=14,reclaimed=16) O:ok F:ok(F=17,reclaimed=16) O:ok F:ok(F=20,reclaimed=16) O:ok F:ok(F=23,reclaimed=16) O:ok F:ok(F=26,reclaimed=16) O:ok F:ok(F=29,reclaimed=16) O:ok F:ok(F=32,reclaimed=16) O:ok F:ok(F=35,reclaimed=16) O:ok	ok	same	-	[2, 2]	4	0	[2, 2]	143	2850816	0	2	t1@50182:released-and-isolated	[]	0	0
F9-bad-media-rw-forever	N1A-any-isoAll-mem	MFOFOFOFOFOFOFOFOFOFOFOFOFOFOFO	M:mount-err:Recovery(UnitUnreadable { slot: SlotNumber(50182) }) F:refused(not-writable) O:refused(not-writable) F:refused(not-writable) O:refused(not-writable) F:refused(not-writable) O:refused(not-writable) F:refused(not-writable) O:refused(not-writable) F:refused(not-writable) O:refused(not-writable) F:refused(not-writable) O:refused(not-writable) F:refused(not-writable) O:refused(not-writable) F:refused(not-writable) O:refused(not-writable) F:refused(not-writable) O:refused(not-writable) F:refused(not-writable) O:refused(not-writable) F:refused(not-writable) O:refused(not-writable) F:refused(not-writable) O:refused(not-writable) F:refused(not-writable) O:refused(not-writable) F:refused(not-writable) O:refused(not-writable) F:refused(not-writable) O:refused(not-writable)	mount-err:Recovery(UnitUnreadable { slot: SlotNumber(50182) })	same	-	[0, 0]	0	0	[0, 0]	0	0	0	4	-	[]	0	0
F9-bad-media-rw-forever	N1A-any-isoAll-mem	OMFOFOFOFOFOFOFOFOFOFOFOFOFOFOFO	O:ok M:ok F:noop O:ok F:ok(F=3,reclaimed=1) O:ok F:ok(F=6,reclaimed=17) O:ok F:ok(F=7,reclaimed=8) O:ok F:ok(F=11,reclaimed=21) O:err:BlockDevice(InputOutput(Custom { kind: Other, error: "injected write e F:noop O:err:BlockDevice(InputOutput(Custom { kind: Other, error: "injected write e F:noop O:err:BlockDevice(InputOutput(Custom { kind: Other, error: "injected write e F:noop O:err:BlockDevice(InputOutput(Custom { kind: Other, error: "injected write e F:noop O:err:BlockDevice(InputOutput(Custom { kind: Other, error: "injected write e F:noop O:err:BlockDevice(InputOutput(Custom { kind: Other, error: "injected write e F:noop O:err:BlockDevice(InputOutput(Custom { kind: Other, error: "injected write e F:noop O:err:BlockDevice(InputOutput(Custom { kind: Other, error: "injected write e F:noop O:err:BlockDevice(InputOutput(Custom { kind: Other, error: "injected write e F:noop O:err:BlockDevice(InputOutput(Custom { kind: Other, error: "injected write e F:noop O:err:BlockDevice(InputOutput(Custom { kind: Other, error: "injected write e	ok	same	-	[0, 0]	4	0	[0, 0]	119	2490368	0	2	t1@50182:released-and-isolated	[]	0	11
F9-bad-media-rw-forever	N1A-any-isoAll-mem	OFFOFOFOFOFOFOFOFOFOFOFOFOFOFOFO	O:ok F:noop F:noop O:ok F:ok(F=3,reclaimed=1) O:ok F:ok(F=6,reclaimed=17) O:ok F:ok(F=7,reclaimed=8) O:ok F:ok(F=8,reclaimed=8) O:ok F:ok(F=11,reclaimed=16) O:ok F:ok(F=14,reclaimed=16) O:ok F:ok(F=17,reclaimed=16) O:ok F:ok(F=20,reclaimed=16) O:ok F:ok(F=23,reclaimed=16) O:ok F:ok(F=26,reclaimed=16) O:ok F:ok(F=29,reclaimed=16) O:ok F:ok(F=32,reclaimed=16) O:ok F:ok(F=35,reclaimed=16) O:ok F:ok(F=38,reclaimed=16) O:ok	ok	same	-	[2, 2]	4	0	[2, 2]	153	3047424	0	2	t1@50182:released-and-isolated	[]	0	0
F9-bad-media-rw-forever	N1A-any-isoAll-mem	OOFOFOFOFOFOFOFOFOFOFOFOFOFOFOFO	O:ok O:ok F:ok(F=3,reclaimed=1) O:ok F:ok(F=6,reclaimed=17) O:ok F:ok(F=7,reclaimed=8) O:ok F:ok(F=8,reclaimed=8) O:ok F:ok(F=11,reclaimed=16) O:ok F:ok(F=14,reclaimed=16) O:ok F:ok(F=17,reclaimed=16) O:ok F:ok(F=20,reclaimed=16) O:ok F:ok(F=23,reclaimed=16) O:ok F:ok(F=26,reclaimed=16) O:ok F:ok(F=29,reclaimed=16) O:ok F:ok(F=32,reclaimed=16) O:ok F:ok(F=35,reclaimed=16) O:ok F:ok(F=38,reclaimed=16) O:ok F:ok(F=41,reclaimed=16) O:ok	ok	same	-	[2, 2]	4	0	[2, 2]	163	3244032	0	2	t1@50182:released-and-isolated	[]	0	0
F9-bad-media-rw-forever	N1A-any-isoAll-mem	FFOFOFOFOFOFOFOFOFOFOFOFOFOFOFO	F:noop F:noop O:ok F:noop O:ok F:ok(F=3,reclaimed=1) O:ok F:ok(F=6,reclaimed=17) O:ok F:ok(F=7,reclaimed=8) O:ok F:ok(F=8,reclaimed=8) O:ok F:ok(F=11,reclaimed=16) O:ok F:ok(F=14,reclaimed=16) O:ok F:ok(F=17,reclaimed=16) O:ok F:ok(F=20,reclaimed=16) O:ok F:ok(F=23,reclaimed=16) O:ok F:ok(F=26,reclaimed=16) O:ok F:ok(F=29,reclaimed=16) O:ok F:ok(F=32,reclaimed=16) O:ok F:ok(F=35,reclaimed=16) O:ok	ok	same	-	[2, 2]	4	0	[2, 2]	143	2850816	0	2	t1@50182:released-and-isolated	[]	0	0
F9-bad-media-rw-forever	N1A-any-isoAll-mem	OFOFOFOFOFOFOFOFOFOFOFOFOFOFOFO	O:ok F:noop O:ok F:ok(F=3,reclaimed=1) O:ok F:ok(F=6,reclaimed=17) O:ok F:ok(F=7,reclaimed=8) O:ok F:ok(F=8,reclaimed=8) O:ok F:ok(F=11,reclaimed=16) O:ok F:ok(F=14,reclaimed=16) O:ok F:ok(F=17,reclaimed=16) O:ok F:ok(F=20,reclaimed=16) O:ok F:ok(F=23,reclaimed=16) O:ok F:ok(F=26,reclaimed=16) O:ok F:ok(F=29,reclaimed=16) O:ok F:ok(F=32,reclaimed=16) O:ok F:ok(F=35,reclaimed=16) O:ok F:ok(F=38,reclaimed=16) O:ok	ok	same	-	[2, 2]	4	0	[2, 2]	153	3047424	0	2	t1@50182:released-and-isolated	[]	0	0
