EDGE E1 placement=SystemConfigurationSlot order=AfterFirstRoot pbs=512 path=[Overwrite] target=(1, 3) pre_tip=(1, 4) abandoned={(1, 4)} new_instance_roots=[(2, 5), (2, 6), (2, 7)]
STREAM E1 placement=SystemConfigurationSlot order=AfterFirstRoot pbs=512 seg=0 [SC0.1,SC1.1]
STREAM E1 placement=SystemConfigurationSlot order=AfterFirstRoot pbs=512 seg=1 [UNIT0,UNIT1,UNIT0,UNIT1,UNIT0,UNIT1,UNIT0,UNIT1,UNIT0,UNIT1]
STREAM E1 placement=SystemConfigurationSlot order=AfterFirstRoot pbs=512 seg=2 [REC0,REC1]
STREAM E1 placement=SystemConfigurationSlot order=AfterFirstRoot pbs=512 seg=3 [ROOT0]
STREAM E1 placement=SystemConfigurationSlot order=AfterFirstRoot pbs=512 seg=4 [SC0.0,SC1.0,UNIT0,UNIT1,UNIT0,UNIT1,UNIT0,UNIT1,UNIT0,UNIT1]
STREAM E1 placement=SystemConfigurationSlot order=AfterFirstRoot pbs=512 seg=5 [REC0,REC1]
STREAM E1 placement=SystemConfigurationSlot order=AfterFirstRoot pbs=512 seg=6 [ROOT0]
STREAM E1 placement=SystemConfigurationSlot order=AfterFirstRoot pbs=512 seg=7 [SC0.1,SC1.1,UNIT0,UNIT1,UNIT0,UNIT1,UNIT0,UNIT1,UNIT0,UNIT1]
STREAM E1 placement=SystemConfigurationSlot order=AfterFirstRoot pbs=512 seg=8 [REC0,REC1]
STREAM E1 placement=SystemConfigurationSlot order=AfterFirstRoot pbs=512 seg=9 [ROOT1]
STREAM E1 placement=SystemConfigurationSlot order=AfterFirstRoot pbs=512 seg=10 [SC0.0,SC1.0]
CRASH E1 seg=0/11 [SC0.1,SC1.1] persisted=[] rb0=false chosen0=(1, 4) new_root_durable=false witness_entries=0 copies_with_new_entry=0 flip_to_rb_under_fault=false minF=n/a(not_rolled_back) example=
CRASH E1 seg=0/11 [SC0.1,SC1.1] persisted=[0] rb0=false chosen0=(1, 4) new_root_durable=false witness_entries=0 copies_with_new_entry=0 flip_to_rb_under_fault=false minF=n/a(not_rolled_back) example=
CRASH E1 seg=0/11 [SC0.1,SC1.1] persisted=[1] rb0=false chosen0=(1, 4) new_root_durable=false witness_entries=0 copies_with_new_entry=0 flip_to_rb_under_fault=false minF=n/a(not_rolled_back) example=
CRASH E1 seg=1/11 [UNIT0,UNIT1,UNIT0,UNIT1,UNIT0,UNIT1,UNIT0,UNIT1,UNIT0,UNIT1] persisted=[] rb0=false chosen0=(1, 4) new_root_durable=false witness_entries=0 copies_with_new_entry=0 flip_to_rb_under_fault=false minF=n/a(not_rolled_back) example=
CRASH E1 seg=1/11 [UNIT0,UNIT1,UNIT0,UNIT1,UNIT0,UNIT1,UNIT0,UNIT1,UNIT0,UNIT1] persisted=[] torn=UNIT0:blocks[0]of[0, 1] rb0=false chosen0=(1, 4) new_root_durable=false witness_entries=0 copies_with_new_entry=0 flip_to_rb_under_fault=false minF=n/a(not_rolled_back) example=
CRASH E1 seg=1/11 [UNIT0,UNIT1,UNIT0,UNIT1,UNIT0,UNIT1,UNIT0,UNIT1,UNIT0,UNIT1] persisted=[] torn=UNIT0:blocks[1]of[0, 1] rb0=false chosen0=(1, 4) new_root_durable=false witness_entries=0 copies_with_new_entry=0 flip_to_rb_under_fault=false minF=n/a(not_rolled_back) example=
CRASH E1 seg=1/11 [UNIT0,UNIT1,UNIT0,UNIT1,UNIT0,UNIT1,UNIT0,UNIT1,UNIT0,UNIT1] persisted=[] torn=UNIT1:blocks[0]of[0, 1] rb0=false chosen0=(1, 4) new_root_durable=false witness_entries=0 copies_with_new_entry=0 flip_to_rb_under_fault=false minF=n/a(not_rolled_back) example=
CRASH E1 seg=1/11 [UNIT0,UNIT1,UNIT0,UNIT1,UNIT0,UNIT1,UNIT0,UNIT1,UNIT0,UNIT1] persisted=[] torn=UNIT1:blocks[1]of[0, 1] rb0=false chosen0=(1, 4) new_root_durable=false witness_entries=0 copies_with_new_entry=0 flip_to_rb_under_fault=false minF=n/a(not_rolled_back) example=
CRASH E1 seg=1/11 [UNIT0,UNIT1,UNIT0,UNIT1,UNIT0,UNIT1,UNIT0,UNIT1,UNIT0,UNIT1] persisted=[] torn=UNIT0:blocks[0]of[0, 1] rb0=false chosen0=(1, 4) new_root_durable=false witness_entries=0 copies_with_new_entry=0 flip_to_rb_under_fault=false minF=n/a(not_rolled_back) example=
CRASH E1 seg=1/11 [UNIT0,UNIT1,UNIT0,UNIT1,UNIT0,UNIT1,UNIT0,UNIT1,UNIT0,UNIT1] persisted=[] torn=UNIT0:blocks[1]of[0, 1] rb0=false chosen0=(1, 4) new_root_durable=false witness_entries=0 copies_with_new_entry=0 flip_to_rb_under_fault=false minF=n/a(not_rolled_back) example=
CRASH E1 seg=1/11 [UNIT0,UNIT1,UNIT0,UNIT1,UNIT0,UNIT1,UNIT0,UNIT1,UNIT0,UNIT1] persisted=[] torn=UNIT1:blocks[0]of[0, 1] rb0=false chosen0=(1, 4) new_root_durable=false witness_entries=0 copies_with_new_entry=0 flip_to_rb_under_fault=false minF=n/a(not_rolled_back) example=
CRASH E1 seg=1/11 [UNIT0,UNIT1,UNIT0,UNIT1,UNIT0,UNIT1,UNIT0,UNIT1,UNIT0,UNIT1] persisted=[] torn=UNIT1:blocks[1]of[0, 1] rb0=false chosen0=(1, 4) new_root_durable=false witness_entries=0 copies_with_new_entry=0 flip_to_rb_under_fault=false minF=n/a(not_rolled_back) example=
CRASH E1 seg=1/11 [UNIT0,UNIT1,UNIT0,UNIT1,UNIT0,UNIT1,UNIT0,UNIT1,UNIT0,UNIT1] persisted=[] torn=UNIT0:blocks[0]of[0, 1, 2] rb0=false chosen0=(1, 4) new_root_durable=false witness_entries=0 copies_with_new_entry=0 flip_to_rb_under_fault=false minF=n/a(not_rolled_back) example=
CRASH E1 seg=1/11 [UNIT0,UNIT1,UNIT0,UNIT1,UNIT0,UNIT1,UNIT0,UNIT1,UNIT0,UNIT1] persisted=[] torn=UNIT0:blocks[1]of[0, 1, 2] rb0=false chosen0=(1, 4) new_root_durable=false witness_entries=0 copies_with_new_entry=0 flip_to_rb_under_fault=false minF=n/a(not_rolled_back) example=
CRASH E1 seg=1/11 [UNIT0,UNIT1,UNIT0,UNIT1,UNIT0,UNIT1,UNIT0,UNIT1,UNIT0,UNIT1] persisted=[] torn=UNIT0:blocks[0, 1]of[0, 1, 2] rb0=false chosen0=(1, 4) new_root_durable=false witness_entries=0 copies_with_new_entry=0 flip_to_rb_under_fault=false minF=n/a(not_rolled_back) example=
CRASH E1 seg=1/11 [UNIT0,UNIT1,UNIT0,UNIT1,UNIT0,UNIT1,UNIT0,UNIT1,UNIT0,UNIT1] persisted=[] torn=UNIT0:blocks[2]of[0, 1, 2] rb0=false chosen0=(1, 4) new_root_durable=false witness_entries=0 copies_with_new_entry=0 flip_to_rb_under_fault=false minF=n/a(not_rolled_back) example=
CRASH E1 seg=1/11 [UNIT0,UNIT1,UNIT0,UNIT1,UNIT0,UNIT1,UNIT0,UNIT1,UNIT0,UNIT1] persisted=[] torn=UNIT0:blocks[0, 2]of[0, 1, 2] rb0=false chosen0=(1, 4) new_root_durable=false witness_entries=0 copies_with_new_entry=0 flip_to_rb_under_fault=false minF=n/a(not_rolled_back) example=
CRASH E1 seg=1/11 [UNIT0,UNIT1,UNIT0,UNIT1,UNIT0,UNIT1,UNIT0,UNIT1,UNIT0,UNIT1] persisted=[] torn=UNIT0:blocks[1, 2]of[0, 1, 2] rb0=false chosen0=(1, 4) new_root_durable=false witness_entries=0 copies_with_new_entry=0 flip_to_rb_under_fault=false minF=n/a(not_rolled_back) example=
CRASH E1 seg=1/11 [UNIT0,UNIT1,UNIT0,UNIT1,UNIT0,UNIT1,UNIT0,UNIT1,UNIT0,UNIT1] persisted=[] torn=UNIT1:blocks[0]of[0, 1, 2] rb0=false chosen0=(1, 4) new_root_durable=false witness_entries=0 copies_with_new_entry=0 flip_to_rb_under_fault=false minF=n/a(not_rolled_back) example=
CRASH E1 seg=1/11 [UNIT0,UNIT1,UNIT0,UNIT1,UNIT0,UNIT1,UNIT0,UNIT1,UNIT0,UNIT1] persisted=[] torn=UNIT1:blocks[1]of[0, 1, 2] rb0=false chosen0=(1, 4) new_root_durable=false witness_entries=0 copies_with_new_entry=0 flip_to_rb_under_fault=false minF=n/a(not_rolled_back) example=
CRASH E1 seg=1/11 [UNIT0,UNIT1,UNIT0,UNIT1,UNIT0,UNIT1,UNIT0,UNIT1,UNIT0,UNIT1] persisted=[] torn=UNIT1:blocks[0, 1]of[0, 1, 2] rb0=false chosen0=(1, 4) new_root_durable=false witness_entries=0 copies_with_new_entry=0 flip_to_rb_under_fault=false minF=n/a(not_rolled_back) example=
CRASH E1 seg=1/11 [UNIT0,UNIT1,UNIT0,UNIT1,UNIT0,UNIT1,UNIT0,UNIT1,UNIT0,UNIT1] persisted=[] torn=UNIT1:blocks[2]of[0, 1, 2] rb0=false chosen0=(1, 4) new_root_durable=false witness_entries=0 copies_with_new_entry=0 flip_to_rb_under_fault=false minF=n/a(not_rolled_back) example=
CRASH E1 seg=1/11 [UNIT0,UNIT1,UNIT0,UNIT1,UNIT0,UNIT1,UNIT0,UNIT1,UNIT0,UNIT1] persisted=[] torn=UNIT1:blocks[0, 2]of[0, 1, 2] rb0=false chosen0=(1, 4) new_root_durable=false witness_entries=0 copies_with_new_entry=0 flip_to_rb_under_fault=false minF=n/a(not_rolled_back) example=
CRASH E1 seg=1/11 [UNIT0,UNIT1,UNIT0,UNIT1,UNIT0,UNIT1,UNIT0,UNIT1,UNIT0,UNIT1] persisted=[] torn=UNIT1:blocks[1, 2]of[0, 1, 2] rb0=false chosen0=(1, 4) new_root_durable=false witness_entries=0 copies_with_new_entry=0 flip_to_rb_under_fault=false minF=n/a(not_rolled_back) example=
CRASH E1 seg=2/11 [REC0,REC1] persisted=[] rb0=false chosen0=(1, 4) new_root_durable=false witness_entries=0 copies_with_new_entry=0 flip_to_rb_under_fault=false minF=n/a(not_rolled_back) example=
CRASH E1 seg=2/11 [REC0,REC1] persisted=[] torn=REC0:blocks[0]of[0, 1] rb0=false chosen0=(1, 4) new_root_durable=false witness_entries=0 copies_with_new_entry=0 flip_to_rb_under_fault=false minF=n/a(not_rolled_back) example=
CRASH E1 seg=2/11 [REC0,REC1] persisted=[] torn=REC0:blocks[1]of[0, 1] rb0=false chosen0=(1, 4) new_root_durable=false witness_entries=0 copies_with_new_entry=0 flip_to_rb_under_fault=false minF=n/a(not_rolled_back) example=
CRASH E1 seg=2/11 [REC0,REC1] persisted=[] torn=REC1:blocks[0]of[0, 1] rb0=false chosen0=(1, 4) new_root_durable=false witness_entries=0 copies_with_new_entry=0 flip_to_rb_under_fault=false minF=n/a(not_rolled_back) example=
CRASH E1 seg=2/11 [REC0,REC1] persisted=[] torn=REC1:blocks[1]of[0, 1] rb0=false chosen0=(1, 4) new_root_durable=false witness_entries=0 copies_with_new_entry=0 flip_to_rb_under_fault=false minF=n/a(not_rolled_back) example=
CRASH E1 seg=2/11 [REC0,REC1] persisted=[0] rb0=false chosen0=(1, 4) new_root_durable=false witness_entries=0 copies_with_new_entry=0 flip_to_rb_under_fault=false minF=n/a(not_rolled_back) example=
CRASH E1 seg=2/11 [REC0,REC1] persisted=[0] torn=REC1:blocks[0]of[0, 1] rb0=false chosen0=(1, 4) new_root_durable=false witness_entries=0 copies_with_new_entry=0 flip_to_rb_under_fault=false minF=n/a(not_rolled_back) example=
CRASH E1 seg=2/11 [REC0,REC1] persisted=[0] torn=REC1:blocks[1]of[0, 1] rb0=false chosen0=(1, 4) new_root_durable=false witness_entries=0 copies_with_new_entry=0 flip_to_rb_under_fault=false minF=n/a(not_rolled_back) example=
CRASH E1 seg=2/11 [REC0,REC1] persisted=[1] rb0=false chosen0=(1, 4) new_root_durable=false witness_entries=0 copies_with_new_entry=0 flip_to_rb_under_fault=false minF=n/a(not_rolled_back) example=
CRASH E1 seg=2/11 [REC0,REC1] persisted=[1] torn=REC0:blocks[0]of[0, 1] rb0=false chosen0=(1, 4) new_root_durable=false witness_entries=0 copies_with_new_entry=0 flip_to_rb_under_fault=false minF=n/a(not_rolled_back) example=
CRASH E1 seg=2/11 [REC0,REC1] persisted=[1] torn=REC0:blocks[1]of[0, 1] rb0=false chosen0=(1, 4) new_root_durable=false witness_entries=0 copies_with_new_entry=0 flip_to_rb_under_fault=false minF=n/a(not_rolled_back) example=
CRASH E1 seg=3/11 [ROOT0] persisted=[] rb0=false chosen0=(1, 4) new_root_durable=false witness_entries=0 copies_with_new_entry=0 flip_to_rb_under_fault=false minF=n/a(not_rolled_back) example=
CRASH E1 seg=4/11 [SC0.0,SC1.0,UNIT0,UNIT1,UNIT0,UNIT1,UNIT0,UNIT1,UNIT0,UNIT1] persisted=[] rb0=true chosen0=(2, 5) new_root_durable=true witness_entries=0 copies_with_new_entry=0 flip_to_rb_under_fault=false minF=1 example=[R2.1]@a
CRASH E1 seg=4/11 [SC0.0,SC1.0,UNIT0,UNIT1,UNIT0,UNIT1,UNIT0,UNIT1,UNIT0,UNIT1] persisted=[] torn=UNIT0:blocks[0]of[0, 1] rb0=true chosen0=(2, 5) new_root_durable=true witness_entries=0 copies_with_new_entry=0 flip_to_rb_under_fault=false minF=1 example=[R2.1]@a
CRASH E1 seg=4/11 [SC0.0,SC1.0,UNIT0,UNIT1,UNIT0,UNIT1,UNIT0,UNIT1,UNIT0,UNIT1] persisted=[] torn=UNIT0:blocks[1]of[0, 1] rb0=true chosen0=(2, 5) new_root_durable=true witness_entries=0 copies_with_new_entry=0 flip_to_rb_under_fault=false minF=1 example=[R2.1]@a
CRASH E1 seg=4/11 [SC0.0,SC1.0,UNIT0,UNIT1,UNIT0,UNIT1,UNIT0,UNIT1,UNIT0,UNIT1] persisted=[] torn=UNIT1:blocks[0]of[0, 1] rb0=true chosen0=(2, 5) new_root_durable=true witness_entries=0 copies_with_new_entry=0 flip_to_rb_under_fault=false minF=1 example=[R2.1]@a
CRASH E1 seg=4/11 [SC0.0,SC1.0,UNIT0,UNIT1,UNIT0,UNIT1,UNIT0,UNIT1,UNIT0,UNIT1] persisted=[] torn=UNIT1:blocks[1]of[0, 1] rb0=true chosen0=(2, 5) new_root_durable=true witness_entries=0 copies_with_new_entry=0 flip_to_rb_under_fault=false minF=1 example=[R2.1]@a
CRASH E1 seg=4/11 [SC0.0,SC1.0,UNIT0,UNIT1,UNIT0,UNIT1,UNIT0,UNIT1,UNIT0,UNIT1] persisted=[] torn=UNIT0:blocks[0]of[0, 1] rb0=true chosen0=(2, 5) new_root_durable=true witness_entries=0 copies_with_new_entry=0 flip_to_rb_under_fault=false minF=1 example=[R2.1]@a
CRASH E1 seg=4/11 [SC0.0,SC1.0,UNIT0,UNIT1,UNIT0,UNIT1,UNIT0,UNIT1,UNIT0,UNIT1] persisted=[] torn=UNIT0:blocks[1]of[0, 1] rb0=true chosen0=(2, 5) new_root_durable=true witness_entries=0 copies_with_new_entry=0 flip_to_rb_under_fault=false minF=1 example=[R2.1]@a
CRASH E1 seg=4/11 [SC0.0,SC1.0,UNIT0,UNIT1,UNIT0,UNIT1,UNIT0,UNIT1,UNIT0,UNIT1] persisted=[] torn=UNIT1:blocks[0]of[0, 1] rb0=true chosen0=(2, 5) new_root_durable=true witness_entries=0 copies_with_new_entry=0 flip_to_rb_under_fault=false minF=1 example=[R2.1]@a
CRASH E1 seg=4/11 [SC0.0,SC1.0,UNIT0,UNIT1,UNIT0,UNIT1,UNIT0,UNIT1,UNIT0,UNIT1] persisted=[] torn=UNIT1:blocks[1]of[0, 1] rb0=true chosen0=(2, 5) new_root_durable=true witness_entries=0 copies_with_new_entry=0 flip_to_rb_under_fault=false minF=1 example=[R2.1]@a
CRASH E1 seg=4/11 [SC0.0,SC1.0,UNIT0,UNIT1,UNIT0,UNIT1,UNIT0,UNIT1,UNIT0,UNIT1] persisted=[] torn=UNIT0:blocks[0]of[0, 1, 2] rb0=true chosen0=(2, 5) new_root_durable=true witness_entries=0 copies_with_new_entry=0 flip_to_rb_under_fault=false minF=1 example=[R2.1]@a
CRASH E1 seg=4/11 [SC0.0,SC1.0,UNIT0,UNIT1,UNIT0,UNIT1,UNIT0,UNIT1,UNIT0,UNIT1] persisted=[] torn=UNIT0:blocks[1]of[0, 1, 2] rb0=true chosen0=(2, 5) new_root_durable=true witness_entries=0 copies_with_new_entry=0 flip_to_rb_under_fault=false minF=1 example=[R2.1]@a
CRASH E1 seg=4/11 [SC0.0,SC1.0,UNIT0,UNIT1,UNIT0,UNIT1,UNIT0,UNIT1,UNIT0,UNIT1] persisted=[] torn=UNIT0:blocks[0, 1]of[0, 1, 2] rb0=true chosen0=(2, 5) new_root_durable=true witness_entries=0 copies_with_new_entry=0 flip_to_rb_under_fault=false minF=1 example=[R2.1]@a
CRASH E1 seg=4/11 [SC0.0,SC1.0,UNIT0,UNIT1,UNIT0,UNIT1,UNIT0,UNIT1,UNIT0,UNIT1] persisted=[] torn=UNIT0:blocks[2]of[0, 1, 2] rb0=true chosen0=(2, 5) new_root_durable=true witness_entries=0 copies_with_new_entry=0 flip_to_rb_under_fault=false minF=1 example=[R2.1]@a
CRASH E1 seg=4/11 [SC0.0,SC1.0,UNIT0,UNIT1,UNIT0,UNIT1,UNIT0,UNIT1,UNIT0,UNIT1] persisted=[] torn=UNIT0:blocks[0, 2]of[0, 1, 2] rb0=true chosen0=(2, 5) new_root_durable=true witness_entries=0 copies_with_new_entry=0 flip_to_rb_under_fault=false minF=1 example=[R2.1]@a
CRASH E1 seg=4/11 [SC0.0,SC1.0,UNIT0,UNIT1,UNIT0,UNIT1,UNIT0,UNIT1,UNIT0,UNIT1] persisted=[] torn=UNIT0:blocks[1, 2]of[0, 1, 2] rb0=true chosen0=(2, 5) new_root_durable=true witness_entries=0 copies_with_new_entry=0 flip_to_rb_under_fault=false minF=1 example=[R2.1]@a
CRASH E1 seg=4/11 [SC0.0,SC1.0,UNIT0,UNIT1,UNIT0,UNIT1,UNIT0,UNIT1,UNIT0,UNIT1] persisted=[] torn=UNIT1:blocks[0]of[0, 1, 2] rb0=true chosen0=(2, 5) new_root_durable=true witness_entries=0 copies_with_new_entry=0 flip_to_rb_under_fault=false minF=1 example=[R2.1]@a
CRASH E1 seg=4/11 [SC0.0,SC1.0,UNIT0,UNIT1,UNIT0,UNIT1,UNIT0,UNIT1,UNIT0,UNIT1] persisted=[] torn=UNIT1:blocks[1]of[0, 1, 2] rb0=true chosen0=(2, 5) new_root_durable=true witness_entries=0 copies_with_new_entry=0 flip_to_rb_under_fault=false minF=1 example=[R2.1]@a
CRASH E1 seg=4/11 [SC0.0,SC1.0,UNIT0,UNIT1,UNIT0,UNIT1,UNIT0,UNIT1,UNIT0,UNIT1] persisted=[] torn=UNIT1:blocks[0, 1]of[0, 1, 2] rb0=true chosen0=(2, 5) new_root_durable=true witness_entries=0 copies_with_new_entry=0 flip_to_rb_under_fault=false minF=1 example=[R2.1]@a
CRASH E1 seg=4/11 [SC0.0,SC1.0,UNIT0,UNIT1,UNIT0,UNIT1,UNIT0,UNIT1,UNIT0,UNIT1] persisted=[] torn=UNIT1:blocks[2]of[0, 1, 2] rb0=true chosen0=(2, 5) new_root_durable=true witness_entries=0 copies_with_new_entry=0 flip_to_rb_under_fault=false minF=1 example=[R2.1]@a
CRASH E1 seg=4/11 [SC0.0,SC1.0,UNIT0,UNIT1,UNIT0,UNIT1,UNIT0,UNIT1,UNIT0,UNIT1] persisted=[] torn=UNIT1:blocks[0, 2]of[0, 1, 2] rb0=true chosen0=(2, 5) new_root_durable=true witness_entries=0 copies_with_new_entry=0 flip_to_rb_under_fault=false minF=1 example=[R2.1]@a
CRASH E1 seg=4/11 [SC0.0,SC1.0,UNIT0,UNIT1,UNIT0,UNIT1,UNIT0,UNIT1,UNIT0,UNIT1] persisted=[] torn=UNIT1:blocks[1, 2]of[0, 1, 2] rb0=true chosen0=(2, 5) new_root_durable=true witness_entries=0 copies_with_new_entry=0 flip_to_rb_under_fault=false minF=1 example=[R2.1]@a
CRASH E1 seg=4/11 [SC0.0,SC1.0,UNIT0,UNIT1,UNIT0,UNIT1,UNIT0,UNIT1,UNIT0,UNIT1] persisted=[0] rb0=true chosen0=(2, 5) new_root_durable=true witness_entries=1 copies_with_new_entry=1 flip_to_rb_under_fault=false minF=2 example=[R2.1,W0@0]@a
CRASH E1 seg=4/11 [SC0.0,SC1.0,UNIT0,UNIT1,UNIT0,UNIT1,UNIT0,UNIT1,UNIT0,UNIT1] persisted=[0] torn=UNIT0:blocks[0]of[0, 1] rb0=true chosen0=(2, 5) new_root_durable=true witness_entries=1 copies_with_new_entry=1 flip_to_rb_under_fault=false minF=2 example=[R2.1,W0@0]@a
CRASH E1 seg=4/11 [SC0.0,SC1.0,UNIT0,UNIT1,UNIT0,UNIT1,UNIT0,UNIT1,UNIT0,UNIT1] persisted=[0] torn=UNIT0:blocks[1]of[0, 1] rb0=true chosen0=(2, 5) new_root_durable=true witness_entries=1 copies_with_new_entry=1 flip_to_rb_under_fault=false minF=2 example=[R2.1,W0@0]@a
CRASH E1 seg=4/11 [SC0.0,SC1.0,UNIT0,UNIT1,UNIT0,UNIT1,UNIT0,UNIT1,UNIT0,UNIT1] persisted=[0] torn=UNIT1:blocks[0]of[0, 1] rb0=true chosen0=(2, 5) new_root_durable=true witness_entries=1 copies_with_new_entry=1 flip_to_rb_under_fault=false minF=2 example=[R2.1,W0@0]@a
CRASH E1 seg=4/11 [SC0.0,SC1.0,UNIT0,UNIT1,UNIT0,UNIT1,UNIT0,UNIT1,UNIT0,UNIT1] persisted=[0] torn=UNIT1:blocks[1]of[0, 1] rb0=true chosen0=(2, 5) new_root_durable=true witness_entries=1 copies_with_new_entry=1 flip_to_rb_under_fault=false minF=2 example=[R2.1,W0@0]@a
CRASH E1 seg=4/11 [SC0.0,SC1.0,UNIT0,UNIT1,UNIT0,UNIT1,UNIT0,UNIT1,UNIT0,UNIT1] persisted=[0] torn=UNIT0:blocks[0]of[0, 1] rb0=true chosen0=(2, 5) new_root_durable=true witness_entries=1 copies_with_new_entry=1 flip_to_rb_under_fault=false minF=2 example=[R2.1,W0@0]@a
CRASH E1 seg=4/11 [SC0.0,SC1.0,UNIT0,UNIT1,UNIT0,UNIT1,UNIT0,UNIT1,UNIT0,UNIT1] persisted=[0] torn=UNIT0:blocks[1]of[0, 1] rb0=true chosen0=(2, 5) new_root_durable=true witness_entries=1 copies_with_new_entry=1 flip_to_rb_under_fault=false minF=2 example=[R2.1,W0@0]@a
CRASH E1 seg=4/11 [SC0.0,SC1.0,UNIT0,UNIT1,UNIT0,UNIT1,UNIT0,UNIT1,UNIT0,UNIT1] persisted=[0] torn=UNIT1:blocks[0]of[0, 1] rb0=true chosen0=(2, 5) new_root_durable=true witness_entries=1 copies_with_new_entry=1 flip_to_rb_under_fault=false minF=2 example=[R2.1,W0@0]@a
CRASH E1 seg=4/11 [SC0.0,SC1.0,UNIT0,UNIT1,UNIT0,UNIT1,UNIT0,UNIT1,UNIT0,UNIT1] persisted=[0] torn=UNIT1:blocks[1]of[0, 1] rb0=true chosen0=(2, 5) new_root_durable=true witness_entries=1 copies_with_new_entry=1 flip_to_rb_under_fault=false minF=2 example=[R2.1,W0@0]@a
CRASH E1 seg=4/11 [SC0.0,SC1.0,UNIT0,UNIT1,UNIT0,UNIT1,UNIT0,UNIT1,UNIT0,UNIT1] persisted=[0] torn=UNIT0:blocks[0]of[0, 1, 2] rb0=true chosen0=(2, 5) new_root_durable=true witness_entries=1 copies_with_new_entry=1 flip_to_rb_under_fault=false minF=2 example=[R2.1,W0@0]@a
CRASH E1 seg=4/11 [SC0.0,SC1.0,UNIT0,UNIT1,UNIT0,UNIT1,UNIT0,UNIT1,UNIT0,UNIT1] persisted=[0] torn=UNIT0:blocks[1]of[0, 1, 2] rb0=true chosen0=(2, 5) new_root_durable=true witness_entries=1 copies_with_new_entry=1 flip_to_rb_under_fault=false minF=2 example=[R2.1,W0@0]@a
CRASH E1 seg=4/11 [SC0.0,SC1.0,UNIT0,UNIT1,UNIT0,UNIT1,UNIT0,UNIT1,UNIT0,UNIT1] persisted=[0] torn=UNIT0:blocks[0, 1]of[0, 1, 2] rb0=true chosen0=(2, 5) new_root_durable=true witness_entries=1 copies_with_new_entry=1 flip_to_rb_under_fault=false minF=2 example=[R2.1,W0@0]@a
CRASH E1 seg=4/11 [SC0.0,SC1.0,UNIT0,UNIT1,UNIT0,UNIT1,UNIT0,UNIT1,UNIT0,UNIT1] persisted=[0] torn=UNIT0:blocks[2]of[0, 1, 2] rb0=true chosen0=(2, 5) new_root_durable=true witness_entries=1 copies_with_new_entry=1 flip_to_rb_under_fault=false minF=2 example=[R2.1,W0@0]@a
CRASH E1 seg=4/11 [SC0.0,SC1.0,UNIT0,UNIT1,UNIT0,UNIT1,UNIT0,UNIT1,UNIT0,UNIT1] persisted=[0] torn=UNIT0:blocks[0, 2]of[0, 1, 2] rb0=true chosen0=(2, 5) new_root_durable=true witness_entries=1 copies_with_new_entry=1 flip_to_rb_under_fault=false minF=2 example=[R2.1,W0@0]@a
CRASH E1 seg=4/11 [SC0.0,SC1.0,UNIT0,UNIT1,UNIT0,UNIT1,UNIT0,UNIT1,UNIT0,UNIT1] persisted=[0] torn=UNIT0:blocks[1, 2]of[0, 1, 2] rb0=true chosen0=(2, 5) new_root_durable=true witness_entries=1 copies_with_new_entry=1 flip_to_rb_under_fault=false minF=2 example=[R2.1,W0@0]@a
CRASH E1 seg=4/11 [SC0.0,SC1.0,UNIT0,UNIT1,UNIT0,UNIT1,UNIT0,UNIT1,UNIT0,UNIT1] persisted=[0] torn=UNIT1:blocks[0]of[0, 1, 2] rb0=true chosen0=(2, 5) new_root_durable=true witness_entries=1 copies_with_new_entry=1 flip_to_rb_under_fault=false minF=2 example=[R2.1,W0@0]@a
CRASH E1 seg=4/11 [SC0.0,SC1.0,UNIT0,UNIT1,UNIT0,UNIT1,UNIT0,UNIT1,UNIT0,UNIT1] persisted=[0] torn=UNIT1:blocks[1]of[0, 1, 2] rb0=true chosen0=(2, 5) new_root_durable=true witness_entries=1 copies_with_new_entry=1 flip_to_rb_under_fault=false minF=2 example=[R2.1,W0@0]@a
CRASH E1 seg=4/11 [SC0.0,SC1.0,UNIT0,UNIT1,UNIT0,UNIT1,UNIT0,UNIT1,UNIT0,UNIT1] persisted=[0] torn=UNIT1:blocks[0, 1]of[0, 1, 2] rb0=true chosen0=(2, 5) new_root_durable=true witness_entries=1 copies_with_new_entry=1 flip_to_rb_under_fault=false minF=2 example=[R2.1,W0@0]@a
CRASH E1 seg=4/11 [SC0.0,SC1.0,UNIT0,UNIT1,UNIT0,UNIT1,UNIT0,UNIT1,UNIT0,UNIT1] persisted=[0] torn=UNIT1:blocks[2]of[0, 1, 2] rb0=true chosen0=(2, 5) new_root_durable=true witness_entries=1 copies_with_new_entry=1 flip_to_rb_under_fault=false minF=2 example=[R2.1,W0@0]@a
CRASH E1 seg=4/11 [SC0.0,SC1.0,UNIT0,UNIT1,UNIT0,UNIT1,UNIT0,UNIT1,UNIT0,UNIT1] persisted=[0] torn=UNIT1:blocks[0, 2]of[0, 1, 2] rb0=true chosen0=(2, 5) new_root_durable=true witness_entries=1 copies_with_new_entry=1 flip_to_rb_under_fault=false minF=2 example=[R2.1,W0@0]@a
CRASH E1 seg=4/11 [SC0.0,SC1.0,UNIT0,UNIT1,UNIT0,UNIT1,UNIT0,UNIT1,UNIT0,UNIT1] persisted=[0] torn=UNIT1:blocks[1, 2]of[0, 1, 2] rb0=true chosen0=(2, 5) new_root_durable=true witness_entries=1 copies_with_new_entry=1 flip_to_rb_under_fault=false minF=2 example=[R2.1,W0@0]@a
CRASH E1 seg=4/11 [SC0.0,SC1.0,UNIT0,UNIT1,UNIT0,UNIT1,UNIT0,UNIT1,UNIT0,UNIT1] persisted=[1] rb0=true chosen0=(2, 5) new_root_durable=true witness_entries=1 copies_with_new_entry=1 flip_to_rb_under_fault=false minF=2 example=[R2.1,W1@0]@a
CRASH E1 seg=4/11 [SC0.0,SC1.0,UNIT0,UNIT1,UNIT0,UNIT1,UNIT0,UNIT1,UNIT0,UNIT1] persisted=[1] torn=UNIT0:blocks[0]of[0, 1] rb0=true chosen0=(2, 5) new_root_durable=true witness_entries=1 copies_with_new_entry=1 flip_to_rb_under_fault=false minF=2 example=[R2.1,W1@0]@a
CRASH E1 seg=4/11 [SC0.0,SC1.0,UNIT0,UNIT1,UNIT0,UNIT1,UNIT0,UNIT1,UNIT0,UNIT1] persisted=[1] torn=UNIT0:blocks[1]of[0, 1] rb0=true chosen0=(2, 5) new_root_durable=true witness_entries=1 copies_with_new_entry=1 flip_to_rb_under_fault=false minF=2 example=[R2.1,W1@0]@a
CRASH E1 seg=4/11 [SC0.0,SC1.0,UNIT0,UNIT1,UNIT0,UNIT1,UNIT0,UNIT1,UNIT0,UNIT1] persisted=[1] torn=UNIT1:blocks[0]of[0, 1] rb0=true chosen0=(2, 5) new_root_durable=true witness_entries=1 copies_with_new_entry=1 flip_to_rb_under_fault=false minF=2 example=[R2.1,W1@0]@a
CRASH E1 seg=4/11 [SC0.0,SC1.0,UNIT0,UNIT1,UNIT0,UNIT1,UNIT0,UNIT1,UNIT0,UNIT1] persisted=[1] torn=UNIT1:blocks[1]of[0, 1] rb0=true chosen0=(2, 5) new_root_durable=true witness_entries=1 copies_with_new_entry=1 flip_to_rb_under_fault=false minF=2 example=[R2.1,W1@0]@a
CRASH E1 seg=4/11 [SC0.0,SC1.0,UNIT0,UNIT1,UNIT0,UNIT1,UNIT0,UNIT1,UNIT0,UNIT1] persisted=[1] torn=UNIT0:blocks[0]of[0, 1] rb0=true chosen0=(2, 5) new_root_durable=true witness_entries=1 copies_with_new_entry=1 flip_to_rb_under_fault=false minF=2 example=[R2.1,W1@0]@a
CRASH E1 seg=4/11 [SC0.0,SC1.0,UNIT0,UNIT1,UNIT0,UNIT1,UNIT0,UNIT1,UNIT0,UNIT1] persisted=[1] torn=UNIT0:blocks[1]of[0, 1] rb0=true chosen0=(2, 5) new_root_durable=true witness_entries=1 copies_with_new_entry=1 flip_to_rb_under_fault=false minF=2 example=[R2.1,W1@0]@a
CRASH E1 seg=4/11 [SC0.0,SC1.0,UNIT0,UNIT1,UNIT0,UNIT1,UNIT0,UNIT1,UNIT0,UNIT1] persisted=[1] torn=UNIT1:blocks[0]of[0, 1] rb0=true chosen0=(2, 5) new_root_durable=true witness_entries=1 copies_with_new_entry=1 flip_to_rb_under_fault=false minF=2 example=[R2.1,W1@0]@a
CRASH E1 seg=4/11 [SC0.0,SC1.0,UNIT0,UNIT1,UNIT0,UNIT1,UNIT0,UNIT1,UNIT0,UNIT1] persisted=[1] torn=UNIT1:blocks[1]of[0, 1] rb0=true chosen0=(2, 5) new_root_durable=true witness_entries=1 copies_with_new_entry=1 flip_to_rb_under_fault=false minF=2 example=[R2.1,W1@0]@a
CRASH E1 seg=4/11 [SC0.0,SC1.0,UNIT0,UNIT1,UNIT0,UNIT1,UNIT0,UNIT1,UNIT0,UNIT1] persisted=[1] torn=UNIT0:blocks[0]of[0, 1, 2] rb0=true chosen0=(2, 5) new_root_durable=true witness_entries=1 copies_with_new_entry=1 flip_to_rb_under_fault=false minF=2 example=[R2.1,W1@0]@a
CRASH E1 seg=4/11 [SC0.0,SC1.0,UNIT0,UNIT1,UNIT0,UNIT1,UNIT0,UNIT1,UNIT0,UNIT1] persisted=[1] torn=UNIT0:blocks[1]of[0, 1, 2] rb0=true chosen0=(2, 5) new_root_durable=true witness_entries=1 copies_with_new_entry=1 flip_to_rb_under_fault=false minF=2 example=[R2.1,W1@0]@a
CRASH E1 seg=4/11 [SC0.0,SC1.0,UNIT0,UNIT1,UNIT0,UNIT1,UNIT0,UNIT1,UNIT0,UNIT1] persisted=[1] torn=UNIT0:blocks[0, 1]of[0, 1, 2] rb0=true chosen0=(2, 5) new_root_durable=true witness_entries=1 copies_with_new_entry=1 flip_to_rb_under_fault=false minF=2 example=[R2.1,W1@0]@a
CRASH E1 seg=4/11 [SC0.0,SC1.0,UNIT0,UNIT1,UNIT0,UNIT1,UNIT0,UNIT1,UNIT0,UNIT1] persisted=[1] torn=UNIT0:blocks[2]of[0, 1, 2] rb0=true chosen0=(2, 5) new_root_durable=true witness_entries=1 copies_with_new_entry=1 flip_to_rb_under_fault=false minF=2 example=[R2.1,W1@0]@a
CRASH E1 seg=4/11 [SC0.0,SC1.0,UNIT0,UNIT1,UNIT0,UNIT1,UNIT0,UNIT1,UNIT0,UNIT1] persisted=[1] torn=UNIT0:blocks[0, 2]of[0, 1, 2] rb0=true chosen0=(2, 5) new_root_durable=true witness_entries=1 copies_with_new_entry=1 flip_to_rb_under_fault=false minF=2 example=[R2.1,W1@0]@a
CRASH E1 seg=4/11 [SC0.0,SC1.0,UNIT0,UNIT1,UNIT0,UNIT1,UNIT0,UNIT1,UNIT0,UNIT1] persisted=[1] torn=UNIT0:blocks[1, 2]of[0, 1, 2] rb0=true chosen0=(2, 5) new_root_durable=true witness_entries=1 copies_with_new_entry=1 flip_to_rb_under_fault=false minF=2 example=[R2.1,W1@0]@a
CRASH E1 seg=4/11 [SC0.0,SC1.0,UNIT0,UNIT1,UNIT0,UNIT1,UNIT0,UNIT1,UNIT0,UNIT1] persisted=[1] torn=UNIT1:blocks[0]of[0, 1, 2] rb0=true chosen0=(2, 5) new_root_durable=true witness_entries=1 copies_with_new_entry=1 flip_to_rb_under_fault=false minF=2 example=[R2.1,W1@0]@a
CRASH E1 seg=4/11 [SC0.0,SC1.0,UNIT0,UNIT1,UNIT0,UNIT1,UNIT0,UNIT1,UNIT0,UNIT1] persisted=[1] torn=UNIT1:blocks[1]of[0, 1, 2] rb0=true chosen0=(2, 5) new_root_durable=true witness_entries=1 copies_with_new_entry=1 flip_to_rb_under_fault=false minF=2 example=[R2.1,W1@0]@a
CRASH E1 seg=4/11 [SC0.0,SC1.0,UNIT0,UNIT1,UNIT0,UNIT1,UNIT0,UNIT1,UNIT0,UNIT1] persisted=[1] torn=UNIT1:blocks[0, 1]of[0, 1, 2] rb0=true chosen0=(2, 5) new_root_durable=true witness_entries=1 copies_with_new_entry=1 flip_to_rb_under_fault=false minF=2 example=[R2.1,W1@0]@a
CRASH E1 seg=4/11 [SC0.0,SC1.0,UNIT0,UNIT1,UNIT0,UNIT1,UNIT0,UNIT1,UNIT0,UNIT1] persisted=[1] torn=UNIT1:blocks[2]of[0, 1, 2] rb0=true chosen0=(2, 5) new_root_durable=true witness_entries=1 copies_with_new_entry=1 flip_to_rb_under_fault=false minF=2 example=[R2.1,W1@0]@a
CRASH E1 seg=4/11 [SC0.0,SC1.0,UNIT0,UNIT1,UNIT0,UNIT1,UNIT0,UNIT1,UNIT0,UNIT1] persisted=[1] torn=UNIT1:blocks[0, 2]of[0, 1, 2] rb0=true chosen0=(2, 5) new_root_durable=true witness_entries=1 copies_with_new_entry=1 flip_to_rb_under_fault=false minF=2 example=[R2.1,W1@0]@a
CRASH E1 seg=4/11 [SC0.0,SC1.0,UNIT0,UNIT1,UNIT0,UNIT1,UNIT0,UNIT1,UNIT0,UNIT1] persisted=[1] torn=UNIT1:blocks[1, 2]of[0, 1, 2] rb0=true chosen0=(2, 5) new_root_durable=true witness_entries=1 copies_with_new_entry=1 flip_to_rb_under_fault=false minF=2 example=[R2.1,W1@0]@a
CRASH E1 seg=4/11 [SC0.0,SC1.0,UNIT0,UNIT1,UNIT0,UNIT1,UNIT0,UNIT1,UNIT0,UNIT1] persisted=[0, 1] rb0=true chosen0=(2, 5) new_root_durable=true witness_entries=1 copies_with_new_entry=2 flip_to_rb_under_fault=false minF=3 example=[R2.1,W0@0,W1@0]@a
CRASH E1 seg=4/11 [SC0.0,SC1.0,UNIT0,UNIT1,UNIT0,UNIT1,UNIT0,UNIT1,UNIT0,UNIT1] persisted=[0, 1] torn=UNIT0:blocks[0]of[0, 1] rb0=true chosen0=(2, 5) new_root_durable=true witness_entries=1 copies_with_new_entry=2 flip_to_rb_under_fault=false minF=3 example=[R2.1,W0@0,W1@0]@a
CRASH E1 seg=4/11 [SC0.0,SC1.0,UNIT0,UNIT1,UNIT0,UNIT1,UNIT0,UNIT1,UNIT0,UNIT1] persisted=[0, 1] torn=UNIT0:blocks[1]of[0, 1] rb0=true chosen0=(2, 5) new_root_durable=true witness_entries=1 copies_with_new_entry=2 flip_to_rb_under_fault=false minF=3 example=[R2.1,W0@0,W1@0]@a
CRASH E1 seg=4/11 [SC0.0,SC1.0,UNIT0,UNIT1,UNIT0,UNIT1,UNIT0,UNIT1,UNIT0,UNIT1] persisted=[0, 1] torn=UNIT1:blocks[0]of[0, 1] rb0=true chosen0=(2, 5) new_root_durable=true witness_entries=1 copies_with_new_entry=2 flip_to_rb_under_fault=false minF=3 example=[R2.1,W0@0,W1@0]@a
CRASH E1 seg=4/11 [SC0.0,SC1.0,UNIT0,UNIT1,UNIT0,UNIT1,UNIT0,UNIT1,UNIT0,UNIT1] persisted=[0, 1] torn=UNIT1:blocks[1]of[0, 1] rb0=true chosen0=(2, 5) new_root_durable=true witness_entries=1 copies_with_new_entry=2 flip_to_rb_under_fault=false minF=3 example=[R2.1,W0@0,W1@0]@a
CRASH E1 seg=4/11 [SC0.0,SC1.0,UNIT0,UNIT1,UNIT0,UNIT1,UNIT0,UNIT1,UNIT0,UNIT1] persisted=[0, 1] torn=UNIT0:blocks[0]of[0, 1] rb0=true chosen0=(2, 5) new_root_durable=true witness_entries=1 copies_with_new_entry=2 flip_to_rb_under_fault=false minF=3 example=[R2.1,W0@0,W1@0]@a
CRASH E1 seg=4/11 [SC0.0,SC1.0,UNIT0,UNIT1,UNIT0,UNIT1,UNIT0,UNIT1,UNIT0,UNIT1] persisted=[0, 1] torn=UNIT0:blocks[1]of[0, 1] rb0=true chosen0=(2, 5) new_root_durable=true witness_entries=1 copies_with_new_entry=2 flip_to_rb_under_fault=false minF=3 example=[R2.1,W0@0,W1@0]@a
CRASH E1 seg=4/11 [SC0.0,SC1.0,UNIT0,UNIT1,UNIT0,UNIT1,UNIT0,UNIT1,UNIT0,UNIT1] persisted=[0, 1] torn=UNIT1:blocks[0]of[0, 1] rb0=true chosen0=(2, 5) new_root_durable=true witness_entries=1 copies_with_new_entry=2 flip_to_rb_under_fault=false minF=3 example=[R2.1,W0@0,W1@0]@a
CRASH E1 seg=4/11 [SC0.0,SC1.0,UNIT0,UNIT1,UNIT0,UNIT1,UNIT0,UNIT1,UNIT0,UNIT1] persisted=[0, 1] torn=UNIT1:blocks[1]of[0, 1] rb0=true chosen0=(2, 5) new_root_durable=true witness_entries=1 copies_with_new_entry=2 flip_to_rb_under_fault=false minF=3 example=[R2.1,W0@0,W1@0]@a
CRASH E1 seg=4/11 [SC0.0,SC1.0,UNIT0,UNIT1,UNIT0,UNIT1,UNIT0,UNIT1,UNIT0,UNIT1] persisted=[0, 1] torn=UNIT0:blocks[0]of[0, 1, 2] rb0=true chosen0=(2, 5) new_root_durable=true witness_entries=1 copies_with_new_entry=2 flip_to_rb_under_fault=false minF=3 example=[R2.1,W0@0,W1@0]@a
CRASH E1 seg=4/11 [SC0.0,SC1.0,UNIT0,UNIT1,UNIT0,UNIT1,UNIT0,UNIT1,UNIT0,UNIT1] persisted=[0, 1] torn=UNIT0:blocks[1]of[0, 1, 2] rb0=true chosen0=(2, 5) new_root_durable=true witness_entries=1 copies_with_new_entry=2 flip_to_rb_under_fault=false minF=3 example=[R2.1,W0@0,W1@0]@a
CRASH E1 seg=4/11 [SC0.0,SC1.0,UNIT0,UNIT1,UNIT0,UNIT1,UNIT0,UNIT1,UNIT0,UNIT1] persisted=[0, 1] torn=UNIT0:blocks[0, 1]of[0, 1, 2] rb0=true chosen0=(2, 5) new_root_durable=true witness_entries=1 copies_with_new_entry=2 flip_to_rb_under_fault=false minF=3 example=[R2.1,W0@0,W1@0]@a
CRASH E1 seg=4/11 [SC0.0,SC1.0,UNIT0,UNIT1,UNIT0,UNIT1,UNIT0,UNIT1,UNIT0,UNIT1] persisted=[0, 1] torn=UNIT0:blocks[2]of[0, 1, 2] rb0=true chosen0=(2, 5) new_root_durable=true witness_entries=1 copies_with_new_entry=2 flip_to_rb_under_fault=false minF=3 example=[R2.1,W0@0,W1@0]@a
CRASH E1 seg=4/11 [SC0.0,SC1.0,UNIT0,UNIT1,UNIT0,UNIT1,UNIT0,UNIT1,UNIT0,UNIT1] persisted=[0, 1] torn=UNIT0:blocks[0, 2]of[0, 1, 2] rb0=true chosen0=(2, 5) new_root_durable=true witness_entries=1 copies_with_new_entry=2 flip_to_rb_under_fault=false minF=3 example=[R2.1,W0@0,W1@0]@a
CRASH E1 seg=4/11 [SC0.0,SC1.0,UNIT0,UNIT1,UNIT0,UNIT1,UNIT0,UNIT1,UNIT0,UNIT1] persisted=[0, 1] torn=UNIT0:blocks[1, 2]of[0, 1, 2] rb0=true chosen0=(2, 5) new_root_durable=true witness_entries=1 copies_with_new_entry=2 flip_to_rb_under_fault=false minF=3 example=[R2.1,W0@0,W1@0]@a
CRASH E1 seg=4/11 [SC0.0,SC1.0,UNIT0,UNIT1,UNIT0,UNIT1,UNIT0,UNIT1,UNIT0,UNIT1] persisted=[0, 1] torn=UNIT1:blocks[0]of[0, 1, 2] rb0=true chosen0=(2, 5) new_root_durable=true witness_entries=1 copies_with_new_entry=2 flip_to_rb_under_fault=false minF=3 example=[R2.1,W0@0,W1@0]@a
CRASH E1 seg=4/11 [SC0.0,SC1.0,UNIT0,UNIT1,UNIT0,UNIT1,UNIT0,UNIT1,UNIT0,UNIT1] persisted=[0, 1] torn=UNIT1:blocks[1]of[0, 1, 2] rb0=true chosen0=(2, 5) new_root_durable=true witness_entries=1 copies_with_new_entry=2 flip_to_rb_under_fault=false minF=3 example=[R2.1,W0@0,W1@0]@a
CRASH E1 seg=4/11 [SC0.0,SC1.0,UNIT0,UNIT1,UNIT0,UNIT1,UNIT0,UNIT1,UNIT0,UNIT1] persisted=[0, 1] torn=UNIT1:blocks[0, 1]of[0, 1, 2] rb0=true chosen0=(2, 5) new_root_durable=true witness_entries=1 copies_with_new_entry=2 flip_to_rb_under_fault=false minF=3 example=[R2.1,W0@0,W1@0]@a
CRASH E1 seg=4/11 [SC0.0,SC1.0,UNIT0,UNIT1,UNIT0,UNIT1,UNIT0,UNIT1,UNIT0,UNIT1] persisted=[0, 1] torn=UNIT1:blocks[2]of[0, 1, 2] rb0=true chosen0=(2, 5) new_root_durable=true witness_entries=1 copies_with_new_entry=2 flip_to_rb_under_fault=false minF=3 example=[R2.1,W0@0,W1@0]@a
CRASH E1 seg=4/11 [SC0.0,SC1.0,UNIT0,UNIT1,UNIT0,UNIT1,UNIT0,UNIT1,UNIT0,UNIT1] persisted=[0, 1] torn=UNIT1:blocks[0, 2]of[0, 1, 2] rb0=true chosen0=(2, 5) new_root_durable=true witness_entries=1 copies_with_new_entry=2 flip_to_rb_under_fault=false minF=3 example=[R2.1,W0@0,W1@0]@a
CRASH E1 seg=4/11 [SC0.0,SC1.0,UNIT0,UNIT1,UNIT0,UNIT1,UNIT0,UNIT1,UNIT0,UNIT1] persisted=[0, 1] torn=UNIT1:blocks[1, 2]of[0, 1, 2] rb0=true chosen0=(2, 5) new_root_durable=true witness_entries=1 copies_with_new_entry=2 flip_to_rb_under_fault=false minF=3 example=[R2.1,W0@0,W1@0]@a
CRASH E1 seg=5/11 [REC0,REC1] persisted=[] rb0=true chosen0=(2, 5) new_root_durable=true witness_entries=1 copies_with_new_entry=2 flip_to_rb_under_fault=false minF=3 example=[R2.1,W0@0,W1@0]@a
CRASH E1 seg=5/11 [REC0,REC1] persisted=[] torn=REC0:blocks[0]of[0, 1] rb0=true chosen0=(2, 5) new_root_durable=true witness_entries=1 copies_with_new_entry=2 flip_to_rb_under_fault=false minF=3 example=[R2.1,W0@0,W1@0]@a
CRASH E1 seg=5/11 [REC0,REC1] persisted=[] torn=REC0:blocks[1]of[0, 1] rb0=true chosen0=(2, 5) new_root_durable=true witness_entries=1 copies_with_new_entry=2 flip_to_rb_under_fault=false minF=3 example=[R2.1,W0@0,W1@0]@a
CRASH E1 seg=5/11 [REC0,REC1] persisted=[] torn=REC1:blocks[0]of[0, 1] rb0=true chosen0=(2, 5) new_root_durable=true witness_entries=1 copies_with_new_entry=2 flip_to_rb_under_fault=false minF=3 example=[R2.1,W0@0,W1@0]@a
CRASH E1 seg=5/11 [REC0,REC1] persisted=[] torn=REC1:blocks[1]of[0, 1] rb0=true chosen0=(2, 5) new_root_durable=true witness_entries=1 copies_with_new_entry=2 flip_to_rb_under_fault=false minF=3 example=[R2.1,W0@0,W1@0]@a
CRASH E1 seg=5/11 [REC0,REC1] persisted=[0] rb0=true chosen0=(2, 5) new_root_durable=true witness_entries=1 copies_with_new_entry=2 flip_to_rb_under_fault=false minF=3 example=[R2.1,W0@0,W1@0]@a
CRASH E1 seg=5/11 [REC0,REC1] persisted=[0] torn=REC1:blocks[0]of[0, 1] rb0=true chosen0=(2, 5) new_root_durable=true witness_entries=1 copies_with_new_entry=2 flip_to_rb_under_fault=false minF=3 example=[R2.1,W0@0,W1@0]@a
CRASH E1 seg=5/11 [REC0,REC1] persisted=[0] torn=REC1:blocks[1]of[0, 1] rb0=true chosen0=(2, 5) new_root_durable=true witness_entries=1 copies_with_new_entry=2 flip_to_rb_under_fault=false minF=3 example=[R2.1,W0@0,W1@0]@a
CRASH E1 seg=5/11 [REC0,REC1] persisted=[1] rb0=true chosen0=(2, 5) new_root_durable=true witness_entries=1 copies_with_new_entry=2 flip_to_rb_under_fault=false minF=3 example=[R2.1,W0@0,W1@0]@a
CRASH E1 seg=5/11 [REC0,REC1] persisted=[1] torn=REC0:blocks[0]of[0, 1] rb0=true chosen0=(2, 5) new_root_durable=true witness_entries=1 copies_with_new_entry=2 flip_to_rb_under_fault=false minF=3 example=[R2.1,W0@0,W1@0]@a
CRASH E1 seg=5/11 [REC0,REC1] persisted=[1] torn=REC0:blocks[1]of[0, 1] rb0=true chosen0=(2, 5) new_root_durable=true witness_entries=1 copies_with_new_entry=2 flip_to_rb_under_fault=false minF=3 example=[R2.1,W0@0,W1@0]@a
CRASH E1 seg=6/11 [ROOT0] persisted=[] rb0=true chosen0=(2, 5) new_root_durable=true witness_entries=1 copies_with_new_entry=2 flip_to_rb_under_fault=false minF=3 example=[R2.1,W0@0,W1@0]@a
CRASH E1 seg=7/11 [SC0.1,SC1.1,UNIT0,UNIT1,UNIT0,UNIT1,UNIT0,UNIT1,UNIT0,UNIT1] persisted=[] rb0=true chosen0=(2, 6) new_root_durable=true witness_entries=1 copies_with_new_entry=2 flip_to_rb_under_fault=false minF=>3 example=
CRASH E1 seg=7/11 [SC0.1,SC1.1,UNIT0,UNIT1,UNIT0,UNIT1,UNIT0,UNIT1,UNIT0,UNIT1] persisted=[] torn=UNIT0:blocks[0]of[0, 1, 2] rb0=true chosen0=(2, 6) new_root_durable=true witness_entries=1 copies_with_new_entry=2 flip_to_rb_under_fault=false minF=>3 example=
CRASH E1 seg=7/11 [SC0.1,SC1.1,UNIT0,UNIT1,UNIT0,UNIT1,UNIT0,UNIT1,UNIT0,UNIT1] persisted=[] torn=UNIT0:blocks[1]of[0, 1, 2] rb0=true chosen0=(2, 6) new_root_durable=true witness_entries=1 copies_with_new_entry=2 flip_to_rb_under_fault=false minF=>3 example=
CRASH E1 seg=7/11 [SC0.1,SC1.1,UNIT0,UNIT1,UNIT0,UNIT1,UNIT0,UNIT1,UNIT0,UNIT1] persisted=[] torn=UNIT0:blocks[0, 1]of[0, 1, 2] rb0=true chosen0=(2, 6) new_root_durable=true witness_entries=1 copies_with_new_entry=2 flip_to_rb_under_fault=false minF=>3 example=
CRASH E1 seg=7/11 [SC0.1,SC1.1,UNIT0,UNIT1,UNIT0,UNIT1,UNIT0,UNIT1,UNIT0,UNIT1] persisted=[] torn=UNIT0:blocks[2]of[0, 1, 2] rb0=true chosen0=(2, 6) new_root_durable=true witness_entries=1 copies_with_new_entry=2 flip_to_rb_under_fault=false minF=>3 example=
CRASH E1 seg=7/11 [SC0.1,SC1.1,UNIT0,UNIT1,UNIT0,UNIT1,UNIT0,UNIT1,UNIT0,UNIT1] persisted=[] torn=UNIT0:blocks[0, 2]of[0, 1, 2] rb0=true chosen0=(2, 6) new_root_durable=true witness_entries=1 copies_with_new_entry=2 flip_to_rb_under_fault=false minF=>3 example=
CRASH E1 seg=7/11 [SC0.1,SC1.1,UNIT0,UNIT1,UNIT0,UNIT1,UNIT0,UNIT1,UNIT0,UNIT1] persisted=[] torn=UNIT0:blocks[1, 2]of[0, 1, 2] rb0=true chosen0=(2, 6) new_root_durable=true witness_entries=1 copies_with_new_entry=2 flip_to_rb_under_fault=false minF=>3 example=
CRASH E1 seg=7/11 [SC0.1,SC1.1,UNIT0,UNIT1,UNIT0,UNIT1,UNIT0,UNIT1,UNIT0,UNIT1] persisted=[] torn=UNIT1:blocks[0]of[0, 1, 2] rb0=true chosen0=(2, 6) new_root_durable=true witness_entries=1 copies_with_new_entry=2 flip_to_rb_under_fault=false minF=>3 example=
CRASH E1 seg=7/11 [SC0.1,SC1.1,UNIT0,UNIT1,UNIT0,UNIT1,UNIT0,UNIT1,UNIT0,UNIT1] persisted=[] torn=UNIT1:blocks[1]of[0, 1, 2] rb0=true chosen0=(2, 6) new_root_durable=true witness_entries=1 copies_with_new_entry=2 flip_to_rb_under_fault=false minF=>3 example=
CRASH E1 seg=7/11 [SC0.1,SC1.1,UNIT0,UNIT1,UNIT0,UNIT1,UNIT0,UNIT1,UNIT0,UNIT1] persisted=[] torn=UNIT1:blocks[0, 1]of[0, 1, 2] rb0=true chosen0=(2, 6) new_root_durable=true witness_entries=1 copies_with_new_entry=2 flip_to_rb_under_fault=false minF=>3 example=
CRASH E1 seg=7/11 [SC0.1,SC1.1,UNIT0,UNIT1,UNIT0,UNIT1,UNIT0,UNIT1,UNIT0,UNIT1] persisted=[] torn=UNIT1:blocks[2]of[0, 1, 2] rb0=true chosen0=(2, 6) new_root_durable=true witness_entries=1 copies_with_new_entry=2 flip_to_rb_under_fault=false minF=>3 example=
CRASH E1 seg=7/11 [SC0.1,SC1.1,UNIT0,UNIT1,UNIT0,UNIT1,UNIT0,UNIT1,UNIT0,UNIT1] persisted=[] torn=UNIT1:blocks[0, 2]of[0, 1, 2] rb0=true chosen0=(2, 6) new_root_durable=true witness_entries=1 copies_with_new_entry=2 flip_to_rb_under_fault=false minF=>3 example=
CRASH E1 seg=7/11 [SC0.1,SC1.1,UNIT0,UNIT1,UNIT0,UNIT1,UNIT0,UNIT1,UNIT0,UNIT1] persisted=[] torn=UNIT1:blocks[1, 2]of[0, 1, 2] rb0=true chosen0=(2, 6) new_root_durable=true witness_entries=1 copies_with_new_entry=2 flip_to_rb_under_fault=false minF=>3 example=
CRASH E1 seg=7/11 [SC0.1,SC1.1,UNIT0,UNIT1,UNIT0,UNIT1,UNIT0,UNIT1,UNIT0,UNIT1] persisted=[] torn=UNIT0:blocks[0]of[0, 1] rb0=true chosen0=(2, 6) new_root_durable=true witness_entries=1 copies_with_new_entry=2 flip_to_rb_under_fault=false minF=>3 example=
CRASH E1 seg=7/11 [SC0.1,SC1.1,UNIT0,UNIT1,UNIT0,UNIT1,UNIT0,UNIT1,UNIT0,UNIT1] persisted=[] torn=UNIT0:blocks[1]of[0, 1] rb0=true chosen0=(2, 6) new_root_durable=true witness_entries=1 copies_with_new_entry=2 flip_to_rb_under_fault=false minF=>3 example=
CRASH E1 seg=7/11 [SC0.1,SC1.1,UNIT0,UNIT1,UNIT0,UNIT1,UNIT0,UNIT1,UNIT0,UNIT1] persisted=[] torn=UNIT1:blocks[0]of[0, 1] rb0=true chosen0=(2, 6) new_root_durable=true witness_entries=1 copies_with_new_entry=2 flip_to_rb_under_fault=false minF=>3 example=
CRASH E1 seg=7/11 [SC0.1,SC1.1,UNIT0,UNIT1,UNIT0,UNIT1,UNIT0,UNIT1,UNIT0,UNIT1] persisted=[] torn=UNIT1:blocks[1]of[0, 1] rb0=true chosen0=(2, 6) new_root_durable=true witness_entries=1 copies_with_new_entry=2 flip_to_rb_under_fault=false minF=>3 example=
CRASH E1 seg=7/11 [SC0.1,SC1.1,UNIT0,UNIT1,UNIT0,UNIT1,UNIT0,UNIT1,UNIT0,UNIT1] persisted=[] torn=UNIT0:blocks[0]of[0, 1, 2] rb0=true chosen0=(2, 6) new_root_durable=true witness_entries=1 copies_with_new_entry=2 flip_to_rb_under_fault=false minF=>3 example=
CRASH E1 seg=7/11 [SC0.1,SC1.1,UNIT0,UNIT1,UNIT0,UNIT1,UNIT0,UNIT1,UNIT0,UNIT1] persisted=[] torn=UNIT0:blocks[1]of[0, 1, 2] rb0=true chosen0=(2, 6) new_root_durable=true witness_entries=1 copies_with_new_entry=2 flip_to_rb_under_fault=false minF=>3 example=
CRASH E1 seg=7/11 [SC0.1,SC1.1,UNIT0,UNIT1,UNIT0,UNIT1,UNIT0,UNIT1,UNIT0,UNIT1] persisted=[] torn=UNIT0:blocks[0, 1]of[0, 1, 2] rb0=true chosen0=(2, 6) new_root_durable=true witness_entries=1 copies_with_new_entry=2 flip_to_rb_under_fault=false minF=>3 example=
CRASH E1 seg=7/11 [SC0.1,SC1.1,UNIT0,UNIT1,UNIT0,UNIT1,UNIT0,UNIT1,UNIT0,UNIT1] persisted=[] torn=UNIT0:blocks[2]of[0, 1, 2] rb0=true chosen0=(2, 6) new_root_durable=true witness_entries=1 copies_with_new_entry=2 flip_to_rb_under_fault=false minF=>3 example=
CRASH E1 seg=7/11 [SC0.1,SC1.1,UNIT0,UNIT1,UNIT0,UNIT1,UNIT0,UNIT1,UNIT0,UNIT1] persisted=[] torn=UNIT0:blocks[0, 2]of[0, 1, 2] rb0=true chosen0=(2, 6) new_root_durable=true witness_entries=1 copies_with_new_entry=2 flip_to_rb_under_fault=false minF=>3 example=
CRASH E1 seg=7/11 [SC0.1,SC1.1,UNIT0,UNIT1,UNIT0,UNIT1,UNIT0,UNIT1,UNIT0,UNIT1] persisted=[] torn=UNIT0:blocks[1, 2]of[0, 1, 2] rb0=true chosen0=(2, 6) new_root_durable=true witness_entries=1 copies_with_new_entry=2 flip_to_rb_under_fault=false minF=>3 example=
CRASH E1 seg=7/11 [SC0.1,SC1.1,UNIT0,UNIT1,UNIT0,UNIT1,UNIT0,UNIT1,UNIT0,UNIT1] persisted=[] torn=UNIT1:blocks[0]of[0, 1, 2] rb0=true chosen0=(2, 6) new_root_durable=true witness_entries=1 copies_with_new_entry=2 flip_to_rb_under_fault=false minF=>3 example=
CRASH E1 seg=7/11 [SC0.1,SC1.1,UNIT0,UNIT1,UNIT0,UNIT1,UNIT0,UNIT1,UNIT0,UNIT1] persisted=[] torn=UNIT1:blocks[1]of[0, 1, 2] rb0=true chosen0=(2, 6) new_root_durable=true witness_entries=1 copies_with_new_entry=2 flip_to_rb_under_fault=false minF=>3 example=
CRASH E1 seg=7/11 [SC0.1,SC1.1,UNIT0,UNIT1,UNIT0,UNIT1,UNIT0,UNIT1,UNIT0,UNIT1] persisted=[] torn=UNIT1:blocks[0, 1]of[0, 1, 2] rb0=true chosen0=(2, 6) new_root_durable=true witness_entries=1 copies_with_new_entry=2 flip_to_rb_under_fault=false minF=>3 example=
CRASH E1 seg=7/11 [SC0.1,SC1.1,UNIT0,UNIT1,UNIT0,UNIT1,UNIT0,UNIT1,UNIT0,UNIT1] persisted=[] torn=UNIT1:blocks[2]of[0, 1, 2] rb0=true chosen0=(2, 6) new_root_durable=true witness_entries=1 copies_with_new_entry=2 flip_to_rb_under_fault=false minF=>3 example=
CRASH E1 seg=7/11 [SC0.1,SC1.1,UNIT0,UNIT1,UNIT0,UNIT1,UNIT0,UNIT1,UNIT0,UNIT1] persisted=[] torn=UNIT1:blocks[0, 2]of[0, 1, 2] rb0=true chosen0=(2, 6) new_root_durable=true witness_entries=1 copies_with_new_entry=2 flip_to_rb_under_fault=false minF=>3 example=
CRASH E1 seg=7/11 [SC0.1,SC1.1,UNIT0,UNIT1,UNIT0,UNIT1,UNIT0,UNIT1,UNIT0,UNIT1] persisted=[] torn=UNIT1:blocks[1, 2]of[0, 1, 2] rb0=true chosen0=(2, 6) new_root_durable=true witness_entries=1 copies_with_new_entry=2 flip_to_rb_under_fault=false minF=>3 example=
CRASH E1 seg=7/11 [SC0.1,SC1.1,UNIT0,UNIT1,UNIT0,UNIT1,UNIT0,UNIT1,UNIT0,UNIT1] persisted=[0] rb0=true chosen0=(2, 6) new_root_durable=true witness_entries=1 copies_with_new_entry=3 flip_to_rb_under_fault=false minF=>3 example=
CRASH E1 seg=7/11 [SC0.1,SC1.1,UNIT0,UNIT1,UNIT0,UNIT1,UNIT0,UNIT1,UNIT0,UNIT1] persisted=[0] torn=UNIT0:blocks[0]of[0, 1, 2] rb0=true chosen0=(2, 6) new_root_durable=true witness_entries=1 copies_with_new_entry=3 flip_to_rb_under_fault=false minF=>3 example=
CRASH E1 seg=7/11 [SC0.1,SC1.1,UNIT0,UNIT1,UNIT0,UNIT1,UNIT0,UNIT1,UNIT0,UNIT1] persisted=[0] torn=UNIT0:blocks[1]of[0, 1, 2] rb0=true chosen0=(2, 6) new_root_durable=true witness_entries=1 copies_with_new_entry=3 flip_to_rb_under_fault=false minF=>3 example=
CRASH E1 seg=7/11 [SC0.1,SC1.1,UNIT0,UNIT1,UNIT0,UNIT1,UNIT0,UNIT1,UNIT0,UNIT1] persisted=[0] torn=UNIT0:blocks[0, 1]of[0, 1, 2] rb0=true chosen0=(2, 6) new_root_durable=true witness_entries=1 copies_with_new_entry=3 flip_to_rb_under_fault=false minF=>3 example=
CRASH E1 seg=7/11 [SC0.1,SC1.1,UNIT0,UNIT1,UNIT0,UNIT1,UNIT0,UNIT1,UNIT0,UNIT1] persisted=[0] torn=UNIT0:blocks[2]of[0, 1, 2] rb0=true chosen0=(2, 6) new_root_durable=true witness_entries=1 copies_with_new_entry=3 flip_to_rb_under_fault=false minF=>3 example=
CRASH E1 seg=7/11 [SC0.1,SC1.1,UNIT0,UNIT1,UNIT0,UNIT1,UNIT0,UNIT1,UNIT0,UNIT1] persisted=[0] torn=UNIT0:blocks[0, 2]of[0, 1, 2] rb0=true chosen0=(2, 6) new_root_durable=true witness_entries=1 copies_with_new_entry=3 flip_to_rb_under_fault=false minF=>3 example=
CRASH E1 seg=7/11 [SC0.1,SC1.1,UNIT0,UNIT1,UNIT0,UNIT1,UNIT0,UNIT1,UNIT0,UNIT1] persisted=[0] torn=UNIT0:blocks[1, 2]of[0, 1, 2] rb0=true chosen0=(2, 6) new_root_durable=true witness_entries=1 copies_with_new_entry=3 flip_to_rb_under_fault=false minF=>3 example=
CRASH E1 seg=7/11 [SC0.1,SC1.1,UNIT0,UNIT1,UNIT0,UNIT1,UNIT0,UNIT1,UNIT0,UNIT1] persisted=[0] torn=UNIT1:blocks[0]of[0, 1, 2] rb0=true chosen0=(2, 6) new_root_durable=true witness_entries=1 copies_with_new_entry=3 flip_to_rb_under_fault=false minF=>3 example=
CRASH E1 seg=7/11 [SC0.1,SC1.1,UNIT0,UNIT1,UNIT0,UNIT1,UNIT0,UNIT1,UNIT0,UNIT1] persisted=[0] torn=UNIT1:blocks[1]of[0, 1, 2] rb0=true chosen0=(2, 6) new_root_durable=true witness_entries=1 copies_with_new_entry=3 flip_to_rb_under_fault=false minF=>3 example=
CRASH E1 seg=7/11 [SC0.1,SC1.1,UNIT0,UNIT1,UNIT0,UNIT1,UNIT0,UNIT1,UNIT0,UNIT1] persisted=[0] torn=UNIT1:blocks[0, 1]of[0, 1, 2] rb0=true chosen0=(2, 6) new_root_durable=true witness_entries=1 copies_with_new_entry=3 flip_to_rb_under_fault=false minF=>3 example=
CRASH E1 seg=7/11 [SC0.1,SC1.1,UNIT0,UNIT1,UNIT0,UNIT1,UNIT0,UNIT1,UNIT0,UNIT1] persisted=[0] torn=UNIT1:blocks[2]of[0, 1, 2] rb0=true chosen0=(2, 6) new_root_durable=true witness_entries=1 copies_with_new_entry=3 flip_to_rb_under_fault=false minF=>3 example=
CRASH E1 seg=7/11 [SC0.1,SC1.1,UNIT0,UNIT1,UNIT0,UNIT1,UNIT0,UNIT1,UNIT0,UNIT1] persisted=[0] torn=UNIT1:blocks[0, 2]of[0, 1, 2] rb0=true chosen0=(2, 6) new_root_durable=true witness_entries=1 copies_with_new_entry=3 flip_to_rb_under_fault=false minF=>3 example=
CRASH E1 seg=7/11 [SC0.1,SC1.1,UNIT0,UNIT1,UNIT0,UNIT1,UNIT0,UNIT1,UNIT0,UNIT1] persisted=[0] torn=UNIT1:blocks[1, 2]of[0, 1, 2] rb0=true chosen0=(2, 6) new_root_durable=true witness_entries=1 copies_with_new_entry=3 flip_to_rb_under_fault=false minF=>3 example=
CRASH E1 seg=7/11 [SC0.1,SC1.1,UNIT0,UNIT1,UNIT0,UNIT1,UNIT0,UNIT1,UNIT0,UNIT1] persisted=[0] torn=UNIT0:blocks[0]of[0, 1] rb0=true chosen0=(2, 6) new_root_durable=true witness_entries=1 copies_with_new_entry=3 flip_to_rb_under_fault=false minF=>3 example=
CRASH E1 seg=7/11 [SC0.1,SC1.1,UNIT0,UNIT1,UNIT0,UNIT1,UNIT0,UNIT1,UNIT0,UNIT1] persisted=[0] torn=UNIT0:blocks[1]of[0, 1] rb0=true chosen0=(2, 6) new_root_durable=true witness_entries=1 copies_with_new_entry=3 flip_to_rb_under_fault=false minF=>3 example=
CRASH E1 seg=7/11 [SC0.1,SC1.1,UNIT0,UNIT1,UNIT0,UNIT1,UNIT0,UNIT1,UNIT0,UNIT1] persisted=[0] torn=UNIT1:blocks[0]of[0, 1] rb0=true chosen0=(2, 6) new_root_durable=true witness_entries=1 copies_with_new_entry=3 flip_to_rb_under_fault=false minF=>3 example=
CRASH E1 seg=7/11 [SC0.1,SC1.1,UNIT0,UNIT1,UNIT0,UNIT1,UNIT0,UNIT1,UNIT0,UNIT1] persisted=[0] torn=UNIT1:blocks[1]of[0, 1] rb0=true chosen0=(2, 6) new_root_durable=true witness_entries=1 copies_with_new_entry=3 flip_to_rb_under_fault=false minF=>3 example=
CRASH E1 seg=7/11 [SC0.1,SC1.1,UNIT0,UNIT1,UNIT0,UNIT1,UNIT0,UNIT1,UNIT0,UNIT1] persisted=[0] torn=UNIT0:blocks[0]of[0, 1, 2] rb0=true chosen0=(2, 6) new_root_durable=true witness_entries=1 copies_with_new_entry=3 flip_to_rb_under_fault=false minF=>3 example=
CRASH E1 seg=7/11 [SC0.1,SC1.1,UNIT0,UNIT1,UNIT0,UNIT1,UNIT0,UNIT1,UNIT0,UNIT1] persisted=[0] torn=UNIT0:blocks[1]of[0, 1, 2] rb0=true chosen0=(2, 6) new_root_durable=true witness_entries=1 copies_with_new_entry=3 flip_to_rb_under_fault=false minF=>3 example=
CRASH E1 seg=7/11 [SC0.1,SC1.1,UNIT0,UNIT1,UNIT0,UNIT1,UNIT0,UNIT1,UNIT0,UNIT1] persisted=[0] torn=UNIT0:blocks[0, 1]of[0, 1, 2] rb0=true chosen0=(2, 6) new_root_durable=true witness_entries=1 copies_with_new_entry=3 flip_to_rb_under_fault=false minF=>3 example=
CRASH E1 seg=7/11 [SC0.1,SC1.1,UNIT0,UNIT1,UNIT0,UNIT1,UNIT0,UNIT1,UNIT0,UNIT1] persisted=[0] torn=UNIT0:blocks[2]of[0, 1, 2] rb0=true chosen0=(2, 6) new_root_durable=true witness_entries=1 copies_with_new_entry=3 flip_to_rb_under_fault=false minF=>3 example=
CRASH E1 seg=7/11 [SC0.1,SC1.1,UNIT0,UNIT1,UNIT0,UNIT1,UNIT0,UNIT1,UNIT0,UNIT1] persisted=[0] torn=UNIT0:blocks[0, 2]of[0, 1, 2] rb0=true chosen0=(2, 6) new_root_durable=true witness_entries=1 copies_with_new_entry=3 flip_to_rb_under_fault=false minF=>3 example=
CRASH E1 seg=7/11 [SC0.1,SC1.1,UNIT0,UNIT1,UNIT0,UNIT1,UNIT0,UNIT1,UNIT0,UNIT1] persisted=[0] torn=UNIT0:blocks[1, 2]of[0, 1, 2] rb0=true chosen0=(2, 6) new_root_durable=true witness_entries=1 copies_with_new_entry=3 flip_to_rb_under_fault=false minF=>3 example=
CRASH E1 seg=7/11 [SC0.1,SC1.1,UNIT0,UNIT1,UNIT0,UNIT1,UNIT0,UNIT1,UNIT0,UNIT1] persisted=[0] torn=UNIT1:blocks[0]of[0, 1, 2] rb0=true chosen0=(2, 6) new_root_durable=true witness_entries=1 copies_with_new_entry=3 flip_to_rb_under_fault=false minF=>3 example=
CRASH E1 seg=7/11 [SC0.1,SC1.1,UNIT0,UNIT1,UNIT0,UNIT1,UNIT0,UNIT1,UNIT0,UNIT1] persisted=[0] torn=UNIT1:blocks[1]of[0, 1, 2] rb0=true chosen0=(2, 6) new_root_durable=true witness_entries=1 copies_with_new_entry=3 flip_to_rb_under_fault=false minF=>3 example=
CRASH E1 seg=7/11 [SC0.1,SC1.1,UNIT0,UNIT1,UNIT0,UNIT1,UNIT0,UNIT1,UNIT0,UNIT1] persisted=[0] torn=UNIT1:blocks[0, 1]of[0, 1, 2] rb0=true chosen0=(2, 6) new_root_durable=true witness_entries=1 copies_with_new_entry=3 flip_to_rb_under_fault=false minF=>3 example=
CRASH E1 seg=7/11 [SC0.1,SC1.1,UNIT0,UNIT1,UNIT0,UNIT1,UNIT0,UNIT1,UNIT0,UNIT1] persisted=[0] torn=UNIT1:blocks[2]of[0, 1, 2] rb0=true chosen0=(2, 6) new_root_durable=true witness_entries=1 copies_with_new_entry=3 flip_to_rb_under_fault=false minF=>3 example=
CRASH E1 seg=7/11 [SC0.1,SC1.1,UNIT0,UNIT1,UNIT0,UNIT1,UNIT0,UNIT1,UNIT0,UNIT1] persisted=[0] torn=UNIT1:blocks[0, 2]of[0, 1, 2] rb0=true chosen0=(2, 6) new_root_durable=true witness_entries=1 copies_with_new_entry=3 flip_to_rb_under_fault=false minF=>3 example=
CRASH E1 seg=7/11 [SC0.1,SC1.1,UNIT0,UNIT1,UNIT0,UNIT1,UNIT0,UNIT1,UNIT0,UNIT1] persisted=[0] torn=UNIT1:blocks[1, 2]of[0, 1, 2] rb0=true chosen0=(2, 6) new_root_durable=true witness_entries=1 copies_with_new_entry=3 flip_to_rb_under_fault=false minF=>3 example=
CRASH E1 seg=7/11 [SC0.1,SC1.1,UNIT0,UNIT1,UNIT0,UNIT1,UNIT0,UNIT1,UNIT0,UNIT1] persisted=[1] rb0=true chosen0=(2, 6) new_root_durable=true witness_entries=1 copies_with_new_entry=3 flip_to_rb_under_fault=false minF=>3 example=
CRASH E1 seg=7/11 [SC0.1,SC1.1,UNIT0,UNIT1,UNIT0,UNIT1,UNIT0,UNIT1,UNIT0,UNIT1] persisted=[1] torn=UNIT0:blocks[0]of[0, 1, 2] rb0=true chosen0=(2, 6) new_root_durable=true witness_entries=1 copies_with_new_entry=3 flip_to_rb_under_fault=false minF=>3 example=
CRASH E1 seg=7/11 [SC0.1,SC1.1,UNIT0,UNIT1,UNIT0,UNIT1,UNIT0,UNIT1,UNIT0,UNIT1] persisted=[1] torn=UNIT0:blocks[1]of[0, 1, 2] rb0=true chosen0=(2, 6) new_root_durable=true witness_entries=1 copies_with_new_entry=3 flip_to_rb_under_fault=false minF=>3 example=
CRASH E1 seg=7/11 [SC0.1,SC1.1,UNIT0,UNIT1,UNIT0,UNIT1,UNIT0,UNIT1,UNIT0,UNIT1] persisted=[1] torn=UNIT0:blocks[0, 1]of[0, 1, 2] rb0=true chosen0=(2, 6) new_root_durable=true witness_entries=1 copies_with_new_entry=3 flip_to_rb_under_fault=false minF=>3 example=
CRASH E1 seg=7/11 [SC0.1,SC1.1,UNIT0,UNIT1,UNIT0,UNIT1,UNIT0,UNIT1,UNIT0,UNIT1] persisted=[1] torn=UNIT0:blocks[2]of[0, 1, 2] rb0=true chosen0=(2, 6) new_root_durable=true witness_entries=1 copies_with_new_entry=3 flip_to_rb_under_fault=false minF=>3 example=
CRASH E1 seg=7/11 [SC0.1,SC1.1,UNIT0,UNIT1,UNIT0,UNIT1,UNIT0,UNIT1,UNIT0,UNIT1] persisted=[1] torn=UNIT0:blocks[0, 2]of[0, 1, 2] rb0=true chosen0=(2, 6) new_root_durable=true witness_entries=1 copies_with_new_entry=3 flip_to_rb_under_fault=false minF=>3 example=
CRASH E1 seg=7/11 [SC0.1,SC1.1,UNIT0,UNIT1,UNIT0,UNIT1,UNIT0,UNIT1,UNIT0,UNIT1] persisted=[1] torn=UNIT0:blocks[1, 2]of[0, 1, 2] rb0=true chosen0=(2, 6) new_root_durable=true witness_entries=1 copies_with_new_entry=3 flip_to_rb_under_fault=false minF=>3 example=
CRASH E1 seg=7/11 [SC0.1,SC1.1,UNIT0,UNIT1,UNIT0,UNIT1,UNIT0,UNIT1,UNIT0,UNIT1] persisted=[1] torn=UNIT1:blocks[0]of[0, 1, 2] rb0=true chosen0=(2, 6) new_root_durable=true witness_entries=1 copies_with_new_entry=3 flip_to_rb_under_fault=false minF=>3 example=
CRASH E1 seg=7/11 [SC0.1,SC1.1,UNIT0,UNIT1,UNIT0,UNIT1,UNIT0,UNIT1,UNIT0,UNIT1] persisted=[1] torn=UNIT1:blocks[1]of[0, 1, 2] rb0=true chosen0=(2, 6) new_root_durable=true witness_entries=1 copies_with_new_entry=3 flip_to_rb_under_fault=false minF=>3 example=
CRASH E1 seg=7/11 [SC0.1,SC1.1,UNIT0,UNIT1,UNIT0,UNIT1,UNIT0,UNIT1,UNIT0,UNIT1] persisted=[1] torn=UNIT1:blocks[0, 1]of[0, 1, 2] rb0=true chosen0=(2, 6) new_root_durable=true witness_entries=1 copies_with_new_entry=3 flip_to_rb_under_fault=false minF=>3 example=
CRASH E1 seg=7/11 [SC0.1,SC1.1,UNIT0,UNIT1,UNIT0,UNIT1,UNIT0,UNIT1,UNIT0,UNIT1] persisted=[1] torn=UNIT1:blocks[2]of[0, 1, 2] rb0=true chosen0=(2, 6) new_root_durable=true witness_entries=1 copies_with_new_entry=3 flip_to_rb_under_fault=false minF=>3 example=
CRASH E1 seg=7/11 [SC0.1,SC1.1,UNIT0,UNIT1,UNIT0,UNIT1,UNIT0,UNIT1,UNIT0,UNIT1] persisted=[1] torn=UNIT1:blocks[0, 2]of[0, 1, 2] rb0=true chosen0=(2, 6) new_root_durable=true witness_entries=1 copies_with_new_entry=3 flip_to_rb_under_fault=false minF=>3 example=
CRASH E1 seg=7/11 [SC0.1,SC1.1,UNIT0,UNIT1,UNIT0,UNIT1,UNIT0,UNIT1,UNIT0,UNIT1] persisted=[1] torn=UNIT1:blocks[1, 2]of[0, 1, 2] rb0=true chosen0=(2, 6) new_root_durable=true witness_entries=1 copies_with_new_entry=3 flip_to_rb_under_fault=false minF=>3 example=
CRASH E1 seg=7/11 [SC0.1,SC1.1,UNIT0,UNIT1,UNIT0,UNIT1,UNIT0,UNIT1,UNIT0,UNIT1] persisted=[1] torn=UNIT0:blocks[0]of[0, 1] rb0=true chosen0=(2, 6) new_root_durable=true witness_entries=1 copies_with_new_entry=3 flip_to_rb_under_fault=false minF=>3 example=
CRASH E1 seg=7/11 [SC0.1,SC1.1,UNIT0,UNIT1,UNIT0,UNIT1,UNIT0,UNIT1,UNIT0,UNIT1] persisted=[1] torn=UNIT0:blocks[1]of[0, 1] rb0=true chosen0=(2, 6) new_root_durable=true witness_entries=1 copies_with_new_entry=3 flip_to_rb_under_fault=false minF=>3 example=
CRASH E1 seg=7/11 [SC0.1,SC1.1,UNIT0,UNIT1,UNIT0,UNIT1,UNIT0,UNIT1,UNIT0,UNIT1] persisted=[1] torn=UNIT1:blocks[0]of[0, 1] rb0=true chosen0=(2, 6) new_root_durable=true witness_entries=1 copies_with_new_entry=3 flip_to_rb_under_fault=false minF=>3 example=
CRASH E1 seg=7/11 [SC0.1,SC1.1,UNIT0,UNIT1,UNIT0,UNIT1,UNIT0,UNIT1,UNIT0,UNIT1] persisted=[1] torn=UNIT1:blocks[1]of[0, 1] rb0=true chosen0=(2, 6) new_root_durable=true witness_entries=1 copies_with_new_entry=3 flip_to_rb_under_fault=false minF=>3 example=
CRASH E1 seg=7/11 [SC0.1,SC1.1,UNIT0,UNIT1,UNIT0,UNIT1,UNIT0,UNIT1,UNIT0,UNIT1] persisted=[1] torn=UNIT0:blocks[0]of[0, 1, 2] rb0=true chosen0=(2, 6) new_root_durable=true witness_entries=1 copies_with_new_entry=3 flip_to_rb_under_fault=false minF=>3 example=
CRASH E1 seg=7/11 [SC0.1,SC1.1,UNIT0,UNIT1,UNIT0,UNIT1,UNIT0,UNIT1,UNIT0,UNIT1] persisted=[1] torn=UNIT0:blocks[1]of[0, 1, 2] rb0=true chosen0=(2, 6) new_root_durable=true witness_entries=1 copies_with_new_entry=3 flip_to_rb_under_fault=false minF=>3 example=
CRASH E1 seg=7/11 [SC0.1,SC1.1,UNIT0,UNIT1,UNIT0,UNIT1,UNIT0,UNIT1,UNIT0,UNIT1] persisted=[1] torn=UNIT0:blocks[0, 1]of[0, 1, 2] rb0=true chosen0=(2, 6) new_root_durable=true witness_entries=1 copies_with_new_entry=3 flip_to_rb_under_fault=false minF=>3 example=
CRASH E1 seg=7/11 [SC0.1,SC1.1,UNIT0,UNIT1,UNIT0,UNIT1,UNIT0,UNIT1,UNIT0,UNIT1] persisted=[1] torn=UNIT0:blocks[2]of[0, 1, 2] rb0=true chosen0=(2, 6) new_root_durable=true witness_entries=1 copies_with_new_entry=3 flip_to_rb_under_fault=false minF=>3 example=
CRASH E1 seg=7/11 [SC0.1,SC1.1,UNIT0,UNIT1,UNIT0,UNIT1,UNIT0,UNIT1,UNIT0,UNIT1] persisted=[1] torn=UNIT0:blocks[0, 2]of[0, 1, 2] rb0=true chosen0=(2, 6) new_root_durable=true witness_entries=1 copies_with_new_entry=3 flip_to_rb_under_fault=false minF=>3 example=
CRASH E1 seg=7/11 [SC0.1,SC1.1,UNIT0,UNIT1,UNIT0,UNIT1,UNIT0,UNIT1,UNIT0,UNIT1] persisted=[1] torn=UNIT0:blocks[1, 2]of[0, 1, 2] rb0=true chosen0=(2, 6) new_root_durable=true witness_entries=1 copies_with_new_entry=3 flip_to_rb_under_fault=false minF=>3 example=
CRASH E1 seg=7/11 [SC0.1,SC1.1,UNIT0,UNIT1,UNIT0,UNIT1,UNIT0,UNIT1,UNIT0,UNIT1] persisted=[1] torn=UNIT1:blocks[0]of[0, 1, 2] rb0=true chosen0=(2, 6) new_root_durable=true witness_entries=1 copies_with_new_entry=3 flip_to_rb_under_fault=false minF=>3 example=
CRASH E1 seg=7/11 [SC0.1,SC1.1,UNIT0,UNIT1,UNIT0,UNIT1,UNIT0,UNIT1,UNIT0,UNIT1] persisted=[1] torn=UNIT1:blocks[1]of[0, 1, 2] rb0=true chosen0=(2, 6) new_root_durable=true witness_entries=1 copies_with_new_entry=3 flip_to_rb_under_fault=false minF=>3 example=
CRASH E1 seg=7/11 [SC0.1,SC1.1,UNIT0,UNIT1,UNIT0,UNIT1,UNIT0,UNIT1,UNIT0,UNIT1] persisted=[1] torn=UNIT1:blocks[0, 1]of[0, 1, 2] rb0=true chosen0=(2, 6) new_root_durable=true witness_entries=1 copies_with_new_entry=3 flip_to_rb_under_fault=false minF=>3 example=
CRASH E1 seg=7/11 [SC0.1,SC1.1,UNIT0,UNIT1,UNIT0,UNIT1,UNIT0,UNIT1,UNIT0,UNIT1] persisted=[1] torn=UNIT1:blocks[2]of[0, 1, 2] rb0=true chosen0=(2, 6) new_root_durable=true witness_entries=1 copies_with_new_entry=3 flip_to_rb_under_fault=false minF=>3 example=
CRASH E1 seg=7/11 [SC0.1,SC1.1,UNIT0,UNIT1,UNIT0,UNIT1,UNIT0,UNIT1,UNIT0,UNIT1] persisted=[1] torn=UNIT1:blocks[0, 2]of[0, 1, 2] rb0=true chosen0=(2, 6) new_root_durable=true witness_entries=1 copies_with_new_entry=3 flip_to_rb_under_fault=false minF=>3 example=
CRASH E1 seg=7/11 [SC0.1,SC1.1,UNIT0,UNIT1,UNIT0,UNIT1,UNIT0,UNIT1,UNIT0,UNIT1] persisted=[1] torn=UNIT1:blocks[1, 2]of[0, 1, 2] rb0=true chosen0=(2, 6) new_root_durable=true witness_entries=1 copies_with_new_entry=3 flip_to_rb_under_fault=false minF=>3 example=
CRASH E1 seg=7/11 [SC0.1,SC1.1,UNIT0,UNIT1,UNIT0,UNIT1,UNIT0,UNIT1,UNIT0,UNIT1] persisted=[0, 1] rb0=true chosen0=(2, 6) new_root_durable=true witness_entries=1 copies_with_new_entry=4 flip_to_rb_under_fault=false minF=>3 example=
CRASH E1 seg=7/11 [SC0.1,SC1.1,UNIT0,UNIT1,UNIT0,UNIT1,UNIT0,UNIT1,UNIT0,UNIT1] persisted=[0, 1] torn=UNIT0:blocks[0]of[0, 1, 2] rb0=true chosen0=(2, 6) new_root_durable=true witness_entries=1 copies_with_new_entry=4 flip_to_rb_under_fault=false minF=>3 example=
CRASH E1 seg=7/11 [SC0.1,SC1.1,UNIT0,UNIT1,UNIT0,UNIT1,UNIT0,UNIT1,UNIT0,UNIT1] persisted=[0, 1] torn=UNIT0:blocks[1]of[0, 1, 2] rb0=true chosen0=(2, 6) new_root_durable=true witness_entries=1 copies_with_new_entry=4 flip_to_rb_under_fault=false minF=>3 example=
CRASH E1 seg=7/11 [SC0.1,SC1.1,UNIT0,UNIT1,UNIT0,UNIT1,UNIT0,UNIT1,UNIT0,UNIT1] persisted=[0, 1] torn=UNIT0:blocks[0, 1]of[0, 1, 2] rb0=true chosen0=(2, 6) new_root_durable=true witness_entries=1 copies_with_new_entry=4 flip_to_rb_under_fault=false minF=>3 example=
CRASH E1 seg=7/11 [SC0.1,SC1.1,UNIT0,UNIT1,UNIT0,UNIT1,UNIT0,UNIT1,UNIT0,UNIT1] persisted=[0, 1] torn=UNIT0:blocks[2]of[0, 1, 2] rb0=true chosen0=(2, 6) new_root_durable=true witness_entries=1 copies_with_new_entry=4 flip_to_rb_under_fault=false minF=>3 example=
CRASH E1 seg=7/11 [SC0.1,SC1.1,UNIT0,UNIT1,UNIT0,UNIT1,UNIT0,UNIT1,UNIT0,UNIT1] persisted=[0, 1] torn=UNIT0:blocks[0, 2]of[0, 1, 2] rb0=true chosen0=(2, 6) new_root_durable=true witness_entries=1 copies_with_new_entry=4 flip_to_rb_under_fault=false minF=>3 example=
CRASH E1 seg=7/11 [SC0.1,SC1.1,UNIT0,UNIT1,UNIT0,UNIT1,UNIT0,UNIT1,UNIT0,UNIT1] persisted=[0, 1] torn=UNIT0:blocks[1, 2]of[0, 1, 2] rb0=true chosen0=(2, 6) new_root_durable=true witness_entries=1 copies_with_new_entry=4 flip_to_rb_under_fault=false minF=>3 example=
CRASH E1 seg=7/11 [SC0.1,SC1.1,UNIT0,UNIT1,UNIT0,UNIT1,UNIT0,UNIT1,UNIT0,UNIT1] persisted=[0, 1] torn=UNIT1:blocks[0]of[0, 1, 2] rb0=true chosen0=(2, 6) new_root_durable=true witness_entries=1 copies_with_new_entry=4 flip_to_rb_under_fault=false minF=>3 example=
CRASH E1 seg=7/11 [SC0.1,SC1.1,UNIT0,UNIT1,UNIT0,UNIT1,UNIT0,UNIT1,UNIT0,UNIT1] persisted=[0, 1] torn=UNIT1:blocks[1]of[0, 1, 2] rb0=true chosen0=(2, 6) new_root_durable=true witness_entries=1 copies_with_new_entry=4 flip_to_rb_under_fault=false minF=>3 example=
CRASH E1 seg=7/11 [SC0.1,SC1.1,UNIT0,UNIT1,UNIT0,UNIT1,UNIT0,UNIT1,UNIT0,UNIT1] persisted=[0, 1] torn=UNIT1:blocks[0, 1]of[0, 1, 2] rb0=true chosen0=(2, 6) new_root_durable=true witness_entries=1 copies_with_new_entry=4 flip_to_rb_under_fault=false minF=>3 example=
CRASH E1 seg=7/11 [SC0.1,SC1.1,UNIT0,UNIT1,UNIT0,UNIT1,UNIT0,UNIT1,UNIT0,UNIT1] persisted=[0, 1] torn=UNIT1:blocks[2]of[0, 1, 2] rb0=true chosen0=(2, 6) new_root_durable=true witness_entries=1 copies_with_new_entry=4 flip_to_rb_under_fault=false minF=>3 example=
CRASH E1 seg=7/11 [SC0.1,SC1.1,UNIT0,UNIT1,UNIT0,UNIT1,UNIT0,UNIT1,UNIT0,UNIT1] persisted=[0, 1] torn=UNIT1:blocks[0, 2]of[0, 1, 2] rb0=true chosen0=(2, 6) new_root_durable=true witness_entries=1 copies_with_new_entry=4 flip_to_rb_under_fault=false minF=>3 example=
CRASH E1 seg=7/11 [SC0.1,SC1.1,UNIT0,UNIT1,UNIT0,UNIT1,UNIT0,UNIT1,UNIT0,UNIT1] persisted=[0, 1] torn=UNIT1:blocks[1, 2]of[0, 1, 2] rb0=true chosen0=(2, 6) new_root_durable=true witness_entries=1 copies_with_new_entry=4 flip_to_rb_under_fault=false minF=>3 example=
CRASH E1 seg=7/11 [SC0.1,SC1.1,UNIT0,UNIT1,UNIT0,UNIT1,UNIT0,UNIT1,UNIT0,UNIT1] persisted=[0, 1] torn=UNIT0:blocks[0]of[0, 1] rb0=true chosen0=(2, 6) new_root_durable=true witness_entries=1 copies_with_new_entry=4 flip_to_rb_under_fault=false minF=>3 example=
CRASH E1 seg=7/11 [SC0.1,SC1.1,UNIT0,UNIT1,UNIT0,UNIT1,UNIT0,UNIT1,UNIT0,UNIT1] persisted=[0, 1] torn=UNIT0:blocks[1]of[0, 1] rb0=true chosen0=(2, 6) new_root_durable=true witness_entries=1 copies_with_new_entry=4 flip_to_rb_under_fault=false minF=>3 example=
CRASH E1 seg=7/11 [SC0.1,SC1.1,UNIT0,UNIT1,UNIT0,UNIT1,UNIT0,UNIT1,UNIT0,UNIT1] persisted=[0, 1] torn=UNIT1:blocks[0]of[0, 1] rb0=true chosen0=(2, 6) new_root_durable=true witness_entries=1 copies_with_new_entry=4 flip_to_rb_under_fault=false minF=>3 example=
CRASH E1 seg=7/11 [SC0.1,SC1.1,UNIT0,UNIT1,UNIT0,UNIT1,UNIT0,UNIT1,UNIT0,UNIT1] persisted=[0, 1] torn=UNIT1:blocks[1]of[0, 1] rb0=true chosen0=(2, 6) new_root_durable=true witness_entries=1 copies_with_new_entry=4 flip_to_rb_under_fault=false minF=>3 example=
CRASH E1 seg=7/11 [SC0.1,SC1.1,UNIT0,UNIT1,UNIT0,UNIT1,UNIT0,UNIT1,UNIT0,UNIT1] persisted=[0, 1] torn=UNIT0:blocks[0]of[0, 1, 2] rb0=true chosen0=(2, 6) new_root_durable=true witness_entries=1 copies_with_new_entry=4 flip_to_rb_under_fault=false minF=>3 example=
CRASH E1 seg=7/11 [SC0.1,SC1.1,UNIT0,UNIT1,UNIT0,UNIT1,UNIT0,UNIT1,UNIT0,UNIT1] persisted=[0, 1] torn=UNIT0:blocks[1]of[0, 1, 2] rb0=true chosen0=(2, 6) new_root_durable=true witness_entries=1 copies_with_new_entry=4 flip_to_rb_under_fault=false minF=>3 example=
CRASH E1 seg=7/11 [SC0.1,SC1.1,UNIT0,UNIT1,UNIT0,UNIT1,UNIT0,UNIT1,UNIT0,UNIT1] persisted=[0, 1] torn=UNIT0:blocks[0, 1]of[0, 1, 2] rb0=true chosen0=(2, 6) new_root_durable=true witness_entries=1 copies_with_new_entry=4 flip_to_rb_under_fault=false minF=>3 example=
CRASH E1 seg=7/11 [SC0.1,SC1.1,UNIT0,UNIT1,UNIT0,UNIT1,UNIT0,UNIT1,UNIT0,UNIT1] persisted=[0, 1] torn=UNIT0:blocks[2]of[0, 1, 2] rb0=true chosen0=(2, 6) new_root_durable=true witness_entries=1 copies_with_new_entry=4 flip_to_rb_under_fault=false minF=>3 example=
CRASH E1 seg=7/11 [SC0.1,SC1.1,UNIT0,UNIT1,UNIT0,UNIT1,UNIT0,UNIT1,UNIT0,UNIT1] persisted=[0, 1] torn=UNIT0:blocks[0, 2]of[0, 1, 2] rb0=true chosen0=(2, 6) new_root_durable=true witness_entries=1 copies_with_new_entry=4 flip_to_rb_under_fault=false minF=>3 example=
CRASH E1 seg=7/11 [SC0.1,SC1.1,UNIT0,UNIT1,UNIT0,UNIT1,UNIT0,UNIT1,UNIT0,UNIT1] persisted=[0, 1] torn=UNIT0:blocks[1, 2]of[0, 1, 2] rb0=true chosen0=(2, 6) new_root_durable=true witness_entries=1 copies_with_new_entry=4 flip_to_rb_under_fault=false minF=>3 example=
CRASH E1 seg=7/11 [SC0.1,SC1.1,UNIT0,UNIT1,UNIT0,UNIT1,UNIT0,UNIT1,UNIT0,UNIT1] persisted=[0, 1] torn=UNIT1:blocks[0]of[0, 1, 2] rb0=true chosen0=(2, 6) new_root_durable=true witness_entries=1 copies_with_new_entry=4 flip_to_rb_under_fault=false minF=>3 example=
CRASH E1 seg=7/11 [SC0.1,SC1.1,UNIT0,UNIT1,UNIT0,UNIT1,UNIT0,UNIT1,UNIT0,UNIT1] persisted=[0, 1] torn=UNIT1:blocks[1]of[0, 1, 2] rb0=true chosen0=(2, 6) new_root_durable=true witness_entries=1 copies_with_new_entry=4 flip_to_rb_under_fault=false minF=>3 example=
CRASH E1 seg=7/11 [SC0.1,SC1.1,UNIT0,UNIT1,UNIT0,UNIT1,UNIT0,UNIT1,UNIT0,UNIT1] persisted=[0, 1] torn=UNIT1:blocks[0, 1]of[0, 1, 2] rb0=true chosen0=(2, 6) new_root_durable=true witness_entries=1 copies_with_new_entry=4 flip_to_rb_under_fault=false minF=>3 example=
CRASH E1 seg=7/11 [SC0.1,SC1.1,UNIT0,UNIT1,UNIT0,UNIT1,UNIT0,UNIT1,UNIT0,UNIT1] persisted=[0, 1] torn=UNIT1:blocks[2]of[0, 1, 2] rb0=true chosen0=(2, 6) new_root_durable=true witness_entries=1 copies_with_new_entry=4 flip_to_rb_under_fault=false minF=>3 example=
CRASH E1 seg=7/11 [SC0.1,SC1.1,UNIT0,UNIT1,UNIT0,UNIT1,UNIT0,UNIT1,UNIT0,UNIT1] persisted=[0, 1] torn=UNIT1:blocks[0, 2]of[0, 1, 2] rb0=true chosen0=(2, 6) new_root_durable=true witness_entries=1 copies_with_new_entry=4 flip_to_rb_under_fault=false minF=>3 example=
CRASH E1 seg=7/11 [SC0.1,SC1.1,UNIT0,UNIT1,UNIT0,UNIT1,UNIT0,UNIT1,UNIT0,UNIT1] persisted=[0, 1] torn=UNIT1:blocks[1, 2]of[0, 1, 2] rb0=true chosen0=(2, 6) new_root_durable=true witness_entries=1 copies_with_new_entry=4 flip_to_rb_under_fault=false minF=>3 example=
CRASH E1 seg=8/11 [REC0,REC1] persisted=[] rb0=true chosen0=(2, 6) new_root_durable=true witness_entries=1 copies_with_new_entry=4 flip_to_rb_under_fault=false minF=>3 example=
CRASH E1 seg=8/11 [REC0,REC1] persisted=[] torn=REC0:blocks[0]of[0, 1] rb0=true chosen0=(2, 6) new_root_durable=true witness_entries=1 copies_with_new_entry=4 flip_to_rb_under_fault=false minF=>3 example=
CRASH E1 seg=8/11 [REC0,REC1] persisted=[] torn=REC0:blocks[1]of[0, 1] rb0=true chosen0=(2, 6) new_root_durable=true witness_entries=1 copies_with_new_entry=4 flip_to_rb_under_fault=false minF=>3 example=
CRASH E1 seg=8/11 [REC0,REC1] persisted=[] torn=REC1:blocks[0]of[0, 1] rb0=true chosen0=(2, 6) new_root_durable=true witness_entries=1 copies_with_new_entry=4 flip_to_rb_under_fault=false minF=>3 example=
CRASH E1 seg=8/11 [REC0,REC1] persisted=[] torn=REC1:blocks[1]of[0, 1] rb0=true chosen0=(2, 6) new_root_durable=true witness_entries=1 copies_with_new_entry=4 flip_to_rb_under_fault=false minF=>3 example=
CRASH E1 seg=8/11 [REC0,REC1] persisted=[0] rb0=true chosen0=(2, 6) new_root_durable=true witness_entries=1 copies_with_new_entry=4 flip_to_rb_under_fault=false minF=>3 example=
CRASH E1 seg=8/11 [REC0,REC1] persisted=[0] torn=REC1:blocks[0]of[0, 1] rb0=true chosen0=(2, 6) new_root_durable=true witness_entries=1 copies_with_new_entry=4 flip_to_rb_under_fault=false minF=>3 example=
CRASH E1 seg=8/11 [REC0,REC1] persisted=[0] torn=REC1:blocks[1]of[0, 1] rb0=true chosen0=(2, 6) new_root_durable=true witness_entries=1 copies_with_new_entry=4 flip_to_rb_under_fault=false minF=>3 example=
CRASH E1 seg=8/11 [REC0,REC1] persisted=[1] rb0=true chosen0=(2, 6) new_root_durable=true witness_entries=1 copies_with_new_entry=4 flip_to_rb_under_fault=false minF=>3 example=
CRASH E1 seg=8/11 [REC0,REC1] persisted=[1] torn=REC0:blocks[0]of[0, 1] rb0=true chosen0=(2, 6) new_root_durable=true witness_entries=1 copies_with_new_entry=4 flip_to_rb_under_fault=false minF=>3 example=
CRASH E1 seg=8/11 [REC0,REC1] persisted=[1] torn=REC0:blocks[1]of[0, 1] rb0=true chosen0=(2, 6) new_root_durable=true witness_entries=1 copies_with_new_entry=4 flip_to_rb_under_fault=false minF=>3 example=
CRASH E1 seg=9/11 [ROOT1] persisted=[] rb0=true chosen0=(2, 6) new_root_durable=true witness_entries=1 copies_with_new_entry=4 flip_to_rb_under_fault=false minF=>3 example=
CRASH E1 seg=10/11 [SC0.0,SC1.0] persisted=[] rb0=true chosen0=(2, 7) new_root_durable=true witness_entries=1 copies_with_new_entry=4 flip_to_rb_under_fault=false minF=>3 example=
CRASH E1 seg=10/11 [SC0.0,SC1.0] persisted=[0] rb0=true chosen0=(2, 7) new_root_durable=true witness_entries=1 copies_with_new_entry=4 flip_to_rb_under_fault=false minF=>3 example=
CRASH E1 seg=10/11 [SC0.0,SC1.0] persisted=[1] rb0=true chosen0=(2, 7) new_root_durable=true witness_entries=1 copies_with_new_entry=4 flip_to_rb_under_fault=false minF=>3 example=
CRASH E1 seg=done/11 rb0=true chosen0=(2, 7) new_root_durable=true witness_entries=1 copies_with_new_entry=4 flip_to_rb_under_fault=false minF=>3 example=
E7RESULT name=witness_targeted_summary placement=SystemConfigurationSlot order=AfterFirstRoot pbs=512 edge=E1 states=264 states_rolled_back=228 states_rolled_back_without_new_root=0 flip_to_rolled_back_under_fault=0 minimum_fault_histogram={"1": 21, "2": 42, "3": 33, ">3": 132, "n/a(not_rolled_back)": 36}
EDGE E2 placement=SystemConfigurationSlot order=AfterFirstRoot pbs=512 path=[Overwrite, Overwrite, RollbackTo(1, 4)] target=(1, 3) pre_tip=(2, 7) abandoned={(1, 4), (2, 6), (2, 7)} new_instance_roots=[(3, 8), (3, 9), (3, 10)]
STREAM E2 placement=SystemConfigurationSlot order=AfterFirstRoot pbs=512 seg=0 [SC0.1,SC1.1]
STREAM E2 placement=SystemConfigurationSlot order=AfterFirstRoot pbs=512 seg=1 [UNIT0,UNIT1,UNIT0,UNIT1,UNIT0,UNIT1,UNIT0,UNIT1,UNIT0,UNIT1]
STREAM E2 placement=SystemConfigurationSlot order=AfterFirstRoot pbs=512 seg=2 [REC0,REC1]
STREAM E2 placement=SystemConfigurationSlot order=AfterFirstRoot pbs=512 seg=3 [ROOT0]
STREAM E2 placement=SystemConfigurationSlot order=AfterFirstRoot pbs=512 seg=4 [SC0.0,SC1.0,UNIT0,UNIT1,UNIT0,UNIT1,UNIT0,UNIT1,UNIT0,UNIT1]
STREAM E2 placement=SystemConfigurationSlot order=AfterFirstRoot pbs=512 seg=5 [REC0,REC1]
STREAM E2 placement=SystemConfigurationSlot order=AfterFirstRoot pbs=512 seg=6 [ROOT0]
STREAM E2 placement=SystemConfigurationSlot order=AfterFirstRoot pbs=512 seg=7 [SC0.1,SC1.1,UNIT0,UNIT1,UNIT0,UNIT1,UNIT0,UNIT1,UNIT0,UNIT1]
STREAM E2 placement=SystemConfigurationSlot order=AfterFirstRoot pbs=512 seg=8 [REC0,REC1]
STREAM E2 placement=SystemConfigurationSlot order=AfterFirstRoot pbs=512 seg=9 [ROOT1]
STREAM E2 placement=SystemConfigurationSlot order=AfterFirstRoot pbs=512 seg=10 [SC0.0,SC1.0]
CRASH E2 seg=0/11 [SC0.1,SC1.1] persisted=[] rb0=false chosen0=(2, 7) new_root_durable=false witness_entries=1 copies_with_new_entry=0 flip_to_rb_under_fault=false minF=n/a(not_rolled_back) example=
CRASH E2 seg=0/11 [SC0.1,SC1.1] persisted=[0] rb0=false chosen0=(2, 7) new_root_durable=false witness_entries=1 copies_with_new_entry=0 flip_to_rb_under_fault=false minF=n/a(not_rolled_back) example=
CRASH E2 seg=0/11 [SC0.1,SC1.1] persisted=[1] rb0=false chosen0=(2, 7) new_root_durable=false witness_entries=1 copies_with_new_entry=0 flip_to_rb_under_fault=false minF=n/a(not_rolled_back) example=
CRASH E2 seg=1/11 [UNIT0,UNIT1,UNIT0,UNIT1,UNIT0,UNIT1,UNIT0,UNIT1,UNIT0,UNIT1] persisted=[] rb0=false chosen0=(2, 7) new_root_durable=false witness_entries=1 copies_with_new_entry=0 flip_to_rb_under_fault=false minF=n/a(not_rolled_back) example=
CRASH E2 seg=1/11 [UNIT0,UNIT1,UNIT0,UNIT1,UNIT0,UNIT1,UNIT0,UNIT1,UNIT0,UNIT1] persisted=[] torn=UNIT0:blocks[0]of[0, 1] rb0=false chosen0=(2, 7) new_root_durable=false witness_entries=1 copies_with_new_entry=0 flip_to_rb_under_fault=false minF=n/a(not_rolled_back) example=
CRASH E2 seg=1/11 [UNIT0,UNIT1,UNIT0,UNIT1,UNIT0,UNIT1,UNIT0,UNIT1,UNIT0,UNIT1] persisted=[] torn=UNIT0:blocks[1]of[0, 1] rb0=false chosen0=(2, 7) new_root_durable=false witness_entries=1 copies_with_new_entry=0 flip_to_rb_under_fault=false minF=n/a(not_rolled_back) example=
CRASH E2 seg=1/11 [UNIT0,UNIT1,UNIT0,UNIT1,UNIT0,UNIT1,UNIT0,UNIT1,UNIT0,UNIT1] persisted=[] torn=UNIT1:blocks[0]of[0, 1] rb0=false chosen0=(2, 7) new_root_durable=false witness_entries=1 copies_with_new_entry=0 flip_to_rb_under_fault=false minF=n/a(not_rolled_back) example=
CRASH E2 seg=1/11 [UNIT0,UNIT1,UNIT0,UNIT1,UNIT0,UNIT1,UNIT0,UNIT1,UNIT0,UNIT1] persisted=[] torn=UNIT1:blocks[1]of[0, 1] rb0=false chosen0=(2, 7) new_root_durable=false witness_entries=1 copies_with_new_entry=0 flip_to_rb_under_fault=false minF=n/a(not_rolled_back) example=
CRASH E2 seg=1/11 [UNIT0,UNIT1,UNIT0,UNIT1,UNIT0,UNIT1,UNIT0,UNIT1,UNIT0,UNIT1] persisted=[] torn=UNIT0:blocks[0]of[0, 1] rb0=false chosen0=(2, 7) new_root_durable=false witness_entries=1 copies_with_new_entry=0 flip_to_rb_under_fault=false minF=n/a(not_rolled_back) example=
CRASH E2 seg=1/11 [UNIT0,UNIT1,UNIT0,UNIT1,UNIT0,UNIT1,UNIT0,UNIT1,UNIT0,UNIT1] persisted=[] torn=UNIT0:blocks[1]of[0, 1] rb0=false chosen0=(2, 7) new_root_durable=false witness_entries=1 copies_with_new_entry=0 flip_to_rb_under_fault=false minF=n/a(not_rolled_back) example=
CRASH E2 seg=1/11 [UNIT0,UNIT1,UNIT0,UNIT1,UNIT0,UNIT1,UNIT0,UNIT1,UNIT0,UNIT1] persisted=[] torn=UNIT1:blocks[0]of[0, 1] rb0=false chosen0=(2, 7) new_root_durable=false witness_entries=1 copies_with_new_entry=0 flip_to_rb_under_fault=false minF=n/a(not_rolled_back) example=
CRASH E2 seg=1/11 [UNIT0,UNIT1,UNIT0,UNIT1,UNIT0,UNIT1,UNIT0,UNIT1,UNIT0,UNIT1] persisted=[] torn=UNIT1:blocks[1]of[0, 1] rb0=false chosen0=(2, 7) new_root_durable=false witness_entries=1 copies_with_new_entry=0 flip_to_rb_under_fault=false minF=n/a(not_rolled_back) example=
CRASH E2 seg=1/11 [UNIT0,UNIT1,UNIT0,UNIT1,UNIT0,UNIT1,UNIT0,UNIT1,UNIT0,UNIT1] persisted=[] torn=UNIT0:blocks[0]of[0, 1, 2] rb0=false chosen0=(2, 7) new_root_durable=false witness_entries=1 copies_with_new_entry=0 flip_to_rb_under_fault=false minF=n/a(not_rolled_back) example=
CRASH E2 seg=1/11 [UNIT0,UNIT1,UNIT0,UNIT1,UNIT0,UNIT1,UNIT0,UNIT1,UNIT0,UNIT1] persisted=[] torn=UNIT0:blocks[1]of[0, 1, 2] rb0=false chosen0=(2, 7) new_root_durable=false witness_entries=1 copies_with_new_entry=0 flip_to_rb_under_fault=false minF=n/a(not_rolled_back) example=
CRASH E2 seg=1/11 [UNIT0,UNIT1,UNIT0,UNIT1,UNIT0,UNIT1,UNIT0,UNIT1,UNIT0,UNIT1] persisted=[] torn=UNIT0:blocks[0, 1]of[0, 1, 2] rb0=false chosen0=(2, 7) new_root_durable=false witness_entries=1 copies_with_new_entry=0 flip_to_rb_under_fault=false minF=n/a(not_rolled_back) example=
CRASH E2 seg=1/11 [UNIT0,UNIT1,UNIT0,UNIT1,UNIT0,UNIT1,UNIT0,UNIT1,UNIT0,UNIT1] persisted=[] torn=UNIT0:blocks[2]of[0, 1, 2] rb0=false chosen0=(2, 7) new_root_durable=false witness_entries=1 copies_with_new_entry=0 flip_to_rb_under_fault=false minF=n/a(not_rolled_back) example=
CRASH E2 seg=1/11 [UNIT0,UNIT1,UNIT0,UNIT1,UNIT0,UNIT1,UNIT0,UNIT1,UNIT0,UNIT1] persisted=[] torn=UNIT0:blocks[0, 2]of[0, 1, 2] rb0=false chosen0=(2, 7) new_root_durable=false witness_entries=1 copies_with_new_entry=0 flip_to_rb_under_fault=false minF=n/a(not_rolled_back) example=
CRASH E2 seg=1/11 [UNIT0,UNIT1,UNIT0,UNIT1,UNIT0,UNIT1,UNIT0,UNIT1,UNIT0,UNIT1] persisted=[] torn=UNIT0:blocks[1, 2]of[0, 1, 2] rb0=false chosen0=(2, 7) new_root_durable=false witness_entries=1 copies_with_new_entry=0 flip_to_rb_under_fault=false minF=n/a(not_rolled_back) example=
CRASH E2 seg=1/11 [UNIT0,UNIT1,UNIT0,UNIT1,UNIT0,UNIT1,UNIT0,UNIT1,UNIT0,UNIT1] persisted=[] torn=UNIT1:blocks[0]of[0, 1, 2] rb0=false chosen0=(2, 7) new_root_durable=false witness_entries=1 copies_with_new_entry=0 flip_to_rb_under_fault=false minF=n/a(not_rolled_back) example=
CRASH E2 seg=1/11 [UNIT0,UNIT1,UNIT0,UNIT1,UNIT0,UNIT1,UNIT0,UNIT1,UNIT0,UNIT1] persisted=[] torn=UNIT1:blocks[1]of[0, 1, 2] rb0=false chosen0=(2, 7) new_root_durable=false witness_entries=1 copies_with_new_entry=0 flip_to_rb_under_fault=false minF=n/a(not_rolled_back) example=
CRASH E2 seg=1/11 [UNIT0,UNIT1,UNIT0,UNIT1,UNIT0,UNIT1,UNIT0,UNIT1,UNIT0,UNIT1] persisted=[] torn=UNIT1:blocks[0, 1]of[0, 1, 2] rb0=false chosen0=(2, 7) new_root_durable=false witness_entries=1 copies_with_new_entry=0 flip_to_rb_under_fault=false minF=n/a(not_rolled_back) example=
CRASH E2 seg=1/11 [UNIT0,UNIT1,UNIT0,UNIT1,UNIT0,UNIT1,UNIT0,UNIT1,UNIT0,UNIT1] persisted=[] torn=UNIT1:blocks[2]of[0, 1, 2] rb0=false chosen0=(2, 7) new_root_durable=false witness_entries=1 copies_with_new_entry=0 flip_to_rb_under_fault=false minF=n/a(not_rolled_back) example=
CRASH E2 seg=1/11 [UNIT0,UNIT1,UNIT0,UNIT1,UNIT0,UNIT1,UNIT0,UNIT1,UNIT0,UNIT1] persisted=[] torn=UNIT1:blocks[0, 2]of[0, 1, 2] rb0=false chosen0=(2, 7) new_root_durable=false witness_entries=1 copies_with_new_entry=0 flip_to_rb_under_fault=false minF=n/a(not_rolled_back) example=
CRASH E2 seg=1/11 [UNIT0,UNIT1,UNIT0,UNIT1,UNIT0,UNIT1,UNIT0,UNIT1,UNIT0,UNIT1] persisted=[] torn=UNIT1:blocks[1, 2]of[0, 1, 2] rb0=false chosen0=(2, 7) new_root_durable=false witness_entries=1 copies_with_new_entry=0 flip_to_rb_under_fault=false minF=n/a(not_rolled_back) example=
CRASH E2 seg=2/11 [REC0,REC1] persisted=[] rb0=false chosen0=(2, 7) new_root_durable=false witness_entries=1 copies_with_new_entry=0 flip_to_rb_under_fault=false minF=n/a(not_rolled_back) example=
CRASH E2 seg=2/11 [REC0,REC1] persisted=[] torn=REC0:blocks[0]of[0, 1] rb0=false chosen0=(2, 7) new_root_durable=false witness_entries=1 copies_with_new_entry=0 flip_to_rb_under_fault=false minF=n/a(not_rolled_back) example=
CRASH E2 seg=2/11 [REC0,REC1] persisted=[] torn=REC0:blocks[1]of[0, 1] rb0=false chosen0=(2, 7) new_root_durable=false witness_entries=1 copies_with_new_entry=0 flip_to_rb_under_fault=false minF=n/a(not_rolled_back) example=
CRASH E2 seg=2/11 [REC0,REC1] persisted=[] torn=REC1:blocks[0]of[0, 1] rb0=false chosen0=(2, 7) new_root_durable=false witness_entries=1 copies_with_new_entry=0 flip_to_rb_under_fault=false minF=n/a(not_rolled_back) example=
CRASH E2 seg=2/11 [REC0,REC1] persisted=[] torn=REC1:blocks[1]of[0, 1] rb0=false chosen0=(2, 7) new_root_durable=false witness_entries=1 copies_with_new_entry=0 flip_to_rb_under_fault=false minF=n/a(not_rolled_back) example=
CRASH E2 seg=2/11 [REC0,REC1] persisted=[0] rb0=false chosen0=(2, 7) new_root_durable=false witness_entries=1 copies_with_new_entry=0 flip_to_rb_under_fault=false minF=n/a(not_rolled_back) example=
CRASH E2 seg=2/11 [REC0,REC1] persisted=[0] torn=REC1:blocks[0]of[0, 1] rb0=false chosen0=(2, 7) new_root_durable=false witness_entries=1 copies_with_new_entry=0 flip_to_rb_under_fault=false minF=n/a(not_rolled_back) example=
CRASH E2 seg=2/11 [REC0,REC1] persisted=[0] torn=REC1:blocks[1]of[0, 1] rb0=false chosen0=(2, 7) new_root_durable=false witness_entries=1 copies_with_new_entry=0 flip_to_rb_under_fault=false minF=n/a(not_rolled_back) example=
CRASH E2 seg=2/11 [REC0,REC1] persisted=[1] rb0=false chosen0=(2, 7) new_root_durable=false witness_entries=1 copies_with_new_entry=0 flip_to_rb_under_fault=false minF=n/a(not_rolled_back) example=
CRASH E2 seg=2/11 [REC0,REC1] persisted=[1] torn=REC0:blocks[0]of[0, 1] rb0=false chosen0=(2, 7) new_root_durable=false witness_entries=1 copies_with_new_entry=0 flip_to_rb_under_fault=false minF=n/a(not_rolled_back) example=
CRASH E2 seg=2/11 [REC0,REC1] persisted=[1] torn=REC0:blocks[1]of[0, 1] rb0=false chosen0=(2, 7) new_root_durable=false witness_entries=1 copies_with_new_entry=0 flip_to_rb_under_fault=false minF=n/a(not_rolled_back) example=
CRASH E2 seg=3/11 [ROOT0] persisted=[] rb0=false chosen0=(2, 7) new_root_durable=false witness_entries=1 copies_with_new_entry=0 flip_to_rb_under_fault=false minF=n/a(not_rolled_back) example=
CRASH E2 seg=4/11 [SC0.0,SC1.0,UNIT0,UNIT1,UNIT0,UNIT1,UNIT0,UNIT1,UNIT0,UNIT1] persisted=[] rb0=true chosen0=(3, 8) new_root_durable=true witness_entries=1 copies_with_new_entry=0 flip_to_rb_under_fault=false minF=1 example=[R2.2]@a
CRASH E2 seg=4/11 [SC0.0,SC1.0,UNIT0,UNIT1,UNIT0,UNIT1,UNIT0,UNIT1,UNIT0,UNIT1] persisted=[] torn=SC0.0:blocks[0]of[0, 1] rb0=true chosen0=(3, 8) new_root_durable=true witness_entries=1 copies_with_new_entry=0 flip_to_rb_under_fault=false minF=1 example=[R2.2]@a
CRASH E2 seg=4/11 [SC0.0,SC1.0,UNIT0,UNIT1,UNIT0,UNIT1,UNIT0,UNIT1,UNIT0,UNIT1] persisted=[] torn=SC0.0:blocks[1]of[0, 1] rb0=true chosen0=(3, 8) new_root_durable=true witness_entries=1 copies_with_new_entry=0 flip_to_rb_under_fault=false minF=1 example=[R2.2]@a
CRASH E2 seg=4/11 [SC0.0,SC1.0,UNIT0,UNIT1,UNIT0,UNIT1,UNIT0,UNIT1,UNIT0,UNIT1] persisted=[] torn=SC1.0:blocks[0]of[0, 1] rb0=true chosen0=(3, 8) new_root_durable=true witness_entries=1 copies_with_new_entry=0 flip_to_rb_under_fault=false minF=1 example=[R2.2]@a
CRASH E2 seg=4/11 [SC0.0,SC1.0,UNIT0,UNIT1,UNIT0,UNIT1,UNIT0,UNIT1,UNIT0,UNIT1] persisted=[] torn=SC1.0:blocks[1]of[0, 1] rb0=true chosen0=(3, 8) new_root_durable=true witness_entries=1 copies_with_new_entry=0 flip_to_rb_under_fault=false minF=1 example=[R2.2]@a
CRASH E2 seg=4/11 [SC0.0,SC1.0,UNIT0,UNIT1,UNIT0,UNIT1,UNIT0,UNIT1,UNIT0,UNIT1] persisted=[] torn=UNIT0:blocks[0]of[0, 1] rb0=true chosen0=(3, 8) new_root_durable=true witness_entries=1 copies_with_new_entry=0 flip_to_rb_under_fault=false minF=1 example=[R2.2]@a
CRASH E2 seg=4/11 [SC0.0,SC1.0,UNIT0,UNIT1,UNIT0,UNIT1,UNIT0,UNIT1,UNIT0,UNIT1] persisted=[] torn=UNIT0:blocks[1]of[0, 1] rb0=true chosen0=(3, 8) new_root_durable=true witness_entries=1 copies_with_new_entry=0 flip_to_rb_under_fault=false minF=1 example=[R2.2]@a
CRASH E2 seg=4/11 [SC0.0,SC1.0,UNIT0,UNIT1,UNIT0,UNIT1,UNIT0,UNIT1,UNIT0,UNIT1] persisted=[] torn=UNIT1:blocks[0]of[0, 1] rb0=true chosen0=(3, 8) new_root_durable=true witness_entries=1 copies_with_new_entry=0 flip_to_rb_under_fault=false minF=1 example=[R2.2]@a
CRASH E2 seg=4/11 [SC0.0,SC1.0,UNIT0,UNIT1,UNIT0,UNIT1,UNIT0,UNIT1,UNIT0,UNIT1] persisted=[] torn=UNIT1:blocks[1]of[0, 1] rb0=true chosen0=(3, 8) new_root_durable=true witness_entries=1 copies_with_new_entry=0 flip_to_rb_under_fault=false minF=1 example=[R2.2]@a
CRASH E2 seg=4/11 [SC0.0,SC1.0,UNIT0,UNIT1,UNIT0,UNIT1,UNIT0,UNIT1,UNIT0,UNIT1] persisted=[] torn=UNIT0:blocks[0]of[0, 1] rb0=true chosen0=(3, 8) new_root_durable=true witness_entries=1 copies_with_new_entry=0 flip_to_rb_under_fault=false minF=1 example=[R2.2]@a
CRASH E2 seg=4/11 [SC0.0,SC1.0,UNIT0,UNIT1,UNIT0,UNIT1,UNIT0,UNIT1,UNIT0,UNIT1] persisted=[] torn=UNIT0:blocks[1]of[0, 1] rb0=true chosen0=(3, 8) new_root_durable=true witness_entries=1 copies_with_new_entry=0 flip_to_rb_under_fault=false minF=1 example=[R2.2]@a
CRASH E2 seg=4/11 [SC0.0,SC1.0,UNIT0,UNIT1,UNIT0,UNIT1,UNIT0,UNIT1,UNIT0,UNIT1] persisted=[] torn=UNIT1:blocks[0]of[0, 1] rb0=true chosen0=(3, 8) new_root_durable=true witness_entries=1 copies_with_new_entry=0 flip_to_rb_under_fault=false minF=1 example=[R2.2]@a
CRASH E2 seg=4/11 [SC0.0,SC1.0,UNIT0,UNIT1,UNIT0,UNIT1,UNIT0,UNIT1,UNIT0,UNIT1] persisted=[] torn=UNIT1:blocks[1]of[0, 1] rb0=true chosen0=(3, 8) new_root_durable=true witness_entries=1 copies_with_new_entry=0 flip_to_rb_under_fault=false minF=1 example=[R2.2]@a
CRASH E2 seg=4/11 [SC0.0,SC1.0,UNIT0,UNIT1,UNIT0,UNIT1,UNIT0,UNIT1,UNIT0,UNIT1] persisted=[] torn=UNIT0:blocks[0]of[0, 1, 2] rb0=true chosen0=(3, 8) new_root_durable=true witness_entries=1 copies_with_new_entry=0 flip_to_rb_under_fault=false minF=1 example=[R2.2]@a
CRASH E2 seg=4/11 [SC0.0,SC1.0,UNIT0,UNIT1,UNIT0,UNIT1,UNIT0,UNIT1,UNIT0,UNIT1] persisted=[] torn=UNIT0:blocks[1]of[0, 1, 2] rb0=true chosen0=(3, 8) new_root_durable=true witness_entries=1 copies_with_new_entry=0 flip_to_rb_under_fault=false minF=1 example=[R2.2]@a
CRASH E2 seg=4/11 [SC0.0,SC1.0,UNIT0,UNIT1,UNIT0,UNIT1,UNIT0,UNIT1,UNIT0,UNIT1] persisted=[] torn=UNIT0:blocks[0, 1]of[0, 1, 2] rb0=true chosen0=(3, 8) new_root_durable=true witness_entries=1 copies_with_new_entry=0 flip_to_rb_under_fault=false minF=1 example=[R2.2]@a
CRASH E2 seg=4/11 [SC0.0,SC1.0,UNIT0,UNIT1,UNIT0,UNIT1,UNIT0,UNIT1,UNIT0,UNIT1] persisted=[] torn=UNIT0:blocks[2]of[0, 1, 2] rb0=true chosen0=(3, 8) new_root_durable=true witness_entries=1 copies_with_new_entry=0 flip_to_rb_under_fault=false minF=1 example=[R2.2]@a
CRASH E2 seg=4/11 [SC0.0,SC1.0,UNIT0,UNIT1,UNIT0,UNIT1,UNIT0,UNIT1,UNIT0,UNIT1] persisted=[] torn=UNIT0:blocks[0, 2]of[0, 1, 2] rb0=true chosen0=(3, 8) new_root_durable=true witness_entries=1 copies_with_new_entry=0 flip_to_rb_under_fault=false minF=1 example=[R2.2]@a
CRASH E2 seg=4/11 [SC0.0,SC1.0,UNIT0,UNIT1,UNIT0,UNIT1,UNIT0,UNIT1,UNIT0,UNIT1] persisted=[] torn=UNIT0:blocks[1, 2]of[0, 1, 2] rb0=true chosen0=(3, 8) new_root_durable=true witness_entries=1 copies_with_new_entry=0 flip_to_rb_under_fault=false minF=1 example=[R2.2]@a
CRASH E2 seg=4/11 [SC0.0,SC1.0,UNIT0,UNIT1,UNIT0,UNIT1,UNIT0,UNIT1,UNIT0,UNIT1] persisted=[] torn=UNIT1:blocks[0]of[0, 1, 2] rb0=true chosen0=(3, 8) new_root_durable=true witness_entries=1 copies_with_new_entry=0 flip_to_rb_under_fault=false minF=1 example=[R2.2]@a
CRASH E2 seg=4/11 [SC0.0,SC1.0,UNIT0,UNIT1,UNIT0,UNIT1,UNIT0,UNIT1,UNIT0,UNIT1] persisted=[] torn=UNIT1:blocks[1]of[0, 1, 2] rb0=true chosen0=(3, 8) new_root_durable=true witness_entries=1 copies_with_new_entry=0 flip_to_rb_under_fault=false minF=1 example=[R2.2]@a
CRASH E2 seg=4/11 [SC0.0,SC1.0,UNIT0,UNIT1,UNIT0,UNIT1,UNIT0,UNIT1,UNIT0,UNIT1] persisted=[] torn=UNIT1:blocks[0, 1]of[0, 1, 2] rb0=true chosen0=(3, 8) new_root_durable=true witness_entries=1 copies_with_new_entry=0 flip_to_rb_under_fault=false minF=1 example=[R2.2]@a
CRASH E2 seg=4/11 [SC0.0,SC1.0,UNIT0,UNIT1,UNIT0,UNIT1,UNIT0,UNIT1,UNIT0,UNIT1] persisted=[] torn=UNIT1:blocks[2]of[0, 1, 2] rb0=true chosen0=(3, 8) new_root_durable=true witness_entries=1 copies_with_new_entry=0 flip_to_rb_under_fault=false minF=1 example=[R2.2]@a
CRASH E2 seg=4/11 [SC0.0,SC1.0,UNIT0,UNIT1,UNIT0,UNIT1,UNIT0,UNIT1,UNIT0,UNIT1] persisted=[] torn=UNIT1:blocks[0, 2]of[0, 1, 2] rb0=true chosen0=(3, 8) new_root_durable=true witness_entries=1 copies_with_new_entry=0 flip_to_rb_under_fault=false minF=1 example=[R2.2]@a
CRASH E2 seg=4/11 [SC0.0,SC1.0,UNIT0,UNIT1,UNIT0,UNIT1,UNIT0,UNIT1,UNIT0,UNIT1] persisted=[] torn=UNIT1:blocks[1, 2]of[0, 1, 2] rb0=true chosen0=(3, 8) new_root_durable=true witness_entries=1 copies_with_new_entry=0 flip_to_rb_under_fault=false minF=1 example=[R2.2]@a
CRASH E2 seg=4/11 [SC0.0,SC1.0,UNIT0,UNIT1,UNIT0,UNIT1,UNIT0,UNIT1,UNIT0,UNIT1] persisted=[0] rb0=true chosen0=(3, 8) new_root_durable=true witness_entries=2 copies_with_new_entry=1 flip_to_rb_under_fault=false minF=2 example=[R2.2,W0@0]@a
CRASH E2 seg=4/11 [SC0.0,SC1.0,UNIT0,UNIT1,UNIT0,UNIT1,UNIT0,UNIT1,UNIT0,UNIT1] persisted=[0] torn=SC1.0:blocks[0]of[0, 1] rb0=true chosen0=(3, 8) new_root_durable=true witness_entries=2 copies_with_new_entry=1 flip_to_rb_under_fault=false minF=2 example=[R2.2,W0@0]@a
CRASH E2 seg=4/11 [SC0.0,SC1.0,UNIT0,UNIT1,UNIT0,UNIT1,UNIT0,UNIT1,UNIT0,UNIT1] persisted=[0] torn=SC1.0:blocks[1]of[0, 1] rb0=true chosen0=(3, 8) new_root_durable=true witness_entries=2 copies_with_new_entry=1 flip_to_rb_under_fault=false minF=2 example=[R2.2,W0@0]@a
CRASH E2 seg=4/11 [SC0.0,SC1.0,UNIT0,UNIT1,UNIT0,UNIT1,UNIT0,UNIT1,UNIT0,UNIT1] persisted=[0] torn=UNIT0:blocks[0]of[0, 1] rb0=true chosen0=(3, 8) new_root_durable=true witness_entries=2 copies_with_new_entry=1 flip_to_rb_under_fault=false minF=2 example=[R2.2,W0@0]@a
CRASH E2 seg=4/11 [SC0.0,SC1.0,UNIT0,UNIT1,UNIT0,UNIT1,UNIT0,UNIT1,UNIT0,UNIT1] persisted=[0] torn=UNIT0:blocks[1]of[0, 1] rb0=true chosen0=(3, 8) new_root_durable=true witness_entries=2 copies_with_new_entry=1 flip_to_rb_under_fault=false minF=2 example=[R2.2,W0@0]@a
CRASH E2 seg=4/11 [SC0.0,SC1.0,UNIT0,UNIT1,UNIT0,UNIT1,UNIT0,UNIT1,UNIT0,UNIT1] persisted=[0] torn=UNIT1:blocks[0]of[0, 1] rb0=true chosen0=(3, 8) new_root_durable=true witness_entries=2 copies_with_new_entry=1 flip_to_rb_under_fault=false minF=2 example=[R2.2,W0@0]@a
CRASH E2 seg=4/11 [SC0.0,SC1.0,UNIT0,UNIT1,UNIT0,UNIT1,UNIT0,UNIT1,UNIT0,UNIT1] persisted=[0] torn=UNIT1:blocks[1]of[0, 1] rb0=true chosen0=(3, 8) new_root_durable=true witness_entries=2 copies_with_new_entry=1 flip_to_rb_under_fault=false minF=2 example=[R2.2,W0@0]@a
CRASH E2 seg=4/11 [SC0.0,SC1.0,UNIT0,UNIT1,UNIT0,UNIT1,UNIT0,UNIT1,UNIT0,UNIT1] persisted=[0] torn=UNIT0:blocks[0]of[0, 1] rb0=true chosen0=(3, 8) new_root_durable=true witness_entries=2 copies_with_new_entry=1 flip_to_rb_under_fault=false minF=2 example=[R2.2,W0@0]@a
CRASH E2 seg=4/11 [SC0.0,SC1.0,UNIT0,UNIT1,UNIT0,UNIT1,UNIT0,UNIT1,UNIT0,UNIT1] persisted=[0] torn=UNIT0:blocks[1]of[0, 1] rb0=true chosen0=(3, 8) new_root_durable=true witness_entries=2 copies_with_new_entry=1 flip_to_rb_under_fault=false minF=2 example=[R2.2,W0@0]@a
CRASH E2 seg=4/11 [SC0.0,SC1.0,UNIT0,UNIT1,UNIT0,UNIT1,UNIT0,UNIT1,UNIT0,UNIT1] persisted=[0] torn=UNIT1:blocks[0]of[0, 1] rb0=true chosen0=(3, 8) new_root_durable=true witness_entries=2 copies_with_new_entry=1 flip_to_rb_under_fault=false minF=2 example=[R2.2,W0@0]@a
CRASH E2 seg=4/11 [SC0.0,SC1.0,UNIT0,UNIT1,UNIT0,UNIT1,UNIT0,UNIT1,UNIT0,UNIT1] persisted=[0] torn=UNIT1:blocks[1]of[0, 1] rb0=true chosen0=(3, 8) new_root_durable=true witness_entries=2 copies_with_new_entry=1 flip_to_rb_under_fault=false minF=2 example=[R2.2,W0@0]@a
CRASH E2 seg=4/11 [SC0.0,SC1.0,UNIT0,UNIT1,UNIT0,UNIT1,UNIT0,UNIT1,UNIT0,UNIT1] persisted=[0] torn=UNIT0:blocks[0]of[0, 1, 2] rb0=true chosen0=(3, 8) new_root_durable=true witness_entries=2 copies_with_new_entry=1 flip_to_rb_under_fault=false minF=2 example=[R2.2,W0@0]@a
CRASH E2 seg=4/11 [SC0.0,SC1.0,UNIT0,UNIT1,UNIT0,UNIT1,UNIT0,UNIT1,UNIT0,UNIT1] persisted=[0] torn=UNIT0:blocks[1]of[0, 1, 2] rb0=true chosen0=(3, 8) new_root_durable=true witness_entries=2 copies_with_new_entry=1 flip_to_rb_under_fault=false minF=2 example=[R2.2,W0@0]@a
CRASH E2 seg=4/11 [SC0.0,SC1.0,UNIT0,UNIT1,UNIT0,UNIT1,UNIT0,UNIT1,UNIT0,UNIT1] persisted=[0] torn=UNIT0:blocks[0, 1]of[0, 1, 2] rb0=true chosen0=(3, 8) new_root_durable=true witness_entries=2 copies_with_new_entry=1 flip_to_rb_under_fault=false minF=2 example=[R2.2,W0@0]@a
CRASH E2 seg=4/11 [SC0.0,SC1.0,UNIT0,UNIT1,UNIT0,UNIT1,UNIT0,UNIT1,UNIT0,UNIT1] persisted=[0] torn=UNIT0:blocks[2]of[0, 1, 2] rb0=true chosen0=(3, 8) new_root_durable=true witness_entries=2 copies_with_new_entry=1 flip_to_rb_under_fault=false minF=2 example=[R2.2,W0@0]@a
CRASH E2 seg=4/11 [SC0.0,SC1.0,UNIT0,UNIT1,UNIT0,UNIT1,UNIT0,UNIT1,UNIT0,UNIT1] persisted=[0] torn=UNIT0:blocks[0, 2]of[0, 1, 2] rb0=true chosen0=(3, 8) new_root_durable=true witness_entries=2 copies_with_new_entry=1 flip_to_rb_under_fault=false minF=2 example=[R2.2,W0@0]@a
CRASH E2 seg=4/11 [SC0.0,SC1.0,UNIT0,UNIT1,UNIT0,UNIT1,UNIT0,UNIT1,UNIT0,UNIT1] persisted=[0] torn=UNIT0:blocks[1, 2]of[0, 1, 2] rb0=true chosen0=(3, 8) new_root_durable=true witness_entries=2 copies_with_new_entry=1 flip_to_rb_under_fault=false minF=2 example=[R2.2,W0@0]@a
CRASH E2 seg=4/11 [SC0.0,SC1.0,UNIT0,UNIT1,UNIT0,UNIT1,UNIT0,UNIT1,UNIT0,UNIT1] persisted=[0] torn=UNIT1:blocks[0]of[0, 1, 2] rb0=true chosen0=(3, 8) new_root_durable=true witness_entries=2 copies_with_new_entry=1 flip_to_rb_under_fault=false minF=2 example=[R2.2,W0@0]@a
CRASH E2 seg=4/11 [SC0.0,SC1.0,UNIT0,UNIT1,UNIT0,UNIT1,UNIT0,UNIT1,UNIT0,UNIT1] persisted=[0] torn=UNIT1:blocks[1]of[0, 1, 2] rb0=true chosen0=(3, 8) new_root_durable=true witness_entries=2 copies_with_new_entry=1 flip_to_rb_under_fault=false minF=2 example=[R2.2,W0@0]@a
CRASH E2 seg=4/11 [SC0.0,SC1.0,UNIT0,UNIT1,UNIT0,UNIT1,UNIT0,UNIT1,UNIT0,UNIT1] persisted=[0] torn=UNIT1:blocks[0, 1]of[0, 1, 2] rb0=true chosen0=(3, 8) new_root_durable=true witness_entries=2 copies_with_new_entry=1 flip_to_rb_under_fault=false minF=2 example=[R2.2,W0@0]@a
CRASH E2 seg=4/11 [SC0.0,SC1.0,UNIT0,UNIT1,UNIT0,UNIT1,UNIT0,UNIT1,UNIT0,UNIT1] persisted=[0] torn=UNIT1:blocks[2]of[0, 1, 2] rb0=true chosen0=(3, 8) new_root_durable=true witness_entries=2 copies_with_new_entry=1 flip_to_rb_under_fault=false minF=2 example=[R2.2,W0@0]@a
CRASH E2 seg=4/11 [SC0.0,SC1.0,UNIT0,UNIT1,UNIT0,UNIT1,UNIT0,UNIT1,UNIT0,UNIT1] persisted=[0] torn=UNIT1:blocks[0, 2]of[0, 1, 2] rb0=true chosen0=(3, 8) new_root_durable=true witness_entries=2 copies_with_new_entry=1 flip_to_rb_under_fault=false minF=2 example=[R2.2,W0@0]@a
CRASH E2 seg=4/11 [SC0.0,SC1.0,UNIT0,UNIT1,UNIT0,UNIT1,UNIT0,UNIT1,UNIT0,UNIT1] persisted=[0] torn=UNIT1:blocks[1, 2]of[0, 1, 2] rb0=true chosen0=(3, 8) new_root_durable=true witness_entries=2 copies_with_new_entry=1 flip_to_rb_under_fault=false minF=2 example=[R2.2,W0@0]@a
CRASH E2 seg=4/11 [SC0.0,SC1.0,UNIT0,UNIT1,UNIT0,UNIT1,UNIT0,UNIT1,UNIT0,UNIT1] persisted=[1] rb0=true chosen0=(3, 8) new_root_durable=true witness_entries=2 copies_with_new_entry=1 flip_to_rb_under_fault=false minF=2 example=[R2.2,W1@0]@a
CRASH E2 seg=4/11 [SC0.0,SC1.0,UNIT0,UNIT1,UNIT0,UNIT1,UNIT0,UNIT1,UNIT0,UNIT1] persisted=[1] torn=SC0.0:blocks[0]of[0, 1] rb0=true chosen0=(3, 8) new_root_durable=true witness_entries=2 copies_with_new_entry=1 flip_to_rb_under_fault=false minF=2 example=[R2.2,W1@0]@a
CRASH E2 seg=4/11 [SC0.0,SC1.0,UNIT0,UNIT1,UNIT0,UNIT1,UNIT0,UNIT1,UNIT0,UNIT1] persisted=[1] torn=SC0.0:blocks[1]of[0, 1] rb0=true chosen0=(3, 8) new_root_durable=true witness_entries=2 copies_with_new_entry=1 flip_to_rb_under_fault=false minF=2 example=[R2.2,W1@0]@a
CRASH E2 seg=4/11 [SC0.0,SC1.0,UNIT0,UNIT1,UNIT0,UNIT1,UNIT0,UNIT1,UNIT0,UNIT1] persisted=[1] torn=UNIT0:blocks[0]of[0, 1] rb0=true chosen0=(3, 8) new_root_durable=true witness_entries=2 copies_with_new_entry=1 flip_to_rb_under_fault=false minF=2 example=[R2.2,W1@0]@a
CRASH E2 seg=4/11 [SC0.0,SC1.0,UNIT0,UNIT1,UNIT0,UNIT1,UNIT0,UNIT1,UNIT0,UNIT1] persisted=[1] torn=UNIT0:blocks[1]of[0, 1] rb0=true chosen0=(3, 8) new_root_durable=true witness_entries=2 copies_with_new_entry=1 flip_to_rb_under_fault=false minF=2 example=[R2.2,W1@0]@a
CRASH E2 seg=4/11 [SC0.0,SC1.0,UNIT0,UNIT1,UNIT0,UNIT1,UNIT0,UNIT1,UNIT0,UNIT1] persisted=[1] torn=UNIT1:blocks[0]of[0, 1] rb0=true chosen0=(3, 8) new_root_durable=true witness_entries=2 copies_with_new_entry=1 flip_to_rb_under_fault=false minF=2 example=[R2.2,W1@0]@a
CRASH E2 seg=4/11 [SC0.0,SC1.0,UNIT0,UNIT1,UNIT0,UNIT1,UNIT0,UNIT1,UNIT0,UNIT1] persisted=[1] torn=UNIT1:blocks[1]of[0, 1] rb0=true chosen0=(3, 8) new_root_durable=true witness_entries=2 copies_with_new_entry=1 flip_to_rb_under_fault=false minF=2 example=[R2.2,W1@0]@a
CRASH E2 seg=4/11 [SC0.0,SC1.0,UNIT0,UNIT1,UNIT0,UNIT1,UNIT0,UNIT1,UNIT0,UNIT1] persisted=[1] torn=UNIT0:blocks[0]of[0, 1] rb0=true chosen0=(3, 8) new_root_durable=true witness_entries=2 copies_with_new_entry=1 flip_to_rb_under_fault=false minF=2 example=[R2.2,W1@0]@a
CRASH E2 seg=4/11 [SC0.0,SC1.0,UNIT0,UNIT1,UNIT0,UNIT1,UNIT0,UNIT1,UNIT0,UNIT1] persisted=[1] torn=UNIT0:blocks[1]of[0, 1] rb0=true chosen0=(3, 8) new_root_durable=true witness_entries=2 copies_with_new_entry=1 flip_to_rb_under_fault=false minF=2 example=[R2.2,W1@0]@a
CRASH E2 seg=4/11 [SC0.0,SC1.0,UNIT0,UNIT1,UNIT0,UNIT1,UNIT0,UNIT1,UNIT0,UNIT1] persisted=[1] torn=UNIT1:blocks[0]of[0, 1] rb0=true chosen0=(3, 8) new_root_durable=true witness_entries=2 copies_with_new_entry=1 flip_to_rb_under_fault=false minF=2 example=[R2.2,W1@0]@a
CRASH E2 seg=4/11 [SC0.0,SC1.0,UNIT0,UNIT1,UNIT0,UNIT1,UNIT0,UNIT1,UNIT0,UNIT1] persisted=[1] torn=UNIT1:blocks[1]of[0, 1] rb0=true chosen0=(3, 8) new_root_durable=true witness_entries=2 copies_with_new_entry=1 flip_to_rb_under_fault=false minF=2 example=[R2.2,W1@0]@a
CRASH E2 seg=4/11 [SC0.0,SC1.0,UNIT0,UNIT1,UNIT0,UNIT1,UNIT0,UNIT1,UNIT0,UNIT1] persisted=[1] torn=UNIT0:blocks[0]of[0, 1, 2] rb0=true chosen0=(3, 8) new_root_durable=true witness_entries=2 copies_with_new_entry=1 flip_to_rb_under_fault=false minF=2 example=[R2.2,W1@0]@a
CRASH E2 seg=4/11 [SC0.0,SC1.0,UNIT0,UNIT1,UNIT0,UNIT1,UNIT0,UNIT1,UNIT0,UNIT1] persisted=[1] torn=UNIT0:blocks[1]of[0, 1, 2] rb0=true chosen0=(3, 8) new_root_durable=true witness_entries=2 copies_with_new_entry=1 flip_to_rb_under_fault=false minF=2 example=[R2.2,W1@0]@a
CRASH E2 seg=4/11 [SC0.0,SC1.0,UNIT0,UNIT1,UNIT0,UNIT1,UNIT0,UNIT1,UNIT0,UNIT1] persisted=[1] torn=UNIT0:blocks[0, 1]of[0, 1, 2] rb0=true chosen0=(3, 8) new_root_durable=true witness_entries=2 copies_with_new_entry=1 flip_to_rb_under_fault=false minF=2 example=[R2.2,W1@0]@a
CRASH E2 seg=4/11 [SC0.0,SC1.0,UNIT0,UNIT1,UNIT0,UNIT1,UNIT0,UNIT1,UNIT0,UNIT1] persisted=[1] torn=UNIT0:blocks[2]of[0, 1, 2] rb0=true chosen0=(3, 8) new_root_durable=true witness_entries=2 copies_with_new_entry=1 flip_to_rb_under_fault=false minF=2 example=[R2.2,W1@0]@a
CRASH E2 seg=4/11 [SC0.0,SC1.0,UNIT0,UNIT1,UNIT0,UNIT1,UNIT0,UNIT1,UNIT0,UNIT1] persisted=[1] torn=UNIT0:blocks[0, 2]of[0, 1, 2] rb0=true chosen0=(3, 8) new_root_durable=true witness_entries=2 copies_with_new_entry=1 flip_to_rb_under_fault=false minF=2 example=[R2.2,W1@0]@a
CRASH E2 seg=4/11 [SC0.0,SC1.0,UNIT0,UNIT1,UNIT0,UNIT1,UNIT0,UNIT1,UNIT0,UNIT1] persisted=[1] torn=UNIT0:blocks[1, 2]of[0, 1, 2] rb0=true chosen0=(3, 8) new_root_durable=true witness_entries=2 copies_with_new_entry=1 flip_to_rb_under_fault=false minF=2 example=[R2.2,W1@0]@a
CRASH E2 seg=4/11 [SC0.0,SC1.0,UNIT0,UNIT1,UNIT0,UNIT1,UNIT0,UNIT1,UNIT0,UNIT1] persisted=[1] torn=UNIT1:blocks[0]of[0, 1, 2] rb0=true chosen0=(3, 8) new_root_durable=true witness_entries=2 copies_with_new_entry=1 flip_to_rb_under_fault=false minF=2 example=[R2.2,W1@0]@a
CRASH E2 seg=4/11 [SC0.0,SC1.0,UNIT0,UNIT1,UNIT0,UNIT1,UNIT0,UNIT1,UNIT0,UNIT1] persisted=[1] torn=UNIT1:blocks[1]of[0, 1, 2] rb0=true chosen0=(3, 8) new_root_durable=true witness_entries=2 copies_with_new_entry=1 flip_to_rb_under_fault=false minF=2 example=[R2.2,W1@0]@a
CRASH E2 seg=4/11 [SC0.0,SC1.0,UNIT0,UNIT1,UNIT0,UNIT1,UNIT0,UNIT1,UNIT0,UNIT1] persisted=[1] torn=UNIT1:blocks[0, 1]of[0, 1, 2] rb0=true chosen0=(3, 8) new_root_durable=true witness_entries=2 copies_with_new_entry=1 flip_to_rb_under_fault=false minF=2 example=[R2.2,W1@0]@a
CRASH E2 seg=4/11 [SC0.0,SC1.0,UNIT0,UNIT1,UNIT0,UNIT1,UNIT0,UNIT1,UNIT0,UNIT1] persisted=[1] torn=UNIT1:blocks[2]of[0, 1, 2] rb0=true chosen0=(3, 8) new_root_durable=true witness_entries=2 copies_with_new_entry=1 flip_to_rb_under_fault=false minF=2 example=[R2.2,W1@0]@a
CRASH E2 seg=4/11 [SC0.0,SC1.0,UNIT0,UNIT1,UNIT0,UNIT1,UNIT0,UNIT1,UNIT0,UNIT1] persisted=[1] torn=UNIT1:blocks[0, 2]of[0, 1, 2] rb0=true chosen0=(3, 8) new_root_durable=true witness_entries=2 copies_with_new_entry=1 flip_to_rb_under_fault=false minF=2 example=[R2.2,W1@0]@a
CRASH E2 seg=4/11 [SC0.0,SC1.0,UNIT0,UNIT1,UNIT0,UNIT1,UNIT0,UNIT1,UNIT0,UNIT1] persisted=[1] torn=UNIT1:blocks[1, 2]of[0, 1, 2] rb0=true chosen0=(3, 8) new_root_durable=true witness_entries=2 copies_with_new_entry=1 flip_to_rb_under_fault=false minF=2 example=[R2.2,W1@0]@a
CRASH E2 seg=4/11 [SC0.0,SC1.0,UNIT0,UNIT1,UNIT0,UNIT1,UNIT0,UNIT1,UNIT0,UNIT1] persisted=[0, 1] rb0=true chosen0=(3, 8) new_root_durable=true witness_entries=2 copies_with_new_entry=2 flip_to_rb_under_fault=false minF=3 example=[R2.2,W0@0,W1@0]@a
CRASH E2 seg=4/11 [SC0.0,SC1.0,UNIT0,UNIT1,UNIT0,UNIT1,UNIT0,UNIT1,UNIT0,UNIT1] persisted=[0, 1] torn=UNIT0:blocks[0]of[0, 1] rb0=true chosen0=(3, 8) new_root_durable=true witness_entries=2 copies_with_new_entry=2 flip_to_rb_under_fault=false minF=3 example=[R2.2,W0@0,W1@0]@a
CRASH E2 seg=4/11 [SC0.0,SC1.0,UNIT0,UNIT1,UNIT0,UNIT1,UNIT0,UNIT1,UNIT0,UNIT1] persisted=[0, 1] torn=UNIT0:blocks[1]of[0, 1] rb0=true chosen0=(3, 8) new_root_durable=true witness_entries=2 copies_with_new_entry=2 flip_to_rb_under_fault=false minF=3 example=[R2.2,W0@0,W1@0]@a
CRASH E2 seg=4/11 [SC0.0,SC1.0,UNIT0,UNIT1,UNIT0,UNIT1,UNIT0,UNIT1,UNIT0,UNIT1] persisted=[0, 1] torn=UNIT1:blocks[0]of[0, 1] rb0=true chosen0=(3, 8) new_root_durable=true witness_entries=2 copies_with_new_entry=2 flip_to_rb_under_fault=false minF=3 example=[R2.2,W0@0,W1@0]@a
CRASH E2 seg=4/11 [SC0.0,SC1.0,UNIT0,UNIT1,UNIT0,UNIT1,UNIT0,UNIT1,UNIT0,UNIT1] persisted=[0, 1] torn=UNIT1:blocks[1]of[0, 1] rb0=true chosen0=(3, 8) new_root_durable=true witness_entries=2 copies_with_new_entry=2 flip_to_rb_under_fault=false minF=3 example=[R2.2,W0@0,W1@0]@a
CRASH E2 seg=4/11 [SC0.0,SC1.0,UNIT0,UNIT1,UNIT0,UNIT1,UNIT0,UNIT1,UNIT0,UNIT1] persisted=[0, 1] torn=UNIT0:blocks[0]of[0, 1] rb0=true chosen0=(3, 8) new_root_durable=true witness_entries=2 copies_with_new_entry=2 flip_to_rb_under_fault=false minF=3 example=[R2.2,W0@0,W1@0]@a
CRASH E2 seg=4/11 [SC0.0,SC1.0,UNIT0,UNIT1,UNIT0,UNIT1,UNIT0,UNIT1,UNIT0,UNIT1] persisted=[0, 1] torn=UNIT0:blocks[1]of[0, 1] rb0=true chosen0=(3, 8) new_root_durable=true witness_entries=2 copies_with_new_entry=2 flip_to_rb_under_fault=false minF=3 example=[R2.2,W0@0,W1@0]@a
CRASH E2 seg=4/11 [SC0.0,SC1.0,UNIT0,UNIT1,UNIT0,UNIT1,UNIT0,UNIT1,UNIT0,UNIT1] persisted=[0, 1] torn=UNIT1:blocks[0]of[0, 1] rb0=true chosen0=(3, 8) new_root_durable=true witness_entries=2 copies_with_new_entry=2 flip_to_rb_under_fault=false minF=3 example=[R2.2,W0@0,W1@0]@a
CRASH E2 seg=4/11 [SC0.0,SC1.0,UNIT0,UNIT1,UNIT0,UNIT1,UNIT0,UNIT1,UNIT0,UNIT1] persisted=[0, 1] torn=UNIT1:blocks[1]of[0, 1] rb0=true chosen0=(3, 8) new_root_durable=true witness_entries=2 copies_with_new_entry=2 flip_to_rb_under_fault=false minF=3 example=[R2.2,W0@0,W1@0]@a
CRASH E2 seg=4/11 [SC0.0,SC1.0,UNIT0,UNIT1,UNIT0,UNIT1,UNIT0,UNIT1,UNIT0,UNIT1] persisted=[0, 1] torn=UNIT0:blocks[0]of[0, 1, 2] rb0=true chosen0=(3, 8) new_root_durable=true witness_entries=2 copies_with_new_entry=2 flip_to_rb_under_fault=false minF=3 example=[R2.2,W0@0,W1@0]@a
CRASH E2 seg=4/11 [SC0.0,SC1.0,UNIT0,UNIT1,UNIT0,UNIT1,UNIT0,UNIT1,UNIT0,UNIT1] persisted=[0, 1] torn=UNIT0:blocks[1]of[0, 1, 2] rb0=true chosen0=(3, 8) new_root_durable=true witness_entries=2 copies_with_new_entry=2 flip_to_rb_under_fault=false minF=3 example=[R2.2,W0@0,W1@0]@a
CRASH E2 seg=4/11 [SC0.0,SC1.0,UNIT0,UNIT1,UNIT0,UNIT1,UNIT0,UNIT1,UNIT0,UNIT1] persisted=[0, 1] torn=UNIT0:blocks[0, 1]of[0, 1, 2] rb0=true chosen0=(3, 8) new_root_durable=true witness_entries=2 copies_with_new_entry=2 flip_to_rb_under_fault=false minF=3 example=[R2.2,W0@0,W1@0]@a
CRASH E2 seg=4/11 [SC0.0,SC1.0,UNIT0,UNIT1,UNIT0,UNIT1,UNIT0,UNIT1,UNIT0,UNIT1] persisted=[0, 1] torn=UNIT0:blocks[2]of[0, 1, 2] rb0=true chosen0=(3, 8) new_root_durable=true witness_entries=2 copies_with_new_entry=2 flip_to_rb_under_fault=false minF=3 example=[R2.2,W0@0,W1@0]@a
CRASH E2 seg=4/11 [SC0.0,SC1.0,UNIT0,UNIT1,UNIT0,UNIT1,UNIT0,UNIT1,UNIT0,UNIT1] persisted=[0, 1] torn=UNIT0:blocks[0, 2]of[0, 1, 2] rb0=true chosen0=(3, 8) new_root_durable=true witness_entries=2 copies_with_new_entry=2 flip_to_rb_under_fault=false minF=3 example=[R2.2,W0@0,W1@0]@a
CRASH E2 seg=4/11 [SC0.0,SC1.0,UNIT0,UNIT1,UNIT0,UNIT1,UNIT0,UNIT1,UNIT0,UNIT1] persisted=[0, 1] torn=UNIT0:blocks[1, 2]of[0, 1, 2] rb0=true chosen0=(3, 8) new_root_durable=true witness_entries=2 copies_with_new_entry=2 flip_to_rb_under_fault=false minF=3 example=[R2.2,W0@0,W1@0]@a
CRASH E2 seg=4/11 [SC0.0,SC1.0,UNIT0,UNIT1,UNIT0,UNIT1,UNIT0,UNIT1,UNIT0,UNIT1] persisted=[0, 1] torn=UNIT1:blocks[0]of[0, 1, 2] rb0=true chosen0=(3, 8) new_root_durable=true witness_entries=2 copies_with_new_entry=2 flip_to_rb_under_fault=false minF=3 example=[R2.2,W0@0,W1@0]@a
CRASH E2 seg=4/11 [SC0.0,SC1.0,UNIT0,UNIT1,UNIT0,UNIT1,UNIT0,UNIT1,UNIT0,UNIT1] persisted=[0, 1] torn=UNIT1:blocks[1]of[0, 1, 2] rb0=true chosen0=(3, 8) new_root_durable=true witness_entries=2 copies_with_new_entry=2 flip_to_rb_under_fault=false minF=3 example=[R2.2,W0@0,W1@0]@a
CRASH E2 seg=4/11 [SC0.0,SC1.0,UNIT0,UNIT1,UNIT0,UNIT1,UNIT0,UNIT1,UNIT0,UNIT1] persisted=[0, 1] torn=UNIT1:blocks[0, 1]of[0, 1, 2] rb0=true chosen0=(3, 8) new_root_durable=true witness_entries=2 copies_with_new_entry=2 flip_to_rb_under_fault=false minF=3 example=[R2.2,W0@0,W1@0]@a
CRASH E2 seg=4/11 [SC0.0,SC1.0,UNIT0,UNIT1,UNIT0,UNIT1,UNIT0,UNIT1,UNIT0,UNIT1] persisted=[0, 1] torn=UNIT1:blocks[2]of[0, 1, 2] rb0=true chosen0=(3, 8) new_root_durable=true witness_entries=2 copies_with_new_entry=2 flip_to_rb_under_fault=false minF=3 example=[R2.2,W0@0,W1@0]@a
CRASH E2 seg=4/11 [SC0.0,SC1.0,UNIT0,UNIT1,UNIT0,UNIT1,UNIT0,UNIT1,UNIT0,UNIT1] persisted=[0, 1] torn=UNIT1:blocks[0, 2]of[0, 1, 2] rb0=true chosen0=(3, 8) new_root_durable=true witness_entries=2 copies_with_new_entry=2 flip_to_rb_under_fault=false minF=3 example=[R2.2,W0@0,W1@0]@a
CRASH E2 seg=4/11 [SC0.0,SC1.0,UNIT0,UNIT1,UNIT0,UNIT1,UNIT0,UNIT1,UNIT0,UNIT1] persisted=[0, 1] torn=UNIT1:blocks[1, 2]of[0, 1, 2] rb0=true chosen0=(3, 8) new_root_durable=true witness_entries=2 copies_with_new_entry=2 flip_to_rb_under_fault=false minF=3 example=[R2.2,W0@0,W1@0]@a
CRASH E2 seg=5/11 [REC0,REC1] persisted=[] rb0=true chosen0=(3, 8) new_root_durable=true witness_entries=2 copies_with_new_entry=2 flip_to_rb_under_fault=false minF=3 example=[R2.2,W0@0,W1@0]@a
CRASH E2 seg=5/11 [REC0,REC1] persisted=[] torn=REC0:blocks[0]of[0, 1] rb0=true chosen0=(3, 8) new_root_durable=true witness_entries=2 copies_with_new_entry=2 flip_to_rb_under_fault=false minF=3 example=[R2.2,W0@0,W1@0]@a
CRASH E2 seg=5/11 [REC0,REC1] persisted=[] torn=REC0:blocks[1]of[0, 1] rb0=true chosen0=(3, 8) new_root_durable=true witness_entries=2 copies_with_new_entry=2 flip_to_rb_under_fault=false minF=3 example=[R2.2,W0@0,W1@0]@a
CRASH E2 seg=5/11 [REC0,REC1] persisted=[] torn=REC1:blocks[0]of[0, 1] rb0=true chosen0=(3, 8) new_root_durable=true witness_entries=2 copies_with_new_entry=2 flip_to_rb_under_fault=false minF=3 example=[R2.2,W0@0,W1@0]@a
CRASH E2 seg=5/11 [REC0,REC1] persisted=[] torn=REC1:blocks[1]of[0, 1] rb0=true chosen0=(3, 8) new_root_durable=true witness_entries=2 copies_with_new_entry=2 flip_to_rb_under_fault=false minF=3 example=[R2.2,W0@0,W1@0]@a
CRASH E2 seg=5/11 [REC0,REC1] persisted=[0] rb0=true chosen0=(3, 8) new_root_durable=true witness_entries=2 copies_with_new_entry=2 flip_to_rb_under_fault=false minF=3 example=[R2.2,W0@0,W1@0]@a
CRASH E2 seg=5/11 [REC0,REC1] persisted=[0] torn=REC1:blocks[0]of[0, 1] rb0=true chosen0=(3, 8) new_root_durable=true witness_entries=2 copies_with_new_entry=2 flip_to_rb_under_fault=false minF=3 example=[R2.2,W0@0,W1@0]@a
CRASH E2 seg=5/11 [REC0,REC1] persisted=[0] torn=REC1:blocks[1]of[0, 1] rb0=true chosen0=(3, 8) new_root_durable=true witness_entries=2 copies_with_new_entry=2 flip_to_rb_under_fault=false minF=3 example=[R2.2,W0@0,W1@0]@a
CRASH E2 seg=5/11 [REC0,REC1] persisted=[1] rb0=true chosen0=(3, 8) new_root_durable=true witness_entries=2 copies_with_new_entry=2 flip_to_rb_under_fault=false minF=3 example=[R2.2,W0@0,W1@0]@a
CRASH E2 seg=5/11 [REC0,REC1] persisted=[1] torn=REC0:blocks[0]of[0, 1] rb0=true chosen0=(3, 8) new_root_durable=true witness_entries=2 copies_with_new_entry=2 flip_to_rb_under_fault=false minF=3 example=[R2.2,W0@0,W1@0]@a
CRASH E2 seg=5/11 [REC0,REC1] persisted=[1] torn=REC0:blocks[1]of[0, 1] rb0=true chosen0=(3, 8) new_root_durable=true witness_entries=2 copies_with_new_entry=2 flip_to_rb_under_fault=false minF=3 example=[R2.2,W0@0,W1@0]@a
CRASH E2 seg=6/11 [ROOT0] persisted=[] rb0=true chosen0=(3, 8) new_root_durable=true witness_entries=2 copies_with_new_entry=2 flip_to_rb_under_fault=false minF=3 example=[R2.2,W0@0,W1@0]@a
CRASH E2 seg=7/11 [SC0.1,SC1.1,UNIT0,UNIT1,UNIT0,UNIT1,UNIT0,UNIT1,UNIT0,UNIT1] persisted=[] rb0=true chosen0=(3, 9) new_root_durable=true witness_entries=2 copies_with_new_entry=2 flip_to_rb_under_fault=false minF=>3 example=
CRASH E2 seg=7/11 [SC0.1,SC1.1,UNIT0,UNIT1,UNIT0,UNIT1,UNIT0,UNIT1,UNIT0,UNIT1] persisted=[] torn=SC0.1:blocks[0]of[0, 1] rb0=true chosen0=(3, 9) new_root_durable=true witness_entries=2 copies_with_new_entry=2 flip_to_rb_under_fault=false minF=>3 example=
CRASH E2 seg=7/11 [SC0.1,SC1.1,UNIT0,UNIT1,UNIT0,UNIT1,UNIT0,UNIT1,UNIT0,UNIT1] persisted=[] torn=SC0.1:blocks[1]of[0, 1] rb0=true chosen0=(3, 9) new_root_durable=true witness_entries=2 copies_with_new_entry=2 flip_to_rb_under_fault=false minF=>3 example=
CRASH E2 seg=7/11 [SC0.1,SC1.1,UNIT0,UNIT1,UNIT0,UNIT1,UNIT0,UNIT1,UNIT0,UNIT1] persisted=[] torn=SC1.1:blocks[0]of[0, 1] rb0=true chosen0=(3, 9) new_root_durable=true witness_entries=2 copies_with_new_entry=2 flip_to_rb_under_fault=false minF=>3 example=
CRASH E2 seg=7/11 [SC0.1,SC1.1,UNIT0,UNIT1,UNIT0,UNIT1,UNIT0,UNIT1,UNIT0,UNIT1] persisted=[] torn=SC1.1:blocks[1]of[0, 1] rb0=true chosen0=(3, 9) new_root_durable=true witness_entries=2 copies_with_new_entry=2 flip_to_rb_under_fault=false minF=>3 example=
CRASH E2 seg=7/11 [SC0.1,SC1.1,UNIT0,UNIT1,UNIT0,UNIT1,UNIT0,UNIT1,UNIT0,UNIT1] persisted=[] torn=UNIT0:blocks[0]of[0, 1, 2] rb0=true chosen0=(3, 9) new_root_durable=true witness_entries=2 copies_with_new_entry=2 flip_to_rb_under_fault=false minF=>3 example=
CRASH E2 seg=7/11 [SC0.1,SC1.1,UNIT0,UNIT1,UNIT0,UNIT1,UNIT0,UNIT1,UNIT0,UNIT1] persisted=[] torn=UNIT0:blocks[1]of[0, 1, 2] rb0=true chosen0=(3, 9) new_root_durable=true witness_entries=2 copies_with_new_entry=2 flip_to_rb_under_fault=false minF=>3 example=
CRASH E2 seg=7/11 [SC0.1,SC1.1,UNIT0,UNIT1,UNIT0,UNIT1,UNIT0,UNIT1,UNIT0,UNIT1] persisted=[] torn=UNIT0:blocks[0, 1]of[0, 1, 2] rb0=true chosen0=(3, 9) new_root_durable=true witness_entries=2 copies_with_new_entry=2 flip_to_rb_under_fault=false minF=>3 example=
CRASH E2 seg=7/11 [SC0.1,SC1.1,UNIT0,UNIT1,UNIT0,UNIT1,UNIT0,UNIT1,UNIT0,UNIT1] persisted=[] torn=UNIT0:blocks[2]of[0, 1, 2] rb0=true chosen0=(3, 9) new_root_durable=true witness_entries=2 copies_with_new_entry=2 flip_to_rb_under_fault=false minF=>3 example=
CRASH E2 seg=7/11 [SC0.1,SC1.1,UNIT0,UNIT1,UNIT0,UNIT1,UNIT0,UNIT1,UNIT0,UNIT1] persisted=[] torn=UNIT0:blocks[0, 2]of[0, 1, 2] rb0=true chosen0=(3, 9) new_root_durable=true witness_entries=2 copies_with_new_entry=2 flip_to_rb_under_fault=false minF=>3 example=
CRASH E2 seg=7/11 [SC0.1,SC1.1,UNIT0,UNIT1,UNIT0,UNIT1,UNIT0,UNIT1,UNIT0,UNIT1] persisted=[] torn=UNIT0:blocks[1, 2]of[0, 1, 2] rb0=true chosen0=(3, 9) new_root_durable=true witness_entries=2 copies_with_new_entry=2 flip_to_rb_under_fault=false minF=>3 example=
CRASH E2 seg=7/11 [SC0.1,SC1.1,UNIT0,UNIT1,UNIT0,UNIT1,UNIT0,UNIT1,UNIT0,UNIT1] persisted=[] torn=UNIT1:blocks[0]of[0, 1, 2] rb0=true chosen0=(3, 9) new_root_durable=true witness_entries=2 copies_with_new_entry=2 flip_to_rb_under_fault=false minF=>3 example=
CRASH E2 seg=7/11 [SC0.1,SC1.1,UNIT0,UNIT1,UNIT0,UNIT1,UNIT0,UNIT1,UNIT0,UNIT1] persisted=[] torn=UNIT1:blocks[1]of[0, 1, 2] rb0=true chosen0=(3, 9) new_root_durable=true witness_entries=2 copies_with_new_entry=2 flip_to_rb_under_fault=false minF=>3 example=
CRASH E2 seg=7/11 [SC0.1,SC1.1,UNIT0,UNIT1,UNIT0,UNIT1,UNIT0,UNIT1,UNIT0,UNIT1] persisted=[] torn=UNIT1:blocks[0, 1]of[0, 1, 2] rb0=true chosen0=(3, 9) new_root_durable=true witness_entries=2 copies_with_new_entry=2 flip_to_rb_under_fault=false minF=>3 example=
CRASH E2 seg=7/11 [SC0.1,SC1.1,UNIT0,UNIT1,UNIT0,UNIT1,UNIT0,UNIT1,UNIT0,UNIT1] persisted=[] torn=UNIT1:blocks[2]of[0, 1, 2] rb0=true chosen0=(3, 9) new_root_durable=true witness_entries=2 copies_with_new_entry=2 flip_to_rb_under_fault=false minF=>3 example=
CRASH E2 seg=7/11 [SC0.1,SC1.1,UNIT0,UNIT1,UNIT0,UNIT1,UNIT0,UNIT1,UNIT0,UNIT1] persisted=[] torn=UNIT1:blocks[0, 2]of[0, 1, 2] rb0=true chosen0=(3, 9) new_root_durable=true witness_entries=2 copies_with_new_entry=2 flip_to_rb_under_fault=false minF=>3 example=
CRASH E2 seg=7/11 [SC0.1,SC1.1,UNIT0,UNIT1,UNIT0,UNIT1,UNIT0,UNIT1,UNIT0,UNIT1] persisted=[] torn=UNIT1:blocks[1, 2]of[0, 1, 2] rb0=true chosen0=(3, 9) new_root_durable=true witness_entries=2 copies_with_new_entry=2 flip_to_rb_under_fault=false minF=>3 example=
CRASH E2 seg=7/11 [SC0.1,SC1.1,UNIT0,UNIT1,UNIT0,UNIT1,UNIT0,UNIT1,UNIT0,UNIT1] persisted=[] torn=UNIT0:blocks[0]of[0, 1] rb0=true chosen0=(3, 9) new_root_durable=true witness_entries=2 copies_with_new_entry=2 flip_to_rb_under_fault=false minF=>3 example=
CRASH E2 seg=7/11 [SC0.1,SC1.1,UNIT0,UNIT1,UNIT0,UNIT1,UNIT0,UNIT1,UNIT0,UNIT1] persisted=[] torn=UNIT0:blocks[1]of[0, 1] rb0=true chosen0=(3, 9) new_root_durable=true witness_entries=2 copies_with_new_entry=2 flip_to_rb_under_fault=false minF=>3 example=
CRASH E2 seg=7/11 [SC0.1,SC1.1,UNIT0,UNIT1,UNIT0,UNIT1,UNIT0,UNIT1,UNIT0,UNIT1] persisted=[] torn=UNIT1:blocks[0]of[0, 1] rb0=true chosen0=(3, 9) new_root_durable=true witness_entries=2 copies_with_new_entry=2 flip_to_rb_under_fault=false minF=>3 example=
CRASH E2 seg=7/11 [SC0.1,SC1.1,UNIT0,UNIT1,UNIT0,UNIT1,UNIT0,UNIT1,UNIT0,UNIT1] persisted=[] torn=UNIT1:blocks[1]of[0, 1] rb0=true chosen0=(3, 9) new_root_durable=true witness_entries=2 copies_with_new_entry=2 flip_to_rb_under_fault=false minF=>3 example=
CRASH E2 seg=7/11 [SC0.1,SC1.1,UNIT0,UNIT1,UNIT0,UNIT1,UNIT0,UNIT1,UNIT0,UNIT1] persisted=[] torn=UNIT0:blocks[0]of[0, 1, 2] rb0=true chosen0=(3, 9) new_root_durable=true witness_entries=2 copies_with_new_entry=2 flip_to_rb_under_fault=false minF=>3 example=
CRASH E2 seg=7/11 [SC0.1,SC1.1,UNIT0,UNIT1,UNIT0,UNIT1,UNIT0,UNIT1,UNIT0,UNIT1] persisted=[] torn=UNIT0:blocks[1]of[0, 1, 2] rb0=true chosen0=(3, 9) new_root_durable=true witness_entries=2 copies_with_new_entry=2 flip_to_rb_under_fault=false minF=>3 example=
CRASH E2 seg=7/11 [SC0.1,SC1.1,UNIT0,UNIT1,UNIT0,UNIT1,UNIT0,UNIT1,UNIT0,UNIT1] persisted=[] torn=UNIT0:blocks[0, 1]of[0, 1, 2] rb0=true chosen0=(3, 9) new_root_durable=true witness_entries=2 copies_with_new_entry=2 flip_to_rb_under_fault=false minF=>3 example=
CRASH E2 seg=7/11 [SC0.1,SC1.1,UNIT0,UNIT1,UNIT0,UNIT1,UNIT0,UNIT1,UNIT0,UNIT1] persisted=[] torn=UNIT0:blocks[2]of[0, 1, 2] rb0=true chosen0=(3, 9) new_root_durable=true witness_entries=2 copies_with_new_entry=2 flip_to_rb_under_fault=false minF=>3 example=
CRASH E2 seg=7/11 [SC0.1,SC1.1,UNIT0,UNIT1,UNIT0,UNIT1,UNIT0,UNIT1,UNIT0,UNIT1] persisted=[] torn=UNIT0:blocks[0, 2]of[0, 1, 2] rb0=true chosen0=(3, 9) new_root_durable=true witness_entries=2 copies_with_new_entry=2 flip_to_rb_under_fault=false minF=>3 example=
CRASH E2 seg=7/11 [SC0.1,SC1.1,UNIT0,UNIT1,UNIT0,UNIT1,UNIT0,UNIT1,UNIT0,UNIT1] persisted=[] torn=UNIT0:blocks[1, 2]of[0, 1, 2] rb0=true chosen0=(3, 9) new_root_durable=true witness_entries=2 copies_with_new_entry=2 flip_to_rb_under_fault=false minF=>3 example=
CRASH E2 seg=7/11 [SC0.1,SC1.1,UNIT0,UNIT1,UNIT0,UNIT1,UNIT0,UNIT1,UNIT0,UNIT1] persisted=[] torn=UNIT1:blocks[0]of[0, 1, 2] rb0=true chosen0=(3, 9) new_root_durable=true witness_entries=2 copies_with_new_entry=2 flip_to_rb_under_fault=false minF=>3 example=
CRASH E2 seg=7/11 [SC0.1,SC1.1,UNIT0,UNIT1,UNIT0,UNIT1,UNIT0,UNIT1,UNIT0,UNIT1] persisted=[] torn=UNIT1:blocks[1]of[0, 1, 2] rb0=true chosen0=(3, 9) new_root_durable=true witness_entries=2 copies_with_new_entry=2 flip_to_rb_under_fault=false minF=>3 example=
CRASH E2 seg=7/11 [SC0.1,SC1.1,UNIT0,UNIT1,UNIT0,UNIT1,UNIT0,UNIT1,UNIT0,UNIT1] persisted=[] torn=UNIT1:blocks[0, 1]of[0, 1, 2] rb0=true chosen0=(3, 9) new_root_durable=true witness_entries=2 copies_with_new_entry=2 flip_to_rb_under_fault=false minF=>3 example=
CRASH E2 seg=7/11 [SC0.1,SC1.1,UNIT0,UNIT1,UNIT0,UNIT1,UNIT0,UNIT1,UNIT0,UNIT1] persisted=[] torn=UNIT1:blocks[2]of[0, 1, 2] rb0=true chosen0=(3, 9) new_root_durable=true witness_entries=2 copies_with_new_entry=2 flip_to_rb_under_fault=false minF=>3 example=
CRASH E2 seg=7/11 [SC0.1,SC1.1,UNIT0,UNIT1,UNIT0,UNIT1,UNIT0,UNIT1,UNIT0,UNIT1] persisted=[] torn=UNIT1:blocks[0, 2]of[0, 1, 2] rb0=true chosen0=(3, 9) new_root_durable=true witness_entries=2 copies_with_new_entry=2 flip_to_rb_under_fault=false minF=>3 example=
CRASH E2 seg=7/11 [SC0.1,SC1.1,UNIT0,UNIT1,UNIT0,UNIT1,UNIT0,UNIT1,UNIT0,UNIT1] persisted=[] torn=UNIT1:blocks[1, 2]of[0, 1, 2] rb0=true chosen0=(3, 9) new_root_durable=true witness_entries=2 copies_with_new_entry=2 flip_to_rb_under_fault=false minF=>3 example=
CRASH E2 seg=7/11 [SC0.1,SC1.1,UNIT0,UNIT1,UNIT0,UNIT1,UNIT0,UNIT1,UNIT0,UNIT1] persisted=[0] rb0=true chosen0=(3, 9) new_root_durable=true witness_entries=2 copies_with_new_entry=3 flip_to_rb_under_fault=false minF=>3 example=
CRASH E2 seg=7/11 [SC0.1,SC1.1,UNIT0,UNIT1,UNIT0,UNIT1,UNIT0,UNIT1,UNIT0,UNIT1] persisted=[0] torn=SC1.1:blocks[0]of[0, 1] rb0=true chosen0=(3, 9) new_root_durable=true witness_entries=2 copies_with_new_entry=3 flip_to_rb_under_fault=false minF=>3 example=
CRASH E2 seg=7/11 [SC0.1,SC1.1,UNIT0,UNIT1,UNIT0,UNIT1,UNIT0,UNIT1,UNIT0,UNIT1] persisted=[0] torn=SC1.1:blocks[1]of[0, 1] rb0=true chosen0=(3, 9) new_root_durable=true witness_entries=2 copies_with_new_entry=3 flip_to_rb_under_fault=false minF=>3 example=
CRASH E2 seg=7/11 [SC0.1,SC1.1,UNIT0,UNIT1,UNIT0,UNIT1,UNIT0,UNIT1,UNIT0,UNIT1] persisted=[0] torn=UNIT0:blocks[0]of[0, 1, 2] rb0=true chosen0=(3, 9) new_root_durable=true witness_entries=2 copies_with_new_entry=3 flip_to_rb_under_fault=false minF=>3 example=
CRASH E2 seg=7/11 [SC0.1,SC1.1,UNIT0,UNIT1,UNIT0,UNIT1,UNIT0,UNIT1,UNIT0,UNIT1] persisted=[0] torn=UNIT0:blocks[1]of[0, 1, 2] rb0=true chosen0=(3, 9) new_root_durable=true witness_entries=2 copies_with_new_entry=3 flip_to_rb_under_fault=false minF=>3 example=
CRASH E2 seg=7/11 [SC0.1,SC1.1,UNIT0,UNIT1,UNIT0,UNIT1,UNIT0,UNIT1,UNIT0,UNIT1] persisted=[0] torn=UNIT0:blocks[0, 1]of[0, 1, 2] rb0=true chosen0=(3, 9) new_root_durable=true witness_entries=2 copies_with_new_entry=3 flip_to_rb_under_fault=false minF=>3 example=
CRASH E2 seg=7/11 [SC0.1,SC1.1,UNIT0,UNIT1,UNIT0,UNIT1,UNIT0,UNIT1,UNIT0,UNIT1] persisted=[0] torn=UNIT0:blocks[2]of[0, 1, 2] rb0=true chosen0=(3, 9) new_root_durable=true witness_entries=2 copies_with_new_entry=3 flip_to_rb_under_fault=false minF=>3 example=
CRASH E2 seg=7/11 [SC0.1,SC1.1,UNIT0,UNIT1,UNIT0,UNIT1,UNIT0,UNIT1,UNIT0,UNIT1] persisted=[0] torn=UNIT0:blocks[0, 2]of[0, 1, 2] rb0=true chosen0=(3, 9) new_root_durable=true witness_entries=2 copies_with_new_entry=3 flip_to_rb_under_fault=false minF=>3 example=
CRASH E2 seg=7/11 [SC0.1,SC1.1,UNIT0,UNIT1,UNIT0,UNIT1,UNIT0,UNIT1,UNIT0,UNIT1] persisted=[0] torn=UNIT0:blocks[1, 2]of[0, 1, 2] rb0=true chosen0=(3, 9) new_root_durable=true witness_entries=2 copies_with_new_entry=3 flip_to_rb_under_fault=false minF=>3 example=
CRASH E2 seg=7/11 [SC0.1,SC1.1,UNIT0,UNIT1,UNIT0,UNIT1,UNIT0,UNIT1,UNIT0,UNIT1] persisted=[0] torn=UNIT1:blocks[0]of[0, 1, 2] rb0=true chosen0=(3, 9) new_root_durable=true witness_entries=2 copies_with_new_entry=3 flip_to_rb_under_fault=false minF=>3 example=
CRASH E2 seg=7/11 [SC0.1,SC1.1,UNIT0,UNIT1,UNIT0,UNIT1,UNIT0,UNIT1,UNIT0,UNIT1] persisted=[0] torn=UNIT1:blocks[1]of[0, 1, 2] rb0=true chosen0=(3, 9) new_root_durable=true witness_entries=2 copies_with_new_entry=3 flip_to_rb_under_fault=false minF=>3 example=
CRASH E2 seg=7/11 [SC0.1,SC1.1,UNIT0,UNIT1,UNIT0,UNIT1,UNIT0,UNIT1,UNIT0,UNIT1] persisted=[0] torn=UNIT1:blocks[0, 1]of[0, 1, 2] rb0=true chosen0=(3, 9) new_root_durable=true witness_entries=2 copies_with_new_entry=3 flip_to_rb_under_fault=false minF=>3 example=
CRASH E2 seg=7/11 [SC0.1,SC1.1,UNIT0,UNIT1,UNIT0,UNIT1,UNIT0,UNIT1,UNIT0,UNIT1] persisted=[0] torn=UNIT1:blocks[2]of[0, 1, 2] rb0=true chosen0=(3, 9) new_root_durable=true witness_entries=2 copies_with_new_entry=3 flip_to_rb_under_fault=false minF=>3 example=
CRASH E2 seg=7/11 [SC0.1,SC1.1,UNIT0,UNIT1,UNIT0,UNIT1,UNIT0,UNIT1,UNIT0,UNIT1] persisted=[0] torn=UNIT1:blocks[0, 2]of[0, 1, 2] rb0=true chosen0=(3, 9) new_root_durable=true witness_entries=2 copies_with_new_entry=3 flip_to_rb_under_fault=false minF=>3 example=
CRASH E2 seg=7/11 [SC0.1,SC1.1,UNIT0,UNIT1,UNIT0,UNIT1,UNIT0,UNIT1,UNIT0,UNIT1] persisted=[0] torn=UNIT1:blocks[1, 2]of[0, 1, 2] rb0=true chosen0=(3, 9) new_root_durable=true witness_entries=2 copies_with_new_entry=3 flip_to_rb_under_fault=false minF=>3 example=
CRASH E2 seg=7/11 [SC0.1,SC1.1,UNIT0,UNIT1,UNIT0,UNIT1,UNIT0,UNIT1,UNIT0,UNIT1] persisted=[0] torn=UNIT0:blocks[0]of[0, 1] rb0=true chosen0=(3, 9) new_root_durable=true witness_entries=2 copies_with_new_entry=3 flip_to_rb_under_fault=false minF=>3 example=
CRASH E2 seg=7/11 [SC0.1,SC1.1,UNIT0,UNIT1,UNIT0,UNIT1,UNIT0,UNIT1,UNIT0,UNIT1] persisted=[0] torn=UNIT0:blocks[1]of[0, 1] rb0=true chosen0=(3, 9) new_root_durable=true witness_entries=2 copies_with_new_entry=3 flip_to_rb_under_fault=false minF=>3 example=
CRASH E2 seg=7/11 [SC0.1,SC1.1,UNIT0,UNIT1,UNIT0,UNIT1,UNIT0,UNIT1,UNIT0,UNIT1] persisted=[0] torn=UNIT1:blocks[0]of[0, 1] rb0=true chosen0=(3, 9) new_root_durable=true witness_entries=2 copies_with_new_entry=3 flip_to_rb_under_fault=false minF=>3 example=
CRASH E2 seg=7/11 [SC0.1,SC1.1,UNIT0,UNIT1,UNIT0,UNIT1,UNIT0,UNIT1,UNIT0,UNIT1] persisted=[0] torn=UNIT1:blocks[1]of[0, 1] rb0=true chosen0=(3, 9) new_root_durable=true witness_entries=2 copies_with_new_entry=3 flip_to_rb_under_fault=false minF=>3 example=
CRASH E2 seg=7/11 [SC0.1,SC1.1,UNIT0,UNIT1,UNIT0,UNIT1,UNIT0,UNIT1,UNIT0,UNIT1] persisted=[0] torn=UNIT0:blocks[0]of[0, 1, 2] rb0=true chosen0=(3, 9) new_root_durable=true witness_entries=2 copies_with_new_entry=3 flip_to_rb_under_fault=false minF=>3 example=
CRASH E2 seg=7/11 [SC0.1,SC1.1,UNIT0,UNIT1,UNIT0,UNIT1,UNIT0,UNIT1,UNIT0,UNIT1] persisted=[0] torn=UNIT0:blocks[1]of[0, 1, 2] rb0=true chosen0=(3, 9) new_root_durable=true witness_entries=2 copies_with_new_entry=3 flip_to_rb_under_fault=false minF=>3 example=
CRASH E2 seg=7/11 [SC0.1,SC1.1,UNIT0,UNIT1,UNIT0,UNIT1,UNIT0,UNIT1,UNIT0,UNIT1] persisted=[0] torn=UNIT0:blocks[0, 1]of[0, 1, 2] rb0=true chosen0=(3, 9) new_root_durable=true witness_entries=2 copies_with_new_entry=3 flip_to_rb_under_fault=false minF=>3 example=
CRASH E2 seg=7/11 [SC0.1,SC1.1,UNIT0,UNIT1,UNIT0,UNIT1,UNIT0,UNIT1,UNIT0,UNIT1] persisted=[0] torn=UNIT0:blocks[2]of[0, 1, 2] rb0=true chosen0=(3, 9) new_root_durable=true witness_entries=2 copies_with_new_entry=3 flip_to_rb_under_fault=false minF=>3 example=
CRASH E2 seg=7/11 [SC0.1,SC1.1,UNIT0,UNIT1,UNIT0,UNIT1,UNIT0,UNIT1,UNIT0,UNIT1] persisted=[0] torn=UNIT0:blocks[0, 2]of[0, 1, 2] rb0=true chosen0=(3, 9) new_root_durable=true witness_entries=2 copies_with_new_entry=3 flip_to_rb_under_fault=false minF=>3 example=
CRASH E2 seg=7/11 [SC0.1,SC1.1,UNIT0,UNIT1,UNIT0,UNIT1,UNIT0,UNIT1,UNIT0,UNIT1] persisted=[0] torn=UNIT0:blocks[1, 2]of[0, 1, 2] rb0=true chosen0=(3, 9) new_root_durable=true witness_entries=2 copies_with_new_entry=3 flip_to_rb_under_fault=false minF=>3 example=
CRASH E2 seg=7/11 [SC0.1,SC1.1,UNIT0,UNIT1,UNIT0,UNIT1,UNIT0,UNIT1,UNIT0,UNIT1] persisted=[0] torn=UNIT1:blocks[0]of[0, 1, 2] rb0=true chosen0=(3, 9) new_root_durable=true witness_entries=2 copies_with_new_entry=3 flip_to_rb_under_fault=false minF=>3 example=
CRASH E2 seg=7/11 [SC0.1,SC1.1,UNIT0,UNIT1,UNIT0,UNIT1,UNIT0,UNIT1,UNIT0,UNIT1] persisted=[0] torn=UNIT1:blocks[1]of[0, 1, 2] rb0=true chosen0=(3, 9) new_root_durable=true witness_entries=2 copies_with_new_entry=3 flip_to_rb_under_fault=false minF=>3 example=
CRASH E2 seg=7/11 [SC0.1,SC1.1,UNIT0,UNIT1,UNIT0,UNIT1,UNIT0,UNIT1,UNIT0,UNIT1] persisted=[0] torn=UNIT1:blocks[0, 1]of[0, 1, 2] rb0=true chosen0=(3, 9) new_root_durable=true witness_entries=2 copies_with_new_entry=3 flip_to_rb_under_fault=false minF=>3 example=
CRASH E2 seg=7/11 [SC0.1,SC1.1,UNIT0,UNIT1,UNIT0,UNIT1,UNIT0,UNIT1,UNIT0,UNIT1] persisted=[0] torn=UNIT1:blocks[2]of[0, 1, 2] rb0=true chosen0=(3, 9) new_root_durable=true witness_entries=2 copies_with_new_entry=3 flip_to_rb_under_fault=false minF=>3 example=
CRASH E2 seg=7/11 [SC0.1,SC1.1,UNIT0,UNIT1,UNIT0,UNIT1,UNIT0,UNIT1,UNIT0,UNIT1] persisted=[0] torn=UNIT1:blocks[0, 2]of[0, 1, 2] rb0=true chosen0=(3, 9) new_root_durable=true witness_entries=2 copies_with_new_entry=3 flip_to_rb_under_fault=false minF=>3 example=
CRASH E2 seg=7/11 [SC0.1,SC1.1,UNIT0,UNIT1,UNIT0,UNIT1,UNIT0,UNIT1,UNIT0,UNIT1] persisted=[0] torn=UNIT1:blocks[1, 2]of[0, 1, 2] rb0=true chosen0=(3, 9) new_root_durable=true witness_entries=2 copies_with_new_entry=3 flip_to_rb_under_fault=false minF=>3 example=
CRASH E2 seg=7/11 [SC0.1,SC1.1,UNIT0,UNIT1,UNIT0,UNIT1,UNIT0,UNIT1,UNIT0,UNIT1] persisted=[1] rb0=true chosen0=(3, 9) new_root_durable=true witness_entries=2 copies_with_new_entry=3 flip_to_rb_under_fault=false minF=>3 example=
CRASH E2 seg=7/11 [SC0.1,SC1.1,UNIT0,UNIT1,UNIT0,UNIT1,UNIT0,UNIT1,UNIT0,UNIT1] persisted=[1] torn=SC0.1:blocks[0]of[0, 1] rb0=true chosen0=(3, 9) new_root_durable=true witness_entries=2 copies_with_new_entry=3 flip_to_rb_under_fault=false minF=>3 example=
CRASH E2 seg=7/11 [SC0.1,SC1.1,UNIT0,UNIT1,UNIT0,UNIT1,UNIT0,UNIT1,UNIT0,UNIT1] persisted=[1] torn=SC0.1:blocks[1]of[0, 1] rb0=true chosen0=(3, 9) new_root_durable=true witness_entries=2 copies_with_new_entry=3 flip_to_rb_under_fault=false minF=>3 example=
CRASH E2 seg=7/11 [SC0.1,SC1.1,UNIT0,UNIT1,UNIT0,UNIT1,UNIT0,UNIT1,UNIT0,UNIT1] persisted=[1] torn=UNIT0:blocks[0]of[0, 1, 2] rb0=true chosen0=(3, 9) new_root_durable=true witness_entries=2 copies_with_new_entry=3 flip_to_rb_under_fault=false minF=>3 example=
CRASH E2 seg=7/11 [SC0.1,SC1.1,UNIT0,UNIT1,UNIT0,UNIT1,UNIT0,UNIT1,UNIT0,UNIT1] persisted=[1] torn=UNIT0:blocks[1]of[0, 1, 2] rb0=true chosen0=(3, 9) new_root_durable=true witness_entries=2 copies_with_new_entry=3 flip_to_rb_under_fault=false minF=>3 example=
CRASH E2 seg=7/11 [SC0.1,SC1.1,UNIT0,UNIT1,UNIT0,UNIT1,UNIT0,UNIT1,UNIT0,UNIT1] persisted=[1] torn=UNIT0:blocks[0, 1]of[0, 1, 2] rb0=true chosen0=(3, 9) new_root_durable=true witness_entries=2 copies_with_new_entry=3 flip_to_rb_under_fault=false minF=>3 example=
CRASH E2 seg=7/11 [SC0.1,SC1.1,UNIT0,UNIT1,UNIT0,UNIT1,UNIT0,UNIT1,UNIT0,UNIT1] persisted=[1] torn=UNIT0:blocks[2]of[0, 1, 2] rb0=true chosen0=(3, 9) new_root_durable=true witness_entries=2 copies_with_new_entry=3 flip_to_rb_under_fault=false minF=>3 example=
CRASH E2 seg=7/11 [SC0.1,SC1.1,UNIT0,UNIT1,UNIT0,UNIT1,UNIT0,UNIT1,UNIT0,UNIT1] persisted=[1] torn=UNIT0:blocks[0, 2]of[0, 1, 2] rb0=true chosen0=(3, 9) new_root_durable=true witness_entries=2 copies_with_new_entry=3 flip_to_rb_under_fault=false minF=>3 example=
CRASH E2 seg=7/11 [SC0.1,SC1.1,UNIT0,UNIT1,UNIT0,UNIT1,UNIT0,UNIT1,UNIT0,UNIT1] persisted=[1] torn=UNIT0:blocks[1, 2]of[0, 1, 2] rb0=true chosen0=(3, 9) new_root_durable=true witness_entries=2 copies_with_new_entry=3 flip_to_rb_under_fault=false minF=>3 example=
CRASH E2 seg=7/11 [SC0.1,SC1.1,UNIT0,UNIT1,UNIT0,UNIT1,UNIT0,UNIT1,UNIT0,UNIT1] persisted=[1] torn=UNIT1:blocks[0]of[0, 1, 2] rb0=true chosen0=(3, 9) new_root_durable=true witness_entries=2 copies_with_new_entry=3 flip_to_rb_under_fault=false minF=>3 example=
CRASH E2 seg=7/11 [SC0.1,SC1.1,UNIT0,UNIT1,UNIT0,UNIT1,UNIT0,UNIT1,UNIT0,UNIT1] persisted=[1] torn=UNIT1:blocks[1]of[0, 1, 2] rb0=true chosen0=(3, 9) new_root_durable=true witness_entries=2 copies_with_new_entry=3 flip_to_rb_under_fault=false minF=>3 example=
CRASH E2 seg=7/11 [SC0.1,SC1.1,UNIT0,UNIT1,UNIT0,UNIT1,UNIT0,UNIT1,UNIT0,UNIT1] persisted=[1] torn=UNIT1:blocks[0, 1]of[0, 1, 2] rb0=true chosen0=(3, 9) new_root_durable=true witness_entries=2 copies_with_new_entry=3 flip_to_rb_under_fault=false minF=>3 example=
CRASH E2 seg=7/11 [SC0.1,SC1.1,UNIT0,UNIT1,UNIT0,UNIT1,UNIT0,UNIT1,UNIT0,UNIT1] persisted=[1] torn=UNIT1:blocks[2]of[0, 1, 2] rb0=true chosen0=(3, 9) new_root_durable=true witness_entries=2 copies_with_new_entry=3 flip_to_rb_under_fault=false minF=>3 example=
CRASH E2 seg=7/11 [SC0.1,SC1.1,UNIT0,UNIT1,UNIT0,UNIT1,UNIT0,UNIT1,UNIT0,UNIT1] persisted=[1] torn=UNIT1:blocks[0, 2]of[0, 1, 2] rb0=true chosen0=(3, 9) new_root_durable=true witness_entries=2 copies_with_new_entry=3 flip_to_rb_under_fault=false minF=>3 example=
CRASH E2 seg=7/11 [SC0.1,SC1.1,UNIT0,UNIT1,UNIT0,UNIT1,UNIT0,UNIT1,UNIT0,UNIT1] persisted=[1] torn=UNIT1:blocks[1, 2]of[0, 1, 2] rb0=true chosen0=(3, 9) new_root_durable=true witness_entries=2 copies_with_new_entry=3 flip_to_rb_under_fault=false minF=>3 example=
CRASH E2 seg=7/11 [SC0.1,SC1.1,UNIT0,UNIT1,UNIT0,UNIT1,UNIT0,UNIT1,UNIT0,UNIT1] persisted=[1] torn=UNIT0:blocks[0]of[0, 1] rb0=true chosen0=(3, 9) new_root_durable=true witness_entries=2 copies_with_new_entry=3 flip_to_rb_under_fault=false minF=>3 example=
CRASH E2 seg=7/11 [SC0.1,SC1.1,UNIT0,UNIT1,UNIT0,UNIT1,UNIT0,UNIT1,UNIT0,UNIT1] persisted=[1] torn=UNIT0:blocks[1]of[0, 1] rb0=true chosen0=(3, 9) new_root_durable=true witness_entries=2 copies_with_new_entry=3 flip_to_rb_under_fault=false minF=>3 example=
CRASH E2 seg=7/11 [SC0.1,SC1.1,UNIT0,UNIT1,UNIT0,UNIT1,UNIT0,UNIT1,UNIT0,UNIT1] persisted=[1] torn=UNIT1:blocks[0]of[0, 1] rb0=true chosen0=(3, 9) new_root_durable=true witness_entries=2 copies_with_new_entry=3 flip_to_rb_under_fault=false minF=>3 example=
CRASH E2 seg=7/11 [SC0.1,SC1.1,UNIT0,UNIT1,UNIT0,UNIT1,UNIT0,UNIT1,UNIT0,UNIT1] persisted=[1] torn=UNIT1:blocks[1]of[0, 1] rb0=true chosen0=(3, 9) new_root_durable=true witness_entries=2 copies_with_new_entry=3 flip_to_rb_under_fault=false minF=>3 example=
CRASH E2 seg=7/11 [SC0.1,SC1.1,UNIT0,UNIT1,UNIT0,UNIT1,UNIT0,UNIT1,UNIT0,UNIT1] persisted=[1] torn=UNIT0:blocks[0]of[0, 1, 2] rb0=true chosen0=(3, 9) new_root_durable=true witness_entries=2 copies_with_new_entry=3 flip_to_rb_under_fault=false minF=>3 example=
CRASH E2 seg=7/11 [SC0.1,SC1.1,UNIT0,UNIT1,UNIT0,UNIT1,UNIT0,UNIT1,UNIT0,UNIT1] persisted=[1] torn=UNIT0:blocks[1]of[0, 1, 2] rb0=true chosen0=(3, 9) new_root_durable=true witness_entries=2 copies_with_new_entry=3 flip_to_rb_under_fault=false minF=>3 example=
CRASH E2 seg=7/11 [SC0.1,SC1.1,UNIT0,UNIT1,UNIT0,UNIT1,UNIT0,UNIT1,UNIT0,UNIT1] persisted=[1] torn=UNIT0:blocks[0, 1]of[0, 1, 2] rb0=true chosen0=(3, 9) new_root_durable=true witness_entries=2 copies_with_new_entry=3 flip_to_rb_under_fault=false minF=>3 example=
CRASH E2 seg=7/11 [SC0.1,SC1.1,UNIT0,UNIT1,UNIT0,UNIT1,UNIT0,UNIT1,UNIT0,UNIT1] persisted=[1] torn=UNIT0:blocks[2]of[0, 1, 2] rb0=true chosen0=(3, 9) new_root_durable=true witness_entries=2 copies_with_new_entry=3 flip_to_rb_under_fault=false minF=>3 example=
CRASH E2 seg=7/11 [SC0.1,SC1.1,UNIT0,UNIT1,UNIT0,UNIT1,UNIT0,UNIT1,UNIT0,UNIT1] persisted=[1] torn=UNIT0:blocks[0, 2]of[0, 1, 2] rb0=true chosen0=(3, 9) new_root_durable=true witness_entries=2 copies_with_new_entry=3 flip_to_rb_under_fault=false minF=>3 example=
CRASH E2 seg=7/11 [SC0.1,SC1.1,UNIT0,UNIT1,UNIT0,UNIT1,UNIT0,UNIT1,UNIT0,UNIT1] persisted=[1] torn=UNIT0:blocks[1, 2]of[0, 1, 2] rb0=true chosen0=(3, 9) new_root_durable=true witness_entries=2 copies_with_new_entry=3 flip_to_rb_under_fault=false minF=>3 example=
CRASH E2 seg=7/11 [SC0.1,SC1.1,UNIT0,UNIT1,UNIT0,UNIT1,UNIT0,UNIT1,UNIT0,UNIT1] persisted=[1] torn=UNIT1:blocks[0]of[0, 1, 2] rb0=true chosen0=(3, 9) new_root_durable=true witness_entries=2 copies_with_new_entry=3 flip_to_rb_under_fault=false minF=>3 example=
CRASH E2 seg=7/11 [SC0.1,SC1.1,UNIT0,UNIT1,UNIT0,UNIT1,UNIT0,UNIT1,UNIT0,UNIT1] persisted=[1] torn=UNIT1:blocks[1]of[0, 1, 2] rb0=true chosen0=(3, 9) new_root_durable=true witness_entries=2 copies_with_new_entry=3 flip_to_rb_under_fault=false minF=>3 example=
CRASH E2 seg=7/11 [SC0.1,SC1.1,UNIT0,UNIT1,UNIT0,UNIT1,UNIT0,UNIT1,UNIT0,UNIT1] persisted=[1] torn=UNIT1:blocks[0, 1]of[0, 1, 2] rb0=true chosen0=(3, 9) new_root_durable=true witness_entries=2 copies_with_new_entry=3 flip_to_rb_under_fault=false minF=>3 example=
CRASH E2 seg=7/11 [SC0.1,SC1.1,UNIT0,UNIT1,UNIT0,UNIT1,UNIT0,UNIT1,UNIT0,UNIT1] persisted=[1] torn=UNIT1:blocks[2]of[0, 1, 2] rb0=true chosen0=(3, 9) new_root_durable=true witness_entries=2 copies_with_new_entry=3 flip_to_rb_under_fault=false minF=>3 example=
CRASH E2 seg=7/11 [SC0.1,SC1.1,UNIT0,UNIT1,UNIT0,UNIT1,UNIT0,UNIT1,UNIT0,UNIT1] persisted=[1] torn=UNIT1:blocks[0, 2]of[0, 1, 2] rb0=true chosen0=(3, 9) new_root_durable=true witness_entries=2 copies_with_new_entry=3 flip_to_rb_under_fault=false minF=>3 example=
CRASH E2 seg=7/11 [SC0.1,SC1.1,UNIT0,UNIT1,UNIT0,UNIT1,UNIT0,UNIT1,UNIT0,UNIT1] persisted=[1] torn=UNIT1:blocks[1, 2]of[0, 1, 2] rb0=true chosen0=(3, 9) new_root_durable=true witness_entries=2 copies_with_new_entry=3 flip_to_rb_under_fault=false minF=>3 example=
CRASH E2 seg=7/11 [SC0.1,SC1.1,UNIT0,UNIT1,UNIT0,UNIT1,UNIT0,UNIT1,UNIT0,UNIT1] persisted=[0, 1] rb0=true chosen0=(3, 9) new_root_durable=true witness_entries=2 copies_with_new_entry=4 flip_to_rb_under_fault=false minF=>3 example=
CRASH E2 seg=7/11 [SC0.1,SC1.1,UNIT0,UNIT1,UNIT0,UNIT1,UNIT0,UNIT1,UNIT0,UNIT1] persisted=[0, 1] torn=UNIT0:blocks[0]of[0, 1, 2] rb0=true chosen0=(3, 9) new_root_durable=true witness_entries=2 copies_with_new_entry=4 flip_to_rb_under_fault=false minF=>3 example=
CRASH E2 seg=7/11 [SC0.1,SC1.1,UNIT0,UNIT1,UNIT0,UNIT1,UNIT0,UNIT1,UNIT0,UNIT1] persisted=[0, 1] torn=UNIT0:blocks[1]of[0, 1, 2] rb0=true chosen0=(3, 9) new_root_durable=true witness_entries=2 copies_with_new_entry=4 flip_to_rb_under_fault=false minF=>3 example=
CRASH E2 seg=7/11 [SC0.1,SC1.1,UNIT0,UNIT1,UNIT0,UNIT1,UNIT0,UNIT1,UNIT0,UNIT1] persisted=[0, 1] torn=UNIT0:blocks[0, 1]of[0, 1, 2] rb0=true chosen0=(3, 9) new_root_durable=true witness_entries=2 copies_with_new_entry=4 flip_to_rb_under_fault=false minF=>3 example=
CRASH E2 seg=7/11 [SC0.1,SC1.1,UNIT0,UNIT1,UNIT0,UNIT1,UNIT0,UNIT1,UNIT0,UNIT1] persisted=[0, 1] torn=UNIT0:blocks[2]of[0, 1, 2] rb0=true chosen0=(3, 9) new_root_durable=true witness_entries=2 copies_with_new_entry=4 flip_to_rb_under_fault=false minF=>3 example=
CRASH E2 seg=7/11 [SC0.1,SC1.1,UNIT0,UNIT1,UNIT0,UNIT1,UNIT0,UNIT1,UNIT0,UNIT1] persisted=[0, 1] torn=UNIT0:blocks[0, 2]of[0, 1, 2] rb0=true chosen0=(3, 9) new_root_durable=true witness_entries=2 copies_with_new_entry=4 flip_to_rb_under_fault=false minF=>3 example=
CRASH E2 seg=7/11 [SC0.1,SC1.1,UNIT0,UNIT1,UNIT0,UNIT1,UNIT0,UNIT1,UNIT0,UNIT1] persisted=[0, 1] torn=UNIT0:blocks[1, 2]of[0, 1, 2] rb0=true chosen0=(3, 9) new_root_durable=true witness_entries=2 copies_with_new_entry=4 flip_to_rb_under_fault=false minF=>3 example=
CRASH E2 seg=7/11 [SC0.1,SC1.1,UNIT0,UNIT1,UNIT0,UNIT1,UNIT0,UNIT1,UNIT0,UNIT1] persisted=[0, 1] torn=UNIT1:blocks[0]of[0, 1, 2] rb0=true chosen0=(3, 9) new_root_durable=true witness_entries=2 copies_with_new_entry=4 flip_to_rb_under_fault=false minF=>3 example=
CRASH E2 seg=7/11 [SC0.1,SC1.1,UNIT0,UNIT1,UNIT0,UNIT1,UNIT0,UNIT1,UNIT0,UNIT1] persisted=[0, 1] torn=UNIT1:blocks[1]of[0, 1, 2] rb0=true chosen0=(3, 9) new_root_durable=true witness_entries=2 copies_with_new_entry=4 flip_to_rb_under_fault=false minF=>3 example=
CRASH E2 seg=7/11 [SC0.1,SC1.1,UNIT0,UNIT1,UNIT0,UNIT1,UNIT0,UNIT1,UNIT0,UNIT1] persisted=[0, 1] torn=UNIT1:blocks[0, 1]of[0, 1, 2] rb0=true chosen0=(3, 9) new_root_durable=true witness_entries=2 copies_with_new_entry=4 flip_to_rb_under_fault=false minF=>3 example=
CRASH E2 seg=7/11 [SC0.1,SC1.1,UNIT0,UNIT1,UNIT0,UNIT1,UNIT0,UNIT1,UNIT0,UNIT1] persisted=[0, 1] torn=UNIT1:blocks[2]of[0, 1, 2] rb0=true chosen0=(3, 9) new_root_durable=true witness_entries=2 copies_with_new_entry=4 flip_to_rb_under_fault=false minF=>3 example=
CRASH E2 seg=7/11 [SC0.1,SC1.1,UNIT0,UNIT1,UNIT0,UNIT1,UNIT0,UNIT1,UNIT0,UNIT1] persisted=[0, 1] torn=UNIT1:blocks[0, 2]of[0, 1, 2] rb0=true chosen0=(3, 9) new_root_durable=true witness_entries=2 copies_with_new_entry=4 flip_to_rb_under_fault=false minF=>3 example=
CRASH E2 seg=7/11 [SC0.1,SC1.1,UNIT0,UNIT1,UNIT0,UNIT1,UNIT0,UNIT1,UNIT0,UNIT1] persisted=[0, 1] torn=UNIT1:blocks[1, 2]of[0, 1, 2] rb0=true chosen0=(3, 9) new_root_durable=true witness_entries=2 copies_with_new_entry=4 flip_to_rb_under_fault=false minF=>3 example=
CRASH E2 seg=7/11 [SC0.1,SC1.1,UNIT0,UNIT1,UNIT0,UNIT1,UNIT0,UNIT1,UNIT0,UNIT1] persisted=[0, 1] torn=UNIT0:blocks[0]of[0, 1] rb0=true chosen0=(3, 9) new_root_durable=true witness_entries=2 copies_with_new_entry=4 flip_to_rb_under_fault=false minF=>3 example=
CRASH E2 seg=7/11 [SC0.1,SC1.1,UNIT0,UNIT1,UNIT0,UNIT1,UNIT0,UNIT1,UNIT0,UNIT1] persisted=[0, 1] torn=UNIT0:blocks[1]of[0, 1] rb0=true chosen0=(3, 9) new_root_durable=true witness_entries=2 copies_with_new_entry=4 flip_to_rb_under_fault=false minF=>3 example=
CRASH E2 seg=7/11 [SC0.1,SC1.1,UNIT0,UNIT1,UNIT0,UNIT1,UNIT0,UNIT1,UNIT0,UNIT1] persisted=[0, 1] torn=UNIT1:blocks[0]of[0, 1] rb0=true chosen0=(3, 9) new_root_durable=true witness_entries=2 copies_with_new_entry=4 flip_to_rb_under_fault=false minF=>3 example=
CRASH E2 seg=7/11 [SC0.1,SC1.1,UNIT0,UNIT1,UNIT0,UNIT1,UNIT0,UNIT1,UNIT0,UNIT1] persisted=[0, 1] torn=UNIT1:blocks[1]of[0, 1] rb0=true chosen0=(3, 9) new_root_durable=true witness_entries=2 copies_with_new_entry=4 flip_to_rb_under_fault=false minF=>3 example=
CRASH E2 seg=7/11 [SC0.1,SC1.1,UNIT0,UNIT1,UNIT0,UNIT1,UNIT0,UNIT1,UNIT0,UNIT1] persisted=[0, 1] torn=UNIT0:blocks[0]of[0, 1, 2] rb0=true chosen0=(3, 9) new_root_durable=true witness_entries=2 copies_with_new_entry=4 flip_to_rb_under_fault=false minF=>3 example=
CRASH E2 seg=7/11 [SC0.1,SC1.1,UNIT0,UNIT1,UNIT0,UNIT1,UNIT0,UNIT1,UNIT0,UNIT1] persisted=[0, 1] torn=UNIT0:blocks[1]of[0, 1, 2] rb0=true chosen0=(3, 9) new_root_durable=true witness_entries=2 copies_with_new_entry=4 flip_to_rb_under_fault=false minF=>3 example=
CRASH E2 seg=7/11 [SC0.1,SC1.1,UNIT0,UNIT1,UNIT0,UNIT1,UNIT0,UNIT1,UNIT0,UNIT1] persisted=[0, 1] torn=UNIT0:blocks[0, 1]of[0, 1, 2] rb0=true chosen0=(3, 9) new_root_durable=true witness_entries=2 copies_with_new_entry=4 flip_to_rb_under_fault=false minF=>3 example=
CRASH E2 seg=7/11 [SC0.1,SC1.1,UNIT0,UNIT1,UNIT0,UNIT1,UNIT0,UNIT1,UNIT0,UNIT1] persisted=[0, 1] torn=UNIT0:blocks[2]of[0, 1, 2] rb0=true chosen0=(3, 9) new_root_durable=true witness_entries=2 copies_with_new_entry=4 flip_to_rb_under_fault=false minF=>3 example=
CRASH E2 seg=7/11 [SC0.1,SC1.1,UNIT0,UNIT1,UNIT0,UNIT1,UNIT0,UNIT1,UNIT0,UNIT1] persisted=[0, 1] torn=UNIT0:blocks[0, 2]of[0, 1, 2] rb0=true chosen0=(3, 9) new_root_durable=true witness_entries=2 copies_with_new_entry=4 flip_to_rb_under_fault=false minF=>3 example=
CRASH E2 seg=7/11 [SC0.1,SC1.1,UNIT0,UNIT1,UNIT0,UNIT1,UNIT0,UNIT1,UNIT0,UNIT1] persisted=[0, 1] torn=UNIT0:blocks[1, 2]of[0, 1, 2] rb0=true chosen0=(3, 9) new_root_durable=true witness_entries=2 copies_with_new_entry=4 flip_to_rb_under_fault=false minF=>3 example=
CRASH E2 seg=7/11 [SC0.1,SC1.1,UNIT0,UNIT1,UNIT0,UNIT1,UNIT0,UNIT1,UNIT0,UNIT1] persisted=[0, 1] torn=UNIT1:blocks[0]of[0, 1, 2] rb0=true chosen0=(3, 9) new_root_durable=true witness_entries=2 copies_with_new_entry=4 flip_to_rb_under_fault=false minF=>3 example=
CRASH E2 seg=7/11 [SC0.1,SC1.1,UNIT0,UNIT1,UNIT0,UNIT1,UNIT0,UNIT1,UNIT0,UNIT1] persisted=[0, 1] torn=UNIT1:blocks[1]of[0, 1, 2] rb0=true chosen0=(3, 9) new_root_durable=true witness_entries=2 copies_with_new_entry=4 flip_to_rb_under_fault=false minF=>3 example=
CRASH E2 seg=7/11 [SC0.1,SC1.1,UNIT0,UNIT1,UNIT0,UNIT1,UNIT0,UNIT1,UNIT0,UNIT1] persisted=[0, 1] torn=UNIT1:blocks[0, 1]of[0, 1, 2] rb0=true chosen0=(3, 9) new_root_durable=true witness_entries=2 copies_with_new_entry=4 flip_to_rb_under_fault=false minF=>3 example=
CRASH E2 seg=7/11 [SC0.1,SC1.1,UNIT0,UNIT1,UNIT0,UNIT1,UNIT0,UNIT1,UNIT0,UNIT1] persisted=[0, 1] torn=UNIT1:blocks[2]of[0, 1, 2] rb0=true chosen0=(3, 9) new_root_durable=true witness_entries=2 copies_with_new_entry=4 flip_to_rb_under_fault=false minF=>3 example=
CRASH E2 seg=7/11 [SC0.1,SC1.1,UNIT0,UNIT1,UNIT0,UNIT1,UNIT0,UNIT1,UNIT0,UNIT1] persisted=[0, 1] torn=UNIT1:blocks[0, 2]of[0, 1, 2] rb0=true chosen0=(3, 9) new_root_durable=true witness_entries=2 copies_with_new_entry=4 flip_to_rb_under_fault=false minF=>3 example=
CRASH E2 seg=7/11 [SC0.1,SC1.1,UNIT0,UNIT1,UNIT0,UNIT1,UNIT0,UNIT1,UNIT0,UNIT1] persisted=[0, 1] torn=UNIT1:blocks[1, 2]of[0, 1, 2] rb0=true chosen0=(3, 9) new_root_durable=true witness_entries=2 copies_with_new_entry=4 flip_to_rb_under_fault=false minF=>3 example=
CRASH E2 seg=8/11 [REC0,REC1] persisted=[] rb0=true chosen0=(3, 9) new_root_durable=true witness_entries=2 copies_with_new_entry=4 flip_to_rb_under_fault=false minF=>3 example=
CRASH E2 seg=8/11 [REC0,REC1] persisted=[] torn=REC0:blocks[0]of[0, 1] rb0=true chosen0=(3, 9) new_root_durable=true witness_entries=2 copies_with_new_entry=4 flip_to_rb_under_fault=false minF=>3 example=
CRASH E2 seg=8/11 [REC0,REC1] persisted=[] torn=REC0:blocks[1]of[0, 1] rb0=true chosen0=(3, 9) new_root_durable=true witness_entries=2 copies_with_new_entry=4 flip_to_rb_under_fault=false minF=>3 example=
CRASH E2 seg=8/11 [REC0,REC1] persisted=[] torn=REC1:blocks[0]of[0, 1] rb0=true chosen0=(3, 9) new_root_durable=true witness_entries=2 copies_with_new_entry=4 flip_to_rb_under_fault=false minF=>3 example=
CRASH E2 seg=8/11 [REC0,REC1] persisted=[] torn=REC1:blocks[1]of[0, 1] rb0=true chosen0=(3, 9) new_root_durable=true witness_entries=2 copies_with_new_entry=4 flip_to_rb_under_fault=false minF=>3 example=
CRASH E2 seg=8/11 [REC0,REC1] persisted=[0] rb0=true chosen0=(3, 9) new_root_durable=true witness_entries=2 copies_with_new_entry=4 flip_to_rb_under_fault=false minF=>3 example=
CRASH E2 seg=8/11 [REC0,REC1] persisted=[0] torn=REC1:blocks[0]of[0, 1] rb0=true chosen0=(3, 9) new_root_durable=true witness_entries=2 copies_with_new_entry=4 flip_to_rb_under_fault=false minF=>3 example=
CRASH E2 seg=8/11 [REC0,REC1] persisted=[0] torn=REC1:blocks[1]of[0, 1] rb0=true chosen0=(3, 9) new_root_durable=true witness_entries=2 copies_with_new_entry=4 flip_to_rb_under_fault=false minF=>3 example=
CRASH E2 seg=8/11 [REC0,REC1] persisted=[1] rb0=true chosen0=(3, 9) new_root_durable=true witness_entries=2 copies_with_new_entry=4 flip_to_rb_under_fault=false minF=>3 example=
CRASH E2 seg=8/11 [REC0,REC1] persisted=[1] torn=REC0:blocks[0]of[0, 1] rb0=true chosen0=(3, 9) new_root_durable=true witness_entries=2 copies_with_new_entry=4 flip_to_rb_under_fault=false minF=>3 example=
CRASH E2 seg=8/11 [REC0,REC1] persisted=[1] torn=REC0:blocks[1]of[0, 1] rb0=true chosen0=(3, 9) new_root_durable=true witness_entries=2 copies_with_new_entry=4 flip_to_rb_under_fault=false minF=>3 example=
CRASH E2 seg=9/11 [ROOT1] persisted=[] rb0=true chosen0=(3, 9) new_root_durable=true witness_entries=2 copies_with_new_entry=4 flip_to_rb_under_fault=false minF=>3 example=
CRASH E2 seg=10/11 [SC0.0,SC1.0] persisted=[] rb0=true chosen0=(3, 10) new_root_durable=true witness_entries=2 copies_with_new_entry=4 flip_to_rb_under_fault=false minF=>3 example=
CRASH E2 seg=10/11 [SC0.0,SC1.0] persisted=[0] rb0=true chosen0=(3, 10) new_root_durable=true witness_entries=2 copies_with_new_entry=4 flip_to_rb_under_fault=false minF=>3 example=
CRASH E2 seg=10/11 [SC0.0,SC1.0] persisted=[1] rb0=true chosen0=(3, 10) new_root_durable=true witness_entries=2 copies_with_new_entry=4 flip_to_rb_under_fault=false minF=>3 example=
CRASH E2 seg=done/11 rb0=true chosen0=(3, 10) new_root_durable=true witness_entries=2 copies_with_new_entry=4 flip_to_rb_under_fault=false minF=>3 example=
E7RESULT name=witness_targeted_summary placement=SystemConfigurationSlot order=AfterFirstRoot pbs=512 edge=E2 states=280 states_rolled_back=244 states_rolled_back_without_new_root=0 flip_to_rolled_back_under_fault=0 minimum_fault_histogram={"1": 25, "2": 46, "3": 33, ">3": 140, "n/a(not_rolled_back)": 36}
E7RESULT name=done emitted=3
