warning: unused import: `enumerate_layer0_selecting_versions`
   --> crates/singlefs-harness/tests/opus_r2_probe.rs:777:31
    |
777 | use singlefs_harness::crash::{enumerate_layer0_selecting_versions, evaluate_state_for_versions, Layer0Tally};
    |                               ^^^^^^^^^^^^^^^^^^^^^^^^^^^^^^^^^^^
    |
    = note: `#[warn(unused_imports)]` (part of `#[warn(unused)]`) on by default

warning: variable does not need to be mutable
   --> crates/singlefs-harness/tests/opus_r2_probe.rs:329:9
    |
329 |     let mut result = SegmentComparison { segment_index, in_place: in_place.len(), cow: n, compared: 0, differing: 0, differing_verd...
    |         ----^^^^^^
    |         |
    |         help: remove this `mut`
    |
    = note: `#[warn(unused_mut)]` (part of `#[warn(unused)]`) on by default

warning: `singlefs-harness` (test "opus_r2_probe") generated 2 warnings (run `cargo fix --test "opus_r2_probe" -p singlefs-harness` to apply 2 suggestions)
    Finished `release` profile [optimized + debuginfo] target(s) in 0.00s
     Running tests/opus_r2_probe.rs (target/release/deps/opus_r2_probe-73e2b3dc9d85c497)

running 1 test
Q3 k=0 seq=SSRSM applied=SSRSM writes=251 segments=36 chain_candidates=0
Q3 k=1 seq=UORU applied=UORU writes=415 segments=63 chain_candidates=0
Q3 k=2 seq=MSOOMUORMS applied=MSOOMUORMS writes=620 segments=85 chain_candidates=0
Q3 k=3 seq=RROURSMORUMM applied=--OURSMORUMM writes=717 segments=103 chain_candidates=0
Q3 k=4 seq=ORO applied=O-O writes=128 segments=19 chain_candidates=0
Q3 k=5 seq=OSMUMUOURSMMUR applied=OSMUMUOURSMMUR writes=1068 segments=153 chain_candidates=4
  CHAIN seq=OSMUMUOURSMMUR seg=143 u=#205(dev0 slot50334+1 txgSome(10)) l=#496(dev0 slot50334+2 txgSome(23)) x=#1003(dev0 slot50335+1 txgSome(44)) y=#1001(dev0 slot50334+1 txgSome(44))
  CHAIN seq=OSMUMUOURSMMUR seg=143 u=#206(dev1 slot50334+1 txgSome(10)) l=#497(dev1 slot50334+2 txgSome(23)) x=#1004(dev1 slot50335+1 txgSome(44)) y=#1002(dev1 slot50334+1 txgSome(44))
  CHAIN seq=OSMUMUOURSMMUR seg=143 u=#207(dev0 slot50335+1 txgSome(10)) l=#496(dev0 slot50334+2 txgSome(23)) x=#1001(dev0 slot50334+1 txgSome(44)) y=#1003(dev0 slot50335+1 txgSome(44))
Q3 k=6 seq=ROOMMRORRURRO applied=-OOMMRORRURRO writes=730 segments=106 chain_candidates=0
Q3 k=7 seq=RORSMUOOSS applied=-O-SMUOOSS writes=421 segments=55 chain_candidates=0
Q3 k=8 seq=S applied=S writes=99 segments=16 chain_candidates=0
Q3 k=9 seq=UOUMMUOSUMS applied=UOUMMUOSUMS writes=884 segments=126 chain_candidates=0
Q3 k=10 seq=RRROOSS applied=---OOSS writes=186 segments=25 chain_candidates=0
Q3 k=11 seq=MS applied=MS writes=166 segments=26 chain_candidates=0
Q3 k=12 seq=OORUMOOMRMSO applied=OORUMOOMRMSO writes=643 segments=89 chain_candidates=0
Q3 k=13 seq=UOUORU applied=UOUORU writes=567 segments=83 chain_candidates=0
Q3 k=14 seq=M applied=M writes=137 segments=23 chain_candidates=0
Q3 k=15 seq=SRSR applied=S-SR writes=172 segments=26 chain_candidates=0
Q3 k=16 seq=O applied=O writes=99 segments=16 chain_candidates=0
Q3 k=17 seq=RSOROSU applied=-SOROSU writes=374 segments=52 chain_candidates=0
Q3 k=18 seq=UROSOUOSOSROMM applied=UROSOUOSOSROMM writes=836 segments=111 chain_candidates=0
Q3 k=19 seq=UMUUSU applied=UMUUSU writes=701 segments=103 chain_candidates=0
Q3 k=20 seq=SM applied=SM writes=145 segments=23 chain_candidates=0
Q3 k=21 seq=ORORRURRMUUO applied=O-ORRURRMUUO writes=866 segments=126 chain_candidates=0
Q3 k=22 seq=RRMSUS applied=--MSUS writes=314 segments=46 chain_candidates=0
Q3 k=23 seq=OOSOMMURUOS applied=OOSOMMURUOS writes=698 segments=98 chain_candidates=0
Q3 k=24 seq=MORUMSR applied=MO-UMSR writes=433 segments=63 chain_candidates=0
Q3 k=25 seq=MOUMOSSSUOOO applied=MOUMOSSSUOOO writes=694 segments=91 chain_candidates=0
Q3 k=26 seq=MMOMROSOMM applied=MMOM-OSOMM writes=520 segments=72 chain_candidates=0
Q3 k=27 seq=MMOSU applied=MMOSU writes=368 segments=53 chain_candidates=0
Q3 k=28 seq=RMOS applied=-MOS writes=199 segments=29 chain_candidates=0
Q3 k=29 seq=MRSUUSOUU applied=M-SUUSOUU writes=713 segments=103 chain_candidates=0
Q3 k=30 seq=ROSMRSS applied=-OSMRSS writes=284 segments=39 chain_candidates=0
Q3 k=31 seq=OMR applied=OM- writes=145 segments=23 chain_candidates=0
Q3 k=32 seq=UUMRROSM applied=UUMRROSM writes=655 segments=96 chain_candidates=0
Q3 k=33 seq=US applied=US writes=231 segments=36 chain_candidates=0
Q3 k=34 seq=SSRMRMSOMOMO applied=SSRMRMSOMOMO writes=578 segments=79 chain_candidates=0
Q3 k=35 seq=UOOSMRSURU applied=UOOSMRSURU writes=782 segments=112 chain_candidates=0
Q3 k=36 seq=RMUOROMM applied=-MUOROMM writes=504 segments=73 chain_candidates=0
Q3 k=37 seq=SROUUMO applied=S-OUUMO writes=462 segments=66 chain_candidates=0
Q3 k=38 seq=UMUOMMOOOM applied=UMUOMMOOOM writes=725 segments=102 chain_candidates=0
Q3 k=39 seq=RORSMS applied=-O-SMS writes=203 segments=29 chain_candidates=0
Q3 k=40 seq=MO applied=MO writes=166 segments=26 chain_candidates=0
Q3 k=41 seq=MRMRORO applied=M-M-O-O writes=274 segments=39 chain_candidates=0
Q3 k=42 seq=USOSSO applied=USOSSO writes=363 segments=48 chain_candidates=0
Q3 k=43 seq=SRSOOUSORSUR applied=S-SOOUSORSUR writes=603 segments=82 chain_candidates=0
Q3 k=44 seq=RRSOSOUOROUOR applied=--SOSOUOROUOR writes=603 segments=82 chain_candidates=0
Q3 k=45 seq=UUSURRM applied=UUSURRM writes=695 segments=103 chain_candidates=0
Q3 k=46 seq=UMMOMU applied=UMMOMU writes=555 segments=83 chain_candidates=0
Q3 k=47 seq=OOUOOMOR applied=OOUOOMOR writes=411 segments=56 chain_candidates=0
Q3 k=48 seq=ORMOUOOSUO applied=O-MOUOOSUO writes=557 segments=75 chain_candidates=0
Q3 k=49 seq=RSUUURSU applied=-SUUURSU writes=711 segments=103 chain_candidates=0
Q3 k=50 seq=MSUUROUU applied=MSUUROUU writes=766 segments=113 chain_candidates=0
Q3 k=51 seq=SURR applied=SURR writes=348 segments=53 chain_candidates=0
Q3 k=52 seq=SSOOUOSOMMUUUR applied=SSOOUOSOMMUUUR writes=1011 segments=141 chain_candidates=0
Q3 k=53 seq=SMMURURSRSUUOO applied=SMMURURSRSUUOO writes=1049 segments=149 chain_candidates=0
Q3 k=54 seq=SMRMRSM applied=SM-M-SM writes=295 segments=43 chain_candidates=0
Q3 k=55 seq=OOUUMUMRUSMRM applied=OOUUMUMRUSMRM writes=1052 segments=153 chain_candidates=0
Q3 k=56 seq=USUOOMMMSR applied=USUOOMMMSR writes=648 segments=93 chain_candidates=0
Q3 k=57 seq=MRROU applied=M--OU writes=285 segments=43 chain_candidates=0
Q3 k=58 seq=O applied=O writes=99 segments=16 chain_candidates=0
Q3 k=59 seq=S applied=S writes=99 segments=16 chain_candidates=0
Q3 k=60 seq=OROMUUSUUMMSO applied=O-OMUUSUUMMSO writes=913 segments=129 chain_candidates=0
Q3 k=61 seq=RU applied=-U writes=202 segments=33 chain_candidates=0
Q3 k=62 seq=UOSSSUSUM applied=UOSSSUSUM writes=660 segments=92 chain_candidates=0
Q3 k=63 seq=UMUMRUOMM applied=UMUMRUOMM writes=831 segments=123 chain_candidates=0
Q3 k=64 seq=SUOUU applied=SUOUU writes=494 segments=73 chain_candidates=0
Q3 k=65 seq=RSRUSOSOO applied=-S-USOSOO writes=371 segments=48 chain_candidates=0
Q3 k=66 seq=UM applied=UM writes=273 segments=43 chain_candidates=0
Q3 k=67 seq=M applied=M writes=137 segments=23 chain_candidates=0
Q3 k=68 seq=R applied=- writes=70 segments=13 chain_candidates=0
Q3 k=69 seq=UOSMMRMOU applied=UOSMMRMOU writes=640 segments=93 chain_candidates=0
Q3 k=70 seq=RM applied=-M writes=137 segments=23 chain_candidates=0
Q3 k=71 seq=R applied=- writes=70 segments=13 chain_candidates=0
Q3 k=72 seq=M applied=M writes=137 segments=23 chain_candidates=0
Q3 k=73 seq=RSUORSRM applied=-SUORSRM writes=435 segments=63 chain_candidates=0
Q3 k=74 seq=ORORUMRUOROSM applied=O-ORUMRUOROSM writes=752 segments=106 chain_candidates=0
Q3 k=75 seq=RRSUROOOSUSMSO applied=--SUROOOSUSMSO writes=679 segments=88 chain_candidates=0
Q3 k=76 seq=MURSM applied=MURSM writes=425 segments=63 chain_candidates=0
Q3 k=77 seq=RSSSMSORMRRUO applied=-SSSMSORMRRUO writes=679 segments=95 chain_candidates=0
Q3 k=78 seq=SOSRUSOOSUS applied=SOSRUSOOSUS writes=642 segments=84 chain_candidates=0
Q3 k=79 seq=SRSUM applied=S-SUM writes=289 segments=43 chain_candidates=0
Q3 k=80 seq=MOSSUO applied=MOSSUO writes=401 segments=55 chain_candidates=0
Q3 k=81 seq=SSMUMSUOROOU applied=SSMUMSUOROOU writes=733 segments=103 chain_candidates=0
Q3 k=82 seq=RROSURUROSSOMR applied=--OSURUROSSOMR writes=743 segments=102 chain_candidates=0
Q3 k=83 seq=OOU applied=OOU writes=222 segments=33 chain_candidates=0
Q3 k=84 seq=OSMROMSUMS applied=OSMROMSUMS writes=549 segments=76 chain_candidates=0
Q3 k=85 seq=RRO applied=--O writes=99 segments=16 chain_candidates=0
Q3 k=86 seq=RRMMRMMMMOO applied=--MM-MMMMOO writes=542 segments=79 chain_candidates=0
Q3 k=87 seq=MMS applied=MMS writes=241 segments=36 chain_candidates=0
Q3 k=88 seq=MSSSMMURO applied=MSSSMMURO writes=604 segments=85 chain_candidates=0
Q3 k=89 seq=SMOSMURM applied=SMOSMURM writes=508 segments=73 chain_candidates=0
Q3 k=90 seq=RRUSU applied=--USU writes=350 segments=53 chain_candidates=0
Q3 k=91 seq=SUMRRMOROR applied=SUMRRMOROR writes=632 segments=93 chain_candidates=0
Q3 k=92 seq=SOMSOMUSSSMR applied=SOMSOMUSSSMR writes=670 segments=91 chain_candidates=0
Q3 k=93 seq=RSUORUOS applied=-SUORUOS writes=481 segments=69 chain_candidates=0
Q3 k=94 seq=SOURRSOOS applied=SOURRSOOS writes=484 segments=65 chain_candidates=0
Q3 k=95 seq=UOMMSSUURUSM applied=UOMMSSUURUSM writes=932 segments=133 chain_candidates=0
Q3 k=96 seq=ROMOMORMOOOS applied=-OMOMORMOOOS writes=500 segments=65 chain_candidates=0
Q3 k=97 seq=RRORO applied=--O-O writes=128 segments=19 chain_candidates=0
Q3 k=98 seq=RMSUSSUUOMSRO applied=-MSUSSUUOMSRO writes=770 segments=106 chain_candidates=0
Q3 k=99 seq=MUMSSM applied=MUMSSM writes=460 segments=66 chain_candidates=0
Q3 k=100 seq=OU applied=OU writes=210 segments=33 chain_candidates=0
Q3 k=101 seq=MUUUMU applied=MUUUMU writes=764 segments=113 chain_candidates=0
Q3 k=102 seq=MRR applied=M-- writes=137 segments=23 chain_candidates=0
Q3 k=103 seq=UMRM applied=UMRM writes=405 segments=63 chain_candidates=0
Q3 k=104 seq=U applied=U writes=202 segments=33 chain_candidates=0
Q3 k=105 seq=UURMRO applied=UURMRO writes=576 segments=86 chain_candidates=0
Q3 k=106 seq=ORURRM applied=O-URRM writes=419 segments=63 chain_candidates=0
Q3 k=107 seq=MUSOROU applied=MUSOROU writes=518 segments=73 chain_candidates=0
Q3 k=108 seq=MROU applied=M-OU writes=285 segments=43 chain_candidates=0
Q3 k=109 seq=URUMU applied=URUMU writes=614 segments=93 chain_candidates=0
Q3 k=110 seq=ORMRSSOMROU applied=O-M-SSOMROU writes=524 segments=72 chain_candidates=0
Q3 k=111 seq=SUUURSRMORSR applied=SUUURSRMORSR writes=865 segments=123 chain_candidates=0
Q3 k=112 seq=OOSRSOMRUOSOOR applied=OOSRSOMRUOSOOR writes=682 segments=91 chain_candidates=0
Q3 k=113 seq=ROMMORSOORSR applied=-OMMORSOORSR writes=534 segments=72 chain_candidates=0
Q3 k=114 seq=SMSO applied=SMSO writes=207 segments=29 chain_candidates=0
Q3 k=115 seq=SRM applied=S-M writes=145 segments=23 chain_candidates=0
Q3 k=116 seq=USOOURRROMSRRO applied=USOOURRROMSRRO writes=894 segments=125 chain_candidates=0
Q3 k=117 seq=O applied=O writes=99 segments=16 chain_candidates=0
Q3 k=118 seq=MRSRMRUOORMM applied=M-S-M-UOORMM writes=575 segments=83 chain_candidates=0
Q3 k=119 seq=MURSMSRMSRO applied=MURSMSRMSRO writes=679 segments=96 chain_candidates=0
Q3 k=120 seq=RO applied=-O writes=99 segments=16 chain_candidates=0
Q3 k=121 seq=SMRSMMM applied=SM-SMMM writes=358 segments=53 chain_candidates=0
Q3 k=122 seq=RUOMMMU applied=-UOMMMU writes=551 segments=83 chain_candidates=0
Q3 k=123 seq=OSMSROSOOOMMS applied=OSMSROSOOOMMS writes=587 segments=74 chain_candidates=0
Q3 k=124 seq=MUUS applied=MUUS writes=450 segments=66 chain_candidates=0
Q3 k=125 seq=MMRRSOMSUU applied=MM--SOMSUU writes=579 segments=83 chain_candidates=0
Q3 k=126 seq=MMSU applied=MMSU writes=356 segments=53 chain_candidates=0
Q3 k=127 seq=OOR applied=OOR writes=172 segments=26 chain_candidates=0
Q3 k=128 seq=URRROMUOUUO applied=URRROMUOUUO writes=945 segments=136 chain_candidates=0
Q3 k=129 seq=RRMMUOMROURSMM applied=--MMUOMROURSMM writes=855 segments=123 chain_candidates=0
Q3 k=130 seq=RUMUURMORORMR applied=-UMUURMORORMR writes=971 segments=143 chain_candidates=0
Q3 k=131 seq=SO applied=SO writes=128 segments=19 chain_candidates=0
Q3 k=132 seq=ORSO applied=O-SO writes=157 segments=22 chain_candidates=0
Q3 k=133 seq=RMMOSOOSUOURS applied=-MMOSOOSUOURS writes=717 segments=95 chain_candidates=0
Q3 k=134 seq=SUMMORUSS applied=SUMMORUSS writes=623 segments=89 chain_candidates=0
Q3 k=135 seq=SUROO applied=SUROO writes=349 segments=49 chain_candidates=0
Q3 k=136 seq=OSMR applied=OSMR writes=218 segments=33 chain_candidates=0
Q3 k=137 seq=SMRSSUMSUUM applied=SM-SSUMSUUM writes=727 segments=103 chain_candidates=0
Q3 k=138 seq=OUOMOO applied=OUOMOO writes=355 segments=49 chain_candidates=0
Q3 k=139 seq=R applied=- writes=70 segments=13 chain_candidates=0
Q3 k=140 seq=MRRMUO applied=M--MUO writes=377 segments=56 chain_candidates=0
Q3 k=141 seq=SSUUMUSRU applied=SSUUMUSRU writes=782 segments=113 chain_candidates=0
Q3 k=142 seq=MOUOUO applied=MOUOUO writes=454 segments=66 chain_candidates=0
Q3 k=143 seq=RUMUMSO applied=-UMUMSO writes=546 segments=79 chain_candidates=0
Q3 k=144 seq=RMUM applied=-MUM writes=348 segments=53 chain_candidates=0
Q3 k=145 seq=OUSMORMURUURSO applied=OUSMORMURUURSO writes=1033 segments=149 chain_candidates=0
Q3 k=146 seq=RROUOUMOSRU applied=--OUOUMOSRU writes=654 segments=93 chain_candidates=0
Q3 k=147 seq=RRSOOOORO applied=--SOOOORO writes=292 segments=38 chain_candidates=0
Q3 k=148 seq=UUUUOMSRUMSUM applied=UUUUOMSRUMSUM writes=1208 segments=173 chain_candidates=0
Q3 k=149 seq=SOSMMORSSM applied=SOSMMORSSM writes=484 segments=65 chain_candidates=0
Q3 k=150 seq=UOMOUOU applied=UOMOUOU writes=573 segments=83 chain_candidates=0
Q3 k=151 seq=USMSSS applied=USMSSS writes=380 segments=52 chain_candidates=0
Q3 k=152 seq=MURSSUMS applied=MURSSUMS writes=606 segments=86 chain_candidates=0
Q3 k=153 seq=MORSOUSUMMROMS applied=MO-SOUSUMMROMS writes=827 segments=115 chain_candidates=0
Q3 k=154 seq=MOSSUOMSSRSOUM applied=MOSSUOMSSRSOUM writes=830 segments=111 chain_candidates=0
Q3 k=155 seq=UMSSSU applied=UMSSSU writes=508 segments=72 chain_candidates=0
Q3 k=156 seq=RMMOMSUMR applied=-MMOMSUMR writes=575 segments=83 chain_candidates=0
Q3 k=157 seq=UMRSRO applied=UMRSRO writes=448 segments=66 chain_candidates=0
Q3 k=158 seq=MMOUORU applied=MMOUORU writes=569 segments=83 chain_candidates=0
Q3 k=159 seq=SMSS applied=SMSS writes=207 segments=29 chain_candidates=0
Q3 k=160 seq=RSMMRM applied=-SMM-M writes=283 segments=43 chain_candidates=0
Q3 k=161 seq=SUUSOSOORR applied=SUUSOSOORR writes=611 segments=82 chain_candidates=0
Q3 k=162 seq=RR applied=-- writes=70 segments=13 chain_candidates=0
Q3 k=163 seq=O applied=O writes=99 segments=16 chain_candidates=0
Q3 k=164 seq=OO applied=OO writes=128 segments=19 chain_candidates=0
Q3 k=165 seq=UOUUMROSSMRSOO applied=UOUUMROSSMRSOO writes=948 segments=131 chain_candidates=0
Q3 k=166 seq=MMSUOUMMMSRUR applied=MMSUOUMMMSRUR writes=983 segments=143 chain_candidates=0
Q3 k=167 seq=MSU applied=MSU writes=285 segments=43 chain_candidates=0
Q3 k=168 seq=OOSRMMUOUSOMUS applied=OOSRMMUOUSOMUS writes=904 segments=125 chain_candidates=0
Q3 k=169 seq=OUSR applied=OUSR writes=287 segments=43 chain_candidates=0
Q3 k=170 seq=UUUSMUMSUUMM applied=UUUSMUMSUUMM writes=1190 segments=173 chain_candidates=0
Q3 k=171 seq=MMRORUOR applied=MM-O-UOR writes=433 segments=63 chain_candidates=0
Q3 k=172 seq=SRUMMS applied=S-UMMS writes=381 segments=56 chain_candidates=0
Q3 k=173 seq=ROOROROMS applied=-OOROROMS writes=361 segments=49 chain_candidates=0
Q3 k=174 seq=MM applied=MM writes=208 segments=33 chain_candidates=0
Q3 k=175 seq=ORMMRSSR applied=O-MM-SSR writes=326 segments=46 chain_candidates=0
Q3 k=176 seq=MORSMMMU applied=MO-SMMMU writes=498 segments=73 chain_candidates=0
Q3 k=177 seq=RSOSRUSUSMUSU applied=-SOSRUSUSMUSU writes=877 segments=122 chain_candidates=0
Q3 k=178 seq=USOOO applied=USOOO writes=330 segments=45 chain_candidates=0
Q3 k=179 seq=MMROUOMSM applied=MM-OUOMSM writes=514 segments=73 chain_candidates=0
Q3 k=180 seq=UM applied=UM writes=273 segments=43 chain_candidates=0
Q3 k=181 seq=URROOMORMRRUUR applied=URROOMORMRRUUR writes=1050 segments=153 chain_candidates=0
Q3 k=182 seq=MSUSRMUSOS applied=MSUSRMUSOS writes=664 segments=92 chain_candidates=0
Q3 k=183 seq=OOUSUMUMOUUOS applied=OOUSUMUMOUUOS writes=994 segments=139 chain_candidates=0
Q3 k=184 seq=SRMMM applied=S-MMM writes=283 segments=43 chain_candidates=0
Q3 k=185 seq=SMRRSURROSRSS applied=SM--SURROSRSS writes=607 segments=82 chain_candidates=0
Q3 k=186 seq=MSUUU applied=MSUUU writes=557 segments=83 chain_candidates=0
Q3 k=187 seq=R applied=- writes=70 segments=13 chain_candidates=0
Q3 k=188 seq=SRM applied=S-M writes=145 segments=23 chain_candidates=0
Q3 k=189 seq=OUMO applied=OUMO writes=314 segments=46 chain_candidates=0
Q3 k=190 seq=SSSS applied=SSSS writes=186 segments=25 chain_candidates=0
Q3 k=191 seq=URURMUOOORMM applied=URURMUOOORMM writes=981 segments=142 chain_candidates=0
Q3 k=192 seq=M applied=M writes=137 segments=23 chain_candidates=0
Q3 k=193 seq=MRURURU applied=M-URURU writes=691 segments=103 chain_candidates=0
Q3 k=194 seq=SOSMSOMRUSM applied=SOSMSOMRUSM writes=599 segments=82 chain_candidates=0
Q3 k=195 seq=MS applied=MS writes=166 segments=26 chain_candidates=0
Q3 k=196 seq=SSROROOM applied=SSROROOM writes=382 segments=52 chain_candidates=0
Q3 k=197 seq=OUOMM applied=OUOMM writes=356 segments=53 chain_candidates=0
Q3 k=198 seq=MUMMRU applied=MUMMRU writes=616 segments=93 chain_candidates=0
Q3 k=199 seq=MRSROUUMMSMUU applied=M-S-OUUMMSMUU writes=910 segments=133 chain_candidates=0
Q3 k=200 seq=ROUOMRRSMR applied=-OUOMRRSMR writes=563 segments=83 chain_candidates=0
Q3 k=201 seq=OOSSMSOOMMRRU applied=OOSSMSOOMMRRU writes=735 segments=101 chain_candidates=0
Q3 k=202 seq=RRSSRUMSRUUMM applied=--SSRUMSRUUMM writes=837 segments=123 chain_candidates=0
Q3 k=203 seq=URSRRR applied=URSRRR writes=482 segments=73 chain_candidates=0
Q3 k=204 seq=UUURUOSMSSMUMU applied=UUURUOSMSSMUMU writes=1283 segments=182 chain_candidates=0
Q3 k=205 seq=OMMOMRURUOSUS applied=OMMOMRURUOSUS writes=890 segments=126 chain_candidates=0
Q3 k=206 seq=ORORUMRR applied=O-ORUMRR writes=484 segments=73 chain_candidates=0
Q3 k=207 seq=MMROSS applied=MM-OSS writes=307 segments=42 chain_candidates=0
Q3 k=208 seq=MUSSMMMUROS applied=MUSSMMMUROS writes=769 segments=109 chain_candidates=0
Q3 k=209 seq=S applied=S writes=99 segments=16 chain_candidates=0
Q3 k=210 seq=UUORMORUUOMUM applied=UUORMORUUOMUM writes=1125 segments=163 chain_candidates=0
Q3 k=211 seq=OUSS applied=OUSS writes=272 segments=39 chain_candidates=0
Q3 k=212 seq=OOOMUUSSRROS applied=OOOMUUSSRROS writes=724 segments=98 chain_candidates=0
Q3 k=213 seq=RMMSMOOOSUOR applied=-MMSMOOOSUOR writes=611 segments=82 chain_candidates=0
Q3 k=214 seq=MSOOSMUOMMUUS applied=MSOOSMUOMMUUS writes=914 segments=125 chain_candidates=0
Q3 k=215 seq=SSMRMORU applied=SSMRMORU writes=502 segments=73 chain_candidates=0
Q3 k=216 seq=RSMUUURMM applied=-SMUUURMM writes=764 segments=113 chain_candidates=0
Q3 k=217 seq=SS applied=SS writes=128 segments=19 chain_candidates=0
Q3 k=218 seq=RS applied=-S writes=99 segments=16 chain_candidates=0
Q3 k=219 seq=OSOSRSMRUOMO applied=OSOSRSMRUOMO writes=622 segments=85 chain_candidates=0
Q3 k=220 seq=MMORMMUMRRU applied=MMO-MMUMRRU writes=831 segments=123 chain_candidates=0
Q3 k=221 seq=RU applied=-U writes=202 segments=33 chain_candidates=0
Q3 k=222 seq=MRRRUSOUSR applied=M---USOUSR writes=518 segments=73 chain_candidates=0
Q3 k=223 seq=MMO applied=MMO writes=241 segments=36 chain_candidates=0
Q3 k=224 seq=URUORUOUMMRROS applied=URUORUOUMMRROS writes=1102 segments=159 chain_candidates=0
Q3 k=225 seq=RMORMOUUORO applied=-MO-MOUUORO writes=610 segments=86 chain_candidates=0
Q3 k=226 seq=OMUMOSURMUO applied=OMUMOSURMUO writes=821 segments=116 chain_candidates=0
Q3 k=227 seq=OMORRRMOS applied=OMORRRMOS writes=489 segments=69 chain_candidates=0
Q3 k=228 seq=SS applied=SS writes=128 segments=19 chain_candidates=0
Q3 k=229 seq=RMUOUOMSMMMSSS applied=-MUOUOMSMMMSSS writes=820 segments=112 chain_candidates=0
Q3 k=230 seq=MSMSRSUSOMRSRM applied=MSMSRSUSOMRSRM writes=741 segments=103 chain_candidates=0
Q3 k=231 seq=RRMOR applied=--MO- writes=166 segments=26 chain_candidates=0
Q3 k=232 seq=OURSMUSRUSUUR applied=OURSMUSRUSUUR writes=1076 segments=153 chain_candidates=4
  CHAIN seq=OURSMUSRUSUUR seg=123 u=#80(dev0 slot50270+1 txgSome(5)) l=#506(dev0 slot50270+2 txgSome(23)) x=#883(dev0 slot50271+1 txgSome(38)) y=#881(dev0 slot50270+1 txgSome(38))
  CHAIN seq=OURSMUSRUSUUR seg=123 u=#81(dev1 slot50270+1 txgSome(5)) l=#507(dev1 slot50270+2 txgSome(23)) x=#884(dev1 slot50271+1 txgSome(38)) y=#882(dev1 slot50270+1 txgSome(38))
  CHAIN seq=OURSMUSRUSUUR seg=123 u=#82(dev0 slot50271+1 txgSome(5)) l=#506(dev0 slot50270+2 txgSome(23)) x=#881(dev0 slot50270+1 txgSome(38)) y=#883(dev0 slot50271+1 txgSome(38))
Q3 k=233 seq=U applied=U writes=202 segments=33 chain_candidates=0
Q3 k=234 seq=SOSROSMUSS applied=SOSROSMUSS writes=507 segments=68 chain_candidates=0
Q3 k=235 seq=OOUUOO applied=OOUUOO writes=424 segments=59 chain_candidates=0
Q3 k=236 seq=OS applied=OS writes=128 segments=19 chain_candidates=0
Q3 k=237 seq=RSRMOURO applied=-S-MOURO writes=391 segments=56 chain_candidates=0
Q3 k=238 seq=OURUSRMM applied=OURUSRMM writes=630 segments=93 chain_candidates=0
Q3 k=239 seq=R applied=- writes=70 segments=13 chain_candidates=0
Q3 k=240 seq=ORS applied=O-S writes=128 segments=19 chain_candidates=0
Q3 k=241 seq=RMU applied=-MU writes=281 segments=43 chain_candidates=0
Q3 k=242 seq=OSSOMSSMOOR applied=OSSOMSSMOOR writes=479 segments=61 chain_candidates=0
Q3 k=243 seq=O applied=O writes=99 segments=16 chain_candidates=0
Q3 k=244 seq=USRMOOOUMO applied=USRMOOOUMO writes=685 segments=95 chain_candidates=0
Q3 k=245 seq=OROUOMSSSO applied=O-OUOMSSSO writes=433 segments=55 chain_candidates=0
Q3 k=246 seq=ROUOMRUSR applied=-OUOMRUSR writes=563 segments=83 chain_candidates=0
Q3 k=247 seq=SUOOMUO applied=SUOOMUO writes=470 segments=66 chain_candidates=0
Q3 k=248 seq=ORU applied=O-U writes=210 segments=33 chain_candidates=0
Q3 k=249 seq=RRSSMRUM applied=--SSMRUM writes=429 segments=63 chain_candidates=0
Q3 k=250 seq=ORMSOMU applied=O-MSOMU writes=372 segments=53 chain_candidates=0
Q3 k=251 seq=SSOROMRMMUU applied=SSOROMRMMUU writes=772 segments=112 chain_candidates=0
Q3 k=252 seq=RSM applied=-SM writes=145 segments=23 chain_candidates=0
Q3 k=253 seq=UM applied=UM writes=273 segments=43 chain_candidates=0
Q3 k=254 seq=UMROUU applied=UMROUU writes=618 segments=93 chain_candidates=0
Q3 k=255 seq=OURSORMMOS applied=OURSORMMOS writes=576 segments=79 chain_candidates=0
Q3 k=256 seq=RSMRM applied=-SM-M writes=216 segments=33 chain_candidates=0
Q3 k=257 seq=SMRMRRM applied=SM-M--M writes=283 segments=43 chain_candidates=0
Q3 k=258 seq=MMUOUUUM applied=MMUOUUUM writes=839 segments=123 chain_candidates=0
Q3 k=259 seq=ROSROSSR applied=-OSROSSR writes=311 segments=42 chain_candidates=0
Q3 k=260 seq=UOMMORSU applied=UOMMORSU writes=573 segments=83 chain_candidates=0
Q3 k=261 seq=RUMORMMMMOOMRM applied=-UMORMMMMOOMRM writes=845 segments=123 chain_candidates=0
Q3 k=262 seq=USOMSRU applied=USOMSRU writes=506 segments=73 chain_candidates=0
Q3 k=263 seq=SMUUSMOO applied=SMUUSMOO writes=570 segments=79 chain_candidates=0
Q3 k=264 seq=RSUS applied=-SUS writes=239 segments=36 chain_candidates=0
Q3 k=265 seq=SOSORSMSORUOR applied=SOSORSMSORUOR writes=611 segments=82 chain_candidates=0
Q3 k=266 seq=OMOSMRS applied=OMOSMRS writes=334 segments=46 chain_candidates=0
Q3 k=267 seq=OOROU applied=OOROU writes=291 segments=43 chain_candidates=0
Q3 k=268 seq=RMRMUSORUS applied=-M-MUSORUS writes=602 segments=86 chain_candidates=0
Q3 k=269 seq=UUMURSM applied=UUMURSM writes=705 segments=103 chain_candidates=0
Q3 k=270 seq=OUMORRMSS applied=OUMORRMSS writes=556 segments=79 chain_candidates=0
Q3 k=271 seq=UUOR applied=UUOR writes=423 segments=63 chain_candidates=0
Q3 k=272 seq=ORUOOR applied=O-UOOR writes=316 segments=46 chain_candidates=0
Q3 k=273 seq=M applied=M writes=137 segments=23 chain_candidates=0
Q3 k=274 seq=U applied=U writes=202 segments=33 chain_candidates=0
Q3 k=275 seq=SMMOOOUU applied=SMMOOOUU writes=583 segments=82 chain_candidates=0
Q3 k=276 seq=RMMSUMSR applied=-MMSUMSR writes=504 segments=73 chain_candidates=0
Q3 k=277 seq=SOMOSRM applied=SOMOSRM writes=376 segments=52 chain_candidates=0
Q3 k=278 seq=MUSROOSRMR applied=MUSROOSRMR writes=658 segments=92 chain_candidates=0
Q3 k=279 seq=MUMSUMMORROMUS applied=MUMSUMMORROMUS writes=1024 segments=146 chain_candidates=0
Q3 k=280 seq=OM applied=OM writes=145 segments=23 chain_candidates=0
Q3 k=281 seq=MRUMROMOUSOMSU applied=M-UMROMOUSOMSU writes=875 segments=123 chain_candidates=0
Q3 k=282 seq=OMSRMRMMRS applied=OMSRMRMMRS writes=590 segments=86 chain_candidates=0
Q3 k=283 seq=RRSRUUUUSMU applied=--S-UUUUSMU writes=849 segments=123 chain_candidates=0
Q3 k=284 seq=USMSROSUUSUU applied=USMSROSUUSUU writes=938 segments=133 chain_candidates=0
Q3 k=285 seq=RMUSM applied=-MUSM writes=360 segments=53 chain_candidates=0
Q3 k=286 seq=RSMROMRSR applied=-SM-OMRSR writes=366 segments=53 chain_candidates=0
Q3 k=287 seq=UUURORSRSROR applied=UUURORSRSROR writes=863 segments=123 chain_candidates=0
Q3 k=288 seq=RUSMRSMSM applied=-USMRSMSM writes=504 segments=73 chain_candidates=0
Q3 k=289 seq=USS applied=USS writes=264 segments=39 chain_candidates=0
Q3 k=290 seq=SRORR applied=S-ORR writes=216 segments=33 chain_candidates=0
Q3 k=291 seq=OUSORSUU applied=OUSORSUU writes=575 segments=83 chain_candidates=0
Q3 k=292 seq=SO applied=SO writes=128 segments=19 chain_candidates=0
Q3 k=293 seq=MMUORRSRURSOSR applied=MMUORRSRURSOSR writes=932 segments=132 chain_candidates=0
Q3 k=294 seq=SSOSUMOOS applied=SSOSUMOOS writes=467 segments=61 chain_candidates=0
Q3 k=295 seq=ORM applied=O-M writes=145 segments=23 chain_candidates=0
Q3 k=296 seq=UORORMOMS applied=UORORMOMS writes=539 segments=76 chain_candidates=0
Q3 k=297 seq=RU applied=-U writes=202 segments=33 chain_candidates=0
Q3 k=298 seq=RO applied=-O writes=99 segments=16 chain_candidates=0
Q3 k=299 seq=UMM applied=UMM writes=340 segments=53 chain_candidates=0
Q3 k=300 seq=SRRMRSUOURRUSS applied=S--M-SUOURRUSS writes=773 segments=109 chain_candidates=0
Q3 k=301 seq=RMOSROM applied=-MOSROM writes=326 segments=46 chain_candidates=0
Q3 k=302 seq=ROMMMORUMMSO applied=-OMMMORUMMSO writes=700 segments=99 chain_candidates=0
Q3 k=303 seq=SRORRMSOUOO applied=S-ORRMSOUOO writes=509 segments=69 chain_candidates=0
Q3 k=304 seq=OU applied=OU writes=210 segments=33 chain_candidates=0
Q3 k=305 seq=MUMSOMRSOUOS applied=MUMSOMRSOUOS writes=726 segments=99 chain_candidates=0
Q3 k=306 seq=M applied=M writes=137 segments=23 chain_candidates=0
Q3 k=307 seq=MUMRUUURMSSSO applied=MUMRUUURMSSSO writes=1105 segments=155 chain_candidates=0
Q3 k=308 seq=RSMS applied=-SMS writes=174 segments=26 chain_candidates=0
Q3 k=309 seq=M applied=M writes=137 segments=23 chain_candidates=0
Q3 k=310 seq=UMMRSUMUSSOU applied=UMMRSUMUSSOU writes=999 segments=142 chain_candidates=0
Q3 k=311 seq=M applied=M writes=137 segments=23 chain_candidates=0
Q3 k=312 seq=URRUUMUS applied=URRUUMUS writes=852 segments=126 chain_candidates=0
Q3 k=313 seq=SUMMSRS applied=SUMMSRS writes=458 segments=66 chain_candidates=0
Q3 k=314 seq=ROS applied=-OS writes=128 segments=19 chain_candidates=0
Q3 k=315 seq=RRUOORURRMOO applied=--UOORURRMOO writes=698 segments=99 chain_candidates=0
Q3 k=316 seq=OMMROU applied=OMM-OU writes=364 segments=53 chain_candidates=0
Q3 k=317 seq=SSO applied=SSO writes=157 segments=22 chain_candidates=0
Q3 k=318 seq=MSRS applied=MS-S writes=199 segments=29 chain_candidates=0
Q3 k=319 seq=MUUMURUSSRMM applied=MUUMURUSSRMM writes=1056 segments=153 chain_candidates=0
Q3 k=320 seq=OUMMMMM applied=OUMMMMM writes=549 segments=83 chain_candidates=0
Q3 k=321 seq=USMSOSOO applied=USMSOSOO writes=446 segments=58 chain_candidates=0
Q3 k=322 seq=OOMU applied=OOMU writes=289 segments=43 chain_candidates=0
Q3 k=323 seq=SSRS applied=SSRS writes=201 segments=29 chain_candidates=0
Q3 k=324 seq=SMORUR applied=SMORUR writes=423 segments=63 chain_candidates=0
Q3 k=325 seq=MOSMUMUSOM applied=MOSMUMUSOM writes=683 segments=96 chain_candidates=0
Q3 k=326 seq=MMOUSMMURSOMOS applied=MMOUSMMURSOMOS writes=897 segments=122 chain_candidates=0
Q3 k=327 seq=ROMM applied=-OMM writes=216 segments=33 chain_candidates=0
Q3 k=328 seq=OUUOROSSUUORU applied=OUUOROSSUUORU writes=1015 segments=142 chain_candidates=0
Q3 k=329 seq=OOMSRMOS applied=OOMSRMOS writes=367 segments=49 chain_candidates=0
Q3 k=330 seq=RRUROMU applied=--UROMU writes=494 segments=73 chain_candidates=0
Q3 k=331 seq=MUUSORSOMO applied=MUUSORSOMO writes=697 segments=95 chain_candidates=0
Q3 k=332 seq=R applied=- writes=70 segments=13 chain_candidates=0
Q3 k=333 seq=SMSROS applied=SMSROS writes=288 segments=39 chain_candidates=0
Q3 k=334 seq=OSUUSOUUSSRU applied=OSUUSOUUSSRU writes=879 segments=123 chain_candidates=0
Q3 k=335 seq=MMRRMOSRUR applied=MM--MOSRUR writes=565 segments=83 chain_candidates=0
Q3 k=336 seq=ORMSMSO applied=O-MSMSO writes=290 segments=39 chain_candidates=0
Q3 k=337 seq=UMUOSSO applied=UMUOSSO writes=541 segments=75 chain_candidates=0
Q3 k=338 seq=URUORRU applied=URUORRU writes=689 segments=103 chain_candidates=0
Q3 k=339 seq=ROUORRSRMUORR applied=-OUORRSRMUORR writes=778 segments=113 chain_candidates=0
Q3 k=340 seq=OMURUO applied=OMURUO writes=519 segments=76 chain_candidates=0
Q3 k=341 seq=MUUMRMSMMOOUR applied=MUUMRMSMMOOUR writes=991 segments=143 chain_candidates=0
Q3 k=342 seq=URS applied=URS writes=308 segments=46 chain_candidates=0
Q3 k=343 seq=MUSOMSSRUOOO applied=MUSOMSSRUOOO writes=751 segments=101 chain_candidates=0
Q3 k=344 seq=OUSRMU applied=OUSRMU writes=494 segments=73 chain_candidates=0
Q3 k=345 seq=MSMROUSRMOU applied=MSM-OUSRMOU writes=656 segments=93 chain_candidates=0
Q3 k=346 seq=USM applied=USM writes=281 segments=43 chain_candidates=0
Q3 k=347 seq=MS applied=MS writes=166 segments=26 chain_candidates=0
Q3 k=348 seq=M applied=M writes=137 segments=23 chain_candidates=0
Q3 k=349 seq=OSMSOU applied=OSMSOU writes=376 segments=52 chain_candidates=0
Q3 k=350 seq=SMS applied=SMS writes=174 segments=26 chain_candidates=0
Q3 k=351 seq=OUUM applied=OUUM writes=421 segments=63 chain_candidates=0
Q3 k=352 seq=MMSUUUORRMUR applied=MMSUUUORRMUR writes=1042 segments=153 chain_candidates=0
Q3 k=353 seq=MOOSUMORUSMS applied=MOOSUMORUSMS writes=760 segments=105 chain_candidates=0
Q3 k=354 seq=MRUMMS applied=M-UMMS writes=448 segments=66 chain_candidates=0
Q3 k=355 seq=O applied=O writes=99 segments=16 chain_candidates=0
Q3 k=356 seq=RU applied=-U writes=202 segments=33 chain_candidates=0
Q3 k=357 seq=MUMUO applied=MUMUO writes=517 segments=76 chain_candidates=0
Q3 k=358 seq=MUO applied=MUO writes=314 segments=46 chain_candidates=0
Q3 k=359 seq=OOROMROOSS applied=OOROMROOSS writes=427 segments=55 chain_candidates=0
Q3 k=360 seq=MMM applied=MMM writes=275 segments=43 chain_candidates=0
Q3 k=361 seq=OSRUOUM applied=OSRUOUM writes=502 segments=73 chain_candidates=0
Q3 k=362 seq=URMRUSMOMMMUOS applied=URMRUSMOMMMUOS writes=1041 segments=149 chain_candidates=0
Q3 k=363 seq=RU applied=-U writes=202 segments=33 chain_candidates=0
Q3 k=364 seq=MROOOSMRRR applied=M-OOOSMRRR writes=518 segments=72 chain_candidates=0
Q3 k=365 seq=SORR applied=SORR writes=216 segments=33 chain_candidates=0
Q3 k=366 seq=UMUOORSRUO applied=UMUOORSRUO writes=744 segments=106 chain_candidates=0
Q3 k=367 seq=RORROMMUSU applied=-O--OMMUSU writes=512 segments=73 chain_candidates=0
Q3 k=368 seq=SMO applied=SMO writes=174 segments=26 chain_candidates=0
Q3 k=369 seq=OOSUSO applied=OOSUSO writes=359 segments=48 chain_candidates=0
Q3 k=370 seq=OROORMMUMRMM applied=O-OORMMUMRMM writes=766 segments=112 chain_candidates=0
Q3 k=371 seq=M applied=M writes=137 segments=23 chain_candidates=0
Q3 k=372 seq=ROUSRRU applied=-OUSRRU writes=488 segments=73 chain_candidates=0
Q3 k=373 seq=O applied=O writes=99 segments=16 chain_candidates=0
Q3 k=374 seq=OMSRUU applied=OMSRUU writes=494 segments=73 chain_candidates=0
Q3 k=375 seq=URUROMURUROSU applied=URUROMURUROSU writes=1117 segments=163 chain_candidates=0
Q3 k=376 seq=MMOURSM applied=MMOURSM writes=504 segments=73 chain_candidates=0
Q3 k=377 seq=SOUOSOUSSRO applied=SOUOSOUSSRO writes=592 segments=78 chain_candidates=0
Q3 k=378 seq=UMSSSR applied=UMSSSR writes=437 segments=62 chain_candidates=0
Q3 k=379 seq=MSMROSOSMMMM applied=MSM-OSOSMMMM writes=595 segments=82 chain_candidates=0
Q3 k=380 seq=OMUSMRUMOSRM applied=OMUSMRUMOSRM writes=792 segments=113 chain_candidates=0
Q3 k=381 seq=SOMRMOS applied=SOMRMOS writes=355 segments=49 chain_candidates=0
Q3 k=382 seq=UOUU applied=UOUU writes=486 segments=73 chain_candidates=0
Q3 k=383 seq=RORUS applied=-O-US writes=239 segments=36 chain_candidates=0
Q3 k=384 seq=OM applied=OM writes=145 segments=23 chain_candidates=0
Q3 k=385 seq=URUUOOUMSOU applied=URUUOOUMSOU writes=938 segments=133 chain_candidates=0
Q3 k=386 seq=UMSMM applied=UMSMM writes=419 segments=63 chain_candidates=0
Q3 k=387 seq=R applied=- writes=70 segments=13 chain_candidates=0
Q3 k=388 seq=SS applied=SS writes=128 segments=19 chain_candidates=0
Q3 k=389 seq=RSSROUOORM applied=-SSROUOORM writes=443 segments=63 chain_candidates=0
Q3 k=390 seq=RUOS applied=-UOS writes=264 segments=39 chain_candidates=0
Q3 k=391 seq=RSU applied=-SU writes=210 segments=33 chain_candidates=0
Q3 k=392 seq=SUOSSOUSMRUSUR applied=SUOSSOUSMRUSUR writes=954 segments=132 chain_candidates=4
  CHAIN seq=SUOSSOUSMRUSUR seg=122 u=#80(dev0 slot50270+1 txgSome(5)) l=#457(dev0 slot50270+2 txgSome(20)) x=#897(dev0 slot50271+1 txgSome(38)) y=#895(dev0 slot50270+1 txgSome(38))
  CHAIN seq=SUOSSOUSMRUSUR seg=122 u=#81(dev1 slot50270+1 txgSome(5)) l=#458(dev1 slot50270+2 txgSome(20)) x=#898(dev1 slot50271+1 txgSome(38)) y=#896(dev1 slot50270+1 txgSome(38))
  CHAIN seq=SUOSSOUSMRUSUR seg=122 u=#82(dev0 slot50271+1 txgSome(5)) l=#457(dev0 slot50270+2 txgSome(20)) x=#895(dev0 slot50270+1 txgSome(38)) y=#897(dev0 slot50271+1 txgSome(38))
Q3 k=393 seq=RS applied=-S writes=99 segments=16 chain_candidates=0
Q3 k=394 seq=OSUR applied=OSUR writes=287 segments=43 chain_candidates=0
Q3 k=395 seq=ROROMRUUUOM applied=-O-OMRUUUOM writes=721 segments=103 chain_candidates=0
Q3 k=396 seq=OSMORRRUUSOMS applied=OSMORRRUUSOMS writes=777 segments=109 chain_candidates=0
Q3 k=397 seq=SSUSMUUSROUSMU applied=SSUSMUUSROUSMU writes=1017 segments=143 chain_candidates=0
Q3 k=398 seq=MOMOSUOSSOOS applied=MOMOSUOSSOOS writes=554 segments=71 chain_candidates=0
Q3 k=399 seq=RO applied=-O writes=99 segments=16 chain_candidates=0
Q3 k=400 seq=MUOUOR applied=MUOUOR writes=506 segments=73 chain_candidates=0
Q3 k=401 seq=UOUOSSS applied=UOUOSSS writes=474 segments=65 chain_candidates=0
Q3 k=402 seq=UR applied=UR writes=275 segments=43 chain_candidates=0
Q3 k=403 seq=UUOOROSMMR applied=UUOOROSMMR writes=721 segments=102 chain_candidates=0
Q3 k=404 seq=SMRU applied=SM-U writes=285 segments=43 chain_candidates=0
Q3 k=405 seq=UUMMOUOMUOMO applied=UUMMOUOMUOMO writes=959 segments=136 chain_candidates=0
Q3 k=406 seq=RS applied=-S writes=99 segments=16 chain_candidates=0
Q3 k=407 seq=MMUSSMMSM applied=MMUSSMMSM writes=585 segments=83 chain_candidates=0
Q3 k=408 seq=RRSSS applied=--SSS writes=157 segments=22 chain_candidates=0
Q3 k=409 seq=SRMUS applied=S-MUS writes=318 segments=46 chain_candidates=0
Q3 k=410 seq=SSURMMUSS applied=SSURMMUSS writes=623 segments=89 chain_candidates=0
Q3 k=411 seq=MMSRRMRSUSMRM applied=MMS--M-SUSMRM writes=654 segments=93 chain_candidates=0
Q3 k=412 seq=R applied=- writes=70 segments=13 chain_candidates=0
Q3 k=413 seq=SSRUSMRRRSM applied=SSRUSMRRRSM writes=640 segments=93 chain_candidates=0
Q3 k=414 seq=ORS applied=O-S writes=128 segments=19 chain_candidates=0
Q3 k=415 seq=MM applied=MM writes=208 segments=33 chain_candidates=0
Q3 k=416 seq=SOUURMURUU applied=SOUURMURUU writes=983 segments=143 chain_candidates=0
Q3 k=417 seq=RU applied=-U writes=202 segments=33 chain_candidates=0
Q3 k=418 seq=O applied=O writes=99 segments=16 chain_candidates=0
Q3 k=419 seq=MMMURRURS applied=MMMURRURS writes=783 segments=116 chain_candidates=0
Q3 k=420 seq=USOSS applied=USOSS writes=330 segments=45 chain_candidates=0
Q3 k=421 seq=OMS applied=OMS writes=174 segments=26 chain_candidates=0
Q3 k=422 seq=ROROSSOOOSR applied=-O-OSSOOOSR writes=354 segments=44 chain_candidates=0
Q3 k=423 seq=ORM applied=O-M writes=145 segments=23 chain_candidates=0
Q3 k=424 seq=MMOOROMOSM applied=MMOOROMOSM writes=530 segments=72 chain_candidates=0
Q3 k=425 seq=RMURUSOMSS applied=-MURUSOMSS writes=664 segments=92 chain_candidates=0
Q3 k=426 seq=URSMURSUMSUUSS applied=URSMURSUMSUUSS writes=1128 segments=159 chain_candidates=0
Q3 k=427 seq=UUROOUUMMS applied=UUROOUUMMS writes=874 segments=126 chain_candidates=0
Q3 k=428 seq=OSROMOSM applied=OSROMOSM writes=384 segments=52 chain_candidates=0
Q3 k=429 seq=URMUU applied=URMUU writes=626 segments=93 chain_candidates=0
Q3 k=430 seq=RS applied=-S writes=99 segments=16 chain_candidates=0
Q3 k=431 seq=URURORUOOMU applied=URURORUOOMU writes=912 segments=133 chain_candidates=0
Q3 k=432 seq=MSMROOM applied=MSM-OOM writes=328 segments=46 chain_candidates=0
Q3 k=433 seq=UM applied=UM writes=273 segments=43 chain_candidates=0
Q3 k=434 seq=UMROROROMMOUS applied=UMROROROMMOUS writes=819 segments=116 chain_candidates=0
Q3 k=435 seq=UOSMSSUUUU applied=UOSMSSUUUU writes=928 segments=132 chain_candidates=0
Q3 k=436 seq=US applied=US writes=231 segments=36 chain_candidates=0
Q3 k=437 seq=UOSSUOROOORU applied=UOSSUOROOORU writes=818 segments=111 chain_candidates=0
Q3 k=438 seq=MMUS applied=MMUS writes=377 segments=56 chain_candidates=0
Q3 k=439 seq=URURROOOSO applied=URURROOOSO writes=706 segments=98 chain_candidates=0
Q3 k=440 seq=ORRUSUOM applied=O--USUOM writes=437 segments=63 chain_candidates=0
Q3 k=441 seq=MMROOS applied=MM-OOS writes=307 segments=42 chain_candidates=0
Q3 k=442 seq=RMURSRRSSU applied=-MURSRRSSU writes=648 segments=93 chain_candidates=0
Q3 k=443 seq=RSRMOMM applied=-S-MOMM writes=291 segments=43 chain_candidates=0
Q3 k=444 seq=RMMRSSOMUOROMM applied=-MM-SSOMUOROMM writes=733 segments=102 chain_candidates=0
Q3 k=445 seq=SU applied=SU writes=210 segments=33 chain_candidates=0
Q3 k=446 seq=M applied=M writes=137 segments=23 chain_candidates=0
Q3 k=447 seq=OMMUMSMRRU applied=OMMUMSMRRU writes=768 segments=113 chain_candidates=0
Q3 k=448 seq=OM applied=OM writes=145 segments=23 chain_candidates=0
Q3 k=449 seq=URUSOOMRMRSS applied=URUSOOMRMRSS writes=840 segments=118 chain_candidates=0
Q3 k=450 seq=O applied=O writes=99 segments=16 chain_candidates=0
Q3 k=451 seq=SR applied=S- writes=99 segments=16 chain_candidates=0
Q3 k=452 seq=SRS applied=S-S writes=128 segments=19 chain_candidates=0
Q3 k=453 seq=ROMORMRSRR applied=-OMORMRSRR writes=500 segments=73 chain_candidates=0
Q3 k=454 seq=OUORRORSSRSR applied=OUORRORSSRSR writes=616 segments=86 chain_candidates=0
Q3 k=455 seq=M applied=M writes=137 segments=23 chain_candidates=0
Q3 k=456 seq=MRRMOMRRMRMUO applied=M--MOM--M-MUO writes=590 segments=86 chain_candidates=0
Q3 k=457 seq=UROOMRSOSUUO applied=UROOMRSOSUUO writes=835 segments=115 chain_candidates=0
Q3 k=458 seq=MR applied=M- writes=137 segments=23 chain_candidates=0
Q3 k=459 seq=R applied=- writes=70 segments=13 chain_candidates=0
Q3 k=460 seq=RSUOSRUMMSSR applied=-SUOSRUMMSSR writes=679 segments=96 chain_candidates=0
Q3 k=461 seq=OMURUOSSRMSSOM applied=OMURUOSSRMSSOM writes=887 segments=121 chain_candidates=0
Q3 k=462 seq=RUUMMRR applied=-UUMMRR writes=610 segments=93 chain_candidates=0
Q3 k=463 seq=ORSRR applied=O-SRR writes=216 segments=33 chain_candidates=0
Q3 k=464 seq=RURRMRUOOU applied=-URRMRUOOU writes=772 segments=113 chain_candidates=0
Q3 k=465 seq=USMRR applied=USMRR writes=411 segments=63 chain_candidates=0
Q3 k=466 seq=S applied=S writes=99 segments=16 chain_candidates=0
Q3 k=467 seq=SO applied=SO writes=128 segments=19 chain_candidates=0
Q3 k=468 seq=SUSS applied=SUSS writes=272 segments=39 chain_candidates=0
Q3 k=469 seq=ORU applied=O-U writes=210 segments=33 chain_candidates=0
Q3 k=470 seq=RORORSRMS applied=-O-ORSRMS writes=328 segments=46 chain_candidates=0
Q3 k=471 seq=OSOORMROOUS applied=OSOORMROOUS writes=559 segments=75 chain_candidates=0
Q3 k=472 seq=RMUUU applied=-MUUU writes=561 segments=83 chain_candidates=0
Q3 k=473 seq=UOSSOUMURORMRU applied=UOSSOUMURORMRU writes=1066 segments=152 chain_candidates=0
Q3 k=474 seq=SM applied=SM writes=145 segments=23 chain_candidates=0
Q3 k=475 seq=USRRM applied=USRRM writes=415 segments=63 chain_candidates=0
Q3 k=476 seq=USMOUMR applied=USMOUMR writes=569 segments=83 chain_candidates=0
Q3 k=477 seq=U applied=U writes=202 segments=33 chain_candidates=0
Q3 k=478 seq=MMMOSMSMRURU applied=MMMOSMSMRURU writes=847 segments=123 chain_candidates=0
Q3 k=479 seq=SROMR applied=S-OMR writes=218 segments=33 chain_candidates=0
Q3 k=480 seq=SSOSRUSMUUSMUU applied=SSOSRUSMUUSMUU writes=1076 segments=152 chain_candidates=0
Q3 k=481 seq=M applied=M writes=137 segments=23 chain_candidates=0
Q3 k=482 seq=S applied=S writes=99 segments=16 chain_candidates=0
Q3 k=483 seq=R applied=- writes=70 segments=13 chain_candidates=0
Q3 k=484 seq=OMOUSRUURRO applied=OMOUSRUURRO writes=817 segments=116 chain_candidates=0
Q3 k=485 seq=RUURMRRMU applied=-UURMRRMU writes=811 segments=123 chain_candidates=0
Q3 k=486 seq=SRUMSSRSU applied=S-UMSSRSU writes=518 segments=73 chain_candidates=0
Q3 k=487 seq=UUS applied=UUS writes=379 segments=56 chain_candidates=0
Q3 k=488 seq=USRRR applied=USRRR writes=409 segments=63 chain_candidates=0
Q3 k=489 seq=RMOOSOORROSMM applied=-MOOSOORROSMM writes=548 segments=72 chain_candidates=0
Q3 k=490 seq=SOURSOUMSS applied=SOURSOUMSS writes=580 segments=79 chain_candidates=0
Q3 k=491 seq=UMUU applied=UMUU writes=553 segments=83 chain_candidates=0
Q3 k=492 seq=UOSROORO applied=UOSROORO writes=472 segments=65 chain_candidates=0
Q3 k=493 seq=MOOOURRSOOUM applied=MOOOURRSOOUM writes=812 segments=111 chain_candidates=0
Q3 k=494 seq=SMOROUUUUS applied=SMOROUUUUS writes=811 segments=116 chain_candidates=0
Q3 k=495 seq=RUOUOMUSRUSUOU applied=-UOUOMUSRUSUOU writes=1070 segments=153 chain_candidates=4
  CHAIN seq=RUOUOMUSRUSUOU seg=132 u=#208(dev0 slot50334+1 txgSome(11)) l=#569(dev0 slot50334+2 txgSome(26)) x=#930(dev0 slot50335+1 txgSome(41)) y=#928(dev0 slot50334+1 txgSome(41))
  CHAIN seq=RUOUOMUSRUSUOU seg=132 u=#209(dev1 slot50334+1 txgSome(11)) l=#570(dev1 slot50334+2 txgSome(26)) x=#931(dev1 slot50335+1 txgSome(41)) y=#929(dev1 slot50334+1 txgSome(41))
  CHAIN seq=RUOUOMUSRUSUOU seg=132 u=#210(dev0 slot50335+1 txgSome(11)) l=#569(dev0 slot50334+2 txgSome(26)) x=#928(dev0 slot50334+1 txgSome(41)) y=#930(dev0 slot50335+1 txgSome(41))
Q3 k=496 seq=MMOU applied=MMOU writes=356 segments=53 chain_candidates=0
Q3 k=497 seq=MRSSROOU applied=M-SSROOU writes=445 segments=62 chain_candidates=0
Q3 k=498 seq=MSOURSUUS applied=MSOURSUUS writes=691 segments=96 chain_candidates=0
Q3 k=499 seq=RUUOOUSMMR applied=-UUOOUSMMR writes=721 segments=103 chain_candidates=0
Q3 k=500 seq=RO applied=-O writes=99 segments=16 chain_candidates=0
Q3 k=501 seq=RSRO applied=-S-O writes=128 segments=19 chain_candidates=0
Q3 k=502 seq=USOUMOMSUUMMS applied=USOUMOMSUUMMS writes=959 segments=136 chain_candidates=0
Q3 k=503 seq=RSUMSR applied=-SUMSR writes=358 segments=53 chain_candidates=0
Q3 k=504 seq=UMMSSMRURMORS applied=UMMSSMRURMORS writes=878 segments=126 chain_candidates=0
Q3 k=505 seq=MSORMOS applied=MSORMOS writes=359 segments=49 chain_candidates=0
Q3 k=506 seq=UROOMUUUR applied=UROOMUUUR writes=847 segments=123 chain_candidates=0
Q3 k=507 seq=SORMMRUUSR applied=SORMMRUUSR writes=711 segments=103 chain_candidates=0
Q3 k=508 seq=R applied=- writes=70 segments=13 chain_candidates=0
Q3 k=509 seq=OUMUOSMSOO applied=OUMUOSMSOO writes=632 segments=85 chain_candidates=0
Q3 k=510 seq=U applied=U writes=202 segments=33 chain_candidates=0
Q3 k=511 seq=SMUSORSMU applied=SMUSORSMU writes=589 segments=83 chain_candidates=0
Q3 k=512 seq=R applied=- writes=70 segments=13 chain_candidates=0
Q3 k=513 seq=MSOMRMUORMSUUR applied=MSOMRMUORMSUUR writes=997 segments=143 chain_candidates=0
Q3 k=514 seq=RRRRMSSM applied=----MSSM writes=249 segments=36 chain_candidates=0
Q3 k=515 seq=O applied=O writes=99 segments=16 chain_candidates=0
Q3 k=516 seq=ROMMOURUU applied=-OMMOURUU writes=701 segments=103 chain_candidates=0
Q3 k=517 seq=UUOUO applied=UUOUO writes=527 segments=76 chain_candidates=0
Q3 k=518 seq=MUURUORRUUR applied=MUURUORRUUR writes=1109 segments=163 chain_candidates=0
Q3 k=519 seq=OMMOUUM applied=OMMOUUM writes=567 segments=83 chain_candidates=0
Q3 k=520 seq=ORMSUUMSRSU applied=O-MSUUMSRSU writes=721 segments=103 chain_candidates=0
Q3 k=521 seq=UUMSORMSOOUM applied=UUMSORMSOOUM writes=871 segments=122 chain_candidates=0
Q3 k=522 seq=SOMSUMROSSM applied=SOMSUMROSSM writes=603 segments=82 chain_candidates=0
Q3 k=523 seq=ROSSOSS applied=-OSSOSS writes=244 segments=31 chain_candidates=0
Q3 k=524 seq=RUMUROOSUOROU applied=-UMUROOSUOROU writes=942 segments=132 chain_candidates=0
Q3 k=525 seq=R applied=- writes=70 segments=13 chain_candidates=0
Q3 k=526 seq=UUUMU applied=UUUMU writes=689 segments=103 chain_candidates=0
Q3 k=527 seq=SOSMSMROMOMS applied=SOSMSMROMOMS writes=559 segments=75 chain_candidates=0
Q3 k=528 seq=SOM applied=SOM writes=174 segments=26 chain_candidates=0
Q3 k=529 seq=OSRSMMSMRO applied=OSRSMMSMRO writes=474 segments=66 chain_candidates=0
Q3 k=530 seq=UROSRROSRR applied=UROSRROSRR writes=583 segments=83 chain_candidates=0
Q3 k=531 seq=ROMOSMSSM applied=-OMOSMSSM writes=390 segments=52 chain_candidates=0
Q3 k=532 seq=OUMUUMUSSOM applied=OUMUUMUSSOM writes=934 segments=132 chain_candidates=0
Q3 k=533 seq=MRM applied=M-M writes=208 segments=33 chain_candidates=0
Q3 k=534 seq=M applied=M writes=137 segments=23 chain_candidates=0
Q3 k=535 seq=SMMOOOS applied=SMMOOOS writes=348 segments=45 chain_candidates=0
Q3 k=536 seq=OORRSR applied=OORRSR writes=293 segments=43 chain_candidates=0
Q3 k=537 seq=RUU applied=-UU writes=346 segments=53 chain_candidates=0
Q3 k=538 seq=RMMRRMM applied=-MM--MM writes=342 segments=53 chain_candidates=0
Q3 k=539 seq=M applied=M writes=137 segments=23 chain_candidates=0
Q3 k=540 seq=MMOUUROS applied=MMOUUROS writes=627 segments=89 chain_candidates=0
Q3 k=541 seq=OOS applied=OOS writes=157 segments=22 chain_candidates=0
Q3 k=542 seq=OURM applied=OURM writes=354 segments=53 chain_candidates=0
Q3 k=543 seq=SRRMSOMS applied=S--MSOMS writes=290 segments=39 chain_candidates=0
Q3 k=544 seq=R applied=- writes=70 segments=13 chain_candidates=0
Q3 k=545 seq=UMMSM applied=UMMSM writes=419 segments=63 chain_candidates=0
test q3_static_exemption_chains_over_sampled_histories has been running for over 60 seconds
Q3 k=546 seq=UMRUOOSUSRRSRR applied=UMRUOOSUSRRSRR writes=1001 segments=142 chain_candidates=0
Q3 k=547 seq=OMMMURORRS applied=OMMMURORRS writes=667 segments=96 chain_candidates=0
Q3 k=548 seq=R applied=- writes=70 segments=13 chain_candidates=0
Q3 k=549 seq=UMMRUO applied=UMMRUO writes=574 segments=86 chain_candidates=0
Q3 k=550 seq=UUO applied=UUO writes=379 segments=56 chain_candidates=0
Q3 k=551 seq=SUUSUO applied=SUUSUO writes=535 segments=76 chain_candidates=0
Q3 k=552 seq=OOOSMSOUSSOSR applied=OOOSMSOUSSOSR writes=560 segments=71 chain_candidates=0
Q3 k=553 seq=UR applied=UR writes=275 segments=43 chain_candidates=0
Q3 k=554 seq=UR applied=UR writes=275 segments=43 chain_candidates=0
Q3 k=555 seq=SOUSRRSRMS applied=SOUSRRSRMS writes=541 segments=76 chain_candidates=0
Q3 k=556 seq=R applied=- writes=70 segments=13 chain_candidates=0
Q3 k=557 seq=RORUM applied=-O-UM writes=281 segments=43 chain_candidates=0
Q3 k=558 seq=MSSROMUUORROOR applied=MSSROMUUORROOR writes=829 segments=116 chain_candidates=0
Q3 k=559 seq=MMRMMRROOOMROU applied=MM-MM--OOOMROU writes=721 segments=102 chain_candidates=0
Q3 k=560 seq=SMSURU applied=SMSURU writes=502 segments=73 chain_candidates=0
Q3 k=561 seq=UMUURRUOSRSSM applied=UMUURRUOSRSSM writes=1066 segments=152 chain_candidates=0
Q3 k=562 seq=UORUM applied=UORUM writes=486 segments=73 chain_candidates=0
Q3 k=563 seq=UUORO applied=UUORO writes=456 segments=66 chain_candidates=0
Q3 k=564 seq=RM applied=-M writes=137 segments=23 chain_candidates=0
Q3 k=565 seq=RMROORO applied=-M-OORO writes=276 segments=39 chain_candidates=0
Q3 k=566 seq=MROOMMO applied=M-OOMMO writes=328 segments=46 chain_candidates=0
Q3 k=567 seq=SMRSUMRR applied=SM-SUMRR writes=494 segments=73 chain_candidates=0
Q3 k=568 seq=OSOROOM applied=OSOROOM writes=334 segments=45 chain_candidates=0
Q3 k=569 seq=OOO applied=OOO writes=157 segments=22 chain_candidates=0
Q3 k=570 seq=SOM applied=SOM writes=174 segments=26 chain_candidates=0
Q3 k=571 seq=SSUMSMMORMOMS applied=SSUMSMMORMOMS writes=691 segments=96 chain_candidates=0
Q3 k=572 seq=UMUMRMOMUUORS applied=UMUMRMOMUUORS writes=1073 segments=156 chain_candidates=0
Q3 k=573 seq=UMU applied=UMU writes=409 segments=63 chain_candidates=0
Q3 k=574 seq=RUR applied=-UR writes=275 segments=43 chain_candidates=0
Q3 k=575 seq=RRSRRMRSROMSU applied=--S--M-SROMSU writes=453 segments=63 chain_candidates=0
Q3 k=576 seq=OMORO applied=OMORO writes=255 segments=36 chain_candidates=0
Q3 k=577 seq=OOR applied=OOR writes=172 segments=26 chain_candidates=0
Q3 k=578 seq=URMRRSMRMUOSMM applied=URMRRSMRMUOSMM writes=981 segments=143 chain_candidates=0
Q3 k=579 seq=OMRU applied=OM-U writes=285 segments=43 chain_candidates=0
Q3 k=580 seq=UORRRMOMUSSM applied=UORRRMOMUSSM writes=803 segments=116 chain_candidates=0
Q3 k=581 seq=OOUMRMMOU applied=OOUMRMMOU writes=636 segments=93 chain_candidates=0
Q3 k=582 seq=URM applied=URM writes=346 segments=53 chain_candidates=0
Q3 k=583 seq=MMM applied=MMM writes=275 segments=43 chain_candidates=0
Q3 k=584 seq=ORRUMOOMOMMSRU applied=O--UMOOMOMMSRU writes=739 segments=103 chain_candidates=0
Q3 k=585 seq=US applied=US writes=231 segments=36 chain_candidates=0
Q3 k=586 seq=UUOUSS applied=UUOUSS writes=556 segments=79 chain_candidates=0
Q3 k=587 seq=RROMRRR applied=--OM--- writes=145 segments=23 chain_candidates=0
Q3 k=588 seq=RRSU applied=--SU writes=210 segments=33 chain_candidates=0
Q3 k=589 seq=MSUOMOU applied=MSUOMOU writes=512 segments=73 chain_candidates=0
Q3 k=590 seq=OR applied=O- writes=99 segments=16 chain_candidates=0
Q3 k=591 seq=SSOSOUUUSM applied=SSOSOUUUSM writes=656 segments=92 chain_candidates=0
Q3 k=592 seq=OOMSUSSMMUSMOO applied=OOMSUSSMMUSMOO writes=740 segments=99 chain_candidates=0
Q3 k=593 seq=ORSMRO applied=O-SMRO writes=251 segments=36 chain_candidates=0
Q3 k=594 seq=SUROSUS applied=SUROSUS writes=476 segments=66 chain_candidates=0
Q3 k=595 seq=ROSSSRRRSUOMMM applied=-OSSSRRRSUOMMM writes=733 segments=102 chain_candidates=0
Q3 k=596 seq=U applied=U writes=202 segments=33 chain_candidates=0
Q3 k=597 seq=SSOUUSMMMUSROM applied=SSOUUSMMMUSROM writes=938 segments=132 chain_candidates=0
Q3 k=598 seq=SOSMORURSURUS applied=SOSMORURSURUS writes=896 segments=125 chain_candidates=0
Q3 k=599 seq=SOS applied=SOS writes=157 segments=22 chain_candidates=0
Q3 k=600 seq=RSSSRSRSM applied=-SSSRSRSM writes=386 segments=52 chain_candidates=0
Q3 k=601 seq=UOMOSUOUR applied=UOMOSUOUR writes=658 segments=93 chain_candidates=0
Q3 k=602 seq=URRUMURSM applied=URRUMURSM writes=835 segments=123 chain_candidates=0
Q3 k=603 seq=SU applied=SU writes=210 segments=33 chain_candidates=0
Q3 k=604 seq=RSSUROMO applied=-SSUROMO writes=399 segments=56 chain_candidates=0
Q3 k=605 seq=MSU applied=MSU writes=285 segments=43 chain_candidates=0
Q3 k=606 seq=SRUOSOORRSUUM applied=S-UOSOORRSUUM writes=802 segments=112 chain_candidates=0
Q3 k=607 seq=RMUORRO applied=-MUORRO writes=456 segments=66 chain_candidates=0
Q3 k=608 seq=SOUOSMOMUUS applied=SOUOSMOMUUS writes=693 segments=96 chain_candidates=0
Q3 k=609 seq=UMR applied=UMR writes=338 segments=53 chain_candidates=0
Q3 k=610 seq=O applied=O writes=99 segments=16 chain_candidates=0
Q3 k=611 seq=ROUSMURM applied=-OUSMURM writes=561 segments=83 chain_candidates=0
Q3 k=612 seq=UORRRSU applied=UORRRSU writes=557 segments=83 chain_candidates=0
Q3 k=613 seq=SRUMMSRUUMOMOS applied=S-UMMSRUUMOMOS writes=909 segments=129 chain_candidates=0
Q3 k=614 seq=SSMUUMUM applied=SSMUUMUM writes=703 segments=103 chain_candidates=0
Q3 k=615 seq=UURU applied=UURU writes=547 segments=83 chain_candidates=0
Q3 k=616 seq=SSRRUOUSSSSM applied=SSRRUOUSSSSM writes=674 segments=92 chain_candidates=0
Q3 k=617 seq=RUOSSUUUS applied=-UOSSUUUS writes=738 segments=105 chain_candidates=0
Q3 k=618 seq=SOUMUUURMMSOS applied=SOUMUUURMMSOS writes=1015 segments=142 chain_candidates=0
Q3 k=619 seq=SMU applied=SMU writes=285 segments=43 chain_candidates=0
Q3 k=620 seq=RU applied=-U writes=202 segments=33 chain_candidates=0
Q3 k=621 seq=UMOMO applied=UMOMO writes=385 segments=56 chain_candidates=0
Q3 k=622 seq=OOMOUSSSOOO applied=OOMOUSSSOOO writes=487 segments=61 chain_candidates=0
Q3 k=623 seq=RSRSRSMMRUROM applied=-S-SRSMMRUROM writes=646 segments=93 chain_candidates=0
Q3 k=624 seq=MSMMORMMUURRU applied=MSMMORMMUURRU writes=1036 segments=153 chain_candidates=0
Q3 k=625 seq=USS applied=USS writes=264 segments=39 chain_candidates=0
Q3 k=626 seq=MSROU applied=MS-OU writes=293 segments=43 chain_candidates=0
Q3 k=627 seq=MRU applied=M-U writes=281 segments=43 chain_candidates=0
Q3 k=628 seq=URSO applied=URSO writes=341 segments=49 chain_candidates=0
Q3 k=629 seq=MROMMUSMRS applied=M-OMMUSMRS writes=596 segments=86 chain_candidates=0
Q3 k=630 seq=UOSOOROOUR applied=UOSOOROOUR writes=607 segments=82 chain_candidates=0
Q3 k=631 seq=MRRM applied=M--M writes=208 segments=33 chain_candidates=0
Q3 k=632 seq=RUUUROUUOSSU applied=-UUUROUUOSSU writes=1074 segments=152 chain_candidates=0
Q3 k=633 seq=UMORSSUORRR applied=UMORSSUORRR writes=717 segments=103 chain_candidates=0
Q3 k=634 seq=URRS applied=URRS writes=373 segments=56 chain_candidates=0
Q3 k=635 seq=M applied=M writes=137 segments=23 chain_candidates=0
Q3 k=636 seq=SOSORRMRSSSRR applied=SOSORRMRSSSRR writes=668 segments=91 chain_candidates=0
Q3 k=637 seq=OOMRMS applied=OOMRMS writes=322 segments=46 chain_candidates=0
Q3 k=638 seq=UOOSOS applied=UOOSOS writes=363 segments=48 chain_candidates=0
Q3 k=639 seq=RUM applied=-UM writes=273 segments=43 chain_candidates=0
Q3 k=640 seq=RROMROMOSSOSS applied=--OM-OMOSSOSS writes=422 segments=51 chain_candidates=0
Q3 k=641 seq=ORMRRS applied=O-M--S writes=174 segments=26 chain_candidates=0
Q3 k=642 seq=RRRO applied=---O writes=99 segments=16 chain_candidates=0
Q3 k=643 seq=USRUROSOMOSM applied=USRUROSOMOSM writes=762 segments=105 chain_candidates=0
Q3 k=644 seq=SOSSMSORMRMUUM applied=SOSSMSORMRMUUM writes=863 segments=122 chain_candidates=0
Q3 k=645 seq=UUOUMOMROUO applied=UUOUMOMROUO writes=890 segments=126 chain_candidates=0
Q3 k=646 seq=OOUMOMRM applied=OOUMOMRM writes=500 segments=73 chain_candidates=0
Q3 k=647 seq=USOMMSSORUS applied=USOMMSSORUS writes=693 segments=95 chain_candidates=0
Q3 k=648 seq=MUUROSRUOORS applied=MUUROSRUOORS writes=858 segments=119 chain_candidates=0
Q3 k=649 seq=UOMUOMOMS applied=UOMUOMOMS writes=608 segments=86 chain_candidates=0
Q3 k=650 seq=MSRSMOSSOOUOSR applied=MS-SMOSSOOUOSR writes=656 segments=84 chain_candidates=0
Q3 k=651 seq=OUURR applied=OUURR writes=484 segments=73 chain_candidates=0
Q3 k=652 seq=MUR applied=MUR writes=346 segments=53 chain_candidates=0
Q3 k=653 seq=RSURO applied=-SURO writes=316 segments=46 chain_candidates=0
Q3 k=654 seq=RMUSUUMOUO applied=-MUSUUMOUO writes=813 segments=116 chain_candidates=0
Q3 k=655 seq=O applied=O writes=99 segments=16 chain_candidates=0
Q3 k=656 seq=SMSORRSRSRMSU applied=SMSORRSRSRMSU writes=668 segments=93 chain_candidates=0
Q3 k=657 seq=M applied=M writes=137 segments=23 chain_candidates=0
Q3 k=658 seq=MMMRSMM applied=MMM-SMM writes=421 segments=63 chain_candidates=0
Q3 k=659 seq=MRUOSS applied=M-UOSS writes=380 segments=52 chain_candidates=0
Q3 k=660 seq=SMOOMOS applied=SMOOMOS writes=323 segments=42 chain_candidates=0
Q3 k=661 seq=UUR applied=UUR writes=411 segments=63 chain_candidates=0
Q3 k=662 seq=R applied=- writes=70 segments=13 chain_candidates=0
Q3 k=663 seq=UUOSORM applied=UUOSORM writes=577 segments=82 chain_candidates=0
Q3 k=664 seq=OOOUSOSMRROO applied=OOOUSOSMRROO writes=655 segments=87 chain_candidates=0
Q3 k=665 seq=SMO applied=SMO writes=174 segments=26 chain_candidates=0
Q3 k=666 seq=OOUOSMMO applied=OOUOSMMO writes=413 segments=56 chain_candidates=0
Q3 k=667 seq=UMUOOSSOUU applied=UMUOOSSOUU writes=800 segments=112 chain_candidates=0
Q3 k=668 seq=MRUURUOSRRUSU applied=M-UURUOSRRUSU writes=1060 segments=153 chain_candidates=0
Q3 k=669 seq=SSR applied=SSR writes=172 segments=26 chain_candidates=0
Q3 k=670 seq=OMMUOMO applied=OMMUOMO writes=468 segments=66 chain_candidates=0
Q3 k=671 seq=UOUROUSU applied=UOUROUSU writes=719 segments=103 chain_candidates=0
Q3 k=672 seq=USOOUSSOURMS applied=USOOUSSOURMS writes=845 segments=114 chain_candidates=0
Q3 k=673 seq=SMS applied=SMS writes=174 segments=26 chain_candidates=0
Q3 k=674 seq=SROUUSMUUM applied=S-OUUSMUUM writes=780 segments=113 chain_candidates=0
Q3 k=675 seq=SM applied=SM writes=145 segments=23 chain_candidates=0
Q3 k=676 seq=MRROSRU applied=M--OSRU writes=358 segments=53 chain_candidates=0
Q3 k=677 seq=SSROOO applied=SSROOO writes=259 segments=35 chain_candidates=0
Q3 k=678 seq=MMUMSUOOU applied=MMUMSUOOU writes=719 segments=103 chain_candidates=0
Q3 k=679 seq=RORMOSUMSMSRO applied=-O-MOSUMSMSRO writes=565 segments=76 chain_candidates=0
Q3 k=680 seq=MUMOSSUSSMOUM applied=MUMOSSUSSMOUM writes=885 segments=122 chain_candidates=0
Q3 k=681 seq=USMSUSROROMU applied=USMSUSROROMU writes=794 segments=113 chain_candidates=0
Q3 k=682 seq=UOUUORMRUOMSU applied=UOUUORMRUOMSU writes=1058 segments=153 chain_candidates=0
Q3 k=683 seq=RRRRO applied=----O writes=99 segments=16 chain_candidates=0
Q3 k=684 seq=RSSSOSSROSORU applied=-SSSOSSROSORU writes=621 segments=80 chain_candidates=0
Q3 k=685 seq=MR applied=M- writes=137 segments=23 chain_candidates=0
Q3 k=686 seq=MRRRUROROOURR applied=M---UROROOURR writes=713 segments=103 chain_candidates=0
Q3 k=687 seq=SUSRR applied=SUSRR writes=352 segments=53 chain_candidates=0
Q3 k=688 seq=MORU applied=MO-U writes=285 segments=43 chain_candidates=0
Q3 k=689 seq=SMRSM applied=SM-SM writes=224 segments=33 chain_candidates=0
Q3 k=690 seq=U applied=U writes=202 segments=33 chain_candidates=0
Q3 k=691 seq=OMSO applied=OMSO writes=207 segments=29 chain_candidates=0
Q3 k=692 seq=MSURMORM applied=MSURMORM writes=565 segments=83 chain_candidates=0
Q3 k=693 seq=RSRUMSMMSSROUR applied=-S-UMSMMSSROUR writes=729 segments=103 chain_candidates=0
Q3 k=694 seq=USMUURU applied=USMUURU writes=754 segments=113 chain_candidates=0
Q3 k=695 seq=USUOOSSUURMSR applied=USUOOSSUURMSR writes=946 segments=132 chain_candidates=8
  CHAIN seq=USUOOSSUURMSR seg=102 u=#82(dev0 slot50270+1 txgSome(5)) l=#354(dev0 slot50270+2 txgSome(17)) x=#741(dev0 slot50271+1 txgSome(32)) y=#739(dev0 slot50270+1 txgSome(32))
  CHAIN seq=USUOOSSUURMSR seg=102 u=#83(dev1 slot50270+1 txgSome(5)) l=#355(dev1 slot50270+2 txgSome(17)) x=#742(dev1 slot50271+1 txgSome(32)) y=#740(dev1 slot50270+1 txgSome(32))
  CHAIN seq=USUOOSSUURMSR seg=102 u=#84(dev0 slot50271+1 txgSome(5)) l=#354(dev0 slot50270+2 txgSome(17)) x=#739(dev0 slot50270+1 txgSome(32)) y=#741(dev0 slot50271+1 txgSome(32))
Q3 k=696 seq=RMMROSS applied=-MM-OSS writes=307 segments=42 chain_candidates=0
Q3 k=697 seq=RRRUMMSUMRORS applied=---UMMSUMRORS writes=738 segments=106 chain_candidates=0
Q3 k=698 seq=MURSROSSOSM applied=MURSROSSOSM writes=634 segments=85 chain_candidates=0
Q3 k=699 seq=R applied=- writes=70 segments=13 chain_candidates=0
Q3 k=700 seq=R applied=- writes=70 segments=13 chain_candidates=0
Q3 k=701 seq=R applied=- writes=70 segments=13 chain_candidates=0
Q3 k=702 seq=UORR applied=UORR writes=344 segments=53 chain_candidates=0
Q3 k=703 seq=MMSU applied=MMSU writes=356 segments=53 chain_candidates=0
Q3 k=704 seq=UM applied=UM writes=273 segments=43 chain_candidates=0
Q3 k=705 seq=SRRUSS applied=S--USS writes=272 segments=39 chain_candidates=0
Q3 k=706 seq=S applied=S writes=99 segments=16 chain_candidates=0
Q3 k=707 seq=USUMUSRMOOSMU applied=USUMUSRMOOSMU writes=1003 segments=142 chain_candidates=0
Q3 k=708 seq=S applied=S writes=99 segments=16 chain_candidates=0
Q3 k=709 seq=MUMSSSUOSUMSOM applied=MUMSSSUOSUMSOM writes=918 segments=125 chain_candidates=0
Q3 k=710 seq=SUROSUMSOUR applied=SUROSUMSOUR writes=739 segments=103 chain_candidates=0
Q3 k=711 seq=SUUOUUU applied=SUUOUUU writes=778 segments=113 chain_candidates=0
Q3 k=712 seq=RURUMMOOUR applied=-URUMMOOUR writes=770 segments=113 chain_candidates=0
Q3 k=713 seq=ORUOMMORSUU applied=O-UOMMORSUU writes=713 segments=103 chain_candidates=0
Q3 k=714 seq=MOOOMRU applied=MOOOMRU writes=504 segments=72 chain_candidates=0
Q3 k=715 seq=SOSRSRUOSUO applied=SOSRSRUOSUO writes=624 segments=85 chain_candidates=0
Q3 k=716 seq=S applied=S writes=99 segments=16 chain_candidates=0
Q3 k=717 seq=MMOMUOOUSUMO applied=MMOMUOOUSUMO writes=827 segments=116 chain_candidates=0
Q3 k=718 seq=MUSRSORO applied=MUSRSORO writes=501 segments=69 chain_candidates=0
Q3 k=719 seq=OSOUUMRRO applied=OSOUUMRRO writes=663 segments=95 chain_candidates=0
Q3 k=720 seq=MRMOUMRSOOR applied=M-MOUMRSOOR writes=660 segments=92 chain_candidates=0
Q3 k=721 seq=SUUSRSS applied=SUUSRSS writes=497 segments=69 chain_candidates=0
Q3 k=722 seq=ROURUSUM applied=-OURUSUM writes=634 segments=93 chain_candidates=0
Q3 k=723 seq=UMSMO applied=UMSMO writes=385 segments=56 chain_candidates=0
Q3 k=724 seq=RSRRUMORRO applied=-S--UMORRO writes=456 segments=66 chain_candidates=0
Q3 k=725 seq=OUMSMUSMMUU applied=OUMSMUSMMUU writes=926 segments=133 chain_candidates=0
Q3 k=726 seq=OMSR applied=OMSR writes=222 segments=33 chain_candidates=0
Q3 k=727 seq=OOROOSMMSROUUO applied=OOROOSMMSROUUO writes=782 segments=105 chain_candidates=0
Q3 k=728 seq=ORURUUS applied=O-URUUS writes=588 segments=86 chain_candidates=0
Q3 k=729 seq=USOOUM applied=USOOUM writes=504 segments=72 chain_candidates=0
Q3 k=730 seq=ORURMSMSROSMUS applied=O-URMSMSROSMUS writes=770 segments=106 chain_candidates=0
Q3 k=731 seq=SSOUMSM applied=SSOUMSM writes=439 segments=62 chain_candidates=0
Q3 k=732 seq=UMUORUU applied=UMUORUU writes=762 segments=113 chain_candidates=0
Q3 k=733 seq=MRUURMOUUURR applied=M-UURMOUUURR writes=1115 segments=163 chain_candidates=0
Q3 k=734 seq=OMRRRMSUMMUMSS applied=OM---MSUMMUMSS writes=771 segments=109 chain_candidates=0
Q3 k=735 seq=RMOSOSRS applied=-MOSOSRS writes=342 segments=45 chain_candidates=0
Q3 k=736 seq=MMSOMRRSOO applied=MMSOMRRSOO writes=528 segments=72 chain_candidates=0
Q3 k=737 seq=OMRMSMUMURMOM applied=OM-MSMUMURMOM writes=853 segments=123 chain_candidates=0
Q3 k=738 seq=SMUMSMMUUSO applied=SMUMSMMUUSO writes=832 segments=119 chain_candidates=0
Q3 k=739 seq=M applied=M writes=137 segments=23 chain_candidates=0
Q3 k=740 seq=OOU applied=OOU writes=222 segments=33 chain_candidates=0
Q3 k=741 seq=SRMSMS applied=S-MSMS writes=257 segments=36 chain_candidates=0
Q3 k=742 seq=USM applied=USM writes=281 segments=43 chain_candidates=0
Q3 k=743 seq=USM applied=USM writes=281 segments=43 chain_candidates=0
Q3 k=744 seq=OSUMM applied=OSUMM writes=356 segments=53 chain_candidates=0
Q3 k=745 seq=RMMSSSOMOS applied=-MMSSSOMOS writes=452 segments=58 chain_candidates=0
Q3 k=746 seq=SUMS applied=SUMS writes=314 segments=46 chain_candidates=0
Q3 k=747 seq=SOROUSUROS applied=SOROUSUROS writes=570 segments=79 chain_candidates=0
Q3 k=748 seq=ROROOOURSUOOO applied=-O-OOOURSUOOO writes=605 segments=81 chain_candidates=0
Q3 k=749 seq=OOUUM applied=OOUUM writes=429 segments=63 chain_candidates=0
Q3 k=750 seq=SOUMSUU applied=SOUMSUU writes=569 segments=83 chain_candidates=0
Q3 k=751 seq=MMRSSSMSUUSS applied=MM-SSSMSUUSS writes=720 segments=98 chain_candidates=0
Q3 k=752 seq=MUMMRURUORRURM applied=MUMMRURUORRURM writes=1235 segments=183 chain_candidates=0
Q3 k=753 seq=SRORUSU applied=S-ORUSU writes=435 segments=63 chain_candidates=0
Q3 k=754 seq=R applied=- writes=70 segments=13 chain_candidates=0
Q3 k=755 seq=RMRUUMORMRRS applied=-M-UUMORMRRS writes=795 segments=116 chain_candidates=0
Q3 k=756 seq=OUMOSOMM applied=OUMOSOMM writes=514 segments=72 chain_candidates=0
Q3 k=757 seq=UORUOMMOM applied=UORUOMMOM writes=640 segments=93 chain_candidates=0
Q3 k=758 seq=MRROROOSORMURO applied=M--O-OOSORMURO writes=630 segments=85 chain_candidates=0
Q3 k=759 seq=OSOSROMMMSRR applied=OSOSROMMMSRR writes=585 segments=82 chain_candidates=0
Q3 k=760 seq=USUROSMMSS applied=USUROSMMSS writes=643 segments=89 chain_candidates=0
Q3 k=761 seq=MM applied=MM writes=208 segments=33 chain_candidates=0
Q3 k=762 seq=USRUUMMRRUO applied=USRUUMMRRUO writes=980 segments=146 chain_candidates=0
Q3 k=763 seq=UMOROMS applied=UMOROMS writes=462 segments=66 chain_candidates=0
Q3 k=764 seq=RSS applied=-SS writes=128 segments=19 chain_candidates=0
Q3 k=765 seq=RSUSSORRRSS applied=-SUSSORRRSS writes=566 segments=78 chain_candidates=0
Q3 k=766 seq=RROMUUMURRO applied=--OMUUMURRO writes=799 segments=116 chain_candidates=0
Q3 k=767 seq=SSRORRSSRMSUO applied=SSRORRSSRMSUO writes=634 segments=86 chain_candidates=0
Q3 k=768 seq=UUSOSRMR applied=UUSOSRMR writes=642 segments=92 chain_candidates=0
Q3 k=769 seq=ROMROS applied=-OM-OS writes=207 segments=29 chain_candidates=0
Q3 k=770 seq=US applied=US writes=231 segments=36 chain_candidates=0
Q3 k=771 seq=MMROROUOM applied=MM-O-OUOM writes=447 segments=63 chain_candidates=0
Q3 k=772 seq=SOUSMOMOSMROSR applied=SOUSMOMOSMROSR writes=654 segments=86 chain_candidates=0
Q3 k=773 seq=OOSRROMR applied=OOSRROMR writes=439 segments=62 chain_candidates=0
Q3 k=774 seq=OMM applied=OMM writes=216 segments=33 chain_candidates=0
Q3 k=775 seq=O applied=O writes=99 segments=16 chain_candidates=0
Q3 k=776 seq=OOURUORUMMM applied=OOURUORUMMM writes=845 segments=123 chain_candidates=0
Q3 k=777 seq=OSSU applied=OSSU writes=293 segments=42 chain_candidates=0
Q3 k=778 seq=RURUUROOM applied=-URUUROOM writes=736 segments=106 chain_candidates=0
Q3 k=779 seq=MOOURORRUMSRMS applied=MOOURORRUMSRMS writes=892 segments=126 chain_candidates=0
Q3 k=780 seq=S applied=S writes=99 segments=16 chain_candidates=0
Q3 k=781 seq=M applied=M writes=137 segments=23 chain_candidates=0
Q3 k=782 seq=RS applied=-S writes=99 segments=16 chain_candidates=0
Q3 k=783 seq=O applied=O writes=99 segments=16 chain_candidates=0
Q3 k=784 seq=OUSRM applied=OUSRM writes=358 segments=53 chain_candidates=0
Q3 k=785 seq=UOUMMSURR applied=UOUMMSURR writes=766 segments=113 chain_candidates=0
Q3 k=786 seq=URMOU applied=URMOU writes=494 segments=73 chain_candidates=0
Q3 k=787 seq=RRMRRSOSSOS applied=--M--SOSSOS writes=331 segments=41 chain_candidates=0
Q3 k=788 seq=RMSSUUSUOSRM applied=-MSSUUSUOSRM writes=733 segments=103 chain_candidates=0
Q3 k=789 seq=SROOSRUU applied=S-OOSRUU writes=506 segments=72 chain_candidates=0
Q3 k=790 seq=OROUOMRSOOOOSR applied=O-OUOMRSOOOOSR writes=629 segments=81 chain_candidates=0
Q3 k=791 seq=SSRUSSUORMU applied=SSRUSSUORMU writes=735 segments=103 chain_candidates=0
Q3 k=792 seq=ROOUOMMM applied=-OOUOMMM writes=435 segments=63 chain_candidates=0
Q3 k=793 seq=OUR applied=OUR writes=283 segments=43 chain_candidates=0
Q3 k=794 seq=OOSMSSMSRU applied=OOSMSSMSRU writes=528 segments=72 chain_candidates=0
Q3 k=795 seq=SSMSUMOMR applied=SSMSUMOMR writes=516 segments=73 chain_candidates=0
Q3 k=796 seq=SRSSOSSUUOU applied=S-SSOSSUUOU writes=672 segments=91 chain_candidates=0
Q3 k=797 seq=M applied=M writes=137 segments=23 chain_candidates=0
Q3 k=798 seq=RURSMSUUUMMROS applied=-URSMSUUUMMROS writes=1047 segments=149 chain_candidates=0
Q3 k=799 seq=MRUOURUOSSSM applied=M-UOURUOSSSM writes=808 segments=112 chain_candidates=0
Q3 k=800 seq=UMOUMMRSUS applied=UMOUMMRSUS writes=805 segments=116 chain_candidates=0
Q3 k=801 seq=MOOOMSOMUSMOR applied=MOOOMSOMUSMOR writes=686 segments=92 chain_candidates=0
Q3 k=802 seq=SOOM applied=SOOM writes=224 segments=32 chain_candidates=0
Q3 k=803 seq=URSR applied=URSR writes=352 segments=53 chain_candidates=0
Q3 k=804 seq=OROSSSRRUSURU applied=O-OSSSRRUSURU writes=796 segments=112 chain_candidates=0
Q3 k=805 seq=MSRMOOMUMMU applied=MS-MOOMUMMU writes=717 segments=103 chain_candidates=0
Q3 k=806 seq=UMOOSUORMROSOM applied=UMOOSUORMROSOM writes=895 segments=121 chain_candidates=0
Q3 k=807 seq=U applied=U writes=202 segments=33 chain_candidates=0
Q3 k=808 seq=UUUUUMRUSSUUM applied=UUUUUMRUSSUUM writes=1397 segments=203 chain_candidates=0
Q3 k=809 seq=OMSSUSOM applied=OMSSUSOM writes=413 segments=56 chain_candidates=0
Q3 k=810 seq=SROSOMRRM applied=S-OSOMRRM writes=433 segments=62 chain_candidates=0
Q3 k=811 seq=OORMOMOORMRSR applied=OORMOMOORMRSR writes=599 segments=83 chain_candidates=0
Q3 k=812 seq=SSSS applied=SSSS writes=186 segments=25 chain_candidates=0
Q3 k=813 seq=UUOUORSOUUMSRM applied=UUOUORSOUUMSRM writes=1074 segments=153 chain_candidates=0
Q3 k=814 seq=RUOSO applied=-UOSO writes=297 segments=42 chain_candidates=0
Q3 k=815 seq=URUUORRRSRR applied=URUUORRRSRR writes=900 segments=133 chain_candidates=0
Q3 k=816 seq=MRU applied=M-U writes=281 segments=43 chain_candidates=0
Q3 k=817 seq=R applied=- writes=70 segments=13 chain_candidates=0
Q3 k=818 seq=MRMO applied=M-MO writes=241 segments=36 chain_candidates=0
Q3 k=819 seq=URU applied=URU writes=411 segments=63 chain_candidates=0
Q3 k=820 seq=RO applied=-O writes=99 segments=16 chain_candidates=0
Q3 k=821 seq=SRMMRURRRMS applied=S-MM-URRRMS writes=659 segments=96 chain_candidates=0
Q3 k=822 seq=MOMUR applied=MOMUR writes=417 segments=63 chain_candidates=0
Q3 k=823 seq=RUMSMROROOU applied=-UMSMROROOU writes=654 segments=93 chain_candidates=0
Q3 k=824 seq=SMOMRRRSS applied=SMOMRRRSS writes=485 segments=69 chain_candidates=0
Q3 k=825 seq=M applied=M writes=137 segments=23 chain_candidates=0
Q3 k=826 seq=OUUR applied=OUUR writes=419 segments=63 chain_candidates=0
Q3 k=827 seq=USU applied=USU writes=350 segments=53 chain_candidates=0
Q3 k=828 seq=RRMMO applied=--MMO writes=241 segments=36 chain_candidates=0
Q3 k=829 seq=RMSOOMOS applied=-MSOOMOS writes=369 segments=48 chain_candidates=0
Q3 k=830 seq=ROOMUURMR applied=-OOMUURMR writes=634 segments=93 chain_candidates=0
Q3 k=831 seq=MSRSSSOS applied=MS-SSSOS writes=331 segments=41 chain_candidates=0
Q3 k=832 seq=MOMORUOS applied=MOMORUOS writes=491 segments=69 chain_candidates=0
Q3 k=833 seq=RSSRRU applied=-SSRRU writes=356 segments=53 chain_candidates=0
Q3 k=834 seq=OUOOMUSMURUMOU applied=OUOOMUSMURUMOU writes=1080 segments=153 chain_candidates=0
Q3 k=835 seq=SSOROSSO applied=SSOROSSO writes=350 segments=44 chain_candidates=0
Q3 k=836 seq=URMUORR applied=URMUORR writes=628 segments=93 chain_candidates=0
Q3 k=837 seq=UMMSROO applied=UMMSROO writes=483 segments=69 chain_candidates=0
Q3 k=838 seq=MSOSMUSUOUSO applied=MSOSMUSUOUSO writes=797 segments=108 chain_candidates=0
Q3 k=839 seq=RURORROUSOSSOU applied=-URORROUSOSSOU writes=820 segments=112 chain_candidates=0
Q3 k=840 seq=MURMOSSROR applied=MURMOSSROR writes=654 segments=92 chain_candidates=0
Q3 k=841 seq=ROM applied=-OM writes=145 segments=23 chain_candidates=0
Q3 k=842 seq=RSMSRMMUO applied=-SMSRMMUO writes=525 segments=76 chain_candidates=0
Q3 k=843 seq=RUURSM applied=-UURSM writes=490 segments=73 chain_candidates=0
Q3 k=844 seq=ORSUOUOSRUM applied=O-SUOUOSRUM writes=658 segments=93 chain_candidates=0
Q3 k=845 seq=RORMM applied=-O-MM writes=216 segments=33 chain_candidates=0
Q3 k=846 seq=OSSMSO applied=OSSMSO writes=286 segments=38 chain_candidates=0
Q3 k=847 seq=SSUSOMSSOSRRSM applied=SSUSOMSSOSRRSM writes=637 segments=82 chain_candidates=0
Q3 k=848 seq=R applied=- writes=70 segments=13 chain_candidates=0
Q3 k=849 seq=RRRRMSRRRUMUOU applied=----MS---UMUOU writes=632 segments=93 chain_candidates=0
Q3 k=850 seq=RUMURUSM applied=-UMURUSM writes=697 segments=103 chain_candidates=0
Q3 k=851 seq=SMUS applied=SMUS writes=318 segments=46 chain_candidates=0
Q3 k=852 seq=RRSSRRR applied=--SSRRR writes=285 segments=43 chain_candidates=0
Q3 k=853 seq=UU applied=UU writes=346 segments=53 chain_candidates=0
Q3 k=854 seq=SUOOSUR applied=SUOOSUR writes=506 segments=72 chain_candidates=0
Q3 k=855 seq=UOMOURR applied=UOMOURR writes=559 segments=83 chain_candidates=0
Q3 k=856 seq=SSMSOOSSROORRU applied=SSMSOOSSROORRU writes=694 segments=91 chain_candidates=0
Q3 k=857 seq=SS applied=SS writes=128 segments=19 chain_candidates=0
Q3 k=858 seq=OUMOUMOSMUMMO applied=OUMOUMOSMUMMO writes=898 segments=126 chain_candidates=0
Q3 k=859 seq=M applied=M writes=137 segments=23 chain_candidates=0
Q3 k=860 seq=MUROOSMMU applied=MUROOSMMU writes=715 segments=102 chain_candidates=0
Q3 k=861 seq=O applied=O writes=99 segments=16 chain_candidates=0
Q3 k=862 seq=SMSRRRRSR applied=SMSRRRRSR writes=494 segments=73 chain_candidates=0
Q3 k=863 seq=S applied=S writes=99 segments=16 chain_candidates=0
Q3 k=864 seq=MSROSMMSR applied=MS-OSMMSR writes=447 segments=62 chain_candidates=0
Q3 k=865 seq=OOUSSMUMOSUS applied=OOUSSMUMOSUS writes=709 segments=96 chain_candidates=0
Q3 k=866 seq=RUSU applied=-USU writes=350 segments=53 chain_candidates=0
Q3 k=867 seq=UUUUU applied=UUUUU writes=762 segments=113 chain_candidates=0
Q3 k=868 seq=M applied=M writes=137 segments=23 chain_candidates=0
Q3 k=869 seq=R applied=- writes=70 segments=13 chain_candidates=0
Q3 k=870 seq=MRM applied=M-M writes=208 segments=33 chain_candidates=0
Q3 k=871 seq=RS applied=-S writes=99 segments=16 chain_candidates=0
Q3 k=872 seq=SUMOUMORSMOSS applied=SUMOUMORSMOSS writes=759 segments=102 chain_candidates=0
Q3 k=873 seq=SR applied=S- writes=99 segments=16 chain_candidates=0
Q3 k=874 seq=URUUMSMR applied=URUUMSMR writes=762 segments=113 chain_candidates=0
Q3 k=875 seq=SSRMMMO applied=SSRMMMO writes=389 segments=56 chain_candidates=0
Q3 k=876 seq=URRRUSSSMO applied=URRRUSSSMO writes=740 segments=105 chain_candidates=0
Q3 k=877 seq=OUUO applied=OUUO writes=387 segments=56 chain_candidates=0
Q3 k=878 seq=SORMSRSRRRRM applied=SORMSRSRRRRM writes=638 segments=93 chain_candidates=0
Q3 k=879 seq=RMRROOR applied=-M--OOR writes=243 segments=36 chain_candidates=0
Q3 k=880 seq=SMUURM applied=SMUURM writes=565 segments=83 chain_candidates=0
Q3 k=881 seq=OURSSM applied=OURSSM writes=399 segments=56 chain_candidates=0
Q3 k=882 seq=UMROSUSSSUUM applied=UMROSUSSSUUM writes=932 segments=132 chain_candidates=0
Q3 k=883 seq=O applied=O writes=99 segments=16 chain_candidates=0
Q3 k=884 seq=SUSUSSU applied=SUSUSSU writes=514 segments=73 chain_candidates=0
Q3 k=885 seq=ORSSRMOMMUM applied=O-SSRMOMMUM writes=642 segments=92 chain_candidates=0
Q3 k=886 seq=MUMMRMSORM applied=MUMMRMSORM writes=703 segments=103 chain_candidates=0
Q3 k=887 seq=RR applied=-- writes=70 segments=13 chain_candidates=0
Q3 k=888 seq=RRSO applied=--SO writes=128 segments=19 chain_candidates=0
Q3 k=889 seq=M applied=M writes=137 segments=23 chain_candidates=0
Q3 k=890 seq=MMUSSMMUSS applied=MMUSSMMUSS writes=704 segments=99 chain_candidates=0
Q3 k=891 seq=RSMRMSSM applied=-SM-MSSM writes=328 segments=46 chain_candidates=0
Q3 k=892 seq=ORMRRSU applied=O-M--SU writes=293 segments=43 chain_candidates=0
Q3 k=893 seq=UMOORMSUSOMS applied=UMOORMSUSOMS writes=714 segments=99 chain_candidates=0
Q3 k=894 seq=OO applied=OO writes=128 segments=19 chain_candidates=0
Q3 k=895 seq=OSRU applied=OSRU writes=287 segments=43 chain_candidates=0
Q3 k=896 seq=OOSOOM applied=OOSOOM writes=265 segments=35 chain_candidates=0
Q3 k=897 seq=OMORR applied=OMORR writes=287 segments=43 chain_candidates=0
Q3 k=898 seq=RSOOUOMU applied=-SOOUOMU writes=508 segments=72 chain_candidates=0
Q3 k=899 seq=USOO applied=USOO writes=297 segments=42 chain_candidates=0
Q3 k=900 seq=ORRUUUSROO applied=O--UUUSROO writes=637 segments=89 chain_candidates=0
Q3 k=901 seq=SUMMMMRUUSSMS applied=SUMMMMRUUSSMS writes=972 segments=139 chain_candidates=0
Q3 k=902 seq=SMSRMSMOU applied=SMSRMSMOU writes=520 segments=73 chain_candidates=0
Q3 k=903 seq=RUOUUS applied=-UOUUS writes=519 segments=76 chain_candidates=0
Q3 k=904 seq=UMMMUM applied=UMMMUM writes=614 segments=93 chain_candidates=0
Q3 k=905 seq=SMUOU applied=SMUOU writes=433 segments=63 chain_candidates=0
Q3 k=906 seq=MORSSURUUR applied=MO-SSURUUR writes=778 segments=112 chain_candidates=0
Q3 k=907 seq=RRSOURMU applied=--SOURMU writes=490 segments=73 chain_candidates=0
Q3 k=908 seq=OUUOSRSSSO applied=OUUOSRSSSO writes=596 segments=78 chain_candidates=0
Q3 k=909 seq=SRU applied=S-U writes=210 segments=33 chain_candidates=0
Q3 k=910 seq=RORM applied=-O-M writes=145 segments=23 chain_candidates=0
Q3 k=911 seq=URUSOROURSUOOO applied=URUSOROURSUOOO writes=960 segments=132 chain_candidates=0
Q3 k=912 seq=MOUUOUSR applied=MOUUOUSR writes=646 segments=93 chain_candidates=0
Q3 k=913 seq=SOMRURUR applied=SOMRURUR writes=636 segments=93 chain_candidates=0
Q3 k=914 seq=ROOMUMM applied=-OOMUMM writes=423 segments=63 chain_candidates=0
Q3 k=915 seq=SUOOORSS applied=SUOOORSS writes=436 segments=58 chain_candidates=0
Q3 k=916 seq=OMSRUUORMR applied=OMSRUUORMR writes=703 segments=103 chain_candidates=0
Q3 k=917 seq=OM applied=OM writes=145 segments=23 chain_candidates=0
Q3 k=918 seq=UUS applied=UUS writes=379 segments=56 chain_candidates=0
Q3 k=919 seq=MMSS applied=MMSS writes=274 segments=39 chain_candidates=0
Q3 k=920 seq=RSROURRMOUROM applied=-S-OURRMOUROM writes=715 segments=103 chain_candidates=0
Q3 k=921 seq=SURRMRSUMSRR applied=SURRMRSUMSRR writes=845 segments=123 chain_candidates=0
Q3 k=922 seq=U applied=U writes=202 segments=33 chain_candidates=0
Q3 k=923 seq=U applied=U writes=202 segments=33 chain_candidates=0
Q3 k=924 seq=USOOROROM applied=USOOROROM writes=522 segments=72 chain_candidates=0
Q3 k=925 seq=OU applied=OU writes=210 segments=33 chain_candidates=0
Q3 k=926 seq=SS applied=SS writes=128 segments=19 chain_candidates=0
Q3 k=927 seq=RSUOMM applied=-SUOMM writes=356 segments=53 chain_candidates=0
Q3 k=928 seq=OMRUMUSSROMRO applied=OM-UMUSSROMRO writes=758 segments=106 chain_candidates=0
Q3 k=929 seq=SMO applied=SMO writes=174 segments=26 chain_candidates=0
Q3 k=930 seq=ORUUUOSSOSMMU applied=O-UUUOSSOSMMU writes=887 segments=122 chain_candidates=0
Q3 k=931 seq=MSUSOOROOSROO applied=MSUSOOROOSROO writes=675 segments=87 chain_candidates=0
Q3 k=932 seq=SRMMSM applied=S-MMSM writes=295 segments=43 chain_candidates=0
Q3 k=933 seq=UOMURROO applied=UOMURROO writes=621 segments=89 chain_candidates=0
Q3 k=934 seq=MOMSOSSRMUSM applied=MOMSOSSRMUSM writes=678 segments=92 chain_candidates=0
Q3 k=935 seq=OMMSMMMOOOUU applied=OMMSMMMOOOUU writes=796 segments=112 chain_candidates=0
Q3 k=936 seq=SOORRRMMR applied=SOORRRMMR writes=563 segments=82 chain_candidates=0
Q3 k=937 seq=SSS applied=SSS writes=157 segments=22 chain_candidates=0
Q3 k=938 seq=MUOORSM applied=MUOORSM writes=470 segments=66 chain_candidates=0
Q3 k=939 seq=SUUMMMRM applied=SUUMMMRM writes=687 segments=103 chain_candidates=0
Q3 k=940 seq=RSUORUMOMOSUR applied=-SUORUMOMOSUR writes=798 segments=113 chain_candidates=0
Q3 k=941 seq=SMORUUOROM applied=SMORUUOROM writes=650 segments=93 chain_candidates=0
Q3 k=942 seq=UUO applied=UUO writes=379 segments=56 chain_candidates=0
Q3 k=943 seq=UUOSSSOUO applied=UUOSSSOUO writes=638 segments=85 chain_candidates=0
Q3 k=944 seq=OSROSMRR applied=OSROSMRR writes=431 segments=62 chain_candidates=0
Q3 k=945 seq=MSMMSROMURM applied=MSMMSROMURM writes=707 segments=103 chain_candidates=0
Q3 k=946 seq=ROUS applied=-OUS writes=239 segments=36 chain_candidates=0
Q3 k=947 seq=OMOSMUMUMUR applied=OMOSMUMUMUR writes=851 segments=123 chain_candidates=0
Q3 k=948 seq=SSSMRMURUMMM applied=SSSMRMURUMMM writes=914 segments=132 chain_candidates=0
Q3 k=949 seq=SUSOMOMUSO applied=SUSOMOMUSO writes=578 segments=79 chain_candidates=0
Q3 k=950 seq=MRSUSMSMMUMR applied=M-SUSMSMMUMR writes=786 segments=113 chain_candidates=0
Q3 k=951 seq=RUU applied=-UU writes=346 segments=53 chain_candidates=0
Q3 k=952 seq=OS applied=OS writes=128 segments=19 chain_candidates=0
Q3 k=953 seq=SSSUSRUUMSMRU applied=SSSUSRUUMSMRU writes=989 segments=142 chain_candidates=0
Q3 k=954 seq=SSRSMO applied=SSRSMO writes=284 segments=39 chain_candidates=0
Q3 k=955 seq=USMSSRMMOMO applied=USMSSRMMOMO writes=616 segments=86 chain_candidates=0
Q3 k=956 seq=OUURMSROOUORUU applied=OUURMSROOUORUU writes=1072 segments=153 chain_candidates=0
Q3 k=957 seq=MMORUMRMOUMUR applied=MMO-UMRMOUMUR writes=991 segments=143 chain_candidates=0
Q3 k=958 seq=SOMSMOUSSSSOMU applied=SOMSMOUSSSSOMU writes=694 segments=92 chain_candidates=4
  CHAIN seq=SOMSMOUSSSSOMU seg=88 u=#59(dev0 slot50262+1 txgSome(4)) l=#384(dev0 slot50262+2 txgSome(17)) x=#679(dev0 slot50263+1 txgSome(28)) y=#677(dev0 slot50262+1 txgSome(28))
  CHAIN seq=SOMSMOUSSSSOMU seg=88 u=#60(dev1 slot50262+1 txgSome(4)) l=#385(dev1 slot50262+2 txgSome(17)) x=#680(dev1 slot50263+1 txgSome(28)) y=#678(dev1 slot50262+1 txgSome(28))
  CHAIN seq=SOMSMOUSSSSOMU seg=88 u=#61(dev0 slot50263+1 txgSome(4)) l=#384(dev0 slot50262+2 txgSome(17)) x=#677(dev0 slot50262+1 txgSome(28)) y=#679(dev0 slot50263+1 txgSome(28))
Q3 k=959 seq=MUS applied=MUS writes=314 segments=46 chain_candidates=0
Q3 k=960 seq=SSUSSRRRMRO applied=SSUSSRRRMRO writes=606 segments=86 chain_candidates=0
Q3 k=961 seq=OMOSUSMOOU applied=OMOSUSMOOU writes=544 segments=73 chain_candidates=0
Q3 k=962 seq=OOOURURMR applied=OOOURURMR writes=703 segments=102 chain_candidates=0
Q3 k=963 seq=UUMSRUORMMU applied=UUMSRUORMMU writes=977 segments=143 chain_candidates=0
Q3 k=964 seq=ROSUUOMRS applied=-OSUUOMRS writes=539 segments=76 chain_candidates=0
Q3 k=965 seq=MRUURUUMOUMUU applied=M-UURUUMOUMUU writes=1328 segments=193 chain_candidates=0
Q3 k=966 seq=USRMSSUSUSRORU applied=USRMSSUSUSRORU writes=944 segments=133 chain_candidates=4
  CHAIN seq=USRMSSUSUSRORU seg=129 u=#59(dev0 slot50262+1 txgSome(4)) l=#514(dev0 slot50262+2 txgSome(23)) x=#929(dev0 slot50263+1 txgSome(40)) y=#927(dev0 slot50262+1 txgSome(40))
  CHAIN seq=USRMSSUSUSRORU seg=129 u=#60(dev1 slot50262+1 txgSome(4)) l=#515(dev1 slot50262+2 txgSome(23)) x=#930(dev1 slot50263+1 txgSome(40)) y=#928(dev1 slot50262+1 txgSome(40))
  CHAIN seq=USRMSSUSUSRORU seg=129 u=#61(dev0 slot50263+1 txgSome(4)) l=#514(dev0 slot50262+2 txgSome(23)) x=#927(dev0 slot50262+1 txgSome(40)) y=#929(dev0 slot50263+1 txgSome(40))
Q3 k=967 seq=UUOUROSOMMRMUR applied=UUOUROSOMMRMUR writes=1121 segments=162 chain_candidates=0
Q3 k=968 seq=MUMRMU applied=MUMRMU writes=616 segments=93 chain_candidates=0
Q3 k=969 seq=UORSM applied=UORSM writes=362 segments=53 chain_candidates=0
Q3 k=970 seq=SMSOSRMSR applied=SMSOSRMSR writes=453 segments=62 chain_candidates=0
Q3 k=971 seq=USMMSSRO applied=USMMSSRO writes=491 segments=69 chain_candidates=0
Q3 k=972 seq=ROUMO applied=-OUMO writes=314 segments=46 chain_candidates=0
Q3 k=973 seq=SMRSMUSU applied=SM-SMUSU writes=500 segments=73 chain_candidates=0
Q3 k=974 seq=RMOUUORR applied=-MOUUORR writes=563 segments=83 chain_candidates=0
Q3 k=975 seq=MMMS applied=MMMS writes=308 segments=46 chain_candidates=0
Q3 k=976 seq=RMRUOUROM applied=-M-UOUROM writes=577 segments=83 chain_candidates=0
Q3 k=977 seq=MRURS applied=M-URS writes=379 segments=56 chain_candidates=0
Q3 k=978 seq=ORUS applied=O-US writes=239 segments=36 chain_candidates=0
Q3 k=979 seq=MURORMMOSSMOOO applied=MURORMMOSSMOOO writes=822 segments=111 chain_candidates=0
Q3 k=980 seq=OMRSSUSUMU applied=OM-SSUSUMU writes=652 segments=93 chain_candidates=0
Q3 k=981 seq=OM applied=OM writes=145 segments=23 chain_candidates=0
Q3 k=982 seq=M applied=M writes=137 segments=23 chain_candidates=0
Q3 k=983 seq=MMURRUOSOOM applied=MMURRUOSOOM writes=796 segments=112 chain_candidates=0
Q3 k=984 seq=RRSRMRURROO applied=--S-M-URROO writes=481 segments=69 chain_candidates=0
Q3 k=985 seq=RRROORRMMUO applied=---OORRMMUO writes=523 segments=76 chain_candidates=0
Q3 k=986 seq=UMSSMUMRUURS applied=UMSSMUMRUURS writes=1014 segments=146 chain_candidates=0
Q3 k=987 seq=OSO applied=OSO writes=157 segments=22 chain_candidates=0
Q3 k=988 seq=RRSS applied=--SS writes=128 segments=19 chain_candidates=0
Q3 k=989 seq=RUMUMU applied=-UMUMU writes=616 segments=93 chain_candidates=0
Q3 k=990 seq=UMMSSSSSU applied=UMMSSSSSU writes=599 segments=82 chain_candidates=0
Q3 k=991 seq=R applied=- writes=70 segments=13 chain_candidates=0
Q3 k=992 seq=OUURMOR applied=OUURMOR writes=563 segments=83 chain_candidates=0
Q3 k=993 seq=MR applied=M- writes=137 segments=23 chain_candidates=0
Q3 k=994 seq=RMRRR applied=-M--- writes=137 segments=23 chain_candidates=0
Q3 k=995 seq=R applied=- writes=70 segments=13 chain_candidates=0
Q3 k=996 seq=MSRMROMUOUM applied=MS-M-OMUOUM writes=646 segments=93 chain_candidates=0
Q3 k=997 seq=MM applied=MM writes=208 segments=33 chain_candidates=0
Q3 k=998 seq=RSMOSUOOSU applied=-SMOSUOOSU writes=536 segments=72 chain_candidates=0
Q3 k=999 seq=ORRSUORROUOMM applied=O--SUORROUOMM writes=662 segments=93 chain_candidates=0
Q3 k=1000 seq=URRMMSUMUOO applied=URRMMSUMUOO writes=903 segments=129 chain_candidates=0
Q3 k=1001 seq=SSRMMU applied=SSRMMU writes=425 segments=63 chain_candidates=0
Q3 k=1002 seq=SM applied=SM writes=145 segments=23 chain_candidates=0
Q3 k=1003 seq=RMMUMURSU applied=-MMUMURSU writes=772 segments=113 chain_candidates=0
Q3 k=1004 seq=USSSSUROSMOMSM applied=USSSSUROSMOMSM writes=784 segments=105 chain_candidates=0
Q3 k=1005 seq=OSO applied=OSO writes=157 segments=22 chain_candidates=0
Q3 k=1006 seq=RSSRUOSSRUS applied=-SSRUOSSRUS writes=620 segments=85 chain_candidates=0
Q3 k=1007 seq=UMUMRRSOROO applied=UMUMRRSOROO writes=786 segments=112 chain_candidates=0
Q3 k=1008 seq=RS applied=-S writes=99 segments=16 chain_candidates=0
Q3 k=1009 seq=USOSSRMOSRO applied=USOSSRMOSRO writes=588 segments=78 chain_candidates=0
Q3 k=1010 seq=MOMUO applied=MOMUO writes=381 segments=56 chain_candidates=0
Q3 k=1011 seq=MUMMUORMSR applied=MUMMUORMSR writes=780 segments=113 chain_candidates=0
Q3 k=1012 seq=RSSMOUUUMM applied=-SSMOUUUMM writes=711 segments=103 chain_candidates=0
Q3 k=1013 seq=RMOSOUMROORS applied=-MOSOUMROORS writes=647 segments=88 chain_candidates=0
Q3 k=1014 seq=USRMORSSU applied=USRMORSSU writes=587 segments=83 chain_candidates=0
Q3 k=1015 seq=OMOUOSRSRSSUM applied=OMOUOSRSRSSUM writes=749 segments=102 chain_candidates=0
Q3 k=1016 seq=OO applied=OO writes=128 segments=19 chain_candidates=0
Q3 k=1017 seq=MORORUURM applied=MO-ORUURM writes=626 segments=93 chain_candidates=0
Q3 k=1018 seq=OSMUOOUUUOSUOO applied=OSMUOOUUUOSUOO writes=947 segments=129 chain_candidates=0
Q3 k=1019 seq=ORRRRUMOSMRSO applied=O----UMOSMRSO writes=503 segments=69 chain_candidates=0
Q3 k=1020 seq=M applied=M writes=137 segments=23 chain_candidates=0
Q3 k=1021 seq=OOMORSRUMMRSO applied=OOMORSRUMMRSO writes=712 segments=99 chain_candidates=0
Q3 k=1022 seq=RMSUMOURRR applied=-MSUMOURRR writes=699 segments=103 chain_candidates=0
Q3 k=1023 seq=OUSRSOORSSM applied=OUSRSOORSSM writes=567 segments=75 chain_candidates=0
Q3 k=1024 seq=R applied=- writes=70 segments=13 chain_candidates=0
Q3 k=1025 seq=SUO applied=SUO writes=239 segments=36 chain_candidates=0
Q3 k=1026 seq=RMURMUUS applied=-MURMUUS writes=726 segments=106 chain_candidates=0
Q3 k=1027 seq=MRUORRORUOS applied=M-UORRORUOS writes=698 segments=99 chain_candidates=0
Q3 k=1028 seq=MOOOUUUO applied=MOOOUUUO writes=673 segments=95 chain_candidates=0
Q3 k=1029 seq=S applied=S writes=99 segments=16 chain_candidates=0
Q3 k=1030 seq=SMUO applied=SMUO writes=318 segments=46 chain_candidates=0
Q3 k=1031 seq=SSSSMRMMSUMSMO applied=SSSSMRMMSUMSMO writes=766 segments=105 chain_candidates=0
Q3 k=1032 seq=UMS applied=UMS writes=306 segments=46 chain_candidates=0
Q3 k=1033 seq=URSRSSRMUR applied=URSRSSRMUR writes=713 segments=103 chain_candidates=0
Q3 k=1034 seq=MUOS applied=MUOS writes=347 segments=49 chain_candidates=0
Q3 k=1035 seq=OORRUMSRORORO applied=OORRUMSRORORO writes=687 segments=96 chain_candidates=0
Q3 k=1036 seq=UU applied=UU writes=346 segments=53 chain_candidates=0
Q3 k=1037 seq=RRU applied=--U writes=202 segments=33 chain_candidates=0
Q3 k=1038 seq=MROSMSUOS applied=M-OSMSUOS writes=438 segments=59 chain_candidates=0
Q3 k=1039 seq=UOMRMOUMRUSRR applied=UOMRMOUMRUSRR writes=987 segments=143 chain_candidates=0
Q3 k=1040 seq=MSOSSOMOUMOOUS applied=MSOSSOMOUMOOUS writes=735 segments=95 chain_candidates=0
Q3 k=1041 seq=RSRUMM applied=-S-UMM writes=348 segments=53 chain_candidates=0
Q3 k=1042 seq=MOUUSS applied=MOUUSS writes=487 segments=69 chain_candidates=0
Q3 k=1043 seq=UROUUMUOUUSOS applied=UROUUMUOUUSOS writes=1149 segments=162 chain_candidates=0
Q3 k=1044 seq=UOORUR applied=UOORUR writes=488 segments=73 chain_candidates=0
Q3 k=1045 seq=USSO applied=USSO writes=297 segments=42 chain_candidates=0
Q3 k=1046 seq=RUOO applied=-UOO writes=264 segments=39 chain_candidates=0
Q3 k=1047 seq=OMUUOMSOMOSSRM applied=OMUUOMSOMOSSRM writes=830 segments=112 chain_candidates=0
Q3 k=1048 seq=USS applied=USS writes=264 segments=39 chain_candidates=0
Q3 k=1049 seq=UMRUUUSSSRRM applied=UMRUUUSSSRRM writes=1054 segments=152 chain_candidates=0
Q3 k=1050 seq=OMRORUOUMSSMU applied=OM-ORUOUMSSMU writes=796 segments=113 chain_candidates=0
Q3 k=1051 seq=SROSRORORSRU applied=S-OSRORORSRU writes=593 segments=82 chain_candidates=0
Q3 k=1052 seq=OU applied=OU writes=210 segments=33 chain_candidates=0
Q3 k=1053 seq=MRUSUSOORUUOS applied=M-USUSOORUUOS writes=931 segments=128 chain_candidates=0
Q3 k=1054 seq=SORUMRSOR applied=SORUMRSOR writes=529 segments=76 chain_candidates=0
Q3 k=1055 seq=OSRRU applied=OSRRU writes=356 segments=53 chain_candidates=0
Q3 k=1056 seq=SSSSSMUS applied=SSSSSMUS writes=409 segments=55 chain_candidates=0
Q3 k=1057 seq=RRUSMSUSSMO applied=--USMSUSSMO writes=566 segments=79 chain_candidates=0
Q3 k=1058 seq=MOMS applied=MOMS writes=249 segments=36 chain_candidates=0
Q3 k=1059 seq=USM applied=USM writes=281 segments=43 chain_candidates=0
Q3 k=1060 seq=M applied=M writes=137 segments=23 chain_candidates=0
Q3 k=1061 seq=UOMSSUMRMR applied=UOMSSUMRMR writes=717 segments=103 chain_candidates=0
Q3 k=1062 seq=SRMR applied=S-M- writes=145 segments=23 chain_candidates=0
Q3 k=1063 seq=RUOS applied=-UOS writes=264 segments=39 chain_candidates=0
Q3 k=1064 seq=UMR applied=UMR writes=338 segments=53 chain_candidates=0
Q3 k=1065 seq=OS applied=OS writes=128 segments=19 chain_candidates=0
Q3 k=1066 seq=OMMSOORMSMMM applied=OMMSOORMSMMM writes=660 segments=92 chain_candidates=0
Q3 k=1067 seq=MUMSUSROSU applied=MUMSUSROSU writes=725 segments=103 chain_candidates=0
Q3 k=1068 seq=MMUMMUROR applied=MMUMMUROR writes=768 segments=113 chain_candidates=0
Q3 k=1069 seq=MRSURSSMSUUM applied=M-SURSSMSUUM writes=796 segments=113 chain_candidates=0
Q3 k=1070 seq=OMRRROUMUMOU applied=OM---OUMUMOU writes=719 segments=103 chain_candidates=0
Q3 k=1071 seq=SOMSRRUSS applied=SOMSRRUSS writes=489 segments=69 chain_candidates=0
Q3 k=1072 seq=MOMOUUOOSSMMSS applied=MOMOUUOOSSMMSS writes=811 segments=108 chain_candidates=0
Q3 k=1073 seq=SSMRUSRURRURM applied=SSMRUSRURRURM writes=973 segments=143 chain_candidates=0
Q3 k=1074 seq=OMOMMMRU applied=OMOMMMRU writes=559 segments=83 chain_candidates=0
Q3 k=1075 seq=OMRORMORM applied=OM-ORMORM writes=437 segments=63 chain_candidates=0
Q3 k=1076 seq=OOUS applied=OOUS writes=255 segments=36 chain_candidates=0
Q3 k=1077 seq=O applied=O writes=99 segments=16 chain_candidates=0
Q3 k=1078 seq=SORRS applied=SORRS writes=245 segments=36 chain_candidates=0
Q3 k=1079 seq=ORMSM applied=O-MSM writes=224 segments=33 chain_candidates=0
Q3 k=1080 seq=UURR applied=UURR writes=476 segments=73 chain_candidates=0
Q3 k=1081 seq=MRRRUM applied=M---UM writes=348 segments=53 chain_candidates=0
Q3 k=1082 seq=OMOOOSR applied=OMOOOSR writes=317 segments=42 chain_candidates=0
Q3 k=1083 seq=ORM applied=O-M writes=145 segments=23 chain_candidates=0
Q3 k=1084 seq=ORMUROOSM applied=O-MUROOSM writes=516 segments=72 chain_candidates=0
Q3 k=1085 seq=SOUSRSSORORM applied=SOUSRSSORORM writes=615 segments=82 chain_candidates=0
Q3 k=1086 seq=SOUSU applied=SOUSU writes=370 segments=53 chain_candidates=0
Q3 k=1087 seq=O applied=O writes=99 segments=16 chain_candidates=0
Q3 k=1088 seq=MOMSURR applied=MOMSURR writes=494 segments=73 chain_candidates=0
Q3 k=1089 seq=SM applied=SM writes=145 segments=23 chain_candidates=0
Q3 k=1090 seq=MS applied=MS writes=166 segments=26 chain_candidates=0
Q3 k=1091 seq=UMOOOSMRUROS applied=UMOOOSMRUROS writes=795 segments=108 chain_candidates=0
Q3 k=1092 seq=SRORSMRS applied=S-ORSMRS writes=328 segments=46 chain_candidates=0
Q3 k=1093 seq=MUORRUSOSM applied=MUORRUSOSM writes=721 segments=102 chain_candidates=0
Q3 k=1094 seq=MRSSOOMSMSUSR applied=M-SSOOMSMSUSR writes=619 segments=82 chain_candidates=0
Q3 k=1095 seq=RUMOOO applied=-UMOOO writes=372 segments=52 chain_candidates=0
Q3 k=1096 seq=ORRMUUUU applied=O--MUUUU writes=701 segments=103 chain_candidates=0
Q3 k=1097 seq=SRUSMM applied=S-USMM writes=356 segments=53 chain_candidates=0
Q3 k=1098 seq=OR applied=O- writes=99 segments=16 chain_candidates=0
Q3 k=1099 seq=SMUOO applied=SMUOO writes=351 segments=49 chain_candidates=0
Q3 k=1100 seq=RUSMRRRUOSS applied=-USMRRRUOSS writes=703 segments=102 chain_candidates=0
Q3 k=1101 seq=S applied=S writes=99 segments=16 chain_candidates=0
Q3 k=1102 seq=MROOSMS applied=M-OOSMS writes=336 segments=45 chain_candidates=0
Q3 k=1103 seq=SMROURMROU applied=SM-OURMROU writes=642 segments=93 chain_candidates=0
Q3 k=1104 seq=SURSRMSOSOMSS applied=SURSRMSOSOMSS writes=675 segments=88 chain_candidates=0
Q3 k=1105 seq=RSRR applied=-S-- writes=99 segments=16 chain_candidates=0
Q3 k=1106 seq=OMSUM applied=OMSUM writes=364 segments=53 chain_candidates=0
Q3 k=1107 seq=SMROSRS applied=SM-OSRS writes=288 segments=39 chain_candidates=0
Q3 k=1108 seq=OUSMRUM applied=OUSMRUM writes=561 segments=83 chain_candidates=0
Q3 k=1109 seq=U applied=U writes=202 segments=33 chain_candidates=0
Q3 k=1110 seq=RRUROUSRRMRSR applied=--UROUSRRMRSR writes=786 segments=113 chain_candidates=0
Q3 k=1111 seq=RUUSRSR applied=-UUSRSR writes=500 segments=73 chain_candidates=0
Q3 k=1112 seq=OO applied=OO writes=128 segments=19 chain_candidates=0
Q3 k=1113 seq=SUU applied=SUU writes=354 segments=53 chain_candidates=0
Q3 k=1114 seq=USUMMSSRUUORM applied=USUMMSSRUUORM writes=997 segments=143 chain_candidates=0
Q3 k=1115 seq=SS applied=SS writes=128 segments=19 chain_candidates=0
Q3 k=1116 seq=UOR applied=UOR writes=279 segments=43 chain_candidates=0
Q3 k=1117 seq=M applied=M writes=137 segments=23 chain_candidates=0
Q3 k=1118 seq=SRROROUSRO applied=S--OROUSRO writes=393 segments=56 chain_candidates=0
Q3 k=1119 seq=USOSOOMUU applied=USOSOOMUU writes=660 segments=92 chain_candidates=0
Q3 k=1120 seq=UURROMSRSORMMS applied=UURROMSRSORMMS writes=892 segments=126 chain_candidates=0
Q3 k=1121 seq=ORSM applied=O-SM writes=174 segments=26 chain_candidates=0
Q3 k=1122 seq=U applied=U writes=202 segments=33 chain_candidates=0
Q3 k=1123 seq=OMU applied=OMU writes=285 segments=43 chain_candidates=0
Q3 k=1124 seq=MM applied=MM writes=208 segments=33 chain_candidates=0
Q3 k=1125 seq=MMOUOOMUSMOUUS applied=MMOUOOMUSMOUUS writes=971 segments=136 chain_candidates=0
Q3 k=1126 seq=ORSMURS applied=O-SMURS writes=387 segments=56 chain_candidates=0
Q3 k=1127 seq=SMSORRSM applied=SMSORRSM writes=382 segments=53 chain_candidates=0
Q3 k=1128 seq=ORMSMOMOMS applied=O-MSMOMOMS writes=415 segments=56 chain_candidates=0
Q3 k=1129 seq=RRRMOURUR applied=---MOURUR writes=559 segments=83 chain_candidates=0
Q3 k=1130 seq=RSOOSUORMSSRSU applied=-SOOSUORMSSRSU writes=682 segments=92 chain_candidates=0
Q3 k=1131 seq=UMRRRMSURO applied=UMRRRMSURO writes=781 segments=116 chain_candidates=0
Q3 k=1132 seq=RMSRMOMSMOSSO applied=-MS-MOMSMOSSO writes=506 segments=65 chain_candidates=0
Q3 k=1133 seq=UMURMRSMRSROOM applied=UMURMRSMRSROOM writes=951 segments=136 chain_candidates=0
Q3 k=1134 seq=MSSS applied=MSSS writes=232 segments=32 chain_candidates=0
Q3 k=1135 seq=SSRROSSOUSSS applied=SSRROSSOUSSS writes=554 segments=71 chain_candidates=0
Q3 k=1136 seq=OO applied=OO writes=128 segments=19 chain_candidates=0
Q3 k=1137 seq=USMSUOURMMRM applied=USMSUOURMMRM writes=916 segments=133 chain_candidates=0
Q3 k=1138 seq=R applied=- writes=70 segments=13 chain_candidates=0
Q3 k=1139 seq=OOSORSRM applied=OOSORSRM writes=382 segments=52 chain_candidates=0
Q3 k=1140 seq=SSRMSS applied=SSRMSS writes=288 segments=39 chain_candidates=0
Q3 k=1141 seq=SUORSUOMU applied=SUORSUOMU writes=654 segments=93 chain_candidates=0
Q3 k=1142 seq=OOOSUUOOOSSM applied=OOOSUUOOOSSM writes=644 segments=84 chain_candidates=0
Q3 k=1143 seq=S applied=S writes=99 segments=16 chain_candidates=0
Q3 k=1144 seq=RURMSRMUMUSOS applied=-URMSRMUMUSOS writes=936 segments=132 chain_candidates=0
Q3 k=1145 seq=MORMUUM applied=MO-MUUM writes=555 segments=83 chain_candidates=0
Q3 k=1146 seq=OMURRMOMRUM applied=OMURRMOMRUM writes=829 segments=123 chain_candidates=0
Q3 k=1147 seq=RRMUR applied=--MUR writes=346 segments=53 chain_candidates=0
Q3 k=1148 seq=R applied=- writes=70 segments=13 chain_candidates=0
Q3 k=1149 seq=RUOMSRO applied=-UOMSRO writes=391 segments=56 chain_candidates=0
Q3 k=1150 seq=RSMSSUSO applied=-SMSSUSO writes=363 segments=49 chain_candidates=0
Q3 k=1151 seq=ORUUROU applied=O-UUROU writes=567 segments=83 chain_candidates=0
Q3 k=1152 seq=SRRRRMUMSMOR applied=S----MUMSMOR writes=508 segments=73 chain_candidates=0
Q3 k=1153 seq=O applied=O writes=99 segments=16 chain_candidates=0
Q3 k=1154 seq=SMSU applied=SMSU writes=293 segments=43 chain_candidates=0
Q3 k=1155 seq=O applied=O writes=99 segments=16 chain_candidates=0
Q3 k=1156 seq=URUMOUR applied=URUMOUR writes=691 segments=103 chain_candidates=0
Q3 k=1157 seq=RSUUUOU applied=-SUUUOU writes=642 segments=93 chain_candidates=0
Q3 k=1158 seq=MRSMOORO applied=M-SMOORO writes=359 segments=49 chain_candidates=0
Q3 k=1159 seq=SSMUSSMSUSOSU applied=SSMUSSMSUSOSU writes=755 segments=102 chain_candidates=0
Q3 k=1160 seq=UU applied=UU writes=346 segments=53 chain_candidates=0
Q3 k=1161 seq=SURUMMURS applied=SURUMMURS writes=795 segments=116 chain_candidates=0
Q3 k=1162 seq=OOSUSURSOO applied=OOSUSURSOO writes=597 segments=81 chain_candidates=0
Q3 k=1163 seq=UMMRSSRSOR applied=UMMRSSRSOR writes=646 segments=92 chain_candidates=0
Q3 k=1164 seq=MSUUSOOSUOMO applied=MSUUSOOSUOMO writes=776 segments=105 chain_candidates=0
Q3 k=1165 seq=MSOO applied=MSOO writes=232 segments=32 chain_candidates=0
Q3 k=1166 seq=USUURS applied=USUURS writes=584 segments=86 chain_candidates=0
Q3 k=1167 seq=MSSMRS applied=MSSMRS writes=326 segments=46 chain_candidates=0
Q3 k=1168 seq=URMS applied=URMS writes=379 segments=56 chain_candidates=0
Q3 k=1169 seq=RUOSRMUO applied=-UOSRMUO writes=527 segments=76 chain_candidates=0
Q3 k=1170 seq=S applied=S writes=99 segments=16 chain_candidates=0
Q3 k=1171 seq=USMMRUMS applied=USMMRUMS writes=653 segments=96 chain_candidates=0
Q3 k=1172 seq=UOMRRRMSOUROM applied=UOMRRRMSOUROM writes=847 segments=123 chain_candidates=0
Q3 k=1173 seq=MMSMUSSOOS applied=MMSMUSSOOS writes=572 segments=78 chain_candidates=0
Q3 k=1174 seq=UMSSSMO applied=UMSSSMO writes=472 segments=65 chain_candidates=0
Q3 k=1175 seq=ROSOOU applied=-OSOOU writes=301 segments=42 chain_candidates=0
Q3 k=1176 seq=SSS applied=SSS writes=157 segments=22 chain_candidates=0
Q3 k=1177 seq=OSUSMMOMROURS applied=OSUSMMOMROURS writes=758 segments=106 chain_candidates=0
Q3 k=1178 seq=MSUSSRRUMRURM applied=MSUSSRRUMRURM writes=991 segments=143 chain_candidates=0
Q3 k=1179 seq=MORSUROO applied=MO-SUROO writes=424 segments=59 chain_candidates=0
Q3 k=1180 seq=MMROROMUOMM applied=MM-O-OMUOMM writes=585 segments=83 chain_candidates=0
Q3 k=1181 seq=UMUMOSOUROSMR applied=UMUMOSOUROSMR writes=936 segments=132 chain_candidates=0
Q3 k=1182 seq=UUURSOOMSSUUMS applied=UUURSOOMSSUUMS writes=1121 segments=155 chain_candidates=0
Q3 k=1183 seq=SOOR applied=SOOR writes=222 segments=32 chain_candidates=0
Q3 k=1184 seq=ROOUUMOUMSORM applied=-OOUUMOUMSORM writes=804 segments=113 chain_candidates=0
Q3 k=1185 seq=ORSOMMUMSRSO applied=O-SOMMUMSRSO writes=645 segments=88 chain_candidates=0
Q3 k=1186 seq=SUOMSM applied=SUOMSM writes=368 segments=53 chain_candidates=0
Q3 k=1187 seq=ROMOOU applied=-OMOOU writes=305 segments=43 chain_candidates=0
Q3 k=1188 seq=SMOSOO applied=SMOSOO writes=273 segments=35 chain_candidates=0
Q3 k=1189 seq=R applied=- writes=70 segments=13 chain_candidates=0
Q3 k=1190 seq=RRM applied=--M writes=137 segments=23 chain_candidates=0
Q3 k=1191 seq=OORMOSORM applied=OORMOSORM writes=453 segments=62 chain_candidates=0
Q3 k=1192 seq=UOOOUSO applied=UOOOUSO writes=495 segments=68 chain_candidates=0
Q3 k=1193 seq=ORU applied=O-U writes=210 segments=33 chain_candidates=0
Q3 k=1194 seq=SOSMUUMSO applied=SOSMUUMSO writes=641 segments=88 chain_candidates=0
Q3 k=1195 seq=M applied=M writes=137 segments=23 chain_candidates=0
Q3 k=1196 seq=OUURMRUM applied=OUURMRUM writes=758 segments=113 chain_candidates=0
Q3 k=1197 seq=SMUOM applied=SMUOM writes=364 segments=53 chain_candidates=0
Q3 k=1198 seq=ORSORMSS applied=O-SORMSS writes=359 segments=48 chain_candidates=0
Q3 k=1199 seq=ORRURUURUSRMSO applied=O--URUURUSRMSO writes=974 segments=139 chain_candidates=0
Q3 k=1200 seq=MOUOMORMRSUSO applied=MOUOMORMRSUSO writes=783 segments=109 chain_candidates=0
Q3 k=1201 seq=OU applied=OU writes=210 segments=33 chain_candidates=0
Q3 k=1202 seq=RUSO applied=-USO writes=264 segments=39 chain_candidates=0
Q3 k=1203 seq=RMORRMRSSOORR applied=-MO--M-SSOORR writes=457 segments=62 chain_candidates=0
Q3 k=1204 seq=OMM applied=OMM writes=216 segments=33 chain_candidates=0
Q3 k=1205 seq=SUSU applied=SUSU writes=358 segments=53 chain_candidates=0
Q3 k=1206 seq=MRRMSSU applied=M--MSSU writes=368 segments=53 chain_candidates=0
Q3 k=1207 seq=SRROOSM applied=S--OOSM writes=236 segments=32 chain_candidates=0
Q3 k=1208 seq=SUOMRS applied=SUOMRS writes=387 segments=56 chain_candidates=0
Q3 k=1209 seq=SRRSRMUMOSMR applied=S--SRMUMOSMR writes=585 segments=83 chain_candidates=0
Q3 k=1210 seq=ROOOOORUMMM applied=-OOOOORUMMM writes=587 segments=82 chain_candidates=0
Q3 k=1211 seq=MSUS applied=MSUS writes=314 segments=46 chain_candidates=0
Q3 k=1212 seq=RRMRSUSRSO applied=--M-SUSRSO writes=424 segments=59 chain_candidates=0
Q3 k=1213 seq=ORRUOOU applied=O--UOOU writes=366 segments=53 chain_candidates=0
Q3 k=1214 seq=RRMORMOOSSS applied=--MO-MOOSSS writes=381 segments=48 chain_candidates=0
Q3 k=1215 seq=RUUSRRMRU applied=-UUSRRMRU writes=756 segments=113 chain_candidates=0
Q3 k=1216 seq=SSUOURRMSMRUS applied=SSUOURRMSMRUS writes=884 segments=126 chain_candidates=0
Q3 k=1217 seq=UMOMUORUMM applied=UMOMUORUMM writes=835 segments=123 chain_candidates=0
Q3 k=1218 seq=OMS applied=OMS writes=174 segments=26 chain_candidates=0
Q3 k=1219 seq=UMURMSU applied=UMURMSU writes=701 segments=103 chain_candidates=0
Q3 k=1220 seq=RM applied=-M writes=137 segments=23 chain_candidates=0
Q3 k=1221 seq=MSUR applied=MSUR writes=350 segments=53 chain_candidates=0
Q3 k=1222 seq=MRRSUMRUSOOSSM applied=M--SUMRUSOOSSM writes=764 segments=105 chain_candidates=0
Q3 k=1223 seq=RSMOROMRROOMO applied=-SMOROMRROOMO writes=580 segments=79 chain_candidates=0
Q3 k=1224 seq=OUMSOUOOR applied=OUMSOUOOR writes=547 segments=76 chain_candidates=0
Q3 k=1225 seq=URSRU applied=URSRU writes=488 segments=73 chain_candidates=0
Q3 k=1226 seq=RRRUOOSSMUOOO applied=---UOOSSMUOOO writes=607 segments=81 chain_candidates=0
Q3 k=1227 seq=RUR applied=-UR writes=275 segments=43 chain_candidates=0
Q3 k=1228 seq=OUO applied=OUO writes=239 segments=36 chain_candidates=0
Q3 k=1229 seq=USMMSOUU applied=USMMSOUU writes=640 segments=93 chain_candidates=0
Q3 k=1230 seq=MURM applied=MURM writes=413 segments=63 chain_candidates=0
Q3 k=1231 seq=UMORRROUMSO applied=UMORRROUMSO writes=761 segments=109 chain_candidates=0
Q3 k=1232 seq=OMOOORSO applied=OMOOORSO writes=371 segments=48 chain_candidates=0
Q3 k=1233 seq=RORMMRORS applied=-O-MM-ORS writes=326 segments=46 chain_candidates=0
Q3 k=1234 seq=OOUOOS applied=OOUOOS writes=321 segments=42 chain_candidates=0
Q3 k=1235 seq=M applied=M writes=137 segments=23 chain_candidates=0
Q3 k=1236 seq=RSMRSOR applied=-SM-SOR writes=255 segments=36 chain_candidates=0
Q3 k=1237 seq=USMMOO applied=USMMOO writes=414 segments=59 chain_candidates=0
Q3 k=1238 seq=UO applied=UO writes=231 segments=36 chain_candidates=0
Q3 k=1239 seq=SRUOOSS applied=S-UOOSS writes=338 segments=45 chain_candidates=0
Q3 k=1240 seq=MSUMO applied=MSUMO writes=389 segments=56 chain_candidates=0
Q3 k=1241 seq=OM applied=OM writes=145 segments=23 chain_candidates=0
Q3 k=1242 seq=ROROORMUMSM applied=-O-OORMUMSM writes=579 segments=82 chain_candidates=0
Q3 k=1243 seq=S applied=S writes=99 segments=16 chain_candidates=0
Q3 k=1244 seq=US applied=US writes=231 segments=36 chain_candidates=0
Q3 k=1245 seq=O applied=O writes=99 segments=16 chain_candidates=0
Q3 k=1246 seq=O applied=O writes=99 segments=16 chain_candidates=0
Q3 k=1247 seq=OMSOUR applied=OMSOUR writes=370 segments=53 chain_candidates=0
Q3 k=1248 seq=MO applied=MO writes=166 segments=26 chain_candidates=0
Q3 k=1249 seq=OORMRSUMOSOMUS applied=OORMRSUMOSOMUS writes=841 segments=115 chain_candidates=0
Q3 k=1250 seq=SRR applied=S-- writes=99 segments=16 chain_candidates=0
Q3 k=1251 seq=MRRUURMROOSR applied=M--UURMROOSR writes=790 segments=112 chain_candidates=0
Q3 k=1252 seq=ORSRO applied=O-SRO writes=201 segments=29 chain_candidates=0
Q3 k=1253 seq=RUSMSSSMMRM applied=-USMSSSMMRM writes=650 segments=92 chain_candidates=0
Q3 k=1254 seq=SSORRR applied=SSORRR writes=360 segments=52 chain_candidates=0
Q3 k=1255 seq=S applied=S writes=99 segments=16 chain_candidates=0
Q3 k=1256 seq=OMOO applied=OMOO writes=207 segments=29 chain_candidates=0
Q3 k=1257 seq=MRUMSUMM applied=M-UMSUMM writes=634 segments=93 chain_candidates=0
Q3 k=1258 seq=RMMUSS applied=-MMUSS writes=410 segments=59 chain_candidates=0
Q3 k=1259 seq=SUSMUSOMS applied=SUSMUSOMS writes=566 segments=79 chain_candidates=0
Q3 k=1260 seq=RSUMU applied=-SUMU writes=417 segments=63 chain_candidates=0
Q3 k=1261 seq=MRSMOUMMRR applied=M-SMOUMMRR writes=632 segments=93 chain_candidates=0
Q3 k=1262 seq=R applied=- writes=70 segments=13 chain_candidates=0
Q3 k=1263 seq=MSRRUMOSURMRSR applied=MS--UMOSURMRSR writes=798 segments=113 chain_candidates=0
Q3 k=1264 seq=USOR applied=USOR writes=308 segments=46 chain_candidates=0
Q3 k=1265 seq=MRSUROROSUO applied=M-SUROROSUO writes=624 segments=86 chain_candidates=0
Q3 k=1266 seq=MRR applied=M-- writes=137 segments=23 chain_candidates=0
Q3 k=1267 seq=RORUSU applied=-O-USU writes=358 segments=53 chain_candidates=0
Q3 k=1268 seq=RORS applied=-O-S writes=128 segments=19 chain_candidates=0
Q3 k=1269 seq=MURR applied=MURR writes=411 segments=63 chain_candidates=0
Q3 k=1270 seq=UMSRUMU applied=UMSRUMU writes=697 segments=103 chain_candidates=0
Q3 k=1271 seq=UR applied=UR writes=275 segments=43 chain_candidates=0
Q3 k=1272 seq=OMURSOMSRUUR applied=OMURSOMSRUUR writes=859 segments=123 chain_candidates=0
Q3 k=1273 seq=URURMSURM applied=URURMSURM writes=823 segments=123 chain_candidates=0
Q3 k=1274 seq=OMMSRMS applied=OMMSRMS writes=393 segments=56 chain_candidates=0
Q3 k=1275 seq=RMUSUSOO applied=-MUSUSOO writes=520 segments=72 chain_candidates=0
Q3 k=1276 seq=UMORMORSM applied=UMORMORSM writes=573 segments=83 chain_candidates=0
Q3 k=1277 seq=SSSMUUUSOUMM applied=SSSMUUUSOUMM writes=946 segments=132 chain_candidates=0
Q3 k=1278 seq=OMUOMOOSOMRM applied=OMUOMOOSOMRM writes=678 segments=92 chain_candidates=0
Q3 k=1279 seq=SSMSU applied=SSMSU writes=301 segments=43 chain_candidates=0
Q3 k=1280 seq=MSOUMSUOORMO applied=MSOUMSUOORMO writes=701 segments=96 chain_candidates=0
Q3 k=1281 seq=USRRUMSSOUU applied=USRRUMSSOUU writes=918 segments=132 chain_candidates=0
Q3 k=1282 seq=UOROSMSRUOUROO applied=UOROSMSRUOUROO writes=874 segments=119 chain_candidates=0
Q3 k=1283 seq=S applied=S writes=99 segments=16 chain_candidates=0
Q3 k=1284 seq=RSOUSMSRUROO applied=-SOUSMSRUROO writes=641 segments=89 chain_candidates=0
Q3 k=1285 seq=RSSUROSUSMMSOU applied=-SSUROSUSMMSOU writes=757 segments=103 chain_candidates=0
Q3 k=1286 seq=R applied=- writes=70 segments=13 chain_candidates=0
Q3 k=1287 seq=RUMSU applied=-UMSU writes=421 segments=63 chain_candidates=0
Q3 k=1288 seq=OOURUOUMR applied=OOURUOUMR writes=711 segments=103 chain_candidates=0
Q3 k=1289 seq=SOSOURSMR applied=SOSOURSMR writes=510 segments=72 chain_candidates=0
Q3 k=1290 seq=MMRMUUOS applied=MM-MUUOS writes=621 segments=89 chain_candidates=0
Q3 k=1291 seq=RSOORSRMU applied=-SOORSRMU writes=510 segments=72 chain_candidates=0
Q3 k=1292 seq=ROSMROMMSS applied=-OSMROMMSS writes=434 segments=59 chain_candidates=0
Q3 k=1293 seq=US applied=US writes=231 segments=36 chain_candidates=0
Q3 k=1294 seq=SSMOOUS applied=SSMOOUS writes=405 segments=55 chain_candidates=0
Q3 k=1295 seq=MRUSRMSUO applied=M-USRMSUO writes=606 segments=86 chain_candidates=0
Q3 k=1296 seq=ROOO applied=-OOO writes=157 segments=22 chain_candidates=0
Q3 k=1297 seq=M applied=M writes=137 segments=23 chain_candidates=0
Q3 k=1298 seq=OR applied=O- writes=99 segments=16 chain_candidates=0
Q3 k=1299 seq=OMS applied=OMS writes=174 segments=26 chain_candidates=0
Q3 k=1300 seq=URSMRSOOMSUSRU applied=URSMRSOOMSUSRU writes=950 segments=132 chain_candidates=0
Q3 k=1301 seq=UMUO applied=UMUO writes=442 segments=66 chain_candidates=0
Q3 k=1302 seq=SRSUMURMRMMMM applied=S-SUMURMRMMMM writes=902 segments=133 chain_candidates=0
Q3 k=1303 seq=MUU applied=MUU writes=417 segments=63 chain_candidates=0
Q3 k=1304 seq=SUUSSRMR applied=SUUSSRMR writes=575 segments=83 chain_candidates=0
Q3 k=1305 seq=UUOUORUSMUM applied=UUOUORUSMUM writes=989 segments=143 chain_candidates=0
Q3 k=1306 seq=MRSRSMUSMR applied=M-S-SMUSMR writes=512 segments=73 chain_candidates=0
Q3 k=1307 seq=SUU applied=SUU writes=354 segments=53 chain_candidates=0
Q3 k=1308 seq=SSUOOM applied=SSUOOM writes=334 segments=46 chain_candidates=0
Q3 k=1309 seq=OSS applied=OSS writes=157 segments=22 chain_candidates=0
Q3 k=1310 seq=SMM applied=SMM writes=216 segments=33 chain_candidates=0
Q3 k=1311 seq=MOOMMRSUORMR applied=MOOMMRSUORMR writes=725 segments=103 chain_candidates=0
Q3 k=1312 seq=ROROUSOSO applied=-O-OUSOSO writes=354 segments=45 chain_candidates=0
Q3 k=1313 seq=URMOSMRSRUOOU applied=URMOSMRSRUOOU writes=871 segments=123 chain_candidates=0
Q3 k=1314 seq=SMOSSOUSSM applied=SMOSSOUSSM writes=500 segments=65 chain_candidates=0
Q3 k=1315 seq=SSRRSOMSSUSMM applied=SSRRSOMSSUSMM writes=680 segments=92 chain_candidates=0
Q3 k=1316 seq=SSOSSSUMSS applied=SSOSSSUMSS writes=525 segments=67 chain_candidates=0
Q3 k=1317 seq=RORSMMMRUUR applied=-O-SMMMRUUR writes=701 segments=103 chain_candidates=0
Q3 k=1318 seq=SSRMRSO applied=SSRMRSO writes=353 segments=49 chain_candidates=0
Q3 k=1319 seq=UOSRMOSMRMRMM applied=UOSRMOSMRMRMM writes=788 segments=113 chain_candidates=0
Q3 k=1320 seq=UUMSMRURMUOO applied=UUMSMRURMUOO writes=1035 segments=149 chain_candidates=0
Q3 k=1321 seq=URSSR applied=URSSR writes=385 segments=56 chain_candidates=0
Q3 k=1322 seq=MOUSURR applied=MOUSURR writes=563 segments=83 chain_candidates=0
Q3 k=1323 seq=OURURRO applied=OURURRO writes=582 segments=86 chain_candidates=0
Q3 k=1324 seq=OSR applied=OSR writes=172 segments=26 chain_candidates=0
Q3 k=1325 seq=MRMOOUOUOMOR applied=M-MOOUOUOMOR writes=668 segments=93 chain_candidates=0
Q3 k=1326 seq=OSSSRRUUSMOOM applied=OSSSRRUUSMOOM writes=762 segments=105 chain_candidates=0
Q3 k=1327 seq=MOURO applied=MOURO writes=383 segments=56 chain_candidates=0
Q3 k=1328 seq=RUURRUSMORM applied=-UURRUSMORM writes=839 segments=123 chain_candidates=0
Q3 k=1329 seq=OOSMMMRUOUU applied=OOSMMMRUOUU writes=851 segments=122 chain_candidates=0
Q3 k=1330 seq=RRRRMUUS applied=----MUUS writes=450 segments=66 chain_candidates=0
Q3 k=1331 seq=U applied=U writes=202 segments=33 chain_candidates=0
Q3 k=1332 seq=OOSMROMRUMRRO applied=OOSMROMRUMRRO writes=815 segments=115 chain_candidates=0
Q3 k=1333 seq=OURUSOMOMR applied=OURUSOMOMR writes=654 segments=93 chain_candidates=0
Q3 k=1334 seq=MUSRRSM applied=MUSRRSM writes=502 segments=73 chain_candidates=0
Q3 k=1335 seq=OOSUUMSO applied=OOSUUMSO writes=566 segments=78 chain_candidates=0
Q3 k=1336 seq=OOMOO applied=OOMOO writes=236 segments=32 chain_candidates=0
Q3 k=1337 seq=UUUMUROSRM applied=UUUMUROSRM writes=922 segments=133 chain_candidates=0
Q3 k=1338 seq=UMMRRMUMMRSSS applied=UMMRRMUMMRSSS writes=975 segments=142 chain_candidates=0
Q3 k=1339 seq=OUSUMSR applied=OUSUMSR writes=506 segments=73 chain_candidates=0
Q3 k=1340 seq=MMOSRSUMMU applied=MMOSRSUMMU writes=719 segments=103 chain_candidates=0
Q3 k=1341 seq=SS applied=SS writes=128 segments=19 chain_candidates=0
Q3 k=1342 seq=MRS applied=M-S writes=166 segments=26 chain_candidates=0
Q3 k=1343 seq=RUSRU applied=-USRU writes=415 segments=63 chain_candidates=0
Q3 k=1344 seq=MUUMMMMSUMOURM applied=MUUMMMMSUMOURM writes=1192 segments=173 chain_candidates=0
Q3 k=1345 seq=OOSS applied=OOSS writes=186 segments=25 chain_candidates=0
Q3 k=1346 seq=MSRRSUMM applied=MS--SUMM writes=431 segments=63 chain_candidates=0
Q3 k=1347 seq=SUROUU applied=SUROUU writes=567 segments=83 chain_candidates=0
Q3 k=1348 seq=UOSMMOMUOOSUMU applied=UOSMMOMUOOSUMU writes=1005 segments=142 chain_candidates=0
Q3 k=1349 seq=MROSOSSSMMSSM applied=M-OSOSSSMMSSM writes=581 segments=74 chain_candidates=0
Q3 k=1350 seq=RSMOUMSU applied=-SMOUMSU writes=512 segments=73 chain_candidates=0
Q3 k=1351 seq=UROOOS applied=UROOOS writes=407 segments=55 chain_candidates=0
Q3 k=1352 seq=SRRRSSUROMOOU applied=S---SSUROMOOU writes=597 segments=82 chain_candidates=0
Q3 k=1353 seq=O applied=O writes=99 segments=16 chain_candidates=0
Q3 k=1354 seq=MMROOSRUUSMU applied=MM-OOSRUUSMU writes=859 segments=122 chain_candidates=0
Q3 k=1355 seq=UUUR applied=UUUR writes=555 segments=83 chain_candidates=0
Q3 k=1356 seq=UMSOMRU applied=UMSOMRU writes=565 segments=83 chain_candidates=0
Q3 k=1357 seq=SMOOS applied=SMOOS writes=240 segments=32 chain_candidates=0
Q3 k=1358 seq=UOSUSO applied=UOSUSO writes=420 segments=59 chain_candidates=0
Q3 k=1359 seq=RSORSUOU applied=-SORSUOU writes=431 segments=63 chain_candidates=0
Q3 k=1360 seq=MROMOROSR applied=M-OMOROSR writes=403 segments=56 chain_candidates=0
Q3 k=1361 seq=SSMU applied=SSMU writes=289 segments=43 chain_candidates=0
Q3 k=1362 seq=MMU applied=MMU writes=344 segments=53 chain_candidates=0
Q3 k=1363 seq=USOSRSUUUMSSUO applied=USOSRSUUUMSSUO writes=1046 segments=145 chain_candidates=0
Q3 k=1364 seq=RRMMSURMRMSS applied=--MMSURMRMSS writes=698 segments=99 chain_candidates=0
Q3 k=1365 seq=ORU applied=O-U writes=210 segments=33 chain_candidates=0
Q3 k=1366 seq=OMUMMSUR applied=OMUMMSUR writes=632 segments=93 chain_candidates=0
Q3 k=1367 seq=SUORUOUOR applied=SUORUOUOR writes=640 segments=93 chain_candidates=0
Q3 k=1368 seq=RMMMOMRUSM applied=-MMMOM-USM writes=569 segments=83 chain_candidates=0
Q3 k=1369 seq=SSSROOUOS applied=SSSROOUOS writes=440 segments=58 chain_candidates=0
Q3 k=1370 seq=RSUUROMUMUSOS applied=-SUUROMUMUSOS writes=944 segments=132 chain_candidates=0
Q3 k=1371 seq=RSSSUOOSRSU applied=-SSSUOOSRSU writes=605 segments=81 chain_candidates=0
Q3 k=1372 seq=MORRRSMM applied=MO---SMM writes=295 segments=43 chain_candidates=0
Q3 k=1373 seq=SOUS applied=SOUS writes=255 segments=36 chain_candidates=0
Q3 k=1374 seq=SSSSUORURMMSMU applied=SSSSUORURMMSMU writes=932 segments=132 chain_candidates=0
Q3 k=1375 seq=RUURSRMSS applied=-UURSRMSS writes=621 segments=89 chain_candidates=0
Q3 k=1376 seq=UOROSMMOUSSO applied=UOROSMMOUSSO writes=680 segments=92 chain_candidates=0
Q3 k=1377 seq=URSSOO applied=URSSOO writes=407 segments=55 chain_candidates=0
Q3 k=1378 seq=MSMMOOOOUMUMM applied=MSMMOOOOUMUMM writes=875 segments=122 chain_candidates=0
Q3 k=1379 seq=RSMMR applied=-SMM- writes=216 segments=33 chain_candidates=0
Q3 k=1380 seq=OUOURRUMMOOO applied=OUOURRUMMOOO writes=865 segments=122 chain_candidates=0
Q3 k=1381 seq=UUUOOMUR applied=UUUOOMUR writes=778 segments=113 chain_candidates=0
Q3 k=1382 seq=MMMMUOO applied=MMMMUOO writes=544 segments=79 chain_candidates=0
Q3 k=1383 seq=OSSOROOR applied=OSSOROOR writes=336 segments=45 chain_candidates=0
Q3 k=1384 seq=UU applied=UU writes=346 segments=53 chain_candidates=0
Q3 k=1385 seq=USU applied=USU writes=350 segments=53 chain_candidates=0
Q3 k=1386 seq=UUSOOMUOMUMOUM applied=UUSOOMUOMUMOUM writes=1149 segments=162 chain_candidates=0
Q3 k=1387 seq=MSMMUURR applied=MSMMUURR writes=685 segments=103 chain_candidates=0
Q3 k=1388 seq=MS applied=MS writes=166 segments=26 chain_candidates=0
Q3 k=1389 seq=MUM applied=MUM writes=348 segments=53 chain_candidates=0
Q3 k=1390 seq=RMSOUUUMUM applied=-MSOUUUMUM writes=843 segments=123 chain_candidates=0
Q3 k=1391 seq=UUROSORMOOMSRO applied=UUROSORMOOMSRO writes=864 segments=118 chain_candidates=0
Q3 k=1392 seq=ROSMURUSM applied=-OSMURUSM writes=573 segments=83 chain_candidates=0
Q3 k=1393 seq=SRUOUMROOMUU applied=S-UOUMROOMUU writes=853 segments=123 chain_candidates=0
Q3 k=1394 seq=UUMURSUMMR applied=UUMURSUMMR writes=973 segments=143 chain_candidates=0
Q3 k=1395 seq=USMOMMORUR applied=USMOMMORUR writes=705 segments=103 chain_candidates=0
Q3 k=1396 seq=UROSRMSM applied=UROSRMSM writes=514 segments=73 chain_candidates=0
Q3 k=1397 seq=MORRRRUSS applied=MO----USS writes=343 segments=49 chain_candidates=0
Q3 k=1398 seq=SRUOM applied=S-UOM writes=289 segments=43 chain_candidates=0
Q3 k=1399 seq=USUROOUMOOOO applied=USUROOUMOOOO writes=778 segments=105 chain_candidates=0
Q3 k=1400 seq=SSR applied=SSR writes=172 segments=26 chain_candidates=0
Q3 k=1401 seq=UURORSMORUSOSS applied=UURORSMORUSOSS writes=900 segments=125 chain_candidates=0
Q3 k=1402 seq=SSOOOORUMM applied=SSOOOORUMM writes=591 segments=81 chain_candidates=0
Q3 k=1403 seq=OUSMRUMMUS applied=OUSMRUMMUS writes=793 segments=116 chain_candidates=0
Q3 k=1404 seq=UUMRUORO applied=UUMRUORO writes=728 segments=106 chain_candidates=0
Q3 k=1405 seq=UMOSOSOS applied=UMOSOSOS writes=471 segments=61 chain_candidates=0
Q3 k=1406 seq=RMSSSMUSSUSM applied=-MSSSMUSSUSM writes=678 segments=92 chain_candidates=0
Q3 k=1407 seq=OORSR applied=OORSR writes=245 segments=36 chain_candidates=0
Q3 k=1408 seq=SSUURMSMUOOOU applied=SSUURMSMUOOOU writes=944 segments=132 chain_candidates=2
  CHAIN seq=SSUURMSMUOOOU seg=108 u=#165(dev0 slot50304+1 txgSome(8)) l=#289(dev0 slot50304+2 txgSome(14)) x=#799(dev0 slot50305+1 txgSome(34)) y=#797(dev0 slot50304+1 txgSome(34))
  CHAIN seq=SSUURMSMUOOOU seg=108 u=#166(dev1 slot50304+1 txgSome(8)) l=#290(dev1 slot50304+2 txgSome(14)) x=#800(dev1 slot50305+1 txgSome(34)) y=#798(dev1 slot50304+1 txgSome(34))
Q3 k=1409 seq=SS applied=SS writes=128 segments=19 chain_candidates=0
Q3 k=1410 seq=M applied=M writes=137 segments=23 chain_candidates=0
Q3 k=1411 seq=OUOSRUORUM applied=OUOSRUORUM writes=723 segments=103 chain_candidates=0
Q3 k=1412 seq=MUMSS applied=MUMSS writes=414 segments=59 chain_candidates=0
Q3 k=1413 seq=USRSRRRMRMORM applied=USRSRRRMRMORM writes=837 segments=123 chain_candidates=0
Q3 k=1414 seq=MOSSU applied=MOSSU writes=368 segments=52 chain_candidates=0
Q3 k=1415 seq=UOMRRMURS applied=UOMRRMURS writes=712 segments=106 chain_candidates=0
Q3 k=1416 seq=RMRRUUSMMSMMOS applied=-M--UUSMMSMMOS writes=779 segments=109 chain_candidates=0
Q3 k=1417 seq=OMRO applied=OM-O writes=174 segments=26 chain_candidates=0
Q3 k=1418 seq=MOUR applied=MOUR writes=350 segments=53 chain_candidates=0
Q3 k=1419 seq=S applied=S writes=99 segments=16 chain_candidates=0
Q3 k=1420 seq=ORSSURSM applied=O-SSURSM writes=437 segments=62 chain_candidates=0
Q3 k=1421 seq=UMMMMSRMMSRR applied=UMMMMSRMMSRR writes=835 segments=123 chain_candidates=0
Q3 k=1422 seq=RUURSRSSOSR applied=-UURSRSSOSR writes=664 segments=92 chain_candidates=0
Q3 k=1423 seq=RRROSUUSO applied=---OSUUSO writes=424 segments=59 chain_candidates=0
Q3 k=1424 seq=UMROMUOSUMRU applied=UMROMUOSUMRU writes=977 segments=143 chain_candidates=0
Q3 k=1425 seq=SSRSRSRUORMRRS applied=SSRSRSRUORMRRS writes=748 segments=106 chain_candidates=0
Q3 k=1426 seq=OMSOMUSSRUR applied=OMSOMUSSRUR writes=670 segments=93 chain_candidates=0
Q3 k=1427 seq=UMMMUURSRS applied=UMMMUURSRS writes=862 segments=126 chain_candidates=0
Q3 k=1428 seq=OU applied=OU writes=210 segments=33 chain_candidates=0
Q3 k=1429 seq=MMRMSOROURMOU applied=MM-MSOROURMOU writes=796 segments=113 chain_candidates=0
Q3 k=1430 seq=UR applied=UR writes=275 segments=43 chain_candidates=0
Q3 k=1431 seq=R applied=- writes=70 segments=13 chain_candidates=0
Q3 k=1432 seq=SOMRRUMRMU applied=SOMRRUMRMU writes=762 segments=113 chain_candidates=0
Q3 k=1433 seq=MORU applied=MO-U writes=285 segments=43 chain_candidates=0
Q3 k=1434 seq=SOMMRSMUSUS applied=SOMMRSMUSUS writes=677 segments=96 chain_candidates=0
Q3 k=1435 seq=URUO applied=URUO writes=444 segments=66 chain_candidates=0
Q3 k=1436 seq=OR applied=O- writes=99 segments=16 chain_candidates=0
Q3 k=1437 seq=S applied=S writes=99 segments=16 chain_candidates=0
Q3 k=1438 seq=MUMSMMRMM applied=MUMSMMRMM writes=693 segments=103 chain_candidates=0
Q3 k=1439 seq=SOOOMO applied=SOOOMO writes=269 segments=35 chain_candidates=0
Q3 k=1440 seq=OOMOUSSRRMR applied=OOMOUSSRRMR writes=591 segments=83 chain_candidates=0
Q3 k=1441 seq=OOSOSUSMO applied=OOSOSUSMO writes=417 segments=55 chain_candidates=0
Q3 k=1442 seq=UMOSRSSOSOSMS applied=UMOSRSSOSOSMS writes=660 segments=84 chain_candidates=0
Q3 k=1443 seq=RSOSMUOM applied=-SOSMUOM writes=447 segments=62 chain_candidates=0
Q3 k=1444 seq=MSMRMR applied=MSM-M- writes=283 segments=43 chain_candidates=0
Q3 k=1445 seq=UUMRURUUMRU applied=UUMRURUUMRU writes=1231 segments=183 chain_candidates=0
Q3 k=1446 seq=RSSSR applied=-SSSR writes=222 segments=32 chain_candidates=0
Q3 k=1447 seq=MMOSUOMOUOSU applied=MMOSUOMOUOSU writes=755 segments=103 chain_candidates=0
Q3 k=1448 seq=MRSMRUUUSMSMR applied=M-SM-UUUSMSMR writes=847 segments=123 chain_candidates=0
Q3 k=1449 seq=UMUOUM applied=UMUOUM writes=632 segments=93 chain_candidates=0
Q3 k=1450 seq=UUMSMMOSMSM applied=UUMSMMOSMSM writes=750 segments=106 chain_candidates=0
Q3 k=1451 seq=RMRRMM applied=-M--MM writes=275 segments=43 chain_candidates=0
Q3 k=1452 seq=OSMMOMOUUMSSR applied=OSMMOMOUUMSSR writes=764 segments=106 chain_candidates=0
Q3 k=1453 seq=RSUMMOSSM applied=-SUMMOSSM writes=514 segments=72 chain_candidates=0
Q3 k=1454 seq=RSRUMR applied=-S-UMR writes=346 segments=53 chain_candidates=0
Q3 k=1455 seq=OROMSRSMSRR applied=O-OMSRSMSRR writes=455 segments=63 chain_candidates=0
Q3 k=1456 seq=MMSOSM applied=MMSOSM writes=374 segments=52 chain_candidates=0
Q3 k=1457 seq=SMMU applied=SMMU writes=352 segments=53 chain_candidates=0
Q3 k=1458 seq=SR applied=S- writes=99 segments=16 chain_candidates=0
Q3 k=1459 seq=OROOUOORUOR applied=O-OOUOORUOR writes=595 segments=82 chain_candidates=0
Q3 k=1460 seq=UOOMUORU applied=UOOMUORU writes=650 segments=93 chain_candidates=0
Q3 k=1461 seq=OUOOUMSMMRMMU applied=OUOOUMSMMRMMU writes=918 segments=133 chain_candidates=0
Q3 k=1462 seq=M applied=M writes=137 segments=23 chain_candidates=0
Q3 k=1463 seq=MOSMMSRSOORM applied=MOSMMSRSOORM writes=607 segments=82 chain_candidates=0
Q3 k=1464 seq=OROUUU applied=O-OUUU writes=502 segments=73 chain_candidates=0
Q3 k=1465 seq=ROUOSMOOOSS applied=-OUOSMOOOSS writes=487 segments=61 chain_candidates=0
Q3 k=1466 seq=ROU applied=-OU writes=210 segments=33 chain_candidates=0
Q3 k=1467 seq=MSRSSOOR applied=MS-SSOOR writes=342 segments=45 chain_candidates=0
Q3 k=1468 seq=SUURRUMRSRUM applied=SUURRUMRSRUM writes=1036 segments=153 chain_candidates=0
Q3 k=1469 seq=MS applied=MS writes=166 segments=26 chain_candidates=0
Q3 k=1470 seq=SSUSSUSOURM applied=SSUSSUSOURM writes=674 segments=93 chain_candidates=0
Q3 k=1471 seq=ORRU applied=O--U writes=210 segments=33 chain_candidates=0
Q3 k=1472 seq=UUUUUMRRRSMRR applied=UUUUUMRRRSMRR writes=1237 segments=183 chain_candidates=0
Q3 k=1473 seq=OMSSOMMSSSUMU applied=OMSSOMMSSSUMU writes=824 segments=111 chain_candidates=0
Q3 k=1474 seq=OUMUS applied=OUMUS writes=450 segments=66 chain_candidates=0
Q3 k=1475 seq=UUOMU applied=UUOMU writes=561 segments=83 chain_candidates=0
Q3 k=1476 seq=SU applied=SU writes=210 segments=33 chain_candidates=0
Q3 k=1477 seq=RROMOOORSURRM applied=--OMOOORSURRM writes=662 segments=92 chain_candidates=0
Q3 k=1478 seq=SRRSSOOSS applied=S--SSOOSS writes=277 segments=34 chain_candidates=0
Q3 k=1479 seq=USOMSOM applied=USOMSOM writes=447 segments=62 chain_candidates=0
Q3 k=1480 seq=SUSM applied=SUSM writes=289 segments=43 chain_candidates=0
Q3 k=1481 seq=SRSUMUOSMSUM applied=S-SUMUOSMSUM writes=735 segments=103 chain_candidates=0
Q3 k=1482 seq=MRSSUSROORSUU applied=M-SSUSROORSUU writes=743 segments=103 chain_candidates=4
  CHAIN seq=MRSSUSROORSUU seg=99 u=#59(dev0 slot50262+1 txgSome(4)) l=#297(dev0 slot50262+2 txgSome(14)) x=#728(dev0 slot50263+1 txgSome(31)) y=#726(dev0 slot50262+1 txgSome(31))
  CHAIN seq=MRSSUSROORSUU seg=99 u=#60(dev1 slot50262+1 txgSome(4)) l=#298(dev1 slot50262+2 txgSome(14)) x=#729(dev1 slot50263+1 txgSome(31)) y=#727(dev1 slot50262+1 txgSome(31))
  CHAIN seq=MRSSUSROORSUU seg=99 u=#61(dev0 slot50263+1 txgSome(4)) l=#297(dev0 slot50262+2 txgSome(14)) x=#726(dev0 slot50262+1 txgSome(31)) y=#728(dev0 slot50263+1 txgSome(31))
Q3 k=1483 seq=OOMOMS applied=OOMOMS writes=286 segments=39 chain_candidates=0
Q3 k=1484 seq=SMSOUMSRMU applied=SMSOUMSRMU writes=656 segments=93 chain_candidates=0
Q3 k=1485 seq=MR applied=M- writes=137 segments=23 chain_candidates=0
Q3 k=1486 seq=UU applied=UU writes=346 segments=53 chain_candidates=0
Q3 k=1487 seq=U applied=U writes=202 segments=33 chain_candidates=0
Q3 k=1488 seq=OS applied=OS writes=128 segments=19 chain_candidates=0
Q3 k=1489 seq=R applied=- writes=70 segments=13 chain_candidates=0
Q3 k=1490 seq=SSSRMRMUUSU applied=SSSRMRMUUSU writes=853 segments=122 chain_candidates=0
Q3 k=1491 seq=OMMUROMUUUORS applied=OMMUROMUUUORS writes=1026 segments=146 chain_candidates=0
Q3 k=1492 seq=RUOSUOUUR applied=-UOSUOUUR writes=711 segments=103 chain_candidates=0
Q3 k=1493 seq=RUUUURSM applied=-UUUURSM writes=770 segments=113 chain_candidates=0
Q3 k=1494 seq=SMRUUSOSS applied=SM-UUSOSS writes=553 segments=75 chain_candidates=0
Q3 k=1495 seq=SMU applied=SMU writes=285 segments=43 chain_candidates=0
Q3 k=1496 seq=MSMRSM applied=MSM-SM writes=295 segments=43 chain_candidates=0
Q3 k=1497 seq=R applied=- writes=70 segments=13 chain_candidates=0
Q3 k=1498 seq=RRSS applied=--SS writes=128 segments=19 chain_candidates=0
Q3 k=1499 seq=SO applied=SO writes=128 segments=19 chain_candidates=0
Q3 k=1500 seq=SMOORMRMO applied=SMOORMRMO writes=470 segments=66 chain_candidates=0
Q3 k=1501 seq=ORRMSM applied=O--MSM writes=224 segments=33 chain_candidates=0
Q3 k=1502 seq=SMMOSMSUUOR applied=SMMOSMSUUOR writes=668 segments=93 chain_candidates=0
Q3 k=1503 seq=SSS applied=SSS writes=157 segments=22 chain_candidates=0
Q3 k=1504 seq=UUOROMROUOUOR applied=UUOROMROUOUOR writes=936 segments=133 chain_candidates=0
Q3 k=1505 seq=ROOMSUUSUUU applied=-OOMSUUSUUU writes=861 segments=123 chain_candidates=0
Q3 k=1506 seq=SUROR applied=SUROR writes=360 segments=53 chain_candidates=0
Q3 k=1507 seq=UORROSOSOUM applied=UORROSOSOUM writes=674 segments=92 chain_candidates=0
Q3 k=1508 seq=OMMMMSMMUUOURR applied=OMMMMSMMUUOURR writes=1054 segments=153 chain_candidates=0
Q3 k=1509 seq=SMSOSRRSRSMM applied=SMSOSRRSRSMM writes=601 segments=82 chain_candidates=0
Q3 k=1510 seq=S applied=S writes=99 segments=16 chain_candidates=0
Q3 k=1511 seq=ROMR applied=-OM- writes=145 segments=23 chain_candidates=0
Q3 k=1512 seq=MUUOOSSO applied=MUUOOSSO writes=582 segments=78 chain_candidates=0
Q3 k=1513 seq=SO applied=SO writes=128 segments=19 chain_candidates=0
Q3 k=1514 seq=RURSMOSRUURU applied=-URSMOSRUURU writes=924 segments=133 chain_candidates=0
Q3 k=1515 seq=UUSRMUS applied=UUSRMUS writes=659 segments=96 chain_candidates=0
Q3 k=1516 seq=UORMRUSMSOU applied=UORMRUSMSOU writes=790 segments=113 chain_candidates=0
Q3 k=1517 seq=MSSUUSSO applied=MSSUUSSO writes=528 segments=72 chain_candidates=0
Q3 k=1518 seq=USU applied=USU writes=350 segments=53 chain_candidates=0
Q3 k=1519 seq=SSMUO applied=SSMUO writes=322 segments=46 chain_candidates=0
Q3 k=1520 seq=RSRUR applied=-S-UR writes=283 segments=43 chain_candidates=0
Q3 k=1521 seq=UUSRUSOMUUOS applied=UUSRUSOMUUOS writes=984 segments=139 chain_candidates=0
Q3 k=1522 seq=MOUMOSRSSMO applied=MOUMOSRSSMO writes=632 segments=85 chain_candidates=0
Q3 k=1523 seq=OROUOUMU applied=O-OUOUMU writes=581 segments=83 chain_candidates=0
Q3 k=1524 seq=OUORRSRUUU applied=OUORRSRUUU writes=841 segments=123 chain_candidates=0
Q3 k=1525 seq=MRR applied=M-- writes=137 segments=23 chain_candidates=0
Q3 k=1526 seq=UOMMUMSSOMOO applied=UOMMUMSSOMOO writes=787 segments=108 chain_candidates=0
Q3 k=1527 seq=SRMOMOSOR applied=S-MOMOSOR writes=388 segments=52 chain_candidates=0
Q3 k=1528 seq=SOSOSO applied=SOSOSO writes=244 segments=31 chain_candidates=0
Q3 k=1529 seq=RMSORMSMUO applied=-MSORMSMUO writes=541 segments=76 chain_candidates=0
Q3 k=1530 seq=SORURRRRMOMM applied=SORURRRRMOMM writes=760 segments=113 chain_candidates=0
Q3 k=1531 seq=UMUMSRUUOMMMMS applied=UMUMSRUUOMMMMS writes=1142 segments=166 chain_candidates=0
Q3 k=1532 seq=SORUSMOS applied=SORUSMOS writes=432 segments=59 chain_candidates=0
Q3 k=1533 seq=SUOUOMM applied=SUOUOMM writes=504 segments=73 chain_candidates=0
Q3 k=1534 seq=SOOOMRRMRSUUSS applied=SOOOMRRMRSUUSS writes=844 segments=118 chain_candidates=0
Q3 k=1535 seq=SRRURMRMUU applied=S--URMRMUU writes=766 segments=113 chain_candidates=0
Q3 k=1536 seq=MOMOOS applied=MOMOOS writes=315 segments=42 chain_candidates=0
Q3 k=1537 seq=RROSM applied=--OSM writes=174 segments=26 chain_candidates=0
Q3 k=1538 seq=RRORRMOOUMUSRS applied=--O--MOOUMUSRS writes=618 segments=86 chain_candidates=0
Q3 k=1539 seq=RUSUSMUSOUS applied=-USUSMUSOUS writes=758 segments=106 chain_candidates=4
  CHAIN seq=RUSUSMUSOUS seg=102 u=#82(dev0 slot50270+1 txgSome(5)) l=#354(dev0 slot50270+2 txgSome(17)) x=#745(dev0 slot50271+1 txgSome(32)) y=#743(dev0 slot50270+1 txgSome(32))
  CHAIN seq=RUSUSMUSOUS seg=102 u=#83(dev1 slot50270+1 txgSome(5)) l=#355(dev1 slot50270+2 txgSome(17)) x=#746(dev1 slot50271+1 txgSome(32)) y=#744(dev1 slot50270+1 txgSome(32))
  CHAIN seq=RUSUSMUSOUS seg=102 u=#84(dev0 slot50271+1 txgSome(5)) l=#354(dev0 slot50270+2 txgSome(17)) x=#743(dev0 slot50270+1 txgSome(32)) y=#745(dev0 slot50271+1 txgSome(32))
Q3 k=1540 seq=SOROSSRRSUUOOM applied=SOROSSRRSUUOOM writes=772 segments=105 chain_candidates=0
Q3 k=1541 seq=RRROSRSM applied=---OSRSM writes=251 segments=36 chain_candidates=0
Q3 k=1542 seq=SSMSSSRMMU applied=SSMSSSRMMU writes=587 segments=82 chain_candidates=0
Q3 k=1543 seq=UMSOR applied=UMSOR writes=383 segments=56 chain_candidates=0
Q3 k=1544 seq=URMMMOROSO applied=URMMMOROSO writes=656 segments=92 chain_candidates=0
Q3 k=1545 seq=OORMSOUOMUOSUO applied=OORMSOUOMUOSUO writes=794 segments=106 chain_candidates=0
Q3 k=1546 seq=MSUUOOUM applied=MSUUOOUM writes=648 segments=93 chain_candidates=0
Q3 k=1547 seq=MUU applied=MUU writes=417 segments=63 chain_candidates=0
Q3 k=1548 seq=O applied=O writes=99 segments=16 chain_candidates=0
Q3 k=1549 seq=OMSSOO applied=OMSSOO writes=273 segments=35 chain_candidates=0
Q3 k=1550 seq=UOOMUSMUOSRMRM applied=UOOMUSMUOSRMRM writes=940 segments=133 chain_candidates=0
Q3 k=1551 seq=RURRRRMURMORS applied=-URRRRMURMORS writes=931 segments=136 chain_candidates=0
Q3 k=1552 seq=UOOOSSOMOUSUMU applied=UOOOSSOMOUSUMU writes=966 segments=131 chain_candidates=0
Q3 k=1553 seq=M applied=M writes=137 segments=23 chain_candidates=0
Q3 k=1554 seq=RMROUSORRO applied=-M-OUSORRO writes=472 segments=66 chain_candidates=0
Q3 k=1555 seq=MOUORMOSUSROM applied=MOUORMOSUSROM writes=741 segments=103 chain_candidates=0
Q3 k=1556 seq=MORSSRSU applied=MO-SSRSU writes=445 segments=62 chain_candidates=0
Q3 k=1557 seq=MM applied=MM writes=208 segments=33 chain_candidates=0
Q3 k=1558 seq=OROS applied=O-OS writes=157 segments=22 chain_candidates=0
Q3 k=1559 seq=OSRS applied=OSRS writes=201 segments=29 chain_candidates=0
Q3 k=1560 seq=RSU applied=-SU writes=210 segments=33 chain_candidates=0
Q3 k=1561 seq=MOUUUUUSUUSSS applied=MOUUUUUSUUSSS writes=1212 segments=172 chain_candidates=0
Q3 k=1562 seq=SR applied=S- writes=99 segments=16 chain_candidates=0
Q3 k=1563 seq=UOUMSR applied=UOUMSR writes=498 segments=73 chain_candidates=0
Q3 k=1564 seq=OOUR applied=OOUR writes=287 segments=43 chain_candidates=0
Q3 k=1565 seq=R applied=- writes=70 segments=13 chain_candidates=0
Q3 k=1566 seq=SSOSMMOUO applied=SSOSMMOUO writes=484 segments=65 chain_candidates=0
Q3 k=1567 seq=SUUR applied=SUUR writes=419 segments=63 chain_candidates=0
Q3 k=1568 seq=O applied=O writes=99 segments=16 chain_candidates=0
Q3 k=1569 seq=US applied=US writes=231 segments=36 chain_candidates=0
Q3 k=1570 seq=OMSUMS applied=OMSUMS writes=397 segments=56 chain_candidates=0
Q3 k=1571 seq=SSOSOORR applied=SSOSOORR writes=382 segments=51 chain_candidates=0
Q3 k=1572 seq=RSMOOOS applied=-SMOOOS writes=273 segments=35 chain_candidates=0
Q3 k=1573 seq=SSU applied=SSU writes=222 segments=33 chain_candidates=0
Q3 k=1574 seq=MOUOMMMR applied=MOUOMMMR writes=563 segments=83 chain_candidates=0
Q3 k=1575 seq=ORSUOMOSM applied=O-SUOMOSM writes=413 segments=56 chain_candidates=0
Q3 k=1576 seq=RMUUSOUURSR applied=-MUUSOUURSR writes=855 segments=123 chain_candidates=0
Q3 k=1577 seq=RMRMRR applied=-M-M-- writes=208 segments=33 chain_candidates=0
Q3 k=1578 seq=SSRMOMSUM applied=SSRMOMSUM writes=516 segments=73 chain_candidates=0
Q3 k=1579 seq=O applied=O writes=99 segments=16 chain_candidates=0
Q3 k=1580 seq=UOROMUUMRUR applied=UOROMUUMRUR writes=967 segments=143 chain_candidates=0
Q3 k=1581 seq=SMMURS applied=SMMURS writes=458 segments=66 chain_candidates=0
Q3 k=1582 seq=MOUMMOUOMMUSRU applied=MOUMMOUOMMUSRU writes=1074 segments=153 chain_candidates=0
Q3 k=1583 seq=SSM applied=SSM writes=174 segments=26 chain_candidates=0
Q3 k=1584 seq=MUMUUUM applied=MUMUUUM writes=835 segments=123 chain_candidates=0
Q3 k=1585 seq=OSSMOS applied=OSSMOS writes=286 segments=38 chain_candidates=0
Q3 k=1586 seq=USMSRMO applied=USMSRMO writes=458 segments=66 chain_candidates=0
Q3 k=1587 seq=SMUSMOOUSMRSS applied=SMUSMOOUSMRSS writes=738 segments=99 chain_candidates=0
Q3 k=1588 seq=MSROORM applied=MS-OORM writes=368 segments=52 chain_candidates=0
Q3 k=1589 seq=RMRMMM applied=-M-MMM writes=342 segments=53 chain_candidates=0
Q3 k=1590 seq=SMRRRROUSROM applied=SM----OUSROM writes=449 segments=63 chain_candidates=0
Q3 k=1591 seq=SMOSMSOMUUR applied=SMOSMSOMUUR writes=731 segments=102 chain_candidates=0
Q3 k=1592 seq=RUUUOMUM applied=-UUUOMUM writes=772 segments=113 chain_candidates=0
Q3 k=1593 seq=MS applied=MS writes=166 segments=26 chain_candidates=0
Q3 k=1594 seq=OROSRU applied=O-OSRU writes=362 segments=52 chain_candidates=0
Q3 k=1595 seq=RSSMUSSSR applied=-SSMUSSSR writes=453 segments=62 chain_candidates=0
Q3 k=1596 seq=UOMUUOO applied=UOMUUOO writes=619 segments=89 chain_candidates=0
Q3 k=1597 seq=MUSOUMOUMRRM applied=MUSOUMOUMRRM writes=928 segments=133 chain_candidates=0
Q3 k=1598 seq=OSRMOUSOSS applied=OSRMOUSOSS writes=490 segments=65 chain_candidates=0
Q3 k=1599 seq=SU applied=SU writes=210 segments=33 chain_candidates=0
Q3 k=1600 seq=USR applied=USR writes=279 segments=43 chain_candidates=0
Q3 k=1601 seq=UURMMOSMUMU applied=UURMMOSMUMU writes=983 segments=143 chain_candidates=0
Q3 k=1602 seq=OSMRORMRSUUMM applied=OSMRORMRSUUMM writes=849 segments=123 chain_candidates=0
Q3 k=1603 seq=SUUM applied=SUUM writes=421 segments=63 chain_candidates=0
Q3 k=1604 seq=MSMMUUMMOOU applied=MSMMUUMMOOU writes=849 segments=123 chain_candidates=0
Q3 k=1605 seq=OSOMORRRMMRUOO applied=OSOMORRRMMRUOO writes=828 segments=118 chain_candidates=0
Q3 k=1606 seq=M applied=M writes=137 segments=23 chain_candidates=0
Q3 k=1607 seq=USO applied=USO writes=264 segments=39 chain_candidates=0
Q3 k=1608 seq=USMOSUSROO applied=USMOSUSROO writes=576 segments=79 chain_candidates=0
Q3 k=1609 seq=UROMUSSRUR applied=UROMUSSRUR writes=792 segments=113 chain_candidates=0
Q3 k=1610 seq=RO applied=-O writes=99 segments=16 chain_candidates=0
Q3 k=1611 seq=OOU applied=OOU writes=222 segments=33 chain_candidates=0
Q3 k=1612 seq=UMMS applied=UMMS writes=373 segments=56 chain_candidates=0
Q3 k=1613 seq=SUSSOUR applied=SUSSOUR writes=506 segments=72 chain_candidates=0
Q3 k=1614 seq=SO applied=SO writes=128 segments=19 chain_candidates=0
Q3 k=1615 seq=M applied=M writes=137 segments=23 chain_candidates=0
Q3 k=1616 seq=USSRUOROMRO applied=USSRUOROMRO writes=681 segments=96 chain_candidates=0
Q3 k=1617 seq=MMMSMOMRSSURS applied=MMMSMOMRSSURS writes=756 segments=106 chain_candidates=0
Q3 k=1618 seq=UUUUUMMRUR applied=UUUUUMMRUR writes=1174 segments=173 chain_candidates=0
Q3 k=1619 seq=S applied=S writes=99 segments=16 chain_candidates=0
Q3 k=1620 seq=MUROROURMS applied=MUROROURMS writes=736 segments=106 chain_candidates=0
Q3 k=1621 seq=SMMSRUOU applied=SMMSRUOU writes=573 segments=83 chain_candidates=0
Q3 k=1622 seq=SR applied=S- writes=99 segments=16 chain_candidates=0
Q3 k=1623 seq=OOUSRMSSMUR applied=OOUSRMSSMUR writes=658 segments=93 chain_candidates=0
Q3 k=1624 seq=S applied=S writes=99 segments=16 chain_candidates=0
Q3 k=1625 seq=MSMUMM applied=MSMUMM writes=490 segments=73 chain_candidates=0
Q3 k=1626 seq=RSRRUSUUMUMU applied=-S--USUUMUMU writes=904 segments=133 chain_candidates=0
Q3 k=1627 seq=RRSORRSROMRU applied=--SORRSROMRU writes=577 segments=83 chain_candidates=0
Q3 k=1628 seq=SMSURRSOMUURM applied=SMSURRSOMUURM writes=938 segments=133 chain_candidates=0
Q3 k=1629 seq=SUOM applied=SUOM writes=289 segments=43 chain_candidates=0
Q3 k=1630 seq=SSOUUORRMUSOM applied=SSOUUORRMUSOM writes=890 segments=125 chain_candidates=0
Q3 k=1631 seq=MO applied=MO writes=166 segments=26 chain_candidates=0
Q3 k=1632 seq=URRMUUSMUUSO applied=URRMUUSMUUSO writes=1104 segments=159 chain_candidates=0
Q3 k=1633 seq=UMSRM applied=UMSRM writes=417 segments=63 chain_candidates=0
Q3 k=1634 seq=MSUSUSRUSOOSR applied=MSUSUSRUSOOSR writes=806 segments=112 chain_candidates=0
Q3 k=1635 seq=OSRUOMUMUMUSU applied=OSRUOMUMUMUSU writes=1060 segments=153 chain_candidates=0
Q3 k=1636 seq=MSRORRM applied=MS-ORRM writes=358 segments=53 chain_candidates=0
Q3 k=1637 seq=RUUURRUURMMMSO applied=-UUURRUURMMMSO writes=1236 segments=179 chain_candidates=0
Q3 k=1638 seq=RS applied=-S writes=99 segments=16 chain_candidates=0
Q3 k=1639 seq=RUUOMUSU applied=-UUOMUSU writes=705 segments=103 chain_candidates=0
Q3 k=1640 seq=MSUORRMMROUS applied=MSUORRMMROUS writes=815 segments=116 chain_candidates=0
Q3 k=1641 seq=SUSSRUR applied=SUSSRUR writes=496 segments=73 chain_candidates=0
Q3 k=1642 seq=MRSRMUUUURSM applied=M-S-MUUUURSM writes=904 segments=133 chain_candidates=0
Q3 k=1643 seq=ROOM applied=-OOM writes=174 segments=26 chain_candidates=0
Q3 k=1644 seq=USRURRRORUSUO applied=USRURRRORUSUO writes=1012 segments=146 chain_candidates=0
Q3 k=1645 seq=RSRUMS applied=-S-UMS writes=314 segments=46 chain_candidates=0
Q3 k=1646 seq=UOSUUOOSMMOS applied=UOSUUOOSMMOS writes=793 segments=108 chain_candidates=0
Q3 k=1647 seq=OSRMOSROMOUOS applied=OSRMOSROMOUOS writes=600 segments=79 chain_candidates=0
Q3 k=1648 seq=SRSSURMUUUOU applied=S-SSURMUUUOU writes=993 segments=142 chain_candidates=0
Q3 k=1649 seq=RURMSOMRSRS applied=-URMSOMRSRS writes=612 segments=86 chain_candidates=0
Q3 k=1650 seq=RMRUSSUOR applied=-M-USSUOR writes=518 segments=73 chain_candidates=0
Q3 k=1651 seq=RMSUOOOOMMOMOO applied=-MSUOOOOMMOMOO writes=671 segments=88 chain_candidates=0
Q3 k=1652 seq=UUURRSRS applied=UUURRSRS writes=730 segments=106 chain_candidates=0
Q3 k=1653 seq=MMUOUSMR applied=MMUOUSMR writes=640 segments=93 chain_candidates=0
Q3 k=1654 seq=SSUMOOUSSROOMU applied=SSUMOOUSSROOMU writes=820 segments=112 chain_candidates=4
  CHAIN seq=SSUMOOUSSROOMU seg=108 u=#59(dev0 slot50262+1 txgSome(4)) l=#453(dev0 slot50262+2 txgSome(20)) x=#805(dev0 slot50263+1 txgSome(34)) y=#803(dev0 slot50262+1 txgSome(34))
  CHAIN seq=SSUMOOUSSROOMU seg=108 u=#60(dev1 slot50262+1 txgSome(4)) l=#454(dev1 slot50262+2 txgSome(20)) x=#806(dev1 slot50263+1 txgSome(34)) y=#804(dev1 slot50262+1 txgSome(34))
  CHAIN seq=SSUMOOUSSROOMU seg=108 u=#61(dev0 slot50263+1 txgSome(4)) l=#453(dev0 slot50262+2 txgSome(20)) x=#803(dev0 slot50262+1 txgSome(34)) y=#805(dev0 slot50263+1 txgSome(34))
Q3 k=1655 seq=MORORMSUS applied=MO-ORMSUS writes=474 segments=66 chain_candidates=0
Q3 k=1656 seq=OS applied=OS writes=128 segments=19 chain_candidates=0
Q3 k=1657 seq=UUOORU applied=UUOORU writes=571 segments=83 chain_candidates=0
Q3 k=1658 seq=SMMUSMMR applied=SMMUSMMR writes=567 segments=83 chain_candidates=0
Q3 k=1659 seq=RRU applied=--U writes=202 segments=33 chain_candidates=0
Q3 k=1660 seq=OROOUROUSRRUR applied=O-OOUROUSRRUR writes=853 segments=122 chain_candidates=0
Q3 k=1661 seq=SOUMMRUOSR applied=SOUMMRUOSR writes=667 segments=96 chain_candidates=0
Q3 k=1662 seq=RUUMRUROOOMSMO applied=-UUMRUROOOMSMO writes=969 segments=135 chain_candidates=0
Q3 k=1663 seq=OUMSUMRSRUMM applied=OUMSUMRSRUMM writes=920 segments=133 chain_candidates=0
Q3 k=1664 seq=SSORMMMUU applied=SSORMMMUU writes=707 segments=102 chain_candidates=0
Q3 k=1665 seq=M applied=M writes=137 segments=23 chain_candidates=0
Q3 k=1666 seq=MRU applied=M-U writes=281 segments=43 chain_candidates=0
Q3 k=1667 seq=RMSSRSRUMR applied=-MSSRSRUMR writes=571 segments=83 chain_candidates=0
Q3 k=1668 seq=OUMRRMSSRMUSR applied=OUMRRMSSRMUSR writes=847 segments=123 chain_candidates=0
Q3 k=1669 seq=UOSUURU applied=UOSUURU writes=695 segments=103 chain_candidates=0
Q3 k=1670 seq=RRURRMOO applied=--URRMOO writes=477 segments=69 chain_candidates=0
Q3 k=1671 seq=R applied=- writes=70 segments=13 chain_candidates=0
Q3 k=1672 seq=RUUUMSSRSMO applied=-UUUMSSRSMO writes=775 segments=109 chain_candidates=0
Q3 k=1673 seq=RRR applied=--- writes=70 segments=13 chain_candidates=0
Q3 k=1674 seq=MRMMSRUSUSR applied=M-MMS-USUSR writes=644 segments=93 chain_candidates=0
Q3 k=1675 seq=SUUSOMUUSOOMRM applied=SUUSOMUUSOOMRM writes=1015 segments=142 chain_candidates=0
Q3 k=1676 seq=SSSORSOM applied=SSSORSOM writes=342 segments=45 chain_candidates=0
Q3 k=1677 seq=MMUSOUSMUSU applied=MMUSOUSMUSU writes=875 segments=123 chain_candidates=4
  CHAIN seq=MMUSOUSMUSU seg=119 u=#59(dev0 slot50262+1 txgSome(4)) l=#508(dev0 slot50262+2 txgSome(23)) x=#860(dev0 slot50263+1 txgSome(37)) y=#858(dev0 slot50262+1 txgSome(37))
  CHAIN seq=MMUSOUSMUSU seg=119 u=#60(dev1 slot50262+1 txgSome(4)) l=#509(dev1 slot50262+2 txgSome(23)) x=#861(dev1 slot50263+1 txgSome(37)) y=#859(dev1 slot50262+1 txgSome(37))
  CHAIN seq=MMUSOUSMUSU seg=119 u=#61(dev0 slot50263+1 txgSome(4)) l=#508(dev0 slot50262+2 txgSome(23)) x=#858(dev0 slot50262+1 txgSome(37)) y=#860(dev0 slot50263+1 txgSome(37))
Q3 k=1678 seq=MOUS applied=MOUS writes=314 segments=46 chain_candidates=0
Q3 k=1679 seq=ORUORSSMSMU applied=O-UORSSMSMU writes=597 segments=83 chain_candidates=0
Q3 k=1680 seq=SUMSRS applied=SUMSRS writes=391 segments=56 chain_candidates=0
Q3 k=1681 seq=SOUO applied=SOUO writes=255 segments=36 chain_candidates=0
Q3 k=1682 seq=URSSS applied=URSSS writes=374 segments=52 chain_candidates=0
Q3 k=1683 seq=UORSROSUOUUO applied=UORSROSUOUUO writes=837 segments=116 chain_candidates=0
Q3 k=1684 seq=UUU applied=UUU writes=482 segments=73 chain_candidates=0
Q3 k=1685 seq=OSOUU applied=OSOUU writes=429 segments=62 chain_candidates=0
Q3 k=1686 seq=ORUR applied=O-UR writes=283 segments=43 chain_candidates=0
Q3 k=1687 seq=SMUOM applied=SMUOM writes=364 segments=53 chain_candidates=0
Q3 k=1688 seq=USOSOMMSUUUMM applied=USOSOMMSUUUMM writes=1005 segments=142 chain_candidates=0
Q3 k=1689 seq=RUOUUOROR applied=-UOUUOROR writes=640 segments=93 chain_candidates=0
Q3 k=1690 seq=RU applied=-U writes=202 segments=33 chain_candidates=0
Q3 k=1691 seq=SMMRURSMS applied=SMM-URSMS writes=541 segments=76 chain_candidates=0
Q3 k=1692 seq=MMSMS applied=MMSMS writes=320 segments=46 chain_candidates=0
Q3 k=1693 seq=MSU applied=MSU writes=285 segments=43 chain_candidates=0
Q3 k=1694 seq=OOUSUUOUMSUOU applied=OOUSUUOUMSUOU writes=1017 segments=143 chain_candidates=0
Q3 k=1695 seq=UUOUMUSRSROMU applied=UUOUMUSRSROMU writes=1074 segments=153 chain_candidates=0
Q3 k=1696 seq=UOMURROMUMUSS applied=UOMURROMUMUSS writes=1051 segments=149 chain_candidates=0
Q3 k=1697 seq=MO applied=MO writes=166 segments=26 chain_candidates=0
Q3 k=1698 seq=UROUSOO applied=UROUSOO writes=518 segments=72 chain_candidates=0
Q3 k=1699 seq=ORRUOUR applied=O--UOUR writes=423 segments=63 chain_candidates=0
Q3 k=1700 seq=MUS applied=MUS writes=314 segments=46 chain_candidates=0
Q3 k=1701 seq=MSRUSU applied=MS-USU writes=425 segments=63 chain_candidates=0
Q3 k=1702 seq=OOOOMRSRSRUOS applied=OOOOMRSRSRUOS writes=653 segments=88 chain_candidates=0
Q3 k=1703 seq=MS applied=MS writes=166 segments=26 chain_candidates=0
Q3 k=1704 seq=SOMOSSMOR applied=SOMOSSMOR writes=396 segments=52 chain_candidates=0
Q3 k=1705 seq=SU applied=SU writes=210 segments=33 chain_candidates=0
Q3 k=1706 seq=MU applied=MU writes=281 segments=43 chain_candidates=0
Q3 k=1707 seq=RUR applied=-UR writes=275 segments=43 chain_candidates=0
Q3 k=1708 seq=MSSSRUSSMRSR applied=MSSSRUSSMRSR writes=666 segments=92 chain_candidates=0
Q3 k=1709 seq=SROM applied=S-OM writes=174 segments=26 chain_candidates=0
Q3 k=1710 seq=MUMUSRUORUMUR applied=MUMUSRUORUMUR writes=1198 segments=173 chain_candidates=4
  CHAIN seq=MUMUSRUORUMUR seg=163 u=#147(dev0 slot50334+1 txgSome(8)) l=#488(dev0 slot50334+2 txgSome(23)) x=#1133(dev0 slot50335+1 txgSome(50)) y=#1131(dev0 slot50334+1 txgSome(50))
  CHAIN seq=MUMUSRUORUMUR seg=163 u=#148(dev1 slot50334+1 txgSome(8)) l=#489(dev1 slot50334+2 txgSome(23)) x=#1134(dev1 slot50335+1 txgSome(50)) y=#1132(dev1 slot50334+1 txgSome(50))
  CHAIN seq=MUMUSRUORUMUR seg=163 u=#149(dev0 slot50335+1 txgSome(8)) l=#488(dev0 slot50334+2 txgSome(23)) x=#1131(dev0 slot50334+1 txgSome(50)) y=#1133(dev0 slot50335+1 txgSome(50))
Q3 k=1711 seq=RUSMSMROMOMUSU applied=-USMSMROMOMUSU writes=863 segments=123 chain_candidates=0
Q3 k=1712 seq=UUUSS applied=UUUSS writes=548 segments=79 chain_candidates=0
Q3 k=1713 seq=RUU applied=-UU writes=346 segments=53 chain_candidates=0
Q3 k=1714 seq=MOSRMUSM applied=MOSRMUSM writes=512 segments=73 chain_candidates=0
Q3 k=1715 seq=RSRUORMOSOMOMO applied=-S-UORMOSOMOMO writes=636 segments=85 chain_candidates=0
Q3 k=1716 seq=USRMMUSMOOOO applied=USRMMUSMOOOO writes=764 segments=105 chain_candidates=0
Q3 k=1717 seq=M applied=M writes=137 segments=23 chain_candidates=0
Q3 k=1718 seq=OOMRSU applied=OOMRSU writes=366 segments=53 chain_candidates=0
Q3 k=1719 seq=U applied=U writes=202 segments=33 chain_candidates=0
Q3 k=1720 seq=URSRROR applied=URSRROR writes=494 segments=73 chain_candidates=0
Q3 k=1721 seq=MSMUSMUUMSMU applied=MSMUSMUUMSMU writes=993 segments=143 chain_candidates=0
Q3 k=1722 seq=MOMMSORMMMMM applied=MOMMSORMMMMM writes=707 segments=103 chain_candidates=0
Q3 k=1723 seq=MMSUUOMUR applied=MMSUUOMUR writes=772 segments=113 chain_candidates=0
Q3 k=1724 seq=OOUMO applied=OOUMO writes=322 segments=46 chain_candidates=0
Q3 k=1725 seq=USR applied=USR writes=279 segments=43 chain_candidates=0
Q3 k=1726 seq=SSRRORMRMSRRMS applied=SSRRORMRMSRRMS writes=738 segments=106 chain_candidates=0
Q3 k=1727 seq=RMUMMMOUOMSSSR applied=-MUMMMOUOMSSSR writes=869 segments=122 chain_candidates=0
Q3 k=1728 seq=SU applied=SU writes=210 segments=33 chain_candidates=0
Q3 k=1729 seq=RSM applied=-SM writes=145 segments=23 chain_candidates=0
Q3 k=1730 seq=MRSOMU applied=M-SOMU writes=364 segments=53 chain_candidates=0
Q3 k=1731 seq=SSRSUOSSSRUU applied=SSRSUOSSSRUU writes=739 segments=102 chain_candidates=0
Q3 k=1732 seq=MMO applied=MMO writes=241 segments=36 chain_candidates=0
Q3 k=1733 seq=MURROUUMSR applied=MURROUUMSR writes=839 segments=123 chain_candidates=0
Q3 k=1734 seq=OS applied=OS writes=128 segments=19 chain_candidates=0
Q3 k=1735 seq=RURUSUSMSMS applied=-URUSUSMSMS writes=750 segments=106 chain_candidates=0
Q3 k=1736 seq=MUMSUMMMSM applied=MUMSUMMMSM writes=780 segments=113 chain_candidates=0
Q3 k=1737 seq=UMROSMUMURO applied=UMROSMUMURO writes=874 segments=126 chain_candidates=0
Q3 k=1738 seq=MM applied=MM writes=208 segments=33 chain_candidates=0
Q3 k=1739 seq=SSORMO applied=SSORMO writes=326 segments=45 chain_candidates=0
Q3 k=1740 seq=OMSSSOORO applied=OMSSSOORO writes=383 segments=48 chain_candidates=0
Q3 k=1741 seq=OROSUUMSUUSO applied=O-OSUUMSUUSO writes=846 segments=118 chain_candidates=0
Q3 k=1742 seq=MRMOSRRRUSMM applied=M-MOSRRRUSMM writes=713 segments=103 chain_candidates=0
Q3 k=1743 seq=OOSRU applied=OOSRU writes=362 segments=52 chain_candidates=0
Q3 k=1744 seq=URMRUMORUUSU applied=URMRUMORUUSU writes=1115 segments=163 chain_candidates=0
Q3 k=1745 seq=SS applied=SS writes=128 segments=19 chain_candidates=0
Q3 k=1746 seq=OMUUSUR applied=OMUUSUR writes=638 segments=93 chain_candidates=0
Q3 k=1747 seq=UMOOS applied=UMOOS writes=372 segments=52 chain_candidates=0
Q3 k=1748 seq=SOUSRU applied=SOUSRU writes=435 segments=63 chain_candidates=0
Q3 k=1749 seq=RRORRMUMSO applied=--O--MUMSO writes=418 segments=59 chain_candidates=0
Q3 k=1750 seq=MUO applied=MUO writes=314 segments=46 chain_candidates=0
Q3 k=1751 seq=USMOR applied=USMOR writes=358 segments=53 chain_candidates=0
Q3 k=1752 seq=RM applied=-M writes=137 segments=23 chain_candidates=0
Q3 k=1753 seq=URSUSM applied=URSUSM writes=506 segments=73 chain_candidates=0
Q3 k=1754 seq=OSSUSMSU applied=OSSUSMSU writes=520 segments=72 chain_candidates=0
Q3 k=1755 seq=SO applied=SO writes=128 segments=19 chain_candidates=0
Q3 k=1756 seq=UURUSOURSURS applied=UURUSOURSURS writes=1034 segments=146 chain_candidates=8
  CHAIN seq=UURUSOURSURS seg=133 u=#212(dev0 slot50334+1 txgSome(11)) l=#551(dev0 slot50334+2 txgSome(26)) x=#936(dev0 slot50335+1 txgSome(41)) y=#934(dev0 slot50334+1 txgSome(41))
  CHAIN seq=UURUSOURSURS seg=133 u=#213(dev1 slot50334+1 txgSome(11)) l=#552(dev1 slot50334+2 txgSome(26)) x=#937(dev1 slot50335+1 txgSome(41)) y=#935(dev1 slot50334+1 txgSome(41))
  CHAIN seq=UURUSOURSURS seg=133 u=#214(dev0 slot50335+1 txgSome(11)) l=#551(dev0 slot50334+2 txgSome(26)) x=#934(dev0 slot50334+1 txgSome(41)) y=#936(dev0 slot50335+1 txgSome(41))
Q3 k=1757 seq=MO applied=MO writes=166 segments=26 chain_candidates=0
Q3 k=1758 seq=RRRU applied=---U writes=202 segments=33 chain_candidates=0
Q3 k=1759 seq=SM applied=SM writes=145 segments=23 chain_candidates=0
Q3 k=1760 seq=SUOMRRUO applied=SUOMRRUO writes=584 segments=86 chain_candidates=0
Q3 k=1761 seq=OROSMSUUMR applied=O-OSMSUUMR writes=640 segments=92 chain_candidates=0
Q3 k=1762 seq=RMOOSUROUUM applied=-MOOSUROUUM writes=796 segments=112 chain_candidates=0
Q3 k=1763 seq=MRRRSRROORO applied=M---S--OORO writes=330 segments=45 chain_candidates=0
Q3 k=1764 seq=SSOSS applied=SSOSS writes=215 segments=28 chain_candidates=0
Q3 k=1765 seq=UOUSOSMUO applied=UOUSOSMUO writes=681 segments=95 chain_candidates=0
Q3 k=1766 seq=UMOSMOMRRRM applied=UMOSMOMRRRM writes=705 segments=103 chain_candidates=0
Q3 k=1767 seq=ROOM applied=-OOM writes=174 segments=26 chain_candidates=0
Q3 k=1768 seq=OSUMUSMR applied=OSUMUSMR writes=573 segments=83 chain_candidates=0
Q3 k=1769 seq=RRM applied=--M writes=137 segments=23 chain_candidates=0
Q3 k=1770 seq=RSUURRRSMUM applied=-SUURRRSMUM writes=831 segments=123 chain_candidates=0
Q3 k=1771 seq=UUOSMSOMMOOO applied=UUOSMSOMMOOO writes=757 segments=101 chain_candidates=0
Q3 k=1772 seq=UMUSMRUOROM applied=UMUSMRUOROM writes=849 segments=123 chain_candidates=0
Q3 k=1773 seq=RUOSSUROM applied=-UOSSUROM writes=581 segments=82 chain_candidates=0
Q3 k=1774 seq=RSMROUOUOSSMO applied=-SM-OUOUOSSMO writes=632 segments=85 chain_candidates=0
Q3 k=1775 seq=SMOUMRROOSMMU applied=SMOUMRROOSMMU writes=863 segments=122 chain_candidates=0
Q3 k=1776 seq=SRSOORS applied=S-SOORS writes=259 segments=35 chain_candidates=0
Q3 k=1777 seq=RRMSRSRSO applied=--MS-SRSO writes=309 segments=42 chain_candidates=0
Q3 k=1778 seq=UMROUOSRSMOR applied=UMROUOSRSMOR writes=748 segments=106 chain_candidates=0
Q3 k=1779 seq=RSSRSROSUUMMU applied=-SSRSROSUUMMU writes=853 segments=122 chain_candidates=0
Q3 k=1780 seq=SSUU applied=SSUU writes=358 segments=53 chain_candidates=0
Q3 k=1781 seq=MSUSSOUUMUUS applied=MSUSSOUUMUUS writes=1040 segments=145 chain_candidates=0
Q3 k=1782 seq=UROSOSUUUUU applied=UROSOSUUUUU writes=1066 segments=152 chain_candidates=0
Q3 k=1783 seq=RSOOM applied=-SOOM writes=224 segments=32 chain_candidates=0
Q3 k=1784 seq=SOOSUOOROOS applied=SOOSUOOROOS writes=510 segments=64 chain_candidates=0
Q3 k=1785 seq=OMSSOOSOSU applied=OMSSOOSOSU writes=487 segments=61 chain_candidates=0
Q3 k=1786 seq=SSSOROSMSSSS applied=SSSOROSMSSSS writes=474 segments=57 chain_candidates=0
Q3 k=1787 seq=SOSSMM applied=SOSSMM writes=303 segments=42 chain_candidates=0
Q3 k=1788 seq=MOSRRSO applied=MOSRRSO writes=353 segments=49 chain_candidates=0
Q3 k=1789 seq=SM applied=SM writes=145 segments=23 chain_candidates=0
Q3 k=1790 seq=MROOOMOSROO applied=M-OOOMOSROO writes=479 segments=61 chain_candidates=0
Q3 k=1791 seq=MSURO applied=MSURO writes=383 segments=56 chain_candidates=0
Q3 k=1792 seq=MOURSO applied=MOURSO writes=416 segments=59 chain_candidates=0
Q3 k=1793 seq=M applied=M writes=137 segments=23 chain_candidates=0
Q3 k=1794 seq=SOMURM applied=SOMURM writes=421 segments=63 chain_candidates=0
Q3 k=1795 seq=MRMSURR applied=M-MSURR writes=486 segments=73 chain_candidates=0
Q3 k=1796 seq=SOO applied=SOO writes=157 segments=22 chain_candidates=0
Q3 k=1797 seq=ORR applied=O-- writes=99 segments=16 chain_candidates=0
Q3 k=1798 seq=MUSUSRSMRSUROU applied=MUSUSRSMRSUROU writes=1011 segments=143 chain_candidates=0
Q3 k=1799 seq=MRSS applied=M-SS writes=199 segments=29 chain_candidates=0
Q3 k=1800 seq=UOSSOROSOOSO applied=UOSSOROSOOSO writes=564 segments=70 chain_candidates=0
Q3 k=1801 seq=OSMRMO applied=OSMRMO writes=322 segments=46 chain_candidates=0
Q3 k=1802 seq=M applied=M writes=137 segments=23 chain_candidates=0
Q3 k=1803 seq=SU applied=SU writes=210 segments=33 chain_candidates=0
Q3 k=1804 seq=OOMOOOM applied=OOMOOOM writes=319 segments=42 chain_candidates=0
Q3 k=1805 seq=UUOSUSMRROURS applied=UUOSUSMRROURS writes=969 segments=136 chain_candidates=4
  CHAIN seq=UUOSUSMRROURS seg=119 u=#59(dev0 slot50262+1 txgSome(4)) l=#510(dev0 slot50262+2 txgSome(23)) x=#856(dev0 slot50263+1 txgSome(37)) y=#854(dev0 slot50262+1 txgSome(37))
  CHAIN seq=UUOSUSMRROURS seg=119 u=#60(dev1 slot50262+1 txgSome(4)) l=#511(dev1 slot50262+2 txgSome(23)) x=#857(dev1 slot50263+1 txgSome(37)) y=#855(dev1 slot50262+1 txgSome(37))
  CHAIN seq=UUOSUSMRROURS seg=119 u=#61(dev0 slot50263+1 txgSome(4)) l=#510(dev0 slot50262+2 txgSome(23)) x=#854(dev0 slot50262+1 txgSome(37)) y=#856(dev0 slot50263+1 txgSome(37))
Q3 k=1806 seq=ROMUURUUM applied=-OMUURUUM writes=837 segments=123 chain_candidates=0
Q3 k=1807 seq=M applied=M writes=137 segments=23 chain_candidates=0
Q3 k=1808 seq=S applied=S writes=99 segments=16 chain_candidates=0
Q3 k=1809 seq=ROURS applied=-OURS writes=316 segments=46 chain_candidates=0
Q3 k=1810 seq=OOMMOUMSS applied=OOMMOUMSS writes=505 segments=69 chain_candidates=0
Q3 k=1811 seq=OS applied=OS writes=128 segments=19 chain_candidates=0
Q3 k=1812 seq=MSRSSURRMSRRR applied=MS-SSURRMSRRR writes=784 segments=112 chain_candidates=0
Q3 k=1813 seq=MRRSSOORURSMRR applied=M--SSOORURSMRR writes=723 segments=102 chain_candidates=0
Q3 k=1814 seq=R applied=- writes=70 segments=13 chain_candidates=0
Q3 k=1815 seq=U applied=U writes=202 segments=33 chain_candidates=0
Q3 k=1816 seq=MRSRSROSSRUS applied=M-S-SROSSRUS writes=563 segments=75 chain_candidates=0
Q3 k=1817 seq=URROSSSUOO applied=URROSSSUOO writes=649 segments=88 chain_candidates=0
Q3 k=1818 seq=RORUMRMSRRU applied=-O-UMRMSRRU writes=691 segments=103 chain_candidates=0
Q3 k=1819 seq=OUUSM applied=OUUSM writes=433 segments=63 chain_candidates=0
Q3 k=1820 seq=ROR applied=-O- writes=99 segments=16 chain_candidates=0
Q3 k=1821 seq=MSMOM applied=MSMOM writes=295 segments=43 chain_candidates=0
Q3 k=1822 seq=UOSRMOMOMSUSRR applied=UOSRMOMOMSUSRR writes=806 segments=113 chain_candidates=0
Q3 k=1823 seq=SSRMORUSOUURO applied=SSRMORUSOUURO writes=833 segments=116 chain_candidates=0
Q3 k=1824 seq=MUSSMU applied=MUSSMU writes=508 segments=73 chain_candidates=0
Q3 k=1825 seq=US applied=US writes=231 segments=36 chain_candidates=0
Q3 k=1826 seq=SUUM applied=SUUM writes=421 segments=63 chain_candidates=0
Q3 k=1827 seq=RMMOOR applied=-MMOOR writes=318 segments=46 chain_candidates=0
Q3 k=1828 seq=UR applied=UR writes=275 segments=43 chain_candidates=0
Q3 k=1829 seq=MSROUUOMS applied=MS-OUUOMS writes=541 segments=76 chain_candidates=0
Q3 k=1830 seq=U applied=U writes=202 segments=33 chain_candidates=0
Q3 k=1831 seq=UOMSOMORRRUROO applied=UOMSOMORRRUROO writes=862 segments=119 chain_candidates=0
Q3 k=1832 seq=MRSM applied=M-SM writes=216 segments=33 chain_candidates=0
Q3 k=1833 seq=RSUMOSRURMRUO applied=-SUMOSRURMRUO writes=880 segments=126 chain_candidates=0
Q3 k=1834 seq=UUOURRMUUOSUM applied=UUOURRMUUOSUM writes=1194 segments=173 chain_candidates=0
Q3 k=1835 seq=MU applied=MU writes=281 segments=43 chain_candidates=0
Q3 k=1836 seq=OSUUUORSMS applied=OSUUUORSMS writes=691 segments=96 chain_candidates=0
Q3 k=1837 seq=SMUUOUSSOUUMUR applied=SMUUOUSSOUUMUR writes=1224 segments=172 chain_candidates=8
  CHAIN seq=SMUUOUSSOUUMUR seg=112 u=#176(dev0 slot50334+1 txgSome(9)) l=#425(dev0 slot50334+2 txgSome(20)) x=#812(dev0 slot50335+1 txgSome(35)) y=#810(dev0 slot50334+1 txgSome(35))
  CHAIN seq=SMUUOUSSOUUMUR seg=112 u=#177(dev1 slot50334+1 txgSome(9)) l=#426(dev1 slot50334+2 txgSome(20)) x=#813(dev1 slot50335+1 txgSome(35)) y=#811(dev1 slot50334+1 txgSome(35))
  CHAIN seq=SMUUOUSSOUUMUR seg=112 u=#178(dev0 slot50335+1 txgSome(9)) l=#425(dev0 slot50334+2 txgSome(20)) x=#810(dev0 slot50334+1 txgSome(35)) y=#812(dev0 slot50335+1 txgSome(35))
Q3 k=1838 seq=MORS applied=MO-S writes=199 segments=29 chain_candidates=0
Q3 k=1839 seq=OMUSUUOOURSSSU applied=OMUSUUOOURSSSU writes=1025 segments=142 chain_candidates=0
Q3 k=1840 seq=RSMRMSRUR applied=-SM-MSRUR writes=494 segments=73 chain_candidates=0
Q3 k=1841 seq=US applied=US writes=231 segments=36 chain_candidates=0
Q3 k=1842 seq=MSRURM applied=MS-URM writes=421 segments=63 chain_candidates=0
Q3 k=1843 seq=MUU applied=MUU writes=417 segments=63 chain_candidates=0
Q3 k=1844 seq=OOM applied=OOM writes=174 segments=26 chain_candidates=0
Q3 k=1845 seq=ORUMOSMMMSM applied=O-UMOSMMMSM writes=585 segments=83 chain_candidates=0
Q3 k=1846 seq=RSURM applied=-SURM writes=354 segments=53 chain_candidates=0
Q3 k=1847 seq=RRU applied=--U writes=202 segments=33 chain_candidates=0
Q3 k=1848 seq=R applied=- writes=70 segments=13 chain_candidates=0
Q3 k=1849 seq=SMSMRRMMOSOSR applied=SMSMRRMMOSOSR writes=664 segments=92 chain_candidates=0
Q3 k=1850 seq=SMSMUORSUOUMUS applied=SMSMUORSUOUMUS writes=973 segments=136 chain_candidates=0
Q3 k=1851 seq=OSORUSRURMR applied=OSORUSRURMR writes=780 segments=112 chain_candidates=0
Q3 k=1852 seq=O applied=O writes=99 segments=16 chain_candidates=0
Q3 k=1853 seq=SMMMSOMUO applied=SMMMSOMUO writes=543 segments=76 chain_candidates=0
Q3 k=1854 seq=UMUSMU applied=UMUSMU writes=628 segments=93 chain_candidates=0
Q3 k=1855 seq=RRMMMMSSRR applied=--MMMMSSRR writes=496 segments=73 chain_candidates=0
Q3 k=1856 seq=SMRSOSURUMU applied=SM-SOSURUMU writes=788 segments=112 chain_candidates=0
Q3 k=1857 seq=OSMSSMRUSMS applied=OSMSSMRUSMS writes=620 segments=85 chain_candidates=0
Q3 k=1858 seq=URS applied=URS writes=308 segments=46 chain_candidates=0
Q3 k=1859 seq=SSURORUO applied=SSURORUO writes=533 segments=76 chain_candidates=0
Q3 k=1860 seq=MOROSMUUM applied=MO-OSMUUM writes=642 segments=92 chain_candidates=0
Q3 k=1861 seq=UM applied=UM writes=273 segments=43 chain_candidates=0
Q3 k=1862 seq=MMSUOOSMUROO applied=MMSUOOSMUROO writes=793 segments=108 chain_candidates=0
Q3 k=1863 seq=MROUSURORUOOS applied=M-OUSURORUOOS writes=806 segments=112 chain_candidates=0
Q3 k=1864 seq=ROUSSRUO applied=-OUSSRUO writes=464 segments=66 chain_candidates=0
Q3 k=1865 seq=SS applied=SS writes=128 segments=19 chain_candidates=0
Q3 k=1866 seq=SUMORMOMU applied=SUMORMOMU writes=640 segments=93 chain_candidates=0
Q3 k=1867 seq=MUROOMUMMMUR applied=MUROOMUMMMUR writes=979 segments=143 chain_candidates=0
Q3 k=1868 seq=MMMMURRRRS applied=MMMMURRRRS writes=779 segments=116 chain_candidates=0
Q3 k=1869 seq=O applied=O writes=99 segments=16 chain_candidates=0
Q3 k=1870 seq=SOUMMRMRURM applied=SOUMMRMRURM writes=833 segments=123 chain_candidates=0
Q3 k=1871 seq=OORMRUSSSU applied=OORMRUSSSU writes=658 segments=92 chain_candidates=0
Q3 k=1872 seq=ROOMUUMUMMUUOS applied=-OOMUUMUMMUUOS writes=1116 segments=159 chain_candidates=0
Q3 k=1873 seq=UMOR applied=UMOR writes=350 segments=53 chain_candidates=0
Q3 k=1874 seq=MOMORUSO applied=MOMORUSO writes=491 segments=69 chain_candidates=0
Q3 k=1875 seq=MSMSRSMRURR applied=MSMSRSMRURR writes=703 segments=103 chain_candidates=0
Q3 k=1876 seq=MMSOROOSMSRU applied=MMSOROOSMSRU writes=684 segments=92 chain_candidates=0
Q3 k=1877 seq=OOMSUUUO applied=OOMSUUUO writes=602 segments=86 chain_candidates=0
Q3 k=1878 seq=O applied=O writes=99 segments=16 chain_candidates=0
Q3 k=1879 seq=SSSMMOUM applied=SSSMMOUM writes=510 segments=72 chain_candidates=0
Q3 k=1880 seq=O applied=O writes=99 segments=16 chain_candidates=0
Q3 k=1881 seq=RUMSSMO applied=-UMSSMO writes=418 segments=59 chain_candidates=0
Q3 k=1882 seq=UR applied=UR writes=275 segments=43 chain_candidates=0
Q3 k=1883 seq=USUR applied=USUR writes=415 segments=63 chain_candidates=0
Q3 k=1884 seq=MOUOMUUMUOMS applied=MOUOMUUMUOMS writes=963 segments=136 chain_candidates=0
Q3 k=1885 seq=SOOMURM applied=SOOMURM writes=500 segments=72 chain_candidates=0
Q3 k=1886 seq=OUUMUMSORSRM applied=OUUMUMSORSRM writes=861 segments=123 chain_candidates=0
Q3 k=1887 seq=ORURSSUOUOMSSS applied=O-URSSUOUOMSSS writes=765 segments=102 chain_candidates=0
Q3 k=1888 seq=OSUMUSUOOORUSO applied=OSUMUSUOOORUSO writes=939 segments=128 chain_candidates=0
Q3 k=1889 seq=S applied=S writes=99 segments=16 chain_candidates=0
Q3 k=1890 seq=URMMRSURMM applied=URMMRSURMM writes=829 segments=123 chain_candidates=0
Q3 k=1891 seq=SMM applied=SMM writes=216 segments=33 chain_candidates=0
Q3 k=1892 seq=USURUSRU applied=USURUSRU writes=772 segments=113 chain_candidates=0
Q3 k=1893 seq=OOROOUORR applied=OOROOUORR writes=520 segments=72 chain_candidates=0
Q3 k=1894 seq=SR applied=S- writes=99 segments=16 chain_candidates=0
Q3 k=1895 seq=MRMUUMRUOMMUUS applied=M-MUUMRUOMMUUS writes=1211 segments=176 chain_candidates=0
Q3 k=1896 seq=OOSOOOMRSSU applied=OOSOOOMRSSU writes=540 segments=71 chain_candidates=0
Q3 k=1897 seq=SOMOMRMSR applied=SOMOMRMSR writes=441 segments=63 chain_candidates=0
Q3 k=1898 seq=ORMMO applied=O-MMO writes=249 segments=36 chain_candidates=0
Q3 k=1899 seq=UR applied=UR writes=275 segments=43 chain_candidates=0
Q3 k=1900 seq=RSOORSSSORRRM applied=-SOORSSSORRRM writes=603 segments=81 chain_candidates=0
Q3 k=1901 seq=O applied=O writes=99 segments=16 chain_candidates=0
Q3 k=1902 seq=USSSMSOM applied=USSSMSOM writes=480 segments=65 chain_candidates=0
Q3 k=1903 seq=O applied=O writes=99 segments=16 chain_candidates=0
Q3 k=1904 seq=UOMM applied=UOMM writes=348 segments=53 chain_candidates=0
Q3 k=1905 seq=UU applied=UU writes=346 segments=53 chain_candidates=0
Q3 k=1906 seq=MUSOUMSSUR applied=MUSOUMSSUR writes=733 segments=103 chain_candidates=0
Q3 k=1907 seq=RSOSMRUSUMU applied=-SOSMRUSUMU writes=792 segments=112 chain_candidates=0
Q3 k=1908 seq=RSURRSSSRRSROO applied=-SURRSSSRRSROO writes=720 segments=98 chain_candidates=0
Q3 k=1909 seq=SUO applied=SUO writes=239 segments=36 chain_candidates=0
Q3 k=1910 seq=RMUMUSMOR applied=-MUMUSMOR writes=644 segments=93 chain_candidates=0
Q3 k=1911 seq=OUUS applied=OUUS writes=387 segments=56 chain_candidates=0
Q3 k=1912 seq=OR applied=O- writes=99 segments=16 chain_candidates=0
Q3 k=1913 seq=O applied=O writes=99 segments=16 chain_candidates=0
Q3 k=1914 seq=OMRRRSSOUOUUS applied=OM---SSOUOUUS writes=697 segments=95 chain_candidates=0
Q3 k=1915 seq=OU applied=OU writes=210 segments=33 chain_candidates=0
Q3 k=1916 seq=S applied=S writes=99 segments=16 chain_candidates=0
Q3 k=1917 seq=OMOSR applied=OMOSR writes=255 segments=36 chain_candidates=0
Q3 k=1918 seq=SM applied=SM writes=145 segments=23 chain_candidates=0
Q3 k=1919 seq=OSSMOMRRUOS applied=OSSMOMRRUOS writes=627 segments=88 chain_candidates=0
Q3 k=1920 seq=MMSUMUSOORM applied=MMSUMUSOORM writes=798 segments=112 chain_candidates=0
Q3 k=1921 seq=MSRMOSMSM applied=MS-MOSMSM writes=407 segments=56 chain_candidates=0
Q3 k=1922 seq=UOOUMUOROSSO applied=UOOUMUOROSSO writes=774 segments=105 chain_candidates=0
Q3 k=1923 seq=USMRM applied=USMRM writes=413 segments=63 chain_candidates=0
Q3 k=1924 seq=UMMOSMRMOO applied=UMMOSMRMOO writes=629 segments=89 chain_candidates=0
Q3 k=1925 seq=OSMOMUUOOUU applied=OSMOMUUOOUU writes=796 segments=113 chain_candidates=0
Q3 k=1926 seq=SRMOSOOOOMMS applied=S-MOSOOOOMMS writes=510 segments=64 chain_candidates=0
Q3 k=1927 seq=OOO applied=OOO writes=157 segments=22 chain_candidates=0
Q3 k=1928 seq=UROSSMOUSS applied=UROSSMOUSS writes=655 segments=88 chain_candidates=0
Q3 k=1929 seq=MUROOU applied=MUROOU writes=506 segments=73 chain_candidates=0
Q3 k=1930 seq=SRSRO applied=S-SRO writes=201 segments=29 chain_candidates=0
Q3 k=1931 seq=RMRURUOSSUMS applied=-M-URUOSSUMS writes=821 segments=115 chain_candidates=0
Q3 k=1932 seq=SUMMMUMRSSM applied=SUMMMUMRSSM writes=799 segments=116 chain_candidates=0
Q3 k=1933 seq=SO applied=SO writes=128 segments=19 chain_candidates=0
Q3 k=1934 seq=UMROUUORRU applied=UMROUUORRU writes=900 segments=133 chain_candidates=0
Q3 k=1935 seq=ROSSOMMSUUU applied=-OSSOMMSUUU writes=727 segments=102 chain_candidates=0
Q3 k=1936 seq=SOMUOMOUSM applied=SOMUOMOUSM writes=595 segments=83 chain_candidates=0
Q3 k=1937 seq=OMRMOUSS applied=OM-MOUSS writes=426 segments=59 chain_candidates=0
Q3 k=1938 seq=URUMOOOR applied=URUMOOOR writes=642 segments=92 chain_candidates=0
Q3 k=1939 seq=OSOMMOOR applied=OSOMMOOR writes=405 segments=55 chain_candidates=0
Q3 k=1940 seq=OMSMSSSU applied=OMSMSSSU writes=459 segments=62 chain_candidates=0
Q3 k=1941 seq=SUR applied=SUR writes=283 segments=43 chain_candidates=0
Q3 k=1942 seq=MMUM applied=MMUM writes=415 segments=63 chain_candidates=0
Q3 k=1943 seq=UMRSUUSMUOR applied=UMRSUUSMUOR writes=910 segments=133 chain_candidates=0
Q3 k=1944 seq=UUROOO applied=UUROOO writes=510 segments=72 chain_candidates=0
Q3 k=1945 seq=OUMSU applied=OUMSU writes=429 segments=63 chain_candidates=0
Q3 k=1946 seq=UR applied=UR writes=275 segments=43 chain_candidates=0
Q3 k=1947 seq=USMOUURSMMMSRU applied=USMOUURSMMMSRU writes=1064 segments=153 chain_candidates=0
Q3 k=1948 seq=OOMSSUSSUO applied=OOMSSUSSUO writes=561 segments=75 chain_candidates=0
Q3 k=1949 seq=RMSRSOOSSR applied=-MS-SOOSSR writes=396 segments=51 chain_candidates=0
Q3 k=1950 seq=RUSMUOOU applied=-USMUOOU writes=573 segments=83 chain_candidates=0
Q3 k=1951 seq=SMUUUUMOSUUMSR applied=SMUUUUMOSUUMSR writes=1212 segments=173 chain_candidates=0
Q3 k=1952 seq=MMSR applied=MMS- writes=241 segments=36 chain_candidates=0
Q3 k=1953 seq=RMSRROROUORSR applied=-MS--OROUORSR writes=524 segments=73 chain_candidates=0
Q3 k=1954 seq=OSOURS applied=OSOURS writes=391 segments=55 chain_candidates=0
Q3 k=1955 seq=URMMSRUUOO applied=URMMSRUUOO writes=824 segments=119 chain_candidates=0
Q3 k=1956 seq=SOM applied=SOM writes=174 segments=26 chain_candidates=0
Q3 k=1957 seq=MRSUMUOURUOUR applied=M-SUMUOURUOUR writes=1054 segments=153 chain_candidates=0
Q3 k=1958 seq=MMUMSOMSMSSMR applied=MMUMSOMSMSSMR writes=804 segments=112 chain_candidates=0
Q3 k=1959 seq=UOUSOUM applied=UOUSOUM writes=577 segments=83 chain_candidates=0
Q3 k=1960 seq=URSUM applied=URSUM writes=494 segments=73 chain_candidates=0
Q3 k=1961 seq=ORMOMRUUOSUSUO applied=O-MOMRUUOSUSUO writes=894 segments=126 chain_candidates=0
Q3 k=1962 seq=OMM applied=OMM writes=216 segments=33 chain_candidates=0
Q3 k=1963 seq=RRSRRMORMR applied=--S--MORMR writes=358 segments=53 chain_candidates=0
Q3 k=1964 seq=RSUS applied=-SUS writes=239 segments=36 chain_candidates=0
Q3 k=1965 seq=UO applied=UO writes=231 segments=36 chain_candidates=0
Q3 k=1966 seq=OROSORU applied=O-OSORU writes=374 segments=52 chain_candidates=0
Q3 k=1967 seq=MSSSUMOOSRMORO applied=MSSSUMOOSRMORO writes=780 segments=104 chain_candidates=2
  CHAIN seq=MSSSUMOOSRMORO seg=100 u=#14(dev0 slot50240+1 txgSome(3)) l=#299(dev0 slot50240+2 txgSome(14)) x=#763(dev0 slot50241+1 txgSome(32)) y=#761(dev0 slot50240+1 txgSome(32))
  CHAIN seq=MSSSUMOOSRMORO seg=100 u=#15(dev1 slot50240+1 txgSome(3)) l=#300(dev1 slot50240+2 txgSome(14)) x=#764(dev1 slot50241+1 txgSome(32)) y=#762(dev1 slot50240+1 txgSome(32))
Q3 k=1968 seq=RUSMOS applied=-USMOS writes=347 segments=49 chain_candidates=0
Q3 k=1969 seq=MURMO applied=MURMO writes=446 segments=66 chain_candidates=0
Q3 k=1970 seq=MRS applied=M-S writes=166 segments=26 chain_candidates=0
Q3 k=1971 seq=MSMSSUO applied=MSMSSUO writes=409 segments=56 chain_candidates=0
Q3 k=1972 seq=UMUOOS applied=UMUOOS writes=508 segments=72 chain_candidates=0
Q3 k=1973 seq=SUUSROR applied=SUUSROR writes=508 segments=73 chain_candidates=0
Q3 k=1974 seq=RMR applied=-M- writes=137 segments=23 chain_candidates=0
Q3 k=1975 seq=O applied=O writes=99 segments=16 chain_candidates=0
Q3 k=1976 seq=RMMUUU applied=-MMUUU writes=624 segments=93 chain_candidates=0
Q3 k=1977 seq=OMUSUU applied=OMUSUU writes=565 segments=83 chain_candidates=0
Q3 k=1978 seq=SSUSOSUOUUO applied=SSUSOSUOUUO writes=778 segments=105 chain_candidates=0
Q3 k=1979 seq=SRMSR applied=S-MSR writes=222 segments=33 chain_candidates=0
Q3 k=1980 seq=M applied=M writes=137 segments=23 chain_candidates=0
Q3 k=1981 seq=SSMO applied=SSMO writes=203 segments=29 chain_candidates=0
Q3 k=1982 seq=OMROUORRUUS applied=OM-OUORRUUS writes=752 segments=106 chain_candidates=0
Q3 k=1983 seq=UMS applied=UMS writes=306 segments=46 chain_candidates=0
Q3 k=1984 seq=MUSMMORMUOUSS applied=MUSMMORMUOUSS writes=913 segments=129 chain_candidates=0
Q3 k=1985 seq=MMUO applied=MMUO writes=377 segments=56 chain_candidates=0
Q3 k=1986 seq=MRUUOOUM applied=M-UUOOUM writes=648 segments=93 chain_candidates=0
Q3 k=1987 seq=OSUUOOO applied=OSUUOOO writes=457 segments=62 chain_candidates=0
Q3 k=1988 seq=UUUUSMR applied=UUUUSMR writes=770 segments=113 chain_candidates=0
Q3 k=1989 seq=RRUOUU applied=--UOUU writes=486 segments=73 chain_candidates=0
Q3 k=1990 seq=ROUSSRMO applied=-OUSSRMO writes=399 segments=56 chain_candidates=0
Q3 k=1991 seq=UMMOUUUOS applied=UMMOUUUOS writes=830 segments=119 chain_candidates=0
Q3 k=1992 seq=SURRMRRMOUUSOO applied=SURRMRRMOUUSOO writes=995 segments=142 chain_candidates=0
Q3 k=1993 seq=ROS applied=-OS writes=128 segments=19 chain_candidates=0
Q3 k=1994 seq=ORRSUSURSROOM applied=O--SUSURSROOM writes=624 segments=86 chain_candidates=0
Q3 k=1995 seq=SM applied=SM writes=145 segments=23 chain_candidates=0
Q3 k=1996 seq=O applied=O writes=99 segments=16 chain_candidates=0
Q3 k=1997 seq=URS applied=URS writes=308 segments=46 chain_candidates=0
Q3 k=1998 seq=RURSMURSURMM applied=-URSMURSURMM writes=922 segments=133 chain_candidates=0
Q3 k=1999 seq=URUOUSMU applied=URUOUSMU writes=778 segments=113 chain_candidates=0
Q3 k=2000 seq=MMOUMMUMR applied=MMOUMMUMR writes=770 segments=113 chain_candidates=0
Q3 k=2001 seq=RM applied=-M writes=137 segments=23 chain_candidates=0
Q3 k=2002 seq=RMOS applied=-MOS writes=199 segments=29 chain_candidates=0
Q3 k=2003 seq=OSR applied=OSR writes=172 segments=26 chain_candidates=0
Q3 k=2004 seq=OUSUMOMURSU applied=OUSUMOMURSU writes=857 segments=123 chain_candidates=0
Q3 k=2005 seq=O applied=O writes=99 segments=16 chain_candidates=0
Q3 k=2006 seq=MO applied=MO writes=166 segments=26 chain_candidates=0
Q3 k=2007 seq=RS applied=-S writes=99 segments=16 chain_candidates=0
Q3 k=2008 seq=ROMMUUMROSOMOR applied=-OMMUUMROSOMOR writes=871 segments=122 chain_candidates=0
Q3 k=2009 seq=RSRSUOSSUUMMRM applied=-S-SUOSSUUMMRM writes=859 segments=122 chain_candidates=0
Q3 k=2010 seq=OOOUUM applied=OOOUUM writes=500 segments=72 chain_candidates=0
Q3 k=2011 seq=MUUOROMRURM applied=MUUOROMRURM writes=918 segments=133 chain_candidates=0
Q3 k=2012 seq=MOMROR applied=MOM-OR writes=293 segments=43 chain_candidates=0
Q3 k=2013 seq=RUOO applied=-UOO writes=264 segments=39 chain_candidates=0
Q3 k=2014 seq=SMUUUMUUUMMM applied=SMUUUMUUUMMM writes=1253 segments=183 chain_candidates=0
Q3 k=2015 seq=SSORMOSUUM applied=SSORMOSUUM writes=656 segments=92 chain_candidates=0
Q3 k=2016 seq=OUOSMR applied=OUOSMR writes=366 segments=53 chain_candidates=0
Q3 k=2017 seq=MMUOMSOMUUMMO applied=MMUOMSOMUUMMO writes=957 segments=136 chain_candidates=0
Q3 k=2018 seq=OSSUU applied=OSSUU writes=429 segments=62 chain_candidates=0
Q3 k=2019 seq=MRUSOSORSUS applied=M-USOSORSUS writes=642 segments=85 chain_candidates=0
Q3 k=2020 seq=UR applied=UR writes=275 segments=43 chain_candidates=0
Q3 k=2021 seq=SOURMMSMMRU applied=SOURMMSMMRU writes=768 segments=113 chain_candidates=0
Q3 k=2022 seq=ORRO applied=O--O writes=128 segments=19 chain_candidates=0
Q3 k=2023 seq=MRR applied=M-- writes=137 segments=23 chain_candidates=0
Q3 k=2024 seq=RSSM applied=-SSM writes=174 segments=26 chain_candidates=0
Q3 k=2025 seq=USMRMUSROM applied=USMRMUSROM writes=705 segments=103 chain_candidates=0
Q3 k=2026 seq=RMSOOOSR applied=-MSOOOSR writes=342 segments=45 chain_candidates=0
Q3 k=2027 seq=SUMOOSOU applied=SUMOOSOU writes=528 segments=72 chain_candidates=0
Q3 k=2028 seq=RORMROMSRRM applied=-O-M-OMSRRM writes=433 segments=63 chain_candidates=0
Q3 k=2029 seq=OMOR applied=OMOR writes=222 segments=33 chain_candidates=0
Q3 k=2030 seq=RSUSM applied=-SUSM writes=289 segments=43 chain_candidates=0
Q3 k=2031 seq=MROMSUSMUSU applied=M-OMSUSMUSU writes=731 segments=103 chain_candidates=0
Q3 k=2032 seq=URRMMO applied=URRMMO writes=511 segments=76 chain_candidates=0
Q3 k=2033 seq=RURRMOSUM applied=-URRMOSUM writes=638 segments=93 chain_candidates=0
Q3 k=2034 seq=SRMMMURSR applied=S-MMMURSR writes=569 segments=83 chain_candidates=0
Q3 k=2035 seq=URMURURSOU applied=URMURURSOU writes=916 segments=133 chain_candidates=0
Q3 k=2036 seq=URURMRSR applied=URURMRSR writes=685 segments=103 chain_candidates=0
Q3 k=2037 seq=S applied=S writes=99 segments=16 chain_candidates=0
Q3 k=2038 seq=URMSSMUUOUOMR applied=URMSSMUUOUOMR writes=1001 segments=143 chain_candidates=0
Q3 k=2039 seq=UOMOMO applied=UOMOMO writes=393 segments=56 chain_candidates=0
Q3 k=2040 seq=RMSUMRMRUMM applied=-MSUMRMRUMM writes=827 segments=123 chain_candidates=0
Q3 k=2041 seq=M applied=M writes=137 segments=23 chain_candidates=0
Q3 k=2042 seq=SRSRSUR applied=S-SRSUR writes=356 segments=53 chain_candidates=0
Q3 k=2043 seq=MM applied=MM writes=208 segments=33 chain_candidates=0
Q3 k=2044 seq=MMR applied=MM- writes=208 segments=33 chain_candidates=0
Q3 k=2045 seq=SOSOSUMRMU applied=SOSOSUMRMU writes=644 segments=92 chain_candidates=0
Q3 k=2046 seq=RMO applied=-MO writes=166 segments=26 chain_candidates=0
Q3 k=2047 seq=OSURO applied=OSURO writes=320 segments=46 chain_candidates=0
Q3 k=2048 seq=UUOO applied=UUOO writes=412 segments=59 chain_candidates=0
Q3 k=2049 seq=MRROU applied=M--OU writes=285 segments=43 chain_candidates=0
Q3 k=2050 seq=RSO applied=-SO writes=128 segments=19 chain_candidates=0
Q3 k=2051 seq=RMOOMRSSOSRR applied=-MOOMRSSOSRR writes=538 segments=72 chain_candidates=0
Q3 k=2052 seq=SURS applied=SURS writes=316 segments=46 chain_candidates=0
Q3 k=2053 seq=OUOROOM applied=OUOROOM writes=403 segments=56 chain_candidates=0
Q3 k=2054 seq=SUMRRSMUUUUMUO applied=SUMRRSMUUUUMUO writes=1282 segments=186 chain_candidates=0
Q3 k=2055 seq=OSU applied=OSU writes=222 segments=33 chain_candidates=0
Q3 k=2056 seq=RRRMRUUMORSRM applied=---M-UUMORSRM writes=709 segments=103 chain_candidates=0
Q3 k=2057 seq=SURUMRMRO applied=SURUMRMRO writes=716 segments=106 chain_candidates=0
Q3 k=2058 seq=UOOUSUSOMMSU applied=UOOUSUSOMMSU writes=808 segments=113 chain_candidates=4
  CHAIN seq=UOOUSUSOMMSU seg=109 u=#59(dev0 slot50262+1 txgSome(4)) l=#362(dev0 slot50262+2 txgSome(17)) x=#793(dev0 slot50263+1 txgSome(34)) y=#791(dev0 slot50262+1 txgSome(34))
  CHAIN seq=UOOUSUSOMMSU seg=109 u=#60(dev1 slot50262+1 txgSome(4)) l=#363(dev1 slot50262+2 txgSome(17)) x=#794(dev1 slot50263+1 txgSome(34)) y=#792(dev1 slot50262+1 txgSome(34))
  CHAIN seq=UOOUSUSOMMSU seg=109 u=#61(dev0 slot50263+1 txgSome(4)) l=#362(dev0 slot50262+2 txgSome(17)) x=#791(dev0 slot50262+1 txgSome(34)) y=#793(dev0 slot50263+1 txgSome(34))
Q3 k=2059 seq=RUMOUSOSUSS applied=-UMOUSOSUSS writes=714 segments=98 chain_candidates=0
Q3 k=2060 seq=MUO applied=MUO writes=314 segments=46 chain_candidates=0
Q3 k=2061 seq=OMMMRSMMSM applied=OMMM-SMMSM writes=508 segments=73 chain_candidates=0
Q3 k=2062 seq=MURRSUOOR applied=MURRSUOOR writes=665 segments=96 chain_candidates=0
Q3 k=2063 seq=SMOORSMM applied=SMOORSMM writes=384 segments=53 chain_candidates=0
Q3 k=2064 seq=SROROMSMOSSM applied=S-OROMSMOSSM writes=475 segments=62 chain_candidates=0
Q3 k=2065 seq=ROURUOMUOMUORS applied=-OURUOMUOMUORS writes=963 segments=136 chain_candidates=0
Q3 k=2066 seq=MOU applied=MOU writes=285 segments=43 chain_candidates=0
Q3 k=2067 seq=MMRUSRMURSMU applied=MM-USRMURSMU writes=916 segments=133 chain_candidates=0
Q3 k=2068 seq=U applied=U writes=202 segments=33 chain_candidates=0
Q3 k=2069 seq=MSMSSMR applied=MSMSSMR writes=372 segments=53 chain_candidates=0
Q3 k=2070 seq=O applied=O writes=99 segments=16 chain_candidates=0
Q3 k=2071 seq=SMS applied=SMS writes=174 segments=26 chain_candidates=0
Q3 k=2072 seq=RS applied=-S writes=99 segments=16 chain_candidates=0
Q3 k=2073 seq=RMSUUMO applied=-MSUUMO writes=521 segments=76 chain_candidates=0
Q3 k=2074 seq=SSM applied=SSM writes=174 segments=26 chain_candidates=0
Q3 k=2075 seq=OSSM applied=OSSM writes=224 segments=32 chain_candidates=0
Q3 k=2076 seq=MUU applied=MUU writes=417 segments=63 chain_candidates=0
Q3 k=2077 seq=MROSM applied=M-OSM writes=249 segments=36 chain_candidates=0
Q3 k=2078 seq=SSUORMSSU applied=SSUORMSSU writes=526 segments=73 chain_candidates=0
Q3 k=2079 seq=SOROMS applied=SOROMS writes=284 segments=39 chain_candidates=0
Q3 k=2080 seq=UORUUSRRUOSSMS applied=UORUUSRRUOSSMS writes=1024 segments=145 chain_candidates=0
Q3 k=2081 seq=RRMRSSOSMOMM applied=--M-SSOSMOMM writes=461 segments=62 chain_candidates=0
Q3 k=2082 seq=MSRRMM applied=MS--MM writes=283 segments=43 chain_candidates=0
Q3 k=2083 seq=UU applied=UU writes=346 segments=53 chain_candidates=0
Q3 k=2084 seq=UOMRMMO applied=UOMRMMO writes=513 segments=76 chain_candidates=0
Q3 k=2085 seq=ORMM applied=O-MM writes=216 segments=33 chain_candidates=0
Q3 k=2086 seq=USOO applied=USOO writes=297 segments=42 chain_candidates=0
Q3 k=2087 seq=OSU applied=OSU writes=222 segments=33 chain_candidates=0
Q3 k=2088 seq=URURRMRSURM applied=URURRMRSURM writes=953 segments=143 chain_candidates=0
Q3 k=2089 seq=MMSOOOURSOURUU applied=MMSOOOURSOURUU writes=1013 segments=142 chain_candidates=0
Q3 k=2090 seq=SOSSU applied=SOSSU writes=301 segments=42 chain_candidates=0
Q3 k=2091 seq=SRRSSUR applied=S--SSUR writes=358 segments=52 chain_candidates=0
Q3 k=2092 seq=MOROOR applied=MO-OOR writes=297 segments=42 chain_candidates=0
Q3 k=2093 seq=M applied=M writes=137 segments=23 chain_candidates=0
Q3 k=2094 seq=RSUSMOURO applied=-SUSMOURO writes=535 segments=76 chain_candidates=0
Q3 k=2095 seq=RSMMOMR applied=-SMMOMR writes=360 segments=53 chain_candidates=0
Q3 k=2096 seq=MRMUUMMOSOM applied=M-MUUMMOSOM writes=788 segments=112 chain_candidates=0
Q3 k=2097 seq=SMSSUR applied=SMSSUR writes=370 segments=53 chain_candidates=0
Q3 k=2098 seq=RMM applied=-MM writes=208 segments=33 chain_candidates=0
Q3 k=2099 seq=SSSMROUORRURO applied=SSSMROUORRURO writes=837 segments=115 chain_candidates=0
Q3 k=2100 seq=MSRROUOSM applied=MS--OUOSM writes=405 segments=56 chain_candidates=0
Q3 k=2101 seq=OOR applied=OOR writes=172 segments=26 chain_candidates=0
Q3 k=2102 seq=SRORM applied=S-ORM writes=222 segments=33 chain_candidates=0
Q3 k=2103 seq=OMMMS applied=OMMMS writes=316 segments=46 chain_candidates=0
Q3 k=2104 seq=URUOUU applied=URUOUU writes=691 segments=103 chain_candidates=0
Q3 k=2105 seq=MSMSUUUR applied=MSMSUUUR writes=705 segments=103 chain_candidates=0
Q3 k=2106 seq=URMOROUMUUORR applied=URMOROUMUUORR writes=1060 segments=153 chain_candidates=0
Q3 k=2107 seq=OSMSMMU applied=OSMSMMU writes=435 segments=63 chain_candidates=0
Q3 k=2108 seq=RRUSRSRSRRSS applied=--USRSRSRRSS writes=564 segments=79 chain_candidates=0
Q3 k=2109 seq=MMORORROU applied=MMO-ORROU writes=510 segments=73 chain_candidates=0
Q3 k=2110 seq=ROMSRU applied=-OMSRU writes=358 segments=53 chain_candidates=0
Q3 k=2111 seq=UUMURMO applied=UUMURMO writes=726 segments=106 chain_candidates=0
Q3 k=2112 seq=RSORMMSMRS applied=-SORMMSMRS writes=466 segments=66 chain_candidates=0
Q3 k=2113 seq=UOORSRRUR applied=UOORSRRUR writes=630 segments=93 chain_candidates=0
Q3 k=2114 seq=SROMMSOUSUOSS applied=S-OMMSOUSUOSS writes=623 segments=82 chain_candidates=0
Q3 k=2115 seq=SRORRR applied=S-ORRR writes=285 segments=43 chain_candidates=0
Q3 k=2116 seq=OURMUMSUM applied=OURMUMSUM writes=776 segments=113 chain_candidates=0
Q3 k=2117 seq=SRRRSRRR applied=S---SRRR writes=285 segments=43 chain_candidates=0
Q3 k=2118 seq=SM applied=SM writes=145 segments=23 chain_candidates=0
Q3 k=2119 seq=MSRUSSSUMSMO applied=MS-USSSUMSMO writes=699 segments=95 chain_candidates=0
Q3 k=2120 seq=ORMURMO applied=O-MURMO writes=450 segments=66 chain_candidates=0
Q3 k=2121 seq=OMSR applied=OMSR writes=222 segments=33 chain_candidates=0
Q3 k=2122 seq=OOSRUUSSORRSUR applied=OOSRUUSSORRSUR writes=940 segments=131 chain_candidates=0
Q3 k=2123 seq=S applied=S writes=99 segments=16 chain_candidates=0
Q3 k=2124 seq=ROOURMMMS applied=-OOURMMMS writes=521 segments=76 chain_candidates=0
Q3 k=2125 seq=MSRROSRUSSO applied=MS--OSRUSSO writes=528 segments=71 chain_candidates=0
Q3 k=2126 seq=UROUURURSM applied=UROUURURSM writes=908 segments=133 chain_candidates=0
Q3 k=2127 seq=UMSRSSUSUUR applied=UMSRSSUSUUR writes=863 segments=123 chain_candidates=0
Q3 k=2128 seq=UUSSSS applied=UUSSSS writes=478 segments=65 chain_candidates=0
Q3 k=2129 seq=ROMR applied=-OM- writes=145 segments=23 chain_candidates=0
Q3 k=2130 seq=OUOOSSMMRMUM applied=OUOOSSMMRMUM writes=794 segments=112 chain_candidates=0
Q3 k=2131 seq=MUOOUOMRU applied=MUOOUOMRU writes=729 segments=103 chain_candidates=0
Q3 k=2132 seq=OOSMORRRMR applied=OOSMORRRMR writes=567 segments=82 chain_candidates=0
Q3 k=2133 seq=RSROUMSOMMSS applied=-S-OUMSOMMSS writes=513 segments=69 chain_candidates=0
Q3 k=2134 seq=S applied=S writes=99 segments=16 chain_candidates=0
Q3 k=2135 seq=URRSOMRUM applied=URRSOMRUM writes=703 segments=103 chain_candidates=0
Q3 k=2136 seq=RUSUMUMMSOO applied=-USUMUMMSOO writes=794 segments=112 chain_candidates=0
Q3 k=2137 seq=SRUMOOSMU applied=S-UMOOSMU writes=583 segments=82 chain_candidates=0
Q3 k=2138 seq=UORRRMMSMROSS applied=UORRRMMSMROSS writes=790 segments=112 chain_candidates=0
Q3 k=2139 seq=SMMMMM applied=SMMMMM writes=417 segments=63 chain_candidates=0
Q3 k=2140 seq=URSR applied=URSR writes=352 segments=53 chain_candidates=0
Q3 k=2141 seq=MUURSMMSUMSO applied=MUURSMMSUMSO writes=921 segments=129 chain_candidates=0
Q3 k=2142 seq=OORMOORMUM applied=OORMOORMUM writes=581 segments=83 chain_candidates=0
Q3 k=2143 seq=MRUSMSMOOMOU applied=M-USMSMOOMOU writes=678 segments=93 chain_candidates=0
Q3 k=2144 seq=UMRSMUORSOSUS applied=UMRSMUORSOSUS writes=890 segments=125 chain_candidates=0
Q3 k=2145 seq=OUSOSMSOR applied=OUSOSMSOR writes=486 segments=65 chain_candidates=0
Q3 k=2146 seq=SRSUUOM applied=S-SUUOM writes=441 segments=63 chain_candidates=0
Q3 k=2147 seq=MMMSUMRMRUSMSS applied=MMMSUMRMRUSMSS writes=976 segments=139 chain_candidates=0
Q3 k=2148 seq=RMUO applied=-MUO writes=314 segments=46 chain_candidates=0
Q3 k=2149 seq=OUMSRMRRMOO applied=OUMSRMRRMOO writes=688 segments=99 chain_candidates=0
Q3 k=2150 seq=RS applied=-S writes=99 segments=16 chain_candidates=0
Q3 k=2151 seq=MOUSMO applied=MOUSMO writes=397 segments=56 chain_candidates=0
Q3 k=2152 seq=RRUSORSMOMSRMR applied=--USORSMOMSRMR writes=662 segments=93 chain_candidates=0
Q3 k=2153 seq=R applied=- writes=70 segments=13 chain_candidates=0
Q3 k=2154 seq=S applied=S writes=99 segments=16 chain_candidates=0
Q3 k=2155 seq=SRS applied=S-S writes=128 segments=19 chain_candidates=0
Q3 k=2156 seq=USUSMOROSS applied=USUSMOROSS writes=605 segments=82 chain_candidates=0
Q3 k=2157 seq=RRUUOUM applied=--UUOUM writes=561 segments=83 chain_candidates=0
Q3 k=2158 seq=UOORSOURSSSOUU applied=UOORSOURSSSOUU writes=966 segments=131 chain_candidates=0
Q3 k=2159 seq=R applied=- writes=70 segments=13 chain_candidates=0
Q3 k=2160 seq=OSUUSUOM applied=OSUUSUOM writes=589 segments=83 chain_candidates=0
Q3 k=2161 seq=SURRMO applied=SURRMO writes=452 segments=66 chain_candidates=0
Q3 k=2162 seq=MUMRMUUSO applied=MUMRMUUSO writes=826 segments=119 chain_candidates=0
Q3 k=2163 seq=SSROS applied=SSROS writes=230 segments=32 chain_candidates=0
Q3 k=2164 seq=SROSOMMSSUMMS applied=S-OSOMMSSUMMS writes=634 segments=85 chain_candidates=0
Q3 k=2165 seq=OMSOOSSUURU applied=OMSOOSSUURU writes=741 segments=102 chain_candidates=0
Q3 k=2166 seq=MSSU applied=MSSU writes=293 segments=43 chain_candidates=0
Q3 k=2167 seq=UOSMUURUOMRSO applied=UOSMUURUOMRSO writes=980 segments=139 chain_candidates=0
Q3 k=2168 seq=SMSROUUOSR applied=SMSROUUOSR writes=616 segments=86 chain_candidates=0
Q3 k=2169 seq=OSSROSSU applied=OSSROSSU writes=453 segments=61 chain_candidates=0
Q3 k=2170 seq=USORM applied=USORM writes=358 segments=53 chain_candidates=0
Q3 k=2171 seq=ORRRM applied=O---M writes=145 segments=23 chain_candidates=0
Q3 k=2172 seq=MMMMUSMUMOUM applied=MMMMUSMUMOUM writes=983 segments=143 chain_candidates=0
Q3 k=2173 seq=MMMROUMRSUMR applied=MMM-OUMRSUMR writes=847 segments=123 chain_candidates=0
Q3 k=2174 seq=OUU applied=OUU writes=354 segments=53 chain_candidates=0
Q3 k=2175 seq=UUUR applied=UUUR writes=555 segments=83 chain_candidates=0
Q3 k=2176 seq=OU applied=OU writes=210 segments=33 chain_candidates=0
Q3 k=2177 seq=SROROMO applied=S-OROMO writes=284 segments=39 chain_candidates=0
Q3 k=2178 seq=USRUOUR applied=USRUOUR writes=628 segments=93 chain_candidates=0
Q3 k=2179 seq=USS applied=USS writes=264 segments=39 chain_candidates=0
Q3 k=2180 seq=UURURUUUU applied=UURURUUUU writes=1172 segments=173 chain_candidates=0
Q3 k=2181 seq=SSMMRR applied=SSMMRR writes=354 segments=53 chain_candidates=0
Q3 k=2182 seq=MOMRS applied=MOM-S writes=249 segments=36 chain_candidates=0
Q3 k=2183 seq=MOMOUUMUSORUM applied=MOMOUUMUSORUM writes=991 segments=143 chain_candidates=0
Q3 k=2184 seq=MUUORRMS applied=MUUORRMS writes=667 segments=96 chain_candidates=0
Q3 k=2185 seq=SUMMOUMMOM applied=SUMMOUMMOM writes=713 segments=103 chain_candidates=0
Q3 k=2186 seq=SO applied=SO writes=128 segments=19 chain_candidates=0
Q3 k=2187 seq=OMSOOS applied=OMSOOS writes=273 segments=35 chain_candidates=0
Q3 k=2188 seq=OMUMRMORUOR applied=OMUMRMORUOR writes=774 segments=113 chain_candidates=0
Q3 k=2189 seq=MUSOOMO applied=MUSOOMO writes=480 segments=65 chain_candidates=0
Q3 k=2190 seq=MMORMUUSSOSOO applied=MMO-MUUSSOSOO writes=753 segments=101 chain_candidates=0
Q3 k=2191 seq=U applied=U writes=202 segments=33 chain_candidates=0
Q3 k=2192 seq=RURSOSRRRORMS applied=-URSOSRRRORMS writes=750 segments=105 chain_candidates=0
Q3 k=2193 seq=USUOSOSOS applied=USUOSOSOS writes=540 segments=71 chain_candidates=0
Q3 k=2194 seq=RMORMRUUOSM applied=-MO-M-UUOSM writes=600 segments=86 chain_candidates=0
Q3 k=2195 seq=SRSSSOOMUOMRRS applied=S-SSSOOMUOMRRS writes=693 segments=94 chain_candidates=0
Q3 k=2196 seq=UUSSURSURRUMSM applied=UUSSURSURRUMSM writes=1135 segments=163 chain_candidates=0
Q3 k=2197 seq=RMOSROUSOOMRSO applied=-MOSROUSOOMRSO writes=663 segments=88 chain_candidates=0
Q3 k=2198 seq=ROMROSROMM applied=-OM-OSROMM writes=384 segments=53 chain_candidates=0
Q3 k=2199 seq=M applied=M writes=137 segments=23 chain_candidates=0
Q3 k=2200 seq=UOROMMUORSOO applied=UOROMMUORSOO writes=741 segments=102 chain_candidates=0
Q3 k=2201 seq=RS applied=-S writes=99 segments=16 chain_candidates=0
Q3 k=2202 seq=RU applied=-U writes=202 segments=33 chain_candidates=0
Q3 k=2203 seq=R applied=- writes=70 segments=13 chain_candidates=0
Q3 k=2204 seq=RMUUOOMSO applied=-MUUOOMSO writes=599 segments=82 chain_candidates=0
Q3 k=2205 seq=SUSURS applied=SUSURS writes=456 segments=66 chain_candidates=0
Q3 k=2206 seq=UU applied=UU writes=346 segments=53 chain_candidates=0
Q3 k=2207 seq=USU applied=USU writes=350 segments=53 chain_candidates=0
Q3 k=2208 seq=MOUMMRSUSROU applied=MOUMMRSUSROU writes=857 segments=123 chain_candidates=0
Q3 k=2209 seq=URURMR applied=URURMR writes=608 segments=93 chain_candidates=0
Q3 k=2210 seq=OSMU applied=OSMU writes=289 segments=43 chain_candidates=0
Q3 k=2211 seq=RRSSMO applied=--SSMO writes=203 segments=29 chain_candidates=0
Q3 k=2212 seq=RSMMSMSUSMMOU applied=-SMMSMSUSMMOU writes=741 segments=103 chain_candidates=0
Q3 k=2213 seq=RSOUOSM applied=-SOUOSM writes=334 segments=46 chain_candidates=0
Q3 k=2214 seq=OMOUORSS applied=OMOUORSS writes=432 segments=59 chain_candidates=0
Q3 k=2215 seq=RUSMOOR applied=-USMOOR writes=391 segments=56 chain_candidates=0
Q3 k=2216 seq=SROOMUUMO applied=S-OOMUUMO writes=608 segments=85 chain_candidates=0
Q3 k=2217 seq=SRMRRMU applied=S-M--MU writes=352 segments=53 chain_candidates=0
Q3 k=2218 seq=MRMRMO applied=M-M-MO writes=308 segments=46 chain_candidates=0
Q3 k=2219 seq=MUMUMUUOMR applied=MUMUMUUOMR writes=979 segments=143 chain_candidates=0
Q3 k=2220 seq=OUMO applied=OUMO writes=314 segments=46 chain_candidates=0
Q3 k=2221 seq=OUMRUSUSUSOOMM applied=OUMRUSUSUSOOMM writes=1007 segments=142 chain_candidates=0
Q3 k=2222 seq=URUSMMRM applied=URUSMMRM writes=689 segments=103 chain_candidates=0
Q3 k=2223 seq=RORMOO applied=-O-MOO writes=207 segments=29 chain_candidates=0
Q3 k=2224 seq=ROUMMORSUOUURO applied=-OUMMORSUOUURO writes=959 segments=136 chain_candidates=0
Q3 k=2225 seq=MSSRSSRRUSSMOM applied=MSSRSSRRUSSMOM writes=774 segments=105 chain_candidates=0
Q3 k=2226 seq=OMSRUUOUSSS applied=OMSRUUOUSSS writes=733 segments=102 chain_candidates=0
Q3 k=2227 seq=SRUM applied=S-UM writes=281 segments=43 chain_candidates=0
Q3 k=2228 seq=MMOUOMSMUOUU applied=MMOUOMSMUOUU writes=934 segments=133 chain_candidates=4
  CHAIN seq=MMOUOMSMUOUU seg=109 u=#120(dev0 slot50324+1 txgSome(7)) l=#439(dev0 slot50324+2 txgSome(20)) x=#775(dev0 slot50325+1 txgSome(34)) y=#773(dev0 slot50324+1 txgSome(34))
  CHAIN seq=MMOUOMSMUOUU seg=109 u=#121(dev1 slot50324+1 txgSome(7)) l=#440(dev1 slot50324+2 txgSome(20)) x=#776(dev1 slot50325+1 txgSome(34)) y=#774(dev1 slot50324+1 txgSome(34))
  CHAIN seq=MMOUOMSMUOUU seg=109 u=#122(dev0 slot50325+1 txgSome(7)) l=#439(dev0 slot50324+2 txgSome(20)) x=#773(dev0 slot50324+1 txgSome(34)) y=#775(dev0 slot50325+1 txgSome(34))
Q3 k=2229 seq=MUURMOMRMMOR applied=MUURMOMRMMOR writes=916 segments=133 chain_candidates=0
Q3 k=2230 seq=MOMSUOMR applied=MOMSUOMR writes=512 segments=73 chain_candidates=0
Q3 k=2231 seq=UUMO applied=UUMO writes=446 segments=66 chain_candidates=0
Q3 k=2232 seq=MRSMOSOROM applied=M-SMOSOROM writes=463 segments=62 chain_candidates=0
Q3 k=2233 seq=O applied=O writes=99 segments=16 chain_candidates=0
Q3 k=2234 seq=ORMSOSM applied=O-MSOSM writes=311 segments=42 chain_candidates=0
Q3 k=2235 seq=O applied=O writes=99 segments=16 chain_candidates=0
Q3 k=2236 seq=SRU applied=S-U writes=210 segments=33 chain_candidates=0
Q3 k=2237 seq=OUROSSRSOM applied=OUROSSRSOM writes=563 segments=75 chain_candidates=0
Q3 k=2238 seq=OSMUORO applied=OSMUORO writes=399 segments=56 chain_candidates=0
Q3 k=2239 seq=M applied=M writes=137 segments=23 chain_candidates=0
Q3 k=2240 seq=MOUMRROORMMOS applied=MOUMRROORMMOS writes=775 segments=109 chain_candidates=0
Q3 k=2241 seq=MOUOSSUOU applied=MOUOSSUOU writes=668 segments=92 chain_candidates=0
Q3 k=2242 seq=UUS applied=UUS writes=379 segments=56 chain_candidates=0
Q3 k=2243 seq=UMURSROUMSSMS applied=UMURSROUMSSMS writes=923 segments=129 chain_candidates=0
Q3 k=2244 seq=UMUMSUUUSRSRO applied=UMUMSUUUSRSRO writes=1091 segments=156 chain_candidates=0
Q3 k=2245 seq=USSRS applied=USSRS writes=341 segments=49 chain_candidates=0
Q3 k=2246 seq=OMUURUUR applied=OMUURUUR writes=839 segments=123 chain_candidates=0
Q3 k=2247 seq=MUSSOOMM applied=MUSSOOMM writes=526 segments=72 chain_candidates=0
Q3 k=2248 seq=RU applied=-U writes=202 segments=33 chain_candidates=0
Q3 k=2249 seq=USU applied=USU writes=350 segments=53 chain_candidates=0
Q3 k=2250 seq=UMRRRO applied=UMRRRO writes=501 segments=76 chain_candidates=0
Q3 k=2251 seq=SO applied=SO writes=128 segments=19 chain_candidates=0
Q3 k=2252 seq=RMSSSUMMU applied=-MSSSUMMU writes=642 segments=92 chain_candidates=0
Q3 k=2253 seq=RR applied=-- writes=70 segments=13 chain_candidates=0
Q3 k=2254 seq=UUS applied=UUS writes=379 segments=56 chain_candidates=0
Q3 k=2255 seq=RS applied=-S writes=99 segments=16 chain_candidates=0
Q3 k=2256 seq=UURMOUSUO applied=UURMOUSUO writes=799 segments=116 chain_candidates=0
Q3 k=2257 seq=M applied=M writes=137 segments=23 chain_candidates=0
Q3 k=2258 seq=OOR applied=OOR writes=172 segments=26 chain_candidates=0
Q3 k=2259 seq=MMMM applied=MMMM writes=342 segments=53 chain_candidates=0
Q3 k=2260 seq=MMRORROUU applied=MM-O--OUU writes=500 segments=73 chain_candidates=0
Q3 k=2261 seq=SSOOOOMMURSUM applied=SSOOOOMMURSUM writes=806 segments=111 chain_candidates=0
Q3 k=2262 seq=US applied=US writes=231 segments=36 chain_candidates=0
Q3 k=2263 seq=RSUR applied=-SUR writes=283 segments=43 chain_candidates=0
Q3 k=2264 seq=OUURRMRSRO applied=OUURRMRSRO writes=726 segments=106 chain_candidates=0
Q3 k=2265 seq=OU applied=OU writes=210 segments=33 chain_candidates=0
Q3 k=2266 seq=MUOUSSUSMSOORS applied=MUOUSSUSMSOORS writes=861 segments=115 chain_candidates=0
Q3 k=2267 seq=MUMSUMMMOMMMMO applied=MUMSUMMMOMMMMO writes=1014 segments=146 chain_candidates=0
Q3 k=2268 seq=MUORSOMUUMRSRR applied=MUORSOMUUMRSRR writes=995 segments=143 chain_candidates=0
Q3 k=2269 seq=MURUMSSUO applied=MURUMSSUO writes=746 segments=106 chain_candidates=0
Q3 k=2270 seq=ORSOSOOM applied=O-SOSOOM writes=315 segments=41 chain_candidates=0
Q3 k=2271 seq=MSMUORUUMOUSSS applied=MSMUORUUMOUSSS writes=1019 segments=142 chain_candidates=0
Q3 k=2272 seq=R applied=- writes=70 segments=13 chain_candidates=0
Q3 k=2273 seq=ORM applied=O-M writes=145 segments=23 chain_candidates=0
Q3 k=2274 seq=MU applied=MU writes=281 segments=43 chain_candidates=0
Q3 k=2275 seq=MMORSMU applied=MMO-SMU writes=435 segments=63 chain_candidates=0
Q3 k=2276 seq=SOROUSUSROROR applied=SOROUSUSROROR writes=662 segments=93 chain_candidates=0
Q3 k=2277 seq=RO applied=-O writes=99 segments=16 chain_candidates=0
Q3 k=2278 seq=SO applied=SO writes=128 segments=19 chain_candidates=0
Q3 k=2279 seq=RUOUM applied=-UOUM writes=421 segments=63 chain_candidates=0
Q3 k=2280 seq=ROROMR applied=-O-OMR writes=218 segments=33 chain_candidates=0
Q3 k=2281 seq=RSOR applied=-SOR writes=172 segments=26 chain_candidates=0
Q3 k=2282 seq=USOUMMM applied=USOUMMM writes=563 segments=83 chain_candidates=0
Q3 k=2283 seq=OSMOUORMMSS applied=OSMOUORMMSS writes=578 segments=79 chain_candidates=0
Q3 k=2284 seq=UOOU applied=UOOU writes=358 segments=53 chain_candidates=0
Q3 k=2285 seq=RUMUMSSROSRO applied=-UMUMSSROSRO writes=754 segments=105 chain_candidates=0
Q3 k=2286 seq=UOOMSROMROMSR applied=UOOMSROMROMSR writes=674 segments=93 chain_candidates=0
Q3 k=2287 seq=R applied=- writes=70 segments=13 chain_candidates=0
Q3 k=2288 seq=UUMOSOO applied=UUMOSOO writes=545 segments=75 chain_candidates=0
Q3 k=2289 seq=OMO applied=OMO writes=174 segments=26 chain_candidates=0
Q3 k=2290 seq=SSOUSMMOUUOS applied=SSOUSMMOUUOS writes=785 segments=108 chain_candidates=0
Q3 k=2291 seq=M applied=M writes=137 segments=23 chain_candidates=0
Q3 k=2292 seq=RSRM applied=-S-M writes=145 segments=23 chain_candidates=0
Q3 k=2293 seq=MSOSOSUMUROOMS applied=MSOSOSUMUROOMS writes=809 segments=108 chain_candidates=0
Q3 k=2294 seq=MORSSUMOSRO applied=MO-SSUMOSRO writes=582 segments=78 chain_candidates=0
Q3 k=2295 seq=OSMOOUMUMSMOM applied=OSMOOUMUMSMOM writes=812 segments=112 chain_candidates=0
Q3 k=2296 seq=URO applied=URO writes=308 segments=46 chain_candidates=0
Q3 k=2297 seq=SSRMSRRUSRRSU applied=SSRMSRRUSRRSU writes=790 segments=113 chain_candidates=0
Q3 k=2298 seq=MRSUUMSS applied=M-SUUMSS writes=554 segments=79 chain_candidates=0
Q3 k=2299 seq=MOUM applied=MOUM writes=356 segments=53 chain_candidates=0
Q3 k=2300 seq=MUU applied=MUU writes=417 segments=63 chain_candidates=0
Q3 k=2301 seq=O applied=O writes=99 segments=16 chain_candidates=0
Q3 k=2302 seq=OSU applied=OSU writes=222 segments=33 chain_candidates=0
Q3 k=2303 seq=UMSUMSOMMU applied=UMSUMSOMMU writes=786 segments=113 chain_candidates=0
Q3 k=2304 seq=MMMOUMRSMSU applied=MMMOUMRSMSU writes=794 segments=113 chain_candidates=0
Q3 k=2305 seq=MMROUSR applied=MM-OUSR writes=433 segments=63 chain_candidates=0
Q3 k=2306 seq=SRRUMSSRUMUO applied=S--UMSSRUMUO writes=750 segments=106 chain_candidates=0
Q3 k=2307 seq=URSOOMSORU applied=URSOOMSORU writes=670 segments=92 chain_candidates=0
Q3 k=2308 seq=MUURSSUUSSMM applied=MUURSSUUSSMM writes=944 segments=133 chain_candidates=0
Q3 k=2309 seq=RSRSRRUSSOOMRO applied=-S-SRRUSSOOMRO writes=632 segments=85 chain_candidates=0
Q3 k=2310 seq=UMRUMOMU applied=UMRUMOMU writes=760 segments=113 chain_candidates=0
Q3 k=2311 seq=RMU applied=-MU writes=281 segments=43 chain_candidates=0
Q3 k=2312 seq=USRMMO applied=USRMMO writes=450 segments=66 chain_candidates=0
Q3 k=2313 seq=R applied=- writes=70 segments=13 chain_candidates=0
Q3 k=2314 seq=MSMSU applied=MSMSU writes=364 segments=53 chain_candidates=0
Q3 k=2315 seq=MSRRRMUUO applied=MS---MUUO writes=521 segments=76 chain_candidates=0
Q3 k=2316 seq=SRMOUUOUUUS applied=S-MOUUOUUUS writes=886 segments=126 chain_candidates=0
Q3 k=2317 seq=UU applied=UU writes=346 segments=53 chain_candidates=0
Q3 k=2318 seq=SO applied=SO writes=128 segments=19 chain_candidates=0
Q3 k=2319 seq=O applied=O writes=99 segments=16 chain_candidates=0
Q3 k=2320 seq=OOMMUORSRUOMS applied=OOMMUORSRUOMS writes=770 segments=106 chain_candidates=0
Q3 k=2321 seq=MUOOMUUS applied=MUOOMUUS writes=673 segments=96 chain_candidates=0
Q3 k=2322 seq=UURU applied=UURU writes=547 segments=83 chain_candidates=0
Q3 k=2323 seq=SOUO applied=SOUO writes=255 segments=36 chain_candidates=0
Q3 k=2324 seq=R applied=- writes=70 segments=13 chain_candidates=0
Q3 k=2325 seq=MSOURRUSRS applied=MSOURRUSRS writes=677 segments=96 chain_candidates=0
Q3 k=2326 seq=SUOUU applied=SUOUU writes=494 segments=73 chain_candidates=0
Q3 k=2327 seq=RS applied=-S writes=99 segments=16 chain_candidates=0
Q3 k=2328 seq=ORMMMSMOUUSO applied=O-MMMSMOUUSO writes=708 segments=99 chain_candidates=0
Q3 k=2329 seq=UUOOMRMOMMUMS applied=UUOOMRMOMMUMS writes=951 segments=136 chain_candidates=0
Q3 k=2330 seq=UMO applied=UMO writes=306 segments=46 chain_candidates=0
Q3 k=2331 seq=SMMR applied=SMM- writes=216 segments=33 chain_candidates=0
Q3 k=2332 seq=USUSSRS applied=USUSSRS writes=489 segments=69 chain_candidates=0
Q3 k=2333 seq=US applied=US writes=231 segments=36 chain_candidates=0
Q3 k=2334 seq=UUS applied=UUS writes=379 segments=56 chain_candidates=0
Q3 k=2335 seq=MSMMMRSOU applied=MSMMM-SOU writes=510 segments=73 chain_candidates=0
Q3 k=2336 seq=RUOSRU applied=-UOSRU writes=423 segments=63 chain_candidates=0
Q3 k=2337 seq=SMRRURR applied=SM--URR writes=415 segments=63 chain_candidates=0
Q3 k=2338 seq=OSMS applied=OSMS writes=203 segments=29 chain_candidates=0
Q3 k=2339 seq=UOSRRMOUSMUOO applied=UOSRRMOUSMUOO writes=856 segments=119 chain_candidates=0
Q3 k=2340 seq=SOMRRSSSRMRMR applied=SOMRRSSSRMRMR writes=723 segments=102 chain_candidates=0
Q3 k=2341 seq=SOURSSOOUO applied=SOURSSOOUO writes=567 segments=75 chain_candidates=0
Q3 k=2342 seq=RSOMUSRRUUMMMS applied=-SOMUSRRUUMMMS writes=937 segments=136 chain_candidates=0
Q3 k=2343 seq=O applied=O writes=99 segments=16 chain_candidates=0
Q3 k=2344 seq=U applied=U writes=202 segments=33 chain_candidates=0
Q3 k=2345 seq=SUSOMUSORUSUR applied=SUSOMUSORUSUR writes=879 segments=123 chain_candidates=8
  CHAIN seq=SUSOMUSORUSUR seg=113 u=#80(dev0 slot50270+1 txgSome(5)) l=#441(dev0 slot50270+2 txgSome(20)) x=#822(dev0 slot50271+1 txgSome(35)) y=#820(dev0 slot50270+1 txgSome(35))
  CHAIN seq=SUSOMUSORUSUR seg=113 u=#81(dev1 slot50270+1 txgSome(5)) l=#442(dev1 slot50270+2 txgSome(20)) x=#823(dev1 slot50271+1 txgSome(35)) y=#821(dev1 slot50270+1 txgSome(35))
  CHAIN seq=SUSOMUSORUSUR seg=113 u=#82(dev0 slot50271+1 txgSome(5)) l=#441(dev0 slot50270+2 txgSome(20)) x=#820(dev0 slot50270+1 txgSome(35)) y=#822(dev0 slot50271+1 txgSome(35))
Q3 k=2346 seq=SSOMORROOM applied=SSOMORROOM writes=482 segments=65 chain_candidates=0
Q3 k=2347 seq=RO applied=-O writes=99 segments=16 chain_candidates=0
Q3 k=2348 seq=SUSU applied=SUSU writes=358 segments=53 chain_candidates=0
Q3 k=2349 seq=OUMRUOOSSORUMO applied=OUMRUOOSSORUMO writes=910 segments=125 chain_candidates=0
Q3 k=2350 seq=SUS applied=SUS writes=239 segments=36 chain_candidates=0
Q3 k=2351 seq=URSUOMORMMS applied=URSUOMORMMS writes=750 segments=106 chain_candidates=0
Q3 k=2352 seq=RRMRMSRMMMROUS applied=--M-MS-MMM-OUS writes=602 segments=86 chain_candidates=0
Q3 k=2353 seq=SOROSROOSU applied=SOROSROOSU writes=538 segments=71 chain_candidates=0
Q3 k=2354 seq=UROMSMU applied=UROMSMU writes=573 segments=83 chain_candidates=0
Q3 k=2355 seq=S applied=S writes=99 segments=16 chain_candidates=0
Q3 k=2356 seq=SUM applied=SUM writes=281 segments=43 chain_candidates=0
Q3 k=2357 seq=OUMRUSSS applied=OUMRUSSS writes=581 segments=82 chain_candidates=0
Q3 k=2358 seq=OMUUMOMR applied=OMUUMOMR writes=636 segments=93 chain_candidates=0
Q3 k=2359 seq=SMMRMOSOU applied=SMM-MOSOU writes=518 segments=72 chain_candidates=0
Q3 k=2360 seq=RMROOOM applied=-M-OOOM writes=303 segments=42 chain_candidates=0
Q3 k=2361 seq=UMMMMU applied=UMMMMU writes=610 segments=93 chain_candidates=0
Q3 k=2362 seq=UUMUO applied=UUMUO writes=582 segments=86 chain_candidates=0
Q3 k=2363 seq=UMUUS applied=UMUUS writes=586 segments=86 chain_candidates=0
Q3 k=2364 seq=S applied=S writes=99 segments=16 chain_candidates=0
Q3 k=2365 seq=SORO applied=SORO writes=201 segments=29 chain_candidates=0
Q3 k=2366 seq=ORR applied=O-- writes=99 segments=16 chain_candidates=0
Q3 k=2367 seq=OOU applied=OOU writes=222 segments=33 chain_candidates=0
Q3 k=2368 seq=ORMUUUSS applied=O-MUUUSS writes=631 segments=89 chain_candidates=0
Q3 k=2369 seq=RUOMURMSMOSMMU applied=-UOMURMSMOSMMU writes=926 segments=133 chain_candidates=0
Q3 k=2370 seq=ROM applied=-OM writes=145 segments=23 chain_candidates=0
Q3 k=2371 seq=OMRMUU applied=OM-MUU writes=496 segments=73 chain_candidates=0
Q3 k=2372 seq=OOUOOUUORU applied=OOUOOUUORU writes=731 segments=103 chain_candidates=0
Q3 k=2373 seq=SMUUURMSSSRUSS applied=SMUUURMSSSRUSS writes=1059 segments=148 chain_candidates=0
Q3 k=2374 seq=ORUMR applied=O-UMR writes=346 segments=53 chain_candidates=0
Q3 k=2375 seq=RORUO applied=-O-UO writes=239 segments=36 chain_candidates=0
Q3 k=2376 seq=UMR applied=UMR writes=338 segments=53 chain_candidates=0
Q3 k=2377 seq=MRUMUROO applied=M-UMUROO writes=623 segments=89 chain_candidates=0
Q3 k=2378 seq=SSMSSSOUMSR applied=SSMSSSOUMSR writes=544 segments=72 chain_candidates=0
Q3 k=2379 seq=ROSR applied=-OSR writes=172 segments=26 chain_candidates=0
Q3 k=2380 seq=SMORMUOOS applied=SMORMUOOS writes=520 segments=72 chain_candidates=0
Q3 k=2381 seq=SMURRR applied=SMURRR writes=480 segments=73 chain_candidates=0
Q3 k=2382 seq=USSRSS applied=USSRSS writes=374 segments=52 chain_candidates=0
Q3 k=2383 seq=SSMRSUOROMUSMU applied=SSMRSUOROMUSMU writes=877 segments=123 chain_candidates=0
Q3 k=2384 seq=SMOSOSRSMMRS applied=SMOSOSRSMMRS writes=569 segments=75 chain_candidates=0
Q3 k=2385 seq=SOM applied=SOM writes=174 segments=26 chain_candidates=0
Q3 k=2386 seq=SMOUUOMOOU applied=SMOUUOMOOU writes=668 segments=93 chain_candidates=0
Q3 k=2387 seq=OMSSROOMOSMOS applied=OMSSROOMOSMOS writes=570 segments=71 chain_candidates=0
Q3 k=2388 seq=R applied=- writes=70 segments=13 chain_candidates=0
Q3 k=2389 seq=SOUMMSR applied=SOUMMSR writes=433 segments=63 chain_candidates=0
Q3 k=2390 seq=UMRUO applied=UMRUO writes=507 segments=76 chain_candidates=0
Q3 k=2391 seq=SORSO applied=SORSO writes=230 segments=32 chain_candidates=0
Q3 k=2392 seq=UUSURUSOMMS applied=UUSURUSOMMS writes=886 segments=126 chain_candidates=0
Q3 k=2393 seq=RUUUU applied=-UUUU writes=626 segments=93 chain_candidates=0
Q3 k=2394 seq=MMOUU applied=MMOUU writes=488 segments=73 chain_candidates=0
Q3 k=2395 seq=UMMRSMOOSOROSM applied=UMMRSMOOSOROSM writes=776 segments=105 chain_candidates=0
Q3 k=2396 seq=MOORUR applied=MOORUR writes=423 segments=63 chain_candidates=0
Q3 k=2397 seq=OSURRO applied=OSURRO writes=385 segments=56 chain_candidates=0
Q3 k=2398 seq=RRUMROSRO applied=--UMROSRO writes=481 segments=69 chain_candidates=0
Q3 k=2399 seq=RMS applied=-MS writes=166 segments=26 chain_candidates=0
Q3 k=2400 seq=MSUMO applied=MSUMO writes=389 segments=56 chain_candidates=0
Q3 k=2401 seq=SRRMOSOUUMRMU applied=S--MOSOUUMRMU writes=847 segments=122 chain_candidates=0
Q3 k=2402 seq=RRURMUORUM applied=--URMUORUM writes=770 segments=113 chain_candidates=0
Q3 k=2403 seq=UOMMU applied=UOMMU writes=484 segments=73 chain_candidates=0
Q3 k=2404 seq=SMRMRMRRSSRSR applied=SM-M-M--SSRSR writes=470 segments=66 chain_candidates=0
Q3 k=2405 seq=MOMUMUURUUORUS applied=MOMUMUURUUORUS writes=1278 segments=186 chain_candidates=0
Q3 k=2406 seq=ROUROMOORSOU applied=-OUROMOORSOU writes=678 segments=92 chain_candidates=0
Q3 k=2407 seq=MUROMRRORMUOO applied=MUROMRRORMUOO writes=897 segments=129 chain_candidates=0
Q3 k=2408 seq=UORUUOU applied=UORUUOU writes=699 segments=103 chain_candidates=0
Q3 k=2409 seq=MUSMSORR applied=MUSMSORR writes=514 segments=73 chain_candidates=0
Q3 k=2410 seq=OUSORSS applied=OUSORSS writes=382 segments=52 chain_candidates=0
Q3 k=2411 seq=S applied=S writes=99 segments=16 chain_candidates=0
Q3 k=2412 seq=USMUOMU applied=USMUOMU writes=632 segments=93 chain_candidates=0
Q3 k=2413 seq=URORS applied=URORS writes=385 segments=56 chain_candidates=0
Q3 k=2414 seq=ORSSOURM applied=O-SSOURM writes=433 segments=62 chain_candidates=0
Q3 k=2415 seq=RUSOORUMRURR applied=-USOORUMRURR writes=908 segments=132 chain_candidates=0
Q3 k=2416 seq=MUSRMRUOUOMUSO applied=MUSRMRUOUOMUSO writes=1043 segments=149 chain_candidates=0
Q3 k=2417 seq=OMOOUU applied=OMOOUU writes=441 segments=63 chain_candidates=0
Q3 k=2418 seq=ROSROMR applied=-OSROMR writes=295 segments=43 chain_candidates=0
Q3 k=2419 seq=MOO applied=MOO writes=199 segments=29 chain_candidates=0
Q3 k=2420 seq=MUSSOSOROSMOM applied=MUSSOSOROSMOM writes=710 segments=91 chain_candidates=0
Q3 k=2421 seq=SUSSRUMOS applied=SUSSRUMOS writes=568 segments=79 chain_candidates=0
Q3 k=2422 seq=SSOMMS applied=SSOMMS writes=328 segments=45 chain_candidates=0
Q3 k=2423 seq=ORUSUSUMM applied=O-USUSUMM writes=636 segments=93 chain_candidates=0
Q3 k=2424 seq=MMUSOOMS applied=MMUSOOMS writes=547 segments=75 chain_candidates=0
Q3 k=2425 seq=SUOSUM applied=SUOSUM writes=437 segments=63 chain_candidates=0
Q3 k=2426 seq=M applied=M writes=137 segments=23 chain_candidates=0
Q3 k=2427 seq=OOUSRRUROUUS applied=OOUSRRUROUUS writes=882 segments=126 chain_candidates=0
Q3 k=2428 seq=U applied=U writes=202 segments=33 chain_candidates=0
Q3 k=2429 seq=MMRRMSUMROOOR applied=MM--MSUMROOOR writes=727 segments=102 chain_candidates=0
Q3 k=2430 seq=OU applied=OU writes=210 segments=33 chain_candidates=0
Q3 k=2431 seq=OMUMMMOSSRR applied=OMUMMMOSSRR writes=715 segments=102 chain_candidates=0
Q3 k=2432 seq=USUOU applied=USUOU writes=490 segments=73 chain_candidates=0
Q3 k=2433 seq=RUM applied=-UM writes=273 segments=43 chain_candidates=0
Q3 k=2434 seq=RRUMMMM applied=--UMMMM writes=474 segments=73 chain_candidates=0
Q3 k=2435 seq=MRRURMMU applied=M--URMMU writes=616 segments=93 chain_candidates=0
Q3 k=2436 seq=R applied=- writes=70 segments=13 chain_candidates=0
Q3 k=2437 seq=U applied=U writes=202 segments=33 chain_candidates=0
Q3 k=2438 seq=OM applied=OM writes=145 segments=23 chain_candidates=0
Q3 k=2439 seq=MSR applied=MS- writes=166 segments=26 chain_candidates=0
Q3 k=2440 seq=SRRU applied=S--U writes=210 segments=33 chain_candidates=0
Q3 k=2441 seq=USMORUOUO applied=USMORUOUO writes=667 segments=96 chain_candidates=0
Q3 k=2442 seq=RUSSSRRSUSSM applied=-USSSRRSUSSM writes=687 segments=95 chain_candidates=0
Q3 k=2443 seq=RORUOOSSORRMU applied=-O-UOOSSORRMU writes=662 segments=92 chain_candidates=0
Q3 k=2444 seq=OORSURUMRM applied=OORSURUMRM writes=695 segments=103 chain_candidates=0
Q3 k=2445 seq=ROSORUUURO applied=-OSORUUURO writes=740 segments=105 chain_candidates=0
Q3 k=2446 seq=RRSOUOOUSUM applied=--SOUOOUSUM writes=597 segments=83 chain_candidates=0
Q3 k=2447 seq=UROO applied=UROO writes=341 segments=49 chain_candidates=0
Q3 k=2448 seq=RORSSSUUURMRO applied=-O-SSSUUURMRO writes=795 segments=115 chain_candidates=0
Q3 k=2449 seq=OUUSMSSR applied=OUUSMSSR writes=543 segments=76 chain_candidates=0
Q3 k=2450 seq=UOSMMSOSR applied=UOSMMSOSR writes=524 segments=72 chain_candidates=0
Q3 k=2451 seq=SO applied=SO writes=128 segments=19 chain_candidates=0
Q3 k=2452 seq=OMSMSSUOS applied=OMSMSSUOS writes=446 segments=59 chain_candidates=0
Q3 k=2453 seq=MOORM applied=MOORM writes=293 segments=43 chain_candidates=0
Q3 k=2454 seq=O applied=O writes=99 segments=16 chain_candidates=0
Q3 k=2455 seq=RMOOSSRS applied=-MOOSSRS writes=342 segments=45 chain_candidates=0
Q3 k=2456 seq=SOSUMSU applied=SOSUMSU writes=508 segments=72 chain_candidates=0
Q3 k=2457 seq=UUURSOMSROMOS applied=UUURSOMSROMOS writes=893 segments=122 chain_candidates=0
Q3 k=2458 seq=UOMMRUUSO applied=UOMMRUUSO writes=751 segments=109 chain_candidates=0
Q3 k=2459 seq=MURMOOU applied=MURMOOU writes=573 segments=83 chain_candidates=0
Q3 k=2460 seq=RMOUUSSOSUMOOR applied=-MOUUSSOSUMOOR writes=845 segments=115 chain_candidates=0
Q3 k=2461 seq=UUUMMROU applied=UUUMMROU writes=833 segments=123 chain_candidates=0
Q3 k=2462 seq=RURM applied=-URM writes=346 segments=53 chain_candidates=0
Q3 k=2463 seq=RORMUMOR applied=-O-MUMOR writes=429 segments=63 chain_candidates=0
Q3 k=2464 seq=MM applied=MM writes=208 segments=33 chain_candidates=0
Q3 k=2465 seq=MSSRMMOMOSROS applied=MSSRMMOMOSROS writes=615 segments=82 chain_candidates=0
Q3 k=2466 seq=MMSRMSSRUMRU applied=MMS-MSSRUMRU writes=788 segments=113 chain_candidates=0
Q3 k=2467 seq=URRRUSU applied=URRRUSU writes=689 segments=103 chain_candidates=0
Q3 k=2468 seq=USSRUO applied=USSRUO writes=456 segments=66 chain_candidates=0
Q3 k=2469 seq=OOR applied=OOR writes=172 segments=26 chain_candidates=0
Q3 k=2470 seq=MRRRS applied=M---S writes=166 segments=26 chain_candidates=0
Q3 k=2471 seq=MRSRRMMR applied=M-S--MM- writes=283 segments=43 chain_candidates=0
Q3 k=2472 seq=MOS applied=MOS writes=199 segments=29 chain_candidates=0
Q3 k=2473 seq=RMUROR applied=-MUROR writes=423 segments=63 chain_candidates=0
Q3 k=2474 seq=URSOMS applied=URSOMS writes=424 segments=59 chain_candidates=0
Q3 k=2475 seq=MOOMUOO applied=MOOMUOO writes=426 segments=59 chain_candidates=0
Q3 k=2476 seq=OSSM applied=OSSM writes=224 segments=32 chain_candidates=0
Q3 k=2477 seq=RSR applied=-S- writes=99 segments=16 chain_candidates=0
Q3 k=2478 seq=UUSMSRO applied=UUSMSRO writes=535 segments=76 chain_candidates=0
Q3 k=2479 seq=MSSMM applied=MSSMM writes=295 segments=43 chain_candidates=0
Q3 k=2480 seq=MOSOORM applied=MOSOORM writes=380 segments=52 chain_candidates=0
Q3 k=2481 seq=OURSUSMUROMU applied=OURSUSMUROMU writes=942 segments=133 chain_candidates=0
Q3 k=2482 seq=UMMMUOOOSUMUR applied=UMMMUOOOSUMUR writes=1062 segments=152 chain_candidates=0
Q3 k=2483 seq=MRUOSUMOU applied=M-UOSUMOU writes=660 segments=93 chain_candidates=0
Q3 k=2484 seq=RRSSUSSURS applied=--SSUSSURS writes=480 segments=66 chain_candidates=0
Q3 k=2485 seq=UORURROORO applied=UORURROORO writes=696 segments=99 chain_candidates=0
Q3 k=2486 seq=SRURURRSMS applied=S-URURRSMS writes=661 segments=96 chain_candidates=0
Q3 k=2487 seq=RMSROR applied=-MS-OR writes=243 segments=36 chain_candidates=0
Q3 k=2488 seq=RSROMR applied=-S-OMR writes=218 segments=33 chain_candidates=0
Q3 k=2489 seq=OUMSSRMOUUSOM applied=OUMSSRMOUUSOM writes=833 segments=116 chain_candidates=0
Q3 k=2490 seq=OURO applied=OURO writes=316 segments=46 chain_candidates=0
Q3 k=2491 seq=MMROMSR applied=MM-OMSR writes=364 segments=53 chain_candidates=0
Q3 k=2492 seq=USMRMMMM applied=USMRMMMM writes=614 segments=93 chain_candidates=0
Q3 k=2493 seq=ROOUOURSOO applied=-OOUOURSOO writes=526 segments=72 chain_candidates=0
Q3 k=2494 seq=URMOMSOOUROSSS applied=URMOMSOOUROSSS writes=845 segments=114 chain_candidates=0
Q3 k=2495 seq=MSSOMMR applied=MSSOMMR writes=435 segments=62 chain_candidates=0
Q3 k=2496 seq=ROMRMSSRSOURO applied=-OM-MSSRSOURO writes=626 segments=85 chain_candidates=0
Q3 k=2497 seq=MOURUSU applied=MOURUSU writes=642 segments=93 chain_candidates=0
Q3 k=2498 seq=SSROOSSMMOUO applied=SSROOSSMMOUO writes=569 segments=75 chain_candidates=0
Q3 k=2499 seq=SOMOUUMRRM applied=SOMOUUMRRM writes=701 segments=103 chain_candidates=0
Q3 k=2500 seq=RU applied=-U writes=202 segments=33 chain_candidates=0
Q3 k=2501 seq=URSOUSR applied=URSOUSR writes=512 segments=73 chain_candidates=0
Q3 k=2502 seq=ORM applied=O-M writes=145 segments=23 chain_candidates=0
Q3 k=2503 seq=U applied=U writes=202 segments=33 chain_candidates=0
Q3 k=2504 seq=OOMOM applied=OOMOM writes=253 segments=36 chain_candidates=0
Q3 k=2505 seq=ROUSUSRR applied=-OUSUSRR writes=504 segments=73 chain_candidates=0
Q3 k=2506 seq=SSRSMSRRRM applied=SSRSMSRRRM writes=504 segments=73 chain_candidates=0
Q3 k=2507 seq=RUUMRUM applied=-UUMRUM writes=685 segments=103 chain_candidates=0
Q3 k=2508 seq=U applied=U writes=202 segments=33 chain_candidates=0
Q3 k=2509 seq=RRUMOS applied=--UMOS writes=339 segments=49 chain_candidates=0
Q3 k=2510 seq=OMROMMROUUUUUM applied=OM-OMMROUUUUUM writes=1119 segments=163 chain_candidates=0
Q3 k=2511 seq=SSSRUMRS applied=SSSRUMRS writes=527 segments=75 chain_candidates=0
Q3 k=2512 seq=MOMM applied=MOMM writes=283 segments=43 chain_candidates=0
Q3 k=2513 seq=SOSMRORS applied=SOSMRORS writes=407 segments=55 chain_candidates=0
Q3 k=2514 seq=SUMRMMS applied=SUMRMMS writes=513 segments=76 chain_candidates=0
Q3 k=2515 seq=SMRSUUSM applied=SM-SUUSM writes=508 segments=73 chain_candidates=0
Q3 k=2516 seq=SO applied=SO writes=128 segments=19 chain_candidates=0
Q3 k=2517 seq=ORURUSM applied=O-URUSM writes=498 segments=73 chain_candidates=0
Q3 k=2518 seq=OR applied=O- writes=99 segments=16 chain_candidates=0
Q3 k=2519 seq=MOORRSSUSMRURO applied=MOORRSSUSMRURO writes=837 segments=116 chain_candidates=0
Q3 k=2520 seq=USOO applied=USOO writes=297 segments=42 chain_candidates=0
Q3 k=2521 seq=RSMSUOOS applied=-SMSUOOS writes=384 segments=52 chain_candidates=0
Q3 k=2522 seq=UMRMRS applied=UMRMRS writes=503 segments=76 chain_candidates=0
Q3 k=2523 seq=RMSSMMRSOU applied=-MSSMMRSOU writes=520 segments=73 chain_candidates=0
Q3 k=2524 seq=USSUOSSOROSO applied=USSUOSSOROSO writes=625 segments=81 chain_candidates=0
Q3 k=2525 seq=R applied=- writes=70 segments=13 chain_candidates=0
Q3 k=2526 seq=SRMMRSOMMSRR applied=S-MM-SOMMSRR writes=516 segments=73 chain_candidates=0
Q3 k=2527 seq=RMUMM applied=-MUMM writes=415 segments=63 chain_candidates=0
Q3 k=2528 seq=RRUMU applied=--UMU writes=409 segments=63 chain_candidates=0
Q3 k=2529 seq=USSMSSUMURMM applied=USSMSSUMURMM writes=926 segments=132 chain_candidates=0
Q3 k=2530 seq=SU applied=SU writes=210 segments=33 chain_candidates=0
Q3 k=2531 seq=RMUOUSRMSRORU applied=-MUOUSRMSRORU writes=863 segments=123 chain_candidates=0
Q3 k=2532 seq=SSUSORUOU applied=SSUSORUOU writes=591 segments=83 chain_candidates=0
Q3 k=2533 seq=RUSUMMMSMRRS applied=-USUMMMSMRRS writes=797 segments=116 chain_candidates=0
Q3 k=2534 seq=SMOSSOR applied=SMOSSOR writes=317 segments=42 chain_candidates=0
Q3 k=2535 seq=MRU applied=M-U writes=281 segments=43 chain_candidates=0
Q3 k=2536 seq=SU applied=SU writes=210 segments=33 chain_candidates=0
Q3 k=2537 seq=MUSUOS applied=MUSUOS writes=491 segments=69 chain_candidates=0
Q3 k=2538 seq=OROSSOU applied=O-OSSOU writes=305 segments=42 chain_candidates=0
Q3 k=2539 seq=SOUOO applied=SOUOO writes=288 segments=39 chain_candidates=0
Q3 k=2540 seq=USRUMSU applied=USRUMSU writes=634 segments=93 chain_candidates=0
Q3 k=2541 seq=MMSUMSSUSRO applied=MMSUMSSUSRO writes=689 segments=96 chain_candidates=0
Q3 k=2542 seq=ROOSUMSM applied=-OOSUMSM writes=439 segments=62 chain_candidates=0
Q3 k=2543 seq=SMOMSMUSORMMO applied=SMOMSMUSORMMO writes=695 segments=96 chain_candidates=0
Q3 k=2544 seq=SSMO applied=SSMO writes=203 segments=29 chain_candidates=0
Q3 k=2545 seq=M applied=M writes=137 segments=23 chain_candidates=0
Q3 k=2546 seq=OUROMUOUOSSURU applied=OUROMUOUOSSURU writes=1086 segments=152 chain_candidates=4
  CHAIN seq=OUROMUOUOSSURU seg=122 u=#80(dev0 slot50270+1 txgSome(5)) l=#506(dev0 slot50270+2 txgSome(23)) x=#885(dev0 slot50271+1 txgSome(38)) y=#883(dev0 slot50270+1 txgSome(38))
  CHAIN seq=OUROMUOUOSSURU seg=122 u=#81(dev1 slot50270+1 txgSome(5)) l=#507(dev1 slot50270+2 txgSome(23)) x=#886(dev1 slot50271+1 txgSome(38)) y=#884(dev1 slot50270+1 txgSome(38))
  CHAIN seq=OUROMUOUOSSURU seg=122 u=#82(dev0 slot50271+1 txgSome(5)) l=#506(dev0 slot50270+2 txgSome(23)) x=#883(dev0 slot50270+1 txgSome(38)) y=#885(dev0 slot50271+1 txgSome(38))
Q3 k=2547 seq=OSOORUS applied=OSOORUS writes=407 segments=55 chain_candidates=0
Q3 k=2548 seq=RORSSUSMUM applied=-O-SSUSMUM writes=575 segments=82 chain_candidates=0
Q3 k=2549 seq=SMOSOU applied=SMOSOU writes=376 segments=52 chain_candidates=0
Q3 k=2550 seq=MMUMO applied=MMUMO writes=448 segments=66 chain_candidates=0
Q3 k=2551 seq=ORUOSU applied=O-UOSU writes=366 segments=53 chain_candidates=0
Q3 k=2552 seq=RRRUMSORS applied=---UMSORS writes=416 segments=59 chain_candidates=0
Q3 k=2553 seq=USOMMM applied=USOMMM writes=427 segments=63 chain_candidates=0
Q3 k=2554 seq=MUSM applied=MUSM writes=360 segments=53 chain_candidates=0
Q3 k=2555 seq=SUUMMSOO applied=SUUMMSOO writes=587 segments=82 chain_candidates=0
Q3 k=2556 seq=OMMSUMMOOS applied=OMMSUMMOOS writes=601 segments=82 chain_candidates=0
Q3 k=2557 seq=O applied=O writes=99 segments=16 chain_candidates=0
Q3 k=2558 seq=OSRM applied=OSRM writes=222 segments=33 chain_candidates=0
Q3 k=2559 seq=OORRROUSSM applied=OORRROUSSM writes=545 segments=76 chain_candidates=0
Q3 k=2560 seq=RUSURORUUUOOMR applied=-USURORUUUOOMR writes=1072 segments=153 chain_candidates=0
Q3 k=2561 seq=OM applied=OM writes=145 segments=23 chain_candidates=0
Q3 k=2562 seq=OUSMOMOMSU applied=OUSMOMOMSU writes=595 segments=83 chain_candidates=0
Q3 k=2563 seq=ORMROSRMOMS applied=O-M-OSRMOMS writes=417 segments=56 chain_candidates=0
Q3 k=2564 seq=SOSO applied=SOSO writes=186 segments=25 chain_candidates=0
Q3 k=2565 seq=SRRM applied=S--M writes=145 segments=23 chain_candidates=0
Q3 k=2566 seq=MOUSRROMOO applied=MOUSRROMOO writes=580 segments=79 chain_candidates=0
Q3 k=2567 seq=SOMOMRORUUO applied=SOMOMRORUUO writes=675 segments=96 chain_candidates=0
Q3 k=2568 seq=MSROMRUMSMOOR applied=MS-OMRUMSMOOR writes=689 segments=96 chain_candidates=0
Q3 k=2569 seq=SSSMSUMMR applied=SSSMSUMMR writes=575 segments=82 chain_candidates=0
Q3 k=2570 seq=MOOMSSSSU applied=MOOMSSSSU writes=475 segments=62 chain_candidates=0
Q3 k=2571 seq=MSRMSRUSOUMOMU applied=MS-MSRUSOUMOMU writes=867 segments=123 chain_candidates=0
Q3 k=2572 seq=OS applied=OS writes=128 segments=19 chain_candidates=0
Q3 k=2573 seq=SSSRORSUUSU applied=SSSRORSUUSU writes=735 segments=102 chain_candidates=0
Q3 k=2574 seq=OSRUMUUUMRR applied=OSRUMUUUMRR writes=971 segments=143 chain_candidates=0
Q3 k=2575 seq=RU applied=-U writes=202 segments=33 chain_candidates=0
Q3 k=2576 seq=R applied=- writes=70 segments=13 chain_candidates=0
Q3 k=2577 seq=RU applied=-U writes=202 segments=33 chain_candidates=0
Q3 k=2578 seq=RRMOUSUUUORM applied=--MOUSUUUORM writes=857 segments=123 chain_candidates=0
Q3 k=2579 seq=RMSUSROUMMSSSS applied=-MSUSROUMMSSSS writes=780 segments=105 chain_candidates=0
Q3 k=2580 seq=U applied=U writes=202 segments=33 chain_candidates=0
Q3 k=2581 seq=OURUSRMUMU applied=OURUSRMUMU writes=910 segments=133 chain_candidates=0
Q3 k=2582 seq=USMMRS applied=USMMRS writes=446 segments=66 chain_candidates=0
Q3 k=2583 seq=OSOU applied=OSOU writes=293 segments=42 chain_candidates=0
Q3 k=2584 seq=SRMOMSMOUO applied=S-MOMSMOUO writes=484 segments=66 chain_candidates=0
Q3 k=2585 seq=S applied=S writes=99 segments=16 chain_candidates=0
Q3 k=2586 seq=MSUSRRUMORRS applied=MSUSRRUMORRS writes=813 segments=116 chain_candidates=0
Q3 k=2587 seq=OSMSMRU applied=OSMSMRU writes=433 segments=63 chain_candidates=0
Q3 k=2588 seq=MU applied=MU writes=281 segments=43 chain_candidates=0
Q3 k=2589 seq=M applied=M writes=137 segments=23 chain_candidates=0
Q3 k=2590 seq=UOMOUO applied=UOMOUO writes=462 segments=66 chain_candidates=0
Q3 k=2591 seq=ORORMSOOUUO applied=O-ORMSOOUUO writes=622 segments=85 chain_candidates=0
Q3 k=2592 seq=RM applied=-M writes=137 segments=23 chain_candidates=0
Q3 k=2593 seq=MUMMRRUUMOORR applied=MUMMRRUUMOORR writes=1046 segments=153 chain_candidates=0
Q3 k=2594 seq=ROSUOR applied=-OSUOR writes=299 segments=43 chain_candidates=0
Q3 k=2595 seq=UOUOUUMOUM applied=UOUOUUMOUM writes=916 segments=133 chain_candidates=0
Q3 k=2596 seq=OOSURSS applied=OOSURSS writes=424 segments=58 chain_candidates=0
Q3 k=2597 seq=SUUUURRRS applied=SUUUURRRS writes=862 segments=126 chain_candidates=0
Q3 k=2598 seq=ORUSUMRSRUUS applied=O-USUMRSRUUS writes=872 segments=126 chain_candidates=0
Q3 k=2599 seq=US applied=US writes=231 segments=36 chain_candidates=0
Q3 k=2600 seq=U applied=U writes=202 segments=33 chain_candidates=0
Q3 k=2601 seq=URSMRRORMR applied=URSMRRORMR writes=697 segments=103 chain_candidates=0
Q3 k=2602 seq=R applied=- writes=70 segments=13 chain_candidates=0
Q3 k=2603 seq=SO applied=SO writes=128 segments=19 chain_candidates=0
Q3 k=2604 seq=SUSMMORSUUSUR applied=SUSMMORSUUSUR writes=930 segments=133 chain_candidates=0
Q3 k=2605 seq=UOR applied=UOR writes=279 segments=43 chain_candidates=0
Q3 k=2606 seq=ROMORUUUORUUSS applied=-OMORUUUORUUSS writes=1057 segments=149 chain_candidates=0
Q3 k=2607 seq=S applied=S writes=99 segments=16 chain_candidates=0
Q3 k=2608 seq=OMMMOUOUUUROSR applied=OMMMOUOUUUROSR writes=1038 segments=146 chain_candidates=0
Q3 k=2609 seq=US applied=US writes=231 segments=36 chain_candidates=0
Q3 k=2610 seq=SSSOM applied=SSSOM writes=236 segments=32 chain_candidates=0
Q3 k=2611 seq=OURRMOM applied=OURRMOM writes=498 segments=73 chain_candidates=0
Q3 k=2612 seq=RSOOUSOOSU applied=-SOOUSOOSU writes=540 segments=71 chain_candidates=0
Q3 k=2613 seq=OOMORUR applied=OOMORUR writes=431 segments=63 chain_candidates=0
Q3 k=2614 seq=SOMROMMURSU applied=SOMROMMURSU writes=721 segments=103 chain_candidates=0
Q3 k=2615 seq=UOUUMUUOS applied=UOUUMUUOS writes=891 segments=129 chain_candidates=0
Q3 k=2616 seq=SSRU applied=SSRU writes=287 segments=43 chain_candidates=0
Q3 k=2617 seq=RUUUUU applied=-UUUUU writes=762 segments=113 chain_candidates=0
Q3 k=2618 seq=SMUUUUMR applied=SMUUUUMR writes=837 segments=123 chain_candidates=0
Q3 k=2619 seq=RSMOUOMSUMSROM applied=-SMOUOMSUMSROM writes=751 segments=103 chain_candidates=0
Q3 k=2620 seq=OORMRUSS applied=OORMRUSS writes=489 segments=69 chain_candidates=0
Q3 k=2621 seq=UURSUUR applied=UURSUUR writes=764 segments=113 chain_candidates=0
Q3 k=2622 seq=SSUSRUUOSMUR applied=SSUSRUUOSMUR writes=863 segments=123 chain_candidates=0
Q3 k=2623 seq=UOSUMUUMUOS applied=UOSUMUUMUOS writes=966 segments=139 chain_candidates=0
Q3 k=2624 seq=RUMSMSOMSRSRUU applied=-UMSMSOMSRSRUU writes=885 segments=123 chain_candidates=0
Q3 k=2625 seq=UUS applied=UUS writes=379 segments=56 chain_candidates=0
Q3 k=2626 seq=OMURSMRRURR applied=OMURSMRRURR writes=825 segments=123 chain_candidates=0
Q3 k=2627 seq=MRMSUUMOSU applied=M-MSUUMOSU writes=719 segments=103 chain_candidates=0
Q3 k=2628 seq=UUMSSU applied=UUMSSU writes=573 segments=83 chain_candidates=0
Q3 k=2629 seq=OOUOOS applied=OOUOOS writes=321 segments=42 chain_candidates=0
Q3 k=2630 seq=SROUMMSRUUM applied=S-OUMMSRUUM writes=772 segments=113 chain_candidates=0
Q3 k=2631 seq=ROSMOOURSOSS applied=-OSMOOURSOSS writes=573 segments=74 chain_candidates=0
Q3 k=2632 seq=ROUUROO applied=-OUUROO writes=485 segments=69 chain_candidates=0
Q3 k=2633 seq=OUSRSOUUUMRSMS applied=OUSRSOUUUMRSMS writes=967 segments=136 chain_candidates=0
Q3 k=2634 seq=SRUSUSSMRR applied=S-USUSSMRR writes=575 segments=83 chain_candidates=0
Q3 k=2635 seq=RMOSURSSOM applied=-MOSURSSOM writes=528 segments=72 chain_candidates=0
Q3 k=2636 seq=OSMMUUORUUR applied=OSMMUUORUUR writes=922 segments=133 chain_candidates=0
Q3 k=2637 seq=S applied=S writes=99 segments=16 chain_candidates=0
Q3 k=2638 seq=UROOUUUUUOUR applied=UROOUUUUUOUR writes=1196 segments=173 chain_candidates=0
Q3 k=2639 seq=U applied=U writes=202 segments=33 chain_candidates=0
Q3 k=2640 seq=U applied=U writes=202 segments=33 chain_candidates=0
Q3 k=2641 seq=RMOM applied=-MOM writes=216 segments=33 chain_candidates=0
Q3 k=2642 seq=UOUOOROUOR applied=UOUOOROUOR writes=668 segments=93 chain_candidates=0
Q3 k=2643 seq=OM applied=OM writes=145 segments=23 chain_candidates=0
Q3 k=2644 seq=RMMSUMOMS applied=-MMSUMOMS writes=539 segments=76 chain_candidates=0
Q3 k=2645 seq=SROOOUMRMRM applied=S-OOOUMRMRM writes=632 segments=92 chain_candidates=0
Q3 k=2646 seq=OSRSORUSMSOS applied=OSRSORUSMSOS writes=617 segments=81 chain_candidates=0
Q3 k=2647 seq=RMSS applied=-MSS writes=199 segments=29 chain_candidates=0
Q3 k=2648 seq=RMUSMRU applied=-MUSMRU writes=561 segments=83 chain_candidates=0
Q3 k=2649 seq=MMSMMUMOOUMO applied=MMSMMUMOOUMO writes=821 segments=116 chain_candidates=0
Q3 k=2650 seq=MOOSMRRSMROR applied=MOOSMRRSMROR writes=662 segments=92 chain_candidates=0
Q3 k=2651 seq=MUSMRMOO applied=MUSMRMOO writes=558 segments=79 chain_candidates=0
Q3 k=2652 seq=MURUURMMM applied=MURUURMMM writes=892 segments=133 chain_candidates=0
Q3 k=2653 seq=UMOUMSSMO applied=UMOUMSSMO writes=637 segments=89 chain_candidates=0
Q3 k=2654 seq=USSS applied=USSS writes=297 segments=42 chain_candidates=0
Q3 k=2655 seq=MRMO applied=M-MO writes=241 segments=36 chain_candidates=0
Q3 k=2656 seq=MMUMSUROOM applied=MMUMSUROOM writes=740 segments=106 chain_candidates=0
Q3 k=2657 seq=ROS applied=-OS writes=128 segments=19 chain_candidates=0
Q3 k=2658 seq=UOSUUO applied=UOSUUO writes=527 segments=76 chain_candidates=0
Q3 k=2659 seq=R applied=- writes=70 segments=13 chain_candidates=0
Q3 k=2660 seq=RMMUOOOO applied=-MMUOOOO writes=476 segments=65 chain_candidates=0
Q3 k=2661 seq=RU applied=-U writes=202 segments=33 chain_candidates=0
Q3 k=2662 seq=RUSM applied=-USM writes=281 segments=43 chain_candidates=0
Q3 k=2663 seq=OSORRMMRRO applied=OSORRMMRRO writes=592 segments=85 chain_candidates=0
Q3 k=2664 seq=MMO applied=MMO writes=241 segments=36 chain_candidates=0
Q3 k=2665 seq=ORUORSSSOUOOM applied=O-UORSSSOUOOM writes=646 segments=85 chain_candidates=0
Q3 k=2666 seq=USRUOOSURSOMSU applied=USRUOOSURSOMSU writes=962 segments=132 chain_candidates=0
Q3 k=2667 seq=OSMMMSS applied=OSMMMSS writes=357 segments=49 chain_candidates=0
Q3 k=2668 seq=OOURSORUSROU applied=OOURSORUSROU writes=733 segments=103 chain_candidates=0
Q3 k=2669 seq=UMU applied=UMU writes=409 segments=63 chain_candidates=0
Q3 k=2670 seq=UOSUOOURMORSS applied=UOSUOOURMORSS writes=793 segments=109 chain_candidates=0
Q3 k=2671 seq=MUSUSRMMMS applied=MUSUSRMMMS writes=744 segments=106 chain_candidates=0
Q3 k=2672 seq=MRRU applied=M--U writes=281 segments=43 chain_candidates=0
Q3 k=2673 seq=RRSROOOURO applied=--S-OOOURO writes=399 segments=55 chain_candidates=0
Q3 k=2674 seq=OUM applied=OUM writes=281 segments=43 chain_candidates=0
Q3 k=2675 seq=URMRMRU applied=URMRMRU writes=679 segments=103 chain_candidates=0
Q3 k=2676 seq=MMURU applied=MMURU writes=553 segments=83 chain_candidates=0
Q3 k=2677 seq=MMM applied=MMM writes=275 segments=43 chain_candidates=0
Q3 k=2678 seq=O applied=O writes=99 segments=16 chain_candidates=0
Q3 k=2679 seq=OSOOROR applied=OSOOROR writes=311 segments=42 chain_candidates=0
Q3 k=2680 seq=ROURSRRU applied=-OURSRRU writes=561 segments=83 chain_candidates=0
Q3 k=2681 seq=SMSMSR applied=SMSMSR writes=301 segments=43 chain_candidates=0
Q3 k=2682 seq=RUROR applied=-UROR writes=352 segments=53 chain_candidates=0
Q3 k=2683 seq=UOMOMUM applied=UOMOMUM writes=563 segments=83 chain_candidates=0
Q3 k=2684 seq=UOORUUSMSS applied=UOORUUSMSS writes=704 segments=99 chain_candidates=0
Q3 k=2685 seq=OMMRSRUOMSU applied=OMM-SRUOMSU writes=656 segments=93 chain_candidates=0
Q3 k=2686 seq=MM applied=MM writes=208 segments=33 chain_candidates=0
Q3 k=2687 seq=OMOM applied=OMOM writes=224 segments=33 chain_candidates=0
Q3 k=2688 seq=UORROOSORM applied=UORROOSORM writes=591 segments=82 chain_candidates=0
Q3 k=2689 seq=ROOMOU applied=-OOMOU writes=301 segments=43 chain_candidates=0
Q3 k=2690 seq=UMOUMSMUS applied=UMOUMSMUS writes=736 segments=106 chain_candidates=0
Q3 k=2691 seq=SMUURRMOUR applied=SMUURRMOUR writes=843 segments=123 chain_candidates=0
Q3 k=2692 seq=UUUSSOSRMS applied=UUUSSOSRMS writes=762 segments=105 chain_candidates=0
Q3 k=2693 seq=SRSRMMM applied=S-SRMMM writes=356 segments=53 chain_candidates=0
Q3 k=2694 seq=UMS applied=UMS writes=306 segments=46 chain_candidates=0
Q3 k=2695 seq=MMRRROURRMURR applied=MM---OURRMURR writes=823 segments=123 chain_candidates=0
Q3 k=2696 seq=UOMRMUOOOSOR applied=UOMRMUOOOSOR writes=750 segments=105 chain_candidates=0
Q3 k=2697 seq=UMUS applied=UMUS writes=442 segments=66 chain_candidates=0
Q3 k=2698 seq=M applied=M writes=137 segments=23 chain_candidates=0
Q3 k=2699 seq=MSSUS applied=MSSUS writes=326 segments=46 chain_candidates=0
Q3 k=2700 seq=SOMO applied=SOMO writes=203 segments=29 chain_candidates=0
Q3 k=2701 seq=OMSMUURM applied=OMSMUURM writes=628 segments=93 chain_candidates=0
Q3 k=2702 seq=URUMMMURRMRO applied=URUMMMURRMRO writes=1055 segments=156 chain_candidates=0
Q3 k=2703 seq=OUSUROUOS applied=OUSUROUOS writes=641 segments=89 chain_candidates=0
Q3 k=2704 seq=OSMRORMUUSORS applied=OSMRORMUUSORS writes=781 segments=109 chain_candidates=0
Q3 k=2705 seq=RSOMMRMUOOSU applied=-SOMMRMUOOSU writes=727 segments=102 chain_candidates=0
Q3 k=2706 seq=ORMUMSSMMR applied=O-MUMSSMMR writes=575 segments=83 chain_candidates=0
Q3 k=2707 seq=O applied=O writes=99 segments=16 chain_candidates=0
Q3 k=2708 seq=ORUOSMSOOUOU applied=O-UOSMSOOUOU writes=680 segments=92 chain_candidates=0
Q3 k=2709 seq=OS applied=OS writes=128 segments=19 chain_candidates=0
Q3 k=2710 seq=OS applied=OS writes=128 segments=19 chain_candidates=0
Q3 k=2711 seq=OURROSOOS applied=OURROSOOS writes=513 segments=68 chain_candidates=0
Q3 k=2712 seq=RUSOO applied=-USOO writes=297 segments=42 chain_candidates=0
Q3 k=2713 seq=MOORRRUSSUS applied=MOORRRUSSUS writes=677 segments=96 chain_candidates=0
Q3 k=2714 seq=RSMSORMRURUUMR applied=-SMSORMRURUUMR writes=987 segments=143 chain_candidates=0
Q3 k=2715 seq=URMOMO applied=URMOMO writes=458 segments=66 chain_candidates=0
Q3 k=2716 seq=OROSRRMOMUMOS applied=O-OSRRMOMUMOS writes=710 segments=98 chain_candidates=0
Q3 k=2717 seq=RS applied=-S writes=99 segments=16 chain_candidates=0
Q3 k=2718 seq=ORUU applied=O-UU writes=354 segments=53 chain_candidates=0
Q3 k=2719 seq=SS applied=SS writes=128 segments=19 chain_candidates=0
Q3 k=2720 seq=SUURRRMRRRU applied=SUURRRMRRRU writes=947 segments=143 chain_candidates=0
Q3 k=2721 seq=RRUMRO applied=--UMRO writes=371 segments=56 chain_candidates=0
Q3 k=2722 seq=SURRRR applied=SURRRR writes=478 segments=73 chain_candidates=0
Q3 k=2723 seq=RMURUS applied=-MURUS writes=515 segments=76 chain_candidates=0
Q3 k=2724 seq=MMSRMRUSMOUUM applied=MMS-M-USMOUUM writes=857 segments=123 chain_candidates=0
Q3 k=2725 seq=OSR applied=OSR writes=172 segments=26 chain_candidates=0
Q3 k=2726 seq=MSM applied=MSM writes=216 segments=33 chain_candidates=0
Q3 k=2727 seq=RUSOMRUOOOO applied=-USOMRUOOOO writes=622 segments=85 chain_candidates=0
Q3 k=2728 seq=UROMOUOSROUMU applied=UROMOUOSROUMU writes=938 segments=133 chain_candidates=0
Q3 k=2729 seq=MMMU applied=MMMU writes=411 segments=63 chain_candidates=0
Q3 k=2730 seq=R applied=- writes=70 segments=13 chain_candidates=0
Q3 k=2731 seq=OUOURRO applied=OUOURRO writes=529 segments=76 chain_candidates=0
Q3 k=2732 seq=MUUSUMRRORMM applied=MUUSUMRRORMM writes=981 segments=143 chain_candidates=0
Q3 k=2733 seq=SRSOOMSOSU applied=S-SOOMSOSU writes=471 segments=61 chain_candidates=0
Q3 k=2734 seq=M applied=M writes=137 segments=23 chain_candidates=0
Q3 k=2735 seq=OMUSURMMMSRMM applied=OMUSURMMMSRMM writes=914 segments=133 chain_candidates=0
Q3 k=2736 seq=OR applied=O- writes=99 segments=16 chain_candidates=0
Q3 k=2737 seq=SURMUOUSO applied=SURMUOUSO writes=700 segments=99 chain_candidates=0
Q3 k=2738 seq=U applied=U writes=202 segments=33 chain_candidates=0
Q3 k=2739 seq=O applied=O writes=99 segments=16 chain_candidates=0
Q3 k=2740 seq=SUSURSMUSRROM applied=SUSURSMUSRROM writes=871 segments=123 chain_candidates=0
Q3 k=2741 seq=OSS applied=OSS writes=157 segments=22 chain_candidates=0
Q3 k=2742 seq=RUUSR applied=-UUSR writes=423 segments=63 chain_candidates=0
Q3 k=2743 seq=MOSUMSOU applied=MOSUMSOU writes=524 segments=73 chain_candidates=0
Q3 k=2744 seq=SMROMROSOSR applied=SM-OMROSOSR writes=465 segments=62 chain_candidates=0
Q3 k=2745 seq=RSORMRMOSUOUUM applied=-SORMRMOSUOUUM writes=869 segments=123 chain_candidates=0
Q3 k=2746 seq=U applied=U writes=202 segments=33 chain_candidates=0
Q3 k=2747 seq=M applied=M writes=137 segments=23 chain_candidates=0
Q3 k=2748 seq=OOMRSMSMORM applied=OOMRSMSMORM writes=524 segments=73 chain_candidates=0
Q3 k=2749 seq=OUSMOROSRSUR applied=OUSMOROSRSUR writes=668 segments=93 chain_candidates=0
Q3 k=2750 seq=RM applied=-M writes=137 segments=23 chain_candidates=0
Q3 k=2751 seq=MRRROMM applied=M---OMM writes=283 segments=43 chain_candidates=0
Q3 k=2752 seq=MOSOSRSUSURRRM applied=MOSOSRSUSURRRM writes=875 segments=122 chain_candidates=0
Q3 k=2753 seq=OUMOMSOM applied=OUMOMSOM writes=472 segments=66 chain_candidates=0
Q3 k=2754 seq=UMOR applied=UMOR writes=350 segments=53 chain_candidates=0
Q3 k=2755 seq=MSOMOMOS applied=MSOMOMOS writes=394 segments=52 chain_candidates=0
Q3 k=2756 seq=SM applied=SM writes=145 segments=23 chain_candidates=0
Q3 k=2757 seq=RMRUO applied=-M-UO writes=314 segments=46 chain_candidates=0
Q3 k=2758 seq=SMUMU applied=SMUMU writes=488 segments=73 chain_candidates=0
Q3 k=2759 seq=OU applied=OU writes=210 segments=33 chain_candidates=0
Q3 k=2760 seq=RMSOUOROUMSOR applied=-MSOUOROUMSOR writes=699 segments=96 chain_candidates=0
Q3 k=2761 seq=SSSMSRR applied=SSSMSRR writes=366 segments=52 chain_candidates=0
Q3 k=2762 seq=UOMMUURRO applied=UOMMUURRO writes=783 segments=116 chain_candidates=0
Q3 k=2763 seq=RUS applied=-US writes=231 segments=36 chain_candidates=0
Q3 k=2764 seq=U applied=U writes=202 segments=33 chain_candidates=0
Q3 k=2765 seq=UURUMSOSSUMOUM applied=UURUMSOSSUMOUM writes=1155 segments=162 chain_candidates=0
Q3 k=2766 seq=RSMUOO applied=-SMUOO writes=351 segments=49 chain_candidates=0
Q3 k=2767 seq=OUSMMSSRRUUM applied=OUSMMSSRRUUM writes=849 segments=123 chain_candidates=0
Q3 k=2768 seq=SOR applied=SOR writes=172 segments=26 chain_candidates=0
Q3 k=2769 seq=MO applied=MO writes=166 segments=26 chain_candidates=0
Q3 k=2770 seq=SUOSMSRSRSM applied=SUOSMSRSRSM writes=559 segments=76 chain_candidates=0
Q3 k=2771 seq=UR applied=UR writes=275 segments=43 chain_candidates=0
Q3 k=2772 seq=OUURUORMOR applied=OUURUORMOR writes=784 segments=113 chain_candidates=0
Q3 k=2773 seq=OMS applied=OMS writes=174 segments=26 chain_candidates=0
Q3 k=2774 seq=MRMMS applied=M-MMS writes=308 segments=46 chain_candidates=0
Q3 k=2775 seq=RUUOS applied=-UUOS writes=412 segments=59 chain_candidates=0
Q3 k=2776 seq=MRMRSMUOOR applied=M-M-SMUOOR writes=529 segments=76 chain_candidates=0
Q3 k=2777 seq=OOUU applied=OOUU writes=358 segments=53 chain_candidates=0
Q3 k=2778 seq=URRO applied=URRO writes=373 segments=56 chain_candidates=0
Q3 k=2779 seq=O applied=O writes=99 segments=16 chain_candidates=0
Q3 k=2780 seq=RUURRRUM applied=-UURRRUM writes=748 segments=113 chain_candidates=0
Q3 k=2781 seq=MMSRURUSRMSRS applied=MMS-URUSRMSRS writes=811 segments=116 chain_candidates=0
Q3 k=2782 seq=OSMO applied=OSMO writes=203 segments=29 chain_candidates=0
Q3 k=2783 seq=SOOUMSOOM applied=SOOUMSOOM writes=526 segments=71 chain_candidates=0
Q3 k=2784 seq=SUURROM applied=SUURROM writes=563 segments=83 chain_candidates=0
Q3 k=2785 seq=OMMSR applied=OMMSR writes=293 segments=43 chain_candidates=0
Q3 k=2786 seq=UM applied=UM writes=273 segments=43 chain_candidates=0
Q3 k=2787 seq=OOUOSUR applied=OOUOSUR writes=447 segments=63 chain_candidates=0
Q3 k=2788 seq=MRMUSSOMOM applied=M-MUSSOMOM writes=593 segments=82 chain_candidates=0
Q3 k=2789 seq=RUR applied=-UR writes=275 segments=43 chain_candidates=0
Q3 k=2790 seq=SSUOUOUSRO applied=SSUOUOUSRO writes=624 segments=86 chain_candidates=0
Q3 k=2791 seq=ROSRUUOMMUMOOR applied=-OSRUUOMMUMOOR writes=890 segments=126 chain_candidates=0
Q3 k=2792 seq=ROOSMMSRUO applied=-OOSMMSRUO writes=541 segments=75 chain_candidates=0
Q3 k=2793 seq=OSOURMOMR applied=OSOURMOMR writes=569 segments=82 chain_candidates=0
Q3 k=2794 seq=MMUUUMMUMMROOO applied=MMUUUMMUMMROOO writes=1200 segments=172 chain_candidates=0
Q3 k=2795 seq=ORRMMMROSSSS applied=O--MMM-OSSSS writes=448 segments=58 chain_candidates=0
Q3 k=2796 seq=URUO applied=URUO writes=444 segments=66 chain_candidates=0
Q3 k=2797 seq=SUOOORRUUMMM applied=SUOOORRUUMMM writes=908 segments=132 chain_candidates=0
Q3 k=2798 seq=OMROSR applied=OM-OSR writes=255 segments=36 chain_candidates=0
Q3 k=2799 seq=OU applied=OU writes=210 segments=33 chain_candidates=0
Q3 k=2800 seq=OOSOURUSMOMUMS applied=OOSOURUSMOMUMS writes=892 segments=125 chain_candidates=0
Q3 k=2801 seq=UUM applied=UUM writes=413 segments=63 chain_candidates=0
Q3 k=2802 seq=ROUMRMOUUSSS applied=-OUMRMOUUSSS writes=792 segments=112 chain_candidates=0
Q3 k=2803 seq=RM applied=-M writes=137 segments=23 chain_candidates=0
Q3 k=2804 seq=SUO applied=SUO writes=239 segments=36 chain_candidates=0
Q3 k=2805 seq=OUSUOSOO applied=OUSUOSOO writes=482 segments=65 chain_candidates=0
Q3 k=2806 seq=SORUMSSRSRRR applied=SORUMSSRSRRR writes=650 segments=93 chain_candidates=0
Q3 k=2807 seq=UOUMOOMSOSRO applied=UOUMOOMSOSRO writes=709 segments=95 chain_candidates=0
Q3 k=2808 seq=USMSUOROMSM applied=USMSUOROMSM writes=664 segments=93 chain_candidates=0
Q3 k=2809 seq=UURMMUS applied=UURMMUS writes=714 segments=106 chain_candidates=0
Q3 k=2810 seq=O applied=O writes=99 segments=16 chain_candidates=0
Q3 k=2811 seq=R applied=- writes=70 segments=13 chain_candidates=0
Q3 k=2812 seq=OSUSS applied=OSUSS writes=288 segments=39 chain_candidates=0
Q3 k=2813 seq=UMMOR applied=UMMOR writes=417 segments=63 chain_candidates=0
Q3 k=2814 seq=MRURUMMRMO applied=M-URUMMRMO writes=785 segments=116 chain_candidates=0
Q3 k=2815 seq=URMRSUMORRMM applied=URMRSUMORRMM writes=910 segments=133 chain_candidates=0
Q3 k=2816 seq=RMUMSU applied=-MUMSU writes=496 segments=73 chain_candidates=0
Q3 k=2817 seq=MRSOUUOS applied=M-SOUUOS writes=495 segments=69 chain_candidates=0
Q3 k=2818 seq=MUMRUMMRUR applied=MUMRUMMRUR writes=961 segments=143 chain_candidates=0
Q3 k=2819 seq=MOMSOSRSSOOS applied=MOMSOSRSSOOS writes=541 segments=67 chain_candidates=0
Q3 k=2820 seq=UOOSSMUS applied=UOOSSMUS writes=549 segments=75 chain_candidates=0
Q3 k=2821 seq=OOMRUORSORM applied=OOMRUORSORM writes=595 segments=83 chain_candidates=0
Q3 k=2822 seq=SSUUOMRSS applied=SSUUOMRSS writes=572 segments=79 chain_candidates=0
Q3 k=2823 seq=MMURUOOO applied=MMURUOOO writes=652 segments=92 chain_candidates=0
Q3 k=2824 seq=RSUU applied=-SUU writes=354 segments=53 chain_candidates=0
Q3 k=2825 seq=UUOSMUSR applied=UUOSMUSR writes=650 segments=93 chain_candidates=0
Q3 k=2826 seq=MMOSM applied=MMOSM writes=320 segments=46 chain_candidates=0
Q3 k=2827 seq=RMRSORMRU applied=-M-SORMRU writes=494 segments=73 chain_candidates=0
Q3 k=2828 seq=MOUMMUU applied=MOUMMUU writes=695 segments=103 chain_candidates=0
Q3 k=2829 seq=MMOURMOMSSURR applied=MMOURMOMSSURR writes=861 segments=123 chain_candidates=0
Q3 k=2830 seq=RRUO applied=--UO writes=231 segments=36 chain_candidates=0
Q3 k=2831 seq=UOMRMM applied=UOMRMM writes=480 segments=73 chain_candidates=0
Q3 k=2832 seq=RUMMOUORU applied=-UMMOUORU writes=701 segments=103 chain_candidates=0
Q3 k=2833 seq=UUOMOMUUSUSS applied=UUOMOMUUSUSS writes=982 segments=139 chain_candidates=0
Q3 k=2834 seq=SRMMSUMO applied=S-MMSUMO writes=464 segments=66 chain_candidates=0
Q3 k=2835 seq=UORM applied=UORM writes=350 segments=53 chain_candidates=0
Q3 k=2836 seq=SOOMUSS applied=SOOMUSS writes=434 segments=58 chain_candidates=0
Q3 k=2837 seq=MMMUUOUSU applied=MMMUUOUSU writes=847 segments=123 chain_candidates=0
Q3 k=2838 seq=MSUUSRMSRUO applied=MSUUSRMSRUO writes=811 segments=116 chain_candidates=0
Q3 k=2839 seq=RSO applied=-SO writes=128 segments=19 chain_candidates=0
Q3 k=2840 seq=USRMRMMURU applied=USRMRMMURU writes=894 segments=133 chain_candidates=0
Q3 k=2841 seq=SR applied=S- writes=99 segments=16 chain_candidates=0
Q3 k=2842 seq=MSSUSURMRUR applied=MSSUSURMRUR writes=855 segments=123 chain_candidates=0
Q3 k=2843 seq=MRMMR applied=M-MM- writes=275 segments=43 chain_candidates=0
Q3 k=2844 seq=URSOMUSUUR applied=URSOMUSUUR writes=859 segments=123 chain_candidates=0
Q3 k=2845 seq=OUMSMMSSM applied=OUMSMMSSM writes=539 segments=76 chain_candidates=0
Q3 k=2846 seq=UORSORMRR applied=UORSORMRR writes=569 segments=83 chain_candidates=0
Q3 k=2847 seq=URMOUO applied=URMOUO writes=527 segments=76 chain_candidates=0
Q3 k=2848 seq=UURU applied=UURU writes=547 segments=83 chain_candidates=0
Q3 k=2849 seq=UMOURR applied=UMOURR writes=551 segments=83 chain_candidates=0
Q3 k=2850 seq=MRMUMSOSRRM applied=M-MUMSOSRRM writes=711 segments=102 chain_candidates=0
Q3 k=2851 seq=USUSUORRROMSMR applied=USUSUORRROMSMR writes=924 segments=133 chain_candidates=0
Q3 k=2852 seq=RUMOOUMSOSM applied=-UMOOUMSOSM writes=670 segments=92 chain_candidates=0
Q3 k=2853 seq=OU applied=OU writes=210 segments=33 chain_candidates=0
Q3 k=2854 seq=MUSU applied=MUSU writes=429 segments=63 chain_candidates=0
Q3 k=2855 seq=SROUMORSR applied=S-OUMORSR writes=443 segments=63 chain_candidates=0
Q3 k=2856 seq=UROMR applied=UROMR writes=423 segments=63 chain_candidates=0
Q3 k=2857 seq=RRUUSSMRUMOM applied=--UUSSMRUMOM writes=788 segments=113 chain_candidates=0
Q3 k=2858 seq=MSUSUMUUS applied=MSUSUMUUS writes=809 segments=116 chain_candidates=0
Q3 k=2859 seq=MMMRUOM applied=MMM-UOM writes=494 segments=73 chain_candidates=0
Q3 k=2860 seq=RRUOOSU applied=--UOOSU writes=433 segments=62 chain_candidates=0
Q3 k=2861 seq=SUOMUM applied=SUOMUM writes=496 segments=73 chain_candidates=0
Q3 k=2862 seq=MMROSURMMSUM applied=MM-OSURMMSUM writes=786 segments=113 chain_candidates=0
Q3 k=2863 seq=UUOROMRSOUOOUR applied=UUOROMRSOUOOUR writes=948 segments=133 chain_candidates=0
Q3 k=2864 seq=OSMOUR applied=OSMOUR writes=366 segments=53 chain_candidates=0
Q3 k=2865 seq=ORRSMSU applied=O--SMSU writes=301 segments=43 chain_candidates=0
Q3 k=2866 seq=UUOORUUOOOMSOO applied=UUOORUUOOOMSOO writes=972 segments=131 chain_candidates=0
Q3 k=2867 seq=ROU applied=-OU writes=210 segments=33 chain_candidates=0
Q3 k=2868 seq=SSOOOOSOUU applied=SSOOOOSOUU writes=540 segments=71 chain_candidates=0
Q3 k=2869 seq=RO applied=-O writes=99 segments=16 chain_candidates=0
Q3 k=2870 seq=MRRSSOUSSMS applied=M--SSOUSSMS writes=513 segments=68 chain_candidates=0
Q3 k=2871 seq=R applied=- writes=70 segments=13 chain_candidates=0
Q3 k=2872 seq=S applied=S writes=99 segments=16 chain_candidates=0
Q3 k=2873 seq=M applied=M writes=137 segments=23 chain_candidates=0
Q3 k=2874 seq=UOSOSSUUS applied=UOSOSSUUS writes=622 segments=85 chain_candidates=0
Q3 k=2875 seq=SSO applied=SSO writes=157 segments=22 chain_candidates=0
Q3 k=2876 seq=UMSO applied=UMSO writes=339 segments=49 chain_candidates=0
Q3 k=2877 seq=ROUOMS applied=-OUOMS writes=322 segments=46 chain_candidates=0
Q3 k=2878 seq=OUU applied=OUU writes=354 segments=53 chain_candidates=0
Q3 k=2879 seq=ORMO applied=O-MO writes=174 segments=26 chain_candidates=0
Q3 k=2880 seq=MUOOOS applied=MUOOOS writes=413 segments=55 chain_candidates=0
Q3 k=2881 seq=O applied=O writes=99 segments=16 chain_candidates=0
Q3 k=2882 seq=UMOMRU applied=UMOMRU writes=553 segments=83 chain_candidates=0
Q3 k=2883 seq=UO applied=UO writes=231 segments=36 chain_candidates=0
Q3 k=2884 seq=USSSMURSMUUO applied=USSSMURSMUUO writes=965 segments=135 chain_candidates=0
Q3 k=2885 seq=MMSMOUOMMURS applied=MMSMOUOMMURS writes=827 segments=116 chain_candidates=0
Q3 k=2886 seq=MOSRSORR applied=MOSRSORR writes=447 segments=62 chain_candidates=0
Q3 k=2887 seq=MSROMM applied=MS-OMM writes=295 segments=43 chain_candidates=0
Q3 k=2888 seq=UO applied=UO writes=231 segments=36 chain_candidates=0
Q3 k=2889 seq=SRURMURRRSMMRR applied=S-URMURRRSMMRR writes=973 segments=143 chain_candidates=0
Q3 k=2890 seq=UUMMOUM applied=UUMMOUM writes=695 segments=103 chain_candidates=0
Q3 k=2891 seq=SUMR applied=SUMR writes=346 segments=53 chain_candidates=0
Q3 k=2892 seq=S applied=S writes=99 segments=16 chain_candidates=0
Q3 k=2893 seq=MUMRSOROUURUOO applied=MUMRSOROUURUOO writes=1053 segments=149 chain_candidates=0
Q3 k=2894 seq=SRSMUMSUSR applied=S-SMUMSUSR writes=581 segments=83 chain_candidates=0
Q3 k=2895 seq=US applied=US writes=231 segments=36 chain_candidates=0
Q3 k=2896 seq=SMSORU applied=SMSORU writes=370 segments=53 chain_candidates=0
Q3 k=2897 seq=RSMMSO applied=-SMMSO writes=282 segments=39 chain_candidates=0
Q3 k=2898 seq=MROMUSSUMRM applied=M-OMUSSUMRM writes=711 segments=103 chain_candidates=0
Q3 k=2899 seq=OURSSSRRSSRRUM applied=OURSSSRRSSRRUM writes=877 segments=122 chain_candidates=0
Q3 k=2900 seq=OURRROUOORSRO applied=OURRROUOORSRO writes=781 segments=109 chain_candidates=0
Q3 k=2901 seq=OMOSSOO applied=OMOSSOO writes=306 segments=38 chain_candidates=0
Q3 k=2902 seq=SOMRRRUUURS applied=SOMRRRUUURS writes=870 segments=126 chain_candidates=0
Q3 k=2903 seq=UURUSUSRMSO applied=UURUSUSRMSO writes=909 segments=129 chain_candidates=0
Q3 k=2904 seq=U applied=U writes=202 segments=33 chain_candidates=0
Q3 k=2905 seq=OR applied=O- writes=99 segments=16 chain_candidates=0
Q3 k=2906 seq=RSORROUMMMSUUO applied=-SORROUMMMSUUO writes=882 segments=126 chain_candidates=0
Q3 k=2907 seq=RRMSUMSURSR applied=--MSUMSURSR writes=646 segments=93 chain_candidates=0
Q3 k=2908 seq=MRUMR applied=M-UMR writes=413 segments=63 chain_candidates=0
Q3 k=2909 seq=OMROSORUR applied=OM-OSORUR writes=506 segments=72 chain_candidates=0
Q3 k=2910 seq=URUOMOOSO applied=URUOMOOSO writes=622 segments=85 chain_candidates=0
Q3 k=2911 seq=RMRRUSUOURMRRM applied=-M--USUOURMRRM writes=914 segments=133 chain_candidates=0
Q3 k=2912 seq=SUROMRROUU applied=SUROMRROUU writes=776 segments=113 chain_candidates=0
Q3 k=2913 seq=MSS applied=MSS writes=199 segments=29 chain_candidates=0
Q3 k=2914 seq=OSSROSMR applied=OSSROSMR writes=378 segments=52 chain_candidates=0
Q3 k=2915 seq=SM applied=SM writes=145 segments=23 chain_candidates=0
Q3 k=2916 seq=SSOUSM applied=SSOUSM writes=372 segments=52 chain_candidates=0
Q3 k=2917 seq=OUMRMMMS applied=OUMRMMMS writes=580 segments=86 chain_candidates=0
Q3 k=2918 seq=OSSR applied=OSSR writes=222 segments=32 chain_candidates=0
Q3 k=2919 seq=UUMOSUMSOS applied=UUMOSUMSOS writes=739 segments=102 chain_candidates=0
Q3 k=2920 seq=SOOMOURMRRUMM applied=SOOMOURMRRUMM writes=912 segments=132 chain_candidates=0
Q3 k=2921 seq=UO applied=UO writes=231 segments=36 chain_candidates=0
Q3 k=2922 seq=OSMMORSMSOUS applied=OSMMORSMSOUS writes=573 segments=76 chain_candidates=0
Q3 k=2923 seq=SMOUO applied=SMOUO writes=322 segments=46 chain_candidates=0
Q3 k=2924 seq=RSRRRMSRSU applied=-S---MSRSU writes=370 segments=53 chain_candidates=0
Q3 k=2925 seq=RSSRRO applied=-SSRRO writes=245 segments=36 chain_candidates=0
Q3 k=2926 seq=MOM applied=MOM writes=216 segments=33 chain_candidates=0
Q3 k=2927 seq=SOS applied=SOS writes=157 segments=22 chain_candidates=0
Q3 k=2928 seq=RSRUR applied=-S-UR writes=283 segments=43 chain_candidates=0
Q3 k=2929 seq=USURMOSSM applied=USURMOSSM writes=652 segments=92 chain_candidates=0
Q3 k=2930 seq=USOOMO applied=USOOMO writes=401 segments=55 chain_candidates=0
Q3 k=2931 seq=MM applied=MM writes=208 segments=33 chain_candidates=0
Q3 k=2932 seq=RMMSROOUMO applied=-MMS-OOUMO writes=543 segments=75 chain_candidates=0
Q3 k=2933 seq=SUURMSUURM applied=SUURMSUURM writes=910 segments=133 chain_candidates=0
Q3 k=2934 seq=RMSU applied=-MSU writes=285 segments=43 chain_candidates=0
Q3 k=2935 seq=RUS applied=-US writes=231 segments=36 chain_candidates=0
Q3 k=2936 seq=SUSUMMOMMMUUO applied=SUSUMMOMMMUUO writes=1010 segments=146 chain_candidates=0
Q3 k=2937 seq=USM applied=USM writes=281 segments=43 chain_candidates=0
Q3 k=2938 seq=RRURSMOMM applied=--URSMOMM writes=504 segments=73 chain_candidates=0
Q3 k=2939 seq=SRSORURMOUS applied=S-SORURMOUS writes=675 segments=95 chain_candidates=0
Q3 k=2940 seq=OSUMSMUOOORRM applied=OSUMSMUOOORRM writes=804 segments=112 chain_candidates=0
Q3 k=2941 seq=UOORMMMR applied=UOORMMMR writes=557 segments=83 chain_candidates=0
Q3 k=2942 seq=UUURRRROROURR applied=UUURRRROROURR writes=1113 segments=163 chain_candidates=0
Q3 k=2943 seq=R applied=- writes=70 segments=13 chain_candidates=0
Q3 k=2944 seq=OUMOURSURUM applied=OUMOURSURUM writes=914 segments=133 chain_candidates=0
Q3 k=2945 seq=SMOMRURSUSRSR applied=SMOMRURSUSRSR writes=800 segments=113 chain_candidates=0
Q3 k=2946 seq=RMRSRMUSOUU applied=-M-S-MUSOUU writes=648 segments=93 chain_candidates=0
Q3 k=2947 seq=M applied=M writes=137 segments=23 chain_candidates=0
Q3 k=2948 seq=MMUSOMU applied=MMUSOMU writes=575 segments=83 chain_candidates=0
Q3 k=2949 seq=RMMMSMSOUR applied=-MMMSMSOUR writes=579 segments=83 chain_candidates=0
Q3 k=2950 seq=UMURUSURM applied=UMURUSURM writes=898 segments=133 chain_candidates=0
Q3 k=2951 seq=OUOURO applied=OUOURO writes=456 segments=66 chain_candidates=0
Q3 k=2952 seq=MRUSMUM applied=M-USMUM writes=563 segments=83 chain_candidates=0
Q3 k=2953 seq=SSU applied=SSU writes=222 segments=33 chain_candidates=0
Q3 k=2954 seq=SSRUMROMMUOO applied=SSRUMROMMUOO writes=763 segments=109 chain_candidates=0
Q3 k=2955 seq=USOUSMMOMSSU applied=USOUSMMOMSSU writes=747 segments=103 chain_candidates=0
Q3 k=2956 seq=RS applied=-S writes=99 segments=16 chain_candidates=0
Q3 k=2957 seq=MRRMUMRUUMR applied=M--MUMRUUMR writes=892 segments=133 chain_candidates=0
Q3 k=2958 seq=UUUSMOMMRUR applied=UUUSMOMMRUR writes=977 segments=143 chain_candidates=0
Q3 k=2959 seq=SUUOOOSMSUOU applied=SUUOOOSMSUOU writes=824 segments=112 chain_candidates=0
Q3 k=2960 seq=MOMSMRRUS applied=MOMSMRRUS writes=594 segments=86 chain_candidates=0
Q3 k=2961 seq=RRRRMMOOMSS applied=----MMOOMSS writes=386 segments=52 chain_candidates=0
Q3 k=2962 seq=URS applied=URS writes=308 segments=46 chain_candidates=0
Q3 k=2963 seq=MSOSRROM applied=MSOSRROM writes=445 segments=62 chain_candidates=0
Q3 k=2964 seq=SM applied=SM writes=145 segments=23 chain_candidates=0
Q3 k=2965 seq=MMS applied=MMS writes=241 segments=36 chain_candidates=0
Q3 k=2966 seq=OMUUSSOUR applied=OMUUSSOUR writes=721 segments=102 chain_candidates=0
Q3 k=2967 seq=MOUOUOSRM applied=MOUOUOSRM writes=581 segments=83 chain_candidates=0
Q3 k=2968 seq=URRMO applied=URRMO writes=444 segments=66 chain_candidates=0
Q3 k=2969 seq=OUSSSRUSMR applied=OUSSSRUSMR writes=654 segments=92 chain_candidates=0
Q3 k=2970 seq=UUMSMUORRMOSU applied=UUMSMUORRMOSU writes=1001 segments=143 chain_candidates=0
Q3 k=2971 seq=MSS applied=MSS writes=199 segments=29 chain_candidates=0
Q3 k=2972 seq=RMOMRROSMMRRU applied=-MOM--OSMMRRU writes=640 segments=93 chain_candidates=0
Q3 k=2973 seq=OOSSMRSO applied=OOSSMRSO writes=367 segments=48 chain_candidates=0
Q3 k=2974 seq=SSSMRO applied=SSSMRO writes=330 segments=45 chain_candidates=0
Q3 k=2975 seq=RUURURMOOUM applied=-UURURMOOUM writes=918 segments=133 chain_candidates=0
Q3 k=2976 seq=USUSSMSMSMU applied=USUSSMSMSMU writes=731 segments=103 chain_candidates=0
Q3 k=2977 seq=MSOMUOMSRM applied=MSOMUOMSRM writes=591 segments=83 chain_candidates=0
Q3 k=2978 seq=RRO applied=--O writes=99 segments=16 chain_candidates=0
Q3 k=2979 seq=RUUR applied=-UUR writes=411 segments=63 chain_candidates=0
Q3 k=2980 seq=UMUSSRUSRUSSSO applied=UMUSSRUSRUSSSO writes=987 segments=135 chain_candidates=0
Q3 k=2981 seq=OMUSOS applied=OMUSOS writes=384 segments=52 chain_candidates=0
Q3 k=2982 seq=RSRROUOOSOUOR applied=-S--OUOOSOUOR writes=546 segments=72 chain_candidates=0
Q3 k=2983 seq=OMMUSSRUOSMS applied=OMMUSSRUOSMS writes=722 segments=99 chain_candidates=0
Q3 k=2984 seq=MUSORMMURMSOM applied=MUSORMMURMSOM writes=888 segments=126 chain_candidates=0
Q3 k=2985 seq=OSUUOSSORSMUM applied=OSUUOSSORSMUM writes=820 segments=112 chain_candidates=0
Q3 k=2986 seq=MMURMROSRR applied=MMURMROSRR writes=707 segments=103 chain_candidates=0
Q3 k=2987 seq=OMSOOUUR applied=OMSOOUUR writes=577 segments=82 chain_candidates=0
Q3 k=2988 seq=O applied=O writes=99 segments=16 chain_candidates=0
Q3 k=2989 seq=ORSMR applied=O-SMR writes=218 segments=33 chain_candidates=0
Q3 k=2990 seq=RS applied=-S writes=99 segments=16 chain_candidates=0
Q3 k=2991 seq=MUSUSSMSOOMURR applied=MUSUSSMSOOMURR writes=956 segments=132 chain_candidates=0
Q3 k=2992 seq=MSMUORRMRSSOO applied=MSMUORRMRSSOO writes=766 segments=105 chain_candidates=0
Q3 k=2993 seq=MSUUMSOSOURM applied=MSUUMSOSOURM writes=867 segments=122 chain_candidates=0
Q3 k=2994 seq=MSORMOUSOSSURM applied=MSORMOUSOSSURM writes=808 segments=112 chain_candidates=0
Q3 k=2995 seq=USUMSRMURMRSOU applied=USUMSRMURMRSOU writes=1066 segments=153 chain_candidates=0
Q3 k=2996 seq=MMMR applied=MMM- writes=275 segments=43 chain_candidates=0
Q3 k=2997 seq=UMSMSM applied=UMSMSM writes=431 segments=63 chain_candidates=0
Q3 k=2998 seq=ROMORSSUUSSSUR applied=-OMORSSUUSSSUR writes=818 segments=112 chain_candidates=0
Q3 k=2999 seq=MMUORROSR applied=MMUORROSR writes=600 segments=86 chain_candidates=0
Q3_TOTAL histories=3000 with_candidates=21 elapsed_seconds=339.2
test q3_static_exemption_chains_over_sampled_histories ... ok

test result: ok. 1 passed; 0 failed; 0 ignored; 0 measured; 10 filtered out; finished in 339.22s

exit=0
