    Blocking waiting for file lock on package cache
    Blocking waiting for file lock on package cache
    Blocking waiting for file lock on package cache
    Blocking waiting for file lock on build directory
warning: field `seed` is never read
   --> crates/opus-r3-proto/tests/opus_r3_x5_resample_single_fault_then_power_loss.rs:155:5
    |
154 | struct Base {
    |        ---- field in this struct
155 |     seed: u64,
    |     ^^^^
    |
    = note: `#[warn(dead_code)]` (part of `#[warn(unused)]`) on by default

warning: `opus-r3-proto` (test "opus_r3_x5_resample_single_fault_then_power_loss") generated 1 warning
    Finished `release` profile [optimized + debuginfo] target(s) in 0.00s
     Running tests/opus_r3_x5_resample_single_fault_then_power_loss.rs (target/release/deps/opus_r3_x5_resample_single_fault_then_power_loss-dd99504318add1c6)

running 1 test
BASE seed=1 steps=["crash_remount:Ok(())", "rollback_to_1_3:Ok", "overwrite:Ok(())"] current=(2,7) floor=0 rollback_target=Some((2, 4)) seconds=0.01
SWEEP seed=1 entry=rollback clean outcome=Ok reads=257 writes=17 barriers=6
SWEEP seed=1 entry=rollback fault=Some((Write, 1)) fired=Some((Write, 1, 0, 25673728)) outcome=Err Publish(PublishSequenceFailed { cause: BlockDevice(InputOutput(Custom { kind: Other, error: "注入的写错" })), writes_before_the_first_publish: WritesByStructureKind { counted: {} }, writes_of_persisted writes_before=0 writes_after=0 frozen=true resend=Ok checker=0 first=None read=FileRead root=Some((InstanceGeneration(2), CheckpointTxg(8))) content_ok=true remount=Ok checker_after_remount=0 first_after=None enum=no_writes
LAYER0_PARALLEL_START states=2 slices=1 states_per_slice=2 worker_threads=1 configured_worker_threads=3 worker_threads_source=environment_variable resumed_slices=0 freshly_run_slices=1
LAYER0_PROGRESS slice=1/1 states=[0,2) segments=0..=all_persisted finished_slices=1/1 finished_states=2/2 resumed_slices=0 elapsed_seconds=0.0
LAYER0_FINDINGS signatures=0 red_states=0 states=2
LAYER0_PARALLEL_FINISHED states=2 slices=1 worker_threads=1 configured_worker_threads=3 worker_threads_source=environment_variable resumed_slices=0 freshly_run_slices=1 progress_file_after_completion=none elapsed_seconds=0.0
SWEEP seed=1 entry=rollback fault=Some((Write, 2)) fired=Some((Write, 2, 1, 25673728)) outcome=Err Publish(PublishSequenceFailed { cause: BlockDevice(InputOutput(Custom { kind: Other, error: "注入的写错" })), writes_before_the_first_publish: WritesByStructureKind { counted: {} }, writes_of_persisted writes_before=1 writes_after=0 frozen=true resend=Ok checker=0 first=None read=FileRead root=Some((InstanceGeneration(2), CheckpointTxg(8))) content_ok=true remount=Ok checker_after_remount=0 first_after=None enum=states=2 seconds=0.0 closed=2 exact=2 oracle=0 ignored=0 root_without_record=0 missing_unit=0 checker_red_states=0 first=None first_checker=None
LAYER0_PARALLEL_START states=4 slices=1 states_per_slice=4 worker_threads=1 configured_worker_threads=3 worker_threads_source=environment_variable resumed_slices=0 freshly_run_slices=1
LAYER0_PROGRESS slice=1/1 states=[0,4) segments=0..=all_persisted finished_slices=1/1 finished_states=4/4 resumed_slices=0 elapsed_seconds=0.1
LAYER0_FINDINGS signatures=0 red_states=0 states=4
LAYER0_PARALLEL_FINISHED states=4 slices=1 worker_threads=1 configured_worker_threads=3 worker_threads_source=environment_variable resumed_slices=0 freshly_run_slices=1 progress_file_after_completion=none elapsed_seconds=0.1
SWEEP seed=1 entry=rollback fault=Some((Write, 3)) fired=Some((Write, 3, 0, 25690112)) outcome=Err Publish(PublishSequenceFailed { cause: BlockDevice(InputOutput(Custom { kind: Other, error: "注入的写错" })), writes_before_the_first_publish: WritesByStructureKind { counted: {} }, writes_of_persisted writes_before=2 writes_after=0 frozen=true resend=Ok checker=0 first=None read=FileRead root=Some((InstanceGeneration(2), CheckpointTxg(8))) content_ok=true remount=Ok checker_after_remount=0 first_after=None enum=states=4 seconds=0.1 closed=4 exact=4 oracle=0 ignored=0 root_without_record=0 missing_unit=0 checker_red_states=0 first=None first_checker=None
LAYER0_PARALLEL_START states=8 slices=1 states_per_slice=8 worker_threads=1 configured_worker_threads=3 worker_threads_source=environment_variable resumed_slices=0 freshly_run_slices=1
LAYER0_PROGRESS slice=1/1 states=[0,8) segments=0..=all_persisted finished_slices=1/1 finished_states=8/8 resumed_slices=0 elapsed_seconds=0.1
LAYER0_FINDINGS signatures=0 red_states=0 states=8
LAYER0_PARALLEL_FINISHED states=8 slices=1 worker_threads=1 configured_worker_threads=3 worker_threads_source=environment_variable resumed_slices=0 freshly_run_slices=1 progress_file_after_completion=none elapsed_seconds=0.1
SWEEP seed=1 entry=rollback fault=Some((Write, 4)) fired=Some((Write, 4, 1, 25690112)) outcome=Err Publish(PublishSequenceFailed { cause: BlockDevice(InputOutput(Custom { kind: Other, error: "注入的写错" })), writes_before_the_first_publish: WritesByStructureKind { counted: {} }, writes_of_persisted writes_before=3 writes_after=0 frozen=true resend=Ok checker=0 first=None read=FileRead root=Some((InstanceGeneration(2), CheckpointTxg(8))) content_ok=true remount=Ok checker_after_remount=0 first_after=None enum=states=8 seconds=0.1 closed=8 exact=8 oracle=0 ignored=0 root_without_record=0 missing_unit=0 checker_red_states=0 first=None first_checker=None
LAYER0_PARALLEL_START states=16 slices=1 states_per_slice=16 worker_threads=1 configured_worker_threads=3 worker_threads_source=environment_variable resumed_slices=0 freshly_run_slices=1
LAYER0_PROGRESS slice=1/1 states=[0,16) segments=0..=all_persisted finished_slices=1/1 finished_states=16/16 resumed_slices=0 elapsed_seconds=0.2
LAYER0_FINDINGS signatures=0 red_states=0 states=16
LAYER0_PARALLEL_FINISHED states=16 slices=1 worker_threads=1 configured_worker_threads=3 worker_threads_source=environment_variable resumed_slices=0 freshly_run_slices=1 progress_file_after_completion=none elapsed_seconds=0.2
SWEEP seed=1 entry=rollback fault=Some((Write, 5)) fired=Some((Write, 5, 0, 25706496)) outcome=Err Publish(PublishSequenceFailed { cause: BlockDevice(InputOutput(Custom { kind: Other, error: "注入的写错" })), writes_before_the_first_publish: WritesByStructureKind { counted: {} }, writes_of_persisted writes_before=4 writes_after=0 frozen=true resend=Ok checker=0 first=None read=FileRead root=Some((InstanceGeneration(2), CheckpointTxg(8))) content_ok=true remount=Ok checker_after_remount=0 first_after=None enum=states=16 seconds=0.2 closed=16 exact=16 oracle=0 ignored=0 root_without_record=0 missing_unit=0 checker_red_states=0 first=None first_checker=None
LAYER0_PARALLEL_START states=32 slices=2 states_per_slice=16 worker_threads=2 configured_worker_threads=3 worker_threads_source=environment_variable resumed_slices=0 freshly_run_slices=2
LAYER0_PROGRESS slice=1/2 states=[0,16) segments=0..=0 finished_slices=1/2 finished_states=16/32 resumed_slices=0 elapsed_seconds=0.2
LAYER0_PROGRESS slice=2/2 states=[16,32) segments=0..=all_persisted finished_slices=2/2 finished_states=32/32 resumed_slices=0 elapsed_seconds=0.2
LAYER0_FINDINGS signatures=0 red_states=0 states=32
LAYER0_PARALLEL_FINISHED states=32 slices=2 worker_threads=2 configured_worker_threads=3 worker_threads_source=environment_variable resumed_slices=0 freshly_run_slices=2 progress_file_after_completion=none elapsed_seconds=0.2
SWEEP seed=1 entry=rollback fault=Some((Write, 6)) fired=Some((Write, 6, 1, 25706496)) outcome=Err Publish(PublishSequenceFailed { cause: BlockDevice(InputOutput(Custom { kind: Other, error: "注入的写错" })), writes_before_the_first_publish: WritesByStructureKind { counted: {} }, writes_of_persisted writes_before=5 writes_after=0 frozen=true resend=Ok checker=0 first=None read=FileRead root=Some((InstanceGeneration(2), CheckpointTxg(8))) content_ok=true remount=Ok checker_after_remount=0 first_after=None enum=states=32 seconds=0.2 closed=32 exact=32 oracle=0 ignored=0 root_without_record=0 missing_unit=0 checker_red_states=0 first=None first_checker=None
LAYER0_PARALLEL_START states=64 slices=4 states_per_slice=16 worker_threads=3 configured_worker_threads=3 worker_threads_source=environment_variable resumed_slices=0 freshly_run_slices=4
LAYER0_PROGRESS slice=3/4 states=[32,48) segments=0..=0 finished_slices=1/4 finished_states=16/64 resumed_slices=0 elapsed_seconds=0.2
LAYER0_PROGRESS slice=1/4 states=[0,16) segments=0..=0 finished_slices=2/4 finished_states=32/64 resumed_slices=0 elapsed_seconds=0.2
LAYER0_PROGRESS slice=2/4 states=[16,32) segments=0..=0 finished_slices=3/4 finished_states=48/64 resumed_slices=0 elapsed_seconds=0.2
LAYER0_PROGRESS slice=4/4 states=[48,64) segments=0..=all_persisted finished_slices=4/4 finished_states=64/64 resumed_slices=0 elapsed_seconds=0.4
LAYER0_FINDINGS signatures=0 red_states=0 states=64
LAYER0_PARALLEL_FINISHED states=64 slices=4 worker_threads=3 configured_worker_threads=3 worker_threads_source=environment_variable resumed_slices=0 freshly_run_slices=4 progress_file_after_completion=none elapsed_seconds=0.4
SWEEP seed=1 entry=rollback fault=Some((Write, 7)) fired=Some((Write, 7, 0, 25722880)) outcome=Err Publish(PublishSequenceFailed { cause: BlockDevice(InputOutput(Custom { kind: Other, error: "注入的写错" })), writes_before_the_first_publish: WritesByStructureKind { counted: {} }, writes_of_persisted writes_before=6 writes_after=0 frozen=true resend=Ok checker=0 first=None read=FileRead root=Some((InstanceGeneration(2), CheckpointTxg(8))) content_ok=true remount=Ok checker_after_remount=0 first_after=None enum=states=64 seconds=0.4 closed=64 exact=64 oracle=0 ignored=0 root_without_record=0 missing_unit=0 checker_red_states=0 first=None first_checker=None
LAYER0_PARALLEL_START states=128 slices=8 states_per_slice=16 worker_threads=3 configured_worker_threads=3 worker_threads_source=environment_variable resumed_slices=0 freshly_run_slices=8
LAYER0_PROGRESS slice=3/8 states=[32,48) segments=0..=0 finished_slices=1/8 finished_states=16/128 resumed_slices=0 elapsed_seconds=0.2
LAYER0_PROGRESS slice=2/8 states=[16,32) segments=0..=0 finished_slices=2/8 finished_states=32/128 resumed_slices=0 elapsed_seconds=0.2
LAYER0_PROGRESS slice=1/8 states=[0,16) segments=0..=0 finished_slices=3/8 finished_states=48/128 resumed_slices=0 elapsed_seconds=0.2
LAYER0_PROGRESS slice=4/8 states=[48,64) segments=0..=0 finished_slices=4/8 finished_states=64/128 resumed_slices=0 elapsed_seconds=0.4
LAYER0_PROGRESS slice=5/8 states=[64,80) segments=0..=0 finished_slices=5/8 finished_states=80/128 resumed_slices=0 elapsed_seconds=0.4
LAYER0_PROGRESS slice=6/8 states=[80,96) segments=0..=0 finished_slices=6/8 finished_states=96/128 resumed_slices=0 elapsed_seconds=0.4
LAYER0_PROGRESS slice=7/8 states=[96,112) segments=0..=0 finished_slices=7/8 finished_states=112/128 resumed_slices=0 elapsed_seconds=0.6
LAYER0_PROGRESS slice=8/8 states=[112,128) segments=0..=all_persisted finished_slices=8/8 finished_states=128/128 resumed_slices=0 elapsed_seconds=0.6
LAYER0_FINDINGS signatures=0 red_states=0 states=128
LAYER0_PARALLEL_FINISHED states=128 slices=8 worker_threads=3 configured_worker_threads=3 worker_threads_source=environment_variable resumed_slices=0 freshly_run_slices=8 progress_file_after_completion=none elapsed_seconds=0.6
SWEEP seed=1 entry=rollback fault=Some((Write, 8)) fired=Some((Write, 8, 1, 25722880)) outcome=Err Publish(PublishSequenceFailed { cause: BlockDevice(InputOutput(Custom { kind: Other, error: "注入的写错" })), writes_before_the_first_publish: WritesByStructureKind { counted: {} }, writes_of_persisted writes_before=7 writes_after=0 frozen=true resend=Ok checker=0 first=None read=FileRead root=Some((InstanceGeneration(2), CheckpointTxg(8))) content_ok=true remount=Ok checker_after_remount=0 first_after=None enum=states=128 seconds=0.6 closed=128 exact=128 oracle=0 ignored=0 root_without_record=0 missing_unit=0 checker_red_states=0 first=None first_checker=None
LAYER0_PARALLEL_START states=256 slices=16 states_per_slice=16 worker_threads=3 configured_worker_threads=3 worker_threads_source=environment_variable resumed_slices=0 freshly_run_slices=16
LAYER0_PROGRESS slice=2/16 states=[16,32) segments=0..=0 finished_slices=1/16 finished_states=16/256 resumed_slices=0 elapsed_seconds=0.2
LAYER0_PROGRESS slice=1/16 states=[0,16) segments=0..=0 finished_slices=2/16 finished_states=32/256 resumed_slices=0 elapsed_seconds=0.2
LAYER0_PROGRESS slice=3/16 states=[32,48) segments=0..=0 finished_slices=3/16 finished_states=48/256 resumed_slices=0 elapsed_seconds=0.2
LAYER0_PROGRESS slice=4/16 states=[48,64) segments=0..=0 finished_slices=4/16 finished_states=64/256 resumed_slices=0 elapsed_seconds=0.4
LAYER0_PROGRESS slice=6/16 states=[80,96) segments=0..=0 finished_slices=5/16 finished_states=80/256 resumed_slices=0 elapsed_seconds=0.4
LAYER0_PROGRESS slice=5/16 states=[64,80) segments=0..=0 finished_slices=6/16 finished_states=96/256 resumed_slices=0 elapsed_seconds=0.4
LAYER0_PROGRESS slice=7/16 states=[96,112) segments=0..=0 finished_slices=7/16 finished_states=112/256 resumed_slices=0 elapsed_seconds=0.6
LAYER0_PROGRESS slice=9/16 states=[128,144) segments=0..=0 finished_slices=8/16 finished_states=128/256 resumed_slices=0 elapsed_seconds=0.6
LAYER0_PROGRESS slice=8/16 states=[112,128) segments=0..=0 finished_slices=9/16 finished_states=144/256 resumed_slices=0 elapsed_seconds=0.6
LAYER0_PROGRESS slice=11/16 states=[160,176) segments=0..=0 finished_slices=10/16 finished_states=160/256 resumed_slices=0 elapsed_seconds=0.8
LAYER0_PROGRESS slice=10/16 states=[144,160) segments=0..=0 finished_slices=11/16 finished_states=176/256 resumed_slices=0 elapsed_seconds=0.8
LAYER0_PROGRESS slice=12/16 states=[176,192) segments=0..=0 finished_slices=12/16 finished_states=192/256 resumed_slices=0 elapsed_seconds=0.9
LAYER0_PROGRESS slice=13/16 states=[192,208) segments=0..=0 finished_slices=13/16 finished_states=208/256 resumed_slices=0 elapsed_seconds=1.0
LAYER0_PROGRESS slice=14/16 states=[208,224) segments=0..=0 finished_slices=14/16 finished_states=224/256 resumed_slices=0 elapsed_seconds=1.1
LAYER0_PROGRESS slice=15/16 states=[224,240) segments=0..=0 finished_slices=15/16 finished_states=240/256 resumed_slices=0 elapsed_seconds=1.1
LAYER0_PROGRESS slice=16/16 states=[240,256) segments=0..=all_persisted finished_slices=16/16 finished_states=256/256 resumed_slices=0 elapsed_seconds=1.2
LAYER0_FINDINGS signatures=0 red_states=0 states=256
LAYER0_PARALLEL_FINISHED states=256 slices=16 worker_threads=3 configured_worker_threads=3 worker_threads_source=environment_variable resumed_slices=0 freshly_run_slices=16 progress_file_after_completion=none elapsed_seconds=1.2
SWEEP seed=1 entry=rollback fault=Some((Write, 9)) fired=Some((Write, 9, 0, 25739264)) outcome=Err Publish(PublishSequenceFailed { cause: BlockDevice(InputOutput(Custom { kind: Other, error: "注入的写错" })), writes_before_the_first_publish: WritesByStructureKind { counted: {} }, writes_of_persisted writes_before=8 writes_after=0 frozen=true resend=Ok checker=0 first=None read=FileRead root=Some((InstanceGeneration(2), CheckpointTxg(8))) content_ok=true remount=Ok checker_after_remount=0 first_after=None enum=states=256 seconds=1.2 closed=256 exact=256 oracle=0 ignored=0 root_without_record=0 missing_unit=0 checker_red_states=0 first=None first_checker=None
LAYER0_PARALLEL_START states=512 slices=32 states_per_slice=16 worker_threads=3 configured_worker_threads=3 worker_threads_source=environment_variable resumed_slices=0 freshly_run_slices=32
LAYER0_PROGRESS slice=1/32 states=[0,16) segments=0..=0 finished_slices=1/32 finished_states=16/512 resumed_slices=0 elapsed_seconds=0.2
LAYER0_PROGRESS slice=3/32 states=[32,48) segments=0..=0 finished_slices=2/32 finished_states=32/512 resumed_slices=0 elapsed_seconds=0.2
LAYER0_PROGRESS slice=2/32 states=[16,32) segments=0..=0 finished_slices=3/32 finished_states=48/512 resumed_slices=0 elapsed_seconds=0.2
LAYER0_PROGRESS slice=4/32 states=[48,64) segments=0..=0 finished_slices=4/32 finished_states=64/512 resumed_slices=0 elapsed_seconds=0.4
LAYER0_PROGRESS slice=6/32 states=[80,96) segments=0..=0 finished_slices=5/32 finished_states=80/512 resumed_slices=0 elapsed_seconds=0.4
LAYER0_PROGRESS slice=5/32 states=[64,80) segments=0..=0 finished_slices=6/32 finished_states=96/512 resumed_slices=0 elapsed_seconds=0.4
LAYER0_PROGRESS slice=7/32 states=[96,112) segments=0..=0 finished_slices=7/32 finished_states=112/512 resumed_slices=0 elapsed_seconds=0.6
LAYER0_PROGRESS slice=9/32 states=[128,144) segments=0..=0 finished_slices=8/32 finished_states=128/512 resumed_slices=0 elapsed_seconds=0.6
LAYER0_PROGRESS slice=8/32 states=[112,128) segments=0..=0 finished_slices=9/32 finished_states=144/512 resumed_slices=0 elapsed_seconds=0.6
LAYER0_PROGRESS slice=10/32 states=[144,160) segments=0..=0 finished_slices=10/32 finished_states=160/512 resumed_slices=0 elapsed_seconds=0.8
LAYER0_PROGRESS slice=11/32 states=[160,176) segments=0..=0 finished_slices=11/32 finished_states=176/512 resumed_slices=0 elapsed_seconds=0.8
LAYER0_PROGRESS slice=12/32 states=[176,192) segments=0..=0 finished_slices=12/32 finished_states=192/512 resumed_slices=0 elapsed_seconds=0.8
LAYER0_PROGRESS slice=13/32 states=[192,208) segments=0..=0 finished_slices=13/32 finished_states=208/512 resumed_slices=0 elapsed_seconds=1.0
LAYER0_PROGRESS slice=14/32 states=[208,224) segments=0..=0 finished_slices=14/32 finished_states=224/512 resumed_slices=0 elapsed_seconds=1.0
LAYER0_PROGRESS slice=15/32 states=[224,240) segments=0..=0 finished_slices=15/32 finished_states=240/512 resumed_slices=0 elapsed_seconds=1.0
LAYER0_PROGRESS slice=16/32 states=[240,256) segments=0..=0 finished_slices=16/32 finished_states=256/512 resumed_slices=0 elapsed_seconds=1.2
LAYER0_PROGRESS slice=17/32 states=[256,272) segments=0..=0 finished_slices=17/32 finished_states=272/512 resumed_slices=0 elapsed_seconds=1.2
LAYER0_PROGRESS slice=18/32 states=[272,288) segments=0..=0 finished_slices=18/32 finished_states=288/512 resumed_slices=0 elapsed_seconds=1.2
LAYER0_PROGRESS slice=19/32 states=[288,304) segments=0..=0 finished_slices=19/32 finished_states=304/512 resumed_slices=0 elapsed_seconds=1.4
LAYER0_PROGRESS slice=20/32 states=[304,320) segments=0..=0 finished_slices=20/32 finished_states=320/512 resumed_slices=0 elapsed_seconds=1.4
LAYER0_PROGRESS slice=21/32 states=[320,336) segments=0..=0 finished_slices=21/32 finished_states=336/512 resumed_slices=0 elapsed_seconds=1.4
LAYER0_PROGRESS slice=22/32 states=[336,352) segments=0..=0 finished_slices=22/32 finished_states=352/512 resumed_slices=0 elapsed_seconds=1.6
LAYER0_PROGRESS slice=24/32 states=[368,384) segments=0..=0 finished_slices=23/32 finished_states=368/512 resumed_slices=0 elapsed_seconds=1.6
LAYER0_PROGRESS slice=23/32 states=[352,368) segments=0..=0 finished_slices=24/32 finished_states=384/512 resumed_slices=0 elapsed_seconds=1.6
LAYER0_PROGRESS slice=25/32 states=[384,400) segments=0..=0 finished_slices=25/32 finished_states=400/512 resumed_slices=0 elapsed_seconds=1.8
LAYER0_PROGRESS slice=26/32 states=[400,416) segments=0..=0 finished_slices=26/32 finished_states=416/512 resumed_slices=0 elapsed_seconds=1.8
LAYER0_PROGRESS slice=27/32 states=[416,432) segments=0..=0 finished_slices=27/32 finished_states=432/512 resumed_slices=0 elapsed_seconds=1.8
LAYER0_PROGRESS slice=28/32 states=[432,448) segments=0..=0 finished_slices=28/32 finished_states=448/512 resumed_slices=0 elapsed_seconds=2.0
LAYER0_PROGRESS slice=29/32 states=[448,464) segments=0..=0 finished_slices=29/32 finished_states=464/512 resumed_slices=0 elapsed_seconds=2.0
LAYER0_PROGRESS slice=30/32 states=[464,480) segments=0..=0 finished_slices=30/32 finished_states=480/512 resumed_slices=0 elapsed_seconds=2.0
LAYER0_PROGRESS slice=31/32 states=[480,496) segments=0..=0 finished_slices=31/32 finished_states=496/512 resumed_slices=0 elapsed_seconds=2.2
LAYER0_PROGRESS slice=32/32 states=[496,512) segments=0..=all_persisted finished_slices=32/32 finished_states=512/512 resumed_slices=0 elapsed_seconds=2.2
LAYER0_FINDINGS signatures=0 red_states=0 states=512
LAYER0_PARALLEL_FINISHED states=512 slices=32 worker_threads=3 configured_worker_threads=3 worker_threads_source=environment_variable resumed_slices=0 freshly_run_slices=32 progress_file_after_completion=none elapsed_seconds=2.2
SWEEP seed=1 entry=rollback fault=Some((Write, 10)) fired=Some((Write, 10, 1, 25739264)) outcome=Err Publish(PublishSequenceFailed { cause: BlockDevice(InputOutput(Custom { kind: Other, error: "注入的写错" })), writes_before_the_first_publish: WritesByStructureKind { counted: {} }, writes_of_persisted writes_before=9 writes_after=0 frozen=true resend=Ok checker=0 first=None read=FileRead root=Some((InstanceGeneration(2), CheckpointTxg(8))) content_ok=true remount=Ok checker_after_remount=0 first_after=None enum=states=512 seconds=2.2 closed=512 exact=512 oracle=0 ignored=0 root_without_record=0 missing_unit=0 checker_red_states=0 first=None first_checker=None
LAYER0_PARALLEL_START states=1024 slices=64 states_per_slice=16 worker_threads=3 configured_worker_threads=3 worker_threads_source=environment_variable resumed_slices=0 freshly_run_slices=64
LAYER0_PROGRESS slice=1/64 states=[0,16) segments=0..=0 finished_slices=1/64 finished_states=16/1024 resumed_slices=0 elapsed_seconds=0.2
LAYER0_PROGRESS slice=3/64 states=[32,48) segments=0..=0 finished_slices=2/64 finished_states=32/1024 resumed_slices=0 elapsed_seconds=0.2
LAYER0_PROGRESS slice=2/64 states=[16,32) segments=0..=0 finished_slices=3/64 finished_states=48/1024 resumed_slices=0 elapsed_seconds=0.2
LAYER0_PROGRESS slice=5/64 states=[64,80) segments=0..=0 finished_slices=4/64 finished_states=64/1024 resumed_slices=0 elapsed_seconds=0.4
LAYER0_PROGRESS slice=4/64 states=[48,64) segments=0..=0 finished_slices=5/64 finished_states=80/1024 resumed_slices=0 elapsed_seconds=0.4
LAYER0_PROGRESS slice=6/64 states=[80,96) segments=0..=0 finished_slices=6/64 finished_states=96/1024 resumed_slices=0 elapsed_seconds=0.4
LAYER0_PROGRESS slice=7/64 states=[96,112) segments=0..=0 finished_slices=7/64 finished_states=112/1024 resumed_slices=0 elapsed_seconds=0.6
LAYER0_PROGRESS slice=8/64 states=[112,128) segments=0..=0 finished_slices=8/64 finished_states=128/1024 resumed_slices=0 elapsed_seconds=0.6
LAYER0_PROGRESS slice=9/64 states=[128,144) segments=0..=0 finished_slices=9/64 finished_states=144/1024 resumed_slices=0 elapsed_seconds=0.6
LAYER0_PROGRESS slice=10/64 states=[144,160) segments=0..=0 finished_slices=10/64 finished_states=160/1024 resumed_slices=0 elapsed_seconds=0.8
LAYER0_PROGRESS slice=12/64 states=[176,192) segments=0..=0 finished_slices=11/64 finished_states=176/1024 resumed_slices=0 elapsed_seconds=0.8
LAYER0_PROGRESS slice=11/64 states=[160,176) segments=0..=0 finished_slices=12/64 finished_states=192/1024 resumed_slices=0 elapsed_seconds=0.8
LAYER0_PROGRESS slice=13/64 states=[192,208) segments=0..=0 finished_slices=13/64 finished_states=208/1024 resumed_slices=0 elapsed_seconds=1.0
LAYER0_PROGRESS slice=14/64 states=[208,224) segments=0..=0 finished_slices=14/64 finished_states=224/1024 resumed_slices=0 elapsed_seconds=1.1
LAYER0_PROGRESS slice=15/64 states=[224,240) segments=0..=0 finished_slices=15/64 finished_states=240/1024 resumed_slices=0 elapsed_seconds=1.1
LAYER0_PROGRESS slice=16/64 states=[240,256) segments=0..=0 finished_slices=16/64 finished_states=256/1024 resumed_slices=0 elapsed_seconds=1.3
LAYER0_PROGRESS slice=17/64 states=[256,272) segments=0..=0 finished_slices=17/64 finished_states=272/1024 resumed_slices=0 elapsed_seconds=1.3
LAYER0_PROGRESS slice=18/64 states=[272,288) segments=0..=0 finished_slices=18/64 finished_states=288/1024 resumed_slices=0 elapsed_seconds=1.3
LAYER0_PROGRESS slice=19/64 states=[288,304) segments=0..=0 finished_slices=19/64 finished_states=304/1024 resumed_slices=0 elapsed_seconds=1.5
LAYER0_PROGRESS slice=20/64 states=[304,320) segments=0..=0 finished_slices=20/64 finished_states=320/1024 resumed_slices=0 elapsed_seconds=1.5
LAYER0_PROGRESS slice=21/64 states=[320,336) segments=0..=0 finished_slices=21/64 finished_states=336/1024 resumed_slices=0 elapsed_seconds=1.5
LAYER0_PROGRESS slice=22/64 states=[336,352) segments=0..=0 finished_slices=22/64 finished_states=352/1024 resumed_slices=0 elapsed_seconds=1.7
LAYER0_PROGRESS slice=23/64 states=[352,368) segments=0..=0 finished_slices=23/64 finished_states=368/1024 resumed_slices=0 elapsed_seconds=1.7
LAYER0_PROGRESS slice=24/64 states=[368,384) segments=0..=0 finished_slices=24/64 finished_states=384/1024 resumed_slices=0 elapsed_seconds=1.7
LAYER0_PROGRESS slice=25/64 states=[384,400) segments=0..=0 finished_slices=25/64 finished_states=400/1024 resumed_slices=0 elapsed_seconds=1.9
LAYER0_PROGRESS slice=26/64 states=[400,416) segments=0..=0 finished_slices=26/64 finished_states=416/1024 resumed_slices=0 elapsed_seconds=1.9
LAYER0_PROGRESS slice=27/64 states=[416,432) segments=0..=0 finished_slices=27/64 finished_states=432/1024 resumed_slices=0 elapsed_seconds=1.9
LAYER0_PROGRESS slice=28/64 states=[432,448) segments=0..=0 finished_slices=28/64 finished_states=448/1024 resumed_slices=0 elapsed_seconds=2.1
LAYER0_PROGRESS slice=29/64 states=[448,464) segments=0..=0 finished_slices=29/64 finished_states=464/1024 resumed_slices=0 elapsed_seconds=2.1
LAYER0_PROGRESS slice=30/64 states=[464,480) segments=0..=0 finished_slices=30/64 finished_states=480/1024 resumed_slices=0 elapsed_seconds=2.1
LAYER0_PROGRESS slice=31/64 states=[480,496) segments=0..=0 finished_slices=31/64 finished_states=496/1024 resumed_slices=0 elapsed_seconds=2.3
LAYER0_PROGRESS slice=32/64 states=[496,512) segments=0..=0 finished_slices=32/64 finished_states=512/1024 resumed_slices=0 elapsed_seconds=2.3
LAYER0_PROGRESS slice=33/64 states=[512,528) segments=0..=0 finished_slices=33/64 finished_states=528/1024 resumed_slices=0 elapsed_seconds=2.3
LAYER0_PROGRESS slice=34/64 states=[528,544) segments=0..=0 finished_slices=34/64 finished_states=544/1024 resumed_slices=0 elapsed_seconds=2.5
LAYER0_PROGRESS slice=35/64 states=[544,560) segments=0..=0 finished_slices=35/64 finished_states=560/1024 resumed_slices=0 elapsed_seconds=2.5
LAYER0_PROGRESS slice=36/64 states=[560,576) segments=0..=0 finished_slices=36/64 finished_states=576/1024 resumed_slices=0 elapsed_seconds=2.5
LAYER0_PROGRESS slice=37/64 states=[576,592) segments=0..=0 finished_slices=37/64 finished_states=592/1024 resumed_slices=0 elapsed_seconds=2.7
LAYER0_PROGRESS slice=38/64 states=[592,608) segments=0..=0 finished_slices=38/64 finished_states=608/1024 resumed_slices=0 elapsed_seconds=2.7
LAYER0_PROGRESS slice=39/64 states=[608,624) segments=0..=0 finished_slices=39/64 finished_states=624/1024 resumed_slices=0 elapsed_seconds=2.8
LAYER0_PROGRESS slice=40/64 states=[624,640) segments=0..=0 finished_slices=40/64 finished_states=640/1024 resumed_slices=0 elapsed_seconds=2.9
LAYER0_PROGRESS slice=41/64 states=[640,656) segments=0..=0 finished_slices=41/64 finished_states=656/1024 resumed_slices=0 elapsed_seconds=3.0
LAYER0_PROGRESS slice=42/64 states=[656,672) segments=0..=0 finished_slices=42/64 finished_states=672/1024 resumed_slices=0 elapsed_seconds=3.0
LAYER0_PROGRESS slice=43/64 states=[672,688) segments=0..=0 finished_slices=43/64 finished_states=688/1024 resumed_slices=0 elapsed_seconds=3.2
LAYER0_PROGRESS slice=44/64 states=[688,704) segments=0..=0 finished_slices=44/64 finished_states=704/1024 resumed_slices=0 elapsed_seconds=3.2
LAYER0_PROGRESS slice=45/64 states=[704,720) segments=0..=0 finished_slices=45/64 finished_states=720/1024 resumed_slices=0 elapsed_seconds=3.2
LAYER0_PROGRESS slice=46/64 states=[720,736) segments=0..=0 finished_slices=46/64 finished_states=736/1024 resumed_slices=0 elapsed_seconds=3.4
LAYER0_PROGRESS slice=47/64 states=[736,752) segments=0..=0 finished_slices=47/64 finished_states=752/1024 resumed_slices=0 elapsed_seconds=3.4
LAYER0_PROGRESS slice=48/64 states=[752,768) segments=0..=0 finished_slices=48/64 finished_states=768/1024 resumed_slices=0 elapsed_seconds=3.4
LAYER0_PROGRESS slice=49/64 states=[768,784) segments=0..=0 finished_slices=49/64 finished_states=784/1024 resumed_slices=0 elapsed_seconds=3.6
LAYER0_PROGRESS slice=50/64 states=[784,800) segments=0..=0 finished_slices=50/64 finished_states=800/1024 resumed_slices=0 elapsed_seconds=3.6
LAYER0_PROGRESS slice=51/64 states=[800,816) segments=0..=0 finished_slices=51/64 finished_states=816/1024 resumed_slices=0 elapsed_seconds=3.6
LAYER0_PROGRESS slice=52/64 states=[816,832) segments=0..=0 finished_slices=52/64 finished_states=832/1024 resumed_slices=0 elapsed_seconds=3.8
LAYER0_PROGRESS slice=53/64 states=[832,848) segments=0..=0 finished_slices=53/64 finished_states=848/1024 resumed_slices=0 elapsed_seconds=3.8
LAYER0_PROGRESS slice=54/64 states=[848,864) segments=0..=0 finished_slices=54/64 finished_states=864/1024 resumed_slices=0 elapsed_seconds=3.8
LAYER0_PROGRESS slice=55/64 states=[864,880) segments=0..=0 finished_slices=55/64 finished_states=880/1024 resumed_slices=0 elapsed_seconds=4.0
LAYER0_PROGRESS slice=56/64 states=[880,896) segments=0..=0 finished_slices=56/64 finished_states=896/1024 resumed_slices=0 elapsed_seconds=4.0
LAYER0_PROGRESS slice=57/64 states=[896,912) segments=0..=0 finished_slices=57/64 finished_states=912/1024 resumed_slices=0 elapsed_seconds=4.0
LAYER0_PROGRESS slice=58/64 states=[912,928) segments=0..=0 finished_slices=58/64 finished_states=928/1024 resumed_slices=0 elapsed_seconds=4.2
LAYER0_PROGRESS slice=59/64 states=[928,944) segments=0..=0 finished_slices=59/64 finished_states=944/1024 resumed_slices=0 elapsed_seconds=4.2
LAYER0_PROGRESS slice=60/64 states=[944,960) segments=0..=0 finished_slices=60/64 finished_states=960/1024 resumed_slices=0 elapsed_seconds=4.2
LAYER0_PROGRESS slice=61/64 states=[960,976) segments=0..=0 finished_slices=61/64 finished_states=976/1024 resumed_slices=0 elapsed_seconds=4.4
LAYER0_PROGRESS slice=62/64 states=[976,992) segments=0..=0 finished_slices=62/64 finished_states=992/1024 resumed_slices=0 elapsed_seconds=4.4
LAYER0_PROGRESS slice=63/64 states=[992,1008) segments=0..=0 finished_slices=63/64 finished_states=1008/1024 resumed_slices=0 elapsed_seconds=4.4
LAYER0_PROGRESS slice=64/64 states=[1008,1024) segments=0..=all_persisted finished_slices=64/64 finished_states=1024/1024 resumed_slices=0 elapsed_seconds=4.6
LAYER0_FINDINGS signatures=0 red_states=0 states=1024
LAYER0_PARALLEL_FINISHED states=1024 slices=64 worker_threads=3 configured_worker_threads=3 worker_threads_source=environment_variable resumed_slices=0 freshly_run_slices=64 progress_file_after_completion=none elapsed_seconds=4.6
SWEEP seed=1 entry=rollback fault=Some((Write, 11)) fired=Some((Write, 11, 0, 25755648)) outcome=Err Publish(PublishSequenceFailed { cause: BlockDevice(InputOutput(Custom { kind: Other, error: "注入的写错" })), writes_before_the_first_publish: WritesByStructureKind { counted: {} }, writes_of_persisted writes_before=10 writes_after=0 frozen=true resend=Ok checker=0 first=None read=FileRead root=Some((InstanceGeneration(2), CheckpointTxg(8))) content_ok=true remount=Ok checker_after_remount=0 first_after=None enum=states=1024 seconds=4.6 closed=1024 exact=1024 oracle=0 ignored=0 root_without_record=0 missing_unit=0 checker_red_states=0 first=None first_checker=None
LAYER0_PARALLEL_START states=2048 slices=64 states_per_slice=32 worker_threads=3 configured_worker_threads=3 worker_threads_source=environment_variable resumed_slices=0 freshly_run_slices=64
LAYER0_PROGRESS slice=2/64 states=[32,64) segments=0..=0 finished_slices=1/64 finished_states=32/2048 resumed_slices=0 elapsed_seconds=0.4
LAYER0_PROGRESS slice=3/64 states=[64,96) segments=0..=0 finished_slices=2/64 finished_states=64/2048 resumed_slices=0 elapsed_seconds=0.4
LAYER0_PROGRESS slice=1/64 states=[0,32) segments=0..=0 finished_slices=3/64 finished_states=96/2048 resumed_slices=0 elapsed_seconds=0.4
LAYER0_PROGRESS slice=4/64 states=[96,128) segments=0..=0 finished_slices=4/64 finished_states=128/2048 resumed_slices=0 elapsed_seconds=0.8
LAYER0_PROGRESS slice=5/64 states=[128,160) segments=0..=0 finished_slices=5/64 finished_states=160/2048 resumed_slices=0 elapsed_seconds=0.8
LAYER0_PROGRESS slice=6/64 states=[160,192) segments=0..=0 finished_slices=6/64 finished_states=192/2048 resumed_slices=0 elapsed_seconds=0.8
LAYER0_PROGRESS slice=7/64 states=[192,224) segments=0..=0 finished_slices=7/64 finished_states=224/2048 resumed_slices=0 elapsed_seconds=1.2
LAYER0_PROGRESS slice=8/64 states=[224,256) segments=0..=0 finished_slices=8/64 finished_states=256/2048 resumed_slices=0 elapsed_seconds=1.2
LAYER0_PROGRESS slice=9/64 states=[256,288) segments=0..=0 finished_slices=9/64 finished_states=288/2048 resumed_slices=0 elapsed_seconds=1.2
LAYER0_PROGRESS slice=10/64 states=[288,320) segments=0..=0 finished_slices=10/64 finished_states=320/2048 resumed_slices=0 elapsed_seconds=1.6
LAYER0_PROGRESS slice=11/64 states=[320,352) segments=0..=0 finished_slices=11/64 finished_states=352/2048 resumed_slices=0 elapsed_seconds=1.6
LAYER0_PROGRESS slice=12/64 states=[352,384) segments=0..=0 finished_slices=12/64 finished_states=384/2048 resumed_slices=0 elapsed_seconds=1.6
LAYER0_PROGRESS slice=13/64 states=[384,416) segments=0..=0 finished_slices=13/64 finished_states=416/2048 resumed_slices=0 elapsed_seconds=2.0
LAYER0_PROGRESS slice=14/64 states=[416,448) segments=0..=0 finished_slices=14/64 finished_states=448/2048 resumed_slices=0 elapsed_seconds=2.0
LAYER0_PROGRESS slice=15/64 states=[448,480) segments=0..=0 finished_slices=15/64 finished_states=480/2048 resumed_slices=0 elapsed_seconds=2.0
LAYER0_PROGRESS slice=16/64 states=[480,512) segments=0..=0 finished_slices=16/64 finished_states=512/2048 resumed_slices=0 elapsed_seconds=2.4
LAYER0_PROGRESS slice=17/64 states=[512,544) segments=0..=0 finished_slices=17/64 finished_states=544/2048 resumed_slices=0 elapsed_seconds=2.4
LAYER0_PROGRESS slice=18/64 states=[544,576) segments=0..=0 finished_slices=18/64 finished_states=576/2048 resumed_slices=0 elapsed_seconds=2.4
LAYER0_PROGRESS slice=19/64 states=[576,608) segments=0..=0 finished_slices=19/64 finished_states=608/2048 resumed_slices=0 elapsed_seconds=2.8
LAYER0_PROGRESS slice=20/64 states=[608,640) segments=0..=0 finished_slices=20/64 finished_states=640/2048 resumed_slices=0 elapsed_seconds=2.8
LAYER0_PROGRESS slice=21/64 states=[640,672) segments=0..=0 finished_slices=21/64 finished_states=672/2048 resumed_slices=0 elapsed_seconds=2.8
LAYER0_PROGRESS slice=22/64 states=[672,704) segments=0..=0 finished_slices=22/64 finished_states=704/2048 resumed_slices=0 elapsed_seconds=3.2
LAYER0_PROGRESS slice=23/64 states=[704,736) segments=0..=0 finished_slices=23/64 finished_states=736/2048 resumed_slices=0 elapsed_seconds=3.2
LAYER0_PROGRESS slice=24/64 states=[736,768) segments=0..=0 finished_slices=24/64 finished_states=768/2048 resumed_slices=0 elapsed_seconds=3.3
LAYER0_PROGRESS slice=25/64 states=[768,800) segments=0..=0 finished_slices=25/64 finished_states=800/2048 resumed_slices=0 elapsed_seconds=3.6
LAYER0_PROGRESS slice=26/64 states=[800,832) segments=0..=0 finished_slices=26/64 finished_states=832/2048 resumed_slices=0 elapsed_seconds=3.6
LAYER0_PROGRESS slice=27/64 states=[832,864) segments=0..=0 finished_slices=27/64 finished_states=864/2048 resumed_slices=0 elapsed_seconds=3.7
LAYER0_PROGRESS slice=28/64 states=[864,896) segments=0..=0 finished_slices=28/64 finished_states=896/2048 resumed_slices=0 elapsed_seconds=4.0
LAYER0_PROGRESS slice=29/64 states=[896,928) segments=0..=0 finished_slices=29/64 finished_states=928/2048 resumed_slices=0 elapsed_seconds=4.0
LAYER0_PROGRESS slice=30/64 states=[928,960) segments=0..=0 finished_slices=30/64 finished_states=960/2048 resumed_slices=0 elapsed_seconds=4.1
LAYER0_PROGRESS slice=31/64 states=[960,992) segments=0..=0 finished_slices=31/64 finished_states=992/2048 resumed_slices=0 elapsed_seconds=4.4
LAYER0_PROGRESS slice=32/64 states=[992,1024) segments=0..=0 finished_slices=32/64 finished_states=1024/2048 resumed_slices=0 elapsed_seconds=4.4
LAYER0_PROGRESS slice=33/64 states=[1024,1056) segments=0..=0 finished_slices=33/64 finished_states=1056/2048 resumed_slices=0 elapsed_seconds=4.5
LAYER0_PROGRESS slice=34/64 states=[1056,1088) segments=0..=0 finished_slices=34/64 finished_states=1088/2048 resumed_slices=0 elapsed_seconds=4.7
LAYER0_PROGRESS slice=35/64 states=[1088,1120) segments=0..=0 finished_slices=35/64 finished_states=1120/2048 resumed_slices=0 elapsed_seconds=4.8
LAYER0_PROGRESS slice=36/64 states=[1120,1152) segments=0..=0 finished_slices=36/64 finished_states=1152/2048 resumed_slices=0 elapsed_seconds=4.9
LAYER0_PROGRESS slice=37/64 states=[1152,1184) segments=0..=0 finished_slices=37/64 finished_states=1184/2048 resumed_slices=0 elapsed_seconds=5.1
LAYER0_PROGRESS slice=38/64 states=[1184,1216) segments=0..=0 finished_slices=38/64 finished_states=1216/2048 resumed_slices=0 elapsed_seconds=5.2
LAYER0_PROGRESS slice=39/64 states=[1216,1248) segments=0..=0 finished_slices=39/64 finished_states=1248/2048 resumed_slices=0 elapsed_seconds=5.3
LAYER0_PROGRESS slice=40/64 states=[1248,1280) segments=0..=0 finished_slices=40/64 finished_states=1280/2048 resumed_slices=0 elapsed_seconds=5.6
LAYER0_PROGRESS slice=41/64 states=[1280,1312) segments=0..=0 finished_slices=41/64 finished_states=1312/2048 resumed_slices=0 elapsed_seconds=5.7
LAYER0_PROGRESS slice=42/64 states=[1312,1344) segments=0..=0 finished_slices=42/64 finished_states=1344/2048 resumed_slices=0 elapsed_seconds=5.8
LAYER0_PROGRESS slice=43/64 states=[1344,1376) segments=0..=0 finished_slices=43/64 finished_states=1376/2048 resumed_slices=0 elapsed_seconds=6.0
LAYER0_PROGRESS slice=44/64 states=[1376,1408) segments=0..=0 finished_slices=44/64 finished_states=1408/2048 resumed_slices=0 elapsed_seconds=6.1
LAYER0_PROGRESS slice=45/64 states=[1408,1440) segments=0..=0 finished_slices=45/64 finished_states=1440/2048 resumed_slices=0 elapsed_seconds=6.2
LAYER0_PROGRESS slice=46/64 states=[1440,1472) segments=0..=0 finished_slices=46/64 finished_states=1472/2048 resumed_slices=0 elapsed_seconds=6.5
LAYER0_PROGRESS slice=47/64 states=[1472,1504) segments=0..=0 finished_slices=47/64 finished_states=1504/2048 resumed_slices=0 elapsed_seconds=6.5
LAYER0_PROGRESS slice=48/64 states=[1504,1536) segments=0..=0 finished_slices=48/64 finished_states=1536/2048 resumed_slices=0 elapsed_seconds=6.6
LAYER0_PROGRESS slice=49/64 states=[1536,1568) segments=0..=0 finished_slices=49/64 finished_states=1568/2048 resumed_slices=0 elapsed_seconds=6.9
LAYER0_PROGRESS slice=50/64 states=[1568,1600) segments=0..=0 finished_slices=50/64 finished_states=1600/2048 resumed_slices=0 elapsed_seconds=6.9
LAYER0_PROGRESS slice=51/64 states=[1600,1632) segments=0..=0 finished_slices=51/64 finished_states=1632/2048 resumed_slices=0 elapsed_seconds=7.0
LAYER0_PROGRESS slice=52/64 states=[1632,1664) segments=0..=0 finished_slices=52/64 finished_states=1664/2048 resumed_slices=0 elapsed_seconds=7.3
LAYER0_PROGRESS slice=53/64 states=[1664,1696) segments=0..=0 finished_slices=53/64 finished_states=1696/2048 resumed_slices=0 elapsed_seconds=7.3
LAYER0_PROGRESS slice=54/64 states=[1696,1728) segments=0..=0 finished_slices=54/64 finished_states=1728/2048 resumed_slices=0 elapsed_seconds=7.4
LAYER0_PROGRESS slice=55/64 states=[1728,1760) segments=0..=0 finished_slices=55/64 finished_states=1760/2048 resumed_slices=0 elapsed_seconds=7.7
LAYER0_PROGRESS slice=56/64 states=[1760,1792) segments=0..=0 finished_slices=56/64 finished_states=1792/2048 resumed_slices=0 elapsed_seconds=7.7
LAYER0_PROGRESS slice=57/64 states=[1792,1824) segments=0..=0 finished_slices=57/64 finished_states=1824/2048 resumed_slices=0 elapsed_seconds=7.8
LAYER0_PROGRESS slice=58/64 states=[1824,1856) segments=0..=0 finished_slices=58/64 finished_states=1856/2048 resumed_slices=0 elapsed_seconds=8.1
LAYER0_PROGRESS slice=59/64 states=[1856,1888) segments=0..=0 finished_slices=59/64 finished_states=1888/2048 resumed_slices=0 elapsed_seconds=8.1
LAYER0_PROGRESS slice=60/64 states=[1888,1920) segments=0..=0 finished_slices=60/64 finished_states=1920/2048 resumed_slices=0 elapsed_seconds=8.2
LAYER0_PROGRESS slice=61/64 states=[1920,1952) segments=0..=0 finished_slices=61/64 finished_states=1952/2048 resumed_slices=0 elapsed_seconds=8.5
LAYER0_PROGRESS slice=62/64 states=[1952,1984) segments=0..=0 finished_slices=62/64 finished_states=1984/2048 resumed_slices=0 elapsed_seconds=8.5
LAYER0_PROGRESS slice=63/64 states=[1984,2016) segments=0..=0 finished_slices=63/64 finished_states=2016/2048 resumed_slices=0 elapsed_seconds=8.6
LAYER0_PROGRESS slice=64/64 states=[2016,2048) segments=0..=all_persisted finished_slices=64/64 finished_states=2048/2048 resumed_slices=0 elapsed_seconds=8.9
LAYER0_FINDINGS signatures=0 red_states=0 states=2048
LAYER0_PARALLEL_FINISHED states=2048 slices=64 worker_threads=3 configured_worker_threads=3 worker_threads_source=environment_variable resumed_slices=0 freshly_run_slices=64 progress_file_after_completion=none elapsed_seconds=8.9
SWEEP seed=1 entry=rollback fault=Some((Write, 12)) fired=Some((Write, 12, 1, 25755648)) outcome=Err Publish(PublishSequenceFailed { cause: BlockDevice(InputOutput(Custom { kind: Other, error: "注入的写错" })), writes_before_the_first_publish: WritesByStructureKind { counted: {} }, writes_of_persisted writes_before=11 writes_after=0 frozen=true resend=Ok checker=0 first=None read=FileRead root=Some((InstanceGeneration(2), CheckpointTxg(8))) content_ok=true remount=Ok checker_after_remount=0 first_after=None enum=states=2048 seconds=8.9 closed=2048 exact=2048 oracle=0 ignored=0 root_without_record=0 missing_unit=0 checker_red_states=0 first=None first_checker=None
LAYER0_PARALLEL_START states=4096 slices=64 states_per_slice=64 worker_threads=3 configured_worker_threads=3 worker_threads_source=environment_variable resumed_slices=0 freshly_run_slices=64
LAYER0_PROGRESS slice=3/64 states=[128,192) segments=0..=0 finished_slices=1/64 finished_states=64/4096 resumed_slices=0 elapsed_seconds=0.8
LAYER0_PROGRESS slice=2/64 states=[64,128) segments=0..=0 finished_slices=2/64 finished_states=128/4096 resumed_slices=0 elapsed_seconds=0.8
LAYER0_PROGRESS slice=1/64 states=[0,64) segments=0..=0 finished_slices=3/64 finished_states=192/4096 resumed_slices=0 elapsed_seconds=0.8
LAYER0_PROGRESS slice=4/64 states=[192,256) segments=0..=0 finished_slices=4/64 finished_states=256/4096 resumed_slices=0 elapsed_seconds=1.6
LAYER0_PROGRESS slice=5/64 states=[256,320) segments=0..=0 finished_slices=5/64 finished_states=320/4096 resumed_slices=0 elapsed_seconds=1.6
LAYER0_PROGRESS slice=6/64 states=[320,384) segments=0..=0 finished_slices=6/64 finished_states=384/4096 resumed_slices=0 elapsed_seconds=1.6
LAYER0_PROGRESS slice=8/64 states=[448,512) segments=0..=0 finished_slices=7/64 finished_states=448/4096 resumed_slices=0 elapsed_seconds=2.4
LAYER0_PROGRESS slice=7/64 states=[384,448) segments=0..=0 finished_slices=8/64 finished_states=512/4096 resumed_slices=0 elapsed_seconds=2.4
LAYER0_PROGRESS slice=9/64 states=[512,576) segments=0..=0 finished_slices=9/64 finished_states=576/4096 resumed_slices=0 elapsed_seconds=2.5
LAYER0_PROGRESS slice=10/64 states=[576,640) segments=0..=0 finished_slices=10/64 finished_states=640/4096 resumed_slices=0 elapsed_seconds=3.2
LAYER0_PROGRESS slice=11/64 states=[640,704) segments=0..=0 finished_slices=11/64 finished_states=704/4096 resumed_slices=0 elapsed_seconds=3.3
LAYER0_PROGRESS slice=12/64 states=[704,768) segments=0..=0 finished_slices=12/64 finished_states=768/4096 resumed_slices=0 elapsed_seconds=3.3
LAYER0_PROGRESS slice=13/64 states=[768,832) segments=0..=0 finished_slices=13/64 finished_states=832/4096 resumed_slices=0 elapsed_seconds=4.0
LAYER0_PROGRESS slice=14/64 states=[832,896) segments=0..=0 finished_slices=14/64 finished_states=896/4096 resumed_slices=0 elapsed_seconds=4.1
LAYER0_PROGRESS slice=15/64 states=[896,960) segments=0..=0 finished_slices=15/64 finished_states=960/4096 resumed_slices=0 elapsed_seconds=4.2
LAYER0_PROGRESS slice=16/64 states=[960,1024) segments=0..=0 finished_slices=16/64 finished_states=1024/4096 resumed_slices=0 elapsed_seconds=4.9
LAYER0_PROGRESS slice=17/64 states=[1024,1088) segments=0..=0 finished_slices=17/64 finished_states=1088/4096 resumed_slices=0 elapsed_seconds=4.9
LAYER0_PROGRESS slice=18/64 states=[1088,1152) segments=0..=0 finished_slices=18/64 finished_states=1152/4096 resumed_slices=0 elapsed_seconds=5.0
LAYER0_PROGRESS slice=19/64 states=[1152,1216) segments=0..=0 finished_slices=19/64 finished_states=1216/4096 resumed_slices=0 elapsed_seconds=5.7
LAYER0_PROGRESS slice=20/64 states=[1216,1280) segments=0..=0 finished_slices=20/64 finished_states=1280/4096 resumed_slices=0 elapsed_seconds=5.7
LAYER0_PROGRESS slice=21/64 states=[1280,1344) segments=0..=0 finished_slices=21/64 finished_states=1344/4096 resumed_slices=0 elapsed_seconds=5.8
LAYER0_PROGRESS slice=22/64 states=[1344,1408) segments=0..=0 finished_slices=22/64 finished_states=1408/4096 resumed_slices=0 elapsed_seconds=6.5
LAYER0_PROGRESS slice=23/64 states=[1408,1472) segments=0..=0 finished_slices=23/64 finished_states=1472/4096 resumed_slices=0 elapsed_seconds=6.5
LAYER0_PROGRESS slice=24/64 states=[1472,1536) segments=0..=0 finished_slices=24/64 finished_states=1536/4096 resumed_slices=0 elapsed_seconds=6.6
LAYER0_PROGRESS slice=25/64 states=[1536,1600) segments=0..=0 finished_slices=25/64 finished_states=1600/4096 resumed_slices=0 elapsed_seconds=7.3
LAYER0_PROGRESS slice=26/64 states=[1600,1664) segments=0..=0 finished_slices=26/64 finished_states=1664/4096 resumed_slices=0 elapsed_seconds=7.3
LAYER0_PROGRESS slice=27/64 states=[1664,1728) segments=0..=0 finished_slices=27/64 finished_states=1728/4096 resumed_slices=0 elapsed_seconds=7.4
LAYER0_PROGRESS slice=28/64 states=[1728,1792) segments=0..=0 finished_slices=28/64 finished_states=1792/4096 resumed_slices=0 elapsed_seconds=8.1
LAYER0_PROGRESS slice=29/64 states=[1792,1856) segments=0..=0 finished_slices=29/64 finished_states=1856/4096 resumed_slices=0 elapsed_seconds=8.1
LAYER0_PROGRESS slice=30/64 states=[1856,1920) segments=0..=0 finished_slices=30/64 finished_states=1920/4096 resumed_slices=0 elapsed_seconds=8.1
LAYER0_PROGRESS slice=31/64 states=[1920,1984) segments=0..=0 finished_slices=31/64 finished_states=1984/4096 resumed_slices=0 elapsed_seconds=8.8
LAYER0_PROGRESS slice=32/64 states=[1984,2048) segments=0..=0 finished_slices=32/64 finished_states=2048/4096 resumed_slices=0 elapsed_seconds=8.9
LAYER0_PROGRESS slice=33/64 states=[2048,2112) segments=0..=0 finished_slices=33/64 finished_states=2112/4096 resumed_slices=0 elapsed_seconds=8.9
LAYER0_PROGRESS slice=34/64 states=[2112,2176) segments=0..=0 finished_slices=34/64 finished_states=2176/4096 resumed_slices=0 elapsed_seconds=9.6
LAYER0_PROGRESS slice=35/64 states=[2176,2240) segments=0..=0 finished_slices=35/64 finished_states=2240/4096 resumed_slices=0 elapsed_seconds=9.7
LAYER0_PROGRESS slice=36/64 states=[2240,2304) segments=0..=0 finished_slices=36/64 finished_states=2304/4096 resumed_slices=0 elapsed_seconds=9.7
LAYER0_PROGRESS slice=37/64 states=[2304,2368) segments=0..=0 finished_slices=37/64 finished_states=2368/4096 resumed_slices=0 elapsed_seconds=10.4
LAYER0_PROGRESS slice=38/64 states=[2368,2432) segments=0..=0 finished_slices=38/64 finished_states=2432/4096 resumed_slices=0 elapsed_seconds=10.4
LAYER0_PROGRESS slice=39/64 states=[2432,2496) segments=0..=0 finished_slices=39/64 finished_states=2496/4096 resumed_slices=0 elapsed_seconds=10.5
LAYER0_PROGRESS slice=40/64 states=[2496,2560) segments=0..=0 finished_slices=40/64 finished_states=2560/4096 resumed_slices=0 elapsed_seconds=11.1
LAYER0_PROGRESS slice=41/64 states=[2560,2624) segments=0..=0 finished_slices=41/64 finished_states=2624/4096 resumed_slices=0 elapsed_seconds=11.2
LAYER0_PROGRESS slice=42/64 states=[2624,2688) segments=0..=0 finished_slices=42/64 finished_states=2688/4096 resumed_slices=0 elapsed_seconds=11.2
LAYER0_PROGRESS slice=43/64 states=[2688,2752) segments=0..=0 finished_slices=43/64 finished_states=2752/4096 resumed_slices=0 elapsed_seconds=11.9
LAYER0_PROGRESS slice=44/64 states=[2752,2816) segments=0..=0 finished_slices=44/64 finished_states=2816/4096 resumed_slices=0 elapsed_seconds=12.0
LAYER0_PROGRESS slice=45/64 states=[2816,2880) segments=0..=0 finished_slices=45/64 finished_states=2880/4096 resumed_slices=0 elapsed_seconds=12.0
LAYER0_PROGRESS slice=46/64 states=[2880,2944) segments=0..=0 finished_slices=46/64 finished_states=2944/4096 resumed_slices=0 elapsed_seconds=12.7
LAYER0_PROGRESS slice=47/64 states=[2944,3008) segments=0..=0 finished_slices=47/64 finished_states=3008/4096 resumed_slices=0 elapsed_seconds=12.8
LAYER0_PROGRESS slice=48/64 states=[3008,3072) segments=0..=0 finished_slices=48/64 finished_states=3072/4096 resumed_slices=0 elapsed_seconds=12.8
LAYER0_PROGRESS slice=49/64 states=[3072,3136) segments=0..=0 finished_slices=49/64 finished_states=3136/4096 resumed_slices=0 elapsed_seconds=13.5
LAYER0_PROGRESS slice=50/64 states=[3136,3200) segments=0..=0 finished_slices=50/64 finished_states=3200/4096 resumed_slices=0 elapsed_seconds=13.6
LAYER0_PROGRESS slice=51/64 states=[3200,3264) segments=0..=0 finished_slices=51/64 finished_states=3264/4096 resumed_slices=0 elapsed_seconds=13.6
LAYER0_PROGRESS slice=52/64 states=[3264,3328) segments=0..=0 finished_slices=52/64 finished_states=3328/4096 resumed_slices=0 elapsed_seconds=14.2
LAYER0_PROGRESS slice=53/64 states=[3328,3392) segments=0..=0 finished_slices=53/64 finished_states=3392/4096 resumed_slices=0 elapsed_seconds=14.3
LAYER0_PROGRESS slice=54/64 states=[3392,3456) segments=0..=0 finished_slices=54/64 finished_states=3456/4096 resumed_slices=0 elapsed_seconds=14.3
LAYER0_PROGRESS slice=55/64 states=[3456,3520) segments=0..=0 finished_slices=55/64 finished_states=3520/4096 resumed_slices=0 elapsed_seconds=15.0
LAYER0_PROGRESS slice=56/64 states=[3520,3584) segments=0..=0 finished_slices=56/64 finished_states=3584/4096 resumed_slices=0 elapsed_seconds=15.1
LAYER0_PROGRESS slice=57/64 states=[3584,3648) segments=0..=0 finished_slices=57/64 finished_states=3648/4096 resumed_slices=0 elapsed_seconds=15.1
LAYER0_PROGRESS slice=58/64 states=[3648,3712) segments=0..=0 finished_slices=58/64 finished_states=3712/4096 resumed_slices=0 elapsed_seconds=15.8
LAYER0_PROGRESS slice=60/64 states=[3776,3840) segments=0..=0 finished_slices=59/64 finished_states=3776/4096 resumed_slices=0 elapsed_seconds=15.9
LAYER0_PROGRESS slice=59/64 states=[3712,3776) segments=0..=0 finished_slices=60/64 finished_states=3840/4096 resumed_slices=0 elapsed_seconds=15.9
LAYER0_PROGRESS slice=61/64 states=[3840,3904) segments=0..=0 finished_slices=61/64 finished_states=3904/4096 resumed_slices=0 elapsed_seconds=16.5
LAYER0_PROGRESS slice=62/64 states=[3904,3968) segments=0..=0 finished_slices=62/64 finished_states=3968/4096 resumed_slices=0 elapsed_seconds=16.6
LAYER0_PROGRESS slice=63/64 states=[3968,4032) segments=0..=0 finished_slices=63/64 finished_states=4032/4096 resumed_slices=0 elapsed_seconds=16.6
LAYER0_PROGRESS slice=64/64 states=[4032,4096) segments=0..=all_persisted finished_slices=64/64 finished_states=4096/4096 resumed_slices=0 elapsed_seconds=17.3
LAYER0_FINDINGS signatures=0 red_states=0 states=4096
LAYER0_PARALLEL_FINISHED states=4096 slices=64 worker_threads=3 configured_worker_threads=3 worker_threads_source=environment_variable resumed_slices=0 freshly_run_slices=64 progress_file_after_completion=none elapsed_seconds=17.3
SWEEP seed=1 entry=rollback fault=Some((Write, 13)) fired=Some((Write, 13, 0, 16805888)) outcome=Err Publish(PublishSequenceFailed { cause: BlockDevice(InputOutput(Custom { kind: Other, error: "注入的写错" })), writes_before_the_first_publish: WritesByStructureKind { counted: {} }, writes_of_persisted writes_before=12 writes_after=0 frozen=true resend=Ok checker=0 first=None read=FileRead root=Some((InstanceGeneration(2), CheckpointTxg(8))) content_ok=true remount=Ok checker_after_remount=0 first_after=None enum=states=4096 seconds=17.3 closed=4096 exact=4096 oracle=0 ignored=0 root_without_record=0 missing_unit=0 checker_red_states=0 first=None first_checker=None
LAYER0_PARALLEL_START states=4097 slices=64 states_per_slice=65 worker_threads=3 configured_worker_threads=3 worker_threads_source=environment_variable resumed_slices=0 freshly_run_slices=64
LAYER0_PROGRESS slice=2/64 states=[65,130) segments=0..=0 finished_slices=1/64 finished_states=65/4097 resumed_slices=0 elapsed_seconds=0.8
LAYER0_PROGRESS slice=3/64 states=[130,195) segments=0..=0 finished_slices=2/64 finished_states=130/4097 resumed_slices=0 elapsed_seconds=0.8
LAYER0_PROGRESS slice=1/64 states=[0,65) segments=0..=0 finished_slices=3/64 finished_states=195/4097 resumed_slices=0 elapsed_seconds=0.8
LAYER0_PROGRESS slice=4/64 states=[195,260) segments=0..=0 finished_slices=4/64 finished_states=260/4097 resumed_slices=0 elapsed_seconds=1.6
LAYER0_PROGRESS slice=6/64 states=[325,390) segments=0..=0 finished_slices=5/64 finished_states=325/4097 resumed_slices=0 elapsed_seconds=1.6
LAYER0_PROGRESS slice=5/64 states=[260,325) segments=0..=0 finished_slices=6/64 finished_states=390/4097 resumed_slices=0 elapsed_seconds=1.6
LAYER0_PROGRESS slice=8/64 states=[455,520) segments=0..=0 finished_slices=7/64 finished_states=455/4097 resumed_slices=0 elapsed_seconds=2.3
LAYER0_PROGRESS slice=7/64 states=[390,455) segments=0..=0 finished_slices=8/64 finished_states=520/4097 resumed_slices=0 elapsed_seconds=2.3
LAYER0_PROGRESS slice=9/64 states=[520,585) segments=0..=0 finished_slices=9/64 finished_states=585/4097 resumed_slices=0 elapsed_seconds=2.3
LAYER0_PROGRESS slice=10/64 states=[585,650) segments=0..=0 finished_slices=10/64 finished_states=650/4097 resumed_slices=0 elapsed_seconds=3.1
LAYER0_PROGRESS slice=11/64 states=[650,715) segments=0..=0 finished_slices=11/64 finished_states=715/4097 resumed_slices=0 elapsed_seconds=3.1
LAYER0_PROGRESS slice=12/64 states=[715,780) segments=0..=0 finished_slices=12/64 finished_states=780/4097 resumed_slices=0 elapsed_seconds=3.1
LAYER0_PROGRESS slice=13/64 states=[780,845) segments=0..=0 finished_slices=13/64 finished_states=845/4097 resumed_slices=0 elapsed_seconds=3.8
LAYER0_PROGRESS slice=15/64 states=[910,975) segments=0..=0 finished_slices=14/64 finished_states=910/4097 resumed_slices=0 elapsed_seconds=3.8
LAYER0_PROGRESS slice=14/64 states=[845,910) segments=0..=0 finished_slices=15/64 finished_states=975/4097 resumed_slices=0 elapsed_seconds=3.8
LAYER0_PROGRESS slice=16/64 states=[975,1040) segments=0..=0 finished_slices=16/64 finished_states=1040/4097 resumed_slices=0 elapsed_seconds=4.6
LAYER0_PROGRESS slice=17/64 states=[1040,1105) segments=0..=0 finished_slices=17/64 finished_states=1105/4097 resumed_slices=0 elapsed_seconds=4.6
LAYER0_PROGRESS slice=18/64 states=[1105,1170) segments=0..=0 finished_slices=18/64 finished_states=1170/4097 resumed_slices=0 elapsed_seconds=4.6
LAYER0_PROGRESS slice=19/64 states=[1170,1235) segments=0..=0 finished_slices=19/64 finished_states=1235/4097 resumed_slices=0 elapsed_seconds=5.4
LAYER0_PROGRESS slice=20/64 states=[1235,1300) segments=0..=0 finished_slices=20/64 finished_states=1300/4097 resumed_slices=0 elapsed_seconds=5.4
LAYER0_PROGRESS slice=21/64 states=[1300,1365) segments=0..=0 finished_slices=21/64 finished_states=1365/4097 resumed_slices=0 elapsed_seconds=5.4
LAYER0_PROGRESS slice=22/64 states=[1365,1430) segments=0..=0 finished_slices=22/64 finished_states=1430/4097 resumed_slices=0 elapsed_seconds=6.1
LAYER0_PROGRESS slice=23/64 states=[1430,1495) segments=0..=0 finished_slices=23/64 finished_states=1495/4097 resumed_slices=0 elapsed_seconds=6.1
LAYER0_PROGRESS slice=24/64 states=[1495,1560) segments=0..=0 finished_slices=24/64 finished_states=1560/4097 resumed_slices=0 elapsed_seconds=6.1
LAYER0_PROGRESS slice=25/64 states=[1560,1625) segments=0..=0 finished_slices=25/64 finished_states=1625/4097 resumed_slices=0 elapsed_seconds=6.9
LAYER0_PROGRESS slice=26/64 states=[1625,1690) segments=0..=0 finished_slices=26/64 finished_states=1690/4097 resumed_slices=0 elapsed_seconds=6.9
LAYER0_PROGRESS slice=27/64 states=[1690,1755) segments=0..=0 finished_slices=27/64 finished_states=1755/4097 resumed_slices=0 elapsed_seconds=6.9
LAYER0_PROGRESS slice=28/64 states=[1755,1820) segments=0..=0 finished_slices=28/64 finished_states=1820/4097 resumed_slices=0 elapsed_seconds=7.7
LAYER0_PROGRESS slice=29/64 states=[1820,1885) segments=0..=0 finished_slices=29/64 finished_states=1885/4097 resumed_slices=0 elapsed_seconds=7.7
LAYER0_PROGRESS slice=30/64 states=[1885,1950) segments=0..=0 finished_slices=30/64 finished_states=1950/4097 resumed_slices=0 elapsed_seconds=7.7
LAYER0_PROGRESS slice=31/64 states=[1950,2015) segments=0..=0 finished_slices=31/64 finished_states=2015/4097 resumed_slices=0 elapsed_seconds=8.4
LAYER0_PROGRESS slice=32/64 states=[2015,2080) segments=0..=0 finished_slices=32/64 finished_states=2080/4097 resumed_slices=0 elapsed_seconds=8.4
LAYER0_PROGRESS slice=33/64 states=[2080,2145) segments=0..=0 finished_slices=33/64 finished_states=2145/4097 resumed_slices=0 elapsed_seconds=8.4
LAYER0_PROGRESS slice=34/64 states=[2145,2210) segments=0..=0 finished_slices=34/64 finished_states=2210/4097 resumed_slices=0 elapsed_seconds=9.2
LAYER0_PROGRESS slice=35/64 states=[2210,2275) segments=0..=0 finished_slices=35/64 finished_states=2275/4097 resumed_slices=0 elapsed_seconds=9.2
LAYER0_PROGRESS slice=36/64 states=[2275,2340) segments=0..=0 finished_slices=36/64 finished_states=2340/4097 resumed_slices=0 elapsed_seconds=9.2
LAYER0_PROGRESS slice=37/64 states=[2340,2405) segments=0..=0 finished_slices=37/64 finished_states=2405/4097 resumed_slices=0 elapsed_seconds=10.0
LAYER0_PROGRESS slice=38/64 states=[2405,2470) segments=0..=0 finished_slices=38/64 finished_states=2470/4097 resumed_slices=0 elapsed_seconds=10.0
LAYER0_PROGRESS slice=39/64 states=[2470,2535) segments=0..=0 finished_slices=39/64 finished_states=2535/4097 resumed_slices=0 elapsed_seconds=10.0
LAYER0_PROGRESS slice=41/64 states=[2600,2665) segments=0..=0 finished_slices=40/64 finished_states=2600/4097 resumed_slices=0 elapsed_seconds=10.7
LAYER0_PROGRESS slice=40/64 states=[2535,2600) segments=0..=0 finished_slices=41/64 finished_states=2665/4097 resumed_slices=0 elapsed_seconds=10.7
LAYER0_PROGRESS slice=42/64 states=[2665,2730) segments=0..=0 finished_slices=42/64 finished_states=2730/4097 resumed_slices=0 elapsed_seconds=10.7
LAYER0_PROGRESS slice=43/64 states=[2730,2795) segments=0..=0 finished_slices=43/64 finished_states=2795/4097 resumed_slices=0 elapsed_seconds=11.5
LAYER0_PROGRESS slice=44/64 states=[2795,2860) segments=0..=0 finished_slices=44/64 finished_states=2860/4097 resumed_slices=0 elapsed_seconds=11.5
LAYER0_PROGRESS slice=45/64 states=[2860,2925) segments=0..=0 finished_slices=45/64 finished_states=2925/4097 resumed_slices=0 elapsed_seconds=11.5
LAYER0_PROGRESS slice=46/64 states=[2925,2990) segments=0..=0 finished_slices=46/64 finished_states=2990/4097 resumed_slices=0 elapsed_seconds=12.2
LAYER0_PROGRESS slice=47/64 states=[2990,3055) segments=0..=0 finished_slices=47/64 finished_states=3055/4097 resumed_slices=0 elapsed_seconds=12.2
LAYER0_PROGRESS slice=48/64 states=[3055,3120) segments=0..=0 finished_slices=48/64 finished_states=3120/4097 resumed_slices=0 elapsed_seconds=12.3
LAYER0_PROGRESS slice=49/64 states=[3120,3185) segments=0..=0 finished_slices=49/64 finished_states=3185/4097 resumed_slices=0 elapsed_seconds=13.0
LAYER0_PROGRESS slice=50/64 states=[3185,3250) segments=0..=0 finished_slices=50/64 finished_states=3250/4097 resumed_slices=0 elapsed_seconds=13.0
LAYER0_PROGRESS slice=51/64 states=[3250,3315) segments=0..=0 finished_slices=51/64 finished_states=3315/4097 resumed_slices=0 elapsed_seconds=13.0
LAYER0_PROGRESS slice=52/64 states=[3315,3380) segments=0..=0 finished_slices=52/64 finished_states=3380/4097 resumed_slices=0 elapsed_seconds=13.7
LAYER0_PROGRESS slice=53/64 states=[3380,3445) segments=0..=0 finished_slices=53/64 finished_states=3445/4097 resumed_slices=0 elapsed_seconds=13.8
LAYER0_PROGRESS slice=54/64 states=[3445,3510) segments=0..=0 finished_slices=54/64 finished_states=3510/4097 resumed_slices=0 elapsed_seconds=13.8
LAYER0_PROGRESS slice=55/64 states=[3510,3575) segments=0..=0 finished_slices=55/64 finished_states=3575/4097 resumed_slices=0 elapsed_seconds=14.5
LAYER0_PROGRESS slice=56/64 states=[3575,3640) segments=0..=0 finished_slices=56/64 finished_states=3640/4097 resumed_slices=0 elapsed_seconds=14.5
LAYER0_PROGRESS slice=57/64 states=[3640,3705) segments=0..=0 finished_slices=57/64 finished_states=3705/4097 resumed_slices=0 elapsed_seconds=14.5
LAYER0_PROGRESS slice=58/64 states=[3705,3770) segments=0..=0 finished_slices=58/64 finished_states=3770/4097 resumed_slices=0 elapsed_seconds=15.2
LAYER0_PROGRESS slice=59/64 states=[3770,3835) segments=0..=0 finished_slices=59/64 finished_states=3835/4097 resumed_slices=0 elapsed_seconds=15.3
LAYER0_PROGRESS slice=60/64 states=[3835,3900) segments=0..=0 finished_slices=60/64 finished_states=3900/4097 resumed_slices=0 elapsed_seconds=15.3
LAYER0_PROGRESS slice=61/64 states=[3900,3965) segments=0..=0 finished_slices=61/64 finished_states=3965/4097 resumed_slices=0 elapsed_seconds=16.0
LAYER0_PROGRESS slice=62/64 states=[3965,4030) segments=0..=0 finished_slices=62/64 finished_states=4030/4097 resumed_slices=0 elapsed_seconds=16.0
LAYER0_PROGRESS slice=63/64 states=[4030,4095) segments=0..=0 finished_slices=63/64 finished_states=4095/4097 resumed_slices=0 elapsed_seconds=16.0
LAYER0_PROGRESS slice=64/64 states=[4095,4097) segments=1..=all_persisted finished_slices=64/64 finished_states=4097/4097 resumed_slices=0 elapsed_seconds=16.0
LAYER0_FINDINGS signatures=0 red_states=0 states=4097
LAYER0_PARALLEL_FINISHED states=4097 slices=64 worker_threads=3 configured_worker_threads=3 worker_threads_source=environment_variable resumed_slices=0 freshly_run_slices=64 progress_file_after_completion=none elapsed_seconds=16.0
SWEEP seed=1 entry=rollback fault=Some((Write, 14)) fired=Some((Write, 14, 1, 16805888)) outcome=Err Publish(PublishSequenceFailed { cause: BlockDevice(InputOutput(Custom { kind: Other, error: "注入的写错" })), writes_before_the_first_publish: WritesByStructureKind { counted: {} }, writes_of_persisted writes_before=13 writes_after=0 frozen=true resend=Ok checker=0 first=None read=FileRead root=Some((InstanceGeneration(2), CheckpointTxg(8))) content_ok=true remount=Ok checker_after_remount=0 first_after=None enum=states=4097 seconds=16.0 closed=4097 exact=4097 oracle=0 ignored=0 root_without_record=0 missing_unit=0 checker_red_states=0 first=None first_checker=None
LAYER0_PARALLEL_START states=4099 slices=64 states_per_slice=65 worker_threads=3 configured_worker_threads=3 worker_threads_source=environment_variable resumed_slices=0 freshly_run_slices=64
LAYER0_PROGRESS slice=1/64 states=[0,65) segments=0..=0 finished_slices=1/64 finished_states=65/4099 resumed_slices=0 elapsed_seconds=0.8
LAYER0_PROGRESS slice=2/64 states=[65,130) segments=0..=0 finished_slices=2/64 finished_states=130/4099 resumed_slices=0 elapsed_seconds=0.8
LAYER0_PROGRESS slice=3/64 states=[130,195) segments=0..=0 finished_slices=3/64 finished_states=195/4099 resumed_slices=0 elapsed_seconds=0.8
LAYER0_PROGRESS slice=4/64 states=[195,260) segments=0..=0 finished_slices=4/64 finished_states=260/4099 resumed_slices=0 elapsed_seconds=1.5
LAYER0_PROGRESS slice=5/64 states=[260,325) segments=0..=0 finished_slices=5/64 finished_states=325/4099 resumed_slices=0 elapsed_seconds=1.5
LAYER0_PROGRESS slice=6/64 states=[325,390) segments=0..=0 finished_slices=6/64 finished_states=390/4099 resumed_slices=0 elapsed_seconds=1.5
LAYER0_PROGRESS slice=9/64 states=[520,585) segments=0..=0 finished_slices=7/64 finished_states=455/4099 resumed_slices=0 elapsed_seconds=2.3
LAYER0_PROGRESS slice=8/64 states=[455,520) segments=0..=0 finished_slices=8/64 finished_states=520/4099 resumed_slices=0 elapsed_seconds=2.3
LAYER0_PROGRESS slice=7/64 states=[390,455) segments=0..=0 finished_slices=9/64 finished_states=585/4099 resumed_slices=0 elapsed_seconds=2.3
LAYER0_PROGRESS slice=12/64 states=[715,780) segments=0..=0 finished_slices=10/64 finished_states=650/4099 resumed_slices=0 elapsed_seconds=3.0
LAYER0_PROGRESS slice=11/64 states=[650,715) segments=0..=0 finished_slices=11/64 finished_states=715/4099 resumed_slices=0 elapsed_seconds=3.0
LAYER0_PROGRESS slice=10/64 states=[585,650) segments=0..=0 finished_slices=12/64 finished_states=780/4099 resumed_slices=0 elapsed_seconds=3.0
LAYER0_PROGRESS slice=15/64 states=[910,975) segments=0..=0 finished_slices=13/64 finished_states=845/4099 resumed_slices=0 elapsed_seconds=3.8
LAYER0_PROGRESS slice=14/64 states=[845,910) segments=0..=0 finished_slices=14/64 finished_states=910/4099 resumed_slices=0 elapsed_seconds=3.8
LAYER0_PROGRESS slice=13/64 states=[780,845) segments=0..=0 finished_slices=15/64 finished_states=975/4099 resumed_slices=0 elapsed_seconds=3.8
LAYER0_PROGRESS slice=16/64 states=[975,1040) segments=0..=0 finished_slices=16/64 finished_states=1040/4099 resumed_slices=0 elapsed_seconds=4.5
LAYER0_PROGRESS slice=17/64 states=[1040,1105) segments=0..=0 finished_slices=17/64 finished_states=1105/4099 resumed_slices=0 elapsed_seconds=4.5
LAYER0_PROGRESS slice=18/64 states=[1105,1170) segments=0..=0 finished_slices=18/64 finished_states=1170/4099 resumed_slices=0 elapsed_seconds=4.5
LAYER0_PROGRESS slice=19/64 states=[1170,1235) segments=0..=0 finished_slices=19/64 finished_states=1235/4099 resumed_slices=0 elapsed_seconds=5.2
LAYER0_PROGRESS slice=21/64 states=[1300,1365) segments=0..=0 finished_slices=20/64 finished_states=1300/4099 resumed_slices=0 elapsed_seconds=5.3
LAYER0_PROGRESS slice=20/64 states=[1235,1300) segments=0..=0 finished_slices=21/64 finished_states=1365/4099 resumed_slices=0 elapsed_seconds=5.3
LAYER0_PROGRESS slice=22/64 states=[1365,1430) segments=0..=0 finished_slices=22/64 finished_states=1430/4099 resumed_slices=0 elapsed_seconds=6.0
LAYER0_PROGRESS slice=24/64 states=[1495,1560) segments=0..=0 finished_slices=23/64 finished_states=1495/4099 resumed_slices=0 elapsed_seconds=6.0
LAYER0_PROGRESS slice=23/64 states=[1430,1495) segments=0..=0 finished_slices=24/64 finished_states=1560/4099 resumed_slices=0 elapsed_seconds=6.0
LAYER0_PROGRESS slice=25/64 states=[1560,1625) segments=0..=0 finished_slices=25/64 finished_states=1625/4099 resumed_slices=0 elapsed_seconds=6.7
LAYER0_PROGRESS slice=26/64 states=[1625,1690) segments=0..=0 finished_slices=26/64 finished_states=1690/4099 resumed_slices=0 elapsed_seconds=6.8
LAYER0_PROGRESS slice=27/64 states=[1690,1755) segments=0..=0 finished_slices=27/64 finished_states=1755/4099 resumed_slices=0 elapsed_seconds=6.8
test single_fault_ordinal_sweep_then_power_loss_over_seeded_histories has been running for over 60 seconds
LAYER0_PROGRESS slice=28/64 states=[1755,1820) segments=0..=0 finished_slices=28/64 finished_states=1820/4099 resumed_slices=0 elapsed_seconds=7.5
LAYER0_PROGRESS slice=29/64 states=[1820,1885) segments=0..=0 finished_slices=29/64 finished_states=1885/4099 resumed_slices=0 elapsed_seconds=7.5
LAYER0_PROGRESS slice=30/64 states=[1885,1950) segments=0..=0 finished_slices=30/64 finished_states=1950/4099 resumed_slices=0 elapsed_seconds=7.5
LAYER0_PROGRESS slice=31/64 states=[1950,2015) segments=0..=0 finished_slices=31/64 finished_states=2015/4099 resumed_slices=0 elapsed_seconds=8.2
LAYER0_PROGRESS slice=32/64 states=[2015,2080) segments=0..=0 finished_slices=32/64 finished_states=2080/4099 resumed_slices=0 elapsed_seconds=8.2
LAYER0_PROGRESS slice=33/64 states=[2080,2145) segments=0..=0 finished_slices=33/64 finished_states=2145/4099 resumed_slices=0 elapsed_seconds=8.3
LAYER0_PROGRESS slice=34/64 states=[2145,2210) segments=0..=0 finished_slices=34/64 finished_states=2210/4099 resumed_slices=0 elapsed_seconds=9.0
LAYER0_PROGRESS slice=35/64 states=[2210,2275) segments=0..=0 finished_slices=35/64 finished_states=2275/4099 resumed_slices=0 elapsed_seconds=9.0
LAYER0_PROGRESS slice=36/64 states=[2275,2340) segments=0..=0 finished_slices=36/64 finished_states=2340/4099 resumed_slices=0 elapsed_seconds=9.0
LAYER0_PROGRESS slice=37/64 states=[2340,2405) segments=0..=0 finished_slices=37/64 finished_states=2405/4099 resumed_slices=0 elapsed_seconds=9.7
LAYER0_PROGRESS slice=38/64 states=[2405,2470) segments=0..=0 finished_slices=38/64 finished_states=2470/4099 resumed_slices=0 elapsed_seconds=9.7
LAYER0_PROGRESS slice=39/64 states=[2470,2535) segments=0..=0 finished_slices=39/64 finished_states=2535/4099 resumed_slices=0 elapsed_seconds=9.8
LAYER0_PROGRESS slice=40/64 states=[2535,2600) segments=0..=0 finished_slices=40/64 finished_states=2600/4099 resumed_slices=0 elapsed_seconds=10.5
LAYER0_PROGRESS slice=41/64 states=[2600,2665) segments=0..=0 finished_slices=41/64 finished_states=2665/4099 resumed_slices=0 elapsed_seconds=10.5
LAYER0_PROGRESS slice=42/64 states=[2665,2730) segments=0..=0 finished_slices=42/64 finished_states=2730/4099 resumed_slices=0 elapsed_seconds=10.5
LAYER0_PROGRESS slice=44/64 states=[2795,2860) segments=0..=0 finished_slices=43/64 finished_states=2795/4099 resumed_slices=0 elapsed_seconds=11.2
LAYER0_PROGRESS slice=43/64 states=[2730,2795) segments=0..=0 finished_slices=44/64 finished_states=2860/4099 resumed_slices=0 elapsed_seconds=11.2
LAYER0_PROGRESS slice=45/64 states=[2860,2925) segments=0..=0 finished_slices=45/64 finished_states=2925/4099 resumed_slices=0 elapsed_seconds=11.3
LAYER0_PROGRESS slice=46/64 states=[2925,2990) segments=0..=0 finished_slices=46/64 finished_states=2990/4099 resumed_slices=0 elapsed_seconds=12.0
LAYER0_PROGRESS slice=47/64 states=[2990,3055) segments=0..=0 finished_slices=47/64 finished_states=3055/4099 resumed_slices=0 elapsed_seconds=12.0
LAYER0_PROGRESS slice=48/64 states=[3055,3120) segments=0..=0 finished_slices=48/64 finished_states=3120/4099 resumed_slices=0 elapsed_seconds=12.0
LAYER0_PROGRESS slice=49/64 states=[3120,3185) segments=0..=0 finished_slices=49/64 finished_states=3185/4099 resumed_slices=0 elapsed_seconds=12.7
LAYER0_PROGRESS slice=50/64 states=[3185,3250) segments=0..=0 finished_slices=50/64 finished_states=3250/4099 resumed_slices=0 elapsed_seconds=12.7
LAYER0_PROGRESS slice=51/64 states=[3250,3315) segments=0..=0 finished_slices=51/64 finished_states=3315/4099 resumed_slices=0 elapsed_seconds=12.8
LAYER0_PROGRESS slice=52/64 states=[3315,3380) segments=0..=0 finished_slices=52/64 finished_states=3380/4099 resumed_slices=0 elapsed_seconds=13.5
LAYER0_PROGRESS slice=53/64 states=[3380,3445) segments=0..=0 finished_slices=53/64 finished_states=3445/4099 resumed_slices=0 elapsed_seconds=13.5
LAYER0_PROGRESS slice=54/64 states=[3445,3510) segments=0..=0 finished_slices=54/64 finished_states=3510/4099 resumed_slices=0 elapsed_seconds=13.5
LAYER0_PROGRESS slice=55/64 states=[3510,3575) segments=0..=0 finished_slices=55/64 finished_states=3575/4099 resumed_slices=0 elapsed_seconds=14.2
LAYER0_PROGRESS slice=56/64 states=[3575,3640) segments=0..=0 finished_slices=56/64 finished_states=3640/4099 resumed_slices=0 elapsed_seconds=14.2
LAYER0_PROGRESS slice=57/64 states=[3640,3705) segments=0..=0 finished_slices=57/64 finished_states=3705/4099 resumed_slices=0 elapsed_seconds=14.3
LAYER0_PROGRESS slice=58/64 states=[3705,3770) segments=0..=0 finished_slices=58/64 finished_states=3770/4099 resumed_slices=0 elapsed_seconds=15.0
LAYER0_PROGRESS slice=59/64 states=[3770,3835) segments=0..=0 finished_slices=59/64 finished_states=3835/4099 resumed_slices=0 elapsed_seconds=15.0
LAYER0_PROGRESS slice=60/64 states=[3835,3900) segments=0..=0 finished_slices=60/64 finished_states=3900/4099 resumed_slices=0 elapsed_seconds=15.0
LAYER0_PROGRESS slice=61/64 states=[3900,3965) segments=0..=0 finished_slices=61/64 finished_states=3965/4099 resumed_slices=0 elapsed_seconds=15.7
LAYER0_PROGRESS slice=62/64 states=[3965,4030) segments=0..=0 finished_slices=62/64 finished_states=4030/4099 resumed_slices=0 elapsed_seconds=15.7
LAYER0_PROGRESS slice=63/64 states=[4030,4095) segments=0..=0 finished_slices=63/64 finished_states=4095/4099 resumed_slices=0 elapsed_seconds=15.8
LAYER0_PROGRESS slice=64/64 states=[4095,4099) segments=1..=all_persisted finished_slices=64/64 finished_states=4099/4099 resumed_slices=0 elapsed_seconds=15.8
LAYER0_FINDINGS signatures=0 red_states=0 states=4099
LAYER0_PARALLEL_FINISHED states=4099 slices=64 worker_threads=3 configured_worker_threads=3 worker_threads_source=environment_variable resumed_slices=0 freshly_run_slices=64 progress_file_after_completion=none elapsed_seconds=15.8
SWEEP seed=1 entry=rollback fault=Some((Write, 15)) fired=Some((Write, 15, 0, 7348224)) outcome=Err Publish(PublishSequenceFailed { cause: BlockDevice(InputOutput(Custom { kind: Other, error: "注入的写错" })), writes_before_the_first_publish: WritesByStructureKind { counted: {} }, writes_of_persisted writes_before=14 writes_after=0 frozen=true resend=Ok checker=0 first=None read=FileRead root=Some((InstanceGeneration(2), CheckpointTxg(8))) content_ok=true remount=Ok checker_after_remount=0 first_after=None enum=states=4099 seconds=15.8 closed=4099 exact=4099 oracle=0 ignored=0 root_without_record=0 missing_unit=0 checker_red_states=0 first=None first_checker=None
LAYER0_PARALLEL_START states=4100 slices=64 states_per_slice=65 worker_threads=3 configured_worker_threads=3 worker_threads_source=environment_variable resumed_slices=0 freshly_run_slices=64
LAYER0_PROGRESS slice=1/64 states=[0,65) segments=0..=0 finished_slices=1/64 finished_states=65/4100 resumed_slices=0 elapsed_seconds=0.8
LAYER0_PROGRESS slice=2/64 states=[65,130) segments=0..=0 finished_slices=2/64 finished_states=130/4100 resumed_slices=0 elapsed_seconds=0.8
LAYER0_PROGRESS slice=3/64 states=[130,195) segments=0..=0 finished_slices=3/64 finished_states=195/4100 resumed_slices=0 elapsed_seconds=0.8
LAYER0_PROGRESS slice=5/64 states=[260,325) segments=0..=0 finished_slices=4/64 finished_states=260/4100 resumed_slices=0 elapsed_seconds=1.5
LAYER0_PROGRESS slice=4/64 states=[195,260) segments=0..=0 finished_slices=5/64 finished_states=325/4100 resumed_slices=0 elapsed_seconds=1.5
LAYER0_PROGRESS slice=6/64 states=[325,390) segments=0..=0 finished_slices=6/64 finished_states=390/4100 resumed_slices=0 elapsed_seconds=1.5
LAYER0_PROGRESS slice=7/64 states=[390,455) segments=0..=0 finished_slices=7/64 finished_states=455/4100 resumed_slices=0 elapsed_seconds=2.2
LAYER0_PROGRESS slice=9/64 states=[520,585) segments=0..=0 finished_slices=8/64 finished_states=520/4100 resumed_slices=0 elapsed_seconds=2.2
LAYER0_PROGRESS slice=8/64 states=[455,520) segments=0..=0 finished_slices=9/64 finished_states=585/4100 resumed_slices=0 elapsed_seconds=2.3
LAYER0_PROGRESS slice=10/64 states=[585,650) segments=0..=0 finished_slices=10/64 finished_states=650/4100 resumed_slices=0 elapsed_seconds=3.0
LAYER0_PROGRESS slice=11/64 states=[650,715) segments=0..=0 finished_slices=11/64 finished_states=715/4100 resumed_slices=0 elapsed_seconds=3.0
LAYER0_PROGRESS slice=12/64 states=[715,780) segments=0..=0 finished_slices=12/64 finished_states=780/4100 resumed_slices=0 elapsed_seconds=3.0
LAYER0_PROGRESS slice=13/64 states=[780,845) segments=0..=0 finished_slices=13/64 finished_states=845/4100 resumed_slices=0 elapsed_seconds=3.7
LAYER0_PROGRESS slice=15/64 states=[910,975) segments=0..=0 finished_slices=14/64 finished_states=910/4100 resumed_slices=0 elapsed_seconds=3.7
LAYER0_PROGRESS slice=14/64 states=[845,910) segments=0..=0 finished_slices=15/64 finished_states=975/4100 resumed_slices=0 elapsed_seconds=3.8
LAYER0_PROGRESS slice=16/64 states=[975,1040) segments=0..=0 finished_slices=16/64 finished_states=1040/4100 resumed_slices=0 elapsed_seconds=4.5
LAYER0_PROGRESS slice=17/64 states=[1040,1105) segments=0..=0 finished_slices=17/64 finished_states=1105/4100 resumed_slices=0 elapsed_seconds=4.5
LAYER0_PROGRESS slice=18/64 states=[1105,1170) segments=0..=0 finished_slices=18/64 finished_states=1170/4100 resumed_slices=0 elapsed_seconds=4.5
LAYER0_PROGRESS slice=19/64 states=[1170,1235) segments=0..=0 finished_slices=19/64 finished_states=1235/4100 resumed_slices=0 elapsed_seconds=5.2
LAYER0_PROGRESS slice=20/64 states=[1235,1300) segments=0..=0 finished_slices=20/64 finished_states=1300/4100 resumed_slices=0 elapsed_seconds=5.2
LAYER0_PROGRESS slice=21/64 states=[1300,1365) segments=0..=0 finished_slices=21/64 finished_states=1365/4100 resumed_slices=0 elapsed_seconds=5.3
LAYER0_PROGRESS slice=22/64 states=[1365,1430) segments=0..=0 finished_slices=22/64 finished_states=1430/4100 resumed_slices=0 elapsed_seconds=6.0
LAYER0_PROGRESS slice=23/64 states=[1430,1495) segments=0..=0 finished_slices=23/64 finished_states=1495/4100 resumed_slices=0 elapsed_seconds=6.0
LAYER0_PROGRESS slice=24/64 states=[1495,1560) segments=0..=0 finished_slices=24/64 finished_states=1560/4100 resumed_slices=0 elapsed_seconds=6.0
LAYER0_PROGRESS slice=25/64 states=[1560,1625) segments=0..=0 finished_slices=25/64 finished_states=1625/4100 resumed_slices=0 elapsed_seconds=6.7
LAYER0_PROGRESS slice=26/64 states=[1625,1690) segments=0..=0 finished_slices=26/64 finished_states=1690/4100 resumed_slices=0 elapsed_seconds=6.8
LAYER0_PROGRESS slice=27/64 states=[1690,1755) segments=0..=0 finished_slices=27/64 finished_states=1755/4100 resumed_slices=0 elapsed_seconds=6.8
LAYER0_PROGRESS slice=28/64 states=[1755,1820) segments=0..=0 finished_slices=28/64 finished_states=1820/4100 resumed_slices=0 elapsed_seconds=7.5
LAYER0_PROGRESS slice=29/64 states=[1820,1885) segments=0..=0 finished_slices=29/64 finished_states=1885/4100 resumed_slices=0 elapsed_seconds=7.5
LAYER0_PROGRESS slice=30/64 states=[1885,1950) segments=0..=0 finished_slices=30/64 finished_states=1950/4100 resumed_slices=0 elapsed_seconds=7.5
LAYER0_PROGRESS slice=31/64 states=[1950,2015) segments=0..=0 finished_slices=31/64 finished_states=2015/4100 resumed_slices=0 elapsed_seconds=8.3
LAYER0_PROGRESS slice=33/64 states=[2080,2145) segments=0..=0 finished_slices=32/64 finished_states=2080/4100 resumed_slices=0 elapsed_seconds=8.3
LAYER0_PROGRESS slice=32/64 states=[2015,2080) segments=0..=0 finished_slices=33/64 finished_states=2145/4100 resumed_slices=0 elapsed_seconds=8.3
LAYER0_PROGRESS slice=34/64 states=[2145,2210) segments=0..=0 finished_slices=34/64 finished_states=2210/4100 resumed_slices=0 elapsed_seconds=9.0
LAYER0_PROGRESS slice=35/64 states=[2210,2275) segments=0..=0 finished_slices=35/64 finished_states=2275/4100 resumed_slices=0 elapsed_seconds=9.0
LAYER0_PROGRESS slice=36/64 states=[2275,2340) segments=0..=0 finished_slices=36/64 finished_states=2340/4100 resumed_slices=0 elapsed_seconds=9.0
LAYER0_PROGRESS slice=37/64 states=[2340,2405) segments=0..=0 finished_slices=37/64 finished_states=2405/4100 resumed_slices=0 elapsed_seconds=9.8
LAYER0_PROGRESS slice=38/64 states=[2405,2470) segments=0..=0 finished_slices=38/64 finished_states=2470/4100 resumed_slices=0 elapsed_seconds=9.8
LAYER0_PROGRESS slice=39/64 states=[2470,2535) segments=0..=0 finished_slices=39/64 finished_states=2535/4100 resumed_slices=0 elapsed_seconds=9.8
LAYER0_PROGRESS slice=40/64 states=[2535,2600) segments=0..=0 finished_slices=40/64 finished_states=2600/4100 resumed_slices=0 elapsed_seconds=10.5
LAYER0_PROGRESS slice=41/64 states=[2600,2665) segments=0..=0 finished_slices=41/64 finished_states=2665/4100 resumed_slices=0 elapsed_seconds=10.5
LAYER0_PROGRESS slice=42/64 states=[2665,2730) segments=0..=0 finished_slices=42/64 finished_states=2730/4100 resumed_slices=0 elapsed_seconds=10.5
LAYER0_PROGRESS slice=43/64 states=[2730,2795) segments=0..=0 finished_slices=43/64 finished_states=2795/4100 resumed_slices=0 elapsed_seconds=11.3
LAYER0_PROGRESS slice=44/64 states=[2795,2860) segments=0..=0 finished_slices=44/64 finished_states=2860/4100 resumed_slices=0 elapsed_seconds=11.3
LAYER0_PROGRESS slice=45/64 states=[2860,2925) segments=0..=0 finished_slices=45/64 finished_states=2925/4100 resumed_slices=0 elapsed_seconds=11.3
LAYER0_PROGRESS slice=46/64 states=[2925,2990) segments=0..=0 finished_slices=46/64 finished_states=2990/4100 resumed_slices=0 elapsed_seconds=12.0
LAYER0_PROGRESS slice=47/64 states=[2990,3055) segments=0..=0 finished_slices=47/64 finished_states=3055/4100 resumed_slices=0 elapsed_seconds=12.0
LAYER0_PROGRESS slice=48/64 states=[3055,3120) segments=0..=0 finished_slices=48/64 finished_states=3120/4100 resumed_slices=0 elapsed_seconds=12.0
LAYER0_PROGRESS slice=49/64 states=[3120,3185) segments=0..=0 finished_slices=49/64 finished_states=3185/4100 resumed_slices=0 elapsed_seconds=12.8
LAYER0_PROGRESS slice=50/64 states=[3185,3250) segments=0..=0 finished_slices=50/64 finished_states=3250/4100 resumed_slices=0 elapsed_seconds=12.8
LAYER0_PROGRESS slice=51/64 states=[3250,3315) segments=0..=0 finished_slices=51/64 finished_states=3315/4100 resumed_slices=0 elapsed_seconds=12.8
LAYER0_PROGRESS slice=52/64 states=[3315,3380) segments=0..=0 finished_slices=52/64 finished_states=3380/4100 resumed_slices=0 elapsed_seconds=13.5
LAYER0_PROGRESS slice=53/64 states=[3380,3445) segments=0..=0 finished_slices=53/64 finished_states=3445/4100 resumed_slices=0 elapsed_seconds=13.5
LAYER0_PROGRESS slice=54/64 states=[3445,3510) segments=0..=0 finished_slices=54/64 finished_states=3510/4100 resumed_slices=0 elapsed_seconds=13.5
LAYER0_PROGRESS slice=55/64 states=[3510,3575) segments=0..=0 finished_slices=55/64 finished_states=3575/4100 resumed_slices=0 elapsed_seconds=14.3
LAYER0_PROGRESS slice=56/64 states=[3575,3640) segments=0..=0 finished_slices=56/64 finished_states=3640/4100 resumed_slices=0 elapsed_seconds=14.3
LAYER0_PROGRESS slice=57/64 states=[3640,3705) segments=0..=0 finished_slices=57/64 finished_states=3705/4100 resumed_slices=0 elapsed_seconds=14.3
LAYER0_PROGRESS slice=58/64 states=[3705,3770) segments=0..=0 finished_slices=58/64 finished_states=3770/4100 resumed_slices=0 elapsed_seconds=15.0
LAYER0_PROGRESS slice=59/64 states=[3770,3835) segments=0..=0 finished_slices=59/64 finished_states=3835/4100 resumed_slices=0 elapsed_seconds=15.1
LAYER0_PROGRESS slice=60/64 states=[3835,3900) segments=0..=0 finished_slices=60/64 finished_states=3900/4100 resumed_slices=0 elapsed_seconds=15.1
LAYER0_PROGRESS slice=61/64 states=[3900,3965) segments=0..=0 finished_slices=61/64 finished_states=3965/4100 resumed_slices=0 elapsed_seconds=15.8
LAYER0_PROGRESS slice=62/64 states=[3965,4030) segments=0..=0 finished_slices=62/64 finished_states=4030/4100 resumed_slices=0 elapsed_seconds=15.8
LAYER0_PROGRESS slice=63/64 states=[4030,4095) segments=0..=0 finished_slices=63/64 finished_states=4095/4100 resumed_slices=0 elapsed_seconds=15.8
LAYER0_PROGRESS slice=64/64 states=[4095,4100) segments=1..=all_persisted finished_slices=64/64 finished_states=4100/4100 resumed_slices=0 elapsed_seconds=15.9
LAYER0_FINDINGS signatures=0 red_states=0 states=4100
LAYER0_PARALLEL_FINISHED states=4100 slices=64 worker_threads=3 configured_worker_threads=3 worker_threads_source=environment_variable resumed_slices=0 freshly_run_slices=64 progress_file_after_completion=none elapsed_seconds=15.9
SWEEP seed=1 entry=rollback fault=Some((Write, 16)) fired=Some((Write, 16, 0, 4096)) outcome=Err Publish(PublishSequenceFailed { cause: BlockDevice(InputOutput(Custom { kind: Other, error: "注入的写错" })), writes_before_the_first_publish: WritesByStructureKind { counted: {} }, writes_of_persisted writes_before=15 writes_after=0 frozen=true resend=Ok checker=0 first=None read=FileRead root=Some((InstanceGeneration(2), CheckpointTxg(8))) content_ok=true remount=Ok checker_after_remount=0 first_after=None enum=states=4100 seconds=15.9 closed=4100 exact=4100 oracle=0 ignored=0 root_without_record=0 missing_unit=0 checker_red_states=0 first=None first_checker=None
LAYER0_PARALLEL_START states=4102 slices=64 states_per_slice=65 worker_threads=3 configured_worker_threads=3 worker_threads_source=environment_variable resumed_slices=0 freshly_run_slices=64
LAYER0_PROGRESS slice=1/64 states=[0,65) segments=0..=0 finished_slices=1/64 finished_states=65/4102 resumed_slices=0 elapsed_seconds=0.8
LAYER0_PROGRESS slice=3/64 states=[130,195) segments=0..=0 finished_slices=2/64 finished_states=130/4102 resumed_slices=0 elapsed_seconds=0.8
LAYER0_PROGRESS slice=2/64 states=[65,130) segments=0..=0 finished_slices=3/64 finished_states=195/4102 resumed_slices=0 elapsed_seconds=0.8
LAYER0_PROGRESS slice=5/64 states=[260,325) segments=0..=0 finished_slices=4/64 finished_states=260/4102 resumed_slices=0 elapsed_seconds=1.5
LAYER0_PROGRESS slice=4/64 states=[195,260) segments=0..=0 finished_slices=5/64 finished_states=325/4102 resumed_slices=0 elapsed_seconds=1.6
LAYER0_PROGRESS slice=6/64 states=[325,390) segments=0..=0 finished_slices=6/64 finished_states=390/4102 resumed_slices=0 elapsed_seconds=1.6
LAYER0_PROGRESS slice=7/64 states=[390,455) segments=0..=0 finished_slices=7/64 finished_states=455/4102 resumed_slices=0 elapsed_seconds=2.3
LAYER0_PROGRESS slice=8/64 states=[455,520) segments=0..=0 finished_slices=8/64 finished_states=520/4102 resumed_slices=0 elapsed_seconds=2.3
LAYER0_PROGRESS slice=9/64 states=[520,585) segments=0..=0 finished_slices=9/64 finished_states=585/4102 resumed_slices=0 elapsed_seconds=2.4
LAYER0_PROGRESS slice=10/64 states=[585,650) segments=0..=0 finished_slices=10/64 finished_states=650/4102 resumed_slices=0 elapsed_seconds=3.1
LAYER0_PROGRESS slice=11/64 states=[650,715) segments=0..=0 finished_slices=11/64 finished_states=715/4102 resumed_slices=0 elapsed_seconds=3.1
LAYER0_PROGRESS slice=12/64 states=[715,780) segments=0..=0 finished_slices=12/64 finished_states=780/4102 resumed_slices=0 elapsed_seconds=3.1
LAYER0_PROGRESS slice=13/64 states=[780,845) segments=0..=0 finished_slices=13/64 finished_states=845/4102 resumed_slices=0 elapsed_seconds=3.9
LAYER0_PROGRESS slice=14/64 states=[845,910) segments=0..=0 finished_slices=14/64 finished_states=910/4102 resumed_slices=0 elapsed_seconds=3.9
LAYER0_PROGRESS slice=15/64 states=[910,975) segments=0..=0 finished_slices=15/64 finished_states=975/4102 resumed_slices=0 elapsed_seconds=3.9
LAYER0_PROGRESS slice=16/64 states=[975,1040) segments=0..=0 finished_slices=16/64 finished_states=1040/4102 resumed_slices=0 elapsed_seconds=4.6
LAYER0_PROGRESS slice=17/64 states=[1040,1105) segments=0..=0 finished_slices=17/64 finished_states=1105/4102 resumed_slices=0 elapsed_seconds=4.7
LAYER0_PROGRESS slice=18/64 states=[1105,1170) segments=0..=0 finished_slices=18/64 finished_states=1170/4102 resumed_slices=0 elapsed_seconds=4.7
LAYER0_PROGRESS slice=19/64 states=[1170,1235) segments=0..=0 finished_slices=19/64 finished_states=1235/4102 resumed_slices=0 elapsed_seconds=5.4
LAYER0_PROGRESS slice=20/64 states=[1235,1300) segments=0..=0 finished_slices=20/64 finished_states=1300/4102 resumed_slices=0 elapsed_seconds=5.4
LAYER0_PROGRESS slice=21/64 states=[1300,1365) segments=0..=0 finished_slices=21/64 finished_states=1365/4102 resumed_slices=0 elapsed_seconds=5.5
LAYER0_PROGRESS slice=22/64 states=[1365,1430) segments=0..=0 finished_slices=22/64 finished_states=1430/4102 resumed_slices=0 elapsed_seconds=6.2
LAYER0_PROGRESS slice=23/64 states=[1430,1495) segments=0..=0 finished_slices=23/64 finished_states=1495/4102 resumed_slices=0 elapsed_seconds=6.2
LAYER0_PROGRESS slice=24/64 states=[1495,1560) segments=0..=0 finished_slices=24/64 finished_states=1560/4102 resumed_slices=0 elapsed_seconds=6.3
LAYER0_PROGRESS slice=25/64 states=[1560,1625) segments=0..=0 finished_slices=25/64 finished_states=1625/4102 resumed_slices=0 elapsed_seconds=7.0
LAYER0_PROGRESS slice=26/64 states=[1625,1690) segments=0..=0 finished_slices=26/64 finished_states=1690/4102 resumed_slices=0 elapsed_seconds=7.0
LAYER0_PROGRESS slice=27/64 states=[1690,1755) segments=0..=0 finished_slices=27/64 finished_states=1755/4102 resumed_slices=0 elapsed_seconds=7.1
LAYER0_PROGRESS slice=28/64 states=[1755,1820) segments=0..=0 finished_slices=28/64 finished_states=1820/4102 resumed_slices=0 elapsed_seconds=7.8
LAYER0_PROGRESS slice=29/64 states=[1820,1885) segments=0..=0 finished_slices=29/64 finished_states=1885/4102 resumed_slices=0 elapsed_seconds=7.8
LAYER0_PROGRESS slice=30/64 states=[1885,1950) segments=0..=0 finished_slices=30/64 finished_states=1950/4102 resumed_slices=0 elapsed_seconds=7.8
LAYER0_PROGRESS slice=31/64 states=[1950,2015) segments=0..=0 finished_slices=31/64 finished_states=2015/4102 resumed_slices=0 elapsed_seconds=8.6
LAYER0_PROGRESS slice=32/64 states=[2015,2080) segments=0..=0 finished_slices=32/64 finished_states=2080/4102 resumed_slices=0 elapsed_seconds=8.6
LAYER0_PROGRESS slice=33/64 states=[2080,2145) segments=0..=0 finished_slices=33/64 finished_states=2145/4102 resumed_slices=0 elapsed_seconds=8.6
LAYER0_PROGRESS slice=34/64 states=[2145,2210) segments=0..=0 finished_slices=34/64 finished_states=2210/4102 resumed_slices=0 elapsed_seconds=9.4
LAYER0_PROGRESS slice=35/64 states=[2210,2275) segments=0..=0 finished_slices=35/64 finished_states=2275/4102 resumed_slices=0 elapsed_seconds=9.4
LAYER0_PROGRESS slice=36/64 states=[2275,2340) segments=0..=0 finished_slices=36/64 finished_states=2340/4102 resumed_slices=0 elapsed_seconds=9.4
LAYER0_PROGRESS slice=37/64 states=[2340,2405) segments=0..=0 finished_slices=37/64 finished_states=2405/4102 resumed_slices=0 elapsed_seconds=10.1
LAYER0_PROGRESS slice=38/64 states=[2405,2470) segments=0..=0 finished_slices=38/64 finished_states=2470/4102 resumed_slices=0 elapsed_seconds=10.1
LAYER0_PROGRESS slice=39/64 states=[2470,2535) segments=0..=0 finished_slices=39/64 finished_states=2535/4102 resumed_slices=0 elapsed_seconds=10.2
LAYER0_PROGRESS slice=40/64 states=[2535,2600) segments=0..=0 finished_slices=40/64 finished_states=2600/4102 resumed_slices=0 elapsed_seconds=10.9
LAYER0_PROGRESS slice=41/64 states=[2600,2665) segments=0..=0 finished_slices=41/64 finished_states=2665/4102 resumed_slices=0 elapsed_seconds=10.9
LAYER0_PROGRESS slice=42/64 states=[2665,2730) segments=0..=0 finished_slices=42/64 finished_states=2730/4102 resumed_slices=0 elapsed_seconds=11.0
LAYER0_PROGRESS slice=43/64 states=[2730,2795) segments=0..=0 finished_slices=43/64 finished_states=2795/4102 resumed_slices=0 elapsed_seconds=11.7
LAYER0_PROGRESS slice=44/64 states=[2795,2860) segments=0..=0 finished_slices=44/64 finished_states=2860/4102 resumed_slices=0 elapsed_seconds=11.7
LAYER0_PROGRESS slice=45/64 states=[2860,2925) segments=0..=0 finished_slices=45/64 finished_states=2925/4102 resumed_slices=0 elapsed_seconds=11.7
LAYER0_PROGRESS slice=46/64 states=[2925,2990) segments=0..=0 finished_slices=46/64 finished_states=2990/4102 resumed_slices=0 elapsed_seconds=12.5
LAYER0_PROGRESS slice=47/64 states=[2990,3055) segments=0..=0 finished_slices=47/64 finished_states=3055/4102 resumed_slices=0 elapsed_seconds=12.5
LAYER0_PROGRESS slice=48/64 states=[3055,3120) segments=0..=0 finished_slices=48/64 finished_states=3120/4102 resumed_slices=0 elapsed_seconds=12.5
LAYER0_PROGRESS slice=49/64 states=[3120,3185) segments=0..=0 finished_slices=49/64 finished_states=3185/4102 resumed_slices=0 elapsed_seconds=13.3
LAYER0_PROGRESS slice=50/64 states=[3185,3250) segments=0..=0 finished_slices=50/64 finished_states=3250/4102 resumed_slices=0 elapsed_seconds=13.3
LAYER0_PROGRESS slice=51/64 states=[3250,3315) segments=0..=0 finished_slices=51/64 finished_states=3315/4102 resumed_slices=0 elapsed_seconds=13.3
LAYER0_PROGRESS slice=52/64 states=[3315,3380) segments=0..=0 finished_slices=52/64 finished_states=3380/4102 resumed_slices=0 elapsed_seconds=14.0
LAYER0_PROGRESS slice=53/64 states=[3380,3445) segments=0..=0 finished_slices=53/64 finished_states=3445/4102 resumed_slices=0 elapsed_seconds=14.1
LAYER0_PROGRESS slice=54/64 states=[3445,3510) segments=0..=0 finished_slices=54/64 finished_states=3510/4102 resumed_slices=0 elapsed_seconds=14.1
LAYER0_PROGRESS slice=55/64 states=[3510,3575) segments=0..=0 finished_slices=55/64 finished_states=3575/4102 resumed_slices=0 elapsed_seconds=14.8
LAYER0_PROGRESS slice=56/64 states=[3575,3640) segments=0..=0 finished_slices=56/64 finished_states=3640/4102 resumed_slices=0 elapsed_seconds=14.8
LAYER0_PROGRESS slice=57/64 states=[3640,3705) segments=0..=0 finished_slices=57/64 finished_states=3705/4102 resumed_slices=0 elapsed_seconds=14.9
LAYER0_PROGRESS slice=58/64 states=[3705,3770) segments=0..=0 finished_slices=58/64 finished_states=3770/4102 resumed_slices=0 elapsed_seconds=15.6
LAYER0_PROGRESS slice=59/64 states=[3770,3835) segments=0..=0 finished_slices=59/64 finished_states=3835/4102 resumed_slices=0 elapsed_seconds=15.6
LAYER0_PROGRESS slice=60/64 states=[3835,3900) segments=0..=0 finished_slices=60/64 finished_states=3900/4102 resumed_slices=0 elapsed_seconds=15.7
LAYER0_PROGRESS slice=61/64 states=[3900,3965) segments=0..=0 finished_slices=61/64 finished_states=3965/4102 resumed_slices=0 elapsed_seconds=16.4
LAYER0_PROGRESS slice=62/64 states=[3965,4030) segments=0..=0 finished_slices=62/64 finished_states=4030/4102 resumed_slices=0 elapsed_seconds=16.4
LAYER0_PROGRESS slice=63/64 states=[4030,4095) segments=0..=0 finished_slices=63/64 finished_states=4095/4102 resumed_slices=0 elapsed_seconds=16.5
LAYER0_PROGRESS slice=64/64 states=[4095,4102) segments=1..=all_persisted finished_slices=64/64 finished_states=4102/4102 resumed_slices=0 elapsed_seconds=16.5
LAYER0_FINDINGS signatures=0 red_states=0 states=4102
LAYER0_PARALLEL_FINISHED states=4102 slices=64 worker_threads=3 configured_worker_threads=3 worker_threads_source=environment_variable resumed_slices=0 freshly_run_slices=64 progress_file_after_completion=none elapsed_seconds=16.5
SWEEP seed=1 entry=rollback fault=Some((Write, 17)) fired=Some((Write, 17, 1, 4096)) outcome=Err Publish(PublishSequenceFailed { cause: BlockDevice(InputOutput(Custom { kind: Other, error: "注入的写错" })), writes_before_the_first_publish: WritesByStructureKind { counted: {} }, writes_of_persisted writes_before=16 writes_after=0 frozen=true resend=Ok checker=0 first=None read=FileRead root=Some((InstanceGeneration(2), CheckpointTxg(8))) content_ok=true remount=Ok checker_after_remount=0 first_after=None enum=states=4102 seconds=16.5 closed=4101 exact=4102 oracle=0 ignored=0 root_without_record=0 missing_unit=0 checker_red_states=0 first=None first_checker=None
LAYER0_PARALLEL_START states=4096 slices=64 states_per_slice=64 worker_threads=3 configured_worker_threads=3 worker_threads_source=environment_variable resumed_slices=0 freshly_run_slices=64
LAYER0_PROGRESS slice=2/64 states=[64,128) segments=0..=0 finished_slices=1/64 finished_states=64/4096 resumed_slices=0 elapsed_seconds=0.8
LAYER0_PROGRESS slice=3/64 states=[128,192) segments=0..=0 finished_slices=2/64 finished_states=128/4096 resumed_slices=0 elapsed_seconds=0.8
LAYER0_PROGRESS slice=1/64 states=[0,64) segments=0..=0 finished_slices=3/64 finished_states=192/4096 resumed_slices=0 elapsed_seconds=0.8
LAYER0_PROGRESS slice=4/64 states=[192,256) segments=0..=0 finished_slices=4/64 finished_states=256/4096 resumed_slices=0 elapsed_seconds=1.5
LAYER0_PROGRESS slice=5/64 states=[256,320) segments=0..=0 finished_slices=5/64 finished_states=320/4096 resumed_slices=0 elapsed_seconds=1.5
LAYER0_PROGRESS slice=6/64 states=[320,384) segments=0..=0 finished_slices=6/64 finished_states=384/4096 resumed_slices=0 elapsed_seconds=1.5
LAYER0_PROGRESS slice=7/64 states=[384,448) segments=0..=0 finished_slices=7/64 finished_states=448/4096 resumed_slices=0 elapsed_seconds=2.3
LAYER0_PROGRESS slice=8/64 states=[448,512) segments=0..=0 finished_slices=8/64 finished_states=512/4096 resumed_slices=0 elapsed_seconds=2.3
LAYER0_PROGRESS slice=9/64 states=[512,576) segments=0..=0 finished_slices=9/64 finished_states=576/4096 resumed_slices=0 elapsed_seconds=2.3
LAYER0_PROGRESS slice=10/64 states=[576,640) segments=0..=0 finished_slices=10/64 finished_states=640/4096 resumed_slices=0 elapsed_seconds=3.0
LAYER0_PROGRESS slice=11/64 states=[640,704) segments=0..=0 finished_slices=11/64 finished_states=704/4096 resumed_slices=0 elapsed_seconds=3.0
LAYER0_PROGRESS slice=12/64 states=[704,768) segments=0..=0 finished_slices=12/64 finished_states=768/4096 resumed_slices=0 elapsed_seconds=3.0
LAYER0_PROGRESS slice=13/64 states=[768,832) segments=0..=0 finished_slices=13/64 finished_states=832/4096 resumed_slices=0 elapsed_seconds=3.8
LAYER0_PROGRESS slice=14/64 states=[832,896) segments=0..=0 finished_slices=14/64 finished_states=896/4096 resumed_slices=0 elapsed_seconds=3.8
LAYER0_PROGRESS slice=15/64 states=[896,960) segments=0..=0 finished_slices=15/64 finished_states=960/4096 resumed_slices=0 elapsed_seconds=3.8
LAYER0_PROGRESS slice=16/64 states=[960,1024) segments=0..=0 finished_slices=16/64 finished_states=1024/4096 resumed_slices=0 elapsed_seconds=4.5
LAYER0_PROGRESS slice=17/64 states=[1024,1088) segments=0..=0 finished_slices=17/64 finished_states=1088/4096 resumed_slices=0 elapsed_seconds=4.5
LAYER0_PROGRESS slice=18/64 states=[1088,1152) segments=0..=0 finished_slices=18/64 finished_states=1152/4096 resumed_slices=0 elapsed_seconds=4.6
LAYER0_PROGRESS slice=19/64 states=[1152,1216) segments=0..=0 finished_slices=19/64 finished_states=1216/4096 resumed_slices=0 elapsed_seconds=5.3
LAYER0_PROGRESS slice=20/64 states=[1216,1280) segments=0..=0 finished_slices=20/64 finished_states=1280/4096 resumed_slices=0 elapsed_seconds=5.3
LAYER0_PROGRESS slice=21/64 states=[1280,1344) segments=0..=0 finished_slices=21/64 finished_states=1344/4096 resumed_slices=0 elapsed_seconds=5.3
LAYER0_PROGRESS slice=22/64 states=[1344,1408) segments=0..=0 finished_slices=22/64 finished_states=1408/4096 resumed_slices=0 elapsed_seconds=6.0
LAYER0_PROGRESS slice=23/64 states=[1408,1472) segments=0..=0 finished_slices=23/64 finished_states=1472/4096 resumed_slices=0 elapsed_seconds=6.0
LAYER0_PROGRESS slice=24/64 states=[1472,1536) segments=0..=0 finished_slices=24/64 finished_states=1536/4096 resumed_slices=0 elapsed_seconds=6.1
LAYER0_PROGRESS slice=25/64 states=[1536,1600) segments=0..=0 finished_slices=25/64 finished_states=1600/4096 resumed_slices=0 elapsed_seconds=6.8
LAYER0_PROGRESS slice=26/64 states=[1600,1664) segments=0..=0 finished_slices=26/64 finished_states=1664/4096 resumed_slices=0 elapsed_seconds=6.8
LAYER0_PROGRESS slice=27/64 states=[1664,1728) segments=0..=0 finished_slices=27/64 finished_states=1728/4096 resumed_slices=0 elapsed_seconds=6.8
LAYER0_PROGRESS slice=28/64 states=[1728,1792) segments=0..=0 finished_slices=28/64 finished_states=1792/4096 resumed_slices=0 elapsed_seconds=7.5
LAYER0_PROGRESS slice=29/64 states=[1792,1856) segments=0..=0 finished_slices=29/64 finished_states=1856/4096 resumed_slices=0 elapsed_seconds=7.5
LAYER0_PROGRESS slice=30/64 states=[1856,1920) segments=0..=0 finished_slices=30/64 finished_states=1920/4096 resumed_slices=0 elapsed_seconds=7.5
LAYER0_PROGRESS slice=31/64 states=[1920,1984) segments=0..=0 finished_slices=31/64 finished_states=1984/4096 resumed_slices=0 elapsed_seconds=8.2
LAYER0_PROGRESS slice=32/64 states=[1984,2048) segments=0..=0 finished_slices=32/64 finished_states=2048/4096 resumed_slices=0 elapsed_seconds=8.2
LAYER0_PROGRESS slice=33/64 states=[2048,2112) segments=0..=0 finished_slices=33/64 finished_states=2112/4096 resumed_slices=0 elapsed_seconds=8.3
LAYER0_PROGRESS slice=34/64 states=[2112,2176) segments=0..=0 finished_slices=34/64 finished_states=2176/4096 resumed_slices=0 elapsed_seconds=9.0
LAYER0_PROGRESS slice=35/64 states=[2176,2240) segments=0..=0 finished_slices=35/64 finished_states=2240/4096 resumed_slices=0 elapsed_seconds=9.0
LAYER0_PROGRESS slice=36/64 states=[2240,2304) segments=0..=0 finished_slices=36/64 finished_states=2304/4096 resumed_slices=0 elapsed_seconds=9.0
LAYER0_PROGRESS slice=37/64 states=[2304,2368) segments=0..=0 finished_slices=37/64 finished_states=2368/4096 resumed_slices=0 elapsed_seconds=9.7
LAYER0_PROGRESS slice=38/64 states=[2368,2432) segments=0..=0 finished_slices=38/64 finished_states=2432/4096 resumed_slices=0 elapsed_seconds=9.7
LAYER0_PROGRESS slice=39/64 states=[2432,2496) segments=0..=0 finished_slices=39/64 finished_states=2496/4096 resumed_slices=0 elapsed_seconds=9.7
LAYER0_PROGRESS slice=40/64 states=[2496,2560) segments=0..=0 finished_slices=40/64 finished_states=2560/4096 resumed_slices=0 elapsed_seconds=10.4
LAYER0_PROGRESS slice=41/64 states=[2560,2624) segments=0..=0 finished_slices=41/64 finished_states=2624/4096 resumed_slices=0 elapsed_seconds=10.4
LAYER0_PROGRESS slice=42/64 states=[2624,2688) segments=0..=0 finished_slices=42/64 finished_states=2688/4096 resumed_slices=0 elapsed_seconds=10.5
LAYER0_PROGRESS slice=43/64 states=[2688,2752) segments=0..=0 finished_slices=43/64 finished_states=2752/4096 resumed_slices=0 elapsed_seconds=11.2
LAYER0_PROGRESS slice=44/64 states=[2752,2816) segments=0..=0 finished_slices=44/64 finished_states=2816/4096 resumed_slices=0 elapsed_seconds=11.2
LAYER0_PROGRESS slice=45/64 states=[2816,2880) segments=0..=0 finished_slices=45/64 finished_states=2880/4096 resumed_slices=0 elapsed_seconds=11.2
LAYER0_PROGRESS slice=46/64 states=[2880,2944) segments=0..=0 finished_slices=46/64 finished_states=2944/4096 resumed_slices=0 elapsed_seconds=11.9
LAYER0_PROGRESS slice=47/64 states=[2944,3008) segments=0..=0 finished_slices=47/64 finished_states=3008/4096 resumed_slices=0 elapsed_seconds=11.9
LAYER0_PROGRESS slice=48/64 states=[3008,3072) segments=0..=0 finished_slices=48/64 finished_states=3072/4096 resumed_slices=0 elapsed_seconds=11.9
LAYER0_PROGRESS slice=49/64 states=[3072,3136) segments=0..=0 finished_slices=49/64 finished_states=3136/4096 resumed_slices=0 elapsed_seconds=12.6
LAYER0_PROGRESS slice=50/64 states=[3136,3200) segments=0..=0 finished_slices=50/64 finished_states=3200/4096 resumed_slices=0 elapsed_seconds=12.6
LAYER0_PROGRESS slice=51/64 states=[3200,3264) segments=0..=0 finished_slices=51/64 finished_states=3264/4096 resumed_slices=0 elapsed_seconds=12.7
LAYER0_PROGRESS slice=52/64 states=[3264,3328) segments=0..=0 finished_slices=52/64 finished_states=3328/4096 resumed_slices=0 elapsed_seconds=13.4
LAYER0_PROGRESS slice=53/64 states=[3328,3392) segments=0..=0 finished_slices=53/64 finished_states=3392/4096 resumed_slices=0 elapsed_seconds=13.4
LAYER0_PROGRESS slice=54/64 states=[3392,3456) segments=0..=0 finished_slices=54/64 finished_states=3456/4096 resumed_slices=0 elapsed_seconds=13.4
LAYER0_PROGRESS slice=55/64 states=[3456,3520) segments=0..=0 finished_slices=55/64 finished_states=3520/4096 resumed_slices=0 elapsed_seconds=14.1
LAYER0_PROGRESS slice=56/64 states=[3520,3584) segments=0..=0 finished_slices=56/64 finished_states=3584/4096 resumed_slices=0 elapsed_seconds=14.1
LAYER0_PROGRESS slice=57/64 states=[3584,3648) segments=0..=0 finished_slices=57/64 finished_states=3648/4096 resumed_slices=0 elapsed_seconds=14.1
LAYER0_PROGRESS slice=58/64 states=[3648,3712) segments=0..=0 finished_slices=58/64 finished_states=3712/4096 resumed_slices=0 elapsed_seconds=14.8
LAYER0_PROGRESS slice=59/64 states=[3712,3776) segments=0..=0 finished_slices=59/64 finished_states=3776/4096 resumed_slices=0 elapsed_seconds=14.8
LAYER0_PROGRESS slice=60/64 states=[3776,3840) segments=0..=0 finished_slices=60/64 finished_states=3840/4096 resumed_slices=0 elapsed_seconds=14.9
LAYER0_PROGRESS slice=61/64 states=[3840,3904) segments=0..=0 finished_slices=61/64 finished_states=3904/4096 resumed_slices=0 elapsed_seconds=15.6
LAYER0_PROGRESS slice=62/64 states=[3904,3968) segments=0..=0 finished_slices=62/64 finished_states=3968/4096 resumed_slices=0 elapsed_seconds=15.6
LAYER0_PROGRESS slice=63/64 states=[3968,4032) segments=0..=0 finished_slices=63/64 finished_states=4032/4096 resumed_slices=0 elapsed_seconds=15.6
LAYER0_PROGRESS slice=64/64 states=[4032,4096) segments=0..=all_persisted finished_slices=64/64 finished_states=4096/4096 resumed_slices=0 elapsed_seconds=16.3
LAYER0_FINDINGS signatures=0 red_states=0 states=4096
LAYER0_PARALLEL_FINISHED states=4096 slices=64 worker_threads=3 configured_worker_threads=3 worker_threads_source=environment_variable resumed_slices=0 freshly_run_slices=64 progress_file_after_completion=none elapsed_seconds=16.3
SWEEP seed=1 entry=rollback fault=Some((Barrier, 1)) fired=Some((Barrier, 1, 0, 0)) outcome=Err Publish(PublishSequenceFailed { cause: BlockDevice(InputOutput(Custom { kind: Other, error: "注入的屏障错" })), writes_before_the_first_publish: WritesByStructureKind { counted: {} }, writes_of_persiste writes_before=12 writes_after=0 frozen=true resend=Ok checker=0 first=None read=FileRead root=Some((InstanceGeneration(2), CheckpointTxg(8))) content_ok=true remount=Ok checker_after_remount=0 first_after=None enum=states=4096 seconds=16.3 closed=4096 exact=4096 oracle=0 ignored=0 root_without_record=0 missing_unit=0 checker_red_states=0 first=None first_checker=None
LAYER0_PARALLEL_START states=4096 slices=64 states_per_slice=64 worker_threads=3 configured_worker_threads=3 worker_threads_source=environment_variable resumed_slices=0 freshly_run_slices=64
LAYER0_PROGRESS slice=1/64 states=[0,64) segments=0..=0 finished_slices=1/64 finished_states=64/4096 resumed_slices=0 elapsed_seconds=0.7
LAYER0_PROGRESS slice=3/64 states=[128,192) segments=0..=0 finished_slices=2/64 finished_states=128/4096 resumed_slices=0 elapsed_seconds=0.7
LAYER0_PROGRESS slice=2/64 states=[64,128) segments=0..=0 finished_slices=3/64 finished_states=192/4096 resumed_slices=0 elapsed_seconds=0.7
LAYER0_PROGRESS slice=4/64 states=[192,256) segments=0..=0 finished_slices=4/64 finished_states=256/4096 resumed_slices=0 elapsed_seconds=1.5
LAYER0_PROGRESS slice=5/64 states=[256,320) segments=0..=0 finished_slices=5/64 finished_states=320/4096 resumed_slices=0 elapsed_seconds=1.5
LAYER0_PROGRESS slice=6/64 states=[320,384) segments=0..=0 finished_slices=6/64 finished_states=384/4096 resumed_slices=0 elapsed_seconds=1.5
LAYER0_PROGRESS slice=7/64 states=[384,448) segments=0..=0 finished_slices=7/64 finished_states=448/4096 resumed_slices=0 elapsed_seconds=2.2
LAYER0_PROGRESS slice=8/64 states=[448,512) segments=0..=0 finished_slices=8/64 finished_states=512/4096 resumed_slices=0 elapsed_seconds=2.2
LAYER0_PROGRESS slice=9/64 states=[512,576) segments=0..=0 finished_slices=9/64 finished_states=576/4096 resumed_slices=0 elapsed_seconds=2.2
LAYER0_PROGRESS slice=10/64 states=[576,640) segments=0..=0 finished_slices=10/64 finished_states=640/4096 resumed_slices=0 elapsed_seconds=2.9
LAYER0_PROGRESS slice=11/64 states=[640,704) segments=0..=0 finished_slices=11/64 finished_states=704/4096 resumed_slices=0 elapsed_seconds=2.9
LAYER0_PROGRESS slice=12/64 states=[704,768) segments=0..=0 finished_slices=12/64 finished_states=768/4096 resumed_slices=0 elapsed_seconds=2.9
LAYER0_PROGRESS slice=13/64 states=[768,832) segments=0..=0 finished_slices=13/64 finished_states=832/4096 resumed_slices=0 elapsed_seconds=3.7
LAYER0_PROGRESS slice=14/64 states=[832,896) segments=0..=0 finished_slices=14/64 finished_states=896/4096 resumed_slices=0 elapsed_seconds=3.7
LAYER0_PROGRESS slice=15/64 states=[896,960) segments=0..=0 finished_slices=15/64 finished_states=960/4096 resumed_slices=0 elapsed_seconds=3.7
LAYER0_PROGRESS slice=16/64 states=[960,1024) segments=0..=0 finished_slices=16/64 finished_states=1024/4096 resumed_slices=0 elapsed_seconds=4.4
LAYER0_PROGRESS slice=17/64 states=[1024,1088) segments=0..=0 finished_slices=17/64 finished_states=1088/4096 resumed_slices=0 elapsed_seconds=4.4
LAYER0_PROGRESS slice=18/64 states=[1088,1152) segments=0..=0 finished_slices=18/64 finished_states=1152/4096 resumed_slices=0 elapsed_seconds=4.4
LAYER0_PROGRESS slice=19/64 states=[1152,1216) segments=0..=0 finished_slices=19/64 finished_states=1216/4096 resumed_slices=0 elapsed_seconds=5.1
LAYER0_PROGRESS slice=21/64 states=[1280,1344) segments=0..=0 finished_slices=20/64 finished_states=1280/4096 resumed_slices=0 elapsed_seconds=5.1
LAYER0_PROGRESS slice=20/64 states=[1216,1280) segments=0..=0 finished_slices=21/64 finished_states=1344/4096 resumed_slices=0 elapsed_seconds=5.1
LAYER0_PROGRESS slice=22/64 states=[1344,1408) segments=0..=0 finished_slices=22/64 finished_states=1408/4096 resumed_slices=0 elapsed_seconds=5.9
LAYER0_PROGRESS slice=23/64 states=[1408,1472) segments=0..=0 finished_slices=23/64 finished_states=1472/4096 resumed_slices=0 elapsed_seconds=5.9
LAYER0_PROGRESS slice=24/64 states=[1472,1536) segments=0..=0 finished_slices=24/64 finished_states=1536/4096 resumed_slices=0 elapsed_seconds=5.9
LAYER0_PROGRESS slice=25/64 states=[1536,1600) segments=0..=0 finished_slices=25/64 finished_states=1600/4096 resumed_slices=0 elapsed_seconds=6.6
LAYER0_PROGRESS slice=26/64 states=[1600,1664) segments=0..=0 finished_slices=26/64 finished_states=1664/4096 resumed_slices=0 elapsed_seconds=6.6
LAYER0_PROGRESS slice=27/64 states=[1664,1728) segments=0..=0 finished_slices=27/64 finished_states=1728/4096 resumed_slices=0 elapsed_seconds=6.6
LAYER0_PROGRESS slice=28/64 states=[1728,1792) segments=0..=0 finished_slices=28/64 finished_states=1792/4096 resumed_slices=0 elapsed_seconds=7.3
LAYER0_PROGRESS slice=29/64 states=[1792,1856) segments=0..=0 finished_slices=29/64 finished_states=1856/4096 resumed_slices=0 elapsed_seconds=7.4
LAYER0_PROGRESS slice=30/64 states=[1856,1920) segments=0..=0 finished_slices=30/64 finished_states=1920/4096 resumed_slices=0 elapsed_seconds=7.4
LAYER0_PROGRESS slice=31/64 states=[1920,1984) segments=0..=0 finished_slices=31/64 finished_states=1984/4096 resumed_slices=0 elapsed_seconds=8.1
LAYER0_PROGRESS slice=32/64 states=[1984,2048) segments=0..=0 finished_slices=32/64 finished_states=2048/4096 resumed_slices=0 elapsed_seconds=8.1
LAYER0_PROGRESS slice=33/64 states=[2048,2112) segments=0..=0 finished_slices=33/64 finished_states=2112/4096 resumed_slices=0 elapsed_seconds=8.1
LAYER0_PROGRESS slice=34/64 states=[2112,2176) segments=0..=0 finished_slices=34/64 finished_states=2176/4096 resumed_slices=0 elapsed_seconds=8.8
LAYER0_PROGRESS slice=35/64 states=[2176,2240) segments=0..=0 finished_slices=35/64 finished_states=2240/4096 resumed_slices=0 elapsed_seconds=8.8
LAYER0_PROGRESS slice=36/64 states=[2240,2304) segments=0..=0 finished_slices=36/64 finished_states=2304/4096 resumed_slices=0 elapsed_seconds=8.8
LAYER0_PROGRESS slice=37/64 states=[2304,2368) segments=0..=0 finished_slices=37/64 finished_states=2368/4096 resumed_slices=0 elapsed_seconds=9.6
LAYER0_PROGRESS slice=38/64 states=[2368,2432) segments=0..=0 finished_slices=38/64 finished_states=2432/4096 resumed_slices=0 elapsed_seconds=9.6
LAYER0_PROGRESS slice=39/64 states=[2432,2496) segments=0..=0 finished_slices=39/64 finished_states=2496/4096 resumed_slices=0 elapsed_seconds=9.6
LAYER0_PROGRESS slice=41/64 states=[2560,2624) segments=0..=0 finished_slices=40/64 finished_states=2560/4096 resumed_slices=0 elapsed_seconds=10.3
LAYER0_PROGRESS slice=40/64 states=[2496,2560) segments=0..=0 finished_slices=41/64 finished_states=2624/4096 resumed_slices=0 elapsed_seconds=10.3
LAYER0_PROGRESS slice=42/64 states=[2624,2688) segments=0..=0 finished_slices=42/64 finished_states=2688/4096 resumed_slices=0 elapsed_seconds=10.3
LAYER0_PROGRESS slice=43/64 states=[2688,2752) segments=0..=0 finished_slices=43/64 finished_states=2752/4096 resumed_slices=0 elapsed_seconds=11.0
LAYER0_PROGRESS slice=44/64 states=[2752,2816) segments=0..=0 finished_slices=44/64 finished_states=2816/4096 resumed_slices=0 elapsed_seconds=11.0
LAYER0_PROGRESS slice=45/64 states=[2816,2880) segments=0..=0 finished_slices=45/64 finished_states=2880/4096 resumed_slices=0 elapsed_seconds=11.0
LAYER0_PROGRESS slice=46/64 states=[2880,2944) segments=0..=0 finished_slices=46/64 finished_states=2944/4096 resumed_slices=0 elapsed_seconds=11.8
LAYER0_PROGRESS slice=47/64 states=[2944,3008) segments=0..=0 finished_slices=47/64 finished_states=3008/4096 resumed_slices=0 elapsed_seconds=11.8
LAYER0_PROGRESS slice=48/64 states=[3008,3072) segments=0..=0 finished_slices=48/64 finished_states=3072/4096 resumed_slices=0 elapsed_seconds=11.8
LAYER0_PROGRESS slice=49/64 states=[3072,3136) segments=0..=0 finished_slices=49/64 finished_states=3136/4096 resumed_slices=0 elapsed_seconds=12.5
LAYER0_PROGRESS slice=50/64 states=[3136,3200) segments=0..=0 finished_slices=50/64 finished_states=3200/4096 resumed_slices=0 elapsed_seconds=12.5
LAYER0_PROGRESS slice=51/64 states=[3200,3264) segments=0..=0 finished_slices=51/64 finished_states=3264/4096 resumed_slices=0 elapsed_seconds=12.5
LAYER0_PROGRESS slice=52/64 states=[3264,3328) segments=0..=0 finished_slices=52/64 finished_states=3328/4096 resumed_slices=0 elapsed_seconds=13.2
LAYER0_PROGRESS slice=53/64 states=[3328,3392) segments=0..=0 finished_slices=53/64 finished_states=3392/4096 resumed_slices=0 elapsed_seconds=13.2
LAYER0_PROGRESS slice=54/64 states=[3392,3456) segments=0..=0 finished_slices=54/64 finished_states=3456/4096 resumed_slices=0 elapsed_seconds=13.2
LAYER0_PROGRESS slice=55/64 states=[3456,3520) segments=0..=0 finished_slices=55/64 finished_states=3520/4096 resumed_slices=0 elapsed_seconds=14.0
LAYER0_PROGRESS slice=56/64 states=[3520,3584) segments=0..=0 finished_slices=56/64 finished_states=3584/4096 resumed_slices=0 elapsed_seconds=14.0
LAYER0_PROGRESS slice=57/64 states=[3584,3648) segments=0..=0 finished_slices=57/64 finished_states=3648/4096 resumed_slices=0 elapsed_seconds=14.0
LAYER0_PROGRESS slice=58/64 states=[3648,3712) segments=0..=0 finished_slices=58/64 finished_states=3712/4096 resumed_slices=0 elapsed_seconds=14.7
LAYER0_PROGRESS slice=59/64 states=[3712,3776) segments=0..=0 finished_slices=59/64 finished_states=3776/4096 resumed_slices=0 elapsed_seconds=14.7
LAYER0_PROGRESS slice=60/64 states=[3776,3840) segments=0..=0 finished_slices=60/64 finished_states=3840/4096 resumed_slices=0 elapsed_seconds=14.7
LAYER0_PROGRESS slice=61/64 states=[3840,3904) segments=0..=0 finished_slices=61/64 finished_states=3904/4096 resumed_slices=0 elapsed_seconds=15.4
LAYER0_PROGRESS slice=62/64 states=[3904,3968) segments=0..=0 finished_slices=62/64 finished_states=3968/4096 resumed_slices=0 elapsed_seconds=15.4
LAYER0_PROGRESS slice=63/64 states=[3968,4032) segments=0..=0 finished_slices=63/64 finished_states=4032/4096 resumed_slices=0 elapsed_seconds=15.5
LAYER0_PROGRESS slice=64/64 states=[4032,4096) segments=0..=all_persisted finished_slices=64/64 finished_states=4096/4096 resumed_slices=0 elapsed_seconds=16.2
LAYER0_FINDINGS signatures=0 red_states=0 states=4096
LAYER0_PARALLEL_FINISHED states=4096 slices=64 worker_threads=3 configured_worker_threads=3 worker_threads_source=environment_variable resumed_slices=0 freshly_run_slices=64 progress_file_after_completion=none elapsed_seconds=16.2
SWEEP seed=1 entry=rollback fault=Some((Barrier, 2)) fired=Some((Barrier, 2, 1, 0)) outcome=Err Publish(PublishSequenceFailed { cause: BlockDevice(InputOutput(Custom { kind: Other, error: "注入的屏障错" })), writes_before_the_first_publish: WritesByStructureKind { counted: {} }, writes_of_persiste writes_before=12 writes_after=0 frozen=true resend=Ok checker=0 first=None read=FileRead root=Some((InstanceGeneration(2), CheckpointTxg(8))) content_ok=true remount=Ok checker_after_remount=0 first_after=None enum=states=4096 seconds=16.2 closed=4096 exact=4096 oracle=0 ignored=0 root_without_record=0 missing_unit=0 checker_red_states=0 first=None first_checker=None
LAYER0_PARALLEL_START states=4099 slices=64 states_per_slice=65 worker_threads=3 configured_worker_threads=3 worker_threads_source=environment_variable resumed_slices=0 freshly_run_slices=64
LAYER0_PROGRESS slice=3/64 states=[130,195) segments=0..=0 finished_slices=1/64 finished_states=65/4099 resumed_slices=0 elapsed_seconds=0.7
LAYER0_PROGRESS slice=2/64 states=[65,130) segments=0..=0 finished_slices=2/64 finished_states=130/4099 resumed_slices=0 elapsed_seconds=0.7
LAYER0_PROGRESS slice=1/64 states=[0,65) segments=0..=0 finished_slices=3/64 finished_states=195/4099 resumed_slices=0 elapsed_seconds=0.7
LAYER0_PROGRESS slice=4/64 states=[195,260) segments=0..=0 finished_slices=4/64 finished_states=260/4099 resumed_slices=0 elapsed_seconds=1.5
LAYER0_PROGRESS slice=5/64 states=[260,325) segments=0..=0 finished_slices=5/64 finished_states=325/4099 resumed_slices=0 elapsed_seconds=1.5
LAYER0_PROGRESS slice=6/64 states=[325,390) segments=0..=0 finished_slices=6/64 finished_states=390/4099 resumed_slices=0 elapsed_seconds=1.5
LAYER0_PROGRESS slice=7/64 states=[390,455) segments=0..=0 finished_slices=7/64 finished_states=455/4099 resumed_slices=0 elapsed_seconds=2.2
LAYER0_PROGRESS slice=9/64 states=[520,585) segments=0..=0 finished_slices=8/64 finished_states=520/4099 resumed_slices=0 elapsed_seconds=2.2
LAYER0_PROGRESS slice=8/64 states=[455,520) segments=0..=0 finished_slices=9/64 finished_states=585/4099 resumed_slices=0 elapsed_seconds=2.2
LAYER0_PROGRESS slice=12/64 states=[715,780) segments=0..=0 finished_slices=10/64 finished_states=650/4099 resumed_slices=0 elapsed_seconds=3.0
LAYER0_PROGRESS slice=10/64 states=[585,650) segments=0..=0 finished_slices=11/64 finished_states=715/4099 resumed_slices=0 elapsed_seconds=3.0
LAYER0_PROGRESS slice=11/64 states=[650,715) segments=0..=0 finished_slices=12/64 finished_states=780/4099 resumed_slices=0 elapsed_seconds=3.0
LAYER0_PROGRESS slice=15/64 states=[910,975) segments=0..=0 finished_slices=13/64 finished_states=845/4099 resumed_slices=0 elapsed_seconds=3.7
LAYER0_PROGRESS slice=13/64 states=[780,845) segments=0..=0 finished_slices=14/64 finished_states=910/4099 resumed_slices=0 elapsed_seconds=3.7
LAYER0_PROGRESS slice=14/64 states=[845,910) segments=0..=0 finished_slices=15/64 finished_states=975/4099 resumed_slices=0 elapsed_seconds=3.7
LAYER0_PROGRESS slice=16/64 states=[975,1040) segments=0..=0 finished_slices=16/64 finished_states=1040/4099 resumed_slices=0 elapsed_seconds=4.5
LAYER0_PROGRESS slice=17/64 states=[1040,1105) segments=0..=0 finished_slices=17/64 finished_states=1105/4099 resumed_slices=0 elapsed_seconds=4.5
LAYER0_PROGRESS slice=18/64 states=[1105,1170) segments=0..=0 finished_slices=18/64 finished_states=1170/4099 resumed_slices=0 elapsed_seconds=4.5
LAYER0_PROGRESS slice=20/64 states=[1235,1300) segments=0..=0 finished_slices=19/64 finished_states=1235/4099 resumed_slices=0 elapsed_seconds=5.2
LAYER0_PROGRESS slice=21/64 states=[1300,1365) segments=0..=0 finished_slices=20/64 finished_states=1300/4099 resumed_slices=0 elapsed_seconds=5.2
LAYER0_PROGRESS slice=19/64 states=[1170,1235) segments=0..=0 finished_slices=21/64 finished_states=1365/4099 resumed_slices=0 elapsed_seconds=5.2
LAYER0_PROGRESS slice=22/64 states=[1365,1430) segments=0..=0 finished_slices=22/64 finished_states=1430/4099 resumed_slices=0 elapsed_seconds=6.0
LAYER0_PROGRESS slice=24/64 states=[1495,1560) segments=0..=0 finished_slices=23/64 finished_states=1495/4099 resumed_slices=0 elapsed_seconds=6.0
LAYER0_PROGRESS slice=23/64 states=[1430,1495) segments=0..=0 finished_slices=24/64 finished_states=1560/4099 resumed_slices=0 elapsed_seconds=6.0
LAYER0_PROGRESS slice=25/64 states=[1560,1625) segments=0..=0 finished_slices=25/64 finished_states=1625/4099 resumed_slices=0 elapsed_seconds=6.7
LAYER0_PROGRESS slice=26/64 states=[1625,1690) segments=0..=0 finished_slices=26/64 finished_states=1690/4099 resumed_slices=0 elapsed_seconds=6.7
LAYER0_PROGRESS slice=27/64 states=[1690,1755) segments=0..=0 finished_slices=27/64 finished_states=1755/4099 resumed_slices=0 elapsed_seconds=6.7
LAYER0_PROGRESS slice=28/64 states=[1755,1820) segments=0..=0 finished_slices=28/64 finished_states=1820/4099 resumed_slices=0 elapsed_seconds=7.5
LAYER0_PROGRESS slice=29/64 states=[1820,1885) segments=0..=0 finished_slices=29/64 finished_states=1885/4099 resumed_slices=0 elapsed_seconds=7.5
LAYER0_PROGRESS slice=30/64 states=[1885,1950) segments=0..=0 finished_slices=30/64 finished_states=1950/4099 resumed_slices=0 elapsed_seconds=7.5
LAYER0_PROGRESS slice=31/64 states=[1950,2015) segments=0..=0 finished_slices=31/64 finished_states=2015/4099 resumed_slices=0 elapsed_seconds=8.2
LAYER0_PROGRESS slice=32/64 states=[2015,2080) segments=0..=0 finished_slices=32/64 finished_states=2080/4099 resumed_slices=0 elapsed_seconds=8.2
LAYER0_PROGRESS slice=33/64 states=[2080,2145) segments=0..=0 finished_slices=33/64 finished_states=2145/4099 resumed_slices=0 elapsed_seconds=8.2
LAYER0_PROGRESS slice=34/64 states=[2145,2210) segments=0..=0 finished_slices=34/64 finished_states=2210/4099 resumed_slices=0 elapsed_seconds=9.0
LAYER0_PROGRESS slice=35/64 states=[2210,2275) segments=0..=0 finished_slices=35/64 finished_states=2275/4099 resumed_slices=0 elapsed_seconds=9.0
LAYER0_PROGRESS slice=36/64 states=[2275,2340) segments=0..=0 finished_slices=36/64 finished_states=2340/4099 resumed_slices=0 elapsed_seconds=9.0
LAYER0_PROGRESS slice=37/64 states=[2340,2405) segments=0..=0 finished_slices=37/64 finished_states=2405/4099 resumed_slices=0 elapsed_seconds=9.7
LAYER0_PROGRESS slice=38/64 states=[2405,2470) segments=0..=0 finished_slices=38/64 finished_states=2470/4099 resumed_slices=0 elapsed_seconds=9.7
LAYER0_PROGRESS slice=39/64 states=[2470,2535) segments=0..=0 finished_slices=39/64 finished_states=2535/4099 resumed_slices=0 elapsed_seconds=9.7
LAYER0_PROGRESS slice=40/64 states=[2535,2600) segments=0..=0 finished_slices=40/64 finished_states=2600/4099 resumed_slices=0 elapsed_seconds=10.5
LAYER0_PROGRESS slice=41/64 states=[2600,2665) segments=0..=0 finished_slices=41/64 finished_states=2665/4099 resumed_slices=0 elapsed_seconds=10.5
LAYER0_PROGRESS slice=42/64 states=[2665,2730) segments=0..=0 finished_slices=42/64 finished_states=2730/4099 resumed_slices=0 elapsed_seconds=10.5
LAYER0_PROGRESS slice=45/64 states=[2860,2925) segments=0..=0 finished_slices=43/64 finished_states=2795/4099 resumed_slices=0 elapsed_seconds=11.2
LAYER0_PROGRESS slice=43/64 states=[2730,2795) segments=0..=0 finished_slices=44/64 finished_states=2860/4099 resumed_slices=0 elapsed_seconds=11.2
LAYER0_PROGRESS slice=44/64 states=[2795,2860) segments=0..=0 finished_slices=45/64 finished_states=2925/4099 resumed_slices=0 elapsed_seconds=11.2
LAYER0_PROGRESS slice=48/64 states=[3055,3120) segments=0..=0 finished_slices=46/64 finished_states=2990/4099 resumed_slices=0 elapsed_seconds=12.0
LAYER0_PROGRESS slice=46/64 states=[2925,2990) segments=0..=0 finished_slices=47/64 finished_states=3055/4099 resumed_slices=0 elapsed_seconds=12.0
LAYER0_PROGRESS slice=47/64 states=[2990,3055) segments=0..=0 finished_slices=48/64 finished_states=3120/4099 resumed_slices=0 elapsed_seconds=12.0
LAYER0_PROGRESS slice=49/64 states=[3120,3185) segments=0..=0 finished_slices=49/64 finished_states=3185/4099 resumed_slices=0 elapsed_seconds=12.7
LAYER0_PROGRESS slice=51/64 states=[3250,3315) segments=0..=0 finished_slices=50/64 finished_states=3250/4099 resumed_slices=0 elapsed_seconds=12.7
LAYER0_PROGRESS slice=50/64 states=[3185,3250) segments=0..=0 finished_slices=51/64 finished_states=3315/4099 resumed_slices=0 elapsed_seconds=12.7
LAYER0_PROGRESS slice=54/64 states=[3445,3510) segments=0..=0 finished_slices=52/64 finished_states=3380/4099 resumed_slices=0 elapsed_seconds=13.5
LAYER0_PROGRESS slice=52/64 states=[3315,3380) segments=0..=0 finished_slices=53/64 finished_states=3445/4099 resumed_slices=0 elapsed_seconds=13.5
LAYER0_PROGRESS slice=53/64 states=[3380,3445) segments=0..=0 finished_slices=54/64 finished_states=3510/4099 resumed_slices=0 elapsed_seconds=13.5
LAYER0_PROGRESS slice=56/64 states=[3575,3640) segments=0..=0 finished_slices=55/64 finished_states=3575/4099 resumed_slices=0 elapsed_seconds=14.2
LAYER0_PROGRESS slice=55/64 states=[3510,3575) segments=0..=0 finished_slices=56/64 finished_states=3640/4099 resumed_slices=0 elapsed_seconds=14.2
LAYER0_PROGRESS slice=57/64 states=[3640,3705) segments=0..=0 finished_slices=57/64 finished_states=3705/4099 resumed_slices=0 elapsed_seconds=14.2
LAYER0_PROGRESS slice=58/64 states=[3705,3770) segments=0..=0 finished_slices=58/64 finished_states=3770/4099 resumed_slices=0 elapsed_seconds=14.9
LAYER0_PROGRESS slice=59/64 states=[3770,3835) segments=0..=0 finished_slices=59/64 finished_states=3835/4099 resumed_slices=0 elapsed_seconds=15.0
LAYER0_PROGRESS slice=60/64 states=[3835,3900) segments=0..=0 finished_slices=60/64 finished_states=3900/4099 resumed_slices=0 elapsed_seconds=15.0
LAYER0_PROGRESS slice=61/64 states=[3900,3965) segments=0..=0 finished_slices=61/64 finished_states=3965/4099 resumed_slices=0 elapsed_seconds=15.7
LAYER0_PROGRESS slice=62/64 states=[3965,4030) segments=0..=0 finished_slices=62/64 finished_states=4030/4099 resumed_slices=0 elapsed_seconds=15.7
LAYER0_PROGRESS slice=63/64 states=[4030,4095) segments=0..=0 finished_slices=63/64 finished_states=4095/4099 resumed_slices=0 elapsed_seconds=15.7
LAYER0_PROGRESS slice=64/64 states=[4095,4099) segments=1..=all_persisted finished_slices=64/64 finished_states=4099/4099 resumed_slices=0 elapsed_seconds=15.7
LAYER0_FINDINGS signatures=0 red_states=0 states=4099
LAYER0_PARALLEL_FINISHED states=4099 slices=64 worker_threads=3 configured_worker_threads=3 worker_threads_source=environment_variable resumed_slices=0 freshly_run_slices=64 progress_file_after_completion=none elapsed_seconds=15.7
SWEEP seed=1 entry=rollback fault=Some((Barrier, 3)) fired=Some((Barrier, 3, 0, 0)) outcome=Err Publish(PublishSequenceFailed { cause: BlockDevice(InputOutput(Custom { kind: Other, error: "注入的屏障错" })), writes_before_the_first_publish: WritesByStructureKind { counted: {} }, writes_of_persiste writes_before=14 writes_after=0 frozen=true resend=Ok checker=0 first=None read=FileRead root=Some((InstanceGeneration(2), CheckpointTxg(8))) content_ok=true remount=Ok checker_after_remount=0 first_after=None enum=states=4099 seconds=15.7 closed=4099 exact=4099 oracle=0 ignored=0 root_without_record=0 missing_unit=0 checker_red_states=0 first=None first_checker=None
LAYER0_PARALLEL_START states=4099 slices=64 states_per_slice=65 worker_threads=3 configured_worker_threads=3 worker_threads_source=environment_variable resumed_slices=0 freshly_run_slices=64
LAYER0_PROGRESS slice=3/64 states=[130,195) segments=0..=0 finished_slices=1/64 finished_states=65/4099 resumed_slices=0 elapsed_seconds=0.7
LAYER0_PROGRESS slice=1/64 states=[0,65) segments=0..=0 finished_slices=2/64 finished_states=130/4099 resumed_slices=0 elapsed_seconds=0.7
LAYER0_PROGRESS slice=2/64 states=[65,130) segments=0..=0 finished_slices=3/64 finished_states=195/4099 resumed_slices=0 elapsed_seconds=0.7
LAYER0_PROGRESS slice=5/64 states=[260,325) segments=0..=0 finished_slices=4/64 finished_states=260/4099 resumed_slices=0 elapsed_seconds=1.5
LAYER0_PROGRESS slice=6/64 states=[325,390) segments=0..=0 finished_slices=5/64 finished_states=325/4099 resumed_slices=0 elapsed_seconds=1.5
LAYER0_PROGRESS slice=4/64 states=[195,260) segments=0..=0 finished_slices=6/64 finished_states=390/4099 resumed_slices=0 elapsed_seconds=1.5
LAYER0_PROGRESS slice=8/64 states=[455,520) segments=0..=0 finished_slices=7/64 finished_states=455/4099 resumed_slices=0 elapsed_seconds=2.2
LAYER0_PROGRESS slice=7/64 states=[390,455) segments=0..=0 finished_slices=8/64 finished_states=520/4099 resumed_slices=0 elapsed_seconds=2.2
LAYER0_PROGRESS slice=9/64 states=[520,585) segments=0..=0 finished_slices=9/64 finished_states=585/4099 resumed_slices=0 elapsed_seconds=2.2
LAYER0_PROGRESS slice=11/64 states=[650,715) segments=0..=0 finished_slices=10/64 finished_states=650/4099 resumed_slices=0 elapsed_seconds=3.0
LAYER0_PROGRESS slice=10/64 states=[585,650) segments=0..=0 finished_slices=11/64 finished_states=715/4099 resumed_slices=0 elapsed_seconds=3.0
LAYER0_PROGRESS slice=12/64 states=[715,780) segments=0..=0 finished_slices=12/64 finished_states=780/4099 resumed_slices=0 elapsed_seconds=3.0
LAYER0_PROGRESS slice=13/64 states=[780,845) segments=0..=0 finished_slices=13/64 finished_states=845/4099 resumed_slices=0 elapsed_seconds=3.7
LAYER0_PROGRESS slice=15/64 states=[910,975) segments=0..=0 finished_slices=14/64 finished_states=910/4099 resumed_slices=0 elapsed_seconds=3.7
LAYER0_PROGRESS slice=14/64 states=[845,910) segments=0..=0 finished_slices=15/64 finished_states=975/4099 resumed_slices=0 elapsed_seconds=3.7
LAYER0_PROGRESS slice=16/64 states=[975,1040) segments=0..=0 finished_slices=16/64 finished_states=1040/4099 resumed_slices=0 elapsed_seconds=4.5
LAYER0_PROGRESS slice=17/64 states=[1040,1105) segments=0..=0 finished_slices=17/64 finished_states=1105/4099 resumed_slices=0 elapsed_seconds=4.5
LAYER0_PROGRESS slice=18/64 states=[1105,1170) segments=0..=0 finished_slices=18/64 finished_states=1170/4099 resumed_slices=0 elapsed_seconds=4.5
LAYER0_PROGRESS slice=19/64 states=[1170,1235) segments=0..=0 finished_slices=19/64 finished_states=1235/4099 resumed_slices=0 elapsed_seconds=5.2
LAYER0_PROGRESS slice=20/64 states=[1235,1300) segments=0..=0 finished_slices=20/64 finished_states=1300/4099 resumed_slices=0 elapsed_seconds=5.2
LAYER0_PROGRESS slice=21/64 states=[1300,1365) segments=0..=0 finished_slices=21/64 finished_states=1365/4099 resumed_slices=0 elapsed_seconds=5.2
LAYER0_PROGRESS slice=22/64 states=[1365,1430) segments=0..=0 finished_slices=22/64 finished_states=1430/4099 resumed_slices=0 elapsed_seconds=6.0
LAYER0_PROGRESS slice=23/64 states=[1430,1495) segments=0..=0 finished_slices=23/64 finished_states=1495/4099 resumed_slices=0 elapsed_seconds=6.0
LAYER0_PROGRESS slice=24/64 states=[1495,1560) segments=0..=0 finished_slices=24/64 finished_states=1560/4099 resumed_slices=0 elapsed_seconds=6.0
LAYER0_PROGRESS slice=25/64 states=[1560,1625) segments=0..=0 finished_slices=25/64 finished_states=1625/4099 resumed_slices=0 elapsed_seconds=6.7
LAYER0_PROGRESS slice=26/64 states=[1625,1690) segments=0..=0 finished_slices=26/64 finished_states=1690/4099 resumed_slices=0 elapsed_seconds=6.7
LAYER0_PROGRESS slice=27/64 states=[1690,1755) segments=0..=0 finished_slices=27/64 finished_states=1755/4099 resumed_slices=0 elapsed_seconds=6.7
LAYER0_PROGRESS slice=28/64 states=[1755,1820) segments=0..=0 finished_slices=28/64 finished_states=1820/4099 resumed_slices=0 elapsed_seconds=7.5
LAYER0_PROGRESS slice=29/64 states=[1820,1885) segments=0..=0 finished_slices=29/64 finished_states=1885/4099 resumed_slices=0 elapsed_seconds=7.5
LAYER0_PROGRESS slice=30/64 states=[1885,1950) segments=0..=0 finished_slices=30/64 finished_states=1950/4099 resumed_slices=0 elapsed_seconds=7.5
LAYER0_PROGRESS slice=31/64 states=[1950,2015) segments=0..=0 finished_slices=31/64 finished_states=2015/4099 resumed_slices=0 elapsed_seconds=8.2
LAYER0_PROGRESS slice=32/64 states=[2015,2080) segments=0..=0 finished_slices=32/64 finished_states=2080/4099 resumed_slices=0 elapsed_seconds=8.2
LAYER0_PROGRESS slice=33/64 states=[2080,2145) segments=0..=0 finished_slices=33/64 finished_states=2145/4099 resumed_slices=0 elapsed_seconds=8.2
LAYER0_PROGRESS slice=34/64 states=[2145,2210) segments=0..=0 finished_slices=34/64 finished_states=2210/4099 resumed_slices=0 elapsed_seconds=9.0
LAYER0_PROGRESS slice=35/64 states=[2210,2275) segments=0..=0 finished_slices=35/64 finished_states=2275/4099 resumed_slices=0 elapsed_seconds=9.0
LAYER0_PROGRESS slice=36/64 states=[2275,2340) segments=0..=0 finished_slices=36/64 finished_states=2340/4099 resumed_slices=0 elapsed_seconds=9.0
LAYER0_PROGRESS slice=37/64 states=[2340,2405) segments=0..=0 finished_slices=37/64 finished_states=2405/4099 resumed_slices=0 elapsed_seconds=9.7
LAYER0_PROGRESS slice=38/64 states=[2405,2470) segments=0..=0 finished_slices=38/64 finished_states=2470/4099 resumed_slices=0 elapsed_seconds=9.7
LAYER0_PROGRESS slice=39/64 states=[2470,2535) segments=0..=0 finished_slices=39/64 finished_states=2535/4099 resumed_slices=0 elapsed_seconds=9.7
LAYER0_PROGRESS slice=40/64 states=[2535,2600) segments=0..=0 finished_slices=40/64 finished_states=2600/4099 resumed_slices=0 elapsed_seconds=10.5
LAYER0_PROGRESS slice=41/64 states=[2600,2665) segments=0..=0 finished_slices=41/64 finished_states=2665/4099 resumed_slices=0 elapsed_seconds=10.5
LAYER0_PROGRESS slice=42/64 states=[2665,2730) segments=0..=0 finished_slices=42/64 finished_states=2730/4099 resumed_slices=0 elapsed_seconds=10.5
LAYER0_PROGRESS slice=43/64 states=[2730,2795) segments=0..=0 finished_slices=43/64 finished_states=2795/4099 resumed_slices=0 elapsed_seconds=11.2
LAYER0_PROGRESS slice=44/64 states=[2795,2860) segments=0..=0 finished_slices=44/64 finished_states=2860/4099 resumed_slices=0 elapsed_seconds=11.2
LAYER0_PROGRESS slice=45/64 states=[2860,2925) segments=0..=0 finished_slices=45/64 finished_states=2925/4099 resumed_slices=0 elapsed_seconds=11.2
LAYER0_PROGRESS slice=47/64 states=[2990,3055) segments=0..=0 finished_slices=46/64 finished_states=2990/4099 resumed_slices=0 elapsed_seconds=12.0
LAYER0_PROGRESS slice=46/64 states=[2925,2990) segments=0..=0 finished_slices=47/64 finished_states=3055/4099 resumed_slices=0 elapsed_seconds=12.0
LAYER0_PROGRESS slice=48/64 states=[3055,3120) segments=0..=0 finished_slices=48/64 finished_states=3120/4099 resumed_slices=0 elapsed_seconds=12.0
LAYER0_PROGRESS slice=50/64 states=[3185,3250) segments=0..=0 finished_slices=49/64 finished_states=3185/4099 resumed_slices=0 elapsed_seconds=12.7
LAYER0_PROGRESS slice=49/64 states=[3120,3185) segments=0..=0 finished_slices=50/64 finished_states=3250/4099 resumed_slices=0 elapsed_seconds=12.7
LAYER0_PROGRESS slice=51/64 states=[3250,3315) segments=0..=0 finished_slices=51/64 finished_states=3315/4099 resumed_slices=0 elapsed_seconds=12.7
LAYER0_PROGRESS slice=53/64 states=[3380,3445) segments=0..=0 finished_slices=52/64 finished_states=3380/4099 resumed_slices=0 elapsed_seconds=13.5
LAYER0_PROGRESS slice=52/64 states=[3315,3380) segments=0..=0 finished_slices=53/64 finished_states=3445/4099 resumed_slices=0 elapsed_seconds=13.5
LAYER0_PROGRESS slice=54/64 states=[3445,3510) segments=0..=0 finished_slices=54/64 finished_states=3510/4099 resumed_slices=0 elapsed_seconds=13.5
LAYER0_PROGRESS slice=56/64 states=[3575,3640) segments=0..=0 finished_slices=55/64 finished_states=3575/4099 resumed_slices=0 elapsed_seconds=14.2
LAYER0_PROGRESS slice=55/64 states=[3510,3575) segments=0..=0 finished_slices=56/64 finished_states=3640/4099 resumed_slices=0 elapsed_seconds=14.2
LAYER0_PROGRESS slice=57/64 states=[3640,3705) segments=0..=0 finished_slices=57/64 finished_states=3705/4099 resumed_slices=0 elapsed_seconds=14.2
LAYER0_PROGRESS slice=59/64 states=[3770,3835) segments=0..=0 finished_slices=58/64 finished_states=3770/4099 resumed_slices=0 elapsed_seconds=15.0
LAYER0_PROGRESS slice=58/64 states=[3705,3770) segments=0..=0 finished_slices=59/64 finished_states=3835/4099 resumed_slices=0 elapsed_seconds=15.0
LAYER0_PROGRESS slice=60/64 states=[3835,3900) segments=0..=0 finished_slices=60/64 finished_states=3900/4099 resumed_slices=0 elapsed_seconds=15.0
LAYER0_PROGRESS slice=61/64 states=[3900,3965) segments=0..=0 finished_slices=61/64 finished_states=3965/4099 resumed_slices=0 elapsed_seconds=15.7
LAYER0_PROGRESS slice=62/64 states=[3965,4030) segments=0..=0 finished_slices=62/64 finished_states=4030/4099 resumed_slices=0 elapsed_seconds=15.7
LAYER0_PROGRESS slice=63/64 states=[4030,4095) segments=0..=0 finished_slices=63/64 finished_states=4095/4099 resumed_slices=0 elapsed_seconds=15.7
LAYER0_PROGRESS slice=64/64 states=[4095,4099) segments=1..=all_persisted finished_slices=64/64 finished_states=4099/4099 resumed_slices=0 elapsed_seconds=15.8
LAYER0_FINDINGS signatures=0 red_states=0 states=4099
LAYER0_PARALLEL_FINISHED states=4099 slices=64 worker_threads=3 configured_worker_threads=3 worker_threads_source=environment_variable resumed_slices=0 freshly_run_slices=64 progress_file_after_completion=none elapsed_seconds=15.8
SWEEP seed=1 entry=rollback fault=Some((Barrier, 4)) fired=Some((Barrier, 4, 1, 0)) outcome=Err Publish(PublishSequenceFailed { cause: BlockDevice(InputOutput(Custom { kind: Other, error: "注入的屏障错" })), writes_before_the_first_publish: WritesByStructureKind { counted: {} }, writes_of_persiste writes_before=14 writes_after=0 frozen=true resend=Ok checker=0 first=None read=FileRead root=Some((InstanceGeneration(2), CheckpointTxg(8))) content_ok=true remount=Ok checker_after_remount=0 first_after=None enum=states=4099 seconds=15.8 closed=4099 exact=4099 oracle=0 ignored=0 root_without_record=0 missing_unit=0 checker_red_states=0 first=None first_checker=None
LAYER0_PARALLEL_START states=4108 slices=64 states_per_slice=65 worker_threads=3 configured_worker_threads=3 worker_threads_source=environment_variable resumed_slices=0 freshly_run_slices=64
LAYER0_PROGRESS slice=1/64 states=[0,65) segments=0..=0 finished_slices=1/64 finished_states=65/4108 resumed_slices=0 elapsed_seconds=0.8
LAYER0_PROGRESS slice=3/64 states=[130,195) segments=0..=0 finished_slices=2/64 finished_states=130/4108 resumed_slices=0 elapsed_seconds=0.8
LAYER0_PROGRESS slice=2/64 states=[65,130) segments=0..=0 finished_slices=3/64 finished_states=195/4108 resumed_slices=0 elapsed_seconds=0.8
LAYER0_PROGRESS slice=4/64 states=[195,260) segments=0..=0 finished_slices=4/64 finished_states=260/4108 resumed_slices=0 elapsed_seconds=1.5
LAYER0_PROGRESS slice=5/64 states=[260,325) segments=0..=0 finished_slices=5/64 finished_states=325/4108 resumed_slices=0 elapsed_seconds=1.5
LAYER0_PROGRESS slice=6/64 states=[325,390) segments=0..=0 finished_slices=6/64 finished_states=390/4108 resumed_slices=0 elapsed_seconds=1.5
LAYER0_PROGRESS slice=8/64 states=[455,520) segments=0..=0 finished_slices=7/64 finished_states=455/4108 resumed_slices=0 elapsed_seconds=2.2
LAYER0_PROGRESS slice=7/64 states=[390,455) segments=0..=0 finished_slices=8/64 finished_states=520/4108 resumed_slices=0 elapsed_seconds=2.2
LAYER0_PROGRESS slice=9/64 states=[520,585) segments=0..=0 finished_slices=9/64 finished_states=585/4108 resumed_slices=0 elapsed_seconds=2.2
LAYER0_PROGRESS slice=11/64 states=[650,715) segments=0..=0 finished_slices=10/64 finished_states=650/4108 resumed_slices=0 elapsed_seconds=3.0
LAYER0_PROGRESS slice=10/64 states=[585,650) segments=0..=0 finished_slices=11/64 finished_states=715/4108 resumed_slices=0 elapsed_seconds=3.0
LAYER0_PROGRESS slice=12/64 states=[715,780) segments=0..=0 finished_slices=12/64 finished_states=780/4108 resumed_slices=0 elapsed_seconds=3.0
LAYER0_PROGRESS slice=13/64 states=[780,845) segments=0..=0 finished_slices=13/64 finished_states=845/4108 resumed_slices=0 elapsed_seconds=3.7
LAYER0_PROGRESS slice=14/64 states=[845,910) segments=0..=0 finished_slices=14/64 finished_states=910/4108 resumed_slices=0 elapsed_seconds=3.7
LAYER0_PROGRESS slice=15/64 states=[910,975) segments=0..=0 finished_slices=15/64 finished_states=975/4108 resumed_slices=0 elapsed_seconds=3.7
LAYER0_PROGRESS slice=17/64 states=[1040,1105) segments=0..=0 finished_slices=16/64 finished_states=1040/4108 resumed_slices=0 elapsed_seconds=4.5
LAYER0_PROGRESS slice=16/64 states=[975,1040) segments=0..=0 finished_slices=17/64 finished_states=1105/4108 resumed_slices=0 elapsed_seconds=4.5
LAYER0_PROGRESS slice=18/64 states=[1105,1170) segments=0..=0 finished_slices=18/64 finished_states=1170/4108 resumed_slices=0 elapsed_seconds=4.5
LAYER0_PROGRESS slice=21/64 states=[1300,1365) segments=0..=0 finished_slices=19/64 finished_states=1235/4108 resumed_slices=0 elapsed_seconds=5.2
LAYER0_PROGRESS slice=19/64 states=[1170,1235) segments=0..=0 finished_slices=20/64 finished_states=1300/4108 resumed_slices=0 elapsed_seconds=5.2
LAYER0_PROGRESS slice=20/64 states=[1235,1300) segments=0..=0 finished_slices=21/64 finished_states=1365/4108 resumed_slices=0 elapsed_seconds=5.2
LAYER0_PROGRESS slice=22/64 states=[1365,1430) segments=0..=0 finished_slices=22/64 finished_states=1430/4108 resumed_slices=0 elapsed_seconds=6.0
LAYER0_PROGRESS slice=24/64 states=[1495,1560) segments=0..=0 finished_slices=23/64 finished_states=1495/4108 resumed_slices=0 elapsed_seconds=6.0
LAYER0_PROGRESS slice=23/64 states=[1430,1495) segments=0..=0 finished_slices=24/64 finished_states=1560/4108 resumed_slices=0 elapsed_seconds=6.0
LAYER0_PROGRESS slice=25/64 states=[1560,1625) segments=0..=0 finished_slices=25/64 finished_states=1625/4108 resumed_slices=0 elapsed_seconds=6.7
LAYER0_PROGRESS slice=26/64 states=[1625,1690) segments=0..=0 finished_slices=26/64 finished_states=1690/4108 resumed_slices=0 elapsed_seconds=6.7
LAYER0_PROGRESS slice=27/64 states=[1690,1755) segments=0..=0 finished_slices=27/64 finished_states=1755/4108 resumed_slices=0 elapsed_seconds=6.7
LAYER0_PROGRESS slice=28/64 states=[1755,1820) segments=0..=0 finished_slices=28/64 finished_states=1820/4108 resumed_slices=0 elapsed_seconds=7.5
LAYER0_PROGRESS slice=30/64 states=[1885,1950) segments=0..=0 finished_slices=29/64 finished_states=1885/4108 resumed_slices=0 elapsed_seconds=7.5
LAYER0_PROGRESS slice=29/64 states=[1820,1885) segments=0..=0 finished_slices=30/64 finished_states=1950/4108 resumed_slices=0 elapsed_seconds=7.5
LAYER0_PROGRESS slice=32/64 states=[2015,2080) segments=0..=0 finished_slices=31/64 finished_states=2015/4108 resumed_slices=0 elapsed_seconds=8.2
LAYER0_PROGRESS slice=33/64 states=[2080,2145) segments=0..=0 finished_slices=32/64 finished_states=2080/4108 resumed_slices=0 elapsed_seconds=8.2
LAYER0_PROGRESS slice=31/64 states=[1950,2015) segments=0..=0 finished_slices=33/64 finished_states=2145/4108 resumed_slices=0 elapsed_seconds=8.2
LAYER0_PROGRESS slice=34/64 states=[2145,2210) segments=0..=0 finished_slices=34/64 finished_states=2210/4108 resumed_slices=0 elapsed_seconds=9.0
LAYER0_PROGRESS slice=35/64 states=[2210,2275) segments=0..=0 finished_slices=35/64 finished_states=2275/4108 resumed_slices=0 elapsed_seconds=9.0
LAYER0_PROGRESS slice=36/64 states=[2275,2340) segments=0..=0 finished_slices=36/64 finished_states=2340/4108 resumed_slices=0 elapsed_seconds=9.0
LAYER0_PROGRESS slice=37/64 states=[2340,2405) segments=0..=0 finished_slices=37/64 finished_states=2405/4108 resumed_slices=0 elapsed_seconds=9.7
LAYER0_PROGRESS slice=38/64 states=[2405,2470) segments=0..=0 finished_slices=38/64 finished_states=2470/4108 resumed_slices=0 elapsed_seconds=9.7
LAYER0_PROGRESS slice=39/64 states=[2470,2535) segments=0..=0 finished_slices=39/64 finished_states=2535/4108 resumed_slices=0 elapsed_seconds=9.7
LAYER0_PROGRESS slice=41/64 states=[2600,2665) segments=0..=0 finished_slices=40/64 finished_states=2600/4108 resumed_slices=0 elapsed_seconds=10.5
LAYER0_PROGRESS slice=40/64 states=[2535,2600) segments=0..=0 finished_slices=41/64 finished_states=2665/4108 resumed_slices=0 elapsed_seconds=10.5
LAYER0_PROGRESS slice=42/64 states=[2665,2730) segments=0..=0 finished_slices=42/64 finished_states=2730/4108 resumed_slices=0 elapsed_seconds=10.5
LAYER0_PROGRESS slice=43/64 states=[2730,2795) segments=0..=0 finished_slices=43/64 finished_states=2795/4108 resumed_slices=0 elapsed_seconds=11.3
LAYER0_PROGRESS slice=44/64 states=[2795,2860) segments=0..=0 finished_slices=44/64 finished_states=2860/4108 resumed_slices=0 elapsed_seconds=11.3
LAYER0_PROGRESS slice=45/64 states=[2860,2925) segments=0..=0 finished_slices=45/64 finished_states=2925/4108 resumed_slices=0 elapsed_seconds=11.3
LAYER0_PROGRESS slice=46/64 states=[2925,2990) segments=0..=0 finished_slices=46/64 finished_states=2990/4108 resumed_slices=0 elapsed_seconds=12.0
LAYER0_PROGRESS slice=47/64 states=[2990,3055) segments=0..=0 finished_slices=47/64 finished_states=3055/4108 resumed_slices=0 elapsed_seconds=12.1
LAYER0_PROGRESS slice=48/64 states=[3055,3120) segments=0..=0 finished_slices=48/64 finished_states=3120/4108 resumed_slices=0 elapsed_seconds=12.1
LAYER0_PROGRESS slice=49/64 states=[3120,3185) segments=0..=0 finished_slices=49/64 finished_states=3185/4108 resumed_slices=0 elapsed_seconds=12.8
LAYER0_PROGRESS slice=50/64 states=[3185,3250) segments=0..=0 finished_slices=50/64 finished_states=3250/4108 resumed_slices=0 elapsed_seconds=12.8
LAYER0_PROGRESS slice=51/64 states=[3250,3315) segments=0..=0 finished_slices=51/64 finished_states=3315/4108 resumed_slices=0 elapsed_seconds=12.8
LAYER0_PROGRESS slice=52/64 states=[3315,3380) segments=0..=0 finished_slices=52/64 finished_states=3380/4108 resumed_slices=0 elapsed_seconds=13.6
LAYER0_PROGRESS slice=53/64 states=[3380,3445) segments=0..=0 finished_slices=53/64 finished_states=3445/4108 resumed_slices=0 elapsed_seconds=13.6
LAYER0_PROGRESS slice=54/64 states=[3445,3510) segments=0..=0 finished_slices=54/64 finished_states=3510/4108 resumed_slices=0 elapsed_seconds=13.6
LAYER0_PROGRESS slice=55/64 states=[3510,3575) segments=0..=0 finished_slices=55/64 finished_states=3575/4108 resumed_slices=0 elapsed_seconds=14.4
LAYER0_PROGRESS slice=56/64 states=[3575,3640) segments=0..=0 finished_slices=56/64 finished_states=3640/4108 resumed_slices=0 elapsed_seconds=14.4
LAYER0_PROGRESS slice=57/64 states=[3640,3705) segments=0..=0 finished_slices=57/64 finished_states=3705/4108 resumed_slices=0 elapsed_seconds=14.4
LAYER0_PROGRESS slice=58/64 states=[3705,3770) segments=0..=0 finished_slices=58/64 finished_states=3770/4108 resumed_slices=0 elapsed_seconds=15.1
LAYER0_PROGRESS slice=59/64 states=[3770,3835) segments=0..=0 finished_slices=59/64 finished_states=3835/4108 resumed_slices=0 elapsed_seconds=15.2
LAYER0_PROGRESS slice=60/64 states=[3835,3900) segments=0..=0 finished_slices=60/64 finished_states=3900/4108 resumed_slices=0 elapsed_seconds=15.2
LAYER0_PROGRESS slice=61/64 states=[3900,3965) segments=0..=0 finished_slices=61/64 finished_states=3965/4108 resumed_slices=0 elapsed_seconds=15.9
LAYER0_PROGRESS slice=62/64 states=[3965,4030) segments=0..=0 finished_slices=62/64 finished_states=4030/4108 resumed_slices=0 elapsed_seconds=15.9
LAYER0_PROGRESS slice=63/64 states=[4030,4095) segments=0..=0 finished_slices=63/64 finished_states=4095/4108 resumed_slices=0 elapsed_seconds=15.9
LAYER0_PROGRESS slice=64/64 states=[4095,4108) segments=1..=all_persisted finished_slices=64/64 finished_states=4108/4108 resumed_slices=0 elapsed_seconds=16.0
LAYER0_FINDINGS signatures=0 red_states=0 states=4108
LAYER0_PARALLEL_FINISHED states=4108 slices=64 worker_threads=3 configured_worker_threads=3 worker_threads_source=environment_variable resumed_slices=0 freshly_run_slices=64 progress_file_after_completion=none elapsed_seconds=16.0
SWEEP seed=1 entry=rollback fault=Some((Barrier, 5)) fired=Some((Barrier, 5, 0, 0)) outcome=Err Publish(PublishSequenceFailed { cause: BlockDevice(InputOutput(Custom { kind: Other, error: "注入的屏障错" })), writes_before_the_first_publish: WritesByStructureKind { counted: {} }, writes_of_persiste writes_before=17 writes_after=0 frozen=true resend=Ok checker=0 first=None read=FileRead root=Some((InstanceGeneration(2), CheckpointTxg(8))) content_ok=true remount=Ok checker_after_remount=0 first_after=None enum=states=4108 seconds=16.0 closed=4103 exact=4108 oracle=0 ignored=0 root_without_record=0 missing_unit=0 checker_red_states=0 first=None first_checker=None
LAYER0_PARALLEL_START states=4108 slices=64 states_per_slice=65 worker_threads=3 configured_worker_threads=3 worker_threads_source=environment_variable resumed_slices=0 freshly_run_slices=64
LAYER0_PROGRESS slice=1/64 states=[0,65) segments=0..=0 finished_slices=1/64 finished_states=65/4108 resumed_slices=0 elapsed_seconds=0.8
LAYER0_PROGRESS slice=3/64 states=[130,195) segments=0..=0 finished_slices=2/64 finished_states=130/4108 resumed_slices=0 elapsed_seconds=0.8
LAYER0_PROGRESS slice=2/64 states=[65,130) segments=0..=0 finished_slices=3/64 finished_states=195/4108 resumed_slices=0 elapsed_seconds=0.8
LAYER0_PROGRESS slice=4/64 states=[195,260) segments=0..=0 finished_slices=4/64 finished_states=260/4108 resumed_slices=0 elapsed_seconds=1.5
LAYER0_PROGRESS slice=6/64 states=[325,390) segments=0..=0 finished_slices=5/64 finished_states=325/4108 resumed_slices=0 elapsed_seconds=1.5
LAYER0_PROGRESS slice=5/64 states=[260,325) segments=0..=0 finished_slices=6/64 finished_states=390/4108 resumed_slices=0 elapsed_seconds=1.5
LAYER0_PROGRESS slice=7/64 states=[390,455) segments=0..=0 finished_slices=7/64 finished_states=455/4108 resumed_slices=0 elapsed_seconds=2.3
LAYER0_PROGRESS slice=8/64 states=[455,520) segments=0..=0 finished_slices=8/64 finished_states=520/4108 resumed_slices=0 elapsed_seconds=2.3
LAYER0_PROGRESS slice=9/64 states=[520,585) segments=0..=0 finished_slices=9/64 finished_states=585/4108 resumed_slices=0 elapsed_seconds=2.3
LAYER0_PROGRESS slice=10/64 states=[585,650) segments=0..=0 finished_slices=10/64 finished_states=650/4108 resumed_slices=0 elapsed_seconds=3.0
LAYER0_PROGRESS slice=11/64 states=[650,715) segments=0..=0 finished_slices=11/64 finished_states=715/4108 resumed_slices=0 elapsed_seconds=3.0
LAYER0_PROGRESS slice=12/64 states=[715,780) segments=0..=0 finished_slices=12/64 finished_states=780/4108 resumed_slices=0 elapsed_seconds=3.0
LAYER0_PROGRESS slice=13/64 states=[780,845) segments=0..=0 finished_slices=13/64 finished_states=845/4108 resumed_slices=0 elapsed_seconds=3.8
LAYER0_PROGRESS slice=14/64 states=[845,910) segments=0..=0 finished_slices=14/64 finished_states=910/4108 resumed_slices=0 elapsed_seconds=3.8
LAYER0_PROGRESS slice=15/64 states=[910,975) segments=0..=0 finished_slices=15/64 finished_states=975/4108 resumed_slices=0 elapsed_seconds=3.8
LAYER0_PROGRESS slice=17/64 states=[1040,1105) segments=0..=0 finished_slices=16/64 finished_states=1040/4108 resumed_slices=0 elapsed_seconds=4.5
LAYER0_PROGRESS slice=16/64 states=[975,1040) segments=0..=0 finished_slices=17/64 finished_states=1105/4108 resumed_slices=0 elapsed_seconds=4.5
LAYER0_PROGRESS slice=18/64 states=[1105,1170) segments=0..=0 finished_slices=18/64 finished_states=1170/4108 resumed_slices=0 elapsed_seconds=4.6
LAYER0_PROGRESS slice=19/64 states=[1170,1235) segments=0..=0 finished_slices=19/64 finished_states=1235/4108 resumed_slices=0 elapsed_seconds=5.3
LAYER0_PROGRESS slice=21/64 states=[1300,1365) segments=0..=0 finished_slices=20/64 finished_states=1300/4108 resumed_slices=0 elapsed_seconds=5.3
LAYER0_PROGRESS slice=20/64 states=[1235,1300) segments=0..=0 finished_slices=21/64 finished_states=1365/4108 resumed_slices=0 elapsed_seconds=5.3
LAYER0_PROGRESS slice=22/64 states=[1365,1430) segments=0..=0 finished_slices=22/64 finished_states=1430/4108 resumed_slices=0 elapsed_seconds=6.1
LAYER0_PROGRESS slice=23/64 states=[1430,1495) segments=0..=0 finished_slices=23/64 finished_states=1495/4108 resumed_slices=0 elapsed_seconds=6.1
LAYER0_PROGRESS slice=24/64 states=[1495,1560) segments=0..=0 finished_slices=24/64 finished_states=1560/4108 resumed_slices=0 elapsed_seconds=6.1
LAYER0_PROGRESS slice=25/64 states=[1560,1625) segments=0..=0 finished_slices=25/64 finished_states=1625/4108 resumed_slices=0 elapsed_seconds=6.8
LAYER0_PROGRESS slice=26/64 states=[1625,1690) segments=0..=0 finished_slices=26/64 finished_states=1690/4108 resumed_slices=0 elapsed_seconds=6.8
LAYER0_PROGRESS slice=27/64 states=[1690,1755) segments=0..=0 finished_slices=27/64 finished_states=1755/4108 resumed_slices=0 elapsed_seconds=6.8
LAYER0_PROGRESS slice=28/64 states=[1755,1820) segments=0..=0 finished_slices=28/64 finished_states=1820/4108 resumed_slices=0 elapsed_seconds=7.6
LAYER0_PROGRESS slice=29/64 states=[1820,1885) segments=0..=0 finished_slices=29/64 finished_states=1885/4108 resumed_slices=0 elapsed_seconds=7.6
LAYER0_PROGRESS slice=30/64 states=[1885,1950) segments=0..=0 finished_slices=30/64 finished_states=1950/4108 resumed_slices=0 elapsed_seconds=7.6
LAYER0_PROGRESS slice=31/64 states=[1950,2015) segments=0..=0 finished_slices=31/64 finished_states=2015/4108 resumed_slices=0 elapsed_seconds=8.3
LAYER0_PROGRESS slice=32/64 states=[2015,2080) segments=0..=0 finished_slices=32/64 finished_states=2080/4108 resumed_slices=0 elapsed_seconds=8.3
LAYER0_PROGRESS slice=33/64 states=[2080,2145) segments=0..=0 finished_slices=33/64 finished_states=2145/4108 resumed_slices=0 elapsed_seconds=8.3
LAYER0_PROGRESS slice=34/64 states=[2145,2210) segments=0..=0 finished_slices=34/64 finished_states=2210/4108 resumed_slices=0 elapsed_seconds=9.0
LAYER0_PROGRESS slice=35/64 states=[2210,2275) segments=0..=0 finished_slices=35/64 finished_states=2275/4108 resumed_slices=0 elapsed_seconds=9.1
LAYER0_PROGRESS slice=36/64 states=[2275,2340) segments=0..=0 finished_slices=36/64 finished_states=2340/4108 resumed_slices=0 elapsed_seconds=9.1
LAYER0_PROGRESS slice=37/64 states=[2340,2405) segments=0..=0 finished_slices=37/64 finished_states=2405/4108 resumed_slices=0 elapsed_seconds=9.8
LAYER0_PROGRESS slice=38/64 states=[2405,2470) segments=0..=0 finished_slices=38/64 finished_states=2470/4108 resumed_slices=0 elapsed_seconds=9.8
LAYER0_PROGRESS slice=39/64 states=[2470,2535) segments=0..=0 finished_slices=39/64 finished_states=2535/4108 resumed_slices=0 elapsed_seconds=9.8
LAYER0_PROGRESS slice=40/64 states=[2535,2600) segments=0..=0 finished_slices=40/64 finished_states=2600/4108 resumed_slices=0 elapsed_seconds=10.5
LAYER0_PROGRESS slice=41/64 states=[2600,2665) segments=0..=0 finished_slices=41/64 finished_states=2665/4108 resumed_slices=0 elapsed_seconds=10.5
LAYER0_PROGRESS slice=42/64 states=[2665,2730) segments=0..=0 finished_slices=42/64 finished_states=2730/4108 resumed_slices=0 elapsed_seconds=10.6
LAYER0_PROGRESS slice=44/64 states=[2795,2860) segments=0..=0 finished_slices=43/64 finished_states=2795/4108 resumed_slices=0 elapsed_seconds=11.3
LAYER0_PROGRESS slice=43/64 states=[2730,2795) segments=0..=0 finished_slices=44/64 finished_states=2860/4108 resumed_slices=0 elapsed_seconds=11.3
LAYER0_PROGRESS slice=45/64 states=[2860,2925) segments=0..=0 finished_slices=45/64 finished_states=2925/4108 resumed_slices=0 elapsed_seconds=11.3
LAYER0_PROGRESS slice=46/64 states=[2925,2990) segments=0..=0 finished_slices=46/64 finished_states=2990/4108 resumed_slices=0 elapsed_seconds=12.0
LAYER0_PROGRESS slice=47/64 states=[2990,3055) segments=0..=0 finished_slices=47/64 finished_states=3055/4108 resumed_slices=0 elapsed_seconds=12.0
LAYER0_PROGRESS slice=48/64 states=[3055,3120) segments=0..=0 finished_slices=48/64 finished_states=3120/4108 resumed_slices=0 elapsed_seconds=12.1
LAYER0_PROGRESS slice=49/64 states=[3120,3185) segments=0..=0 finished_slices=49/64 finished_states=3185/4108 resumed_slices=0 elapsed_seconds=12.8
LAYER0_PROGRESS slice=50/64 states=[3185,3250) segments=0..=0 finished_slices=50/64 finished_states=3250/4108 resumed_slices=0 elapsed_seconds=12.8
LAYER0_PROGRESS slice=51/64 states=[3250,3315) segments=0..=0 finished_slices=51/64 finished_states=3315/4108 resumed_slices=0 elapsed_seconds=12.8
LAYER0_PROGRESS slice=52/64 states=[3315,3380) segments=0..=0 finished_slices=52/64 finished_states=3380/4108 resumed_slices=0 elapsed_seconds=13.5
LAYER0_PROGRESS slice=53/64 states=[3380,3445) segments=0..=0 finished_slices=53/64 finished_states=3445/4108 resumed_slices=0 elapsed_seconds=13.5
LAYER0_PROGRESS slice=54/64 states=[3445,3510) segments=0..=0 finished_slices=54/64 finished_states=3510/4108 resumed_slices=0 elapsed_seconds=13.6
LAYER0_PROGRESS slice=55/64 states=[3510,3575) segments=0..=0 finished_slices=55/64 finished_states=3575/4108 resumed_slices=0 elapsed_seconds=14.3
LAYER0_PROGRESS slice=56/64 states=[3575,3640) segments=0..=0 finished_slices=56/64 finished_states=3640/4108 resumed_slices=0 elapsed_seconds=14.3
LAYER0_PROGRESS slice=57/64 states=[3640,3705) segments=0..=0 finished_slices=57/64 finished_states=3705/4108 resumed_slices=0 elapsed_seconds=14.3
LAYER0_PROGRESS slice=58/64 states=[3705,3770) segments=0..=0 finished_slices=58/64 finished_states=3770/4108 resumed_slices=0 elapsed_seconds=15.0
LAYER0_PROGRESS slice=59/64 states=[3770,3835) segments=0..=0 finished_slices=59/64 finished_states=3835/4108 resumed_slices=0 elapsed_seconds=15.0
LAYER0_PROGRESS slice=60/64 states=[3835,3900) segments=0..=0 finished_slices=60/64 finished_states=3900/4108 resumed_slices=0 elapsed_seconds=15.1
LAYER0_PROGRESS slice=61/64 states=[3900,3965) segments=0..=0 finished_slices=61/64 finished_states=3965/4108 resumed_slices=0 elapsed_seconds=15.8
LAYER0_PROGRESS slice=62/64 states=[3965,4030) segments=0..=0 finished_slices=62/64 finished_states=4030/4108 resumed_slices=0 elapsed_seconds=15.8
LAYER0_PROGRESS slice=63/64 states=[4030,4095) segments=0..=0 finished_slices=63/64 finished_states=4095/4108 resumed_slices=0 elapsed_seconds=15.8
LAYER0_PROGRESS slice=64/64 states=[4095,4108) segments=1..=all_persisted finished_slices=64/64 finished_states=4108/4108 resumed_slices=0 elapsed_seconds=15.9
LAYER0_FINDINGS signatures=0 red_states=0 states=4108
LAYER0_PARALLEL_FINISHED states=4108 slices=64 worker_threads=3 configured_worker_threads=3 worker_threads_source=environment_variable resumed_slices=0 freshly_run_slices=64 progress_file_after_completion=none elapsed_seconds=15.9
SWEEP seed=1 entry=rollback fault=Some((Barrier, 6)) fired=Some((Barrier, 6, 1, 0)) outcome=Err Publish(PublishSequenceFailed { cause: BlockDevice(InputOutput(Custom { kind: Other, error: "注入的屏障错" })), writes_before_the_first_publish: WritesByStructureKind { counted: {} }, writes_of_persiste writes_before=17 writes_after=0 frozen=true resend=Ok checker=0 first=None read=FileRead root=Some((InstanceGeneration(2), CheckpointTxg(8))) content_ok=true remount=Ok checker_after_remount=0 first_after=None enum=states=4108 seconds=15.9 closed=4103 exact=4108 oracle=0 ignored=0 root_without_record=0 missing_unit=0 checker_red_states=0 first=None first_checker=None
BASE seed=3 steps=["crash_remount:Ok(())", "overwrite:Ok(())", "create_one_inode:Ok(())", "overwrite:Ok(())", "rollback_to_2_7:Ok", "rollback_to_2_6:Ok"] current=(2,10) floor=0 rollback_target=Some((2, 9)) seconds=0.01
SWEEP seed=3 entry=rollback clean outcome=Ok reads=282 writes=17 barriers=6
SWEEP seed=3 entry=rollback fault=Some((Write, 1)) fired=Some((Write, 1, 0, 26099712)) outcome=Err Publish(PublishSequenceFailed { cause: BlockDevice(InputOutput(Custom { kind: Other, error: "注入的写错" })), writes_before_the_first_publish: WritesByStructureKind { counted: {} }, writes_of_persisted writes_before=0 writes_after=0 frozen=true resend=Ok checker=0 first=None read=FileRead root=Some((InstanceGeneration(2), CheckpointTxg(11))) content_ok=true remount=Ok checker_after_remount=0 first_after=None enum=no_writes
LAYER0_PARALLEL_START states=2 slices=1 states_per_slice=2 worker_threads=1 configured_worker_threads=3 worker_threads_source=environment_variable resumed_slices=0 freshly_run_slices=1
LAYER0_PROGRESS slice=1/1 states=[0,2) segments=0..=all_persisted finished_slices=1/1 finished_states=2/2 resumed_slices=0 elapsed_seconds=0.0
LAYER0_FINDINGS signatures=0 red_states=0 states=2
LAYER0_PARALLEL_FINISHED states=2 slices=1 worker_threads=1 configured_worker_threads=3 worker_threads_source=environment_variable resumed_slices=0 freshly_run_slices=1 progress_file_after_completion=none elapsed_seconds=0.0
SWEEP seed=3 entry=rollback fault=Some((Write, 2)) fired=Some((Write, 2, 1, 26099712)) outcome=Err Publish(PublishSequenceFailed { cause: BlockDevice(InputOutput(Custom { kind: Other, error: "注入的写错" })), writes_before_the_first_publish: WritesByStructureKind { counted: {} }, writes_of_persisted writes_before=1 writes_after=0 frozen=true resend=Ok checker=0 first=None read=FileRead root=Some((InstanceGeneration(2), CheckpointTxg(11))) content_ok=true remount=Ok checker_after_remount=0 first_after=None enum=states=2 seconds=0.0 closed=2 exact=2 oracle=0 ignored=0 root_without_record=0 missing_unit=0 checker_red_states=0 first=None first_checker=None
LAYER0_PARALLEL_START states=4 slices=1 states_per_slice=4 worker_threads=1 configured_worker_threads=3 worker_threads_source=environment_variable resumed_slices=0 freshly_run_slices=1
LAYER0_PROGRESS slice=1/1 states=[0,4) segments=0..=all_persisted finished_slices=1/1 finished_states=4/4 resumed_slices=0 elapsed_seconds=0.1
LAYER0_FINDINGS signatures=0 red_states=0 states=4
LAYER0_PARALLEL_FINISHED states=4 slices=1 worker_threads=1 configured_worker_threads=3 worker_threads_source=environment_variable resumed_slices=0 freshly_run_slices=1 progress_file_after_completion=none elapsed_seconds=0.1
SWEEP seed=3 entry=rollback fault=Some((Write, 3)) fired=Some((Write, 3, 0, 26116096)) outcome=Err Publish(PublishSequenceFailed { cause: BlockDevice(InputOutput(Custom { kind: Other, error: "注入的写错" })), writes_before_the_first_publish: WritesByStructureKind { counted: {} }, writes_of_persisted writes_before=2 writes_after=0 frozen=true resend=Ok checker=0 first=None read=FileRead root=Some((InstanceGeneration(2), CheckpointTxg(11))) content_ok=true remount=Ok checker_after_remount=0 first_after=None enum=states=4 seconds=0.1 closed=4 exact=4 oracle=0 ignored=0 root_without_record=0 missing_unit=0 checker_red_states=0 first=None first_checker=None
LAYER0_PARALLEL_START states=8 slices=1 states_per_slice=8 worker_threads=1 configured_worker_threads=3 worker_threads_source=environment_variable resumed_slices=0 freshly_run_slices=1
LAYER0_PROGRESS slice=1/1 states=[0,8) segments=0..=all_persisted finished_slices=1/1 finished_states=8/8 resumed_slices=0 elapsed_seconds=0.1
LAYER0_FINDINGS signatures=0 red_states=0 states=8
LAYER0_PARALLEL_FINISHED states=8 slices=1 worker_threads=1 configured_worker_threads=3 worker_threads_source=environment_variable resumed_slices=0 freshly_run_slices=1 progress_file_after_completion=none elapsed_seconds=0.1
SWEEP seed=3 entry=rollback fault=Some((Write, 4)) fired=Some((Write, 4, 1, 26116096)) outcome=Err Publish(PublishSequenceFailed { cause: BlockDevice(InputOutput(Custom { kind: Other, error: "注入的写错" })), writes_before_the_first_publish: WritesByStructureKind { counted: {} }, writes_of_persisted writes_before=3 writes_after=0 frozen=true resend=Ok checker=0 first=None read=FileRead root=Some((InstanceGeneration(2), CheckpointTxg(11))) content_ok=true remount=Ok checker_after_remount=0 first_after=None enum=states=8 seconds=0.1 closed=8 exact=8 oracle=0 ignored=0 root_without_record=0 missing_unit=0 checker_red_states=0 first=None first_checker=None
LAYER0_PARALLEL_START states=16 slices=1 states_per_slice=16 worker_threads=1 configured_worker_threads=3 worker_threads_source=environment_variable resumed_slices=0 freshly_run_slices=1
LAYER0_PROGRESS slice=1/1 states=[0,16) segments=0..=all_persisted finished_slices=1/1 finished_states=16/16 resumed_slices=0 elapsed_seconds=0.3
LAYER0_FINDINGS signatures=0 red_states=0 states=16
LAYER0_PARALLEL_FINISHED states=16 slices=1 worker_threads=1 configured_worker_threads=3 worker_threads_source=environment_variable resumed_slices=0 freshly_run_slices=1 progress_file_after_completion=none elapsed_seconds=0.3
SWEEP seed=3 entry=rollback fault=Some((Write, 5)) fired=Some((Write, 5, 0, 26132480)) outcome=Err Publish(PublishSequenceFailed { cause: BlockDevice(InputOutput(Custom { kind: Other, error: "注入的写错" })), writes_before_the_first_publish: WritesByStructureKind { counted: {} }, writes_of_persisted writes_before=4 writes_after=0 frozen=true resend=Ok checker=0 first=None read=FileRead root=Some((InstanceGeneration(2), CheckpointTxg(11))) content_ok=true remount=Ok checker_after_remount=0 first_after=None enum=states=16 seconds=0.3 closed=16 exact=16 oracle=0 ignored=0 root_without_record=0 missing_unit=0 checker_red_states=0 first=None first_checker=None
LAYER0_PARALLEL_START states=32 slices=2 states_per_slice=16 worker_threads=2 configured_worker_threads=3 worker_threads_source=environment_variable resumed_slices=0 freshly_run_slices=2
LAYER0_PROGRESS slice=1/2 states=[0,16) segments=0..=0 finished_slices=1/2 finished_states=16/32 resumed_slices=0 elapsed_seconds=0.3
LAYER0_PROGRESS slice=2/2 states=[16,32) segments=0..=all_persisted finished_slices=2/2 finished_states=32/32 resumed_slices=0 elapsed_seconds=0.3
LAYER0_FINDINGS signatures=0 red_states=0 states=32
LAYER0_PARALLEL_FINISHED states=32 slices=2 worker_threads=2 configured_worker_threads=3 worker_threads_source=environment_variable resumed_slices=0 freshly_run_slices=2 progress_file_after_completion=none elapsed_seconds=0.3
SWEEP seed=3 entry=rollback fault=Some((Write, 6)) fired=Some((Write, 6, 1, 26132480)) outcome=Err Publish(PublishSequenceFailed { cause: BlockDevice(InputOutput(Custom { kind: Other, error: "注入的写错" })), writes_before_the_first_publish: WritesByStructureKind { counted: {} }, writes_of_persisted writes_before=5 writes_after=0 frozen=true resend=Ok checker=0 first=None read=FileRead root=Some((InstanceGeneration(2), CheckpointTxg(11))) content_ok=true remount=Ok checker_after_remount=0 first_after=None enum=states=32 seconds=0.3 closed=32 exact=32 oracle=0 ignored=0 root_without_record=0 missing_unit=0 checker_red_states=0 first=None first_checker=None
LAYER0_PARALLEL_START states=64 slices=4 states_per_slice=16 worker_threads=3 configured_worker_threads=3 worker_threads_source=environment_variable resumed_slices=0 freshly_run_slices=4
LAYER0_PROGRESS slice=1/4 states=[0,16) segments=0..=0 finished_slices=1/4 finished_states=16/64 resumed_slices=0 elapsed_seconds=0.3
LAYER0_PROGRESS slice=2/4 states=[16,32) segments=0..=0 finished_slices=2/4 finished_states=32/64 resumed_slices=0 elapsed_seconds=0.3
LAYER0_PROGRESS slice=3/4 states=[32,48) segments=0..=0 finished_slices=3/4 finished_states=48/64 resumed_slices=0 elapsed_seconds=0.3
LAYER0_PROGRESS slice=4/4 states=[48,64) segments=0..=all_persisted finished_slices=4/4 finished_states=64/64 resumed_slices=0 elapsed_seconds=0.6
LAYER0_FINDINGS signatures=0 red_states=0 states=64
LAYER0_PARALLEL_FINISHED states=64 slices=4 worker_threads=3 configured_worker_threads=3 worker_threads_source=environment_variable resumed_slices=0 freshly_run_slices=4 progress_file_after_completion=none elapsed_seconds=0.6
SWEEP seed=3 entry=rollback fault=Some((Write, 7)) fired=Some((Write, 7, 0, 26148864)) outcome=Err Publish(PublishSequenceFailed { cause: BlockDevice(InputOutput(Custom { kind: Other, error: "注入的写错" })), writes_before_the_first_publish: WritesByStructureKind { counted: {} }, writes_of_persisted writes_before=6 writes_after=0 frozen=true resend=Ok checker=0 first=None read=FileRead root=Some((InstanceGeneration(2), CheckpointTxg(11))) content_ok=true remount=Ok checker_after_remount=0 first_after=None enum=states=64 seconds=0.6 closed=64 exact=64 oracle=0 ignored=0 root_without_record=0 missing_unit=0 checker_red_states=0 first=None first_checker=None
LAYER0_PARALLEL_START states=128 slices=8 states_per_slice=16 worker_threads=3 configured_worker_threads=3 worker_threads_source=environment_variable resumed_slices=0 freshly_run_slices=8
LAYER0_PROGRESS slice=1/8 states=[0,16) segments=0..=0 finished_slices=1/8 finished_states=16/128 resumed_slices=0 elapsed_seconds=0.3
LAYER0_PROGRESS slice=3/8 states=[32,48) segments=0..=0 finished_slices=2/8 finished_states=32/128 resumed_slices=0 elapsed_seconds=0.3
LAYER0_PROGRESS slice=2/8 states=[16,32) segments=0..=0 finished_slices=3/8 finished_states=48/128 resumed_slices=0 elapsed_seconds=0.3
LAYER0_PROGRESS slice=4/8 states=[48,64) segments=0..=0 finished_slices=4/8 finished_states=64/128 resumed_slices=0 elapsed_seconds=0.6
LAYER0_PROGRESS slice=5/8 states=[64,80) segments=0..=0 finished_slices=5/8 finished_states=80/128 resumed_slices=0 elapsed_seconds=0.6
LAYER0_PROGRESS slice=6/8 states=[80,96) segments=0..=0 finished_slices=6/8 finished_states=96/128 resumed_slices=0 elapsed_seconds=0.6
LAYER0_PROGRESS slice=7/8 states=[96,112) segments=0..=0 finished_slices=7/8 finished_states=112/128 resumed_slices=0 elapsed_seconds=0.8
LAYER0_PROGRESS slice=8/8 states=[112,128) segments=0..=all_persisted finished_slices=8/8 finished_states=128/128 resumed_slices=0 elapsed_seconds=0.8
LAYER0_FINDINGS signatures=0 red_states=0 states=128
LAYER0_PARALLEL_FINISHED states=128 slices=8 worker_threads=3 configured_worker_threads=3 worker_threads_source=environment_variable resumed_slices=0 freshly_run_slices=8 progress_file_after_completion=none elapsed_seconds=0.8
SWEEP seed=3 entry=rollback fault=Some((Write, 8)) fired=Some((Write, 8, 1, 26148864)) outcome=Err Publish(PublishSequenceFailed { cause: BlockDevice(InputOutput(Custom { kind: Other, error: "注入的写错" })), writes_before_the_first_publish: WritesByStructureKind { counted: {} }, writes_of_persisted writes_before=7 writes_after=0 frozen=true resend=Ok checker=0 first=None read=FileRead root=Some((InstanceGeneration(2), CheckpointTxg(11))) content_ok=true remount=Ok checker_after_remount=0 first_after=None enum=states=128 seconds=0.8 closed=128 exact=128 oracle=0 ignored=0 root_without_record=0 missing_unit=0 checker_red_states=0 first=None first_checker=None
LAYER0_PARALLEL_START states=256 slices=16 states_per_slice=16 worker_threads=3 configured_worker_threads=3 worker_threads_source=environment_variable resumed_slices=0 freshly_run_slices=16
LAYER0_PROGRESS slice=2/16 states=[16,32) segments=0..=0 finished_slices=1/16 finished_states=16/256 resumed_slices=0 elapsed_seconds=0.3
LAYER0_PROGRESS slice=1/16 states=[0,16) segments=0..=0 finished_slices=2/16 finished_states=32/256 resumed_slices=0 elapsed_seconds=0.3
LAYER0_PROGRESS slice=3/16 states=[32,48) segments=0..=0 finished_slices=3/16 finished_states=48/256 resumed_slices=0 elapsed_seconds=0.3
LAYER0_PROGRESS slice=4/16 states=[48,64) segments=0..=0 finished_slices=4/16 finished_states=64/256 resumed_slices=0 elapsed_seconds=0.6
LAYER0_PROGRESS slice=6/16 states=[80,96) segments=0..=0 finished_slices=5/16 finished_states=80/256 resumed_slices=0 elapsed_seconds=0.6
LAYER0_PROGRESS slice=5/16 states=[64,80) segments=0..=0 finished_slices=6/16 finished_states=96/256 resumed_slices=0 elapsed_seconds=0.6
LAYER0_PROGRESS slice=8/16 states=[112,128) segments=0..=0 finished_slices=7/16 finished_states=112/256 resumed_slices=0 elapsed_seconds=0.8
LAYER0_PROGRESS slice=7/16 states=[96,112) segments=0..=0 finished_slices=8/16 finished_states=128/256 resumed_slices=0 elapsed_seconds=0.8
LAYER0_PROGRESS slice=9/16 states=[128,144) segments=0..=0 finished_slices=9/16 finished_states=144/256 resumed_slices=0 elapsed_seconds=0.8
LAYER0_PROGRESS slice=10/16 states=[144,160) segments=0..=0 finished_slices=10/16 finished_states=160/256 resumed_slices=0 elapsed_seconds=1.1
LAYER0_PROGRESS slice=11/16 states=[160,176) segments=0..=0 finished_slices=11/16 finished_states=176/256 resumed_slices=0 elapsed_seconds=1.1
LAYER0_PROGRESS slice=12/16 states=[176,192) segments=0..=0 finished_slices=12/16 finished_states=192/256 resumed_slices=0 elapsed_seconds=1.1
LAYER0_PROGRESS slice=13/16 states=[192,208) segments=0..=0 finished_slices=13/16 finished_states=208/256 resumed_slices=0 elapsed_seconds=1.4
LAYER0_PROGRESS slice=14/16 states=[208,224) segments=0..=0 finished_slices=14/16 finished_states=224/256 resumed_slices=0 elapsed_seconds=1.4
LAYER0_PROGRESS slice=15/16 states=[224,240) segments=0..=0 finished_slices=15/16 finished_states=240/256 resumed_slices=0 elapsed_seconds=1.4
LAYER0_PROGRESS slice=16/16 states=[240,256) segments=0..=all_persisted finished_slices=16/16 finished_states=256/256 resumed_slices=0 elapsed_seconds=1.7
LAYER0_FINDINGS signatures=0 red_states=0 states=256
LAYER0_PARALLEL_FINISHED states=256 slices=16 worker_threads=3 configured_worker_threads=3 worker_threads_source=environment_variable resumed_slices=0 freshly_run_slices=16 progress_file_after_completion=none elapsed_seconds=1.7
SWEEP seed=3 entry=rollback fault=Some((Write, 9)) fired=Some((Write, 9, 0, 26165248)) outcome=Err Publish(PublishSequenceFailed { cause: BlockDevice(InputOutput(Custom { kind: Other, error: "注入的写错" })), writes_before_the_first_publish: WritesByStructureKind { counted: {} }, writes_of_persisted writes_before=8 writes_after=0 frozen=true resend=Ok checker=0 first=None read=FileRead root=Some((InstanceGeneration(2), CheckpointTxg(11))) content_ok=true remount=Ok checker_after_remount=0 first_after=None enum=states=256 seconds=1.7 closed=256 exact=256 oracle=0 ignored=0 root_without_record=0 missing_unit=0 checker_red_states=0 first=None first_checker=None
LAYER0_PARALLEL_START states=512 slices=32 states_per_slice=16 worker_threads=3 configured_worker_threads=3 worker_threads_source=environment_variable resumed_slices=0 freshly_run_slices=32
LAYER0_PROGRESS slice=2/32 states=[16,32) segments=0..=0 finished_slices=1/32 finished_states=16/512 resumed_slices=0 elapsed_seconds=0.3
LAYER0_PROGRESS slice=1/32 states=[0,16) segments=0..=0 finished_slices=2/32 finished_states=32/512 resumed_slices=0 elapsed_seconds=0.3
LAYER0_PROGRESS slice=3/32 states=[32,48) segments=0..=0 finished_slices=3/32 finished_states=48/512 resumed_slices=0 elapsed_seconds=0.3
LAYER0_PROGRESS slice=4/32 states=[48,64) segments=0..=0 finished_slices=4/32 finished_states=64/512 resumed_slices=0 elapsed_seconds=0.6
LAYER0_PROGRESS slice=5/32 states=[64,80) segments=0..=0 finished_slices=5/32 finished_states=80/512 resumed_slices=0 elapsed_seconds=0.6
LAYER0_PROGRESS slice=6/32 states=[80,96) segments=0..=0 finished_slices=6/32 finished_states=96/512 resumed_slices=0 elapsed_seconds=0.6
LAYER0_PROGRESS slice=7/32 states=[96,112) segments=0..=0 finished_slices=7/32 finished_states=112/512 resumed_slices=0 elapsed_seconds=0.8
LAYER0_PROGRESS slice=8/32 states=[112,128) segments=0..=0 finished_slices=8/32 finished_states=128/512 resumed_slices=0 elapsed_seconds=0.8
LAYER0_PROGRESS slice=9/32 states=[128,144) segments=0..=0 finished_slices=9/32 finished_states=144/512 resumed_slices=0 elapsed_seconds=0.8
LAYER0_PROGRESS slice=11/32 states=[160,176) segments=0..=0 finished_slices=10/32 finished_states=160/512 resumed_slices=0 elapsed_seconds=1.1
LAYER0_PROGRESS slice=12/32 states=[176,192) segments=0..=0 finished_slices=11/32 finished_states=176/512 resumed_slices=0 elapsed_seconds=1.1
LAYER0_PROGRESS slice=10/32 states=[144,160) segments=0..=0 finished_slices=12/32 finished_states=192/512 resumed_slices=0 elapsed_seconds=1.1
LAYER0_PROGRESS slice=14/32 states=[208,224) segments=0..=0 finished_slices=13/32 finished_states=208/512 resumed_slices=0 elapsed_seconds=1.4
LAYER0_PROGRESS slice=15/32 states=[224,240) segments=0..=0 finished_slices=14/32 finished_states=224/512 resumed_slices=0 elapsed_seconds=1.4
LAYER0_PROGRESS slice=13/32 states=[192,208) segments=0..=0 finished_slices=15/32 finished_states=240/512 resumed_slices=0 elapsed_seconds=1.4
LAYER0_PROGRESS slice=16/32 states=[240,256) segments=0..=0 finished_slices=16/32 finished_states=256/512 resumed_slices=0 elapsed_seconds=1.7
LAYER0_PROGRESS slice=18/32 states=[272,288) segments=0..=0 finished_slices=17/32 finished_states=272/512 resumed_slices=0 elapsed_seconds=1.7
LAYER0_PROGRESS slice=17/32 states=[256,272) segments=0..=0 finished_slices=18/32 finished_states=288/512 resumed_slices=0 elapsed_seconds=1.7
LAYER0_PROGRESS slice=21/32 states=[320,336) segments=0..=0 finished_slices=19/32 finished_states=304/512 resumed_slices=0 elapsed_seconds=2.0
LAYER0_PROGRESS slice=19/32 states=[288,304) segments=0..=0 finished_slices=20/32 finished_states=320/512 resumed_slices=0 elapsed_seconds=2.0
LAYER0_PROGRESS slice=20/32 states=[304,320) segments=0..=0 finished_slices=21/32 finished_states=336/512 resumed_slices=0 elapsed_seconds=2.0
LAYER0_PROGRESS slice=22/32 states=[336,352) segments=0..=0 finished_slices=22/32 finished_states=352/512 resumed_slices=0 elapsed_seconds=2.3
LAYER0_PROGRESS slice=24/32 states=[368,384) segments=0..=0 finished_slices=23/32 finished_states=368/512 resumed_slices=0 elapsed_seconds=2.3
LAYER0_PROGRESS slice=23/32 states=[352,368) segments=0..=0 finished_slices=24/32 finished_states=384/512 resumed_slices=0 elapsed_seconds=2.3
LAYER0_PROGRESS slice=27/32 states=[416,432) segments=0..=0 finished_slices=25/32 finished_states=400/512 resumed_slices=0 elapsed_seconds=2.5
LAYER0_PROGRESS slice=25/32 states=[384,400) segments=0..=0 finished_slices=26/32 finished_states=416/512 resumed_slices=0 elapsed_seconds=2.5
LAYER0_PROGRESS slice=26/32 states=[400,416) segments=0..=0 finished_slices=27/32 finished_states=432/512 resumed_slices=0 elapsed_seconds=2.5
LAYER0_PROGRESS slice=28/32 states=[432,448) segments=0..=0 finished_slices=28/32 finished_states=448/512 resumed_slices=0 elapsed_seconds=2.8
LAYER0_PROGRESS slice=30/32 states=[464,480) segments=0..=0 finished_slices=29/32 finished_states=464/512 resumed_slices=0 elapsed_seconds=2.8
LAYER0_PROGRESS slice=29/32 states=[448,464) segments=0..=0 finished_slices=30/32 finished_states=480/512 resumed_slices=0 elapsed_seconds=2.8
LAYER0_PROGRESS slice=31/32 states=[480,496) segments=0..=0 finished_slices=31/32 finished_states=496/512 resumed_slices=0 elapsed_seconds=3.1
LAYER0_PROGRESS slice=32/32 states=[496,512) segments=0..=all_persisted finished_slices=32/32 finished_states=512/512 resumed_slices=0 elapsed_seconds=3.1
LAYER0_FINDINGS signatures=0 red_states=0 states=512
LAYER0_PARALLEL_FINISHED states=512 slices=32 worker_threads=3 configured_worker_threads=3 worker_threads_source=environment_variable resumed_slices=0 freshly_run_slices=32 progress_file_after_completion=none elapsed_seconds=3.1
SWEEP seed=3 entry=rollback fault=Some((Write, 10)) fired=Some((Write, 10, 1, 26165248)) outcome=Err Publish(PublishSequenceFailed { cause: BlockDevice(InputOutput(Custom { kind: Other, error: "注入的写错" })), writes_before_the_first_publish: WritesByStructureKind { counted: {} }, writes_of_persisted writes_before=9 writes_after=0 frozen=true resend=Ok checker=0 first=None read=FileRead root=Some((InstanceGeneration(2), CheckpointTxg(11))) content_ok=true remount=Ok checker_after_remount=0 first_after=None enum=states=512 seconds=3.1 closed=512 exact=512 oracle=0 ignored=0 root_without_record=0 missing_unit=0 checker_red_states=0 first=None first_checker=None
LAYER0_PARALLEL_START states=1024 slices=64 states_per_slice=16 worker_threads=3 configured_worker_threads=3 worker_threads_source=environment_variable resumed_slices=0 freshly_run_slices=64
LAYER0_PROGRESS slice=2/64 states=[16,32) segments=0..=0 finished_slices=1/64 finished_states=16/1024 resumed_slices=0 elapsed_seconds=0.3
LAYER0_PROGRESS slice=3/64 states=[32,48) segments=0..=0 finished_slices=2/64 finished_states=32/1024 resumed_slices=0 elapsed_seconds=0.3
LAYER0_PROGRESS slice=1/64 states=[0,16) segments=0..=0 finished_slices=3/64 finished_states=48/1024 resumed_slices=0 elapsed_seconds=0.3
LAYER0_PROGRESS slice=5/64 states=[64,80) segments=0..=0 finished_slices=4/64 finished_states=64/1024 resumed_slices=0 elapsed_seconds=0.6
LAYER0_PROGRESS slice=4/64 states=[48,64) segments=0..=0 finished_slices=5/64 finished_states=80/1024 resumed_slices=0 elapsed_seconds=0.6
LAYER0_PROGRESS slice=6/64 states=[80,96) segments=0..=0 finished_slices=6/64 finished_states=96/1024 resumed_slices=0 elapsed_seconds=0.6
LAYER0_PROGRESS slice=9/64 states=[128,144) segments=0..=0 finished_slices=7/64 finished_states=112/1024 resumed_slices=0 elapsed_seconds=0.8
LAYER0_PROGRESS slice=8/64 states=[112,128) segments=0..=0 finished_slices=8/64 finished_states=128/1024 resumed_slices=0 elapsed_seconds=0.8
LAYER0_PROGRESS slice=7/64 states=[96,112) segments=0..=0 finished_slices=9/64 finished_states=144/1024 resumed_slices=0 elapsed_seconds=0.8
LAYER0_PROGRESS slice=10/64 states=[144,160) segments=0..=0 finished_slices=10/64 finished_states=160/1024 resumed_slices=0 elapsed_seconds=1.1
LAYER0_PROGRESS slice=12/64 states=[176,192) segments=0..=0 finished_slices=11/64 finished_states=176/1024 resumed_slices=0 elapsed_seconds=1.1
LAYER0_PROGRESS slice=11/64 states=[160,176) segments=0..=0 finished_slices=12/64 finished_states=192/1024 resumed_slices=0 elapsed_seconds=1.1
LAYER0_PROGRESS slice=13/64 states=[192,208) segments=0..=0 finished_slices=13/64 finished_states=208/1024 resumed_slices=0 elapsed_seconds=1.4
LAYER0_PROGRESS slice=14/64 states=[208,224) segments=0..=0 finished_slices=14/64 finished_states=224/1024 resumed_slices=0 elapsed_seconds=1.4
LAYER0_PROGRESS slice=15/64 states=[224,240) segments=0..=0 finished_slices=15/64 finished_states=240/1024 resumed_slices=0 elapsed_seconds=1.4
LAYER0_PROGRESS slice=16/64 states=[240,256) segments=0..=0 finished_slices=16/64 finished_states=256/1024 resumed_slices=0 elapsed_seconds=1.7
LAYER0_PROGRESS slice=17/64 states=[256,272) segments=0..=0 finished_slices=17/64 finished_states=272/1024 resumed_slices=0 elapsed_seconds=1.7
LAYER0_PROGRESS slice=18/64 states=[272,288) segments=0..=0 finished_slices=18/64 finished_states=288/1024 resumed_slices=0 elapsed_seconds=1.7
LAYER0_PROGRESS slice=19/64 states=[288,304) segments=0..=0 finished_slices=19/64 finished_states=304/1024 resumed_slices=0 elapsed_seconds=2.0
LAYER0_PROGRESS slice=20/64 states=[304,320) segments=0..=0 finished_slices=20/64 finished_states=320/1024 resumed_slices=0 elapsed_seconds=2.0
LAYER0_PROGRESS slice=21/64 states=[320,336) segments=0..=0 finished_slices=21/64 finished_states=336/1024 resumed_slices=0 elapsed_seconds=2.0
LAYER0_PROGRESS slice=24/64 states=[368,384) segments=0..=0 finished_slices=22/64 finished_states=352/1024 resumed_slices=0 elapsed_seconds=2.3
LAYER0_PROGRESS slice=22/64 states=[336,352) segments=0..=0 finished_slices=23/64 finished_states=368/1024 resumed_slices=0 elapsed_seconds=2.3
LAYER0_PROGRESS slice=23/64 states=[352,368) segments=0..=0 finished_slices=24/64 finished_states=384/1024 resumed_slices=0 elapsed_seconds=2.3
LAYER0_PROGRESS slice=26/64 states=[400,416) segments=0..=0 finished_slices=25/64 finished_states=400/1024 resumed_slices=0 elapsed_seconds=2.5
LAYER0_PROGRESS slice=25/64 states=[384,400) segments=0..=0 finished_slices=26/64 finished_states=416/1024 resumed_slices=0 elapsed_seconds=2.5
LAYER0_PROGRESS slice=27/64 states=[416,432) segments=0..=0 finished_slices=27/64 finished_states=432/1024 resumed_slices=0 elapsed_seconds=2.5
LAYER0_PROGRESS slice=28/64 states=[432,448) segments=0..=0 finished_slices=28/64 finished_states=448/1024 resumed_slices=0 elapsed_seconds=2.8
LAYER0_PROGRESS slice=30/64 states=[464,480) segments=0..=0 finished_slices=29/64 finished_states=464/1024 resumed_slices=0 elapsed_seconds=2.8
LAYER0_PROGRESS slice=29/64 states=[448,464) segments=0..=0 finished_slices=30/64 finished_states=480/1024 resumed_slices=0 elapsed_seconds=2.8
LAYER0_PROGRESS slice=33/64 states=[512,528) segments=0..=0 finished_slices=31/64 finished_states=496/1024 resumed_slices=0 elapsed_seconds=3.1
LAYER0_PROGRESS slice=31/64 states=[480,496) segments=0..=0 finished_slices=32/64 finished_states=512/1024 resumed_slices=0 elapsed_seconds=3.1
LAYER0_PROGRESS slice=32/64 states=[496,512) segments=0..=0 finished_slices=33/64 finished_states=528/1024 resumed_slices=0 elapsed_seconds=3.1
LAYER0_PROGRESS slice=34/64 states=[528,544) segments=0..=0 finished_slices=34/64 finished_states=544/1024 resumed_slices=0 elapsed_seconds=3.4
LAYER0_PROGRESS slice=36/64 states=[560,576) segments=0..=0 finished_slices=35/64 finished_states=560/1024 resumed_slices=0 elapsed_seconds=3.4
LAYER0_PROGRESS slice=35/64 states=[544,560) segments=0..=0 finished_slices=36/64 finished_states=576/1024 resumed_slices=0 elapsed_seconds=3.4
LAYER0_PROGRESS slice=37/64 states=[576,592) segments=0..=0 finished_slices=37/64 finished_states=592/1024 resumed_slices=0 elapsed_seconds=3.7
LAYER0_PROGRESS slice=39/64 states=[608,624) segments=0..=0 finished_slices=38/64 finished_states=608/1024 resumed_slices=0 elapsed_seconds=3.7
LAYER0_PROGRESS slice=38/64 states=[592,608) segments=0..=0 finished_slices=39/64 finished_states=624/1024 resumed_slices=0 elapsed_seconds=3.7
LAYER0_PROGRESS slice=42/64 states=[656,672) segments=0..=0 finished_slices=40/64 finished_states=640/1024 resumed_slices=0 elapsed_seconds=3.9
LAYER0_PROGRESS slice=40/64 states=[624,640) segments=0..=0 finished_slices=41/64 finished_states=656/1024 resumed_slices=0 elapsed_seconds=3.9
LAYER0_PROGRESS slice=41/64 states=[640,656) segments=0..=0 finished_slices=42/64 finished_states=672/1024 resumed_slices=0 elapsed_seconds=3.9
LAYER0_PROGRESS slice=43/64 states=[672,688) segments=0..=0 finished_slices=43/64 finished_states=688/1024 resumed_slices=0 elapsed_seconds=4.2
LAYER0_PROGRESS slice=45/64 states=[704,720) segments=0..=0 finished_slices=44/64 finished_states=704/1024 resumed_slices=0 elapsed_seconds=4.2
LAYER0_PROGRESS slice=44/64 states=[688,704) segments=0..=0 finished_slices=45/64 finished_states=720/1024 resumed_slices=0 elapsed_seconds=4.2
LAYER0_PROGRESS slice=47/64 states=[736,752) segments=0..=0 finished_slices=46/64 finished_states=736/1024 resumed_slices=0 elapsed_seconds=4.5
LAYER0_PROGRESS slice=46/64 states=[720,736) segments=0..=0 finished_slices=47/64 finished_states=752/1024 resumed_slices=0 elapsed_seconds=4.5
LAYER0_PROGRESS slice=48/64 states=[752,768) segments=0..=0 finished_slices=48/64 finished_states=768/1024 resumed_slices=0 elapsed_seconds=4.5
LAYER0_PROGRESS slice=49/64 states=[768,784) segments=0..=0 finished_slices=49/64 finished_states=784/1024 resumed_slices=0 elapsed_seconds=4.8
LAYER0_PROGRESS slice=51/64 states=[800,816) segments=0..=0 finished_slices=50/64 finished_states=800/1024 resumed_slices=0 elapsed_seconds=4.8
LAYER0_PROGRESS slice=50/64 states=[784,800) segments=0..=0 finished_slices=51/64 finished_states=816/1024 resumed_slices=0 elapsed_seconds=4.8
LAYER0_PROGRESS slice=53/64 states=[832,848) segments=0..=0 finished_slices=52/64 finished_states=832/1024 resumed_slices=0 elapsed_seconds=5.1
LAYER0_PROGRESS slice=52/64 states=[816,832) segments=0..=0 finished_slices=53/64 finished_states=848/1024 resumed_slices=0 elapsed_seconds=5.1
LAYER0_PROGRESS slice=54/64 states=[848,864) segments=0..=0 finished_slices=54/64 finished_states=864/1024 resumed_slices=0 elapsed_seconds=5.1
LAYER0_PROGRESS slice=55/64 states=[864,880) segments=0..=0 finished_slices=55/64 finished_states=880/1024 resumed_slices=0 elapsed_seconds=5.4
LAYER0_PROGRESS slice=56/64 states=[880,896) segments=0..=0 finished_slices=56/64 finished_states=896/1024 resumed_slices=0 elapsed_seconds=5.4
LAYER0_PROGRESS slice=57/64 states=[896,912) segments=0..=0 finished_slices=57/64 finished_states=912/1024 resumed_slices=0 elapsed_seconds=5.4
LAYER0_PROGRESS slice=58/64 states=[912,928) segments=0..=0 finished_slices=58/64 finished_states=928/1024 resumed_slices=0 elapsed_seconds=5.7
LAYER0_PROGRESS slice=60/64 states=[944,960) segments=0..=0 finished_slices=59/64 finished_states=944/1024 resumed_slices=0 elapsed_seconds=5.7
LAYER0_PROGRESS slice=59/64 states=[928,944) segments=0..=0 finished_slices=60/64 finished_states=960/1024 resumed_slices=0 elapsed_seconds=5.7
LAYER0_PROGRESS slice=63/64 states=[992,1008) segments=0..=0 finished_slices=61/64 finished_states=976/1024 resumed_slices=0 elapsed_seconds=5.9
LAYER0_PROGRESS slice=61/64 states=[960,976) segments=0..=0 finished_slices=62/64 finished_states=992/1024 resumed_slices=0 elapsed_seconds=5.9
LAYER0_PROGRESS slice=62/64 states=[976,992) segments=0..=0 finished_slices=63/64 finished_states=1008/1024 resumed_slices=0 elapsed_seconds=5.9
LAYER0_PROGRESS slice=64/64 states=[1008,1024) segments=0..=all_persisted finished_slices=64/64 finished_states=1024/1024 resumed_slices=0 elapsed_seconds=6.2
LAYER0_FINDINGS signatures=0 red_states=0 states=1024
LAYER0_PARALLEL_FINISHED states=1024 slices=64 worker_threads=3 configured_worker_threads=3 worker_threads_source=environment_variable resumed_slices=0 freshly_run_slices=64 progress_file_after_completion=none elapsed_seconds=6.2
SWEEP seed=3 entry=rollback fault=Some((Write, 11)) fired=Some((Write, 11, 0, 26181632)) outcome=Err Publish(PublishSequenceFailed { cause: BlockDevice(InputOutput(Custom { kind: Other, error: "注入的写错" })), writes_before_the_first_publish: WritesByStructureKind { counted: {} }, writes_of_persisted writes_before=10 writes_after=0 frozen=true resend=Ok checker=0 first=None read=FileRead root=Some((InstanceGeneration(2), CheckpointTxg(11))) content_ok=true remount=Ok checker_after_remount=0 first_after=None enum=states=1024 seconds=6.2 closed=1024 exact=1024 oracle=0 ignored=0 root_without_record=0 missing_unit=0 checker_red_states=0 first=None first_checker=None
LAYER0_PARALLEL_START states=2048 slices=64 states_per_slice=32 worker_threads=3 configured_worker_threads=3 worker_threads_source=environment_variable resumed_slices=0 freshly_run_slices=64
LAYER0_PROGRESS slice=3/64 states=[64,96) segments=0..=0 finished_slices=1/64 finished_states=32/2048 resumed_slices=0 elapsed_seconds=0.6
LAYER0_PROGRESS slice=2/64 states=[32,64) segments=0..=0 finished_slices=2/64 finished_states=64/2048 resumed_slices=0 elapsed_seconds=0.6
LAYER0_PROGRESS slice=1/64 states=[0,32) segments=0..=0 finished_slices=3/64 finished_states=96/2048 resumed_slices=0 elapsed_seconds=0.6
LAYER0_PROGRESS slice=5/64 states=[128,160) segments=0..=0 finished_slices=4/64 finished_states=128/2048 resumed_slices=0 elapsed_seconds=1.2
LAYER0_PROGRESS slice=4/64 states=[96,128) segments=0..=0 finished_slices=5/64 finished_states=160/2048 resumed_slices=0 elapsed_seconds=1.2
LAYER0_PROGRESS slice=6/64 states=[160,192) segments=0..=0 finished_slices=6/64 finished_states=192/2048 resumed_slices=0 elapsed_seconds=1.2
LAYER0_PROGRESS slice=9/64 states=[256,288) segments=0..=0 finished_slices=7/64 finished_states=224/2048 resumed_slices=0 elapsed_seconds=1.7
LAYER0_PROGRESS slice=7/64 states=[192,224) segments=0..=0 finished_slices=8/64 finished_states=256/2048 resumed_slices=0 elapsed_seconds=1.7
LAYER0_PROGRESS slice=8/64 states=[224,256) segments=0..=0 finished_slices=9/64 finished_states=288/2048 resumed_slices=0 elapsed_seconds=1.7
LAYER0_PROGRESS slice=11/64 states=[320,352) segments=0..=0 finished_slices=10/64 finished_states=320/2048 resumed_slices=0 elapsed_seconds=2.3
LAYER0_PROGRESS slice=10/64 states=[288,320) segments=0..=0 finished_slices=11/64 finished_states=352/2048 resumed_slices=0 elapsed_seconds=2.3
LAYER0_PROGRESS slice=12/64 states=[352,384) segments=0..=0 finished_slices=12/64 finished_states=384/2048 resumed_slices=0 elapsed_seconds=2.3
LAYER0_PROGRESS slice=13/64 states=[384,416) segments=0..=0 finished_slices=13/64 finished_states=416/2048 resumed_slices=0 elapsed_seconds=2.9
LAYER0_PROGRESS slice=14/64 states=[416,448) segments=0..=0 finished_slices=14/64 finished_states=448/2048 resumed_slices=0 elapsed_seconds=2.9
LAYER0_PROGRESS slice=15/64 states=[448,480) segments=0..=0 finished_slices=15/64 finished_states=480/2048 resumed_slices=0 elapsed_seconds=2.9
LAYER0_PROGRESS slice=17/64 states=[512,544) segments=0..=0 finished_slices=16/64 finished_states=512/2048 resumed_slices=0 elapsed_seconds=3.5
LAYER0_PROGRESS slice=16/64 states=[480,512) segments=0..=0 finished_slices=17/64 finished_states=544/2048 resumed_slices=0 elapsed_seconds=3.5
LAYER0_PROGRESS slice=18/64 states=[544,576) segments=0..=0 finished_slices=18/64 finished_states=576/2048 resumed_slices=0 elapsed_seconds=3.5
LAYER0_PROGRESS slice=19/64 states=[576,608) segments=0..=0 finished_slices=19/64 finished_states=608/2048 resumed_slices=0 elapsed_seconds=4.1
LAYER0_PROGRESS slice=20/64 states=[608,640) segments=0..=0 finished_slices=20/64 finished_states=640/2048 resumed_slices=0 elapsed_seconds=4.1
LAYER0_PROGRESS slice=21/64 states=[640,672) segments=0..=0 finished_slices=21/64 finished_states=672/2048 resumed_slices=0 elapsed_seconds=4.1
LAYER0_PROGRESS slice=23/64 states=[704,736) segments=0..=0 finished_slices=22/64 finished_states=704/2048 resumed_slices=0 elapsed_seconds=4.7
LAYER0_PROGRESS slice=22/64 states=[672,704) segments=0..=0 finished_slices=23/64 finished_states=736/2048 resumed_slices=0 elapsed_seconds=4.7
LAYER0_PROGRESS slice=24/64 states=[736,768) segments=0..=0 finished_slices=24/64 finished_states=768/2048 resumed_slices=0 elapsed_seconds=4.7
LAYER0_PROGRESS slice=26/64 states=[800,832) segments=0..=0 finished_slices=25/64 finished_states=800/2048 resumed_slices=0 elapsed_seconds=5.2
LAYER0_PROGRESS slice=27/64 states=[832,864) segments=0..=0 finished_slices=26/64 finished_states=832/2048 resumed_slices=0 elapsed_seconds=5.2
LAYER0_PROGRESS slice=25/64 states=[768,800) segments=0..=0 finished_slices=27/64 finished_states=864/2048 resumed_slices=0 elapsed_seconds=5.2
LAYER0_PROGRESS slice=28/64 states=[864,896) segments=0..=0 finished_slices=28/64 finished_states=896/2048 resumed_slices=0 elapsed_seconds=5.8
LAYER0_PROGRESS slice=30/64 states=[928,960) segments=0..=0 finished_slices=29/64 finished_states=928/2048 resumed_slices=0 elapsed_seconds=5.8
LAYER0_PROGRESS slice=29/64 states=[896,928) segments=0..=0 finished_slices=30/64 finished_states=960/2048 resumed_slices=0 elapsed_seconds=5.8
LAYER0_PROGRESS slice=31/64 states=[960,992) segments=0..=0 finished_slices=31/64 finished_states=992/2048 resumed_slices=0 elapsed_seconds=6.4
LAYER0_PROGRESS slice=33/64 states=[1024,1056) segments=0..=0 finished_slices=32/64 finished_states=1024/2048 resumed_slices=0 elapsed_seconds=6.4
LAYER0_PROGRESS slice=32/64 states=[992,1024) segments=0..=0 finished_slices=33/64 finished_states=1056/2048 resumed_slices=0 elapsed_seconds=6.4
LAYER0_PROGRESS slice=34/64 states=[1056,1088) segments=0..=0 finished_slices=34/64 finished_states=1088/2048 resumed_slices=0 elapsed_seconds=7.0
LAYER0_PROGRESS slice=36/64 states=[1120,1152) segments=0..=0 finished_slices=35/64 finished_states=1120/2048 resumed_slices=0 elapsed_seconds=7.0
LAYER0_PROGRESS slice=35/64 states=[1088,1120) segments=0..=0 finished_slices=36/64 finished_states=1152/2048 resumed_slices=0 elapsed_seconds=7.0
LAYER0_PROGRESS slice=37/64 states=[1152,1184) segments=0..=0 finished_slices=37/64 finished_states=1184/2048 resumed_slices=0 elapsed_seconds=7.6
LAYER0_PROGRESS slice=39/64 states=[1216,1248) segments=0..=0 finished_slices=38/64 finished_states=1216/2048 resumed_slices=0 elapsed_seconds=7.6
LAYER0_PROGRESS slice=38/64 states=[1184,1216) segments=0..=0 finished_slices=39/64 finished_states=1248/2048 resumed_slices=0 elapsed_seconds=7.6
LAYER0_PROGRESS slice=41/64 states=[1280,1312) segments=0..=0 finished_slices=40/64 finished_states=1280/2048 resumed_slices=0 elapsed_seconds=8.2
LAYER0_PROGRESS slice=42/64 states=[1312,1344) segments=0..=0 finished_slices=41/64 finished_states=1312/2048 resumed_slices=0 elapsed_seconds=8.2
LAYER0_PROGRESS slice=40/64 states=[1248,1280) segments=0..=0 finished_slices=42/64 finished_states=1344/2048 resumed_slices=0 elapsed_seconds=8.2
LAYER0_PROGRESS slice=44/64 states=[1376,1408) segments=0..=0 finished_slices=43/64 finished_states=1376/2048 resumed_slices=0 elapsed_seconds=8.8
LAYER0_PROGRESS slice=43/64 states=[1344,1376) segments=0..=0 finished_slices=44/64 finished_states=1408/2048 resumed_slices=0 elapsed_seconds=8.8
LAYER0_PROGRESS slice=45/64 states=[1408,1440) segments=0..=0 finished_slices=45/64 finished_states=1440/2048 resumed_slices=0 elapsed_seconds=8.8
LAYER0_PROGRESS slice=47/64 states=[1472,1504) segments=0..=0 finished_slices=46/64 finished_states=1472/2048 resumed_slices=0 elapsed_seconds=9.3
LAYER0_PROGRESS slice=46/64 states=[1440,1472) segments=0..=0 finished_slices=47/64 finished_states=1504/2048 resumed_slices=0 elapsed_seconds=9.3
LAYER0_PROGRESS slice=48/64 states=[1504,1536) segments=0..=0 finished_slices=48/64 finished_states=1536/2048 resumed_slices=0 elapsed_seconds=9.4
LAYER0_PROGRESS slice=49/64 states=[1536,1568) segments=0..=0 finished_slices=49/64 finished_states=1568/2048 resumed_slices=0 elapsed_seconds=9.9
LAYER0_PROGRESS slice=50/64 states=[1568,1600) segments=0..=0 finished_slices=50/64 finished_states=1600/2048 resumed_slices=0 elapsed_seconds=9.9
LAYER0_PROGRESS slice=51/64 states=[1600,1632) segments=0..=0 finished_slices=51/64 finished_states=1632/2048 resumed_slices=0 elapsed_seconds=9.9
LAYER0_PROGRESS slice=52/64 states=[1632,1664) segments=0..=0 finished_slices=52/64 finished_states=1664/2048 resumed_slices=0 elapsed_seconds=10.5
LAYER0_PROGRESS slice=53/64 states=[1664,1696) segments=0..=0 finished_slices=53/64 finished_states=1696/2048 resumed_slices=0 elapsed_seconds=10.5
LAYER0_PROGRESS slice=54/64 states=[1696,1728) segments=0..=0 finished_slices=54/64 finished_states=1728/2048 resumed_slices=0 elapsed_seconds=10.5
LAYER0_PROGRESS slice=55/64 states=[1728,1760) segments=0..=0 finished_slices=55/64 finished_states=1760/2048 resumed_slices=0 elapsed_seconds=11.0
LAYER0_PROGRESS slice=56/64 states=[1760,1792) segments=0..=0 finished_slices=56/64 finished_states=1792/2048 resumed_slices=0 elapsed_seconds=11.0
LAYER0_PROGRESS slice=57/64 states=[1792,1824) segments=0..=0 finished_slices=57/64 finished_states=1824/2048 resumed_slices=0 elapsed_seconds=11.0
LAYER0_PROGRESS slice=59/64 states=[1856,1888) segments=0..=0 finished_slices=58/64 finished_states=1856/2048 resumed_slices=0 elapsed_seconds=11.6
LAYER0_PROGRESS slice=58/64 states=[1824,1856) segments=0..=0 finished_slices=59/64 finished_states=1888/2048 resumed_slices=0 elapsed_seconds=11.6
LAYER0_PROGRESS slice=60/64 states=[1888,1920) segments=0..=0 finished_slices=60/64 finished_states=1920/2048 resumed_slices=0 elapsed_seconds=11.6
LAYER0_PROGRESS slice=62/64 states=[1952,1984) segments=0..=0 finished_slices=61/64 finished_states=1952/2048 resumed_slices=0 elapsed_seconds=12.2
LAYER0_PROGRESS slice=61/64 states=[1920,1952) segments=0..=0 finished_slices=62/64 finished_states=1984/2048 resumed_slices=0 elapsed_seconds=12.2
LAYER0_PROGRESS slice=63/64 states=[1984,2016) segments=0..=0 finished_slices=63/64 finished_states=2016/2048 resumed_slices=0 elapsed_seconds=12.2
LAYER0_PROGRESS slice=64/64 states=[2016,2048) segments=0..=all_persisted finished_slices=64/64 finished_states=2048/2048 resumed_slices=0 elapsed_seconds=12.7
LAYER0_FINDINGS signatures=0 red_states=0 states=2048
LAYER0_PARALLEL_FINISHED states=2048 slices=64 worker_threads=3 configured_worker_threads=3 worker_threads_source=environment_variable resumed_slices=0 freshly_run_slices=64 progress_file_after_completion=none elapsed_seconds=12.7
SWEEP seed=3 entry=rollback fault=Some((Write, 12)) fired=Some((Write, 12, 1, 26181632)) outcome=Err Publish(PublishSequenceFailed { cause: BlockDevice(InputOutput(Custom { kind: Other, error: "注入的写错" })), writes_before_the_first_publish: WritesByStructureKind { counted: {} }, writes_of_persisted writes_before=11 writes_after=0 frozen=true resend=Ok checker=0 first=None read=FileRead root=Some((InstanceGeneration(2), CheckpointTxg(11))) content_ok=true remount=Ok checker_after_remount=0 first_after=None enum=states=2048 seconds=12.7 closed=2048 exact=2048 oracle=0 ignored=0 root_without_record=0 missing_unit=0 checker_red_states=0 first=None first_checker=None
LAYER0_PARALLEL_START states=4096 slices=64 states_per_slice=64 worker_threads=3 configured_worker_threads=3 worker_threads_source=environment_variable resumed_slices=0 freshly_run_slices=64
LAYER0_PROGRESS slice=1/64 states=[0,64) segments=0..=0 finished_slices=1/64 finished_states=64/4096 resumed_slices=0 elapsed_seconds=1.1
LAYER0_PROGRESS slice=3/64 states=[128,192) segments=0..=0 finished_slices=2/64 finished_states=128/4096 resumed_slices=0 elapsed_seconds=1.1
LAYER0_PROGRESS slice=2/64 states=[64,128) segments=0..=0 finished_slices=3/64 finished_states=192/4096 resumed_slices=0 elapsed_seconds=1.1
LAYER0_PROGRESS slice=4/64 states=[192,256) segments=0..=0 finished_slices=4/64 finished_states=256/4096 resumed_slices=0 elapsed_seconds=2.3
LAYER0_PROGRESS slice=5/64 states=[256,320) segments=0..=0 finished_slices=5/64 finished_states=320/4096 resumed_slices=0 elapsed_seconds=2.3
LAYER0_PROGRESS slice=6/64 states=[320,384) segments=0..=0 finished_slices=6/64 finished_states=384/4096 resumed_slices=0 elapsed_seconds=2.3
LAYER0_PROGRESS slice=9/64 states=[512,576) segments=0..=0 finished_slices=7/64 finished_states=448/4096 resumed_slices=0 elapsed_seconds=3.4
LAYER0_PROGRESS slice=7/64 states=[384,448) segments=0..=0 finished_slices=8/64 finished_states=512/4096 resumed_slices=0 elapsed_seconds=3.4
LAYER0_PROGRESS slice=8/64 states=[448,512) segments=0..=0 finished_slices=9/64 finished_states=576/4096 resumed_slices=0 elapsed_seconds=3.4
LAYER0_PROGRESS slice=11/64 states=[640,704) segments=0..=0 finished_slices=10/64 finished_states=640/4096 resumed_slices=0 elapsed_seconds=4.5
LAYER0_PROGRESS slice=10/64 states=[576,640) segments=0..=0 finished_slices=11/64 finished_states=704/4096 resumed_slices=0 elapsed_seconds=4.5
LAYER0_PROGRESS slice=12/64 states=[704,768) segments=0..=0 finished_slices=12/64 finished_states=768/4096 resumed_slices=0 elapsed_seconds=4.5
LAYER0_PROGRESS slice=13/64 states=[768,832) segments=0..=0 finished_slices=13/64 finished_states=832/4096 resumed_slices=0 elapsed_seconds=5.6
LAYER0_PROGRESS slice=14/64 states=[832,896) segments=0..=0 finished_slices=14/64 finished_states=896/4096 resumed_slices=0 elapsed_seconds=5.6
LAYER0_PROGRESS slice=15/64 states=[896,960) segments=0..=0 finished_slices=15/64 finished_states=960/4096 resumed_slices=0 elapsed_seconds=5.6
LAYER0_PROGRESS slice=17/64 states=[1024,1088) segments=0..=0 finished_slices=16/64 finished_states=1024/4096 resumed_slices=0 elapsed_seconds=6.8
LAYER0_PROGRESS slice=16/64 states=[960,1024) segments=0..=0 finished_slices=17/64 finished_states=1088/4096 resumed_slices=0 elapsed_seconds=6.8
LAYER0_PROGRESS slice=18/64 states=[1088,1152) segments=0..=0 finished_slices=18/64 finished_states=1152/4096 resumed_slices=0 elapsed_seconds=6.8
LAYER0_PROGRESS slice=19/64 states=[1152,1216) segments=0..=0 finished_slices=19/64 finished_states=1216/4096 resumed_slices=0 elapsed_seconds=7.9
LAYER0_PROGRESS slice=20/64 states=[1216,1280) segments=0..=0 finished_slices=20/64 finished_states=1280/4096 resumed_slices=0 elapsed_seconds=7.9
LAYER0_PROGRESS slice=21/64 states=[1280,1344) segments=0..=0 finished_slices=21/64 finished_states=1344/4096 resumed_slices=0 elapsed_seconds=7.9
LAYER0_PROGRESS slice=22/64 states=[1344,1408) segments=0..=0 finished_slices=22/64 finished_states=1408/4096 resumed_slices=0 elapsed_seconds=9.0
LAYER0_PROGRESS slice=23/64 states=[1408,1472) segments=0..=0 finished_slices=23/64 finished_states=1472/4096 resumed_slices=0 elapsed_seconds=9.0
LAYER0_PROGRESS slice=24/64 states=[1472,1536) segments=0..=0 finished_slices=24/64 finished_states=1536/4096 resumed_slices=0 elapsed_seconds=9.0
LAYER0_PROGRESS slice=25/64 states=[1536,1600) segments=0..=0 finished_slices=25/64 finished_states=1600/4096 resumed_slices=0 elapsed_seconds=10.1
LAYER0_PROGRESS slice=26/64 states=[1600,1664) segments=0..=0 finished_slices=26/64 finished_states=1664/4096 resumed_slices=0 elapsed_seconds=10.1
LAYER0_PROGRESS slice=27/64 states=[1664,1728) segments=0..=0 finished_slices=27/64 finished_states=1728/4096 resumed_slices=0 elapsed_seconds=10.1
LAYER0_PROGRESS slice=28/64 states=[1728,1792) segments=0..=0 finished_slices=28/64 finished_states=1792/4096 resumed_slices=0 elapsed_seconds=11.2
LAYER0_PROGRESS slice=29/64 states=[1792,1856) segments=0..=0 finished_slices=29/64 finished_states=1856/4096 resumed_slices=0 elapsed_seconds=11.2
LAYER0_PROGRESS slice=30/64 states=[1856,1920) segments=0..=0 finished_slices=30/64 finished_states=1920/4096 resumed_slices=0 elapsed_seconds=11.2
LAYER0_PROGRESS slice=31/64 states=[1920,1984) segments=0..=0 finished_slices=31/64 finished_states=1984/4096 resumed_slices=0 elapsed_seconds=12.4
LAYER0_PROGRESS slice=33/64 states=[2048,2112) segments=0..=0 finished_slices=32/64 finished_states=2048/4096 resumed_slices=0 elapsed_seconds=12.4
LAYER0_PROGRESS slice=32/64 states=[1984,2048) segments=0..=0 finished_slices=33/64 finished_states=2112/4096 resumed_slices=0 elapsed_seconds=12.4
LAYER0_PROGRESS slice=34/64 states=[2112,2176) segments=0..=0 finished_slices=34/64 finished_states=2176/4096 resumed_slices=0 elapsed_seconds=13.5
LAYER0_PROGRESS slice=35/64 states=[2176,2240) segments=0..=0 finished_slices=35/64 finished_states=2240/4096 resumed_slices=0 elapsed_seconds=13.5
LAYER0_PROGRESS slice=36/64 states=[2240,2304) segments=0..=0 finished_slices=36/64 finished_states=2304/4096 resumed_slices=0 elapsed_seconds=13.5
LAYER0_PROGRESS slice=37/64 states=[2304,2368) segments=0..=0 finished_slices=37/64 finished_states=2368/4096 resumed_slices=0 elapsed_seconds=14.6
LAYER0_PROGRESS slice=38/64 states=[2368,2432) segments=0..=0 finished_slices=38/64 finished_states=2432/4096 resumed_slices=0 elapsed_seconds=14.6
LAYER0_PROGRESS slice=39/64 states=[2432,2496) segments=0..=0 finished_slices=39/64 finished_states=2496/4096 resumed_slices=0 elapsed_seconds=14.6
LAYER0_PROGRESS slice=40/64 states=[2496,2560) segments=0..=0 finished_slices=40/64 finished_states=2560/4096 resumed_slices=0 elapsed_seconds=15.7
LAYER0_PROGRESS slice=41/64 states=[2560,2624) segments=0..=0 finished_slices=41/64 finished_states=2624/4096 resumed_slices=0 elapsed_seconds=15.7
LAYER0_PROGRESS slice=42/64 states=[2624,2688) segments=0..=0 finished_slices=42/64 finished_states=2688/4096 resumed_slices=0 elapsed_seconds=15.7
LAYER0_PROGRESS slice=43/64 states=[2688,2752) segments=0..=0 finished_slices=43/64 finished_states=2752/4096 resumed_slices=0 elapsed_seconds=16.8
LAYER0_PROGRESS slice=44/64 states=[2752,2816) segments=0..=0 finished_slices=44/64 finished_states=2816/4096 resumed_slices=0 elapsed_seconds=16.9
LAYER0_PROGRESS slice=45/64 states=[2816,2880) segments=0..=0 finished_slices=45/64 finished_states=2880/4096 resumed_slices=0 elapsed_seconds=16.9
LAYER0_PROGRESS slice=46/64 states=[2880,2944) segments=0..=0 finished_slices=46/64 finished_states=2944/4096 resumed_slices=0 elapsed_seconds=18.0
LAYER0_PROGRESS slice=47/64 states=[2944,3008) segments=0..=0 finished_slices=47/64 finished_states=3008/4096 resumed_slices=0 elapsed_seconds=18.0
LAYER0_PROGRESS slice=48/64 states=[3008,3072) segments=0..=0 finished_slices=48/64 finished_states=3072/4096 resumed_slices=0 elapsed_seconds=18.0
LAYER0_PROGRESS slice=49/64 states=[3072,3136) segments=0..=0 finished_slices=49/64 finished_states=3136/4096 resumed_slices=0 elapsed_seconds=19.1
LAYER0_PROGRESS slice=50/64 states=[3136,3200) segments=0..=0 finished_slices=50/64 finished_states=3200/4096 resumed_slices=0 elapsed_seconds=19.1
LAYER0_PROGRESS slice=51/64 states=[3200,3264) segments=0..=0 finished_slices=51/64 finished_states=3264/4096 resumed_slices=0 elapsed_seconds=19.1
LAYER0_PROGRESS slice=52/64 states=[3264,3328) segments=0..=0 finished_slices=52/64 finished_states=3328/4096 resumed_slices=0 elapsed_seconds=20.3
LAYER0_PROGRESS slice=53/64 states=[3328,3392) segments=0..=0 finished_slices=53/64 finished_states=3392/4096 resumed_slices=0 elapsed_seconds=20.3
LAYER0_PROGRESS slice=54/64 states=[3392,3456) segments=0..=0 finished_slices=54/64 finished_states=3456/4096 resumed_slices=0 elapsed_seconds=20.3
LAYER0_PROGRESS slice=55/64 states=[3456,3520) segments=0..=0 finished_slices=55/64 finished_states=3520/4096 resumed_slices=0 elapsed_seconds=21.5
LAYER0_PROGRESS slice=57/64 states=[3584,3648) segments=0..=0 finished_slices=56/64 finished_states=3584/4096 resumed_slices=0 elapsed_seconds=21.5
LAYER0_PROGRESS slice=56/64 states=[3520,3584) segments=0..=0 finished_slices=57/64 finished_states=3648/4096 resumed_slices=0 elapsed_seconds=21.5
LAYER0_PROGRESS slice=59/64 states=[3712,3776) segments=0..=0 finished_slices=58/64 finished_states=3712/4096 resumed_slices=0 elapsed_seconds=22.7
LAYER0_PROGRESS slice=60/64 states=[3776,3840) segments=0..=0 finished_slices=59/64 finished_states=3776/4096 resumed_slices=0 elapsed_seconds=22.7
LAYER0_PROGRESS slice=58/64 states=[3648,3712) segments=0..=0 finished_slices=60/64 finished_states=3840/4096 resumed_slices=0 elapsed_seconds=22.7
LAYER0_PROGRESS slice=61/64 states=[3840,3904) segments=0..=0 finished_slices=61/64 finished_states=3904/4096 resumed_slices=0 elapsed_seconds=24.0
LAYER0_PROGRESS slice=62/64 states=[3904,3968) segments=0..=0 finished_slices=62/64 finished_states=3968/4096 resumed_slices=0 elapsed_seconds=24.0
LAYER0_PROGRESS slice=63/64 states=[3968,4032) segments=0..=0 finished_slices=63/64 finished_states=4032/4096 resumed_slices=0 elapsed_seconds=24.0
LAYER0_PROGRESS slice=64/64 states=[4032,4096) segments=0..=all_persisted finished_slices=64/64 finished_states=4096/4096 resumed_slices=0 elapsed_seconds=25.2
LAYER0_FINDINGS signatures=0 red_states=0 states=4096
LAYER0_PARALLEL_FINISHED states=4096 slices=64 worker_threads=3 configured_worker_threads=3 worker_threads_source=environment_variable resumed_slices=0 freshly_run_slices=64 progress_file_after_completion=none elapsed_seconds=25.2
SWEEP seed=3 entry=rollback fault=Some((Write, 13)) fired=Some((Write, 13, 0, 16818176)) outcome=Err Publish(PublishSequenceFailed { cause: BlockDevice(InputOutput(Custom { kind: Other, error: "注入的写错" })), writes_before_the_first_publish: WritesByStructureKind { counted: {} }, writes_of_persisted writes_before=12 writes_after=0 frozen=true resend=Ok checker=0 first=None read=FileRead root=Some((InstanceGeneration(2), CheckpointTxg(11))) content_ok=true remount=Ok checker_after_remount=0 first_after=None enum=states=4096 seconds=25.2 closed=4096 exact=4096 oracle=0 ignored=0 root_without_record=0 missing_unit=0 checker_red_states=0 first=None first_checker=None
LAYER0_PARALLEL_START states=4097 slices=64 states_per_slice=65 worker_threads=3 configured_worker_threads=3 worker_threads_source=environment_variable resumed_slices=0 freshly_run_slices=64
LAYER0_PROGRESS slice=3/64 states=[130,195) segments=0..=0 finished_slices=1/64 finished_states=65/4097 resumed_slices=0 elapsed_seconds=1.3
LAYER0_PROGRESS slice=2/64 states=[65,130) segments=0..=0 finished_slices=2/64 finished_states=130/4097 resumed_slices=0 elapsed_seconds=1.3
LAYER0_PROGRESS slice=1/64 states=[0,65) segments=0..=0 finished_slices=3/64 finished_states=195/4097 resumed_slices=0 elapsed_seconds=1.3
LAYER0_PROGRESS slice=5/64 states=[260,325) segments=0..=0 finished_slices=4/64 finished_states=260/4097 resumed_slices=0 elapsed_seconds=2.6
LAYER0_PROGRESS slice=6/64 states=[325,390) segments=0..=0 finished_slices=5/64 finished_states=325/4097 resumed_slices=0 elapsed_seconds=2.8
LAYER0_PROGRESS slice=4/64 states=[195,260) segments=0..=0 finished_slices=6/64 finished_states=390/4097 resumed_slices=0 elapsed_seconds=3.2
LAYER0_PROGRESS slice=8/64 states=[455,520) segments=0..=0 finished_slices=7/64 finished_states=455/4097 resumed_slices=0 elapsed_seconds=4.3
LAYER0_PROGRESS slice=7/64 states=[390,455) segments=0..=0 finished_slices=8/64 finished_states=520/4097 resumed_slices=0 elapsed_seconds=4.4
LAYER0_PROGRESS slice=9/64 states=[520,585) segments=0..=0 finished_slices=9/64 finished_states=585/4097 resumed_slices=0 elapsed_seconds=4.8
LAYER0_PROGRESS slice=10/64 states=[585,650) segments=0..=0 finished_slices=10/64 finished_states=650/4097 resumed_slices=0 elapsed_seconds=5.6
LAYER0_PROGRESS slice=11/64 states=[650,715) segments=0..=0 finished_slices=11/64 finished_states=715/4097 resumed_slices=0 elapsed_seconds=5.8
LAYER0_PROGRESS slice=12/64 states=[715,780) segments=0..=0 finished_slices=12/64 finished_states=780/4097 resumed_slices=0 elapsed_seconds=6.2
LAYER0_PROGRESS slice=13/64 states=[780,845) segments=0..=0 finished_slices=13/64 finished_states=845/4097 resumed_slices=0 elapsed_seconds=7.0
LAYER0_PROGRESS slice=14/64 states=[845,910) segments=0..=0 finished_slices=14/64 finished_states=910/4097 resumed_slices=0 elapsed_seconds=7.1
LAYER0_PROGRESS slice=15/64 states=[910,975) segments=0..=0 finished_slices=15/64 finished_states=975/4097 resumed_slices=0 elapsed_seconds=7.4
LAYER0_PROGRESS slice=16/64 states=[975,1040) segments=0..=0 finished_slices=16/64 finished_states=1040/4097 resumed_slices=0 elapsed_seconds=8.2
LAYER0_PROGRESS slice=17/64 states=[1040,1105) segments=0..=0 finished_slices=17/64 finished_states=1105/4097 resumed_slices=0 elapsed_seconds=8.4
LAYER0_PROGRESS slice=18/64 states=[1105,1170) segments=0..=0 finished_slices=18/64 finished_states=1170/4097 resumed_slices=0 elapsed_seconds=8.6
LAYER0_PROGRESS slice=19/64 states=[1170,1235) segments=0..=0 finished_slices=19/64 finished_states=1235/4097 resumed_slices=0 elapsed_seconds=9.4
LAYER0_PROGRESS slice=20/64 states=[1235,1300) segments=0..=0 finished_slices=20/64 finished_states=1300/4097 resumed_slices=0 elapsed_seconds=9.6
LAYER0_PROGRESS slice=21/64 states=[1300,1365) segments=0..=0 finished_slices=21/64 finished_states=1365/4097 resumed_slices=0 elapsed_seconds=9.8
LAYER0_PROGRESS slice=22/64 states=[1365,1430) segments=0..=0 finished_slices=22/64 finished_states=1430/4097 resumed_slices=0 elapsed_seconds=10.6
LAYER0_PROGRESS slice=23/64 states=[1430,1495) segments=0..=0 finished_slices=23/64 finished_states=1495/4097 resumed_slices=0 elapsed_seconds=10.8
LAYER0_PROGRESS slice=24/64 states=[1495,1560) segments=0..=0 finished_slices=24/64 finished_states=1560/4097 resumed_slices=0 elapsed_seconds=11.0
LAYER0_PROGRESS slice=25/64 states=[1560,1625) segments=0..=0 finished_slices=25/64 finished_states=1625/4097 resumed_slices=0 elapsed_seconds=11.8
LAYER0_PROGRESS slice=26/64 states=[1625,1690) segments=0..=0 finished_slices=26/64 finished_states=1690/4097 resumed_slices=0 elapsed_seconds=12.0
LAYER0_PROGRESS slice=27/64 states=[1690,1755) segments=0..=0 finished_slices=27/64 finished_states=1755/4097 resumed_slices=0 elapsed_seconds=12.3
LAYER0_PROGRESS slice=28/64 states=[1755,1820) segments=0..=0 finished_slices=28/64 finished_states=1820/4097 resumed_slices=0 elapsed_seconds=13.0
LAYER0_PROGRESS slice=29/64 states=[1820,1885) segments=0..=0 finished_slices=29/64 finished_states=1885/4097 resumed_slices=0 elapsed_seconds=13.2
LAYER0_PROGRESS slice=30/64 states=[1885,1950) segments=0..=0 finished_slices=30/64 finished_states=1950/4097 resumed_slices=0 elapsed_seconds=13.5
LAYER0_PROGRESS slice=31/64 states=[1950,2015) segments=0..=0 finished_slices=31/64 finished_states=2015/4097 resumed_slices=0 elapsed_seconds=14.2
LAYER0_PROGRESS slice=32/64 states=[2015,2080) segments=0..=0 finished_slices=32/64 finished_states=2080/4097 resumed_slices=0 elapsed_seconds=14.4
LAYER0_PROGRESS slice=33/64 states=[2080,2145) segments=0..=0 finished_slices=33/64 finished_states=2145/4097 resumed_slices=0 elapsed_seconds=14.7
LAYER0_PROGRESS slice=34/64 states=[2145,2210) segments=0..=0 finished_slices=34/64 finished_states=2210/4097 resumed_slices=0 elapsed_seconds=15.4
LAYER0_PROGRESS slice=35/64 states=[2210,2275) segments=0..=0 finished_slices=35/64 finished_states=2275/4097 resumed_slices=0 elapsed_seconds=15.6
LAYER0_PROGRESS slice=36/64 states=[2275,2340) segments=0..=0 finished_slices=36/64 finished_states=2340/4097 resumed_slices=0 elapsed_seconds=15.9
LAYER0_PROGRESS slice=37/64 states=[2340,2405) segments=0..=0 finished_slices=37/64 finished_states=2405/4097 resumed_slices=0 elapsed_seconds=16.6
LAYER0_PROGRESS slice=38/64 states=[2405,2470) segments=0..=0 finished_slices=38/64 finished_states=2470/4097 resumed_slices=0 elapsed_seconds=16.8
LAYER0_PROGRESS slice=39/64 states=[2470,2535) segments=0..=0 finished_slices=39/64 finished_states=2535/4097 resumed_slices=0 elapsed_seconds=17.1
LAYER0_PROGRESS slice=40/64 states=[2535,2600) segments=0..=0 finished_slices=40/64 finished_states=2600/4097 resumed_slices=0 elapsed_seconds=17.7
LAYER0_PROGRESS slice=41/64 states=[2600,2665) segments=0..=0 finished_slices=41/64 finished_states=2665/4097 resumed_slices=0 elapsed_seconds=17.9
LAYER0_PROGRESS slice=42/64 states=[2665,2730) segments=0..=0 finished_slices=42/64 finished_states=2730/4097 resumed_slices=0 elapsed_seconds=18.2
LAYER0_PROGRESS slice=43/64 states=[2730,2795) segments=0..=0 finished_slices=43/64 finished_states=2795/4097 resumed_slices=0 elapsed_seconds=18.9
LAYER0_PROGRESS slice=44/64 states=[2795,2860) segments=0..=0 finished_slices=44/64 finished_states=2860/4097 resumed_slices=0 elapsed_seconds=19.1
LAYER0_PROGRESS slice=45/64 states=[2860,2925) segments=0..=0 finished_slices=45/64 finished_states=2925/4097 resumed_slices=0 elapsed_seconds=19.4
LAYER0_PROGRESS slice=46/64 states=[2925,2990) segments=0..=0 finished_slices=46/64 finished_states=2990/4097 resumed_slices=0 elapsed_seconds=20.0
LAYER0_PROGRESS slice=47/64 states=[2990,3055) segments=0..=0 finished_slices=47/64 finished_states=3055/4097 resumed_slices=0 elapsed_seconds=20.2
LAYER0_PROGRESS slice=48/64 states=[3055,3120) segments=0..=0 finished_slices=48/64 finished_states=3120/4097 resumed_slices=0 elapsed_seconds=20.5
LAYER0_PROGRESS slice=49/64 states=[3120,3185) segments=0..=0 finished_slices=49/64 finished_states=3185/4097 resumed_slices=0 elapsed_seconds=21.2
LAYER0_PROGRESS slice=50/64 states=[3185,3250) segments=0..=0 finished_slices=50/64 finished_states=3250/4097 resumed_slices=0 elapsed_seconds=21.4
LAYER0_PROGRESS slice=51/64 states=[3250,3315) segments=0..=0 finished_slices=51/64 finished_states=3315/4097 resumed_slices=0 elapsed_seconds=21.6
LAYER0_PROGRESS slice=52/64 states=[3315,3380) segments=0..=0 finished_slices=52/64 finished_states=3380/4097 resumed_slices=0 elapsed_seconds=22.3
LAYER0_PROGRESS slice=53/64 states=[3380,3445) segments=0..=0 finished_slices=53/64 finished_states=3445/4097 resumed_slices=0 elapsed_seconds=22.5
LAYER0_PROGRESS slice=54/64 states=[3445,3510) segments=0..=0 finished_slices=54/64 finished_states=3510/4097 resumed_slices=0 elapsed_seconds=22.7
LAYER0_PROGRESS slice=55/64 states=[3510,3575) segments=0..=0 finished_slices=55/64 finished_states=3575/4097 resumed_slices=0 elapsed_seconds=23.4
LAYER0_PROGRESS slice=56/64 states=[3575,3640) segments=0..=0 finished_slices=56/64 finished_states=3640/4097 resumed_slices=0 elapsed_seconds=23.6
LAYER0_PROGRESS slice=57/64 states=[3640,3705) segments=0..=0 finished_slices=57/64 finished_states=3705/4097 resumed_slices=0 elapsed_seconds=23.9
LAYER0_PROGRESS slice=58/64 states=[3705,3770) segments=0..=0 finished_slices=58/64 finished_states=3770/4097 resumed_slices=0 elapsed_seconds=24.5
LAYER0_PROGRESS slice=59/64 states=[3770,3835) segments=0..=0 finished_slices=59/64 finished_states=3835/4097 resumed_slices=0 elapsed_seconds=24.7
LAYER0_PROGRESS slice=60/64 states=[3835,3900) segments=0..=0 finished_slices=60/64 finished_states=3900/4097 resumed_slices=0 elapsed_seconds=25.0
LAYER0_PROGRESS slice=61/64 states=[3900,3965) segments=0..=0 finished_slices=61/64 finished_states=3965/4097 resumed_slices=0 elapsed_seconds=25.6
LAYER0_PROGRESS slice=64/64 states=[4095,4097) segments=1..=all_persisted finished_slices=62/64 finished_states=3967/4097 resumed_slices=0 elapsed_seconds=25.7
LAYER0_PROGRESS slice=62/64 states=[3965,4030) segments=0..=0 finished_slices=63/64 finished_states=4032/4097 resumed_slices=0 elapsed_seconds=25.8
LAYER0_PROGRESS slice=63/64 states=[4030,4095) segments=0..=0 finished_slices=64/64 finished_states=4097/4097 resumed_slices=0 elapsed_seconds=26.1
LAYER0_FINDINGS signatures=0 red_states=0 states=4097
LAYER0_PARALLEL_FINISHED states=4097 slices=64 worker_threads=3 configured_worker_threads=3 worker_threads_source=environment_variable resumed_slices=0 freshly_run_slices=64 progress_file_after_completion=none elapsed_seconds=26.1
SWEEP seed=3 entry=rollback fault=Some((Write, 14)) fired=Some((Write, 14, 1, 16818176)) outcome=Err Publish(PublishSequenceFailed { cause: BlockDevice(InputOutput(Custom { kind: Other, error: "注入的写错" })), writes_before_the_first_publish: WritesByStructureKind { counted: {} }, writes_of_persisted writes_before=13 writes_after=0 frozen=true resend=Ok checker=0 first=None read=FileRead root=Some((InstanceGeneration(2), CheckpointTxg(11))) content_ok=true remount=Ok checker_after_remount=0 first_after=None enum=states=4097 seconds=26.1 closed=4097 exact=4097 oracle=0 ignored=0 root_without_record=0 missing_unit=0 checker_red_states=0 first=None first_checker=None
LAYER0_PARALLEL_START states=4099 slices=64 states_per_slice=65 worker_threads=3 configured_worker_threads=3 worker_threads_source=environment_variable resumed_slices=0 freshly_run_slices=64
LAYER0_PROGRESS slice=3/64 states=[130,195) segments=0..=0 finished_slices=1/64 finished_states=65/4099 resumed_slices=0 elapsed_seconds=1.1
LAYER0_PROGRESS slice=1/64 states=[0,65) segments=0..=0 finished_slices=2/64 finished_states=130/4099 resumed_slices=0 elapsed_seconds=1.1
LAYER0_PROGRESS slice=2/64 states=[65,130) segments=0..=0 finished_slices=3/64 finished_states=195/4099 resumed_slices=0 elapsed_seconds=1.1
LAYER0_PROGRESS slice=4/64 states=[195,260) segments=0..=0 finished_slices=4/64 finished_states=260/4099 resumed_slices=0 elapsed_seconds=2.2
LAYER0_PROGRESS slice=5/64 states=[260,325) segments=0..=0 finished_slices=5/64 finished_states=325/4099 resumed_slices=0 elapsed_seconds=2.2
LAYER0_PROGRESS slice=6/64 states=[325,390) segments=0..=0 finished_slices=6/64 finished_states=390/4099 resumed_slices=0 elapsed_seconds=2.2
LAYER0_PROGRESS slice=7/64 states=[390,455) segments=0..=0 finished_slices=7/64 finished_states=455/4099 resumed_slices=0 elapsed_seconds=3.4
LAYER0_PROGRESS slice=8/64 states=[455,520) segments=0..=0 finished_slices=8/64 finished_states=520/4099 resumed_slices=0 elapsed_seconds=3.4
LAYER0_PROGRESS slice=9/64 states=[520,585) segments=0..=0 finished_slices=9/64 finished_states=585/4099 resumed_slices=0 elapsed_seconds=3.4
LAYER0_PROGRESS slice=10/64 states=[585,650) segments=0..=0 finished_slices=10/64 finished_states=650/4099 resumed_slices=0 elapsed_seconds=4.5
LAYER0_PROGRESS slice=11/64 states=[650,715) segments=0..=0 finished_slices=11/64 finished_states=715/4099 resumed_slices=0 elapsed_seconds=4.5
LAYER0_PROGRESS slice=12/64 states=[715,780) segments=0..=0 finished_slices=12/64 finished_states=780/4099 resumed_slices=0 elapsed_seconds=4.5
LAYER0_PROGRESS slice=13/64 states=[780,845) segments=0..=0 finished_slices=13/64 finished_states=845/4099 resumed_slices=0 elapsed_seconds=5.6
LAYER0_PROGRESS slice=14/64 states=[845,910) segments=0..=0 finished_slices=14/64 finished_states=910/4099 resumed_slices=0 elapsed_seconds=5.6
LAYER0_PROGRESS slice=15/64 states=[910,975) segments=0..=0 finished_slices=15/64 finished_states=975/4099 resumed_slices=0 elapsed_seconds=5.6
LAYER0_PROGRESS slice=16/64 states=[975,1040) segments=0..=0 finished_slices=16/64 finished_states=1040/4099 resumed_slices=0 elapsed_seconds=6.7
LAYER0_PROGRESS slice=17/64 states=[1040,1105) segments=0..=0 finished_slices=17/64 finished_states=1105/4099 resumed_slices=0 elapsed_seconds=6.7
LAYER0_PROGRESS slice=18/64 states=[1105,1170) segments=0..=0 finished_slices=18/64 finished_states=1170/4099 resumed_slices=0 elapsed_seconds=6.7
LAYER0_PROGRESS slice=19/64 states=[1170,1235) segments=0..=0 finished_slices=19/64 finished_states=1235/4099 resumed_slices=0 elapsed_seconds=7.8
LAYER0_PROGRESS slice=20/64 states=[1235,1300) segments=0..=0 finished_slices=20/64 finished_states=1300/4099 resumed_slices=0 elapsed_seconds=7.8
LAYER0_PROGRESS slice=21/64 states=[1300,1365) segments=0..=0 finished_slices=21/64 finished_states=1365/4099 resumed_slices=0 elapsed_seconds=7.9
LAYER0_PROGRESS slice=22/64 states=[1365,1430) segments=0..=0 finished_slices=22/64 finished_states=1430/4099 resumed_slices=0 elapsed_seconds=9.0
LAYER0_PROGRESS slice=23/64 states=[1430,1495) segments=0..=0 finished_slices=23/64 finished_states=1495/4099 resumed_slices=0 elapsed_seconds=9.0
LAYER0_PROGRESS slice=24/64 states=[1495,1560) segments=0..=0 finished_slices=24/64 finished_states=1560/4099 resumed_slices=0 elapsed_seconds=9.0
LAYER0_PROGRESS slice=25/64 states=[1560,1625) segments=0..=0 finished_slices=25/64 finished_states=1625/4099 resumed_slices=0 elapsed_seconds=10.1
LAYER0_PROGRESS slice=26/64 states=[1625,1690) segments=0..=0 finished_slices=26/64 finished_states=1690/4099 resumed_slices=0 elapsed_seconds=10.1
LAYER0_PROGRESS slice=27/64 states=[1690,1755) segments=0..=0 finished_slices=27/64 finished_states=1755/4099 resumed_slices=0 elapsed_seconds=10.1
LAYER0_PROGRESS slice=28/64 states=[1755,1820) segments=0..=0 finished_slices=28/64 finished_states=1820/4099 resumed_slices=0 elapsed_seconds=11.2
LAYER0_PROGRESS slice=29/64 states=[1820,1885) segments=0..=0 finished_slices=29/64 finished_states=1885/4099 resumed_slices=0 elapsed_seconds=11.2
LAYER0_PROGRESS slice=30/64 states=[1885,1950) segments=0..=0 finished_slices=30/64 finished_states=1950/4099 resumed_slices=0 elapsed_seconds=11.2
LAYER0_PROGRESS slice=31/64 states=[1950,2015) segments=0..=0 finished_slices=31/64 finished_states=2015/4099 resumed_slices=0 elapsed_seconds=12.3
LAYER0_PROGRESS slice=32/64 states=[2015,2080) segments=0..=0 finished_slices=32/64 finished_states=2080/4099 resumed_slices=0 elapsed_seconds=12.3
LAYER0_PROGRESS slice=33/64 states=[2080,2145) segments=0..=0 finished_slices=33/64 finished_states=2145/4099 resumed_slices=0 elapsed_seconds=12.3
LAYER0_PROGRESS slice=34/64 states=[2145,2210) segments=0..=0 finished_slices=34/64 finished_states=2210/4099 resumed_slices=0 elapsed_seconds=13.4
LAYER0_PROGRESS slice=35/64 states=[2210,2275) segments=0..=0 finished_slices=35/64 finished_states=2275/4099 resumed_slices=0 elapsed_seconds=13.4
LAYER0_PROGRESS slice=36/64 states=[2275,2340) segments=0..=0 finished_slices=36/64 finished_states=2340/4099 resumed_slices=0 elapsed_seconds=13.5
LAYER0_PROGRESS slice=37/64 states=[2340,2405) segments=0..=0 finished_slices=37/64 finished_states=2405/4099 resumed_slices=0 elapsed_seconds=14.6
LAYER0_PROGRESS slice=38/64 states=[2405,2470) segments=0..=0 finished_slices=38/64 finished_states=2470/4099 resumed_slices=0 elapsed_seconds=14.6
LAYER0_PROGRESS slice=39/64 states=[2470,2535) segments=0..=0 finished_slices=39/64 finished_states=2535/4099 resumed_slices=0 elapsed_seconds=14.6
LAYER0_PROGRESS slice=40/64 states=[2535,2600) segments=0..=0 finished_slices=40/64 finished_states=2600/4099 resumed_slices=0 elapsed_seconds=15.7
LAYER0_PROGRESS slice=41/64 states=[2600,2665) segments=0..=0 finished_slices=41/64 finished_states=2665/4099 resumed_slices=0 elapsed_seconds=15.7
LAYER0_PROGRESS slice=42/64 states=[2665,2730) segments=0..=0 finished_slices=42/64 finished_states=2730/4099 resumed_slices=0 elapsed_seconds=15.7
LAYER0_PROGRESS slice=44/64 states=[2795,2860) segments=0..=0 finished_slices=43/64 finished_states=2795/4099 resumed_slices=0 elapsed_seconds=16.8
LAYER0_PROGRESS slice=43/64 states=[2730,2795) segments=0..=0 finished_slices=44/64 finished_states=2860/4099 resumed_slices=0 elapsed_seconds=16.8
LAYER0_PROGRESS slice=45/64 states=[2860,2925) segments=0..=0 finished_slices=45/64 finished_states=2925/4099 resumed_slices=0 elapsed_seconds=16.8
LAYER0_PROGRESS slice=47/64 states=[2990,3055) segments=0..=0 finished_slices=46/64 finished_states=2990/4099 resumed_slices=0 elapsed_seconds=18.0
LAYER0_PROGRESS slice=48/64 states=[3055,3120) segments=0..=0 finished_slices=47/64 finished_states=3055/4099 resumed_slices=0 elapsed_seconds=18.0
LAYER0_PROGRESS slice=46/64 states=[2925,2990) segments=0..=0 finished_slices=48/64 finished_states=3120/4099 resumed_slices=0 elapsed_seconds=18.3
LAYER0_PROGRESS slice=51/64 states=[3250,3315) segments=0..=0 finished_slices=49/64 finished_states=3185/4099 resumed_slices=0 elapsed_seconds=20.1
LAYER0_PROGRESS slice=50/64 states=[3185,3250) segments=0..=0 finished_slices=50/64 finished_states=3250/4099 resumed_slices=0 elapsed_seconds=20.2
LAYER0_PROGRESS slice=49/64 states=[3120,3185) segments=0..=0 finished_slices=51/64 finished_states=3315/4099 resumed_slices=0 elapsed_seconds=20.5
LAYER0_PROGRESS slice=52/64 states=[3315,3380) segments=0..=0 finished_slices=52/64 finished_states=3380/4099 resumed_slices=0 elapsed_seconds=23.9
LAYER0_PROGRESS slice=53/64 states=[3380,3445) segments=0..=0 finished_slices=53/64 finished_states=3445/4099 resumed_slices=0 elapsed_seconds=28.6
LAYER0_PROGRESS slice=54/64 states=[3445,3510) segments=0..=0 finished_slices=54/64 finished_states=3510/4099 resumed_slices=0 elapsed_seconds=34.3
LAYER0_PROGRESS slice=55/64 states=[3510,3575) segments=0..=0 finished_slices=55/64 finished_states=3575/4099 resumed_slices=0 elapsed_seconds=36.5
LAYER0_PROGRESS slice=58/64 states=[3705,3770) segments=0..=0 finished_slices=56/64 finished_states=3640/4099 resumed_slices=0 elapsed_seconds=37.9
LAYER0_PROGRESS slice=59/64 states=[3770,3835) segments=0..=0 finished_slices=57/64 finished_states=3705/4099 resumed_slices=0 elapsed_seconds=39.2
LAYER0_PROGRESS slice=60/64 states=[3835,3900) segments=0..=0 finished_slices=58/64 finished_states=3770/4099 resumed_slices=0 elapsed_seconds=40.8
LAYER0_PROGRESS slice=56/64 states=[3575,3640) segments=0..=0 finished_slices=59/64 finished_states=3835/4099 resumed_slices=0 elapsed_seconds=41.8
LAYER0_PROGRESS slice=61/64 states=[3900,3965) segments=0..=0 finished_slices=60/64 finished_states=3900/4099 resumed_slices=0 elapsed_seconds=43.4
LAYER0_PROGRESS slice=62/64 states=[3965,4030) segments=0..=0 finished_slices=61/64 finished_states=3965/4099 resumed_slices=0 elapsed_seconds=44.4
LAYER0_PROGRESS slice=64/64 states=[4095,4099) segments=1..=all_persisted finished_slices=62/64 finished_states=3969/4099 resumed_slices=0 elapsed_seconds=44.5
LAYER0_PROGRESS slice=63/64 states=[4030,4095) segments=0..=0 finished_slices=63/64 finished_states=4034/4099 resumed_slices=0 elapsed_seconds=45.3
LAYER0_PROGRESS slice=57/64 states=[3640,3705) segments=0..=0 finished_slices=64/64 finished_states=4099/4099 resumed_slices=0 elapsed_seconds=54.4
LAYER0_FINDINGS signatures=0 red_states=0 states=4099
LAYER0_PARALLEL_FINISHED states=4099 slices=64 worker_threads=3 configured_worker_threads=3 worker_threads_source=environment_variable resumed_slices=0 freshly_run_slices=64 progress_file_after_completion=none elapsed_seconds=54.4
SWEEP seed=3 entry=rollback fault=Some((Write, 15)) fired=Some((Write, 15, 0, 7352320)) outcome=Err Publish(PublishSequenceFailed { cause: BlockDevice(InputOutput(Custom { kind: Other, error: "注入的写错" })), writes_before_the_first_publish: WritesByStructureKind { counted: {} }, writes_of_persisted writes_before=14 writes_after=0 frozen=true resend=Ok checker=0 first=None read=FileRead root=Some((InstanceGeneration(2), CheckpointTxg(11))) content_ok=true remount=Ok checker_after_remount=0 first_after=None enum=states=4099 seconds=54.4 closed=4099 exact=4099 oracle=0 ignored=0 root_without_record=0 missing_unit=0 checker_red_states=0 first=None first_checker=None
LAYER0_PARALLEL_START states=4100 slices=64 states_per_slice=65 worker_threads=3 configured_worker_threads=3 worker_threads_source=environment_variable resumed_slices=0 freshly_run_slices=64
LAYER0_PROGRESS slice=3/64 states=[130,195) segments=0..=0 finished_slices=1/64 finished_states=65/4100 resumed_slices=0 elapsed_seconds=1.5
LAYER0_PROGRESS slice=1/64 states=[0,65) segments=0..=0 finished_slices=2/64 finished_states=130/4100 resumed_slices=0 elapsed_seconds=3.3
LAYER0_PROGRESS slice=5/64 states=[260,325) segments=0..=0 finished_slices=3/64 finished_states=195/4100 resumed_slices=0 elapsed_seconds=4.7
LAYER0_PROGRESS slice=6/64 states=[325,390) segments=0..=0 finished_slices=4/64 finished_states=260/4100 resumed_slices=0 elapsed_seconds=6.5
LAYER0_PROGRESS slice=7/64 states=[390,455) segments=0..=0 finished_slices=5/64 finished_states=325/4100 resumed_slices=0 elapsed_seconds=8.7
LAYER0_PROGRESS slice=8/64 states=[455,520) segments=0..=0 finished_slices=6/64 finished_states=390/4100 resumed_slices=0 elapsed_seconds=10.0
LAYER0_PROGRESS slice=2/64 states=[65,130) segments=0..=0 finished_slices=7/64 finished_states=455/4100 resumed_slices=0 elapsed_seconds=10.7
LAYER0_PROGRESS slice=9/64 states=[520,585) segments=0..=0 finished_slices=8/64 finished_states=520/4100 resumed_slices=0 elapsed_seconds=11.3
LAYER0_PROGRESS slice=11/64 states=[650,715) segments=0..=0 finished_slices=9/64 finished_states=585/4100 resumed_slices=0 elapsed_seconds=12.6
LAYER0_PROGRESS slice=4/64 states=[195,260) segments=0..=0 finished_slices=10/64 finished_states=650/4100 resumed_slices=0 elapsed_seconds=13.1
LAYER0_PROGRESS slice=12/64 states=[715,780) segments=0..=0 finished_slices=11/64 finished_states=715/4100 resumed_slices=0 elapsed_seconds=17.2
LAYER0_PROGRESS slice=13/64 states=[780,845) segments=0..=0 finished_slices=12/64 finished_states=780/4100 resumed_slices=0 elapsed_seconds=17.9
LAYER0_PROGRESS slice=15/64 states=[910,975) segments=0..=0 finished_slices=13/64 finished_states=845/4100 resumed_slices=0 elapsed_seconds=19.1
LAYER0_PROGRESS slice=10/64 states=[585,650) segments=0..=0 finished_slices=14/64 finished_states=910/4100 resumed_slices=0 elapsed_seconds=19.4
LAYER0_PROGRESS slice=14/64 states=[845,910) segments=0..=0 finished_slices=15/64 finished_states=975/4100 resumed_slices=0 elapsed_seconds=20.0
LAYER0_PROGRESS slice=16/64 states=[975,1040) segments=0..=0 finished_slices=16/64 finished_states=1040/4100 resumed_slices=0 elapsed_seconds=22.7
LAYER0_PROGRESS slice=18/64 states=[1105,1170) segments=0..=0 finished_slices=17/64 finished_states=1105/4100 resumed_slices=0 elapsed_seconds=23.9
LAYER0_PROGRESS slice=19/64 states=[1170,1235) segments=0..=0 finished_slices=18/64 finished_states=1170/4100 resumed_slices=0 elapsed_seconds=25.9
LAYER0_PROGRESS slice=20/64 states=[1235,1300) segments=0..=0 finished_slices=19/64 finished_states=1235/4100 resumed_slices=0 elapsed_seconds=27.2
LAYER0_PROGRESS slice=21/64 states=[1300,1365) segments=0..=0 finished_slices=20/64 finished_states=1300/4100 resumed_slices=0 elapsed_seconds=28.8
LAYER0_PROGRESS slice=23/64 states=[1430,1495) segments=0..=0 finished_slices=21/64 finished_states=1365/4100 resumed_slices=0 elapsed_seconds=31.4
LAYER0_PROGRESS slice=22/64 states=[1365,1430) segments=0..=0 finished_slices=22/64 finished_states=1430/4100 resumed_slices=0 elapsed_seconds=31.5
LAYER0_PROGRESS slice=24/64 states=[1495,1560) segments=0..=0 finished_slices=23/64 finished_states=1495/4100 resumed_slices=0 elapsed_seconds=33.9
LAYER0_PROGRESS slice=25/64 states=[1560,1625) segments=0..=0 finished_slices=24/64 finished_states=1560/4100 resumed_slices=0 elapsed_seconds=35.1
LAYER0_PROGRESS slice=26/64 states=[1625,1690) segments=0..=0 finished_slices=25/64 finished_states=1625/4100 resumed_slices=0 elapsed_seconds=36.9
LAYER0_PROGRESS slice=28/64 states=[1755,1820) segments=0..=0 finished_slices=26/64 finished_states=1690/4100 resumed_slices=0 elapsed_seconds=40.1
LAYER0_PROGRESS slice=27/64 states=[1690,1755) segments=0..=0 finished_slices=27/64 finished_states=1755/4100 resumed_slices=0 elapsed_seconds=40.9
LAYER0_PROGRESS slice=29/64 states=[1820,1885) segments=0..=0 finished_slices=28/64 finished_states=1820/4100 resumed_slices=0 elapsed_seconds=41.6
LAYER0_PROGRESS slice=30/64 states=[1885,1950) segments=0..=0 finished_slices=29/64 finished_states=1885/4100 resumed_slices=0 elapsed_seconds=43.5
LAYER0_PROGRESS slice=31/64 states=[1950,2015) segments=0..=0 finished_slices=30/64 finished_states=1950/4100 resumed_slices=0 elapsed_seconds=44.8
LAYER0_PROGRESS slice=33/64 states=[2080,2145) segments=0..=0 finished_slices=31/64 finished_states=2015/4100 resumed_slices=0 elapsed_seconds=49.6
LAYER0_PROGRESS slice=34/64 states=[2145,2210) segments=0..=0 finished_slices=32/64 finished_states=2080/4100 resumed_slices=0 elapsed_seconds=51.6
LAYER0_PROGRESS slice=35/64 states=[2210,2275) segments=0..=0 finished_slices=33/64 finished_states=2145/4100 resumed_slices=0 elapsed_seconds=52.9
LAYER0_PROGRESS slice=36/64 states=[2275,2340) segments=0..=0 finished_slices=34/64 finished_states=2210/4100 resumed_slices=0 elapsed_seconds=54.2
LAYER0_PROGRESS slice=17/64 states=[1040,1105) segments=0..=0 finished_slices=35/64 finished_states=2275/4100 resumed_slices=0 elapsed_seconds=54.5
LAYER0_PROGRESS slice=37/64 states=[2340,2405) segments=0..=0 finished_slices=36/64 finished_states=2340/4100 resumed_slices=0 elapsed_seconds=56.5
LAYER0_PROGRESS slice=38/64 states=[2405,2470) segments=0..=0 finished_slices=37/64 finished_states=2405/4100 resumed_slices=0 elapsed_seconds=57.1
LAYER0_PROGRESS slice=39/64 states=[2470,2535) segments=0..=0 finished_slices=38/64 finished_states=2470/4100 resumed_slices=0 elapsed_seconds=58.8
LAYER0_PROGRESS slice=40/64 states=[2535,2600) segments=0..=0 finished_slices=39/64 finished_states=2535/4100 resumed_slices=0 elapsed_seconds=60.2
LAYER0_PROGRESS slice=42/64 states=[2665,2730) segments=0..=0 finished_slices=40/64 finished_states=2600/4100 resumed_slices=0 elapsed_seconds=61.6
LAYER0_PROGRESS slice=41/64 states=[2600,2665) segments=0..=0 finished_slices=41/64 finished_states=2665/4100 resumed_slices=0 elapsed_seconds=62.6
LAYER0_PROGRESS slice=43/64 states=[2730,2795) segments=0..=0 finished_slices=42/64 finished_states=2730/4100 resumed_slices=0 elapsed_seconds=63.3
LAYER0_PROGRESS slice=45/64 states=[2860,2925) segments=0..=0 finished_slices=43/64 finished_states=2795/4100 resumed_slices=0 elapsed_seconds=64.6
LAYER0_PROGRESS slice=46/64 states=[2925,2990) segments=0..=0 finished_slices=44/64 finished_states=2860/4100 resumed_slices=0 elapsed_seconds=65.9
LAYER0_PROGRESS slice=47/64 states=[2990,3055) segments=0..=0 finished_slices=45/64 finished_states=2925/4100 resumed_slices=0 elapsed_seconds=67.1
LAYER0_PROGRESS slice=44/64 states=[2795,2860) segments=0..=0 finished_slices=46/64 finished_states=2990/4100 resumed_slices=0 elapsed_seconds=67.4
LAYER0_PROGRESS slice=32/64 states=[2015,2080) segments=0..=0 finished_slices=47/64 finished_states=3055/4100 resumed_slices=0 elapsed_seconds=67.8
LAYER0_PROGRESS slice=48/64 states=[3055,3120) segments=0..=0 finished_slices=48/64 finished_states=3120/4100 resumed_slices=0 elapsed_seconds=68.4
LAYER0_PROGRESS slice=50/64 states=[3185,3250) segments=0..=0 finished_slices=49/64 finished_states=3185/4100 resumed_slices=0 elapsed_seconds=69.1
LAYER0_PROGRESS slice=52/64 states=[3315,3380) segments=0..=0 finished_slices=50/64 finished_states=3250/4100 resumed_slices=0 elapsed_seconds=70.3
LAYER0_PROGRESS slice=51/64 states=[3250,3315) segments=0..=0 finished_slices=51/64 finished_states=3315/4100 resumed_slices=0 elapsed_seconds=71.9
LAYER0_PROGRESS slice=53/64 states=[3380,3445) segments=0..=0 finished_slices=52/64 finished_states=3380/4100 resumed_slices=0 elapsed_seconds=73.7
LAYER0_PROGRESS slice=54/64 states=[3445,3510) segments=0..=0 finished_slices=53/64 finished_states=3445/4100 resumed_slices=0 elapsed_seconds=74.0
LAYER0_PROGRESS slice=55/64 states=[3510,3575) segments=0..=0 finished_slices=54/64 finished_states=3510/4100 resumed_slices=0 elapsed_seconds=76.2
LAYER0_PROGRESS slice=56/64 states=[3575,3640) segments=0..=0 finished_slices=55/64 finished_states=3575/4100 resumed_slices=0 elapsed_seconds=76.5
LAYER0_PROGRESS slice=49/64 states=[3120,3185) segments=0..=0 finished_slices=56/64 finished_states=3640/4100 resumed_slices=0 elapsed_seconds=77.9
LAYER0_PROGRESS slice=58/64 states=[3705,3770) segments=0..=0 finished_slices=57/64 finished_states=3705/4100 resumed_slices=0 elapsed_seconds=78.2
LAYER0_PROGRESS slice=57/64 states=[3640,3705) segments=0..=0 finished_slices=58/64 finished_states=3770/4100 resumed_slices=0 elapsed_seconds=90.2
LAYER0_PROGRESS slice=61/64 states=[3900,3965) segments=0..=0 finished_slices=59/64 finished_states=3835/4100 resumed_slices=0 elapsed_seconds=94.4
LAYER0_PROGRESS slice=59/64 states=[3770,3835) segments=0..=0 finished_slices=60/64 finished_states=3900/4100 resumed_slices=0 elapsed_seconds=95.6
LAYER0_PROGRESS slice=60/64 states=[3835,3900) segments=0..=0 finished_slices=61/64 finished_states=3965/4100 resumed_slices=0 elapsed_seconds=96.3
LAYER0_PROGRESS slice=64/64 states=[4095,4100) segments=1..=all_persisted finished_slices=62/64 finished_states=3970/4100 resumed_slices=0 elapsed_seconds=96.4
LAYER0_PROGRESS slice=62/64 states=[3965,4030) segments=0..=0 finished_slices=63/64 finished_states=4035/4100 resumed_slices=0 elapsed_seconds=96.7
LAYER0_PROGRESS slice=63/64 states=[4030,4095) segments=0..=0 finished_slices=64/64 finished_states=4100/4100 resumed_slices=0 elapsed_seconds=97.1
LAYER0_FINDINGS signatures=0 red_states=0 states=4100
LAYER0_PARALLEL_FINISHED states=4100 slices=64 worker_threads=3 configured_worker_threads=3 worker_threads_source=environment_variable resumed_slices=0 freshly_run_slices=64 progress_file_after_completion=none elapsed_seconds=97.1
SWEEP seed=3 entry=rollback fault=Some((Write, 16)) fired=Some((Write, 16, 0, 0)) outcome=Err Publish(PublishSequenceFailed { cause: BlockDevice(InputOutput(Custom { kind: Other, error: "注入的写错" })), writes_before_the_first_publish: WritesByStructureKind { counted: {} }, writes_of_persisted writes_before=15 writes_after=0 frozen=true resend=Ok checker=0 first=None read=FileRead root=Some((InstanceGeneration(2), CheckpointTxg(11))) content_ok=true remount=Ok checker_after_remount=0 first_after=None enum=states=4100 seconds=97.1 closed=4100 exact=4100 oracle=0 ignored=0 root_without_record=0 missing_unit=0 checker_red_states=0 first=None first_checker=None
LAYER0_PARALLEL_START states=4102 slices=64 states_per_slice=65 worker_threads=3 configured_worker_threads=3 worker_threads_source=environment_variable resumed_slices=0 freshly_run_slices=64
LAYER0_PROGRESS slice=1/64 states=[0,65) segments=0..=0 finished_slices=1/64 finished_states=65/4102 resumed_slices=0 elapsed_seconds=1.3
LAYER0_PROGRESS slice=3/64 states=[130,195) segments=0..=0 finished_slices=2/64 finished_states=130/4102 resumed_slices=0 elapsed_seconds=1.4
LAYER0_PROGRESS slice=2/64 states=[65,130) segments=0..=0 finished_slices=3/64 finished_states=195/4102 resumed_slices=0 elapsed_seconds=2.8
LAYER0_PROGRESS slice=5/64 states=[260,325) segments=0..=0 finished_slices=4/64 finished_states=260/4102 resumed_slices=0 elapsed_seconds=2.9
LAYER0_PROGRESS slice=4/64 states=[195,260) segments=0..=0 finished_slices=5/64 finished_states=325/4102 resumed_slices=0 elapsed_seconds=4.6
LAYER0_PROGRESS slice=6/64 states=[325,390) segments=0..=0 finished_slices=6/64 finished_states=390/4102 resumed_slices=0 elapsed_seconds=9.0
LAYER0_PROGRESS slice=9/64 states=[520,585) segments=0..=0 finished_slices=7/64 finished_states=455/4102 resumed_slices=0 elapsed_seconds=14.1
LAYER0_PROGRESS slice=10/64 states=[585,650) segments=0..=0 finished_slices=8/64 finished_states=520/4102 resumed_slices=0 elapsed_seconds=15.5
LAYER0_PROGRESS slice=11/64 states=[650,715) segments=0..=0 finished_slices=9/64 finished_states=585/4102 resumed_slices=0 elapsed_seconds=17.5
LAYER0_PROGRESS slice=8/64 states=[455,520) segments=0..=0 finished_slices=10/64 finished_states=650/4102 resumed_slices=0 elapsed_seconds=18.1
LAYER0_PROGRESS slice=12/64 states=[715,780) segments=0..=0 finished_slices=11/64 finished_states=715/4102 resumed_slices=0 elapsed_seconds=22.0
LAYER0_PROGRESS slice=14/64 states=[845,910) segments=0..=0 finished_slices=12/64 finished_states=780/4102 resumed_slices=0 elapsed_seconds=24.3
LAYER0_PROGRESS slice=15/64 states=[910,975) segments=0..=0 finished_slices=13/64 finished_states=845/4102 resumed_slices=0 elapsed_seconds=26.1
LAYER0_PROGRESS slice=7/64 states=[390,455) segments=0..=0 finished_slices=14/64 finished_states=910/4102 resumed_slices=0 elapsed_seconds=27.5
LAYER0_PROGRESS slice=16/64 states=[975,1040) segments=0..=0 finished_slices=15/64 finished_states=975/4102 resumed_slices=0 elapsed_seconds=31.7
LAYER0_PROGRESS slice=18/64 states=[1105,1170) segments=0..=0 finished_slices=16/64 finished_states=1040/4102 resumed_slices=0 elapsed_seconds=34.4
LAYER0_PROGRESS slice=17/64 states=[1040,1105) segments=0..=0 finished_slices=17/64 finished_states=1105/4102 resumed_slices=0 elapsed_seconds=34.6
LAYER0_PROGRESS slice=19/64 states=[1170,1235) segments=0..=0 finished_slices=18/64 finished_states=1170/4102 resumed_slices=0 elapsed_seconds=39.5
LAYER0_PROGRESS slice=21/64 states=[1300,1365) segments=0..=0 finished_slices=19/64 finished_states=1235/4102 resumed_slices=0 elapsed_seconds=41.9
LAYER0_PROGRESS slice=22/64 states=[1365,1430) segments=0..=0 finished_slices=20/64 finished_states=1300/4102 resumed_slices=0 elapsed_seconds=43.2
LAYER0_PROGRESS slice=23/64 states=[1430,1495) segments=0..=0 finished_slices=21/64 finished_states=1365/4102 resumed_slices=0 elapsed_seconds=45.7
LAYER0_PROGRESS slice=13/64 states=[780,845) segments=0..=0 finished_slices=22/64 finished_states=1430/4102 resumed_slices=0 elapsed_seconds=47.3
LAYER0_PROGRESS slice=25/64 states=[1560,1625) segments=0..=0 finished_slices=23/64 finished_states=1495/4102 resumed_slices=0 elapsed_seconds=51.1
LAYER0_PROGRESS slice=24/64 states=[1495,1560) segments=0..=0 finished_slices=24/64 finished_states=1560/4102 resumed_slices=0 elapsed_seconds=53.2
LAYER0_PROGRESS slice=26/64 states=[1625,1690) segments=0..=0 finished_slices=25/64 finished_states=1625/4102 resumed_slices=0 elapsed_seconds=56.2
LAYER0_PROGRESS slice=27/64 states=[1690,1755) segments=0..=0 finished_slices=26/64 finished_states=1690/4102 resumed_slices=0 elapsed_seconds=62.1
LAYER0_PROGRESS slice=20/64 states=[1235,1300) segments=0..=0 finished_slices=27/64 finished_states=1755/4102 resumed_slices=0 elapsed_seconds=64.3
LAYER0_PROGRESS slice=28/64 states=[1755,1820) segments=0..=0 finished_slices=28/64 finished_states=1820/4102 resumed_slices=0 elapsed_seconds=71.3
LAYER0_PROGRESS slice=31/64 states=[1950,2015) segments=0..=0 finished_slices=29/64 finished_states=1885/4102 resumed_slices=0 elapsed_seconds=77.2
LAYER0_PROGRESS slice=29/64 states=[1820,1885) segments=0..=0 finished_slices=30/64 finished_states=1950/4102 resumed_slices=0 elapsed_seconds=78.6
LAYER0_PROGRESS slice=32/64 states=[2015,2080) segments=0..=0 finished_slices=31/64 finished_states=2015/4102 resumed_slices=0 elapsed_seconds=79.9
LAYER0_PROGRESS slice=34/64 states=[2145,2210) segments=0..=0 finished_slices=32/64 finished_states=2080/4102 resumed_slices=0 elapsed_seconds=87.2
LAYER0_PROGRESS slice=33/64 states=[2080,2145) segments=0..=0 finished_slices=33/64 finished_states=2145/4102 resumed_slices=0 elapsed_seconds=87.9
LAYER0_PROGRESS slice=35/64 states=[2210,2275) segments=0..=0 finished_slices=34/64 finished_states=2210/4102 resumed_slices=0 elapsed_seconds=88.7
LAYER0_PROGRESS slice=37/64 states=[2340,2405) segments=0..=0 finished_slices=35/64 finished_states=2275/4102 resumed_slices=0 elapsed_seconds=90.0
LAYER0_PROGRESS slice=38/64 states=[2405,2470) segments=0..=0 finished_slices=36/64 finished_states=2340/4102 resumed_slices=0 elapsed_seconds=91.3
LAYER0_PROGRESS slice=30/64 states=[1885,1950) segments=0..=0 finished_slices=37/64 finished_states=2405/4102 resumed_slices=0 elapsed_seconds=92.0
LAYER0_PROGRESS slice=39/64 states=[2470,2535) segments=0..=0 finished_slices=38/64 finished_states=2470/4102 resumed_slices=0 elapsed_seconds=92.8
LAYER0_PROGRESS slice=36/64 states=[2275,2340) segments=0..=0 finished_slices=39/64 finished_states=2535/4102 resumed_slices=0 elapsed_seconds=93.4
LAYER0_PROGRESS slice=41/64 states=[2600,2665) segments=0..=0 finished_slices=40/64 finished_states=2600/4102 resumed_slices=0 elapsed_seconds=94.1
LAYER0_PROGRESS slice=43/64 states=[2730,2795) segments=0..=0 finished_slices=41/64 finished_states=2665/4102 resumed_slices=0 elapsed_seconds=96.3
LAYER0_PROGRESS slice=44/64 states=[2795,2860) segments=0..=0 finished_slices=42/64 finished_states=2730/4102 resumed_slices=0 elapsed_seconds=97.6
LAYER0_PROGRESS slice=42/64 states=[2665,2730) segments=0..=0 finished_slices=43/64 finished_states=2795/4102 resumed_slices=0 elapsed_seconds=99.8
LAYER0_PROGRESS slice=45/64 states=[2860,2925) segments=0..=0 finished_slices=44/64 finished_states=2860/4102 resumed_slices=0 elapsed_seconds=100.4
LAYER0_PROGRESS slice=46/64 states=[2925,2990) segments=0..=0 finished_slices=45/64 finished_states=2925/4102 resumed_slices=0 elapsed_seconds=101.6
LAYER0_PROGRESS slice=48/64 states=[3055,3120) segments=0..=0 finished_slices=46/64 finished_states=2990/4102 resumed_slices=0 elapsed_seconds=103.0
LAYER0_PROGRESS slice=47/64 states=[2990,3055) segments=0..=0 finished_slices=47/64 finished_states=3055/4102 resumed_slices=0 elapsed_seconds=103.3
LAYER0_PROGRESS slice=40/64 states=[2535,2600) segments=0..=0 finished_slices=48/64 finished_states=3120/4102 resumed_slices=0 elapsed_seconds=103.4
LAYER0_PROGRESS slice=51/64 states=[3250,3315) segments=0..=0 finished_slices=49/64 finished_states=3185/4102 resumed_slices=0 elapsed_seconds=104.8
LAYER0_PROGRESS slice=50/64 states=[3185,3250) segments=0..=0 finished_slices=50/64 finished_states=3250/4102 resumed_slices=0 elapsed_seconds=104.8
LAYER0_PROGRESS slice=49/64 states=[3120,3185) segments=0..=0 finished_slices=51/64 finished_states=3315/4102 resumed_slices=0 elapsed_seconds=105.6
LAYER0_PROGRESS slice=54/64 states=[3445,3510) segments=0..=0 finished_slices=52/64 finished_states=3380/4102 resumed_slices=0 elapsed_seconds=107.2
LAYER0_PROGRESS slice=55/64 states=[3510,3575) segments=0..=0 finished_slices=53/64 finished_states=3445/4102 resumed_slices=0 elapsed_seconds=108.6
LAYER0_PROGRESS slice=52/64 states=[3315,3380) segments=0..=0 finished_slices=54/64 finished_states=3510/4102 resumed_slices=0 elapsed_seconds=109.6
LAYER0_PROGRESS slice=53/64 states=[3380,3445) segments=0..=0 finished_slices=55/64 finished_states=3575/4102 resumed_slices=0 elapsed_seconds=111.6
LAYER0_PROGRESS slice=58/64 states=[3705,3770) segments=0..=0 finished_slices=56/64 finished_states=3640/4102 resumed_slices=0 elapsed_seconds=113.0
LAYER0_PROGRESS slice=59/64 states=[3770,3835) segments=0..=0 finished_slices=57/64 finished_states=3705/4102 resumed_slices=0 elapsed_seconds=114.8
LAYER0_PROGRESS slice=60/64 states=[3835,3900) segments=0..=0 finished_slices=58/64 finished_states=3770/4102 resumed_slices=0 elapsed_seconds=116.4
LAYER0_PROGRESS slice=57/64 states=[3640,3705) segments=0..=0 finished_slices=59/64 finished_states=3835/4102 resumed_slices=0 elapsed_seconds=116.9
LAYER0_PROGRESS slice=62/64 states=[3965,4030) segments=0..=0 finished_slices=60/64 finished_states=3900/4102 resumed_slices=0 elapsed_seconds=118.9
LAYER0_PROGRESS slice=63/64 states=[4030,4095) segments=0..=0 finished_slices=61/64 finished_states=3965/4102 resumed_slices=0 elapsed_seconds=123.9
LAYER0_PROGRESS slice=64/64 states=[4095,4102) segments=1..=all_persisted finished_slices=62/64 finished_states=3972/4102 resumed_slices=0 elapsed_seconds=124.2
LAYER0_PROGRESS slice=61/64 states=[3900,3965) segments=0..=0 finished_slices=63/64 finished_states=4037/4102 resumed_slices=0 elapsed_seconds=127.3
LAYER0_PROGRESS slice=56/64 states=[3575,3640) segments=0..=0 finished_slices=64/64 finished_states=4102/4102 resumed_slices=0 elapsed_seconds=132.8
LAYER0_FINDINGS signatures=0 red_states=0 states=4102
LAYER0_PARALLEL_FINISHED states=4102 slices=64 worker_threads=3 configured_worker_threads=3 worker_threads_source=environment_variable resumed_slices=0 freshly_run_slices=64 progress_file_after_completion=none elapsed_seconds=132.8
SWEEP seed=3 entry=rollback fault=Some((Write, 17)) fired=Some((Write, 17, 1, 0)) outcome=Err Publish(PublishSequenceFailed { cause: BlockDevice(InputOutput(Custom { kind: Other, error: "注入的写错" })), writes_before_the_first_publish: WritesByStructureKind { counted: {} }, writes_of_persisted writes_before=16 writes_after=0 frozen=true resend=Ok checker=0 first=None read=FileRead root=Some((InstanceGeneration(2), CheckpointTxg(11))) content_ok=true remount=Ok checker_after_remount=0 first_after=None enum=states=4102 seconds=132.8 closed=4101 exact=4102 oracle=0 ignored=0 root_without_record=0 missing_unit=0 checker_red_states=0 first=None first_checker=None
LAYER0_PARALLEL_START states=4096 slices=64 states_per_slice=64 worker_threads=3 configured_worker_threads=3 worker_threads_source=environment_variable resumed_slices=0 freshly_run_slices=64
LAYER0_PROGRESS slice=1/64 states=[0,64) segments=0..=0 finished_slices=1/64 finished_states=64/4096 resumed_slices=0 elapsed_seconds=1.6
LAYER0_PROGRESS slice=2/64 states=[64,128) segments=0..=0 finished_slices=2/64 finished_states=128/4096 resumed_slices=0 elapsed_seconds=2.6
LAYER0_PROGRESS slice=4/64 states=[192,256) segments=0..=0 finished_slices=3/64 finished_states=192/4096 resumed_slices=0 elapsed_seconds=2.9
LAYER0_PROGRESS slice=5/64 states=[256,320) segments=0..=0 finished_slices=4/64 finished_states=256/4096 resumed_slices=0 elapsed_seconds=3.9
LAYER0_PROGRESS slice=3/64 states=[128,192) segments=0..=0 finished_slices=5/64 finished_states=320/4096 resumed_slices=0 elapsed_seconds=4.7
LAYER0_PROGRESS slice=6/64 states=[320,384) segments=0..=0 finished_slices=6/64 finished_states=384/4096 resumed_slices=0 elapsed_seconds=5.0
LAYER0_PROGRESS slice=8/64 states=[448,512) segments=0..=0 finished_slices=7/64 finished_states=448/4096 resumed_slices=0 elapsed_seconds=6.8
LAYER0_PROGRESS slice=9/64 states=[512,576) segments=0..=0 finished_slices=8/64 finished_states=512/4096 resumed_slices=0 elapsed_seconds=10.3
LAYER0_PROGRESS slice=7/64 states=[384,448) segments=0..=0 finished_slices=9/64 finished_states=576/4096 resumed_slices=0 elapsed_seconds=12.7
LAYER0_PROGRESS slice=11/64 states=[640,704) segments=0..=0 finished_slices=10/64 finished_states=640/4096 resumed_slices=0 elapsed_seconds=13.8
LAYER0_PROGRESS slice=10/64 states=[576,640) segments=0..=0 finished_slices=11/64 finished_states=704/4096 resumed_slices=0 elapsed_seconds=14.3
LAYER0_PROGRESS slice=12/64 states=[704,768) segments=0..=0 finished_slices=12/64 finished_states=768/4096 resumed_slices=0 elapsed_seconds=17.6
LAYER0_PROGRESS slice=15/64 states=[896,960) segments=0..=0 finished_slices=13/64 finished_states=832/4096 resumed_slices=0 elapsed_seconds=31.8
LAYER0_PROGRESS slice=14/64 states=[832,896) segments=0..=0 finished_slices=14/64 finished_states=896/4096 resumed_slices=0 elapsed_seconds=32.0
LAYER0_PROGRESS slice=17/64 states=[1024,1088) segments=0..=0 finished_slices=15/64 finished_states=960/4096 resumed_slices=0 elapsed_seconds=39.6
LAYER0_PROGRESS slice=18/64 states=[1088,1152) segments=0..=0 finished_slices=16/64 finished_states=1024/4096 resumed_slices=0 elapsed_seconds=41.0
LAYER0_PROGRESS slice=13/64 states=[768,832) segments=0..=0 finished_slices=17/64 finished_states=1088/4096 resumed_slices=0 elapsed_seconds=42.6
LAYER0_PROGRESS slice=16/64 states=[960,1024) segments=0..=0 finished_slices=18/64 finished_states=1152/4096 resumed_slices=0 elapsed_seconds=42.6
LAYER0_PROGRESS slice=21/64 states=[1280,1344) segments=0..=0 finished_slices=19/64 finished_states=1216/4096 resumed_slices=0 elapsed_seconds=43.9
LAYER0_PROGRESS slice=19/64 states=[1152,1216) segments=0..=0 finished_slices=20/64 finished_states=1280/4096 resumed_slices=0 elapsed_seconds=45.6
LAYER0_PROGRESS slice=22/64 states=[1344,1408) segments=0..=0 finished_slices=21/64 finished_states=1344/4096 resumed_slices=0 elapsed_seconds=45.8
LAYER0_PROGRESS slice=23/64 states=[1408,1472) segments=0..=0 finished_slices=22/64 finished_states=1408/4096 resumed_slices=0 elapsed_seconds=46.9
LAYER0_PROGRESS slice=20/64 states=[1216,1280) segments=0..=0 finished_slices=23/64 finished_states=1472/4096 resumed_slices=0 elapsed_seconds=48.8
LAYER0_PROGRESS slice=25/64 states=[1536,1600) segments=0..=0 finished_slices=24/64 finished_states=1536/4096 resumed_slices=0 elapsed_seconds=56.8
LAYER0_PROGRESS slice=26/64 states=[1600,1664) segments=0..=0 finished_slices=25/64 finished_states=1600/4096 resumed_slices=0 elapsed_seconds=57.0
LAYER0_PROGRESS slice=24/64 states=[1472,1536) segments=0..=0 finished_slices=26/64 finished_states=1664/4096 resumed_slices=0 elapsed_seconds=57.2
LAYER0_PROGRESS slice=27/64 states=[1664,1728) segments=0..=0 finished_slices=27/64 finished_states=1728/4096 resumed_slices=0 elapsed_seconds=58.0
LAYER0_PROGRESS slice=28/64 states=[1728,1792) segments=0..=0 finished_slices=28/64 finished_states=1792/4096 resumed_slices=0 elapsed_seconds=58.2
LAYER0_PROGRESS slice=29/64 states=[1792,1856) segments=0..=0 finished_slices=29/64 finished_states=1856/4096 resumed_slices=0 elapsed_seconds=58.4
LAYER0_PROGRESS slice=30/64 states=[1856,1920) segments=0..=0 finished_slices=30/64 finished_states=1920/4096 resumed_slices=0 elapsed_seconds=59.2
LAYER0_PROGRESS slice=31/64 states=[1920,1984) segments=0..=0 finished_slices=31/64 finished_states=1984/4096 resumed_slices=0 elapsed_seconds=59.4
LAYER0_PROGRESS slice=32/64 states=[1984,2048) segments=0..=0 finished_slices=32/64 finished_states=2048/4096 resumed_slices=0 elapsed_seconds=59.6
LAYER0_PROGRESS slice=33/64 states=[2048,2112) segments=0..=0 finished_slices=33/64 finished_states=2112/4096 resumed_slices=0 elapsed_seconds=60.4
LAYER0_PROGRESS slice=34/64 states=[2112,2176) segments=0..=0 finished_slices=34/64 finished_states=2176/4096 resumed_slices=0 elapsed_seconds=60.6
LAYER0_PROGRESS slice=35/64 states=[2176,2240) segments=0..=0 finished_slices=35/64 finished_states=2240/4096 resumed_slices=0 elapsed_seconds=60.8
LAYER0_PROGRESS slice=36/64 states=[2240,2304) segments=0..=0 finished_slices=36/64 finished_states=2304/4096 resumed_slices=0 elapsed_seconds=61.5
LAYER0_PROGRESS slice=37/64 states=[2304,2368) segments=0..=0 finished_slices=37/64 finished_states=2368/4096 resumed_slices=0 elapsed_seconds=61.8
LAYER0_PROGRESS slice=38/64 states=[2368,2432) segments=0..=0 finished_slices=38/64 finished_states=2432/4096 resumed_slices=0 elapsed_seconds=61.9
LAYER0_PROGRESS slice=39/64 states=[2432,2496) segments=0..=0 finished_slices=39/64 finished_states=2496/4096 resumed_slices=0 elapsed_seconds=62.7
LAYER0_PROGRESS slice=40/64 states=[2496,2560) segments=0..=0 finished_slices=40/64 finished_states=2560/4096 resumed_slices=0 elapsed_seconds=62.9
LAYER0_PROGRESS slice=41/64 states=[2560,2624) segments=0..=0 finished_slices=41/64 finished_states=2624/4096 resumed_slices=0 elapsed_seconds=63.1
LAYER0_PROGRESS slice=42/64 states=[2624,2688) segments=0..=0 finished_slices=42/64 finished_states=2688/4096 resumed_slices=0 elapsed_seconds=63.9
LAYER0_PROGRESS slice=43/64 states=[2688,2752) segments=0..=0 finished_slices=43/64 finished_states=2752/4096 resumed_slices=0 elapsed_seconds=64.1
LAYER0_PROGRESS slice=44/64 states=[2752,2816) segments=0..=0 finished_slices=44/64 finished_states=2816/4096 resumed_slices=0 elapsed_seconds=64.3
LAYER0_PROGRESS slice=45/64 states=[2816,2880) segments=0..=0 finished_slices=45/64 finished_states=2880/4096 resumed_slices=0 elapsed_seconds=65.0
LAYER0_PROGRESS slice=46/64 states=[2880,2944) segments=0..=0 finished_slices=46/64 finished_states=2944/4096 resumed_slices=0 elapsed_seconds=65.3
LAYER0_PROGRESS slice=47/64 states=[2944,3008) segments=0..=0 finished_slices=47/64 finished_states=3008/4096 resumed_slices=0 elapsed_seconds=65.5
LAYER0_PROGRESS slice=48/64 states=[3008,3072) segments=0..=0 finished_slices=48/64 finished_states=3072/4096 resumed_slices=0 elapsed_seconds=66.2
LAYER0_PROGRESS slice=49/64 states=[3072,3136) segments=0..=0 finished_slices=49/64 finished_states=3136/4096 resumed_slices=0 elapsed_seconds=66.4
LAYER0_PROGRESS slice=50/64 states=[3136,3200) segments=0..=0 finished_slices=50/64 finished_states=3200/4096 resumed_slices=0 elapsed_seconds=66.6
LAYER0_PROGRESS slice=51/64 states=[3200,3264) segments=0..=0 finished_slices=51/64 finished_states=3264/4096 resumed_slices=0 elapsed_seconds=67.3
LAYER0_PROGRESS slice=52/64 states=[3264,3328) segments=0..=0 finished_slices=52/64 finished_states=3328/4096 resumed_slices=0 elapsed_seconds=67.6
LAYER0_PROGRESS slice=53/64 states=[3328,3392) segments=0..=0 finished_slices=53/64 finished_states=3392/4096 resumed_slices=0 elapsed_seconds=67.7
LAYER0_PROGRESS slice=54/64 states=[3392,3456) segments=0..=0 finished_slices=54/64 finished_states=3456/4096 resumed_slices=0 elapsed_seconds=68.5
LAYER0_PROGRESS slice=55/64 states=[3456,3520) segments=0..=0 finished_slices=55/64 finished_states=3520/4096 resumed_slices=0 elapsed_seconds=68.7
LAYER0_PROGRESS slice=56/64 states=[3520,3584) segments=0..=0 finished_slices=56/64 finished_states=3584/4096 resumed_slices=0 elapsed_seconds=68.9
LAYER0_PROGRESS slice=57/64 states=[3584,3648) segments=0..=0 finished_slices=57/64 finished_states=3648/4096 resumed_slices=0 elapsed_seconds=69.6
LAYER0_PROGRESS slice=58/64 states=[3648,3712) segments=0..=0 finished_slices=58/64 finished_states=3712/4096 resumed_slices=0 elapsed_seconds=69.8
LAYER0_PROGRESS slice=59/64 states=[3712,3776) segments=0..=0 finished_slices=59/64 finished_states=3776/4096 resumed_slices=0 elapsed_seconds=70.0
LAYER0_PROGRESS slice=60/64 states=[3776,3840) segments=0..=0 finished_slices=60/64 finished_states=3840/4096 resumed_slices=0 elapsed_seconds=70.7
LAYER0_PROGRESS slice=61/64 states=[3840,3904) segments=0..=0 finished_slices=61/64 finished_states=3904/4096 resumed_slices=0 elapsed_seconds=70.9
LAYER0_PROGRESS slice=62/64 states=[3904,3968) segments=0..=0 finished_slices=62/64 finished_states=3968/4096 resumed_slices=0 elapsed_seconds=71.1
LAYER0_PROGRESS slice=63/64 states=[3968,4032) segments=0..=0 finished_slices=63/64 finished_states=4032/4096 resumed_slices=0 elapsed_seconds=71.8
LAYER0_PROGRESS slice=64/64 states=[4032,4096) segments=0..=all_persisted finished_slices=64/64 finished_states=4096/4096 resumed_slices=0 elapsed_seconds=72.1
LAYER0_FINDINGS signatures=0 red_states=0 states=4096
LAYER0_PARALLEL_FINISHED states=4096 slices=64 worker_threads=3 configured_worker_threads=3 worker_threads_source=environment_variable resumed_slices=0 freshly_run_slices=64 progress_file_after_completion=none elapsed_seconds=72.1
SWEEP seed=3 entry=rollback fault=Some((Barrier, 1)) fired=Some((Barrier, 1, 0, 0)) outcome=Err Publish(PublishSequenceFailed { cause: BlockDevice(InputOutput(Custom { kind: Other, error: "注入的屏障错" })), writes_before_the_first_publish: WritesByStructureKind { counted: {} }, writes_of_persiste writes_before=12 writes_after=0 frozen=true resend=Ok checker=0 first=None read=FileRead root=Some((InstanceGeneration(2), CheckpointTxg(11))) content_ok=true remount=Ok checker_after_remount=0 first_after=None enum=states=4096 seconds=72.1 closed=4096 exact=4096 oracle=0 ignored=0 root_without_record=0 missing_unit=0 checker_red_states=0 first=None first_checker=None
LAYER0_PARALLEL_START states=4096 slices=64 states_per_slice=64 worker_threads=3 configured_worker_threads=3 worker_threads_source=environment_variable resumed_slices=0 freshly_run_slices=64
LAYER0_PROGRESS slice=3/64 states=[128,192) segments=0..=0 finished_slices=1/64 finished_states=64/4096 resumed_slices=0 elapsed_seconds=1.2
LAYER0_PROGRESS slice=1/64 states=[0,64) segments=0..=0 finished_slices=2/64 finished_states=128/4096 resumed_slices=0 elapsed_seconds=1.2
LAYER0_PROGRESS slice=2/64 states=[64,128) segments=0..=0 finished_slices=3/64 finished_states=192/4096 resumed_slices=0 elapsed_seconds=1.2
LAYER0_PROGRESS slice=4/64 states=[192,256) segments=0..=0 finished_slices=4/64 finished_states=256/4096 resumed_slices=0 elapsed_seconds=2.3
LAYER0_PROGRESS slice=5/64 states=[256,320) segments=0..=0 finished_slices=5/64 finished_states=320/4096 resumed_slices=0 elapsed_seconds=2.3
LAYER0_PROGRESS slice=6/64 states=[320,384) segments=0..=0 finished_slices=6/64 finished_states=384/4096 resumed_slices=0 elapsed_seconds=2.3
LAYER0_PROGRESS slice=7/64 states=[384,448) segments=0..=0 finished_slices=7/64 finished_states=448/4096 resumed_slices=0 elapsed_seconds=3.4
LAYER0_PROGRESS slice=8/64 states=[448,512) segments=0..=0 finished_slices=8/64 finished_states=512/4096 resumed_slices=0 elapsed_seconds=3.5
LAYER0_PROGRESS slice=9/64 states=[512,576) segments=0..=0 finished_slices=9/64 finished_states=576/4096 resumed_slices=0 elapsed_seconds=3.5
LAYER0_PROGRESS slice=10/64 states=[576,640) segments=0..=0 finished_slices=10/64 finished_states=640/4096 resumed_slices=0 elapsed_seconds=4.6
LAYER0_PROGRESS slice=11/64 states=[640,704) segments=0..=0 finished_slices=11/64 finished_states=704/4096 resumed_slices=0 elapsed_seconds=4.6
LAYER0_PROGRESS slice=12/64 states=[704,768) segments=0..=0 finished_slices=12/64 finished_states=768/4096 resumed_slices=0 elapsed_seconds=4.6
LAYER0_PROGRESS slice=13/64 states=[768,832) segments=0..=0 finished_slices=13/64 finished_states=832/4096 resumed_slices=0 elapsed_seconds=5.8
LAYER0_PROGRESS slice=14/64 states=[832,896) segments=0..=0 finished_slices=14/64 finished_states=896/4096 resumed_slices=0 elapsed_seconds=5.8
LAYER0_PROGRESS slice=15/64 states=[896,960) segments=0..=0 finished_slices=15/64 finished_states=960/4096 resumed_slices=0 elapsed_seconds=5.8
LAYER0_PROGRESS slice=17/64 states=[1024,1088) segments=0..=0 finished_slices=16/64 finished_states=1024/4096 resumed_slices=0 elapsed_seconds=6.9
LAYER0_PROGRESS slice=16/64 states=[960,1024) segments=0..=0 finished_slices=17/64 finished_states=1088/4096 resumed_slices=0 elapsed_seconds=6.9
LAYER0_PROGRESS slice=18/64 states=[1088,1152) segments=0..=0 finished_slices=18/64 finished_states=1152/4096 resumed_slices=0 elapsed_seconds=6.9
LAYER0_PROGRESS slice=20/64 states=[1216,1280) segments=0..=0 finished_slices=19/64 finished_states=1216/4096 resumed_slices=0 elapsed_seconds=8.0
LAYER0_PROGRESS slice=19/64 states=[1152,1216) segments=0..=0 finished_slices=20/64 finished_states=1280/4096 resumed_slices=0 elapsed_seconds=8.0
LAYER0_PROGRESS slice=21/64 states=[1280,1344) segments=0..=0 finished_slices=21/64 finished_states=1344/4096 resumed_slices=0 elapsed_seconds=8.1
LAYER0_PROGRESS slice=22/64 states=[1344,1408) segments=0..=0 finished_slices=22/64 finished_states=1408/4096 resumed_slices=0 elapsed_seconds=9.2
LAYER0_PROGRESS slice=23/64 states=[1408,1472) segments=0..=0 finished_slices=23/64 finished_states=1472/4096 resumed_slices=0 elapsed_seconds=9.2
LAYER0_PROGRESS slice=24/64 states=[1472,1536) segments=0..=0 finished_slices=24/64 finished_states=1536/4096 resumed_slices=0 elapsed_seconds=9.2
LAYER0_PROGRESS slice=26/64 states=[1600,1664) segments=0..=0 finished_slices=25/64 finished_states=1600/4096 resumed_slices=0 elapsed_seconds=10.4
LAYER0_PROGRESS slice=25/64 states=[1536,1600) segments=0..=0 finished_slices=26/64 finished_states=1664/4096 resumed_slices=0 elapsed_seconds=10.4
LAYER0_PROGRESS slice=27/64 states=[1664,1728) segments=0..=0 finished_slices=27/64 finished_states=1728/4096 resumed_slices=0 elapsed_seconds=10.4
LAYER0_PROGRESS slice=28/64 states=[1728,1792) segments=0..=0 finished_slices=28/64 finished_states=1792/4096 resumed_slices=0 elapsed_seconds=11.6
LAYER0_PROGRESS slice=29/64 states=[1792,1856) segments=0..=0 finished_slices=29/64 finished_states=1856/4096 resumed_slices=0 elapsed_seconds=11.6
LAYER0_PROGRESS slice=30/64 states=[1856,1920) segments=0..=0 finished_slices=30/64 finished_states=1920/4096 resumed_slices=0 elapsed_seconds=11.6
LAYER0_PROGRESS slice=31/64 states=[1920,1984) segments=0..=0 finished_slices=31/64 finished_states=1984/4096 resumed_slices=0 elapsed_seconds=12.7
LAYER0_PROGRESS slice=32/64 states=[1984,2048) segments=0..=0 finished_slices=32/64 finished_states=2048/4096 resumed_slices=0 elapsed_seconds=12.7
LAYER0_PROGRESS slice=33/64 states=[2048,2112) segments=0..=0 finished_slices=33/64 finished_states=2112/4096 resumed_slices=0 elapsed_seconds=12.8
LAYER0_PROGRESS slice=35/64 states=[2176,2240) segments=0..=0 finished_slices=34/64 finished_states=2176/4096 resumed_slices=0 elapsed_seconds=13.9
LAYER0_PROGRESS slice=34/64 states=[2112,2176) segments=0..=0 finished_slices=35/64 finished_states=2240/4096 resumed_slices=0 elapsed_seconds=13.9
LAYER0_PROGRESS slice=36/64 states=[2240,2304) segments=0..=0 finished_slices=36/64 finished_states=2304/4096 resumed_slices=0 elapsed_seconds=13.9
LAYER0_PROGRESS slice=37/64 states=[2304,2368) segments=0..=0 finished_slices=37/64 finished_states=2368/4096 resumed_slices=0 elapsed_seconds=15.0
LAYER0_PROGRESS slice=38/64 states=[2368,2432) segments=0..=0 finished_slices=38/64 finished_states=2432/4096 resumed_slices=0 elapsed_seconds=15.0
LAYER0_PROGRESS slice=39/64 states=[2432,2496) segments=0..=0 finished_slices=39/64 finished_states=2496/4096 resumed_slices=0 elapsed_seconds=15.1
LAYER0_PROGRESS slice=40/64 states=[2496,2560) segments=0..=0 finished_slices=40/64 finished_states=2560/4096 resumed_slices=0 elapsed_seconds=16.2
LAYER0_PROGRESS slice=41/64 states=[2560,2624) segments=0..=0 finished_slices=41/64 finished_states=2624/4096 resumed_slices=0 elapsed_seconds=16.2
LAYER0_PROGRESS slice=42/64 states=[2624,2688) segments=0..=0 finished_slices=42/64 finished_states=2688/4096 resumed_slices=0 elapsed_seconds=16.2
LAYER0_PROGRESS slice=43/64 states=[2688,2752) segments=0..=0 finished_slices=43/64 finished_states=2752/4096 resumed_slices=0 elapsed_seconds=17.3
LAYER0_PROGRESS slice=44/64 states=[2752,2816) segments=0..=0 finished_slices=44/64 finished_states=2816/4096 resumed_slices=0 elapsed_seconds=17.3
LAYER0_PROGRESS slice=45/64 states=[2816,2880) segments=0..=0 finished_slices=45/64 finished_states=2880/4096 resumed_slices=0 elapsed_seconds=17.4
LAYER0_PROGRESS slice=46/64 states=[2880,2944) segments=0..=0 finished_slices=46/64 finished_states=2944/4096 resumed_slices=0 elapsed_seconds=18.5
LAYER0_PROGRESS slice=47/64 states=[2944,3008) segments=0..=0 finished_slices=47/64 finished_states=3008/4096 resumed_slices=0 elapsed_seconds=18.5
LAYER0_PROGRESS slice=48/64 states=[3008,3072) segments=0..=0 finished_slices=48/64 finished_states=3072/4096 resumed_slices=0 elapsed_seconds=18.6
LAYER0_PROGRESS slice=49/64 states=[3072,3136) segments=0..=0 finished_slices=49/64 finished_states=3136/4096 resumed_slices=0 elapsed_seconds=19.7
LAYER0_PROGRESS slice=50/64 states=[3136,3200) segments=0..=0 finished_slices=50/64 finished_states=3200/4096 resumed_slices=0 elapsed_seconds=19.7
LAYER0_PROGRESS slice=51/64 states=[3200,3264) segments=0..=0 finished_slices=51/64 finished_states=3264/4096 resumed_slices=0 elapsed_seconds=19.7
LAYER0_PROGRESS slice=52/64 states=[3264,3328) segments=0..=0 finished_slices=52/64 finished_states=3328/4096 resumed_slices=0 elapsed_seconds=20.8
LAYER0_PROGRESS slice=53/64 states=[3328,3392) segments=0..=0 finished_slices=53/64 finished_states=3392/4096 resumed_slices=0 elapsed_seconds=20.8
LAYER0_PROGRESS slice=54/64 states=[3392,3456) segments=0..=0 finished_slices=54/64 finished_states=3456/4096 resumed_slices=0 elapsed_seconds=20.9
LAYER0_PROGRESS slice=55/64 states=[3456,3520) segments=0..=0 finished_slices=55/64 finished_states=3520/4096 resumed_slices=0 elapsed_seconds=22.0
LAYER0_PROGRESS slice=56/64 states=[3520,3584) segments=0..=0 finished_slices=56/64 finished_states=3584/4096 resumed_slices=0 elapsed_seconds=22.0
LAYER0_PROGRESS slice=57/64 states=[3584,3648) segments=0..=0 finished_slices=57/64 finished_states=3648/4096 resumed_slices=0 elapsed_seconds=22.0
LAYER0_PROGRESS slice=58/64 states=[3648,3712) segments=0..=0 finished_slices=58/64 finished_states=3712/4096 resumed_slices=0 elapsed_seconds=23.1
LAYER0_PROGRESS slice=59/64 states=[3712,3776) segments=0..=0 finished_slices=59/64 finished_states=3776/4096 resumed_slices=0 elapsed_seconds=23.1
LAYER0_PROGRESS slice=60/64 states=[3776,3840) segments=0..=0 finished_slices=60/64 finished_states=3840/4096 resumed_slices=0 elapsed_seconds=23.2
LAYER0_PROGRESS slice=62/64 states=[3904,3968) segments=0..=0 finished_slices=61/64 finished_states=3904/4096 resumed_slices=0 elapsed_seconds=24.3
LAYER0_PROGRESS slice=61/64 states=[3840,3904) segments=0..=0 finished_slices=62/64 finished_states=3968/4096 resumed_slices=0 elapsed_seconds=24.3
LAYER0_PROGRESS slice=63/64 states=[3968,4032) segments=0..=0 finished_slices=63/64 finished_states=4032/4096 resumed_slices=0 elapsed_seconds=24.3
LAYER0_PROGRESS slice=64/64 states=[4032,4096) segments=0..=all_persisted finished_slices=64/64 finished_states=4096/4096 resumed_slices=0 elapsed_seconds=25.4
LAYER0_FINDINGS signatures=0 red_states=0 states=4096
LAYER0_PARALLEL_FINISHED states=4096 slices=64 worker_threads=3 configured_worker_threads=3 worker_threads_source=environment_variable resumed_slices=0 freshly_run_slices=64 progress_file_after_completion=none elapsed_seconds=25.4
SWEEP seed=3 entry=rollback fault=Some((Barrier, 2)) fired=Some((Barrier, 2, 1, 0)) outcome=Err Publish(PublishSequenceFailed { cause: BlockDevice(InputOutput(Custom { kind: Other, error: "注入的屏障错" })), writes_before_the_first_publish: WritesByStructureKind { counted: {} }, writes_of_persiste writes_before=12 writes_after=0 frozen=true resend=Ok checker=0 first=None read=FileRead root=Some((InstanceGeneration(2), CheckpointTxg(11))) content_ok=true remount=Ok checker_after_remount=0 first_after=None enum=states=4096 seconds=25.4 closed=4096 exact=4096 oracle=0 ignored=0 root_without_record=0 missing_unit=0 checker_red_states=0 first=None first_checker=None
LAYER0_PARALLEL_START states=4099 slices=64 states_per_slice=65 worker_threads=3 configured_worker_threads=3 worker_threads_source=environment_variable resumed_slices=0 freshly_run_slices=64
LAYER0_PROGRESS slice=1/64 states=[0,65) segments=0..=0 finished_slices=1/64 finished_states=65/4099 resumed_slices=0 elapsed_seconds=1.1
LAYER0_PROGRESS slice=3/64 states=[130,195) segments=0..=0 finished_slices=2/64 finished_states=130/4099 resumed_slices=0 elapsed_seconds=1.1
LAYER0_PROGRESS slice=2/64 states=[65,130) segments=0..=0 finished_slices=3/64 finished_states=195/4099 resumed_slices=0 elapsed_seconds=1.1
LAYER0_PROGRESS slice=4/64 states=[195,260) segments=0..=0 finished_slices=4/64 finished_states=260/4099 resumed_slices=0 elapsed_seconds=2.3
LAYER0_PROGRESS slice=5/64 states=[260,325) segments=0..=0 finished_slices=5/64 finished_states=325/4099 resumed_slices=0 elapsed_seconds=2.3
LAYER0_PROGRESS slice=6/64 states=[325,390) segments=0..=0 finished_slices=6/64 finished_states=390/4099 resumed_slices=0 elapsed_seconds=2.3
LAYER0_PROGRESS slice=7/64 states=[390,455) segments=0..=0 finished_slices=7/64 finished_states=455/4099 resumed_slices=0 elapsed_seconds=3.4
LAYER0_PROGRESS slice=9/64 states=[520,585) segments=0..=0 finished_slices=8/64 finished_states=520/4099 resumed_slices=0 elapsed_seconds=3.4
LAYER0_PROGRESS slice=8/64 states=[455,520) segments=0..=0 finished_slices=9/64 finished_states=585/4099 resumed_slices=0 elapsed_seconds=3.4
LAYER0_PROGRESS slice=10/64 states=[585,650) segments=0..=0 finished_slices=10/64 finished_states=650/4099 resumed_slices=0 elapsed_seconds=4.6
LAYER0_PROGRESS slice=12/64 states=[715,780) segments=0..=0 finished_slices=11/64 finished_states=715/4099 resumed_slices=0 elapsed_seconds=4.6
LAYER0_PROGRESS slice=11/64 states=[650,715) segments=0..=0 finished_slices=12/64 finished_states=780/4099 resumed_slices=0 elapsed_seconds=4.6
LAYER0_PROGRESS slice=13/64 states=[780,845) segments=0..=0 finished_slices=13/64 finished_states=845/4099 resumed_slices=0 elapsed_seconds=5.7
LAYER0_PROGRESS slice=15/64 states=[910,975) segments=0..=0 finished_slices=14/64 finished_states=910/4099 resumed_slices=0 elapsed_seconds=5.7
LAYER0_PROGRESS slice=14/64 states=[845,910) segments=0..=0 finished_slices=15/64 finished_states=975/4099 resumed_slices=0 elapsed_seconds=5.8
LAYER0_PROGRESS slice=16/64 states=[975,1040) segments=0..=0 finished_slices=16/64 finished_states=1040/4099 resumed_slices=0 elapsed_seconds=6.9
LAYER0_PROGRESS slice=17/64 states=[1040,1105) segments=0..=0 finished_slices=17/64 finished_states=1105/4099 resumed_slices=0 elapsed_seconds=6.9
LAYER0_PROGRESS slice=18/64 states=[1105,1170) segments=0..=0 finished_slices=18/64 finished_states=1170/4099 resumed_slices=0 elapsed_seconds=6.9
LAYER0_PROGRESS slice=19/64 states=[1170,1235) segments=0..=0 finished_slices=19/64 finished_states=1235/4099 resumed_slices=0 elapsed_seconds=8.0
LAYER0_PROGRESS slice=20/64 states=[1235,1300) segments=0..=0 finished_slices=20/64 finished_states=1300/4099 resumed_slices=0 elapsed_seconds=8.1
LAYER0_PROGRESS slice=21/64 states=[1300,1365) segments=0..=0 finished_slices=21/64 finished_states=1365/4099 resumed_slices=0 elapsed_seconds=8.1
LAYER0_PROGRESS slice=22/64 states=[1365,1430) segments=0..=0 finished_slices=22/64 finished_states=1430/4099 resumed_slices=0 elapsed_seconds=9.2
LAYER0_PROGRESS slice=23/64 states=[1430,1495) segments=0..=0 finished_slices=23/64 finished_states=1495/4099 resumed_slices=0 elapsed_seconds=9.2
LAYER0_PROGRESS slice=24/64 states=[1495,1560) segments=0..=0 finished_slices=24/64 finished_states=1560/4099 resumed_slices=0 elapsed_seconds=9.3
LAYER0_PROGRESS slice=25/64 states=[1560,1625) segments=0..=0 finished_slices=25/64 finished_states=1625/4099 resumed_slices=0 elapsed_seconds=10.4
LAYER0_PROGRESS slice=26/64 states=[1625,1690) segments=0..=0 finished_slices=26/64 finished_states=1690/4099 resumed_slices=0 elapsed_seconds=10.4
LAYER0_PROGRESS slice=27/64 states=[1690,1755) segments=0..=0 finished_slices=27/64 finished_states=1755/4099 resumed_slices=0 elapsed_seconds=10.4
LAYER0_PROGRESS slice=28/64 states=[1755,1820) segments=0..=0 finished_slices=28/64 finished_states=1820/4099 resumed_slices=0 elapsed_seconds=11.5
LAYER0_PROGRESS slice=29/64 states=[1820,1885) segments=0..=0 finished_slices=29/64 finished_states=1885/4099 resumed_slices=0 elapsed_seconds=11.5
LAYER0_PROGRESS slice=30/64 states=[1885,1950) segments=0..=0 finished_slices=30/64 finished_states=1950/4099 resumed_slices=0 elapsed_seconds=11.6
LAYER0_PROGRESS slice=31/64 states=[1950,2015) segments=0..=0 finished_slices=31/64 finished_states=2015/4099 resumed_slices=0 elapsed_seconds=12.7
LAYER0_PROGRESS slice=32/64 states=[2015,2080) segments=0..=0 finished_slices=32/64 finished_states=2080/4099 resumed_slices=0 elapsed_seconds=12.7
LAYER0_PROGRESS slice=33/64 states=[2080,2145) segments=0..=0 finished_slices=33/64 finished_states=2145/4099 resumed_slices=0 elapsed_seconds=12.8
LAYER0_PROGRESS slice=34/64 states=[2145,2210) segments=0..=0 finished_slices=34/64 finished_states=2210/4099 resumed_slices=0 elapsed_seconds=13.8
LAYER0_PROGRESS slice=35/64 states=[2210,2275) segments=0..=0 finished_slices=35/64 finished_states=2275/4099 resumed_slices=0 elapsed_seconds=13.9
LAYER0_PROGRESS slice=36/64 states=[2275,2340) segments=0..=0 finished_slices=36/64 finished_states=2340/4099 resumed_slices=0 elapsed_seconds=13.9
LAYER0_PROGRESS slice=37/64 states=[2340,2405) segments=0..=0 finished_slices=37/64 finished_states=2405/4099 resumed_slices=0 elapsed_seconds=15.0
LAYER0_PROGRESS slice=38/64 states=[2405,2470) segments=0..=0 finished_slices=38/64 finished_states=2470/4099 resumed_slices=0 elapsed_seconds=15.0
LAYER0_PROGRESS slice=39/64 states=[2470,2535) segments=0..=0 finished_slices=39/64 finished_states=2535/4099 resumed_slices=0 elapsed_seconds=15.1
LAYER0_PROGRESS slice=40/64 states=[2535,2600) segments=0..=0 finished_slices=40/64 finished_states=2600/4099 resumed_slices=0 elapsed_seconds=16.1
LAYER0_PROGRESS slice=41/64 states=[2600,2665) segments=0..=0 finished_slices=41/64 finished_states=2665/4099 resumed_slices=0 elapsed_seconds=16.1
LAYER0_PROGRESS slice=42/64 states=[2665,2730) segments=0..=0 finished_slices=42/64 finished_states=2730/4099 resumed_slices=0 elapsed_seconds=16.2
LAYER0_PROGRESS slice=43/64 states=[2730,2795) segments=0..=0 finished_slices=43/64 finished_states=2795/4099 resumed_slices=0 elapsed_seconds=17.3
LAYER0_PROGRESS slice=44/64 states=[2795,2860) segments=0..=0 finished_slices=44/64 finished_states=2860/4099 resumed_slices=0 elapsed_seconds=17.3
LAYER0_PROGRESS slice=45/64 states=[2860,2925) segments=0..=0 finished_slices=45/64 finished_states=2925/4099 resumed_slices=0 elapsed_seconds=17.4
LAYER0_PROGRESS slice=46/64 states=[2925,2990) segments=0..=0 finished_slices=46/64 finished_states=2990/4099 resumed_slices=0 elapsed_seconds=18.4
LAYER0_PROGRESS slice=47/64 states=[2990,3055) segments=0..=0 finished_slices=47/64 finished_states=3055/4099 resumed_slices=0 elapsed_seconds=18.5
LAYER0_PROGRESS slice=48/64 states=[3055,3120) segments=0..=0 finished_slices=48/64 finished_states=3120/4099 resumed_slices=0 elapsed_seconds=18.5
LAYER0_PROGRESS slice=49/64 states=[3120,3185) segments=0..=0 finished_slices=49/64 finished_states=3185/4099 resumed_slices=0 elapsed_seconds=19.6
LAYER0_PROGRESS slice=50/64 states=[3185,3250) segments=0..=0 finished_slices=50/64 finished_states=3250/4099 resumed_slices=0 elapsed_seconds=19.6
LAYER0_PROGRESS slice=51/64 states=[3250,3315) segments=0..=0 finished_slices=51/64 finished_states=3315/4099 resumed_slices=0 elapsed_seconds=19.7
LAYER0_PROGRESS slice=52/64 states=[3315,3380) segments=0..=0 finished_slices=52/64 finished_states=3380/4099 resumed_slices=0 elapsed_seconds=20.8
LAYER0_PROGRESS slice=53/64 states=[3380,3445) segments=0..=0 finished_slices=53/64 finished_states=3445/4099 resumed_slices=0 elapsed_seconds=20.8
LAYER0_PROGRESS slice=54/64 states=[3445,3510) segments=0..=0 finished_slices=54/64 finished_states=3510/4099 resumed_slices=0 elapsed_seconds=20.9
LAYER0_PROGRESS slice=55/64 states=[3510,3575) segments=0..=0 finished_slices=55/64 finished_states=3575/4099 resumed_slices=0 elapsed_seconds=21.9
LAYER0_PROGRESS slice=56/64 states=[3575,3640) segments=0..=0 finished_slices=56/64 finished_states=3640/4099 resumed_slices=0 elapsed_seconds=21.9
LAYER0_PROGRESS slice=57/64 states=[3640,3705) segments=0..=0 finished_slices=57/64 finished_states=3705/4099 resumed_slices=0 elapsed_seconds=22.0
LAYER0_PROGRESS slice=58/64 states=[3705,3770) segments=0..=0 finished_slices=58/64 finished_states=3770/4099 resumed_slices=0 elapsed_seconds=23.1
LAYER0_PROGRESS slice=59/64 states=[3770,3835) segments=0..=0 finished_slices=59/64 finished_states=3835/4099 resumed_slices=0 elapsed_seconds=23.1
LAYER0_PROGRESS slice=60/64 states=[3835,3900) segments=0..=0 finished_slices=60/64 finished_states=3900/4099 resumed_slices=0 elapsed_seconds=23.2
LAYER0_PROGRESS slice=61/64 states=[3900,3965) segments=0..=0 finished_slices=61/64 finished_states=3965/4099 resumed_slices=0 elapsed_seconds=24.2
LAYER0_PROGRESS slice=62/64 states=[3965,4030) segments=0..=0 finished_slices=62/64 finished_states=4030/4099 resumed_slices=0 elapsed_seconds=24.3
LAYER0_PROGRESS slice=64/64 states=[4095,4099) segments=1..=all_persisted finished_slices=63/64 finished_states=4034/4099 resumed_slices=0 elapsed_seconds=24.3
LAYER0_PROGRESS slice=63/64 states=[4030,4095) segments=0..=0 finished_slices=64/64 finished_states=4099/4099 resumed_slices=0 elapsed_seconds=24.3
LAYER0_FINDINGS signatures=0 red_states=0 states=4099
LAYER0_PARALLEL_FINISHED states=4099 slices=64 worker_threads=3 configured_worker_threads=3 worker_threads_source=environment_variable resumed_slices=0 freshly_run_slices=64 progress_file_after_completion=none elapsed_seconds=24.3
SWEEP seed=3 entry=rollback fault=Some((Barrier, 3)) fired=Some((Barrier, 3, 0, 0)) outcome=Err Publish(PublishSequenceFailed { cause: BlockDevice(InputOutput(Custom { kind: Other, error: "注入的屏障错" })), writes_before_the_first_publish: WritesByStructureKind { counted: {} }, writes_of_persiste writes_before=14 writes_after=0 frozen=true resend=Ok checker=0 first=None read=FileRead root=Some((InstanceGeneration(2), CheckpointTxg(11))) content_ok=true remount=Ok checker_after_remount=0 first_after=None enum=states=4099 seconds=24.3 closed=4099 exact=4099 oracle=0 ignored=0 root_without_record=0 missing_unit=0 checker_red_states=0 first=None first_checker=None
LAYER0_PARALLEL_START states=4099 slices=64 states_per_slice=65 worker_threads=3 configured_worker_threads=3 worker_threads_source=environment_variable resumed_slices=0 freshly_run_slices=64
LAYER0_PROGRESS slice=3/64 states=[130,195) segments=0..=0 finished_slices=1/64 finished_states=65/4099 resumed_slices=0 elapsed_seconds=1.1
LAYER0_PROGRESS slice=2/64 states=[65,130) segments=0..=0 finished_slices=2/64 finished_states=130/4099 resumed_slices=0 elapsed_seconds=1.1
LAYER0_PROGRESS slice=1/64 states=[0,65) segments=0..=0 finished_slices=3/64 finished_states=195/4099 resumed_slices=0 elapsed_seconds=1.2
LAYER0_PROGRESS slice=4/64 states=[195,260) segments=0..=0 finished_slices=4/64 finished_states=260/4099 resumed_slices=0 elapsed_seconds=2.3
LAYER0_PROGRESS slice=5/64 states=[260,325) segments=0..=0 finished_slices=5/64 finished_states=325/4099 resumed_slices=0 elapsed_seconds=2.3
LAYER0_PROGRESS slice=6/64 states=[325,390) segments=0..=0 finished_slices=6/64 finished_states=390/4099 resumed_slices=0 elapsed_seconds=2.3
LAYER0_PROGRESS slice=7/64 states=[390,455) segments=0..=0 finished_slices=7/64 finished_states=455/4099 resumed_slices=0 elapsed_seconds=3.5
LAYER0_PROGRESS slice=8/64 states=[455,520) segments=0..=0 finished_slices=8/64 finished_states=520/4099 resumed_slices=0 elapsed_seconds=3.5
LAYER0_PROGRESS slice=9/64 states=[520,585) segments=0..=0 finished_slices=9/64 finished_states=585/4099 resumed_slices=0 elapsed_seconds=3.5
LAYER0_PROGRESS slice=10/64 states=[585,650) segments=0..=0 finished_slices=10/64 finished_states=650/4099 resumed_slices=0 elapsed_seconds=4.7
LAYER0_PROGRESS slice=11/64 states=[650,715) segments=0..=0 finished_slices=11/64 finished_states=715/4099 resumed_slices=0 elapsed_seconds=4.7
LAYER0_PROGRESS slice=12/64 states=[715,780) segments=0..=0 finished_slices=12/64 finished_states=780/4099 resumed_slices=0 elapsed_seconds=4.7
LAYER0_PROGRESS slice=13/64 states=[780,845) segments=0..=0 finished_slices=13/64 finished_states=845/4099 resumed_slices=0 elapsed_seconds=5.9
LAYER0_PROGRESS slice=14/64 states=[845,910) segments=0..=0 finished_slices=14/64 finished_states=910/4099 resumed_slices=0 elapsed_seconds=5.9
LAYER0_PROGRESS slice=15/64 states=[910,975) segments=0..=0 finished_slices=15/64 finished_states=975/4099 resumed_slices=0 elapsed_seconds=5.9
LAYER0_PROGRESS slice=16/64 states=[975,1040) segments=0..=0 finished_slices=16/64 finished_states=1040/4099 resumed_slices=0 elapsed_seconds=7.0
LAYER0_PROGRESS slice=17/64 states=[1040,1105) segments=0..=0 finished_slices=17/64 finished_states=1105/4099 resumed_slices=0 elapsed_seconds=7.0
LAYER0_PROGRESS slice=18/64 states=[1105,1170) segments=0..=0 finished_slices=18/64 finished_states=1170/4099 resumed_slices=0 elapsed_seconds=7.0
LAYER0_PROGRESS slice=19/64 states=[1170,1235) segments=0..=0 finished_slices=19/64 finished_states=1235/4099 resumed_slices=0 elapsed_seconds=8.2
LAYER0_PROGRESS slice=21/64 states=[1300,1365) segments=0..=0 finished_slices=20/64 finished_states=1300/4099 resumed_slices=0 elapsed_seconds=8.2
LAYER0_PROGRESS slice=20/64 states=[1235,1300) segments=0..=0 finished_slices=21/64 finished_states=1365/4099 resumed_slices=0 elapsed_seconds=8.2
LAYER0_PROGRESS slice=22/64 states=[1365,1430) segments=0..=0 finished_slices=22/64 finished_states=1430/4099 resumed_slices=0 elapsed_seconds=9.4
LAYER0_PROGRESS slice=23/64 states=[1430,1495) segments=0..=0 finished_slices=23/64 finished_states=1495/4099 resumed_slices=0 elapsed_seconds=9.4
LAYER0_PROGRESS slice=24/64 states=[1495,1560) segments=0..=0 finished_slices=24/64 finished_states=1560/4099 resumed_slices=0 elapsed_seconds=9.4
LAYER0_PROGRESS slice=25/64 states=[1560,1625) segments=0..=0 finished_slices=25/64 finished_states=1625/4099 resumed_slices=0 elapsed_seconds=10.5
LAYER0_PROGRESS slice=26/64 states=[1625,1690) segments=0..=0 finished_slices=26/64 finished_states=1690/4099 resumed_slices=0 elapsed_seconds=10.5
LAYER0_PROGRESS slice=27/64 states=[1690,1755) segments=0..=0 finished_slices=27/64 finished_states=1755/4099 resumed_slices=0 elapsed_seconds=10.5
LAYER0_PROGRESS slice=28/64 states=[1755,1820) segments=0..=0 finished_slices=28/64 finished_states=1820/4099 resumed_slices=0 elapsed_seconds=11.7
LAYER0_PROGRESS slice=29/64 states=[1820,1885) segments=0..=0 finished_slices=29/64 finished_states=1885/4099 resumed_slices=0 elapsed_seconds=11.7
LAYER0_PROGRESS slice=30/64 states=[1885,1950) segments=0..=0 finished_slices=30/64 finished_states=1950/4099 resumed_slices=0 elapsed_seconds=11.7
LAYER0_PROGRESS slice=31/64 states=[1950,2015) segments=0..=0 finished_slices=31/64 finished_states=2015/4099 resumed_slices=0 elapsed_seconds=12.9
LAYER0_PROGRESS slice=32/64 states=[2015,2080) segments=0..=0 finished_slices=32/64 finished_states=2080/4099 resumed_slices=0 elapsed_seconds=12.9
LAYER0_PROGRESS slice=33/64 states=[2080,2145) segments=0..=0 finished_slices=33/64 finished_states=2145/4099 resumed_slices=0 elapsed_seconds=12.9
LAYER0_PROGRESS slice=34/64 states=[2145,2210) segments=0..=0 finished_slices=34/64 finished_states=2210/4099 resumed_slices=0 elapsed_seconds=14.1
LAYER0_PROGRESS slice=35/64 states=[2210,2275) segments=0..=0 finished_slices=35/64 finished_states=2275/4099 resumed_slices=0 elapsed_seconds=14.1
LAYER0_PROGRESS slice=36/64 states=[2275,2340) segments=0..=0 finished_slices=36/64 finished_states=2340/4099 resumed_slices=0 elapsed_seconds=14.1
LAYER0_PROGRESS slice=37/64 states=[2340,2405) segments=0..=0 finished_slices=37/64 finished_states=2405/4099 resumed_slices=0 elapsed_seconds=15.3
LAYER0_PROGRESS slice=38/64 states=[2405,2470) segments=0..=0 finished_slices=38/64 finished_states=2470/4099 resumed_slices=0 elapsed_seconds=15.3
LAYER0_PROGRESS slice=39/64 states=[2470,2535) segments=0..=0 finished_slices=39/64 finished_states=2535/4099 resumed_slices=0 elapsed_seconds=15.3
LAYER0_PROGRESS slice=41/64 states=[2600,2665) segments=0..=0 finished_slices=40/64 finished_states=2600/4099 resumed_slices=0 elapsed_seconds=16.4
LAYER0_PROGRESS slice=40/64 states=[2535,2600) segments=0..=0 finished_slices=41/64 finished_states=2665/4099 resumed_slices=0 elapsed_seconds=16.4
LAYER0_PROGRESS slice=42/64 states=[2665,2730) segments=0..=0 finished_slices=42/64 finished_states=2730/4099 resumed_slices=0 elapsed_seconds=16.4
LAYER0_PROGRESS slice=43/64 states=[2730,2795) segments=0..=0 finished_slices=43/64 finished_states=2795/4099 resumed_slices=0 elapsed_seconds=17.6
LAYER0_PROGRESS slice=44/64 states=[2795,2860) segments=0..=0 finished_slices=44/64 finished_states=2860/4099 resumed_slices=0 elapsed_seconds=17.6
LAYER0_PROGRESS slice=45/64 states=[2860,2925) segments=0..=0 finished_slices=45/64 finished_states=2925/4099 resumed_slices=0 elapsed_seconds=17.6
LAYER0_PROGRESS slice=46/64 states=[2925,2990) segments=0..=0 finished_slices=46/64 finished_states=2990/4099 resumed_slices=0 elapsed_seconds=18.8
LAYER0_PROGRESS slice=47/64 states=[2990,3055) segments=0..=0 finished_slices=47/64 finished_states=3055/4099 resumed_slices=0 elapsed_seconds=18.8
LAYER0_PROGRESS slice=48/64 states=[3055,3120) segments=0..=0 finished_slices=48/64 finished_states=3120/4099 resumed_slices=0 elapsed_seconds=18.8
LAYER0_PROGRESS slice=49/64 states=[3120,3185) segments=0..=0 finished_slices=49/64 finished_states=3185/4099 resumed_slices=0 elapsed_seconds=20.0
LAYER0_PROGRESS slice=50/64 states=[3185,3250) segments=0..=0 finished_slices=50/64 finished_states=3250/4099 resumed_slices=0 elapsed_seconds=20.0
LAYER0_PROGRESS slice=51/64 states=[3250,3315) segments=0..=0 finished_slices=51/64 finished_states=3315/4099 resumed_slices=0 elapsed_seconds=20.0
LAYER0_PROGRESS slice=53/64 states=[3380,3445) segments=0..=0 finished_slices=52/64 finished_states=3380/4099 resumed_slices=0 elapsed_seconds=21.1
LAYER0_PROGRESS slice=52/64 states=[3315,3380) segments=0..=0 finished_slices=53/64 finished_states=3445/4099 resumed_slices=0 elapsed_seconds=21.1
LAYER0_PROGRESS slice=54/64 states=[3445,3510) segments=0..=0 finished_slices=54/64 finished_states=3510/4099 resumed_slices=0 elapsed_seconds=21.2
LAYER0_PROGRESS slice=55/64 states=[3510,3575) segments=0..=0 finished_slices=55/64 finished_states=3575/4099 resumed_slices=0 elapsed_seconds=22.3
LAYER0_PROGRESS slice=56/64 states=[3575,3640) segments=0..=0 finished_slices=56/64 finished_states=3640/4099 resumed_slices=0 elapsed_seconds=22.3
LAYER0_PROGRESS slice=57/64 states=[3640,3705) segments=0..=0 finished_slices=57/64 finished_states=3705/4099 resumed_slices=0 elapsed_seconds=22.3
LAYER0_PROGRESS slice=58/64 states=[3705,3770) segments=0..=0 finished_slices=58/64 finished_states=3770/4099 resumed_slices=0 elapsed_seconds=23.5
LAYER0_PROGRESS slice=59/64 states=[3770,3835) segments=0..=0 finished_slices=59/64 finished_states=3835/4099 resumed_slices=0 elapsed_seconds=23.5
LAYER0_PROGRESS slice=60/64 states=[3835,3900) segments=0..=0 finished_slices=60/64 finished_states=3900/4099 resumed_slices=0 elapsed_seconds=23.5
LAYER0_PROGRESS slice=62/64 states=[3965,4030) segments=0..=0 finished_slices=61/64 finished_states=3965/4099 resumed_slices=0 elapsed_seconds=24.7
LAYER0_PROGRESS slice=61/64 states=[3900,3965) segments=0..=0 finished_slices=62/64 finished_states=4030/4099 resumed_slices=0 elapsed_seconds=24.7
LAYER0_PROGRESS slice=63/64 states=[4030,4095) segments=0..=0 finished_slices=63/64 finished_states=4095/4099 resumed_slices=0 elapsed_seconds=24.7
LAYER0_PROGRESS slice=64/64 states=[4095,4099) segments=1..=all_persisted finished_slices=64/64 finished_states=4099/4099 resumed_slices=0 elapsed_seconds=24.8
LAYER0_FINDINGS signatures=0 red_states=0 states=4099
LAYER0_PARALLEL_FINISHED states=4099 slices=64 worker_threads=3 configured_worker_threads=3 worker_threads_source=environment_variable resumed_slices=0 freshly_run_slices=64 progress_file_after_completion=none elapsed_seconds=24.8
SWEEP seed=3 entry=rollback fault=Some((Barrier, 4)) fired=Some((Barrier, 4, 1, 0)) outcome=Err Publish(PublishSequenceFailed { cause: BlockDevice(InputOutput(Custom { kind: Other, error: "注入的屏障错" })), writes_before_the_first_publish: WritesByStructureKind { counted: {} }, writes_of_persiste writes_before=14 writes_after=0 frozen=true resend=Ok checker=0 first=None read=FileRead root=Some((InstanceGeneration(2), CheckpointTxg(11))) content_ok=true remount=Ok checker_after_remount=0 first_after=None enum=states=4099 seconds=24.8 closed=4099 exact=4099 oracle=0 ignored=0 root_without_record=0 missing_unit=0 checker_red_states=0 first=None first_checker=None
LAYER0_PARALLEL_START states=4108 slices=64 states_per_slice=65 worker_threads=3 configured_worker_threads=3 worker_threads_source=environment_variable resumed_slices=0 freshly_run_slices=64
LAYER0_PROGRESS slice=1/64 states=[0,65) segments=0..=0 finished_slices=1/64 finished_states=65/4108 resumed_slices=0 elapsed_seconds=1.2
LAYER0_PROGRESS slice=3/64 states=[130,195) segments=0..=0 finished_slices=2/64 finished_states=130/4108 resumed_slices=0 elapsed_seconds=1.2
LAYER0_PROGRESS slice=2/64 states=[65,130) segments=0..=0 finished_slices=3/64 finished_states=195/4108 resumed_slices=0 elapsed_seconds=1.2
LAYER0_PROGRESS slice=5/64 states=[260,325) segments=0..=0 finished_slices=4/64 finished_states=260/4108 resumed_slices=0 elapsed_seconds=2.3
LAYER0_PROGRESS slice=6/64 states=[325,390) segments=0..=0 finished_slices=5/64 finished_states=325/4108 resumed_slices=0 elapsed_seconds=2.3
LAYER0_PROGRESS slice=4/64 states=[195,260) segments=0..=0 finished_slices=6/64 finished_states=390/4108 resumed_slices=0 elapsed_seconds=2.3
LAYER0_PROGRESS slice=8/64 states=[455,520) segments=0..=0 finished_slices=7/64 finished_states=455/4108 resumed_slices=0 elapsed_seconds=3.5
LAYER0_PROGRESS slice=9/64 states=[520,585) segments=0..=0 finished_slices=8/64 finished_states=520/4108 resumed_slices=0 elapsed_seconds=3.5
LAYER0_PROGRESS slice=7/64 states=[390,455) segments=0..=0 finished_slices=9/64 finished_states=585/4108 resumed_slices=0 elapsed_seconds=3.5
LAYER0_PROGRESS slice=11/64 states=[650,715) segments=0..=0 finished_slices=10/64 finished_states=650/4108 resumed_slices=0 elapsed_seconds=4.7
LAYER0_PROGRESS slice=10/64 states=[585,650) segments=0..=0 finished_slices=11/64 finished_states=715/4108 resumed_slices=0 elapsed_seconds=4.7
LAYER0_PROGRESS slice=12/64 states=[715,780) segments=0..=0 finished_slices=12/64 finished_states=780/4108 resumed_slices=0 elapsed_seconds=4.7
LAYER0_PROGRESS slice=14/64 states=[845,910) segments=0..=0 finished_slices=13/64 finished_states=845/4108 resumed_slices=0 elapsed_seconds=5.9
LAYER0_PROGRESS slice=15/64 states=[910,975) segments=0..=0 finished_slices=14/64 finished_states=910/4108 resumed_slices=0 elapsed_seconds=5.9
LAYER0_PROGRESS slice=13/64 states=[780,845) segments=0..=0 finished_slices=15/64 finished_states=975/4108 resumed_slices=0 elapsed_seconds=5.9
LAYER0_PROGRESS slice=17/64 states=[1040,1105) segments=0..=0 finished_slices=16/64 finished_states=1040/4108 resumed_slices=0 elapsed_seconds=7.1
LAYER0_PROGRESS slice=16/64 states=[975,1040) segments=0..=0 finished_slices=17/64 finished_states=1105/4108 resumed_slices=0 elapsed_seconds=7.1
LAYER0_PROGRESS slice=18/64 states=[1105,1170) segments=0..=0 finished_slices=18/64 finished_states=1170/4108 resumed_slices=0 elapsed_seconds=7.1
LAYER0_PROGRESS slice=19/64 states=[1170,1235) segments=0..=0 finished_slices=19/64 finished_states=1235/4108 resumed_slices=0 elapsed_seconds=8.2
LAYER0_PROGRESS slice=20/64 states=[1235,1300) segments=0..=0 finished_slices=20/64 finished_states=1300/4108 resumed_slices=0 elapsed_seconds=8.2
LAYER0_PROGRESS slice=21/64 states=[1300,1365) segments=0..=0 finished_slices=21/64 finished_states=1365/4108 resumed_slices=0 elapsed_seconds=8.2
LAYER0_PROGRESS slice=22/64 states=[1365,1430) segments=0..=0 finished_slices=22/64 finished_states=1430/4108 resumed_slices=0 elapsed_seconds=9.4
LAYER0_PROGRESS slice=23/64 states=[1430,1495) segments=0..=0 finished_slices=23/64 finished_states=1495/4108 resumed_slices=0 elapsed_seconds=9.4
LAYER0_PROGRESS slice=24/64 states=[1495,1560) segments=0..=0 finished_slices=24/64 finished_states=1560/4108 resumed_slices=0 elapsed_seconds=9.4
LAYER0_PROGRESS slice=27/64 states=[1690,1755) segments=0..=0 finished_slices=25/64 finished_states=1625/4108 resumed_slices=0 elapsed_seconds=10.6
LAYER0_PROGRESS slice=25/64 states=[1560,1625) segments=0..=0 finished_slices=26/64 finished_states=1690/4108 resumed_slices=0 elapsed_seconds=10.6
LAYER0_PROGRESS slice=26/64 states=[1625,1690) segments=0..=0 finished_slices=27/64 finished_states=1755/4108 resumed_slices=0 elapsed_seconds=10.6
LAYER0_PROGRESS slice=30/64 states=[1885,1950) segments=0..=0 finished_slices=28/64 finished_states=1820/4108 resumed_slices=0 elapsed_seconds=11.8
LAYER0_PROGRESS slice=28/64 states=[1755,1820) segments=0..=0 finished_slices=29/64 finished_states=1885/4108 resumed_slices=0 elapsed_seconds=11.8
LAYER0_PROGRESS slice=29/64 states=[1820,1885) segments=0..=0 finished_slices=30/64 finished_states=1950/4108 resumed_slices=0 elapsed_seconds=11.8
LAYER0_PROGRESS slice=33/64 states=[2080,2145) segments=0..=0 finished_slices=31/64 finished_states=2015/4108 resumed_slices=0 elapsed_seconds=12.9
LAYER0_PROGRESS slice=31/64 states=[1950,2015) segments=0..=0 finished_slices=32/64 finished_states=2080/4108 resumed_slices=0 elapsed_seconds=12.9
LAYER0_PROGRESS slice=32/64 states=[2015,2080) segments=0..=0 finished_slices=33/64 finished_states=2145/4108 resumed_slices=0 elapsed_seconds=12.9
LAYER0_PROGRESS slice=35/64 states=[2210,2275) segments=0..=0 finished_slices=34/64 finished_states=2210/4108 resumed_slices=0 elapsed_seconds=14.1
LAYER0_PROGRESS slice=36/64 states=[2275,2340) segments=0..=0 finished_slices=35/64 finished_states=2275/4108 resumed_slices=0 elapsed_seconds=14.1
LAYER0_PROGRESS slice=34/64 states=[2145,2210) segments=0..=0 finished_slices=36/64 finished_states=2340/4108 resumed_slices=0 elapsed_seconds=14.1
LAYER0_PROGRESS slice=38/64 states=[2405,2470) segments=0..=0 finished_slices=37/64 finished_states=2405/4108 resumed_slices=0 elapsed_seconds=15.3
LAYER0_PROGRESS slice=37/64 states=[2340,2405) segments=0..=0 finished_slices=38/64 finished_states=2470/4108 resumed_slices=0 elapsed_seconds=15.3
LAYER0_PROGRESS slice=39/64 states=[2470,2535) segments=0..=0 finished_slices=39/64 finished_states=2535/4108 resumed_slices=0 elapsed_seconds=15.3
LAYER0_PROGRESS slice=41/64 states=[2600,2665) segments=0..=0 finished_slices=40/64 finished_states=2600/4108 resumed_slices=0 elapsed_seconds=16.5
LAYER0_PROGRESS slice=40/64 states=[2535,2600) segments=0..=0 finished_slices=41/64 finished_states=2665/4108 resumed_slices=0 elapsed_seconds=16.5
LAYER0_PROGRESS slice=42/64 states=[2665,2730) segments=0..=0 finished_slices=42/64 finished_states=2730/4108 resumed_slices=0 elapsed_seconds=16.5
LAYER0_PROGRESS slice=45/64 states=[2860,2925) segments=0..=0 finished_slices=43/64 finished_states=2795/4108 resumed_slices=0 elapsed_seconds=17.7
LAYER0_PROGRESS slice=44/64 states=[2795,2860) segments=0..=0 finished_slices=44/64 finished_states=2860/4108 resumed_slices=0 elapsed_seconds=17.7
LAYER0_PROGRESS slice=43/64 states=[2730,2795) segments=0..=0 finished_slices=45/64 finished_states=2925/4108 resumed_slices=0 elapsed_seconds=17.7
LAYER0_PROGRESS slice=48/64 states=[3055,3120) segments=0..=0 finished_slices=46/64 finished_states=2990/4108 resumed_slices=0 elapsed_seconds=18.8
LAYER0_PROGRESS slice=47/64 states=[2990,3055) segments=0..=0 finished_slices=47/64 finished_states=3055/4108 resumed_slices=0 elapsed_seconds=18.8
LAYER0_PROGRESS slice=46/64 states=[2925,2990) segments=0..=0 finished_slices=48/64 finished_states=3120/4108 resumed_slices=0 elapsed_seconds=18.8
LAYER0_PROGRESS slice=50/64 states=[3185,3250) segments=0..=0 finished_slices=49/64 finished_states=3185/4108 resumed_slices=0 elapsed_seconds=20.0
LAYER0_PROGRESS slice=49/64 states=[3120,3185) segments=0..=0 finished_slices=50/64 finished_states=3250/4108 resumed_slices=0 elapsed_seconds=20.0
LAYER0_PROGRESS slice=51/64 states=[3250,3315) segments=0..=0 finished_slices=51/64 finished_states=3315/4108 resumed_slices=0 elapsed_seconds=20.0
LAYER0_PROGRESS slice=53/64 states=[3380,3445) segments=0..=0 finished_slices=52/64 finished_states=3380/4108 resumed_slices=0 elapsed_seconds=21.2
LAYER0_PROGRESS slice=54/64 states=[3445,3510) segments=0..=0 finished_slices=53/64 finished_states=3445/4108 resumed_slices=0 elapsed_seconds=21.2
LAYER0_PROGRESS slice=52/64 states=[3315,3380) segments=0..=0 finished_slices=54/64 finished_states=3510/4108 resumed_slices=0 elapsed_seconds=21.2
LAYER0_PROGRESS slice=56/64 states=[3575,3640) segments=0..=0 finished_slices=55/64 finished_states=3575/4108 resumed_slices=0 elapsed_seconds=22.4
LAYER0_PROGRESS slice=57/64 states=[3640,3705) segments=0..=0 finished_slices=56/64 finished_states=3640/4108 resumed_slices=0 elapsed_seconds=22.4
LAYER0_PROGRESS slice=55/64 states=[3510,3575) segments=0..=0 finished_slices=57/64 finished_states=3705/4108 resumed_slices=0 elapsed_seconds=22.4
LAYER0_PROGRESS slice=60/64 states=[3835,3900) segments=0..=0 finished_slices=58/64 finished_states=3770/4108 resumed_slices=0 elapsed_seconds=23.6
LAYER0_PROGRESS slice=59/64 states=[3770,3835) segments=0..=0 finished_slices=59/64 finished_states=3835/4108 resumed_slices=0 elapsed_seconds=23.6
LAYER0_PROGRESS slice=58/64 states=[3705,3770) segments=0..=0 finished_slices=60/64 finished_states=3900/4108 resumed_slices=0 elapsed_seconds=23.6
LAYER0_PROGRESS slice=63/64 states=[4030,4095) segments=0..=0 finished_slices=61/64 finished_states=3965/4108 resumed_slices=0 elapsed_seconds=24.7
LAYER0_PROGRESS slice=62/64 states=[3965,4030) segments=0..=0 finished_slices=62/64 finished_states=4030/4108 resumed_slices=0 elapsed_seconds=24.7
LAYER0_PROGRESS slice=61/64 states=[3900,3965) segments=0..=0 finished_slices=63/64 finished_states=4095/4108 resumed_slices=0 elapsed_seconds=24.7
LAYER0_PROGRESS slice=64/64 states=[4095,4108) segments=1..=all_persisted finished_slices=64/64 finished_states=4108/4108 resumed_slices=0 elapsed_seconds=25.0
LAYER0_FINDINGS signatures=0 red_states=0 states=4108
LAYER0_PARALLEL_FINISHED states=4108 slices=64 worker_threads=3 configured_worker_threads=3 worker_threads_source=environment_variable resumed_slices=0 freshly_run_slices=64 progress_file_after_completion=none elapsed_seconds=25.0
SWEEP seed=3 entry=rollback fault=Some((Barrier, 5)) fired=Some((Barrier, 5, 0, 0)) outcome=Err Publish(PublishSequenceFailed { cause: BlockDevice(InputOutput(Custom { kind: Other, error: "注入的屏障错" })), writes_before_the_first_publish: WritesByStructureKind { counted: {} }, writes_of_persiste writes_before=17 writes_after=0 frozen=true resend=Ok checker=0 first=None read=FileRead root=Some((InstanceGeneration(2), CheckpointTxg(11))) content_ok=true remount=Ok checker_after_remount=0 first_after=None enum=states=4108 seconds=25.0 closed=4103 exact=4108 oracle=0 ignored=0 root_without_record=0 missing_unit=0 checker_red_states=0 first=None first_checker=None
LAYER0_PARALLEL_START states=4108 slices=64 states_per_slice=65 worker_threads=3 configured_worker_threads=3 worker_threads_source=environment_variable resumed_slices=0 freshly_run_slices=64
LAYER0_PROGRESS slice=2/64 states=[65,130) segments=0..=0 finished_slices=1/64 finished_states=65/4108 resumed_slices=0 elapsed_seconds=1.2
LAYER0_PROGRESS slice=1/64 states=[0,65) segments=0..=0 finished_slices=2/64 finished_states=130/4108 resumed_slices=0 elapsed_seconds=1.2
LAYER0_PROGRESS slice=3/64 states=[130,195) segments=0..=0 finished_slices=3/64 finished_states=195/4108 resumed_slices=0 elapsed_seconds=1.2
LAYER0_PROGRESS slice=5/64 states=[260,325) segments=0..=0 finished_slices=4/64 finished_states=260/4108 resumed_slices=0 elapsed_seconds=2.3
LAYER0_PROGRESS slice=4/64 states=[195,260) segments=0..=0 finished_slices=5/64 finished_states=325/4108 resumed_slices=0 elapsed_seconds=2.3
LAYER0_PROGRESS slice=6/64 states=[325,390) segments=0..=0 finished_slices=6/64 finished_states=390/4108 resumed_slices=0 elapsed_seconds=2.3
LAYER0_PROGRESS slice=9/64 states=[520,585) segments=0..=0 finished_slices=7/64 finished_states=455/4108 resumed_slices=0 elapsed_seconds=3.5
LAYER0_PROGRESS slice=7/64 states=[390,455) segments=0..=0 finished_slices=8/64 finished_states=520/4108 resumed_slices=0 elapsed_seconds=3.5
LAYER0_PROGRESS slice=8/64 states=[455,520) segments=0..=0 finished_slices=9/64 finished_states=585/4108 resumed_slices=0 elapsed_seconds=3.5
LAYER0_PROGRESS slice=11/64 states=[650,715) segments=0..=0 finished_slices=10/64 finished_states=650/4108 resumed_slices=0 elapsed_seconds=4.7
LAYER0_PROGRESS slice=12/64 states=[715,780) segments=0..=0 finished_slices=11/64 finished_states=715/4108 resumed_slices=0 elapsed_seconds=4.7
LAYER0_PROGRESS slice=10/64 states=[585,650) segments=0..=0 finished_slices=12/64 finished_states=780/4108 resumed_slices=0 elapsed_seconds=4.7
LAYER0_PROGRESS slice=15/64 states=[910,975) segments=0..=0 finished_slices=13/64 finished_states=845/4108 resumed_slices=0 elapsed_seconds=5.8
LAYER0_PROGRESS slice=14/64 states=[845,910) segments=0..=0 finished_slices=14/64 finished_states=910/4108 resumed_slices=0 elapsed_seconds=5.8
LAYER0_PROGRESS slice=13/64 states=[780,845) segments=0..=0 finished_slices=15/64 finished_states=975/4108 resumed_slices=0 elapsed_seconds=5.8
LAYER0_PROGRESS slice=16/64 states=[975,1040) segments=0..=0 finished_slices=16/64 finished_states=1040/4108 resumed_slices=0 elapsed_seconds=7.0
LAYER0_PROGRESS slice=17/64 states=[1040,1105) segments=0..=0 finished_slices=17/64 finished_states=1105/4108 resumed_slices=0 elapsed_seconds=7.0
LAYER0_PROGRESS slice=18/64 states=[1105,1170) segments=0..=0 finished_slices=18/64 finished_states=1170/4108 resumed_slices=0 elapsed_seconds=7.0
LAYER0_PROGRESS slice=21/64 states=[1300,1365) segments=0..=0 finished_slices=19/64 finished_states=1235/4108 resumed_slices=0 elapsed_seconds=8.1
LAYER0_PROGRESS slice=20/64 states=[1235,1300) segments=0..=0 finished_slices=20/64 finished_states=1300/4108 resumed_slices=0 elapsed_seconds=8.1
LAYER0_PROGRESS slice=19/64 states=[1170,1235) segments=0..=0 finished_slices=21/64 finished_states=1365/4108 resumed_slices=0 elapsed_seconds=8.1
LAYER0_PROGRESS slice=22/64 states=[1365,1430) segments=0..=0 finished_slices=22/64 finished_states=1430/4108 resumed_slices=0 elapsed_seconds=9.3
LAYER0_PROGRESS slice=23/64 states=[1430,1495) segments=0..=0 finished_slices=23/64 finished_states=1495/4108 resumed_slices=0 elapsed_seconds=9.3
LAYER0_PROGRESS slice=24/64 states=[1495,1560) segments=0..=0 finished_slices=24/64 finished_states=1560/4108 resumed_slices=0 elapsed_seconds=9.3
LAYER0_PROGRESS slice=25/64 states=[1560,1625) segments=0..=0 finished_slices=25/64 finished_states=1625/4108 resumed_slices=0 elapsed_seconds=10.5
LAYER0_PROGRESS slice=26/64 states=[1625,1690) segments=0..=0 finished_slices=26/64 finished_states=1690/4108 resumed_slices=0 elapsed_seconds=10.5
LAYER0_PROGRESS slice=27/64 states=[1690,1755) segments=0..=0 finished_slices=27/64 finished_states=1755/4108 resumed_slices=0 elapsed_seconds=10.5
LAYER0_PROGRESS slice=28/64 states=[1755,1820) segments=0..=0 finished_slices=28/64 finished_states=1820/4108 resumed_slices=0 elapsed_seconds=11.6
LAYER0_PROGRESS slice=30/64 states=[1885,1950) segments=0..=0 finished_slices=29/64 finished_states=1885/4108 resumed_slices=0 elapsed_seconds=11.6
LAYER0_PROGRESS slice=29/64 states=[1820,1885) segments=0..=0 finished_slices=30/64 finished_states=1950/4108 resumed_slices=0 elapsed_seconds=11.6
LAYER0_PROGRESS slice=32/64 states=[2015,2080) segments=0..=0 finished_slices=31/64 finished_states=2015/4108 resumed_slices=0 elapsed_seconds=12.8
LAYER0_PROGRESS slice=31/64 states=[1950,2015) segments=0..=0 finished_slices=32/64 finished_states=2080/4108 resumed_slices=0 elapsed_seconds=12.8
LAYER0_PROGRESS slice=33/64 states=[2080,2145) segments=0..=0 finished_slices=33/64 finished_states=2145/4108 resumed_slices=0 elapsed_seconds=12.8
LAYER0_PROGRESS slice=35/64 states=[2210,2275) segments=0..=0 finished_slices=34/64 finished_states=2210/4108 resumed_slices=0 elapsed_seconds=13.9
LAYER0_PROGRESS slice=34/64 states=[2145,2210) segments=0..=0 finished_slices=35/64 finished_states=2275/4108 resumed_slices=0 elapsed_seconds=13.9
LAYER0_PROGRESS slice=36/64 states=[2275,2340) segments=0..=0 finished_slices=36/64 finished_states=2340/4108 resumed_slices=0 elapsed_seconds=13.9
LAYER0_PROGRESS slice=38/64 states=[2405,2470) segments=0..=0 finished_slices=37/64 finished_states=2405/4108 resumed_slices=0 elapsed_seconds=15.1
LAYER0_PROGRESS slice=37/64 states=[2340,2405) segments=0..=0 finished_slices=38/64 finished_states=2470/4108 resumed_slices=0 elapsed_seconds=15.1
LAYER0_PROGRESS slice=39/64 states=[2470,2535) segments=0..=0 finished_slices=39/64 finished_states=2535/4108 resumed_slices=0 elapsed_seconds=15.1
LAYER0_PROGRESS slice=41/64 states=[2600,2665) segments=0..=0 finished_slices=40/64 finished_states=2600/4108 resumed_slices=0 elapsed_seconds=16.3
LAYER0_PROGRESS slice=40/64 states=[2535,2600) segments=0..=0 finished_slices=41/64 finished_states=2665/4108 resumed_slices=0 elapsed_seconds=16.3
LAYER0_PROGRESS slice=42/64 states=[2665,2730) segments=0..=0 finished_slices=42/64 finished_states=2730/4108 resumed_slices=0 elapsed_seconds=16.3
LAYER0_PROGRESS slice=43/64 states=[2730,2795) segments=0..=0 finished_slices=43/64 finished_states=2795/4108 resumed_slices=0 elapsed_seconds=17.4
LAYER0_PROGRESS slice=44/64 states=[2795,2860) segments=0..=0 finished_slices=44/64 finished_states=2860/4108 resumed_slices=0 elapsed_seconds=17.4
LAYER0_PROGRESS slice=45/64 states=[2860,2925) segments=0..=0 finished_slices=45/64 finished_states=2925/4108 resumed_slices=0 elapsed_seconds=17.5
LAYER0_PROGRESS slice=46/64 states=[2925,2990) segments=0..=0 finished_slices=46/64 finished_states=2990/4108 resumed_slices=0 elapsed_seconds=18.6
LAYER0_PROGRESS slice=47/64 states=[2990,3055) segments=0..=0 finished_slices=47/64 finished_states=3055/4108 resumed_slices=0 elapsed_seconds=18.6
LAYER0_PROGRESS slice=48/64 states=[3055,3120) segments=0..=0 finished_slices=48/64 finished_states=3120/4108 resumed_slices=0 elapsed_seconds=18.6
LAYER0_PROGRESS slice=50/64 states=[3185,3250) segments=0..=0 finished_slices=49/64 finished_states=3185/4108 resumed_slices=0 elapsed_seconds=19.8
LAYER0_PROGRESS slice=49/64 states=[3120,3185) segments=0..=0 finished_slices=50/64 finished_states=3250/4108 resumed_slices=0 elapsed_seconds=19.8
LAYER0_PROGRESS slice=51/64 states=[3250,3315) segments=0..=0 finished_slices=51/64 finished_states=3315/4108 resumed_slices=0 elapsed_seconds=19.8
LAYER0_PROGRESS slice=52/64 states=[3315,3380) segments=0..=0 finished_slices=52/64 finished_states=3380/4108 resumed_slices=0 elapsed_seconds=20.9
LAYER0_PROGRESS slice=53/64 states=[3380,3445) segments=0..=0 finished_slices=53/64 finished_states=3445/4108 resumed_slices=0 elapsed_seconds=20.9
LAYER0_PROGRESS slice=54/64 states=[3445,3510) segments=0..=0 finished_slices=54/64 finished_states=3510/4108 resumed_slices=0 elapsed_seconds=20.9
LAYER0_PROGRESS slice=56/64 states=[3575,3640) segments=0..=0 finished_slices=55/64 finished_states=3575/4108 resumed_slices=0 elapsed_seconds=22.1
LAYER0_PROGRESS slice=55/64 states=[3510,3575) segments=0..=0 finished_slices=56/64 finished_states=3640/4108 resumed_slices=0 elapsed_seconds=22.1
LAYER0_PROGRESS slice=57/64 states=[3640,3705) segments=0..=0 finished_slices=57/64 finished_states=3705/4108 resumed_slices=0 elapsed_seconds=22.1
LAYER0_PROGRESS slice=59/64 states=[3770,3835) segments=0..=0 finished_slices=58/64 finished_states=3770/4108 resumed_slices=0 elapsed_seconds=23.3
LAYER0_PROGRESS slice=58/64 states=[3705,3770) segments=0..=0 finished_slices=59/64 finished_states=3835/4108 resumed_slices=0 elapsed_seconds=23.3
LAYER0_PROGRESS slice=60/64 states=[3835,3900) segments=0..=0 finished_slices=60/64 finished_states=3900/4108 resumed_slices=0 elapsed_seconds=23.3
LAYER0_PROGRESS slice=61/64 states=[3900,3965) segments=0..=0 finished_slices=61/64 finished_states=3965/4108 resumed_slices=0 elapsed_seconds=24.4
LAYER0_PROGRESS slice=62/64 states=[3965,4030) segments=0..=0 finished_slices=62/64 finished_states=4030/4108 resumed_slices=0 elapsed_seconds=24.4
LAYER0_PROGRESS slice=63/64 states=[4030,4095) segments=0..=0 finished_slices=63/64 finished_states=4095/4108 resumed_slices=0 elapsed_seconds=24.5
LAYER0_PROGRESS slice=64/64 states=[4095,4108) segments=1..=all_persisted finished_slices=64/64 finished_states=4108/4108 resumed_slices=0 elapsed_seconds=24.7
LAYER0_FINDINGS signatures=0 red_states=0 states=4108
LAYER0_PARALLEL_FINISHED states=4108 slices=64 worker_threads=3 configured_worker_threads=3 worker_threads_source=environment_variable resumed_slices=0 freshly_run_slices=64 progress_file_after_completion=none elapsed_seconds=24.7
SWEEP seed=3 entry=rollback fault=Some((Barrier, 6)) fired=Some((Barrier, 6, 1, 0)) outcome=Err Publish(PublishSequenceFailed { cause: BlockDevice(InputOutput(Custom { kind: Other, error: "注入的屏障错" })), writes_before_the_first_publish: WritesByStructureKind { counted: {} }, writes_of_persiste writes_before=17 writes_after=0 frozen=true resend=Ok checker=0 first=None read=FileRead root=Some((InstanceGeneration(2), CheckpointTxg(11))) content_ok=true remount=Ok checker_after_remount=0 first_after=None enum=states=4108 seconds=24.7 closed=4103 exact=4108 oracle=0 ignored=0 root_without_record=0 missing_unit=0 checker_red_states=0 first=None first_checker=None
BASE seed=4 steps=["rollback:no_candidate", "overwrite:Ok(())", "overwrite:Ok(())", "crash_remount:Ok(())"] current=(2,7) floor=0 rollback_target=Some((1, 4)) seconds=0.01
SWEEP seed=4 entry=rollback clean outcome=Ok reads=257 writes=17 barriers=6
SWEEP seed=4 entry=rollback fault=Some((Write, 1)) fired=Some((Write, 1, 0, 25395200)) outcome=Err Publish(PublishSequenceFailed { cause: BlockDevice(InputOutput(Custom { kind: Other, error: "注入的写错" })), writes_before_the_first_publish: WritesByStructureKind { counted: {} }, writes_of_persisted writes_before=0 writes_after=0 frozen=true resend=Ok checker=0 first=None read=FileRead root=Some((InstanceGeneration(2), CheckpointTxg(8))) content_ok=true remount=Ok checker_after_remount=0 first_after=None enum=no_writes
LAYER0_PARALLEL_START states=2 slices=1 states_per_slice=2 worker_threads=1 configured_worker_threads=3 worker_threads_source=environment_variable resumed_slices=0 freshly_run_slices=1
LAYER0_PROGRESS slice=1/1 states=[0,2) segments=0..=all_persisted finished_slices=1/1 finished_states=2/2 resumed_slices=0 elapsed_seconds=0.0
LAYER0_FINDINGS signatures=0 red_states=0 states=2
LAYER0_PARALLEL_FINISHED states=2 slices=1 worker_threads=1 configured_worker_threads=3 worker_threads_source=environment_variable resumed_slices=0 freshly_run_slices=1 progress_file_after_completion=none elapsed_seconds=0.0
SWEEP seed=4 entry=rollback fault=Some((Write, 2)) fired=Some((Write, 2, 1, 25395200)) outcome=Err Publish(PublishSequenceFailed { cause: BlockDevice(InputOutput(Custom { kind: Other, error: "注入的写错" })), writes_before_the_first_publish: WritesByStructureKind { counted: {} }, writes_of_persisted writes_before=1 writes_after=0 frozen=true resend=Ok checker=0 first=None read=FileRead root=Some((InstanceGeneration(2), CheckpointTxg(8))) content_ok=true remount=Ok checker_after_remount=0 first_after=None enum=states=2 seconds=0.0 closed=2 exact=2 oracle=0 ignored=0 root_without_record=0 missing_unit=0 checker_red_states=0 first=None first_checker=None
LAYER0_PARALLEL_START states=4 slices=1 states_per_slice=4 worker_threads=1 configured_worker_threads=3 worker_threads_source=environment_variable resumed_slices=0 freshly_run_slices=1
LAYER0_PROGRESS slice=1/1 states=[0,4) segments=0..=all_persisted finished_slices=1/1 finished_states=4/4 resumed_slices=0 elapsed_seconds=0.1
LAYER0_FINDINGS signatures=0 red_states=0 states=4
LAYER0_PARALLEL_FINISHED states=4 slices=1 worker_threads=1 configured_worker_threads=3 worker_threads_source=environment_variable resumed_slices=0 freshly_run_slices=1 progress_file_after_completion=none elapsed_seconds=0.1
SWEEP seed=4 entry=rollback fault=Some((Write, 3)) fired=Some((Write, 3, 0, 25411584)) outcome=Err Publish(PublishSequenceFailed { cause: BlockDevice(InputOutput(Custom { kind: Other, error: "注入的写错" })), writes_before_the_first_publish: WritesByStructureKind { counted: {} }, writes_of_persisted writes_before=2 writes_after=0 frozen=true resend=Ok checker=0 first=None read=FileRead root=Some((InstanceGeneration(2), CheckpointTxg(8))) content_ok=true remount=Ok checker_after_remount=0 first_after=None enum=states=4 seconds=0.1 closed=4 exact=4 oracle=0 ignored=0 root_without_record=0 missing_unit=0 checker_red_states=0 first=None first_checker=None
LAYER0_PARALLEL_START states=8 slices=1 states_per_slice=8 worker_threads=1 configured_worker_threads=3 worker_threads_source=environment_variable resumed_slices=0 freshly_run_slices=1
LAYER0_PROGRESS slice=1/1 states=[0,8) segments=0..=all_persisted finished_slices=1/1 finished_states=8/8 resumed_slices=0 elapsed_seconds=0.1
LAYER0_FINDINGS signatures=0 red_states=0 states=8
LAYER0_PARALLEL_FINISHED states=8 slices=1 worker_threads=1 configured_worker_threads=3 worker_threads_source=environment_variable resumed_slices=0 freshly_run_slices=1 progress_file_after_completion=none elapsed_seconds=0.1
SWEEP seed=4 entry=rollback fault=Some((Write, 4)) fired=Some((Write, 4, 1, 25411584)) outcome=Err Publish(PublishSequenceFailed { cause: BlockDevice(InputOutput(Custom { kind: Other, error: "注入的写错" })), writes_before_the_first_publish: WritesByStructureKind { counted: {} }, writes_of_persisted writes_before=3 writes_after=0 frozen=true resend=Ok checker=0 first=None read=FileRead root=Some((InstanceGeneration(2), CheckpointTxg(8))) content_ok=true remount=Ok checker_after_remount=0 first_after=None enum=states=8 seconds=0.1 closed=8 exact=8 oracle=0 ignored=0 root_without_record=0 missing_unit=0 checker_red_states=0 first=None first_checker=None
LAYER0_PARALLEL_START states=16 slices=1 states_per_slice=16 worker_threads=1 configured_worker_threads=3 worker_threads_source=environment_variable resumed_slices=0 freshly_run_slices=1
LAYER0_PROGRESS slice=1/1 states=[0,16) segments=0..=all_persisted finished_slices=1/1 finished_states=16/16 resumed_slices=0 elapsed_seconds=0.2
LAYER0_FINDINGS signatures=0 red_states=0 states=16
LAYER0_PARALLEL_FINISHED states=16 slices=1 worker_threads=1 configured_worker_threads=3 worker_threads_source=environment_variable resumed_slices=0 freshly_run_slices=1 progress_file_after_completion=none elapsed_seconds=0.2
SWEEP seed=4 entry=rollback fault=Some((Write, 5)) fired=Some((Write, 5, 0, 25427968)) outcome=Err Publish(PublishSequenceFailed { cause: BlockDevice(InputOutput(Custom { kind: Other, error: "注入的写错" })), writes_before_the_first_publish: WritesByStructureKind { counted: {} }, writes_of_persisted writes_before=4 writes_after=0 frozen=true resend=Ok checker=0 first=None read=FileRead root=Some((InstanceGeneration(2), CheckpointTxg(8))) content_ok=true remount=Ok checker_after_remount=0 first_after=None enum=states=16 seconds=0.2 closed=16 exact=16 oracle=0 ignored=0 root_without_record=0 missing_unit=0 checker_red_states=0 first=None first_checker=None
LAYER0_PARALLEL_START states=32 slices=2 states_per_slice=16 worker_threads=2 configured_worker_threads=3 worker_threads_source=environment_variable resumed_slices=0 freshly_run_slices=2
LAYER0_PROGRESS slice=2/2 states=[16,32) segments=0..=all_persisted finished_slices=1/2 finished_states=16/32 resumed_slices=0 elapsed_seconds=0.2
LAYER0_PROGRESS slice=1/2 states=[0,16) segments=0..=0 finished_slices=2/2 finished_states=32/32 resumed_slices=0 elapsed_seconds=0.2
LAYER0_FINDINGS signatures=0 red_states=0 states=32
LAYER0_PARALLEL_FINISHED states=32 slices=2 worker_threads=2 configured_worker_threads=3 worker_threads_source=environment_variable resumed_slices=0 freshly_run_slices=2 progress_file_after_completion=none elapsed_seconds=0.2
SWEEP seed=4 entry=rollback fault=Some((Write, 6)) fired=Some((Write, 6, 1, 25427968)) outcome=Err Publish(PublishSequenceFailed { cause: BlockDevice(InputOutput(Custom { kind: Other, error: "注入的写错" })), writes_before_the_first_publish: WritesByStructureKind { counted: {} }, writes_of_persisted writes_before=5 writes_after=0 frozen=true resend=Ok checker=0 first=None read=FileRead root=Some((InstanceGeneration(2), CheckpointTxg(8))) content_ok=true remount=Ok checker_after_remount=0 first_after=None enum=states=32 seconds=0.2 closed=32 exact=32 oracle=0 ignored=0 root_without_record=0 missing_unit=0 checker_red_states=0 first=None first_checker=None
LAYER0_PARALLEL_START states=64 slices=4 states_per_slice=16 worker_threads=3 configured_worker_threads=3 worker_threads_source=environment_variable resumed_slices=0 freshly_run_slices=4
LAYER0_PROGRESS slice=1/4 states=[0,16) segments=0..=0 finished_slices=1/4 finished_states=16/64 resumed_slices=0 elapsed_seconds=0.2
LAYER0_PROGRESS slice=2/4 states=[16,32) segments=0..=0 finished_slices=2/4 finished_states=32/64 resumed_slices=0 elapsed_seconds=0.2
LAYER0_PROGRESS slice=3/4 states=[32,48) segments=0..=0 finished_slices=3/4 finished_states=48/64 resumed_slices=0 elapsed_seconds=0.2
LAYER0_PROGRESS slice=4/4 states=[48,64) segments=0..=all_persisted finished_slices=4/4 finished_states=64/64 resumed_slices=0 elapsed_seconds=0.4
LAYER0_FINDINGS signatures=0 red_states=0 states=64
LAYER0_PARALLEL_FINISHED states=64 slices=4 worker_threads=3 configured_worker_threads=3 worker_threads_source=environment_variable resumed_slices=0 freshly_run_slices=4 progress_file_after_completion=none elapsed_seconds=0.4
SWEEP seed=4 entry=rollback fault=Some((Write, 7)) fired=Some((Write, 7, 0, 25444352)) outcome=Err Publish(PublishSequenceFailed { cause: BlockDevice(InputOutput(Custom { kind: Other, error: "注入的写错" })), writes_before_the_first_publish: WritesByStructureKind { counted: {} }, writes_of_persisted writes_before=6 writes_after=0 frozen=true resend=Ok checker=0 first=None read=FileRead root=Some((InstanceGeneration(2), CheckpointTxg(8))) content_ok=true remount=Ok checker_after_remount=0 first_after=None enum=states=64 seconds=0.4 closed=64 exact=64 oracle=0 ignored=0 root_without_record=0 missing_unit=0 checker_red_states=0 first=None first_checker=None
LAYER0_PARALLEL_START states=128 slices=8 states_per_slice=16 worker_threads=3 configured_worker_threads=3 worker_threads_source=environment_variable resumed_slices=0 freshly_run_slices=8
LAYER0_PROGRESS slice=1/8 states=[0,16) segments=0..=0 finished_slices=1/8 finished_states=16/128 resumed_slices=0 elapsed_seconds=0.2
LAYER0_PROGRESS slice=2/8 states=[16,32) segments=0..=0 finished_slices=2/8 finished_states=32/128 resumed_slices=0 elapsed_seconds=0.2
LAYER0_PROGRESS slice=3/8 states=[32,48) segments=0..=0 finished_slices=3/8 finished_states=48/128 resumed_slices=0 elapsed_seconds=0.2
LAYER0_PROGRESS slice=4/8 states=[48,64) segments=0..=0 finished_slices=4/8 finished_states=64/128 resumed_slices=0 elapsed_seconds=0.4
LAYER0_PROGRESS slice=5/8 states=[64,80) segments=0..=0 finished_slices=5/8 finished_states=80/128 resumed_slices=0 elapsed_seconds=0.4
LAYER0_PROGRESS slice=6/8 states=[80,96) segments=0..=0 finished_slices=6/8 finished_states=96/128 resumed_slices=0 elapsed_seconds=0.4
LAYER0_PROGRESS slice=7/8 states=[96,112) segments=0..=0 finished_slices=7/8 finished_states=112/128 resumed_slices=0 elapsed_seconds=0.6
LAYER0_PROGRESS slice=8/8 states=[112,128) segments=0..=all_persisted finished_slices=8/8 finished_states=128/128 resumed_slices=0 elapsed_seconds=0.6
LAYER0_FINDINGS signatures=0 red_states=0 states=128
LAYER0_PARALLEL_FINISHED states=128 slices=8 worker_threads=3 configured_worker_threads=3 worker_threads_source=environment_variable resumed_slices=0 freshly_run_slices=8 progress_file_after_completion=none elapsed_seconds=0.6
SWEEP seed=4 entry=rollback fault=Some((Write, 8)) fired=Some((Write, 8, 1, 25444352)) outcome=Err Publish(PublishSequenceFailed { cause: BlockDevice(InputOutput(Custom { kind: Other, error: "注入的写错" })), writes_before_the_first_publish: WritesByStructureKind { counted: {} }, writes_of_persisted writes_before=7 writes_after=0 frozen=true resend=Ok checker=0 first=None read=FileRead root=Some((InstanceGeneration(2), CheckpointTxg(8))) content_ok=true remount=Ok checker_after_remount=0 first_after=None enum=states=128 seconds=0.6 closed=128 exact=128 oracle=0 ignored=0 root_without_record=0 missing_unit=0 checker_red_states=0 first=None first_checker=None
LAYER0_PARALLEL_START states=256 slices=16 states_per_slice=16 worker_threads=3 configured_worker_threads=3 worker_threads_source=environment_variable resumed_slices=0 freshly_run_slices=16
LAYER0_PROGRESS slice=3/16 states=[32,48) segments=0..=0 finished_slices=1/16 finished_states=16/256 resumed_slices=0 elapsed_seconds=0.2
LAYER0_PROGRESS slice=1/16 states=[0,16) segments=0..=0 finished_slices=2/16 finished_states=32/256 resumed_slices=0 elapsed_seconds=0.2
LAYER0_PROGRESS slice=2/16 states=[16,32) segments=0..=0 finished_slices=3/16 finished_states=48/256 resumed_slices=0 elapsed_seconds=0.2
LAYER0_PROGRESS slice=4/16 states=[48,64) segments=0..=0 finished_slices=4/16 finished_states=64/256 resumed_slices=0 elapsed_seconds=0.4
LAYER0_PROGRESS slice=5/16 states=[64,80) segments=0..=0 finished_slices=5/16 finished_states=80/256 resumed_slices=0 elapsed_seconds=0.4
LAYER0_PROGRESS slice=6/16 states=[80,96) segments=0..=0 finished_slices=6/16 finished_states=96/256 resumed_slices=0 elapsed_seconds=0.4
LAYER0_PROGRESS slice=8/16 states=[112,128) segments=0..=0 finished_slices=7/16 finished_states=112/256 resumed_slices=0 elapsed_seconds=0.6
LAYER0_PROGRESS slice=7/16 states=[96,112) segments=0..=0 finished_slices=8/16 finished_states=128/256 resumed_slices=0 elapsed_seconds=0.6
LAYER0_PROGRESS slice=9/16 states=[128,144) segments=0..=0 finished_slices=9/16 finished_states=144/256 resumed_slices=0 elapsed_seconds=0.6
LAYER0_PROGRESS slice=10/16 states=[144,160) segments=0..=0 finished_slices=10/16 finished_states=160/256 resumed_slices=0 elapsed_seconds=0.8
LAYER0_PROGRESS slice=11/16 states=[160,176) segments=0..=0 finished_slices=11/16 finished_states=176/256 resumed_slices=0 elapsed_seconds=0.8
LAYER0_PROGRESS slice=12/16 states=[176,192) segments=0..=0 finished_slices=12/16 finished_states=192/256 resumed_slices=0 elapsed_seconds=0.8
LAYER0_PROGRESS slice=13/16 states=[192,208) segments=0..=0 finished_slices=13/16 finished_states=208/256 resumed_slices=0 elapsed_seconds=1.0
LAYER0_PROGRESS slice=14/16 states=[208,224) segments=0..=0 finished_slices=14/16 finished_states=224/256 resumed_slices=0 elapsed_seconds=1.0
LAYER0_PROGRESS slice=15/16 states=[224,240) segments=0..=0 finished_slices=15/16 finished_states=240/256 resumed_slices=0 elapsed_seconds=1.0
LAYER0_PROGRESS slice=16/16 states=[240,256) segments=0..=all_persisted finished_slices=16/16 finished_states=256/256 resumed_slices=0 elapsed_seconds=1.2
LAYER0_FINDINGS signatures=0 red_states=0 states=256
LAYER0_PARALLEL_FINISHED states=256 slices=16 worker_threads=3 configured_worker_threads=3 worker_threads_source=environment_variable resumed_slices=0 freshly_run_slices=16 progress_file_after_completion=none elapsed_seconds=1.2
SWEEP seed=4 entry=rollback fault=Some((Write, 9)) fired=Some((Write, 9, 0, 25460736)) outcome=Err Publish(PublishSequenceFailed { cause: BlockDevice(InputOutput(Custom { kind: Other, error: "注入的写错" })), writes_before_the_first_publish: WritesByStructureKind { counted: {} }, writes_of_persisted writes_before=8 writes_after=0 frozen=true resend=Ok checker=0 first=None read=FileRead root=Some((InstanceGeneration(2), CheckpointTxg(8))) content_ok=true remount=Ok checker_after_remount=0 first_after=None enum=states=256 seconds=1.2 closed=256 exact=256 oracle=0 ignored=0 root_without_record=0 missing_unit=0 checker_red_states=0 first=None first_checker=None
LAYER0_PARALLEL_START states=512 slices=32 states_per_slice=16 worker_threads=3 configured_worker_threads=3 worker_threads_source=environment_variable resumed_slices=0 freshly_run_slices=32
LAYER0_PROGRESS slice=3/32 states=[32,48) segments=0..=0 finished_slices=1/32 finished_states=16/512 resumed_slices=0 elapsed_seconds=0.2
LAYER0_PROGRESS slice=1/32 states=[0,16) segments=0..=0 finished_slices=2/32 finished_states=32/512 resumed_slices=0 elapsed_seconds=0.2
LAYER0_PROGRESS slice=2/32 states=[16,32) segments=0..=0 finished_slices=3/32 finished_states=48/512 resumed_slices=0 elapsed_seconds=0.2
LAYER0_PROGRESS slice=4/32 states=[48,64) segments=0..=0 finished_slices=4/32 finished_states=64/512 resumed_slices=0 elapsed_seconds=0.4
LAYER0_PROGRESS slice=5/32 states=[64,80) segments=0..=0 finished_slices=5/32 finished_states=80/512 resumed_slices=0 elapsed_seconds=0.4
LAYER0_PROGRESS slice=6/32 states=[80,96) segments=0..=0 finished_slices=6/32 finished_states=96/512 resumed_slices=0 elapsed_seconds=0.4
LAYER0_PROGRESS slice=8/32 states=[112,128) segments=0..=0 finished_slices=7/32 finished_states=112/512 resumed_slices=0 elapsed_seconds=0.6
LAYER0_PROGRESS slice=7/32 states=[96,112) segments=0..=0 finished_slices=8/32 finished_states=128/512 resumed_slices=0 elapsed_seconds=0.6
LAYER0_PROGRESS slice=9/32 states=[128,144) segments=0..=0 finished_slices=9/32 finished_states=144/512 resumed_slices=0 elapsed_seconds=0.6
LAYER0_PROGRESS slice=10/32 states=[144,160) segments=0..=0 finished_slices=10/32 finished_states=160/512 resumed_slices=0 elapsed_seconds=0.8
LAYER0_PROGRESS slice=12/32 states=[176,192) segments=0..=0 finished_slices=11/32 finished_states=176/512 resumed_slices=0 elapsed_seconds=0.8
LAYER0_PROGRESS slice=11/32 states=[160,176) segments=0..=0 finished_slices=12/32 finished_states=192/512 resumed_slices=0 elapsed_seconds=0.8
LAYER0_PROGRESS slice=13/32 states=[192,208) segments=0..=0 finished_slices=13/32 finished_states=208/512 resumed_slices=0 elapsed_seconds=1.0
LAYER0_PROGRESS slice=14/32 states=[208,224) segments=0..=0 finished_slices=14/32 finished_states=224/512 resumed_slices=0 elapsed_seconds=1.0
LAYER0_PROGRESS slice=15/32 states=[224,240) segments=0..=0 finished_slices=15/32 finished_states=240/512 resumed_slices=0 elapsed_seconds=1.0
LAYER0_PROGRESS slice=16/32 states=[240,256) segments=0..=0 finished_slices=16/32 finished_states=256/512 resumed_slices=0 elapsed_seconds=1.2
LAYER0_PROGRESS slice=17/32 states=[256,272) segments=0..=0 finished_slices=17/32 finished_states=272/512 resumed_slices=0 elapsed_seconds=1.2
LAYER0_PROGRESS slice=18/32 states=[272,288) segments=0..=0 finished_slices=18/32 finished_states=288/512 resumed_slices=0 elapsed_seconds=1.2
LAYER0_PROGRESS slice=19/32 states=[288,304) segments=0..=0 finished_slices=19/32 finished_states=304/512 resumed_slices=0 elapsed_seconds=1.4
LAYER0_PROGRESS slice=20/32 states=[304,320) segments=0..=0 finished_slices=20/32 finished_states=320/512 resumed_slices=0 elapsed_seconds=1.4
LAYER0_PROGRESS slice=21/32 states=[320,336) segments=0..=0 finished_slices=21/32 finished_states=336/512 resumed_slices=0 elapsed_seconds=1.4
LAYER0_PROGRESS slice=22/32 states=[336,352) segments=0..=0 finished_slices=22/32 finished_states=352/512 resumed_slices=0 elapsed_seconds=1.5
LAYER0_PROGRESS slice=23/32 states=[352,368) segments=0..=0 finished_slices=23/32 finished_states=368/512 resumed_slices=0 elapsed_seconds=1.5
LAYER0_PROGRESS slice=24/32 states=[368,384) segments=0..=0 finished_slices=24/32 finished_states=384/512 resumed_slices=0 elapsed_seconds=1.5
LAYER0_PROGRESS slice=25/32 states=[384,400) segments=0..=0 finished_slices=25/32 finished_states=400/512 resumed_slices=0 elapsed_seconds=1.7
LAYER0_PROGRESS slice=26/32 states=[400,416) segments=0..=0 finished_slices=26/32 finished_states=416/512 resumed_slices=0 elapsed_seconds=1.7
LAYER0_PROGRESS slice=27/32 states=[416,432) segments=0..=0 finished_slices=27/32 finished_states=432/512 resumed_slices=0 elapsed_seconds=1.7
LAYER0_PROGRESS slice=28/32 states=[432,448) segments=0..=0 finished_slices=28/32 finished_states=448/512 resumed_slices=0 elapsed_seconds=1.9
LAYER0_PROGRESS slice=29/32 states=[448,464) segments=0..=0 finished_slices=29/32 finished_states=464/512 resumed_slices=0 elapsed_seconds=1.9
LAYER0_PROGRESS slice=30/32 states=[464,480) segments=0..=0 finished_slices=30/32 finished_states=480/512 resumed_slices=0 elapsed_seconds=1.9
LAYER0_PROGRESS slice=31/32 states=[480,496) segments=0..=0 finished_slices=31/32 finished_states=496/512 resumed_slices=0 elapsed_seconds=2.1
LAYER0_PROGRESS slice=32/32 states=[496,512) segments=0..=all_persisted finished_slices=32/32 finished_states=512/512 resumed_slices=0 elapsed_seconds=2.1
LAYER0_FINDINGS signatures=0 red_states=0 states=512
LAYER0_PARALLEL_FINISHED states=512 slices=32 worker_threads=3 configured_worker_threads=3 worker_threads_source=environment_variable resumed_slices=0 freshly_run_slices=32 progress_file_after_completion=none elapsed_seconds=2.1
SWEEP seed=4 entry=rollback fault=Some((Write, 10)) fired=Some((Write, 10, 1, 25460736)) outcome=Err Publish(PublishSequenceFailed { cause: BlockDevice(InputOutput(Custom { kind: Other, error: "注入的写错" })), writes_before_the_first_publish: WritesByStructureKind { counted: {} }, writes_of_persisted writes_before=9 writes_after=0 frozen=true resend=Ok checker=0 first=None read=FileRead root=Some((InstanceGeneration(2), CheckpointTxg(8))) content_ok=true remount=Ok checker_after_remount=0 first_after=None enum=states=512 seconds=2.1 closed=512 exact=512 oracle=0 ignored=0 root_without_record=0 missing_unit=0 checker_red_states=0 first=None first_checker=None
LAYER0_PARALLEL_START states=1024 slices=64 states_per_slice=16 worker_threads=3 configured_worker_threads=3 worker_threads_source=environment_variable resumed_slices=0 freshly_run_slices=64
LAYER0_PROGRESS slice=1/64 states=[0,16) segments=0..=0 finished_slices=1/64 finished_states=16/1024 resumed_slices=0 elapsed_seconds=0.2
LAYER0_PROGRESS slice=2/64 states=[16,32) segments=0..=0 finished_slices=2/64 finished_states=32/1024 resumed_slices=0 elapsed_seconds=0.2
LAYER0_PROGRESS slice=3/64 states=[32,48) segments=0..=0 finished_slices=3/64 finished_states=48/1024 resumed_slices=0 elapsed_seconds=0.2
LAYER0_PROGRESS slice=4/64 states=[48,64) segments=0..=0 finished_slices=4/64 finished_states=64/1024 resumed_slices=0 elapsed_seconds=0.4
LAYER0_PROGRESS slice=5/64 states=[64,80) segments=0..=0 finished_slices=5/64 finished_states=80/1024 resumed_slices=0 elapsed_seconds=0.4
LAYER0_PROGRESS slice=6/64 states=[80,96) segments=0..=0 finished_slices=6/64 finished_states=96/1024 resumed_slices=0 elapsed_seconds=0.4
LAYER0_PROGRESS slice=7/64 states=[96,112) segments=0..=0 finished_slices=7/64 finished_states=112/1024 resumed_slices=0 elapsed_seconds=0.6
LAYER0_PROGRESS slice=8/64 states=[112,128) segments=0..=0 finished_slices=8/64 finished_states=128/1024 resumed_slices=0 elapsed_seconds=0.6
LAYER0_PROGRESS slice=9/64 states=[128,144) segments=0..=0 finished_slices=9/64 finished_states=144/1024 resumed_slices=0 elapsed_seconds=0.6
LAYER0_PROGRESS slice=10/64 states=[144,160) segments=0..=0 finished_slices=10/64 finished_states=160/1024 resumed_slices=0 elapsed_seconds=0.8
LAYER0_PROGRESS slice=11/64 states=[160,176) segments=0..=0 finished_slices=11/64 finished_states=176/1024 resumed_slices=0 elapsed_seconds=0.8
LAYER0_PROGRESS slice=12/64 states=[176,192) segments=0..=0 finished_slices=12/64 finished_states=192/1024 resumed_slices=0 elapsed_seconds=0.8
LAYER0_PROGRESS slice=13/64 states=[192,208) segments=0..=0 finished_slices=13/64 finished_states=208/1024 resumed_slices=0 elapsed_seconds=1.0
LAYER0_PROGRESS slice=14/64 states=[208,224) segments=0..=0 finished_slices=14/64 finished_states=224/1024 resumed_slices=0 elapsed_seconds=1.0
LAYER0_PROGRESS slice=15/64 states=[224,240) segments=0..=0 finished_slices=15/64 finished_states=240/1024 resumed_slices=0 elapsed_seconds=1.0
LAYER0_PROGRESS slice=16/64 states=[240,256) segments=0..=0 finished_slices=16/64 finished_states=256/1024 resumed_slices=0 elapsed_seconds=1.1
LAYER0_PROGRESS slice=17/64 states=[256,272) segments=0..=0 finished_slices=17/64 finished_states=272/1024 resumed_slices=0 elapsed_seconds=1.1
LAYER0_PROGRESS slice=18/64 states=[272,288) segments=0..=0 finished_slices=18/64 finished_states=288/1024 resumed_slices=0 elapsed_seconds=1.2
LAYER0_PROGRESS slice=19/64 states=[288,304) segments=0..=0 finished_slices=19/64 finished_states=304/1024 resumed_slices=0 elapsed_seconds=1.3
LAYER0_PROGRESS slice=20/64 states=[304,320) segments=0..=0 finished_slices=20/64 finished_states=320/1024 resumed_slices=0 elapsed_seconds=1.3
LAYER0_PROGRESS slice=21/64 states=[320,336) segments=0..=0 finished_slices=21/64 finished_states=336/1024 resumed_slices=0 elapsed_seconds=1.4
LAYER0_PROGRESS slice=22/64 states=[336,352) segments=0..=0 finished_slices=22/64 finished_states=352/1024 resumed_slices=0 elapsed_seconds=1.5
LAYER0_PROGRESS slice=23/64 states=[352,368) segments=0..=0 finished_slices=23/64 finished_states=368/1024 resumed_slices=0 elapsed_seconds=1.5
LAYER0_PROGRESS slice=24/64 states=[368,384) segments=0..=0 finished_slices=24/64 finished_states=384/1024 resumed_slices=0 elapsed_seconds=1.5
LAYER0_PROGRESS slice=25/64 states=[384,400) segments=0..=0 finished_slices=25/64 finished_states=400/1024 resumed_slices=0 elapsed_seconds=1.7
LAYER0_PROGRESS slice=26/64 states=[400,416) segments=0..=0 finished_slices=26/64 finished_states=416/1024 resumed_slices=0 elapsed_seconds=1.7
LAYER0_PROGRESS slice=27/64 states=[416,432) segments=0..=0 finished_slices=27/64 finished_states=432/1024 resumed_slices=0 elapsed_seconds=1.7
LAYER0_PROGRESS slice=28/64 states=[432,448) segments=0..=0 finished_slices=28/64 finished_states=448/1024 resumed_slices=0 elapsed_seconds=1.9
LAYER0_PROGRESS slice=29/64 states=[448,464) segments=0..=0 finished_slices=29/64 finished_states=464/1024 resumed_slices=0 elapsed_seconds=1.9
LAYER0_PROGRESS slice=30/64 states=[464,480) segments=0..=0 finished_slices=30/64 finished_states=480/1024 resumed_slices=0 elapsed_seconds=1.9
LAYER0_PROGRESS slice=32/64 states=[496,512) segments=0..=0 finished_slices=31/64 finished_states=496/1024 resumed_slices=0 elapsed_seconds=2.1
LAYER0_PROGRESS slice=31/64 states=[480,496) segments=0..=0 finished_slices=32/64 finished_states=512/1024 resumed_slices=0 elapsed_seconds=2.1
LAYER0_PROGRESS slice=33/64 states=[512,528) segments=0..=0 finished_slices=33/64 finished_states=528/1024 resumed_slices=0 elapsed_seconds=2.1
LAYER0_PROGRESS slice=34/64 states=[528,544) segments=0..=0 finished_slices=34/64 finished_states=544/1024 resumed_slices=0 elapsed_seconds=2.3
LAYER0_PROGRESS slice=35/64 states=[544,560) segments=0..=0 finished_slices=35/64 finished_states=560/1024 resumed_slices=0 elapsed_seconds=2.3
LAYER0_PROGRESS slice=36/64 states=[560,576) segments=0..=0 finished_slices=36/64 finished_states=576/1024 resumed_slices=0 elapsed_seconds=2.3
LAYER0_PROGRESS slice=37/64 states=[576,592) segments=0..=0 finished_slices=37/64 finished_states=592/1024 resumed_slices=0 elapsed_seconds=2.5
LAYER0_PROGRESS slice=38/64 states=[592,608) segments=0..=0 finished_slices=38/64 finished_states=608/1024 resumed_slices=0 elapsed_seconds=2.5
LAYER0_PROGRESS slice=39/64 states=[608,624) segments=0..=0 finished_slices=39/64 finished_states=624/1024 resumed_slices=0 elapsed_seconds=2.5
LAYER0_PROGRESS slice=40/64 states=[624,640) segments=0..=0 finished_slices=40/64 finished_states=640/1024 resumed_slices=0 elapsed_seconds=2.7
LAYER0_PROGRESS slice=41/64 states=[640,656) segments=0..=0 finished_slices=41/64 finished_states=656/1024 resumed_slices=0 elapsed_seconds=2.7
LAYER0_PROGRESS slice=42/64 states=[656,672) segments=0..=0 finished_slices=42/64 finished_states=672/1024 resumed_slices=0 elapsed_seconds=2.7
LAYER0_PROGRESS slice=43/64 states=[672,688) segments=0..=0 finished_slices=43/64 finished_states=688/1024 resumed_slices=0 elapsed_seconds=2.9
LAYER0_PROGRESS slice=44/64 states=[688,704) segments=0..=0 finished_slices=44/64 finished_states=704/1024 resumed_slices=0 elapsed_seconds=2.9
LAYER0_PROGRESS slice=45/64 states=[704,720) segments=0..=0 finished_slices=45/64 finished_states=720/1024 resumed_slices=0 elapsed_seconds=2.9
LAYER0_PROGRESS slice=46/64 states=[720,736) segments=0..=0 finished_slices=46/64 finished_states=736/1024 resumed_slices=0 elapsed_seconds=3.1
LAYER0_PROGRESS slice=47/64 states=[736,752) segments=0..=0 finished_slices=47/64 finished_states=752/1024 resumed_slices=0 elapsed_seconds=3.1
LAYER0_PROGRESS slice=48/64 states=[752,768) segments=0..=0 finished_slices=48/64 finished_states=768/1024 resumed_slices=0 elapsed_seconds=3.1
LAYER0_PROGRESS slice=49/64 states=[768,784) segments=0..=0 finished_slices=49/64 finished_states=784/1024 resumed_slices=0 elapsed_seconds=3.2
LAYER0_PROGRESS slice=50/64 states=[784,800) segments=0..=0 finished_slices=50/64 finished_states=800/1024 resumed_slices=0 elapsed_seconds=3.3
LAYER0_PROGRESS slice=51/64 states=[800,816) segments=0..=0 finished_slices=51/64 finished_states=816/1024 resumed_slices=0 elapsed_seconds=3.3
LAYER0_PROGRESS slice=52/64 states=[816,832) segments=0..=0 finished_slices=52/64 finished_states=832/1024 resumed_slices=0 elapsed_seconds=3.4
LAYER0_PROGRESS slice=53/64 states=[832,848) segments=0..=0 finished_slices=53/64 finished_states=848/1024 resumed_slices=0 elapsed_seconds=3.5
LAYER0_PROGRESS slice=54/64 states=[848,864) segments=0..=0 finished_slices=54/64 finished_states=864/1024 resumed_slices=0 elapsed_seconds=3.5
LAYER0_PROGRESS slice=55/64 states=[864,880) segments=0..=0 finished_slices=55/64 finished_states=880/1024 resumed_slices=0 elapsed_seconds=3.6
LAYER0_PROGRESS slice=56/64 states=[880,896) segments=0..=0 finished_slices=56/64 finished_states=896/1024 resumed_slices=0 elapsed_seconds=3.7
LAYER0_PROGRESS slice=57/64 states=[896,912) segments=0..=0 finished_slices=57/64 finished_states=912/1024 resumed_slices=0 elapsed_seconds=3.7
LAYER0_PROGRESS slice=58/64 states=[912,928) segments=0..=0 finished_slices=58/64 finished_states=928/1024 resumed_slices=0 elapsed_seconds=3.8
LAYER0_PROGRESS slice=59/64 states=[928,944) segments=0..=0 finished_slices=59/64 finished_states=944/1024 resumed_slices=0 elapsed_seconds=3.9
LAYER0_PROGRESS slice=60/64 states=[944,960) segments=0..=0 finished_slices=60/64 finished_states=960/1024 resumed_slices=0 elapsed_seconds=3.9
LAYER0_PROGRESS slice=61/64 states=[960,976) segments=0..=0 finished_slices=61/64 finished_states=976/1024 resumed_slices=0 elapsed_seconds=4.0
LAYER0_PROGRESS slice=62/64 states=[976,992) segments=0..=0 finished_slices=62/64 finished_states=992/1024 resumed_slices=0 elapsed_seconds=4.0
LAYER0_PROGRESS slice=63/64 states=[992,1008) segments=0..=0 finished_slices=63/64 finished_states=1008/1024 resumed_slices=0 elapsed_seconds=4.1
LAYER0_PROGRESS slice=64/64 states=[1008,1024) segments=0..=all_persisted finished_slices=64/64 finished_states=1024/1024 resumed_slices=0 elapsed_seconds=4.2
LAYER0_FINDINGS signatures=0 red_states=0 states=1024
LAYER0_PARALLEL_FINISHED states=1024 slices=64 worker_threads=3 configured_worker_threads=3 worker_threads_source=environment_variable resumed_slices=0 freshly_run_slices=64 progress_file_after_completion=none elapsed_seconds=4.2
SWEEP seed=4 entry=rollback fault=Some((Write, 11)) fired=Some((Write, 11, 0, 25477120)) outcome=Err Publish(PublishSequenceFailed { cause: BlockDevice(InputOutput(Custom { kind: Other, error: "注入的写错" })), writes_before_the_first_publish: WritesByStructureKind { counted: {} }, writes_of_persisted writes_before=10 writes_after=0 frozen=true resend=Ok checker=0 first=None read=FileRead root=Some((InstanceGeneration(2), CheckpointTxg(8))) content_ok=true remount=Ok checker_after_remount=0 first_after=None enum=states=1024 seconds=4.2 closed=1024 exact=1024 oracle=0 ignored=0 root_without_record=0 missing_unit=0 checker_red_states=0 first=None first_checker=None
LAYER0_PARALLEL_START states=2048 slices=64 states_per_slice=32 worker_threads=3 configured_worker_threads=3 worker_threads_source=environment_variable resumed_slices=0 freshly_run_slices=64
LAYER0_PROGRESS slice=3/64 states=[64,96) segments=0..=0 finished_slices=1/64 finished_states=32/2048 resumed_slices=0 elapsed_seconds=0.4
LAYER0_PROGRESS slice=1/64 states=[0,32) segments=0..=0 finished_slices=2/64 finished_states=64/2048 resumed_slices=0 elapsed_seconds=0.4
LAYER0_PROGRESS slice=2/64 states=[32,64) segments=0..=0 finished_slices=3/64 finished_states=96/2048 resumed_slices=0 elapsed_seconds=0.4
LAYER0_PROGRESS slice=4/64 states=[96,128) segments=0..=0 finished_slices=4/64 finished_states=128/2048 resumed_slices=0 elapsed_seconds=0.8
LAYER0_PROGRESS slice=5/64 states=[128,160) segments=0..=0 finished_slices=5/64 finished_states=160/2048 resumed_slices=0 elapsed_seconds=0.8
LAYER0_PROGRESS slice=6/64 states=[160,192) segments=0..=0 finished_slices=6/64 finished_states=192/2048 resumed_slices=0 elapsed_seconds=0.8
LAYER0_PROGRESS slice=7/64 states=[192,224) segments=0..=0 finished_slices=7/64 finished_states=224/2048 resumed_slices=0 elapsed_seconds=1.1
LAYER0_PROGRESS slice=8/64 states=[224,256) segments=0..=0 finished_slices=8/64 finished_states=256/2048 resumed_slices=0 elapsed_seconds=1.1
LAYER0_PROGRESS slice=9/64 states=[256,288) segments=0..=0 finished_slices=9/64 finished_states=288/2048 resumed_slices=0 elapsed_seconds=1.1
LAYER0_PROGRESS slice=10/64 states=[288,320) segments=0..=0 finished_slices=10/64 finished_states=320/2048 resumed_slices=0 elapsed_seconds=1.5
LAYER0_PROGRESS slice=11/64 states=[320,352) segments=0..=0 finished_slices=11/64 finished_states=352/2048 resumed_slices=0 elapsed_seconds=1.5
LAYER0_PROGRESS slice=12/64 states=[352,384) segments=0..=0 finished_slices=12/64 finished_states=384/2048 resumed_slices=0 elapsed_seconds=1.5
LAYER0_PROGRESS slice=13/64 states=[384,416) segments=0..=0 finished_slices=13/64 finished_states=416/2048 resumed_slices=0 elapsed_seconds=1.9
LAYER0_PROGRESS slice=14/64 states=[416,448) segments=0..=0 finished_slices=14/64 finished_states=448/2048 resumed_slices=0 elapsed_seconds=1.9
LAYER0_PROGRESS slice=15/64 states=[448,480) segments=0..=0 finished_slices=15/64 finished_states=480/2048 resumed_slices=0 elapsed_seconds=1.9
LAYER0_PROGRESS slice=17/64 states=[512,544) segments=0..=0 finished_slices=16/64 finished_states=512/2048 resumed_slices=0 elapsed_seconds=2.3
LAYER0_PROGRESS slice=16/64 states=[480,512) segments=0..=0 finished_slices=17/64 finished_states=544/2048 resumed_slices=0 elapsed_seconds=2.3
LAYER0_PROGRESS slice=18/64 states=[544,576) segments=0..=0 finished_slices=18/64 finished_states=576/2048 resumed_slices=0 elapsed_seconds=2.3
LAYER0_PROGRESS slice=20/64 states=[608,640) segments=0..=0 finished_slices=19/64 finished_states=608/2048 resumed_slices=0 elapsed_seconds=2.6
LAYER0_PROGRESS slice=19/64 states=[576,608) segments=0..=0 finished_slices=20/64 finished_states=640/2048 resumed_slices=0 elapsed_seconds=2.6
LAYER0_PROGRESS slice=21/64 states=[640,672) segments=0..=0 finished_slices=21/64 finished_states=672/2048 resumed_slices=0 elapsed_seconds=2.6
LAYER0_PROGRESS slice=22/64 states=[672,704) segments=0..=0 finished_slices=22/64 finished_states=704/2048 resumed_slices=0 elapsed_seconds=3.0
LAYER0_PROGRESS slice=23/64 states=[704,736) segments=0..=0 finished_slices=23/64 finished_states=736/2048 resumed_slices=0 elapsed_seconds=3.0
LAYER0_PROGRESS slice=24/64 states=[736,768) segments=0..=0 finished_slices=24/64 finished_states=768/2048 resumed_slices=0 elapsed_seconds=3.0
LAYER0_PROGRESS slice=25/64 states=[768,800) segments=0..=0 finished_slices=25/64 finished_states=800/2048 resumed_slices=0 elapsed_seconds=3.4
LAYER0_PROGRESS slice=26/64 states=[800,832) segments=0..=0 finished_slices=26/64 finished_states=832/2048 resumed_slices=0 elapsed_seconds=3.4
LAYER0_PROGRESS slice=27/64 states=[832,864) segments=0..=0 finished_slices=27/64 finished_states=864/2048 resumed_slices=0 elapsed_seconds=3.4
LAYER0_PROGRESS slice=28/64 states=[864,896) segments=0..=0 finished_slices=28/64 finished_states=896/2048 resumed_slices=0 elapsed_seconds=3.8
LAYER0_PROGRESS slice=29/64 states=[896,928) segments=0..=0 finished_slices=29/64 finished_states=928/2048 resumed_slices=0 elapsed_seconds=3.8
LAYER0_PROGRESS slice=30/64 states=[928,960) segments=0..=0 finished_slices=30/64 finished_states=960/2048 resumed_slices=0 elapsed_seconds=3.8
LAYER0_PROGRESS slice=31/64 states=[960,992) segments=0..=0 finished_slices=31/64 finished_states=992/2048 resumed_slices=0 elapsed_seconds=4.2
LAYER0_PROGRESS slice=32/64 states=[992,1024) segments=0..=0 finished_slices=32/64 finished_states=1024/2048 resumed_slices=0 elapsed_seconds=4.2
LAYER0_PROGRESS slice=33/64 states=[1024,1056) segments=0..=0 finished_slices=33/64 finished_states=1056/2048 resumed_slices=0 elapsed_seconds=4.2
LAYER0_PROGRESS slice=34/64 states=[1056,1088) segments=0..=0 finished_slices=34/64 finished_states=1088/2048 resumed_slices=0 elapsed_seconds=4.5
LAYER0_PROGRESS slice=35/64 states=[1088,1120) segments=0..=0 finished_slices=35/64 finished_states=1120/2048 resumed_slices=0 elapsed_seconds=4.5
LAYER0_PROGRESS slice=36/64 states=[1120,1152) segments=0..=0 finished_slices=36/64 finished_states=1152/2048 resumed_slices=0 elapsed_seconds=4.5
LAYER0_PROGRESS slice=37/64 states=[1152,1184) segments=0..=0 finished_slices=37/64 finished_states=1184/2048 resumed_slices=0 elapsed_seconds=4.9
LAYER0_PROGRESS slice=38/64 states=[1184,1216) segments=0..=0 finished_slices=38/64 finished_states=1216/2048 resumed_slices=0 elapsed_seconds=4.9
LAYER0_PROGRESS slice=39/64 states=[1216,1248) segments=0..=0 finished_slices=39/64 finished_states=1248/2048 resumed_slices=0 elapsed_seconds=4.9
LAYER0_PROGRESS slice=40/64 states=[1248,1280) segments=0..=0 finished_slices=40/64 finished_states=1280/2048 resumed_slices=0 elapsed_seconds=5.3
LAYER0_PROGRESS slice=41/64 states=[1280,1312) segments=0..=0 finished_slices=41/64 finished_states=1312/2048 resumed_slices=0 elapsed_seconds=5.3
LAYER0_PROGRESS slice=42/64 states=[1312,1344) segments=0..=0 finished_slices=42/64 finished_states=1344/2048 resumed_slices=0 elapsed_seconds=5.3
LAYER0_PROGRESS slice=43/64 states=[1344,1376) segments=0..=0 finished_slices=43/64 finished_states=1376/2048 resumed_slices=0 elapsed_seconds=5.7
LAYER0_PROGRESS slice=44/64 states=[1376,1408) segments=0..=0 finished_slices=44/64 finished_states=1408/2048 resumed_slices=0 elapsed_seconds=5.7
LAYER0_PROGRESS slice=45/64 states=[1408,1440) segments=0..=0 finished_slices=45/64 finished_states=1440/2048 resumed_slices=0 elapsed_seconds=5.7
LAYER0_PROGRESS slice=46/64 states=[1440,1472) segments=0..=0 finished_slices=46/64 finished_states=1472/2048 resumed_slices=0 elapsed_seconds=6.0
LAYER0_PROGRESS slice=47/64 states=[1472,1504) segments=0..=0 finished_slices=47/64 finished_states=1504/2048 resumed_slices=0 elapsed_seconds=6.0
LAYER0_PROGRESS slice=48/64 states=[1504,1536) segments=0..=0 finished_slices=48/64 finished_states=1536/2048 resumed_slices=0 elapsed_seconds=6.1
LAYER0_PROGRESS slice=49/64 states=[1536,1568) segments=0..=0 finished_slices=49/64 finished_states=1568/2048 resumed_slices=0 elapsed_seconds=6.4
LAYER0_PROGRESS slice=50/64 states=[1568,1600) segments=0..=0 finished_slices=50/64 finished_states=1600/2048 resumed_slices=0 elapsed_seconds=6.4
LAYER0_PROGRESS slice=51/64 states=[1600,1632) segments=0..=0 finished_slices=51/64 finished_states=1632/2048 resumed_slices=0 elapsed_seconds=6.4
LAYER0_PROGRESS slice=52/64 states=[1632,1664) segments=0..=0 finished_slices=52/64 finished_states=1664/2048 resumed_slices=0 elapsed_seconds=6.8
LAYER0_PROGRESS slice=53/64 states=[1664,1696) segments=0..=0 finished_slices=53/64 finished_states=1696/2048 resumed_slices=0 elapsed_seconds=6.8
LAYER0_PROGRESS slice=54/64 states=[1696,1728) segments=0..=0 finished_slices=54/64 finished_states=1728/2048 resumed_slices=0 elapsed_seconds=6.8
LAYER0_PROGRESS slice=55/64 states=[1728,1760) segments=0..=0 finished_slices=55/64 finished_states=1760/2048 resumed_slices=0 elapsed_seconds=7.2
LAYER0_PROGRESS slice=56/64 states=[1760,1792) segments=0..=0 finished_slices=56/64 finished_states=1792/2048 resumed_slices=0 elapsed_seconds=7.2
LAYER0_PROGRESS slice=57/64 states=[1792,1824) segments=0..=0 finished_slices=57/64 finished_states=1824/2048 resumed_slices=0 elapsed_seconds=7.2
LAYER0_PROGRESS slice=58/64 states=[1824,1856) segments=0..=0 finished_slices=58/64 finished_states=1856/2048 resumed_slices=0 elapsed_seconds=7.5
LAYER0_PROGRESS slice=59/64 states=[1856,1888) segments=0..=0 finished_slices=59/64 finished_states=1888/2048 resumed_slices=0 elapsed_seconds=7.6
LAYER0_PROGRESS slice=60/64 states=[1888,1920) segments=0..=0 finished_slices=60/64 finished_states=1920/2048 resumed_slices=0 elapsed_seconds=7.6
LAYER0_PROGRESS slice=61/64 states=[1920,1952) segments=0..=0 finished_slices=61/64 finished_states=1952/2048 resumed_slices=0 elapsed_seconds=7.9
LAYER0_PROGRESS slice=62/64 states=[1952,1984) segments=0..=0 finished_slices=62/64 finished_states=1984/2048 resumed_slices=0 elapsed_seconds=7.9
LAYER0_PROGRESS slice=63/64 states=[1984,2016) segments=0..=0 finished_slices=63/64 finished_states=2016/2048 resumed_slices=0 elapsed_seconds=7.9
LAYER0_PROGRESS slice=64/64 states=[2016,2048) segments=0..=all_persisted finished_slices=64/64 finished_states=2048/2048 resumed_slices=0 elapsed_seconds=8.3
LAYER0_FINDINGS signatures=0 red_states=0 states=2048
LAYER0_PARALLEL_FINISHED states=2048 slices=64 worker_threads=3 configured_worker_threads=3 worker_threads_source=environment_variable resumed_slices=0 freshly_run_slices=64 progress_file_after_completion=none elapsed_seconds=8.3
SWEEP seed=4 entry=rollback fault=Some((Write, 12)) fired=Some((Write, 12, 1, 25477120)) outcome=Err Publish(PublishSequenceFailed { cause: BlockDevice(InputOutput(Custom { kind: Other, error: "注入的写错" })), writes_before_the_first_publish: WritesByStructureKind { counted: {} }, writes_of_persisted writes_before=11 writes_after=0 frozen=true resend=Ok checker=0 first=None read=FileRead root=Some((InstanceGeneration(2), CheckpointTxg(8))) content_ok=true remount=Ok checker_after_remount=0 first_after=None enum=states=2048 seconds=8.3 closed=2048 exact=2048 oracle=0 ignored=0 root_without_record=0 missing_unit=0 checker_red_states=0 first=None first_checker=None
LAYER0_PARALLEL_START states=4096 slices=64 states_per_slice=64 worker_threads=3 configured_worker_threads=3 worker_threads_source=environment_variable resumed_slices=0 freshly_run_slices=64
LAYER0_PROGRESS slice=3/64 states=[128,192) segments=0..=0 finished_slices=1/64 finished_states=64/4096 resumed_slices=0 elapsed_seconds=0.8
LAYER0_PROGRESS slice=1/64 states=[0,64) segments=0..=0 finished_slices=2/64 finished_states=128/4096 resumed_slices=0 elapsed_seconds=0.8
LAYER0_PROGRESS slice=2/64 states=[64,128) segments=0..=0 finished_slices=3/64 finished_states=192/4096 resumed_slices=0 elapsed_seconds=0.8
LAYER0_PROGRESS slice=4/64 states=[192,256) segments=0..=0 finished_slices=4/64 finished_states=256/4096 resumed_slices=0 elapsed_seconds=1.5
LAYER0_PROGRESS slice=5/64 states=[256,320) segments=0..=0 finished_slices=5/64 finished_states=320/4096 resumed_slices=0 elapsed_seconds=1.5
LAYER0_PROGRESS slice=6/64 states=[320,384) segments=0..=0 finished_slices=6/64 finished_states=384/4096 resumed_slices=0 elapsed_seconds=1.6
LAYER0_PROGRESS slice=7/64 states=[384,448) segments=0..=0 finished_slices=7/64 finished_states=448/4096 resumed_slices=0 elapsed_seconds=2.3
LAYER0_PROGRESS slice=8/64 states=[448,512) segments=0..=0 finished_slices=8/64 finished_states=512/4096 resumed_slices=0 elapsed_seconds=2.3
LAYER0_PROGRESS slice=9/64 states=[512,576) segments=0..=0 finished_slices=9/64 finished_states=576/4096 resumed_slices=0 elapsed_seconds=2.3
LAYER0_PROGRESS slice=10/64 states=[576,640) segments=0..=0 finished_slices=10/64 finished_states=640/4096 resumed_slices=0 elapsed_seconds=3.1
LAYER0_PROGRESS slice=11/64 states=[640,704) segments=0..=0 finished_slices=11/64 finished_states=704/4096 resumed_slices=0 elapsed_seconds=3.1
LAYER0_PROGRESS slice=12/64 states=[704,768) segments=0..=0 finished_slices=12/64 finished_states=768/4096 resumed_slices=0 elapsed_seconds=3.1
LAYER0_PROGRESS slice=13/64 states=[768,832) segments=0..=0 finished_slices=13/64 finished_states=832/4096 resumed_slices=0 elapsed_seconds=3.8
LAYER0_PROGRESS slice=14/64 states=[832,896) segments=0..=0 finished_slices=14/64 finished_states=896/4096 resumed_slices=0 elapsed_seconds=3.8
LAYER0_PROGRESS slice=15/64 states=[896,960) segments=0..=0 finished_slices=15/64 finished_states=960/4096 resumed_slices=0 elapsed_seconds=3.8
LAYER0_PROGRESS slice=16/64 states=[960,1024) segments=0..=0 finished_slices=16/64 finished_states=1024/4096 resumed_slices=0 elapsed_seconds=4.6
LAYER0_PROGRESS slice=17/64 states=[1024,1088) segments=0..=0 finished_slices=17/64 finished_states=1088/4096 resumed_slices=0 elapsed_seconds=4.6
LAYER0_PROGRESS slice=18/64 states=[1088,1152) segments=0..=0 finished_slices=18/64 finished_states=1152/4096 resumed_slices=0 elapsed_seconds=4.6
LAYER0_PROGRESS slice=19/64 states=[1152,1216) segments=0..=0 finished_slices=19/64 finished_states=1216/4096 resumed_slices=0 elapsed_seconds=5.3
LAYER0_PROGRESS slice=20/64 states=[1216,1280) segments=0..=0 finished_slices=20/64 finished_states=1280/4096 resumed_slices=0 elapsed_seconds=5.3
LAYER0_PROGRESS slice=21/64 states=[1280,1344) segments=0..=0 finished_slices=21/64 finished_states=1344/4096 resumed_slices=0 elapsed_seconds=5.3
LAYER0_PROGRESS slice=22/64 states=[1344,1408) segments=0..=0 finished_slices=22/64 finished_states=1408/4096 resumed_slices=0 elapsed_seconds=6.1
LAYER0_PROGRESS slice=23/64 states=[1408,1472) segments=0..=0 finished_slices=23/64 finished_states=1472/4096 resumed_slices=0 elapsed_seconds=6.1
LAYER0_PROGRESS slice=24/64 states=[1472,1536) segments=0..=0 finished_slices=24/64 finished_states=1536/4096 resumed_slices=0 elapsed_seconds=6.1
LAYER0_PROGRESS slice=25/64 states=[1536,1600) segments=0..=0 finished_slices=25/64 finished_states=1600/4096 resumed_slices=0 elapsed_seconds=6.8
LAYER0_PROGRESS slice=26/64 states=[1600,1664) segments=0..=0 finished_slices=26/64 finished_states=1664/4096 resumed_slices=0 elapsed_seconds=6.8
LAYER0_PROGRESS slice=27/64 states=[1664,1728) segments=0..=0 finished_slices=27/64 finished_states=1728/4096 resumed_slices=0 elapsed_seconds=6.9
LAYER0_PROGRESS slice=28/64 states=[1728,1792) segments=0..=0 finished_slices=28/64 finished_states=1792/4096 resumed_slices=0 elapsed_seconds=7.6
LAYER0_PROGRESS slice=29/64 states=[1792,1856) segments=0..=0 finished_slices=29/64 finished_states=1856/4096 resumed_slices=0 elapsed_seconds=7.6
LAYER0_PROGRESS slice=30/64 states=[1856,1920) segments=0..=0 finished_slices=30/64 finished_states=1920/4096 resumed_slices=0 elapsed_seconds=7.6
LAYER0_PROGRESS slice=31/64 states=[1920,1984) segments=0..=0 finished_slices=31/64 finished_states=1984/4096 resumed_slices=0 elapsed_seconds=8.4
LAYER0_PROGRESS slice=32/64 states=[1984,2048) segments=0..=0 finished_slices=32/64 finished_states=2048/4096 resumed_slices=0 elapsed_seconds=8.4
LAYER0_PROGRESS slice=33/64 states=[2048,2112) segments=0..=0 finished_slices=33/64 finished_states=2112/4096 resumed_slices=0 elapsed_seconds=8.4
LAYER0_PROGRESS slice=34/64 states=[2112,2176) segments=0..=0 finished_slices=34/64 finished_states=2176/4096 resumed_slices=0 elapsed_seconds=9.2
LAYER0_PROGRESS slice=35/64 states=[2176,2240) segments=0..=0 finished_slices=35/64 finished_states=2240/4096 resumed_slices=0 elapsed_seconds=9.2
LAYER0_PROGRESS slice=36/64 states=[2240,2304) segments=0..=0 finished_slices=36/64 finished_states=2304/4096 resumed_slices=0 elapsed_seconds=9.2
LAYER0_PROGRESS slice=37/64 states=[2304,2368) segments=0..=0 finished_slices=37/64 finished_states=2368/4096 resumed_slices=0 elapsed_seconds=10.0
LAYER0_PROGRESS slice=38/64 states=[2368,2432) segments=0..=0 finished_slices=38/64 finished_states=2432/4096 resumed_slices=0 elapsed_seconds=10.0
LAYER0_PROGRESS slice=39/64 states=[2432,2496) segments=0..=0 finished_slices=39/64 finished_states=2496/4096 resumed_slices=0 elapsed_seconds=10.0
LAYER0_PROGRESS slice=40/64 states=[2496,2560) segments=0..=0 finished_slices=40/64 finished_states=2560/4096 resumed_slices=0 elapsed_seconds=10.7
LAYER0_PROGRESS slice=41/64 states=[2560,2624) segments=0..=0 finished_slices=41/64 finished_states=2624/4096 resumed_slices=0 elapsed_seconds=10.7
LAYER0_PROGRESS slice=42/64 states=[2624,2688) segments=0..=0 finished_slices=42/64 finished_states=2688/4096 resumed_slices=0 elapsed_seconds=10.7
LAYER0_PROGRESS slice=43/64 states=[2688,2752) segments=0..=0 finished_slices=43/64 finished_states=2752/4096 resumed_slices=0 elapsed_seconds=11.5
LAYER0_PROGRESS slice=44/64 states=[2752,2816) segments=0..=0 finished_slices=44/64 finished_states=2816/4096 resumed_slices=0 elapsed_seconds=11.5
LAYER0_PROGRESS slice=45/64 states=[2816,2880) segments=0..=0 finished_slices=45/64 finished_states=2880/4096 resumed_slices=0 elapsed_seconds=11.5
LAYER0_PROGRESS slice=46/64 states=[2880,2944) segments=0..=0 finished_slices=46/64 finished_states=2944/4096 resumed_slices=0 elapsed_seconds=12.2
LAYER0_PROGRESS slice=47/64 states=[2944,3008) segments=0..=0 finished_slices=47/64 finished_states=3008/4096 resumed_slices=0 elapsed_seconds=12.2
LAYER0_PROGRESS slice=48/64 states=[3008,3072) segments=0..=0 finished_slices=48/64 finished_states=3072/4096 resumed_slices=0 elapsed_seconds=12.3
LAYER0_PROGRESS slice=49/64 states=[3072,3136) segments=0..=0 finished_slices=49/64 finished_states=3136/4096 resumed_slices=0 elapsed_seconds=13.0
LAYER0_PROGRESS slice=50/64 states=[3136,3200) segments=0..=0 finished_slices=50/64 finished_states=3200/4096 resumed_slices=0 elapsed_seconds=13.0
LAYER0_PROGRESS slice=51/64 states=[3200,3264) segments=0..=0 finished_slices=51/64 finished_states=3264/4096 resumed_slices=0 elapsed_seconds=13.0
LAYER0_PROGRESS slice=52/64 states=[3264,3328) segments=0..=0 finished_slices=52/64 finished_states=3328/4096 resumed_slices=0 elapsed_seconds=13.8
LAYER0_PROGRESS slice=53/64 states=[3328,3392) segments=0..=0 finished_slices=53/64 finished_states=3392/4096 resumed_slices=0 elapsed_seconds=13.8
LAYER0_PROGRESS slice=54/64 states=[3392,3456) segments=0..=0 finished_slices=54/64 finished_states=3456/4096 resumed_slices=0 elapsed_seconds=13.8
LAYER0_PROGRESS slice=55/64 states=[3456,3520) segments=0..=0 finished_slices=55/64 finished_states=3520/4096 resumed_slices=0 elapsed_seconds=14.5
LAYER0_PROGRESS slice=56/64 states=[3520,3584) segments=0..=0 finished_slices=56/64 finished_states=3584/4096 resumed_slices=0 elapsed_seconds=14.5
LAYER0_PROGRESS slice=57/64 states=[3584,3648) segments=0..=0 finished_slices=57/64 finished_states=3648/4096 resumed_slices=0 elapsed_seconds=14.6
LAYER0_PROGRESS slice=58/64 states=[3648,3712) segments=0..=0 finished_slices=58/64 finished_states=3712/4096 resumed_slices=0 elapsed_seconds=15.3
LAYER0_PROGRESS slice=59/64 states=[3712,3776) segments=0..=0 finished_slices=59/64 finished_states=3776/4096 resumed_slices=0 elapsed_seconds=15.3
LAYER0_PROGRESS slice=60/64 states=[3776,3840) segments=0..=0 finished_slices=60/64 finished_states=3840/4096 resumed_slices=0 elapsed_seconds=15.3
LAYER0_PROGRESS slice=61/64 states=[3840,3904) segments=0..=0 finished_slices=61/64 finished_states=3904/4096 resumed_slices=0 elapsed_seconds=16.1
LAYER0_PROGRESS slice=62/64 states=[3904,3968) segments=0..=0 finished_slices=62/64 finished_states=3968/4096 resumed_slices=0 elapsed_seconds=16.1
LAYER0_PROGRESS slice=63/64 states=[3968,4032) segments=0..=0 finished_slices=63/64 finished_states=4032/4096 resumed_slices=0 elapsed_seconds=16.1
LAYER0_PROGRESS slice=64/64 states=[4032,4096) segments=0..=all_persisted finished_slices=64/64 finished_states=4096/4096 resumed_slices=0 elapsed_seconds=16.8
LAYER0_FINDINGS signatures=0 red_states=0 states=4096
LAYER0_PARALLEL_FINISHED states=4096 slices=64 worker_threads=3 configured_worker_threads=3 worker_threads_source=environment_variable resumed_slices=0 freshly_run_slices=64 progress_file_after_completion=none elapsed_seconds=16.8
SWEEP seed=4 entry=rollback fault=Some((Write, 13)) fired=Some((Write, 13, 0, 16805888)) outcome=Err Publish(PublishSequenceFailed { cause: BlockDevice(InputOutput(Custom { kind: Other, error: "注入的写错" })), writes_before_the_first_publish: WritesByStructureKind { counted: {} }, writes_of_persisted writes_before=12 writes_after=0 frozen=true resend=Ok checker=0 first=None read=FileRead root=Some((InstanceGeneration(2), CheckpointTxg(8))) content_ok=true remount=Ok checker_after_remount=0 first_after=None enum=states=4096 seconds=16.8 closed=4096 exact=4096 oracle=0 ignored=0 root_without_record=0 missing_unit=0 checker_red_states=0 first=None first_checker=None
LAYER0_PARALLEL_START states=4097 slices=64 states_per_slice=65 worker_threads=3 configured_worker_threads=3 worker_threads_source=environment_variable resumed_slices=0 freshly_run_slices=64
LAYER0_PROGRESS slice=3/64 states=[130,195) segments=0..=0 finished_slices=1/64 finished_states=65/4097 resumed_slices=0 elapsed_seconds=0.8
LAYER0_PROGRESS slice=2/64 states=[65,130) segments=0..=0 finished_slices=2/64 finished_states=130/4097 resumed_slices=0 elapsed_seconds=0.8
LAYER0_PROGRESS slice=1/64 states=[0,65) segments=0..=0 finished_slices=3/64 finished_states=195/4097 resumed_slices=0 elapsed_seconds=0.8
LAYER0_PROGRESS slice=4/64 states=[195,260) segments=0..=0 finished_slices=4/64 finished_states=260/4097 resumed_slices=0 elapsed_seconds=1.5
LAYER0_PROGRESS slice=5/64 states=[260,325) segments=0..=0 finished_slices=5/64 finished_states=325/4097 resumed_slices=0 elapsed_seconds=1.5
LAYER0_PROGRESS slice=6/64 states=[325,390) segments=0..=0 finished_slices=6/64 finished_states=390/4097 resumed_slices=0 elapsed_seconds=1.5
LAYER0_PROGRESS slice=7/64 states=[390,455) segments=0..=0 finished_slices=7/64 finished_states=455/4097 resumed_slices=0 elapsed_seconds=2.3
LAYER0_PROGRESS slice=8/64 states=[455,520) segments=0..=0 finished_slices=8/64 finished_states=520/4097 resumed_slices=0 elapsed_seconds=2.3
LAYER0_PROGRESS slice=9/64 states=[520,585) segments=0..=0 finished_slices=9/64 finished_states=585/4097 resumed_slices=0 elapsed_seconds=2.3
LAYER0_PROGRESS slice=10/64 states=[585,650) segments=0..=0 finished_slices=10/64 finished_states=650/4097 resumed_slices=0 elapsed_seconds=3.1
LAYER0_PROGRESS slice=11/64 states=[650,715) segments=0..=0 finished_slices=11/64 finished_states=715/4097 resumed_slices=0 elapsed_seconds=3.1
LAYER0_PROGRESS slice=12/64 states=[715,780) segments=0..=0 finished_slices=12/64 finished_states=780/4097 resumed_slices=0 elapsed_seconds=3.1
LAYER0_PROGRESS slice=13/64 states=[780,845) segments=0..=0 finished_slices=13/64 finished_states=845/4097 resumed_slices=0 elapsed_seconds=3.9
LAYER0_PROGRESS slice=14/64 states=[845,910) segments=0..=0 finished_slices=14/64 finished_states=910/4097 resumed_slices=0 elapsed_seconds=3.9
LAYER0_PROGRESS slice=15/64 states=[910,975) segments=0..=0 finished_slices=15/64 finished_states=975/4097 resumed_slices=0 elapsed_seconds=3.9
LAYER0_PROGRESS slice=16/64 states=[975,1040) segments=0..=0 finished_slices=16/64 finished_states=1040/4097 resumed_slices=0 elapsed_seconds=4.6
LAYER0_PROGRESS slice=17/64 states=[1040,1105) segments=0..=0 finished_slices=17/64 finished_states=1105/4097 resumed_slices=0 elapsed_seconds=4.6
LAYER0_PROGRESS slice=18/64 states=[1105,1170) segments=0..=0 finished_slices=18/64 finished_states=1170/4097 resumed_slices=0 elapsed_seconds=4.6
LAYER0_PROGRESS slice=20/64 states=[1235,1300) segments=0..=0 finished_slices=19/64 finished_states=1235/4097 resumed_slices=0 elapsed_seconds=5.4
LAYER0_PROGRESS slice=19/64 states=[1170,1235) segments=0..=0 finished_slices=20/64 finished_states=1300/4097 resumed_slices=0 elapsed_seconds=5.4
LAYER0_PROGRESS slice=21/64 states=[1300,1365) segments=0..=0 finished_slices=21/64 finished_states=1365/4097 resumed_slices=0 elapsed_seconds=5.4
LAYER0_PROGRESS slice=22/64 states=[1365,1430) segments=0..=0 finished_slices=22/64 finished_states=1430/4097 resumed_slices=0 elapsed_seconds=6.2
LAYER0_PROGRESS slice=23/64 states=[1430,1495) segments=0..=0 finished_slices=23/64 finished_states=1495/4097 resumed_slices=0 elapsed_seconds=6.2
LAYER0_PROGRESS slice=24/64 states=[1495,1560) segments=0..=0 finished_slices=24/64 finished_states=1560/4097 resumed_slices=0 elapsed_seconds=6.2
LAYER0_PROGRESS slice=25/64 states=[1560,1625) segments=0..=0 finished_slices=25/64 finished_states=1625/4097 resumed_slices=0 elapsed_seconds=7.0
LAYER0_PROGRESS slice=26/64 states=[1625,1690) segments=0..=0 finished_slices=26/64 finished_states=1690/4097 resumed_slices=0 elapsed_seconds=7.0
LAYER0_PROGRESS slice=27/64 states=[1690,1755) segments=0..=0 finished_slices=27/64 finished_states=1755/4097 resumed_slices=0 elapsed_seconds=7.0
LAYER0_PROGRESS slice=28/64 states=[1755,1820) segments=0..=0 finished_slices=28/64 finished_states=1820/4097 resumed_slices=0 elapsed_seconds=7.7
LAYER0_PROGRESS slice=29/64 states=[1820,1885) segments=0..=0 finished_slices=29/64 finished_states=1885/4097 resumed_slices=0 elapsed_seconds=7.8
LAYER0_PROGRESS slice=30/64 states=[1885,1950) segments=0..=0 finished_slices=30/64 finished_states=1950/4097 resumed_slices=0 elapsed_seconds=7.8
LAYER0_PROGRESS slice=31/64 states=[1950,2015) segments=0..=0 finished_slices=31/64 finished_states=2015/4097 resumed_slices=0 elapsed_seconds=8.5
LAYER0_PROGRESS slice=32/64 states=[2015,2080) segments=0..=0 finished_slices=32/64 finished_states=2080/4097 resumed_slices=0 elapsed_seconds=8.5
LAYER0_PROGRESS slice=33/64 states=[2080,2145) segments=0..=0 finished_slices=33/64 finished_states=2145/4097 resumed_slices=0 elapsed_seconds=8.5
LAYER0_PROGRESS slice=34/64 states=[2145,2210) segments=0..=0 finished_slices=34/64 finished_states=2210/4097 resumed_slices=0 elapsed_seconds=9.3
LAYER0_PROGRESS slice=35/64 states=[2210,2275) segments=0..=0 finished_slices=35/64 finished_states=2275/4097 resumed_slices=0 elapsed_seconds=9.3
LAYER0_PROGRESS slice=36/64 states=[2275,2340) segments=0..=0 finished_slices=36/64 finished_states=2340/4097 resumed_slices=0 elapsed_seconds=9.3
LAYER0_PROGRESS slice=37/64 states=[2340,2405) segments=0..=0 finished_slices=37/64 finished_states=2405/4097 resumed_slices=0 elapsed_seconds=10.1
LAYER0_PROGRESS slice=38/64 states=[2405,2470) segments=0..=0 finished_slices=38/64 finished_states=2470/4097 resumed_slices=0 elapsed_seconds=10.1
LAYER0_PROGRESS slice=39/64 states=[2470,2535) segments=0..=0 finished_slices=39/64 finished_states=2535/4097 resumed_slices=0 elapsed_seconds=10.1
LAYER0_PROGRESS slice=40/64 states=[2535,2600) segments=0..=0 finished_slices=40/64 finished_states=2600/4097 resumed_slices=0 elapsed_seconds=10.8
LAYER0_PROGRESS slice=41/64 states=[2600,2665) segments=0..=0 finished_slices=41/64 finished_states=2665/4097 resumed_slices=0 elapsed_seconds=10.9
LAYER0_PROGRESS slice=42/64 states=[2665,2730) segments=0..=0 finished_slices=42/64 finished_states=2730/4097 resumed_slices=0 elapsed_seconds=10.9
LAYER0_PROGRESS slice=43/64 states=[2730,2795) segments=0..=0 finished_slices=43/64 finished_states=2795/4097 resumed_slices=0 elapsed_seconds=11.6
LAYER0_PROGRESS slice=44/64 states=[2795,2860) segments=0..=0 finished_slices=44/64 finished_states=2860/4097 resumed_slices=0 elapsed_seconds=11.6
LAYER0_PROGRESS slice=45/64 states=[2860,2925) segments=0..=0 finished_slices=45/64 finished_states=2925/4097 resumed_slices=0 elapsed_seconds=11.6
LAYER0_PROGRESS slice=46/64 states=[2925,2990) segments=0..=0 finished_slices=46/64 finished_states=2990/4097 resumed_slices=0 elapsed_seconds=12.4
LAYER0_PROGRESS slice=47/64 states=[2990,3055) segments=0..=0 finished_slices=47/64 finished_states=3055/4097 resumed_slices=0 elapsed_seconds=12.4
LAYER0_PROGRESS slice=48/64 states=[3055,3120) segments=0..=0 finished_slices=48/64 finished_states=3120/4097 resumed_slices=0 elapsed_seconds=12.4
LAYER0_PROGRESS slice=49/64 states=[3120,3185) segments=0..=0 finished_slices=49/64 finished_states=3185/4097 resumed_slices=0 elapsed_seconds=13.2
LAYER0_PROGRESS slice=50/64 states=[3185,3250) segments=0..=0 finished_slices=50/64 finished_states=3250/4097 resumed_slices=0 elapsed_seconds=13.2
LAYER0_PROGRESS slice=51/64 states=[3250,3315) segments=0..=0 finished_slices=51/64 finished_states=3315/4097 resumed_slices=0 elapsed_seconds=13.2
LAYER0_PROGRESS slice=52/64 states=[3315,3380) segments=0..=0 finished_slices=52/64 finished_states=3380/4097 resumed_slices=0 elapsed_seconds=13.9
LAYER0_PROGRESS slice=53/64 states=[3380,3445) segments=0..=0 finished_slices=53/64 finished_states=3445/4097 resumed_slices=0 elapsed_seconds=13.9
LAYER0_PROGRESS slice=54/64 states=[3445,3510) segments=0..=0 finished_slices=54/64 finished_states=3510/4097 resumed_slices=0 elapsed_seconds=14.0
LAYER0_PROGRESS slice=55/64 states=[3510,3575) segments=0..=0 finished_slices=55/64 finished_states=3575/4097 resumed_slices=0 elapsed_seconds=14.7
LAYER0_PROGRESS slice=56/64 states=[3575,3640) segments=0..=0 finished_slices=56/64 finished_states=3640/4097 resumed_slices=0 elapsed_seconds=14.7
LAYER0_PROGRESS slice=57/64 states=[3640,3705) segments=0..=0 finished_slices=57/64 finished_states=3705/4097 resumed_slices=0 elapsed_seconds=14.7
LAYER0_PROGRESS slice=58/64 states=[3705,3770) segments=0..=0 finished_slices=58/64 finished_states=3770/4097 resumed_slices=0 elapsed_seconds=15.5
LAYER0_PROGRESS slice=59/64 states=[3770,3835) segments=0..=0 finished_slices=59/64 finished_states=3835/4097 resumed_slices=0 elapsed_seconds=15.5
LAYER0_PROGRESS slice=60/64 states=[3835,3900) segments=0..=0 finished_slices=60/64 finished_states=3900/4097 resumed_slices=0 elapsed_seconds=15.5
LAYER0_PROGRESS slice=61/64 states=[3900,3965) segments=0..=0 finished_slices=61/64 finished_states=3965/4097 resumed_slices=0 elapsed_seconds=16.3
LAYER0_PROGRESS slice=62/64 states=[3965,4030) segments=0..=0 finished_slices=62/64 finished_states=4030/4097 resumed_slices=0 elapsed_seconds=16.3
LAYER0_PROGRESS slice=63/64 states=[4030,4095) segments=0..=0 finished_slices=63/64 finished_states=4095/4097 resumed_slices=0 elapsed_seconds=16.3
LAYER0_PROGRESS slice=64/64 states=[4095,4097) segments=1..=all_persisted finished_slices=64/64 finished_states=4097/4097 resumed_slices=0 elapsed_seconds=16.3
LAYER0_FINDINGS signatures=0 red_states=0 states=4097
LAYER0_PARALLEL_FINISHED states=4097 slices=64 worker_threads=3 configured_worker_threads=3 worker_threads_source=environment_variable resumed_slices=0 freshly_run_slices=64 progress_file_after_completion=none elapsed_seconds=16.3
SWEEP seed=4 entry=rollback fault=Some((Write, 14)) fired=Some((Write, 14, 1, 16805888)) outcome=Err Publish(PublishSequenceFailed { cause: BlockDevice(InputOutput(Custom { kind: Other, error: "注入的写错" })), writes_before_the_first_publish: WritesByStructureKind { counted: {} }, writes_of_persisted writes_before=13 writes_after=0 frozen=true resend=Ok checker=0 first=None read=FileRead root=Some((InstanceGeneration(2), CheckpointTxg(8))) content_ok=true remount=Ok checker_after_remount=0 first_after=None enum=states=4097 seconds=16.3 closed=4097 exact=4097 oracle=0 ignored=0 root_without_record=0 missing_unit=0 checker_red_states=0 first=None first_checker=None
LAYER0_PARALLEL_START states=4099 slices=64 states_per_slice=65 worker_threads=3 configured_worker_threads=3 worker_threads_source=environment_variable resumed_slices=0 freshly_run_slices=64
LAYER0_PROGRESS slice=2/64 states=[65,130) segments=0..=0 finished_slices=1/64 finished_states=65/4099 resumed_slices=0 elapsed_seconds=0.8
LAYER0_PROGRESS slice=1/64 states=[0,65) segments=0..=0 finished_slices=2/64 finished_states=130/4099 resumed_slices=0 elapsed_seconds=0.8
LAYER0_PROGRESS slice=3/64 states=[130,195) segments=0..=0 finished_slices=3/64 finished_states=195/4099 resumed_slices=0 elapsed_seconds=0.8
LAYER0_PROGRESS slice=4/64 states=[195,260) segments=0..=0 finished_slices=4/64 finished_states=260/4099 resumed_slices=0 elapsed_seconds=1.5
LAYER0_PROGRESS slice=5/64 states=[260,325) segments=0..=0 finished_slices=5/64 finished_states=325/4099 resumed_slices=0 elapsed_seconds=1.6
LAYER0_PROGRESS slice=6/64 states=[325,390) segments=0..=0 finished_slices=6/64 finished_states=390/4099 resumed_slices=0 elapsed_seconds=1.6
LAYER0_PROGRESS slice=7/64 states=[390,455) segments=0..=0 finished_slices=7/64 finished_states=455/4099 resumed_slices=0 elapsed_seconds=2.3
LAYER0_PROGRESS slice=8/64 states=[455,520) segments=0..=0 finished_slices=8/64 finished_states=520/4099 resumed_slices=0 elapsed_seconds=2.3
LAYER0_PROGRESS slice=9/64 states=[520,585) segments=0..=0 finished_slices=9/64 finished_states=585/4099 resumed_slices=0 elapsed_seconds=2.3
LAYER0_PROGRESS slice=10/64 states=[585,650) segments=0..=0 finished_slices=10/64 finished_states=650/4099 resumed_slices=0 elapsed_seconds=3.1
LAYER0_PROGRESS slice=11/64 states=[650,715) segments=0..=0 finished_slices=11/64 finished_states=715/4099 resumed_slices=0 elapsed_seconds=3.1
LAYER0_PROGRESS slice=12/64 states=[715,780) segments=0..=0 finished_slices=12/64 finished_states=780/4099 resumed_slices=0 elapsed_seconds=3.1
LAYER0_PROGRESS slice=13/64 states=[780,845) segments=0..=0 finished_slices=13/64 finished_states=845/4099 resumed_slices=0 elapsed_seconds=3.9
LAYER0_PROGRESS slice=14/64 states=[845,910) segments=0..=0 finished_slices=14/64 finished_states=910/4099 resumed_slices=0 elapsed_seconds=3.9
LAYER0_PROGRESS slice=15/64 states=[910,975) segments=0..=0 finished_slices=15/64 finished_states=975/4099 resumed_slices=0 elapsed_seconds=3.9
LAYER0_PROGRESS slice=16/64 states=[975,1040) segments=0..=0 finished_slices=16/64 finished_states=1040/4099 resumed_slices=0 elapsed_seconds=4.7
LAYER0_PROGRESS slice=17/64 states=[1040,1105) segments=0..=0 finished_slices=17/64 finished_states=1105/4099 resumed_slices=0 elapsed_seconds=4.7
LAYER0_PROGRESS slice=18/64 states=[1105,1170) segments=0..=0 finished_slices=18/64 finished_states=1170/4099 resumed_slices=0 elapsed_seconds=4.7
LAYER0_PROGRESS slice=19/64 states=[1170,1235) segments=0..=0 finished_slices=19/64 finished_states=1235/4099 resumed_slices=0 elapsed_seconds=5.4
LAYER0_PROGRESS slice=20/64 states=[1235,1300) segments=0..=0 finished_slices=20/64 finished_states=1300/4099 resumed_slices=0 elapsed_seconds=5.4
LAYER0_PROGRESS slice=21/64 states=[1300,1365) segments=0..=0 finished_slices=21/64 finished_states=1365/4099 resumed_slices=0 elapsed_seconds=5.4
LAYER0_PROGRESS slice=22/64 states=[1365,1430) segments=0..=0 finished_slices=22/64 finished_states=1430/4099 resumed_slices=0 elapsed_seconds=6.2
LAYER0_PROGRESS slice=23/64 states=[1430,1495) segments=0..=0 finished_slices=23/64 finished_states=1495/4099 resumed_slices=0 elapsed_seconds=6.2
LAYER0_PROGRESS slice=24/64 states=[1495,1560) segments=0..=0 finished_slices=24/64 finished_states=1560/4099 resumed_slices=0 elapsed_seconds=6.2
LAYER0_PROGRESS slice=25/64 states=[1560,1625) segments=0..=0 finished_slices=25/64 finished_states=1625/4099 resumed_slices=0 elapsed_seconds=7.0
LAYER0_PROGRESS slice=26/64 states=[1625,1690) segments=0..=0 finished_slices=26/64 finished_states=1690/4099 resumed_slices=0 elapsed_seconds=7.0
LAYER0_PROGRESS slice=27/64 states=[1690,1755) segments=0..=0 finished_slices=27/64 finished_states=1755/4099 resumed_slices=0 elapsed_seconds=7.0
LAYER0_PROGRESS slice=28/64 states=[1755,1820) segments=0..=0 finished_slices=28/64 finished_states=1820/4099 resumed_slices=0 elapsed_seconds=7.7
LAYER0_PROGRESS slice=29/64 states=[1820,1885) segments=0..=0 finished_slices=29/64 finished_states=1885/4099 resumed_slices=0 elapsed_seconds=7.8
LAYER0_PROGRESS slice=30/64 states=[1885,1950) segments=0..=0 finished_slices=30/64 finished_states=1950/4099 resumed_slices=0 elapsed_seconds=7.8
LAYER0_PROGRESS slice=31/64 states=[1950,2015) segments=0..=0 finished_slices=31/64 finished_states=2015/4099 resumed_slices=0 elapsed_seconds=8.5
LAYER0_PROGRESS slice=32/64 states=[2015,2080) segments=0..=0 finished_slices=32/64 finished_states=2080/4099 resumed_slices=0 elapsed_seconds=8.5
LAYER0_PROGRESS slice=33/64 states=[2080,2145) segments=0..=0 finished_slices=33/64 finished_states=2145/4099 resumed_slices=0 elapsed_seconds=8.6
LAYER0_PROGRESS slice=34/64 states=[2145,2210) segments=0..=0 finished_slices=34/64 finished_states=2210/4099 resumed_slices=0 elapsed_seconds=9.3
LAYER0_PROGRESS slice=35/64 states=[2210,2275) segments=0..=0 finished_slices=35/64 finished_states=2275/4099 resumed_slices=0 elapsed_seconds=9.3
LAYER0_PROGRESS slice=36/64 states=[2275,2340) segments=0..=0 finished_slices=36/64 finished_states=2340/4099 resumed_slices=0 elapsed_seconds=9.3
LAYER0_PROGRESS slice=37/64 states=[2340,2405) segments=0..=0 finished_slices=37/64 finished_states=2405/4099 resumed_slices=0 elapsed_seconds=10.1
LAYER0_PROGRESS slice=38/64 states=[2405,2470) segments=0..=0 finished_slices=38/64 finished_states=2470/4099 resumed_slices=0 elapsed_seconds=10.1
LAYER0_PROGRESS slice=39/64 states=[2470,2535) segments=0..=0 finished_slices=39/64 finished_states=2535/4099 resumed_slices=0 elapsed_seconds=10.1
LAYER0_PROGRESS slice=40/64 states=[2535,2600) segments=0..=0 finished_slices=40/64 finished_states=2600/4099 resumed_slices=0 elapsed_seconds=10.8
LAYER0_PROGRESS slice=41/64 states=[2600,2665) segments=0..=0 finished_slices=41/64 finished_states=2665/4099 resumed_slices=0 elapsed_seconds=10.8
LAYER0_PROGRESS slice=42/64 states=[2665,2730) segments=0..=0 finished_slices=42/64 finished_states=2730/4099 resumed_slices=0 elapsed_seconds=10.9
LAYER0_PROGRESS slice=43/64 states=[2730,2795) segments=0..=0 finished_slices=43/64 finished_states=2795/4099 resumed_slices=0 elapsed_seconds=11.6
LAYER0_PROGRESS slice=44/64 states=[2795,2860) segments=0..=0 finished_slices=44/64 finished_states=2860/4099 resumed_slices=0 elapsed_seconds=11.6
LAYER0_PROGRESS slice=45/64 states=[2860,2925) segments=0..=0 finished_slices=45/64 finished_states=2925/4099 resumed_slices=0 elapsed_seconds=11.7
LAYER0_PROGRESS slice=46/64 states=[2925,2990) segments=0..=0 finished_slices=46/64 finished_states=2990/4099 resumed_slices=0 elapsed_seconds=12.4
LAYER0_PROGRESS slice=47/64 states=[2990,3055) segments=0..=0 finished_slices=47/64 finished_states=3055/4099 resumed_slices=0 elapsed_seconds=12.4
LAYER0_PROGRESS slice=48/64 states=[3055,3120) segments=0..=0 finished_slices=48/64 finished_states=3120/4099 resumed_slices=0 elapsed_seconds=12.4
LAYER0_PROGRESS slice=49/64 states=[3120,3185) segments=0..=0 finished_slices=49/64 finished_states=3185/4099 resumed_slices=0 elapsed_seconds=13.2
LAYER0_PROGRESS slice=50/64 states=[3185,3250) segments=0..=0 finished_slices=50/64 finished_states=3250/4099 resumed_slices=0 elapsed_seconds=13.2
LAYER0_PROGRESS slice=51/64 states=[3250,3315) segments=0..=0 finished_slices=51/64 finished_states=3315/4099 resumed_slices=0 elapsed_seconds=13.2
LAYER0_PROGRESS slice=53/64 states=[3380,3445) segments=0..=0 finished_slices=52/64 finished_states=3380/4099 resumed_slices=0 elapsed_seconds=14.0
LAYER0_PROGRESS slice=52/64 states=[3315,3380) segments=0..=0 finished_slices=53/64 finished_states=3445/4099 resumed_slices=0 elapsed_seconds=14.0
LAYER0_PROGRESS slice=54/64 states=[3445,3510) segments=0..=0 finished_slices=54/64 finished_states=3510/4099 resumed_slices=0 elapsed_seconds=14.0
LAYER0_PROGRESS slice=55/64 states=[3510,3575) segments=0..=0 finished_slices=55/64 finished_states=3575/4099 resumed_slices=0 elapsed_seconds=14.7
LAYER0_PROGRESS slice=56/64 states=[3575,3640) segments=0..=0 finished_slices=56/64 finished_states=3640/4099 resumed_slices=0 elapsed_seconds=14.7
LAYER0_PROGRESS slice=57/64 states=[3640,3705) segments=0..=0 finished_slices=57/64 finished_states=3705/4099 resumed_slices=0 elapsed_seconds=14.8
LAYER0_PROGRESS slice=58/64 states=[3705,3770) segments=0..=0 finished_slices=58/64 finished_states=3770/4099 resumed_slices=0 elapsed_seconds=15.5
LAYER0_PROGRESS slice=59/64 states=[3770,3835) segments=0..=0 finished_slices=59/64 finished_states=3835/4099 resumed_slices=0 elapsed_seconds=15.5
LAYER0_PROGRESS slice=60/64 states=[3835,3900) segments=0..=0 finished_slices=60/64 finished_states=3900/4099 resumed_slices=0 elapsed_seconds=15.6
LAYER0_PROGRESS slice=61/64 states=[3900,3965) segments=0..=0 finished_slices=61/64 finished_states=3965/4099 resumed_slices=0 elapsed_seconds=16.3
LAYER0_PROGRESS slice=62/64 states=[3965,4030) segments=0..=0 finished_slices=62/64 finished_states=4030/4099 resumed_slices=0 elapsed_seconds=16.3
LAYER0_PROGRESS slice=64/64 states=[4095,4099) segments=1..=all_persisted finished_slices=63/64 finished_states=4034/4099 resumed_slices=0 elapsed_seconds=16.3
LAYER0_PROGRESS slice=63/64 states=[4030,4095) segments=0..=0 finished_slices=64/64 finished_states=4099/4099 resumed_slices=0 elapsed_seconds=16.3
LAYER0_FINDINGS signatures=0 red_states=0 states=4099
LAYER0_PARALLEL_FINISHED states=4099 slices=64 worker_threads=3 configured_worker_threads=3 worker_threads_source=environment_variable resumed_slices=0 freshly_run_slices=64 progress_file_after_completion=none elapsed_seconds=16.3
SWEEP seed=4 entry=rollback fault=Some((Write, 15)) fired=Some((Write, 15, 0, 7348224)) outcome=Err Publish(PublishSequenceFailed { cause: BlockDevice(InputOutput(Custom { kind: Other, error: "注入的写错" })), writes_before_the_first_publish: WritesByStructureKind { counted: {} }, writes_of_persisted writes_before=14 writes_after=0 frozen=true resend=Ok checker=0 first=None read=FileRead root=Some((InstanceGeneration(2), CheckpointTxg(8))) content_ok=true remount=Ok checker_after_remount=0 first_after=None enum=states=4099 seconds=16.3 closed=4099 exact=4099 oracle=0 ignored=0 root_without_record=0 missing_unit=0 checker_red_states=0 first=None first_checker=None
LAYER0_PARALLEL_START states=4100 slices=64 states_per_slice=65 worker_threads=3 configured_worker_threads=3 worker_threads_source=environment_variable resumed_slices=0 freshly_run_slices=64
LAYER0_PROGRESS slice=1/64 states=[0,65) segments=0..=0 finished_slices=1/64 finished_states=65/4100 resumed_slices=0 elapsed_seconds=0.8
LAYER0_PROGRESS slice=3/64 states=[130,195) segments=0..=0 finished_slices=2/64 finished_states=130/4100 resumed_slices=0 elapsed_seconds=0.8
LAYER0_PROGRESS slice=2/64 states=[65,130) segments=0..=0 finished_slices=3/64 finished_states=195/4100 resumed_slices=0 elapsed_seconds=0.8
LAYER0_PROGRESS slice=4/64 states=[195,260) segments=0..=0 finished_slices=4/64 finished_states=260/4100 resumed_slices=0 elapsed_seconds=1.5
LAYER0_PROGRESS slice=5/64 states=[260,325) segments=0..=0 finished_slices=5/64 finished_states=325/4100 resumed_slices=0 elapsed_seconds=1.6
LAYER0_PROGRESS slice=6/64 states=[325,390) segments=0..=0 finished_slices=6/64 finished_states=390/4100 resumed_slices=0 elapsed_seconds=1.6
LAYER0_PROGRESS slice=7/64 states=[390,455) segments=0..=0 finished_slices=7/64 finished_states=455/4100 resumed_slices=0 elapsed_seconds=2.3
LAYER0_PROGRESS slice=8/64 states=[455,520) segments=0..=0 finished_slices=8/64 finished_states=520/4100 resumed_slices=0 elapsed_seconds=2.3
LAYER0_PROGRESS slice=9/64 states=[520,585) segments=0..=0 finished_slices=9/64 finished_states=585/4100 resumed_slices=0 elapsed_seconds=2.3
LAYER0_PROGRESS slice=10/64 states=[585,650) segments=0..=0 finished_slices=10/64 finished_states=650/4100 resumed_slices=0 elapsed_seconds=3.1
LAYER0_PROGRESS slice=11/64 states=[650,715) segments=0..=0 finished_slices=11/64 finished_states=715/4100 resumed_slices=0 elapsed_seconds=3.1
LAYER0_PROGRESS slice=12/64 states=[715,780) segments=0..=0 finished_slices=12/64 finished_states=780/4100 resumed_slices=0 elapsed_seconds=3.1
LAYER0_PROGRESS slice=13/64 states=[780,845) segments=0..=0 finished_slices=13/64 finished_states=845/4100 resumed_slices=0 elapsed_seconds=3.9
LAYER0_PROGRESS slice=14/64 states=[845,910) segments=0..=0 finished_slices=14/64 finished_states=910/4100 resumed_slices=0 elapsed_seconds=3.9
LAYER0_PROGRESS slice=15/64 states=[910,975) segments=0..=0 finished_slices=15/64 finished_states=975/4100 resumed_slices=0 elapsed_seconds=3.9
LAYER0_PROGRESS slice=16/64 states=[975,1040) segments=0..=0 finished_slices=16/64 finished_states=1040/4100 resumed_slices=0 elapsed_seconds=4.6
LAYER0_PROGRESS slice=17/64 states=[1040,1105) segments=0..=0 finished_slices=17/64 finished_states=1105/4100 resumed_slices=0 elapsed_seconds=4.7
LAYER0_PROGRESS slice=18/64 states=[1105,1170) segments=0..=0 finished_slices=18/64 finished_states=1170/4100 resumed_slices=0 elapsed_seconds=4.7
LAYER0_PROGRESS slice=19/64 states=[1170,1235) segments=0..=0 finished_slices=19/64 finished_states=1235/4100 resumed_slices=0 elapsed_seconds=5.4
LAYER0_PROGRESS slice=20/64 states=[1235,1300) segments=0..=0 finished_slices=20/64 finished_states=1300/4100 resumed_slices=0 elapsed_seconds=5.4
LAYER0_PROGRESS slice=21/64 states=[1300,1365) segments=0..=0 finished_slices=21/64 finished_states=1365/4100 resumed_slices=0 elapsed_seconds=5.4
LAYER0_PROGRESS slice=22/64 states=[1365,1430) segments=0..=0 finished_slices=22/64 finished_states=1430/4100 resumed_slices=0 elapsed_seconds=6.2
LAYER0_PROGRESS slice=24/64 states=[1495,1560) segments=0..=0 finished_slices=23/64 finished_states=1495/4100 resumed_slices=0 elapsed_seconds=6.2
LAYER0_PROGRESS slice=23/64 states=[1430,1495) segments=0..=0 finished_slices=24/64 finished_states=1560/4100 resumed_slices=0 elapsed_seconds=6.2
LAYER0_PROGRESS slice=25/64 states=[1560,1625) segments=0..=0 finished_slices=25/64 finished_states=1625/4100 resumed_slices=0 elapsed_seconds=7.0
LAYER0_PROGRESS slice=26/64 states=[1625,1690) segments=0..=0 finished_slices=26/64 finished_states=1690/4100 resumed_slices=0 elapsed_seconds=7.0
LAYER0_PROGRESS slice=27/64 states=[1690,1755) segments=0..=0 finished_slices=27/64 finished_states=1755/4100 resumed_slices=0 elapsed_seconds=7.0
LAYER0_PROGRESS slice=28/64 states=[1755,1820) segments=0..=0 finished_slices=28/64 finished_states=1820/4100 resumed_slices=0 elapsed_seconds=7.7
LAYER0_PROGRESS slice=29/64 states=[1820,1885) segments=0..=0 finished_slices=29/64 finished_states=1885/4100 resumed_slices=0 elapsed_seconds=7.8
LAYER0_PROGRESS slice=30/64 states=[1885,1950) segments=0..=0 finished_slices=30/64 finished_states=1950/4100 resumed_slices=0 elapsed_seconds=7.8
LAYER0_PROGRESS slice=31/64 states=[1950,2015) segments=0..=0 finished_slices=31/64 finished_states=2015/4100 resumed_slices=0 elapsed_seconds=8.5
LAYER0_PROGRESS slice=32/64 states=[2015,2080) segments=0..=0 finished_slices=32/64 finished_states=2080/4100 resumed_slices=0 elapsed_seconds=8.5
LAYER0_PROGRESS slice=33/64 states=[2080,2145) segments=0..=0 finished_slices=33/64 finished_states=2145/4100 resumed_slices=0 elapsed_seconds=8.6
LAYER0_PROGRESS slice=34/64 states=[2145,2210) segments=0..=0 finished_slices=34/64 finished_states=2210/4100 resumed_slices=0 elapsed_seconds=9.3
LAYER0_PROGRESS slice=35/64 states=[2210,2275) segments=0..=0 finished_slices=35/64 finished_states=2275/4100 resumed_slices=0 elapsed_seconds=9.3
LAYER0_PROGRESS slice=36/64 states=[2275,2340) segments=0..=0 finished_slices=36/64 finished_states=2340/4100 resumed_slices=0 elapsed_seconds=9.3
LAYER0_PROGRESS slice=37/64 states=[2340,2405) segments=0..=0 finished_slices=37/64 finished_states=2405/4100 resumed_slices=0 elapsed_seconds=10.1
LAYER0_PROGRESS slice=38/64 states=[2405,2470) segments=0..=0 finished_slices=38/64 finished_states=2470/4100 resumed_slices=0 elapsed_seconds=10.1
LAYER0_PROGRESS slice=39/64 states=[2470,2535) segments=0..=0 finished_slices=39/64 finished_states=2535/4100 resumed_slices=0 elapsed_seconds=10.1
LAYER0_PROGRESS slice=40/64 states=[2535,2600) segments=0..=0 finished_slices=40/64 finished_states=2600/4100 resumed_slices=0 elapsed_seconds=10.8
LAYER0_PROGRESS slice=41/64 states=[2600,2665) segments=0..=0 finished_slices=41/64 finished_states=2665/4100 resumed_slices=0 elapsed_seconds=10.9
LAYER0_PROGRESS slice=42/64 states=[2665,2730) segments=0..=0 finished_slices=42/64 finished_states=2730/4100 resumed_slices=0 elapsed_seconds=10.9
LAYER0_PROGRESS slice=43/64 states=[2730,2795) segments=0..=0 finished_slices=43/64 finished_states=2795/4100 resumed_slices=0 elapsed_seconds=11.6
LAYER0_PROGRESS slice=44/64 states=[2795,2860) segments=0..=0 finished_slices=44/64 finished_states=2860/4100 resumed_slices=0 elapsed_seconds=11.6
LAYER0_PROGRESS slice=45/64 states=[2860,2925) segments=0..=0 finished_slices=45/64 finished_states=2925/4100 resumed_slices=0 elapsed_seconds=11.7
LAYER0_PROGRESS slice=46/64 states=[2925,2990) segments=0..=0 finished_slices=46/64 finished_states=2990/4100 resumed_slices=0 elapsed_seconds=12.4
LAYER0_PROGRESS slice=47/64 states=[2990,3055) segments=0..=0 finished_slices=47/64 finished_states=3055/4100 resumed_slices=0 elapsed_seconds=12.4
LAYER0_PROGRESS slice=48/64 states=[3055,3120) segments=0..=0 finished_slices=48/64 finished_states=3120/4100 resumed_slices=0 elapsed_seconds=12.4
LAYER0_PROGRESS slice=49/64 states=[3120,3185) segments=0..=0 finished_slices=49/64 finished_states=3185/4100 resumed_slices=0 elapsed_seconds=13.2
LAYER0_PROGRESS slice=50/64 states=[3185,3250) segments=0..=0 finished_slices=50/64 finished_states=3250/4100 resumed_slices=0 elapsed_seconds=13.2
LAYER0_PROGRESS slice=51/64 states=[3250,3315) segments=0..=0 finished_slices=51/64 finished_states=3315/4100 resumed_slices=0 elapsed_seconds=13.2
LAYER0_PROGRESS slice=52/64 states=[3315,3380) segments=0..=0 finished_slices=52/64 finished_states=3380/4100 resumed_slices=0 elapsed_seconds=13.9
LAYER0_PROGRESS slice=53/64 states=[3380,3445) segments=0..=0 finished_slices=53/64 finished_states=3445/4100 resumed_slices=0 elapsed_seconds=14.0
LAYER0_PROGRESS slice=54/64 states=[3445,3510) segments=0..=0 finished_slices=54/64 finished_states=3510/4100 resumed_slices=0 elapsed_seconds=14.0
LAYER0_PROGRESS slice=55/64 states=[3510,3575) segments=0..=0 finished_slices=55/64 finished_states=3575/4100 resumed_slices=0 elapsed_seconds=14.7
LAYER0_PROGRESS slice=56/64 states=[3575,3640) segments=0..=0 finished_slices=56/64 finished_states=3640/4100 resumed_slices=0 elapsed_seconds=14.7
LAYER0_PROGRESS slice=57/64 states=[3640,3705) segments=0..=0 finished_slices=57/64 finished_states=3705/4100 resumed_slices=0 elapsed_seconds=14.8
LAYER0_PROGRESS slice=58/64 states=[3705,3770) segments=0..=0 finished_slices=58/64 finished_states=3770/4100 resumed_slices=0 elapsed_seconds=15.5
LAYER0_PROGRESS slice=59/64 states=[3770,3835) segments=0..=0 finished_slices=59/64 finished_states=3835/4100 resumed_slices=0 elapsed_seconds=15.5
LAYER0_PROGRESS slice=60/64 states=[3835,3900) segments=0..=0 finished_slices=60/64 finished_states=3900/4100 resumed_slices=0 elapsed_seconds=15.6
LAYER0_PROGRESS slice=61/64 states=[3900,3965) segments=0..=0 finished_slices=61/64 finished_states=3965/4100 resumed_slices=0 elapsed_seconds=16.3
LAYER0_PROGRESS slice=62/64 states=[3965,4030) segments=0..=0 finished_slices=62/64 finished_states=4030/4100 resumed_slices=0 elapsed_seconds=16.3
LAYER0_PROGRESS slice=64/64 states=[4095,4100) segments=1..=all_persisted finished_slices=63/64 finished_states=4035/4100 resumed_slices=0 elapsed_seconds=16.3
LAYER0_PROGRESS slice=63/64 states=[4030,4095) segments=0..=0 finished_slices=64/64 finished_states=4100/4100 resumed_slices=0 elapsed_seconds=16.3
LAYER0_FINDINGS signatures=0 red_states=0 states=4100
LAYER0_PARALLEL_FINISHED states=4100 slices=64 worker_threads=3 configured_worker_threads=3 worker_threads_source=environment_variable resumed_slices=0 freshly_run_slices=64 progress_file_after_completion=none elapsed_seconds=16.3
SWEEP seed=4 entry=rollback fault=Some((Write, 16)) fired=Some((Write, 16, 0, 4096)) outcome=Err Publish(PublishSequenceFailed { cause: BlockDevice(InputOutput(Custom { kind: Other, error: "注入的写错" })), writes_before_the_first_publish: WritesByStructureKind { counted: {} }, writes_of_persisted writes_before=15 writes_after=0 frozen=true resend=Ok checker=0 first=None read=FileRead root=Some((InstanceGeneration(2), CheckpointTxg(8))) content_ok=true remount=Ok checker_after_remount=0 first_after=None enum=states=4100 seconds=16.3 closed=4100 exact=4100 oracle=0 ignored=0 root_without_record=0 missing_unit=0 checker_red_states=0 first=None first_checker=None
LAYER0_PARALLEL_START states=4102 slices=64 states_per_slice=65 worker_threads=3 configured_worker_threads=3 worker_threads_source=environment_variable resumed_slices=0 freshly_run_slices=64
LAYER0_PROGRESS slice=2/64 states=[65,130) segments=0..=0 finished_slices=1/64 finished_states=65/4102 resumed_slices=0 elapsed_seconds=0.8
LAYER0_PROGRESS slice=1/64 states=[0,65) segments=0..=0 finished_slices=2/64 finished_states=130/4102 resumed_slices=0 elapsed_seconds=0.8
LAYER0_PROGRESS slice=3/64 states=[130,195) segments=0..=0 finished_slices=3/64 finished_states=195/4102 resumed_slices=0 elapsed_seconds=0.8
LAYER0_PROGRESS slice=4/64 states=[195,260) segments=0..=0 finished_slices=4/64 finished_states=260/4102 resumed_slices=0 elapsed_seconds=1.5
LAYER0_PROGRESS slice=5/64 states=[260,325) segments=0..=0 finished_slices=5/64 finished_states=325/4102 resumed_slices=0 elapsed_seconds=1.6
LAYER0_PROGRESS slice=6/64 states=[325,390) segments=0..=0 finished_slices=6/64 finished_states=390/4102 resumed_slices=0 elapsed_seconds=1.6
LAYER0_PROGRESS slice=7/64 states=[390,455) segments=0..=0 finished_slices=7/64 finished_states=455/4102 resumed_slices=0 elapsed_seconds=2.3
LAYER0_PROGRESS slice=8/64 states=[455,520) segments=0..=0 finished_slices=8/64 finished_states=520/4102 resumed_slices=0 elapsed_seconds=2.3
LAYER0_PROGRESS slice=9/64 states=[520,585) segments=0..=0 finished_slices=9/64 finished_states=585/4102 resumed_slices=0 elapsed_seconds=2.3
LAYER0_PROGRESS slice=10/64 states=[585,650) segments=0..=0 finished_slices=10/64 finished_states=650/4102 resumed_slices=0 elapsed_seconds=3.1
LAYER0_PROGRESS slice=12/64 states=[715,780) segments=0..=0 finished_slices=11/64 finished_states=715/4102 resumed_slices=0 elapsed_seconds=3.1
LAYER0_PROGRESS slice=11/64 states=[650,715) segments=0..=0 finished_slices=12/64 finished_states=780/4102 resumed_slices=0 elapsed_seconds=3.1
LAYER0_PROGRESS slice=13/64 states=[780,845) segments=0..=0 finished_slices=13/64 finished_states=845/4102 resumed_slices=0 elapsed_seconds=3.9
LAYER0_PROGRESS slice=14/64 states=[845,910) segments=0..=0 finished_slices=14/64 finished_states=910/4102 resumed_slices=0 elapsed_seconds=3.9
LAYER0_PROGRESS slice=15/64 states=[910,975) segments=0..=0 finished_slices=15/64 finished_states=975/4102 resumed_slices=0 elapsed_seconds=3.9
LAYER0_PROGRESS slice=16/64 states=[975,1040) segments=0..=0 finished_slices=16/64 finished_states=1040/4102 resumed_slices=0 elapsed_seconds=4.6
LAYER0_PROGRESS slice=17/64 states=[1040,1105) segments=0..=0 finished_slices=17/64 finished_states=1105/4102 resumed_slices=0 elapsed_seconds=4.6
LAYER0_PROGRESS slice=18/64 states=[1105,1170) segments=0..=0 finished_slices=18/64 finished_states=1170/4102 resumed_slices=0 elapsed_seconds=4.7
LAYER0_PROGRESS slice=19/64 states=[1170,1235) segments=0..=0 finished_slices=19/64 finished_states=1235/4102 resumed_slices=0 elapsed_seconds=5.4
LAYER0_PROGRESS slice=20/64 states=[1235,1300) segments=0..=0 finished_slices=20/64 finished_states=1300/4102 resumed_slices=0 elapsed_seconds=5.4
LAYER0_PROGRESS slice=21/64 states=[1300,1365) segments=0..=0 finished_slices=21/64 finished_states=1365/4102 resumed_slices=0 elapsed_seconds=5.5
LAYER0_PROGRESS slice=22/64 states=[1365,1430) segments=0..=0 finished_slices=22/64 finished_states=1430/4102 resumed_slices=0 elapsed_seconds=6.2
LAYER0_PROGRESS slice=23/64 states=[1430,1495) segments=0..=0 finished_slices=23/64 finished_states=1495/4102 resumed_slices=0 elapsed_seconds=6.2
LAYER0_PROGRESS slice=24/64 states=[1495,1560) segments=0..=0 finished_slices=24/64 finished_states=1560/4102 resumed_slices=0 elapsed_seconds=6.3
LAYER0_PROGRESS slice=25/64 states=[1560,1625) segments=0..=0 finished_slices=25/64 finished_states=1625/4102 resumed_slices=0 elapsed_seconds=7.0
LAYER0_PROGRESS slice=26/64 states=[1625,1690) segments=0..=0 finished_slices=26/64 finished_states=1690/4102 resumed_slices=0 elapsed_seconds=7.0
LAYER0_PROGRESS slice=27/64 states=[1690,1755) segments=0..=0 finished_slices=27/64 finished_states=1755/4102 resumed_slices=0 elapsed_seconds=7.0
LAYER0_PROGRESS slice=28/64 states=[1755,1820) segments=0..=0 finished_slices=28/64 finished_states=1820/4102 resumed_slices=0 elapsed_seconds=7.7
LAYER0_PROGRESS slice=29/64 states=[1820,1885) segments=0..=0 finished_slices=29/64 finished_states=1885/4102 resumed_slices=0 elapsed_seconds=7.7
LAYER0_PROGRESS slice=30/64 states=[1885,1950) segments=0..=0 finished_slices=30/64 finished_states=1950/4102 resumed_slices=0 elapsed_seconds=7.8
LAYER0_PROGRESS slice=31/64 states=[1950,2015) segments=0..=0 finished_slices=31/64 finished_states=2015/4102 resumed_slices=0 elapsed_seconds=8.5
LAYER0_PROGRESS slice=32/64 states=[2015,2080) segments=0..=0 finished_slices=32/64 finished_states=2080/4102 resumed_slices=0 elapsed_seconds=8.5
LAYER0_PROGRESS slice=33/64 states=[2080,2145) segments=0..=0 finished_slices=33/64 finished_states=2145/4102 resumed_slices=0 elapsed_seconds=8.6
LAYER0_PROGRESS slice=34/64 states=[2145,2210) segments=0..=0 finished_slices=34/64 finished_states=2210/4102 resumed_slices=0 elapsed_seconds=9.3
LAYER0_PROGRESS slice=35/64 states=[2210,2275) segments=0..=0 finished_slices=35/64 finished_states=2275/4102 resumed_slices=0 elapsed_seconds=9.3
LAYER0_PROGRESS slice=36/64 states=[2275,2340) segments=0..=0 finished_slices=36/64 finished_states=2340/4102 resumed_slices=0 elapsed_seconds=9.4
LAYER0_PROGRESS slice=37/64 states=[2340,2405) segments=0..=0 finished_slices=37/64 finished_states=2405/4102 resumed_slices=0 elapsed_seconds=10.0
LAYER0_PROGRESS slice=38/64 states=[2405,2470) segments=0..=0 finished_slices=38/64 finished_states=2470/4102 resumed_slices=0 elapsed_seconds=10.1
LAYER0_PROGRESS slice=39/64 states=[2470,2535) segments=0..=0 finished_slices=39/64 finished_states=2535/4102 resumed_slices=0 elapsed_seconds=10.1
LAYER0_PROGRESS slice=40/64 states=[2535,2600) segments=0..=0 finished_slices=40/64 finished_states=2600/4102 resumed_slices=0 elapsed_seconds=10.8
LAYER0_PROGRESS slice=41/64 states=[2600,2665) segments=0..=0 finished_slices=41/64 finished_states=2665/4102 resumed_slices=0 elapsed_seconds=10.8
LAYER0_PROGRESS slice=42/64 states=[2665,2730) segments=0..=0 finished_slices=42/64 finished_states=2730/4102 resumed_slices=0 elapsed_seconds=10.9
LAYER0_PROGRESS slice=43/64 states=[2730,2795) segments=0..=0 finished_slices=43/64 finished_states=2795/4102 resumed_slices=0 elapsed_seconds=11.6
LAYER0_PROGRESS slice=44/64 states=[2795,2860) segments=0..=0 finished_slices=44/64 finished_states=2860/4102 resumed_slices=0 elapsed_seconds=11.6
LAYER0_PROGRESS slice=45/64 states=[2860,2925) segments=0..=0 finished_slices=45/64 finished_states=2925/4102 resumed_slices=0 elapsed_seconds=11.7
LAYER0_PROGRESS slice=46/64 states=[2925,2990) segments=0..=0 finished_slices=46/64 finished_states=2990/4102 resumed_slices=0 elapsed_seconds=12.4
LAYER0_PROGRESS slice=47/64 states=[2990,3055) segments=0..=0 finished_slices=47/64 finished_states=3055/4102 resumed_slices=0 elapsed_seconds=12.4
LAYER0_PROGRESS slice=48/64 states=[3055,3120) segments=0..=0 finished_slices=48/64 finished_states=3120/4102 resumed_slices=0 elapsed_seconds=12.4
LAYER0_PROGRESS slice=49/64 states=[3120,3185) segments=0..=0 finished_slices=49/64 finished_states=3185/4102 resumed_slices=0 elapsed_seconds=13.1
LAYER0_PROGRESS slice=50/64 states=[3185,3250) segments=0..=0 finished_slices=50/64 finished_states=3250/4102 resumed_slices=0 elapsed_seconds=13.1
LAYER0_PROGRESS slice=51/64 states=[3250,3315) segments=0..=0 finished_slices=51/64 finished_states=3315/4102 resumed_slices=0 elapsed_seconds=13.2
LAYER0_PROGRESS slice=52/64 states=[3315,3380) segments=0..=0 finished_slices=52/64 finished_states=3380/4102 resumed_slices=0 elapsed_seconds=13.9
LAYER0_PROGRESS slice=53/64 states=[3380,3445) segments=0..=0 finished_slices=53/64 finished_states=3445/4102 resumed_slices=0 elapsed_seconds=13.9
LAYER0_PROGRESS slice=54/64 states=[3445,3510) segments=0..=0 finished_slices=54/64 finished_states=3510/4102 resumed_slices=0 elapsed_seconds=14.0
LAYER0_PROGRESS slice=56/64 states=[3575,3640) segments=0..=0 finished_slices=55/64 finished_states=3575/4102 resumed_slices=0 elapsed_seconds=14.7
LAYER0_PROGRESS slice=55/64 states=[3510,3575) segments=0..=0 finished_slices=56/64 finished_states=3640/4102 resumed_slices=0 elapsed_seconds=14.7
LAYER0_PROGRESS slice=57/64 states=[3640,3705) segments=0..=0 finished_slices=57/64 finished_states=3705/4102 resumed_slices=0 elapsed_seconds=14.8
LAYER0_PROGRESS slice=58/64 states=[3705,3770) segments=0..=0 finished_slices=58/64 finished_states=3770/4102 resumed_slices=0 elapsed_seconds=15.5
LAYER0_PROGRESS slice=59/64 states=[3770,3835) segments=0..=0 finished_slices=59/64 finished_states=3835/4102 resumed_slices=0 elapsed_seconds=15.5
LAYER0_PROGRESS slice=60/64 states=[3835,3900) segments=0..=0 finished_slices=60/64 finished_states=3900/4102 resumed_slices=0 elapsed_seconds=15.6
LAYER0_PROGRESS slice=61/64 states=[3900,3965) segments=0..=0 finished_slices=61/64 finished_states=3965/4102 resumed_slices=0 elapsed_seconds=16.3
LAYER0_PROGRESS slice=62/64 states=[3965,4030) segments=0..=0 finished_slices=62/64 finished_states=4030/4102 resumed_slices=0 elapsed_seconds=16.3
LAYER0_PROGRESS slice=63/64 states=[4030,4095) segments=0..=0 finished_slices=63/64 finished_states=4095/4102 resumed_slices=0 elapsed_seconds=16.3
LAYER0_PROGRESS slice=64/64 states=[4095,4102) segments=1..=all_persisted finished_slices=64/64 finished_states=4102/4102 resumed_slices=0 elapsed_seconds=16.3
LAYER0_FINDINGS signatures=0 red_states=0 states=4102
LAYER0_PARALLEL_FINISHED states=4102 slices=64 worker_threads=3 configured_worker_threads=3 worker_threads_source=environment_variable resumed_slices=0 freshly_run_slices=64 progress_file_after_completion=none elapsed_seconds=16.3
SWEEP seed=4 entry=rollback fault=Some((Write, 17)) fired=Some((Write, 17, 1, 4096)) outcome=Err Publish(PublishSequenceFailed { cause: BlockDevice(InputOutput(Custom { kind: Other, error: "注入的写错" })), writes_before_the_first_publish: WritesByStructureKind { counted: {} }, writes_of_persisted writes_before=16 writes_after=0 frozen=true resend=Ok checker=0 first=None read=FileRead root=Some((InstanceGeneration(2), CheckpointTxg(8))) content_ok=true remount=Ok checker_after_remount=0 first_after=None enum=states=4102 seconds=16.3 closed=4101 exact=4102 oracle=0 ignored=0 root_without_record=0 missing_unit=0 checker_red_states=0 first=None first_checker=None
LAYER0_PARALLEL_START states=4096 slices=64 states_per_slice=64 worker_threads=3 configured_worker_threads=3 worker_threads_source=environment_variable resumed_slices=0 freshly_run_slices=64
LAYER0_PROGRESS slice=1/64 states=[0,64) segments=0..=0 finished_slices=1/64 finished_states=64/4096 resumed_slices=0 elapsed_seconds=0.8
LAYER0_PROGRESS slice=3/64 states=[128,192) segments=0..=0 finished_slices=2/64 finished_states=128/4096 resumed_slices=0 elapsed_seconds=0.8
LAYER0_PROGRESS slice=2/64 states=[64,128) segments=0..=0 finished_slices=3/64 finished_states=192/4096 resumed_slices=0 elapsed_seconds=0.8
LAYER0_PROGRESS slice=4/64 states=[192,256) segments=0..=0 finished_slices=4/64 finished_states=256/4096 resumed_slices=0 elapsed_seconds=1.5
LAYER0_PROGRESS slice=5/64 states=[256,320) segments=0..=0 finished_slices=5/64 finished_states=320/4096 resumed_slices=0 elapsed_seconds=1.5
LAYER0_PROGRESS slice=6/64 states=[320,384) segments=0..=0 finished_slices=6/64 finished_states=384/4096 resumed_slices=0 elapsed_seconds=1.5
LAYER0_PROGRESS slice=7/64 states=[384,448) segments=0..=0 finished_slices=7/64 finished_states=448/4096 resumed_slices=0 elapsed_seconds=2.3
LAYER0_PROGRESS slice=8/64 states=[448,512) segments=0..=0 finished_slices=8/64 finished_states=512/4096 resumed_slices=0 elapsed_seconds=2.3
LAYER0_PROGRESS slice=9/64 states=[512,576) segments=0..=0 finished_slices=9/64 finished_states=576/4096 resumed_slices=0 elapsed_seconds=2.3
LAYER0_PROGRESS slice=10/64 states=[576,640) segments=0..=0 finished_slices=10/64 finished_states=640/4096 resumed_slices=0 elapsed_seconds=3.1
LAYER0_PROGRESS slice=11/64 states=[640,704) segments=0..=0 finished_slices=11/64 finished_states=704/4096 resumed_slices=0 elapsed_seconds=3.1
LAYER0_PROGRESS slice=12/64 states=[704,768) segments=0..=0 finished_slices=12/64 finished_states=768/4096 resumed_slices=0 elapsed_seconds=3.1
LAYER0_PROGRESS slice=13/64 states=[768,832) segments=0..=0 finished_slices=13/64 finished_states=832/4096 resumed_slices=0 elapsed_seconds=3.8
LAYER0_PROGRESS slice=14/64 states=[832,896) segments=0..=0 finished_slices=14/64 finished_states=896/4096 resumed_slices=0 elapsed_seconds=3.8
LAYER0_PROGRESS slice=15/64 states=[896,960) segments=0..=0 finished_slices=15/64 finished_states=960/4096 resumed_slices=0 elapsed_seconds=3.8
LAYER0_PROGRESS slice=16/64 states=[960,1024) segments=0..=0 finished_slices=16/64 finished_states=1024/4096 resumed_slices=0 elapsed_seconds=4.6
LAYER0_PROGRESS slice=17/64 states=[1024,1088) segments=0..=0 finished_slices=17/64 finished_states=1088/4096 resumed_slices=0 elapsed_seconds=4.6
LAYER0_PROGRESS slice=18/64 states=[1088,1152) segments=0..=0 finished_slices=18/64 finished_states=1152/4096 resumed_slices=0 elapsed_seconds=4.6
LAYER0_PROGRESS slice=19/64 states=[1152,1216) segments=0..=0 finished_slices=19/64 finished_states=1216/4096 resumed_slices=0 elapsed_seconds=5.4
LAYER0_PROGRESS slice=20/64 states=[1216,1280) segments=0..=0 finished_slices=20/64 finished_states=1280/4096 resumed_slices=0 elapsed_seconds=5.4
LAYER0_PROGRESS slice=21/64 states=[1280,1344) segments=0..=0 finished_slices=21/64 finished_states=1344/4096 resumed_slices=0 elapsed_seconds=5.4
LAYER0_PROGRESS slice=22/64 states=[1344,1408) segments=0..=0 finished_slices=22/64 finished_states=1408/4096 resumed_slices=0 elapsed_seconds=6.2
LAYER0_PROGRESS slice=23/64 states=[1408,1472) segments=0..=0 finished_slices=23/64 finished_states=1472/4096 resumed_slices=0 elapsed_seconds=6.2
LAYER0_PROGRESS slice=24/64 states=[1472,1536) segments=0..=0 finished_slices=24/64 finished_states=1536/4096 resumed_slices=0 elapsed_seconds=6.2
LAYER0_PROGRESS slice=25/64 states=[1536,1600) segments=0..=0 finished_slices=25/64 finished_states=1600/4096 resumed_slices=0 elapsed_seconds=6.9
LAYER0_PROGRESS slice=26/64 states=[1600,1664) segments=0..=0 finished_slices=26/64 finished_states=1664/4096 resumed_slices=0 elapsed_seconds=6.9
LAYER0_PROGRESS slice=27/64 states=[1664,1728) segments=0..=0 finished_slices=27/64 finished_states=1728/4096 resumed_slices=0 elapsed_seconds=7.0
LAYER0_PROGRESS slice=28/64 states=[1728,1792) segments=0..=0 finished_slices=28/64 finished_states=1792/4096 resumed_slices=0 elapsed_seconds=7.7
LAYER0_PROGRESS slice=29/64 states=[1792,1856) segments=0..=0 finished_slices=29/64 finished_states=1856/4096 resumed_slices=0 elapsed_seconds=7.7
LAYER0_PROGRESS slice=30/64 states=[1856,1920) segments=0..=0 finished_slices=30/64 finished_states=1920/4096 resumed_slices=0 elapsed_seconds=7.7
LAYER0_PROGRESS slice=31/64 states=[1920,1984) segments=0..=0 finished_slices=31/64 finished_states=1984/4096 resumed_slices=0 elapsed_seconds=8.5
LAYER0_PROGRESS slice=32/64 states=[1984,2048) segments=0..=0 finished_slices=32/64 finished_states=2048/4096 resumed_slices=0 elapsed_seconds=8.5
LAYER0_PROGRESS slice=33/64 states=[2048,2112) segments=0..=0 finished_slices=33/64 finished_states=2112/4096 resumed_slices=0 elapsed_seconds=8.5
LAYER0_PROGRESS slice=34/64 states=[2112,2176) segments=0..=0 finished_slices=34/64 finished_states=2176/4096 resumed_slices=0 elapsed_seconds=9.2
LAYER0_PROGRESS slice=35/64 states=[2176,2240) segments=0..=0 finished_slices=35/64 finished_states=2240/4096 resumed_slices=0 elapsed_seconds=9.2
LAYER0_PROGRESS slice=36/64 states=[2240,2304) segments=0..=0 finished_slices=36/64 finished_states=2304/4096 resumed_slices=0 elapsed_seconds=9.2
LAYER0_PROGRESS slice=37/64 states=[2304,2368) segments=0..=0 finished_slices=37/64 finished_states=2368/4096 resumed_slices=0 elapsed_seconds=10.0
LAYER0_PROGRESS slice=38/64 states=[2368,2432) segments=0..=0 finished_slices=38/64 finished_states=2432/4096 resumed_slices=0 elapsed_seconds=10.0
LAYER0_PROGRESS slice=39/64 states=[2432,2496) segments=0..=0 finished_slices=39/64 finished_states=2496/4096 resumed_slices=0 elapsed_seconds=10.0
LAYER0_PROGRESS slice=40/64 states=[2496,2560) segments=0..=0 finished_slices=40/64 finished_states=2560/4096 resumed_slices=0 elapsed_seconds=10.7
LAYER0_PROGRESS slice=41/64 states=[2560,2624) segments=0..=0 finished_slices=41/64 finished_states=2624/4096 resumed_slices=0 elapsed_seconds=10.7
LAYER0_PROGRESS slice=42/64 states=[2624,2688) segments=0..=0 finished_slices=42/64 finished_states=2688/4096 resumed_slices=0 elapsed_seconds=10.7
LAYER0_PROGRESS slice=43/64 states=[2688,2752) segments=0..=0 finished_slices=43/64 finished_states=2752/4096 resumed_slices=0 elapsed_seconds=11.5
LAYER0_PROGRESS slice=44/64 states=[2752,2816) segments=0..=0 finished_slices=44/64 finished_states=2816/4096 resumed_slices=0 elapsed_seconds=11.5
LAYER0_PROGRESS slice=45/64 states=[2816,2880) segments=0..=0 finished_slices=45/64 finished_states=2880/4096 resumed_slices=0 elapsed_seconds=11.5
LAYER0_PROGRESS slice=46/64 states=[2880,2944) segments=0..=0 finished_slices=46/64 finished_states=2944/4096 resumed_slices=0 elapsed_seconds=12.3
LAYER0_PROGRESS slice=47/64 states=[2944,3008) segments=0..=0 finished_slices=47/64 finished_states=3008/4096 resumed_slices=0 elapsed_seconds=12.3
LAYER0_PROGRESS slice=48/64 states=[3008,3072) segments=0..=0 finished_slices=48/64 finished_states=3072/4096 resumed_slices=0 elapsed_seconds=12.3
LAYER0_PROGRESS slice=49/64 states=[3072,3136) segments=0..=0 finished_slices=49/64 finished_states=3136/4096 resumed_slices=0 elapsed_seconds=13.0
LAYER0_PROGRESS slice=50/64 states=[3136,3200) segments=0..=0 finished_slices=50/64 finished_states=3200/4096 resumed_slices=0 elapsed_seconds=13.0
LAYER0_PROGRESS slice=51/64 states=[3200,3264) segments=0..=0 finished_slices=51/64 finished_states=3264/4096 resumed_slices=0 elapsed_seconds=13.0
LAYER0_PROGRESS slice=52/64 states=[3264,3328) segments=0..=0 finished_slices=52/64 finished_states=3328/4096 resumed_slices=0 elapsed_seconds=13.8
LAYER0_PROGRESS slice=53/64 states=[3328,3392) segments=0..=0 finished_slices=53/64 finished_states=3392/4096 resumed_slices=0 elapsed_seconds=13.8
LAYER0_PROGRESS slice=54/64 states=[3392,3456) segments=0..=0 finished_slices=54/64 finished_states=3456/4096 resumed_slices=0 elapsed_seconds=13.8
LAYER0_PROGRESS slice=55/64 states=[3456,3520) segments=0..=0 finished_slices=55/64 finished_states=3520/4096 resumed_slices=0 elapsed_seconds=14.5
LAYER0_PROGRESS slice=56/64 states=[3520,3584) segments=0..=0 finished_slices=56/64 finished_states=3584/4096 resumed_slices=0 elapsed_seconds=14.5
LAYER0_PROGRESS slice=57/64 states=[3584,3648) segments=0..=0 finished_slices=57/64 finished_states=3648/4096 resumed_slices=0 elapsed_seconds=14.6
LAYER0_PROGRESS slice=58/64 states=[3648,3712) segments=0..=0 finished_slices=58/64 finished_states=3712/4096 resumed_slices=0 elapsed_seconds=15.3
LAYER0_PROGRESS slice=59/64 states=[3712,3776) segments=0..=0 finished_slices=59/64 finished_states=3776/4096 resumed_slices=0 elapsed_seconds=15.3
LAYER0_PROGRESS slice=60/64 states=[3776,3840) segments=0..=0 finished_slices=60/64 finished_states=3840/4096 resumed_slices=0 elapsed_seconds=15.3
LAYER0_PROGRESS slice=61/64 states=[3840,3904) segments=0..=0 finished_slices=61/64 finished_states=3904/4096 resumed_slices=0 elapsed_seconds=16.0
LAYER0_PROGRESS slice=62/64 states=[3904,3968) segments=0..=0 finished_slices=62/64 finished_states=3968/4096 resumed_slices=0 elapsed_seconds=16.1
LAYER0_PROGRESS slice=63/64 states=[3968,4032) segments=0..=0 finished_slices=63/64 finished_states=4032/4096 resumed_slices=0 elapsed_seconds=16.1
LAYER0_PROGRESS slice=64/64 states=[4032,4096) segments=0..=all_persisted finished_slices=64/64 finished_states=4096/4096 resumed_slices=0 elapsed_seconds=16.8
LAYER0_FINDINGS signatures=0 red_states=0 states=4096
LAYER0_PARALLEL_FINISHED states=4096 slices=64 worker_threads=3 configured_worker_threads=3 worker_threads_source=environment_variable resumed_slices=0 freshly_run_slices=64 progress_file_after_completion=none elapsed_seconds=16.8
SWEEP seed=4 entry=rollback fault=Some((Barrier, 1)) fired=Some((Barrier, 1, 0, 0)) outcome=Err Publish(PublishSequenceFailed { cause: BlockDevice(InputOutput(Custom { kind: Other, error: "注入的屏障错" })), writes_before_the_first_publish: WritesByStructureKind { counted: {} }, writes_of_persiste writes_before=12 writes_after=0 frozen=true resend=Ok checker=0 first=None read=FileRead root=Some((InstanceGeneration(2), CheckpointTxg(8))) content_ok=true remount=Ok checker_after_remount=0 first_after=None enum=states=4096 seconds=16.8 closed=4096 exact=4096 oracle=0 ignored=0 root_without_record=0 missing_unit=0 checker_red_states=0 first=None first_checker=None
LAYER0_PARALLEL_START states=4096 slices=64 states_per_slice=64 worker_threads=3 configured_worker_threads=3 worker_threads_source=environment_variable resumed_slices=0 freshly_run_slices=64
LAYER0_PROGRESS slice=1/64 states=[0,64) segments=0..=0 finished_slices=1/64 finished_states=64/4096 resumed_slices=0 elapsed_seconds=0.8
LAYER0_PROGRESS slice=3/64 states=[128,192) segments=0..=0 finished_slices=2/64 finished_states=128/4096 resumed_slices=0 elapsed_seconds=0.8
LAYER0_PROGRESS slice=2/64 states=[64,128) segments=0..=0 finished_slices=3/64 finished_states=192/4096 resumed_slices=0 elapsed_seconds=0.8
LAYER0_PROGRESS slice=5/64 states=[256,320) segments=0..=0 finished_slices=4/64 finished_states=256/4096 resumed_slices=0 elapsed_seconds=1.5
LAYER0_PROGRESS slice=4/64 states=[192,256) segments=0..=0 finished_slices=5/64 finished_states=320/4096 resumed_slices=0 elapsed_seconds=1.5
LAYER0_PROGRESS slice=6/64 states=[320,384) segments=0..=0 finished_slices=6/64 finished_states=384/4096 resumed_slices=0 elapsed_seconds=1.5
LAYER0_PROGRESS slice=7/64 states=[384,448) segments=0..=0 finished_slices=7/64 finished_states=448/4096 resumed_slices=0 elapsed_seconds=2.3
LAYER0_PROGRESS slice=8/64 states=[448,512) segments=0..=0 finished_slices=8/64 finished_states=512/4096 resumed_slices=0 elapsed_seconds=2.3
LAYER0_PROGRESS slice=9/64 states=[512,576) segments=0..=0 finished_slices=9/64 finished_states=576/4096 resumed_slices=0 elapsed_seconds=2.3
LAYER0_PROGRESS slice=10/64 states=[576,640) segments=0..=0 finished_slices=10/64 finished_states=640/4096 resumed_slices=0 elapsed_seconds=3.0
LAYER0_PROGRESS slice=11/64 states=[640,704) segments=0..=0 finished_slices=11/64 finished_states=704/4096 resumed_slices=0 elapsed_seconds=3.0
LAYER0_PROGRESS slice=12/64 states=[704,768) segments=0..=0 finished_slices=12/64 finished_states=768/4096 resumed_slices=0 elapsed_seconds=3.1
LAYER0_PROGRESS slice=13/64 states=[768,832) segments=0..=0 finished_slices=13/64 finished_states=832/4096 resumed_slices=0 elapsed_seconds=3.8
LAYER0_PROGRESS slice=14/64 states=[832,896) segments=0..=0 finished_slices=14/64 finished_states=896/4096 resumed_slices=0 elapsed_seconds=3.8
LAYER0_PROGRESS slice=15/64 states=[896,960) segments=0..=0 finished_slices=15/64 finished_states=960/4096 resumed_slices=0 elapsed_seconds=3.8
LAYER0_PROGRESS slice=16/64 states=[960,1024) segments=0..=0 finished_slices=16/64 finished_states=1024/4096 resumed_slices=0 elapsed_seconds=4.6
LAYER0_PROGRESS slice=17/64 states=[1024,1088) segments=0..=0 finished_slices=17/64 finished_states=1088/4096 resumed_slices=0 elapsed_seconds=4.6
LAYER0_PROGRESS slice=18/64 states=[1088,1152) segments=0..=0 finished_slices=18/64 finished_states=1152/4096 resumed_slices=0 elapsed_seconds=4.6
LAYER0_PROGRESS slice=19/64 states=[1152,1216) segments=0..=0 finished_slices=19/64 finished_states=1216/4096 resumed_slices=0 elapsed_seconds=5.4
LAYER0_PROGRESS slice=20/64 states=[1216,1280) segments=0..=0 finished_slices=20/64 finished_states=1280/4096 resumed_slices=0 elapsed_seconds=5.4
LAYER0_PROGRESS slice=21/64 states=[1280,1344) segments=0..=0 finished_slices=21/64 finished_states=1344/4096 resumed_slices=0 elapsed_seconds=5.4
LAYER0_PROGRESS slice=22/64 states=[1344,1408) segments=0..=0 finished_slices=22/64 finished_states=1408/4096 resumed_slices=0 elapsed_seconds=6.2
LAYER0_PROGRESS slice=23/64 states=[1408,1472) segments=0..=0 finished_slices=23/64 finished_states=1472/4096 resumed_slices=0 elapsed_seconds=6.2
LAYER0_PROGRESS slice=24/64 states=[1472,1536) segments=0..=0 finished_slices=24/64 finished_states=1536/4096 resumed_slices=0 elapsed_seconds=6.3
LAYER0_PROGRESS slice=25/64 states=[1536,1600) segments=0..=0 finished_slices=25/64 finished_states=1600/4096 resumed_slices=0 elapsed_seconds=7.0
LAYER0_PROGRESS slice=26/64 states=[1600,1664) segments=0..=0 finished_slices=26/64 finished_states=1664/4096 resumed_slices=0 elapsed_seconds=7.0
LAYER0_PROGRESS slice=27/64 states=[1664,1728) segments=0..=0 finished_slices=27/64 finished_states=1728/4096 resumed_slices=0 elapsed_seconds=7.1
LAYER0_PROGRESS slice=29/64 states=[1792,1856) segments=0..=0 finished_slices=28/64 finished_states=1792/4096 resumed_slices=0 elapsed_seconds=7.9
LAYER0_PROGRESS slice=28/64 states=[1728,1792) segments=0..=0 finished_slices=29/64 finished_states=1856/4096 resumed_slices=0 elapsed_seconds=7.9
LAYER0_PROGRESS slice=30/64 states=[1856,1920) segments=0..=0 finished_slices=30/64 finished_states=1920/4096 resumed_slices=0 elapsed_seconds=7.9
LAYER0_PROGRESS slice=32/64 states=[1984,2048) segments=0..=0 finished_slices=31/64 finished_states=1984/4096 resumed_slices=0 elapsed_seconds=8.7
LAYER0_PROGRESS slice=31/64 states=[1920,1984) segments=0..=0 finished_slices=32/64 finished_states=2048/4096 resumed_slices=0 elapsed_seconds=8.7
LAYER0_PROGRESS slice=33/64 states=[2048,2112) segments=0..=0 finished_slices=33/64 finished_states=2112/4096 resumed_slices=0 elapsed_seconds=8.7
LAYER0_PROGRESS slice=34/64 states=[2112,2176) segments=0..=0 finished_slices=34/64 finished_states=2176/4096 resumed_slices=0 elapsed_seconds=9.5
LAYER0_PROGRESS slice=35/64 states=[2176,2240) segments=0..=0 finished_slices=35/64 finished_states=2240/4096 resumed_slices=0 elapsed_seconds=9.5
LAYER0_PROGRESS slice=36/64 states=[2240,2304) segments=0..=0 finished_slices=36/64 finished_states=2304/4096 resumed_slices=0 elapsed_seconds=9.5
LAYER0_PROGRESS slice=38/64 states=[2368,2432) segments=0..=0 finished_slices=37/64 finished_states=2368/4096 resumed_slices=0 elapsed_seconds=10.2
LAYER0_PROGRESS slice=37/64 states=[2304,2368) segments=0..=0 finished_slices=38/64 finished_states=2432/4096 resumed_slices=0 elapsed_seconds=10.2
LAYER0_PROGRESS slice=39/64 states=[2432,2496) segments=0..=0 finished_slices=39/64 finished_states=2496/4096 resumed_slices=0 elapsed_seconds=10.3
LAYER0_PROGRESS slice=40/64 states=[2496,2560) segments=0..=0 finished_slices=40/64 finished_states=2560/4096 resumed_slices=0 elapsed_seconds=11.0
LAYER0_PROGRESS slice=41/64 states=[2560,2624) segments=0..=0 finished_slices=41/64 finished_states=2624/4096 resumed_slices=0 elapsed_seconds=11.0
LAYER0_PROGRESS slice=42/64 states=[2624,2688) segments=0..=0 finished_slices=42/64 finished_states=2688/4096 resumed_slices=0 elapsed_seconds=11.0
LAYER0_PROGRESS slice=43/64 states=[2688,2752) segments=0..=0 finished_slices=43/64 finished_states=2752/4096 resumed_slices=0 elapsed_seconds=11.7
LAYER0_PROGRESS slice=44/64 states=[2752,2816) segments=0..=0 finished_slices=44/64 finished_states=2816/4096 resumed_slices=0 elapsed_seconds=11.7
LAYER0_PROGRESS slice=45/64 states=[2816,2880) segments=0..=0 finished_slices=45/64 finished_states=2880/4096 resumed_slices=0 elapsed_seconds=11.8
LAYER0_PROGRESS slice=46/64 states=[2880,2944) segments=0..=0 finished_slices=46/64 finished_states=2944/4096 resumed_slices=0 elapsed_seconds=12.5
LAYER0_PROGRESS slice=47/64 states=[2944,3008) segments=0..=0 finished_slices=47/64 finished_states=3008/4096 resumed_slices=0 elapsed_seconds=12.5
LAYER0_PROGRESS slice=48/64 states=[3008,3072) segments=0..=0 finished_slices=48/64 finished_states=3072/4096 resumed_slices=0 elapsed_seconds=12.5
LAYER0_PROGRESS slice=49/64 states=[3072,3136) segments=0..=0 finished_slices=49/64 finished_states=3136/4096 resumed_slices=0 elapsed_seconds=13.2
LAYER0_PROGRESS slice=50/64 states=[3136,3200) segments=0..=0 finished_slices=50/64 finished_states=3200/4096 resumed_slices=0 elapsed_seconds=13.3
LAYER0_PROGRESS slice=51/64 states=[3200,3264) segments=0..=0 finished_slices=51/64 finished_states=3264/4096 resumed_slices=0 elapsed_seconds=13.3
LAYER0_PROGRESS slice=52/64 states=[3264,3328) segments=0..=0 finished_slices=52/64 finished_states=3328/4096 resumed_slices=0 elapsed_seconds=14.0
LAYER0_PROGRESS slice=53/64 states=[3328,3392) segments=0..=0 finished_slices=53/64 finished_states=3392/4096 resumed_slices=0 elapsed_seconds=14.0
LAYER0_PROGRESS slice=54/64 states=[3392,3456) segments=0..=0 finished_slices=54/64 finished_states=3456/4096 resumed_slices=0 elapsed_seconds=14.1
LAYER0_PROGRESS slice=55/64 states=[3456,3520) segments=0..=0 finished_slices=55/64 finished_states=3520/4096 resumed_slices=0 elapsed_seconds=14.8
LAYER0_PROGRESS slice=56/64 states=[3520,3584) segments=0..=0 finished_slices=56/64 finished_states=3584/4096 resumed_slices=0 elapsed_seconds=14.8
LAYER0_PROGRESS slice=57/64 states=[3584,3648) segments=0..=0 finished_slices=57/64 finished_states=3648/4096 resumed_slices=0 elapsed_seconds=14.8
LAYER0_PROGRESS slice=58/64 states=[3648,3712) segments=0..=0 finished_slices=58/64 finished_states=3712/4096 resumed_slices=0 elapsed_seconds=15.5
LAYER0_PROGRESS slice=59/64 states=[3712,3776) segments=0..=0 finished_slices=59/64 finished_states=3776/4096 resumed_slices=0 elapsed_seconds=15.5
LAYER0_PROGRESS slice=60/64 states=[3776,3840) segments=0..=0 finished_slices=60/64 finished_states=3840/4096 resumed_slices=0 elapsed_seconds=15.6
LAYER0_PROGRESS slice=61/64 states=[3840,3904) segments=0..=0 finished_slices=61/64 finished_states=3904/4096 resumed_slices=0 elapsed_seconds=16.3
LAYER0_PROGRESS slice=62/64 states=[3904,3968) segments=0..=0 finished_slices=62/64 finished_states=3968/4096 resumed_slices=0 elapsed_seconds=16.3
LAYER0_PROGRESS slice=63/64 states=[3968,4032) segments=0..=0 finished_slices=63/64 finished_states=4032/4096 resumed_slices=0 elapsed_seconds=16.3
LAYER0_PROGRESS slice=64/64 states=[4032,4096) segments=0..=all_persisted finished_slices=64/64 finished_states=4096/4096 resumed_slices=0 elapsed_seconds=17.1
LAYER0_FINDINGS signatures=0 red_states=0 states=4096
LAYER0_PARALLEL_FINISHED states=4096 slices=64 worker_threads=3 configured_worker_threads=3 worker_threads_source=environment_variable resumed_slices=0 freshly_run_slices=64 progress_file_after_completion=none elapsed_seconds=17.1
SWEEP seed=4 entry=rollback fault=Some((Barrier, 2)) fired=Some((Barrier, 2, 1, 0)) outcome=Err Publish(PublishSequenceFailed { cause: BlockDevice(InputOutput(Custom { kind: Other, error: "注入的屏障错" })), writes_before_the_first_publish: WritesByStructureKind { counted: {} }, writes_of_persiste writes_before=12 writes_after=0 frozen=true resend=Ok checker=0 first=None read=FileRead root=Some((InstanceGeneration(2), CheckpointTxg(8))) content_ok=true remount=Ok checker_after_remount=0 first_after=None enum=states=4096 seconds=17.1 closed=4096 exact=4096 oracle=0 ignored=0 root_without_record=0 missing_unit=0 checker_red_states=0 first=None first_checker=None
LAYER0_PARALLEL_START states=4099 slices=64 states_per_slice=65 worker_threads=3 configured_worker_threads=3 worker_threads_source=environment_variable resumed_slices=0 freshly_run_slices=64
LAYER0_PROGRESS slice=2/64 states=[65,130) segments=0..=0 finished_slices=1/64 finished_states=65/4099 resumed_slices=0 elapsed_seconds=0.8
LAYER0_PROGRESS slice=1/64 states=[0,65) segments=0..=0 finished_slices=2/64 finished_states=130/4099 resumed_slices=0 elapsed_seconds=0.8
LAYER0_PROGRESS slice=3/64 states=[130,195) segments=0..=0 finished_slices=3/64 finished_states=195/4099 resumed_slices=0 elapsed_seconds=0.8
LAYER0_PROGRESS slice=6/64 states=[325,390) segments=0..=0 finished_slices=4/64 finished_states=260/4099 resumed_slices=0 elapsed_seconds=1.6
LAYER0_PROGRESS slice=4/64 states=[195,260) segments=0..=0 finished_slices=5/64 finished_states=325/4099 resumed_slices=0 elapsed_seconds=1.6
LAYER0_PROGRESS slice=5/64 states=[260,325) segments=0..=0 finished_slices=6/64 finished_states=390/4099 resumed_slices=0 elapsed_seconds=1.6
LAYER0_PROGRESS slice=7/64 states=[390,455) segments=0..=0 finished_slices=7/64 finished_states=455/4099 resumed_slices=0 elapsed_seconds=2.4
LAYER0_PROGRESS slice=9/64 states=[520,585) segments=0..=0 finished_slices=8/64 finished_states=520/4099 resumed_slices=0 elapsed_seconds=2.4
LAYER0_PROGRESS slice=8/64 states=[455,520) segments=0..=0 finished_slices=9/64 finished_states=585/4099 resumed_slices=0 elapsed_seconds=2.4
LAYER0_PROGRESS slice=10/64 states=[585,650) segments=0..=0 finished_slices=10/64 finished_states=650/4099 resumed_slices=0 elapsed_seconds=3.1
LAYER0_PROGRESS slice=11/64 states=[650,715) segments=0..=0 finished_slices=11/64 finished_states=715/4099 resumed_slices=0 elapsed_seconds=3.2
LAYER0_PROGRESS slice=12/64 states=[715,780) segments=0..=0 finished_slices=12/64 finished_states=780/4099 resumed_slices=0 elapsed_seconds=3.2
LAYER0_PROGRESS slice=13/64 states=[780,845) segments=0..=0 finished_slices=13/64 finished_states=845/4099 resumed_slices=0 elapsed_seconds=3.9
LAYER0_PROGRESS slice=14/64 states=[845,910) segments=0..=0 finished_slices=14/64 finished_states=910/4099 resumed_slices=0 elapsed_seconds=3.9
LAYER0_PROGRESS slice=15/64 states=[910,975) segments=0..=0 finished_slices=15/64 finished_states=975/4099 resumed_slices=0 elapsed_seconds=3.9
LAYER0_PROGRESS slice=16/64 states=[975,1040) segments=0..=0 finished_slices=16/64 finished_states=1040/4099 resumed_slices=0 elapsed_seconds=4.7
LAYER0_PROGRESS slice=17/64 states=[1040,1105) segments=0..=0 finished_slices=17/64 finished_states=1105/4099 resumed_slices=0 elapsed_seconds=4.7
LAYER0_PROGRESS slice=18/64 states=[1105,1170) segments=0..=0 finished_slices=18/64 finished_states=1170/4099 resumed_slices=0 elapsed_seconds=4.7
LAYER0_PROGRESS slice=19/64 states=[1170,1235) segments=0..=0 finished_slices=19/64 finished_states=1235/4099 resumed_slices=0 elapsed_seconds=5.5
LAYER0_PROGRESS slice=20/64 states=[1235,1300) segments=0..=0 finished_slices=20/64 finished_states=1300/4099 resumed_slices=0 elapsed_seconds=5.5
LAYER0_PROGRESS slice=21/64 states=[1300,1365) segments=0..=0 finished_slices=21/64 finished_states=1365/4099 resumed_slices=0 elapsed_seconds=5.5
LAYER0_PROGRESS slice=22/64 states=[1365,1430) segments=0..=0 finished_slices=22/64 finished_states=1430/4099 resumed_slices=0 elapsed_seconds=6.3
LAYER0_PROGRESS slice=23/64 states=[1430,1495) segments=0..=0 finished_slices=23/64 finished_states=1495/4099 resumed_slices=0 elapsed_seconds=6.3
LAYER0_PROGRESS slice=24/64 states=[1495,1560) segments=0..=0 finished_slices=24/64 finished_states=1560/4099 resumed_slices=0 elapsed_seconds=6.3
LAYER0_PROGRESS slice=25/64 states=[1560,1625) segments=0..=0 finished_slices=25/64 finished_states=1625/4099 resumed_slices=0 elapsed_seconds=7.0
LAYER0_PROGRESS slice=26/64 states=[1625,1690) segments=0..=0 finished_slices=26/64 finished_states=1690/4099 resumed_slices=0 elapsed_seconds=7.1
LAYER0_PROGRESS slice=27/64 states=[1690,1755) segments=0..=0 finished_slices=27/64 finished_states=1755/4099 resumed_slices=0 elapsed_seconds=7.1
LAYER0_PROGRESS slice=28/64 states=[1755,1820) segments=0..=0 finished_slices=28/64 finished_states=1820/4099 resumed_slices=0 elapsed_seconds=7.8
LAYER0_PROGRESS slice=29/64 states=[1820,1885) segments=0..=0 finished_slices=29/64 finished_states=1885/4099 resumed_slices=0 elapsed_seconds=7.8
LAYER0_PROGRESS slice=30/64 states=[1885,1950) segments=0..=0 finished_slices=30/64 finished_states=1950/4099 resumed_slices=0 elapsed_seconds=7.8
LAYER0_PROGRESS slice=31/64 states=[1950,2015) segments=0..=0 finished_slices=31/64 finished_states=2015/4099 resumed_slices=0 elapsed_seconds=8.6
LAYER0_PROGRESS slice=32/64 states=[2015,2080) segments=0..=0 finished_slices=32/64 finished_states=2080/4099 resumed_slices=0 elapsed_seconds=8.6
LAYER0_PROGRESS slice=33/64 states=[2080,2145) segments=0..=0 finished_slices=33/64 finished_states=2145/4099 resumed_slices=0 elapsed_seconds=8.6
LAYER0_PROGRESS slice=34/64 states=[2145,2210) segments=0..=0 finished_slices=34/64 finished_states=2210/4099 resumed_slices=0 elapsed_seconds=9.4
LAYER0_PROGRESS slice=35/64 states=[2210,2275) segments=0..=0 finished_slices=35/64 finished_states=2275/4099 resumed_slices=0 elapsed_seconds=9.4
LAYER0_PROGRESS slice=36/64 states=[2275,2340) segments=0..=0 finished_slices=36/64 finished_states=2340/4099 resumed_slices=0 elapsed_seconds=9.4
LAYER0_PROGRESS slice=37/64 states=[2340,2405) segments=0..=0 finished_slices=37/64 finished_states=2405/4099 resumed_slices=0 elapsed_seconds=10.1
LAYER0_PROGRESS slice=38/64 states=[2405,2470) segments=0..=0 finished_slices=38/64 finished_states=2470/4099 resumed_slices=0 elapsed_seconds=10.2
LAYER0_PROGRESS slice=39/64 states=[2470,2535) segments=0..=0 finished_slices=39/64 finished_states=2535/4099 resumed_slices=0 elapsed_seconds=10.2
LAYER0_PROGRESS slice=40/64 states=[2535,2600) segments=0..=0 finished_slices=40/64 finished_states=2600/4099 resumed_slices=0 elapsed_seconds=10.9
LAYER0_PROGRESS slice=41/64 states=[2600,2665) segments=0..=0 finished_slices=41/64 finished_states=2665/4099 resumed_slices=0 elapsed_seconds=10.9
LAYER0_PROGRESS slice=42/64 states=[2665,2730) segments=0..=0 finished_slices=42/64 finished_states=2730/4099 resumed_slices=0 elapsed_seconds=10.9
LAYER0_PROGRESS slice=43/64 states=[2730,2795) segments=0..=0 finished_slices=43/64 finished_states=2795/4099 resumed_slices=0 elapsed_seconds=11.7
LAYER0_PROGRESS slice=44/64 states=[2795,2860) segments=0..=0 finished_slices=44/64 finished_states=2860/4099 resumed_slices=0 elapsed_seconds=11.7
LAYER0_PROGRESS slice=45/64 states=[2860,2925) segments=0..=0 finished_slices=45/64 finished_states=2925/4099 resumed_slices=0 elapsed_seconds=11.7
LAYER0_PROGRESS slice=46/64 states=[2925,2990) segments=0..=0 finished_slices=46/64 finished_states=2990/4099 resumed_slices=0 elapsed_seconds=12.5
LAYER0_PROGRESS slice=47/64 states=[2990,3055) segments=0..=0 finished_slices=47/64 finished_states=3055/4099 resumed_slices=0 elapsed_seconds=12.5
LAYER0_PROGRESS slice=48/64 states=[3055,3120) segments=0..=0 finished_slices=48/64 finished_states=3120/4099 resumed_slices=0 elapsed_seconds=12.5
LAYER0_PROGRESS slice=49/64 states=[3120,3185) segments=0..=0 finished_slices=49/64 finished_states=3185/4099 resumed_slices=0 elapsed_seconds=13.2
LAYER0_PROGRESS slice=50/64 states=[3185,3250) segments=0..=0 finished_slices=50/64 finished_states=3250/4099 resumed_slices=0 elapsed_seconds=13.2
LAYER0_PROGRESS slice=51/64 states=[3250,3315) segments=0..=0 finished_slices=51/64 finished_states=3315/4099 resumed_slices=0 elapsed_seconds=13.3
LAYER0_PROGRESS slice=52/64 states=[3315,3380) segments=0..=0 finished_slices=52/64 finished_states=3380/4099 resumed_slices=0 elapsed_seconds=14.0
LAYER0_PROGRESS slice=53/64 states=[3380,3445) segments=0..=0 finished_slices=53/64 finished_states=3445/4099 resumed_slices=0 elapsed_seconds=14.0
LAYER0_PROGRESS slice=54/64 states=[3445,3510) segments=0..=0 finished_slices=54/64 finished_states=3510/4099 resumed_slices=0 elapsed_seconds=14.0
LAYER0_PROGRESS slice=55/64 states=[3510,3575) segments=0..=0 finished_slices=55/64 finished_states=3575/4099 resumed_slices=0 elapsed_seconds=14.8
LAYER0_PROGRESS slice=56/64 states=[3575,3640) segments=0..=0 finished_slices=56/64 finished_states=3640/4099 resumed_slices=0 elapsed_seconds=14.8
LAYER0_PROGRESS slice=57/64 states=[3640,3705) segments=0..=0 finished_slices=57/64 finished_states=3705/4099 resumed_slices=0 elapsed_seconds=14.8
LAYER0_PROGRESS slice=58/64 states=[3705,3770) segments=0..=0 finished_slices=58/64 finished_states=3770/4099 resumed_slices=0 elapsed_seconds=15.5
LAYER0_PROGRESS slice=59/64 states=[3770,3835) segments=0..=0 finished_slices=59/64 finished_states=3835/4099 resumed_slices=0 elapsed_seconds=15.6
LAYER0_PROGRESS slice=60/64 states=[3835,3900) segments=0..=0 finished_slices=60/64 finished_states=3900/4099 resumed_slices=0 elapsed_seconds=15.6
LAYER0_PROGRESS slice=61/64 states=[3900,3965) segments=0..=0 finished_slices=61/64 finished_states=3965/4099 resumed_slices=0 elapsed_seconds=16.3
LAYER0_PROGRESS slice=62/64 states=[3965,4030) segments=0..=0 finished_slices=62/64 finished_states=4030/4099 resumed_slices=0 elapsed_seconds=16.3
LAYER0_PROGRESS slice=63/64 states=[4030,4095) segments=0..=0 finished_slices=63/64 finished_states=4095/4099 resumed_slices=0 elapsed_seconds=16.3
LAYER0_PROGRESS slice=64/64 states=[4095,4099) segments=1..=all_persisted finished_slices=64/64 finished_states=4099/4099 resumed_slices=0 elapsed_seconds=16.3
LAYER0_FINDINGS signatures=0 red_states=0 states=4099
LAYER0_PARALLEL_FINISHED states=4099 slices=64 worker_threads=3 configured_worker_threads=3 worker_threads_source=environment_variable resumed_slices=0 freshly_run_slices=64 progress_file_after_completion=none elapsed_seconds=16.3
SWEEP seed=4 entry=rollback fault=Some((Barrier, 3)) fired=Some((Barrier, 3, 0, 0)) outcome=Err Publish(PublishSequenceFailed { cause: BlockDevice(InputOutput(Custom { kind: Other, error: "注入的屏障错" })), writes_before_the_first_publish: WritesByStructureKind { counted: {} }, writes_of_persiste writes_before=14 writes_after=0 frozen=true resend=Ok checker=0 first=None read=FileRead root=Some((InstanceGeneration(2), CheckpointTxg(8))) content_ok=true remount=Ok checker_after_remount=0 first_after=None enum=states=4099 seconds=16.3 closed=4099 exact=4099 oracle=0 ignored=0 root_without_record=0 missing_unit=0 checker_red_states=0 first=None first_checker=None
LAYER0_PARALLEL_START states=4099 slices=64 states_per_slice=65 worker_threads=3 configured_worker_threads=3 worker_threads_source=environment_variable resumed_slices=0 freshly_run_slices=64
LAYER0_PROGRESS slice=2/64 states=[65,130) segments=0..=0 finished_slices=1/64 finished_states=65/4099 resumed_slices=0 elapsed_seconds=0.8
LAYER0_PROGRESS slice=3/64 states=[130,195) segments=0..=0 finished_slices=2/64 finished_states=130/4099 resumed_slices=0 elapsed_seconds=0.8
LAYER0_PROGRESS slice=1/64 states=[0,65) segments=0..=0 finished_slices=3/64 finished_states=195/4099 resumed_slices=0 elapsed_seconds=0.8
LAYER0_PROGRESS slice=5/64 states=[260,325) segments=0..=0 finished_slices=4/64 finished_states=260/4099 resumed_slices=0 elapsed_seconds=1.5
LAYER0_PROGRESS slice=4/64 states=[195,260) segments=0..=0 finished_slices=5/64 finished_states=325/4099 resumed_slices=0 elapsed_seconds=1.5
LAYER0_PROGRESS slice=6/64 states=[325,390) segments=0..=0 finished_slices=6/64 finished_states=390/4099 resumed_slices=0 elapsed_seconds=1.5
LAYER0_PROGRESS slice=7/64 states=[390,455) segments=0..=0 finished_slices=7/64 finished_states=455/4099 resumed_slices=0 elapsed_seconds=2.3
LAYER0_PROGRESS slice=8/64 states=[455,520) segments=0..=0 finished_slices=8/64 finished_states=520/4099 resumed_slices=0 elapsed_seconds=2.3
LAYER0_PROGRESS slice=9/64 states=[520,585) segments=0..=0 finished_slices=9/64 finished_states=585/4099 resumed_slices=0 elapsed_seconds=2.3
LAYER0_PROGRESS slice=10/64 states=[585,650) segments=0..=0 finished_slices=10/64 finished_states=650/4099 resumed_slices=0 elapsed_seconds=3.1
LAYER0_PROGRESS slice=11/64 states=[650,715) segments=0..=0 finished_slices=11/64 finished_states=715/4099 resumed_slices=0 elapsed_seconds=3.1
LAYER0_PROGRESS slice=12/64 states=[715,780) segments=0..=0 finished_slices=12/64 finished_states=780/4099 resumed_slices=0 elapsed_seconds=3.1
LAYER0_PROGRESS slice=13/64 states=[780,845) segments=0..=0 finished_slices=13/64 finished_states=845/4099 resumed_slices=0 elapsed_seconds=3.8
LAYER0_PROGRESS slice=14/64 states=[845,910) segments=0..=0 finished_slices=14/64 finished_states=910/4099 resumed_slices=0 elapsed_seconds=3.8
LAYER0_PROGRESS slice=15/64 states=[910,975) segments=0..=0 finished_slices=15/64 finished_states=975/4099 resumed_slices=0 elapsed_seconds=3.9
LAYER0_PROGRESS slice=16/64 states=[975,1040) segments=0..=0 finished_slices=16/64 finished_states=1040/4099 resumed_slices=0 elapsed_seconds=4.6
LAYER0_PROGRESS slice=17/64 states=[1040,1105) segments=0..=0 finished_slices=17/64 finished_states=1105/4099 resumed_slices=0 elapsed_seconds=4.6
LAYER0_PROGRESS slice=18/64 states=[1105,1170) segments=0..=0 finished_slices=18/64 finished_states=1170/4099 resumed_slices=0 elapsed_seconds=4.6
LAYER0_PROGRESS slice=19/64 states=[1170,1235) segments=0..=0 finished_slices=19/64 finished_states=1235/4099 resumed_slices=0 elapsed_seconds=5.4
LAYER0_PROGRESS slice=20/64 states=[1235,1300) segments=0..=0 finished_slices=20/64 finished_states=1300/4099 resumed_slices=0 elapsed_seconds=5.4
LAYER0_PROGRESS slice=21/64 states=[1300,1365) segments=0..=0 finished_slices=21/64 finished_states=1365/4099 resumed_slices=0 elapsed_seconds=5.4
LAYER0_PROGRESS slice=22/64 states=[1365,1430) segments=0..=0 finished_slices=22/64 finished_states=1430/4099 resumed_slices=0 elapsed_seconds=6.1
LAYER0_PROGRESS slice=23/64 states=[1430,1495) segments=0..=0 finished_slices=23/64 finished_states=1495/4099 resumed_slices=0 elapsed_seconds=6.1
LAYER0_PROGRESS slice=24/64 states=[1495,1560) segments=0..=0 finished_slices=24/64 finished_states=1560/4099 resumed_slices=0 elapsed_seconds=6.2
LAYER0_PROGRESS slice=25/64 states=[1560,1625) segments=0..=0 finished_slices=25/64 finished_states=1625/4099 resumed_slices=0 elapsed_seconds=6.9
LAYER0_PROGRESS slice=26/64 states=[1625,1690) segments=0..=0 finished_slices=26/64 finished_states=1690/4099 resumed_slices=0 elapsed_seconds=6.9
LAYER0_PROGRESS slice=27/64 states=[1690,1755) segments=0..=0 finished_slices=27/64 finished_states=1755/4099 resumed_slices=0 elapsed_seconds=6.9
LAYER0_PROGRESS slice=28/64 states=[1755,1820) segments=0..=0 finished_slices=28/64 finished_states=1820/4099 resumed_slices=0 elapsed_seconds=7.7
LAYER0_PROGRESS slice=29/64 states=[1820,1885) segments=0..=0 finished_slices=29/64 finished_states=1885/4099 resumed_slices=0 elapsed_seconds=7.7
LAYER0_PROGRESS slice=30/64 states=[1885,1950) segments=0..=0 finished_slices=30/64 finished_states=1950/4099 resumed_slices=0 elapsed_seconds=7.7
LAYER0_PROGRESS slice=32/64 states=[2015,2080) segments=0..=0 finished_slices=31/64 finished_states=2015/4099 resumed_slices=0 elapsed_seconds=8.4
LAYER0_PROGRESS slice=31/64 states=[1950,2015) segments=0..=0 finished_slices=32/64 finished_states=2080/4099 resumed_slices=0 elapsed_seconds=8.4
LAYER0_PROGRESS slice=33/64 states=[2080,2145) segments=0..=0 finished_slices=33/64 finished_states=2145/4099 resumed_slices=0 elapsed_seconds=8.5
LAYER0_PROGRESS slice=34/64 states=[2145,2210) segments=0..=0 finished_slices=34/64 finished_states=2210/4099 resumed_slices=0 elapsed_seconds=9.2
LAYER0_PROGRESS slice=35/64 states=[2210,2275) segments=0..=0 finished_slices=35/64 finished_states=2275/4099 resumed_slices=0 elapsed_seconds=9.2
LAYER0_PROGRESS slice=36/64 states=[2275,2340) segments=0..=0 finished_slices=36/64 finished_states=2340/4099 resumed_slices=0 elapsed_seconds=9.3
LAYER0_PROGRESS slice=38/64 states=[2405,2470) segments=0..=0 finished_slices=37/64 finished_states=2405/4099 resumed_slices=0 elapsed_seconds=10.0
LAYER0_PROGRESS slice=39/64 states=[2470,2535) segments=0..=0 finished_slices=38/64 finished_states=2470/4099 resumed_slices=0 elapsed_seconds=10.0
LAYER0_PROGRESS slice=40/64 states=[2535,2600) segments=0..=0 finished_slices=39/64 finished_states=2535/4099 resumed_slices=0 elapsed_seconds=12.4
LAYER0_PROGRESS slice=37/64 states=[2340,2405) segments=0..=0 finished_slices=40/64 finished_states=2600/4099 resumed_slices=0 elapsed_seconds=13.4
LAYER0_PROGRESS slice=41/64 states=[2600,2665) segments=0..=0 finished_slices=41/64 finished_states=2665/4099 resumed_slices=0 elapsed_seconds=15.4
LAYER0_PROGRESS slice=42/64 states=[2665,2730) segments=0..=0 finished_slices=42/64 finished_states=2730/4099 resumed_slices=0 elapsed_seconds=16.8
LAYER0_PROGRESS slice=44/64 states=[2795,2860) segments=0..=0 finished_slices=43/64 finished_states=2795/4099 resumed_slices=0 elapsed_seconds=20.3
LAYER0_PROGRESS slice=45/64 states=[2860,2925) segments=0..=0 finished_slices=44/64 finished_states=2860/4099 resumed_slices=0 elapsed_seconds=24.1
LAYER0_PROGRESS slice=47/64 states=[2990,3055) segments=0..=0 finished_slices=45/64 finished_states=2925/4099 resumed_slices=0 elapsed_seconds=26.7
LAYER0_PROGRESS slice=43/64 states=[2730,2795) segments=0..=0 finished_slices=46/64 finished_states=2990/4099 resumed_slices=0 elapsed_seconds=26.9
LAYER0_PROGRESS slice=46/64 states=[2925,2990) segments=0..=0 finished_slices=47/64 finished_states=3055/4099 resumed_slices=0 elapsed_seconds=29.5
LAYER0_PROGRESS slice=48/64 states=[3055,3120) segments=0..=0 finished_slices=48/64 finished_states=3120/4099 resumed_slices=0 elapsed_seconds=30.0
LAYER0_PROGRESS slice=51/64 states=[3250,3315) segments=0..=0 finished_slices=49/64 finished_states=3185/4099 resumed_slices=0 elapsed_seconds=31.9
LAYER0_PROGRESS slice=49/64 states=[3120,3185) segments=0..=0 finished_slices=50/64 finished_states=3250/4099 resumed_slices=0 elapsed_seconds=32.5
LAYER0_PROGRESS slice=52/64 states=[3315,3380) segments=0..=0 finished_slices=51/64 finished_states=3315/4099 resumed_slices=0 elapsed_seconds=32.8
LAYER0_PROGRESS slice=50/64 states=[3185,3250) segments=0..=0 finished_slices=52/64 finished_states=3380/4099 resumed_slices=0 elapsed_seconds=33.6
LAYER0_PROGRESS slice=53/64 states=[3380,3445) segments=0..=0 finished_slices=53/64 finished_states=3445/4099 resumed_slices=0 elapsed_seconds=36.2
LAYER0_PROGRESS slice=54/64 states=[3445,3510) segments=0..=0 finished_slices=54/64 finished_states=3510/4099 resumed_slices=0 elapsed_seconds=36.8
LAYER0_PROGRESS slice=55/64 states=[3510,3575) segments=0..=0 finished_slices=55/64 finished_states=3575/4099 resumed_slices=0 elapsed_seconds=38.0
LAYER0_PROGRESS slice=57/64 states=[3640,3705) segments=0..=0 finished_slices=56/64 finished_states=3640/4099 resumed_slices=0 elapsed_seconds=40.5
LAYER0_PROGRESS slice=58/64 states=[3705,3770) segments=0..=0 finished_slices=57/64 finished_states=3705/4099 resumed_slices=0 elapsed_seconds=41.4
LAYER0_PROGRESS slice=56/64 states=[3575,3640) segments=0..=0 finished_slices=58/64 finished_states=3770/4099 resumed_slices=0 elapsed_seconds=42.1
LAYER0_PROGRESS slice=61/64 states=[3900,3965) segments=0..=0 finished_slices=59/64 finished_states=3835/4099 resumed_slices=0 elapsed_seconds=43.3
LAYER0_PROGRESS slice=60/64 states=[3835,3900) segments=0..=0 finished_slices=60/64 finished_states=3900/4099 resumed_slices=0 elapsed_seconds=44.2
LAYER0_PROGRESS slice=62/64 states=[3965,4030) segments=0..=0 finished_slices=61/64 finished_states=3965/4099 resumed_slices=0 elapsed_seconds=44.2
LAYER0_PROGRESS slice=64/64 states=[4095,4099) segments=1..=all_persisted finished_slices=62/64 finished_states=3969/4099 resumed_slices=0 elapsed_seconds=44.3
LAYER0_PROGRESS slice=63/64 states=[4030,4095) segments=0..=0 finished_slices=63/64 finished_states=4034/4099 resumed_slices=0 elapsed_seconds=45.1
LAYER0_PROGRESS slice=59/64 states=[3770,3835) segments=0..=0 finished_slices=64/64 finished_states=4099/4099 resumed_slices=0 elapsed_seconds=45.8
LAYER0_FINDINGS signatures=0 red_states=0 states=4099
LAYER0_PARALLEL_FINISHED states=4099 slices=64 worker_threads=3 configured_worker_threads=3 worker_threads_source=environment_variable resumed_slices=0 freshly_run_slices=64 progress_file_after_completion=none elapsed_seconds=45.8
SWEEP seed=4 entry=rollback fault=Some((Barrier, 4)) fired=Some((Barrier, 4, 1, 0)) outcome=Err Publish(PublishSequenceFailed { cause: BlockDevice(InputOutput(Custom { kind: Other, error: "注入的屏障错" })), writes_before_the_first_publish: WritesByStructureKind { counted: {} }, writes_of_persiste writes_before=14 writes_after=0 frozen=true resend=Ok checker=0 first=None read=FileRead root=Some((InstanceGeneration(2), CheckpointTxg(8))) content_ok=true remount=Ok checker_after_remount=0 first_after=None enum=states=4099 seconds=45.8 closed=4099 exact=4099 oracle=0 ignored=0 root_without_record=0 missing_unit=0 checker_red_states=0 first=None first_checker=None
LAYER0_PARALLEL_START states=4108 slices=64 states_per_slice=65 worker_threads=3 configured_worker_threads=3 worker_threads_source=environment_variable resumed_slices=0 freshly_run_slices=64
LAYER0_PROGRESS slice=1/64 states=[0,65) segments=0..=0 finished_slices=1/64 finished_states=65/4108 resumed_slices=0 elapsed_seconds=3.6
LAYER0_PROGRESS slice=4/64 states=[195,260) segments=0..=0 finished_slices=2/64 finished_states=130/4108 resumed_slices=0 elapsed_seconds=5.4
LAYER0_PROGRESS slice=5/64 states=[260,325) segments=0..=0 finished_slices=3/64 finished_states=195/4108 resumed_slices=0 elapsed_seconds=7.7
LAYER0_PROGRESS slice=6/64 states=[325,390) segments=0..=0 finished_slices=4/64 finished_states=260/4108 resumed_slices=0 elapsed_seconds=12.5
LAYER0_PROGRESS slice=3/64 states=[130,195) segments=0..=0 finished_slices=5/64 finished_states=325/4108 resumed_slices=0 elapsed_seconds=17.2
LAYER0_PROGRESS slice=8/64 states=[455,520) segments=0..=0 finished_slices=6/64 finished_states=390/4108 resumed_slices=0 elapsed_seconds=19.1
LAYER0_PROGRESS slice=9/64 states=[520,585) segments=0..=0 finished_slices=7/64 finished_states=455/4108 resumed_slices=0 elapsed_seconds=21.3
LAYER0_PROGRESS slice=10/64 states=[585,650) segments=0..=0 finished_slices=8/64 finished_states=520/4108 resumed_slices=0 elapsed_seconds=22.8
LAYER0_PROGRESS slice=7/64 states=[390,455) segments=0..=0 finished_slices=9/64 finished_states=585/4108 resumed_slices=0 elapsed_seconds=23.7
LAYER0_PROGRESS slice=12/64 states=[715,780) segments=0..=0 finished_slices=10/64 finished_states=650/4108 resumed_slices=0 elapsed_seconds=24.6
LAYER0_PROGRESS slice=11/64 states=[650,715) segments=0..=0 finished_slices=11/64 finished_states=715/4108 resumed_slices=0 elapsed_seconds=28.4
LAYER0_PROGRESS slice=2/64 states=[65,130) segments=0..=0 finished_slices=12/64 finished_states=780/4108 resumed_slices=0 elapsed_seconds=31.5
LAYER0_PROGRESS slice=14/64 states=[845,910) segments=0..=0 finished_slices=13/64 finished_states=845/4108 resumed_slices=0 elapsed_seconds=31.6
LAYER0_PROGRESS slice=15/64 states=[910,975) segments=0..=0 finished_slices=14/64 finished_states=910/4108 resumed_slices=0 elapsed_seconds=33.4
LAYER0_PROGRESS slice=17/64 states=[1040,1105) segments=0..=0 finished_slices=15/64 finished_states=975/4108 resumed_slices=0 elapsed_seconds=34.3
LAYER0_PROGRESS slice=16/64 states=[975,1040) segments=0..=0 finished_slices=16/64 finished_states=1040/4108 resumed_slices=0 elapsed_seconds=40.3
LAYER0_PROGRESS slice=19/64 states=[1170,1235) segments=0..=0 finished_slices=17/64 finished_states=1105/4108 resumed_slices=0 elapsed_seconds=43.5
LAYER0_PROGRESS slice=18/64 states=[1105,1170) segments=0..=0 finished_slices=18/64 finished_states=1170/4108 resumed_slices=0 elapsed_seconds=47.3
LAYER0_PROGRESS slice=13/64 states=[780,845) segments=0..=0 finished_slices=19/64 finished_states=1235/4108 resumed_slices=0 elapsed_seconds=48.8
LAYER0_PROGRESS slice=20/64 states=[1235,1300) segments=0..=0 finished_slices=20/64 finished_states=1300/4108 resumed_slices=0 elapsed_seconds=49.0
LAYER0_PROGRESS slice=21/64 states=[1300,1365) segments=0..=0 finished_slices=21/64 finished_states=1365/4108 resumed_slices=0 elapsed_seconds=52.5
LAYER0_PROGRESS slice=22/64 states=[1365,1430) segments=0..=0 finished_slices=22/64 finished_states=1430/4108 resumed_slices=0 elapsed_seconds=54.0
LAYER0_PROGRESS slice=23/64 states=[1430,1495) segments=0..=0 finished_slices=23/64 finished_states=1495/4108 resumed_slices=0 elapsed_seconds=54.2
LAYER0_PROGRESS slice=24/64 states=[1495,1560) segments=0..=0 finished_slices=24/64 finished_states=1560/4108 resumed_slices=0 elapsed_seconds=57.6
LAYER0_PROGRESS slice=25/64 states=[1560,1625) segments=0..=0 finished_slices=25/64 finished_states=1625/4108 resumed_slices=0 elapsed_seconds=59.2
LAYER0_PROGRESS slice=26/64 states=[1625,1690) segments=0..=0 finished_slices=26/64 finished_states=1690/4108 resumed_slices=0 elapsed_seconds=59.4
LAYER0_PROGRESS slice=27/64 states=[1690,1755) segments=0..=0 finished_slices=27/64 finished_states=1755/4108 resumed_slices=0 elapsed_seconds=64.0
LAYER0_PROGRESS slice=30/64 states=[1885,1950) segments=0..=0 finished_slices=28/64 finished_states=1820/4108 resumed_slices=0 elapsed_seconds=64.9
LAYER0_PROGRESS slice=31/64 states=[1950,2015) segments=0..=0 finished_slices=29/64 finished_states=1885/4108 resumed_slices=0 elapsed_seconds=65.8
LAYER0_PROGRESS slice=32/64 states=[2015,2080) segments=0..=0 finished_slices=30/64 finished_states=1950/4108 resumed_slices=0 elapsed_seconds=66.8
LAYER0_PROGRESS slice=33/64 states=[2080,2145) segments=0..=0 finished_slices=31/64 finished_states=2015/4108 resumed_slices=0 elapsed_seconds=68.2
LAYER0_PROGRESS slice=34/64 states=[2145,2210) segments=0..=0 finished_slices=32/64 finished_states=2080/4108 resumed_slices=0 elapsed_seconds=69.9
LAYER0_PROGRESS slice=28/64 states=[1755,1820) segments=0..=0 finished_slices=33/64 finished_states=2145/4108 resumed_slices=0 elapsed_seconds=73.0
LAYER0_PROGRESS slice=29/64 states=[1820,1885) segments=0..=0 finished_slices=34/64 finished_states=2210/4108 resumed_slices=0 elapsed_seconds=73.5
LAYER0_PROGRESS slice=37/64 states=[2340,2405) segments=0..=0 finished_slices=35/64 finished_states=2275/4108 resumed_slices=0 elapsed_seconds=74.7
LAYER0_PROGRESS slice=36/64 states=[2275,2340) segments=0..=0 finished_slices=36/64 finished_states=2340/4108 resumed_slices=0 elapsed_seconds=77.2
LAYER0_PROGRESS slice=39/64 states=[2470,2535) segments=0..=0 finished_slices=37/64 finished_states=2405/4108 resumed_slices=0 elapsed_seconds=78.9
LAYER0_PROGRESS slice=35/64 states=[2210,2275) segments=0..=0 finished_slices=38/64 finished_states=2470/4108 resumed_slices=0 elapsed_seconds=80.8
LAYER0_PROGRESS slice=38/64 states=[2405,2470) segments=0..=0 finished_slices=39/64 finished_states=2535/4108 resumed_slices=0 elapsed_seconds=81.0
LAYER0_PROGRESS slice=41/64 states=[2600,2665) segments=0..=0 finished_slices=40/64 finished_states=2600/4108 resumed_slices=0 elapsed_seconds=82.1
LAYER0_PROGRESS slice=40/64 states=[2535,2600) segments=0..=0 finished_slices=41/64 finished_states=2665/4108 resumed_slices=0 elapsed_seconds=82.9
LAYER0_PROGRESS slice=43/64 states=[2730,2795) segments=0..=0 finished_slices=42/64 finished_states=2730/4108 resumed_slices=0 elapsed_seconds=83.7
LAYER0_PROGRESS slice=45/64 states=[2860,2925) segments=0..=0 finished_slices=43/64 finished_states=2795/4108 resumed_slices=0 elapsed_seconds=85.5
LAYER0_PROGRESS slice=42/64 states=[2665,2730) segments=0..=0 finished_slices=44/64 finished_states=2860/4108 resumed_slices=0 elapsed_seconds=86.6
LAYER0_PROGRESS slice=46/64 states=[2925,2990) segments=0..=0 finished_slices=45/64 finished_states=2925/4108 resumed_slices=0 elapsed_seconds=87.3
LAYER0_PROGRESS slice=48/64 states=[3055,3120) segments=0..=0 finished_slices=46/64 finished_states=2990/4108 resumed_slices=0 elapsed_seconds=89.8
LAYER0_PROGRESS slice=49/64 states=[3120,3185) segments=0..=0 finished_slices=47/64 finished_states=3055/4108 resumed_slices=0 elapsed_seconds=91.0
LAYER0_PROGRESS slice=47/64 states=[2990,3055) segments=0..=0 finished_slices=48/64 finished_states=3120/4108 resumed_slices=0 elapsed_seconds=91.4
LAYER0_PROGRESS slice=50/64 states=[3185,3250) segments=0..=0 finished_slices=49/64 finished_states=3185/4108 resumed_slices=0 elapsed_seconds=92.4
LAYER0_PROGRESS slice=52/64 states=[3315,3380) segments=0..=0 finished_slices=50/64 finished_states=3250/4108 resumed_slices=0 elapsed_seconds=93.6
LAYER0_PROGRESS slice=53/64 states=[3380,3445) segments=0..=0 finished_slices=51/64 finished_states=3315/4108 resumed_slices=0 elapsed_seconds=94.6
LAYER0_PROGRESS slice=51/64 states=[3250,3315) segments=0..=0 finished_slices=52/64 finished_states=3380/4108 resumed_slices=0 elapsed_seconds=95.8
LAYER0_PROGRESS slice=55/64 states=[3510,3575) segments=0..=0 finished_slices=53/64 finished_states=3445/4108 resumed_slices=0 elapsed_seconds=99.1
LAYER0_PROGRESS slice=44/64 states=[2795,2860) segments=0..=0 finished_slices=54/64 finished_states=3510/4108 resumed_slices=0 elapsed_seconds=99.3
LAYER0_PROGRESS slice=54/64 states=[3445,3510) segments=0..=0 finished_slices=55/64 finished_states=3575/4108 resumed_slices=0 elapsed_seconds=100.9
LAYER0_PROGRESS slice=56/64 states=[3575,3640) segments=0..=0 finished_slices=56/64 finished_states=3640/4108 resumed_slices=0 elapsed_seconds=105.2
LAYER0_PROGRESS slice=58/64 states=[3705,3770) segments=0..=0 finished_slices=57/64 finished_states=3705/4108 resumed_slices=0 elapsed_seconds=105.6
LAYER0_PROGRESS slice=57/64 states=[3640,3705) segments=0..=0 finished_slices=58/64 finished_states=3770/4108 resumed_slices=0 elapsed_seconds=105.9
LAYER0_PROGRESS slice=59/64 states=[3770,3835) segments=0..=0 finished_slices=59/64 finished_states=3835/4108 resumed_slices=0 elapsed_seconds=112.2
LAYER0_PROGRESS slice=60/64 states=[3835,3900) segments=0..=0 finished_slices=60/64 finished_states=3900/4108 resumed_slices=0 elapsed_seconds=120.9
LAYER0_PROGRESS slice=61/64 states=[3900,3965) segments=0..=0 finished_slices=61/64 finished_states=3965/4108 resumed_slices=0 elapsed_seconds=123.3
LAYER0_PROGRESS slice=64/64 states=[4095,4108) segments=1..=all_persisted finished_slices=62/64 finished_states=3978/4108 resumed_slices=0 elapsed_seconds=133.9
LAYER0_PROGRESS slice=63/64 states=[4030,4095) segments=0..=0 finished_slices=63/64 finished_states=4043/4108 resumed_slices=0 elapsed_seconds=136.9
LAYER0_PROGRESS slice=62/64 states=[3965,4030) segments=0..=0 finished_slices=64/64 finished_states=4108/4108 resumed_slices=0 elapsed_seconds=137.2
LAYER0_FINDINGS signatures=0 red_states=0 states=4108
LAYER0_PARALLEL_FINISHED states=4108 slices=64 worker_threads=3 configured_worker_threads=3 worker_threads_source=environment_variable resumed_slices=0 freshly_run_slices=64 progress_file_after_completion=none elapsed_seconds=137.2
SWEEP seed=4 entry=rollback fault=Some((Barrier, 5)) fired=Some((Barrier, 5, 0, 0)) outcome=Err Publish(PublishSequenceFailed { cause: BlockDevice(InputOutput(Custom { kind: Other, error: "注入的屏障错" })), writes_before_the_first_publish: WritesByStructureKind { counted: {} }, writes_of_persiste writes_before=17 writes_after=0 frozen=true resend=Ok checker=0 first=None read=FileRead root=Some((InstanceGeneration(2), CheckpointTxg(8))) content_ok=true remount=Ok checker_after_remount=0 first_after=None enum=states=4108 seconds=137.2 closed=4103 exact=4108 oracle=0 ignored=0 root_without_record=0 missing_unit=0 checker_red_states=0 first=None first_checker=None
LAYER0_PARALLEL_START states=4108 slices=64 states_per_slice=65 worker_threads=3 configured_worker_threads=3 worker_threads_source=environment_variable resumed_slices=0 freshly_run_slices=64
LAYER0_PROGRESS slice=3/64 states=[130,195) segments=0..=0 finished_slices=1/64 finished_states=65/4108 resumed_slices=0 elapsed_seconds=4.0
LAYER0_PROGRESS slice=2/64 states=[65,130) segments=0..=0 finished_slices=2/64 finished_states=130/4108 resumed_slices=0 elapsed_seconds=4.3
LAYER0_PROGRESS slice=5/64 states=[260,325) segments=0..=0 finished_slices=3/64 finished_states=195/4108 resumed_slices=0 elapsed_seconds=7.4
LAYER0_PROGRESS slice=6/64 states=[325,390) segments=0..=0 finished_slices=4/64 finished_states=260/4108 resumed_slices=0 elapsed_seconds=9.4
LAYER0_PROGRESS slice=1/64 states=[0,65) segments=0..=0 finished_slices=5/64 finished_states=325/4108 resumed_slices=0 elapsed_seconds=9.8
LAYER0_PROGRESS slice=4/64 states=[195,260) segments=0..=0 finished_slices=6/64 finished_states=390/4108 resumed_slices=0 elapsed_seconds=10.7
LAYER0_PROGRESS slice=7/64 states=[390,455) segments=0..=0 finished_slices=7/64 finished_states=455/4108 resumed_slices=0 elapsed_seconds=12.4
LAYER0_PROGRESS slice=10/64 states=[585,650) segments=0..=0 finished_slices=8/64 finished_states=520/4108 resumed_slices=0 elapsed_seconds=13.8
LAYER0_PROGRESS slice=11/64 states=[650,715) segments=0..=0 finished_slices=9/64 finished_states=585/4108 resumed_slices=0 elapsed_seconds=15.1
LAYER0_PROGRESS slice=9/64 states=[520,585) segments=0..=0 finished_slices=10/64 finished_states=650/4108 resumed_slices=0 elapsed_seconds=30.7
LAYER0_PROGRESS slice=8/64 states=[455,520) segments=0..=0 finished_slices=11/64 finished_states=715/4108 resumed_slices=0 elapsed_seconds=37.9
LAYER0_PROGRESS slice=13/64 states=[780,845) segments=0..=0 finished_slices=12/64 finished_states=780/4108 resumed_slices=0 elapsed_seconds=41.4
LAYER0_PROGRESS slice=15/64 states=[910,975) segments=0..=0 finished_slices=13/64 finished_states=845/4108 resumed_slices=0 elapsed_seconds=42.4
LAYER0_PROGRESS slice=16/64 states=[975,1040) segments=0..=0 finished_slices=14/64 finished_states=910/4108 resumed_slices=0 elapsed_seconds=43.3
LAYER0_PROGRESS slice=17/64 states=[1040,1105) segments=0..=0 finished_slices=15/64 finished_states=975/4108 resumed_slices=0 elapsed_seconds=44.9
LAYER0_PROGRESS slice=18/64 states=[1105,1170) segments=0..=0 finished_slices=16/64 finished_states=1040/4108 resumed_slices=0 elapsed_seconds=46.6
LAYER0_PROGRESS slice=19/64 states=[1170,1235) segments=0..=0 finished_slices=17/64 finished_states=1105/4108 resumed_slices=0 elapsed_seconds=48.4
LAYER0_PROGRESS slice=12/64 states=[715,780) segments=0..=0 finished_slices=18/64 finished_states=1170/4108 resumed_slices=0 elapsed_seconds=49.4
LAYER0_PROGRESS slice=20/64 states=[1235,1300) segments=0..=0 finished_slices=19/64 finished_states=1235/4108 resumed_slices=0 elapsed_seconds=50.0
LAYER0_PROGRESS slice=22/64 states=[1365,1430) segments=0..=0 finished_slices=20/64 finished_states=1300/4108 resumed_slices=0 elapsed_seconds=51.6
LAYER0_PROGRESS slice=23/64 states=[1430,1495) segments=0..=0 finished_slices=21/64 finished_states=1365/4108 resumed_slices=0 elapsed_seconds=52.4
LAYER0_PROGRESS slice=24/64 states=[1495,1560) segments=0..=0 finished_slices=22/64 finished_states=1430/4108 resumed_slices=0 elapsed_seconds=53.3
LAYER0_PROGRESS slice=25/64 states=[1560,1625) segments=0..=0 finished_slices=23/64 finished_states=1495/4108 resumed_slices=0 elapsed_seconds=54.2
LAYER0_PROGRESS slice=26/64 states=[1625,1690) segments=0..=0 finished_slices=24/64 finished_states=1560/4108 resumed_slices=0 elapsed_seconds=55.1
LAYER0_PROGRESS slice=27/64 states=[1690,1755) segments=0..=0 finished_slices=25/64 finished_states=1625/4108 resumed_slices=0 elapsed_seconds=56.0
LAYER0_PROGRESS slice=28/64 states=[1755,1820) segments=0..=0 finished_slices=26/64 finished_states=1690/4108 resumed_slices=0 elapsed_seconds=56.9
LAYER0_PROGRESS slice=29/64 states=[1820,1885) segments=0..=0 finished_slices=27/64 finished_states=1755/4108 resumed_slices=0 elapsed_seconds=57.7
LAYER0_PROGRESS slice=30/64 states=[1885,1950) segments=0..=0 finished_slices=28/64 finished_states=1820/4108 resumed_slices=0 elapsed_seconds=58.6
LAYER0_PROGRESS slice=31/64 states=[1950,2015) segments=0..=0 finished_slices=29/64 finished_states=1885/4108 resumed_slices=0 elapsed_seconds=59.5
LAYER0_PROGRESS slice=14/64 states=[845,910) segments=0..=0 finished_slices=30/64 finished_states=1950/4108 resumed_slices=0 elapsed_seconds=59.8
LAYER0_PROGRESS slice=32/64 states=[2015,2080) segments=0..=0 finished_slices=31/64 finished_states=2015/4108 resumed_slices=0 elapsed_seconds=60.4
LAYER0_PROGRESS slice=34/64 states=[2145,2210) segments=0..=0 finished_slices=32/64 finished_states=2080/4108 resumed_slices=0 elapsed_seconds=61.3
LAYER0_PROGRESS slice=35/64 states=[2210,2275) segments=0..=0 finished_slices=33/64 finished_states=2145/4108 resumed_slices=0 elapsed_seconds=62.2
LAYER0_PROGRESS slice=36/64 states=[2275,2340) segments=0..=0 finished_slices=34/64 finished_states=2210/4108 resumed_slices=0 elapsed_seconds=63.1
LAYER0_PROGRESS slice=37/64 states=[2340,2405) segments=0..=0 finished_slices=35/64 finished_states=2275/4108 resumed_slices=0 elapsed_seconds=63.9
LAYER0_PROGRESS slice=38/64 states=[2405,2470) segments=0..=0 finished_slices=36/64 finished_states=2340/4108 resumed_slices=0 elapsed_seconds=64.8
LAYER0_PROGRESS slice=39/64 states=[2470,2535) segments=0..=0 finished_slices=37/64 finished_states=2405/4108 resumed_slices=0 elapsed_seconds=65.7
LAYER0_PROGRESS slice=33/64 states=[2080,2145) segments=0..=0 finished_slices=38/64 finished_states=2470/4108 resumed_slices=0 elapsed_seconds=66.7
LAYER0_PROGRESS slice=21/64 states=[1300,1365) segments=0..=0 finished_slices=39/64 finished_states=2535/4108 resumed_slices=0 elapsed_seconds=67.9
LAYER0_PROGRESS slice=41/64 states=[2600,2665) segments=0..=0 finished_slices=40/64 finished_states=2600/4108 resumed_slices=0 elapsed_seconds=69.5
LAYER0_PROGRESS slice=40/64 states=[2535,2600) segments=0..=0 finished_slices=41/64 finished_states=2665/4108 resumed_slices=0 elapsed_seconds=70.3
LAYER0_PROGRESS slice=42/64 states=[2665,2730) segments=0..=0 finished_slices=42/64 finished_states=2730/4108 resumed_slices=0 elapsed_seconds=70.6
LAYER0_PROGRESS slice=44/64 states=[2795,2860) segments=0..=0 finished_slices=43/64 finished_states=2795/4108 resumed_slices=0 elapsed_seconds=73.5
LAYER0_PROGRESS slice=46/64 states=[2925,2990) segments=0..=0 finished_slices=44/64 finished_states=2860/4108 resumed_slices=0 elapsed_seconds=74.4
LAYER0_PROGRESS slice=47/64 states=[2990,3055) segments=0..=0 finished_slices=45/64 finished_states=2925/4108 resumed_slices=0 elapsed_seconds=75.3
LAYER0_PROGRESS slice=48/64 states=[3055,3120) segments=0..=0 finished_slices=46/64 finished_states=2990/4108 resumed_slices=0 elapsed_seconds=76.5
LAYER0_PROGRESS slice=43/64 states=[2730,2795) segments=0..=0 finished_slices=47/64 finished_states=3055/4108 resumed_slices=0 elapsed_seconds=77.3
LAYER0_PROGRESS slice=50/64 states=[3185,3250) segments=0..=0 finished_slices=48/64 finished_states=3120/4108 resumed_slices=0 elapsed_seconds=78.5
LAYER0_PROGRESS slice=49/64 states=[3120,3185) segments=0..=0 finished_slices=49/64 finished_states=3185/4108 resumed_slices=0 elapsed_seconds=79.4
LAYER0_PROGRESS slice=52/64 states=[3315,3380) segments=0..=0 finished_slices=50/64 finished_states=3250/4108 resumed_slices=0 elapsed_seconds=80.3
LAYER0_PROGRESS slice=45/64 states=[2860,2925) segments=0..=0 finished_slices=51/64 finished_states=3315/4108 resumed_slices=0 elapsed_seconds=80.9
LAYER0_PROGRESS slice=53/64 states=[3380,3445) segments=0..=0 finished_slices=52/64 finished_states=3380/4108 resumed_slices=0 elapsed_seconds=81.2
LAYER0_PROGRESS slice=55/64 states=[3510,3575) segments=0..=0 finished_slices=53/64 finished_states=3445/4108 resumed_slices=0 elapsed_seconds=82.7
LAYER0_PROGRESS slice=56/64 states=[3575,3640) segments=0..=0 finished_slices=54/64 finished_states=3510/4108 resumed_slices=0 elapsed_seconds=83.9
LAYER0_PROGRESS slice=54/64 states=[3445,3510) segments=0..=0 finished_slices=55/64 finished_states=3575/4108 resumed_slices=0 elapsed_seconds=84.7
LAYER0_PROGRESS slice=57/64 states=[3640,3705) segments=0..=0 finished_slices=56/64 finished_states=3640/4108 resumed_slices=0 elapsed_seconds=84.8
LAYER0_PROGRESS slice=58/64 states=[3705,3770) segments=0..=0 finished_slices=57/64 finished_states=3705/4108 resumed_slices=0 elapsed_seconds=85.5
LAYER0_PROGRESS slice=59/64 states=[3770,3835) segments=0..=0 finished_slices=58/64 finished_states=3770/4108 resumed_slices=0 elapsed_seconds=85.7
LAYER0_PROGRESS slice=60/64 states=[3835,3900) segments=0..=0 finished_slices=59/64 finished_states=3835/4108 resumed_slices=0 elapsed_seconds=86.4
LAYER0_PROGRESS slice=61/64 states=[3900,3965) segments=0..=0 finished_slices=60/64 finished_states=3900/4108 resumed_slices=0 elapsed_seconds=86.6
LAYER0_PROGRESS slice=62/64 states=[3965,4030) segments=0..=0 finished_slices=61/64 finished_states=3965/4108 resumed_slices=0 elapsed_seconds=87.3
LAYER0_PROGRESS slice=63/64 states=[4030,4095) segments=0..=0 finished_slices=62/64 finished_states=4030/4108 resumed_slices=0 elapsed_seconds=87.5
LAYER0_PROGRESS slice=64/64 states=[4095,4108) segments=1..=all_persisted finished_slices=63/64 finished_states=4043/4108 resumed_slices=0 elapsed_seconds=87.5
LAYER0_PROGRESS slice=51/64 states=[3250,3315) segments=0..=0 finished_slices=64/64 finished_states=4108/4108 resumed_slices=0 elapsed_seconds=88.1
LAYER0_FINDINGS signatures=0 red_states=0 states=4108
LAYER0_PARALLEL_FINISHED states=4108 slices=64 worker_threads=3 configured_worker_threads=3 worker_threads_source=environment_variable resumed_slices=0 freshly_run_slices=64 progress_file_after_completion=none elapsed_seconds=88.1
SWEEP seed=4 entry=rollback fault=Some((Barrier, 6)) fired=Some((Barrier, 6, 1, 0)) outcome=Err Publish(PublishSequenceFailed { cause: BlockDevice(InputOutput(Custom { kind: Other, error: "注入的屏障错" })), writes_before_the_first_publish: WritesByStructureKind { counted: {} }, writes_of_persiste writes_before=17 writes_after=0 frozen=true resend=Ok checker=0 first=None read=FileRead root=Some((InstanceGeneration(2), CheckpointTxg(8))) content_ok=true remount=Ok checker_after_remount=0 first_after=None enum=states=4108 seconds=88.1 closed=4103 exact=4108 oracle=0 ignored=0 root_without_record=0 missing_unit=0 checker_red_states=0 first=None first_checker=None
BASE seed=6 steps=["rollback:no_candidate", "crash_remount:Ok(())", "rollback_to_2_4:Ok"] current=(2,6) floor=0 rollback_target=Some((1, 3)) seconds=0.01
SWEEP seed=6 entry=rollback clean outcome=Ok reads=230 writes=17 barriers=6
SWEEP seed=6 entry=rollback fault=Some((Write, 1)) fired=Some((Write, 1, 0, 25493504)) outcome=Err Publish(PublishSequenceFailed { cause: BlockDevice(InputOutput(Custom { kind: Other, error: "注入的写错" })), writes_before_the_first_publish: WritesByStructureKind { counted: {} }, writes_of_persisted writes_before=0 writes_after=0 frozen=true resend=Ok checker=0 first=None read=FileRead root=Some((InstanceGeneration(2), CheckpointTxg(7))) content_ok=true remount=Ok checker_after_remount=0 first_after=None enum=no_writes
LAYER0_PARALLEL_START states=2 slices=1 states_per_slice=2 worker_threads=1 configured_worker_threads=3 worker_threads_source=environment_variable resumed_slices=0 freshly_run_slices=1
LAYER0_PROGRESS slice=1/1 states=[0,2) segments=0..=all_persisted finished_slices=1/1 finished_states=2/2 resumed_slices=0 elapsed_seconds=0.0
LAYER0_FINDINGS signatures=0 red_states=0 states=2
LAYER0_PARALLEL_FINISHED states=2 slices=1 worker_threads=1 configured_worker_threads=3 worker_threads_source=environment_variable resumed_slices=0 freshly_run_slices=1 progress_file_after_completion=none elapsed_seconds=0.0
SWEEP seed=6 entry=rollback fault=Some((Write, 2)) fired=Some((Write, 2, 1, 25493504)) outcome=Err Publish(PublishSequenceFailed { cause: BlockDevice(InputOutput(Custom { kind: Other, error: "注入的写错" })), writes_before_the_first_publish: WritesByStructureKind { counted: {} }, writes_of_persisted writes_before=1 writes_after=0 frozen=true resend=Ok checker=0 first=None read=FileRead root=Some((InstanceGeneration(2), CheckpointTxg(7))) content_ok=true remount=Ok checker_after_remount=0 first_after=None enum=states=2 seconds=0.0 closed=2 exact=2 oracle=0 ignored=0 root_without_record=0 missing_unit=0 checker_red_states=0 first=None first_checker=None
LAYER0_PARALLEL_START states=4 slices=1 states_per_slice=4 worker_threads=1 configured_worker_threads=3 worker_threads_source=environment_variable resumed_slices=0 freshly_run_slices=1
LAYER0_PROGRESS slice=1/1 states=[0,4) segments=0..=all_persisted finished_slices=1/1 finished_states=4/4 resumed_slices=0 elapsed_seconds=0.0
LAYER0_FINDINGS signatures=0 red_states=0 states=4
LAYER0_PARALLEL_FINISHED states=4 slices=1 worker_threads=1 configured_worker_threads=3 worker_threads_source=environment_variable resumed_slices=0 freshly_run_slices=1 progress_file_after_completion=none elapsed_seconds=0.0
SWEEP seed=6 entry=rollback fault=Some((Write, 3)) fired=Some((Write, 3, 0, 25509888)) outcome=Err Publish(PublishSequenceFailed { cause: BlockDevice(InputOutput(Custom { kind: Other, error: "注入的写错" })), writes_before_the_first_publish: WritesByStructureKind { counted: {} }, writes_of_persisted writes_before=2 writes_after=0 frozen=true resend=Ok checker=0 first=None read=FileRead root=Some((InstanceGeneration(2), CheckpointTxg(7))) content_ok=true remount=Ok checker_after_remount=0 first_after=None enum=states=4 seconds=0.0 closed=4 exact=4 oracle=0 ignored=0 root_without_record=0 missing_unit=0 checker_red_states=0 first=None first_checker=None
LAYER0_PARALLEL_START states=8 slices=1 states_per_slice=8 worker_threads=1 configured_worker_threads=3 worker_threads_source=environment_variable resumed_slices=0 freshly_run_slices=1
LAYER0_PROGRESS slice=1/1 states=[0,8) segments=0..=all_persisted finished_slices=1/1 finished_states=8/8 resumed_slices=0 elapsed_seconds=0.1
LAYER0_FINDINGS signatures=0 red_states=0 states=8
LAYER0_PARALLEL_FINISHED states=8 slices=1 worker_threads=1 configured_worker_threads=3 worker_threads_source=environment_variable resumed_slices=0 freshly_run_slices=1 progress_file_after_completion=none elapsed_seconds=0.1
SWEEP seed=6 entry=rollback fault=Some((Write, 4)) fired=Some((Write, 4, 1, 25509888)) outcome=Err Publish(PublishSequenceFailed { cause: BlockDevice(InputOutput(Custom { kind: Other, error: "注入的写错" })), writes_before_the_first_publish: WritesByStructureKind { counted: {} }, writes_of_persisted writes_before=3 writes_after=0 frozen=true resend=Ok checker=0 first=None read=FileRead root=Some((InstanceGeneration(2), CheckpointTxg(7))) content_ok=true remount=Ok checker_after_remount=0 first_after=None enum=states=8 seconds=0.1 closed=8 exact=8 oracle=0 ignored=0 root_without_record=0 missing_unit=0 checker_red_states=0 first=None first_checker=None
LAYER0_PARALLEL_START states=16 slices=1 states_per_slice=16 worker_threads=1 configured_worker_threads=3 worker_threads_source=environment_variable resumed_slices=0 freshly_run_slices=1
LAYER0_PROGRESS slice=1/1 states=[0,16) segments=0..=all_persisted finished_slices=1/1 finished_states=16/16 resumed_slices=0 elapsed_seconds=0.2
LAYER0_FINDINGS signatures=0 red_states=0 states=16
LAYER0_PARALLEL_FINISHED states=16 slices=1 worker_threads=1 configured_worker_threads=3 worker_threads_source=environment_variable resumed_slices=0 freshly_run_slices=1 progress_file_after_completion=none elapsed_seconds=0.2
SWEEP seed=6 entry=rollback fault=Some((Write, 5)) fired=Some((Write, 5, 0, 25526272)) outcome=Err Publish(PublishSequenceFailed { cause: BlockDevice(InputOutput(Custom { kind: Other, error: "注入的写错" })), writes_before_the_first_publish: WritesByStructureKind { counted: {} }, writes_of_persisted writes_before=4 writes_after=0 frozen=true resend=Ok checker=0 first=None read=FileRead root=Some((InstanceGeneration(2), CheckpointTxg(7))) content_ok=true remount=Ok checker_after_remount=0 first_after=None enum=states=16 seconds=0.2 closed=16 exact=16 oracle=0 ignored=0 root_without_record=0 missing_unit=0 checker_red_states=0 first=None first_checker=None
LAYER0_PARALLEL_START states=32 slices=2 states_per_slice=16 worker_threads=2 configured_worker_threads=3 worker_threads_source=environment_variable resumed_slices=0 freshly_run_slices=2
LAYER0_PROGRESS slice=1/2 states=[0,16) segments=0..=0 finished_slices=1/2 finished_states=16/32 resumed_slices=0 elapsed_seconds=0.2
LAYER0_PROGRESS slice=2/2 states=[16,32) segments=0..=all_persisted finished_slices=2/2 finished_states=32/32 resumed_slices=0 elapsed_seconds=0.3
LAYER0_FINDINGS signatures=0 red_states=0 states=32
LAYER0_PARALLEL_FINISHED states=32 slices=2 worker_threads=2 configured_worker_threads=3 worker_threads_source=environment_variable resumed_slices=0 freshly_run_slices=2 progress_file_after_completion=none elapsed_seconds=0.3
SWEEP seed=6 entry=rollback fault=Some((Write, 6)) fired=Some((Write, 6, 1, 25526272)) outcome=Err Publish(PublishSequenceFailed { cause: BlockDevice(InputOutput(Custom { kind: Other, error: "注入的写错" })), writes_before_the_first_publish: WritesByStructureKind { counted: {} }, writes_of_persisted writes_before=5 writes_after=0 frozen=true resend=Ok checker=0 first=None read=FileRead root=Some((InstanceGeneration(2), CheckpointTxg(7))) content_ok=true remount=Ok checker_after_remount=0 first_after=None enum=states=32 seconds=0.3 closed=32 exact=32 oracle=0 ignored=0 root_without_record=0 missing_unit=0 checker_red_states=0 first=None first_checker=None
LAYER0_PARALLEL_START states=64 slices=4 states_per_slice=16 worker_threads=3 configured_worker_threads=3 worker_threads_source=environment_variable resumed_slices=0 freshly_run_slices=4
LAYER0_PROGRESS slice=1/4 states=[0,16) segments=0..=0 finished_slices=1/4 finished_states=16/64 resumed_slices=0 elapsed_seconds=0.3
LAYER0_PROGRESS slice=3/4 states=[32,48) segments=0..=0 finished_slices=2/4 finished_states=32/64 resumed_slices=0 elapsed_seconds=0.4
LAYER0_PROGRESS slice=4/4 states=[48,64) segments=0..=all_persisted finished_slices=3/4 finished_states=48/64 resumed_slices=0 elapsed_seconds=0.5
LAYER0_PROGRESS slice=2/4 states=[16,32) segments=0..=0 finished_slices=4/4 finished_states=64/64 resumed_slices=0 elapsed_seconds=0.7
LAYER0_FINDINGS signatures=0 red_states=0 states=64
LAYER0_PARALLEL_FINISHED states=64 slices=4 worker_threads=3 configured_worker_threads=3 worker_threads_source=environment_variable resumed_slices=0 freshly_run_slices=4 progress_file_after_completion=none elapsed_seconds=0.7
SWEEP seed=6 entry=rollback fault=Some((Write, 7)) fired=Some((Write, 7, 0, 25542656)) outcome=Err Publish(PublishSequenceFailed { cause: BlockDevice(InputOutput(Custom { kind: Other, error: "注入的写错" })), writes_before_the_first_publish: WritesByStructureKind { counted: {} }, writes_of_persisted writes_before=6 writes_after=0 frozen=true resend=Ok checker=0 first=None read=FileRead root=Some((InstanceGeneration(2), CheckpointTxg(7))) content_ok=true remount=Ok checker_after_remount=0 first_after=None enum=states=64 seconds=0.7 closed=64 exact=64 oracle=0 ignored=0 root_without_record=0 missing_unit=0 checker_red_states=0 first=None first_checker=None
LAYER0_PARALLEL_START states=128 slices=8 states_per_slice=16 worker_threads=3 configured_worker_threads=3 worker_threads_source=environment_variable resumed_slices=0 freshly_run_slices=8
LAYER0_PROGRESS slice=1/8 states=[0,16) segments=0..=0 finished_slices=1/8 finished_states=16/128 resumed_slices=0 elapsed_seconds=0.2
LAYER0_PROGRESS slice=4/8 states=[48,64) segments=0..=0 finished_slices=2/8 finished_states=32/128 resumed_slices=0 elapsed_seconds=0.3
LAYER0_PROGRESS slice=5/8 states=[64,80) segments=0..=0 finished_slices=3/8 finished_states=48/128 resumed_slices=0 elapsed_seconds=0.6
LAYER0_PROGRESS slice=6/8 states=[80,96) segments=0..=0 finished_slices=4/8 finished_states=64/128 resumed_slices=0 elapsed_seconds=0.7
LAYER0_PROGRESS slice=7/8 states=[96,112) segments=0..=0 finished_slices=5/8 finished_states=80/128 resumed_slices=0 elapsed_seconds=0.9
LAYER0_PROGRESS slice=8/8 states=[112,128) segments=0..=all_persisted finished_slices=6/8 finished_states=96/128 resumed_slices=0 elapsed_seconds=1.1
LAYER0_PROGRESS slice=2/8 states=[16,32) segments=0..=0 finished_slices=7/8 finished_states=112/128 resumed_slices=0 elapsed_seconds=1.2
LAYER0_PROGRESS slice=3/8 states=[32,48) segments=0..=0 finished_slices=8/8 finished_states=128/128 resumed_slices=0 elapsed_seconds=1.4
LAYER0_FINDINGS signatures=0 red_states=0 states=128
LAYER0_PARALLEL_FINISHED states=128 slices=8 worker_threads=3 configured_worker_threads=3 worker_threads_source=environment_variable resumed_slices=0 freshly_run_slices=8 progress_file_after_completion=none elapsed_seconds=1.4
SWEEP seed=6 entry=rollback fault=Some((Write, 8)) fired=Some((Write, 8, 1, 25542656)) outcome=Err Publish(PublishSequenceFailed { cause: BlockDevice(InputOutput(Custom { kind: Other, error: "注入的写错" })), writes_before_the_first_publish: WritesByStructureKind { counted: {} }, writes_of_persisted writes_before=7 writes_after=0 frozen=true resend=Ok checker=0 first=None read=FileRead root=Some((InstanceGeneration(2), CheckpointTxg(7))) content_ok=true remount=Ok checker_after_remount=0 first_after=None enum=states=128 seconds=1.4 closed=128 exact=128 oracle=0 ignored=0 root_without_record=0 missing_unit=0 checker_red_states=0 first=None first_checker=None
LAYER0_PARALLEL_START states=256 slices=16 states_per_slice=16 worker_threads=3 configured_worker_threads=3 worker_threads_source=environment_variable resumed_slices=0 freshly_run_slices=16
LAYER0_PROGRESS slice=1/16 states=[0,16) segments=0..=0 finished_slices=1/16 finished_states=16/256 resumed_slices=0 elapsed_seconds=0.2
LAYER0_PROGRESS slice=4/16 states=[48,64) segments=0..=0 finished_slices=2/16 finished_states=32/256 resumed_slices=0 elapsed_seconds=0.3
LAYER0_PROGRESS slice=5/16 states=[64,80) segments=0..=0 finished_slices=3/16 finished_states=48/256 resumed_slices=0 elapsed_seconds=0.5
LAYER0_PROGRESS slice=3/16 states=[32,48) segments=0..=0 finished_slices=4/16 finished_states=64/256 resumed_slices=0 elapsed_seconds=0.6
LAYER0_PROGRESS slice=7/16 states=[96,112) segments=0..=0 finished_slices=5/16 finished_states=80/256 resumed_slices=0 elapsed_seconds=0.8
LAYER0_PROGRESS slice=6/16 states=[80,96) segments=0..=0 finished_slices=6/16 finished_states=96/256 resumed_slices=0 elapsed_seconds=0.9
LAYER0_PROGRESS slice=8/16 states=[112,128) segments=0..=0 finished_slices=7/16 finished_states=112/256 resumed_slices=0 elapsed_seconds=0.9
LAYER0_PROGRESS slice=10/16 states=[144,160) segments=0..=0 finished_slices=8/16 finished_states=128/256 resumed_slices=0 elapsed_seconds=1.1
LAYER0_PROGRESS slice=11/16 states=[160,176) segments=0..=0 finished_slices=9/16 finished_states=144/256 resumed_slices=0 elapsed_seconds=1.3
LAYER0_PROGRESS slice=12/16 states=[176,192) segments=0..=0 finished_slices=10/16 finished_states=160/256 resumed_slices=0 elapsed_seconds=1.4
LAYER0_PROGRESS slice=13/16 states=[192,208) segments=0..=0 finished_slices=11/16 finished_states=176/256 resumed_slices=0 elapsed_seconds=1.6
LAYER0_PROGRESS slice=14/16 states=[208,224) segments=0..=0 finished_slices=12/16 finished_states=192/256 resumed_slices=0 elapsed_seconds=1.8
LAYER0_PROGRESS slice=15/16 states=[224,240) segments=0..=0 finished_slices=13/16 finished_states=208/256 resumed_slices=0 elapsed_seconds=1.9
LAYER0_PROGRESS slice=16/16 states=[240,256) segments=0..=all_persisted finished_slices=14/16 finished_states=224/256 resumed_slices=0 elapsed_seconds=2.1
LAYER0_PROGRESS slice=9/16 states=[128,144) segments=0..=0 finished_slices=15/16 finished_states=240/256 resumed_slices=0 elapsed_seconds=2.2
LAYER0_PROGRESS slice=2/16 states=[16,32) segments=0..=0 finished_slices=16/16 finished_states=256/256 resumed_slices=0 elapsed_seconds=2.4
LAYER0_FINDINGS signatures=0 red_states=0 states=256
LAYER0_PARALLEL_FINISHED states=256 slices=16 worker_threads=3 configured_worker_threads=3 worker_threads_source=environment_variable resumed_slices=0 freshly_run_slices=16 progress_file_after_completion=none elapsed_seconds=2.4
SWEEP seed=6 entry=rollback fault=Some((Write, 9)) fired=Some((Write, 9, 0, 25559040)) outcome=Err Publish(PublishSequenceFailed { cause: BlockDevice(InputOutput(Custom { kind: Other, error: "注入的写错" })), writes_before_the_first_publish: WritesByStructureKind { counted: {} }, writes_of_persisted writes_before=8 writes_after=0 frozen=true resend=Ok checker=0 first=None read=FileRead root=Some((InstanceGeneration(2), CheckpointTxg(7))) content_ok=true remount=Ok checker_after_remount=0 first_after=None enum=states=256 seconds=2.4 closed=256 exact=256 oracle=0 ignored=0 root_without_record=0 missing_unit=0 checker_red_states=0 first=None first_checker=None
LAYER0_PARALLEL_START states=512 slices=32 states_per_slice=16 worker_threads=3 configured_worker_threads=3 worker_threads_source=environment_variable resumed_slices=0 freshly_run_slices=32
LAYER0_PROGRESS slice=1/32 states=[0,16) segments=0..=0 finished_slices=1/32 finished_states=16/512 resumed_slices=0 elapsed_seconds=0.2
LAYER0_PROGRESS slice=4/32 states=[48,64) segments=0..=0 finished_slices=2/32 finished_states=32/512 resumed_slices=0 elapsed_seconds=0.3
LAYER0_PROGRESS slice=2/32 states=[16,32) segments=0..=0 finished_slices=3/32 finished_states=48/512 resumed_slices=0 elapsed_seconds=0.5
LAYER0_PROGRESS slice=5/32 states=[64,80) segments=0..=0 finished_slices=4/32 finished_states=64/512 resumed_slices=0 elapsed_seconds=0.6
LAYER0_PROGRESS slice=6/32 states=[80,96) segments=0..=0 finished_slices=5/32 finished_states=80/512 resumed_slices=0 elapsed_seconds=0.8
LAYER0_PROGRESS slice=7/32 states=[96,112) segments=0..=0 finished_slices=6/32 finished_states=96/512 resumed_slices=0 elapsed_seconds=0.9
LAYER0_PROGRESS slice=8/32 states=[112,128) segments=0..=0 finished_slices=7/32 finished_states=112/512 resumed_slices=0 elapsed_seconds=1.2
LAYER0_PROGRESS slice=3/32 states=[32,48) segments=0..=0 finished_slices=8/32 finished_states=128/512 resumed_slices=0 elapsed_seconds=1.4
LAYER0_PROGRESS slice=9/32 states=[128,144) segments=0..=0 finished_slices=9/32 finished_states=144/512 resumed_slices=0 elapsed_seconds=1.4
LAYER0_PROGRESS slice=10/32 states=[144,160) segments=0..=0 finished_slices=10/32 finished_states=160/512 resumed_slices=0 elapsed_seconds=1.6
LAYER0_PROGRESS slice=11/32 states=[160,176) segments=0..=0 finished_slices=11/32 finished_states=176/512 resumed_slices=0 elapsed_seconds=1.8
LAYER0_PROGRESS slice=13/32 states=[192,208) segments=0..=0 finished_slices=12/32 finished_states=192/512 resumed_slices=0 elapsed_seconds=1.8
LAYER0_PROGRESS slice=12/32 states=[176,192) segments=0..=0 finished_slices=13/32 finished_states=208/512 resumed_slices=0 elapsed_seconds=1.8
LAYER0_PROGRESS slice=15/32 states=[224,240) segments=0..=0 finished_slices=14/32 finished_states=224/512 resumed_slices=0 elapsed_seconds=2.0
LAYER0_PROGRESS slice=14/32 states=[208,224) segments=0..=0 finished_slices=15/32 finished_states=240/512 resumed_slices=0 elapsed_seconds=2.1
LAYER0_PROGRESS slice=17/32 states=[256,272) segments=0..=0 finished_slices=16/32 finished_states=256/512 resumed_slices=0 elapsed_seconds=2.1
LAYER0_PROGRESS slice=16/32 states=[240,256) segments=0..=0 finished_slices=17/32 finished_states=272/512 resumed_slices=0 elapsed_seconds=2.1
LAYER0_PROGRESS slice=19/32 states=[288,304) segments=0..=0 finished_slices=18/32 finished_states=288/512 resumed_slices=0 elapsed_seconds=2.3
LAYER0_PROGRESS slice=18/32 states=[272,288) segments=0..=0 finished_slices=19/32 finished_states=304/512 resumed_slices=0 elapsed_seconds=2.4
LAYER0_PROGRESS slice=21/32 states=[320,336) segments=0..=0 finished_slices=20/32 finished_states=320/512 resumed_slices=0 elapsed_seconds=2.5
LAYER0_PROGRESS slice=20/32 states=[304,320) segments=0..=0 finished_slices=21/32 finished_states=336/512 resumed_slices=0 elapsed_seconds=2.5
LAYER0_PROGRESS slice=23/32 states=[352,368) segments=0..=0 finished_slices=22/32 finished_states=352/512 resumed_slices=0 elapsed_seconds=2.6
LAYER0_PROGRESS slice=22/32 states=[336,352) segments=0..=0 finished_slices=23/32 finished_states=368/512 resumed_slices=0 elapsed_seconds=2.7
LAYER0_PROGRESS slice=25/32 states=[384,400) segments=0..=0 finished_slices=24/32 finished_states=384/512 resumed_slices=0 elapsed_seconds=2.8
LAYER0_PROGRESS slice=24/32 states=[368,384) segments=0..=0 finished_slices=25/32 finished_states=400/512 resumed_slices=0 elapsed_seconds=2.8
LAYER0_PROGRESS slice=27/32 states=[416,432) segments=0..=0 finished_slices=26/32 finished_states=416/512 resumed_slices=0 elapsed_seconds=3.0
LAYER0_PROGRESS slice=26/32 states=[400,416) segments=0..=0 finished_slices=27/32 finished_states=432/512 resumed_slices=0 elapsed_seconds=3.1
LAYER0_PROGRESS slice=29/32 states=[448,464) segments=0..=0 finished_slices=28/32 finished_states=448/512 resumed_slices=0 elapsed_seconds=3.1
LAYER0_PROGRESS slice=28/32 states=[432,448) segments=0..=0 finished_slices=29/32 finished_states=464/512 resumed_slices=0 elapsed_seconds=3.1
LAYER0_PROGRESS slice=31/32 states=[480,496) segments=0..=0 finished_slices=30/32 finished_states=480/512 resumed_slices=0 elapsed_seconds=3.3
LAYER0_PROGRESS slice=30/32 states=[464,480) segments=0..=0 finished_slices=31/32 finished_states=496/512 resumed_slices=0 elapsed_seconds=3.4
LAYER0_PROGRESS slice=32/32 states=[496,512) segments=0..=all_persisted finished_slices=32/32 finished_states=512/512 resumed_slices=0 elapsed_seconds=3.4
LAYER0_FINDINGS signatures=0 red_states=0 states=512
LAYER0_PARALLEL_FINISHED states=512 slices=32 worker_threads=3 configured_worker_threads=3 worker_threads_source=environment_variable resumed_slices=0 freshly_run_slices=32 progress_file_after_completion=none elapsed_seconds=3.4
SWEEP seed=6 entry=rollback fault=Some((Write, 10)) fired=Some((Write, 10, 1, 25559040)) outcome=Err Publish(PublishSequenceFailed { cause: BlockDevice(InputOutput(Custom { kind: Other, error: "注入的写错" })), writes_before_the_first_publish: WritesByStructureKind { counted: {} }, writes_of_persisted writes_before=9 writes_after=0 frozen=true resend=Ok checker=0 first=None read=FileRead root=Some((InstanceGeneration(2), CheckpointTxg(7))) content_ok=true remount=Ok checker_after_remount=0 first_after=None enum=states=512 seconds=3.4 closed=512 exact=512 oracle=0 ignored=0 root_without_record=0 missing_unit=0 checker_red_states=0 first=None first_checker=None
LAYER0_PARALLEL_START states=1024 slices=64 states_per_slice=16 worker_threads=3 configured_worker_threads=3 worker_threads_source=environment_variable resumed_slices=0 freshly_run_slices=64
LAYER0_PROGRESS slice=1/64 states=[0,16) segments=0..=0 finished_slices=1/64 finished_states=16/1024 resumed_slices=0 elapsed_seconds=0.2
LAYER0_PROGRESS slice=4/64 states=[48,64) segments=0..=0 finished_slices=2/64 finished_states=32/1024 resumed_slices=0 elapsed_seconds=0.3
LAYER0_PROGRESS slice=5/64 states=[64,80) segments=0..=0 finished_slices=3/64 finished_states=48/1024 resumed_slices=0 elapsed_seconds=0.5
LAYER0_PROGRESS slice=2/64 states=[16,32) segments=0..=0 finished_slices=4/64 finished_states=64/1024 resumed_slices=0 elapsed_seconds=0.8
LAYER0_PROGRESS slice=6/64 states=[80,96) segments=0..=0 finished_slices=5/64 finished_states=80/1024 resumed_slices=0 elapsed_seconds=0.9
LAYER0_PROGRESS slice=7/64 states=[96,112) segments=0..=0 finished_slices=6/64 finished_states=96/1024 resumed_slices=0 elapsed_seconds=1.2
LAYER0_PROGRESS slice=8/64 states=[112,128) segments=0..=0 finished_slices=7/64 finished_states=112/1024 resumed_slices=0 elapsed_seconds=1.3
LAYER0_PROGRESS slice=3/64 states=[32,48) segments=0..=0 finished_slices=8/64 finished_states=128/1024 resumed_slices=0 elapsed_seconds=1.4
LAYER0_PROGRESS slice=9/64 states=[128,144) segments=0..=0 finished_slices=9/64 finished_states=144/1024 resumed_slices=0 elapsed_seconds=1.7
LAYER0_PROGRESS slice=10/64 states=[144,160) segments=0..=0 finished_slices=10/64 finished_states=160/1024 resumed_slices=0 elapsed_seconds=1.8
LAYER0_PROGRESS slice=11/64 states=[160,176) segments=0..=0 finished_slices=11/64 finished_states=176/1024 resumed_slices=0 elapsed_seconds=1.9
LAYER0_PROGRESS slice=12/64 states=[176,192) segments=0..=0 finished_slices=12/64 finished_states=192/1024 resumed_slices=0 elapsed_seconds=2.2
LAYER0_PROGRESS slice=13/64 states=[192,208) segments=0..=0 finished_slices=13/64 finished_states=208/1024 resumed_slices=0 elapsed_seconds=2.3
LAYER0_PROGRESS slice=14/64 states=[208,224) segments=0..=0 finished_slices=14/64 finished_states=224/1024 resumed_slices=0 elapsed_seconds=2.4
LAYER0_PROGRESS slice=16/64 states=[240,256) segments=0..=0 finished_slices=15/64 finished_states=240/1024 resumed_slices=0 elapsed_seconds=2.6
LAYER0_PROGRESS slice=18/64 states=[272,288) segments=0..=0 finished_slices=16/64 finished_states=256/1024 resumed_slices=0 elapsed_seconds=2.8
LAYER0_PROGRESS slice=17/64 states=[256,272) segments=0..=0 finished_slices=17/64 finished_states=272/1024 resumed_slices=0 elapsed_seconds=2.8
LAYER0_PROGRESS slice=19/64 states=[288,304) segments=0..=0 finished_slices=18/64 finished_states=288/1024 resumed_slices=0 elapsed_seconds=2.9
LAYER0_PROGRESS slice=20/64 states=[304,320) segments=0..=0 finished_slices=19/64 finished_states=304/1024 resumed_slices=0 elapsed_seconds=3.0
LAYER0_PROGRESS slice=22/64 states=[336,352) segments=0..=0 finished_slices=20/64 finished_states=320/1024 resumed_slices=0 elapsed_seconds=3.1
LAYER0_PROGRESS slice=23/64 states=[352,368) segments=0..=0 finished_slices=21/64 finished_states=336/1024 resumed_slices=0 elapsed_seconds=3.3
LAYER0_PROGRESS slice=21/64 states=[320,336) segments=0..=0 finished_slices=22/64 finished_states=352/1024 resumed_slices=0 elapsed_seconds=3.5
LAYER0_PROGRESS slice=24/64 states=[368,384) segments=0..=0 finished_slices=23/64 finished_states=368/1024 resumed_slices=0 elapsed_seconds=3.7
LAYER0_PROGRESS slice=25/64 states=[384,400) segments=0..=0 finished_slices=24/64 finished_states=384/1024 resumed_slices=0 elapsed_seconds=3.8
LAYER0_PROGRESS slice=26/64 states=[400,416) segments=0..=0 finished_slices=25/64 finished_states=400/1024 resumed_slices=0 elapsed_seconds=4.0
LAYER0_PROGRESS slice=27/64 states=[416,432) segments=0..=0 finished_slices=26/64 finished_states=416/1024 resumed_slices=0 elapsed_seconds=4.2
LAYER0_PROGRESS slice=28/64 states=[432,448) segments=0..=0 finished_slices=27/64 finished_states=432/1024 resumed_slices=0 elapsed_seconds=4.3
LAYER0_PROGRESS slice=29/64 states=[448,464) segments=0..=0 finished_slices=28/64 finished_states=448/1024 resumed_slices=0 elapsed_seconds=4.5
LAYER0_PROGRESS slice=30/64 states=[464,480) segments=0..=0 finished_slices=29/64 finished_states=464/1024 resumed_slices=0 elapsed_seconds=4.7
LAYER0_PROGRESS slice=31/64 states=[480,496) segments=0..=0 finished_slices=30/64 finished_states=480/1024 resumed_slices=0 elapsed_seconds=4.8
LAYER0_PROGRESS slice=15/64 states=[224,240) segments=0..=0 finished_slices=31/64 finished_states=496/1024 resumed_slices=0 elapsed_seconds=4.9
LAYER0_PROGRESS slice=32/64 states=[496,512) segments=0..=0 finished_slices=32/64 finished_states=512/1024 resumed_slices=0 elapsed_seconds=5.1
LAYER0_PROGRESS slice=33/64 states=[512,528) segments=0..=0 finished_slices=33/64 finished_states=528/1024 resumed_slices=0 elapsed_seconds=5.3
LAYER0_PROGRESS slice=36/64 states=[560,576) segments=0..=0 finished_slices=34/64 finished_states=544/1024 resumed_slices=0 elapsed_seconds=5.4
LAYER0_PROGRESS slice=37/64 states=[576,592) segments=0..=0 finished_slices=35/64 finished_states=560/1024 resumed_slices=0 elapsed_seconds=5.6
LAYER0_PROGRESS slice=38/64 states=[592,608) segments=0..=0 finished_slices=36/64 finished_states=576/1024 resumed_slices=0 elapsed_seconds=5.8
LAYER0_PROGRESS slice=39/64 states=[608,624) segments=0..=0 finished_slices=37/64 finished_states=592/1024 resumed_slices=0 elapsed_seconds=5.9
LAYER0_PROGRESS slice=40/64 states=[624,640) segments=0..=0 finished_slices=38/64 finished_states=608/1024 resumed_slices=0 elapsed_seconds=6.1
LAYER0_PROGRESS slice=35/64 states=[544,560) segments=0..=0 finished_slices=39/64 finished_states=624/1024 resumed_slices=0 elapsed_seconds=6.3
LAYER0_PROGRESS slice=34/64 states=[528,544) segments=0..=0 finished_slices=40/64 finished_states=640/1024 resumed_slices=0 elapsed_seconds=6.3
LAYER0_PROGRESS slice=41/64 states=[640,656) segments=0..=0 finished_slices=41/64 finished_states=656/1024 resumed_slices=0 elapsed_seconds=6.4
LAYER0_PROGRESS slice=43/64 states=[672,688) segments=0..=0 finished_slices=42/64 finished_states=672/1024 resumed_slices=0 elapsed_seconds=6.5
LAYER0_PROGRESS slice=44/64 states=[688,704) segments=0..=0 finished_slices=43/64 finished_states=688/1024 resumed_slices=0 elapsed_seconds=6.6
LAYER0_PROGRESS slice=45/64 states=[704,720) segments=0..=0 finished_slices=44/64 finished_states=704/1024 resumed_slices=0 elapsed_seconds=6.7
LAYER0_PROGRESS slice=46/64 states=[720,736) segments=0..=0 finished_slices=45/64 finished_states=720/1024 resumed_slices=0 elapsed_seconds=6.8
LAYER0_PROGRESS slice=47/64 states=[736,752) segments=0..=0 finished_slices=46/64 finished_states=736/1024 resumed_slices=0 elapsed_seconds=6.8
LAYER0_PROGRESS slice=49/64 states=[768,784) segments=0..=0 finished_slices=47/64 finished_states=752/1024 resumed_slices=0 elapsed_seconds=7.0
LAYER0_PROGRESS slice=42/64 states=[656,672) segments=0..=0 finished_slices=48/64 finished_states=768/1024 resumed_slices=0 elapsed_seconds=7.1
LAYER0_PROGRESS slice=51/64 states=[800,816) segments=0..=0 finished_slices=49/64 finished_states=784/1024 resumed_slices=0 elapsed_seconds=7.2
LAYER0_PROGRESS slice=52/64 states=[816,832) segments=0..=0 finished_slices=50/64 finished_states=800/1024 resumed_slices=0 elapsed_seconds=7.4
LAYER0_PROGRESS slice=53/64 states=[832,848) segments=0..=0 finished_slices=51/64 finished_states=816/1024 resumed_slices=0 elapsed_seconds=7.6
LAYER0_PROGRESS slice=54/64 states=[848,864) segments=0..=0 finished_slices=52/64 finished_states=832/1024 resumed_slices=0 elapsed_seconds=7.7
LAYER0_PROGRESS slice=48/64 states=[752,768) segments=0..=0 finished_slices=53/64 finished_states=848/1024 resumed_slices=0 elapsed_seconds=7.9
LAYER0_PROGRESS slice=55/64 states=[864,880) segments=0..=0 finished_slices=54/64 finished_states=864/1024 resumed_slices=0 elapsed_seconds=8.1
LAYER0_PROGRESS slice=56/64 states=[880,896) segments=0..=0 finished_slices=55/64 finished_states=880/1024 resumed_slices=0 elapsed_seconds=8.2
LAYER0_PROGRESS slice=50/64 states=[784,800) segments=0..=0 finished_slices=56/64 finished_states=896/1024 resumed_slices=0 elapsed_seconds=8.3
LAYER0_PROGRESS slice=57/64 states=[896,912) segments=0..=0 finished_slices=57/64 finished_states=912/1024 resumed_slices=0 elapsed_seconds=8.4
LAYER0_PROGRESS slice=58/64 states=[912,928) segments=0..=0 finished_slices=58/64 finished_states=928/1024 resumed_slices=0 elapsed_seconds=8.6
LAYER0_PROGRESS slice=59/64 states=[928,944) segments=0..=0 finished_slices=59/64 finished_states=944/1024 resumed_slices=0 elapsed_seconds=8.8
LAYER0_PROGRESS slice=62/64 states=[976,992) segments=0..=0 finished_slices=60/64 finished_states=960/1024 resumed_slices=0 elapsed_seconds=9.1
LAYER0_PROGRESS slice=60/64 states=[944,960) segments=0..=0 finished_slices=61/64 finished_states=976/1024 resumed_slices=0 elapsed_seconds=9.1
LAYER0_PROGRESS slice=63/64 states=[992,1008) segments=0..=0 finished_slices=62/64 finished_states=992/1024 resumed_slices=0 elapsed_seconds=9.4
LAYER0_PROGRESS slice=64/64 states=[1008,1024) segments=0..=all_persisted finished_slices=63/64 finished_states=1008/1024 resumed_slices=0 elapsed_seconds=9.4
LAYER0_PROGRESS slice=61/64 states=[960,976) segments=0..=0 finished_slices=64/64 finished_states=1024/1024 resumed_slices=0 elapsed_seconds=9.4
LAYER0_FINDINGS signatures=0 red_states=0 states=1024
LAYER0_PARALLEL_FINISHED states=1024 slices=64 worker_threads=3 configured_worker_threads=3 worker_threads_source=environment_variable resumed_slices=0 freshly_run_slices=64 progress_file_after_completion=none elapsed_seconds=9.4
SWEEP seed=6 entry=rollback fault=Some((Write, 11)) fired=Some((Write, 11, 0, 25575424)) outcome=Err Publish(PublishSequenceFailed { cause: BlockDevice(InputOutput(Custom { kind: Other, error: "注入的写错" })), writes_before_the_first_publish: WritesByStructureKind { counted: {} }, writes_of_persisted writes_before=10 writes_after=0 frozen=true resend=Ok checker=0 first=None read=FileRead root=Some((InstanceGeneration(2), CheckpointTxg(7))) content_ok=true remount=Ok checker_after_remount=0 first_after=None enum=states=1024 seconds=9.4 closed=1024 exact=1024 oracle=0 ignored=0 root_without_record=0 missing_unit=0 checker_red_states=0 first=None first_checker=None
LAYER0_PARALLEL_START states=2048 slices=64 states_per_slice=32 worker_threads=3 configured_worker_threads=3 worker_threads_source=environment_variable resumed_slices=0 freshly_run_slices=64
LAYER0_PROGRESS slice=1/64 states=[0,32) segments=0..=0 finished_slices=1/64 finished_states=32/2048 resumed_slices=0 elapsed_seconds=0.6
LAYER0_PROGRESS slice=2/64 states=[32,64) segments=0..=0 finished_slices=2/64 finished_states=64/2048 resumed_slices=0 elapsed_seconds=0.8
LAYER0_PROGRESS slice=4/64 states=[96,128) segments=0..=0 finished_slices=3/64 finished_states=96/2048 resumed_slices=0 elapsed_seconds=1.2
LAYER0_PROGRESS slice=5/64 states=[128,160) segments=0..=0 finished_slices=4/64 finished_states=128/2048 resumed_slices=0 elapsed_seconds=1.4
LAYER0_PROGRESS slice=6/64 states=[160,192) segments=0..=0 finished_slices=5/64 finished_states=160/2048 resumed_slices=0 elapsed_seconds=2.0
LAYER0_PROGRESS slice=3/64 states=[64,96) segments=0..=0 finished_slices=6/64 finished_states=192/2048 resumed_slices=0 elapsed_seconds=2.1
LAYER0_PROGRESS slice=7/64 states=[192,224) segments=0..=0 finished_slices=7/64 finished_states=224/2048 resumed_slices=0 elapsed_seconds=2.6
LAYER0_PROGRESS slice=8/64 states=[224,256) segments=0..=0 finished_slices=8/64 finished_states=256/2048 resumed_slices=0 elapsed_seconds=2.8
LAYER0_PROGRESS slice=9/64 states=[256,288) segments=0..=0 finished_slices=9/64 finished_states=288/2048 resumed_slices=0 elapsed_seconds=3.0
LAYER0_PROGRESS slice=12/64 states=[352,384) segments=0..=0 finished_slices=10/64 finished_states=320/2048 resumed_slices=0 elapsed_seconds=3.6
LAYER0_PROGRESS slice=11/64 states=[320,352) segments=0..=0 finished_slices=11/64 finished_states=352/2048 resumed_slices=0 elapsed_seconds=3.8
LAYER0_PROGRESS slice=13/64 states=[384,416) segments=0..=0 finished_slices=12/64 finished_states=384/2048 resumed_slices=0 elapsed_seconds=4.1
LAYER0_PROGRESS slice=10/64 states=[288,320) segments=0..=0 finished_slices=13/64 finished_states=416/2048 resumed_slices=0 elapsed_seconds=4.2
LAYER0_PROGRESS slice=15/64 states=[448,480) segments=0..=0 finished_slices=14/64 finished_states=448/2048 resumed_slices=0 elapsed_seconds=4.8
LAYER0_PROGRESS slice=16/64 states=[480,512) segments=0..=0 finished_slices=15/64 finished_states=480/2048 resumed_slices=0 elapsed_seconds=4.8
LAYER0_PROGRESS slice=18/64 states=[544,576) segments=0..=0 finished_slices=16/64 finished_states=512/2048 resumed_slices=0 elapsed_seconds=5.2
LAYER0_PROGRESS slice=19/64 states=[576,608) segments=0..=0 finished_slices=17/64 finished_states=544/2048 resumed_slices=0 elapsed_seconds=5.6
LAYER0_PROGRESS slice=20/64 states=[608,640) segments=0..=0 finished_slices=18/64 finished_states=576/2048 resumed_slices=0 elapsed_seconds=5.9
LAYER0_PROGRESS slice=21/64 states=[640,672) segments=0..=0 finished_slices=19/64 finished_states=608/2048 resumed_slices=0 elapsed_seconds=6.2
LAYER0_PROGRESS slice=22/64 states=[672,704) segments=0..=0 finished_slices=20/64 finished_states=640/2048 resumed_slices=0 elapsed_seconds=6.6
LAYER0_PROGRESS slice=14/64 states=[416,448) segments=0..=0 finished_slices=21/64 finished_states=672/2048 resumed_slices=0 elapsed_seconds=6.7
LAYER0_PROGRESS slice=24/64 states=[736,768) segments=0..=0 finished_slices=22/64 finished_states=704/2048 resumed_slices=0 elapsed_seconds=7.0
LAYER0_PROGRESS slice=25/64 states=[768,800) segments=0..=0 finished_slices=23/64 finished_states=736/2048 resumed_slices=0 elapsed_seconds=7.3
LAYER0_PROGRESS slice=23/64 states=[704,736) segments=0..=0 finished_slices=24/64 finished_states=768/2048 resumed_slices=0 elapsed_seconds=9.5
LAYER0_PROGRESS slice=27/64 states=[832,864) segments=0..=0 finished_slices=25/64 finished_states=800/2048 resumed_slices=0 elapsed_seconds=10.1
LAYER0_PROGRESS slice=28/64 states=[864,896) segments=0..=0 finished_slices=26/64 finished_states=832/2048 resumed_slices=0 elapsed_seconds=10.8
LAYER0_PROGRESS slice=17/64 states=[512,544) segments=0..=0 finished_slices=27/64 finished_states=864/2048 resumed_slices=0 elapsed_seconds=10.9
LAYER0_PROGRESS slice=29/64 states=[896,928) segments=0..=0 finished_slices=28/64 finished_states=896/2048 resumed_slices=0 elapsed_seconds=11.2
LAYER0_PROGRESS slice=31/64 states=[960,992) segments=0..=0 finished_slices=29/64 finished_states=928/2048 resumed_slices=0 elapsed_seconds=11.6
LAYER0_PROGRESS slice=32/64 states=[992,1024) segments=0..=0 finished_slices=30/64 finished_states=960/2048 resumed_slices=0 elapsed_seconds=11.9
LAYER0_PROGRESS slice=33/64 states=[1024,1056) segments=0..=0 finished_slices=31/64 finished_states=992/2048 resumed_slices=0 elapsed_seconds=12.5
LAYER0_PROGRESS slice=34/64 states=[1056,1088) segments=0..=0 finished_slices=32/64 finished_states=1024/2048 resumed_slices=0 elapsed_seconds=13.2
LAYER0_PROGRESS slice=30/64 states=[928,960) segments=0..=0 finished_slices=33/64 finished_states=1056/2048 resumed_slices=0 elapsed_seconds=14.1
LAYER0_PROGRESS slice=36/64 states=[1120,1152) segments=0..=0 finished_slices=34/64 finished_states=1088/2048 resumed_slices=0 elapsed_seconds=14.4
LAYER0_PROGRESS slice=37/64 states=[1152,1184) segments=0..=0 finished_slices=35/64 finished_states=1120/2048 resumed_slices=0 elapsed_seconds=14.7
LAYER0_PROGRESS slice=38/64 states=[1184,1216) segments=0..=0 finished_slices=36/64 finished_states=1152/2048 resumed_slices=0 elapsed_seconds=15.1
LAYER0_PROGRESS slice=26/64 states=[800,832) segments=0..=0 finished_slices=37/64 finished_states=1184/2048 resumed_slices=0 elapsed_seconds=15.2
LAYER0_PROGRESS slice=39/64 states=[1216,1248) segments=0..=0 finished_slices=38/64 finished_states=1216/2048 resumed_slices=0 elapsed_seconds=15.7
LAYER0_PROGRESS slice=40/64 states=[1248,1280) segments=0..=0 finished_slices=39/64 finished_states=1248/2048 resumed_slices=0 elapsed_seconds=15.9
LAYER0_PROGRESS slice=41/64 states=[1280,1312) segments=0..=0 finished_slices=40/64 finished_states=1280/2048 resumed_slices=0 elapsed_seconds=16.2
LAYER0_PROGRESS slice=43/64 states=[1344,1376) segments=0..=0 finished_slices=41/64 finished_states=1312/2048 resumed_slices=0 elapsed_seconds=16.5
LAYER0_PROGRESS slice=44/64 states=[1376,1408) segments=0..=0 finished_slices=42/64 finished_states=1344/2048 resumed_slices=0 elapsed_seconds=16.8
LAYER0_PROGRESS slice=45/64 states=[1408,1440) segments=0..=0 finished_slices=43/64 finished_states=1376/2048 resumed_slices=0 elapsed_seconds=17.2
LAYER0_PROGRESS slice=46/64 states=[1440,1472) segments=0..=0 finished_slices=44/64 finished_states=1408/2048 resumed_slices=0 elapsed_seconds=17.5
LAYER0_PROGRESS slice=47/64 states=[1472,1504) segments=0..=0 finished_slices=45/64 finished_states=1440/2048 resumed_slices=0 elapsed_seconds=18.0
LAYER0_PROGRESS slice=48/64 states=[1504,1536) segments=0..=0 finished_slices=46/64 finished_states=1472/2048 resumed_slices=0 elapsed_seconds=18.3
LAYER0_PROGRESS slice=49/64 states=[1536,1568) segments=0..=0 finished_slices=47/64 finished_states=1504/2048 resumed_slices=0 elapsed_seconds=18.7
LAYER0_PROGRESS slice=50/64 states=[1568,1600) segments=0..=0 finished_slices=48/64 finished_states=1536/2048 resumed_slices=0 elapsed_seconds=19.0
LAYER0_PROGRESS slice=51/64 states=[1600,1632) segments=0..=0 finished_slices=49/64 finished_states=1568/2048 resumed_slices=0 elapsed_seconds=19.3
LAYER0_PROGRESS slice=52/64 states=[1632,1664) segments=0..=0 finished_slices=50/64 finished_states=1600/2048 resumed_slices=0 elapsed_seconds=19.7
LAYER0_PROGRESS slice=53/64 states=[1664,1696) segments=0..=0 finished_slices=51/64 finished_states=1632/2048 resumed_slices=0 elapsed_seconds=20.0
LAYER0_PROGRESS slice=54/64 states=[1696,1728) segments=0..=0 finished_slices=52/64 finished_states=1664/2048 resumed_slices=0 elapsed_seconds=20.3
LAYER0_PROGRESS slice=55/64 states=[1728,1760) segments=0..=0 finished_slices=53/64 finished_states=1696/2048 resumed_slices=0 elapsed_seconds=20.7
LAYER0_PROGRESS slice=56/64 states=[1760,1792) segments=0..=0 finished_slices=54/64 finished_states=1728/2048 resumed_slices=0 elapsed_seconds=21.0
LAYER0_PROGRESS slice=57/64 states=[1792,1824) segments=0..=0 finished_slices=55/64 finished_states=1760/2048 resumed_slices=0 elapsed_seconds=21.3
LAYER0_PROGRESS slice=42/64 states=[1312,1344) segments=0..=0 finished_slices=56/64 finished_states=1792/2048 resumed_slices=0 elapsed_seconds=21.4
LAYER0_PROGRESS slice=35/64 states=[1088,1120) segments=0..=0 finished_slices=57/64 finished_states=1824/2048 resumed_slices=0 elapsed_seconds=21.7
LAYER0_PROGRESS slice=58/64 states=[1824,1856) segments=0..=0 finished_slices=58/64 finished_states=1856/2048 resumed_slices=0 elapsed_seconds=22.0
LAYER0_PROGRESS slice=59/64 states=[1856,1888) segments=0..=0 finished_slices=59/64 finished_states=1888/2048 resumed_slices=0 elapsed_seconds=22.1
LAYER0_PROGRESS slice=61/64 states=[1920,1952) segments=0..=0 finished_slices=60/64 finished_states=1920/2048 resumed_slices=0 elapsed_seconds=22.6
LAYER0_PROGRESS slice=62/64 states=[1952,1984) segments=0..=0 finished_slices=61/64 finished_states=1952/2048 resumed_slices=0 elapsed_seconds=22.8
LAYER0_PROGRESS slice=64/64 states=[2016,2048) segments=0..=all_persisted finished_slices=62/64 finished_states=1984/2048 resumed_slices=0 elapsed_seconds=23.3
LAYER0_PROGRESS slice=63/64 states=[1984,2016) segments=0..=0 finished_slices=63/64 finished_states=2016/2048 resumed_slices=0 elapsed_seconds=23.4
LAYER0_PROGRESS slice=60/64 states=[1888,1920) segments=0..=0 finished_slices=64/64 finished_states=2048/2048 resumed_slices=0 elapsed_seconds=23.7
LAYER0_FINDINGS signatures=0 red_states=0 states=2048
LAYER0_PARALLEL_FINISHED states=2048 slices=64 worker_threads=3 configured_worker_threads=3 worker_threads_source=environment_variable resumed_slices=0 freshly_run_slices=64 progress_file_after_completion=none elapsed_seconds=23.7
SWEEP seed=6 entry=rollback fault=Some((Write, 12)) fired=Some((Write, 12, 1, 25575424)) outcome=Err Publish(PublishSequenceFailed { cause: BlockDevice(InputOutput(Custom { kind: Other, error: "注入的写错" })), writes_before_the_first_publish: WritesByStructureKind { counted: {} }, writes_of_persisted writes_before=11 writes_after=0 frozen=true resend=Ok checker=0 first=None read=FileRead root=Some((InstanceGeneration(2), CheckpointTxg(7))) content_ok=true remount=Ok checker_after_remount=0 first_after=None enum=states=2048 seconds=23.7 closed=2048 exact=2048 oracle=0 ignored=0 root_without_record=0 missing_unit=0 checker_red_states=0 first=None first_checker=None
LAYER0_PARALLEL_START states=4096 slices=64 states_per_slice=64 worker_threads=3 configured_worker_threads=3 worker_threads_source=environment_variable resumed_slices=0 freshly_run_slices=64
LAYER0_PROGRESS slice=1/64 states=[0,64) segments=0..=0 finished_slices=1/64 finished_states=64/4096 resumed_slices=0 elapsed_seconds=0.7
LAYER0_PROGRESS slice=3/64 states=[128,192) segments=0..=0 finished_slices=2/64 finished_states=128/4096 resumed_slices=0 elapsed_seconds=1.8
LAYER0_PROGRESS slice=4/64 states=[192,256) segments=0..=0 finished_slices=3/64 finished_states=192/4096 resumed_slices=0 elapsed_seconds=2.3
LAYER0_PROGRESS slice=5/64 states=[256,320) segments=0..=0 finished_slices=4/64 finished_states=256/4096 resumed_slices=0 elapsed_seconds=3.1
LAYER0_PROGRESS slice=2/64 states=[64,128) segments=0..=0 finished_slices=5/64 finished_states=320/4096 resumed_slices=0 elapsed_seconds=3.4
LAYER0_PROGRESS slice=6/64 states=[320,384) segments=0..=0 finished_slices=6/64 finished_states=384/4096 resumed_slices=0 elapsed_seconds=3.8
LAYER0_PROGRESS slice=7/64 states=[384,448) segments=0..=0 finished_slices=7/64 finished_states=448/4096 resumed_slices=0 elapsed_seconds=3.8
LAYER0_PROGRESS slice=10/64 states=[576,640) segments=0..=0 finished_slices=8/64 finished_states=512/4096 resumed_slices=0 elapsed_seconds=4.5
LAYER0_PROGRESS slice=8/64 states=[448,512) segments=0..=0 finished_slices=9/64 finished_states=576/4096 resumed_slices=0 elapsed_seconds=4.7
LAYER0_PROGRESS slice=11/64 states=[640,704) segments=0..=0 finished_slices=10/64 finished_states=640/4096 resumed_slices=0 elapsed_seconds=5.1
LAYER0_PROGRESS slice=13/64 states=[768,832) segments=0..=0 finished_slices=11/64 finished_states=704/4096 resumed_slices=0 elapsed_seconds=5.8
LAYER0_PROGRESS slice=9/64 states=[512,576) segments=0..=0 finished_slices=12/64 finished_states=768/4096 resumed_slices=0 elapsed_seconds=6.0
LAYER0_PROGRESS slice=12/64 states=[704,768) segments=0..=0 finished_slices=13/64 finished_states=832/4096 resumed_slices=0 elapsed_seconds=6.9
LAYER0_PROGRESS slice=16/64 states=[960,1024) segments=0..=0 finished_slices=14/64 finished_states=896/4096 resumed_slices=0 elapsed_seconds=7.5
LAYER0_PROGRESS slice=14/64 states=[832,896) segments=0..=0 finished_slices=15/64 finished_states=960/4096 resumed_slices=0 elapsed_seconds=8.5
LAYER0_PROGRESS slice=17/64 states=[1024,1088) segments=0..=0 finished_slices=16/64 finished_states=1024/4096 resumed_slices=0 elapsed_seconds=8.7
LAYER0_PROGRESS slice=15/64 states=[896,960) segments=0..=0 finished_slices=17/64 finished_states=1088/4096 resumed_slices=0 elapsed_seconds=9.6
LAYER0_PROGRESS slice=18/64 states=[1088,1152) segments=0..=0 finished_slices=18/64 finished_states=1152/4096 resumed_slices=0 elapsed_seconds=10.5
LAYER0_PROGRESS slice=19/64 states=[1152,1216) segments=0..=0 finished_slices=19/64 finished_states=1216/4096 resumed_slices=0 elapsed_seconds=10.7
LAYER0_PROGRESS slice=20/64 states=[1216,1280) segments=0..=0 finished_slices=20/64 finished_states=1280/4096 resumed_slices=0 elapsed_seconds=11.5
LAYER0_PROGRESS slice=21/64 states=[1280,1344) segments=0..=0 finished_slices=21/64 finished_states=1344/4096 resumed_slices=0 elapsed_seconds=12.5
LAYER0_PROGRESS slice=22/64 states=[1344,1408) segments=0..=0 finished_slices=22/64 finished_states=1408/4096 resumed_slices=0 elapsed_seconds=12.7
LAYER0_PROGRESS slice=23/64 states=[1408,1472) segments=0..=0 finished_slices=23/64 finished_states=1472/4096 resumed_slices=0 elapsed_seconds=13.5
LAYER0_PROGRESS slice=24/64 states=[1472,1536) segments=0..=0 finished_slices=24/64 finished_states=1536/4096 resumed_slices=0 elapsed_seconds=14.5
LAYER0_PROGRESS slice=25/64 states=[1536,1600) segments=0..=0 finished_slices=25/64 finished_states=1600/4096 resumed_slices=0 elapsed_seconds=14.7
LAYER0_PROGRESS slice=26/64 states=[1600,1664) segments=0..=0 finished_slices=26/64 finished_states=1664/4096 resumed_slices=0 elapsed_seconds=15.5
LAYER0_PROGRESS slice=27/64 states=[1664,1728) segments=0..=0 finished_slices=27/64 finished_states=1728/4096 resumed_slices=0 elapsed_seconds=16.4
LAYER0_PROGRESS slice=28/64 states=[1728,1792) segments=0..=0 finished_slices=28/64 finished_states=1792/4096 resumed_slices=0 elapsed_seconds=16.7
LAYER0_PROGRESS slice=29/64 states=[1792,1856) segments=0..=0 finished_slices=29/64 finished_states=1856/4096 resumed_slices=0 elapsed_seconds=17.5
LAYER0_PROGRESS slice=30/64 states=[1856,1920) segments=0..=0 finished_slices=30/64 finished_states=1920/4096 resumed_slices=0 elapsed_seconds=18.4
LAYER0_PROGRESS slice=31/64 states=[1920,1984) segments=0..=0 finished_slices=31/64 finished_states=1984/4096 resumed_slices=0 elapsed_seconds=18.6
LAYER0_PROGRESS slice=32/64 states=[1984,2048) segments=0..=0 finished_slices=32/64 finished_states=2048/4096 resumed_slices=0 elapsed_seconds=19.4
LAYER0_PROGRESS slice=33/64 states=[2048,2112) segments=0..=0 finished_slices=33/64 finished_states=2112/4096 resumed_slices=0 elapsed_seconds=20.4
LAYER0_PROGRESS slice=34/64 states=[2112,2176) segments=0..=0 finished_slices=34/64 finished_states=2176/4096 resumed_slices=0 elapsed_seconds=20.6
LAYER0_PROGRESS slice=35/64 states=[2176,2240) segments=0..=0 finished_slices=35/64 finished_states=2240/4096 resumed_slices=0 elapsed_seconds=21.3
LAYER0_PROGRESS slice=36/64 states=[2240,2304) segments=0..=0 finished_slices=36/64 finished_states=2304/4096 resumed_slices=0 elapsed_seconds=22.0
LAYER0_PROGRESS slice=38/64 states=[2368,2432) segments=0..=0 finished_slices=37/64 finished_states=2368/4096 resumed_slices=0 elapsed_seconds=23.0
LAYER0_PROGRESS slice=39/64 states=[2432,2496) segments=0..=0 finished_slices=38/64 finished_states=2432/4096 resumed_slices=0 elapsed_seconds=23.4
LAYER0_PROGRESS slice=37/64 states=[2304,2368) segments=0..=0 finished_slices=39/64 finished_states=2496/4096 resumed_slices=0 elapsed_seconds=24.3
LAYER0_PROGRESS slice=40/64 states=[2496,2560) segments=0..=0 finished_slices=40/64 finished_states=2560/4096 resumed_slices=0 elapsed_seconds=24.6
LAYER0_PROGRESS slice=41/64 states=[2560,2624) segments=0..=0 finished_slices=41/64 finished_states=2624/4096 resumed_slices=0 elapsed_seconds=25.5
LAYER0_PROGRESS slice=42/64 states=[2624,2688) segments=0..=0 finished_slices=42/64 finished_states=2688/4096 resumed_slices=0 elapsed_seconds=26.3
LAYER0_PROGRESS slice=43/64 states=[2688,2752) segments=0..=0 finished_slices=43/64 finished_states=2752/4096 resumed_slices=0 elapsed_seconds=26.6
LAYER0_PROGRESS slice=44/64 states=[2752,2816) segments=0..=0 finished_slices=44/64 finished_states=2816/4096 resumed_slices=0 elapsed_seconds=27.5
LAYER0_PROGRESS slice=45/64 states=[2816,2880) segments=0..=0 finished_slices=45/64 finished_states=2880/4096 resumed_slices=0 elapsed_seconds=28.2
LAYER0_PROGRESS slice=46/64 states=[2880,2944) segments=0..=0 finished_slices=46/64 finished_states=2944/4096 resumed_slices=0 elapsed_seconds=28.4
LAYER0_PROGRESS slice=48/64 states=[3008,3072) segments=0..=0 finished_slices=47/64 finished_states=3008/4096 resumed_slices=0 elapsed_seconds=29.5
LAYER0_PROGRESS slice=50/64 states=[3136,3200) segments=0..=0 finished_slices=48/64 finished_states=3072/4096 resumed_slices=0 elapsed_seconds=30.1
LAYER0_PROGRESS slice=51/64 states=[3200,3264) segments=0..=0 finished_slices=49/64 finished_states=3136/4096 resumed_slices=0 elapsed_seconds=30.8
LAYER0_PROGRESS slice=52/64 states=[3264,3328) segments=0..=0 finished_slices=50/64 finished_states=3200/4096 resumed_slices=0 elapsed_seconds=31.5
LAYER0_PROGRESS slice=47/64 states=[2944,3008) segments=0..=0 finished_slices=51/64 finished_states=3264/4096 resumed_slices=0 elapsed_seconds=32.2
LAYER0_PROGRESS slice=49/64 states=[3072,3136) segments=0..=0 finished_slices=52/64 finished_states=3328/4096 resumed_slices=0 elapsed_seconds=32.3
LAYER0_PROGRESS slice=53/64 states=[3328,3392) segments=0..=0 finished_slices=53/64 finished_states=3392/4096 resumed_slices=0 elapsed_seconds=33.3
LAYER0_PROGRESS slice=54/64 states=[3392,3456) segments=0..=0 finished_slices=54/64 finished_states=3456/4096 resumed_slices=0 elapsed_seconds=34.2
LAYER0_PROGRESS slice=55/64 states=[3456,3520) segments=0..=0 finished_slices=55/64 finished_states=3520/4096 resumed_slices=0 elapsed_seconds=34.3
LAYER0_PROGRESS slice=56/64 states=[3520,3584) segments=0..=0 finished_slices=56/64 finished_states=3584/4096 resumed_slices=0 elapsed_seconds=35.3
LAYER0_PROGRESS slice=57/64 states=[3584,3648) segments=0..=0 finished_slices=57/64 finished_states=3648/4096 resumed_slices=0 elapsed_seconds=36.1
LAYER0_PROGRESS slice=58/64 states=[3648,3712) segments=0..=0 finished_slices=58/64 finished_states=3712/4096 resumed_slices=0 elapsed_seconds=36.2
LAYER0_PROGRESS slice=61/64 states=[3840,3904) segments=0..=0 finished_slices=59/64 finished_states=3776/4096 resumed_slices=0 elapsed_seconds=37.5
LAYER0_PROGRESS slice=62/64 states=[3904,3968) segments=0..=0 finished_slices=60/64 finished_states=3840/4096 resumed_slices=0 elapsed_seconds=38.1
LAYER0_PROGRESS slice=63/64 states=[3968,4032) segments=0..=0 finished_slices=61/64 finished_states=3904/4096 resumed_slices=0 elapsed_seconds=39.0
LAYER0_PROGRESS slice=59/64 states=[3712,3776) segments=0..=0 finished_slices=62/64 finished_states=3968/4096 resumed_slices=0 elapsed_seconds=39.0
LAYER0_PROGRESS slice=60/64 states=[3776,3840) segments=0..=0 finished_slices=63/64 finished_states=4032/4096 resumed_slices=0 elapsed_seconds=39.5
LAYER0_PROGRESS slice=64/64 states=[4032,4096) segments=0..=all_persisted finished_slices=64/64 finished_states=4096/4096 resumed_slices=0 elapsed_seconds=40.0
LAYER0_FINDINGS signatures=0 red_states=0 states=4096
LAYER0_PARALLEL_FINISHED states=4096 slices=64 worker_threads=3 configured_worker_threads=3 worker_threads_source=environment_variable resumed_slices=0 freshly_run_slices=64 progress_file_after_completion=none elapsed_seconds=40.0
SWEEP seed=6 entry=rollback fault=Some((Write, 13)) fired=Some((Write, 13, 0, 16801792)) outcome=Err Publish(PublishSequenceFailed { cause: BlockDevice(InputOutput(Custom { kind: Other, error: "注入的写错" })), writes_before_the_first_publish: WritesByStructureKind { counted: {} }, writes_of_persisted writes_before=12 writes_after=0 frozen=true resend=Ok checker=0 first=None read=FileRead root=Some((InstanceGeneration(2), CheckpointTxg(7))) content_ok=true remount=Ok checker_after_remount=0 first_after=None enum=states=4096 seconds=40.0 closed=4096 exact=4096 oracle=0 ignored=0 root_without_record=0 missing_unit=0 checker_red_states=0 first=None first_checker=None
LAYER0_PARALLEL_START states=4097 slices=64 states_per_slice=65 worker_threads=3 configured_worker_threads=3 worker_threads_source=environment_variable resumed_slices=0 freshly_run_slices=64
LAYER0_PROGRESS slice=1/64 states=[0,65) segments=0..=0 finished_slices=1/64 finished_states=65/4097 resumed_slices=0 elapsed_seconds=0.7
LAYER0_PROGRESS slice=3/64 states=[130,195) segments=0..=0 finished_slices=2/64 finished_states=130/4097 resumed_slices=0 elapsed_seconds=1.9
LAYER0_PROGRESS slice=5/64 states=[260,325) segments=0..=0 finished_slices=3/64 finished_states=195/4097 resumed_slices=0 elapsed_seconds=2.6
LAYER0_PROGRESS slice=6/64 states=[325,390) segments=0..=0 finished_slices=4/64 finished_states=260/4097 resumed_slices=0 elapsed_seconds=9.4
LAYER0_PROGRESS slice=4/64 states=[195,260) segments=0..=0 finished_slices=5/64 finished_states=325/4097 resumed_slices=0 elapsed_seconds=9.5
LAYER0_PROGRESS slice=2/64 states=[65,130) segments=0..=0 finished_slices=6/64 finished_states=390/4097 resumed_slices=0 elapsed_seconds=9.8
LAYER0_PROGRESS slice=7/64 states=[390,455) segments=0..=0 finished_slices=7/64 finished_states=455/4097 resumed_slices=0 elapsed_seconds=10.0
LAYER0_PROGRESS slice=8/64 states=[455,520) segments=0..=0 finished_slices=8/64 finished_states=520/4097 resumed_slices=0 elapsed_seconds=10.1
LAYER0_PROGRESS slice=9/64 states=[520,585) segments=0..=0 finished_slices=9/64 finished_states=585/4097 resumed_slices=0 elapsed_seconds=10.4
LAYER0_PROGRESS slice=10/64 states=[585,650) segments=0..=0 finished_slices=10/64 finished_states=650/4097 resumed_slices=0 elapsed_seconds=10.6
LAYER0_PROGRESS slice=11/64 states=[650,715) segments=0..=0 finished_slices=11/64 finished_states=715/4097 resumed_slices=0 elapsed_seconds=10.7
LAYER0_PROGRESS slice=12/64 states=[715,780) segments=0..=0 finished_slices=12/64 finished_states=780/4097 resumed_slices=0 elapsed_seconds=11.0
LAYER0_PROGRESS slice=13/64 states=[780,845) segments=0..=0 finished_slices=13/64 finished_states=845/4097 resumed_slices=0 elapsed_seconds=11.2
LAYER0_PROGRESS slice=14/64 states=[845,910) segments=0..=0 finished_slices=14/64 finished_states=910/4097 resumed_slices=0 elapsed_seconds=11.3
LAYER0_PROGRESS slice=15/64 states=[910,975) segments=0..=0 finished_slices=15/64 finished_states=975/4097 resumed_slices=0 elapsed_seconds=11.6
LAYER0_PROGRESS slice=16/64 states=[975,1040) segments=0..=0 finished_slices=16/64 finished_states=1040/4097 resumed_slices=0 elapsed_seconds=11.8
LAYER0_PROGRESS slice=17/64 states=[1040,1105) segments=0..=0 finished_slices=17/64 finished_states=1105/4097 resumed_slices=0 elapsed_seconds=11.9
LAYER0_PROGRESS slice=18/64 states=[1105,1170) segments=0..=0 finished_slices=18/64 finished_states=1170/4097 resumed_slices=0 elapsed_seconds=12.2
LAYER0_PROGRESS slice=19/64 states=[1170,1235) segments=0..=0 finished_slices=19/64 finished_states=1235/4097 resumed_slices=0 elapsed_seconds=12.4
LAYER0_PROGRESS slice=20/64 states=[1235,1300) segments=0..=0 finished_slices=20/64 finished_states=1300/4097 resumed_slices=0 elapsed_seconds=12.5
LAYER0_PROGRESS slice=21/64 states=[1300,1365) segments=0..=0 finished_slices=21/64 finished_states=1365/4097 resumed_slices=0 elapsed_seconds=12.8
LAYER0_PROGRESS slice=22/64 states=[1365,1430) segments=0..=0 finished_slices=22/64 finished_states=1430/4097 resumed_slices=0 elapsed_seconds=13.0
LAYER0_PROGRESS slice=23/64 states=[1430,1495) segments=0..=0 finished_slices=23/64 finished_states=1495/4097 resumed_slices=0 elapsed_seconds=13.0
LAYER0_PROGRESS slice=24/64 states=[1495,1560) segments=0..=0 finished_slices=24/64 finished_states=1560/4097 resumed_slices=0 elapsed_seconds=13.4
LAYER0_PROGRESS slice=25/64 states=[1560,1625) segments=0..=0 finished_slices=25/64 finished_states=1625/4097 resumed_slices=0 elapsed_seconds=13.6
LAYER0_PROGRESS slice=26/64 states=[1625,1690) segments=0..=0 finished_slices=26/64 finished_states=1690/4097 resumed_slices=0 elapsed_seconds=13.6
LAYER0_PROGRESS slice=27/64 states=[1690,1755) segments=0..=0 finished_slices=27/64 finished_states=1755/4097 resumed_slices=0 elapsed_seconds=14.0
LAYER0_PROGRESS slice=28/64 states=[1755,1820) segments=0..=0 finished_slices=28/64 finished_states=1820/4097 resumed_slices=0 elapsed_seconds=14.2
LAYER0_PROGRESS slice=29/64 states=[1820,1885) segments=0..=0 finished_slices=29/64 finished_states=1885/4097 resumed_slices=0 elapsed_seconds=14.2
LAYER0_PROGRESS slice=30/64 states=[1885,1950) segments=0..=0 finished_slices=30/64 finished_states=1950/4097 resumed_slices=0 elapsed_seconds=14.5
LAYER0_PROGRESS slice=31/64 states=[1950,2015) segments=0..=0 finished_slices=31/64 finished_states=2015/4097 resumed_slices=0 elapsed_seconds=14.7
LAYER0_PROGRESS slice=32/64 states=[2015,2080) segments=0..=0 finished_slices=32/64 finished_states=2080/4097 resumed_slices=0 elapsed_seconds=14.8
LAYER0_PROGRESS slice=33/64 states=[2080,2145) segments=0..=0 finished_slices=33/64 finished_states=2145/4097 resumed_slices=0 elapsed_seconds=15.1
LAYER0_PROGRESS slice=34/64 states=[2145,2210) segments=0..=0 finished_slices=34/64 finished_states=2210/4097 resumed_slices=0 elapsed_seconds=15.3
LAYER0_PROGRESS slice=35/64 states=[2210,2275) segments=0..=0 finished_slices=35/64 finished_states=2275/4097 resumed_slices=0 elapsed_seconds=15.4
LAYER0_PROGRESS slice=36/64 states=[2275,2340) segments=0..=0 finished_slices=36/64 finished_states=2340/4097 resumed_slices=0 elapsed_seconds=15.7
LAYER0_PROGRESS slice=37/64 states=[2340,2405) segments=0..=0 finished_slices=37/64 finished_states=2405/4097 resumed_slices=0 elapsed_seconds=15.9
LAYER0_PROGRESS slice=38/64 states=[2405,2470) segments=0..=0 finished_slices=38/64 finished_states=2470/4097 resumed_slices=0 elapsed_seconds=16.0
LAYER0_PROGRESS slice=39/64 states=[2470,2535) segments=0..=0 finished_slices=39/64 finished_states=2535/4097 resumed_slices=0 elapsed_seconds=16.3
LAYER0_PROGRESS slice=40/64 states=[2535,2600) segments=0..=0 finished_slices=40/64 finished_states=2600/4097 resumed_slices=0 elapsed_seconds=16.5
LAYER0_PROGRESS slice=41/64 states=[2600,2665) segments=0..=0 finished_slices=41/64 finished_states=2665/4097 resumed_slices=0 elapsed_seconds=16.6
LAYER0_PROGRESS slice=42/64 states=[2665,2730) segments=0..=0 finished_slices=42/64 finished_states=2730/4097 resumed_slices=0 elapsed_seconds=16.9
LAYER0_PROGRESS slice=43/64 states=[2730,2795) segments=0..=0 finished_slices=43/64 finished_states=2795/4097 resumed_slices=0 elapsed_seconds=17.1
LAYER0_PROGRESS slice=44/64 states=[2795,2860) segments=0..=0 finished_slices=44/64 finished_states=2860/4097 resumed_slices=0 elapsed_seconds=17.2
LAYER0_PROGRESS slice=45/64 states=[2860,2925) segments=0..=0 finished_slices=45/64 finished_states=2925/4097 resumed_slices=0 elapsed_seconds=17.5
LAYER0_PROGRESS slice=46/64 states=[2925,2990) segments=0..=0 finished_slices=46/64 finished_states=2990/4097 resumed_slices=0 elapsed_seconds=17.7
LAYER0_PROGRESS slice=47/64 states=[2990,3055) segments=0..=0 finished_slices=47/64 finished_states=3055/4097 resumed_slices=0 elapsed_seconds=17.7
LAYER0_PROGRESS slice=48/64 states=[3055,3120) segments=0..=0 finished_slices=48/64 finished_states=3120/4097 resumed_slices=0 elapsed_seconds=18.1
LAYER0_PROGRESS slice=49/64 states=[3120,3185) segments=0..=0 finished_slices=49/64 finished_states=3185/4097 resumed_slices=0 elapsed_seconds=18.3
LAYER0_PROGRESS slice=50/64 states=[3185,3250) segments=0..=0 finished_slices=50/64 finished_states=3250/4097 resumed_slices=0 elapsed_seconds=18.3
LAYER0_PROGRESS slice=51/64 states=[3250,3315) segments=0..=0 finished_slices=51/64 finished_states=3315/4097 resumed_slices=0 elapsed_seconds=18.6
LAYER0_PROGRESS slice=52/64 states=[3315,3380) segments=0..=0 finished_slices=52/64 finished_states=3380/4097 resumed_slices=0 elapsed_seconds=18.8
LAYER0_PROGRESS slice=53/64 states=[3380,3445) segments=0..=0 finished_slices=53/64 finished_states=3445/4097 resumed_slices=0 elapsed_seconds=18.9
LAYER0_PROGRESS slice=54/64 states=[3445,3510) segments=0..=0 finished_slices=54/64 finished_states=3510/4097 resumed_slices=0 elapsed_seconds=19.2
LAYER0_PROGRESS slice=55/64 states=[3510,3575) segments=0..=0 finished_slices=55/64 finished_states=3575/4097 resumed_slices=0 elapsed_seconds=19.4
LAYER0_PROGRESS slice=56/64 states=[3575,3640) segments=0..=0 finished_slices=56/64 finished_states=3640/4097 resumed_slices=0 elapsed_seconds=19.5
LAYER0_PROGRESS slice=57/64 states=[3640,3705) segments=0..=0 finished_slices=57/64 finished_states=3705/4097 resumed_slices=0 elapsed_seconds=19.8
LAYER0_PROGRESS slice=58/64 states=[3705,3770) segments=0..=0 finished_slices=58/64 finished_states=3770/4097 resumed_slices=0 elapsed_seconds=20.0
LAYER0_PROGRESS slice=59/64 states=[3770,3835) segments=0..=0 finished_slices=59/64 finished_states=3835/4097 resumed_slices=0 elapsed_seconds=20.1
LAYER0_PROGRESS slice=60/64 states=[3835,3900) segments=0..=0 finished_slices=60/64 finished_states=3900/4097 resumed_slices=0 elapsed_seconds=20.4
LAYER0_PROGRESS slice=61/64 states=[3900,3965) segments=0..=0 finished_slices=61/64 finished_states=3965/4097 resumed_slices=0 elapsed_seconds=20.6
LAYER0_PROGRESS slice=64/64 states=[4095,4097) segments=1..=all_persisted finished_slices=62/64 finished_states=3967/4097 resumed_slices=0 elapsed_seconds=20.6
LAYER0_PROGRESS slice=62/64 states=[3965,4030) segments=0..=0 finished_slices=63/64 finished_states=4032/4097 resumed_slices=0 elapsed_seconds=20.7
LAYER0_PROGRESS slice=63/64 states=[4030,4095) segments=0..=0 finished_slices=64/64 finished_states=4097/4097 resumed_slices=0 elapsed_seconds=21.0
LAYER0_FINDINGS signatures=0 red_states=0 states=4097
LAYER0_PARALLEL_FINISHED states=4097 slices=64 worker_threads=3 configured_worker_threads=3 worker_threads_source=environment_variable resumed_slices=0 freshly_run_slices=64 progress_file_after_completion=none elapsed_seconds=21.0
SWEEP seed=6 entry=rollback fault=Some((Write, 14)) fired=Some((Write, 14, 1, 16801792)) outcome=Err Publish(PublishSequenceFailed { cause: BlockDevice(InputOutput(Custom { kind: Other, error: "注入的写错" })), writes_before_the_first_publish: WritesByStructureKind { counted: {} }, writes_of_persisted writes_before=13 writes_after=0 frozen=true resend=Ok checker=0 first=None read=FileRead root=Some((InstanceGeneration(2), CheckpointTxg(7))) content_ok=true remount=Ok checker_after_remount=0 first_after=None enum=states=4097 seconds=21.0 closed=4097 exact=4097 oracle=0 ignored=0 root_without_record=0 missing_unit=0 checker_red_states=0 first=None first_checker=None
LAYER0_PARALLEL_START states=4099 slices=64 states_per_slice=65 worker_threads=3 configured_worker_threads=3 worker_threads_source=environment_variable resumed_slices=0 freshly_run_slices=64
LAYER0_PROGRESS slice=3/64 states=[130,195) segments=0..=0 finished_slices=1/64 finished_states=65/4099 resumed_slices=0 elapsed_seconds=0.6
LAYER0_PROGRESS slice=1/64 states=[0,65) segments=0..=0 finished_slices=2/64 finished_states=130/4099 resumed_slices=0 elapsed_seconds=0.6
LAYER0_PROGRESS slice=2/64 states=[65,130) segments=0..=0 finished_slices=3/64 finished_states=195/4099 resumed_slices=0 elapsed_seconds=0.6
LAYER0_PROGRESS slice=4/64 states=[195,260) segments=0..=0 finished_slices=4/64 finished_states=260/4099 resumed_slices=0 elapsed_seconds=1.2
LAYER0_PROGRESS slice=5/64 states=[260,325) segments=0..=0 finished_slices=5/64 finished_states=325/4099 resumed_slices=0 elapsed_seconds=1.2
LAYER0_PROGRESS slice=6/64 states=[325,390) segments=0..=0 finished_slices=6/64 finished_states=390/4099 resumed_slices=0 elapsed_seconds=1.2
LAYER0_PROGRESS slice=7/64 states=[390,455) segments=0..=0 finished_slices=7/64 finished_states=455/4099 resumed_slices=0 elapsed_seconds=1.8
LAYER0_PROGRESS slice=8/64 states=[455,520) segments=0..=0 finished_slices=8/64 finished_states=520/4099 resumed_slices=0 elapsed_seconds=1.8
LAYER0_PROGRESS slice=9/64 states=[520,585) segments=0..=0 finished_slices=9/64 finished_states=585/4099 resumed_slices=0 elapsed_seconds=1.8
LAYER0_PROGRESS slice=10/64 states=[585,650) segments=0..=0 finished_slices=10/64 finished_states=650/4099 resumed_slices=0 elapsed_seconds=2.3
LAYER0_PROGRESS slice=11/64 states=[650,715) segments=0..=0 finished_slices=11/64 finished_states=715/4099 resumed_slices=0 elapsed_seconds=2.3
LAYER0_PROGRESS slice=12/64 states=[715,780) segments=0..=0 finished_slices=12/64 finished_states=780/4099 resumed_slices=0 elapsed_seconds=2.3
LAYER0_PROGRESS slice=13/64 states=[780,845) segments=0..=0 finished_slices=13/64 finished_states=845/4099 resumed_slices=0 elapsed_seconds=2.9
LAYER0_PROGRESS slice=14/64 states=[845,910) segments=0..=0 finished_slices=14/64 finished_states=910/4099 resumed_slices=0 elapsed_seconds=2.9
LAYER0_PROGRESS slice=15/64 states=[910,975) segments=0..=0 finished_slices=15/64 finished_states=975/4099 resumed_slices=0 elapsed_seconds=2.9
LAYER0_PROGRESS slice=16/64 states=[975,1040) segments=0..=0 finished_slices=16/64 finished_states=1040/4099 resumed_slices=0 elapsed_seconds=3.5
LAYER0_PROGRESS slice=17/64 states=[1040,1105) segments=0..=0 finished_slices=17/64 finished_states=1105/4099 resumed_slices=0 elapsed_seconds=3.5
LAYER0_PROGRESS slice=18/64 states=[1105,1170) segments=0..=0 finished_slices=18/64 finished_states=1170/4099 resumed_slices=0 elapsed_seconds=3.5
LAYER0_PROGRESS slice=19/64 states=[1170,1235) segments=0..=0 finished_slices=19/64 finished_states=1235/4099 resumed_slices=0 elapsed_seconds=4.1
LAYER0_PROGRESS slice=20/64 states=[1235,1300) segments=0..=0 finished_slices=20/64 finished_states=1300/4099 resumed_slices=0 elapsed_seconds=4.1
LAYER0_PROGRESS slice=21/64 states=[1300,1365) segments=0..=0 finished_slices=21/64 finished_states=1365/4099 resumed_slices=0 elapsed_seconds=4.1
LAYER0_PROGRESS slice=22/64 states=[1365,1430) segments=0..=0 finished_slices=22/64 finished_states=1430/4099 resumed_slices=0 elapsed_seconds=4.7
LAYER0_PROGRESS slice=23/64 states=[1430,1495) segments=0..=0 finished_slices=23/64 finished_states=1495/4099 resumed_slices=0 elapsed_seconds=4.7
LAYER0_PROGRESS slice=24/64 states=[1495,1560) segments=0..=0 finished_slices=24/64 finished_states=1560/4099 resumed_slices=0 elapsed_seconds=4.7
LAYER0_PROGRESS slice=25/64 states=[1560,1625) segments=0..=0 finished_slices=25/64 finished_states=1625/4099 resumed_slices=0 elapsed_seconds=5.3
LAYER0_PROGRESS slice=26/64 states=[1625,1690) segments=0..=0 finished_slices=26/64 finished_states=1690/4099 resumed_slices=0 elapsed_seconds=5.3
LAYER0_PROGRESS slice=27/64 states=[1690,1755) segments=0..=0 finished_slices=27/64 finished_states=1755/4099 resumed_slices=0 elapsed_seconds=5.3
LAYER0_PROGRESS slice=28/64 states=[1755,1820) segments=0..=0 finished_slices=28/64 finished_states=1820/4099 resumed_slices=0 elapsed_seconds=5.8
LAYER0_PROGRESS slice=29/64 states=[1820,1885) segments=0..=0 finished_slices=29/64 finished_states=1885/4099 resumed_slices=0 elapsed_seconds=5.8
LAYER0_PROGRESS slice=30/64 states=[1885,1950) segments=0..=0 finished_slices=30/64 finished_states=1950/4099 resumed_slices=0 elapsed_seconds=5.9
LAYER0_PROGRESS slice=31/64 states=[1950,2015) segments=0..=0 finished_slices=31/64 finished_states=2015/4099 resumed_slices=0 elapsed_seconds=6.4
LAYER0_PROGRESS slice=32/64 states=[2015,2080) segments=0..=0 finished_slices=32/64 finished_states=2080/4099 resumed_slices=0 elapsed_seconds=6.4
LAYER0_PROGRESS slice=33/64 states=[2080,2145) segments=0..=0 finished_slices=33/64 finished_states=2145/4099 resumed_slices=0 elapsed_seconds=6.5
LAYER0_PROGRESS slice=35/64 states=[2210,2275) segments=0..=0 finished_slices=34/64 finished_states=2210/4099 resumed_slices=0 elapsed_seconds=7.0
LAYER0_PROGRESS slice=34/64 states=[2145,2210) segments=0..=0 finished_slices=35/64 finished_states=2275/4099 resumed_slices=0 elapsed_seconds=7.0
LAYER0_PROGRESS slice=36/64 states=[2275,2340) segments=0..=0 finished_slices=36/64 finished_states=2340/4099 resumed_slices=0 elapsed_seconds=7.0
LAYER0_PROGRESS slice=37/64 states=[2340,2405) segments=0..=0 finished_slices=37/64 finished_states=2405/4099 resumed_slices=0 elapsed_seconds=7.6
LAYER0_PROGRESS slice=38/64 states=[2405,2470) segments=0..=0 finished_slices=38/64 finished_states=2470/4099 resumed_slices=0 elapsed_seconds=7.6
LAYER0_PROGRESS slice=39/64 states=[2470,2535) segments=0..=0 finished_slices=39/64 finished_states=2535/4099 resumed_slices=0 elapsed_seconds=7.6
LAYER0_PROGRESS slice=40/64 states=[2535,2600) segments=0..=0 finished_slices=40/64 finished_states=2600/4099 resumed_slices=0 elapsed_seconds=8.2
LAYER0_PROGRESS slice=41/64 states=[2600,2665) segments=0..=0 finished_slices=41/64 finished_states=2665/4099 resumed_slices=0 elapsed_seconds=8.2
LAYER0_PROGRESS slice=42/64 states=[2665,2730) segments=0..=0 finished_slices=42/64 finished_states=2730/4099 resumed_slices=0 elapsed_seconds=8.2
LAYER0_PROGRESS slice=43/64 states=[2730,2795) segments=0..=0 finished_slices=43/64 finished_states=2795/4099 resumed_slices=0 elapsed_seconds=8.8
LAYER0_PROGRESS slice=44/64 states=[2795,2860) segments=0..=0 finished_slices=44/64 finished_states=2860/4099 resumed_slices=0 elapsed_seconds=8.8
LAYER0_PROGRESS slice=45/64 states=[2860,2925) segments=0..=0 finished_slices=45/64 finished_states=2925/4099 resumed_slices=0 elapsed_seconds=8.8
LAYER0_PROGRESS slice=46/64 states=[2925,2990) segments=0..=0 finished_slices=46/64 finished_states=2990/4099 resumed_slices=0 elapsed_seconds=9.4
LAYER0_PROGRESS slice=47/64 states=[2990,3055) segments=0..=0 finished_slices=47/64 finished_states=3055/4099 resumed_slices=0 elapsed_seconds=9.4
LAYER0_PROGRESS slice=48/64 states=[3055,3120) segments=0..=0 finished_slices=48/64 finished_states=3120/4099 resumed_slices=0 elapsed_seconds=9.4
LAYER0_PROGRESS slice=49/64 states=[3120,3185) segments=0..=0 finished_slices=49/64 finished_states=3185/4099 resumed_slices=0 elapsed_seconds=9.9
LAYER0_PROGRESS slice=50/64 states=[3185,3250) segments=0..=0 finished_slices=50/64 finished_states=3250/4099 resumed_slices=0 elapsed_seconds=9.9
LAYER0_PROGRESS slice=51/64 states=[3250,3315) segments=0..=0 finished_slices=51/64 finished_states=3315/4099 resumed_slices=0 elapsed_seconds=10.0
LAYER0_PROGRESS slice=52/64 states=[3315,3380) segments=0..=0 finished_slices=52/64 finished_states=3380/4099 resumed_slices=0 elapsed_seconds=10.5
LAYER0_PROGRESS slice=53/64 states=[3380,3445) segments=0..=0 finished_slices=53/64 finished_states=3445/4099 resumed_slices=0 elapsed_seconds=10.5
LAYER0_PROGRESS slice=54/64 states=[3445,3510) segments=0..=0 finished_slices=54/64 finished_states=3510/4099 resumed_slices=0 elapsed_seconds=10.6
LAYER0_PROGRESS slice=55/64 states=[3510,3575) segments=0..=0 finished_slices=55/64 finished_states=3575/4099 resumed_slices=0 elapsed_seconds=11.1
LAYER0_PROGRESS slice=56/64 states=[3575,3640) segments=0..=0 finished_slices=56/64 finished_states=3640/4099 resumed_slices=0 elapsed_seconds=11.1
LAYER0_PROGRESS slice=57/64 states=[3640,3705) segments=0..=0 finished_slices=57/64 finished_states=3705/4099 resumed_slices=0 elapsed_seconds=11.1
LAYER0_PROGRESS slice=58/64 states=[3705,3770) segments=0..=0 finished_slices=58/64 finished_states=3770/4099 resumed_slices=0 elapsed_seconds=11.7
LAYER0_PROGRESS slice=59/64 states=[3770,3835) segments=0..=0 finished_slices=59/64 finished_states=3835/4099 resumed_slices=0 elapsed_seconds=11.7
LAYER0_PROGRESS slice=60/64 states=[3835,3900) segments=0..=0 finished_slices=60/64 finished_states=3900/4099 resumed_slices=0 elapsed_seconds=11.7
LAYER0_PROGRESS slice=61/64 states=[3900,3965) segments=0..=0 finished_slices=61/64 finished_states=3965/4099 resumed_slices=0 elapsed_seconds=12.3
LAYER0_PROGRESS slice=62/64 states=[3965,4030) segments=0..=0 finished_slices=62/64 finished_states=4030/4099 resumed_slices=0 elapsed_seconds=12.3
LAYER0_PROGRESS slice=63/64 states=[4030,4095) segments=0..=0 finished_slices=63/64 finished_states=4095/4099 resumed_slices=0 elapsed_seconds=12.3
LAYER0_PROGRESS slice=64/64 states=[4095,4099) segments=1..=all_persisted finished_slices=64/64 finished_states=4099/4099 resumed_slices=0 elapsed_seconds=12.3
LAYER0_FINDINGS signatures=0 red_states=0 states=4099
LAYER0_PARALLEL_FINISHED states=4099 slices=64 worker_threads=3 configured_worker_threads=3 worker_threads_source=environment_variable resumed_slices=0 freshly_run_slices=64 progress_file_after_completion=none elapsed_seconds=12.3
SWEEP seed=6 entry=rollback fault=Some((Write, 15)) fired=Some((Write, 15, 1, 4202496)) outcome=Err Publish(PublishSequenceFailed { cause: BlockDevice(InputOutput(Custom { kind: Other, error: "注入的写错" })), writes_before_the_first_publish: WritesByStructureKind { counted: {} }, writes_of_persisted writes_before=14 writes_after=0 frozen=true resend=Ok checker=0 first=None read=FileRead root=Some((InstanceGeneration(2), CheckpointTxg(7))) content_ok=true remount=Ok checker_after_remount=0 first_after=None enum=states=4099 seconds=12.3 closed=4099 exact=4099 oracle=0 ignored=0 root_without_record=0 missing_unit=0 checker_red_states=0 first=None first_checker=None
LAYER0_PARALLEL_START states=4100 slices=64 states_per_slice=65 worker_threads=3 configured_worker_threads=3 worker_threads_source=environment_variable resumed_slices=0 freshly_run_slices=64
LAYER0_PROGRESS slice=2/64 states=[65,130) segments=0..=0 finished_slices=1/64 finished_states=65/4100 resumed_slices=0 elapsed_seconds=0.6
LAYER0_PROGRESS slice=3/64 states=[130,195) segments=0..=0 finished_slices=2/64 finished_states=130/4100 resumed_slices=0 elapsed_seconds=0.6
LAYER0_PROGRESS slice=1/64 states=[0,65) segments=0..=0 finished_slices=3/64 finished_states=195/4100 resumed_slices=0 elapsed_seconds=0.6
LAYER0_PROGRESS slice=4/64 states=[195,260) segments=0..=0 finished_slices=4/64 finished_states=260/4100 resumed_slices=0 elapsed_seconds=1.2
LAYER0_PROGRESS slice=5/64 states=[260,325) segments=0..=0 finished_slices=5/64 finished_states=325/4100 resumed_slices=0 elapsed_seconds=1.2
LAYER0_PROGRESS slice=6/64 states=[325,390) segments=0..=0 finished_slices=6/64 finished_states=390/4100 resumed_slices=0 elapsed_seconds=1.2
LAYER0_PROGRESS slice=7/64 states=[390,455) segments=0..=0 finished_slices=7/64 finished_states=455/4100 resumed_slices=0 elapsed_seconds=1.8
LAYER0_PROGRESS slice=8/64 states=[455,520) segments=0..=0 finished_slices=8/64 finished_states=520/4100 resumed_slices=0 elapsed_seconds=1.8
LAYER0_PROGRESS slice=9/64 states=[520,585) segments=0..=0 finished_slices=9/64 finished_states=585/4100 resumed_slices=0 elapsed_seconds=1.8
LAYER0_PROGRESS slice=10/64 states=[585,650) segments=0..=0 finished_slices=10/64 finished_states=650/4100 resumed_slices=0 elapsed_seconds=2.3
LAYER0_PROGRESS slice=11/64 states=[650,715) segments=0..=0 finished_slices=11/64 finished_states=715/4100 resumed_slices=0 elapsed_seconds=2.3
LAYER0_PROGRESS slice=12/64 states=[715,780) segments=0..=0 finished_slices=12/64 finished_states=780/4100 resumed_slices=0 elapsed_seconds=2.3
LAYER0_PROGRESS slice=13/64 states=[780,845) segments=0..=0 finished_slices=13/64 finished_states=845/4100 resumed_slices=0 elapsed_seconds=2.9
LAYER0_PROGRESS slice=14/64 states=[845,910) segments=0..=0 finished_slices=14/64 finished_states=910/4100 resumed_slices=0 elapsed_seconds=2.9
LAYER0_PROGRESS slice=15/64 states=[910,975) segments=0..=0 finished_slices=15/64 finished_states=975/4100 resumed_slices=0 elapsed_seconds=2.9
LAYER0_PROGRESS slice=16/64 states=[975,1040) segments=0..=0 finished_slices=16/64 finished_states=1040/4100 resumed_slices=0 elapsed_seconds=3.5
LAYER0_PROGRESS slice=17/64 states=[1040,1105) segments=0..=0 finished_slices=17/64 finished_states=1105/4100 resumed_slices=0 elapsed_seconds=3.5
LAYER0_PROGRESS slice=18/64 states=[1105,1170) segments=0..=0 finished_slices=18/64 finished_states=1170/4100 resumed_slices=0 elapsed_seconds=3.5
LAYER0_PROGRESS slice=19/64 states=[1170,1235) segments=0..=0 finished_slices=19/64 finished_states=1235/4100 resumed_slices=0 elapsed_seconds=4.1
LAYER0_PROGRESS slice=20/64 states=[1235,1300) segments=0..=0 finished_slices=20/64 finished_states=1300/4100 resumed_slices=0 elapsed_seconds=4.1
LAYER0_PROGRESS slice=21/64 states=[1300,1365) segments=0..=0 finished_slices=21/64 finished_states=1365/4100 resumed_slices=0 elapsed_seconds=4.1
LAYER0_PROGRESS slice=22/64 states=[1365,1430) segments=0..=0 finished_slices=22/64 finished_states=1430/4100 resumed_slices=0 elapsed_seconds=4.7
LAYER0_PROGRESS slice=23/64 states=[1430,1495) segments=0..=0 finished_slices=23/64 finished_states=1495/4100 resumed_slices=0 elapsed_seconds=4.7
LAYER0_PROGRESS slice=24/64 states=[1495,1560) segments=0..=0 finished_slices=24/64 finished_states=1560/4100 resumed_slices=0 elapsed_seconds=4.7
LAYER0_PROGRESS slice=25/64 states=[1560,1625) segments=0..=0 finished_slices=25/64 finished_states=1625/4100 resumed_slices=0 elapsed_seconds=5.3
LAYER0_PROGRESS slice=26/64 states=[1625,1690) segments=0..=0 finished_slices=26/64 finished_states=1690/4100 resumed_slices=0 elapsed_seconds=5.3
LAYER0_PROGRESS slice=27/64 states=[1690,1755) segments=0..=0 finished_slices=27/64 finished_states=1755/4100 resumed_slices=0 elapsed_seconds=5.3
LAYER0_PROGRESS slice=28/64 states=[1755,1820) segments=0..=0 finished_slices=28/64 finished_states=1820/4100 resumed_slices=0 elapsed_seconds=5.8
LAYER0_PROGRESS slice=29/64 states=[1820,1885) segments=0..=0 finished_slices=29/64 finished_states=1885/4100 resumed_slices=0 elapsed_seconds=5.8
LAYER0_PROGRESS slice=30/64 states=[1885,1950) segments=0..=0 finished_slices=30/64 finished_states=1950/4100 resumed_slices=0 elapsed_seconds=5.9
LAYER0_PROGRESS slice=31/64 states=[1950,2015) segments=0..=0 finished_slices=31/64 finished_states=2015/4100 resumed_slices=0 elapsed_seconds=6.4
LAYER0_PROGRESS slice=32/64 states=[2015,2080) segments=0..=0 finished_slices=32/64 finished_states=2080/4100 resumed_slices=0 elapsed_seconds=6.4
LAYER0_PROGRESS slice=33/64 states=[2080,2145) segments=0..=0 finished_slices=33/64 finished_states=2145/4100 resumed_slices=0 elapsed_seconds=6.5
LAYER0_PROGRESS slice=34/64 states=[2145,2210) segments=0..=0 finished_slices=34/64 finished_states=2210/4100 resumed_slices=0 elapsed_seconds=7.0
LAYER0_PROGRESS slice=35/64 states=[2210,2275) segments=0..=0 finished_slices=35/64 finished_states=2275/4100 resumed_slices=0 elapsed_seconds=7.0
LAYER0_PROGRESS slice=36/64 states=[2275,2340) segments=0..=0 finished_slices=36/64 finished_states=2340/4100 resumed_slices=0 elapsed_seconds=7.0
LAYER0_PROGRESS slice=37/64 states=[2340,2405) segments=0..=0 finished_slices=37/64 finished_states=2405/4100 resumed_slices=0 elapsed_seconds=7.6
LAYER0_PROGRESS slice=38/64 states=[2405,2470) segments=0..=0 finished_slices=38/64 finished_states=2470/4100 resumed_slices=0 elapsed_seconds=7.6
LAYER0_PROGRESS slice=39/64 states=[2470,2535) segments=0..=0 finished_slices=39/64 finished_states=2535/4100 resumed_slices=0 elapsed_seconds=7.6
LAYER0_PROGRESS slice=40/64 states=[2535,2600) segments=0..=0 finished_slices=40/64 finished_states=2600/4100 resumed_slices=0 elapsed_seconds=8.2
LAYER0_PROGRESS slice=41/64 states=[2600,2665) segments=0..=0 finished_slices=41/64 finished_states=2665/4100 resumed_slices=0 elapsed_seconds=8.2
LAYER0_PROGRESS slice=42/64 states=[2665,2730) segments=0..=0 finished_slices=42/64 finished_states=2730/4100 resumed_slices=0 elapsed_seconds=8.2
LAYER0_PROGRESS slice=43/64 states=[2730,2795) segments=0..=0 finished_slices=43/64 finished_states=2795/4100 resumed_slices=0 elapsed_seconds=8.8
LAYER0_PROGRESS slice=44/64 states=[2795,2860) segments=0..=0 finished_slices=44/64 finished_states=2860/4100 resumed_slices=0 elapsed_seconds=8.8
LAYER0_PROGRESS slice=45/64 states=[2860,2925) segments=0..=0 finished_slices=45/64 finished_states=2925/4100 resumed_slices=0 elapsed_seconds=8.8
LAYER0_PROGRESS slice=47/64 states=[2990,3055) segments=0..=0 finished_slices=46/64 finished_states=2990/4100 resumed_slices=0 elapsed_seconds=9.4
LAYER0_PROGRESS slice=46/64 states=[2925,2990) segments=0..=0 finished_slices=47/64 finished_states=3055/4100 resumed_slices=0 elapsed_seconds=9.4
LAYER0_PROGRESS slice=48/64 states=[3055,3120) segments=0..=0 finished_slices=48/64 finished_states=3120/4100 resumed_slices=0 elapsed_seconds=9.4
LAYER0_PROGRESS slice=49/64 states=[3120,3185) segments=0..=0 finished_slices=49/64 finished_states=3185/4100 resumed_slices=0 elapsed_seconds=9.9
LAYER0_PROGRESS slice=50/64 states=[3185,3250) segments=0..=0 finished_slices=50/64 finished_states=3250/4100 resumed_slices=0 elapsed_seconds=9.9
LAYER0_PROGRESS slice=51/64 states=[3250,3315) segments=0..=0 finished_slices=51/64 finished_states=3315/4100 resumed_slices=0 elapsed_seconds=10.0
LAYER0_PROGRESS slice=52/64 states=[3315,3380) segments=0..=0 finished_slices=52/64 finished_states=3380/4100 resumed_slices=0 elapsed_seconds=10.5
LAYER0_PROGRESS slice=53/64 states=[3380,3445) segments=0..=0 finished_slices=53/64 finished_states=3445/4100 resumed_slices=0 elapsed_seconds=10.5
LAYER0_PROGRESS slice=54/64 states=[3445,3510) segments=0..=0 finished_slices=54/64 finished_states=3510/4100 resumed_slices=0 elapsed_seconds=10.6
LAYER0_PROGRESS slice=55/64 states=[3510,3575) segments=0..=0 finished_slices=55/64 finished_states=3575/4100 resumed_slices=0 elapsed_seconds=11.1
LAYER0_PROGRESS slice=56/64 states=[3575,3640) segments=0..=0 finished_slices=56/64 finished_states=3640/4100 resumed_slices=0 elapsed_seconds=11.1
LAYER0_PROGRESS slice=57/64 states=[3640,3705) segments=0..=0 finished_slices=57/64 finished_states=3705/4100 resumed_slices=0 elapsed_seconds=11.1
LAYER0_PROGRESS slice=58/64 states=[3705,3770) segments=0..=0 finished_slices=58/64 finished_states=3770/4100 resumed_slices=0 elapsed_seconds=11.7
LAYER0_PROGRESS slice=59/64 states=[3770,3835) segments=0..=0 finished_slices=59/64 finished_states=3835/4100 resumed_slices=0 elapsed_seconds=11.7
LAYER0_PROGRESS slice=60/64 states=[3835,3900) segments=0..=0 finished_slices=60/64 finished_states=3900/4100 resumed_slices=0 elapsed_seconds=11.7
LAYER0_PROGRESS slice=61/64 states=[3900,3965) segments=0..=0 finished_slices=61/64 finished_states=3965/4100 resumed_slices=0 elapsed_seconds=12.3
LAYER0_PROGRESS slice=62/64 states=[3965,4030) segments=0..=0 finished_slices=62/64 finished_states=4030/4100 resumed_slices=0 elapsed_seconds=12.3
LAYER0_PROGRESS slice=63/64 states=[4030,4095) segments=0..=0 finished_slices=63/64 finished_states=4095/4100 resumed_slices=0 elapsed_seconds=12.3
LAYER0_PROGRESS slice=64/64 states=[4095,4100) segments=1..=all_persisted finished_slices=64/64 finished_states=4100/4100 resumed_slices=0 elapsed_seconds=12.3
LAYER0_FINDINGS signatures=0 red_states=0 states=4100
LAYER0_PARALLEL_FINISHED states=4100 slices=64 worker_threads=3 configured_worker_threads=3 worker_threads_source=environment_variable resumed_slices=0 freshly_run_slices=64 progress_file_after_completion=none elapsed_seconds=12.3
SWEEP seed=6 entry=rollback fault=Some((Write, 16)) fired=Some((Write, 16, 0, 0)) outcome=Err Publish(PublishSequenceFailed { cause: BlockDevice(InputOutput(Custom { kind: Other, error: "注入的写错" })), writes_before_the_first_publish: WritesByStructureKind { counted: {} }, writes_of_persisted writes_before=15 writes_after=0 frozen=true resend=Ok checker=0 first=None read=FileRead root=Some((InstanceGeneration(2), CheckpointTxg(7))) content_ok=true remount=Ok checker_after_remount=0 first_after=None enum=states=4100 seconds=12.3 closed=4100 exact=4100 oracle=0 ignored=0 root_without_record=0 missing_unit=0 checker_red_states=0 first=None first_checker=None
LAYER0_PARALLEL_START states=4102 slices=64 states_per_slice=65 worker_threads=3 configured_worker_threads=3 worker_threads_source=environment_variable resumed_slices=0 freshly_run_slices=64
LAYER0_PROGRESS slice=3/64 states=[130,195) segments=0..=0 finished_slices=1/64 finished_states=65/4102 resumed_slices=0 elapsed_seconds=0.6
LAYER0_PROGRESS slice=1/64 states=[0,65) segments=0..=0 finished_slices=2/64 finished_states=130/4102 resumed_slices=0 elapsed_seconds=0.6
LAYER0_PROGRESS slice=2/64 states=[65,130) segments=0..=0 finished_slices=3/64 finished_states=195/4102 resumed_slices=0 elapsed_seconds=0.6
LAYER0_PROGRESS slice=4/64 states=[195,260) segments=0..=0 finished_slices=4/64 finished_states=260/4102 resumed_slices=0 elapsed_seconds=1.2
LAYER0_PROGRESS slice=6/64 states=[325,390) segments=0..=0 finished_slices=5/64 finished_states=325/4102 resumed_slices=0 elapsed_seconds=1.2
LAYER0_PROGRESS slice=5/64 states=[260,325) segments=0..=0 finished_slices=6/64 finished_states=390/4102 resumed_slices=0 elapsed_seconds=1.2
LAYER0_PROGRESS slice=8/64 states=[455,520) segments=0..=0 finished_slices=7/64 finished_states=455/4102 resumed_slices=0 elapsed_seconds=1.8
LAYER0_PROGRESS slice=7/64 states=[390,455) segments=0..=0 finished_slices=8/64 finished_states=520/4102 resumed_slices=0 elapsed_seconds=1.8
LAYER0_PROGRESS slice=9/64 states=[520,585) segments=0..=0 finished_slices=9/64 finished_states=585/4102 resumed_slices=0 elapsed_seconds=1.8
LAYER0_PROGRESS slice=11/64 states=[650,715) segments=0..=0 finished_slices=10/64 finished_states=650/4102 resumed_slices=0 elapsed_seconds=2.4
LAYER0_PROGRESS slice=10/64 states=[585,650) segments=0..=0 finished_slices=11/64 finished_states=715/4102 resumed_slices=0 elapsed_seconds=2.4
LAYER0_PROGRESS slice=12/64 states=[715,780) segments=0..=0 finished_slices=12/64 finished_states=780/4102 resumed_slices=0 elapsed_seconds=2.4
LAYER0_PROGRESS slice=13/64 states=[780,845) segments=0..=0 finished_slices=13/64 finished_states=845/4102 resumed_slices=0 elapsed_seconds=2.9
LAYER0_PROGRESS slice=14/64 states=[845,910) segments=0..=0 finished_slices=14/64 finished_states=910/4102 resumed_slices=0 elapsed_seconds=2.9
LAYER0_PROGRESS slice=15/64 states=[910,975) segments=0..=0 finished_slices=15/64 finished_states=975/4102 resumed_slices=0 elapsed_seconds=2.9
LAYER0_PROGRESS slice=16/64 states=[975,1040) segments=0..=0 finished_slices=16/64 finished_states=1040/4102 resumed_slices=0 elapsed_seconds=3.5
LAYER0_PROGRESS slice=17/64 states=[1040,1105) segments=0..=0 finished_slices=17/64 finished_states=1105/4102 resumed_slices=0 elapsed_seconds=3.5
LAYER0_PROGRESS slice=18/64 states=[1105,1170) segments=0..=0 finished_slices=18/64 finished_states=1170/4102 resumed_slices=0 elapsed_seconds=3.5
LAYER0_PROGRESS slice=19/64 states=[1170,1235) segments=0..=0 finished_slices=19/64 finished_states=1235/4102 resumed_slices=0 elapsed_seconds=4.1
LAYER0_PROGRESS slice=20/64 states=[1235,1300) segments=0..=0 finished_slices=20/64 finished_states=1300/4102 resumed_slices=0 elapsed_seconds=4.1
LAYER0_PROGRESS slice=21/64 states=[1300,1365) segments=0..=0 finished_slices=21/64 finished_states=1365/4102 resumed_slices=0 elapsed_seconds=4.1
LAYER0_PROGRESS slice=22/64 states=[1365,1430) segments=0..=0 finished_slices=22/64 finished_states=1430/4102 resumed_slices=0 elapsed_seconds=4.7
LAYER0_PROGRESS slice=23/64 states=[1430,1495) segments=0..=0 finished_slices=23/64 finished_states=1495/4102 resumed_slices=0 elapsed_seconds=4.7
LAYER0_PROGRESS slice=24/64 states=[1495,1560) segments=0..=0 finished_slices=24/64 finished_states=1560/4102 resumed_slices=0 elapsed_seconds=4.7
LAYER0_PROGRESS slice=25/64 states=[1560,1625) segments=0..=0 finished_slices=25/64 finished_states=1625/4102 resumed_slices=0 elapsed_seconds=5.3
LAYER0_PROGRESS slice=26/64 states=[1625,1690) segments=0..=0 finished_slices=26/64 finished_states=1690/4102 resumed_slices=0 elapsed_seconds=5.3
LAYER0_PROGRESS slice=27/64 states=[1690,1755) segments=0..=0 finished_slices=27/64 finished_states=1755/4102 resumed_slices=0 elapsed_seconds=5.3
LAYER0_PROGRESS slice=28/64 states=[1755,1820) segments=0..=0 finished_slices=28/64 finished_states=1820/4102 resumed_slices=0 elapsed_seconds=5.9
LAYER0_PROGRESS slice=29/64 states=[1820,1885) segments=0..=0 finished_slices=29/64 finished_states=1885/4102 resumed_slices=0 elapsed_seconds=5.9
LAYER0_PROGRESS slice=30/64 states=[1885,1950) segments=0..=0 finished_slices=30/64 finished_states=1950/4102 resumed_slices=0 elapsed_seconds=5.9
LAYER0_PROGRESS slice=31/64 states=[1950,2015) segments=0..=0 finished_slices=31/64 finished_states=2015/4102 resumed_slices=0 elapsed_seconds=6.5
LAYER0_PROGRESS slice=32/64 states=[2015,2080) segments=0..=0 finished_slices=32/64 finished_states=2080/4102 resumed_slices=0 elapsed_seconds=6.5
LAYER0_PROGRESS slice=33/64 states=[2080,2145) segments=0..=0 finished_slices=33/64 finished_states=2145/4102 resumed_slices=0 elapsed_seconds=6.5
LAYER0_PROGRESS slice=34/64 states=[2145,2210) segments=0..=0 finished_slices=34/64 finished_states=2210/4102 resumed_slices=0 elapsed_seconds=7.0
LAYER0_PROGRESS slice=35/64 states=[2210,2275) segments=0..=0 finished_slices=35/64 finished_states=2275/4102 resumed_slices=0 elapsed_seconds=7.0
LAYER0_PROGRESS slice=36/64 states=[2275,2340) segments=0..=0 finished_slices=36/64 finished_states=2340/4102 resumed_slices=0 elapsed_seconds=7.1
LAYER0_PROGRESS slice=37/64 states=[2340,2405) segments=0..=0 finished_slices=37/64 finished_states=2405/4102 resumed_slices=0 elapsed_seconds=7.6
LAYER0_PROGRESS slice=38/64 states=[2405,2470) segments=0..=0 finished_slices=38/64 finished_states=2470/4102 resumed_slices=0 elapsed_seconds=7.6
LAYER0_PROGRESS slice=39/64 states=[2470,2535) segments=0..=0 finished_slices=39/64 finished_states=2535/4102 resumed_slices=0 elapsed_seconds=7.7
LAYER0_PROGRESS slice=40/64 states=[2535,2600) segments=0..=0 finished_slices=40/64 finished_states=2600/4102 resumed_slices=0 elapsed_seconds=8.2
LAYER0_PROGRESS slice=41/64 states=[2600,2665) segments=0..=0 finished_slices=41/64 finished_states=2665/4102 resumed_slices=0 elapsed_seconds=8.2
LAYER0_PROGRESS slice=42/64 states=[2665,2730) segments=0..=0 finished_slices=42/64 finished_states=2730/4102 resumed_slices=0 elapsed_seconds=8.2
LAYER0_PROGRESS slice=43/64 states=[2730,2795) segments=0..=0 finished_slices=43/64 finished_states=2795/4102 resumed_slices=0 elapsed_seconds=8.8
LAYER0_PROGRESS slice=44/64 states=[2795,2860) segments=0..=0 finished_slices=44/64 finished_states=2860/4102 resumed_slices=0 elapsed_seconds=8.8
LAYER0_PROGRESS slice=45/64 states=[2860,2925) segments=0..=0 finished_slices=45/64 finished_states=2925/4102 resumed_slices=0 elapsed_seconds=8.8
LAYER0_PROGRESS slice=46/64 states=[2925,2990) segments=0..=0 finished_slices=46/64 finished_states=2990/4102 resumed_slices=0 elapsed_seconds=9.4
LAYER0_PROGRESS slice=47/64 states=[2990,3055) segments=0..=0 finished_slices=47/64 finished_states=3055/4102 resumed_slices=0 elapsed_seconds=9.4
LAYER0_PROGRESS slice=48/64 states=[3055,3120) segments=0..=0 finished_slices=48/64 finished_states=3120/4102 resumed_slices=0 elapsed_seconds=9.4
LAYER0_PROGRESS slice=49/64 states=[3120,3185) segments=0..=0 finished_slices=49/64 finished_states=3185/4102 resumed_slices=0 elapsed_seconds=10.0
LAYER0_PROGRESS slice=50/64 states=[3185,3250) segments=0..=0 finished_slices=50/64 finished_states=3250/4102 resumed_slices=0 elapsed_seconds=10.0
LAYER0_PROGRESS slice=51/64 states=[3250,3315) segments=0..=0 finished_slices=51/64 finished_states=3315/4102 resumed_slices=0 elapsed_seconds=10.0
LAYER0_PROGRESS slice=52/64 states=[3315,3380) segments=0..=0 finished_slices=52/64 finished_states=3380/4102 resumed_slices=0 elapsed_seconds=10.6
LAYER0_PROGRESS slice=53/64 states=[3380,3445) segments=0..=0 finished_slices=53/64 finished_states=3445/4102 resumed_slices=0 elapsed_seconds=10.6
LAYER0_PROGRESS slice=54/64 states=[3445,3510) segments=0..=0 finished_slices=54/64 finished_states=3510/4102 resumed_slices=0 elapsed_seconds=10.6
LAYER0_PROGRESS slice=55/64 states=[3510,3575) segments=0..=0 finished_slices=55/64 finished_states=3575/4102 resumed_slices=0 elapsed_seconds=11.2
LAYER0_PROGRESS slice=56/64 states=[3575,3640) segments=0..=0 finished_slices=56/64 finished_states=3640/4102 resumed_slices=0 elapsed_seconds=11.2
LAYER0_PROGRESS slice=57/64 states=[3640,3705) segments=0..=0 finished_slices=57/64 finished_states=3705/4102 resumed_slices=0 elapsed_seconds=11.2
LAYER0_PROGRESS slice=58/64 states=[3705,3770) segments=0..=0 finished_slices=58/64 finished_states=3770/4102 resumed_slices=0 elapsed_seconds=11.8
LAYER0_PROGRESS slice=59/64 states=[3770,3835) segments=0..=0 finished_slices=59/64 finished_states=3835/4102 resumed_slices=0 elapsed_seconds=11.8
LAYER0_PROGRESS slice=60/64 states=[3835,3900) segments=0..=0 finished_slices=60/64 finished_states=3900/4102 resumed_slices=0 elapsed_seconds=11.9
LAYER0_PROGRESS slice=61/64 states=[3900,3965) segments=0..=0 finished_slices=61/64 finished_states=3965/4102 resumed_slices=0 elapsed_seconds=12.4
LAYER0_PROGRESS slice=62/64 states=[3965,4030) segments=0..=0 finished_slices=62/64 finished_states=4030/4102 resumed_slices=0 elapsed_seconds=12.4
LAYER0_PROGRESS slice=63/64 states=[4030,4095) segments=0..=0 finished_slices=63/64 finished_states=4095/4102 resumed_slices=0 elapsed_seconds=12.5
LAYER0_PROGRESS slice=64/64 states=[4095,4102) segments=1..=all_persisted finished_slices=64/64 finished_states=4102/4102 resumed_slices=0 elapsed_seconds=12.5
LAYER0_FINDINGS signatures=0 red_states=0 states=4102
LAYER0_PARALLEL_FINISHED states=4102 slices=64 worker_threads=3 configured_worker_threads=3 worker_threads_source=environment_variable resumed_slices=0 freshly_run_slices=64 progress_file_after_completion=none elapsed_seconds=12.5
SWEEP seed=6 entry=rollback fault=Some((Write, 17)) fired=Some((Write, 17, 1, 0)) outcome=Err Publish(PublishSequenceFailed { cause: BlockDevice(InputOutput(Custom { kind: Other, error: "注入的写错" })), writes_before_the_first_publish: WritesByStructureKind { counted: {} }, writes_of_persisted writes_before=16 writes_after=0 frozen=true resend=Ok checker=0 first=None read=FileRead root=Some((InstanceGeneration(2), CheckpointTxg(7))) content_ok=true remount=Ok checker_after_remount=0 first_after=None enum=states=4102 seconds=12.5 closed=4101 exact=4102 oracle=0 ignored=0 root_without_record=0 missing_unit=0 checker_red_states=0 first=None first_checker=None
LAYER0_PARALLEL_START states=4096 slices=64 states_per_slice=64 worker_threads=3 configured_worker_threads=3 worker_threads_source=environment_variable resumed_slices=0 freshly_run_slices=64
LAYER0_PROGRESS slice=3/64 states=[128,192) segments=0..=0 finished_slices=1/64 finished_states=64/4096 resumed_slices=0 elapsed_seconds=0.6
LAYER0_PROGRESS slice=2/64 states=[64,128) segments=0..=0 finished_slices=2/64 finished_states=128/4096 resumed_slices=0 elapsed_seconds=0.6
LAYER0_PROGRESS slice=1/64 states=[0,64) segments=0..=0 finished_slices=3/64 finished_states=192/4096 resumed_slices=0 elapsed_seconds=0.6
LAYER0_PROGRESS slice=4/64 states=[192,256) segments=0..=0 finished_slices=4/64 finished_states=256/4096 resumed_slices=0 elapsed_seconds=1.2
LAYER0_PROGRESS slice=5/64 states=[256,320) segments=0..=0 finished_slices=5/64 finished_states=320/4096 resumed_slices=0 elapsed_seconds=1.2
LAYER0_PROGRESS slice=6/64 states=[320,384) segments=0..=0 finished_slices=6/64 finished_states=384/4096 resumed_slices=0 elapsed_seconds=1.2
LAYER0_PROGRESS slice=7/64 states=[384,448) segments=0..=0 finished_slices=7/64 finished_states=448/4096 resumed_slices=0 elapsed_seconds=1.8
LAYER0_PROGRESS slice=8/64 states=[448,512) segments=0..=0 finished_slices=8/64 finished_states=512/4096 resumed_slices=0 elapsed_seconds=1.8
LAYER0_PROGRESS slice=9/64 states=[512,576) segments=0..=0 finished_slices=9/64 finished_states=576/4096 resumed_slices=0 elapsed_seconds=1.8
LAYER0_PROGRESS slice=10/64 states=[576,640) segments=0..=0 finished_slices=10/64 finished_states=640/4096 resumed_slices=0 elapsed_seconds=2.4
LAYER0_PROGRESS slice=11/64 states=[640,704) segments=0..=0 finished_slices=11/64 finished_states=704/4096 resumed_slices=0 elapsed_seconds=2.4
LAYER0_PROGRESS slice=12/64 states=[704,768) segments=0..=0 finished_slices=12/64 finished_states=768/4096 resumed_slices=0 elapsed_seconds=2.4
LAYER0_PROGRESS slice=13/64 states=[768,832) segments=0..=0 finished_slices=13/64 finished_states=832/4096 resumed_slices=0 elapsed_seconds=3.0
LAYER0_PROGRESS slice=15/64 states=[896,960) segments=0..=0 finished_slices=14/64 finished_states=896/4096 resumed_slices=0 elapsed_seconds=3.0
LAYER0_PROGRESS slice=14/64 states=[832,896) segments=0..=0 finished_slices=15/64 finished_states=960/4096 resumed_slices=0 elapsed_seconds=3.0
LAYER0_PROGRESS slice=16/64 states=[960,1024) segments=0..=0 finished_slices=16/64 finished_states=1024/4096 resumed_slices=0 elapsed_seconds=3.6
LAYER0_PROGRESS slice=17/64 states=[1024,1088) segments=0..=0 finished_slices=17/64 finished_states=1088/4096 resumed_slices=0 elapsed_seconds=3.6
LAYER0_PROGRESS slice=18/64 states=[1088,1152) segments=0..=0 finished_slices=18/64 finished_states=1152/4096 resumed_slices=0 elapsed_seconds=3.6
LAYER0_PROGRESS slice=19/64 states=[1152,1216) segments=0..=0 finished_slices=19/64 finished_states=1216/4096 resumed_slices=0 elapsed_seconds=4.2
LAYER0_PROGRESS slice=20/64 states=[1216,1280) segments=0..=0 finished_slices=20/64 finished_states=1280/4096 resumed_slices=0 elapsed_seconds=4.2
LAYER0_PROGRESS slice=21/64 states=[1280,1344) segments=0..=0 finished_slices=21/64 finished_states=1344/4096 resumed_slices=0 elapsed_seconds=4.2
LAYER0_PROGRESS slice=22/64 states=[1344,1408) segments=0..=0 finished_slices=22/64 finished_states=1408/4096 resumed_slices=0 elapsed_seconds=4.8
LAYER0_PROGRESS slice=23/64 states=[1408,1472) segments=0..=0 finished_slices=23/64 finished_states=1472/4096 resumed_slices=0 elapsed_seconds=4.8
LAYER0_PROGRESS slice=24/64 states=[1472,1536) segments=0..=0 finished_slices=24/64 finished_states=1536/4096 resumed_slices=0 elapsed_seconds=4.8
LAYER0_PROGRESS slice=25/64 states=[1536,1600) segments=0..=0 finished_slices=25/64 finished_states=1600/4096 resumed_slices=0 elapsed_seconds=5.4
LAYER0_PROGRESS slice=26/64 states=[1600,1664) segments=0..=0 finished_slices=26/64 finished_states=1664/4096 resumed_slices=0 elapsed_seconds=5.5
LAYER0_PROGRESS slice=27/64 states=[1664,1728) segments=0..=0 finished_slices=27/64 finished_states=1728/4096 resumed_slices=0 elapsed_seconds=5.5
LAYER0_PROGRESS slice=28/64 states=[1728,1792) segments=0..=0 finished_slices=28/64 finished_states=1792/4096 resumed_slices=0 elapsed_seconds=6.1
LAYER0_PROGRESS slice=29/64 states=[1792,1856) segments=0..=0 finished_slices=29/64 finished_states=1856/4096 resumed_slices=0 elapsed_seconds=6.1
LAYER0_PROGRESS slice=30/64 states=[1856,1920) segments=0..=0 finished_slices=30/64 finished_states=1920/4096 resumed_slices=0 elapsed_seconds=6.1
LAYER0_PROGRESS slice=31/64 states=[1920,1984) segments=0..=0 finished_slices=31/64 finished_states=1984/4096 resumed_slices=0 elapsed_seconds=6.7
LAYER0_PROGRESS slice=32/64 states=[1984,2048) segments=0..=0 finished_slices=32/64 finished_states=2048/4096 resumed_slices=0 elapsed_seconds=6.7
LAYER0_PROGRESS slice=33/64 states=[2048,2112) segments=0..=0 finished_slices=33/64 finished_states=2112/4096 resumed_slices=0 elapsed_seconds=6.7
LAYER0_PROGRESS slice=34/64 states=[2112,2176) segments=0..=0 finished_slices=34/64 finished_states=2176/4096 resumed_slices=0 elapsed_seconds=7.3
LAYER0_PROGRESS slice=35/64 states=[2176,2240) segments=0..=0 finished_slices=35/64 finished_states=2240/4096 resumed_slices=0 elapsed_seconds=7.3
LAYER0_PROGRESS slice=36/64 states=[2240,2304) segments=0..=0 finished_slices=36/64 finished_states=2304/4096 resumed_slices=0 elapsed_seconds=7.3
LAYER0_PROGRESS slice=37/64 states=[2304,2368) segments=0..=0 finished_slices=37/64 finished_states=2368/4096 resumed_slices=0 elapsed_seconds=7.8
LAYER0_PROGRESS slice=38/64 states=[2368,2432) segments=0..=0 finished_slices=38/64 finished_states=2432/4096 resumed_slices=0 elapsed_seconds=7.9
LAYER0_PROGRESS slice=39/64 states=[2432,2496) segments=0..=0 finished_slices=39/64 finished_states=2496/4096 resumed_slices=0 elapsed_seconds=7.9
LAYER0_PROGRESS slice=40/64 states=[2496,2560) segments=0..=0 finished_slices=40/64 finished_states=2560/4096 resumed_slices=0 elapsed_seconds=8.5
LAYER0_PROGRESS slice=41/64 states=[2560,2624) segments=0..=0 finished_slices=41/64 finished_states=2624/4096 resumed_slices=0 elapsed_seconds=8.5
LAYER0_PROGRESS slice=42/64 states=[2624,2688) segments=0..=0 finished_slices=42/64 finished_states=2688/4096 resumed_slices=0 elapsed_seconds=8.5
LAYER0_PROGRESS slice=43/64 states=[2688,2752) segments=0..=0 finished_slices=43/64 finished_states=2752/4096 resumed_slices=0 elapsed_seconds=9.1
LAYER0_PROGRESS slice=44/64 states=[2752,2816) segments=0..=0 finished_slices=44/64 finished_states=2816/4096 resumed_slices=0 elapsed_seconds=9.1
LAYER0_PROGRESS slice=45/64 states=[2816,2880) segments=0..=0 finished_slices=45/64 finished_states=2880/4096 resumed_slices=0 elapsed_seconds=9.1
LAYER0_PROGRESS slice=46/64 states=[2880,2944) segments=0..=0 finished_slices=46/64 finished_states=2944/4096 resumed_slices=0 elapsed_seconds=9.7
LAYER0_PROGRESS slice=47/64 states=[2944,3008) segments=0..=0 finished_slices=47/64 finished_states=3008/4096 resumed_slices=0 elapsed_seconds=9.7
LAYER0_PROGRESS slice=48/64 states=[3008,3072) segments=0..=0 finished_slices=48/64 finished_states=3072/4096 resumed_slices=0 elapsed_seconds=9.7
LAYER0_PROGRESS slice=49/64 states=[3072,3136) segments=0..=0 finished_slices=49/64 finished_states=3136/4096 resumed_slices=0 elapsed_seconds=10.3
LAYER0_PROGRESS slice=50/64 states=[3136,3200) segments=0..=0 finished_slices=50/64 finished_states=3200/4096 resumed_slices=0 elapsed_seconds=10.3
LAYER0_PROGRESS slice=51/64 states=[3200,3264) segments=0..=0 finished_slices=51/64 finished_states=3264/4096 resumed_slices=0 elapsed_seconds=10.3
LAYER0_PROGRESS slice=52/64 states=[3264,3328) segments=0..=0 finished_slices=52/64 finished_states=3328/4096 resumed_slices=0 elapsed_seconds=10.9
LAYER0_PROGRESS slice=53/64 states=[3328,3392) segments=0..=0 finished_slices=53/64 finished_states=3392/4096 resumed_slices=0 elapsed_seconds=10.9
LAYER0_PROGRESS slice=54/64 states=[3392,3456) segments=0..=0 finished_slices=54/64 finished_states=3456/4096 resumed_slices=0 elapsed_seconds=10.9
LAYER0_PROGRESS slice=55/64 states=[3456,3520) segments=0..=0 finished_slices=55/64 finished_states=3520/4096 resumed_slices=0 elapsed_seconds=11.4
LAYER0_PROGRESS slice=56/64 states=[3520,3584) segments=0..=0 finished_slices=56/64 finished_states=3584/4096 resumed_slices=0 elapsed_seconds=11.4
LAYER0_PROGRESS slice=57/64 states=[3584,3648) segments=0..=0 finished_slices=57/64 finished_states=3648/4096 resumed_slices=0 elapsed_seconds=11.5
LAYER0_PROGRESS slice=58/64 states=[3648,3712) segments=0..=0 finished_slices=58/64 finished_states=3712/4096 resumed_slices=0 elapsed_seconds=12.0
LAYER0_PROGRESS slice=59/64 states=[3712,3776) segments=0..=0 finished_slices=59/64 finished_states=3776/4096 resumed_slices=0 elapsed_seconds=12.0
LAYER0_PROGRESS slice=60/64 states=[3776,3840) segments=0..=0 finished_slices=60/64 finished_states=3840/4096 resumed_slices=0 elapsed_seconds=12.1
LAYER0_PROGRESS slice=61/64 states=[3840,3904) segments=0..=0 finished_slices=61/64 finished_states=3904/4096 resumed_slices=0 elapsed_seconds=12.6
LAYER0_PROGRESS slice=62/64 states=[3904,3968) segments=0..=0 finished_slices=62/64 finished_states=3968/4096 resumed_slices=0 elapsed_seconds=12.6
LAYER0_PROGRESS slice=63/64 states=[3968,4032) segments=0..=0 finished_slices=63/64 finished_states=4032/4096 resumed_slices=0 elapsed_seconds=12.6
LAYER0_PROGRESS slice=64/64 states=[4032,4096) segments=0..=all_persisted finished_slices=64/64 finished_states=4096/4096 resumed_slices=0 elapsed_seconds=13.2
LAYER0_FINDINGS signatures=0 red_states=0 states=4096
LAYER0_PARALLEL_FINISHED states=4096 slices=64 worker_threads=3 configured_worker_threads=3 worker_threads_source=environment_variable resumed_slices=0 freshly_run_slices=64 progress_file_after_completion=none elapsed_seconds=13.2
SWEEP seed=6 entry=rollback fault=Some((Barrier, 1)) fired=Some((Barrier, 1, 0, 0)) outcome=Err Publish(PublishSequenceFailed { cause: BlockDevice(InputOutput(Custom { kind: Other, error: "注入的屏障错" })), writes_before_the_first_publish: WritesByStructureKind { counted: {} }, writes_of_persiste writes_before=12 writes_after=0 frozen=true resend=Ok checker=0 first=None read=FileRead root=Some((InstanceGeneration(2), CheckpointTxg(7))) content_ok=true remount=Ok checker_after_remount=0 first_after=None enum=states=4096 seconds=13.2 closed=4096 exact=4096 oracle=0 ignored=0 root_without_record=0 missing_unit=0 checker_red_states=0 first=None first_checker=None
LAYER0_PARALLEL_START states=4096 slices=64 states_per_slice=64 worker_threads=3 configured_worker_threads=3 worker_threads_source=environment_variable resumed_slices=0 freshly_run_slices=64
LAYER0_PROGRESS slice=1/64 states=[0,64) segments=0..=0 finished_slices=1/64 finished_states=64/4096 resumed_slices=0 elapsed_seconds=0.6
LAYER0_PROGRESS slice=2/64 states=[64,128) segments=0..=0 finished_slices=2/64 finished_states=128/4096 resumed_slices=0 elapsed_seconds=0.6
LAYER0_PROGRESS slice=3/64 states=[128,192) segments=0..=0 finished_slices=3/64 finished_states=192/4096 resumed_slices=0 elapsed_seconds=0.6
LAYER0_PROGRESS slice=5/64 states=[256,320) segments=0..=0 finished_slices=4/64 finished_states=256/4096 resumed_slices=0 elapsed_seconds=1.2
LAYER0_PROGRESS slice=4/64 states=[192,256) segments=0..=0 finished_slices=5/64 finished_states=320/4096 resumed_slices=0 elapsed_seconds=1.2
LAYER0_PROGRESS slice=6/64 states=[320,384) segments=0..=0 finished_slices=6/64 finished_states=384/4096 resumed_slices=0 elapsed_seconds=1.2
LAYER0_PROGRESS slice=8/64 states=[448,512) segments=0..=0 finished_slices=7/64 finished_states=448/4096 resumed_slices=0 elapsed_seconds=1.7
LAYER0_PROGRESS slice=7/64 states=[384,448) segments=0..=0 finished_slices=8/64 finished_states=512/4096 resumed_slices=0 elapsed_seconds=1.7
LAYER0_PROGRESS slice=9/64 states=[512,576) segments=0..=0 finished_slices=9/64 finished_states=576/4096 resumed_slices=0 elapsed_seconds=1.7
LAYER0_PROGRESS slice=11/64 states=[640,704) segments=0..=0 finished_slices=10/64 finished_states=640/4096 resumed_slices=0 elapsed_seconds=2.3
LAYER0_PROGRESS slice=10/64 states=[576,640) segments=0..=0 finished_slices=11/64 finished_states=704/4096 resumed_slices=0 elapsed_seconds=2.3
LAYER0_PROGRESS slice=12/64 states=[704,768) segments=0..=0 finished_slices=12/64 finished_states=768/4096 resumed_slices=0 elapsed_seconds=2.4
LAYER0_PROGRESS slice=13/64 states=[768,832) segments=0..=0 finished_slices=13/64 finished_states=832/4096 resumed_slices=0 elapsed_seconds=2.9
LAYER0_PROGRESS slice=14/64 states=[832,896) segments=0..=0 finished_slices=14/64 finished_states=896/4096 resumed_slices=0 elapsed_seconds=2.9
LAYER0_PROGRESS slice=15/64 states=[896,960) segments=0..=0 finished_slices=15/64 finished_states=960/4096 resumed_slices=0 elapsed_seconds=3.0
LAYER0_PROGRESS slice=16/64 states=[960,1024) segments=0..=0 finished_slices=16/64 finished_states=1024/4096 resumed_slices=0 elapsed_seconds=3.5
LAYER0_PROGRESS slice=17/64 states=[1024,1088) segments=0..=0 finished_slices=17/64 finished_states=1088/4096 resumed_slices=0 elapsed_seconds=3.5
LAYER0_PROGRESS slice=18/64 states=[1088,1152) segments=0..=0 finished_slices=18/64 finished_states=1152/4096 resumed_slices=0 elapsed_seconds=3.6
LAYER0_PROGRESS slice=19/64 states=[1152,1216) segments=0..=0 finished_slices=19/64 finished_states=1216/4096 resumed_slices=0 elapsed_seconds=4.1
LAYER0_PROGRESS slice=20/64 states=[1216,1280) segments=0..=0 finished_slices=20/64 finished_states=1280/4096 resumed_slices=0 elapsed_seconds=4.1
LAYER0_PROGRESS slice=21/64 states=[1280,1344) segments=0..=0 finished_slices=21/64 finished_states=1344/4096 resumed_slices=0 elapsed_seconds=4.2
LAYER0_PROGRESS slice=22/64 states=[1344,1408) segments=0..=0 finished_slices=22/64 finished_states=1408/4096 resumed_slices=0 elapsed_seconds=4.7
LAYER0_PROGRESS slice=23/64 states=[1408,1472) segments=0..=0 finished_slices=23/64 finished_states=1472/4096 resumed_slices=0 elapsed_seconds=4.7
LAYER0_PROGRESS slice=24/64 states=[1472,1536) segments=0..=0 finished_slices=24/64 finished_states=1536/4096 resumed_slices=0 elapsed_seconds=4.8
LAYER0_PROGRESS slice=25/64 states=[1536,1600) segments=0..=0 finished_slices=25/64 finished_states=1600/4096 resumed_slices=0 elapsed_seconds=5.3
LAYER0_PROGRESS slice=26/64 states=[1600,1664) segments=0..=0 finished_slices=26/64 finished_states=1664/4096 resumed_slices=0 elapsed_seconds=5.3
LAYER0_PROGRESS slice=27/64 states=[1664,1728) segments=0..=0 finished_slices=27/64 finished_states=1728/4096 resumed_slices=0 elapsed_seconds=5.3
LAYER0_PROGRESS slice=29/64 states=[1792,1856) segments=0..=0 finished_slices=28/64 finished_states=1792/4096 resumed_slices=0 elapsed_seconds=5.9
LAYER0_PROGRESS slice=28/64 states=[1728,1792) segments=0..=0 finished_slices=29/64 finished_states=1856/4096 resumed_slices=0 elapsed_seconds=5.9
LAYER0_PROGRESS slice=30/64 states=[1856,1920) segments=0..=0 finished_slices=30/64 finished_states=1920/4096 resumed_slices=0 elapsed_seconds=5.9
LAYER0_PROGRESS slice=31/64 states=[1920,1984) segments=0..=0 finished_slices=31/64 finished_states=1984/4096 resumed_slices=0 elapsed_seconds=6.5
LAYER0_PROGRESS slice=32/64 states=[1984,2048) segments=0..=0 finished_slices=32/64 finished_states=2048/4096 resumed_slices=0 elapsed_seconds=6.5
LAYER0_PROGRESS slice=33/64 states=[2048,2112) segments=0..=0 finished_slices=33/64 finished_states=2112/4096 resumed_slices=0 elapsed_seconds=6.5
LAYER0_PROGRESS slice=34/64 states=[2112,2176) segments=0..=0 finished_slices=34/64 finished_states=2176/4096 resumed_slices=0 elapsed_seconds=7.1
LAYER0_PROGRESS slice=35/64 states=[2176,2240) segments=0..=0 finished_slices=35/64 finished_states=2240/4096 resumed_slices=0 elapsed_seconds=7.1
LAYER0_PROGRESS slice=36/64 states=[2240,2304) segments=0..=0 finished_slices=36/64 finished_states=2304/4096 resumed_slices=0 elapsed_seconds=7.1
LAYER0_PROGRESS slice=37/64 states=[2304,2368) segments=0..=0 finished_slices=37/64 finished_states=2368/4096 resumed_slices=0 elapsed_seconds=7.7
LAYER0_PROGRESS slice=39/64 states=[2432,2496) segments=0..=0 finished_slices=38/64 finished_states=2432/4096 resumed_slices=0 elapsed_seconds=7.7
LAYER0_PROGRESS slice=38/64 states=[2368,2432) segments=0..=0 finished_slices=39/64 finished_states=2496/4096 resumed_slices=0 elapsed_seconds=7.7
LAYER0_PROGRESS slice=40/64 states=[2496,2560) segments=0..=0 finished_slices=40/64 finished_states=2560/4096 resumed_slices=0 elapsed_seconds=8.3
LAYER0_PROGRESS slice=41/64 states=[2560,2624) segments=0..=0 finished_slices=41/64 finished_states=2624/4096 resumed_slices=0 elapsed_seconds=8.3
LAYER0_PROGRESS slice=42/64 states=[2624,2688) segments=0..=0 finished_slices=42/64 finished_states=2688/4096 resumed_slices=0 elapsed_seconds=8.4
LAYER0_PROGRESS slice=43/64 states=[2688,2752) segments=0..=0 finished_slices=43/64 finished_states=2752/4096 resumed_slices=0 elapsed_seconds=8.9
LAYER0_PROGRESS slice=44/64 states=[2752,2816) segments=0..=0 finished_slices=44/64 finished_states=2816/4096 resumed_slices=0 elapsed_seconds=9.0
LAYER0_PROGRESS slice=45/64 states=[2816,2880) segments=0..=0 finished_slices=45/64 finished_states=2880/4096 resumed_slices=0 elapsed_seconds=9.0
LAYER0_PROGRESS slice=46/64 states=[2880,2944) segments=0..=0 finished_slices=46/64 finished_states=2944/4096 resumed_slices=0 elapsed_seconds=9.5
LAYER0_PROGRESS slice=47/64 states=[2944,3008) segments=0..=0 finished_slices=47/64 finished_states=3008/4096 resumed_slices=0 elapsed_seconds=9.6
LAYER0_PROGRESS slice=48/64 states=[3008,3072) segments=0..=0 finished_slices=48/64 finished_states=3072/4096 resumed_slices=0 elapsed_seconds=9.6
LAYER0_PROGRESS slice=49/64 states=[3072,3136) segments=0..=0 finished_slices=49/64 finished_states=3136/4096 resumed_slices=0 elapsed_seconds=10.2
LAYER0_PROGRESS slice=50/64 states=[3136,3200) segments=0..=0 finished_slices=50/64 finished_states=3200/4096 resumed_slices=0 elapsed_seconds=10.2
LAYER0_PROGRESS slice=51/64 states=[3200,3264) segments=0..=0 finished_slices=51/64 finished_states=3264/4096 resumed_slices=0 elapsed_seconds=10.2
LAYER0_PROGRESS slice=52/64 states=[3264,3328) segments=0..=0 finished_slices=52/64 finished_states=3328/4096 resumed_slices=0 elapsed_seconds=10.8
LAYER0_PROGRESS slice=53/64 states=[3328,3392) segments=0..=0 finished_slices=53/64 finished_states=3392/4096 resumed_slices=0 elapsed_seconds=10.8
LAYER0_PROGRESS slice=54/64 states=[3392,3456) segments=0..=0 finished_slices=54/64 finished_states=3456/4096 resumed_slices=0 elapsed_seconds=10.9
LAYER0_PROGRESS slice=55/64 states=[3456,3520) segments=0..=0 finished_slices=55/64 finished_states=3520/4096 resumed_slices=0 elapsed_seconds=11.4
LAYER0_PROGRESS slice=56/64 states=[3520,3584) segments=0..=0 finished_slices=56/64 finished_states=3584/4096 resumed_slices=0 elapsed_seconds=11.4
LAYER0_PROGRESS slice=57/64 states=[3584,3648) segments=0..=0 finished_slices=57/64 finished_states=3648/4096 resumed_slices=0 elapsed_seconds=11.5
LAYER0_PROGRESS slice=58/64 states=[3648,3712) segments=0..=0 finished_slices=58/64 finished_states=3712/4096 resumed_slices=0 elapsed_seconds=12.0
LAYER0_PROGRESS slice=59/64 states=[3712,3776) segments=0..=0 finished_slices=59/64 finished_states=3776/4096 resumed_slices=0 elapsed_seconds=12.0
LAYER0_PROGRESS slice=60/64 states=[3776,3840) segments=0..=0 finished_slices=60/64 finished_states=3840/4096 resumed_slices=0 elapsed_seconds=12.1
LAYER0_PROGRESS slice=61/64 states=[3840,3904) segments=0..=0 finished_slices=61/64 finished_states=3904/4096 resumed_slices=0 elapsed_seconds=12.6
LAYER0_PROGRESS slice=62/64 states=[3904,3968) segments=0..=0 finished_slices=62/64 finished_states=3968/4096 resumed_slices=0 elapsed_seconds=12.7
LAYER0_PROGRESS slice=63/64 states=[3968,4032) segments=0..=0 finished_slices=63/64 finished_states=4032/4096 resumed_slices=0 elapsed_seconds=12.7
LAYER0_PROGRESS slice=64/64 states=[4032,4096) segments=0..=all_persisted finished_slices=64/64 finished_states=4096/4096 resumed_slices=0 elapsed_seconds=13.3
LAYER0_FINDINGS signatures=0 red_states=0 states=4096
LAYER0_PARALLEL_FINISHED states=4096 slices=64 worker_threads=3 configured_worker_threads=3 worker_threads_source=environment_variable resumed_slices=0 freshly_run_slices=64 progress_file_after_completion=none elapsed_seconds=13.3
SWEEP seed=6 entry=rollback fault=Some((Barrier, 2)) fired=Some((Barrier, 2, 1, 0)) outcome=Err Publish(PublishSequenceFailed { cause: BlockDevice(InputOutput(Custom { kind: Other, error: "注入的屏障错" })), writes_before_the_first_publish: WritesByStructureKind { counted: {} }, writes_of_persiste writes_before=12 writes_after=0 frozen=true resend=Ok checker=0 first=None read=FileRead root=Some((InstanceGeneration(2), CheckpointTxg(7))) content_ok=true remount=Ok checker_after_remount=0 first_after=None enum=states=4096 seconds=13.3 closed=4096 exact=4096 oracle=0 ignored=0 root_without_record=0 missing_unit=0 checker_red_states=0 first=None first_checker=None
LAYER0_PARALLEL_START states=4099 slices=64 states_per_slice=65 worker_threads=3 configured_worker_threads=3 worker_threads_source=environment_variable resumed_slices=0 freshly_run_slices=64
LAYER0_PROGRESS slice=2/64 states=[65,130) segments=0..=0 finished_slices=1/64 finished_states=65/4099 resumed_slices=0 elapsed_seconds=0.6
LAYER0_PROGRESS slice=1/64 states=[0,65) segments=0..=0 finished_slices=2/64 finished_states=130/4099 resumed_slices=0 elapsed_seconds=0.6
LAYER0_PROGRESS slice=3/64 states=[130,195) segments=0..=0 finished_slices=3/64 finished_states=195/4099 resumed_slices=0 elapsed_seconds=0.6
LAYER0_PROGRESS slice=4/64 states=[195,260) segments=0..=0 finished_slices=4/64 finished_states=260/4099 resumed_slices=0 elapsed_seconds=1.2
LAYER0_PROGRESS slice=5/64 states=[260,325) segments=0..=0 finished_slices=5/64 finished_states=325/4099 resumed_slices=0 elapsed_seconds=1.2
LAYER0_PROGRESS slice=6/64 states=[325,390) segments=0..=0 finished_slices=6/64 finished_states=390/4099 resumed_slices=0 elapsed_seconds=1.2
LAYER0_PROGRESS slice=7/64 states=[390,455) segments=0..=0 finished_slices=7/64 finished_states=455/4099 resumed_slices=0 elapsed_seconds=1.8
LAYER0_PROGRESS slice=8/64 states=[455,520) segments=0..=0 finished_slices=8/64 finished_states=520/4099 resumed_slices=0 elapsed_seconds=1.8
LAYER0_PROGRESS slice=9/64 states=[520,585) segments=0..=0 finished_slices=9/64 finished_states=585/4099 resumed_slices=0 elapsed_seconds=1.9
LAYER0_PROGRESS slice=10/64 states=[585,650) segments=0..=0 finished_slices=10/64 finished_states=650/4099 resumed_slices=0 elapsed_seconds=2.5
LAYER0_PROGRESS slice=11/64 states=[650,715) segments=0..=0 finished_slices=11/64 finished_states=715/4099 resumed_slices=0 elapsed_seconds=2.5
LAYER0_PROGRESS slice=12/64 states=[715,780) segments=0..=0 finished_slices=12/64 finished_states=780/4099 resumed_slices=0 elapsed_seconds=2.5
LAYER0_PROGRESS slice=13/64 states=[780,845) segments=0..=0 finished_slices=13/64 finished_states=845/4099 resumed_slices=0 elapsed_seconds=3.1
LAYER0_PROGRESS slice=14/64 states=[845,910) segments=0..=0 finished_slices=14/64 finished_states=910/4099 resumed_slices=0 elapsed_seconds=3.1
LAYER0_PROGRESS slice=15/64 states=[910,975) segments=0..=0 finished_slices=15/64 finished_states=975/4099 resumed_slices=0 elapsed_seconds=3.1
LAYER0_PROGRESS slice=17/64 states=[1040,1105) segments=0..=0 finished_slices=16/64 finished_states=1040/4099 resumed_slices=0 elapsed_seconds=3.7
LAYER0_PROGRESS slice=16/64 states=[975,1040) segments=0..=0 finished_slices=17/64 finished_states=1105/4099 resumed_slices=0 elapsed_seconds=3.7
LAYER0_PROGRESS slice=18/64 states=[1105,1170) segments=0..=0 finished_slices=18/64 finished_states=1170/4099 resumed_slices=0 elapsed_seconds=3.7
LAYER0_PROGRESS slice=19/64 states=[1170,1235) segments=0..=0 finished_slices=19/64 finished_states=1235/4099 resumed_slices=0 elapsed_seconds=4.3
LAYER0_PROGRESS slice=20/64 states=[1235,1300) segments=0..=0 finished_slices=20/64 finished_states=1300/4099 resumed_slices=0 elapsed_seconds=4.3
LAYER0_PROGRESS slice=21/64 states=[1300,1365) segments=0..=0 finished_slices=21/64 finished_states=1365/4099 resumed_slices=0 elapsed_seconds=4.3
LAYER0_PROGRESS slice=23/64 states=[1430,1495) segments=0..=0 finished_slices=22/64 finished_states=1430/4099 resumed_slices=0 elapsed_seconds=4.9
LAYER0_PROGRESS slice=22/64 states=[1365,1430) segments=0..=0 finished_slices=23/64 finished_states=1495/4099 resumed_slices=0 elapsed_seconds=4.9
LAYER0_PROGRESS slice=24/64 states=[1495,1560) segments=0..=0 finished_slices=24/64 finished_states=1560/4099 resumed_slices=0 elapsed_seconds=5.0
LAYER0_PROGRESS slice=25/64 states=[1560,1625) segments=0..=0 finished_slices=25/64 finished_states=1625/4099 resumed_slices=0 elapsed_seconds=5.5
LAYER0_PROGRESS slice=26/64 states=[1625,1690) segments=0..=0 finished_slices=26/64 finished_states=1690/4099 resumed_slices=0 elapsed_seconds=5.5
LAYER0_PROGRESS slice=27/64 states=[1690,1755) segments=0..=0 finished_slices=27/64 finished_states=1755/4099 resumed_slices=0 elapsed_seconds=5.6
LAYER0_PROGRESS slice=28/64 states=[1755,1820) segments=0..=0 finished_slices=28/64 finished_states=1820/4099 resumed_slices=0 elapsed_seconds=6.2
LAYER0_PROGRESS slice=29/64 states=[1820,1885) segments=0..=0 finished_slices=29/64 finished_states=1885/4099 resumed_slices=0 elapsed_seconds=6.2
LAYER0_PROGRESS slice=30/64 states=[1885,1950) segments=0..=0 finished_slices=30/64 finished_states=1950/4099 resumed_slices=0 elapsed_seconds=6.2
LAYER0_PROGRESS slice=31/64 states=[1950,2015) segments=0..=0 finished_slices=31/64 finished_states=2015/4099 resumed_slices=0 elapsed_seconds=6.8
LAYER0_PROGRESS slice=32/64 states=[2015,2080) segments=0..=0 finished_slices=32/64 finished_states=2080/4099 resumed_slices=0 elapsed_seconds=6.8
LAYER0_PROGRESS slice=33/64 states=[2080,2145) segments=0..=0 finished_slices=33/64 finished_states=2145/4099 resumed_slices=0 elapsed_seconds=6.8
LAYER0_PROGRESS slice=34/64 states=[2145,2210) segments=0..=0 finished_slices=34/64 finished_states=2210/4099 resumed_slices=0 elapsed_seconds=7.4
LAYER0_PROGRESS slice=35/64 states=[2210,2275) segments=0..=0 finished_slices=35/64 finished_states=2275/4099 resumed_slices=0 elapsed_seconds=7.4
LAYER0_PROGRESS slice=36/64 states=[2275,2340) segments=0..=0 finished_slices=36/64 finished_states=2340/4099 resumed_slices=0 elapsed_seconds=7.4
LAYER0_PROGRESS slice=37/64 states=[2340,2405) segments=0..=0 finished_slices=37/64 finished_states=2405/4099 resumed_slices=0 elapsed_seconds=8.0
LAYER0_PROGRESS slice=38/64 states=[2405,2470) segments=0..=0 finished_slices=38/64 finished_states=2470/4099 resumed_slices=0 elapsed_seconds=8.0
LAYER0_PROGRESS slice=39/64 states=[2470,2535) segments=0..=0 finished_slices=39/64 finished_states=2535/4099 resumed_slices=0 elapsed_seconds=8.1
LAYER0_PROGRESS slice=40/64 states=[2535,2600) segments=0..=0 finished_slices=40/64 finished_states=2600/4099 resumed_slices=0 elapsed_seconds=8.7
LAYER0_PROGRESS slice=41/64 states=[2600,2665) segments=0..=0 finished_slices=41/64 finished_states=2665/4099 resumed_slices=0 elapsed_seconds=8.7
LAYER0_PROGRESS slice=42/64 states=[2665,2730) segments=0..=0 finished_slices=42/64 finished_states=2730/4099 resumed_slices=0 elapsed_seconds=8.7
LAYER0_PROGRESS slice=43/64 states=[2730,2795) segments=0..=0 finished_slices=43/64 finished_states=2795/4099 resumed_slices=0 elapsed_seconds=9.3
LAYER0_PROGRESS slice=44/64 states=[2795,2860) segments=0..=0 finished_slices=44/64 finished_states=2860/4099 resumed_slices=0 elapsed_seconds=9.3
LAYER0_PROGRESS slice=45/64 states=[2860,2925) segments=0..=0 finished_slices=45/64 finished_states=2925/4099 resumed_slices=0 elapsed_seconds=9.3
LAYER0_PROGRESS slice=46/64 states=[2925,2990) segments=0..=0 finished_slices=46/64 finished_states=2990/4099 resumed_slices=0 elapsed_seconds=9.9
LAYER0_PROGRESS slice=47/64 states=[2990,3055) segments=0..=0 finished_slices=47/64 finished_states=3055/4099 resumed_slices=0 elapsed_seconds=9.9
LAYER0_PROGRESS slice=48/64 states=[3055,3120) segments=0..=0 finished_slices=48/64 finished_states=3120/4099 resumed_slices=0 elapsed_seconds=10.0
LAYER0_PROGRESS slice=49/64 states=[3120,3185) segments=0..=0 finished_slices=49/64 finished_states=3185/4099 resumed_slices=0 elapsed_seconds=10.6
LAYER0_PROGRESS slice=50/64 states=[3185,3250) segments=0..=0 finished_slices=50/64 finished_states=3250/4099 resumed_slices=0 elapsed_seconds=10.6
LAYER0_PROGRESS slice=51/64 states=[3250,3315) segments=0..=0 finished_slices=51/64 finished_states=3315/4099 resumed_slices=0 elapsed_seconds=10.6
LAYER0_PROGRESS slice=52/64 states=[3315,3380) segments=0..=0 finished_slices=52/64 finished_states=3380/4099 resumed_slices=0 elapsed_seconds=11.2
LAYER0_PROGRESS slice=53/64 states=[3380,3445) segments=0..=0 finished_slices=53/64 finished_states=3445/4099 resumed_slices=0 elapsed_seconds=11.2
LAYER0_PROGRESS slice=54/64 states=[3445,3510) segments=0..=0 finished_slices=54/64 finished_states=3510/4099 resumed_slices=0 elapsed_seconds=11.2
LAYER0_PROGRESS slice=55/64 states=[3510,3575) segments=0..=0 finished_slices=55/64 finished_states=3575/4099 resumed_slices=0 elapsed_seconds=11.8
LAYER0_PROGRESS slice=56/64 states=[3575,3640) segments=0..=0 finished_slices=56/64 finished_states=3640/4099 resumed_slices=0 elapsed_seconds=11.8
LAYER0_PROGRESS slice=57/64 states=[3640,3705) segments=0..=0 finished_slices=57/64 finished_states=3705/4099 resumed_slices=0 elapsed_seconds=11.9
LAYER0_PROGRESS slice=58/64 states=[3705,3770) segments=0..=0 finished_slices=58/64 finished_states=3770/4099 resumed_slices=0 elapsed_seconds=12.4
LAYER0_PROGRESS slice=59/64 states=[3770,3835) segments=0..=0 finished_slices=59/64 finished_states=3835/4099 resumed_slices=0 elapsed_seconds=12.4
LAYER0_PROGRESS slice=60/64 states=[3835,3900) segments=0..=0 finished_slices=60/64 finished_states=3900/4099 resumed_slices=0 elapsed_seconds=12.5
LAYER0_PROGRESS slice=61/64 states=[3900,3965) segments=0..=0 finished_slices=61/64 finished_states=3965/4099 resumed_slices=0 elapsed_seconds=13.0
LAYER0_PROGRESS slice=62/64 states=[3965,4030) segments=0..=0 finished_slices=62/64 finished_states=4030/4099 resumed_slices=0 elapsed_seconds=13.0
LAYER0_PROGRESS slice=63/64 states=[4030,4095) segments=0..=0 finished_slices=63/64 finished_states=4095/4099 resumed_slices=0 elapsed_seconds=13.0
LAYER0_PROGRESS slice=64/64 states=[4095,4099) segments=1..=all_persisted finished_slices=64/64 finished_states=4099/4099 resumed_slices=0 elapsed_seconds=13.0
LAYER0_FINDINGS signatures=0 red_states=0 states=4099
LAYER0_PARALLEL_FINISHED states=4099 slices=64 worker_threads=3 configured_worker_threads=3 worker_threads_source=environment_variable resumed_slices=0 freshly_run_slices=64 progress_file_after_completion=none elapsed_seconds=13.0
SWEEP seed=6 entry=rollback fault=Some((Barrier, 3)) fired=Some((Barrier, 3, 0, 0)) outcome=Err Publish(PublishSequenceFailed { cause: BlockDevice(InputOutput(Custom { kind: Other, error: "注入的屏障错" })), writes_before_the_first_publish: WritesByStructureKind { counted: {} }, writes_of_persiste writes_before=14 writes_after=0 frozen=true resend=Ok checker=0 first=None read=FileRead root=Some((InstanceGeneration(2), CheckpointTxg(7))) content_ok=true remount=Ok checker_after_remount=0 first_after=None enum=states=4099 seconds=13.0 closed=4099 exact=4099 oracle=0 ignored=0 root_without_record=0 missing_unit=0 checker_red_states=0 first=None first_checker=None
LAYER0_PARALLEL_START states=4099 slices=64 states_per_slice=65 worker_threads=3 configured_worker_threads=3 worker_threads_source=environment_variable resumed_slices=0 freshly_run_slices=64
LAYER0_PROGRESS slice=1/64 states=[0,65) segments=0..=0 finished_slices=1/64 finished_states=65/4099 resumed_slices=0 elapsed_seconds=0.6
LAYER0_PROGRESS slice=2/64 states=[65,130) segments=0..=0 finished_slices=2/64 finished_states=130/4099 resumed_slices=0 elapsed_seconds=0.6
LAYER0_PROGRESS slice=3/64 states=[130,195) segments=0..=0 finished_slices=3/64 finished_states=195/4099 resumed_slices=0 elapsed_seconds=0.6
LAYER0_PROGRESS slice=4/64 states=[195,260) segments=0..=0 finished_slices=4/64 finished_states=260/4099 resumed_slices=0 elapsed_seconds=1.2
LAYER0_PROGRESS slice=5/64 states=[260,325) segments=0..=0 finished_slices=5/64 finished_states=325/4099 resumed_slices=0 elapsed_seconds=1.2
LAYER0_PROGRESS slice=6/64 states=[325,390) segments=0..=0 finished_slices=6/64 finished_states=390/4099 resumed_slices=0 elapsed_seconds=1.2
LAYER0_PROGRESS slice=7/64 states=[390,455) segments=0..=0 finished_slices=7/64 finished_states=455/4099 resumed_slices=0 elapsed_seconds=1.8
LAYER0_PROGRESS slice=8/64 states=[455,520) segments=0..=0 finished_slices=8/64 finished_states=520/4099 resumed_slices=0 elapsed_seconds=1.8
LAYER0_PROGRESS slice=9/64 states=[520,585) segments=0..=0 finished_slices=9/64 finished_states=585/4099 resumed_slices=0 elapsed_seconds=1.8
LAYER0_PROGRESS slice=10/64 states=[585,650) segments=0..=0 finished_slices=10/64 finished_states=650/4099 resumed_slices=0 elapsed_seconds=2.4
LAYER0_PROGRESS slice=11/64 states=[650,715) segments=0..=0 finished_slices=11/64 finished_states=715/4099 resumed_slices=0 elapsed_seconds=2.4
LAYER0_PROGRESS slice=12/64 states=[715,780) segments=0..=0 finished_slices=12/64 finished_states=780/4099 resumed_slices=0 elapsed_seconds=2.4
LAYER0_PROGRESS slice=13/64 states=[780,845) segments=0..=0 finished_slices=13/64 finished_states=845/4099 resumed_slices=0 elapsed_seconds=2.9
LAYER0_PROGRESS slice=14/64 states=[845,910) segments=0..=0 finished_slices=14/64 finished_states=910/4099 resumed_slices=0 elapsed_seconds=3.0
LAYER0_PROGRESS slice=15/64 states=[910,975) segments=0..=0 finished_slices=15/64 finished_states=975/4099 resumed_slices=0 elapsed_seconds=3.0
LAYER0_PROGRESS slice=16/64 states=[975,1040) segments=0..=0 finished_slices=16/64 finished_states=1040/4099 resumed_slices=0 elapsed_seconds=3.5
LAYER0_PROGRESS slice=18/64 states=[1105,1170) segments=0..=0 finished_slices=17/64 finished_states=1105/4099 resumed_slices=0 elapsed_seconds=3.5
LAYER0_PROGRESS slice=17/64 states=[1040,1105) segments=0..=0 finished_slices=18/64 finished_states=1170/4099 resumed_slices=0 elapsed_seconds=3.5
LAYER0_PROGRESS slice=19/64 states=[1170,1235) segments=0..=0 finished_slices=19/64 finished_states=1235/4099 resumed_slices=0 elapsed_seconds=4.1
LAYER0_PROGRESS slice=20/64 states=[1235,1300) segments=0..=0 finished_slices=20/64 finished_states=1300/4099 resumed_slices=0 elapsed_seconds=4.1
LAYER0_PROGRESS slice=21/64 states=[1300,1365) segments=0..=0 finished_slices=21/64 finished_states=1365/4099 resumed_slices=0 elapsed_seconds=4.1
LAYER0_PROGRESS slice=22/64 states=[1365,1430) segments=0..=0 finished_slices=22/64 finished_states=1430/4099 resumed_slices=0 elapsed_seconds=4.7
LAYER0_PROGRESS slice=23/64 states=[1430,1495) segments=0..=0 finished_slices=23/64 finished_states=1495/4099 resumed_slices=0 elapsed_seconds=4.7
LAYER0_PROGRESS slice=24/64 states=[1495,1560) segments=0..=0 finished_slices=24/64 finished_states=1560/4099 resumed_slices=0 elapsed_seconds=4.7
LAYER0_PROGRESS slice=25/64 states=[1560,1625) segments=0..=0 finished_slices=25/64 finished_states=1625/4099 resumed_slices=0 elapsed_seconds=5.3
LAYER0_PROGRESS slice=26/64 states=[1625,1690) segments=0..=0 finished_slices=26/64 finished_states=1690/4099 resumed_slices=0 elapsed_seconds=5.3
LAYER0_PROGRESS slice=27/64 states=[1690,1755) segments=0..=0 finished_slices=27/64 finished_states=1755/4099 resumed_slices=0 elapsed_seconds=5.3
LAYER0_PROGRESS slice=28/64 states=[1755,1820) segments=0..=0 finished_slices=28/64 finished_states=1820/4099 resumed_slices=0 elapsed_seconds=5.9
LAYER0_PROGRESS slice=29/64 states=[1820,1885) segments=0..=0 finished_slices=29/64 finished_states=1885/4099 resumed_slices=0 elapsed_seconds=5.9
LAYER0_PROGRESS slice=30/64 states=[1885,1950) segments=0..=0 finished_slices=30/64 finished_states=1950/4099 resumed_slices=0 elapsed_seconds=6.0
LAYER0_PROGRESS slice=31/64 states=[1950,2015) segments=0..=0 finished_slices=31/64 finished_states=2015/4099 resumed_slices=0 elapsed_seconds=6.6
LAYER0_PROGRESS slice=32/64 states=[2015,2080) segments=0..=0 finished_slices=32/64 finished_states=2080/4099 resumed_slices=0 elapsed_seconds=6.6
LAYER0_PROGRESS slice=33/64 states=[2080,2145) segments=0..=0 finished_slices=33/64 finished_states=2145/4099 resumed_slices=0 elapsed_seconds=6.6
LAYER0_PROGRESS slice=34/64 states=[2145,2210) segments=0..=0 finished_slices=34/64 finished_states=2210/4099 resumed_slices=0 elapsed_seconds=7.2
LAYER0_PROGRESS slice=35/64 states=[2210,2275) segments=0..=0 finished_slices=35/64 finished_states=2275/4099 resumed_slices=0 elapsed_seconds=7.2
LAYER0_PROGRESS slice=36/64 states=[2275,2340) segments=0..=0 finished_slices=36/64 finished_states=2340/4099 resumed_slices=0 elapsed_seconds=7.2
LAYER0_PROGRESS slice=37/64 states=[2340,2405) segments=0..=0 finished_slices=37/64 finished_states=2405/4099 resumed_slices=0 elapsed_seconds=7.8
LAYER0_PROGRESS slice=38/64 states=[2405,2470) segments=0..=0 finished_slices=38/64 finished_states=2470/4099 resumed_slices=0 elapsed_seconds=7.8
LAYER0_PROGRESS slice=39/64 states=[2470,2535) segments=0..=0 finished_slices=39/64 finished_states=2535/4099 resumed_slices=0 elapsed_seconds=7.9
LAYER0_PROGRESS slice=40/64 states=[2535,2600) segments=0..=0 finished_slices=40/64 finished_states=2600/4099 resumed_slices=0 elapsed_seconds=8.4
LAYER0_PROGRESS slice=41/64 states=[2600,2665) segments=0..=0 finished_slices=41/64 finished_states=2665/4099 resumed_slices=0 elapsed_seconds=8.4
LAYER0_PROGRESS slice=42/64 states=[2665,2730) segments=0..=0 finished_slices=42/64 finished_states=2730/4099 resumed_slices=0 elapsed_seconds=8.5
LAYER0_PROGRESS slice=43/64 states=[2730,2795) segments=0..=0 finished_slices=43/64 finished_states=2795/4099 resumed_slices=0 elapsed_seconds=9.1
LAYER0_PROGRESS slice=44/64 states=[2795,2860) segments=0..=0 finished_slices=44/64 finished_states=2860/4099 resumed_slices=0 elapsed_seconds=9.1
LAYER0_PROGRESS slice=45/64 states=[2860,2925) segments=0..=0 finished_slices=45/64 finished_states=2925/4099 resumed_slices=0 elapsed_seconds=9.1
LAYER0_PROGRESS slice=47/64 states=[2990,3055) segments=0..=0 finished_slices=46/64 finished_states=2990/4099 resumed_slices=0 elapsed_seconds=9.7
LAYER0_PROGRESS slice=46/64 states=[2925,2990) segments=0..=0 finished_slices=47/64 finished_states=3055/4099 resumed_slices=0 elapsed_seconds=9.7
LAYER0_PROGRESS slice=48/64 states=[3055,3120) segments=0..=0 finished_slices=48/64 finished_states=3120/4099 resumed_slices=0 elapsed_seconds=9.7
LAYER0_PROGRESS slice=49/64 states=[3120,3185) segments=0..=0 finished_slices=49/64 finished_states=3185/4099 resumed_slices=0 elapsed_seconds=10.3
LAYER0_PROGRESS slice=50/64 states=[3185,3250) segments=0..=0 finished_slices=50/64 finished_states=3250/4099 resumed_slices=0 elapsed_seconds=10.3
LAYER0_PROGRESS slice=51/64 states=[3250,3315) segments=0..=0 finished_slices=51/64 finished_states=3315/4099 resumed_slices=0 elapsed_seconds=10.4
LAYER0_PROGRESS slice=52/64 states=[3315,3380) segments=0..=0 finished_slices=52/64 finished_states=3380/4099 resumed_slices=0 elapsed_seconds=10.9
LAYER0_PROGRESS slice=53/64 states=[3380,3445) segments=0..=0 finished_slices=53/64 finished_states=3445/4099 resumed_slices=0 elapsed_seconds=10.9
LAYER0_PROGRESS slice=54/64 states=[3445,3510) segments=0..=0 finished_slices=54/64 finished_states=3510/4099 resumed_slices=0 elapsed_seconds=11.0
LAYER0_PROGRESS slice=55/64 states=[3510,3575) segments=0..=0 finished_slices=55/64 finished_states=3575/4099 resumed_slices=0 elapsed_seconds=11.6
LAYER0_PROGRESS slice=56/64 states=[3575,3640) segments=0..=0 finished_slices=56/64 finished_states=3640/4099 resumed_slices=0 elapsed_seconds=11.6
LAYER0_PROGRESS slice=57/64 states=[3640,3705) segments=0..=0 finished_slices=57/64 finished_states=3705/4099 resumed_slices=0 elapsed_seconds=11.7
LAYER0_PROGRESS slice=58/64 states=[3705,3770) segments=0..=0 finished_slices=58/64 finished_states=3770/4099 resumed_slices=0 elapsed_seconds=12.2
LAYER0_PROGRESS slice=59/64 states=[3770,3835) segments=0..=0 finished_slices=59/64 finished_states=3835/4099 resumed_slices=0 elapsed_seconds=12.2
LAYER0_PROGRESS slice=60/64 states=[3835,3900) segments=0..=0 finished_slices=60/64 finished_states=3900/4099 resumed_slices=0 elapsed_seconds=12.3
LAYER0_PROGRESS slice=61/64 states=[3900,3965) segments=0..=0 finished_slices=61/64 finished_states=3965/4099 resumed_slices=0 elapsed_seconds=12.8
LAYER0_PROGRESS slice=62/64 states=[3965,4030) segments=0..=0 finished_slices=62/64 finished_states=4030/4099 resumed_slices=0 elapsed_seconds=12.8
LAYER0_PROGRESS slice=64/64 states=[4095,4099) segments=1..=all_persisted finished_slices=63/64 finished_states=4034/4099 resumed_slices=0 elapsed_seconds=12.9
LAYER0_PROGRESS slice=63/64 states=[4030,4095) segments=0..=0 finished_slices=64/64 finished_states=4099/4099 resumed_slices=0 elapsed_seconds=12.9
LAYER0_FINDINGS signatures=0 red_states=0 states=4099
LAYER0_PARALLEL_FINISHED states=4099 slices=64 worker_threads=3 configured_worker_threads=3 worker_threads_source=environment_variable resumed_slices=0 freshly_run_slices=64 progress_file_after_completion=none elapsed_seconds=12.9
SWEEP seed=6 entry=rollback fault=Some((Barrier, 4)) fired=Some((Barrier, 4, 1, 0)) outcome=Err Publish(PublishSequenceFailed { cause: BlockDevice(InputOutput(Custom { kind: Other, error: "注入的屏障错" })), writes_before_the_first_publish: WritesByStructureKind { counted: {} }, writes_of_persiste writes_before=14 writes_after=0 frozen=true resend=Ok checker=0 first=None read=FileRead root=Some((InstanceGeneration(2), CheckpointTxg(7))) content_ok=true remount=Ok checker_after_remount=0 first_after=None enum=states=4099 seconds=12.9 closed=4099 exact=4099 oracle=0 ignored=0 root_without_record=0 missing_unit=0 checker_red_states=0 first=None first_checker=None
LAYER0_PARALLEL_START states=4108 slices=64 states_per_slice=65 worker_threads=3 configured_worker_threads=3 worker_threads_source=environment_variable resumed_slices=0 freshly_run_slices=64
LAYER0_PROGRESS slice=3/64 states=[130,195) segments=0..=0 finished_slices=1/64 finished_states=65/4108 resumed_slices=0 elapsed_seconds=0.6
LAYER0_PROGRESS slice=1/64 states=[0,65) segments=0..=0 finished_slices=2/64 finished_states=130/4108 resumed_slices=0 elapsed_seconds=0.6
LAYER0_PROGRESS slice=2/64 states=[65,130) segments=0..=0 finished_slices=3/64 finished_states=195/4108 resumed_slices=0 elapsed_seconds=0.6
LAYER0_PROGRESS slice=4/64 states=[195,260) segments=0..=0 finished_slices=4/64 finished_states=260/4108 resumed_slices=0 elapsed_seconds=1.2
LAYER0_PROGRESS slice=5/64 states=[260,325) segments=0..=0 finished_slices=5/64 finished_states=325/4108 resumed_slices=0 elapsed_seconds=1.2
LAYER0_PROGRESS slice=6/64 states=[325,390) segments=0..=0 finished_slices=6/64 finished_states=390/4108 resumed_slices=0 elapsed_seconds=1.3
LAYER0_PROGRESS slice=7/64 states=[390,455) segments=0..=0 finished_slices=7/64 finished_states=455/4108 resumed_slices=0 elapsed_seconds=1.9
LAYER0_PROGRESS slice=8/64 states=[455,520) segments=0..=0 finished_slices=8/64 finished_states=520/4108 resumed_slices=0 elapsed_seconds=1.9
LAYER0_PROGRESS slice=9/64 states=[520,585) segments=0..=0 finished_slices=9/64 finished_states=585/4108 resumed_slices=0 elapsed_seconds=1.9
LAYER0_PROGRESS slice=10/64 states=[585,650) segments=0..=0 finished_slices=10/64 finished_states=650/4108 resumed_slices=0 elapsed_seconds=2.5
LAYER0_PROGRESS slice=11/64 states=[650,715) segments=0..=0 finished_slices=11/64 finished_states=715/4108 resumed_slices=0 elapsed_seconds=2.5
LAYER0_PROGRESS slice=12/64 states=[715,780) segments=0..=0 finished_slices=12/64 finished_states=780/4108 resumed_slices=0 elapsed_seconds=2.5
LAYER0_PROGRESS slice=13/64 states=[780,845) segments=0..=0 finished_slices=13/64 finished_states=845/4108 resumed_slices=0 elapsed_seconds=3.1
LAYER0_PROGRESS slice=14/64 states=[845,910) segments=0..=0 finished_slices=14/64 finished_states=910/4108 resumed_slices=0 elapsed_seconds=3.1
LAYER0_PROGRESS slice=15/64 states=[910,975) segments=0..=0 finished_slices=15/64 finished_states=975/4108 resumed_slices=0 elapsed_seconds=3.1
LAYER0_PROGRESS slice=17/64 states=[1040,1105) segments=0..=0 finished_slices=16/64 finished_states=1040/4108 resumed_slices=0 elapsed_seconds=3.7
LAYER0_PROGRESS slice=16/64 states=[975,1040) segments=0..=0 finished_slices=17/64 finished_states=1105/4108 resumed_slices=0 elapsed_seconds=3.7
LAYER0_PROGRESS slice=18/64 states=[1105,1170) segments=0..=0 finished_slices=18/64 finished_states=1170/4108 resumed_slices=0 elapsed_seconds=3.8
LAYER0_PROGRESS slice=19/64 states=[1170,1235) segments=0..=0 finished_slices=19/64 finished_states=1235/4108 resumed_slices=0 elapsed_seconds=4.3
LAYER0_PROGRESS slice=20/64 states=[1235,1300) segments=0..=0 finished_slices=20/64 finished_states=1300/4108 resumed_slices=0 elapsed_seconds=4.3
LAYER0_PROGRESS slice=21/64 states=[1300,1365) segments=0..=0 finished_slices=21/64 finished_states=1365/4108 resumed_slices=0 elapsed_seconds=4.3
LAYER0_PROGRESS slice=22/64 states=[1365,1430) segments=0..=0 finished_slices=22/64 finished_states=1430/4108 resumed_slices=0 elapsed_seconds=4.9
LAYER0_PROGRESS slice=23/64 states=[1430,1495) segments=0..=0 finished_slices=23/64 finished_states=1495/4108 resumed_slices=0 elapsed_seconds=4.9
LAYER0_PROGRESS slice=24/64 states=[1495,1560) segments=0..=0 finished_slices=24/64 finished_states=1560/4108 resumed_slices=0 elapsed_seconds=4.9
LAYER0_PROGRESS slice=25/64 states=[1560,1625) segments=0..=0 finished_slices=25/64 finished_states=1625/4108 resumed_slices=0 elapsed_seconds=5.5
LAYER0_PROGRESS slice=26/64 states=[1625,1690) segments=0..=0 finished_slices=26/64 finished_states=1690/4108 resumed_slices=0 elapsed_seconds=5.5
LAYER0_PROGRESS slice=27/64 states=[1690,1755) segments=0..=0 finished_slices=27/64 finished_states=1755/4108 resumed_slices=0 elapsed_seconds=5.5
LAYER0_PROGRESS slice=28/64 states=[1755,1820) segments=0..=0 finished_slices=28/64 finished_states=1820/4108 resumed_slices=0 elapsed_seconds=6.1
LAYER0_PROGRESS slice=29/64 states=[1820,1885) segments=0..=0 finished_slices=29/64 finished_states=1885/4108 resumed_slices=0 elapsed_seconds=6.1
LAYER0_PROGRESS slice=30/64 states=[1885,1950) segments=0..=0 finished_slices=30/64 finished_states=1950/4108 resumed_slices=0 elapsed_seconds=6.1
LAYER0_PROGRESS slice=31/64 states=[1950,2015) segments=0..=0 finished_slices=31/64 finished_states=2015/4108 resumed_slices=0 elapsed_seconds=6.7
LAYER0_PROGRESS slice=32/64 states=[2015,2080) segments=0..=0 finished_slices=32/64 finished_states=2080/4108 resumed_slices=0 elapsed_seconds=6.7
LAYER0_PROGRESS slice=33/64 states=[2080,2145) segments=0..=0 finished_slices=33/64 finished_states=2145/4108 resumed_slices=0 elapsed_seconds=6.7
LAYER0_PROGRESS slice=34/64 states=[2145,2210) segments=0..=0 finished_slices=34/64 finished_states=2210/4108 resumed_slices=0 elapsed_seconds=7.2
LAYER0_PROGRESS slice=35/64 states=[2210,2275) segments=0..=0 finished_slices=35/64 finished_states=2275/4108 resumed_slices=0 elapsed_seconds=7.3
LAYER0_PROGRESS slice=36/64 states=[2275,2340) segments=0..=0 finished_slices=36/64 finished_states=2340/4108 resumed_slices=0 elapsed_seconds=7.3
LAYER0_PROGRESS slice=37/64 states=[2340,2405) segments=0..=0 finished_slices=37/64 finished_states=2405/4108 resumed_slices=0 elapsed_seconds=7.8
LAYER0_PROGRESS slice=38/64 states=[2405,2470) segments=0..=0 finished_slices=38/64 finished_states=2470/4108 resumed_slices=0 elapsed_seconds=7.8
LAYER0_PROGRESS slice=39/64 states=[2470,2535) segments=0..=0 finished_slices=39/64 finished_states=2535/4108 resumed_slices=0 elapsed_seconds=7.9
LAYER0_PROGRESS slice=40/64 states=[2535,2600) segments=0..=0 finished_slices=40/64 finished_states=2600/4108 resumed_slices=0 elapsed_seconds=8.4
LAYER0_PROGRESS slice=41/64 states=[2600,2665) segments=0..=0 finished_slices=41/64 finished_states=2665/4108 resumed_slices=0 elapsed_seconds=8.4
LAYER0_PROGRESS slice=42/64 states=[2665,2730) segments=0..=0 finished_slices=42/64 finished_states=2730/4108 resumed_slices=0 elapsed_seconds=8.4
LAYER0_PROGRESS slice=43/64 states=[2730,2795) segments=0..=0 finished_slices=43/64 finished_states=2795/4108 resumed_slices=0 elapsed_seconds=9.0
LAYER0_PROGRESS slice=44/64 states=[2795,2860) segments=0..=0 finished_slices=44/64 finished_states=2860/4108 resumed_slices=0 elapsed_seconds=9.0
LAYER0_PROGRESS slice=45/64 states=[2860,2925) segments=0..=0 finished_slices=45/64 finished_states=2925/4108 resumed_slices=0 elapsed_seconds=9.0
LAYER0_PROGRESS slice=46/64 states=[2925,2990) segments=0..=0 finished_slices=46/64 finished_states=2990/4108 resumed_slices=0 elapsed_seconds=9.6
LAYER0_PROGRESS slice=47/64 states=[2990,3055) segments=0..=0 finished_slices=47/64 finished_states=3055/4108 resumed_slices=0 elapsed_seconds=9.6
LAYER0_PROGRESS slice=48/64 states=[3055,3120) segments=0..=0 finished_slices=48/64 finished_states=3120/4108 resumed_slices=0 elapsed_seconds=9.6
LAYER0_PROGRESS slice=49/64 states=[3120,3185) segments=0..=0 finished_slices=49/64 finished_states=3185/4108 resumed_slices=0 elapsed_seconds=10.2
LAYER0_PROGRESS slice=50/64 states=[3185,3250) segments=0..=0 finished_slices=50/64 finished_states=3250/4108 resumed_slices=0 elapsed_seconds=10.2
LAYER0_PROGRESS slice=51/64 states=[3250,3315) segments=0..=0 finished_slices=51/64 finished_states=3315/4108 resumed_slices=0 elapsed_seconds=10.2
LAYER0_PROGRESS slice=52/64 states=[3315,3380) segments=0..=0 finished_slices=52/64 finished_states=3380/4108 resumed_slices=0 elapsed_seconds=10.8
LAYER0_PROGRESS slice=53/64 states=[3380,3445) segments=0..=0 finished_slices=53/64 finished_states=3445/4108 resumed_slices=0 elapsed_seconds=10.8
LAYER0_PROGRESS slice=54/64 states=[3445,3510) segments=0..=0 finished_slices=54/64 finished_states=3510/4108 resumed_slices=0 elapsed_seconds=10.8
LAYER0_PROGRESS slice=55/64 states=[3510,3575) segments=0..=0 finished_slices=55/64 finished_states=3575/4108 resumed_slices=0 elapsed_seconds=11.4
LAYER0_PROGRESS slice=56/64 states=[3575,3640) segments=0..=0 finished_slices=56/64 finished_states=3640/4108 resumed_slices=0 elapsed_seconds=11.5
LAYER0_PROGRESS slice=57/64 states=[3640,3705) segments=0..=0 finished_slices=57/64 finished_states=3705/4108 resumed_slices=0 elapsed_seconds=11.5
LAYER0_PROGRESS slice=58/64 states=[3705,3770) segments=0..=0 finished_slices=58/64 finished_states=3770/4108 resumed_slices=0 elapsed_seconds=12.1
LAYER0_PROGRESS slice=59/64 states=[3770,3835) segments=0..=0 finished_slices=59/64 finished_states=3835/4108 resumed_slices=0 elapsed_seconds=12.1
LAYER0_PROGRESS slice=60/64 states=[3835,3900) segments=0..=0 finished_slices=60/64 finished_states=3900/4108 resumed_slices=0 elapsed_seconds=12.1
LAYER0_PROGRESS slice=61/64 states=[3900,3965) segments=0..=0 finished_slices=61/64 finished_states=3965/4108 resumed_slices=0 elapsed_seconds=12.7
LAYER0_PROGRESS slice=62/64 states=[3965,4030) segments=0..=0 finished_slices=62/64 finished_states=4030/4108 resumed_slices=0 elapsed_seconds=12.7
LAYER0_PROGRESS slice=63/64 states=[4030,4095) segments=0..=0 finished_slices=63/64 finished_states=4095/4108 resumed_slices=0 elapsed_seconds=12.7
LAYER0_PROGRESS slice=64/64 states=[4095,4108) segments=1..=all_persisted finished_slices=64/64 finished_states=4108/4108 resumed_slices=0 elapsed_seconds=12.8
LAYER0_FINDINGS signatures=0 red_states=0 states=4108
LAYER0_PARALLEL_FINISHED states=4108 slices=64 worker_threads=3 configured_worker_threads=3 worker_threads_source=environment_variable resumed_slices=0 freshly_run_slices=64 progress_file_after_completion=none elapsed_seconds=12.8
SWEEP seed=6 entry=rollback fault=Some((Barrier, 5)) fired=Some((Barrier, 5, 0, 0)) outcome=Err Publish(PublishSequenceFailed { cause: BlockDevice(InputOutput(Custom { kind: Other, error: "注入的屏障错" })), writes_before_the_first_publish: WritesByStructureKind { counted: {} }, writes_of_persiste writes_before=17 writes_after=0 frozen=true resend=Ok checker=0 first=None read=FileRead root=Some((InstanceGeneration(2), CheckpointTxg(7))) content_ok=true remount=Ok checker_after_remount=0 first_after=None enum=states=4108 seconds=12.8 closed=4103 exact=4108 oracle=0 ignored=0 root_without_record=0 missing_unit=0 checker_red_states=0 first=None first_checker=None
LAYER0_PARALLEL_START states=4108 slices=64 states_per_slice=65 worker_threads=3 configured_worker_threads=3 worker_threads_source=environment_variable resumed_slices=0 freshly_run_slices=64
LAYER0_PROGRESS slice=2/64 states=[65,130) segments=0..=0 finished_slices=1/64 finished_states=65/4108 resumed_slices=0 elapsed_seconds=0.6
LAYER0_PROGRESS slice=1/64 states=[0,65) segments=0..=0 finished_slices=2/64 finished_states=130/4108 resumed_slices=0 elapsed_seconds=0.6
LAYER0_PROGRESS slice=3/64 states=[130,195) segments=0..=0 finished_slices=3/64 finished_states=195/4108 resumed_slices=0 elapsed_seconds=0.6
LAYER0_PROGRESS slice=4/64 states=[195,260) segments=0..=0 finished_slices=4/64 finished_states=260/4108 resumed_slices=0 elapsed_seconds=1.2
LAYER0_PROGRESS slice=5/64 states=[260,325) segments=0..=0 finished_slices=5/64 finished_states=325/4108 resumed_slices=0 elapsed_seconds=1.2
LAYER0_PROGRESS slice=6/64 states=[325,390) segments=0..=0 finished_slices=6/64 finished_states=390/4108 resumed_slices=0 elapsed_seconds=1.3
LAYER0_PROGRESS slice=7/64 states=[390,455) segments=0..=0 finished_slices=7/64 finished_states=455/4108 resumed_slices=0 elapsed_seconds=1.9
LAYER0_PROGRESS slice=8/64 states=[455,520) segments=0..=0 finished_slices=8/64 finished_states=520/4108 resumed_slices=0 elapsed_seconds=1.9
LAYER0_PROGRESS slice=9/64 states=[520,585) segments=0..=0 finished_slices=9/64 finished_states=585/4108 resumed_slices=0 elapsed_seconds=1.9
LAYER0_PROGRESS slice=10/64 states=[585,650) segments=0..=0 finished_slices=10/64 finished_states=650/4108 resumed_slices=0 elapsed_seconds=2.5
LAYER0_PROGRESS slice=11/64 states=[650,715) segments=0..=0 finished_slices=11/64 finished_states=715/4108 resumed_slices=0 elapsed_seconds=2.5
LAYER0_PROGRESS slice=12/64 states=[715,780) segments=0..=0 finished_slices=12/64 finished_states=780/4108 resumed_slices=0 elapsed_seconds=2.5
LAYER0_PROGRESS slice=13/64 states=[780,845) segments=0..=0 finished_slices=13/64 finished_states=845/4108 resumed_slices=0 elapsed_seconds=3.1
LAYER0_PROGRESS slice=14/64 states=[845,910) segments=0..=0 finished_slices=14/64 finished_states=910/4108 resumed_slices=0 elapsed_seconds=3.1
LAYER0_PROGRESS slice=15/64 states=[910,975) segments=0..=0 finished_slices=15/64 finished_states=975/4108 resumed_slices=0 elapsed_seconds=3.1
LAYER0_PROGRESS slice=16/64 states=[975,1040) segments=0..=0 finished_slices=16/64 finished_states=1040/4108 resumed_slices=0 elapsed_seconds=3.7
LAYER0_PROGRESS slice=17/64 states=[1040,1105) segments=0..=0 finished_slices=17/64 finished_states=1105/4108 resumed_slices=0 elapsed_seconds=3.7
LAYER0_PROGRESS slice=18/64 states=[1105,1170) segments=0..=0 finished_slices=18/64 finished_states=1170/4108 resumed_slices=0 elapsed_seconds=3.7
LAYER0_PROGRESS slice=19/64 states=[1170,1235) segments=0..=0 finished_slices=19/64 finished_states=1235/4108 resumed_slices=0 elapsed_seconds=4.3
LAYER0_PROGRESS slice=20/64 states=[1235,1300) segments=0..=0 finished_slices=20/64 finished_states=1300/4108 resumed_slices=0 elapsed_seconds=4.4
LAYER0_PROGRESS slice=21/64 states=[1300,1365) segments=0..=0 finished_slices=21/64 finished_states=1365/4108 resumed_slices=0 elapsed_seconds=4.4
LAYER0_PROGRESS slice=22/64 states=[1365,1430) segments=0..=0 finished_slices=22/64 finished_states=1430/4108 resumed_slices=0 elapsed_seconds=4.9
LAYER0_PROGRESS slice=24/64 states=[1495,1560) segments=0..=0 finished_slices=23/64 finished_states=1495/4108 resumed_slices=0 elapsed_seconds=5.0
LAYER0_PROGRESS slice=23/64 states=[1430,1495) segments=0..=0 finished_slices=24/64 finished_states=1560/4108 resumed_slices=0 elapsed_seconds=5.0
LAYER0_PROGRESS slice=25/64 states=[1560,1625) segments=0..=0 finished_slices=25/64 finished_states=1625/4108 resumed_slices=0 elapsed_seconds=5.6
LAYER0_PROGRESS slice=27/64 states=[1690,1755) segments=0..=0 finished_slices=26/64 finished_states=1690/4108 resumed_slices=0 elapsed_seconds=5.6
LAYER0_PROGRESS slice=26/64 states=[1625,1690) segments=0..=0 finished_slices=27/64 finished_states=1755/4108 resumed_slices=0 elapsed_seconds=5.6
LAYER0_PROGRESS slice=28/64 states=[1755,1820) segments=0..=0 finished_slices=28/64 finished_states=1820/4108 resumed_slices=0 elapsed_seconds=6.2
LAYER0_PROGRESS slice=29/64 states=[1820,1885) segments=0..=0 finished_slices=29/64 finished_states=1885/4108 resumed_slices=0 elapsed_seconds=6.2
LAYER0_PROGRESS slice=30/64 states=[1885,1950) segments=0..=0 finished_slices=30/64 finished_states=1950/4108 resumed_slices=0 elapsed_seconds=6.2
LAYER0_PROGRESS slice=31/64 states=[1950,2015) segments=0..=0 finished_slices=31/64 finished_states=2015/4108 resumed_slices=0 elapsed_seconds=6.8
LAYER0_PROGRESS slice=32/64 states=[2015,2080) segments=0..=0 finished_slices=32/64 finished_states=2080/4108 resumed_slices=0 elapsed_seconds=6.8
LAYER0_PROGRESS slice=33/64 states=[2080,2145) segments=0..=0 finished_slices=33/64 finished_states=2145/4108 resumed_slices=0 elapsed_seconds=6.8
LAYER0_PROGRESS slice=34/64 states=[2145,2210) segments=0..=0 finished_slices=34/64 finished_states=2210/4108 resumed_slices=0 elapsed_seconds=7.4
LAYER0_PROGRESS slice=35/64 states=[2210,2275) segments=0..=0 finished_slices=35/64 finished_states=2275/4108 resumed_slices=0 elapsed_seconds=7.4
LAYER0_PROGRESS slice=36/64 states=[2275,2340) segments=0..=0 finished_slices=36/64 finished_states=2340/4108 resumed_slices=0 elapsed_seconds=7.4
LAYER0_PROGRESS slice=37/64 states=[2340,2405) segments=0..=0 finished_slices=37/64 finished_states=2405/4108 resumed_slices=0 elapsed_seconds=8.0
LAYER0_PROGRESS slice=38/64 states=[2405,2470) segments=0..=0 finished_slices=38/64 finished_states=2470/4108 resumed_slices=0 elapsed_seconds=8.0
LAYER0_PROGRESS slice=39/64 states=[2470,2535) segments=0..=0 finished_slices=39/64 finished_states=2535/4108 resumed_slices=0 elapsed_seconds=8.1
LAYER0_PROGRESS slice=40/64 states=[2535,2600) segments=0..=0 finished_slices=40/64 finished_states=2600/4108 resumed_slices=0 elapsed_seconds=8.6
LAYER0_PROGRESS slice=41/64 states=[2600,2665) segments=0..=0 finished_slices=41/64 finished_states=2665/4108 resumed_slices=0 elapsed_seconds=8.6
LAYER0_PROGRESS slice=42/64 states=[2665,2730) segments=0..=0 finished_slices=42/64 finished_states=2730/4108 resumed_slices=0 elapsed_seconds=8.7
LAYER0_PROGRESS slice=43/64 states=[2730,2795) segments=0..=0 finished_slices=43/64 finished_states=2795/4108 resumed_slices=0 elapsed_seconds=9.2
LAYER0_PROGRESS slice=44/64 states=[2795,2860) segments=0..=0 finished_slices=44/64 finished_states=2860/4108 resumed_slices=0 elapsed_seconds=9.2
LAYER0_PROGRESS slice=45/64 states=[2860,2925) segments=0..=0 finished_slices=45/64 finished_states=2925/4108 resumed_slices=0 elapsed_seconds=9.3
LAYER0_PROGRESS slice=46/64 states=[2925,2990) segments=0..=0 finished_slices=46/64 finished_states=2990/4108 resumed_slices=0 elapsed_seconds=9.8
LAYER0_PROGRESS slice=47/64 states=[2990,3055) segments=0..=0 finished_slices=47/64 finished_states=3055/4108 resumed_slices=0 elapsed_seconds=9.8
LAYER0_PROGRESS slice=48/64 states=[3055,3120) segments=0..=0 finished_slices=48/64 finished_states=3120/4108 resumed_slices=0 elapsed_seconds=9.9
LAYER0_PROGRESS slice=49/64 states=[3120,3185) segments=0..=0 finished_slices=49/64 finished_states=3185/4108 resumed_slices=0 elapsed_seconds=10.4
LAYER0_PROGRESS slice=50/64 states=[3185,3250) segments=0..=0 finished_slices=50/64 finished_states=3250/4108 resumed_slices=0 elapsed_seconds=10.4
LAYER0_PROGRESS slice=51/64 states=[3250,3315) segments=0..=0 finished_slices=51/64 finished_states=3315/4108 resumed_slices=0 elapsed_seconds=10.4
LAYER0_PROGRESS slice=52/64 states=[3315,3380) segments=0..=0 finished_slices=52/64 finished_states=3380/4108 resumed_slices=0 elapsed_seconds=11.0
LAYER0_PROGRESS slice=53/64 states=[3380,3445) segments=0..=0 finished_slices=53/64 finished_states=3445/4108 resumed_slices=0 elapsed_seconds=11.0
LAYER0_PROGRESS slice=54/64 states=[3445,3510) segments=0..=0 finished_slices=54/64 finished_states=3510/4108 resumed_slices=0 elapsed_seconds=11.0
LAYER0_PROGRESS slice=55/64 states=[3510,3575) segments=0..=0 finished_slices=55/64 finished_states=3575/4108 resumed_slices=0 elapsed_seconds=11.5
LAYER0_PROGRESS slice=56/64 states=[3575,3640) segments=0..=0 finished_slices=56/64 finished_states=3640/4108 resumed_slices=0 elapsed_seconds=11.6
LAYER0_PROGRESS slice=57/64 states=[3640,3705) segments=0..=0 finished_slices=57/64 finished_states=3705/4108 resumed_slices=0 elapsed_seconds=11.6
LAYER0_PROGRESS slice=58/64 states=[3705,3770) segments=0..=0 finished_slices=58/64 finished_states=3770/4108 resumed_slices=0 elapsed_seconds=12.1
LAYER0_PROGRESS slice=59/64 states=[3770,3835) segments=0..=0 finished_slices=59/64 finished_states=3835/4108 resumed_slices=0 elapsed_seconds=12.2
LAYER0_PROGRESS slice=60/64 states=[3835,3900) segments=0..=0 finished_slices=60/64 finished_states=3900/4108 resumed_slices=0 elapsed_seconds=12.2
LAYER0_PROGRESS slice=61/64 states=[3900,3965) segments=0..=0 finished_slices=61/64 finished_states=3965/4108 resumed_slices=0 elapsed_seconds=12.7
LAYER0_PROGRESS slice=62/64 states=[3965,4030) segments=0..=0 finished_slices=62/64 finished_states=4030/4108 resumed_slices=0 elapsed_seconds=12.8
LAYER0_PROGRESS slice=63/64 states=[4030,4095) segments=0..=0 finished_slices=63/64 finished_states=4095/4108 resumed_slices=0 elapsed_seconds=12.8
LAYER0_PROGRESS slice=64/64 states=[4095,4108) segments=1..=all_persisted finished_slices=64/64 finished_states=4108/4108 resumed_slices=0 elapsed_seconds=12.9
LAYER0_FINDINGS signatures=0 red_states=0 states=4108
LAYER0_PARALLEL_FINISHED states=4108 slices=64 worker_threads=3 configured_worker_threads=3 worker_threads_source=environment_variable resumed_slices=0 freshly_run_slices=64 progress_file_after_completion=none elapsed_seconds=12.9
SWEEP seed=6 entry=rollback fault=Some((Barrier, 6)) fired=Some((Barrier, 6, 1, 0)) outcome=Err Publish(PublishSequenceFailed { cause: BlockDevice(InputOutput(Custom { kind: Other, error: "注入的屏障错" })), writes_before_the_first_publish: WritesByStructureKind { counted: {} }, writes_of_persiste writes_before=17 writes_after=0 frozen=true resend=Ok checker=0 first=None read=FileRead root=Some((InstanceGeneration(2), CheckpointTxg(7))) content_ok=true remount=Ok checker_after_remount=0 first_after=None enum=states=4108 seconds=12.9 closed=4103 exact=4108 oracle=0 ignored=0 root_without_record=0 missing_unit=0 checker_red_states=0 first=None first_checker=None
SWEEP runs=92 flagged=0 states_spent=196776 skipped_enumerations=0 seconds=1396.6
test single_fault_ordinal_sweep_then_power_loss_over_seeded_histories ... ok

test result: ok. 1 passed; 0 failed; 0 ignored; 0 measured; 0 filtered out; finished in 1396.58s

