fault	arm	suffix	steps	final_mount	readback	violated	isolated_per_device	isolated_by_check	isolated_at_mount	free_minus_allocatable	check_reads	check_read_bytes	switches	reads_refused	check_events	reuse_steps	rebuild_mapping_mismatch	writes_refused
F9-bad-media-rw-forever	N1D-reread-then-mismatch-keep-allocated	FFFFMFOFOFOFOFOFOFOFOFOFOFOFOFOFOFO	F:noop F:noop F:noop F:noop M:mount-err:Recovery(UnitUnreadable { slot: SlotNumber(50182) }) F:refused(not-writable) O:refused(not-writable) F:refused(not-writable) O:refused(not-writable) F:refused(not-writable) O:refused(not-writable) F:refused(not-writable) O:refused(not-writable) F:refused(not-writable) O:refused(not-writable) F:refused(not-writable) O:refused(not-writable) F:refused(not-writable) O:refused(not-writable) F:refused(not-writable) O:refused(not-writable) F:refused(not-writable) O:refused(not-writable) F:refused(not-writable) O:refused(not-writable) F:refused(not-writable) O:refused(not-writable) F:refused(not-writable) O:refused(not-writable) F:refused(not-writable) O:refused(not-writable) F:refused(not-writable) O:refused(not-writable) F:refused(not-writable) O:refused(not-writable)	mount-err:Recovery(UnitUnreadable { slot: SlotNumber(50182) })	same	-	[0, 0]	0	0	[0, 0]	0	0	0	4	-	[]	0	0
F9-bad-media-rw-forever	N1D-reread-then-mismatch-keep-allocated	FFMFMFOFOFOFOFOFOFOFOFOFOFOFOFOFOFO	F:noop F:noop M:mount-err:Recovery(UnitUnreadable { slot: SlotNumber(50182) }) F:refused(not-writable) M:mount-err:Recovery(UnitUnreadable { slot: SlotNumber(50182) }) F:refused(not-writable) O:refused(not-writable) F:refused(not-writable) O:refused(not-writable) F:refused(not-writable) O:refused(not-writable) F:refused(not-writable) O:refused(not-writable) F:refused(not-writable) O:refused(not-writable) F:refused(not-writable) O:refused(not-writable) F:refused(not-writable) O:refused(not-writable) F:refused(not-writable) O:refused(not-writable) F:refused(not-writable) O:refused(not-writable) F:refused(not-writable) O:refused(not-writable) F:refused(not-writable) O:refused(not-writable) F:refused(not-writable) O:refused(not-writable) F:refused(not-writable) O:refused(not-writable) F:refused(not-writable) O:refused(not-writable) F:refused(not-writable) O:refused(not-writable)	mount-err:Recovery(UnitUnreadable { slot: SlotNumber(50182) })	same	-	[0, 0]	0	0	[0, 0]	0	0	0	6	-	[]	0	0
F9-bad-media-rw-forever	N1D-reread-then-mismatch-keep-allocated	FFMOMFOFOFOFOFOFOFOFOFOFOFOFOFOFOFO	F:noop F:noop M:mount-err:Recovery(UnitUnreadable { slot: SlotNumber(50182) }) O:refused(not-writable) M:mount-err:Recovery(UnitUnreadable { slot: SlotNumber(50182) }) F:refused(not-writable) O:refused(not-writable) F:refused(not-writable) O:refused(not-writable) F:refused(not-writable) O:refused(not-writable) F:refused(not-writable) O:refused(not-writable) F:refused(not-writable) O:refused(not-writable) F:refused(not-writable) O:refused(not-writable) F:refused(not-writable) O:refused(not-writable) F:refused(not-writable) O:refused(not-writable) F:refused(not-writable) O:refused(not-writable) F:refused(not-writable) O:refused(not-writable) F:refused(not-writable) O:refused(not-writable) F:refused(not-writable) O:refused(not-writable) F:refused(not-writable) O:refused(not-writable) F:refused(not-writable) O:refused(not-writable) F:refused(not-writable) O:refused(not-writable)	mount-err:Recovery(UnitUnreadable { slot: SlotNumber(50182) })	same	-	[0, 0]	0	0	[0, 0]	0	0	0	6	-	[]	0	0
F9-bad-media-rw-forever	N1D-reread-then-mismatch-keep-allocated	FFFMMFOFOFOFOFOFOFOFOFOFOFOFOFOFOFO	F:noop F:noop F:noop M:mount-err:Recovery(UnitUnreadable { slot: SlotNumber(50182) }) M:mount-err:Recovery(UnitUnreadable { slot: SlotNumber(50182) }) F:refused(not-writable) O:refused(not-writable) F:refused(not-writable) O:refused(not-writable) F:refused(not-writable) O:refused(not-writable) F:refused(not-writable) O:refused(not-writable) F:refused(not-writable) O:refused(not-writable) F:refused(not-writable) O:refused(not-writable) F:refused(not-writable) O:refused(not-writable) F:refused(not-writable) O:refused(not-writable) F:refused(not-writable) O:refused(not-writable) F:refused(not-writable) O:refused(not-writable) F:refused(not-writable) O:refused(not-writable) F:refused(not-writable) O:refused(not-writable) F:refused(not-writable) O:refused(not-writable) F:refused(not-writable) O:refused(not-writable) F:refused(not-writable) O:refused(not-writable)	mount-err:Recovery(UnitUnreadable { slot: SlotNumber(50182) })	same	-	[0, 0]	0	0	[0, 0]	0	0	0	6	-	[]	0	0
F9-bad-media-rw-forever	N1D-reread-then-mismatch-keep-allocated	FFMMMFOFOFOFOFOFOFOFOFOFOFOFOFOFOFO	F:noop F:noop M:mount-err:Recovery(UnitUnreadable { slot: SlotNumber(50182) }) M:mount-err:Recovery(UnitUnreadable { slot: SlotNumber(50182) }) M:mount-err:Recovery(UnitUnreadable { slot: SlotNumber(50182) }) F:refused(not-writable) O:refused(not-writable) F:refused(not-writable) O:refused(not-writable) F:refused(not-writable) O:refused(not-writable) F:refused(not-writable) O:refused(not-writable) F:refused(not-writable) O:refused(not-writable) F:refused(not-writable) O:refused(not-writable) F:refused(not-writable) O:refused(not-writable) F:refused(not-writable) O:refused(not-writable) F:refused(not-writable) O:refused(not-writable) F:refused(not-writable) O:refused(not-writable) F:refused(not-writable) O:refused(not-writable) F:refused(not-writable) O:refused(not-writable) F:refused(not-writable) O:refused(not-writable) F:refused(not-writable) O:refused(not-writable) F:refused(not-writable) O:refused(not-writable)	mount-err:Recovery(UnitUnreadable { slot: SlotNumber(50182) })	same	-	[0, 0]	0	0	[0, 0]	0	0	0	8	-	[]	0	0
F9-bad-media-rw-forever	N1D-reread-then-mismatch-keep-allocated	FFOFMFOFOFOFOFOFOFOFOFOFOFOFOFOFOFO	F:noop F:noop O:ok F:noop M:ok F:noop O:ok F:ok(F=3,reclaimed=1) O:ok F:ok(F=6,reclaimed=17) O:ok F:ok(F=7,reclaimed=7) O:ok F:ok(F=11,reclaimed=21) O:ok F:ok(F=14,reclaimed=16) O:ok F:ok(F=17,reclaimed=16) O:ok F:ok(F=20,reclaimed=16) O:ok F:ok(F=23,reclaimed=16) O:ok F:ok(F=26,reclaimed=16) O:ok F:ok(F=29,reclaimed=16) O:ok F:ok(F=32,reclaimed=16) O:ok F:ok(F=35,reclaimed=16) O:ok F:ok(F=38,reclaimed=16) O:ok F:ok(F=41,reclaimed=16) O:ok	ok	same	I-3.1	[0, 0]	0	0	[0, 0]	161	3211264	0	4	t1@50182:record-kept-allocated	[]	0	0
F9-bad-media-rw-forever	N1D-reread-then-mismatch-keep-allocated	FFFOMFOFOFOFOFOFOFOFOFOFOFOFOFOFOFO	F:noop F:noop F:noop O:ok M:ok F:noop O:ok F:ok(F=3,reclaimed=1) O:ok F:ok(F=6,reclaimed=17) O:ok F:ok(F=7,reclaimed=7) O:ok F:ok(F=11,reclaimed=21) O:ok F:ok(F=14,reclaimed=16) O:ok F:ok(F=17,reclaimed=16) O:ok F:ok(F=20,reclaimed=16) O:ok F:ok(F=23,reclaimed=16) O:ok F:ok(F=26,reclaimed=16) O:ok F:ok(F=29,reclaimed=16) O:ok F:ok(F=32,reclaimed=16) O:ok F:ok(F=35,reclaimed=16) O:ok F:ok(F=38,reclaimed=16) O:ok F:ok(F=41,reclaimed=16) O:ok	ok	same	I-3.1	[0, 0]	0	0	[0, 0]	161	3211264	0	4	t1@50182:record-kept-allocated	[]	0	0
F9-bad-media-rw-forever	N1D-reread-then-mismatch-keep-allocated	FFOMMFOFOFOFOFOFOFOFOFOFOFOFOFOFOFO	F:noop F:noop O:ok M:ok M:ok F:noop O:ok F:ok(F=3,reclaimed=1) O:ok F:ok(F=6,reclaimed=17) O:ok F:ok(F=7,reclaimed=7) O:ok F:ok(F=14,reclaimed=34) O:ok F:ok(F=17,reclaimed=16) O:ok F:ok(F=20,reclaimed=16) O:ok F:ok(F=23,reclaimed=16) O:ok F:ok(F=26,reclaimed=16) O:ok F:ok(F=29,reclaimed=16) O:ok F:ok(F=32,reclaimed=16) O:ok F:ok(F=35,reclaimed=16) O:ok F:ok(F=38,reclaimed=16) O:ok F:ok(F=41,reclaimed=16) O:ok F:ok(F=44,reclaimed=16) O:ok	ok	same	I-3.1	[0, 0]	0	0	[0, 0]	167	3309568	0	4	t1@50182:record-kept-allocated	[]	0	0
F9-bad-media-rw-forever	N1D-reread-then-mismatch-keep-allocated	FMFOMFOFOFOFOFOFOFOFOFOFOFOFOFOFOFO	F:noop M:mount-err:Recovery(UnitUnreadable { slot: SlotNumber(50182) }) F:refused(not-writable) O:refused(not-writable) M:mount-err:Recovery(UnitUnreadable { slot: SlotNumber(50182) }) F:refused(not-writable) O:refused(not-writable) F:refused(not-writable) O:refused(not-writable) F:refused(not-writable) O:refused(not-writable) F:refused(not-writable) O:refused(not-writable) F:refused(not-writable) O:refused(not-writable) F:refused(not-writable) O:refused(not-writable) F:refused(not-writable) O:refused(not-writable) F:refused(not-writable) O:refused(not-writable) F:refused(not-writable) O:refused(not-writable) F:refused(not-writable) O:refused(not-writable) F:refused(not-writable) O:refused(not-writable) F:refused(not-writable) O:refused(not-writable) F:refused(not-writable) O:refused(not-writable) F:refused(not-writable) O:refused(not-writable) F:refused(not-writable) O:refused(not-writable)	mount-err:Recovery(UnitUnreadable { slot: SlotNumber(50182) })	same	-	[0, 0]	0	0	[0, 0]	0	0	0	6	-	[]	0	0
F9-bad-media-rw-forever	N1D-reread-then-mismatch-keep-allocated	FMFFMFOFOFOFOFOFOFOFOFOFOFOFOFOFOFO	F:noop M:mount-err:Recovery(UnitUnreadable { slot: SlotNumber(50182) }) F:refused(not-writable) F:refused(not-writable) M:mount-err:Recovery(UnitUnreadable { slot: SlotNumber(50182) }) F:refused(not-writable) O:refused(not-writable) F:refused(not-writable) O:refused(not-writable) F:refused(not-writable) O:refused(not-writable) F:refused(not-writable) O:refused(not-writable) F:refused(not-writable) O:refused(not-writable) F:refused(not-writable) O:refused(not-writable) F:refused(not-writable) O:refused(not-writable) F:refused(not-writable) O:refused(not-writable) F:refused(not-writable) O:refused(not-writable) F:refused(not-writable) O:refused(not-writable) F:refused(not-writable) O:refused(not-writable) F:refused(not-writable) O:refused(not-writable) F:refused(not-writable) O:refused(not-writable) F:refused(not-writable) O:refused(not-writable) F:refused(not-writable) O:refused(not-writable)	mount-err:Recovery(UnitUnreadable { slot: SlotNumber(50182) })	same	-	[0, 0]	0	0	[0, 0]	0	0	0	6	-	[]	0	0
F9-bad-media-rw-forever	N1D-reread-then-mismatch-keep-allocated	FMMFMFOFOFOFOFOFOFOFOFOFOFOFOFOFOFO	F:noop M:mount-err:Recovery(UnitUnreadable { slot: SlotNumber(50182) }) M:mount-err:Recovery(UnitUnreadable { slot: SlotNumber(50182) }) F:refused(not-writable) M:mount-err:Recovery(UnitUnreadable { slot: SlotNumber(50182) }) F:refused(not-writable) O:refused(not-writable) F:refused(not-writable) O:refused(not-writable) F:refused(not-writable) O:refused(not-writable) F:refused(not-writable) O:refused(not-writable) F:refused(not-writable) O:refused(not-writable) F:refused(not-writable) O:refused(not-writable) F:refused(not-writable) O:refused(not-writable) F:refused(not-writable) O:refused(not-writable) F:refused(not-writable) O:refused(not-writable) F:refused(not-writable) O:refused(not-writable) F:refused(not-writable) O:refused(not-writable) F:refused(not-writable) O:refused(not-writable) F:refused(not-writable) O:refused(not-writable) F:refused(not-writable) O:refused(not-writable) F:refused(not-writable) O:refused(not-writable)	mount-err:Recovery(UnitUnreadable { slot: SlotNumber(50182) })	same	-	[0, 0]	0	0	[0, 0]	0	0	0	8	-	[]	0	0
F9-bad-media-rw-forever	N1D-reread-then-mismatch-keep-allocated	FMFMMFOFOFOFOFOFOFOFOFOFOFOFOFOFOFO	F:noop M:mount-err:Recovery(UnitUnreadable { slot: SlotNumber(50182) }) F:refused(not-writable) M:mount-err:Recovery(UnitUnreadable { slot: SlotNumber(50182) }) M:mount-err:Recovery(UnitUnreadable { slot: SlotNumber(50182) }) F:refused(not-writable) O:refused(not-writable) F:refused(not-writable) O:refused(not-writable) F:refused(not-writable) O:refused(not-writable) F:refused(not-writable) O:refused(not-writable) F:refused(not-writable) O:refused(not-writable) F:refused(not-writable) O:refused(not-writable) F:refused(not-writable) O:refused(not-writable) F:refused(not-writable) O:refused(not-writable) F:refused(not-writable) O:refused(not-writable) F:refused(not-writable) O:refused(not-writable) F:refused(not-writable) O:refused(not-writable) F:refused(not-writable) O:refused(not-writable) F:refused(not-writable) O:refused(not-writable) F:refused(not-writable) O:refused(not-writable) F:refused(not-writable) O:refused(not-writable)	mount-err:Recovery(UnitUnreadable { slot: SlotNumber(50182) })	same	-	[0, 0]	0	0	[0, 0]	0	0	0	8	-	[]	0	0
F9-bad-media-rw-forever	N1D-reread-then-mismatch-keep-allocated	FMMMMFOFOFOFOFOFOFOFOFOFOFOFOFOFOFO	F:noop M:mount-err:Recovery(UnitUnreadable { slot: SlotNumber(50182) }) M:mount-err:Recovery(UnitUnreadable { slot: SlotNumber(50182) }) M:mount-err:Recovery(UnitUnreadable { slot: SlotNumber(50182) }) M:mount-err:Recovery(UnitUnreadable { slot: SlotNumber(50182) }) F:refused(not-writable) O:refused(not-writable) F:refused(not-writable) O:refused(not-writable) F:refused(not-writable) O:refused(not-writable) F:refused(not-writable) O:refused(not-writable) F:refused(not-writable) O:refused(not-writable) F:refused(not-writable) O:refused(not-writable) F:refused(not-writable) O:refused(not-writable) F:refused(not-writable) O:refused(not-writable) F:refused(not-writable) O:refused(not-writable) F:refused(not-writable) O:refused(not-writable) F:refused(not-writable) O:refused(not-writable) F:refused(not-writable) O:refused(not-writable) F:refused(not-writable) O:refused(not-writable) F:refused(not-writable) O:refused(not-writable) F:refused(not-writable) O:refused(not-writable)	mount-err:Recovery(UnitUnreadable { slot: SlotNumber(50182) })	same	-	[0, 0]	0	0	[0, 0]	0	0	0	10	-	[]	0	0
F9-bad-media-rw-forever	N1D-reread-then-mismatch-keep-allocated	FFOOMFOFOFOFOFOFOFOFOFOFOFOFOFOFOFO	F:noop F:noop O:ok O:ok M:ok F:ok(F=3,reclaimed=1) O:ok F:ok(F=6,reclaimed=17) O:ok F:ok(F=7,reclaimed=7) O:ok F:ok(F=8,reclaimed=8) O:ok F:ok(F=14,reclaimed=29) O:ok F:ok(F=17,reclaimed=16) O:ok F:ok(F=20,reclaimed=16) O:ok F:ok(F=23,reclaimed=16) O:ok F:ok(F=26,reclaimed=16) O:ok F:ok(F=29,reclaimed=16) O:ok F:ok(F=32,reclaimed=16) O:ok F:ok(F=35,reclaimed=16) O:ok F:ok(F=38,reclaimed=16) O:ok F:ok(F=41,reclaimed=16) O:ok F:ok(F=44,reclaimed=16) O:ok	ok	same	I-3.1	[0, 0]	0	0	[0, 0]	171	3407872	0	4	t1@50182:record-kept-allocated	[]	0	0
F9-bad-media-rw-forever	N1D-reread-then-mismatch-keep-allocated	FMOFMFOFOFOFOFOFOFOFOFOFOFOFOFOFOFO	F:noop M:mount-err:Recovery(UnitUnreadable { slot: SlotNumber(50182) }) O:refused(not-writable) F:refused(not-writable) M:mount-err:Recovery(UnitUnreadable { slot: SlotNumber(50182) }) F:refused(not-writable) O:refused(not-writable) F:refused(not-writable) O:refused(not-writable) F:refused(not-writable) O:refused(not-writable) F:refused(not-writable) O:refused(not-writable) F:refused(not-writable) O:refused(not-writable) F:refused(not-writable) O:refused(not-writable) F:refused(not-writable) O:refused(not-writable) F:refused(not-writable) O:refused(not-writable) F:refused(not-writable) O:refused(not-writable) F:refused(not-writable) O:refused(not-writable) F:refused(not-writable) O:refused(not-writable) F:refused(not-writable) O:refused(not-writable) F:refused(not-writable) O:refused(not-writable) F:refused(not-writable) O:refused(not-writable) F:refused(not-writable) O:refused(not-writable)	mount-err:Recovery(UnitUnreadable { slot: SlotNumber(50182) })	same	-	[0, 0]	0	0	[0, 0]	0	0	0	6	-	[]	0	0
F9-bad-media-rw-forever	N1D-reread-then-mismatch-keep-allocated	FMMOMFOFOFOFOFOFOFOFOFOFOFOFOFOFOFO	F:noop M:mount-err:Recovery(UnitUnreadable { slot: SlotNumber(50182) }) M:mount-err:Recovery(UnitUnreadable { slot: SlotNumber(50182) }) O:refused(not-writable) M:mount-err:Recovery(UnitUnreadable { slot: SlotNumber(50182) }) F:refused(not-writable) O:refused(not-writable) F:refused(not-writable) O:refused(not-writable) F:refused(not-writable) O:refused(not-writable) F:refused(not-writable) O:refused(not-writable) F:refused(not-writable) O:refused(not-writable) F:refused(not-writable) O:refused(not-writable) F:refused(not-writable) O:refused(not-writable) F:refused(not-writable) O:refused(not-writable) F:refused(not-writable) O:refused(not-writable) F:refused(not-writable) O:refused(not-writable) F:refused(not-writable) O:refused(not-writable) F:refused(not-writable) O:refused(not-writable) F:refused(not-writable) O:refused(not-writable) F:refused(not-writable) O:refused(not-writable) F:refused(not-writable) O:refused(not-writable)	mount-err:Recovery(UnitUnreadable { slot: SlotNumber(50182) })	same	-	[0, 0]	0	0	[0, 0]	0	0	0	8	-	[]	0	0
F9-bad-media-rw-forever	N1D-reread-then-mismatch-keep-allocated	FMOOMFOFOFOFOFOFOFOFOFOFOFOFOFOFOFO	F:noop M:mount-err:Recovery(UnitUnreadable { slot: SlotNumber(50182) }) O:refused(not-writable) O:refused(not-writable) M:mount-err:Recovery(UnitUnreadable { slot: SlotNumber(50182) }) F:refused(not-writable) O:refused(not-writable) F:refused(not-writable) O:refused(not-writable) F:refused(not-writable) O:refused(not-writable) F:refused(not-writable) O:refused(not-writable) F:refused(not-writable) O:refused(not-writable) F:refused(not-writable) O:refused(not-writable) F:refused(not-writable) O:refused(not-writable) F:refused(not-writable) O:refused(not-writable) F:refused(not-writable) O:refused(not-writable) F:refused(not-writable) O:refused(not-writable) F:refused(not-writable) O:refused(not-writable) F:refused(not-writable) O:refused(not-writable) F:refused(not-writable) O:refused(not-writable) F:refused(not-writable) O:refused(not-writable) F:refused(not-writable) O:refused(not-writable)	mount-err:Recovery(UnitUnreadable { slot: SlotNumber(50182) })	same	-	[0, 0]	0	0	[0, 0]	0	0	0	6	-	[]	0	0
F9-bad-media-rw-forever	N1D-reread-then-mismatch-keep-allocated	FMOMMFOFOFOFOFOFOFOFOFOFOFOFOFOFOFO	F:noop M:mount-err:Recovery(UnitUnreadable { slot: SlotNumber(50182) }) O:refused(not-writable) M:mount-err:Recovery(UnitUnreadable { slot: SlotNumber(50182) }) M:mount-err:Recovery(UnitUnreadable { slot: SlotNumber(50182) }) F:refused(not-writable) O:refused(not-writable) F:refused(not-writable) O:refused(not-writable) F:refused(not-writable) O:refused(not-writable) F:refused(not-writable) O:refused(not-writable) F:refused(not-writable) O:refused(not-writable) F:refused(not-writable) O:refused(not-writable) F:refused(not-writable) O:refused(not-writable) F:refused(not-writable) O:refused(not-writable) F:refused(not-writable) O:refused(not-writable) F:refused(not-writable) O:refused(not-writable) F:refused(not-writable) O:refused(not-writable) F:refused(not-writable) O:refused(not-writable) F:refused(not-writable) O:refused(not-writable) F:refused(not-writable) O:refused(not-writable) F:refused(not-writable) O:refused(not-writable)	mount-err:Recovery(UnitUnreadable { slot: SlotNumber(50182) })	same	-	[0, 0]	0	0	[0, 0]	0	0	0	8	-	[]	0	0
F9-bad-media-rw-forever	N1D-reread-then-mismatch-keep-allocated	FOFOMFOFOFOFOFOFOFOFOFOFOFOFOFOFOFO	F:noop O:ok F:noop O:ok M:ok F:ok(F=3,reclaimed=1) O:ok F:ok(F=6,reclaimed=17) O:ok F:ok(F=7,reclaimed=7) O:ok F:ok(F=8,reclaimed=8) O:ok F:ok(F=14,reclaimed=29) O:ok F:ok(F=17,reclaimed=16) O:ok F:ok(F=20,reclaimed=16) O:ok F:ok(F=23,reclaimed=16) O:ok F:ok(F=26,reclaimed=16) O:ok F:ok(F=29,reclaimed=16) O:ok F:ok(F=32,reclaimed=16) O:ok F:ok(F=35,reclaimed=16) O:ok F:ok(F=38,reclaimed=16) O:ok F:ok(F=41,reclaimed=16) O:ok F:ok(F=44,reclaimed=16) O:ok	ok	same	I-3.1	[0, 0]	0	0	[0, 0]	171	3407872	0	4	t1@50182:record-kept-allocated	[]	0	0
F9-bad-media-rw-forever	N1D-reread-then-mismatch-keep-allocated	FOFFMFOFOFOFOFOFOFOFOFOFOFOFOFOFOFO	F:noop O:ok F:noop F:noop M:ok F:noop O:ok F:ok(F=3,reclaimed=1) O:ok F:ok(F=6,reclaimed=17) O:ok F:ok(F=7,reclaimed=7) O:ok F:ok(F=11,reclaimed=21) O:ok F:ok(F=14,reclaimed=16) O:ok F:ok(F=17,reclaimed=16) O:ok F:ok(F=20,reclaimed=16) O:ok F:ok(F=23,reclaimed=16) O:ok F:ok(F=26,reclaimed=16) O:ok F:ok(F=29,reclaimed=16) O:ok F:ok(F=32,reclaimed=16) O:ok F:ok(F=35,reclaimed=16) O:ok F:ok(F=38,reclaimed=16) O:ok F:ok(F=41,reclaimed=16) O:ok	ok	same	I-3.1	[0, 0]	0	0	[0, 0]	161	3211264	0	4	t1@50182:record-kept-allocated	[]	0	0
F9-bad-media-rw-forever	N1D-reread-then-mismatch-keep-allocated	FOFMMFOFOFOFOFOFOFOFOFOFOFOFOFOFOFO	F:noop O:ok F:noop M:ok M:ok F:noop O:ok F:ok(F=3,reclaimed=1) O:ok F:ok(F=6,reclaimed=17) O:ok F:ok(F=7,reclaimed=7) O:ok F:ok(F=14,reclaimed=34) O:ok F:ok(F=17,reclaimed=16) O:ok F:ok(F=20,reclaimed=16) O:ok F:ok(F=23,reclaimed=16) O:ok F:ok(F=26,reclaimed=16) O:ok F:ok(F=29,reclaimed=16) O:ok F:ok(F=32,reclaimed=16) O:ok F:ok(F=35,reclaimed=16) O:ok F:ok(F=38,reclaimed=16) O:ok F:ok(F=41,reclaimed=16) O:ok F:ok(F=44,reclaimed=16) O:ok	ok	same	I-3.1	[0, 0]	0	0	[0, 0]	167	3309568	0	4	t1@50182:record-kept-allocated	[]	0	0
F9-bad-media-rw-forever	N1D-reread-then-mismatch-keep-allocated	FOMFMFOFOFOFOFOFOFOFOFOFOFOFOFOFOFO	F:noop O:ok M:ok F:noop M:ok F:noop O:ok F:ok(F=3,reclaimed=1) O:ok F:ok(F=6,reclaimed=17) O:ok F:ok(F=7,reclaimed=7) O:ok F:ok(F=14,reclaimed=34) O:ok F:ok(F=17,reclaimed=16) O:ok F:ok(F=20,reclaimed=16) O:ok F:ok(F=23,reclaimed=16) O:ok F:ok(F=26,reclaimed=16) O:ok F:ok(F=29,reclaimed=16) O:ok F:ok(F=32,reclaimed=16) O:ok F:ok(F=35,reclaimed=16) O:ok F:ok(F=38,reclaimed=16) O:ok F:ok(F=41,reclaimed=16) O:ok F:ok(F=44,reclaimed=16) O:ok	ok	same	I-3.1	[0, 0]	0	0	[0, 0]	167	3309568	0	4	t1@50182:record-kept-allocated	[]	0	0
F9-bad-media-rw-forever	N1D-reread-then-mismatch-keep-allocated	FOMMMFOFOFOFOFOFOFOFOFOFOFOFOFOFOFO	F:noop O:ok M:ok M:ok M:ok F:noop O:ok F:ok(F=3,reclaimed=1) O:ok F:ok(F=6,reclaimed=17) O:ok F:ok(F=7,reclaimed=7) O:ok F:ok(F=17,reclaimed=47) O:ok F:ok(F=20,reclaimed=16) O:ok F:ok(F=23,reclaimed=16) O:ok F:ok(F=26,reclaimed=16) O:ok F:ok(F=29,reclaimed=16) O:ok F:ok(F=32,reclaimed=16) O:ok F:ok(F=35,reclaimed=16) O:ok F:ok(F=38,reclaimed=16) O:ok F:ok(F=41,reclaimed=16) O:ok F:ok(F=44,reclaimed=16) O:ok F:ok(F=47,reclaimed=16) O:ok	ok	same	I-3.1	[0, 0]	0	0	[0, 0]	173	3407872	0	4	t1@50182:record-kept-allocated	[]	0	0
F9-bad-media-rw-forever	N1D-reread-then-mismatch-keep-allocated	FOMOMFOFOFOFOFOFOFOFOFOFOFOFOFOFOFO	F:noop O:ok M:ok O:ok M:ok F:ok(F=3,reclaimed=1) O:ok F:ok(F=6,reclaimed=17) O:ok F:ok(F=7,reclaimed=7) O:ok F:ok(F=11,reclaimed=21) O:ok F:ok(F=17,reclaimed=29) O:ok F:ok(F=20,reclaimed=16) O:ok F:ok(F=23,reclaimed=16) O:ok F:ok(F=26,reclaimed=16) O:ok F:ok(F=29,reclaimed=16) O:ok F:ok(F=32,reclaimed=16) O:ok F:ok(F=35,reclaimed=16) O:ok F:ok(F=38,reclaimed=16) O:ok F:ok(F=41,reclaimed=16) O:ok F:ok(F=44,reclaimed=16) O:ok F:ok(F=47,reclaimed=16) O:ok	ok	same	I-3.1	[0, 0]	0	0	[0, 0]	177	3506176	0	4	t1@50182:record-kept-allocated	[]	0	0
F9-bad-media-rw-forever	N1D-reread-then-mismatch-keep-allocated	MFFFMFOFOFOFOFOFOFOFOFOFOFOFOFOFOFO	M:mount-err:Recovery(UnitUnreadable { slot: SlotNumber(50182) }) F:refused(not-writable) F:refused(not-writable) F:refused(not-writable) M:mount-err:Recovery(UnitUnreadable { slot: SlotNumber(50182) }) F:refused(not-writable) O:refused(not-writable) F:refused(not-writable) O:refused(not-writable) F:refused(not-writable) O:refused(not-writable) F:refused(not-writable) O:refused(not-writable) F:refused(not-writable) O:refused(not-writable) F:refused(not-writable) O:refused(not-writable) F:refused(not-writable) O:refused(not-writable) F:refused(not-writable) O:refused(not-writable) F:refused(not-writable) O:refused(not-writable) F:refused(not-writable) O:refused(not-writable) F:refused(not-writable) O:refused(not-writable) F:refused(not-writable) O:refused(not-writable) F:refused(not-writable) O:refused(not-writable) F:refused(not-writable) O:refused(not-writable) F:refused(not-writable) O:refused(not-writable)	mount-err:Recovery(UnitUnreadable { slot: SlotNumber(50182) })	same	-	[0, 0]	0	0	[0, 0]	0	0	0	6	-	[]	0	0
F9-bad-media-rw-forever	N1D-reread-then-mismatch-keep-allocated	FOOFMFOFOFOFOFOFOFOFOFOFOFOFOFOFOFO	F:noop O:ok O:ok F:ok(F=3,reclaimed=1) M:ok F:noop O:ok F:ok(F=6,reclaimed=17) O:ok F:ok(F=7,reclaimed=7) O:ok F:ok(F=8,reclaimed=8) O:ok F:ok(F=14,reclaimed=29) O:ok F:ok(F=17,reclaimed=16) O:ok F:ok(F=20,reclaimed=16) O:ok F:ok(F=23,reclaimed=16) O:ok F:ok(F=26,reclaimed=16) O:ok F:ok(F=29,reclaimed=16) O:ok F:ok(F=32,reclaimed=16) O:ok F:ok(F=35,reclaimed=16) O:ok F:ok(F=38,reclaimed=16) O:ok F:ok(F=41,reclaimed=16) O:ok F:ok(F=44,reclaimed=16) O:ok	ok	same	I-3.1	[0, 0]	0	0	[0, 0]	171	3407872	0	4	t1@50182:record-kept-allocated	[]	0	0
F9-bad-media-rw-forever	N1D-reread-then-mismatch-keep-allocated	FOOOMFOFOFOFOFOFOFOFOFOFOFOFOFOFOFO	F:noop O:ok O:ok O:ok M:ok F:ok(F=6,reclaimed=18) O:ok F:ok(F=7,reclaimed=7) O:ok F:ok(F=8,reclaimed=8) O:ok F:ok(F=9,reclaimed=8) O:ok F:ok(F=14,reclaimed=25) O:ok F:ok(F=17,reclaimed=16) O:ok F:ok(F=20,reclaimed=16) O:ok F:ok(F=23,reclaimed=16) O:ok F:ok(F=26,reclaimed=16) O:ok F:ok(F=29,reclaimed=16) O:ok F:ok(F=32,reclaimed=16) O:ok F:ok(F=35,reclaimed=16) O:ok F:ok(F=38,reclaimed=16) O:ok F:ok(F=41,reclaimed=16) O:ok F:ok(F=44,reclaimed=16) O:ok	ok	same	I-3.1	[0, 0]	0	0	[0, 0]	175	3506176	0	4	t1@50182:record-kept-allocated	[]	0	0
F9-bad-media-rw-forever	N1D-reread-then-mismatch-keep-allocated	MFFMMFOFOFOFOFOFOFOFOFOFOFOFOFOFOFO	M:mount-err:Recovery(UnitUnreadable { slot: SlotNumber(50182) }) F:refused(not-writable) F:refused(not-writable) M:mount-err:Recovery(UnitUnreadable { slot: SlotNumber(50182) }) M:mount-err:Recovery(UnitUnreadable { slot: SlotNumber(50182) }) F:refused(not-writable) O:refused(not-writable) F:refused(not-writable) O:refused(not-writable) F:refused(not-writable) O:refused(not-writable) F:refused(not-writable) O:refused(not-writable) F:refused(not-writable) O:refused(not-writable) F:refused(not-writable) O:refused(not-writable) F:refused(not-writable) O:refused(not-writable) F:refused(not-writable) O:refused(not-writable) F:refused(not-writable) O:refused(not-writable) F:refused(not-writable) O:refused(not-writable) F:refused(not-writable) O:refused(not-writable) F:refused(not-writable) O:refused(not-writable) F:refused(not-writable) O:refused(not-writable) F:refused(not-writable) O:refused(not-writable) F:refused(not-writable) O:refused(not-writable)	mount-err:Recovery(UnitUnreadable { slot: SlotNumber(50182) })	same	-	[0, 0]	0	0	[0, 0]	0	0	0	8	-	[]	0	0
F9-bad-media-rw-forever	N1D-reread-then-mismatch-keep-allocated	FOOMMFOFOFOFOFOFOFOFOFOFOFOFOFOFOFO	F:noop O:ok O:ok M:ok M:ok F:ok(F=3,reclaimed=1) O:ok F:ok(F=6,reclaimed=17) O:ok F:ok(F=7,reclaimed=7) O:ok F:ok(F=8,reclaimed=8) O:ok F:ok(F=17,reclaimed=42) O:ok F:ok(F=20,reclaimed=16) O:ok F:ok(F=23,reclaimed=16) O:ok F:ok(F=26,reclaimed=16) O:ok F:ok(F=29,reclaimed=16) O:ok F:ok(F=32,reclaimed=16) O:ok F:ok(F=35,reclaimed=16) O:ok F:ok(F=38,reclaimed=16) O:ok F:ok(F=41,reclaimed=16) O:ok F:ok(F=44,reclaimed=16) O:ok F:ok(F=47,reclaimed=16) O:ok	ok	same	I-3.1	[0, 0]	0	0	[0, 0]	177	3506176	0	4	t1@50182:record-kept-allocated	[]	0	0
F9-bad-media-rw-forever	N1D-reread-then-mismatch-keep-allocated	MFFOMFOFOFOFOFOFOFOFOFOFOFOFOFOFOFO	M:mount-err:Recovery(UnitUnreadable { slot: SlotNumber(50182) }) F:refused(not-writable) F:refused(not-writable) O:refused(not-writable) M:mount-err:Recovery(UnitUnreadable { slot: SlotNumber(50182) }) F:refused(not-writable) O:refused(not-writable) F:refused(not-writable) O:refused(not-writable) F:refused(not-writable) O:refused(not-writable) F:refused(not-writable) O:refused(not-writable) F:refused(not-writable) O:refused(not-writable) F:refused(not-writable) O:refused(not-writable) F:refused(not-writable) O:refused(not-writable) F:refused(not-writable) O:refused(not-writable) F:refused(not-writable) O:refused(not-writable) F:refused(not-writable) O:refused(not-writable) F:refused(not-writable) O:refused(not-writable) F:refused(not-writable) O:refused(not-writable) F:refused(not-writable) O:refused(not-writable) F:refused(not-writable) O:refused(not-writable) F:refused(not-writable) O:refused(not-writable)	mount-err:Recovery(UnitUnreadable { slot: SlotNumber(50182) })	same	-	[0, 0]	0	0	[0, 0]	0	0	0	6	-	[]	0	0
F9-bad-media-rw-forever	N1D-reread-then-mismatch-keep-allocated	MFOMMFOFOFOFOFOFOFOFOFOFOFOFOFOFOFO	M:mount-err:Recovery(UnitUnreadable { slot: SlotNumber(50182) }) F:refused(not-writable) O:refused(not-writable) M:mount-err:Recovery(UnitUnreadable { slot: SlotNumber(50182) }) M:mount-err:Recovery(UnitUnreadable { slot: SlotNumber(50182) }) F:refused(not-writable) O:refused(not-writable) F:refused(not-writable) O:refused(not-writable) F:refused(not-writable) O:refused(not-writable) F:refused(not-writable) O:refused(not-writable) F:refused(not-writable) O:refused(not-writable) F:refused(not-writable) O:refused(not-writable) F:refused(not-writable) O:refused(not-writable) F:refused(not-writable) O:refused(not-writable) F:refused(not-writable) O:refused(not-writable) F:refused(not-writable) O:refused(not-writable) F:refused(not-writable) O:refused(not-writable) F:refused(not-writable) O:refused(not-writable) F:refused(not-writable) O:refused(not-writable) F:refused(not-writable) O:refused(not-writable) F:refused(not-writable) O:refused(not-writable)	mount-err:Recovery(UnitUnreadable { slot: SlotNumber(50182) })	same	-	[0, 0]	0	0	[0, 0]	0	0	0	8	-	[]	0	0
F9-bad-media-rw-forever	N1D-reread-then-mismatch-keep-allocated	MFOFMFOFOFOFOFOFOFOFOFOFOFOFOFOFOFO	M:mount-err:Recovery(UnitUnreadable { slot: SlotNumber(50182) }) F:refused(not-writable) O:refused(not-writable) F:refused(not-writable) M:mount-err:Recovery(UnitUnreadable { slot: SlotNumber(50182) }) F:refused(not-writable) O:refused(not-writable) F:refused(not-writable) O:refused(not-writable) F:refused(not-writable) O:refused(not-writable) F:refused(not-writable) O:refused(not-writable) F:refused(not-writable) O:refused(not-writable) F:refused(not-writable) O:refused(not-writable) F:refused(not-writable) O:refused(not-writable) F:refused(not-writable) O:refused(not-writable) F:refused(not-writable) O:refused(not-writable) F:refused(not-writable) O:refused(not-writable) F:refused(not-writable) O:refused(not-writable) F:refused(not-writable) O:refused(not-writable) F:refused(not-writable) O:refused(not-writable) F:refused(not-writable) O:refused(not-writable) F:refused(not-writable) O:refused(not-writable)	mount-err:Recovery(UnitUnreadable { slot: SlotNumber(50182) })	same	-	[0, 0]	0	0	[0, 0]	0	0	0	6	-	[]	0	0
F9-bad-media-rw-forever	N1D-reread-then-mismatch-keep-allocated	MFOOMFOFOFOFOFOFOFOFOFOFOFOFOFOFOFO	M:mount-err:Recovery(UnitUnreadable { slot: SlotNumber(50182) }) F:refused(not-writable) O:refused(not-writable) O:refused(not-writable) M:mount-err:Recovery(UnitUnreadable { slot: SlotNumber(50182) }) F:refused(not-writable) O:refused(not-writable) F:refused(not-writable) O:refused(not-writable) F:refused(not-writable) O:refused(not-writable) F:refused(not-writable) O:refused(not-writable) F:refused(not-writable) O:refused(not-writable) F:refused(not-writable) O:refused(not-writable) F:refused(not-writable) O:refused(not-writable) F:refused(not-writable) O:refused(not-writable) F:refused(not-writable) O:refused(not-writable) F:refused(not-writable) O:refused(not-writable) F:refused(not-writable) O:refused(not-writable) F:refused(not-writable) O:refused(not-writable) F:refused(not-writable) O:refused(not-writable) F:refused(not-writable) O:refused(not-writable) F:refused(not-writable) O:refused(not-writable)	mount-err:Recovery(UnitUnreadable { slot: SlotNumber(50182) })	same	-	[0, 0]	0	0	[0, 0]	0	0	0	6	-	[]	0	0
F9-bad-media-rw-forever	N1D-reread-then-mismatch-keep-allocated	MFMFMFOFOFOFOFOFOFOFOFOFOFOFOFOFOFO	M:mount-err:Recovery(UnitUnreadable { slot: SlotNumber(50182) }) F:refused(not-writable) M:mount-err:Recovery(UnitUnreadable { slot: SlotNumber(50182) }) F:refused(not-writable) M:mount-err:Recovery(UnitUnreadable { slot: SlotNumber(50182) }) F:refused(not-writable) O:refused(not-writable) F:refused(not-writable) O:refused(not-writable) F:refused(not-writable) O:refused(not-writable) F:refused(not-writable) O:refused(not-writable) F:refused(not-writable) O:refused(not-writable) F:refused(not-writable) O:refused(not-writable) F:refused(not-writable) O:refused(not-writable) F:refused(not-writable) O:refused(not-writable) F:refused(not-writable) O:refused(not-writable) F:refused(not-writable) O:refused(not-writable) F:refused(not-writable) O:refused(not-writable) F:refused(not-writable) O:refused(not-writable) F:refused(not-writable) O:refused(not-writable) F:refused(not-writable) O:refused(not-writable) F:refused(not-writable) O:refused(not-writable)	mount-err:Recovery(UnitUnreadable { slot: SlotNumber(50182) })	same	-	[0, 0]	0	0	[0, 0]	0	0	0	8	-	[]	0	0
F9-bad-media-rw-forever	N1D-reread-then-mismatch-keep-allocated	MFMOMFOFOFOFOFOFOFOFOFOFOFOFOFOFOFO	M:mount-err:Recovery(UnitUnreadable { slot: SlotNumber(50182) }) F:refused(not-writable) M:mount-err:Recovery(UnitUnreadable { slot: SlotNumber(50182) }) O:refused(not-writable) M:mount-err:Recovery(UnitUnreadable { slot: SlotNumber(50182) }) F:refused(not-writable) O:refused(not-writable) F:refused(not-writable) O:refused(not-writable) F:refused(not-writable) O:refused(not-writable) F:refused(not-writable) O:refused(not-writable) F:refused(not-writable) O:refused(not-writable) F:refused(not-writable) O:refused(not-writable) F:refused(not-writable) O:refused(not-writable) F:refused(not-writable) O:refused(not-writable) F:refused(not-writable) O:refused(not-writable) F:refused(not-writable) O:refused(not-writable) F:refused(not-writable) O:refused(not-writable) F:refused(not-writable) O:refused(not-writable) F:refused(not-writable) O:refused(not-writable) F:refused(not-writable) O:refused(not-writable) F:refused(not-writable) O:refused(not-writable)	mount-err:Recovery(UnitUnreadable { slot: SlotNumber(50182) })	same	-	[0, 0]	0	0	[0, 0]	0	0	0	8	-	[]	0	0
F9-bad-media-rw-forever	N1D-reread-then-mismatch-keep-allocated	MFMMMFOFOFOFOFOFOFOFOFOFOFOFOFOFOFO	M:mount-err:Recovery(UnitUnreadable { slot: SlotNumber(50182) }) F:refused(not-writable) M:mount-err:Recovery(UnitUnreadable { slot: SlotNumber(50182) }) M:mount-err:Recovery(UnitUnreadable { slot: SlotNumber(50182) }) M:mount-err:Recovery(UnitUnreadable { slot: SlotNumber(50182) }) F:refused(not-writable) O:refused(not-writable) F:refused(not-writable) O:refused(not-writable) F:refused(not-writable) O:refused(not-writable) F:refused(not-writable) O:refused(not-writable) F:refused(not-writable) O:refused(not-writable) F:refused(not-writable) O:refused(not-writable) F:refused(not-writable) O:refused(not-writable) F:refused(not-writable) O:refused(not-writable) F:refused(not-writable) O:refused(not-writable) F:refused(not-writable) O:refused(not-writable) F:refused(not-writable) O:refused(not-writable) F:refused(not-writable) O:refused(not-writable) F:refused(not-writable) O:refused(not-writable) F:refused(not-writable) O:refused(not-writable) F:refused(not-writable) O:refused(not-writable)	mount-err:Recovery(UnitUnreadable { slot: SlotNumber(50182) })	same	-	[0, 0]	0	0	[0, 0]	0	0	0	10	-	[]	0	0
F9-bad-media-rw-forever	N1D-reread-then-mismatch-keep-allocated	MMFFMFOFOFOFOFOFOFOFOFOFOFOFOFOFOFO	M:mount-err:Recovery(UnitUnreadable { slot: SlotNumber(50182) }) M:mount-err:Recovery(UnitUnreadable { slot: SlotNumber(50182) }) F:refused(not-writable) F:refused(not-writable) M:mount-err:Recovery(UnitUnreadable { slot: SlotNumber(50182) }) F:refused(not-writable) O:refused(not-writable) F:refused(not-writable) O:refused(not-writable) F:refused(not-writable) O:refused(not-writable) F:refused(not-writable) O:refused(not-writable) F:refused(not-writable) O:refused(not-writable) F:refused(not-writable) O:refused(not-writable) F:refused(not-writable) O:refused(not-writable) F:refused(not-writable) O:refused(not-writable) F:refused(not-writable) O:refused(not-writable) F:refused(not-writable) O:refused(not-writable) F:refused(not-writable) O:refused(not-writable) F:refused(not-writable) O:refused(not-writable) F:refused(not-writable) O:refused(not-writable) F:refused(not-writable) O:refused(not-writable) F:refused(not-writable) O:refused(not-writable)	mount-err:Recovery(UnitUnreadable { slot: SlotNumber(50182) })	same	-	[0, 0]	0	0	[0, 0]	0	0	0	8	-	[]	0	0
F9-bad-media-rw-forever	N1D-reread-then-mismatch-keep-allocated	MMFOMFOFOFOFOFOFOFOFOFOFOFOFOFOFOFO	M:mount-err:Recovery(UnitUnreadable { slot: SlotNumber(50182) }) M:mount-err:Recovery(UnitUnreadable { slot: SlotNumber(50182) }) F:refused(not-writable) O:refused(not-writable) M:mount-err:Recovery(UnitUnreadable { slot: SlotNumber(50182) }) F:refused(not-writable) O:refused(not-writable) F:refused(not-writable) O:refused(not-writable) F:refused(not-writable) O:refused(not-writable) F:refused(not-writable) O:refused(not-writable) F:refused(not-writable) O:refused(not-writable) F:refused(not-writable) O:refused(not-writable) F:refused(not-writable) O:refused(not-writable) F:refused(not-writable) O:refused(not-writable) F:refused(not-writable) O:refused(not-writable) F:refused(not-writable) O:refused(not-writable) F:refused(not-writable) O:refused(not-writable) F:refused(not-writable) O:refused(not-writable) F:refused(not-writable) O:refused(not-writable) F:refused(not-writable) O:refused(not-writable) F:refused(not-writable) O:refused(not-writable)	mount-err:Recovery(UnitUnreadable { slot: SlotNumber(50182) })	same	-	[0, 0]	0	0	[0, 0]	0	0	0	8	-	[]	0	0
F9-bad-media-rw-forever	N1D-reread-then-mismatch-keep-allocated	MMFMMFOFOFOFOFOFOFOFOFOFOFOFOFOFOFO	M:mount-err:Recovery(UnitUnreadable { slot: SlotNumber(50182) }) M:mount-err:Recovery(UnitUnreadable { slot: SlotNumber(50182) }) F:refused(not-writable) M:mount-err:Recovery(UnitUnreadable { slot: SlotNumber(50182) }) M:mount-err:Recovery(UnitUnreadable { slot: SlotNumber(50182) }) F:refused(not-writable) O:refused(not-writable) F:refused(not-writable) O:refused(not-writable) F:refused(not-writable) O:refused(not-writable) F:refused(not-writable) O:refused(not-writable) F:refused(not-writable) O:refused(not-writable) F:refused(not-writable) O:refused(not-writable) F:refused(not-writable) O:refused(not-writable) F:refused(not-writable) O:refused(not-writable) F:refused(not-writable) O:refused(not-writable) F:refused(not-writable) O:refused(not-writable) F:refused(not-writable) O:refused(not-writable) F:refused(not-writable) O:refused(not-writable) F:refused(not-writable) O:refused(not-writable) F:refused(not-writable) O:refused(not-writable) F:refused(not-writable) O:refused(not-writable)	mount-err:Recovery(UnitUnreadable { slot: SlotNumber(50182) })	same	-	[0, 0]	0	0	[0, 0]	0	0	0	10	-	[]	0	0
F9-bad-media-rw-forever	N1D-reread-then-mismatch-keep-allocated	MMMFMFOFOFOFOFOFOFOFOFOFOFOFOFOFOFO	M:mount-err:Recovery(UnitUnreadable { slot: SlotNumber(50182) }) M:mount-err:Recovery(UnitUnreadable { slot: SlotNumber(50182) }) M:mount-err:Recovery(UnitUnreadable { slot: SlotNumber(50182) }) F:refused(not-writable) M:mount-err:Recovery(UnitUnreadable { slot: SlotNumber(50182) }) F:refused(not-writable) O:refused(not-writable) F:refused(not-writable) O:refused(not-writable) F:refused(not-writable) O:refused(not-writable) F:refused(not-writable) O:refused(not-writable) F:refused(not-writable) O:refused(not-writable) F:refused(not-writable) O:refused(not-writable) F:refused(not-writable) O:refused(not-writable) F:refused(not-writable) O:refused(not-writable) F:refused(not-writable) O:refused(not-writable) F:refused(not-writable) O:refused(not-writable) F:refused(not-writable) O:refused(not-writable) F:refused(not-writable) O:refused(not-writable) F:refused(not-writable) O:refused(not-writable) F:refused(not-writable) O:refused(not-writable) F:refused(not-writable) O:refused(not-writable)	mount-err:Recovery(UnitUnreadable { slot: SlotNumber(50182) })	same	-	[0, 0]	0	0	[0, 0]	0	0	0	10	-	[]	0	0
F9-bad-media-rw-forever	N1D-reread-then-mismatch-keep-allocated	MOFFMFOFOFOFOFOFOFOFOFOFOFOFOFOFOFO	M:mount-err:Recovery(UnitUnreadable { slot: SlotNumber(50182) }) O:refused(not-writable) F:refused(not-writable) F:refused(not-writable) M:mount-err:Recovery(UnitUnreadable { slot: SlotNumber(50182) }) F:refused(not-writable) O:refused(not-writable) F:refused(not-writable) O:refused(not-writable) F:refused(not-writable) O:refused(not-writable) F:refused(not-writable) O:refused(not-writable) F:refused(not-writable) O:refused(not-writable) F:refused(not-writable) O:refused(not-writable) F:refused(not-writable) O:refused(not-writable) F:refused(not-writable) O:refused(not-writable) F:refused(not-writable) O:refused(not-writable) F:refused(not-writable) O:refused(not-writable) F:refused(not-writable) O:refused(not-writable) F:refused(not-writable) O:refused(not-writable) F:refused(not-writable) O:refused(not-writable) F:refused(not-writable) O:refused(not-writable) F:refused(not-writable) O:refused(not-writable)	mount-err:Recovery(UnitUnreadable { slot: SlotNumber(50182) })	same	-	[0, 0]	0	0	[0, 0]	0	0	0	6	-	[]	0	0
F9-bad-media-rw-forever	N1D-reread-then-mismatch-keep-allocated	MMOFMFOFOFOFOFOFOFOFOFOFOFOFOFOFOFO	M:mount-err:Recovery(UnitUnreadable { slot: SlotNumber(50182) }) M:mount-err:Recovery(UnitUnreadable { slot: SlotNumber(50182) }) O:refused(not-writable) F:refused(not-writable) M:mount-err:Recovery(UnitUnreadable { slot: SlotNumber(50182) }) F:refused(not-writable) O:refused(not-writable) F:refused(not-writable) O:refused(not-writable) F:refused(not-writable) O:refused(not-writable) F:refused(not-writable) O:refused(not-writable) F:refused(not-writable) O:refused(not-writable) F:refused(not-writable) O:refused(not-writable) F:refused(not-writable) O:refused(not-writable) F:refused(not-writable) O:refused(not-writable) F:refused(not-writable) O:refused(not-writable) F:refused(not-writable) O:refused(not-writable) F:refused(not-writable) O:refused(not-writable) F:refused(not-writable) O:refused(not-writable) F:refused(not-writable) O:refused(not-writable) F:refused(not-writable) O:refused(not-writable) F:refused(not-writable) O:refused(not-writable)	mount-err:Recovery(UnitUnreadable { slot: SlotNumber(50182) })	same	-	[0, 0]	0	0	[0, 0]	0	0	0	8	-	[]	0	0
F9-bad-media-rw-forever	N1D-reread-then-mismatch-keep-allocated	MMOOMFOFOFOFOFOFOFOFOFOFOFOFOFOFOFO	M:mount-err:Recovery(UnitUnreadable { slot: SlotNumber(50182) }) M:mount-err:Recovery(UnitUnreadable { slot: SlotNumber(50182) }) O:refused(not-writable) O:refused(not-writable) M:mount-err:Recovery(UnitUnreadable { slot: SlotNumber(50182) }) F:refused(not-writable) O:refused(not-writable) F:refused(not-writable) O:refused(not-writable) F:refused(not-writable) O:refused(not-writable) F:refused(not-writable) O:refused(not-writable) F:refused(not-writable) O:refused(not-writable) F:refused(not-writable) O:refused(not-writable) F:refused(not-writable) O:refused(not-writable) F:refused(not-writable) O:refused(not-writable) F:refused(not-writable) O:refused(not-writable) F:refused(not-writable) O:refused(not-writable) F:refused(not-writable) O:refused(not-writable) F:refused(not-writable) O:refused(not-writable) F:refused(not-writable) O:refused(not-writable) F:refused(not-writable) O:refused(not-writable) F:refused(not-writable) O:refused(not-writable)	mount-err:Recovery(UnitUnreadable { slot: SlotNumber(50182) })	same	-	[0, 0]	0	0	[0, 0]	0	0	0	8	-	[]	0	0
F9-bad-media-rw-forever	N1D-reread-then-mismatch-keep-allocated	MMMOMFOFOFOFOFOFOFOFOFOFOFOFOFOFOFO	M:mount-err:Recovery(UnitUnreadable { slot: SlotNumber(50182) }) M:mount-err:Recovery(UnitUnreadable { slot: SlotNumber(50182) }) M:mount-err:Recovery(UnitUnreadable { slot: SlotNumber(50182) }) O:refused(not-writable) M:mount-err:Recovery(UnitUnreadable { slot: SlotNumber(50182) }) F:refused(not-writable) O:refused(not-writable) F:refused(not-writable) O:refused(not-writable) F:refused(not-writable) O:refused(not-writable) F:refused(not-writable) O:refused(not-writable) F:refused(not-writable) O:refused(not-writable) F:refused(not-writable) O:refused(not-writable) F:refused(not-writable) O:refused(not-writable) F:refused(not-writable) O:refused(not-writable) F:refused(not-writable) O:refused(not-writable) F:refused(not-writable) O:refused(not-writable) F:refused(not-writable) O:refused(not-writable) F:refused(not-writable) O:refused(not-writable) F:refused(not-writable) O:refused(not-writable) F:refused(not-writable) O:refused(not-writable) F:refused(not-writable) O:refused(not-writable)	mount-err:Recovery(UnitUnreadable { slot: SlotNumber(50182) })	same	-	[0, 0]	0	0	[0, 0]	0	0	0	10	-	[]	0	0
F9-bad-media-rw-forever	N1D-reread-then-mismatch-keep-allocated	MMOMMFOFOFOFOFOFOFOFOFOFOFOFOFOFOFO	M:mount-err:Recovery(UnitUnreadable { slot: SlotNumber(50182) }) M:mount-err:Recovery(UnitUnreadable { slot: SlotNumber(50182) }) O:refused(not-writable) M:mount-err:Recovery(UnitUnreadable { slot: SlotNumber(50182) }) M:mount-err:Recovery(UnitUnreadable { slot: SlotNumber(50182) }) F:refused(not-writable) O:refused(not-writable) F:refused(not-writable) O:refused(not-writable) F:refused(not-writable) O:refused(not-writable) F:refused(not-writable) O:refused(not-writable) F:refused(not-writable) O:refused(not-writable) F:refused(not-writable) O:refused(not-writable) F:refused(not-writable) O:refused(not-writable) F:refused(not-writable) O:refused(not-writable) F:refused(not-writable) O:refused(not-writable) F:refused(not-writable) O:refused(not-writable) F:refused(not-writable) O:refused(not-writable) F:refused(not-writable) O:refused(not-writable) F:refused(not-writable) O:refused(not-writable) F:refused(not-writable) O:refused(not-writable) F:refused(not-writable) O:refused(not-writable)	mount-err:Recovery(UnitUnreadable { slot: SlotNumber(50182) })	same	-	[0, 0]	0	0	[0, 0]	0	0	0	10	-	[]	0	0
F9-bad-media-rw-forever	N1D-reread-then-mismatch-keep-allocated	MMMMMFOFOFOFOFOFOFOFOFOFOFOFOFOFOFO	M:mount-err:Recovery(UnitUnreadable { slot: SlotNumber(50182) }) M:mount-err:Recovery(UnitUnreadable { slot: SlotNumber(50182) }) M:mount-err:Recovery(UnitUnreadable { slot: SlotNumber(50182) }) M:mount-err:Recovery(UnitUnreadable { slot: SlotNumber(50182) }) M:mount-err:Recovery(UnitUnreadable { slot: SlotNumber(50182) }) F:refused(not-writable) O:refused(not-writable) F:refused(not-writable) O:refused(not-writable) F:refused(not-writable) O:refused(not-writable) F:refused(not-writable) O:refused(not-writable) F:refused(not-writable) O:refused(not-writable) F:refused(not-writable) O:refused(not-writable) F:refused(not-writable) O:refused(not-writable) F:refused(not-writable) O:refused(not-writable) F:refused(not-writable) O:refused(not-writable) F:refused(not-writable) O:refused(not-writable) F:refused(not-writable) O:refused(not-writable) F:refused(not-writable) O:refused(not-writable) F:refused(not-writable) O:refused(not-writable) F:refused(not-writable) O:refused(not-writable) F:refused(not-writable) O:refused(not-writable)	mount-err:Recovery(UnitUnreadable { slot: SlotNumber(50182) })	same	-	[0, 0]	0	0	[0, 0]	0	0	0	12	-	[]	0	0
F9-bad-media-rw-forever	N1D-reread-then-mismatch-keep-allocated	MOFOMFOFOFOFOFOFOFOFOFOFOFOFOFOFOFO	M:mount-err:Recovery(UnitUnreadable { slot: SlotNumber(50182) }) O:refused(not-writable) F:refused(not-writable) O:refused(not-writable) M:mount-err:Recovery(UnitUnreadable { slot: SlotNumber(50182) }) F:refused(not-writable) O:refused(not-writable) F:refused(not-writable) O:refused(not-writable) F:refused(not-writable) O:refused(not-writable) F:refused(not-writable) O:refused(not-writable) F:refused(not-writable) O:refused(not-writable) F:refused(not-writable) O:refused(not-writable) F:refused(not-writable) O:refused(not-writable) F:refused(not-writable) O:refused(not-writable) F:refused(not-writable) O:refused(not-writable) F:refused(not-writable) O:refused(not-writable) F:refused(not-writable) O:refused(not-writable) F:refused(not-writable) O:refused(not-writable) F:refused(not-writable) O:refused(not-writable) F:refused(not-writable) O:refused(not-writable) F:refused(not-writable) O:refused(not-writable)	mount-err:Recovery(UnitUnreadable { slot: SlotNumber(50182) })	same	-	[0, 0]	0	0	[0, 0]	0	0	0	6	-	[]	0	0
F9-bad-media-rw-forever	N1D-reread-then-mismatch-keep-allocated	MOMFMFOFOFOFOFOFOFOFOFOFOFOFOFOFOFO	M:mount-err:Recovery(UnitUnreadable { slot: SlotNumber(50182) }) O:refused(not-writable) M:mount-err:Recovery(UnitUnreadable { slot: SlotNumber(50182) }) F:refused(not-writable) M:mount-err:Recovery(UnitUnreadable { slot: SlotNumber(50182) }) F:refused(not-writable) O:refused(not-writable) F:refused(not-writable) O:refused(not-writable) F:refused(not-writable) O:refused(not-writable) F:refused(not-writable) O:refused(not-writable) F:refused(not-writable) O:refused(not-writable) F:refused(not-writable) O:refused(not-writable) F:refused(not-writable) O:refused(not-writable) F:refused(not-writable) O:refused(not-writable) F:refused(not-writable) O:refused(not-writable) F:refused(not-writable) O:refused(not-writable) F:refused(not-writable) O:refused(not-writable) F:refused(not-writable) O:refused(not-writable) F:refused(not-writable) O:refused(not-writable) F:refused(not-writable) O:refused(not-writable) F:refused(not-writable) O:refused(not-writable)	mount-err:Recovery(UnitUnreadable { slot: SlotNumber(50182) })	same	-	[0, 0]	0	0	[0, 0]	0	0	0	8	-	[]	0	0
F9-bad-media-rw-forever	N1D-reread-then-mismatch-keep-allocated	MOFMMFOFOFOFOFOFOFOFOFOFOFOFOFOFOFO	M:mount-err:Recovery(UnitUnreadable { slot: SlotNumber(50182) }) O:refused(not-writable) F:refused(not-writable) M:mount-err:Recovery(UnitUnreadable { slot: SlotNumber(50182) }) M:mount-err:Recovery(UnitUnreadable { slot: SlotNumber(50182) }) F:refused(not-writable) O:refused(not-writable) F:refused(not-writable) O:refused(not-writable) F:refused(not-writable) O:refused(not-writable) F:refused(not-writable) O:refused(not-writable) F:refused(not-writable) O:refused(not-writable) F:refused(not-writable) O:refused(not-writable) F:refused(not-writable) O:refused(not-writable) F:refused(not-writable) O:refused(not-writable) F:refused(not-writable) O:refused(not-writable) F:refused(not-writable) O:refused(not-writable) F:refused(not-writable) O:refused(not-writable) F:refused(not-writable) O:refused(not-writable) F:refused(not-writable) O:refused(not-writable) F:refused(not-writable) O:refused(not-writable) F:refused(not-writable) O:refused(not-writable)	mount-err:Recovery(UnitUnreadable { slot: SlotNumber(50182) })	same	-	[0, 0]	0	0	[0, 0]	0	0	0	8	-	[]	0	0
F9-bad-media-rw-forever	N1D-reread-then-mismatch-keep-allocated	MOOOMFOFOFOFOFOFOFOFOFOFOFOFOFOFOFO	M:mount-err:Recovery(UnitUnreadable { slot: SlotNumber(50182) }) O:refused(not-writable) O:refused(not-writable) O:refused(not-writable) M:mount-err:Recovery(UnitUnreadable { slot: SlotNumber(50182) }) F:refused(not-writable) O:refused(not-writable) F:refused(not-writable) O:refused(not-writable) F:refused(not-writable) O:refused(not-writable) F:refused(not-writable) O:refused(not-writable) F:refused(not-writable) O:refused(not-writable) F:refused(not-writable) O:refused(not-writable) F:refused(not-writable) O:refused(not-writable) F:refused(not-writable) O:refused(not-writable) F:refused(not-writable) O:refused(not-writable) F:refused(not-writable) O:refused(not-writable) F:refused(not-writable) O:refused(not-writable) F:refused(not-writable) O:refused(not-writable) F:refused(not-writable) O:refused(not-writable) F:refused(not-writable) O:refused(not-writable) F:refused(not-writable) O:refused(not-writable)	mount-err:Recovery(UnitUnreadable { slot: SlotNumber(50182) })	same	-	[0, 0]	0	0	[0, 0]	0	0	0	6	-	[]	0	0
F9-bad-media-rw-forever	N1D-reread-then-mismatch-keep-allocated	MOOFMFOFOFOFOFOFOFOFOFOFOFOFOFOFOFO	M:mount-err:Recovery(UnitUnreadable { slot: SlotNumber(50182) }) O:refused(not-writable) O:refused(not-writable) F:refused(not-writable) M:mount-err:Recovery(UnitUnreadable { slot: SlotNumber(50182) }) F:refused(not-writable) O:refused(not-writable) F:refused(not-writable) O:refused(not-writable) F:refused(not-writable) O:refused(not-writable) F:refused(not-writable) O:refused(not-writable) F:refused(not-writable) O:refused(not-writable) F:refused(not-writable) O:refused(not-writable) F:refused(not-writable) O:refused(not-writable) F:refused(not-writable) O:refused(not-writable) F:refused(not-writable) O:refused(not-writable) F:refused(not-writable) O:refused(not-writable) F:refused(not-writable) O:refused(not-writable) F:refused(not-writable) O:refused(not-writable) F:refused(not-writable) O:refused(not-writable) F:refused(not-writable) O:refused(not-writable) F:refused(not-writable) O:refused(not-writable)	mount-err:Recovery(UnitUnreadable { slot: SlotNumber(50182) })	same	-	[0, 0]	0	0	[0, 0]	0	0	0	6	-	[]	0	0
F9-bad-media-rw-forever	N1D-reread-then-mismatch-keep-allocated	MOMOMFOFOFOFOFOFOFOFOFOFOFOFOFOFOFO	M:mount-err:Recovery(UnitUnreadable { slot: SlotNumber(50182) }) O:refused(not-writable) M:mount-err:Recovery(UnitUnreadable { slot: SlotNumber(50182) }) O:refused(not-writable) M:mount-err:Recovery(UnitUnreadable { slot: SlotNumber(50182) }) F:refused(not-writable) O:refused(not-writable) F:refused(not-writable) O:refused(not-writable) F:refused(not-writable) O:refused(not-writable) F:refused(not-writable) O:refused(not-writable) F:refused(not-writable) O:refused(not-writable) F:refused(not-writable) O:refused(not-writable) F:refused(not-writable) O:refused(not-writable) F:refused(not-writable) O:refused(not-writable) F:refused(not-writable) O:refused(not-writable) F:refused(not-writable) O:refused(not-writable) F:refused(not-writable) O:refused(not-writable) F:refused(not-writable) O:refused(not-writable) F:refused(not-writable) O:refused(not-writable) F:refused(not-writable) O:refused(not-writable) F:refused(not-writable) O:refused(not-writable)	mount-err:Recovery(UnitUnreadable { slot: SlotNumber(50182) })	same	-	[0, 0]	0	0	[0, 0]	0	0	0	8	-	[]	0	0
F9-bad-media-rw-forever	N1D-reread-then-mismatch-keep-allocated	MOMMMFOFOFOFOFOFOFOFOFOFOFOFOFOFOFO	M:mount-err:Recovery(UnitUnreadable { slot: SlotNumber(50182) }) O:refused(not-writable) M:mount-err:Recovery(UnitUnreadable { slot: SlotNumber(50182) }) M:mount-err:Recovery(UnitUnreadable { slot: SlotNumber(50182) }) M:mount-err:Recovery(UnitUnreadable { slot: SlotNumber(50182) }) F:refused(not-writable) O:refused(not-writable) F:refused(not-writable) O:refused(not-writable) F:refused(not-writable) O:refused(not-writable) F:refused(not-writable) O:refused(not-writable) F:refused(not-writable) O:refused(not-writable) F:refused(not-writable) O:refused(not-writable) F:refused(not-writable) O:refused(not-writable) F:refused(not-writable) O:refused(not-writable) F:refused(not-writable) O:refused(not-writable) F:refused(not-writable) O:refused(not-writable) F:refused(not-writable) O:refused(not-writable) F:refused(not-writable) O:refused(not-writable) F:refused(not-writable) O:refused(not-writable) F:refused(not-writable) O:refused(not-writable) F:refused(not-writable) O:refused(not-writable)	mount-err:Recovery(UnitUnreadable { slot: SlotNumber(50182) })	same	-	[0, 0]	0	0	[0, 0]	0	0	0	10	-	[]	0	0
F9-bad-media-rw-forever	N1D-reread-then-mismatch-keep-allocated	MOOMMFOFOFOFOFOFOFOFOFOFOFOFOFOFOFO	M:mount-err:Recovery(UnitUnreadable { slot: SlotNumber(50182) }) O:refused(not-writable) O:refused(not-writable) M:mount-err:Recovery(UnitUnreadable { slot: SlotNumber(50182) }) M:mount-err:Recovery(UnitUnreadable { slot: SlotNumber(50182) }) F:refused(not-writable) O:refused(not-writable) F:refused(not-writable) O:refused(not-writable) F:refused(not-writable) O:refused(not-writable) F:refused(not-writable) O:refused(not-writable) F:refused(not-writable) O:refused(not-writable) F:refused(not-writable) O:refused(not-writable) F:refused(not-writable) O:refused(not-writable) F:refused(not-writable) O:refused(not-writable) F:refused(not-writable) O:refused(not-writable) F:refused(not-writable) O:refused(not-writable) F:refused(not-writable) O:refused(not-writable) F:refused(not-writable) O:refused(not-writable) F:refused(not-writable) O:refused(not-writable) F:refused(not-writable) O:refused(not-writable) F:refused(not-writable) O:refused(not-writable)	mount-err:Recovery(UnitUnreadable { slot: SlotNumber(50182) })	same	-	[0, 0]	0	0	[0, 0]	0	0	0	8	-	[]	0	0
F9-bad-media-rw-forever	N1D-reread-then-mismatch-keep-allocated	OFFMMFOFOFOFOFOFOFOFOFOFOFOFOFOFOFO	O:ok F:noop F:noop M:ok M:ok F:noop O:ok F:ok(F=3,reclaimed=1) O:ok F:ok(F=6,reclaimed=17) O:ok F:ok(F=7,reclaimed=7) O:ok F:ok(F=14,reclaimed=34) O:ok F:ok(F=17,reclaimed=16) O:ok F:ok(F=20,reclaimed=16) O:ok F:ok(F=23,reclaimed=16) O:ok F:ok(F=26,reclaimed=16) O:ok F:ok(F=29,reclaimed=16) O:ok F:ok(F=32,reclaimed=16) O:ok F:ok(F=35,reclaimed=16) O:ok F:ok(F=38,reclaimed=16) O:ok F:ok(F=41,reclaimed=16) O:ok F:ok(F=44,reclaimed=16) O:ok	ok	same	I-3.1	[0, 0]	0	0	[0, 0]	167	3309568	0	4	t1@50182:record-kept-allocated	[]	0	0
F9-bad-media-rw-forever	N1D-reread-then-mismatch-keep-allocated	OFFOMFOFOFOFOFOFOFOFOFOFOFOFOFOFOFO	O:ok F:noop F:noop O:ok M:ok F:ok(F=3,reclaimed=1) O:ok F:ok(F=6,reclaimed=17) O:ok F:ok(F=7,reclaimed=7) O:ok F:ok(F=8,reclaimed=8) O:ok F:ok(F=14,reclaimed=29) O:ok F:ok(F=17,reclaimed=16) O:ok F:ok(F=20,reclaimed=16) O:ok F:ok(F=23,reclaimed=16) O:ok F:ok(F=26,reclaimed=16) O:ok F:ok(F=29,reclaimed=16) O:ok F:ok(F=32,reclaimed=16) O:ok F:ok(F=35,reclaimed=16) O:ok F:ok(F=38,reclaimed=16) O:ok F:ok(F=41,reclaimed=16) O:ok F:ok(F=44,reclaimed=16) O:ok	ok	same	I-3.1	[0, 0]	0	0	[0, 0]	171	3407872	0	4	t1@50182:record-kept-allocated	[]	0	0
F9-bad-media-rw-forever	N1D-reread-then-mismatch-keep-allocated	OFFFMFOFOFOFOFOFOFOFOFOFOFOFOFOFOFO	O:ok F:noop F:noop F:noop M:ok F:noop O:ok F:ok(F=3,reclaimed=1) O:ok F:ok(F=6,reclaimed=17) O:ok F:ok(F=7,reclaimed=7) O:ok F:ok(F=11,reclaimed=21) O:ok F:ok(F=14,reclaimed=16) O:ok F:ok(F=17,reclaimed=16) O:ok F:ok(F=20,reclaimed=16) O:ok F:ok(F=23,reclaimed=16) O:ok F:ok(F=26,reclaimed=16) O:ok F:ok(F=29,reclaimed=16) O:ok F:ok(F=32,reclaimed=16) O:ok F:ok(F=35,reclaimed=16) O:ok F:ok(F=38,reclaimed=16) O:ok F:ok(F=41,reclaimed=16) O:ok	ok	same	I-3.1	[0, 0]	0	0	[0, 0]	161	3211264	0	4	t1@50182:record-kept-allocated	[]	0	0
F9-bad-media-rw-forever	N1D-reread-then-mismatch-keep-allocated	OFOFMFOFOFOFOFOFOFOFOFOFOFOFOFOFOFO	O:ok F:noop O:ok F:ok(F=3,reclaimed=1) M:ok F:noop O:ok F:ok(F=6,reclaimed=17) O:ok F:ok(F=7,reclaimed=7) O:ok F:ok(F=8,reclaimed=8) O:ok F:ok(F=14,reclaimed=29) O:ok F:ok(F=17,reclaimed=16) O:ok F:ok(F=20,reclaimed=16) O:ok F:ok(F=23,reclaimed=16) O:ok F:ok(F=26,reclaimed=16) O:ok F:ok(F=29,reclaimed=16) O:ok F:ok(F=32,reclaimed=16) O:ok F:ok(F=35,reclaimed=16) O:ok F:ok(F=38,reclaimed=16) O:ok F:ok(F=41,reclaimed=16) O:ok F:ok(F=44,reclaimed=16) O:ok	ok	same	I-3.1	[0, 0]	0	0	[0, 0]	171	3407872	0	4	t1@50182:record-kept-allocated	[]	0	0
F9-bad-media-rw-forever	N1D-reread-then-mismatch-keep-allocated	OFMFMFOFOFOFOFOFOFOFOFOFOFOFOFOFOFO	O:ok F:noop M:ok F:noop M:ok F:noop O:ok F:ok(F=3,reclaimed=1) O:ok F:ok(F=6,reclaimed=17) O:ok F:ok(F=7,reclaimed=7) O:ok F:ok(F=14,reclaimed=34) O:ok F:ok(F=17,reclaimed=16) O:ok F:ok(F=20,reclaimed=16) O:ok F:ok(F=23,reclaimed=16) O:ok F:ok(F=26,reclaimed=16) O:ok F:ok(F=29,reclaimed=16) O:ok F:ok(F=32,reclaimed=16) O:ok F:ok(F=35,reclaimed=16) O:ok F:ok(F=38,reclaimed=16) O:ok F:ok(F=41,reclaimed=16) O:ok F:ok(F=44,reclaimed=16) O:ok	ok	same	I-3.1	[0, 0]	0	0	[0, 0]	167	3309568	0	4	t1@50182:record-kept-allocated	[]	0	0
F9-bad-media-rw-forever	N1D-reread-then-mismatch-keep-allocated	OFMOMFOFOFOFOFOFOFOFOFOFOFOFOFOFOFO	O:ok F:noop M:ok O:ok M:ok F:ok(F=3,reclaimed=1) O:ok F:ok(F=6,reclaimed=17) O:ok F:ok(F=7,reclaimed=7) O:ok F:ok(F=11,reclaimed=21) O:ok F:ok(F=17,reclaimed=29) O:ok F:ok(F=20,reclaimed=16) O:ok F:ok(F=23,reclaimed=16) O:ok F:ok(F=26,reclaimed=16) O:ok F:ok(F=29,reclaimed=16) O:ok F:ok(F=32,reclaimed=16) O:ok F:ok(F=35,reclaimed=16) O:ok F:ok(F=38,reclaimed=16) O:ok F:ok(F=41,reclaimed=16) O:ok F:ok(F=44,reclaimed=16) O:ok F:ok(F=47,reclaimed=16) O:ok	ok	same	I-3.1	[0, 0]	0	0	[0, 0]	177	3506176	0	4	t1@50182:record-kept-allocated	[]	0	0
F9-bad-media-rw-forever	N1D-reread-then-mismatch-keep-allocated	OFOMMFOFOFOFOFOFOFOFOFOFOFOFOFOFOFO	O:ok F:noop O:ok M:ok M:ok F:ok(F=3,reclaimed=1) O:ok F:ok(F=6,reclaimed=17) O:ok F:ok(F=7,reclaimed=7) O:ok F:ok(F=8,reclaimed=8) O:ok F:ok(F=17,reclaimed=42) O:ok F:ok(F=20,reclaimed=16) O:ok F:ok(F=23,reclaimed=16) O:ok F:ok(F=26,reclaimed=16) O:ok F:ok(F=29,reclaimed=16) O:ok F:ok(F=32,reclaimed=16) O:ok F:ok(F=35,reclaimed=16) O:ok F:ok(F=38,reclaimed=16) O:ok F:ok(F=41,reclaimed=16) O:ok F:ok(F=44,reclaimed=16) O:ok F:ok(F=47,reclaimed=16) O:ok	ok	same	I-3.1	[0, 0]	0	0	[0, 0]	177	3506176	0	4	t1@50182:record-kept-allocated	[]	0	0
F9-bad-media-rw-forever	N1D-reread-then-mismatch-keep-allocated	OFOOMFOFOFOFOFOFOFOFOFOFOFOFOFOFOFO	O:ok F:noop O:ok O:ok M:ok F:ok(F=6,reclaimed=18) O:ok F:ok(F=7,reclaimed=7) O:ok F:ok(F=8,reclaimed=8) O:ok F:ok(F=9,reclaimed=8) O:ok F:ok(F=14,reclaimed=25) O:ok F:ok(F=17,reclaimed=16) O:ok F:ok(F=20,reclaimed=16) O:ok F:ok(F=23,reclaimed=16) O:ok F:ok(F=26,reclaimed=16) O:ok F:ok(F=29,reclaimed=16) O:ok F:ok(F=32,reclaimed=16) O:ok F:ok(F=35,reclaimed=16) O:ok F:ok(F=38,reclaimed=16) O:ok F:ok(F=41,reclaimed=16) O:ok F:ok(F=44,reclaimed=16) O:ok	ok	same	I-3.1	[0, 0]	0	0	[0, 0]	175	3506176	0	4	t1@50182:record-kept-allocated	[]	0	0
F9-bad-media-rw-forever	N1D-reread-then-mismatch-keep-allocated	OMFFMFOFOFOFOFOFOFOFOFOFOFOFOFOFOFO	O:ok M:ok F:noop F:noop M:ok F:noop O:ok F:ok(F=3,reclaimed=1) O:ok F:ok(F=6,reclaimed=17) O:ok F:ok(F=7,reclaimed=7) O:ok F:ok(F=14,reclaimed=34) O:ok F:ok(F=17,reclaimed=16) O:ok F:ok(F=20,reclaimed=16) O:ok F:ok(F=23,reclaimed=16) O:ok F:ok(F=26,reclaimed=16) O:ok F:ok(F=29,reclaimed=16) O:ok F:ok(F=32,reclaimed=16) O:ok F:ok(F=35,reclaimed=16) O:ok F:ok(F=38,reclaimed=16) O:ok F:ok(F=41,reclaimed=16) O:ok F:ok(F=44,reclaimed=16) O:ok	ok	same	I-3.1	[0, 0]	0	0	[0, 0]	167	3309568	0	4	t1@50182:record-kept-allocated	[]	0	0
F9-bad-media-rw-forever	N1D-reread-then-mismatch-keep-allocated	OFMMMFOFOFOFOFOFOFOFOFOFOFOFOFOFOFO	O:ok F:noop M:ok M:ok M:ok F:noop O:ok F:ok(F=3,reclaimed=1) O:ok F:ok(F=6,reclaimed=17) O:ok F:ok(F=7,reclaimed=7) O:ok F:ok(F=17,reclaimed=47) O:ok F:ok(F=20,reclaimed=16) O:ok F:ok(F=23,reclaimed=16) O:ok F:ok(F=26,reclaimed=16) O:ok F:ok(F=29,reclaimed=16) O:ok F:ok(F=32,reclaimed=16) O:ok F:ok(F=35,reclaimed=16) O:ok F:ok(F=38,reclaimed=16) O:ok F:ok(F=41,reclaimed=16) O:ok F:ok(F=44,reclaimed=16) O:ok F:ok(F=47,reclaimed=16) O:ok	ok	same	I-3.1	[0, 0]	0	0	[0, 0]	173	3407872	0	4	t1@50182:record-kept-allocated	[]	0	0
F9-bad-media-rw-forever	N1D-reread-then-mismatch-keep-allocated	OMFMMFOFOFOFOFOFOFOFOFOFOFOFOFOFOFO	O:ok M:ok F:noop M:ok M:ok F:noop O:ok F:ok(F=3,reclaimed=1) O:ok F:ok(F=6,reclaimed=17) O:ok F:ok(F=7,reclaimed=7) O:ok F:ok(F=17,reclaimed=47) O:ok F:ok(F=20,reclaimed=16) O:ok F:ok(F=23,reclaimed=16) O:ok F:ok(F=26,reclaimed=16) O:ok F:ok(F=29,reclaimed=16) O:ok F:ok(F=32,reclaimed=16) O:ok F:ok(F=35,reclaimed=16) O:ok F:ok(F=38,reclaimed=16) O:ok F:ok(F=41,reclaimed=16) O:ok F:ok(F=44,reclaimed=16) O:ok F:ok(F=47,reclaimed=16) O:ok	ok	same	I-3.1	[0, 0]	0	0	[0, 0]	173	3407872	0	4	t1@50182:record-kept-allocated	[]	0	0
F9-bad-media-rw-forever	N1D-reread-then-mismatch-keep-allocated	OMOFMFOFOFOFOFOFOFOFOFOFOFOFOFOFOFO	O:ok M:ok O:ok F:ok(F=3,reclaimed=1) M:ok F:noop O:ok F:ok(F=6,reclaimed=17) O:ok F:ok(F=7,reclaimed=7) O:ok F:ok(F=11,reclaimed=21) O:ok F:ok(F=17,reclaimed=29) O:ok F:ok(F=20,reclaimed=16) O:ok F:ok(F=23,reclaimed=16) O:ok F:ok(F=26,reclaimed=16) O:ok F:ok(F=29,reclaimed=16) O:ok F:ok(F=32,reclaimed=16) O:ok F:ok(F=35,reclaimed=16) O:ok F:ok(F=38,reclaimed=16) O:ok F:ok(F=41,reclaimed=16) O:ok F:ok(F=44,reclaimed=16) O:ok F:ok(F=47,reclaimed=16) O:ok	ok	same	I-3.1	[0, 0]	0	0	[0, 0]	177	3506176	0	4	t1@50182:record-kept-allocated	[]	0	0
F9-bad-media-rw-forever	N1D-reread-then-mismatch-keep-allocated	OMOMMFOFOFOFOFOFOFOFOFOFOFOFOFOFOFO	O:ok M:ok O:ok M:ok M:ok F:ok(F=3,reclaimed=1) O:ok F:ok(F=6,reclaimed=17) O:ok F:ok(F=7,reclaimed=7) O:ok F:ok(F=11,reclaimed=21) O:ok F:ok(F=20,reclaimed=42) O:ok F:ok(F=23,reclaimed=16) O:ok F:ok(F=26,reclaimed=16) O:ok F:ok(F=29,reclaimed=16) O:ok F:ok(F=32,reclaimed=16) O:ok F:ok(F=35,reclaimed=16) O:ok F:ok(F=38,reclaimed=16) O:ok F:ok(F=41,reclaimed=16) O:ok F:ok(F=44,reclaimed=16) O:ok F:ok(F=47,reclaimed=16) O:ok F:ok(F=50,reclaimed=16) O:ok	ok	same	I-3.1	[0, 0]	0	0	[0, 0]	183	3604480	0	4	t1@50182:record-kept-allocated	[]	0	0
F9-bad-media-rw-forever	N1D-reread-then-mismatch-keep-allocated	OMFOMFOFOFOFOFOFOFOFOFOFOFOFOFOFOFO	O:ok M:ok F:noop O:ok M:ok F:ok(F=3,reclaimed=1) O:ok F:ok(F=6,reclaimed=17) O:ok F:ok(F=7,reclaimed=7) O:ok F:ok(F=11,reclaimed=21) O:ok F:ok(F=17,reclaimed=29) O:ok F:ok(F=20,reclaimed=16) O:ok F:ok(F=23,reclaimed=16) O:ok F:ok(F=26,reclaimed=16) O:ok F:ok(F=29,reclaimed=16) O:ok F:ok(F=32,reclaimed=16) O:ok F:ok(F=35,reclaimed=16) O:ok F:ok(F=38,reclaimed=16) O:ok F:ok(F=41,reclaimed=16) O:ok F:ok(F=44,reclaimed=16) O:ok F:ok(F=47,reclaimed=16) O:ok	ok	same	I-3.1	[0, 0]	0	0	[0, 0]	177	3506176	0	4	t1@50182:record-kept-allocated	[]	0	0
F9-bad-media-rw-forever	N1D-reread-then-mismatch-keep-allocated	OMOOMFOFOFOFOFOFOFOFOFOFOFOFOFOFOFO	O:ok M:ok O:ok O:ok M:ok F:ok(F=6,reclaimed=18) O:ok F:ok(F=7,reclaimed=7) O:ok F:ok(F=11,reclaimed=21) O:ok F:ok(F=12,reclaimed=8) O:ok F:ok(F=17,reclaimed=25) O:ok F:ok(F=20,reclaimed=16) O:ok F:ok(F=23,reclaimed=16) O:ok F:ok(F=26,reclaimed=16) O:ok F:ok(F=29,reclaimed=16) O:ok F:ok(F=32,reclaimed=16) O:ok F:ok(F=35,reclaimed=16) O:ok F:ok(F=38,reclaimed=16) O:ok F:ok(F=41,reclaimed=16) O:ok F:ok(F=44,reclaimed=16) O:ok F:ok(F=47,reclaimed=16) O:ok	ok	same	I-3.1	[0, 0]	0	0	[0, 0]	181	3604480	0	4	t1@50182:record-kept-allocated	[]	0	0
F9-bad-media-rw-forever	N1D-reread-then-mismatch-keep-allocated	OMMFMFOFOFOFOFOFOFOFOFOFOFOFOFOFOFO	O:ok M:ok M:ok F:noop M:ok F:noop O:ok F:ok(F=3,reclaimed=1) O:ok F:ok(F=6,reclaimed=17) O:ok F:ok(F=7,reclaimed=7) O:ok F:ok(F=17,reclaimed=47) O:ok F:ok(F=20,reclaimed=16) O:ok F:ok(F=23,reclaimed=16) O:ok F:ok(F=26,reclaimed=16) O:ok F:ok(F=29,reclaimed=16) O:ok F:ok(F=32,reclaimed=16) O:ok F:ok(F=35,reclaimed=16) O:ok F:ok(F=38,reclaimed=16) O:ok F:ok(F=41,reclaimed=16) O:ok F:ok(F=44,reclaimed=16) O:ok F:ok(F=47,reclaimed=16) O:ok	ok	same	I-3.1	[0, 0]	0	0	[0, 0]	173	3407872	0	4	t1@50182:record-kept-allocated	[]	0	0
F9-bad-media-rw-forever	N1D-reread-then-mismatch-keep-allocated	OMMOMFOFOFOFOFOFOFOFOFOFOFOFOFOFOFO	O:ok M:ok M:ok O:ok M:ok F:ok(F=3,reclaimed=1) O:ok F:ok(F=6,reclaimed=17) O:ok F:ok(F=7,reclaimed=7) O:ok F:ok(F=14,reclaimed=34) O:ok F:ok(F=20,reclaimed=29) O:ok F:ok(F=23,reclaimed=16) O:ok F:ok(F=26,reclaimed=16) O:ok F:ok(F=29,reclaimed=16) O:ok F:ok(F=32,reclaimed=16) O:ok F:ok(F=35,reclaimed=16) O:ok F:ok(F=38,reclaimed=16) O:ok F:ok(F=41,reclaimed=16) O:ok F:ok(F=44,reclaimed=16) O:ok F:ok(F=47,reclaimed=16) O:ok F:ok(F=50,reclaimed=16) O:ok	ok	same	I-3.1	[0, 0]	0	0	[0, 0]	183	3604480	0	4	t1@50182:record-kept-allocated	[]	0	0
F9-bad-media-rw-forever	N1D-reread-then-mismatch-keep-allocated	OMMMMFOFOFOFOFOFOFOFOFOFOFOFOFOFOFO	O:ok M:ok M:ok M:ok M:ok F:noop O:ok F:ok(F=3,reclaimed=1) O:ok F:ok(F=6,reclaimed=17) O:ok F:ok(F=7,reclaimed=7) O:ok F:ok(F=20,reclaimed=60) O:ok F:ok(F=23,reclaimed=16) O:ok F:ok(F=26,reclaimed=16) O:ok F:ok(F=29,reclaimed=16) O:ok F:ok(F=32,reclaimed=16) O:ok F:ok(F=35,reclaimed=16) O:ok F:ok(F=38,reclaimed=16) O:ok F:ok(F=41,reclaimed=16) O:ok F:ok(F=44,reclaimed=16) O:ok F:ok(F=47,reclaimed=16) O:ok F:ok(F=50,reclaimed=16) O:ok	ok	same	I-3.1	[0, 0]	0	0	[0, 0]	179	3506176	0	4	t1@50182:record-kept-allocated	[]	0	0
F9-bad-media-rw-forever	N1D-reread-then-mismatch-keep-allocated	OOFMMFOFOFOFOFOFOFOFOFOFOFOFOFOFOFO	O:ok O:ok F:ok(F=3,reclaimed=1) M:ok M:ok F:noop O:ok F:ok(F=6,reclaimed=17) O:ok F:ok(F=7,reclaimed=7) O:ok F:ok(F=8,reclaimed=8) O:ok F:ok(F=17,reclaimed=42) O:ok F:ok(F=20,reclaimed=16) O:ok F:ok(F=23,reclaimed=16) O:ok F:ok(F=26,reclaimed=16) O:ok F:ok(F=29,reclaimed=16) O:ok F:ok(F=32,reclaimed=16) O:ok F:ok(F=35,reclaimed=16) O:ok F:ok(F=38,reclaimed=16) O:ok F:ok(F=41,reclaimed=16) O:ok F:ok(F=44,reclaimed=16) O:ok F:ok(F=47,reclaimed=16) O:ok	ok	same	I-3.1	[0, 0]	0	0	[0, 0]	177	3506176	0	4	t1@50182:record-kept-allocated	[]	0	0
F9-bad-media-rw-forever	N1D-reread-then-mismatch-keep-allocated	OOFOMFOFOFOFOFOFOFOFOFOFOFOFOFOFOFO	O:ok O:ok F:ok(F=3,reclaimed=1) O:ok M:ok F:ok(F=6,reclaimed=17) O:ok F:ok(F=7,reclaimed=7) O:ok F:ok(F=8,reclaimed=8) O:ok F:ok(F=11,reclaimed=16) O:ok F:ok(F=17,reclaimed=29) O:ok F:ok(F=20,reclaimed=16) O:ok F:ok(F=23,reclaimed=16) O:ok F:ok(F=26,reclaimed=16) O:ok F:ok(F=29,reclaimed=16) O:ok F:ok(F=32,reclaimed=16) O:ok F:ok(F=35,reclaimed=16) O:ok F:ok(F=38,reclaimed=16) O:ok F:ok(F=41,reclaimed=16) O:ok F:ok(F=44,reclaimed=16) O:ok F:ok(F=47,reclaimed=16) O:ok	ok	same	I-3.1	[0, 0]	0	0	[0, 0]	181	3604480	0	4	t1@50182:record-kept-allocated	[]	0	0
F9-bad-media-rw-forever	N1D-reread-then-mismatch-keep-allocated	OOFFMFOFOFOFOFOFOFOFOFOFOFOFOFOFOFO	O:ok O:ok F:ok(F=3,reclaimed=1) F:noop M:ok F:noop O:ok F:ok(F=6,reclaimed=17) O:ok F:ok(F=7,reclaimed=7) O:ok F:ok(F=8,reclaimed=8) O:ok F:ok(F=14,reclaimed=29) O:ok F:ok(F=17,reclaimed=16) O:ok F:ok(F=20,reclaimed=16) O:ok F:ok(F=23,reclaimed=16) O:ok F:ok(F=26,reclaimed=16) O:ok F:ok(F=29,reclaimed=16) O:ok F:ok(F=32,reclaimed=16) O:ok F:ok(F=35,reclaimed=16) O:ok F:ok(F=38,reclaimed=16) O:ok F:ok(F=41,reclaimed=16) O:ok F:ok(F=44,reclaimed=16) O:ok	ok	same	I-3.1	[0, 0]	0	0	[0, 0]	171	3407872	0	4	t1@50182:record-kept-allocated	[]	0	0
F9-bad-media-rw-forever	N1D-reread-then-mismatch-keep-allocated	FFFMFOFOFOFOFOFOFOFOFOFOFOFOFOFOFO	F:noop F:noop F:noop M:mount-err:Recovery(UnitUnreadable { slot: SlotNumber(50182) }) F:refused(not-writable) O:refused(not-writable) F:refused(not-writable) O:refused(not-writable) F:refused(not-writable) O:refused(not-writable) F:refused(not-writable) O:refused(not-writable) F:refused(not-writable) O:refused(not-writable) F:refused(not-writable) O:refused(not-writable) F:refused(not-writable) O:refused(not-writable) F:refused(not-writable) O:refused(not-writable) F:refused(not-writable) O:refused(not-writable) F:refused(not-writable) O:refused(not-writable) F:refused(not-writable) O:refused(not-writable) F:refused(not-writable) O:refused(not-writable) F:refused(not-writable) O:refused(not-writable) F:refused(not-writable) O:refused(not-writable) F:refused(not-writable) O:refused(not-writable)	mount-err:Recovery(UnitUnreadable { slot: SlotNumber(50182) })	same	-	[0, 0]	0	0	[0, 0]	0	0	0	4	-	[]	0	0
F9-bad-media-rw-forever	N1D-reread-then-mismatch-keep-allocated	OOOOMFOFOFOFOFOFOFOFOFOFOFOFOFOFOFO	O:ok O:ok O:ok O:ok M:ok F:ok(F=7,reclaimed=25) O:ok F:ok(F=8,reclaimed=8) O:ok F:ok(F=9,reclaimed=8) O:ok F:ok(F=10,reclaimed=8) O:ok F:ok(F=17,reclaimed=33) O:ok F:ok(F=20,reclaimed=16) O:ok F:ok(F=23,reclaimed=16) O:ok F:ok(F=26,reclaimed=16) O:ok F:ok(F=29,reclaimed=16) O:ok F:ok(F=32,reclaimed=16) O:ok F:ok(F=35,reclaimed=16) O:ok F:ok(F=38,reclaimed=16) O:ok F:ok(F=41,reclaimed=16) O:ok F:ok(F=44,reclaimed=16) O:ok F:ok(F=47,reclaimed=16) O:ok	ok	same	I-3.1	[0, 0]	0	0	[0, 0]	185	3702784	0	4	t1@50182:record-kept-allocated	[]	0	0
F9-bad-media-rw-forever	N1D-reread-then-mismatch-keep-allocated	OOOFMFOFOFOFOFOFOFOFOFOFOFOFOFOFOFO	O:ok O:ok O:ok F:ok(F=6,reclaimed=18) M:ok F:noop O:ok F:ok(F=7,reclaimed=7) O:ok F:ok(F=8,reclaimed=8) O:ok F:ok(F=9,reclaimed=8) O:ok F:ok(F=14,reclaimed=25) O:ok F:ok(F=17,reclaimed=16) O:ok F:ok(F=20,reclaimed=16) O:ok F:ok(F=23,reclaimed=16) O:ok F:ok(F=26,reclaimed=16) O:ok F:ok(F=29,reclaimed=16) O:ok F:ok(F=32,reclaimed=16) O:ok F:ok(F=35,reclaimed=16) O:ok F:ok(F=38,reclaimed=16) O:ok F:ok(F=41,reclaimed=16) O:ok F:ok(F=44,reclaimed=16) O:ok	ok	same	I-3.1	[0, 0]	0	0	[0, 0]	175	3506176	0	4	t1@50182:record-kept-allocated	[]	0	0
F9-bad-media-rw-forever	N1D-reread-then-mismatch-keep-allocated	OOMOMFOFOFOFOFOFOFOFOFOFOFOFOFOFOFO	O:ok O:ok M:ok O:ok M:ok F:ok(F=6,reclaimed=18) O:ok F:ok(F=7,reclaimed=7) O:ok F:ok(F=8,reclaimed=8) O:ok F:ok(F=11,reclaimed=17) O:ok F:ok(F=17,reclaimed=29) O:ok F:ok(F=20,reclaimed=16) O:ok F:ok(F=23,reclaimed=16) O:ok F:ok(F=26,reclaimed=16) O:ok F:ok(F=29,reclaimed=16) O:ok F:ok(F=32,reclaimed=16) O:ok F:ok(F=35,reclaimed=16) O:ok F:ok(F=38,reclaimed=16) O:ok F:ok(F=41,reclaimed=16) O:ok F:ok(F=44,reclaimed=16) O:ok F:ok(F=47,reclaimed=16) O:ok	ok	same	I-3.1	[0, 0]	0	0	[0, 0]	181	3604480	0	4	t1@50182:record-kept-allocated	[]	0	0
F9-bad-media-rw-forever	N1D-reread-then-mismatch-keep-allocated	FFMMFOFOFOFOFOFOFOFOFOFOFOFOFOFOFO	F:noop F:noop M:mount-err:Recovery(UnitUnreadable { slot: SlotNumber(50182) }) M:mount-err:Recovery(UnitUnreadable { slot: SlotNumber(50182) }) F:refused(not-writable) O:refused(not-writable) F:refused(not-writable) O:refused(not-writable) F:refused(not-writable) O:refused(not-writable) F:refused(not-writable) O:refused(not-writable) F:refused(not-writable) O:refused(not-writable) F:refused(not-writable) O:refused(not-writable) F:refused(not-writable) O:refused(not-writable) F:refused(not-writable) O:refused(not-writable) F:refused(not-writable) O:refused(not-writable) F:refused(not-writable) O:refused(not-writable) F:refused(not-writable) O:refused(not-writable) F:refused(not-writable) O:refused(not-writable) F:refused(not-writable) O:refused(not-writable) F:refused(not-writable) O:refused(not-writable) F:refused(not-writable) O:refused(not-writable)	mount-err:Recovery(UnitUnreadable { slot: SlotNumber(50182) })	same	-	[0, 0]	0	0	[0, 0]	0	0	0	6	-	[]	0	0
F9-bad-media-rw-forever	N1D-reread-then-mismatch-keep-allocated	OOMFMFOFOFOFOFOFOFOFOFOFOFOFOFOFOFO	O:ok O:ok M:ok F:ok(F=3,reclaimed=1) M:ok F:noop O:ok F:ok(F=6,reclaimed=17) O:ok F:ok(F=7,reclaimed=7) O:ok F:ok(F=8,reclaimed=8) O:ok F:ok(F=17,reclaimed=42) O:ok F:ok(F=20,reclaimed=16) O:ok F:ok(F=23,reclaimed=16) O:ok F:ok(F=26,reclaimed=16) O:ok F:ok(F=29,reclaimed=16) O:ok F:ok(F=32,reclaimed=16) O:ok F:ok(F=35,reclaimed=16) O:ok F:ok(F=38,reclaimed=16) O:ok F:ok(F=41,reclaimed=16) O:ok F:ok(F=44,reclaimed=16) O:ok F:ok(F=47,reclaimed=16) O:ok	ok	same	I-3.1	[0, 0]	0	0	[0, 0]	177	3506176	0	4	t1@50182:record-kept-allocated	[]	0	0
F9-bad-media-rw-forever	N1D-reread-then-mismatch-keep-allocated	OOOMMFOFOFOFOFOFOFOFOFOFOFOFOFOFOFO	O:ok O:ok O:ok M:ok M:ok F:ok(F=6,reclaimed=18) O:ok F:ok(F=7,reclaimed=7) O:ok F:ok(F=8,reclaimed=8) O:ok F:ok(F=9,reclaimed=8) O:ok F:ok(F=17,reclaimed=38) O:ok F:ok(F=20,reclaimed=16) O:ok F:ok(F=23,reclaimed=16) O:ok F:ok(F=26,reclaimed=16) O:ok F:ok(F=29,reclaimed=16) O:ok F:ok(F=32,reclaimed=16) O:ok F:ok(F=35,reclaimed=16) O:ok F:ok(F=38,reclaimed=16) O:ok F:ok(F=41,reclaimed=16) O:ok F:ok(F=44,reclaimed=16) O:ok F:ok(F=47,reclaimed=16) O:ok	ok	same	I-3.1	[0, 0]	0	0	[0, 0]	181	3604480	0	4	t1@50182:record-kept-allocated	[]	0	0
F9-bad-media-rw-forever	N1D-reread-then-mismatch-keep-allocated	OOMMMFOFOFOFOFOFOFOFOFOFOFOFOFOFOFO	O:ok O:ok M:ok M:ok M:ok F:ok(F=3,reclaimed=1) O:ok F:ok(F=6,reclaimed=17) O:ok F:ok(F=7,reclaimed=7) O:ok F:ok(F=8,reclaimed=8) O:ok F:ok(F=20,reclaimed=55) O:ok F:ok(F=23,reclaimed=16) O:ok F:ok(F=26,reclaimed=16) O:ok F:ok(F=29,reclaimed=16) O:ok F:ok(F=32,reclaimed=16) O:ok F:ok(F=35,reclaimed=16) O:ok F:ok(F=38,reclaimed=16) O:ok F:ok(F=41,reclaimed=16) O:ok F:ok(F=44,reclaimed=16) O:ok F:ok(F=47,reclaimed=16) O:ok F:ok(F=50,reclaimed=16) O:ok	ok	same	I-3.1	[0, 0]	0	0	[0, 0]	183	3604480	0	4	t1@50182:record-kept-allocated	[]	0	0
F9-bad-media-rw-forever	N1D-reread-then-mismatch-keep-allocated	FFOMFOFOFOFOFOFOFOFOFOFOFOFOFOFOFO	F:noop F:noop O:ok M:ok F:noop O:ok F:ok(F=3,reclaimed=1) O:ok F:ok(F=6,reclaimed=17) O:ok F:ok(F=7,reclaimed=7) O:ok F:ok(F=11,reclaimed=21) O:ok F:ok(F=14,reclaimed=16) O:ok F:ok(F=17,reclaimed=16) O:ok F:ok(F=20,reclaimed=16) O:ok F:ok(F=23,reclaimed=16) O:ok F:ok(F=26,reclaimed=16) O:ok F:ok(F=29,reclaimed=16) O:ok F:ok(F=32,reclaimed=16) O:ok F:ok(F=35,reclaimed=16) O:ok F:ok(F=38,reclaimed=16) O:ok F:ok(F=41,reclaimed=16) O:ok	ok	same	I-3.1	[0, 0]	0	0	[0, 0]	161	3211264	0	4	t1@50182:record-kept-allocated	[]	0	0
F9-bad-media-rw-forever	N1D-reread-then-mismatch-keep-allocated	FMFMFOFOFOFOFOFOFOFOFOFOFOFOFOFOFO	F:noop M:mount-err:Recovery(UnitUnreadable { slot: SlotNumber(50182) }) F:refused(not-writable) M:mount-err:Recovery(UnitUnreadable { slot: SlotNumber(50182) }) F:refused(not-writable) O:refused(not-writable) F:refused(not-writable) O:refused(not-writable) F:refused(not-writable) O:refused(not-writable) F:refused(not-writable) O:refused(not-writable) F:refused(not-writable) O:refused(not-writable) F:refused(not-writable) O:refused(not-writable) F:refused(not-writable) O:refused(not-writable) F:refused(not-writable) O:refused(not-writable) F:refused(not-writable) O:refused(not-writable) F:refused(not-writable) O:refused(not-writable) F:refused(not-writable) O:refused(not-writable) F:refused(not-writable) O:refused(not-writable) F:refused(not-writable) O:refused(not-writable) F:refused(not-writable) O:refused(not-writable) F:refused(not-writable) O:refused(not-writable)	mount-err:Recovery(UnitUnreadable { slot: SlotNumber(50182) })	same	-	[0, 0]	0	0	[0, 0]	0	0	0	6	-	[]	0	0
F9-bad-media-rw-forever	N1D-reread-then-mismatch-keep-allocated	FMOMFOFOFOFOFOFOFOFOFOFOFOFOFOFOFO	F:noop M:mount-err:Recovery(UnitUnreadable { slot: SlotNumber(50182) }) O:refused(not-writable) M:mount-err:Recovery(UnitUnreadable { slot: SlotNumber(50182) }) F:refused(not-writable) O:refused(not-writable) F:refused(not-writable) O:refused(not-writable) F:refused(not-writable) O:refused(not-writable) F:refused(not-writable) O:refused(not-writable) F:refused(not-writable) O:refused(not-writable) F:refused(not-writable) O:refused(not-writable) F:refused(not-writable) O:refused(not-writable) F:refused(not-writable) O:refused(not-writable) F:refused(not-writable) O:refused(not-writable) F:refused(not-writable) O:refused(not-writable) F:refused(not-writable) O:refused(not-writable) F:refused(not-writable) O:refused(not-writable) F:refused(not-writable) O:refused(not-writable) F:refused(not-writable) O:refused(not-writable) F:refused(not-writable) O:refused(not-writable)	mount-err:Recovery(UnitUnreadable { slot: SlotNumber(50182) })	same	-	[0, 0]	0	0	[0, 0]	0	0	0	6	-	[]	0	0
F9-bad-media-rw-forever	N1D-reread-then-mismatch-keep-allocated	MFFMFOFOFOFOFOFOFOFOFOFOFOFOFOFOFO	M:mount-err:Recovery(UnitUnreadable { slot: SlotNumber(50182) }) F:refused(not-writable) F:refused(not-writable) M:mount-err:Recovery(UnitUnreadable { slot: SlotNumber(50182) }) F:refused(not-writable) O:refused(not-writable) F:refused(not-writable) O:refused(not-writable) F:refused(not-writable) O:refused(not-writable) F:refused(not-writable) O:refused(not-writable) F:refused(not-writable) O:refused(not-writable) F:refused(not-writable) O:refused(not-writable) F:refused(not-writable) O:refused(not-writable) F:refused(not-writable) O:refused(not-writable) F:refused(not-writable) O:refused(not-writable) F:refused(not-writable) O:refused(not-writable) F:refused(not-writable) O:refused(not-writable) F:refused(not-writable) O:refused(not-writable) F:refused(not-writable) O:refused(not-writable) F:refused(not-writable) O:refused(not-writable) F:refused(not-writable) O:refused(not-writable)	mount-err:Recovery(UnitUnreadable { slot: SlotNumber(50182) })	same	-	[0, 0]	0	0	[0, 0]	0	0	0	6	-	[]	0	0
F9-bad-media-rw-forever	N1D-reread-then-mismatch-keep-allocated	FMMMFOFOFOFOFOFOFOFOFOFOFOFOFOFOFO	F:noop M:mount-err:Recovery(UnitUnreadable { slot: SlotNumber(50182) }) M:mount-err:Recovery(UnitUnreadable { slot: SlotNumber(50182) }) M:mount-err:Recovery(UnitUnreadable { slot: SlotNumber(50182) }) F:refused(not-writable) O:refused(not-writable) F:refused(not-writable) O:refused(not-writable) F:refused(not-writable) O:refused(not-writable) F:refused(not-writable) O:refused(not-writable) F:refused(not-writable) O:refused(not-writable) F:refused(not-writable) O:refused(not-writable) F:refused(not-writable) O:refused(not-writable) F:refused(not-writable) O:refused(not-writable) F:refused(not-writable) O:refused(not-writable) F:refused(not-writable) O:refused(not-writable) F:refused(not-writable) O:refused(not-writable) F:refused(not-writable) O:refused(not-writable) F:refused(not-writable) O:refused(not-writable) F:refused(not-writable) O:refused(not-writable) F:refused(not-writable) O:refused(not-writable)	mount-err:Recovery(UnitUnreadable { slot: SlotNumber(50182) })	same	-	[0, 0]	0	0	[0, 0]	0	0	0	8	-	[]	0	0
F9-bad-media-rw-forever	N1D-reread-then-mismatch-keep-allocated	MFOMFOFOFOFOFOFOFOFOFOFOFOFOFOFOFO	M:mount-err:Recovery(UnitUnreadable { slot: SlotNumber(50182) }) F:refused(not-writable) O:refused(not-writable) M:mount-err:Recovery(UnitUnreadable { slot: SlotNumber(50182) }) F:refused(not-writable) O:refused(not-writable) F:refused(not-writable) O:refused(not-writable) F:refused(not-writable) O:refused(not-writable) F:refused(not-writable) O:refused(not-writable) F:refused(not-writable) O:refused(not-writable) F:refused(not-writable) O:refused(not-writable) F:refused(not-writable) O:refused(not-writable) F:refused(not-writable) O:refused(not-writable) F:refused(not-writable) O:refused(not-writable) F:refused(not-writable) O:refused(not-writable) F:refused(not-writable) O:refused(not-writable) F:refused(not-writable) O:refused(not-writable) F:refused(not-writable) O:refused(not-writable) F:refused(not-writable) O:refused(not-writable) F:refused(not-writable) O:refused(not-writable)	mount-err:Recovery(UnitUnreadable { slot: SlotNumber(50182) })	same	-	[0, 0]	0	0	[0, 0]	0	0	0	6	-	[]	0	0
F9-bad-media-rw-forever	N1D-reread-then-mismatch-keep-allocated	FOFMFOFOFOFOFOFOFOFOFOFOFOFOFOFOFO	F:noop O:ok F:noop M:ok F:noop O:ok F:ok(F=3,reclaimed=1) O:ok F:ok(F=6,reclaimed=17) O:ok F:ok(F=7,reclaimed=7) O:ok F:ok(F=11,reclaimed=21) O:ok F:ok(F=14,reclaimed=16) O:ok F:ok(F=17,reclaimed=16) O:ok F:ok(F=20,reclaimed=16) O:ok F:ok(F=23,reclaimed=16) O:ok F:ok(F=26,reclaimed=16) O:ok F:ok(F=29,reclaimed=16) O:ok F:ok(F=32,reclaimed=16) O:ok F:ok(F=35,reclaimed=16) O:ok F:ok(F=38,reclaimed=16) O:ok F:ok(F=41,reclaimed=16) O:ok	ok	same	I-3.1	[0, 0]	0	0	[0, 0]	161	3211264	0	4	t1@50182:record-kept-allocated	[]	0	0
F9-bad-media-rw-forever	N1D-reread-then-mismatch-keep-allocated	FOOMFOFOFOFOFOFOFOFOFOFOFOFOFOFOFO	F:noop O:ok O:ok M:ok F:ok(F=3,reclaimed=1) O:ok F:ok(F=6,reclaimed=17) O:ok F:ok(F=7,reclaimed=7) O:ok F:ok(F=8,reclaimed=8) O:ok F:ok(F=14,reclaimed=29) O:ok F:ok(F=17,reclaimed=16) O:ok F:ok(F=20,reclaimed=16) O:ok F:ok(F=23,reclaimed=16) O:ok F:ok(F=26,reclaimed=16) O:ok F:ok(F=29,reclaimed=16) O:ok F:ok(F=32,reclaimed=16) O:ok F:ok(F=35,reclaimed=16) O:ok F:ok(F=38,reclaimed=16) O:ok F:ok(F=41,reclaimed=16) O:ok F:ok(F=44,reclaimed=16) O:ok	ok	same	I-3.1	[0, 0]	0	0	[0, 0]	171	3407872	0	4	t1@50182:record-kept-allocated	[]	0	0
F9-bad-media-rw-forever	N1D-reread-then-mismatch-keep-allocated	MFMMFOFOFOFOFOFOFOFOFOFOFOFOFOFOFO	M:mount-err:Recovery(UnitUnreadable { slot: SlotNumber(50182) }) F:refused(not-writable) M:mount-err:Recovery(UnitUnreadable { slot: SlotNumber(50182) }) M:mount-err:Recovery(UnitUnreadable { slot: SlotNumber(50182) }) F:refused(not-writable) O:refused(not-writable) F:refused(not-writable) O:refused(not-writable) F:refused(not-writable) O:refused(not-writable) F:refused(not-writable) O:refused(not-writable) F:refused(not-writable) O:refused(not-writable) F:refused(not-writable) O:refused(not-writable) F:refused(not-writable) O:refused(not-writable) F:refused(not-writable) O:refused(not-writable) F:refused(not-writable) O:refused(not-writable) F:refused(not-writable) O:refused(not-writable) F:refused(not-writable) O:refused(not-writable) F:refused(not-writable) O:refused(not-writable) F:refused(not-writable) O:refused(not-writable) F:refused(not-writable) O:refused(not-writable) F:refused(not-writable) O:refused(not-writable)	mount-err:Recovery(UnitUnreadable { slot: SlotNumber(50182) })	same	-	[0, 0]	0	0	[0, 0]	0	0	0	8	-	[]	0	0
F9-bad-media-rw-forever	N1D-reread-then-mismatch-keep-allocated	FOMMFOFOFOFOFOFOFOFOFOFOFOFOFOFOFO	F:noop O:ok M:ok M:ok F:noop O:ok F:ok(F=3,reclaimed=1) O:ok F:ok(F=6,reclaimed=17) O:ok F:ok(F=7,reclaimed=7) O:ok F:ok(F=14,reclaimed=34) O:ok F:ok(F=17,reclaimed=16) O:ok F:ok(F=20,reclaimed=16) O:ok F:ok(F=23,reclaimed=16) O:ok F:ok(F=26,reclaimed=16) O:ok F:ok(F=29,reclaimed=16) O:ok F:ok(F=32,reclaimed=16) O:ok F:ok(F=35,reclaimed=16) O:ok F:ok(F=38,reclaimed=16) O:ok F:ok(F=41,reclaimed=16) O:ok F:ok(F=44,reclaimed=16) O:ok	ok	same	I-3.1	[0, 0]	0	0	[0, 0]	167	3309568	0	4	t1@50182:record-kept-allocated	[]	0	0
F9-bad-media-rw-forever	N1D-reread-then-mismatch-keep-allocated	MOFMFOFOFOFOFOFOFOFOFOFOFOFOFOFOFO	M:mount-err:Recovery(UnitUnreadable { slot: SlotNumber(50182) }) O:refused(not-writable) F:refused(not-writable) M:mount-err:Recovery(UnitUnreadable { slot: SlotNumber(50182) }) F:refused(not-writable) O:refused(not-writable) F:refused(not-writable) O:refused(not-writable) F:refused(not-writable) O:refused(not-writable) F:refused(not-writable) O:refused(not-writable) F:refused(not-writable) O:refused(not-writable) F:refused(not-writable) O:refused(not-writable) F:refused(not-writable) O:refused(not-writable) F:refused(not-writable) O:refused(not-writable) F:refused(not-writable) O:refused(not-writable) F:refused(not-writable) O:refused(not-writable) F:refused(not-writable) O:refused(not-writable) F:refused(not-writable) O:refused(not-writable) F:refused(not-writable) O:refused(not-writable) F:refused(not-writable) O:refused(not-writable) F:refused(not-writable) O:refused(not-writable)	mount-err:Recovery(UnitUnreadable { slot: SlotNumber(50182) })	same	-	[0, 0]	0	0	[0, 0]	0	0	0	6	-	[]	0	0
F9-bad-media-rw-forever	N1D-reread-then-mismatch-keep-allocated	MMFMFOFOFOFOFOFOFOFOFOFOFOFOFOFOFO	M:mount-err:Recovery(UnitUnreadable { slot: SlotNumber(50182) }) M:mount-err:Recovery(UnitUnreadable { slot: SlotNumber(50182) }) F:refused(not-writable) M:mount-err:Recovery(UnitUnreadable { slot: SlotNumber(50182) }) F:refused(not-writable) O:refused(not-writable) F:refused(not-writable) O:refused(not-writable) F:refused(not-writable) O:refused(not-writable) F:refused(not-writable) O:refused(not-writable) F:refused(not-writable) O:refused(not-writable) F:refused(not-writable) O:refused(not-writable) F:refused(not-writable) O:refused(not-writable) F:refused(not-writable) O:refused(not-writable) F:refused(not-writable) O:refused(not-writable) F:refused(not-writable) O:refused(not-writable) F:refused(not-writable) O:refused(not-writable) F:refused(not-writable) O:refused(not-writable) F:refused(not-writable) O:refused(not-writable) F:refused(not-writable) O:refused(not-writable) F:refused(not-writable) O:refused(not-writable)	mount-err:Recovery(UnitUnreadable { slot: SlotNumber(50182) })	same	-	[0, 0]	0	0	[0, 0]	0	0	0	8	-	[]	0	0
F9-bad-media-rw-forever	N1D-reread-then-mismatch-keep-allocated	MMMMFOFOFOFOFOFOFOFOFOFOFOFOFOFOFO	M:mount-err:Recovery(UnitUnreadable { slot: SlotNumber(50182) }) M:mount-err:Recovery(UnitUnreadable { slot: SlotNumber(50182) }) M:mount-err:Recovery(UnitUnreadable { slot: SlotNumber(50182) }) M:mount-err:Recovery(UnitUnreadable { slot: SlotNumber(50182) }) F:refused(not-writable) O:refused(not-writable) F:refused(not-writable) O:refused(not-writable) F:refused(not-writable) O:refused(not-writable) F:refused(not-writable) O:refused(not-writable) F:refused(not-writable) O:refused(not-writable) F:refused(not-writable) O:refused(not-writable) F:refused(not-writable) O:refused(not-writable) F:refused(not-writable) O:refused(not-writable) F:refused(not-writable) O:refused(not-writable) F:refused(not-writable) O:refused(not-writable) F:refused(not-writable) O:refused(not-writable) F:refused(not-writable) O:refused(not-writable) F:refused(not-writable) O:refused(not-writable) F:refused(not-writable) O:refused(not-writable) F:refused(not-writable) O:refused(not-writable)	mount-err:Recovery(UnitUnreadable { slot: SlotNumber(50182) })	same	-	[0, 0]	0	0	[0, 0]	0	0	0	10	-	[]	0	0
F9-bad-media-rw-forever	N1D-reread-then-mismatch-keep-allocated	MMOMFOFOFOFOFOFOFOFOFOFOFOFOFOFOFO	M:mount-err:Recovery(UnitUnreadable { slot: SlotNumber(50182) }) M:mount-err:Recovery(UnitUnreadable { slot: SlotNumber(50182) }) O:refused(not-writable) M:mount-err:Recovery(UnitUnreadable { slot: SlotNumber(50182) }) F:refused(not-writable) O:refused(not-writable) F:refused(not-writable) O:refused(not-writable) F:refused(not-writable) O:refused(not-writable) F:refused(not-writable) O:refused(not-writable) F:refused(not-writable) O:refused(not-writable) F:refused(not-writable) O:refused(not-writable) F:refused(not-writable) O:refused(not-writable) F:refused(not-writable) O:refused(not-writable) F:refused(not-writable) O:refused(not-writable) F:refused(not-writable) O:refused(not-writable) F:refused(not-writable) O:refused(not-writable) F:refused(not-writable) O:refused(not-writable) F:refused(not-writable) O:refused(not-writable) F:refused(not-writable) O:refused(not-writable) F:refused(not-writable) O:refused(not-writable)	mount-err:Recovery(UnitUnreadable { slot: SlotNumber(50182) })	same	-	[0, 0]	0	0	[0, 0]	0	0	0	8	-	[]	0	0
F9-bad-media-rw-forever	N1D-reread-then-mismatch-keep-allocated	MOOMFOFOFOFOFOFOFOFOFOFOFOFOFOFOFO	M:mount-err:Recovery(UnitUnreadable { slot: SlotNumber(50182) }) O:refused(not-writable) O:refused(not-writable) M:mount-err:Recovery(UnitUnreadable { slot: SlotNumber(50182) }) F:refused(not-writable) O:refused(not-writable) F:refused(not-writable) O:refused(not-writable) F:refused(not-writable) O:refused(not-writable) F:refused(not-writable) O:refused(not-writable) F:refused(not-writable) O:refused(not-writable) F:refused(not-writable) O:refused(not-writable) F:refused(not-writable) O:refused(not-writable) F:refused(not-writable) O:refused(not-writable) F:refused(not-writable) O:refused(not-writable) F:refused(not-writable) O:refused(not-writable) F:refused(not-writable) O:refused(not-writable) F:refused(not-writable) O:refused(not-writable) F:refused(not-writable) O:refused(not-writable) F:refused(not-writable) O:refused(not-writable) F:refused(not-writable) O:refused(not-writable)	mount-err:Recovery(UnitUnreadable { slot: SlotNumber(50182) })	same	-	[0, 0]	0	0	[0, 0]	0	0	0	6	-	[]	0	0
F9-bad-media-rw-forever	N1D-reread-then-mismatch-keep-allocated	OFFMFOFOFOFOFOFOFOFOFOFOFOFOFOFOFO	O:ok F:noop F:noop M:ok F:noop O:ok F:ok(F=3,reclaimed=1) O:ok F:ok(F=6,reclaimed=17) O:ok F:ok(F=7,reclaimed=7) O:ok F:ok(F=11,reclaimed=21) O:ok F:ok(F=14,reclaimed=16) O:ok F:ok(F=17,reclaimed=16) O:ok F:ok(F=20,reclaimed=16) O:ok F:ok(F=23,reclaimed=16) O:ok F:ok(F=26,reclaimed=16) O:ok F:ok(F=29,reclaimed=16) O:ok F:ok(F=32,reclaimed=16) O:ok F:ok(F=35,reclaimed=16) O:ok F:ok(F=38,reclaimed=16) O:ok F:ok(F=41,reclaimed=16) O:ok	ok	same	I-3.1	[0, 0]	0	0	[0, 0]	161	3211264	0	4	t1@50182:record-kept-allocated	[]	0	0
F9-bad-media-rw-forever	N1D-reread-then-mismatch-keep-allocated	MOMMFOFOFOFOFOFOFOFOFOFOFOFOFOFOFO	M:mount-err:Recovery(UnitUnreadable { slot: SlotNumber(50182) }) O:refused(not-writable) M:mount-err:Recovery(UnitUnreadable { slot: SlotNumber(50182) }) M:mount-err:Recovery(UnitUnreadable { slot: SlotNumber(50182) }) F:refused(not-writable) O:refused(not-writable) F:refused(not-writable) O:refused(not-writable) F:refused(not-writable) O:refused(not-writable) F:refused(not-writable) O:refused(not-writable) F:refused(not-writable) O:refused(not-writable) F:refused(not-writable) O:refused(not-writable) F:refused(not-writable) O:refused(not-writable) F:refused(not-writable) O:refused(not-writable) F:refused(not-writable) O:refused(not-writable) F:refused(not-writable) O:refused(not-writable) F:refused(not-writable) O:refused(not-writable) F:refused(not-writable) O:refused(not-writable) F:refused(not-writable) O:refused(not-writable) F:refused(not-writable) O:refused(not-writable) F:refused(not-writable) O:refused(not-writable)	mount-err:Recovery(UnitUnreadable { slot: SlotNumber(50182) })	same	-	[0, 0]	0	0	[0, 0]	0	0	0	8	-	[]	0	0
F9-bad-media-rw-forever	N1D-reread-then-mismatch-keep-allocated	OFMMFOFOFOFOFOFOFOFOFOFOFOFOFOFOFO	O:ok F:noop M:ok M:ok F:noop O:ok F:ok(F=3,reclaimed=1) O:ok F:ok(F=6,reclaimed=17) O:ok F:ok(F=7,reclaimed=7) O:ok F:ok(F=14,reclaimed=34) O:ok F:ok(F=17,reclaimed=16) O:ok F:ok(F=20,reclaimed=16) O:ok F:ok(F=23,reclaimed=16) O:ok F:ok(F=26,reclaimed=16) O:ok F:ok(F=29,reclaimed=16) O:ok F:ok(F=32,reclaimed=16) O:ok F:ok(F=35,reclaimed=16) O:ok F:ok(F=38,reclaimed=16) O:ok F:ok(F=41,reclaimed=16) O:ok F:ok(F=44,reclaimed=16) O:ok	ok	same	I-3.1	[0, 0]	0	0	[0, 0]	167	3309568	0	4	t1@50182:record-kept-allocated	[]	0	0
F9-bad-media-rw-forever	N1D-reread-then-mismatch-keep-allocated	OFOMFOFOFOFOFOFOFOFOFOFOFOFOFOFOFO	O:ok F:noop O:ok M:ok F:ok(F=3,reclaimed=1) O:ok F:ok(F=6,reclaimed=17) O:ok F:ok(F=7,reclaimed=7) O:ok F:ok(F=8,reclaimed=8) O:ok F:ok(F=14,reclaimed=29) O:ok F:ok(F=17,reclaimed=16) O:ok F:ok(F=20,reclaimed=16) O:ok F:ok(F=23,reclaimed=16) O:ok F:ok(F=26,reclaimed=16) O:ok F:ok(F=29,reclaimed=16) O:ok F:ok(F=32,reclaimed=16) O:ok F:ok(F=35,reclaimed=16) O:ok F:ok(F=38,reclaimed=16) O:ok F:ok(F=41,reclaimed=16) O:ok F:ok(F=44,reclaimed=16) O:ok	ok	same	I-3.1	[0, 0]	0	0	[0, 0]	171	3407872	0	4	t1@50182:record-kept-allocated	[]	0	0
F9-bad-media-rw-forever	N1D-reread-then-mismatch-keep-allocated	OOMMFOFOFOFOFOFOFOFOFOFOFOFOFOFOFO	O:ok O:ok M:ok M:ok F:ok(F=3,reclaimed=1) O:ok F:ok(F=6,reclaimed=17) O:ok F:ok(F=7,reclaimed=7) O:ok F:ok(F=8,reclaimed=8) O:ok F:ok(F=17,reclaimed=42) O:ok F:ok(F=20,reclaimed=16) O:ok F:ok(F=23,reclaimed=16) O:ok F:ok(F=26,reclaimed=16) O:ok F:ok(F=29,reclaimed=16) O:ok F:ok(F=32,reclaimed=16) O:ok F:ok(F=35,reclaimed=16) O:ok F:ok(F=38,reclaimed=16) O:ok F:ok(F=41,reclaimed=16) O:ok F:ok(F=44,reclaimed=16) O:ok F:ok(F=47,reclaimed=16) O:ok	ok	same	I-3.1	[0, 0]	0	0	[0, 0]	177	3506176	0	4	t1@50182:record-kept-allocated	[]	0	0
F9-bad-media-rw-forever	N1D-reread-then-mismatch-keep-allocated	FMMFOFOFOFOFOFOFOFOFOFOFOFOFOFOFO	F:noop M:mount-err:Recovery(UnitUnreadable { slot: SlotNumber(50182) }) M:mount-err:Recovery(UnitUnreadable { slot: SlotNumber(50182) }) F:refused(not-writable) O:refused(not-writable) F:refused(not-writable) O:refused(not-writable) F:refused(not-writable) O:refused(not-writable) F:refused(not-writable) O:refused(not-writable) F:refused(not-writable) O:refused(not-writable) F:refused(not-writable) O:refused(not-writable) F:refused(not-writable) O:refused(not-writable) F:refused(not-writable) O:refused(not-writable) F:refused(not-writable) O:refused(not-writable) F:refused(not-writable) O:refused(not-writable) F:refused(not-writable) O:refused(not-writable) F:refused(not-writable) O:refused(not-writable) F:refused(not-writable) O:refused(not-writable) F:refused(not-writable) O:refused(not-writable) F:refused(not-writable) O:refused(not-writable)	mount-err:Recovery(UnitUnreadable { slot: SlotNumber(50182) })	same	-	[0, 0]	0	0	[0, 0]	0	0	0	6	-	[]	0	0
F9-bad-media-rw-forever	N1D-reread-then-mismatch-keep-allocated	OMFMFOFOFOFOFOFOFOFOFOFOFOFOFOFOFO	O:ok M:ok F:noop M:ok F:noop O:ok F:ok(F=3,reclaimed=1) O:ok F:ok(F=6,reclaimed=17) O:ok F:ok(F=7,reclaimed=7) O:ok F:ok(F=14,reclaimed=34) O:ok F:ok(F=17,reclaimed=16) O:ok F:ok(F=20,reclaimed=16) O:ok F:ok(F=23,reclaimed=16) O:ok F:ok(F=26,reclaimed=16) O:ok F:ok(F=29,reclaimed=16) O:ok F:ok(F=32,reclaimed=16) O:ok F:ok(F=35,reclaimed=16) O:ok F:ok(F=38,reclaimed=16) O:ok F:ok(F=41,reclaimed=16) O:ok F:ok(F=44,reclaimed=16) O:ok	ok	same	I-3.1	[0, 0]	0	0	[0, 0]	167	3309568	0	4	t1@50182:record-kept-allocated	[]	0	0
F9-bad-media-rw-forever	N1D-reread-then-mismatch-keep-allocated	FFMFOFOFOFOFOFOFOFOFOFOFOFOFOFOFO	F:noop F:noop M:mount-err:Recovery(UnitUnreadable { slot: SlotNumber(50182) }) F:refused(not-writable) O:refused(not-writable) F:refused(not-writable) O:refused(not-writable) F:refused(not-writable) O:refused(not-writable) F:refused(not-writable) O:refused(not-writable) F:refused(not-writable) O:refused(not-writable) F:refused(not-writable) O:refused(not-writable) F:refused(not-writable) O:refused(not-writable) F:refused(not-writable) O:refused(not-writable) F:refused(not-writable) O:refused(not-writable) F:refused(not-writable) O:refused(not-writable) F:refused(not-writable) O:refused(not-writable) F:refused(not-writable) O:refused(not-writable) F:refused(not-writable) O:refused(not-writable) F:refused(not-writable) O:refused(not-writable) F:refused(not-writable) O:refused(not-writable)	mount-err:Recovery(UnitUnreadable { slot: SlotNumber(50182) })	same	-	[0, 0]	0	0	[0, 0]	0	0	0	4	-	[]	0	0
F9-bad-media-rw-forever	N1D-reread-then-mismatch-keep-allocated	OOFMFOFOFOFOFOFOFOFOFOFOFOFOFOFOFO	O:ok O:ok F:ok(F=3,reclaimed=1) M:ok F:noop O:ok F:ok(F=6,reclaimed=17) O:ok F:ok(F=7,reclaimed=7) O:ok F:ok(F=8,reclaimed=8) O:ok F:ok(F=14,reclaimed=29) O:ok F:ok(F=17,reclaimed=16) O:ok F:ok(F=20,reclaimed=16) O:ok F:ok(F=23,reclaimed=16) O:ok F:ok(F=26,reclaimed=16) O:ok F:ok(F=29,reclaimed=16) O:ok F:ok(F=32,reclaimed=16) O:ok F:ok(F=35,reclaimed=16) O:ok F:ok(F=38,reclaimed=16) O:ok F:ok(F=41,reclaimed=16) O:ok F:ok(F=44,reclaimed=16) O:ok	ok	same	I-3.1	[0, 0]	0	0	[0, 0]	171	3407872	0	4	t1@50182:record-kept-allocated	[]	0	0
F9-bad-media-rw-forever	N1D-reread-then-mismatch-keep-allocated	OOOMFOFOFOFOFOFOFOFOFOFOFOFOFOFOFO	O:ok O:ok O:ok M:ok F:ok(F=6,reclaimed=18) O:ok F:ok(F=7,reclaimed=7) O:ok F:ok(F=8,reclaimed=8) O:ok F:ok(F=9,reclaimed=8) O:ok F:ok(F=14,reclaimed=25) O:ok F:ok(F=17,reclaimed=16) O:ok F:ok(F=20,reclaimed=16) O:ok F:ok(F=23,reclaimed=16) O:ok F:ok(F=26,reclaimed=16) O:ok F:ok(F=29,reclaimed=16) O:ok F:ok(F=32,reclaimed=16) O:ok F:ok(F=35,reclaimed=16) O:ok F:ok(F=38,reclaimed=16) O:ok F:ok(F=41,reclaimed=16) O:ok F:ok(F=44,reclaimed=16) O:ok	ok	same	I-3.1	[0, 0]	0	0	[0, 0]	175	3506176	0	4	t1@50182:record-kept-allocated	[]	0	0
F9-bad-media-rw-forever	N1D-reread-then-mismatch-keep-allocated	OMOMFOFOFOFOFOFOFOFOFOFOFOFOFOFOFO	O:ok M:ok O:ok M:ok F:ok(F=3,reclaimed=1) O:ok F:ok(F=6,reclaimed=17) O:ok F:ok(F=7,reclaimed=7) O:ok F:ok(F=11,reclaimed=21) O:ok F:ok(F=17,reclaimed=29) O:ok F:ok(F=20,reclaimed=16) O:ok F:ok(F=23,reclaimed=16) O:ok F:ok(F=26,reclaimed=16) O:ok F:ok(F=29,reclaimed=16) O:ok F:ok(F=32,reclaimed=16) O:ok F:ok(F=35,reclaimed=16) O:ok F:ok(F=38,reclaimed=16) O:ok F:ok(F=41,reclaimed=16) O:ok F:ok(F=44,reclaimed=16) O:ok F:ok(F=47,reclaimed=16) O:ok	ok	same	I-3.1	[0, 0]	0	0	[0, 0]	177	3506176	0	4	t1@50182:record-kept-allocated	[]	0	0
F9-bad-media-rw-forever	N1D-reread-then-mismatch-keep-allocated	OMMMFOFOFOFOFOFOFOFOFOFOFOFOFOFOFO	O:ok M:ok M:ok M:ok F:noop O:ok F:ok(F=3,reclaimed=1) O:ok F:ok(F=6,reclaimed=17) O:ok F:ok(F=7,reclaimed=7) O:ok F:ok(F=17,reclaimed=47) O:ok F:ok(F=20,reclaimed=16) O:ok F:ok(F=23,reclaimed=16) O:ok F:ok(F=26,reclaimed=16) O:ok F:ok(F=29,reclaimed=16) O:ok F:ok(F=32,reclaimed=16) O:ok F:ok(F=35,reclaimed=16) O:ok F:ok(F=38,reclaimed=16) O:ok F:ok(F=41,reclaimed=16) O:ok F:ok(F=44,reclaimed=16) O:ok F:ok(F=47,reclaimed=16) O:ok	ok	same	I-3.1	[0, 0]	0	0	[0, 0]	173	3407872	0	4	t1@50182:record-kept-allocated	[]	0	0
F9-bad-media-rw-forever	N1D-reread-then-mismatch-keep-allocated	MFMFOFOFOFOFOFOFOFOFOFOFOFOFOFOFO	M:mount-err:Recovery(UnitUnreadable { slot: SlotNumber(50182) }) F:refused(not-writable) M:mount-err:Recovery(UnitUnreadable { slot: SlotNumber(50182) }) F:refused(not-writable) O:refused(not-writable) F:refused(not-writable) O:refused(not-writable) F:refused(not-writable) O:refused(not-writable) F:refused(not-writable) O:refused(not-writable) F:refused(not-writable) O:refused(not-writable) F:refused(not-writable) O:refused(not-writable) F:refused(not-writable) O:refused(not-writable) F:refused(not-writable) O:refused(not-writable) F:refused(not-writable) O:refused(not-writable) F:refused(not-writable) O:refused(not-writable) F:refused(not-writable) O:refused(not-writable) F:refused(not-writable) O:refused(not-writable) F:refused(not-writable) O:refused(not-writable) F:refused(not-writable) O:refused(not-writable) F:refused(not-writable) O:refused(not-writable)	mount-err:Recovery(UnitUnreadable { slot: SlotNumber(50182) })	same	-	[0, 0]	0	0	[0, 0]	0	0	0	6	-	[]	0	0
F9-bad-media-rw-forever	N1D-reread-then-mismatch-keep-allocated	FOMFOFOFOFOFOFOFOFOFOFOFOFOFOFOFO	F:noop O:ok M:ok F:noop O:ok F:ok(F=3,reclaimed=1) O:ok F:ok(F=6,reclaimed=17) O:ok F:ok(F=7,reclaimed=7) O:ok F:ok(F=11,reclaimed=21) O:ok F:ok(F=14,reclaimed=16) O:ok F:ok(F=17,reclaimed=16) O:ok F:ok(F=20,reclaimed=16) O:ok F:ok(F=23,reclaimed=16) O:ok F:ok(F=26,reclaimed=16) O:ok F:ok(F=29,reclaimed=16) O:ok F:ok(F=32,reclaimed=16) O:ok F:ok(F=35,reclaimed=16) O:ok F:ok(F=38,reclaimed=16) O:ok F:ok(F=41,reclaimed=16) O:ok	ok	same	I-3.1	[0, 0]	0	0	[0, 0]	161	3211264	0	4	t1@50182:record-kept-allocated	[]	0	0
F9-bad-media-rw-forever	N1D-reread-then-mismatch-keep-allocated	MOMFOFOFOFOFOFOFOFOFOFOFOFOFOFOFO	M:mount-err:Recovery(UnitUnreadable { slot: SlotNumber(50182) }) O:refused(not-writable) M:mount-err:Recovery(UnitUnreadable { slot: SlotNumber(50182) }) F:refused(not-writable) O:refused(not-writable) F:refused(not-writable) O:refused(not-writable) F:refused(not-writable) O:refused(not-writable) F:refused(not-writable) O:refused(not-writable) F:refused(not-writable) O:refused(not-writable) F:refused(not-writable) O:refused(not-writable) F:refused(not-writable) O:refused(not-writable) F:refused(not-writable) O:refused(not-writable) F:refused(not-writable) O:refused(not-writable) F:refused(not-writable) O:refused(not-writable) F:refused(not-writable) O:refused(not-writable) F:refused(not-writable) O:refused(not-writable) F:refused(not-writable) O:refused(not-writable) F:refused(not-writable) O:refused(not-writable) F:refused(not-writable) O:refused(not-writable)	mount-err:Recovery(UnitUnreadable { slot: SlotNumber(50182) })	same	-	[0, 0]	0	0	[0, 0]	0	0	0	6	-	[]	0	0
F9-bad-media-rw-forever	N1D-reread-then-mismatch-keep-allocated	FMFOFOFOFOFOFOFOFOFOFOFOFOFOFOFO	F:noop M:mount-err:Recovery(UnitUnreadable { slot: SlotNumber(50182) }) F:refused(not-writable) O:refused(not-writable) F:refused(not-writable) O:refused(not-writable) F:refused(not-writable) O:refused(not-writable) F:refused(not-writable) O:refused(not-writable) F:refused(not-writable) O:refused(not-writable) F:refused(not-writable) O:refused(not-writable) F:refused(not-writable) O:refused(not-writable) F:refused(not-writable) O:refused(not-writable) F:refused(not-writable) O:refused(not-writable) F:refused(not-writable) O:refused(not-writable) F:refused(not-writable) O:refused(not-writable) F:refused(not-writable) O:refused(not-writable) F:refused(not-writable) O:refused(not-writable) F:refused(not-writable) O:refused(not-writable) F:refused(not-writable) O:refused(not-writable)	mount-err:Recovery(UnitUnreadable { slot: SlotNumber(50182) })	same	-	[0, 0]	0	0	[0, 0]	0	0	0	4	-	[]	0	0
F9-bad-media-rw-forever	N1D-reread-then-mismatch-keep-allocated	MMMFOFOFOFOFOFOFOFOFOFOFOFOFOFOFO	M:mount-err:Recovery(UnitUnreadable { slot: SlotNumber(50182) }) M:mount-err:Recovery(UnitUnreadable { slot: SlotNumber(50182) }) M:mount-err:Recovery(UnitUnreadable { slot: SlotNumber(50182) }) F:refused(not-writable) O:refused(not-writable) F:refused(not-writable) O:refused(not-writable) F:refused(not-writable) O:refused(not-writable) F:refused(not-writable) O:refused(not-writable) F:refused(not-writable) O:refused(not-writable) F:refused(not-writable) O:refused(not-writable) F:refused(not-writable) O:refused(not-writable) F:refused(not-writable) O:refused(not-writable) F:refused(not-writable) O:refused(not-writable) F:refused(not-writable) O:refused(not-writable) F:refused(not-writable) O:refused(not-writable) F:refused(not-writable) O:refused(not-writable) F:refused(not-writable) O:refused(not-writable) F:refused(not-writable) O:refused(not-writable) F:refused(not-writable) O:refused(not-writable)	mount-err:Recovery(UnitUnreadable { slot: SlotNumber(50182) })	same	-	[0, 0]	0	0	[0, 0]	0	0	0	8	-	[]	0	0
F9-bad-media-rw-forever	N1D-reread-then-mismatch-keep-allocated	MMFOFOFOFOFOFOFOFOFOFOFOFOFOFOFO	M:mount-err:Recovery(UnitUnreadable { slot: SlotNumber(50182) }) M:mount-err:Recovery(UnitUnreadable { slot: SlotNumber(50182) }) F:refused(not-writable) O:refused(not-writable) F:refused(not-writable) O:refused(not-writable) F:refused(not-writable) O:refused(not-writable) F:refused(not-writable) O:refused(not-writable) F:refused(not-writable) O:refused(not-writable) F:refused(not-writable) O:refused(not-writable) F:refused(not-writable) O:refused(not-writable) F:refused(not-writable) O:refused(not-writable) F:refused(not-writable) O:refused(not-writable) F:refused(not-writable) O:refused(not-writable) F:refused(not-writable) O:refused(not-writable) F:refused(not-writable) O:refused(not-writable) F:refused(not-writable) O:refused(not-writable) F:refused(not-writable) O:refused(not-writable) F:refused(not-writable) O:refused(not-writable)	mount-err:Recovery(UnitUnreadable { slot: SlotNumber(50182) })	same	-	[0, 0]	0	0	[0, 0]	0	0	0	6	-	[]	0	0
F9-bad-media-rw-forever	N1D-reread-then-mismatch-keep-allocated	OFMFOFOFOFOFOFOFOFOFOFOFOFOFOFOFO	O:ok F:noop M:ok F:noop O:ok F:ok(F=3,reclaimed=1) O:ok F:ok(F=6,reclaimed=17) O:ok F:ok(F=7,reclaimed=7) O:ok F:ok(F=11,reclaimed=21) O:ok F:ok(F=14,reclaimed=16) O:ok F:ok(F=17,reclaimed=16) O:ok F:ok(F=20,reclaimed=16) O:ok F:ok(F=23,reclaimed=16) O:ok F:ok(F=26,reclaimed=16) O:ok F:ok(F=29,reclaimed=16) O:ok F:ok(F=32,reclaimed=16) O:ok F:ok(F=35,reclaimed=16) O:ok F:ok(F=38,reclaimed=16) O:ok F:ok(F=41,reclaimed=16) O:ok	ok	same	I-3.1	[0, 0]	0	0	[0, 0]	161	3211264	0	4	t1@50182:record-kept-allocated	[]	0	0
F9-bad-media-rw-forever	N1D-reread-then-mismatch-keep-allocated	OOMFOFOFOFOFOFOFOFOFOFOFOFOFOFOFO	O:ok O:ok M:ok F:ok(F=3,reclaimed=1) O:ok F:ok(F=6,reclaimed=17) O:ok F:ok(F=7,reclaimed=7) O:ok F:ok(F=8,reclaimed=8) O:ok F:ok(F=14,reclaimed=29) O:ok F:ok(F=17,reclaimed=16) O:ok F:ok(F=20,reclaimed=16) O:ok F:ok(F=23,reclaimed=16) O:ok F:ok(F=26,reclaimed=16) O:ok F:ok(F=29,reclaimed=16) O:ok F:ok(F=32,reclaimed=16) O:ok F:ok(F=35,reclaimed=16) O:ok F:ok(F=38,reclaimed=16) O:ok F:ok(F=41,reclaimed=16) O:ok F:ok(F=44,reclaimed=16) O:ok	ok	same	I-3.1	[0, 0]	0	0	[0, 0]	171	3407872	0	4	t1@50182:record-kept-allocated	[]	0	0
F9-bad-media-rw-forever	N1D-reread-then-mismatch-keep-allocated	OMMFOFOFOFOFOFOFOFOFOFOFOFOFOFOFO	O:ok M:ok M:ok F:noop O:ok F:ok(F=3,reclaimed=1) O:ok F:ok(F=6,reclaimed=17) O:ok F:ok(F=7,reclaimed=7) O:ok F:ok(F=14,reclaimed=34) O:ok F:ok(F=17,reclaimed=16) O:ok F:ok(F=20,reclaimed=16) O:ok F:ok(F=23,reclaimed=16) O:ok F:ok(F=26,reclaimed=16) O:ok F:ok(F=29,reclaimed=16) O:ok F:ok(F=32,reclaimed=16) O:ok F:ok(F=35,reclaimed=16) O:ok F:ok(F=38,reclaimed=16) O:ok F:ok(F=41,reclaimed=16) O:ok F:ok(F=44,reclaimed=16) O:ok	ok	same	I-3.1	[0, 0]	0	0	[0, 0]	167	3309568	0	4	t1@50182:record-kept-allocated	[]	0	0
F9-bad-media-rw-forever	N1D-reread-then-mismatch-keep-allocated	OMFOFOFOFOFOFOFOFOFOFOFOFOFOFOFO	O:ok M:ok F:noop O:ok F:ok(F=3,reclaimed=1) O:ok F:ok(F=6,reclaimed=17) O:ok F:ok(F=7,reclaimed=7) O:ok F:ok(F=11,reclaimed=21) O:ok F:ok(F=14,reclaimed=16) O:ok F:ok(F=17,reclaimed=16) O:ok F:ok(F=20,reclaimed=16) O:ok F:ok(F=23,reclaimed=16) O:ok F:ok(F=26,reclaimed=16) O:ok F:ok(F=29,reclaimed=16) O:ok F:ok(F=32,reclaimed=16) O:ok F:ok(F=35,reclaimed=16) O:ok F:ok(F=38,reclaimed=16) O:ok F:ok(F=41,reclaimed=16) O:ok	ok	same	I-3.1	[0, 0]	0	0	[0, 0]	161	3211264	0	4	t1@50182:record-kept-allocated	[]	0	0
