    Finished `release` profile [optimized + debuginfo] target(s) in 0.00s
     Running tests/w2_probe.rs (target/release/deps/w2_probe-e4357774d7db06d9)

running 1 test
# P1	mounts	noop_raises	raise_steps	applied_overwrites	first_refused_overwrite_index	raise_outcome	raise_writes	ending
P1	1	0	0	36	36	Refused(MountError::Publish(PublishError::PlacementRefused(NoFreeSlotOnAnyDevice)))	0	Completed	noop=[]
P1	1	0	3	36	36	Refused(MountError::Publish(PublishError::PlacementRefused(NoFreeSlotOnAnyDevice)))	0	Completed	noop=[]
P1	1	0	8	36	36	Refused(MountError::Publish(PublishError::PlacementRefused(NoFreeSlotOnAnyDevice)))	0	Completed	noop=[]
P1	1	0	20	36	36	Refused(MountError::Publish(PublishError::PlacementRefused(NoFreeSlotOnAnyDevice)))	0	Completed	noop=[]
P1	1	0	36	36	36	Refused(MountError::Publish(PublishError::PlacementRefused(NoFreeSlotOnAnyDevice)))	0	Completed	noop=[]
P1	1	1	0	35	35	Refused(MountError::Publish(PublishError::PlacementRefused(NoFreeSlotOnAnyDevice)))	0	Completed	noop=[RaisedFloor(F=0,publishes=2)(30)]
P1	1	1	3	35	35	Refused(MountError::Publish(PublishError::PlacementRefused(NoFreeSlotOnAnyDevice)))	0	Completed	noop=[RaisedFloor(F=0,publishes=2)(30)]
P1	1	1	8	35	35	Refused(MountError::Publish(PublishError::PlacementRefused(NoFreeSlotOnAnyDevice)))	0	Completed	noop=[RaisedFloor(F=0,publishes=2)(30)]
P1	1	1	20	35	35	Refused(MountError::Publish(PublishError::PlacementRefused(NoFreeSlotOnAnyDevice)))	0	Completed	noop=[RaisedFloor(F=0,publishes=2)(30)]
P1	1	1	36	35	35	Refused(MountError::Publish(PublishError::PlacementRefused(NoFreeSlotOnAnyDevice)))	0	Completed	noop=[RaisedFloor(F=0,publishes=2)(30)]
P1	1	2	0	34	34	Refused(MountError::Publish(PublishError::PlacementRefused(NoFreeSlotOnAnyDevice)))	0	Completed	noop=[RaisedFloor(F=0,publishes=2)(30) RaisedFloor(F=0,publishes=3)(45)]
P1	1	2	3	34	34	Refused(MountError::Publish(PublishError::PlacementRefused(NoFreeSlotOnAnyDevice)))	0	Completed	noop=[RaisedFloor(F=0,publishes=2)(30) RaisedFloor(F=0,publishes=3)(45)]
P1	1	2	8	34	34	Refused(MountError::Publish(PublishError::PlacementRefused(NoFreeSlotOnAnyDevice)))	0	Completed	noop=[RaisedFloor(F=0,publishes=2)(30) RaisedFloor(F=0,publishes=3)(45)]
P1	1	2	20	34	34	Refused(MountError::Publish(PublishError::PlacementRefused(NoFreeSlotOnAnyDevice)))	0	Completed	noop=[RaisedFloor(F=0,publishes=2)(30) RaisedFloor(F=0,publishes=3)(45)]
P1	1	2	36	34	34	Refused(MountError::Publish(PublishError::PlacementRefused(NoFreeSlotOnAnyDevice)))	0	Completed	noop=[RaisedFloor(F=0,publishes=2)(30) RaisedFloor(F=0,publishes=3)(45)]
P1	1	3	0	32	32	RaisedFloor(F=0,publishes=2)	30	Completed	noop=[RaisedFloor(F=0,publishes=2)(30) RaisedFloor(F=0,publishes=3)(45) RaisedFloor(F=0,publishes=3)(45)]
P1	1	3	3	32	32	RaisedFloor(F=3,publishes=2)	30	Completed	noop=[RaisedFloor(F=0,publishes=2)(30) RaisedFloor(F=0,publishes=3)(45) RaisedFloor(F=0,publishes=3)(45)]
P1	1	3	8	32	32	RaisedFloor(F=8,publishes=2)	30	Completed	noop=[RaisedFloor(F=0,publishes=2)(30) RaisedFloor(F=0,publishes=3)(45) RaisedFloor(F=0,publishes=3)(45)]
P1	1	3	20	32	32	RaisedFloor(F=20,publishes=2)	30	Completed	noop=[RaisedFloor(F=0,publishes=2)(30) RaisedFloor(F=0,publishes=3)(45) RaisedFloor(F=0,publishes=3)(45)]
P1	1	3	36	32	32	RaisedFloor(F=36,publishes=2)	30	Completed	noop=[RaisedFloor(F=0,publishes=2)(30) RaisedFloor(F=0,publishes=3)(45) RaisedFloor(F=0,publishes=3)(45)]
P1	1	4	0	31	31	Refused(MountError::Publish(PublishError::PlacementRefused(NoFreeSlotOnAnyDevice)))	15	Completed	noop=[RaisedFloor(F=0,publishes=2)(30) RaisedFloor(F=0,publishes=3)(45) RaisedFloor(F=0,publishes=3)(45) RaisedFloor(F=0,publishes=3)(45)]
P1	1	4	3	31	31	Refused(MountError::Publish(PublishError::PlacementRefused(NoFreeSlotOnAnyDevice)))	15	Completed	noop=[RaisedFloor(F=0,publishes=2)(30) RaisedFloor(F=0,publishes=3)(45) RaisedFloor(F=0,publishes=3)(45) RaisedFloor(F=0,publishes=3)(45)]
P1	1	4	8	31	31	Refused(MountError::Publish(PublishError::PlacementRefused(NoFreeSlotOnAnyDevice)))	15	Completed	noop=[RaisedFloor(F=0,publishes=2)(30) RaisedFloor(F=0,publishes=3)(45) RaisedFloor(F=0,publishes=3)(45) RaisedFloor(F=0,publishes=3)(45)]
P1	1	4	20	31	31	Refused(MountError::Publish(PublishError::PlacementRefused(NoFreeSlotOnAnyDevice)))	15	Completed	noop=[RaisedFloor(F=0,publishes=2)(30) RaisedFloor(F=0,publishes=3)(45) RaisedFloor(F=0,publishes=3)(45) RaisedFloor(F=0,publishes=3)(45)]
P1	1	4	36	31	31	Refused(MountError::Publish(PublishError::PlacementRefused(NoFreeSlotOnAnyDevice)))	15	Completed	noop=[RaisedFloor(F=0,publishes=2)(30) RaisedFloor(F=0,publishes=3)(45) RaisedFloor(F=0,publishes=3)(45) RaisedFloor(F=0,publishes=3)(45)]
P1	2	0	0	35	35	Refused(MountError::Publish(PublishError::PlacementRefused(NoFreeSlotOnAnyDevice)))	0	Completed	noop=[]
P1	2	0	3	35	35	Refused(MountError::Publish(PublishError::PlacementRefused(NoFreeSlotOnAnyDevice)))	0	Completed	noop=[]
P1	2	0	8	35	35	Refused(MountError::Publish(PublishError::PlacementRefused(NoFreeSlotOnAnyDevice)))	0	Completed	noop=[]
P1	2	0	20	35	35	Refused(MountError::Publish(PublishError::PlacementRefused(NoFreeSlotOnAnyDevice)))	0	Completed	noop=[]
P1	2	0	36	35	35	Refused(MountError::Publish(PublishError::PlacementRefused(NoFreeSlotOnAnyDevice)))	0	Completed	noop=[]
P1	2	1	0	33	33	Refused(MountError::Publish(PublishError::PlacementRefused(NoFreeSlotOnAnyDevice)))	30	Completed	noop=[RaisedFloor(F=0,publishes=3)(45)]
P1	2	1	3	33	33	Refused(MountError::Publish(PublishError::PlacementRefused(NoFreeSlotOnAnyDevice)))	30	Completed	noop=[RaisedFloor(F=0,publishes=3)(45)]
P1	2	1	8	33	33	Refused(MountError::Publish(PublishError::PlacementRefused(NoFreeSlotOnAnyDevice)))	30	Completed	noop=[RaisedFloor(F=0,publishes=3)(45)]
P1	2	1	20	33	33	Refused(MountError::Publish(PublishError::PlacementRefused(NoFreeSlotOnAnyDevice)))	30	Completed	noop=[RaisedFloor(F=0,publishes=3)(45)]
P1	2	1	36	33	33	Refused(MountError::Publish(PublishError::PlacementRefused(NoFreeSlotOnAnyDevice)))	30	Completed	noop=[RaisedFloor(F=0,publishes=3)(45)]
P1	2	2	0	32	32	Refused(MountError::Publish(PublishError::PlacementRefused(NoFreeSlotOnAnyDevice)))	15	Completed	noop=[RaisedFloor(F=0,publishes=3)(45) RaisedFloor(F=0,publishes=3)(45)]
P1	2	2	3	32	32	Refused(MountError::Publish(PublishError::PlacementRefused(NoFreeSlotOnAnyDevice)))	15	Completed	noop=[RaisedFloor(F=0,publishes=3)(45) RaisedFloor(F=0,publishes=3)(45)]
P1	2	2	8	32	32	Refused(MountError::Publish(PublishError::PlacementRefused(NoFreeSlotOnAnyDevice)))	15	Completed	noop=[RaisedFloor(F=0,publishes=3)(45) RaisedFloor(F=0,publishes=3)(45)]
P1	2	2	20	32	32	Refused(MountError::Publish(PublishError::PlacementRefused(NoFreeSlotOnAnyDevice)))	15	Completed	noop=[RaisedFloor(F=0,publishes=3)(45) RaisedFloor(F=0,publishes=3)(45)]
P1	2	2	36	32	32	Refused(MountError::Publish(PublishError::PlacementRefused(NoFreeSlotOnAnyDevice)))	15	Completed	noop=[RaisedFloor(F=0,publishes=3)(45) RaisedFloor(F=0,publishes=3)(45)]
P1	2	3	0	31	31	Refused(MountError::Publish(PublishError::PlacementRefused(NoFreeSlotOnAnyDevice)))	15	Completed	noop=[RaisedFloor(F=0,publishes=3)(45) RaisedFloor(F=0,publishes=3)(45) RaisedFloor(F=0,publishes=3)(45)]
P1	2	3	3	31	31	Refused(MountError::Publish(PublishError::PlacementRefused(NoFreeSlotOnAnyDevice)))	15	Completed	noop=[RaisedFloor(F=0,publishes=3)(45) RaisedFloor(F=0,publishes=3)(45) RaisedFloor(F=0,publishes=3)(45)]
P1	2	3	8	31	31	Refused(MountError::Publish(PublishError::PlacementRefused(NoFreeSlotOnAnyDevice)))	15	Completed	noop=[RaisedFloor(F=0,publishes=3)(45) RaisedFloor(F=0,publishes=3)(45) RaisedFloor(F=0,publishes=3)(45)]
P1	2	3	20	31	31	Refused(MountError::Publish(PublishError::PlacementRefused(NoFreeSlotOnAnyDevice)))	15	Completed	noop=[RaisedFloor(F=0,publishes=3)(45) RaisedFloor(F=0,publishes=3)(45) RaisedFloor(F=0,publishes=3)(45)]
P1	2	3	36	31	31	Refused(MountError::Publish(PublishError::PlacementRefused(NoFreeSlotOnAnyDevice)))	15	Completed	noop=[RaisedFloor(F=0,publishes=3)(45) RaisedFloor(F=0,publishes=3)(45) RaisedFloor(F=0,publishes=3)(45)]
P1	2	4	0	30	30	Refused(MountError::Publish(PublishError::PlacementRefused(NoFreeSlotOnAnyDevice)))	0	Completed	noop=[RaisedFloor(F=0,publishes=3)(45) RaisedFloor(F=0,publishes=3)(45) RaisedFloor(F=0,publishes=3)(45) RaisedFloor(F=0,publishes=3)(45)]
P1	2	4	3	30	30	Refused(MountError::Publish(PublishError::PlacementRefused(NoFreeSlotOnAnyDevice)))	0	Completed	noop=[RaisedFloor(F=0,publishes=3)(45) RaisedFloor(F=0,publishes=3)(45) RaisedFloor(F=0,publishes=3)(45) RaisedFloor(F=0,publishes=3)(45)]
P1	2	4	8	30	30	Refused(MountError::Publish(PublishError::PlacementRefused(NoFreeSlotOnAnyDevice)))	0	Completed	noop=[RaisedFloor(F=0,publishes=3)(45) RaisedFloor(F=0,publishes=3)(45) RaisedFloor(F=0,publishes=3)(45) RaisedFloor(F=0,publishes=3)(45)]
P1	2	4	20	30	30	Refused(MountError::Publish(PublishError::PlacementRefused(NoFreeSlotOnAnyDevice)))	0	Completed	noop=[RaisedFloor(F=0,publishes=3)(45) RaisedFloor(F=0,publishes=3)(45) RaisedFloor(F=0,publishes=3)(45) RaisedFloor(F=0,publishes=3)(45)]
P1	2	4	36	30	30	Refused(MountError::Publish(PublishError::PlacementRefused(NoFreeSlotOnAnyDevice)))	0	Completed	noop=[RaisedFloor(F=0,publishes=3)(45) RaisedFloor(F=0,publishes=3)(45) RaisedFloor(F=0,publishes=3)(45) RaisedFloor(F=0,publishes=3)(45)]
P1	3	0	0	33	33	Refused(MountError::Publish(PublishError::PlacementRefused(NoFreeSlotOnAnyDevice)))	15	Completed	noop=[]
P1	3	0	3	33	33	Refused(MountError::Publish(PublishError::PlacementRefused(NoFreeSlotOnAnyDevice)))	15	Completed	noop=[]
P1	3	0	8	33	33	Refused(MountError::Publish(PublishError::PlacementRefused(NoFreeSlotOnAnyDevice)))	15	Completed	noop=[]
P1	3	0	20	33	33	Refused(MountError::Publish(PublishError::PlacementRefused(NoFreeSlotOnAnyDevice)))	15	Completed	noop=[]
P1	3	0	36	33	33	Refused(MountError::Publish(PublishError::PlacementRefused(NoFreeSlotOnAnyDevice)))	15	Completed	noop=[]
P1	3	1	0	32	32	Refused(MountError::Publish(PublishError::PlacementRefused(NoFreeSlotOnAnyDevice)))	15	Completed	noop=[RaisedFloor(F=0,publishes=3)(45)]
P1	3	1	3	32	32	Refused(MountError::Publish(PublishError::PlacementRefused(NoFreeSlotOnAnyDevice)))	15	Completed	noop=[RaisedFloor(F=0,publishes=3)(45)]
P1	3	1	8	32	32	Refused(MountError::Publish(PublishError::PlacementRefused(NoFreeSlotOnAnyDevice)))	15	Completed	noop=[RaisedFloor(F=0,publishes=3)(45)]
P1	3	1	20	32	32	Refused(MountError::Publish(PublishError::PlacementRefused(NoFreeSlotOnAnyDevice)))	15	Completed	noop=[RaisedFloor(F=0,publishes=3)(45)]
P1	3	1	36	32	32	Refused(MountError::Publish(PublishError::PlacementRefused(NoFreeSlotOnAnyDevice)))	15	Completed	noop=[RaisedFloor(F=0,publishes=3)(45)]
P1	3	2	0	31	31	Refused(MountError::Publish(PublishError::PlacementRefused(NoFreeSlotOnAnyDevice)))	0	Completed	noop=[RaisedFloor(F=0,publishes=3)(45) RaisedFloor(F=0,publishes=3)(45)]
P1	3	2	3	31	31	Refused(MountError::Publish(PublishError::PlacementRefused(NoFreeSlotOnAnyDevice)))	0	Completed	noop=[RaisedFloor(F=0,publishes=3)(45) RaisedFloor(F=0,publishes=3)(45)]
P1	3	2	8	31	31	Refused(MountError::Publish(PublishError::PlacementRefused(NoFreeSlotOnAnyDevice)))	0	Completed	noop=[RaisedFloor(F=0,publishes=3)(45) RaisedFloor(F=0,publishes=3)(45)]
P1	3	2	20	31	31	Refused(MountError::Publish(PublishError::PlacementRefused(NoFreeSlotOnAnyDevice)))	0	Completed	noop=[RaisedFloor(F=0,publishes=3)(45) RaisedFloor(F=0,publishes=3)(45)]
P1	3	2	36	31	31	Refused(MountError::Publish(PublishError::PlacementRefused(NoFreeSlotOnAnyDevice)))	0	Completed	noop=[RaisedFloor(F=0,publishes=3)(45) RaisedFloor(F=0,publishes=3)(45)]
P1	3	3	0	30	30	Refused(MountError::Publish(PublishError::PlacementRefused(NoFreeSlotOnAnyDevice)))	0	Completed	noop=[RaisedFloor(F=0,publishes=3)(45) RaisedFloor(F=0,publishes=3)(45) RaisedFloor(F=0,publishes=3)(45)]
P1	3	3	3	30	30	Refused(MountError::Publish(PublishError::PlacementRefused(NoFreeSlotOnAnyDevice)))	0	Completed	noop=[RaisedFloor(F=0,publishes=3)(45) RaisedFloor(F=0,publishes=3)(45) RaisedFloor(F=0,publishes=3)(45)]
P1	3	3	8	30	30	Refused(MountError::Publish(PublishError::PlacementRefused(NoFreeSlotOnAnyDevice)))	0	Completed	noop=[RaisedFloor(F=0,publishes=3)(45) RaisedFloor(F=0,publishes=3)(45) RaisedFloor(F=0,publishes=3)(45)]
P1	3	3	20	30	30	Refused(MountError::Publish(PublishError::PlacementRefused(NoFreeSlotOnAnyDevice)))	0	Completed	noop=[RaisedFloor(F=0,publishes=3)(45) RaisedFloor(F=0,publishes=3)(45) RaisedFloor(F=0,publishes=3)(45)]
P1	3	3	36	30	30	Refused(MountError::Publish(PublishError::PlacementRefused(NoFreeSlotOnAnyDevice)))	0	Completed	noop=[RaisedFloor(F=0,publishes=3)(45) RaisedFloor(F=0,publishes=3)(45) RaisedFloor(F=0,publishes=3)(45)]
P1	3	4	0	28	28	RaisedFloor(F=0,publishes=2)	30	Completed	noop=[RaisedFloor(F=0,publishes=3)(45) RaisedFloor(F=0,publishes=3)(45) RaisedFloor(F=0,publishes=3)(45) RaisedFloor(F=0,publishes=3)(45)]
P1	3	4	3	28	28	RaisedFloor(F=3,publishes=2)	30	Completed	noop=[RaisedFloor(F=0,publishes=3)(45) RaisedFloor(F=0,publishes=3)(45) RaisedFloor(F=0,publishes=3)(45) RaisedFloor(F=0,publishes=3)(45)]
P1	3	4	8	28	28	RaisedFloor(F=8,publishes=2)	30	Completed	noop=[RaisedFloor(F=0,publishes=3)(45) RaisedFloor(F=0,publishes=3)(45) RaisedFloor(F=0,publishes=3)(45) RaisedFloor(F=0,publishes=3)(45)]
P1	3	4	20	28	28	RaisedFloor(F=20,publishes=2)	30	Completed	noop=[RaisedFloor(F=0,publishes=3)(45) RaisedFloor(F=0,publishes=3)(45) RaisedFloor(F=0,publishes=3)(45) RaisedFloor(F=0,publishes=3)(45)]
P1	3	4	36	28	28	RaisedFloor(F=36,publishes=2)	30	Completed	noop=[RaisedFloor(F=0,publishes=3)(45) RaisedFloor(F=0,publishes=3)(45) RaisedFloor(F=0,publishes=3)(45) RaisedFloor(F=0,publishes=3)(45)]
# P2 refused prefixes: 13
# P2 prefix (1, 0, 0, false)
# P2 prefix (1, 1, 0, false)
# P2 prefix (1, 2, 0, false)
# P2 prefix (1, 4, 0, true)
# P2 prefix (2, 0, 0, false)
# P2 prefix (2, 1, 0, true)
# P2 prefix (2, 2, 0, true)
# P2 prefix (2, 3, 0, true)
# P2 prefix (2, 4, 0, false)
# P2 prefix (3, 0, 0, true)
# P2 prefix (3, 1, 0, true)
# P2 prefix (3, 2, 0, false)
# P2 prefix (3, 3, 0, false)
# P2	mounts	noop_raises	raise_steps	suffix	suffix_outcomes(writes)	final_overwrite	escaped	ending
test w2_probe has been running for over 60 seconds
P2	1	0	0	Overwrite	Refused(PublishError::PlacementRefused(NoFreeSlotOnAnyDevice))(0)	Refused(PublishError::PlacementRefused(NoFreeSlotOnAnyDevice))(0)	false	Completed
P2	1	0	0	Overwrite+Overwrite	Refused(PublishError::PlacementRefused(NoFreeSlotOnAnyDevice))(0) Refused(PublishError::PlacementRefused(NoFreeSlotOnAnyDevice))(0)	Refused(PublishError::PlacementRefused(NoFreeSlotOnAnyDevice))(0)	false	Completed
P2	1	0	0	Overwrite+MountWritable	Refused(PublishError::PlacementRefused(NoFreeSlotOnAnyDevice))(0) Mounted(publishes=2)(35)	Published(23)	true	Completed
P2	1	0	0	Overwrite+ColdStartRecover	Refused(PublishError::PlacementRefused(NoFreeSlotOnAnyDevice))(0) Recovered(0)	NotApplicable(NoWritableSession)(0)	false	Completed
P2	1	0	0	Overwrite+Rollback(NewestFloor)	Refused(PublishError::PlacementRefused(NoFreeSlotOnAnyDevice))(0) Mounted(publishes=2)(35)	Published(23)	true	Completed
P2	1	0	0	Overwrite+Rollback(Ring0)	Refused(PublishError::PlacementRefused(NoFreeSlotOnAnyDevice))(0) Mounted(publishes=2)(35)	Published(23)	true	Completed
P2	1	0	0	Overwrite+Rollback(Ring1)	Refused(PublishError::PlacementRefused(NoFreeSlotOnAnyDevice))(0) Mounted(publishes=2)(35)	Published(23)	true	Completed
P2	1	0	0	Overwrite+Rollback(Ring2)	Refused(PublishError::PlacementRefused(NoFreeSlotOnAnyDevice))(0) Mounted(publishes=2)(35)	Published(23)	true	Completed
P2	1	0	0	Overwrite+Rollback(Ring3)	Refused(PublishError::PlacementRefused(NoFreeSlotOnAnyDevice))(0) Mounted(publishes=2)(35)	Published(23)	true	Completed
P2	1	0	0	Overwrite+Raise(0)	Refused(PublishError::PlacementRefused(NoFreeSlotOnAnyDevice))(0) Refused(MountError::Publish(PublishError::PlacementRefused(NoFreeSlotOnAnyDevice)))(0)	Refused(PublishError::PlacementRefused(NoFreeSlotOnAnyDevice))(0)	false	Completed
P2	1	0	0	Overwrite+Raise(1)	Refused(PublishError::PlacementRefused(NoFreeSlotOnAnyDevice))(0) Refused(MountError::Publish(PublishError::PlacementRefused(NoFreeSlotOnAnyDevice)))(0)	Refused(PublishError::PlacementRefused(NoFreeSlotOnAnyDevice))(0)	false	Completed
P2	1	0	0	Overwrite+Raise(2)	Refused(PublishError::PlacementRefused(NoFreeSlotOnAnyDevice))(0) Refused(MountError::Publish(PublishError::PlacementRefused(NoFreeSlotOnAnyDevice)))(0)	Refused(PublishError::PlacementRefused(NoFreeSlotOnAnyDevice))(0)	false	Completed
P2	1	0	0	Overwrite+Raise(3)	Refused(PublishError::PlacementRefused(NoFreeSlotOnAnyDevice))(0) Refused(MountError::Publish(PublishError::PlacementRefused(NoFreeSlotOnAnyDevice)))(0)	Refused(PublishError::PlacementRefused(NoFreeSlotOnAnyDevice))(0)	false	Completed
P2	1	0	0	Overwrite+Raise(5)	Refused(PublishError::PlacementRefused(NoFreeSlotOnAnyDevice))(0) Refused(MountError::Publish(PublishError::PlacementRefused(NoFreeSlotOnAnyDevice)))(0)	Refused(PublishError::PlacementRefused(NoFreeSlotOnAnyDevice))(0)	false	Completed
P2	1	0	0	Overwrite+Raise(8)	Refused(PublishError::PlacementRefused(NoFreeSlotOnAnyDevice))(0) Refused(MountError::Publish(PublishError::PlacementRefused(NoFreeSlotOnAnyDevice)))(0)	Refused(PublishError::PlacementRefused(NoFreeSlotOnAnyDevice))(0)	false	Completed
P2	1	0	0	Overwrite+Raise(13)	Refused(PublishError::PlacementRefused(NoFreeSlotOnAnyDevice))(0) Refused(MountError::Publish(PublishError::PlacementRefused(NoFreeSlotOnAnyDevice)))(0)	Refused(PublishError::PlacementRefused(NoFreeSlotOnAnyDevice))(0)	false	Completed
P2	1	0	0	Overwrite+Raise(21)	Refused(PublishError::PlacementRefused(NoFreeSlotOnAnyDevice))(0) Refused(MountError::Publish(PublishError::PlacementRefused(NoFreeSlotOnAnyDevice)))(0)	Refused(PublishError::PlacementRefused(NoFreeSlotOnAnyDevice))(0)	false	Completed
P2	1	0	0	Overwrite+Raise(34)	Refused(PublishError::PlacementRefused(NoFreeSlotOnAnyDevice))(0) Refused(MountError::Publish(PublishError::PlacementRefused(NoFreeSlotOnAnyDevice)))(0)	Refused(PublishError::PlacementRefused(NoFreeSlotOnAnyDevice))(0)	false	Completed
P2	1	0	0	MountWritable	Mounted(publishes=2)(35)	Published(23)	true	Completed
P2	1	0	0	MountWritable+Overwrite	Mounted(publishes=2)(35) Published(23)	Published(23)	true	Completed
P2	1	0	0	MountWritable+MountWritable	Mounted(publishes=2)(35) Mounted(publishes=3)(50)	Published(23)	true	Completed
P2	1	0	0	MountWritable+ColdStartRecover	Mounted(publishes=2)(35) Recovered(0)	NotApplicable(NoWritableSession)(0)	false	Completed
P2	1	0	0	MountWritable+Rollback(NewestFloor)	Mounted(publishes=2)(35) Mounted(publishes=3)(50)	Published(23)	true	Completed
P2	1	0	0	MountWritable+Rollback(Ring0)	Mounted(publishes=2)(35) Mounted(publishes=3)(50)	Published(23)	true	Completed
P2	1	0	0	MountWritable+Rollback(Ring1)	Mounted(publishes=2)(35) Mounted(publishes=3)(50)	Published(23)	true	Completed
P2	1	0	0	MountWritable+Rollback(Ring2)	Mounted(publishes=2)(35) Mounted(publishes=3)(50)	Published(23)	true	Completed
P2	1	0	0	MountWritable+Rollback(Ring3)	Mounted(publishes=2)(35) Mounted(publishes=3)(50)	Published(23)	true	Completed
P2	1	0	0	MountWritable+Raise(0)	Mounted(publishes=2)(35) RaisedFloor(F=0,publishes=3)(45)	Published(23)	true	Completed
P2	1	0	0	MountWritable+Raise(1)	Mounted(publishes=2)(35) RaisedFloor(F=1,publishes=3)(45)	Published(23)	true	Completed
P2	1	0	0	MountWritable+Raise(2)	Mounted(publishes=2)(35) RaisedFloor(F=2,publishes=3)(45)	Published(23)	true	Completed
P2	1	0	0	MountWritable+Raise(3)	Mounted(publishes=2)(35) RaisedFloor(F=3,publishes=3)(45)	Published(23)	true	Completed
P2	1	0	0	MountWritable+Raise(5)	Mounted(publishes=2)(35) RaisedFloor(F=5,publishes=3)(45)	Published(23)	true	Completed
P2	1	0	0	MountWritable+Raise(8)	Mounted(publishes=2)(35) RaisedFloor(F=8,publishes=3)(45)	Published(23)	true	Completed
P2	1	0	0	MountWritable+Raise(13)	Mounted(publishes=2)(35) RaisedFloor(F=13,publishes=3)(45)	Published(23)	true	Completed
P2	1	0	0	MountWritable+Raise(21)	Mounted(publishes=2)(35) RaisedFloor(F=21,publishes=3)(45)	Published(23)	true	Completed
P2	1	0	0	MountWritable+Raise(34)	Mounted(publishes=2)(35) RaisedFloor(F=34,publishes=3)(45)	Published(23)	true	Completed
P2	1	0	0	ColdStartRecover	Recovered(0)	NotApplicable(NoWritableSession)(0)	false	Completed
P2	1	0	0	ColdStartRecover+Overwrite	Recovered(0) NotApplicable(NoWritableSession)(0)	NotApplicable(NoWritableSession)(0)	false	Completed
P2	1	0	0	ColdStartRecover+MountWritable	Recovered(0) Mounted(publishes=2)(35)	Published(23)	true	Completed
P2	1	0	0	ColdStartRecover+ColdStartRecover	Recovered(0) Recovered(0)	NotApplicable(NoWritableSession)(0)	false	Completed
P2	1	0	0	ColdStartRecover+Rollback(NewestFloor)	Recovered(0) Mounted(publishes=2)(35)	Published(23)	true	Completed
P2	1	0	0	ColdStartRecover+Rollback(Ring0)	Recovered(0) Mounted(publishes=2)(35)	Published(23)	true	Completed
P2	1	0	0	ColdStartRecover+Rollback(Ring1)	Recovered(0) Mounted(publishes=2)(35)	Published(23)	true	Completed
P2	1	0	0	ColdStartRecover+Rollback(Ring2)	Recovered(0) Mounted(publishes=2)(35)	Published(23)	true	Completed
P2	1	0	0	ColdStartRecover+Rollback(Ring3)	Recovered(0) Mounted(publishes=2)(35)	Published(23)	true	Completed
P2	1	0	0	ColdStartRecover+Raise(0)	Recovered(0) NotApplicable(NoWritableSession)(0)	NotApplicable(NoWritableSession)(0)	false	Completed
P2	1	0	0	ColdStartRecover+Raise(1)	Recovered(0) NotApplicable(NoWritableSession)(0)	NotApplicable(NoWritableSession)(0)	false	Completed
P2	1	0	0	ColdStartRecover+Raise(2)	Recovered(0) NotApplicable(NoWritableSession)(0)	NotApplicable(NoWritableSession)(0)	false	Completed
P2	1	0	0	ColdStartRecover+Raise(3)	Recovered(0) NotApplicable(NoWritableSession)(0)	NotApplicable(NoWritableSession)(0)	false	Completed
P2	1	0	0	ColdStartRecover+Raise(5)	Recovered(0) NotApplicable(NoWritableSession)(0)	NotApplicable(NoWritableSession)(0)	false	Completed
P2	1	0	0	ColdStartRecover+Raise(8)	Recovered(0) NotApplicable(NoWritableSession)(0)	NotApplicable(NoWritableSession)(0)	false	Completed
P2	1	0	0	ColdStartRecover+Raise(13)	Recovered(0) NotApplicable(NoWritableSession)(0)	NotApplicable(NoWritableSession)(0)	false	Completed
P2	1	0	0	ColdStartRecover+Raise(21)	Recovered(0) NotApplicable(NoWritableSession)(0)	NotApplicable(NoWritableSession)(0)	false	Completed
P2	1	0	0	ColdStartRecover+Raise(34)	Recovered(0) NotApplicable(NoWritableSession)(0)	NotApplicable(NoWritableSession)(0)	false	Completed
P2	1	0	0	Rollback(NewestFloor)	Mounted(publishes=2)(35)	Published(23)	true	Completed
P2	1	0	0	Rollback(NewestFloor)+Overwrite	Mounted(publishes=2)(35) Published(23)	Published(23)	true	Completed
P2	1	0	0	Rollback(NewestFloor)+MountWritable	Mounted(publishes=2)(35) Mounted(publishes=3)(50)	Published(23)	true	Completed
P2	1	0	0	Rollback(NewestFloor)+ColdStartRecover	Mounted(publishes=2)(35) Recovered(0)	NotApplicable(NoWritableSession)(0)	false	Completed
P2	1	0	0	Rollback(NewestFloor)+Rollback(NewestFloor)	Mounted(publishes=2)(35) Mounted(publishes=3)(50)	Published(23)	true	Completed
P2	1	0	0	Rollback(NewestFloor)+Rollback(Ring0)	Mounted(publishes=2)(35) Mounted(publishes=3)(50)	Published(23)	true	Completed
P2	1	0	0	Rollback(NewestFloor)+Rollback(Ring1)	Mounted(publishes=2)(35) Mounted(publishes=3)(50)	Published(23)	true	Completed
P2	1	0	0	Rollback(NewestFloor)+Rollback(Ring2)	Mounted(publishes=2)(35) Mounted(publishes=3)(50)	Published(23)	true	Completed
P2	1	0	0	Rollback(NewestFloor)+Rollback(Ring3)	Mounted(publishes=2)(35) Mounted(publishes=3)(50)	Published(23)	true	Completed
P2	1	0	0	Rollback(NewestFloor)+Raise(0)	Mounted(publishes=2)(35) RaisedFloor(F=0,publishes=3)(45)	Published(23)	true	Completed
P2	1	0	0	Rollback(NewestFloor)+Raise(1)	Mounted(publishes=2)(35) RaisedFloor(F=1,publishes=3)(45)	Published(23)	true	Completed
P2	1	0	0	Rollback(NewestFloor)+Raise(2)	Mounted(publishes=2)(35) RaisedFloor(F=2,publishes=3)(45)	Published(23)	true	Completed
P2	1	0	0	Rollback(NewestFloor)+Raise(3)	Mounted(publishes=2)(35) RaisedFloor(F=3,publishes=3)(45)	Published(23)	true	Completed
P2	1	0	0	Rollback(NewestFloor)+Raise(5)	Mounted(publishes=2)(35) RaisedFloor(F=5,publishes=3)(45)	Published(23)	true	Completed
P2	1	0	0	Rollback(NewestFloor)+Raise(8)	Mounted(publishes=2)(35) RaisedFloor(F=8,publishes=3)(45)	Published(23)	true	Completed
P2	1	0	0	Rollback(NewestFloor)+Raise(13)	Mounted(publishes=2)(35) RaisedFloor(F=13,publishes=3)(45)	Published(23)	true	Completed
P2	1	0	0	Rollback(NewestFloor)+Raise(21)	Mounted(publishes=2)(35) RaisedFloor(F=21,publishes=3)(45)	Published(23)	true	Completed
P2	1	0	0	Rollback(NewestFloor)+Raise(34)	Mounted(publishes=2)(35) RaisedFloor(F=34,publishes=3)(45)	Published(23)	true	Completed
P2	1	0	0	Rollback(Ring0)	Mounted(publishes=2)(35)	Published(23)	true	Completed
P2	1	0	0	Rollback(Ring0)+Overwrite	Mounted(publishes=2)(35) Published(23)	Published(23)	true	Completed
P2	1	0	0	Rollback(Ring0)+MountWritable	Mounted(publishes=2)(35) Mounted(publishes=3)(50)	Published(23)	true	Completed
P2	1	0	0	Rollback(Ring0)+ColdStartRecover	Mounted(publishes=2)(35) Recovered(0)	NotApplicable(NoWritableSession)(0)	false	Completed
P2	1	0	0	Rollback(Ring0)+Rollback(NewestFloor)	Mounted(publishes=2)(35) Mounted(publishes=3)(50)	Published(23)	true	Completed
P2	1	0	0	Rollback(Ring0)+Rollback(Ring0)	Mounted(publishes=2)(35) Mounted(publishes=3)(50)	Published(23)	true	Completed
P2	1	0	0	Rollback(Ring0)+Rollback(Ring1)	Mounted(publishes=2)(35) Mounted(publishes=3)(50)	Published(23)	true	Completed
P2	1	0	0	Rollback(Ring0)+Rollback(Ring2)	Mounted(publishes=2)(35) Mounted(publishes=3)(50)	Published(23)	true	Completed
P2	1	0	0	Rollback(Ring0)+Rollback(Ring3)	Mounted(publishes=2)(35) Mounted(publishes=3)(50)	Published(23)	true	Completed
P2	1	0	0	Rollback(Ring0)+Raise(0)	Mounted(publishes=2)(35) RaisedFloor(F=0,publishes=3)(45)	Published(23)	true	Completed
P2	1	0	0	Rollback(Ring0)+Raise(1)	Mounted(publishes=2)(35) RaisedFloor(F=1,publishes=3)(45)	Published(23)	true	Completed
P2	1	0	0	Rollback(Ring0)+Raise(2)	Mounted(publishes=2)(35) RaisedFloor(F=2,publishes=3)(45)	Published(23)	true	Completed
P2	1	0	0	Rollback(Ring0)+Raise(3)	Mounted(publishes=2)(35) RaisedFloor(F=3,publishes=3)(45)	Published(23)	true	Completed
P2	1	0	0	Rollback(Ring0)+Raise(5)	Mounted(publishes=2)(35) RaisedFloor(F=5,publishes=3)(45)	Published(23)	true	Completed
P2	1	0	0	Rollback(Ring0)+Raise(8)	Mounted(publishes=2)(35) RaisedFloor(F=8,publishes=3)(45)	Published(23)	true	Completed
P2	1	0	0	Rollback(Ring0)+Raise(13)	Mounted(publishes=2)(35) RaisedFloor(F=13,publishes=3)(45)	Published(23)	true	Completed
P2	1	0	0	Rollback(Ring0)+Raise(21)	Mounted(publishes=2)(35) RaisedFloor(F=21,publishes=3)(45)	Published(23)	true	Completed
P2	1	0	0	Rollback(Ring0)+Raise(34)	Mounted(publishes=2)(35) RaisedFloor(F=34,publishes=3)(45)	Published(23)	true	Completed
P2	1	0	0	Rollback(Ring1)	Mounted(publishes=2)(35)	Published(23)	true	Completed
P2	1	0	0	Rollback(Ring1)+Overwrite	Mounted(publishes=2)(35) Published(23)	Published(23)	true	Completed
P2	1	0	0	Rollback(Ring1)+MountWritable	Mounted(publishes=2)(35) Mounted(publishes=3)(50)	Published(23)	true	Completed
P2	1	0	0	Rollback(Ring1)+ColdStartRecover	Mounted(publishes=2)(35) Recovered(0)	NotApplicable(NoWritableSession)(0)	false	Completed
P2	1	0	0	Rollback(Ring1)+Rollback(NewestFloor)	Mounted(publishes=2)(35) Mounted(publishes=3)(50)	Published(23)	true	Completed
P2	1	0	0	Rollback(Ring1)+Rollback(Ring0)	Mounted(publishes=2)(35) Mounted(publishes=3)(50)	Published(23)	true	Completed
P2	1	0	0	Rollback(Ring1)+Rollback(Ring1)	Mounted(publishes=2)(35) Mounted(publishes=3)(50)	Published(23)	true	Completed
P2	1	0	0	Rollback(Ring1)+Rollback(Ring2)	Mounted(publishes=2)(35) Refused(MountError::RollbackTargetNotACandidate(OnAbandonedTimeline))(0)	NotApplicable(NoWritableSession)(0)	false	Completed
P2	1	0	0	Rollback(Ring1)+Rollback(Ring3)	Mounted(publishes=2)(35) Mounted(publishes=3)(50)	Published(23)	true	Completed
P2	1	0	0	Rollback(Ring1)+Raise(0)	Mounted(publishes=2)(35) RaisedFloor(F=0,publishes=3)(45)	Published(23)	true	Completed
P2	1	0	0	Rollback(Ring1)+Raise(1)	Mounted(publishes=2)(35) RaisedFloor(F=1,publishes=3)(45)	Published(23)	true	Completed
P2	1	0	0	Rollback(Ring1)+Raise(2)	Mounted(publishes=2)(35) RaisedFloor(F=2,publishes=3)(45)	Published(23)	true	Completed
P2	1	0	0	Rollback(Ring1)+Raise(3)	Mounted(publishes=2)(35) RaisedFloor(F=3,publishes=3)(45)	Published(23)	true	Completed
P2	1	0	0	Rollback(Ring1)+Raise(5)	Mounted(publishes=2)(35) RaisedFloor(F=5,publishes=3)(45)	Published(23)	true	Completed
P2	1	0	0	Rollback(Ring1)+Raise(8)	Mounted(publishes=2)(35) RaisedFloor(F=8,publishes=3)(45)	Published(23)	true	Completed
P2	1	0	0	Rollback(Ring1)+Raise(13)	Mounted(publishes=2)(35) RaisedFloor(F=13,publishes=3)(45)	Published(23)	true	Completed
P2	1	0	0	Rollback(Ring1)+Raise(21)	Mounted(publishes=2)(35) RaisedFloor(F=21,publishes=3)(45)	Published(23)	true	Completed
P2	1	0	0	Rollback(Ring1)+Raise(34)	Mounted(publishes=2)(35) RaisedFloor(F=34,publishes=3)(45)	Published(23)	true	Completed
P2	1	0	0	Rollback(Ring2)	Mounted(publishes=2)(35)	Published(23)	true	Completed
P2	1	0	0	Rollback(Ring2)+Overwrite	Mounted(publishes=2)(35) Published(23)	Published(23)	true	Completed
P2	1	0	0	Rollback(Ring2)+MountWritable	Mounted(publishes=2)(35) Mounted(publishes=3)(50)	Published(23)	true	Completed
P2	1	0	0	Rollback(Ring2)+ColdStartRecover	Mounted(publishes=2)(35) Recovered(0)	NotApplicable(NoWritableSession)(0)	false	Completed
P2	1	0	0	Rollback(Ring2)+Rollback(NewestFloor)	Mounted(publishes=2)(35) Mounted(publishes=3)(50)	Published(23)	true	Completed
P2	1	0	0	Rollback(Ring2)+Rollback(Ring0)	Mounted(publishes=2)(35) Mounted(publishes=3)(50)	Published(23)	true	Completed
P2	1	0	0	Rollback(Ring2)+Rollback(Ring1)	Mounted(publishes=2)(35) Mounted(publishes=3)(50)	Published(23)	true	Completed
P2	1	0	0	Rollback(Ring2)+Rollback(Ring2)	Mounted(publishes=2)(35) Refused(MountError::RollbackTargetNotACandidate(OnAbandonedTimeline))(0)	NotApplicable(NoWritableSession)(0)	false	Completed
P2	1	0	0	Rollback(Ring2)+Rollback(Ring3)	Mounted(publishes=2)(35) Refused(MountError::RollbackTargetNotACandidate(OnAbandonedTimeline))(0)	NotApplicable(NoWritableSession)(0)	false	Completed
P2	1	0	0	Rollback(Ring2)+Raise(0)	Mounted(publishes=2)(35) RaisedFloor(F=0,publishes=3)(45)	Published(23)	true	Completed
P2	1	0	0	Rollback(Ring2)+Raise(1)	Mounted(publishes=2)(35) RaisedFloor(F=1,publishes=3)(45)	Published(23)	true	Completed
P2	1	0	0	Rollback(Ring2)+Raise(2)	Mounted(publishes=2)(35) RaisedFloor(F=2,publishes=3)(45)	Published(23)	true	Completed
P2	1	0	0	Rollback(Ring2)+Raise(3)	Mounted(publishes=2)(35) RaisedFloor(F=3,publishes=3)(45)	Published(23)	true	Completed
P2	1	0	0	Rollback(Ring2)+Raise(5)	Mounted(publishes=2)(35) RaisedFloor(F=5,publishes=3)(45)	Published(23)	true	Completed
P2	1	0	0	Rollback(Ring2)+Raise(8)	Mounted(publishes=2)(35) RaisedFloor(F=8,publishes=3)(45)	Published(23)	true	Completed
P2	1	0	0	Rollback(Ring2)+Raise(13)	Mounted(publishes=2)(35) RaisedFloor(F=13,publishes=3)(45)	Published(23)	true	Completed
P2	1	0	0	Rollback(Ring2)+Raise(21)	Mounted(publishes=2)(35) RaisedFloor(F=21,publishes=3)(45)	Published(23)	true	Completed
P2	1	0	0	Rollback(Ring2)+Raise(34)	Mounted(publishes=2)(35) RaisedFloor(F=34,publishes=3)(45)	Published(23)	true	Completed
P2	1	0	0	Rollback(Ring3)	Mounted(publishes=2)(35)	Published(23)	true	Completed
P2	1	0	0	Rollback(Ring3)+Overwrite	Mounted(publishes=2)(35) Published(23)	Published(23)	true	Completed
P2	1	0	0	Rollback(Ring3)+MountWritable	Mounted(publishes=2)(35) Mounted(publishes=3)(50)	Published(23)	true	Completed
P2	1	0	0	Rollback(Ring3)+ColdStartRecover	Mounted(publishes=2)(35) Recovered(0)	NotApplicable(NoWritableSession)(0)	false	Completed
P2	1	0	0	Rollback(Ring3)+Rollback(NewestFloor)	Mounted(publishes=2)(35) Mounted(publishes=3)(50)	Published(23)	true	Completed
P2	1	0	0	Rollback(Ring3)+Rollback(Ring0)	Mounted(publishes=2)(35) Mounted(publishes=3)(50)	Published(23)	true	Completed
P2	1	0	0	Rollback(Ring3)+Rollback(Ring1)	Mounted(publishes=2)(35) Mounted(publishes=3)(50)	Published(23)	true	Completed
P2	1	0	0	Rollback(Ring3)+Rollback(Ring2)	Mounted(publishes=2)(35) Refused(MountError::RollbackTargetNotACandidate(OnAbandonedTimeline))(0)	NotApplicable(NoWritableSession)(0)	false	Completed
P2	1	0	0	Rollback(Ring3)+Rollback(Ring3)	Mounted(publishes=2)(35) Refused(MountError::RollbackTargetNotACandidate(OnAbandonedTimeline))(0)	NotApplicable(NoWritableSession)(0)	false	Completed
P2	1	0	0	Rollback(Ring3)+Raise(0)	Mounted(publishes=2)(35) RaisedFloor(F=0,publishes=3)(45)	Published(23)	true	Completed
P2	1	0	0	Rollback(Ring3)+Raise(1)	Mounted(publishes=2)(35) RaisedFloor(F=1,publishes=3)(45)	Published(23)	true	Completed
P2	1	0	0	Rollback(Ring3)+Raise(2)	Mounted(publishes=2)(35) RaisedFloor(F=2,publishes=3)(45)	Published(23)	true	Completed
P2	1	0	0	Rollback(Ring3)+Raise(3)	Mounted(publishes=2)(35) RaisedFloor(F=3,publishes=3)(45)	Published(23)	true	Completed
P2	1	0	0	Rollback(Ring3)+Raise(5)	Mounted(publishes=2)(35) RaisedFloor(F=5,publishes=3)(45)	Published(23)	true	Completed
P2	1	0	0	Rollback(Ring3)+Raise(8)	Mounted(publishes=2)(35) RaisedFloor(F=8,publishes=3)(45)	Published(23)	true	Completed
P2	1	0	0	Rollback(Ring3)+Raise(13)	Mounted(publishes=2)(35) RaisedFloor(F=13,publishes=3)(45)	Published(23)	true	Completed
P2	1	0	0	Rollback(Ring3)+Raise(21)	Mounted(publishes=2)(35) RaisedFloor(F=21,publishes=3)(45)	Published(23)	true	Completed
P2	1	0	0	Rollback(Ring3)+Raise(34)	Mounted(publishes=2)(35) RaisedFloor(F=34,publishes=3)(45)	Published(23)	true	Completed
P2	1	0	0	Raise(0)	Refused(MountError::Publish(PublishError::PlacementRefused(NoFreeSlotOnAnyDevice)))(0)	Refused(PublishError::PlacementRefused(NoFreeSlotOnAnyDevice))(0)	false	Completed
P2	1	0	0	Raise(0)+Overwrite	Refused(MountError::Publish(PublishError::PlacementRefused(NoFreeSlotOnAnyDevice)))(0) Refused(PublishError::PlacementRefused(NoFreeSlotOnAnyDevice))(0)	Refused(PublishError::PlacementRefused(NoFreeSlotOnAnyDevice))(0)	false	Completed
P2	1	0	0	Raise(0)+MountWritable	Refused(MountError::Publish(PublishError::PlacementRefused(NoFreeSlotOnAnyDevice)))(0) Mounted(publishes=2)(35)	Published(23)	true	Completed
P2	1	0	0	Raise(0)+ColdStartRecover	Refused(MountError::Publish(PublishError::PlacementRefused(NoFreeSlotOnAnyDevice)))(0) Recovered(0)	NotApplicable(NoWritableSession)(0)	false	Completed
P2	1	0	0	Raise(0)+Rollback(NewestFloor)	Refused(MountError::Publish(PublishError::PlacementRefused(NoFreeSlotOnAnyDevice)))(0) Mounted(publishes=2)(35)	Published(23)	true	Completed
P2	1	0	0	Raise(0)+Rollback(Ring0)	Refused(MountError::Publish(PublishError::PlacementRefused(NoFreeSlotOnAnyDevice)))(0) Mounted(publishes=2)(35)	Published(23)	true	Completed
P2	1	0	0	Raise(0)+Rollback(Ring1)	Refused(MountError::Publish(PublishError::PlacementRefused(NoFreeSlotOnAnyDevice)))(0) Mounted(publishes=2)(35)	Published(23)	true	Completed
P2	1	0	0	Raise(0)+Rollback(Ring2)	Refused(MountError::Publish(PublishError::PlacementRefused(NoFreeSlotOnAnyDevice)))(0) Mounted(publishes=2)(35)	Published(23)	true	Completed
P2	1	0	0	Raise(0)+Rollback(Ring3)	Refused(MountError::Publish(PublishError::PlacementRefused(NoFreeSlotOnAnyDevice)))(0) Mounted(publishes=2)(35)	Published(23)	true	Completed
P2	1	0	0	Raise(0)+Raise(0)	Refused(MountError::Publish(PublishError::PlacementRefused(NoFreeSlotOnAnyDevice)))(0) Refused(MountError::Publish(PublishError::PlacementRefused(NoFreeSlotOnAnyDevice)))(0)	Refused(PublishError::PlacementRefused(NoFreeSlotOnAnyDevice))(0)	false	Completed
P2	1	0	0	Raise(0)+Raise(1)	Refused(MountError::Publish(PublishError::PlacementRefused(NoFreeSlotOnAnyDevice)))(0) Refused(MountError::Publish(PublishError::PlacementRefused(NoFreeSlotOnAnyDevice)))(0)	Refused(PublishError::PlacementRefused(NoFreeSlotOnAnyDevice))(0)	false	Completed
P2	1	0	0	Raise(0)+Raise(2)	Refused(MountError::Publish(PublishError::PlacementRefused(NoFreeSlotOnAnyDevice)))(0) Refused(MountError::Publish(PublishError::PlacementRefused(NoFreeSlotOnAnyDevice)))(0)	Refused(PublishError::PlacementRefused(NoFreeSlotOnAnyDevice))(0)	false	Completed
P2	1	0	0	Raise(0)+Raise(3)	Refused(MountError::Publish(PublishError::PlacementRefused(NoFreeSlotOnAnyDevice)))(0) Refused(MountError::Publish(PublishError::PlacementRefused(NoFreeSlotOnAnyDevice)))(0)	Refused(PublishError::PlacementRefused(NoFreeSlotOnAnyDevice))(0)	false	Completed
P2	1	0	0	Raise(0)+Raise(5)	Refused(MountError::Publish(PublishError::PlacementRefused(NoFreeSlotOnAnyDevice)))(0) Refused(MountError::Publish(PublishError::PlacementRefused(NoFreeSlotOnAnyDevice)))(0)	Refused(PublishError::PlacementRefused(NoFreeSlotOnAnyDevice))(0)	false	Completed
P2	1	0	0	Raise(0)+Raise(8)	Refused(MountError::Publish(PublishError::PlacementRefused(NoFreeSlotOnAnyDevice)))(0) Refused(MountError::Publish(PublishError::PlacementRefused(NoFreeSlotOnAnyDevice)))(0)	Refused(PublishError::PlacementRefused(NoFreeSlotOnAnyDevice))(0)	false	Completed
P2	1	0	0	Raise(0)+Raise(13)	Refused(MountError::Publish(PublishError::PlacementRefused(NoFreeSlotOnAnyDevice)))(0) Refused(MountError::Publish(PublishError::PlacementRefused(NoFreeSlotOnAnyDevice)))(0)	Refused(PublishError::PlacementRefused(NoFreeSlotOnAnyDevice))(0)	false	Completed
P2	1	0	0	Raise(0)+Raise(21)	Refused(MountError::Publish(PublishError::PlacementRefused(NoFreeSlotOnAnyDevice)))(0) Refused(MountError::Publish(PublishError::PlacementRefused(NoFreeSlotOnAnyDevice)))(0)	Refused(PublishError::PlacementRefused(NoFreeSlotOnAnyDevice))(0)	false	Completed
P2	1	0	0	Raise(0)+Raise(34)	Refused(MountError::Publish(PublishError::PlacementRefused(NoFreeSlotOnAnyDevice)))(0) Refused(MountError::Publish(PublishError::PlacementRefused(NoFreeSlotOnAnyDevice)))(0)	Refused(PublishError::PlacementRefused(NoFreeSlotOnAnyDevice))(0)	false	Completed
P2	1	0	0	Raise(1)	Refused(MountError::Publish(PublishError::PlacementRefused(NoFreeSlotOnAnyDevice)))(0)	Refused(PublishError::PlacementRefused(NoFreeSlotOnAnyDevice))(0)	false	Completed
P2	1	0	0	Raise(1)+Overwrite	Refused(MountError::Publish(PublishError::PlacementRefused(NoFreeSlotOnAnyDevice)))(0) Refused(PublishError::PlacementRefused(NoFreeSlotOnAnyDevice))(0)	Refused(PublishError::PlacementRefused(NoFreeSlotOnAnyDevice))(0)	false	Completed
P2	1	0	0	Raise(1)+MountWritable	Refused(MountError::Publish(PublishError::PlacementRefused(NoFreeSlotOnAnyDevice)))(0) Mounted(publishes=2)(35)	Published(23)	true	Completed
P2	1	0	0	Raise(1)+ColdStartRecover	Refused(MountError::Publish(PublishError::PlacementRefused(NoFreeSlotOnAnyDevice)))(0) Recovered(0)	NotApplicable(NoWritableSession)(0)	false	Completed
P2	1	0	0	Raise(1)+Rollback(NewestFloor)	Refused(MountError::Publish(PublishError::PlacementRefused(NoFreeSlotOnAnyDevice)))(0) Mounted(publishes=2)(35)	Published(23)	true	Completed
P2	1	0	0	Raise(1)+Rollback(Ring0)	Refused(MountError::Publish(PublishError::PlacementRefused(NoFreeSlotOnAnyDevice)))(0) Mounted(publishes=2)(35)	Published(23)	true	Completed
P2	1	0	0	Raise(1)+Rollback(Ring1)	Refused(MountError::Publish(PublishError::PlacementRefused(NoFreeSlotOnAnyDevice)))(0) Mounted(publishes=2)(35)	Published(23)	true	Completed
P2	1	0	0	Raise(1)+Rollback(Ring2)	Refused(MountError::Publish(PublishError::PlacementRefused(NoFreeSlotOnAnyDevice)))(0) Mounted(publishes=2)(35)	Published(23)	true	Completed
P2	1	0	0	Raise(1)+Rollback(Ring3)	Refused(MountError::Publish(PublishError::PlacementRefused(NoFreeSlotOnAnyDevice)))(0) Mounted(publishes=2)(35)	Published(23)	true	Completed
P2	1	0	0	Raise(1)+Raise(0)	Refused(MountError::Publish(PublishError::PlacementRefused(NoFreeSlotOnAnyDevice)))(0) Refused(MountError::Publish(PublishError::PlacementRefused(NoFreeSlotOnAnyDevice)))(0)	Refused(PublishError::PlacementRefused(NoFreeSlotOnAnyDevice))(0)	false	Completed
P2	1	0	0	Raise(1)+Raise(1)	Refused(MountError::Publish(PublishError::PlacementRefused(NoFreeSlotOnAnyDevice)))(0) Refused(MountError::Publish(PublishError::PlacementRefused(NoFreeSlotOnAnyDevice)))(0)	Refused(PublishError::PlacementRefused(NoFreeSlotOnAnyDevice))(0)	false	Completed
P2	1	0	0	Raise(1)+Raise(2)	Refused(MountError::Publish(PublishError::PlacementRefused(NoFreeSlotOnAnyDevice)))(0) Refused(MountError::Publish(PublishError::PlacementRefused(NoFreeSlotOnAnyDevice)))(0)	Refused(PublishError::PlacementRefused(NoFreeSlotOnAnyDevice))(0)	false	Completed
P2	1	0	0	Raise(1)+Raise(3)	Refused(MountError::Publish(PublishError::PlacementRefused(NoFreeSlotOnAnyDevice)))(0) Refused(MountError::Publish(PublishError::PlacementRefused(NoFreeSlotOnAnyDevice)))(0)	Refused(PublishError::PlacementRefused(NoFreeSlotOnAnyDevice))(0)	false	Completed
P2	1	0	0	Raise(1)+Raise(5)	Refused(MountError::Publish(PublishError::PlacementRefused(NoFreeSlotOnAnyDevice)))(0) Refused(MountError::Publish(PublishError::PlacementRefused(NoFreeSlotOnAnyDevice)))(0)	Refused(PublishError::PlacementRefused(NoFreeSlotOnAnyDevice))(0)	false	Completed
P2	1	0	0	Raise(1)+Raise(8)	Refused(MountError::Publish(PublishError::PlacementRefused(NoFreeSlotOnAnyDevice)))(0) Refused(MountError::Publish(PublishError::PlacementRefused(NoFreeSlotOnAnyDevice)))(0)	Refused(PublishError::PlacementRefused(NoFreeSlotOnAnyDevice))(0)	false	Completed
P2	1	0	0	Raise(1)+Raise(13)	Refused(MountError::Publish(PublishError::PlacementRefused(NoFreeSlotOnAnyDevice)))(0) Refused(MountError::Publish(PublishError::PlacementRefused(NoFreeSlotOnAnyDevice)))(0)	Refused(PublishError::PlacementRefused(NoFreeSlotOnAnyDevice))(0)	false	Completed
P2	1	0	0	Raise(1)+Raise(21)	Refused(MountError::Publish(PublishError::PlacementRefused(NoFreeSlotOnAnyDevice)))(0) Refused(MountError::Publish(PublishError::PlacementRefused(NoFreeSlotOnAnyDevice)))(0)	Refused(PublishError::PlacementRefused(NoFreeSlotOnAnyDevice))(0)	false	Completed
P2	1	0	0	Raise(1)+Raise(34)	Refused(MountError::Publish(PublishError::PlacementRefused(NoFreeSlotOnAnyDevice)))(0) Refused(MountError::Publish(PublishError::PlacementRefused(NoFreeSlotOnAnyDevice)))(0)	Refused(PublishError::PlacementRefused(NoFreeSlotOnAnyDevice))(0)	false	Completed
P2	1	0	0	Raise(2)	Refused(MountError::Publish(PublishError::PlacementRefused(NoFreeSlotOnAnyDevice)))(0)	Refused(PublishError::PlacementRefused(NoFreeSlotOnAnyDevice))(0)	false	Completed
P2	1	0	0	Raise(2)+Overwrite	Refused(MountError::Publish(PublishError::PlacementRefused(NoFreeSlotOnAnyDevice)))(0) Refused(PublishError::PlacementRefused(NoFreeSlotOnAnyDevice))(0)	Refused(PublishError::PlacementRefused(NoFreeSlotOnAnyDevice))(0)	false	Completed
P2	1	0	0	Raise(2)+MountWritable	Refused(MountError::Publish(PublishError::PlacementRefused(NoFreeSlotOnAnyDevice)))(0) Mounted(publishes=2)(35)	Published(23)	true	Completed
P2	1	0	0	Raise(2)+ColdStartRecover	Refused(MountError::Publish(PublishError::PlacementRefused(NoFreeSlotOnAnyDevice)))(0) Recovered(0)	NotApplicable(NoWritableSession)(0)	false	Completed
P2	1	0	0	Raise(2)+Rollback(NewestFloor)	Refused(MountError::Publish(PublishError::PlacementRefused(NoFreeSlotOnAnyDevice)))(0) Mounted(publishes=2)(35)	Published(23)	true	Completed
P2	1	0	0	Raise(2)+Rollback(Ring0)	Refused(MountError::Publish(PublishError::PlacementRefused(NoFreeSlotOnAnyDevice)))(0) Mounted(publishes=2)(35)	Published(23)	true	Completed
P2	1	0	0	Raise(2)+Rollback(Ring1)	Refused(MountError::Publish(PublishError::PlacementRefused(NoFreeSlotOnAnyDevice)))(0) Mounted(publishes=2)(35)	Published(23)	true	Completed
P2	1	0	0	Raise(2)+Rollback(Ring2)	Refused(MountError::Publish(PublishError::PlacementRefused(NoFreeSlotOnAnyDevice)))(0) Mounted(publishes=2)(35)	Published(23)	true	Completed
P2	1	0	0	Raise(2)+Rollback(Ring3)	Refused(MountError::Publish(PublishError::PlacementRefused(NoFreeSlotOnAnyDevice)))(0) Mounted(publishes=2)(35)	Published(23)	true	Completed
P2	1	0	0	Raise(2)+Raise(0)	Refused(MountError::Publish(PublishError::PlacementRefused(NoFreeSlotOnAnyDevice)))(0) Refused(MountError::Publish(PublishError::PlacementRefused(NoFreeSlotOnAnyDevice)))(0)	Refused(PublishError::PlacementRefused(NoFreeSlotOnAnyDevice))(0)	false	Completed
P2	1	0	0	Raise(2)+Raise(1)	Refused(MountError::Publish(PublishError::PlacementRefused(NoFreeSlotOnAnyDevice)))(0) Refused(MountError::Publish(PublishError::PlacementRefused(NoFreeSlotOnAnyDevice)))(0)	Refused(PublishError::PlacementRefused(NoFreeSlotOnAnyDevice))(0)	false	Completed
P2	1	0	0	Raise(2)+Raise(2)	Refused(MountError::Publish(PublishError::PlacementRefused(NoFreeSlotOnAnyDevice)))(0) Refused(MountError::Publish(PublishError::PlacementRefused(NoFreeSlotOnAnyDevice)))(0)	Refused(PublishError::PlacementRefused(NoFreeSlotOnAnyDevice))(0)	false	Completed
P2	1	0	0	Raise(2)+Raise(3)	Refused(MountError::Publish(PublishError::PlacementRefused(NoFreeSlotOnAnyDevice)))(0) Refused(MountError::Publish(PublishError::PlacementRefused(NoFreeSlotOnAnyDevice)))(0)	Refused(PublishError::PlacementRefused(NoFreeSlotOnAnyDevice))(0)	false	Completed
P2	1	0	0	Raise(2)+Raise(5)	Refused(MountError::Publish(PublishError::PlacementRefused(NoFreeSlotOnAnyDevice)))(0) Refused(MountError::Publish(PublishError::PlacementRefused(NoFreeSlotOnAnyDevice)))(0)	Refused(PublishError::PlacementRefused(NoFreeSlotOnAnyDevice))(0)	false	Completed
P2	1	0	0	Raise(2)+Raise(8)	Refused(MountError::Publish(PublishError::PlacementRefused(NoFreeSlotOnAnyDevice)))(0) Refused(MountError::Publish(PublishError::PlacementRefused(NoFreeSlotOnAnyDevice)))(0)	Refused(PublishError::PlacementRefused(NoFreeSlotOnAnyDevice))(0)	false	Completed
P2	1	0	0	Raise(2)+Raise(13)	Refused(MountError::Publish(PublishError::PlacementRefused(NoFreeSlotOnAnyDevice)))(0) Refused(MountError::Publish(PublishError::PlacementRefused(NoFreeSlotOnAnyDevice)))(0)	Refused(PublishError::PlacementRefused(NoFreeSlotOnAnyDevice))(0)	false	Completed
P2	1	0	0	Raise(2)+Raise(21)	Refused(MountError::Publish(PublishError::PlacementRefused(NoFreeSlotOnAnyDevice)))(0) Refused(MountError::Publish(PublishError::PlacementRefused(NoFreeSlotOnAnyDevice)))(0)	Refused(PublishError::PlacementRefused(NoFreeSlotOnAnyDevice))(0)	false	Completed
P2	1	0	0	Raise(2)+Raise(34)	Refused(MountError::Publish(PublishError::PlacementRefused(NoFreeSlotOnAnyDevice)))(0) Refused(MountError::Publish(PublishError::PlacementRefused(NoFreeSlotOnAnyDevice)))(0)	Refused(PublishError::PlacementRefused(NoFreeSlotOnAnyDevice))(0)	false	Completed
P2	1	0	0	Raise(3)	Refused(MountError::Publish(PublishError::PlacementRefused(NoFreeSlotOnAnyDevice)))(0)	Refused(PublishError::PlacementRefused(NoFreeSlotOnAnyDevice))(0)	false	Completed
P2	1	0	0	Raise(3)+Overwrite	Refused(MountError::Publish(PublishError::PlacementRefused(NoFreeSlotOnAnyDevice)))(0) Refused(PublishError::PlacementRefused(NoFreeSlotOnAnyDevice))(0)	Refused(PublishError::PlacementRefused(NoFreeSlotOnAnyDevice))(0)	false	Completed
P2	1	0	0	Raise(3)+MountWritable	Refused(MountError::Publish(PublishError::PlacementRefused(NoFreeSlotOnAnyDevice)))(0) Mounted(publishes=2)(35)	Published(23)	true	Completed
P2	1	0	0	Raise(3)+ColdStartRecover	Refused(MountError::Publish(PublishError::PlacementRefused(NoFreeSlotOnAnyDevice)))(0) Recovered(0)	NotApplicable(NoWritableSession)(0)	false	Completed
P2	1	0	0	Raise(3)+Rollback(NewestFloor)	Refused(MountError::Publish(PublishError::PlacementRefused(NoFreeSlotOnAnyDevice)))(0) Mounted(publishes=2)(35)	Published(23)	true	Completed
P2	1	0	0	Raise(3)+Rollback(Ring0)	Refused(MountError::Publish(PublishError::PlacementRefused(NoFreeSlotOnAnyDevice)))(0) Mounted(publishes=2)(35)	Published(23)	true	Completed
P2	1	0	0	Raise(3)+Rollback(Ring1)	Refused(MountError::Publish(PublishError::PlacementRefused(NoFreeSlotOnAnyDevice)))(0) Mounted(publishes=2)(35)	Published(23)	true	Completed
P2	1	0	0	Raise(3)+Rollback(Ring2)	Refused(MountError::Publish(PublishError::PlacementRefused(NoFreeSlotOnAnyDevice)))(0) Mounted(publishes=2)(35)	Published(23)	true	Completed
P2	1	0	0	Raise(3)+Rollback(Ring3)	Refused(MountError::Publish(PublishError::PlacementRefused(NoFreeSlotOnAnyDevice)))(0) Mounted(publishes=2)(35)	Published(23)	true	Completed
P2	1	0	0	Raise(3)+Raise(0)	Refused(MountError::Publish(PublishError::PlacementRefused(NoFreeSlotOnAnyDevice)))(0) Refused(MountError::Publish(PublishError::PlacementRefused(NoFreeSlotOnAnyDevice)))(0)	Refused(PublishError::PlacementRefused(NoFreeSlotOnAnyDevice))(0)	false	Completed
P2	1	0	0	Raise(3)+Raise(1)	Refused(MountError::Publish(PublishError::PlacementRefused(NoFreeSlotOnAnyDevice)))(0) Refused(MountError::Publish(PublishError::PlacementRefused(NoFreeSlotOnAnyDevice)))(0)	Refused(PublishError::PlacementRefused(NoFreeSlotOnAnyDevice))(0)	false	Completed
P2	1	0	0	Raise(3)+Raise(2)	Refused(MountError::Publish(PublishError::PlacementRefused(NoFreeSlotOnAnyDevice)))(0) Refused(MountError::Publish(PublishError::PlacementRefused(NoFreeSlotOnAnyDevice)))(0)	Refused(PublishError::PlacementRefused(NoFreeSlotOnAnyDevice))(0)	false	Completed
P2	1	0	0	Raise(3)+Raise(3)	Refused(MountError::Publish(PublishError::PlacementRefused(NoFreeSlotOnAnyDevice)))(0) Refused(MountError::Publish(PublishError::PlacementRefused(NoFreeSlotOnAnyDevice)))(0)	Refused(PublishError::PlacementRefused(NoFreeSlotOnAnyDevice))(0)	false	Completed
P2	1	0	0	Raise(3)+Raise(5)	Refused(MountError::Publish(PublishError::PlacementRefused(NoFreeSlotOnAnyDevice)))(0) Refused(MountError::Publish(PublishError::PlacementRefused(NoFreeSlotOnAnyDevice)))(0)	Refused(PublishError::PlacementRefused(NoFreeSlotOnAnyDevice))(0)	false	Completed
P2	1	0	0	Raise(3)+Raise(8)	Refused(MountError::Publish(PublishError::PlacementRefused(NoFreeSlotOnAnyDevice)))(0) Refused(MountError::Publish(PublishError::PlacementRefused(NoFreeSlotOnAnyDevice)))(0)	Refused(PublishError::PlacementRefused(NoFreeSlotOnAnyDevice))(0)	false	Completed
P2	1	0	0	Raise(3)+Raise(13)	Refused(MountError::Publish(PublishError::PlacementRefused(NoFreeSlotOnAnyDevice)))(0) Refused(MountError::Publish(PublishError::PlacementRefused(NoFreeSlotOnAnyDevice)))(0)	Refused(PublishError::PlacementRefused(NoFreeSlotOnAnyDevice))(0)	false	Completed
P2	1	0	0	Raise(3)+Raise(21)	Refused(MountError::Publish(PublishError::PlacementRefused(NoFreeSlotOnAnyDevice)))(0) Refused(MountError::Publish(PublishError::PlacementRefused(NoFreeSlotOnAnyDevice)))(0)	Refused(PublishError::PlacementRefused(NoFreeSlotOnAnyDevice))(0)	false	Completed
P2	1	0	0	Raise(3)+Raise(34)	Refused(MountError::Publish(PublishError::PlacementRefused(NoFreeSlotOnAnyDevice)))(0) Refused(MountError::Publish(PublishError::PlacementRefused(NoFreeSlotOnAnyDevice)))(0)	Refused(PublishError::PlacementRefused(NoFreeSlotOnAnyDevice))(0)	false	Completed
P2	1	0	0	Raise(5)	Refused(MountError::Publish(PublishError::PlacementRefused(NoFreeSlotOnAnyDevice)))(0)	Refused(PublishError::PlacementRefused(NoFreeSlotOnAnyDevice))(0)	false	Completed
P2	1	0	0	Raise(5)+Overwrite	Refused(MountError::Publish(PublishError::PlacementRefused(NoFreeSlotOnAnyDevice)))(0) Refused(PublishError::PlacementRefused(NoFreeSlotOnAnyDevice))(0)	Refused(PublishError::PlacementRefused(NoFreeSlotOnAnyDevice))(0)	false	Completed
P2	1	0	0	Raise(5)+MountWritable	Refused(MountError::Publish(PublishError::PlacementRefused(NoFreeSlotOnAnyDevice)))(0) Mounted(publishes=2)(35)	Published(23)	true	Completed
P2	1	0	0	Raise(5)+ColdStartRecover	Refused(MountError::Publish(PublishError::PlacementRefused(NoFreeSlotOnAnyDevice)))(0) Recovered(0)	NotApplicable(NoWritableSession)(0)	false	Completed
P2	1	0	0	Raise(5)+Rollback(NewestFloor)	Refused(MountError::Publish(PublishError::PlacementRefused(NoFreeSlotOnAnyDevice)))(0) Mounted(publishes=2)(35)	Published(23)	true	Completed
P2	1	0	0	Raise(5)+Rollback(Ring0)	Refused(MountError::Publish(PublishError::PlacementRefused(NoFreeSlotOnAnyDevice)))(0) Mounted(publishes=2)(35)	Published(23)	true	Completed
P2	1	0	0	Raise(5)+Rollback(Ring1)	Refused(MountError::Publish(PublishError::PlacementRefused(NoFreeSlotOnAnyDevice)))(0) Mounted(publishes=2)(35)	Published(23)	true	Completed
P2	1	0	0	Raise(5)+Rollback(Ring2)	Refused(MountError::Publish(PublishError::PlacementRefused(NoFreeSlotOnAnyDevice)))(0) Mounted(publishes=2)(35)	Published(23)	true	Completed
P2	1	0	0	Raise(5)+Rollback(Ring3)	Refused(MountError::Publish(PublishError::PlacementRefused(NoFreeSlotOnAnyDevice)))(0) Mounted(publishes=2)(35)	Published(23)	true	Completed
P2	1	0	0	Raise(5)+Raise(0)	Refused(MountError::Publish(PublishError::PlacementRefused(NoFreeSlotOnAnyDevice)))(0) Refused(MountError::Publish(PublishError::PlacementRefused(NoFreeSlotOnAnyDevice)))(0)	Refused(PublishError::PlacementRefused(NoFreeSlotOnAnyDevice))(0)	false	Completed
P2	1	0	0	Raise(5)+Raise(1)	Refused(MountError::Publish(PublishError::PlacementRefused(NoFreeSlotOnAnyDevice)))(0) Refused(MountError::Publish(PublishError::PlacementRefused(NoFreeSlotOnAnyDevice)))(0)	Refused(PublishError::PlacementRefused(NoFreeSlotOnAnyDevice))(0)	false	Completed
P2	1	0	0	Raise(5)+Raise(2)	Refused(MountError::Publish(PublishError::PlacementRefused(NoFreeSlotOnAnyDevice)))(0) Refused(MountError::Publish(PublishError::PlacementRefused(NoFreeSlotOnAnyDevice)))(0)	Refused(PublishError::PlacementRefused(NoFreeSlotOnAnyDevice))(0)	false	Completed
P2	1	0	0	Raise(5)+Raise(3)	Refused(MountError::Publish(PublishError::PlacementRefused(NoFreeSlotOnAnyDevice)))(0) Refused(MountError::Publish(PublishError::PlacementRefused(NoFreeSlotOnAnyDevice)))(0)	Refused(PublishError::PlacementRefused(NoFreeSlotOnAnyDevice))(0)	false	Completed
P2	1	0	0	Raise(5)+Raise(5)	Refused(MountError::Publish(PublishError::PlacementRefused(NoFreeSlotOnAnyDevice)))(0) Refused(MountError::Publish(PublishError::PlacementRefused(NoFreeSlotOnAnyDevice)))(0)	Refused(PublishError::PlacementRefused(NoFreeSlotOnAnyDevice))(0)	false	Completed
P2	1	0	0	Raise(5)+Raise(8)	Refused(MountError::Publish(PublishError::PlacementRefused(NoFreeSlotOnAnyDevice)))(0) Refused(MountError::Publish(PublishError::PlacementRefused(NoFreeSlotOnAnyDevice)))(0)	Refused(PublishError::PlacementRefused(NoFreeSlotOnAnyDevice))(0)	false	Completed
P2	1	0	0	Raise(5)+Raise(13)	Refused(MountError::Publish(PublishError::PlacementRefused(NoFreeSlotOnAnyDevice)))(0) Refused(MountError::Publish(PublishError::PlacementRefused(NoFreeSlotOnAnyDevice)))(0)	Refused(PublishError::PlacementRefused(NoFreeSlotOnAnyDevice))(0)	false	Completed
P2	1	0	0	Raise(5)+Raise(21)	Refused(MountError::Publish(PublishError::PlacementRefused(NoFreeSlotOnAnyDevice)))(0) Refused(MountError::Publish(PublishError::PlacementRefused(NoFreeSlotOnAnyDevice)))(0)	Refused(PublishError::PlacementRefused(NoFreeSlotOnAnyDevice))(0)	false	Completed
P2	1	0	0	Raise(5)+Raise(34)	Refused(MountError::Publish(PublishError::PlacementRefused(NoFreeSlotOnAnyDevice)))(0) Refused(MountError::Publish(PublishError::PlacementRefused(NoFreeSlotOnAnyDevice)))(0)	Refused(PublishError::PlacementRefused(NoFreeSlotOnAnyDevice))(0)	false	Completed
P2	1	0	0	Raise(8)	Refused(MountError::Publish(PublishError::PlacementRefused(NoFreeSlotOnAnyDevice)))(0)	Refused(PublishError::PlacementRefused(NoFreeSlotOnAnyDevice))(0)	false	Completed
P2	1	0	0	Raise(8)+Overwrite	Refused(MountError::Publish(PublishError::PlacementRefused(NoFreeSlotOnAnyDevice)))(0) Refused(PublishError::PlacementRefused(NoFreeSlotOnAnyDevice))(0)	Refused(PublishError::PlacementRefused(NoFreeSlotOnAnyDevice))(0)	false	Completed
P2	1	0	0	Raise(8)+MountWritable	Refused(MountError::Publish(PublishError::PlacementRefused(NoFreeSlotOnAnyDevice)))(0) Mounted(publishes=2)(35)	Published(23)	true	Completed
P2	1	0	0	Raise(8)+ColdStartRecover	Refused(MountError::Publish(PublishError::PlacementRefused(NoFreeSlotOnAnyDevice)))(0) Recovered(0)	NotApplicable(NoWritableSession)(0)	false	Completed
P2	1	0	0	Raise(8)+Rollback(NewestFloor)	Refused(MountError::Publish(PublishError::PlacementRefused(NoFreeSlotOnAnyDevice)))(0) Mounted(publishes=2)(35)	Published(23)	true	Completed
P2	1	0	0	Raise(8)+Rollback(Ring0)	Refused(MountError::Publish(PublishError::PlacementRefused(NoFreeSlotOnAnyDevice)))(0) Mounted(publishes=2)(35)	Published(23)	true	Completed
P2	1	0	0	Raise(8)+Rollback(Ring1)	Refused(MountError::Publish(PublishError::PlacementRefused(NoFreeSlotOnAnyDevice)))(0) Mounted(publishes=2)(35)	Published(23)	true	Completed
P2	1	0	0	Raise(8)+Rollback(Ring2)	Refused(MountError::Publish(PublishError::PlacementRefused(NoFreeSlotOnAnyDevice)))(0) Mounted(publishes=2)(35)	Published(23)	true	Completed
P2	1	0	0	Raise(8)+Rollback(Ring3)	Refused(MountError::Publish(PublishError::PlacementRefused(NoFreeSlotOnAnyDevice)))(0) Mounted(publishes=2)(35)	Published(23)	true	Completed
P2	1	0	0	Raise(8)+Raise(0)	Refused(MountError::Publish(PublishError::PlacementRefused(NoFreeSlotOnAnyDevice)))(0) Refused(MountError::Publish(PublishError::PlacementRefused(NoFreeSlotOnAnyDevice)))(0)	Refused(PublishError::PlacementRefused(NoFreeSlotOnAnyDevice))(0)	false	Completed
P2	1	0	0	Raise(8)+Raise(1)	Refused(MountError::Publish(PublishError::PlacementRefused(NoFreeSlotOnAnyDevice)))(0) Refused(MountError::Publish(PublishError::PlacementRefused(NoFreeSlotOnAnyDevice)))(0)	Refused(PublishError::PlacementRefused(NoFreeSlotOnAnyDevice))(0)	false	Completed
P2	1	0	0	Raise(8)+Raise(2)	Refused(MountError::Publish(PublishError::PlacementRefused(NoFreeSlotOnAnyDevice)))(0) Refused(MountError::Publish(PublishError::PlacementRefused(NoFreeSlotOnAnyDevice)))(0)	Refused(PublishError::PlacementRefused(NoFreeSlotOnAnyDevice))(0)	false	Completed
P2	1	0	0	Raise(8)+Raise(3)	Refused(MountError::Publish(PublishError::PlacementRefused(NoFreeSlotOnAnyDevice)))(0) Refused(MountError::Publish(PublishError::PlacementRefused(NoFreeSlotOnAnyDevice)))(0)	Refused(PublishError::PlacementRefused(NoFreeSlotOnAnyDevice))(0)	false	Completed
P2	1	0	0	Raise(8)+Raise(5)	Refused(MountError::Publish(PublishError::PlacementRefused(NoFreeSlotOnAnyDevice)))(0) Refused(MountError::Publish(PublishError::PlacementRefused(NoFreeSlotOnAnyDevice)))(0)	Refused(PublishError::PlacementRefused(NoFreeSlotOnAnyDevice))(0)	false	Completed
P2	1	0	0	Raise(8)+Raise(8)	Refused(MountError::Publish(PublishError::PlacementRefused(NoFreeSlotOnAnyDevice)))(0) Refused(MountError::Publish(PublishError::PlacementRefused(NoFreeSlotOnAnyDevice)))(0)	Refused(PublishError::PlacementRefused(NoFreeSlotOnAnyDevice))(0)	false	Completed
P2	1	0	0	Raise(8)+Raise(13)	Refused(MountError::Publish(PublishError::PlacementRefused(NoFreeSlotOnAnyDevice)))(0) Refused(MountError::Publish(PublishError::PlacementRefused(NoFreeSlotOnAnyDevice)))(0)	Refused(PublishError::PlacementRefused(NoFreeSlotOnAnyDevice))(0)	false	Completed
P2	1	0	0	Raise(8)+Raise(21)	Refused(MountError::Publish(PublishError::PlacementRefused(NoFreeSlotOnAnyDevice)))(0) Refused(MountError::Publish(PublishError::PlacementRefused(NoFreeSlotOnAnyDevice)))(0)	Refused(PublishError::PlacementRefused(NoFreeSlotOnAnyDevice))(0)	false	Completed
P2	1	0	0	Raise(8)+Raise(34)	Refused(MountError::Publish(PublishError::PlacementRefused(NoFreeSlotOnAnyDevice)))(0) Refused(MountError::Publish(PublishError::PlacementRefused(NoFreeSlotOnAnyDevice)))(0)	Refused(PublishError::PlacementRefused(NoFreeSlotOnAnyDevice))(0)	false	Completed
P2	1	0	0	Raise(13)	Refused(MountError::Publish(PublishError::PlacementRefused(NoFreeSlotOnAnyDevice)))(0)	Refused(PublishError::PlacementRefused(NoFreeSlotOnAnyDevice))(0)	false	Completed
P2	1	0	0	Raise(13)+Overwrite	Refused(MountError::Publish(PublishError::PlacementRefused(NoFreeSlotOnAnyDevice)))(0) Refused(PublishError::PlacementRefused(NoFreeSlotOnAnyDevice))(0)	Refused(PublishError::PlacementRefused(NoFreeSlotOnAnyDevice))(0)	false	Completed
P2	1	0	0	Raise(13)+MountWritable	Refused(MountError::Publish(PublishError::PlacementRefused(NoFreeSlotOnAnyDevice)))(0) Mounted(publishes=2)(35)	Published(23)	true	Completed
P2	1	0	0	Raise(13)+ColdStartRecover	Refused(MountError::Publish(PublishError::PlacementRefused(NoFreeSlotOnAnyDevice)))(0) Recovered(0)	NotApplicable(NoWritableSession)(0)	false	Completed
P2	1	0	0	Raise(13)+Rollback(NewestFloor)	Refused(MountError::Publish(PublishError::PlacementRefused(NoFreeSlotOnAnyDevice)))(0) Mounted(publishes=2)(35)	Published(23)	true	Completed
P2	1	0	0	Raise(13)+Rollback(Ring0)	Refused(MountError::Publish(PublishError::PlacementRefused(NoFreeSlotOnAnyDevice)))(0) Mounted(publishes=2)(35)	Published(23)	true	Completed
P2	1	0	0	Raise(13)+Rollback(Ring1)	Refused(MountError::Publish(PublishError::PlacementRefused(NoFreeSlotOnAnyDevice)))(0) Mounted(publishes=2)(35)	Published(23)	true	Completed
P2	1	0	0	Raise(13)+Rollback(Ring2)	Refused(MountError::Publish(PublishError::PlacementRefused(NoFreeSlotOnAnyDevice)))(0) Mounted(publishes=2)(35)	Published(23)	true	Completed
P2	1	0	0	Raise(13)+Rollback(Ring3)	Refused(MountError::Publish(PublishError::PlacementRefused(NoFreeSlotOnAnyDevice)))(0) Mounted(publishes=2)(35)	Published(23)	true	Completed
P2	1	0	0	Raise(13)+Raise(0)	Refused(MountError::Publish(PublishError::PlacementRefused(NoFreeSlotOnAnyDevice)))(0) Refused(MountError::Publish(PublishError::PlacementRefused(NoFreeSlotOnAnyDevice)))(0)	Refused(PublishError::PlacementRefused(NoFreeSlotOnAnyDevice))(0)	false	Completed
P2	1	0	0	Raise(13)+Raise(1)	Refused(MountError::Publish(PublishError::PlacementRefused(NoFreeSlotOnAnyDevice)))(0) Refused(MountError::Publish(PublishError::PlacementRefused(NoFreeSlotOnAnyDevice)))(0)	Refused(PublishError::PlacementRefused(NoFreeSlotOnAnyDevice))(0)	false	Completed
P2	1	0	0	Raise(13)+Raise(2)	Refused(MountError::Publish(PublishError::PlacementRefused(NoFreeSlotOnAnyDevice)))(0) Refused(MountError::Publish(PublishError::PlacementRefused(NoFreeSlotOnAnyDevice)))(0)	Refused(PublishError::PlacementRefused(NoFreeSlotOnAnyDevice))(0)	false	Completed
P2	1	0	0	Raise(13)+Raise(3)	Refused(MountError::Publish(PublishError::PlacementRefused(NoFreeSlotOnAnyDevice)))(0) Refused(MountError::Publish(PublishError::PlacementRefused(NoFreeSlotOnAnyDevice)))(0)	Refused(PublishError::PlacementRefused(NoFreeSlotOnAnyDevice))(0)	false	Completed
P2	1	0	0	Raise(13)+Raise(5)	Refused(MountError::Publish(PublishError::PlacementRefused(NoFreeSlotOnAnyDevice)))(0) Refused(MountError::Publish(PublishError::PlacementRefused(NoFreeSlotOnAnyDevice)))(0)	Refused(PublishError::PlacementRefused(NoFreeSlotOnAnyDevice))(0)	false	Completed
P2	1	0	0	Raise(13)+Raise(8)	Refused(MountError::Publish(PublishError::PlacementRefused(NoFreeSlotOnAnyDevice)))(0) Refused(MountError::Publish(PublishError::PlacementRefused(NoFreeSlotOnAnyDevice)))(0)	Refused(PublishError::PlacementRefused(NoFreeSlotOnAnyDevice))(0)	false	Completed
P2	1	0	0	Raise(13)+Raise(13)	Refused(MountError::Publish(PublishError::PlacementRefused(NoFreeSlotOnAnyDevice)))(0) Refused(MountError::Publish(PublishError::PlacementRefused(NoFreeSlotOnAnyDevice)))(0)	Refused(PublishError::PlacementRefused(NoFreeSlotOnAnyDevice))(0)	false	Completed
P2	1	0	0	Raise(13)+Raise(21)	Refused(MountError::Publish(PublishError::PlacementRefused(NoFreeSlotOnAnyDevice)))(0) Refused(MountError::Publish(PublishError::PlacementRefused(NoFreeSlotOnAnyDevice)))(0)	Refused(PublishError::PlacementRefused(NoFreeSlotOnAnyDevice))(0)	false	Completed
P2	1	0	0	Raise(13)+Raise(34)	Refused(MountError::Publish(PublishError::PlacementRefused(NoFreeSlotOnAnyDevice)))(0) Refused(MountError::Publish(PublishError::PlacementRefused(NoFreeSlotOnAnyDevice)))(0)	Refused(PublishError::PlacementRefused(NoFreeSlotOnAnyDevice))(0)	false	Completed
P2	1	0	0	Raise(21)	Refused(MountError::Publish(PublishError::PlacementRefused(NoFreeSlotOnAnyDevice)))(0)	Refused(PublishError::PlacementRefused(NoFreeSlotOnAnyDevice))(0)	false	Completed
P2	1	0	0	Raise(21)+Overwrite	Refused(MountError::Publish(PublishError::PlacementRefused(NoFreeSlotOnAnyDevice)))(0) Refused(PublishError::PlacementRefused(NoFreeSlotOnAnyDevice))(0)	Refused(PublishError::PlacementRefused(NoFreeSlotOnAnyDevice))(0)	false	Completed
P2	1	0	0	Raise(21)+MountWritable	Refused(MountError::Publish(PublishError::PlacementRefused(NoFreeSlotOnAnyDevice)))(0) Mounted(publishes=2)(35)	Published(23)	true	Completed
P2	1	0	0	Raise(21)+ColdStartRecover	Refused(MountError::Publish(PublishError::PlacementRefused(NoFreeSlotOnAnyDevice)))(0) Recovered(0)	NotApplicable(NoWritableSession)(0)	false	Completed
P2	1	0	0	Raise(21)+Rollback(NewestFloor)	Refused(MountError::Publish(PublishError::PlacementRefused(NoFreeSlotOnAnyDevice)))(0) Mounted(publishes=2)(35)	Published(23)	true	Completed
P2	1	0	0	Raise(21)+Rollback(Ring0)	Refused(MountError::Publish(PublishError::PlacementRefused(NoFreeSlotOnAnyDevice)))(0) Mounted(publishes=2)(35)	Published(23)	true	Completed
P2	1	0	0	Raise(21)+Rollback(Ring1)	Refused(MountError::Publish(PublishError::PlacementRefused(NoFreeSlotOnAnyDevice)))(0) Mounted(publishes=2)(35)	Published(23)	true	Completed
P2	1	0	0	Raise(21)+Rollback(Ring2)	Refused(MountError::Publish(PublishError::PlacementRefused(NoFreeSlotOnAnyDevice)))(0) Mounted(publishes=2)(35)	Published(23)	true	Completed
P2	1	0	0	Raise(21)+Rollback(Ring3)	Refused(MountError::Publish(PublishError::PlacementRefused(NoFreeSlotOnAnyDevice)))(0) Mounted(publishes=2)(35)	Published(23)	true	Completed
P2	1	0	0	Raise(21)+Raise(0)	Refused(MountError::Publish(PublishError::PlacementRefused(NoFreeSlotOnAnyDevice)))(0) Refused(MountError::Publish(PublishError::PlacementRefused(NoFreeSlotOnAnyDevice)))(0)	Refused(PublishError::PlacementRefused(NoFreeSlotOnAnyDevice))(0)	false	Completed
P2	1	0	0	Raise(21)+Raise(1)	Refused(MountError::Publish(PublishError::PlacementRefused(NoFreeSlotOnAnyDevice)))(0) Refused(MountError::Publish(PublishError::PlacementRefused(NoFreeSlotOnAnyDevice)))(0)	Refused(PublishError::PlacementRefused(NoFreeSlotOnAnyDevice))(0)	false	Completed
P2	1	0	0	Raise(21)+Raise(2)	Refused(MountError::Publish(PublishError::PlacementRefused(NoFreeSlotOnAnyDevice)))(0) Refused(MountError::Publish(PublishError::PlacementRefused(NoFreeSlotOnAnyDevice)))(0)	Refused(PublishError::PlacementRefused(NoFreeSlotOnAnyDevice))(0)	false	Completed
P2	1	0	0	Raise(21)+Raise(3)	Refused(MountError::Publish(PublishError::PlacementRefused(NoFreeSlotOnAnyDevice)))(0) Refused(MountError::Publish(PublishError::PlacementRefused(NoFreeSlotOnAnyDevice)))(0)	Refused(PublishError::PlacementRefused(NoFreeSlotOnAnyDevice))(0)	false	Completed
P2	1	0	0	Raise(21)+Raise(5)	Refused(MountError::Publish(PublishError::PlacementRefused(NoFreeSlotOnAnyDevice)))(0) Refused(MountError::Publish(PublishError::PlacementRefused(NoFreeSlotOnAnyDevice)))(0)	Refused(PublishError::PlacementRefused(NoFreeSlotOnAnyDevice))(0)	false	Completed
P2	1	0	0	Raise(21)+Raise(8)	Refused(MountError::Publish(PublishError::PlacementRefused(NoFreeSlotOnAnyDevice)))(0) Refused(MountError::Publish(PublishError::PlacementRefused(NoFreeSlotOnAnyDevice)))(0)	Refused(PublishError::PlacementRefused(NoFreeSlotOnAnyDevice))(0)	false	Completed
P2	1	0	0	Raise(21)+Raise(13)	Refused(MountError::Publish(PublishError::PlacementRefused(NoFreeSlotOnAnyDevice)))(0) Refused(MountError::Publish(PublishError::PlacementRefused(NoFreeSlotOnAnyDevice)))(0)	Refused(PublishError::PlacementRefused(NoFreeSlotOnAnyDevice))(0)	false	Completed
P2	1	0	0	Raise(21)+Raise(21)	Refused(MountError::Publish(PublishError::PlacementRefused(NoFreeSlotOnAnyDevice)))(0) Refused(MountError::Publish(PublishError::PlacementRefused(NoFreeSlotOnAnyDevice)))(0)	Refused(PublishError::PlacementRefused(NoFreeSlotOnAnyDevice))(0)	false	Completed
P2	1	0	0	Raise(21)+Raise(34)	Refused(MountError::Publish(PublishError::PlacementRefused(NoFreeSlotOnAnyDevice)))(0) Refused(MountError::Publish(PublishError::PlacementRefused(NoFreeSlotOnAnyDevice)))(0)	Refused(PublishError::PlacementRefused(NoFreeSlotOnAnyDevice))(0)	false	Completed
P2	1	0	0	Raise(34)	Refused(MountError::Publish(PublishError::PlacementRefused(NoFreeSlotOnAnyDevice)))(0)	Refused(PublishError::PlacementRefused(NoFreeSlotOnAnyDevice))(0)	false	Completed
P2	1	0	0	Raise(34)+Overwrite	Refused(MountError::Publish(PublishError::PlacementRefused(NoFreeSlotOnAnyDevice)))(0) Refused(PublishError::PlacementRefused(NoFreeSlotOnAnyDevice))(0)	Refused(PublishError::PlacementRefused(NoFreeSlotOnAnyDevice))(0)	false	Completed
P2	1	0	0	Raise(34)+MountWritable	Refused(MountError::Publish(PublishError::PlacementRefused(NoFreeSlotOnAnyDevice)))(0) Mounted(publishes=2)(35)	Published(23)	true	Completed
P2	1	0	0	Raise(34)+ColdStartRecover	Refused(MountError::Publish(PublishError::PlacementRefused(NoFreeSlotOnAnyDevice)))(0) Recovered(0)	NotApplicable(NoWritableSession)(0)	false	Completed
P2	1	0	0	Raise(34)+Rollback(NewestFloor)	Refused(MountError::Publish(PublishError::PlacementRefused(NoFreeSlotOnAnyDevice)))(0) Mounted(publishes=2)(35)	Published(23)	true	Completed
P2	1	0	0	Raise(34)+Rollback(Ring0)	Refused(MountError::Publish(PublishError::PlacementRefused(NoFreeSlotOnAnyDevice)))(0) Mounted(publishes=2)(35)	Published(23)	true	Completed
P2	1	0	0	Raise(34)+Rollback(Ring1)	Refused(MountError::Publish(PublishError::PlacementRefused(NoFreeSlotOnAnyDevice)))(0) Mounted(publishes=2)(35)	Published(23)	true	Completed
P2	1	0	0	Raise(34)+Rollback(Ring2)	Refused(MountError::Publish(PublishError::PlacementRefused(NoFreeSlotOnAnyDevice)))(0) Mounted(publishes=2)(35)	Published(23)	true	Completed
P2	1	0	0	Raise(34)+Rollback(Ring3)	Refused(MountError::Publish(PublishError::PlacementRefused(NoFreeSlotOnAnyDevice)))(0) Mounted(publishes=2)(35)	Published(23)	true	Completed
P2	1	0	0	Raise(34)+Raise(0)	Refused(MountError::Publish(PublishError::PlacementRefused(NoFreeSlotOnAnyDevice)))(0) Refused(MountError::Publish(PublishError::PlacementRefused(NoFreeSlotOnAnyDevice)))(0)	Refused(PublishError::PlacementRefused(NoFreeSlotOnAnyDevice))(0)	false	Completed
P2	1	0	0	Raise(34)+Raise(1)	Refused(MountError::Publish(PublishError::PlacementRefused(NoFreeSlotOnAnyDevice)))(0) Refused(MountError::Publish(PublishError::PlacementRefused(NoFreeSlotOnAnyDevice)))(0)	Refused(PublishError::PlacementRefused(NoFreeSlotOnAnyDevice))(0)	false	Completed
P2	1	0	0	Raise(34)+Raise(2)	Refused(MountError::Publish(PublishError::PlacementRefused(NoFreeSlotOnAnyDevice)))(0) Refused(MountError::Publish(PublishError::PlacementRefused(NoFreeSlotOnAnyDevice)))(0)	Refused(PublishError::PlacementRefused(NoFreeSlotOnAnyDevice))(0)	false	Completed
P2	1	0	0	Raise(34)+Raise(3)	Refused(MountError::Publish(PublishError::PlacementRefused(NoFreeSlotOnAnyDevice)))(0) Refused(MountError::Publish(PublishError::PlacementRefused(NoFreeSlotOnAnyDevice)))(0)	Refused(PublishError::PlacementRefused(NoFreeSlotOnAnyDevice))(0)	false	Completed
P2	1	0	0	Raise(34)+Raise(5)	Refused(MountError::Publish(PublishError::PlacementRefused(NoFreeSlotOnAnyDevice)))(0) Refused(MountError::Publish(PublishError::PlacementRefused(NoFreeSlotOnAnyDevice)))(0)	Refused(PublishError::PlacementRefused(NoFreeSlotOnAnyDevice))(0)	false	Completed
P2	1	0	0	Raise(34)+Raise(8)	Refused(MountError::Publish(PublishError::PlacementRefused(NoFreeSlotOnAnyDevice)))(0) Refused(MountError::Publish(PublishError::PlacementRefused(NoFreeSlotOnAnyDevice)))(0)	Refused(PublishError::PlacementRefused(NoFreeSlotOnAnyDevice))(0)	false	Completed
P2	1	0	0	Raise(34)+Raise(13)	Refused(MountError::Publish(PublishError::PlacementRefused(NoFreeSlotOnAnyDevice)))(0) Refused(MountError::Publish(PublishError::PlacementRefused(NoFreeSlotOnAnyDevice)))(0)	Refused(PublishError::PlacementRefused(NoFreeSlotOnAnyDevice))(0)	false	Completed
P2	1	0	0	Raise(34)+Raise(21)	Refused(MountError::Publish(PublishError::PlacementRefused(NoFreeSlotOnAnyDevice)))(0) Refused(MountError::Publish(PublishError::PlacementRefused(NoFreeSlotOnAnyDevice)))(0)	Refused(PublishError::PlacementRefused(NoFreeSlotOnAnyDevice))(0)	false	Completed
P2	1	0	0	Raise(34)+Raise(34)	Refused(MountError::Publish(PublishError::PlacementRefused(NoFreeSlotOnAnyDevice)))(0) Refused(MountError::Publish(PublishError::PlacementRefused(NoFreeSlotOnAnyDevice)))(0)	Refused(PublishError::PlacementRefused(NoFreeSlotOnAnyDevice))(0)	false	Completed
P2	1	1	0	Overwrite	Refused(PublishError::PlacementRefused(NoFreeSlotOnAnyDevice))(0)	Refused(PublishError::PlacementRefused(NoFreeSlotOnAnyDevice))(0)	false	Completed
P2	1	1	0	Overwrite+Overwrite	Refused(PublishError::PlacementRefused(NoFreeSlotOnAnyDevice))(0) Refused(PublishError::PlacementRefused(NoFreeSlotOnAnyDevice))(0)	Refused(PublishError::PlacementRefused(NoFreeSlotOnAnyDevice))(0)	false	Completed
P2	1	1	0	Overwrite+MountWritable	Refused(PublishError::PlacementRefused(NoFreeSlotOnAnyDevice))(0) Mounted(publishes=2)(35)	Published(23)	true	Completed
P2	1	1	0	Overwrite+ColdStartRecover	Refused(PublishError::PlacementRefused(NoFreeSlotOnAnyDevice))(0) Recovered(0)	NotApplicable(NoWritableSession)(0)	false	Completed
P2	1	1	0	Overwrite+Rollback(NewestFloor)	Refused(PublishError::PlacementRefused(NoFreeSlotOnAnyDevice))(0) Mounted(publishes=2)(35)	Published(23)	true	Completed
P2	1	1	0	Overwrite+Rollback(Ring0)	Refused(PublishError::PlacementRefused(NoFreeSlotOnAnyDevice))(0) Mounted(publishes=2)(35)	Published(23)	true	Completed
P2	1	1	0	Overwrite+Rollback(Ring1)	Refused(PublishError::PlacementRefused(NoFreeSlotOnAnyDevice))(0) Mounted(publishes=2)(35)	Published(23)	true	Completed
P2	1	1	0	Overwrite+Rollback(Ring2)	Refused(PublishError::PlacementRefused(NoFreeSlotOnAnyDevice))(0) Mounted(publishes=2)(35)	Published(23)	true	Completed
P2	1	1	0	Overwrite+Rollback(Ring3)	Refused(PublishError::PlacementRefused(NoFreeSlotOnAnyDevice))(0) Mounted(publishes=2)(35)	Published(23)	true	Completed
P2	1	1	0	Overwrite+Raise(0)	Refused(PublishError::PlacementRefused(NoFreeSlotOnAnyDevice))(0) Refused(MountError::Publish(PublishError::PlacementRefused(NoFreeSlotOnAnyDevice)))(0)	Refused(PublishError::PlacementRefused(NoFreeSlotOnAnyDevice))(0)	false	Completed
P2	1	1	0	Overwrite+Raise(1)	Refused(PublishError::PlacementRefused(NoFreeSlotOnAnyDevice))(0) Refused(MountError::Publish(PublishError::PlacementRefused(NoFreeSlotOnAnyDevice)))(0)	Refused(PublishError::PlacementRefused(NoFreeSlotOnAnyDevice))(0)	false	Completed
P2	1	1	0	Overwrite+Raise(2)	Refused(PublishError::PlacementRefused(NoFreeSlotOnAnyDevice))(0) Refused(MountError::Publish(PublishError::PlacementRefused(NoFreeSlotOnAnyDevice)))(0)	Refused(PublishError::PlacementRefused(NoFreeSlotOnAnyDevice))(0)	false	Completed
P2	1	1	0	Overwrite+Raise(3)	Refused(PublishError::PlacementRefused(NoFreeSlotOnAnyDevice))(0) Refused(MountError::Publish(PublishError::PlacementRefused(NoFreeSlotOnAnyDevice)))(0)	Refused(PublishError::PlacementRefused(NoFreeSlotOnAnyDevice))(0)	false	Completed
P2	1	1	0	Overwrite+Raise(5)	Refused(PublishError::PlacementRefused(NoFreeSlotOnAnyDevice))(0) Refused(MountError::Publish(PublishError::PlacementRefused(NoFreeSlotOnAnyDevice)))(0)	Refused(PublishError::PlacementRefused(NoFreeSlotOnAnyDevice))(0)	false	Completed
P2	1	1	0	Overwrite+Raise(8)	Refused(PublishError::PlacementRefused(NoFreeSlotOnAnyDevice))(0) Refused(MountError::Publish(PublishError::PlacementRefused(NoFreeSlotOnAnyDevice)))(0)	Refused(PublishError::PlacementRefused(NoFreeSlotOnAnyDevice))(0)	false	Completed
P2	1	1	0	Overwrite+Raise(13)	Refused(PublishError::PlacementRefused(NoFreeSlotOnAnyDevice))(0) Refused(MountError::Publish(PublishError::PlacementRefused(NoFreeSlotOnAnyDevice)))(0)	Refused(PublishError::PlacementRefused(NoFreeSlotOnAnyDevice))(0)	false	Completed
P2	1	1	0	Overwrite+Raise(21)	Refused(PublishError::PlacementRefused(NoFreeSlotOnAnyDevice))(0) Refused(MountError::Publish(PublishError::PlacementRefused(NoFreeSlotOnAnyDevice)))(0)	Refused(PublishError::PlacementRefused(NoFreeSlotOnAnyDevice))(0)	false	Completed
P2	1	1	0	Overwrite+Raise(34)	Refused(PublishError::PlacementRefused(NoFreeSlotOnAnyDevice))(0) Refused(MountError::Publish(PublishError::PlacementRefused(NoFreeSlotOnAnyDevice)))(0)	Refused(PublishError::PlacementRefused(NoFreeSlotOnAnyDevice))(0)	false	Completed
P2	1	1	0	MountWritable	Mounted(publishes=2)(35)	Published(23)	true	Completed
P2	1	1	0	MountWritable+Overwrite	Mounted(publishes=2)(35) Published(23)	Published(23)	true	Completed
P2	1	1	0	MountWritable+MountWritable	Mounted(publishes=2)(35) Mounted(publishes=2)(35)	Published(23)	true	Completed
P2	1	1	0	MountWritable+ColdStartRecover	Mounted(publishes=2)(35) Recovered(0)	NotApplicable(NoWritableSession)(0)	false	Completed
P2	1	1	0	MountWritable+Rollback(NewestFloor)	Mounted(publishes=2)(35) Mounted(publishes=2)(35)	Published(23)	true	Completed
P2	1	1	0	MountWritable+Rollback(Ring0)	Mounted(publishes=2)(35) Mounted(publishes=2)(35)	Published(23)	true	Completed
P2	1	1	0	MountWritable+Rollback(Ring1)	Mounted(publishes=2)(35) Mounted(publishes=2)(35)	Published(23)	true	Completed
P2	1	1	0	MountWritable+Rollback(Ring2)	Mounted(publishes=2)(35) Mounted(publishes=2)(35)	Published(23)	true	Completed
P2	1	1	0	MountWritable+Rollback(Ring3)	Mounted(publishes=2)(35) Mounted(publishes=2)(35)	Published(23)	true	Completed
P2	1	1	0	MountWritable+Raise(0)	Mounted(publishes=2)(35) RaisedFloor(F=0,publishes=2)(30)	Published(23)	true	Completed
P2	1	1	0	MountWritable+Raise(1)	Mounted(publishes=2)(35) RaisedFloor(F=1,publishes=2)(30)	Published(23)	true	Completed
P2	1	1	0	MountWritable+Raise(2)	Mounted(publishes=2)(35) RaisedFloor(F=2,publishes=2)(30)	Published(23)	true	Completed
P2	1	1	0	MountWritable+Raise(3)	Mounted(publishes=2)(35) RaisedFloor(F=3,publishes=2)(30)	Published(23)	true	Completed
P2	1	1	0	MountWritable+Raise(5)	Mounted(publishes=2)(35) RaisedFloor(F=5,publishes=2)(30)	Published(23)	true	Completed
P2	1	1	0	MountWritable+Raise(8)	Mounted(publishes=2)(35) RaisedFloor(F=8,publishes=2)(30)	Published(23)	true	Completed
P2	1	1	0	MountWritable+Raise(13)	Mounted(publishes=2)(35) RaisedFloor(F=13,publishes=2)(30)	Published(23)	true	Completed
P2	1	1	0	MountWritable+Raise(21)	Mounted(publishes=2)(35) RaisedFloor(F=21,publishes=2)(30)	Published(23)	true	Completed
P2	1	1	0	MountWritable+Raise(34)	Mounted(publishes=2)(35) RaisedFloor(F=34,publishes=2)(30)	Published(23)	true	Completed
P2	1	1	0	ColdStartRecover	Recovered(0)	NotApplicable(NoWritableSession)(0)	false	Completed
P2	1	1	0	ColdStartRecover+Overwrite	Recovered(0) NotApplicable(NoWritableSession)(0)	NotApplicable(NoWritableSession)(0)	false	Completed
P2	1	1	0	ColdStartRecover+MountWritable	Recovered(0) Mounted(publishes=2)(35)	Published(23)	true	Completed
P2	1	1	0	ColdStartRecover+ColdStartRecover	Recovered(0) Recovered(0)	NotApplicable(NoWritableSession)(0)	false	Completed
P2	1	1	0	ColdStartRecover+Rollback(NewestFloor)	Recovered(0) Mounted(publishes=2)(35)	Published(23)	true	Completed
P2	1	1	0	ColdStartRecover+Rollback(Ring0)	Recovered(0) Mounted(publishes=2)(35)	Published(23)	true	Completed
P2	1	1	0	ColdStartRecover+Rollback(Ring1)	Recovered(0) Mounted(publishes=2)(35)	Published(23)	true	Completed
P2	1	1	0	ColdStartRecover+Rollback(Ring2)	Recovered(0) Mounted(publishes=2)(35)	Published(23)	true	Completed
P2	1	1	0	ColdStartRecover+Rollback(Ring3)	Recovered(0) Mounted(publishes=2)(35)	Published(23)	true	Completed
P2	1	1	0	ColdStartRecover+Raise(0)	Recovered(0) NotApplicable(NoWritableSession)(0)	NotApplicable(NoWritableSession)(0)	false	Completed
P2	1	1	0	ColdStartRecover+Raise(1)	Recovered(0) NotApplicable(NoWritableSession)(0)	NotApplicable(NoWritableSession)(0)	false	Completed
P2	1	1	0	ColdStartRecover+Raise(2)	Recovered(0) NotApplicable(NoWritableSession)(0)	NotApplicable(NoWritableSession)(0)	false	Completed
P2	1	1	0	ColdStartRecover+Raise(3)	Recovered(0) NotApplicable(NoWritableSession)(0)	NotApplicable(NoWritableSession)(0)	false	Completed
P2	1	1	0	ColdStartRecover+Raise(5)	Recovered(0) NotApplicable(NoWritableSession)(0)	NotApplicable(NoWritableSession)(0)	false	Completed
P2	1	1	0	ColdStartRecover+Raise(8)	Recovered(0) NotApplicable(NoWritableSession)(0)	NotApplicable(NoWritableSession)(0)	false	Completed
P2	1	1	0	ColdStartRecover+Raise(13)	Recovered(0) NotApplicable(NoWritableSession)(0)	NotApplicable(NoWritableSession)(0)	false	Completed
P2	1	1	0	ColdStartRecover+Raise(21)	Recovered(0) NotApplicable(NoWritableSession)(0)	NotApplicable(NoWritableSession)(0)	false	Completed
P2	1	1	0	ColdStartRecover+Raise(34)	Recovered(0) NotApplicable(NoWritableSession)(0)	NotApplicable(NoWritableSession)(0)	false	Completed
P2	1	1	0	Rollback(NewestFloor)	Mounted(publishes=2)(35)	Published(23)	true	Completed
P2	1	1	0	Rollback(NewestFloor)+Overwrite	Mounted(publishes=2)(35) Published(23)	Published(23)	true	Completed
P2	1	1	0	Rollback(NewestFloor)+MountWritable	Mounted(publishes=2)(35) Mounted(publishes=2)(35)	Published(23)	true	Completed
P2	1	1	0	Rollback(NewestFloor)+ColdStartRecover	Mounted(publishes=2)(35) Recovered(0)	NotApplicable(NoWritableSession)(0)	false	Completed
P2	1	1	0	Rollback(NewestFloor)+Rollback(NewestFloor)	Mounted(publishes=2)(35) Mounted(publishes=2)(35)	Published(23)	true	Completed
P2	1	1	0	Rollback(NewestFloor)+Rollback(Ring0)	Mounted(publishes=2)(35) Mounted(publishes=2)(35)	Published(23)	true	Completed
P2	1	1	0	Rollback(NewestFloor)+Rollback(Ring1)	Mounted(publishes=2)(35) Mounted(publishes=2)(35)	Published(23)	true	Completed
P2	1	1	0	Rollback(NewestFloor)+Rollback(Ring2)	Mounted(publishes=2)(35) Mounted(publishes=2)(35)	Published(23)	true	Completed
P2	1	1	0	Rollback(NewestFloor)+Rollback(Ring3)	Mounted(publishes=2)(35) Mounted(publishes=2)(35)	Published(23)	true	Completed
P2	1	1	0	Rollback(NewestFloor)+Raise(0)	Mounted(publishes=2)(35) RaisedFloor(F=0,publishes=2)(30)	Published(23)	true	Completed
P2	1	1	0	Rollback(NewestFloor)+Raise(1)	Mounted(publishes=2)(35) RaisedFloor(F=1,publishes=2)(30)	Published(23)	true	Completed
P2	1	1	0	Rollback(NewestFloor)+Raise(2)	Mounted(publishes=2)(35) RaisedFloor(F=2,publishes=2)(30)	Published(23)	true	Completed
P2	1	1	0	Rollback(NewestFloor)+Raise(3)	Mounted(publishes=2)(35) RaisedFloor(F=3,publishes=2)(30)	Published(23)	true	Completed
P2	1	1	0	Rollback(NewestFloor)+Raise(5)	Mounted(publishes=2)(35) RaisedFloor(F=5,publishes=2)(30)	Published(23)	true	Completed
P2	1	1	0	Rollback(NewestFloor)+Raise(8)	Mounted(publishes=2)(35) RaisedFloor(F=8,publishes=2)(30)	Published(23)	true	Completed
P2	1	1	0	Rollback(NewestFloor)+Raise(13)	Mounted(publishes=2)(35) RaisedFloor(F=13,publishes=2)(30)	Published(23)	true	Completed
P2	1	1	0	Rollback(NewestFloor)+Raise(21)	Mounted(publishes=2)(35) RaisedFloor(F=21,publishes=2)(30)	Published(23)	true	Completed
P2	1	1	0	Rollback(NewestFloor)+Raise(34)	Mounted(publishes=2)(35) RaisedFloor(F=34,publishes=2)(30)	Published(23)	true	Completed
P2	1	1	0	Rollback(Ring0)	Mounted(publishes=2)(35)	Published(23)	true	Completed
P2	1	1	0	Rollback(Ring0)+Overwrite	Mounted(publishes=2)(35) Published(23)	Published(23)	true	Completed
P2	1	1	0	Rollback(Ring0)+MountWritable	Mounted(publishes=2)(35) Mounted(publishes=2)(35)	Published(23)	true	Completed
P2	1	1	0	Rollback(Ring0)+ColdStartRecover	Mounted(publishes=2)(35) Recovered(0)	NotApplicable(NoWritableSession)(0)	false	Completed
P2	1	1	0	Rollback(Ring0)+Rollback(NewestFloor)	Mounted(publishes=2)(35) Mounted(publishes=2)(35)	Published(23)	true	Completed
P2	1	1	0	Rollback(Ring0)+Rollback(Ring0)	Mounted(publishes=2)(35) Mounted(publishes=2)(35)	Published(23)	true	Completed
P2	1	1	0	Rollback(Ring0)+Rollback(Ring1)	Mounted(publishes=2)(35) Mounted(publishes=2)(35)	Published(23)	true	Completed
P2	1	1	0	Rollback(Ring0)+Rollback(Ring2)	Mounted(publishes=2)(35) Mounted(publishes=2)(35)	Published(23)	true	Completed
P2	1	1	0	Rollback(Ring0)+Rollback(Ring3)	Mounted(publishes=2)(35) Mounted(publishes=2)(35)	Published(23)	true	Completed
P2	1	1	0	Rollback(Ring0)+Raise(0)	Mounted(publishes=2)(35) RaisedFloor(F=0,publishes=2)(30)	Published(23)	true	Completed
P2	1	1	0	Rollback(Ring0)+Raise(1)	Mounted(publishes=2)(35) RaisedFloor(F=1,publishes=2)(30)	Published(23)	true	Completed
P2	1	1	0	Rollback(Ring0)+Raise(2)	Mounted(publishes=2)(35) RaisedFloor(F=2,publishes=2)(30)	Published(23)	true	Completed
P2	1	1	0	Rollback(Ring0)+Raise(3)	Mounted(publishes=2)(35) RaisedFloor(F=3,publishes=2)(30)	Published(23)	true	Completed
P2	1	1	0	Rollback(Ring0)+Raise(5)	Mounted(publishes=2)(35) RaisedFloor(F=5,publishes=2)(30)	Published(23)	true	Completed
P2	1	1	0	Rollback(Ring0)+Raise(8)	Mounted(publishes=2)(35) RaisedFloor(F=8,publishes=2)(30)	Published(23)	true	Completed
P2	1	1	0	Rollback(Ring0)+Raise(13)	Mounted(publishes=2)(35) RaisedFloor(F=13,publishes=2)(30)	Published(23)	true	Completed
P2	1	1	0	Rollback(Ring0)+Raise(21)	Mounted(publishes=2)(35) RaisedFloor(F=21,publishes=2)(30)	Published(23)	true	Completed
P2	1	1	0	Rollback(Ring0)+Raise(34)	Mounted(publishes=2)(35) RaisedFloor(F=34,publishes=2)(30)	Published(23)	true	Completed
P2	1	1	0	Rollback(Ring1)	Mounted(publishes=2)(35)	Published(23)	true	Completed
P2	1	1	0	Rollback(Ring1)+Overwrite	Mounted(publishes=2)(35) Published(23)	Published(23)	true	Completed
P2	1	1	0	Rollback(Ring1)+MountWritable	Mounted(publishes=2)(35) Mounted(publishes=2)(35)	Published(23)	true	Completed
P2	1	1	0	Rollback(Ring1)+ColdStartRecover	Mounted(publishes=2)(35) Recovered(0)	NotApplicable(NoWritableSession)(0)	false	Completed
P2	1	1	0	Rollback(Ring1)+Rollback(NewestFloor)	Mounted(publishes=2)(35) Mounted(publishes=2)(35)	Published(23)	true	Completed
P2	1	1	0	Rollback(Ring1)+Rollback(Ring0)	Mounted(publishes=2)(35) Mounted(publishes=2)(35)	Published(23)	true	Completed
P2	1	1	0	Rollback(Ring1)+Rollback(Ring1)	Mounted(publishes=2)(35) Mounted(publishes=2)(35)	Published(23)	true	Completed
P2	1	1	0	Rollback(Ring1)+Rollback(Ring2)	Mounted(publishes=2)(35) Refused(MountError::RollbackTargetNotACandidate(OnAbandonedTimeline))(0)	NotApplicable(NoWritableSession)(0)	false	Completed
P2	1	1	0	Rollback(Ring1)+Rollback(Ring3)	Mounted(publishes=2)(35) Mounted(publishes=2)(35)	Published(23)	true	Completed
P2	1	1	0	Rollback(Ring1)+Raise(0)	Mounted(publishes=2)(35) RaisedFloor(F=0,publishes=2)(30)	Published(23)	true	Completed
P2	1	1	0	Rollback(Ring1)+Raise(1)	Mounted(publishes=2)(35) RaisedFloor(F=1,publishes=2)(30)	Published(23)	true	Completed
P2	1	1	0	Rollback(Ring1)+Raise(2)	Mounted(publishes=2)(35) RaisedFloor(F=2,publishes=2)(30)	Published(23)	true	Completed
P2	1	1	0	Rollback(Ring1)+Raise(3)	Mounted(publishes=2)(35) RaisedFloor(F=3,publishes=2)(30)	Published(23)	true	Completed
P2	1	1	0	Rollback(Ring1)+Raise(5)	Mounted(publishes=2)(35) RaisedFloor(F=5,publishes=2)(30)	Published(23)	true	Completed
P2	1	1	0	Rollback(Ring1)+Raise(8)	Mounted(publishes=2)(35) RaisedFloor(F=8,publishes=2)(30)	Published(23)	true	Completed
P2	1	1	0	Rollback(Ring1)+Raise(13)	Mounted(publishes=2)(35) RaisedFloor(F=13,publishes=2)(30)	Published(23)	true	Completed
P2	1	1	0	Rollback(Ring1)+Raise(21)	Mounted(publishes=2)(35) RaisedFloor(F=21,publishes=2)(30)	Published(23)	true	Completed
P2	1	1	0	Rollback(Ring1)+Raise(34)	Mounted(publishes=2)(35) RaisedFloor(F=34,publishes=2)(30)	Published(23)	true	Completed
P2	1	1	0	Rollback(Ring2)	Mounted(publishes=2)(35)	Published(23)	true	Completed
P2	1	1	0	Rollback(Ring2)+Overwrite	Mounted(publishes=2)(35) Published(23)	Published(23)	true	Completed
P2	1	1	0	Rollback(Ring2)+MountWritable	Mounted(publishes=2)(35) Mounted(publishes=2)(35)	Published(23)	true	Completed
P2	1	1	0	Rollback(Ring2)+ColdStartRecover	Mounted(publishes=2)(35) Recovered(0)	NotApplicable(NoWritableSession)(0)	false	Completed
P2	1	1	0	Rollback(Ring2)+Rollback(NewestFloor)	Mounted(publishes=2)(35) Mounted(publishes=2)(35)	Published(23)	true	Completed
P2	1	1	0	Rollback(Ring2)+Rollback(Ring0)	Mounted(publishes=2)(35) Mounted(publishes=2)(35)	Published(23)	true	Completed
P2	1	1	0	Rollback(Ring2)+Rollback(Ring1)	Mounted(publishes=2)(35) Mounted(publishes=2)(35)	Published(23)	true	Completed
P2	1	1	0	Rollback(Ring2)+Rollback(Ring2)	Mounted(publishes=2)(35) Refused(MountError::RollbackTargetNotACandidate(OnAbandonedTimeline))(0)	NotApplicable(NoWritableSession)(0)	false	Completed
P2	1	1	0	Rollback(Ring2)+Rollback(Ring3)	Mounted(publishes=2)(35) Refused(MountError::RollbackTargetNotACandidate(OnAbandonedTimeline))(0)	NotApplicable(NoWritableSession)(0)	false	Completed
P2	1	1	0	Rollback(Ring2)+Raise(0)	Mounted(publishes=2)(35) RaisedFloor(F=0,publishes=2)(30)	Published(23)	true	Completed
P2	1	1	0	Rollback(Ring2)+Raise(1)	Mounted(publishes=2)(35) RaisedFloor(F=1,publishes=2)(30)	Published(23)	true	Completed
P2	1	1	0	Rollback(Ring2)+Raise(2)	Mounted(publishes=2)(35) RaisedFloor(F=2,publishes=2)(30)	Published(23)	true	Completed
P2	1	1	0	Rollback(Ring2)+Raise(3)	Mounted(publishes=2)(35) RaisedFloor(F=3,publishes=2)(30)	Published(23)	true	Completed
P2	1	1	0	Rollback(Ring2)+Raise(5)	Mounted(publishes=2)(35) RaisedFloor(F=5,publishes=2)(30)	Published(23)	true	Completed
P2	1	1	0	Rollback(Ring2)+Raise(8)	Mounted(publishes=2)(35) RaisedFloor(F=8,publishes=2)(30)	Published(23)	true	Completed
P2	1	1	0	Rollback(Ring2)+Raise(13)	Mounted(publishes=2)(35) RaisedFloor(F=13,publishes=2)(30)	Published(23)	true	Completed
P2	1	1	0	Rollback(Ring2)+Raise(21)	Mounted(publishes=2)(35) RaisedFloor(F=21,publishes=2)(30)	Published(23)	true	Completed
P2	1	1	0	Rollback(Ring2)+Raise(34)	Mounted(publishes=2)(35) RaisedFloor(F=34,publishes=2)(30)	Published(23)	true	Completed
P2	1	1	0	Rollback(Ring3)	Mounted(publishes=2)(35)	Published(23)	true	Completed
P2	1	1	0	Rollback(Ring3)+Overwrite	Mounted(publishes=2)(35) Published(23)	Published(23)	true	Completed
P2	1	1	0	Rollback(Ring3)+MountWritable	Mounted(publishes=2)(35) Mounted(publishes=2)(35)	Published(23)	true	Completed
P2	1	1	0	Rollback(Ring3)+ColdStartRecover	Mounted(publishes=2)(35) Recovered(0)	NotApplicable(NoWritableSession)(0)	false	Completed
P2	1	1	0	Rollback(Ring3)+Rollback(NewestFloor)	Mounted(publishes=2)(35) Mounted(publishes=2)(35)	Published(23)	true	Completed
P2	1	1	0	Rollback(Ring3)+Rollback(Ring0)	Mounted(publishes=2)(35) Mounted(publishes=2)(35)	Published(23)	true	Completed
P2	1	1	0	Rollback(Ring3)+Rollback(Ring1)	Mounted(publishes=2)(35) Mounted(publishes=2)(35)	Published(23)	true	Completed
P2	1	1	0	Rollback(Ring3)+Rollback(Ring2)	Mounted(publishes=2)(35) Refused(MountError::RollbackTargetNotACandidate(OnAbandonedTimeline))(0)	NotApplicable(NoWritableSession)(0)	false	Completed
P2	1	1	0	Rollback(Ring3)+Rollback(Ring3)	Mounted(publishes=2)(35) Refused(MountError::RollbackTargetNotACandidate(OnAbandonedTimeline))(0)	NotApplicable(NoWritableSession)(0)	false	Completed
P2	1	1	0	Rollback(Ring3)+Raise(0)	Mounted(publishes=2)(35) RaisedFloor(F=0,publishes=2)(30)	Published(23)	true	Completed
P2	1	1	0	Rollback(Ring3)+Raise(1)	Mounted(publishes=2)(35) RaisedFloor(F=1,publishes=2)(30)	Published(23)	true	Completed
P2	1	1	0	Rollback(Ring3)+Raise(2)	Mounted(publishes=2)(35) RaisedFloor(F=2,publishes=2)(30)	Published(23)	true	Completed
P2	1	1	0	Rollback(Ring3)+Raise(3)	Mounted(publishes=2)(35) RaisedFloor(F=3,publishes=2)(30)	Published(23)	true	Completed
P2	1	1	0	Rollback(Ring3)+Raise(5)	Mounted(publishes=2)(35) RaisedFloor(F=5,publishes=2)(30)	Published(23)	true	Completed
P2	1	1	0	Rollback(Ring3)+Raise(8)	Mounted(publishes=2)(35) RaisedFloor(F=8,publishes=2)(30)	Published(23)	true	Completed
P2	1	1	0	Rollback(Ring3)+Raise(13)	Mounted(publishes=2)(35) RaisedFloor(F=13,publishes=2)(30)	Published(23)	true	Completed
P2	1	1	0	Rollback(Ring3)+Raise(21)	Mounted(publishes=2)(35) RaisedFloor(F=21,publishes=2)(30)	Published(23)	true	Completed
P2	1	1	0	Rollback(Ring3)+Raise(34)	Mounted(publishes=2)(35) RaisedFloor(F=34,publishes=2)(30)	Published(23)	true	Completed
P2	1	1	0	Raise(0)	Refused(MountError::Publish(PublishError::PlacementRefused(NoFreeSlotOnAnyDevice)))(0)	Refused(PublishError::PlacementRefused(NoFreeSlotOnAnyDevice))(0)	false	Completed
P2	1	1	0	Raise(0)+Overwrite	Refused(MountError::Publish(PublishError::PlacementRefused(NoFreeSlotOnAnyDevice)))(0) Refused(PublishError::PlacementRefused(NoFreeSlotOnAnyDevice))(0)	Refused(PublishError::PlacementRefused(NoFreeSlotOnAnyDevice))(0)	false	Completed
P2	1	1	0	Raise(0)+MountWritable	Refused(MountError::Publish(PublishError::PlacementRefused(NoFreeSlotOnAnyDevice)))(0) Mounted(publishes=2)(35)	Published(23)	true	Completed
P2	1	1	0	Raise(0)+ColdStartRecover	Refused(MountError::Publish(PublishError::PlacementRefused(NoFreeSlotOnAnyDevice)))(0) Recovered(0)	NotApplicable(NoWritableSession)(0)	false	Completed
P2	1	1	0	Raise(0)+Rollback(NewestFloor)	Refused(MountError::Publish(PublishError::PlacementRefused(NoFreeSlotOnAnyDevice)))(0) Mounted(publishes=2)(35)	Published(23)	true	Completed
P2	1	1	0	Raise(0)+Rollback(Ring0)	Refused(MountError::Publish(PublishError::PlacementRefused(NoFreeSlotOnAnyDevice)))(0) Mounted(publishes=2)(35)	Published(23)	true	Completed
P2	1	1	0	Raise(0)+Rollback(Ring1)	Refused(MountError::Publish(PublishError::PlacementRefused(NoFreeSlotOnAnyDevice)))(0) Mounted(publishes=2)(35)	Published(23)	true	Completed
P2	1	1	0	Raise(0)+Rollback(Ring2)	Refused(MountError::Publish(PublishError::PlacementRefused(NoFreeSlotOnAnyDevice)))(0) Mounted(publishes=2)(35)	Published(23)	true	Completed
P2	1	1	0	Raise(0)+Rollback(Ring3)	Refused(MountError::Publish(PublishError::PlacementRefused(NoFreeSlotOnAnyDevice)))(0) Mounted(publishes=2)(35)	Published(23)	true	Completed
P2	1	1	0	Raise(0)+Raise(0)	Refused(MountError::Publish(PublishError::PlacementRefused(NoFreeSlotOnAnyDevice)))(0) Refused(MountError::Publish(PublishError::PlacementRefused(NoFreeSlotOnAnyDevice)))(0)	Refused(PublishError::PlacementRefused(NoFreeSlotOnAnyDevice))(0)	false	Completed
P2	1	1	0	Raise(0)+Raise(1)	Refused(MountError::Publish(PublishError::PlacementRefused(NoFreeSlotOnAnyDevice)))(0) Refused(MountError::Publish(PublishError::PlacementRefused(NoFreeSlotOnAnyDevice)))(0)	Refused(PublishError::PlacementRefused(NoFreeSlotOnAnyDevice))(0)	false	Completed
P2	1	1	0	Raise(0)+Raise(2)	Refused(MountError::Publish(PublishError::PlacementRefused(NoFreeSlotOnAnyDevice)))(0) Refused(MountError::Publish(PublishError::PlacementRefused(NoFreeSlotOnAnyDevice)))(0)	Refused(PublishError::PlacementRefused(NoFreeSlotOnAnyDevice))(0)	false	Completed
P2	1	1	0	Raise(0)+Raise(3)	Refused(MountError::Publish(PublishError::PlacementRefused(NoFreeSlotOnAnyDevice)))(0) Refused(MountError::Publish(PublishError::PlacementRefused(NoFreeSlotOnAnyDevice)))(0)	Refused(PublishError::PlacementRefused(NoFreeSlotOnAnyDevice))(0)	false	Completed
P2	1	1	0	Raise(0)+Raise(5)	Refused(MountError::Publish(PublishError::PlacementRefused(NoFreeSlotOnAnyDevice)))(0) Refused(MountError::Publish(PublishError::PlacementRefused(NoFreeSlotOnAnyDevice)))(0)	Refused(PublishError::PlacementRefused(NoFreeSlotOnAnyDevice))(0)	false	Completed
P2	1	1	0	Raise(0)+Raise(8)	Refused(MountError::Publish(PublishError::PlacementRefused(NoFreeSlotOnAnyDevice)))(0) Refused(MountError::Publish(PublishError::PlacementRefused(NoFreeSlotOnAnyDevice)))(0)	Refused(PublishError::PlacementRefused(NoFreeSlotOnAnyDevice))(0)	false	Completed
P2	1	1	0	Raise(0)+Raise(13)	Refused(MountError::Publish(PublishError::PlacementRefused(NoFreeSlotOnAnyDevice)))(0) Refused(MountError::Publish(PublishError::PlacementRefused(NoFreeSlotOnAnyDevice)))(0)	Refused(PublishError::PlacementRefused(NoFreeSlotOnAnyDevice))(0)	false	Completed
P2	1	1	0	Raise(0)+Raise(21)	Refused(MountError::Publish(PublishError::PlacementRefused(NoFreeSlotOnAnyDevice)))(0) Refused(MountError::Publish(PublishError::PlacementRefused(NoFreeSlotOnAnyDevice)))(0)	Refused(PublishError::PlacementRefused(NoFreeSlotOnAnyDevice))(0)	false	Completed
P2	1	1	0	Raise(0)+Raise(34)	Refused(MountError::Publish(PublishError::PlacementRefused(NoFreeSlotOnAnyDevice)))(0) Refused(MountError::Publish(PublishError::PlacementRefused(NoFreeSlotOnAnyDevice)))(0)	Refused(PublishError::PlacementRefused(NoFreeSlotOnAnyDevice))(0)	false	Completed
P2	1	1	0	Raise(1)	Refused(MountError::Publish(PublishError::PlacementRefused(NoFreeSlotOnAnyDevice)))(0)	Refused(PublishError::PlacementRefused(NoFreeSlotOnAnyDevice))(0)	false	Completed
P2	1	1	0	Raise(1)+Overwrite	Refused(MountError::Publish(PublishError::PlacementRefused(NoFreeSlotOnAnyDevice)))(0) Refused(PublishError::PlacementRefused(NoFreeSlotOnAnyDevice))(0)	Refused(PublishError::PlacementRefused(NoFreeSlotOnAnyDevice))(0)	false	Completed
P2	1	1	0	Raise(1)+MountWritable	Refused(MountError::Publish(PublishError::PlacementRefused(NoFreeSlotOnAnyDevice)))(0) Mounted(publishes=2)(35)	Published(23)	true	Completed
P2	1	1	0	Raise(1)+ColdStartRecover	Refused(MountError::Publish(PublishError::PlacementRefused(NoFreeSlotOnAnyDevice)))(0) Recovered(0)	NotApplicable(NoWritableSession)(0)	false	Completed
P2	1	1	0	Raise(1)+Rollback(NewestFloor)	Refused(MountError::Publish(PublishError::PlacementRefused(NoFreeSlotOnAnyDevice)))(0) Mounted(publishes=2)(35)	Published(23)	true	Completed
P2	1	1	0	Raise(1)+Rollback(Ring0)	Refused(MountError::Publish(PublishError::PlacementRefused(NoFreeSlotOnAnyDevice)))(0) Mounted(publishes=2)(35)	Published(23)	true	Completed
P2	1	1	0	Raise(1)+Rollback(Ring1)	Refused(MountError::Publish(PublishError::PlacementRefused(NoFreeSlotOnAnyDevice)))(0) Mounted(publishes=2)(35)	Published(23)	true	Completed
P2	1	1	0	Raise(1)+Rollback(Ring2)	Refused(MountError::Publish(PublishError::PlacementRefused(NoFreeSlotOnAnyDevice)))(0) Mounted(publishes=2)(35)	Published(23)	true	Completed
P2	1	1	0	Raise(1)+Rollback(Ring3)	Refused(MountError::Publish(PublishError::PlacementRefused(NoFreeSlotOnAnyDevice)))(0) Mounted(publishes=2)(35)	Published(23)	true	Completed
P2	1	1	0	Raise(1)+Raise(0)	Refused(MountError::Publish(PublishError::PlacementRefused(NoFreeSlotOnAnyDevice)))(0) Refused(MountError::Publish(PublishError::PlacementRefused(NoFreeSlotOnAnyDevice)))(0)	Refused(PublishError::PlacementRefused(NoFreeSlotOnAnyDevice))(0)	false	Completed
P2	1	1	0	Raise(1)+Raise(1)	Refused(MountError::Publish(PublishError::PlacementRefused(NoFreeSlotOnAnyDevice)))(0) Refused(MountError::Publish(PublishError::PlacementRefused(NoFreeSlotOnAnyDevice)))(0)	Refused(PublishError::PlacementRefused(NoFreeSlotOnAnyDevice))(0)	false	Completed
P2	1	1	0	Raise(1)+Raise(2)	Refused(MountError::Publish(PublishError::PlacementRefused(NoFreeSlotOnAnyDevice)))(0) Refused(MountError::Publish(PublishError::PlacementRefused(NoFreeSlotOnAnyDevice)))(0)	Refused(PublishError::PlacementRefused(NoFreeSlotOnAnyDevice))(0)	false	Completed
P2	1	1	0	Raise(1)+Raise(3)	Refused(MountError::Publish(PublishError::PlacementRefused(NoFreeSlotOnAnyDevice)))(0) Refused(MountError::Publish(PublishError::PlacementRefused(NoFreeSlotOnAnyDevice)))(0)	Refused(PublishError::PlacementRefused(NoFreeSlotOnAnyDevice))(0)	false	Completed
P2	1	1	0	Raise(1)+Raise(5)	Refused(MountError::Publish(PublishError::PlacementRefused(NoFreeSlotOnAnyDevice)))(0) Refused(MountError::Publish(PublishError::PlacementRefused(NoFreeSlotOnAnyDevice)))(0)	Refused(PublishError::PlacementRefused(NoFreeSlotOnAnyDevice))(0)	false	Completed
P2	1	1	0	Raise(1)+Raise(8)	Refused(MountError::Publish(PublishError::PlacementRefused(NoFreeSlotOnAnyDevice)))(0) Refused(MountError::Publish(PublishError::PlacementRefused(NoFreeSlotOnAnyDevice)))(0)	Refused(PublishError::PlacementRefused(NoFreeSlotOnAnyDevice))(0)	false	Completed
P2	1	1	0	Raise(1)+Raise(13)	Refused(MountError::Publish(PublishError::PlacementRefused(NoFreeSlotOnAnyDevice)))(0) Refused(MountError::Publish(PublishError::PlacementRefused(NoFreeSlotOnAnyDevice)))(0)	Refused(PublishError::PlacementRefused(NoFreeSlotOnAnyDevice))(0)	false	Completed
P2	1	1	0	Raise(1)+Raise(21)	Refused(MountError::Publish(PublishError::PlacementRefused(NoFreeSlotOnAnyDevice)))(0) Refused(MountError::Publish(PublishError::PlacementRefused(NoFreeSlotOnAnyDevice)))(0)	Refused(PublishError::PlacementRefused(NoFreeSlotOnAnyDevice))(0)	false	Completed
P2	1	1	0	Raise(1)+Raise(34)	Refused(MountError::Publish(PublishError::PlacementRefused(NoFreeSlotOnAnyDevice)))(0) Refused(MountError::Publish(PublishError::PlacementRefused(NoFreeSlotOnAnyDevice)))(0)	Refused(PublishError::PlacementRefused(NoFreeSlotOnAnyDevice))(0)	false	Completed
P2	1	1	0	Raise(2)	Refused(MountError::Publish(PublishError::PlacementRefused(NoFreeSlotOnAnyDevice)))(0)	Refused(PublishError::PlacementRefused(NoFreeSlotOnAnyDevice))(0)	false	Completed
P2	1	1	0	Raise(2)+Overwrite	Refused(MountError::Publish(PublishError::PlacementRefused(NoFreeSlotOnAnyDevice)))(0) Refused(PublishError::PlacementRefused(NoFreeSlotOnAnyDevice))(0)	Refused(PublishError::PlacementRefused(NoFreeSlotOnAnyDevice))(0)	false	Completed
P2	1	1	0	Raise(2)+MountWritable	Refused(MountError::Publish(PublishError::PlacementRefused(NoFreeSlotOnAnyDevice)))(0) Mounted(publishes=2)(35)	Published(23)	true	Completed
P2	1	1	0	Raise(2)+ColdStartRecover	Refused(MountError::Publish(PublishError::PlacementRefused(NoFreeSlotOnAnyDevice)))(0) Recovered(0)	NotApplicable(NoWritableSession)(0)	false	Completed
P2	1	1	0	Raise(2)+Rollback(NewestFloor)	Refused(MountError::Publish(PublishError::PlacementRefused(NoFreeSlotOnAnyDevice)))(0) Mounted(publishes=2)(35)	Published(23)	true	Completed
P2	1	1	0	Raise(2)+Rollback(Ring0)	Refused(MountError::Publish(PublishError::PlacementRefused(NoFreeSlotOnAnyDevice)))(0) Mounted(publishes=2)(35)	Published(23)	true	Completed
P2	1	1	0	Raise(2)+Rollback(Ring1)	Refused(MountError::Publish(PublishError::PlacementRefused(NoFreeSlotOnAnyDevice)))(0) Mounted(publishes=2)(35)	Published(23)	true	Completed
P2	1	1	0	Raise(2)+Rollback(Ring2)	Refused(MountError::Publish(PublishError::PlacementRefused(NoFreeSlotOnAnyDevice)))(0) Mounted(publishes=2)(35)	Published(23)	true	Completed
P2	1	1	0	Raise(2)+Rollback(Ring3)	Refused(MountError::Publish(PublishError::PlacementRefused(NoFreeSlotOnAnyDevice)))(0) Mounted(publishes=2)(35)	Published(23)	true	Completed
P2	1	1	0	Raise(2)+Raise(0)	Refused(MountError::Publish(PublishError::PlacementRefused(NoFreeSlotOnAnyDevice)))(0) Refused(MountError::Publish(PublishError::PlacementRefused(NoFreeSlotOnAnyDevice)))(0)	Refused(PublishError::PlacementRefused(NoFreeSlotOnAnyDevice))(0)	false	Completed
P2	1	1	0	Raise(2)+Raise(1)	Refused(MountError::Publish(PublishError::PlacementRefused(NoFreeSlotOnAnyDevice)))(0) Refused(MountError::Publish(PublishError::PlacementRefused(NoFreeSlotOnAnyDevice)))(0)	Refused(PublishError::PlacementRefused(NoFreeSlotOnAnyDevice))(0)	false	Completed
P2	1	1	0	Raise(2)+Raise(2)	Refused(MountError::Publish(PublishError::PlacementRefused(NoFreeSlotOnAnyDevice)))(0) Refused(MountError::Publish(PublishError::PlacementRefused(NoFreeSlotOnAnyDevice)))(0)	Refused(PublishError::PlacementRefused(NoFreeSlotOnAnyDevice))(0)	false	Completed
P2	1	1	0	Raise(2)+Raise(3)	Refused(MountError::Publish(PublishError::PlacementRefused(NoFreeSlotOnAnyDevice)))(0) Refused(MountError::Publish(PublishError::PlacementRefused(NoFreeSlotOnAnyDevice)))(0)	Refused(PublishError::PlacementRefused(NoFreeSlotOnAnyDevice))(0)	false	Completed
P2	1	1	0	Raise(2)+Raise(5)	Refused(MountError::Publish(PublishError::PlacementRefused(NoFreeSlotOnAnyDevice)))(0) Refused(MountError::Publish(PublishError::PlacementRefused(NoFreeSlotOnAnyDevice)))(0)	Refused(PublishError::PlacementRefused(NoFreeSlotOnAnyDevice))(0)	false	Completed
P2	1	1	0	Raise(2)+Raise(8)	Refused(MountError::Publish(PublishError::PlacementRefused(NoFreeSlotOnAnyDevice)))(0) Refused(MountError::Publish(PublishError::PlacementRefused(NoFreeSlotOnAnyDevice)))(0)	Refused(PublishError::PlacementRefused(NoFreeSlotOnAnyDevice))(0)	false	Completed
P2	1	1	0	Raise(2)+Raise(13)	Refused(MountError::Publish(PublishError::PlacementRefused(NoFreeSlotOnAnyDevice)))(0) Refused(MountError::Publish(PublishError::PlacementRefused(NoFreeSlotOnAnyDevice)))(0)	Refused(PublishError::PlacementRefused(NoFreeSlotOnAnyDevice))(0)	false	Completed
P2	1	1	0	Raise(2)+Raise(21)	Refused(MountError::Publish(PublishError::PlacementRefused(NoFreeSlotOnAnyDevice)))(0) Refused(MountError::Publish(PublishError::PlacementRefused(NoFreeSlotOnAnyDevice)))(0)	Refused(PublishError::PlacementRefused(NoFreeSlotOnAnyDevice))(0)	false	Completed
P2	1	1	0	Raise(2)+Raise(34)	Refused(MountError::Publish(PublishError::PlacementRefused(NoFreeSlotOnAnyDevice)))(0) Refused(MountError::Publish(PublishError::PlacementRefused(NoFreeSlotOnAnyDevice)))(0)	Refused(PublishError::PlacementRefused(NoFreeSlotOnAnyDevice))(0)	false	Completed
P2	1	1	0	Raise(3)	Refused(MountError::Publish(PublishError::PlacementRefused(NoFreeSlotOnAnyDevice)))(0)	Refused(PublishError::PlacementRefused(NoFreeSlotOnAnyDevice))(0)	false	Completed
P2	1	1	0	Raise(3)+Overwrite	Refused(MountError::Publish(PublishError::PlacementRefused(NoFreeSlotOnAnyDevice)))(0) Refused(PublishError::PlacementRefused(NoFreeSlotOnAnyDevice))(0)	Refused(PublishError::PlacementRefused(NoFreeSlotOnAnyDevice))(0)	false	Completed
P2	1	1	0	Raise(3)+MountWritable	Refused(MountError::Publish(PublishError::PlacementRefused(NoFreeSlotOnAnyDevice)))(0) Mounted(publishes=2)(35)	Published(23)	true	Completed
P2	1	1	0	Raise(3)+ColdStartRecover	Refused(MountError::Publish(PublishError::PlacementRefused(NoFreeSlotOnAnyDevice)))(0) Recovered(0)	NotApplicable(NoWritableSession)(0)	false	Completed
P2	1	1	0	Raise(3)+Rollback(NewestFloor)	Refused(MountError::Publish(PublishError::PlacementRefused(NoFreeSlotOnAnyDevice)))(0) Mounted(publishes=2)(35)	Published(23)	true	Completed
P2	1	1	0	Raise(3)+Rollback(Ring0)	Refused(MountError::Publish(PublishError::PlacementRefused(NoFreeSlotOnAnyDevice)))(0) Mounted(publishes=2)(35)	Published(23)	true	Completed
P2	1	1	0	Raise(3)+Rollback(Ring1)	Refused(MountError::Publish(PublishError::PlacementRefused(NoFreeSlotOnAnyDevice)))(0) Mounted(publishes=2)(35)	Published(23)	true	Completed
P2	1	1	0	Raise(3)+Rollback(Ring2)	Refused(MountError::Publish(PublishError::PlacementRefused(NoFreeSlotOnAnyDevice)))(0) Mounted(publishes=2)(35)	Published(23)	true	Completed
P2	1	1	0	Raise(3)+Rollback(Ring3)	Refused(MountError::Publish(PublishError::PlacementRefused(NoFreeSlotOnAnyDevice)))(0) Mounted(publishes=2)(35)	Published(23)	true	Completed
P2	1	1	0	Raise(3)+Raise(0)	Refused(MountError::Publish(PublishError::PlacementRefused(NoFreeSlotOnAnyDevice)))(0) Refused(MountError::Publish(PublishError::PlacementRefused(NoFreeSlotOnAnyDevice)))(0)	Refused(PublishError::PlacementRefused(NoFreeSlotOnAnyDevice))(0)	false	Completed
P2	1	1	0	Raise(3)+Raise(1)	Refused(MountError::Publish(PublishError::PlacementRefused(NoFreeSlotOnAnyDevice)))(0) Refused(MountError::Publish(PublishError::PlacementRefused(NoFreeSlotOnAnyDevice)))(0)	Refused(PublishError::PlacementRefused(NoFreeSlotOnAnyDevice))(0)	false	Completed
P2	1	1	0	Raise(3)+Raise(2)	Refused(MountError::Publish(PublishError::PlacementRefused(NoFreeSlotOnAnyDevice)))(0) Refused(MountError::Publish(PublishError::PlacementRefused(NoFreeSlotOnAnyDevice)))(0)	Refused(PublishError::PlacementRefused(NoFreeSlotOnAnyDevice))(0)	false	Completed
P2	1	1	0	Raise(3)+Raise(3)	Refused(MountError::Publish(PublishError::PlacementRefused(NoFreeSlotOnAnyDevice)))(0) Refused(MountError::Publish(PublishError::PlacementRefused(NoFreeSlotOnAnyDevice)))(0)	Refused(PublishError::PlacementRefused(NoFreeSlotOnAnyDevice))(0)	false	Completed
P2	1	1	0	Raise(3)+Raise(5)	Refused(MountError::Publish(PublishError::PlacementRefused(NoFreeSlotOnAnyDevice)))(0) Refused(MountError::Publish(PublishError::PlacementRefused(NoFreeSlotOnAnyDevice)))(0)	Refused(PublishError::PlacementRefused(NoFreeSlotOnAnyDevice))(0)	false	Completed
P2	1	1	0	Raise(3)+Raise(8)	Refused(MountError::Publish(PublishError::PlacementRefused(NoFreeSlotOnAnyDevice)))(0) Refused(MountError::Publish(PublishError::PlacementRefused(NoFreeSlotOnAnyDevice)))(0)	Refused(PublishError::PlacementRefused(NoFreeSlotOnAnyDevice))(0)	false	Completed
P2	1	1	0	Raise(3)+Raise(13)	Refused(MountError::Publish(PublishError::PlacementRefused(NoFreeSlotOnAnyDevice)))(0) Refused(MountError::Publish(PublishError::PlacementRefused(NoFreeSlotOnAnyDevice)))(0)	Refused(PublishError::PlacementRefused(NoFreeSlotOnAnyDevice))(0)	false	Completed
P2	1	1	0	Raise(3)+Raise(21)	Refused(MountError::Publish(PublishError::PlacementRefused(NoFreeSlotOnAnyDevice)))(0) Refused(MountError::Publish(PublishError::PlacementRefused(NoFreeSlotOnAnyDevice)))(0)	Refused(PublishError::PlacementRefused(NoFreeSlotOnAnyDevice))(0)	false	Completed
P2	1	1	0	Raise(3)+Raise(34)	Refused(MountError::Publish(PublishError::PlacementRefused(NoFreeSlotOnAnyDevice)))(0) Refused(MountError::Publish(PublishError::PlacementRefused(NoFreeSlotOnAnyDevice)))(0)	Refused(PublishError::PlacementRefused(NoFreeSlotOnAnyDevice))(0)	false	Completed
P2	1	1	0	Raise(5)	Refused(MountError::Publish(PublishError::PlacementRefused(NoFreeSlotOnAnyDevice)))(0)	Refused(PublishError::PlacementRefused(NoFreeSlotOnAnyDevice))(0)	false	Completed
P2	1	1	0	Raise(5)+Overwrite	Refused(MountError::Publish(PublishError::PlacementRefused(NoFreeSlotOnAnyDevice)))(0) Refused(PublishError::PlacementRefused(NoFreeSlotOnAnyDevice))(0)	Refused(PublishError::PlacementRefused(NoFreeSlotOnAnyDevice))(0)	false	Completed
P2	1	1	0	Raise(5)+MountWritable	Refused(MountError::Publish(PublishError::PlacementRefused(NoFreeSlotOnAnyDevice)))(0) Mounted(publishes=2)(35)	Published(23)	true	Completed
P2	1	1	0	Raise(5)+ColdStartRecover	Refused(MountError::Publish(PublishError::PlacementRefused(NoFreeSlotOnAnyDevice)))(0) Recovered(0)	NotApplicable(NoWritableSession)(0)	false	Completed
P2	1	1	0	Raise(5)+Rollback(NewestFloor)	Refused(MountError::Publish(PublishError::PlacementRefused(NoFreeSlotOnAnyDevice)))(0) Mounted(publishes=2)(35)	Published(23)	true	Completed
P2	1	1	0	Raise(5)+Rollback(Ring0)	Refused(MountError::Publish(PublishError::PlacementRefused(NoFreeSlotOnAnyDevice)))(0) Mounted(publishes=2)(35)	Published(23)	true	Completed
P2	1	1	0	Raise(5)+Rollback(Ring1)	Refused(MountError::Publish(PublishError::PlacementRefused(NoFreeSlotOnAnyDevice)))(0) Mounted(publishes=2)(35)	Published(23)	true	Completed
P2	1	1	0	Raise(5)+Rollback(Ring2)	Refused(MountError::Publish(PublishError::PlacementRefused(NoFreeSlotOnAnyDevice)))(0) Mounted(publishes=2)(35)	Published(23)	true	Completed
P2	1	1	0	Raise(5)+Rollback(Ring3)	Refused(MountError::Publish(PublishError::PlacementRefused(NoFreeSlotOnAnyDevice)))(0) Mounted(publishes=2)(35)	Published(23)	true	Completed
P2	1	1	0	Raise(5)+Raise(0)	Refused(MountError::Publish(PublishError::PlacementRefused(NoFreeSlotOnAnyDevice)))(0) Refused(MountError::Publish(PublishError::PlacementRefused(NoFreeSlotOnAnyDevice)))(0)	Refused(PublishError::PlacementRefused(NoFreeSlotOnAnyDevice))(0)	false	Completed
P2	1	1	0	Raise(5)+Raise(1)	Refused(MountError::Publish(PublishError::PlacementRefused(NoFreeSlotOnAnyDevice)))(0) Refused(MountError::Publish(PublishError::PlacementRefused(NoFreeSlotOnAnyDevice)))(0)	Refused(PublishError::PlacementRefused(NoFreeSlotOnAnyDevice))(0)	false	Completed
P2	1	1	0	Raise(5)+Raise(2)	Refused(MountError::Publish(PublishError::PlacementRefused(NoFreeSlotOnAnyDevice)))(0) Refused(MountError::Publish(PublishError::PlacementRefused(NoFreeSlotOnAnyDevice)))(0)	Refused(PublishError::PlacementRefused(NoFreeSlotOnAnyDevice))(0)	false	Completed
P2	1	1	0	Raise(5)+Raise(3)	Refused(MountError::Publish(PublishError::PlacementRefused(NoFreeSlotOnAnyDevice)))(0) Refused(MountError::Publish(PublishError::PlacementRefused(NoFreeSlotOnAnyDevice)))(0)	Refused(PublishError::PlacementRefused(NoFreeSlotOnAnyDevice))(0)	false	Completed
P2	1	1	0	Raise(5)+Raise(5)	Refused(MountError::Publish(PublishError::PlacementRefused(NoFreeSlotOnAnyDevice)))(0) Refused(MountError::Publish(PublishError::PlacementRefused(NoFreeSlotOnAnyDevice)))(0)	Refused(PublishError::PlacementRefused(NoFreeSlotOnAnyDevice))(0)	false	Completed
P2	1	1	0	Raise(5)+Raise(8)	Refused(MountError::Publish(PublishError::PlacementRefused(NoFreeSlotOnAnyDevice)))(0) Refused(MountError::Publish(PublishError::PlacementRefused(NoFreeSlotOnAnyDevice)))(0)	Refused(PublishError::PlacementRefused(NoFreeSlotOnAnyDevice))(0)	false	Completed
P2	1	1	0	Raise(5)+Raise(13)	Refused(MountError::Publish(PublishError::PlacementRefused(NoFreeSlotOnAnyDevice)))(0) Refused(MountError::Publish(PublishError::PlacementRefused(NoFreeSlotOnAnyDevice)))(0)	Refused(PublishError::PlacementRefused(NoFreeSlotOnAnyDevice))(0)	false	Completed
P2	1	1	0	Raise(5)+Raise(21)	Refused(MountError::Publish(PublishError::PlacementRefused(NoFreeSlotOnAnyDevice)))(0) Refused(MountError::Publish(PublishError::PlacementRefused(NoFreeSlotOnAnyDevice)))(0)	Refused(PublishError::PlacementRefused(NoFreeSlotOnAnyDevice))(0)	false	Completed
P2	1	1	0	Raise(5)+Raise(34)	Refused(MountError::Publish(PublishError::PlacementRefused(NoFreeSlotOnAnyDevice)))(0) Refused(MountError::Publish(PublishError::PlacementRefused(NoFreeSlotOnAnyDevice)))(0)	Refused(PublishError::PlacementRefused(NoFreeSlotOnAnyDevice))(0)	false	Completed
P2	1	1	0	Raise(8)	Refused(MountError::Publish(PublishError::PlacementRefused(NoFreeSlotOnAnyDevice)))(0)	Refused(PublishError::PlacementRefused(NoFreeSlotOnAnyDevice))(0)	false	Completed
P2	1	1	0	Raise(8)+Overwrite	Refused(MountError::Publish(PublishError::PlacementRefused(NoFreeSlotOnAnyDevice)))(0) Refused(PublishError::PlacementRefused(NoFreeSlotOnAnyDevice))(0)	Refused(PublishError::PlacementRefused(NoFreeSlotOnAnyDevice))(0)	false	Completed
P2	1	1	0	Raise(8)+MountWritable	Refused(MountError::Publish(PublishError::PlacementRefused(NoFreeSlotOnAnyDevice)))(0) Mounted(publishes=2)(35)	Published(23)	true	Completed
P2	1	1	0	Raise(8)+ColdStartRecover	Refused(MountError::Publish(PublishError::PlacementRefused(NoFreeSlotOnAnyDevice)))(0) Recovered(0)	NotApplicable(NoWritableSession)(0)	false	Completed
P2	1	1	0	Raise(8)+Rollback(NewestFloor)	Refused(MountError::Publish(PublishError::PlacementRefused(NoFreeSlotOnAnyDevice)))(0) Mounted(publishes=2)(35)	Published(23)	true	Completed
P2	1	1	0	Raise(8)+Rollback(Ring0)	Refused(MountError::Publish(PublishError::PlacementRefused(NoFreeSlotOnAnyDevice)))(0) Mounted(publishes=2)(35)	Published(23)	true	Completed
P2	1	1	0	Raise(8)+Rollback(Ring1)	Refused(MountError::Publish(PublishError::PlacementRefused(NoFreeSlotOnAnyDevice)))(0) Mounted(publishes=2)(35)	Published(23)	true	Completed
P2	1	1	0	Raise(8)+Rollback(Ring2)	Refused(MountError::Publish(PublishError::PlacementRefused(NoFreeSlotOnAnyDevice)))(0) Mounted(publishes=2)(35)	Published(23)	true	Completed
P2	1	1	0	Raise(8)+Rollback(Ring3)	Refused(MountError::Publish(PublishError::PlacementRefused(NoFreeSlotOnAnyDevice)))(0) Mounted(publishes=2)(35)	Published(23)	true	Completed
P2	1	1	0	Raise(8)+Raise(0)	Refused(MountError::Publish(PublishError::PlacementRefused(NoFreeSlotOnAnyDevice)))(0) Refused(MountError::Publish(PublishError::PlacementRefused(NoFreeSlotOnAnyDevice)))(0)	Refused(PublishError::PlacementRefused(NoFreeSlotOnAnyDevice))(0)	false	Completed
P2	1	1	0	Raise(8)+Raise(1)	Refused(MountError::Publish(PublishError::PlacementRefused(NoFreeSlotOnAnyDevice)))(0) Refused(MountError::Publish(PublishError::PlacementRefused(NoFreeSlotOnAnyDevice)))(0)	Refused(PublishError::PlacementRefused(NoFreeSlotOnAnyDevice))(0)	false	Completed
P2	1	1	0	Raise(8)+Raise(2)	Refused(MountError::Publish(PublishError::PlacementRefused(NoFreeSlotOnAnyDevice)))(0) Refused(MountError::Publish(PublishError::PlacementRefused(NoFreeSlotOnAnyDevice)))(0)	Refused(PublishError::PlacementRefused(NoFreeSlotOnAnyDevice))(0)	false	Completed
P2	1	1	0	Raise(8)+Raise(3)	Refused(MountError::Publish(PublishError::PlacementRefused(NoFreeSlotOnAnyDevice)))(0) Refused(MountError::Publish(PublishError::PlacementRefused(NoFreeSlotOnAnyDevice)))(0)	Refused(PublishError::PlacementRefused(NoFreeSlotOnAnyDevice))(0)	false	Completed
P2	1	1	0	Raise(8)+Raise(5)	Refused(MountError::Publish(PublishError::PlacementRefused(NoFreeSlotOnAnyDevice)))(0) Refused(MountError::Publish(PublishError::PlacementRefused(NoFreeSlotOnAnyDevice)))(0)	Refused(PublishError::PlacementRefused(NoFreeSlotOnAnyDevice))(0)	false	Completed
P2	1	1	0	Raise(8)+Raise(8)	Refused(MountError::Publish(PublishError::PlacementRefused(NoFreeSlotOnAnyDevice)))(0) Refused(MountError::Publish(PublishError::PlacementRefused(NoFreeSlotOnAnyDevice)))(0)	Refused(PublishError::PlacementRefused(NoFreeSlotOnAnyDevice))(0)	false	Completed
P2	1	1	0	Raise(8)+Raise(13)	Refused(MountError::Publish(PublishError::PlacementRefused(NoFreeSlotOnAnyDevice)))(0) Refused(MountError::Publish(PublishError::PlacementRefused(NoFreeSlotOnAnyDevice)))(0)	Refused(PublishError::PlacementRefused(NoFreeSlotOnAnyDevice))(0)	false	Completed
P2	1	1	0	Raise(8)+Raise(21)	Refused(MountError::Publish(PublishError::PlacementRefused(NoFreeSlotOnAnyDevice)))(0) Refused(MountError::Publish(PublishError::PlacementRefused(NoFreeSlotOnAnyDevice)))(0)	Refused(PublishError::PlacementRefused(NoFreeSlotOnAnyDevice))(0)	false	Completed
P2	1	1	0	Raise(8)+Raise(34)	Refused(MountError::Publish(PublishError::PlacementRefused(NoFreeSlotOnAnyDevice)))(0) Refused(MountError::Publish(PublishError::PlacementRefused(NoFreeSlotOnAnyDevice)))(0)	Refused(PublishError::PlacementRefused(NoFreeSlotOnAnyDevice))(0)	false	Completed
P2	1	1	0	Raise(13)	Refused(MountError::Publish(PublishError::PlacementRefused(NoFreeSlotOnAnyDevice)))(0)	Refused(PublishError::PlacementRefused(NoFreeSlotOnAnyDevice))(0)	false	Completed
P2	1	1	0	Raise(13)+Overwrite	Refused(MountError::Publish(PublishError::PlacementRefused(NoFreeSlotOnAnyDevice)))(0) Refused(PublishError::PlacementRefused(NoFreeSlotOnAnyDevice))(0)	Refused(PublishError::PlacementRefused(NoFreeSlotOnAnyDevice))(0)	false	Completed
P2	1	1	0	Raise(13)+MountWritable	Refused(MountError::Publish(PublishError::PlacementRefused(NoFreeSlotOnAnyDevice)))(0) Mounted(publishes=2)(35)	Published(23)	true	Completed
P2	1	1	0	Raise(13)+ColdStartRecover	Refused(MountError::Publish(PublishError::PlacementRefused(NoFreeSlotOnAnyDevice)))(0) Recovered(0)	NotApplicable(NoWritableSession)(0)	false	Completed
P2	1	1	0	Raise(13)+Rollback(NewestFloor)	Refused(MountError::Publish(PublishError::PlacementRefused(NoFreeSlotOnAnyDevice)))(0) Mounted(publishes=2)(35)	Published(23)	true	Completed
P2	1	1	0	Raise(13)+Rollback(Ring0)	Refused(MountError::Publish(PublishError::PlacementRefused(NoFreeSlotOnAnyDevice)))(0) Mounted(publishes=2)(35)	Published(23)	true	Completed
P2	1	1	0	Raise(13)+Rollback(Ring1)	Refused(MountError::Publish(PublishError::PlacementRefused(NoFreeSlotOnAnyDevice)))(0) Mounted(publishes=2)(35)	Published(23)	true	Completed
P2	1	1	0	Raise(13)+Rollback(Ring2)	Refused(MountError::Publish(PublishError::PlacementRefused(NoFreeSlotOnAnyDevice)))(0) Mounted(publishes=2)(35)	Published(23)	true	Completed
P2	1	1	0	Raise(13)+Rollback(Ring3)	Refused(MountError::Publish(PublishError::PlacementRefused(NoFreeSlotOnAnyDevice)))(0) Mounted(publishes=2)(35)	Published(23)	true	Completed
P2	1	1	0	Raise(13)+Raise(0)	Refused(MountError::Publish(PublishError::PlacementRefused(NoFreeSlotOnAnyDevice)))(0) Refused(MountError::Publish(PublishError::PlacementRefused(NoFreeSlotOnAnyDevice)))(0)	Refused(PublishError::PlacementRefused(NoFreeSlotOnAnyDevice))(0)	false	Completed
P2	1	1	0	Raise(13)+Raise(1)	Refused(MountError::Publish(PublishError::PlacementRefused(NoFreeSlotOnAnyDevice)))(0) Refused(MountError::Publish(PublishError::PlacementRefused(NoFreeSlotOnAnyDevice)))(0)	Refused(PublishError::PlacementRefused(NoFreeSlotOnAnyDevice))(0)	false	Completed
P2	1	1	0	Raise(13)+Raise(2)	Refused(MountError::Publish(PublishError::PlacementRefused(NoFreeSlotOnAnyDevice)))(0) Refused(MountError::Publish(PublishError::PlacementRefused(NoFreeSlotOnAnyDevice)))(0)	Refused(PublishError::PlacementRefused(NoFreeSlotOnAnyDevice))(0)	false	Completed
P2	1	1	0	Raise(13)+Raise(3)	Refused(MountError::Publish(PublishError::PlacementRefused(NoFreeSlotOnAnyDevice)))(0) Refused(MountError::Publish(PublishError::PlacementRefused(NoFreeSlotOnAnyDevice)))(0)	Refused(PublishError::PlacementRefused(NoFreeSlotOnAnyDevice))(0)	false	Completed
P2	1	1	0	Raise(13)+Raise(5)	Refused(MountError::Publish(PublishError::PlacementRefused(NoFreeSlotOnAnyDevice)))(0) Refused(MountError::Publish(PublishError::PlacementRefused(NoFreeSlotOnAnyDevice)))(0)	Refused(PublishError::PlacementRefused(NoFreeSlotOnAnyDevice))(0)	false	Completed
P2	1	1	0	Raise(13)+Raise(8)	Refused(MountError::Publish(PublishError::PlacementRefused(NoFreeSlotOnAnyDevice)))(0) Refused(MountError::Publish(PublishError::PlacementRefused(NoFreeSlotOnAnyDevice)))(0)	Refused(PublishError::PlacementRefused(NoFreeSlotOnAnyDevice))(0)	false	Completed
P2	1	1	0	Raise(13)+Raise(13)	Refused(MountError::Publish(PublishError::PlacementRefused(NoFreeSlotOnAnyDevice)))(0) Refused(MountError::Publish(PublishError::PlacementRefused(NoFreeSlotOnAnyDevice)))(0)	Refused(PublishError::PlacementRefused(NoFreeSlotOnAnyDevice))(0)	false	Completed
P2	1	1	0	Raise(13)+Raise(21)	Refused(MountError::Publish(PublishError::PlacementRefused(NoFreeSlotOnAnyDevice)))(0) Refused(MountError::Publish(PublishError::PlacementRefused(NoFreeSlotOnAnyDevice)))(0)	Refused(PublishError::PlacementRefused(NoFreeSlotOnAnyDevice))(0)	false	Completed
P2	1	1	0	Raise(13)+Raise(34)	Refused(MountError::Publish(PublishError::PlacementRefused(NoFreeSlotOnAnyDevice)))(0) Refused(MountError::Publish(PublishError::PlacementRefused(NoFreeSlotOnAnyDevice)))(0)	Refused(PublishError::PlacementRefused(NoFreeSlotOnAnyDevice))(0)	false	Completed
P2	1	1	0	Raise(21)	Refused(MountError::Publish(PublishError::PlacementRefused(NoFreeSlotOnAnyDevice)))(0)	Refused(PublishError::PlacementRefused(NoFreeSlotOnAnyDevice))(0)	false	Completed
P2	1	1	0	Raise(21)+Overwrite	Refused(MountError::Publish(PublishError::PlacementRefused(NoFreeSlotOnAnyDevice)))(0) Refused(PublishError::PlacementRefused(NoFreeSlotOnAnyDevice))(0)	Refused(PublishError::PlacementRefused(NoFreeSlotOnAnyDevice))(0)	false	Completed
P2	1	1	0	Raise(21)+MountWritable	Refused(MountError::Publish(PublishError::PlacementRefused(NoFreeSlotOnAnyDevice)))(0) Mounted(publishes=2)(35)	Published(23)	true	Completed
P2	1	1	0	Raise(21)+ColdStartRecover	Refused(MountError::Publish(PublishError::PlacementRefused(NoFreeSlotOnAnyDevice)))(0) Recovered(0)	NotApplicable(NoWritableSession)(0)	false	Completed
P2	1	1	0	Raise(21)+Rollback(NewestFloor)	Refused(MountError::Publish(PublishError::PlacementRefused(NoFreeSlotOnAnyDevice)))(0) Mounted(publishes=2)(35)	Published(23)	true	Completed
P2	1	1	0	Raise(21)+Rollback(Ring0)	Refused(MountError::Publish(PublishError::PlacementRefused(NoFreeSlotOnAnyDevice)))(0) Mounted(publishes=2)(35)	Published(23)	true	Completed
P2	1	1	0	Raise(21)+Rollback(Ring1)	Refused(MountError::Publish(PublishError::PlacementRefused(NoFreeSlotOnAnyDevice)))(0) Mounted(publishes=2)(35)	Published(23)	true	Completed
P2	1	1	0	Raise(21)+Rollback(Ring2)	Refused(MountError::Publish(PublishError::PlacementRefused(NoFreeSlotOnAnyDevice)))(0) Mounted(publishes=2)(35)	Published(23)	true	Completed
P2	1	1	0	Raise(21)+Rollback(Ring3)	Refused(MountError::Publish(PublishError::PlacementRefused(NoFreeSlotOnAnyDevice)))(0) Mounted(publishes=2)(35)	Published(23)	true	Completed
P2	1	1	0	Raise(21)+Raise(0)	Refused(MountError::Publish(PublishError::PlacementRefused(NoFreeSlotOnAnyDevice)))(0) Refused(MountError::Publish(PublishError::PlacementRefused(NoFreeSlotOnAnyDevice)))(0)	Refused(PublishError::PlacementRefused(NoFreeSlotOnAnyDevice))(0)	false	Completed
P2	1	1	0	Raise(21)+Raise(1)	Refused(MountError::Publish(PublishError::PlacementRefused(NoFreeSlotOnAnyDevice)))(0) Refused(MountError::Publish(PublishError::PlacementRefused(NoFreeSlotOnAnyDevice)))(0)	Refused(PublishError::PlacementRefused(NoFreeSlotOnAnyDevice))(0)	false	Completed
P2	1	1	0	Raise(21)+Raise(2)	Refused(MountError::Publish(PublishError::PlacementRefused(NoFreeSlotOnAnyDevice)))(0) Refused(MountError::Publish(PublishError::PlacementRefused(NoFreeSlotOnAnyDevice)))(0)	Refused(PublishError::PlacementRefused(NoFreeSlotOnAnyDevice))(0)	false	Completed
P2	1	1	0	Raise(21)+Raise(3)	Refused(MountError::Publish(PublishError::PlacementRefused(NoFreeSlotOnAnyDevice)))(0) Refused(MountError::Publish(PublishError::PlacementRefused(NoFreeSlotOnAnyDevice)))(0)	Refused(PublishError::PlacementRefused(NoFreeSlotOnAnyDevice))(0)	false	Completed
P2	1	1	0	Raise(21)+Raise(5)	Refused(MountError::Publish(PublishError::PlacementRefused(NoFreeSlotOnAnyDevice)))(0) Refused(MountError::Publish(PublishError::PlacementRefused(NoFreeSlotOnAnyDevice)))(0)	Refused(PublishError::PlacementRefused(NoFreeSlotOnAnyDevice))(0)	false	Completed
P2	1	1	0	Raise(21)+Raise(8)	Refused(MountError::Publish(PublishError::PlacementRefused(NoFreeSlotOnAnyDevice)))(0) Refused(MountError::Publish(PublishError::PlacementRefused(NoFreeSlotOnAnyDevice)))(0)	Refused(PublishError::PlacementRefused(NoFreeSlotOnAnyDevice))(0)	false	Completed
P2	1	1	0	Raise(21)+Raise(13)	Refused(MountError::Publish(PublishError::PlacementRefused(NoFreeSlotOnAnyDevice)))(0) Refused(MountError::Publish(PublishError::PlacementRefused(NoFreeSlotOnAnyDevice)))(0)	Refused(PublishError::PlacementRefused(NoFreeSlotOnAnyDevice))(0)	false	Completed
P2	1	1	0	Raise(21)+Raise(21)	Refused(MountError::Publish(PublishError::PlacementRefused(NoFreeSlotOnAnyDevice)))(0) Refused(MountError::Publish(PublishError::PlacementRefused(NoFreeSlotOnAnyDevice)))(0)	Refused(PublishError::PlacementRefused(NoFreeSlotOnAnyDevice))(0)	false	Completed
P2	1	1	0	Raise(21)+Raise(34)	Refused(MountError::Publish(PublishError::PlacementRefused(NoFreeSlotOnAnyDevice)))(0) Refused(MountError::Publish(PublishError::PlacementRefused(NoFreeSlotOnAnyDevice)))(0)	Refused(PublishError::PlacementRefused(NoFreeSlotOnAnyDevice))(0)	false	Completed
P2	1	1	0	Raise(34)	Refused(MountError::Publish(PublishError::PlacementRefused(NoFreeSlotOnAnyDevice)))(0)	Refused(PublishError::PlacementRefused(NoFreeSlotOnAnyDevice))(0)	false	Completed
P2	1	1	0	Raise(34)+Overwrite	Refused(MountError::Publish(PublishError::PlacementRefused(NoFreeSlotOnAnyDevice)))(0) Refused(PublishError::PlacementRefused(NoFreeSlotOnAnyDevice))(0)	Refused(PublishError::PlacementRefused(NoFreeSlotOnAnyDevice))(0)	false	Completed
P2	1	1	0	Raise(34)+MountWritable	Refused(MountError::Publish(PublishError::PlacementRefused(NoFreeSlotOnAnyDevice)))(0) Mounted(publishes=2)(35)	Published(23)	true	Completed
P2	1	1	0	Raise(34)+ColdStartRecover	Refused(MountError::Publish(PublishError::PlacementRefused(NoFreeSlotOnAnyDevice)))(0) Recovered(0)	NotApplicable(NoWritableSession)(0)	false	Completed
P2	1	1	0	Raise(34)+Rollback(NewestFloor)	Refused(MountError::Publish(PublishError::PlacementRefused(NoFreeSlotOnAnyDevice)))(0) Mounted(publishes=2)(35)	Published(23)	true	Completed
P2	1	1	0	Raise(34)+Rollback(Ring0)	Refused(MountError::Publish(PublishError::PlacementRefused(NoFreeSlotOnAnyDevice)))(0) Mounted(publishes=2)(35)	Published(23)	true	Completed
P2	1	1	0	Raise(34)+Rollback(Ring1)	Refused(MountError::Publish(PublishError::PlacementRefused(NoFreeSlotOnAnyDevice)))(0) Mounted(publishes=2)(35)	Published(23)	true	Completed
P2	1	1	0	Raise(34)+Rollback(Ring2)	Refused(MountError::Publish(PublishError::PlacementRefused(NoFreeSlotOnAnyDevice)))(0) Mounted(publishes=2)(35)	Published(23)	true	Completed
P2	1	1	0	Raise(34)+Rollback(Ring3)	Refused(MountError::Publish(PublishError::PlacementRefused(NoFreeSlotOnAnyDevice)))(0) Mounted(publishes=2)(35)	Published(23)	true	Completed
P2	1	1	0	Raise(34)+Raise(0)	Refused(MountError::Publish(PublishError::PlacementRefused(NoFreeSlotOnAnyDevice)))(0) Refused(MountError::Publish(PublishError::PlacementRefused(NoFreeSlotOnAnyDevice)))(0)	Refused(PublishError::PlacementRefused(NoFreeSlotOnAnyDevice))(0)	false	Completed
P2	1	1	0	Raise(34)+Raise(1)	Refused(MountError::Publish(PublishError::PlacementRefused(NoFreeSlotOnAnyDevice)))(0) Refused(MountError::Publish(PublishError::PlacementRefused(NoFreeSlotOnAnyDevice)))(0)	Refused(PublishError::PlacementRefused(NoFreeSlotOnAnyDevice))(0)	false	Completed
P2	1	1	0	Raise(34)+Raise(2)	Refused(MountError::Publish(PublishError::PlacementRefused(NoFreeSlotOnAnyDevice)))(0) Refused(MountError::Publish(PublishError::PlacementRefused(NoFreeSlotOnAnyDevice)))(0)	Refused(PublishError::PlacementRefused(NoFreeSlotOnAnyDevice))(0)	false	Completed
P2	1	1	0	Raise(34)+Raise(3)	Refused(MountError::Publish(PublishError::PlacementRefused(NoFreeSlotOnAnyDevice)))(0) Refused(MountError::Publish(PublishError::PlacementRefused(NoFreeSlotOnAnyDevice)))(0)	Refused(PublishError::PlacementRefused(NoFreeSlotOnAnyDevice))(0)	false	Completed
P2	1	1	0	Raise(34)+Raise(5)	Refused(MountError::Publish(PublishError::PlacementRefused(NoFreeSlotOnAnyDevice)))(0) Refused(MountError::Publish(PublishError::PlacementRefused(NoFreeSlotOnAnyDevice)))(0)	Refused(PublishError::PlacementRefused(NoFreeSlotOnAnyDevice))(0)	false	Completed
P2	1	1	0	Raise(34)+Raise(8)	Refused(MountError::Publish(PublishError::PlacementRefused(NoFreeSlotOnAnyDevice)))(0) Refused(MountError::Publish(PublishError::PlacementRefused(NoFreeSlotOnAnyDevice)))(0)	Refused(PublishError::PlacementRefused(NoFreeSlotOnAnyDevice))(0)	false	Completed
P2	1	1	0	Raise(34)+Raise(13)	Refused(MountError::Publish(PublishError::PlacementRefused(NoFreeSlotOnAnyDevice)))(0) Refused(MountError::Publish(PublishError::PlacementRefused(NoFreeSlotOnAnyDevice)))(0)	Refused(PublishError::PlacementRefused(NoFreeSlotOnAnyDevice))(0)	false	Completed
P2	1	1	0	Raise(34)+Raise(21)	Refused(MountError::Publish(PublishError::PlacementRefused(NoFreeSlotOnAnyDevice)))(0) Refused(MountError::Publish(PublishError::PlacementRefused(NoFreeSlotOnAnyDevice)))(0)	Refused(PublishError::PlacementRefused(NoFreeSlotOnAnyDevice))(0)	false	Completed
P2	1	1	0	Raise(34)+Raise(34)	Refused(MountError::Publish(PublishError::PlacementRefused(NoFreeSlotOnAnyDevice)))(0) Refused(MountError::Publish(PublishError::PlacementRefused(NoFreeSlotOnAnyDevice)))(0)	Refused(PublishError::PlacementRefused(NoFreeSlotOnAnyDevice))(0)	false	Completed
P2	1	2	0	Overwrite	Refused(PublishError::PlacementRefused(NoFreeSlotOnAnyDevice))(0)	Refused(PublishError::PlacementRefused(NoFreeSlotOnAnyDevice))(0)	false	Completed
P2	1	2	0	Overwrite+Overwrite	Refused(PublishError::PlacementRefused(NoFreeSlotOnAnyDevice))(0) Refused(PublishError::PlacementRefused(NoFreeSlotOnAnyDevice))(0)	Refused(PublishError::PlacementRefused(NoFreeSlotOnAnyDevice))(0)	false	Completed
P2	1	2	0	Overwrite+MountWritable	Refused(PublishError::PlacementRefused(NoFreeSlotOnAnyDevice))(0) Mounted(publishes=2)(35)	Published(23)	true	Completed
P2	1	2	0	Overwrite+ColdStartRecover	Refused(PublishError::PlacementRefused(NoFreeSlotOnAnyDevice))(0) Recovered(0)	NotApplicable(NoWritableSession)(0)	false	Completed
P2	1	2	0	Overwrite+Rollback(NewestFloor)	Refused(PublishError::PlacementRefused(NoFreeSlotOnAnyDevice))(0) Mounted(publishes=2)(35)	Published(23)	true	Completed
P2	1	2	0	Overwrite+Rollback(Ring0)	Refused(PublishError::PlacementRefused(NoFreeSlotOnAnyDevice))(0) Mounted(publishes=2)(35)	Published(23)	true	Completed
P2	1	2	0	Overwrite+Rollback(Ring1)	Refused(PublishError::PlacementRefused(NoFreeSlotOnAnyDevice))(0) Mounted(publishes=2)(35)	Published(23)	true	Completed
P2	1	2	0	Overwrite+Rollback(Ring2)	Refused(PublishError::PlacementRefused(NoFreeSlotOnAnyDevice))(0) Mounted(publishes=2)(35)	Published(23)	true	Completed
P2	1	2	0	Overwrite+Rollback(Ring3)	Refused(PublishError::PlacementRefused(NoFreeSlotOnAnyDevice))(0) Mounted(publishes=2)(35)	Published(23)	true	Completed
P2	1	2	0	Overwrite+Raise(0)	Refused(PublishError::PlacementRefused(NoFreeSlotOnAnyDevice))(0) Refused(MountError::Publish(PublishError::PlacementRefused(NoFreeSlotOnAnyDevice)))(0)	Refused(PublishError::PlacementRefused(NoFreeSlotOnAnyDevice))(0)	false	Completed
P2	1	2	0	Overwrite+Raise(1)	Refused(PublishError::PlacementRefused(NoFreeSlotOnAnyDevice))(0) Refused(MountError::Publish(PublishError::PlacementRefused(NoFreeSlotOnAnyDevice)))(0)	Refused(PublishError::PlacementRefused(NoFreeSlotOnAnyDevice))(0)	false	Completed
P2	1	2	0	Overwrite+Raise(2)	Refused(PublishError::PlacementRefused(NoFreeSlotOnAnyDevice))(0) Refused(MountError::Publish(PublishError::PlacementRefused(NoFreeSlotOnAnyDevice)))(0)	Refused(PublishError::PlacementRefused(NoFreeSlotOnAnyDevice))(0)	false	Completed
P2	1	2	0	Overwrite+Raise(3)	Refused(PublishError::PlacementRefused(NoFreeSlotOnAnyDevice))(0) Refused(MountError::Publish(PublishError::PlacementRefused(NoFreeSlotOnAnyDevice)))(0)	Refused(PublishError::PlacementRefused(NoFreeSlotOnAnyDevice))(0)	false	Completed
P2	1	2	0	Overwrite+Raise(5)	Refused(PublishError::PlacementRefused(NoFreeSlotOnAnyDevice))(0) Refused(MountError::Publish(PublishError::PlacementRefused(NoFreeSlotOnAnyDevice)))(0)	Refused(PublishError::PlacementRefused(NoFreeSlotOnAnyDevice))(0)	false	Completed
P2	1	2	0	Overwrite+Raise(8)	Refused(PublishError::PlacementRefused(NoFreeSlotOnAnyDevice))(0) Refused(MountError::Publish(PublishError::PlacementRefused(NoFreeSlotOnAnyDevice)))(0)	Refused(PublishError::PlacementRefused(NoFreeSlotOnAnyDevice))(0)	false	Completed
P2	1	2	0	Overwrite+Raise(13)	Refused(PublishError::PlacementRefused(NoFreeSlotOnAnyDevice))(0) Refused(MountError::Publish(PublishError::PlacementRefused(NoFreeSlotOnAnyDevice)))(0)	Refused(PublishError::PlacementRefused(NoFreeSlotOnAnyDevice))(0)	false	Completed
P2	1	2	0	Overwrite+Raise(21)	Refused(PublishError::PlacementRefused(NoFreeSlotOnAnyDevice))(0) Refused(MountError::Publish(PublishError::PlacementRefused(NoFreeSlotOnAnyDevice)))(0)	Refused(PublishError::PlacementRefused(NoFreeSlotOnAnyDevice))(0)	false	Completed
P2	1	2	0	Overwrite+Raise(34)	Refused(PublishError::PlacementRefused(NoFreeSlotOnAnyDevice))(0) Refused(MountError::Publish(PublishError::PlacementRefused(NoFreeSlotOnAnyDevice)))(0)	Refused(PublishError::PlacementRefused(NoFreeSlotOnAnyDevice))(0)	false	Completed
P2	1	2	0	MountWritable	Mounted(publishes=2)(35)	Published(23)	true	Completed
P2	1	2	0	MountWritable+Overwrite	Mounted(publishes=2)(35) Published(23)	Published(23)	true	Completed
P2	1	2	0	MountWritable+MountWritable	Mounted(publishes=2)(35) Mounted(publishes=3)(50)	Published(23)	true	Completed
P2	1	2	0	MountWritable+ColdStartRecover	Mounted(publishes=2)(35) Recovered(0)	NotApplicable(NoWritableSession)(0)	false	Completed
P2	1	2	0	MountWritable+Rollback(NewestFloor)	Mounted(publishes=2)(35) Mounted(publishes=3)(50)	Published(23)	true	Completed
P2	1	2	0	MountWritable+Rollback(Ring0)	Mounted(publishes=2)(35) Mounted(publishes=3)(50)	Published(23)	true	Completed
P2	1	2	0	MountWritable+Rollback(Ring1)	Mounted(publishes=2)(35) Mounted(publishes=3)(50)	Published(23)	true	Completed
P2	1	2	0	MountWritable+Rollback(Ring2)	Mounted(publishes=2)(35) Mounted(publishes=3)(50)	Published(23)	true	Completed
P2	1	2	0	MountWritable+Rollback(Ring3)	Mounted(publishes=2)(35) Mounted(publishes=3)(50)	Published(23)	true	Completed
P2	1	2	0	MountWritable+Raise(0)	Mounted(publishes=2)(35) RaisedFloor(F=0,publishes=3)(45)	Published(23)	true	Completed
P2	1	2	0	MountWritable+Raise(1)	Mounted(publishes=2)(35) RaisedFloor(F=1,publishes=3)(45)	Published(23)	true	Completed
P2	1	2	0	MountWritable+Raise(2)	Mounted(publishes=2)(35) RaisedFloor(F=2,publishes=3)(45)	Published(23)	true	Completed
P2	1	2	0	MountWritable+Raise(3)	Mounted(publishes=2)(35) RaisedFloor(F=3,publishes=3)(45)	Published(23)	true	Completed
P2	1	2	0	MountWritable+Raise(5)	Mounted(publishes=2)(35) RaisedFloor(F=5,publishes=3)(45)	Published(23)	true	Completed
P2	1	2	0	MountWritable+Raise(8)	Mounted(publishes=2)(35) RaisedFloor(F=8,publishes=3)(45)	Published(23)	true	Completed
P2	1	2	0	MountWritable+Raise(13)	Mounted(publishes=2)(35) RaisedFloor(F=13,publishes=3)(45)	Published(23)	true	Completed
P2	1	2	0	MountWritable+Raise(21)	Mounted(publishes=2)(35) RaisedFloor(F=21,publishes=3)(45)	Published(23)	true	Completed
P2	1	2	0	MountWritable+Raise(34)	Mounted(publishes=2)(35) RaisedFloor(F=34,publishes=3)(45)	Published(23)	true	Completed
P2	1	2	0	ColdStartRecover	Recovered(0)	NotApplicable(NoWritableSession)(0)	false	Completed
P2	1	2	0	ColdStartRecover+Overwrite	Recovered(0) NotApplicable(NoWritableSession)(0)	NotApplicable(NoWritableSession)(0)	false	Completed
P2	1	2	0	ColdStartRecover+MountWritable	Recovered(0) Mounted(publishes=2)(35)	Published(23)	true	Completed
P2	1	2	0	ColdStartRecover+ColdStartRecover	Recovered(0) Recovered(0)	NotApplicable(NoWritableSession)(0)	false	Completed
P2	1	2	0	ColdStartRecover+Rollback(NewestFloor)	Recovered(0) Mounted(publishes=2)(35)	Published(23)	true	Completed
P2	1	2	0	ColdStartRecover+Rollback(Ring0)	Recovered(0) Mounted(publishes=2)(35)	Published(23)	true	Completed
P2	1	2	0	ColdStartRecover+Rollback(Ring1)	Recovered(0) Mounted(publishes=2)(35)	Published(23)	true	Completed
P2	1	2	0	ColdStartRecover+Rollback(Ring2)	Recovered(0) Mounted(publishes=2)(35)	Published(23)	true	Completed
P2	1	2	0	ColdStartRecover+Rollback(Ring3)	Recovered(0) Mounted(publishes=2)(35)	Published(23)	true	Completed
P2	1	2	0	ColdStartRecover+Raise(0)	Recovered(0) NotApplicable(NoWritableSession)(0)	NotApplicable(NoWritableSession)(0)	false	Completed
P2	1	2	0	ColdStartRecover+Raise(1)	Recovered(0) NotApplicable(NoWritableSession)(0)	NotApplicable(NoWritableSession)(0)	false	Completed
P2	1	2	0	ColdStartRecover+Raise(2)	Recovered(0) NotApplicable(NoWritableSession)(0)	NotApplicable(NoWritableSession)(0)	false	Completed
P2	1	2	0	ColdStartRecover+Raise(3)	Recovered(0) NotApplicable(NoWritableSession)(0)	NotApplicable(NoWritableSession)(0)	false	Completed
P2	1	2	0	ColdStartRecover+Raise(5)	Recovered(0) NotApplicable(NoWritableSession)(0)	NotApplicable(NoWritableSession)(0)	false	Completed
P2	1	2	0	ColdStartRecover+Raise(8)	Recovered(0) NotApplicable(NoWritableSession)(0)	NotApplicable(NoWritableSession)(0)	false	Completed
P2	1	2	0	ColdStartRecover+Raise(13)	Recovered(0) NotApplicable(NoWritableSession)(0)	NotApplicable(NoWritableSession)(0)	false	Completed
P2	1	2	0	ColdStartRecover+Raise(21)	Recovered(0) NotApplicable(NoWritableSession)(0)	NotApplicable(NoWritableSession)(0)	false	Completed
P2	1	2	0	ColdStartRecover+Raise(34)	Recovered(0) NotApplicable(NoWritableSession)(0)	NotApplicable(NoWritableSession)(0)	false	Completed
P2	1	2	0	Rollback(NewestFloor)	Mounted(publishes=2)(35)	Published(23)	true	Completed
P2	1	2	0	Rollback(NewestFloor)+Overwrite	Mounted(publishes=2)(35) Published(23)	Published(23)	true	Completed
P2	1	2	0	Rollback(NewestFloor)+MountWritable	Mounted(publishes=2)(35) Mounted(publishes=3)(50)	Published(23)	true	Completed
P2	1	2	0	Rollback(NewestFloor)+ColdStartRecover	Mounted(publishes=2)(35) Recovered(0)	NotApplicable(NoWritableSession)(0)	false	Completed
P2	1	2	0	Rollback(NewestFloor)+Rollback(NewestFloor)	Mounted(publishes=2)(35) Mounted(publishes=3)(50)	Published(23)	true	Completed
P2	1	2	0	Rollback(NewestFloor)+Rollback(Ring0)	Mounted(publishes=2)(35) Mounted(publishes=3)(50)	Published(23)	true	Completed
P2	1	2	0	Rollback(NewestFloor)+Rollback(Ring1)	Mounted(publishes=2)(35) Mounted(publishes=3)(50)	Published(23)	true	Completed
P2	1	2	0	Rollback(NewestFloor)+Rollback(Ring2)	Mounted(publishes=2)(35) Mounted(publishes=3)(50)	Published(23)	true	Completed
P2	1	2	0	Rollback(NewestFloor)+Rollback(Ring3)	Mounted(publishes=2)(35) Mounted(publishes=3)(50)	Published(23)	true	Completed
P2	1	2	0	Rollback(NewestFloor)+Raise(0)	Mounted(publishes=2)(35) RaisedFloor(F=0,publishes=3)(45)	Published(23)	true	Completed
P2	1	2	0	Rollback(NewestFloor)+Raise(1)	Mounted(publishes=2)(35) RaisedFloor(F=1,publishes=3)(45)	Published(23)	true	Completed
P2	1	2	0	Rollback(NewestFloor)+Raise(2)	Mounted(publishes=2)(35) RaisedFloor(F=2,publishes=3)(45)	Published(23)	true	Completed
P2	1	2	0	Rollback(NewestFloor)+Raise(3)	Mounted(publishes=2)(35) RaisedFloor(F=3,publishes=3)(45)	Published(23)	true	Completed
P2	1	2	0	Rollback(NewestFloor)+Raise(5)	Mounted(publishes=2)(35) RaisedFloor(F=5,publishes=3)(45)	Published(23)	true	Completed
P2	1	2	0	Rollback(NewestFloor)+Raise(8)	Mounted(publishes=2)(35) RaisedFloor(F=8,publishes=3)(45)	Published(23)	true	Completed
P2	1	2	0	Rollback(NewestFloor)+Raise(13)	Mounted(publishes=2)(35) RaisedFloor(F=13,publishes=3)(45)	Published(23)	true	Completed
P2	1	2	0	Rollback(NewestFloor)+Raise(21)	Mounted(publishes=2)(35) RaisedFloor(F=21,publishes=3)(45)	Published(23)	true	Completed
P2	1	2	0	Rollback(NewestFloor)+Raise(34)	Mounted(publishes=2)(35) RaisedFloor(F=34,publishes=3)(45)	Published(23)	true	Completed
P2	1	2	0	Rollback(Ring0)	Mounted(publishes=2)(35)	Published(23)	true	Completed
P2	1	2	0	Rollback(Ring0)+Overwrite	Mounted(publishes=2)(35) Published(23)	Published(23)	true	Completed
P2	1	2	0	Rollback(Ring0)+MountWritable	Mounted(publishes=2)(35) Mounted(publishes=3)(50)	Published(23)	true	Completed
P2	1	2	0	Rollback(Ring0)+ColdStartRecover	Mounted(publishes=2)(35) Recovered(0)	NotApplicable(NoWritableSession)(0)	false	Completed
P2	1	2	0	Rollback(Ring0)+Rollback(NewestFloor)	Mounted(publishes=2)(35) Mounted(publishes=3)(50)	Published(23)	true	Completed
P2	1	2	0	Rollback(Ring0)+Rollback(Ring0)	Mounted(publishes=2)(35) Mounted(publishes=3)(50)	Published(23)	true	Completed
P2	1	2	0	Rollback(Ring0)+Rollback(Ring1)	Mounted(publishes=2)(35) Mounted(publishes=3)(50)	Published(23)	true	Completed
P2	1	2	0	Rollback(Ring0)+Rollback(Ring2)	Mounted(publishes=2)(35) Mounted(publishes=3)(50)	Published(23)	true	Completed
P2	1	2	0	Rollback(Ring0)+Rollback(Ring3)	Mounted(publishes=2)(35) Mounted(publishes=3)(50)	Published(23)	true	Completed
P2	1	2	0	Rollback(Ring0)+Raise(0)	Mounted(publishes=2)(35) RaisedFloor(F=0,publishes=3)(45)	Published(23)	true	Completed
P2	1	2	0	Rollback(Ring0)+Raise(1)	Mounted(publishes=2)(35) RaisedFloor(F=1,publishes=3)(45)	Published(23)	true	Completed
P2	1	2	0	Rollback(Ring0)+Raise(2)	Mounted(publishes=2)(35) RaisedFloor(F=2,publishes=3)(45)	Published(23)	true	Completed
P2	1	2	0	Rollback(Ring0)+Raise(3)	Mounted(publishes=2)(35) RaisedFloor(F=3,publishes=3)(45)	Published(23)	true	Completed
P2	1	2	0	Rollback(Ring0)+Raise(5)	Mounted(publishes=2)(35) RaisedFloor(F=5,publishes=3)(45)	Published(23)	true	Completed
P2	1	2	0	Rollback(Ring0)+Raise(8)	Mounted(publishes=2)(35) RaisedFloor(F=8,publishes=3)(45)	Published(23)	true	Completed
P2	1	2	0	Rollback(Ring0)+Raise(13)	Mounted(publishes=2)(35) RaisedFloor(F=13,publishes=3)(45)	Published(23)	true	Completed
P2	1	2	0	Rollback(Ring0)+Raise(21)	Mounted(publishes=2)(35) RaisedFloor(F=21,publishes=3)(45)	Published(23)	true	Completed
P2	1	2	0	Rollback(Ring0)+Raise(34)	Mounted(publishes=2)(35) RaisedFloor(F=34,publishes=3)(45)	Published(23)	true	Completed
P2	1	2	0	Rollback(Ring1)	Mounted(publishes=2)(35)	Published(23)	true	Completed
P2	1	2	0	Rollback(Ring1)+Overwrite	Mounted(publishes=2)(35) Published(23)	Published(23)	true	Completed
P2	1	2	0	Rollback(Ring1)+MountWritable	Mounted(publishes=2)(35) Mounted(publishes=3)(50)	Published(23)	true	Completed
P2	1	2	0	Rollback(Ring1)+ColdStartRecover	Mounted(publishes=2)(35) Recovered(0)	NotApplicable(NoWritableSession)(0)	false	Completed
P2	1	2	0	Rollback(Ring1)+Rollback(NewestFloor)	Mounted(publishes=2)(35) Mounted(publishes=3)(50)	Published(23)	true	Completed
P2	1	2	0	Rollback(Ring1)+Rollback(Ring0)	Mounted(publishes=2)(35) Mounted(publishes=3)(50)	Published(23)	true	Completed
P2	1	2	0	Rollback(Ring1)+Rollback(Ring1)	Mounted(publishes=2)(35) Mounted(publishes=3)(50)	Published(23)	true	Completed
P2	1	2	0	Rollback(Ring1)+Rollback(Ring2)	Mounted(publishes=2)(35) Refused(MountError::RollbackTargetNotACandidate(OnAbandonedTimeline))(0)	NotApplicable(NoWritableSession)(0)	false	Completed
P2	1	2	0	Rollback(Ring1)+Rollback(Ring3)	Mounted(publishes=2)(35) Mounted(publishes=3)(50)	Published(23)	true	Completed
P2	1	2	0	Rollback(Ring1)+Raise(0)	Mounted(publishes=2)(35) RaisedFloor(F=0,publishes=3)(45)	Published(23)	true	Completed
P2	1	2	0	Rollback(Ring1)+Raise(1)	Mounted(publishes=2)(35) RaisedFloor(F=1,publishes=3)(45)	Published(23)	true	Completed
P2	1	2	0	Rollback(Ring1)+Raise(2)	Mounted(publishes=2)(35) RaisedFloor(F=2,publishes=3)(45)	Published(23)	true	Completed
P2	1	2	0	Rollback(Ring1)+Raise(3)	Mounted(publishes=2)(35) RaisedFloor(F=3,publishes=3)(45)	Published(23)	true	Completed
P2	1	2	0	Rollback(Ring1)+Raise(5)	Mounted(publishes=2)(35) RaisedFloor(F=5,publishes=3)(45)	Published(23)	true	Completed
P2	1	2	0	Rollback(Ring1)+Raise(8)	Mounted(publishes=2)(35) RaisedFloor(F=8,publishes=3)(45)	Published(23)	true	Completed
P2	1	2	0	Rollback(Ring1)+Raise(13)	Mounted(publishes=2)(35) RaisedFloor(F=13,publishes=3)(45)	Published(23)	true	Completed
P2	1	2	0	Rollback(Ring1)+Raise(21)	Mounted(publishes=2)(35) RaisedFloor(F=21,publishes=3)(45)	Published(23)	true	Completed
P2	1	2	0	Rollback(Ring1)+Raise(34)	Mounted(publishes=2)(35) RaisedFloor(F=34,publishes=3)(45)	Published(23)	true	Completed
P2	1	2	0	Rollback(Ring2)	Mounted(publishes=2)(35)	Published(23)	true	Completed
P2	1	2	0	Rollback(Ring2)+Overwrite	Mounted(publishes=2)(35) Published(23)	Published(23)	true	Completed
P2	1	2	0	Rollback(Ring2)+MountWritable	Mounted(publishes=2)(35) Mounted(publishes=3)(50)	Published(23)	true	Completed
P2	1	2	0	Rollback(Ring2)+ColdStartRecover	Mounted(publishes=2)(35) Recovered(0)	NotApplicable(NoWritableSession)(0)	false	Completed
P2	1	2	0	Rollback(Ring2)+Rollback(NewestFloor)	Mounted(publishes=2)(35) Mounted(publishes=3)(50)	Published(23)	true	Completed
P2	1	2	0	Rollback(Ring2)+Rollback(Ring0)	Mounted(publishes=2)(35) Mounted(publishes=3)(50)	Published(23)	true	Completed
P2	1	2	0	Rollback(Ring2)+Rollback(Ring1)	Mounted(publishes=2)(35) Mounted(publishes=3)(50)	Published(23)	true	Completed
P2	1	2	0	Rollback(Ring2)+Rollback(Ring2)	Mounted(publishes=2)(35) Refused(MountError::RollbackTargetNotACandidate(OnAbandonedTimeline))(0)	NotApplicable(NoWritableSession)(0)	false	Completed
P2	1	2	0	Rollback(Ring2)+Rollback(Ring3)	Mounted(publishes=2)(35) Refused(MountError::RollbackTargetNotACandidate(OnAbandonedTimeline))(0)	NotApplicable(NoWritableSession)(0)	false	Completed
P2	1	2	0	Rollback(Ring2)+Raise(0)	Mounted(publishes=2)(35) RaisedFloor(F=0,publishes=3)(45)	Published(23)	true	Completed
P2	1	2	0	Rollback(Ring2)+Raise(1)	Mounted(publishes=2)(35) RaisedFloor(F=1,publishes=3)(45)	Published(23)	true	Completed
P2	1	2	0	Rollback(Ring2)+Raise(2)	Mounted(publishes=2)(35) RaisedFloor(F=2,publishes=3)(45)	Published(23)	true	Completed
P2	1	2	0	Rollback(Ring2)+Raise(3)	Mounted(publishes=2)(35) RaisedFloor(F=3,publishes=3)(45)	Published(23)	true	Completed
P2	1	2	0	Rollback(Ring2)+Raise(5)	Mounted(publishes=2)(35) RaisedFloor(F=5,publishes=3)(45)	Published(23)	true	Completed
P2	1	2	0	Rollback(Ring2)+Raise(8)	Mounted(publishes=2)(35) RaisedFloor(F=8,publishes=3)(45)	Published(23)	true	Completed
P2	1	2	0	Rollback(Ring2)+Raise(13)	Mounted(publishes=2)(35) RaisedFloor(F=13,publishes=3)(45)	Published(23)	true	Completed
P2	1	2	0	Rollback(Ring2)+Raise(21)	Mounted(publishes=2)(35) RaisedFloor(F=21,publishes=3)(45)	Published(23)	true	Completed
P2	1	2	0	Rollback(Ring2)+Raise(34)	Mounted(publishes=2)(35) RaisedFloor(F=34,publishes=3)(45)	Published(23)	true	Completed
P2	1	2	0	Rollback(Ring3)	Mounted(publishes=2)(35)	Published(23)	true	Completed
P2	1	2	0	Rollback(Ring3)+Overwrite	Mounted(publishes=2)(35) Published(23)	Published(23)	true	Completed
P2	1	2	0	Rollback(Ring3)+MountWritable	Mounted(publishes=2)(35) Mounted(publishes=3)(50)	Published(23)	true	Completed
P2	1	2	0	Rollback(Ring3)+ColdStartRecover	Mounted(publishes=2)(35) Recovered(0)	NotApplicable(NoWritableSession)(0)	false	Completed
P2	1	2	0	Rollback(Ring3)+Rollback(NewestFloor)	Mounted(publishes=2)(35) Mounted(publishes=3)(50)	Published(23)	true	Completed
P2	1	2	0	Rollback(Ring3)+Rollback(Ring0)	Mounted(publishes=2)(35) Mounted(publishes=3)(50)	Published(23)	true	Completed
P2	1	2	0	Rollback(Ring3)+Rollback(Ring1)	Mounted(publishes=2)(35) Mounted(publishes=3)(50)	Published(23)	true	Completed
P2	1	2	0	Rollback(Ring3)+Rollback(Ring2)	Mounted(publishes=2)(35) Refused(MountError::RollbackTargetNotACandidate(OnAbandonedTimeline))(0)	NotApplicable(NoWritableSession)(0)	false	Completed
P2	1	2	0	Rollback(Ring3)+Rollback(Ring3)	Mounted(publishes=2)(35) Refused(MountError::RollbackTargetNotACandidate(OnAbandonedTimeline))(0)	NotApplicable(NoWritableSession)(0)	false	Completed
P2	1	2	0	Rollback(Ring3)+Raise(0)	Mounted(publishes=2)(35) RaisedFloor(F=0,publishes=3)(45)	Published(23)	true	Completed
P2	1	2	0	Rollback(Ring3)+Raise(1)	Mounted(publishes=2)(35) RaisedFloor(F=1,publishes=3)(45)	Published(23)	true	Completed
P2	1	2	0	Rollback(Ring3)+Raise(2)	Mounted(publishes=2)(35) RaisedFloor(F=2,publishes=3)(45)	Published(23)	true	Completed
P2	1	2	0	Rollback(Ring3)+Raise(3)	Mounted(publishes=2)(35) RaisedFloor(F=3,publishes=3)(45)	Published(23)	true	Completed
P2	1	2	0	Rollback(Ring3)+Raise(5)	Mounted(publishes=2)(35) RaisedFloor(F=5,publishes=3)(45)	Published(23)	true	Completed
P2	1	2	0	Rollback(Ring3)+Raise(8)	Mounted(publishes=2)(35) RaisedFloor(F=8,publishes=3)(45)	Published(23)	true	Completed
P2	1	2	0	Rollback(Ring3)+Raise(13)	Mounted(publishes=2)(35) RaisedFloor(F=13,publishes=3)(45)	Published(23)	true	Completed
P2	1	2	0	Rollback(Ring3)+Raise(21)	Mounted(publishes=2)(35) RaisedFloor(F=21,publishes=3)(45)	Published(23)	true	Completed
P2	1	2	0	Rollback(Ring3)+Raise(34)	Mounted(publishes=2)(35) RaisedFloor(F=34,publishes=3)(45)	Published(23)	true	Completed
P2	1	2	0	Raise(0)	Refused(MountError::Publish(PublishError::PlacementRefused(NoFreeSlotOnAnyDevice)))(0)	Refused(PublishError::PlacementRefused(NoFreeSlotOnAnyDevice))(0)	false	Completed
P2	1	2	0	Raise(0)+Overwrite	Refused(MountError::Publish(PublishError::PlacementRefused(NoFreeSlotOnAnyDevice)))(0) Refused(PublishError::PlacementRefused(NoFreeSlotOnAnyDevice))(0)	Refused(PublishError::PlacementRefused(NoFreeSlotOnAnyDevice))(0)	false	Completed
P2	1	2	0	Raise(0)+MountWritable	Refused(MountError::Publish(PublishError::PlacementRefused(NoFreeSlotOnAnyDevice)))(0) Mounted(publishes=2)(35)	Published(23)	true	Completed
P2	1	2	0	Raise(0)+ColdStartRecover	Refused(MountError::Publish(PublishError::PlacementRefused(NoFreeSlotOnAnyDevice)))(0) Recovered(0)	NotApplicable(NoWritableSession)(0)	false	Completed
P2	1	2	0	Raise(0)+Rollback(NewestFloor)	Refused(MountError::Publish(PublishError::PlacementRefused(NoFreeSlotOnAnyDevice)))(0) Mounted(publishes=2)(35)	Published(23)	true	Completed
P2	1	2	0	Raise(0)+Rollback(Ring0)	Refused(MountError::Publish(PublishError::PlacementRefused(NoFreeSlotOnAnyDevice)))(0) Mounted(publishes=2)(35)	Published(23)	true	Completed
P2	1	2	0	Raise(0)+Rollback(Ring1)	Refused(MountError::Publish(PublishError::PlacementRefused(NoFreeSlotOnAnyDevice)))(0) Mounted(publishes=2)(35)	Published(23)	true	Completed
P2	1	2	0	Raise(0)+Rollback(Ring2)	Refused(MountError::Publish(PublishError::PlacementRefused(NoFreeSlotOnAnyDevice)))(0) Mounted(publishes=2)(35)	Published(23)	true	Completed
P2	1	2	0	Raise(0)+Rollback(Ring3)	Refused(MountError::Publish(PublishError::PlacementRefused(NoFreeSlotOnAnyDevice)))(0) Mounted(publishes=2)(35)	Published(23)	true	Completed
P2	1	2	0	Raise(0)+Raise(0)	Refused(MountError::Publish(PublishError::PlacementRefused(NoFreeSlotOnAnyDevice)))(0) Refused(MountError::Publish(PublishError::PlacementRefused(NoFreeSlotOnAnyDevice)))(0)	Refused(PublishError::PlacementRefused(NoFreeSlotOnAnyDevice))(0)	false	Completed
P2	1	2	0	Raise(0)+Raise(1)	Refused(MountError::Publish(PublishError::PlacementRefused(NoFreeSlotOnAnyDevice)))(0) Refused(MountError::Publish(PublishError::PlacementRefused(NoFreeSlotOnAnyDevice)))(0)	Refused(PublishError::PlacementRefused(NoFreeSlotOnAnyDevice))(0)	false	Completed
P2	1	2	0	Raise(0)+Raise(2)	Refused(MountError::Publish(PublishError::PlacementRefused(NoFreeSlotOnAnyDevice)))(0) Refused(MountError::Publish(PublishError::PlacementRefused(NoFreeSlotOnAnyDevice)))(0)	Refused(PublishError::PlacementRefused(NoFreeSlotOnAnyDevice))(0)	false	Completed
P2	1	2	0	Raise(0)+Raise(3)	Refused(MountError::Publish(PublishError::PlacementRefused(NoFreeSlotOnAnyDevice)))(0) Refused(MountError::Publish(PublishError::PlacementRefused(NoFreeSlotOnAnyDevice)))(0)	Refused(PublishError::PlacementRefused(NoFreeSlotOnAnyDevice))(0)	false	Completed
P2	1	2	0	Raise(0)+Raise(5)	Refused(MountError::Publish(PublishError::PlacementRefused(NoFreeSlotOnAnyDevice)))(0) Refused(MountError::Publish(PublishError::PlacementRefused(NoFreeSlotOnAnyDevice)))(0)	Refused(PublishError::PlacementRefused(NoFreeSlotOnAnyDevice))(0)	false	Completed
P2	1	2	0	Raise(0)+Raise(8)	Refused(MountError::Publish(PublishError::PlacementRefused(NoFreeSlotOnAnyDevice)))(0) Refused(MountError::Publish(PublishError::PlacementRefused(NoFreeSlotOnAnyDevice)))(0)	Refused(PublishError::PlacementRefused(NoFreeSlotOnAnyDevice))(0)	false	Completed
P2	1	2	0	Raise(0)+Raise(13)	Refused(MountError::Publish(PublishError::PlacementRefused(NoFreeSlotOnAnyDevice)))(0) Refused(MountError::Publish(PublishError::PlacementRefused(NoFreeSlotOnAnyDevice)))(0)	Refused(PublishError::PlacementRefused(NoFreeSlotOnAnyDevice))(0)	false	Completed
P2	1	2	0	Raise(0)+Raise(21)	Refused(MountError::Publish(PublishError::PlacementRefused(NoFreeSlotOnAnyDevice)))(0) Refused(MountError::Publish(PublishError::PlacementRefused(NoFreeSlotOnAnyDevice)))(0)	Refused(PublishError::PlacementRefused(NoFreeSlotOnAnyDevice))(0)	false	Completed
P2	1	2	0	Raise(0)+Raise(34)	Refused(MountError::Publish(PublishError::PlacementRefused(NoFreeSlotOnAnyDevice)))(0) Refused(MountError::Publish(PublishError::PlacementRefused(NoFreeSlotOnAnyDevice)))(0)	Refused(PublishError::PlacementRefused(NoFreeSlotOnAnyDevice))(0)	false	Completed
P2	1	2	0	Raise(1)	Refused(MountError::Publish(PublishError::PlacementRefused(NoFreeSlotOnAnyDevice)))(0)	Refused(PublishError::PlacementRefused(NoFreeSlotOnAnyDevice))(0)	false	Completed
P2	1	2	0	Raise(1)+Overwrite	Refused(MountError::Publish(PublishError::PlacementRefused(NoFreeSlotOnAnyDevice)))(0) Refused(PublishError::PlacementRefused(NoFreeSlotOnAnyDevice))(0)	Refused(PublishError::PlacementRefused(NoFreeSlotOnAnyDevice))(0)	false	Completed
P2	1	2	0	Raise(1)+MountWritable	Refused(MountError::Publish(PublishError::PlacementRefused(NoFreeSlotOnAnyDevice)))(0) Mounted(publishes=2)(35)	Published(23)	true	Completed
P2	1	2	0	Raise(1)+ColdStartRecover	Refused(MountError::Publish(PublishError::PlacementRefused(NoFreeSlotOnAnyDevice)))(0) Recovered(0)	NotApplicable(NoWritableSession)(0)	false	Completed
P2	1	2	0	Raise(1)+Rollback(NewestFloor)	Refused(MountError::Publish(PublishError::PlacementRefused(NoFreeSlotOnAnyDevice)))(0) Mounted(publishes=2)(35)	Published(23)	true	Completed
P2	1	2	0	Raise(1)+Rollback(Ring0)	Refused(MountError::Publish(PublishError::PlacementRefused(NoFreeSlotOnAnyDevice)))(0) Mounted(publishes=2)(35)	Published(23)	true	Completed
P2	1	2	0	Raise(1)+Rollback(Ring1)	Refused(MountError::Publish(PublishError::PlacementRefused(NoFreeSlotOnAnyDevice)))(0) Mounted(publishes=2)(35)	Published(23)	true	Completed
P2	1	2	0	Raise(1)+Rollback(Ring2)	Refused(MountError::Publish(PublishError::PlacementRefused(NoFreeSlotOnAnyDevice)))(0) Mounted(publishes=2)(35)	Published(23)	true	Completed
P2	1	2	0	Raise(1)+Rollback(Ring3)	Refused(MountError::Publish(PublishError::PlacementRefused(NoFreeSlotOnAnyDevice)))(0) Mounted(publishes=2)(35)	Published(23)	true	Completed
P2	1	2	0	Raise(1)+Raise(0)	Refused(MountError::Publish(PublishError::PlacementRefused(NoFreeSlotOnAnyDevice)))(0) Refused(MountError::Publish(PublishError::PlacementRefused(NoFreeSlotOnAnyDevice)))(0)	Refused(PublishError::PlacementRefused(NoFreeSlotOnAnyDevice))(0)	false	Completed
P2	1	2	0	Raise(1)+Raise(1)	Refused(MountError::Publish(PublishError::PlacementRefused(NoFreeSlotOnAnyDevice)))(0) Refused(MountError::Publish(PublishError::PlacementRefused(NoFreeSlotOnAnyDevice)))(0)	Refused(PublishError::PlacementRefused(NoFreeSlotOnAnyDevice))(0)	false	Completed
P2	1	2	0	Raise(1)+Raise(2)	Refused(MountError::Publish(PublishError::PlacementRefused(NoFreeSlotOnAnyDevice)))(0) Refused(MountError::Publish(PublishError::PlacementRefused(NoFreeSlotOnAnyDevice)))(0)	Refused(PublishError::PlacementRefused(NoFreeSlotOnAnyDevice))(0)	false	Completed
P2	1	2	0	Raise(1)+Raise(3)	Refused(MountError::Publish(PublishError::PlacementRefused(NoFreeSlotOnAnyDevice)))(0) Refused(MountError::Publish(PublishError::PlacementRefused(NoFreeSlotOnAnyDevice)))(0)	Refused(PublishError::PlacementRefused(NoFreeSlotOnAnyDevice))(0)	false	Completed
P2	1	2	0	Raise(1)+Raise(5)	Refused(MountError::Publish(PublishError::PlacementRefused(NoFreeSlotOnAnyDevice)))(0) Refused(MountError::Publish(PublishError::PlacementRefused(NoFreeSlotOnAnyDevice)))(0)	Refused(PublishError::PlacementRefused(NoFreeSlotOnAnyDevice))(0)	false	Completed
P2	1	2	0	Raise(1)+Raise(8)	Refused(MountError::Publish(PublishError::PlacementRefused(NoFreeSlotOnAnyDevice)))(0) Refused(MountError::Publish(PublishError::PlacementRefused(NoFreeSlotOnAnyDevice)))(0)	Refused(PublishError::PlacementRefused(NoFreeSlotOnAnyDevice))(0)	false	Completed
P2	1	2	0	Raise(1)+Raise(13)	Refused(MountError::Publish(PublishError::PlacementRefused(NoFreeSlotOnAnyDevice)))(0) Refused(MountError::Publish(PublishError::PlacementRefused(NoFreeSlotOnAnyDevice)))(0)	Refused(PublishError::PlacementRefused(NoFreeSlotOnAnyDevice))(0)	false	Completed
P2	1	2	0	Raise(1)+Raise(21)	Refused(MountError::Publish(PublishError::PlacementRefused(NoFreeSlotOnAnyDevice)))(0) Refused(MountError::Publish(PublishError::PlacementRefused(NoFreeSlotOnAnyDevice)))(0)	Refused(PublishError::PlacementRefused(NoFreeSlotOnAnyDevice))(0)	false	Completed
P2	1	2	0	Raise(1)+Raise(34)	Refused(MountError::Publish(PublishError::PlacementRefused(NoFreeSlotOnAnyDevice)))(0) Refused(MountError::Publish(PublishError::PlacementRefused(NoFreeSlotOnAnyDevice)))(0)	Refused(PublishError::PlacementRefused(NoFreeSlotOnAnyDevice))(0)	false	Completed
P2	1	2	0	Raise(2)	Refused(MountError::Publish(PublishError::PlacementRefused(NoFreeSlotOnAnyDevice)))(0)	Refused(PublishError::PlacementRefused(NoFreeSlotOnAnyDevice))(0)	false	Completed
P2	1	2	0	Raise(2)+Overwrite	Refused(MountError::Publish(PublishError::PlacementRefused(NoFreeSlotOnAnyDevice)))(0) Refused(PublishError::PlacementRefused(NoFreeSlotOnAnyDevice))(0)	Refused(PublishError::PlacementRefused(NoFreeSlotOnAnyDevice))(0)	false	Completed
P2	1	2	0	Raise(2)+MountWritable	Refused(MountError::Publish(PublishError::PlacementRefused(NoFreeSlotOnAnyDevice)))(0) Mounted(publishes=2)(35)	Published(23)	true	Completed
P2	1	2	0	Raise(2)+ColdStartRecover	Refused(MountError::Publish(PublishError::PlacementRefused(NoFreeSlotOnAnyDevice)))(0) Recovered(0)	NotApplicable(NoWritableSession)(0)	false	Completed
P2	1	2	0	Raise(2)+Rollback(NewestFloor)	Refused(MountError::Publish(PublishError::PlacementRefused(NoFreeSlotOnAnyDevice)))(0) Mounted(publishes=2)(35)	Published(23)	true	Completed
P2	1	2	0	Raise(2)+Rollback(Ring0)	Refused(MountError::Publish(PublishError::PlacementRefused(NoFreeSlotOnAnyDevice)))(0) Mounted(publishes=2)(35)	Published(23)	true	Completed
P2	1	2	0	Raise(2)+Rollback(Ring1)	Refused(MountError::Publish(PublishError::PlacementRefused(NoFreeSlotOnAnyDevice)))(0) Mounted(publishes=2)(35)	Published(23)	true	Completed
P2	1	2	0	Raise(2)+Rollback(Ring2)	Refused(MountError::Publish(PublishError::PlacementRefused(NoFreeSlotOnAnyDevice)))(0) Mounted(publishes=2)(35)	Published(23)	true	Completed
P2	1	2	0	Raise(2)+Rollback(Ring3)	Refused(MountError::Publish(PublishError::PlacementRefused(NoFreeSlotOnAnyDevice)))(0) Mounted(publishes=2)(35)	Published(23)	true	Completed
P2	1	2	0	Raise(2)+Raise(0)	Refused(MountError::Publish(PublishError::PlacementRefused(NoFreeSlotOnAnyDevice)))(0) Refused(MountError::Publish(PublishError::PlacementRefused(NoFreeSlotOnAnyDevice)))(0)	Refused(PublishError::PlacementRefused(NoFreeSlotOnAnyDevice))(0)	false	Completed
P2	1	2	0	Raise(2)+Raise(1)	Refused(MountError::Publish(PublishError::PlacementRefused(NoFreeSlotOnAnyDevice)))(0) Refused(MountError::Publish(PublishError::PlacementRefused(NoFreeSlotOnAnyDevice)))(0)	Refused(PublishError::PlacementRefused(NoFreeSlotOnAnyDevice))(0)	false	Completed
P2	1	2	0	Raise(2)+Raise(2)	Refused(MountError::Publish(PublishError::PlacementRefused(NoFreeSlotOnAnyDevice)))(0) Refused(MountError::Publish(PublishError::PlacementRefused(NoFreeSlotOnAnyDevice)))(0)	Refused(PublishError::PlacementRefused(NoFreeSlotOnAnyDevice))(0)	false	Completed
P2	1	2	0	Raise(2)+Raise(3)	Refused(MountError::Publish(PublishError::PlacementRefused(NoFreeSlotOnAnyDevice)))(0) Refused(MountError::Publish(PublishError::PlacementRefused(NoFreeSlotOnAnyDevice)))(0)	Refused(PublishError::PlacementRefused(NoFreeSlotOnAnyDevice))(0)	false	Completed
P2	1	2	0	Raise(2)+Raise(5)	Refused(MountError::Publish(PublishError::PlacementRefused(NoFreeSlotOnAnyDevice)))(0) Refused(MountError::Publish(PublishError::PlacementRefused(NoFreeSlotOnAnyDevice)))(0)	Refused(PublishError::PlacementRefused(NoFreeSlotOnAnyDevice))(0)	false	Completed
P2	1	2	0	Raise(2)+Raise(8)	Refused(MountError::Publish(PublishError::PlacementRefused(NoFreeSlotOnAnyDevice)))(0) Refused(MountError::Publish(PublishError::PlacementRefused(NoFreeSlotOnAnyDevice)))(0)	Refused(PublishError::PlacementRefused(NoFreeSlotOnAnyDevice))(0)	false	Completed
P2	1	2	0	Raise(2)+Raise(13)	Refused(MountError::Publish(PublishError::PlacementRefused(NoFreeSlotOnAnyDevice)))(0) Refused(MountError::Publish(PublishError::PlacementRefused(NoFreeSlotOnAnyDevice)))(0)	Refused(PublishError::PlacementRefused(NoFreeSlotOnAnyDevice))(0)	false	Completed
P2	1	2	0	Raise(2)+Raise(21)	Refused(MountError::Publish(PublishError::PlacementRefused(NoFreeSlotOnAnyDevice)))(0) Refused(MountError::Publish(PublishError::PlacementRefused(NoFreeSlotOnAnyDevice)))(0)	Refused(PublishError::PlacementRefused(NoFreeSlotOnAnyDevice))(0)	false	Completed
P2	1	2	0	Raise(2)+Raise(34)	Refused(MountError::Publish(PublishError::PlacementRefused(NoFreeSlotOnAnyDevice)))(0) Refused(MountError::Publish(PublishError::PlacementRefused(NoFreeSlotOnAnyDevice)))(0)	Refused(PublishError::PlacementRefused(NoFreeSlotOnAnyDevice))(0)	false	Completed
P2	1	2	0	Raise(3)	Refused(MountError::Publish(PublishError::PlacementRefused(NoFreeSlotOnAnyDevice)))(0)	Refused(PublishError::PlacementRefused(NoFreeSlotOnAnyDevice))(0)	false	Completed
P2	1	2	0	Raise(3)+Overwrite	Refused(MountError::Publish(PublishError::PlacementRefused(NoFreeSlotOnAnyDevice)))(0) Refused(PublishError::PlacementRefused(NoFreeSlotOnAnyDevice))(0)	Refused(PublishError::PlacementRefused(NoFreeSlotOnAnyDevice))(0)	false	Completed
P2	1	2	0	Raise(3)+MountWritable	Refused(MountError::Publish(PublishError::PlacementRefused(NoFreeSlotOnAnyDevice)))(0) Mounted(publishes=2)(35)	Published(23)	true	Completed
P2	1	2	0	Raise(3)+ColdStartRecover	Refused(MountError::Publish(PublishError::PlacementRefused(NoFreeSlotOnAnyDevice)))(0) Recovered(0)	NotApplicable(NoWritableSession)(0)	false	Completed
P2	1	2	0	Raise(3)+Rollback(NewestFloor)	Refused(MountError::Publish(PublishError::PlacementRefused(NoFreeSlotOnAnyDevice)))(0) Mounted(publishes=2)(35)	Published(23)	true	Completed
P2	1	2	0	Raise(3)+Rollback(Ring0)	Refused(MountError::Publish(PublishError::PlacementRefused(NoFreeSlotOnAnyDevice)))(0) Mounted(publishes=2)(35)	Published(23)	true	Completed
P2	1	2	0	Raise(3)+Rollback(Ring1)	Refused(MountError::Publish(PublishError::PlacementRefused(NoFreeSlotOnAnyDevice)))(0) Mounted(publishes=2)(35)	Published(23)	true	Completed
P2	1	2	0	Raise(3)+Rollback(Ring2)	Refused(MountError::Publish(PublishError::PlacementRefused(NoFreeSlotOnAnyDevice)))(0) Mounted(publishes=2)(35)	Published(23)	true	Completed
P2	1	2	0	Raise(3)+Rollback(Ring3)	Refused(MountError::Publish(PublishError::PlacementRefused(NoFreeSlotOnAnyDevice)))(0) Mounted(publishes=2)(35)	Published(23)	true	Completed
P2	1	2	0	Raise(3)+Raise(0)	Refused(MountError::Publish(PublishError::PlacementRefused(NoFreeSlotOnAnyDevice)))(0) Refused(MountError::Publish(PublishError::PlacementRefused(NoFreeSlotOnAnyDevice)))(0)	Refused(PublishError::PlacementRefused(NoFreeSlotOnAnyDevice))(0)	false	Completed
P2	1	2	0	Raise(3)+Raise(1)	Refused(MountError::Publish(PublishError::PlacementRefused(NoFreeSlotOnAnyDevice)))(0) Refused(MountError::Publish(PublishError::PlacementRefused(NoFreeSlotOnAnyDevice)))(0)	Refused(PublishError::PlacementRefused(NoFreeSlotOnAnyDevice))(0)	false	Completed
P2	1	2	0	Raise(3)+Raise(2)	Refused(MountError::Publish(PublishError::PlacementRefused(NoFreeSlotOnAnyDevice)))(0) Refused(MountError::Publish(PublishError::PlacementRefused(NoFreeSlotOnAnyDevice)))(0)	Refused(PublishError::PlacementRefused(NoFreeSlotOnAnyDevice))(0)	false	Completed
P2	1	2	0	Raise(3)+Raise(3)	Refused(MountError::Publish(PublishError::PlacementRefused(NoFreeSlotOnAnyDevice)))(0) Refused(MountError::Publish(PublishError::PlacementRefused(NoFreeSlotOnAnyDevice)))(0)	Refused(PublishError::PlacementRefused(NoFreeSlotOnAnyDevice))(0)	false	Completed
P2	1	2	0	Raise(3)+Raise(5)	Refused(MountError::Publish(PublishError::PlacementRefused(NoFreeSlotOnAnyDevice)))(0) Refused(MountError::Publish(PublishError::PlacementRefused(NoFreeSlotOnAnyDevice)))(0)	Refused(PublishError::PlacementRefused(NoFreeSlotOnAnyDevice))(0)	false	Completed
P2	1	2	0	Raise(3)+Raise(8)	Refused(MountError::Publish(PublishError::PlacementRefused(NoFreeSlotOnAnyDevice)))(0) Refused(MountError::Publish(PublishError::PlacementRefused(NoFreeSlotOnAnyDevice)))(0)	Refused(PublishError::PlacementRefused(NoFreeSlotOnAnyDevice))(0)	false	Completed
P2	1	2	0	Raise(3)+Raise(13)	Refused(MountError::Publish(PublishError::PlacementRefused(NoFreeSlotOnAnyDevice)))(0) Refused(MountError::Publish(PublishError::PlacementRefused(NoFreeSlotOnAnyDevice)))(0)	Refused(PublishError::PlacementRefused(NoFreeSlotOnAnyDevice))(0)	false	Completed
P2	1	2	0	Raise(3)+Raise(21)	Refused(MountError::Publish(PublishError::PlacementRefused(NoFreeSlotOnAnyDevice)))(0) Refused(MountError::Publish(PublishError::PlacementRefused(NoFreeSlotOnAnyDevice)))(0)	Refused(PublishError::PlacementRefused(NoFreeSlotOnAnyDevice))(0)	false	Completed
P2	1	2	0	Raise(3)+Raise(34)	Refused(MountError::Publish(PublishError::PlacementRefused(NoFreeSlotOnAnyDevice)))(0) Refused(MountError::Publish(PublishError::PlacementRefused(NoFreeSlotOnAnyDevice)))(0)	Refused(PublishError::PlacementRefused(NoFreeSlotOnAnyDevice))(0)	false	Completed
P2	1	2	0	Raise(5)	Refused(MountError::Publish(PublishError::PlacementRefused(NoFreeSlotOnAnyDevice)))(0)	Refused(PublishError::PlacementRefused(NoFreeSlotOnAnyDevice))(0)	false	Completed
P2	1	2	0	Raise(5)+Overwrite	Refused(MountError::Publish(PublishError::PlacementRefused(NoFreeSlotOnAnyDevice)))(0) Refused(PublishError::PlacementRefused(NoFreeSlotOnAnyDevice))(0)	Refused(PublishError::PlacementRefused(NoFreeSlotOnAnyDevice))(0)	false	Completed
P2	1	2	0	Raise(5)+MountWritable	Refused(MountError::Publish(PublishError::PlacementRefused(NoFreeSlotOnAnyDevice)))(0) Mounted(publishes=2)(35)	Published(23)	true	Completed
P2	1	2	0	Raise(5)+ColdStartRecover	Refused(MountError::Publish(PublishError::PlacementRefused(NoFreeSlotOnAnyDevice)))(0) Recovered(0)	NotApplicable(NoWritableSession)(0)	false	Completed
P2	1	2	0	Raise(5)+Rollback(NewestFloor)	Refused(MountError::Publish(PublishError::PlacementRefused(NoFreeSlotOnAnyDevice)))(0) Mounted(publishes=2)(35)	Published(23)	true	Completed
P2	1	2	0	Raise(5)+Rollback(Ring0)	Refused(MountError::Publish(PublishError::PlacementRefused(NoFreeSlotOnAnyDevice)))(0) Mounted(publishes=2)(35)	Published(23)	true	Completed
P2	1	2	0	Raise(5)+Rollback(Ring1)	Refused(MountError::Publish(PublishError::PlacementRefused(NoFreeSlotOnAnyDevice)))(0) Mounted(publishes=2)(35)	Published(23)	true	Completed
P2	1	2	0	Raise(5)+Rollback(Ring2)	Refused(MountError::Publish(PublishError::PlacementRefused(NoFreeSlotOnAnyDevice)))(0) Mounted(publishes=2)(35)	Published(23)	true	Completed
P2	1	2	0	Raise(5)+Rollback(Ring3)	Refused(MountError::Publish(PublishError::PlacementRefused(NoFreeSlotOnAnyDevice)))(0) Mounted(publishes=2)(35)	Published(23)	true	Completed
P2	1	2	0	Raise(5)+Raise(0)	Refused(MountError::Publish(PublishError::PlacementRefused(NoFreeSlotOnAnyDevice)))(0) Refused(MountError::Publish(PublishError::PlacementRefused(NoFreeSlotOnAnyDevice)))(0)	Refused(PublishError::PlacementRefused(NoFreeSlotOnAnyDevice))(0)	false	Completed
P2	1	2	0	Raise(5)+Raise(1)	Refused(MountError::Publish(PublishError::PlacementRefused(NoFreeSlotOnAnyDevice)))(0) Refused(MountError::Publish(PublishError::PlacementRefused(NoFreeSlotOnAnyDevice)))(0)	Refused(PublishError::PlacementRefused(NoFreeSlotOnAnyDevice))(0)	false	Completed
P2	1	2	0	Raise(5)+Raise(2)	Refused(MountError::Publish(PublishError::PlacementRefused(NoFreeSlotOnAnyDevice)))(0) Refused(MountError::Publish(PublishError::PlacementRefused(NoFreeSlotOnAnyDevice)))(0)	Refused(PublishError::PlacementRefused(NoFreeSlotOnAnyDevice))(0)	false	Completed
P2	1	2	0	Raise(5)+Raise(3)	Refused(MountError::Publish(PublishError::PlacementRefused(NoFreeSlotOnAnyDevice)))(0) Refused(MountError::Publish(PublishError::PlacementRefused(NoFreeSlotOnAnyDevice)))(0)	Refused(PublishError::PlacementRefused(NoFreeSlotOnAnyDevice))(0)	false	Completed
P2	1	2	0	Raise(5)+Raise(5)	Refused(MountError::Publish(PublishError::PlacementRefused(NoFreeSlotOnAnyDevice)))(0) Refused(MountError::Publish(PublishError::PlacementRefused(NoFreeSlotOnAnyDevice)))(0)	Refused(PublishError::PlacementRefused(NoFreeSlotOnAnyDevice))(0)	false	Completed
P2	1	2	0	Raise(5)+Raise(8)	Refused(MountError::Publish(PublishError::PlacementRefused(NoFreeSlotOnAnyDevice)))(0) Refused(MountError::Publish(PublishError::PlacementRefused(NoFreeSlotOnAnyDevice)))(0)	Refused(PublishError::PlacementRefused(NoFreeSlotOnAnyDevice))(0)	false	Completed
P2	1	2	0	Raise(5)+Raise(13)	Refused(MountError::Publish(PublishError::PlacementRefused(NoFreeSlotOnAnyDevice)))(0) Refused(MountError::Publish(PublishError::PlacementRefused(NoFreeSlotOnAnyDevice)))(0)	Refused(PublishError::PlacementRefused(NoFreeSlotOnAnyDevice))(0)	false	Completed
P2	1	2	0	Raise(5)+Raise(21)	Refused(MountError::Publish(PublishError::PlacementRefused(NoFreeSlotOnAnyDevice)))(0) Refused(MountError::Publish(PublishError::PlacementRefused(NoFreeSlotOnAnyDevice)))(0)	Refused(PublishError::PlacementRefused(NoFreeSlotOnAnyDevice))(0)	false	Completed
P2	1	2	0	Raise(5)+Raise(34)	Refused(MountError::Publish(PublishError::PlacementRefused(NoFreeSlotOnAnyDevice)))(0) Refused(MountError::Publish(PublishError::PlacementRefused(NoFreeSlotOnAnyDevice)))(0)	Refused(PublishError::PlacementRefused(NoFreeSlotOnAnyDevice))(0)	false	Completed
P2	1	2	0	Raise(8)	Refused(MountError::Publish(PublishError::PlacementRefused(NoFreeSlotOnAnyDevice)))(0)	Refused(PublishError::PlacementRefused(NoFreeSlotOnAnyDevice))(0)	false	Completed
P2	1	2	0	Raise(8)+Overwrite	Refused(MountError::Publish(PublishError::PlacementRefused(NoFreeSlotOnAnyDevice)))(0) Refused(PublishError::PlacementRefused(NoFreeSlotOnAnyDevice))(0)	Refused(PublishError::PlacementRefused(NoFreeSlotOnAnyDevice))(0)	false	Completed
P2	1	2	0	Raise(8)+MountWritable	Refused(MountError::Publish(PublishError::PlacementRefused(NoFreeSlotOnAnyDevice)))(0) Mounted(publishes=2)(35)	Published(23)	true	Completed
P2	1	2	0	Raise(8)+ColdStartRecover	Refused(MountError::Publish(PublishError::PlacementRefused(NoFreeSlotOnAnyDevice)))(0) Recovered(0)	NotApplicable(NoWritableSession)(0)	false	Completed
P2	1	2	0	Raise(8)+Rollback(NewestFloor)	Refused(MountError::Publish(PublishError::PlacementRefused(NoFreeSlotOnAnyDevice)))(0) Mounted(publishes=2)(35)	Published(23)	true	Completed
P2	1	2	0	Raise(8)+Rollback(Ring0)	Refused(MountError::Publish(PublishError::PlacementRefused(NoFreeSlotOnAnyDevice)))(0) Mounted(publishes=2)(35)	Published(23)	true	Completed
P2	1	2	0	Raise(8)+Rollback(Ring1)	Refused(MountError::Publish(PublishError::PlacementRefused(NoFreeSlotOnAnyDevice)))(0) Mounted(publishes=2)(35)	Published(23)	true	Completed
P2	1	2	0	Raise(8)+Rollback(Ring2)	Refused(MountError::Publish(PublishError::PlacementRefused(NoFreeSlotOnAnyDevice)))(0) Mounted(publishes=2)(35)	Published(23)	true	Completed
P2	1	2	0	Raise(8)+Rollback(Ring3)	Refused(MountError::Publish(PublishError::PlacementRefused(NoFreeSlotOnAnyDevice)))(0) Mounted(publishes=2)(35)	Published(23)	true	Completed
P2	1	2	0	Raise(8)+Raise(0)	Refused(MountError::Publish(PublishError::PlacementRefused(NoFreeSlotOnAnyDevice)))(0) Refused(MountError::Publish(PublishError::PlacementRefused(NoFreeSlotOnAnyDevice)))(0)	Refused(PublishError::PlacementRefused(NoFreeSlotOnAnyDevice))(0)	false	Completed
P2	1	2	0	Raise(8)+Raise(1)	Refused(MountError::Publish(PublishError::PlacementRefused(NoFreeSlotOnAnyDevice)))(0) Refused(MountError::Publish(PublishError::PlacementRefused(NoFreeSlotOnAnyDevice)))(0)	Refused(PublishError::PlacementRefused(NoFreeSlotOnAnyDevice))(0)	false	Completed
P2	1	2	0	Raise(8)+Raise(2)	Refused(MountError::Publish(PublishError::PlacementRefused(NoFreeSlotOnAnyDevice)))(0) Refused(MountError::Publish(PublishError::PlacementRefused(NoFreeSlotOnAnyDevice)))(0)	Refused(PublishError::PlacementRefused(NoFreeSlotOnAnyDevice))(0)	false	Completed
P2	1	2	0	Raise(8)+Raise(3)	Refused(MountError::Publish(PublishError::PlacementRefused(NoFreeSlotOnAnyDevice)))(0) Refused(MountError::Publish(PublishError::PlacementRefused(NoFreeSlotOnAnyDevice)))(0)	Refused(PublishError::PlacementRefused(NoFreeSlotOnAnyDevice))(0)	false	Completed
P2	1	2	0	Raise(8)+Raise(5)	Refused(MountError::Publish(PublishError::PlacementRefused(NoFreeSlotOnAnyDevice)))(0) Refused(MountError::Publish(PublishError::PlacementRefused(NoFreeSlotOnAnyDevice)))(0)	Refused(PublishError::PlacementRefused(NoFreeSlotOnAnyDevice))(0)	false	Completed
P2	1	2	0	Raise(8)+Raise(8)	Refused(MountError::Publish(PublishError::PlacementRefused(NoFreeSlotOnAnyDevice)))(0) Refused(MountError::Publish(PublishError::PlacementRefused(NoFreeSlotOnAnyDevice)))(0)	Refused(PublishError::PlacementRefused(NoFreeSlotOnAnyDevice))(0)	false	Completed
P2	1	2	0	Raise(8)+Raise(13)	Refused(MountError::Publish(PublishError::PlacementRefused(NoFreeSlotOnAnyDevice)))(0) Refused(MountError::Publish(PublishError::PlacementRefused(NoFreeSlotOnAnyDevice)))(0)	Refused(PublishError::PlacementRefused(NoFreeSlotOnAnyDevice))(0)	false	Completed
P2	1	2	0	Raise(8)+Raise(21)	Refused(MountError::Publish(PublishError::PlacementRefused(NoFreeSlotOnAnyDevice)))(0) Refused(MountError::Publish(PublishError::PlacementRefused(NoFreeSlotOnAnyDevice)))(0)	Refused(PublishError::PlacementRefused(NoFreeSlotOnAnyDevice))(0)	false	Completed
P2	1	2	0	Raise(8)+Raise(34)	Refused(MountError::Publish(PublishError::PlacementRefused(NoFreeSlotOnAnyDevice)))(0) Refused(MountError::Publish(PublishError::PlacementRefused(NoFreeSlotOnAnyDevice)))(0)	Refused(PublishError::PlacementRefused(NoFreeSlotOnAnyDevice))(0)	false	Completed
P2	1	2	0	Raise(13)	Refused(MountError::Publish(PublishError::PlacementRefused(NoFreeSlotOnAnyDevice)))(0)	Refused(PublishError::PlacementRefused(NoFreeSlotOnAnyDevice))(0)	false	Completed
P2	1	2	0	Raise(13)+Overwrite	Refused(MountError::Publish(PublishError::PlacementRefused(NoFreeSlotOnAnyDevice)))(0) Refused(PublishError::PlacementRefused(NoFreeSlotOnAnyDevice))(0)	Refused(PublishError::PlacementRefused(NoFreeSlotOnAnyDevice))(0)	false	Completed
P2	1	2	0	Raise(13)+MountWritable	Refused(MountError::Publish(PublishError::PlacementRefused(NoFreeSlotOnAnyDevice)))(0) Mounted(publishes=2)(35)	Published(23)	true	Completed
P2	1	2	0	Raise(13)+ColdStartRecover	Refused(MountError::Publish(PublishError::PlacementRefused(NoFreeSlotOnAnyDevice)))(0) Recovered(0)	NotApplicable(NoWritableSession)(0)	false	Completed
P2	1	2	0	Raise(13)+Rollback(NewestFloor)	Refused(MountError::Publish(PublishError::PlacementRefused(NoFreeSlotOnAnyDevice)))(0) Mounted(publishes=2)(35)	Published(23)	true	Completed
P2	1	2	0	Raise(13)+Rollback(Ring0)	Refused(MountError::Publish(PublishError::PlacementRefused(NoFreeSlotOnAnyDevice)))(0) Mounted(publishes=2)(35)	Published(23)	true	Completed
P2	1	2	0	Raise(13)+Rollback(Ring1)	Refused(MountError::Publish(PublishError::PlacementRefused(NoFreeSlotOnAnyDevice)))(0) Mounted(publishes=2)(35)	Published(23)	true	Completed
P2	1	2	0	Raise(13)+Rollback(Ring2)	Refused(MountError::Publish(PublishError::PlacementRefused(NoFreeSlotOnAnyDevice)))(0) Mounted(publishes=2)(35)	Published(23)	true	Completed
P2	1	2	0	Raise(13)+Rollback(Ring3)	Refused(MountError::Publish(PublishError::PlacementRefused(NoFreeSlotOnAnyDevice)))(0) Mounted(publishes=2)(35)	Published(23)	true	Completed
P2	1	2	0	Raise(13)+Raise(0)	Refused(MountError::Publish(PublishError::PlacementRefused(NoFreeSlotOnAnyDevice)))(0) Refused(MountError::Publish(PublishError::PlacementRefused(NoFreeSlotOnAnyDevice)))(0)	Refused(PublishError::PlacementRefused(NoFreeSlotOnAnyDevice))(0)	false	Completed
P2	1	2	0	Raise(13)+Raise(1)	Refused(MountError::Publish(PublishError::PlacementRefused(NoFreeSlotOnAnyDevice)))(0) Refused(MountError::Publish(PublishError::PlacementRefused(NoFreeSlotOnAnyDevice)))(0)	Refused(PublishError::PlacementRefused(NoFreeSlotOnAnyDevice))(0)	false	Completed
P2	1	2	0	Raise(13)+Raise(2)	Refused(MountError::Publish(PublishError::PlacementRefused(NoFreeSlotOnAnyDevice)))(0) Refused(MountError::Publish(PublishError::PlacementRefused(NoFreeSlotOnAnyDevice)))(0)	Refused(PublishError::PlacementRefused(NoFreeSlotOnAnyDevice))(0)	false	Completed
P2	1	2	0	Raise(13)+Raise(3)	Refused(MountError::Publish(PublishError::PlacementRefused(NoFreeSlotOnAnyDevice)))(0) Refused(MountError::Publish(PublishError::PlacementRefused(NoFreeSlotOnAnyDevice)))(0)	Refused(PublishError::PlacementRefused(NoFreeSlotOnAnyDevice))(0)	false	Completed
P2	1	2	0	Raise(13)+Raise(5)	Refused(MountError::Publish(PublishError::PlacementRefused(NoFreeSlotOnAnyDevice)))(0) Refused(MountError::Publish(PublishError::PlacementRefused(NoFreeSlotOnAnyDevice)))(0)	Refused(PublishError::PlacementRefused(NoFreeSlotOnAnyDevice))(0)	false	Completed
P2	1	2	0	Raise(13)+Raise(8)	Refused(MountError::Publish(PublishError::PlacementRefused(NoFreeSlotOnAnyDevice)))(0) Refused(MountError::Publish(PublishError::PlacementRefused(NoFreeSlotOnAnyDevice)))(0)	Refused(PublishError::PlacementRefused(NoFreeSlotOnAnyDevice))(0)	false	Completed
P2	1	2	0	Raise(13)+Raise(13)	Refused(MountError::Publish(PublishError::PlacementRefused(NoFreeSlotOnAnyDevice)))(0) Refused(MountError::Publish(PublishError::PlacementRefused(NoFreeSlotOnAnyDevice)))(0)	Refused(PublishError::PlacementRefused(NoFreeSlotOnAnyDevice))(0)	false	Completed
P2	1	2	0	Raise(13)+Raise(21)	Refused(MountError::Publish(PublishError::PlacementRefused(NoFreeSlotOnAnyDevice)))(0) Refused(MountError::Publish(PublishError::PlacementRefused(NoFreeSlotOnAnyDevice)))(0)	Refused(PublishError::PlacementRefused(NoFreeSlotOnAnyDevice))(0)	false	Completed
P2	1	2	0	Raise(13)+Raise(34)	Refused(MountError::Publish(PublishError::PlacementRefused(NoFreeSlotOnAnyDevice)))(0) Refused(MountError::Publish(PublishError::PlacementRefused(NoFreeSlotOnAnyDevice)))(0)	Refused(PublishError::PlacementRefused(NoFreeSlotOnAnyDevice))(0)	false	Completed
P2	1	2	0	Raise(21)	Refused(MountError::Publish(PublishError::PlacementRefused(NoFreeSlotOnAnyDevice)))(0)	Refused(PublishError::PlacementRefused(NoFreeSlotOnAnyDevice))(0)	false	Completed
P2	1	2	0	Raise(21)+Overwrite	Refused(MountError::Publish(PublishError::PlacementRefused(NoFreeSlotOnAnyDevice)))(0) Refused(PublishError::PlacementRefused(NoFreeSlotOnAnyDevice))(0)	Refused(PublishError::PlacementRefused(NoFreeSlotOnAnyDevice))(0)	false	Completed
P2	1	2	0	Raise(21)+MountWritable	Refused(MountError::Publish(PublishError::PlacementRefused(NoFreeSlotOnAnyDevice)))(0) Mounted(publishes=2)(35)	Published(23)	true	Completed
P2	1	2	0	Raise(21)+ColdStartRecover	Refused(MountError::Publish(PublishError::PlacementRefused(NoFreeSlotOnAnyDevice)))(0) Recovered(0)	NotApplicable(NoWritableSession)(0)	false	Completed
P2	1	2	0	Raise(21)+Rollback(NewestFloor)	Refused(MountError::Publish(PublishError::PlacementRefused(NoFreeSlotOnAnyDevice)))(0) Mounted(publishes=2)(35)	Published(23)	true	Completed
P2	1	2	0	Raise(21)+Rollback(Ring0)	Refused(MountError::Publish(PublishError::PlacementRefused(NoFreeSlotOnAnyDevice)))(0) Mounted(publishes=2)(35)	Published(23)	true	Completed
P2	1	2	0	Raise(21)+Rollback(Ring1)	Refused(MountError::Publish(PublishError::PlacementRefused(NoFreeSlotOnAnyDevice)))(0) Mounted(publishes=2)(35)	Published(23)	true	Completed
P2	1	2	0	Raise(21)+Rollback(Ring2)	Refused(MountError::Publish(PublishError::PlacementRefused(NoFreeSlotOnAnyDevice)))(0) Mounted(publishes=2)(35)	Published(23)	true	Completed
P2	1	2	0	Raise(21)+Rollback(Ring3)	Refused(MountError::Publish(PublishError::PlacementRefused(NoFreeSlotOnAnyDevice)))(0) Mounted(publishes=2)(35)	Published(23)	true	Completed
P2	1	2	0	Raise(21)+Raise(0)	Refused(MountError::Publish(PublishError::PlacementRefused(NoFreeSlotOnAnyDevice)))(0) Refused(MountError::Publish(PublishError::PlacementRefused(NoFreeSlotOnAnyDevice)))(0)	Refused(PublishError::PlacementRefused(NoFreeSlotOnAnyDevice))(0)	false	Completed
P2	1	2	0	Raise(21)+Raise(1)	Refused(MountError::Publish(PublishError::PlacementRefused(NoFreeSlotOnAnyDevice)))(0) Refused(MountError::Publish(PublishError::PlacementRefused(NoFreeSlotOnAnyDevice)))(0)	Refused(PublishError::PlacementRefused(NoFreeSlotOnAnyDevice))(0)	false	Completed
P2	1	2	0	Raise(21)+Raise(2)	Refused(MountError::Publish(PublishError::PlacementRefused(NoFreeSlotOnAnyDevice)))(0) Refused(MountError::Publish(PublishError::PlacementRefused(NoFreeSlotOnAnyDevice)))(0)	Refused(PublishError::PlacementRefused(NoFreeSlotOnAnyDevice))(0)	false	Completed
P2	1	2	0	Raise(21)+Raise(3)	Refused(MountError::Publish(PublishError::PlacementRefused(NoFreeSlotOnAnyDevice)))(0) Refused(MountError::Publish(PublishError::PlacementRefused(NoFreeSlotOnAnyDevice)))(0)	Refused(PublishError::PlacementRefused(NoFreeSlotOnAnyDevice))(0)	false	Completed
P2	1	2	0	Raise(21)+Raise(5)	Refused(MountError::Publish(PublishError::PlacementRefused(NoFreeSlotOnAnyDevice)))(0) Refused(MountError::Publish(PublishError::PlacementRefused(NoFreeSlotOnAnyDevice)))(0)	Refused(PublishError::PlacementRefused(NoFreeSlotOnAnyDevice))(0)	false	Completed
P2	1	2	0	Raise(21)+Raise(8)	Refused(MountError::Publish(PublishError::PlacementRefused(NoFreeSlotOnAnyDevice)))(0) Refused(MountError::Publish(PublishError::PlacementRefused(NoFreeSlotOnAnyDevice)))(0)	Refused(PublishError::PlacementRefused(NoFreeSlotOnAnyDevice))(0)	false	Completed
P2	1	2	0	Raise(21)+Raise(13)	Refused(MountError::Publish(PublishError::PlacementRefused(NoFreeSlotOnAnyDevice)))(0) Refused(MountError::Publish(PublishError::PlacementRefused(NoFreeSlotOnAnyDevice)))(0)	Refused(PublishError::PlacementRefused(NoFreeSlotOnAnyDevice))(0)	false	Completed
P2	1	2	0	Raise(21)+Raise(21)	Refused(MountError::Publish(PublishError::PlacementRefused(NoFreeSlotOnAnyDevice)))(0) Refused(MountError::Publish(PublishError::PlacementRefused(NoFreeSlotOnAnyDevice)))(0)	Refused(PublishError::PlacementRefused(NoFreeSlotOnAnyDevice))(0)	false	Completed
P2	1	2	0	Raise(21)+Raise(34)	Refused(MountError::Publish(PublishError::PlacementRefused(NoFreeSlotOnAnyDevice)))(0) Refused(MountError::Publish(PublishError::PlacementRefused(NoFreeSlotOnAnyDevice)))(0)	Refused(PublishError::PlacementRefused(NoFreeSlotOnAnyDevice))(0)	false	Completed
P2	1	2	0	Raise(34)	Refused(MountError::Publish(PublishError::PlacementRefused(NoFreeSlotOnAnyDevice)))(0)	Refused(PublishError::PlacementRefused(NoFreeSlotOnAnyDevice))(0)	false	Completed
P2	1	2	0	Raise(34)+Overwrite	Refused(MountError::Publish(PublishError::PlacementRefused(NoFreeSlotOnAnyDevice)))(0) Refused(PublishError::PlacementRefused(NoFreeSlotOnAnyDevice))(0)	Refused(PublishError::PlacementRefused(NoFreeSlotOnAnyDevice))(0)	false	Completed
P2	1	2	0	Raise(34)+MountWritable	Refused(MountError::Publish(PublishError::PlacementRefused(NoFreeSlotOnAnyDevice)))(0) Mounted(publishes=2)(35)	Published(23)	true	Completed
P2	1	2	0	Raise(34)+ColdStartRecover	Refused(MountError::Publish(PublishError::PlacementRefused(NoFreeSlotOnAnyDevice)))(0) Recovered(0)	NotApplicable(NoWritableSession)(0)	false	Completed
P2	1	2	0	Raise(34)+Rollback(NewestFloor)	Refused(MountError::Publish(PublishError::PlacementRefused(NoFreeSlotOnAnyDevice)))(0) Mounted(publishes=2)(35)	Published(23)	true	Completed
P2	1	2	0	Raise(34)+Rollback(Ring0)	Refused(MountError::Publish(PublishError::PlacementRefused(NoFreeSlotOnAnyDevice)))(0) Mounted(publishes=2)(35)	Published(23)	true	Completed
P2	1	2	0	Raise(34)+Rollback(Ring1)	Refused(MountError::Publish(PublishError::PlacementRefused(NoFreeSlotOnAnyDevice)))(0) Mounted(publishes=2)(35)	Published(23)	true	Completed
P2	1	2	0	Raise(34)+Rollback(Ring2)	Refused(MountError::Publish(PublishError::PlacementRefused(NoFreeSlotOnAnyDevice)))(0) Mounted(publishes=2)(35)	Published(23)	true	Completed
P2	1	2	0	Raise(34)+Rollback(Ring3)	Refused(MountError::Publish(PublishError::PlacementRefused(NoFreeSlotOnAnyDevice)))(0) Mounted(publishes=2)(35)	Published(23)	true	Completed
P2	1	2	0	Raise(34)+Raise(0)	Refused(MountError::Publish(PublishError::PlacementRefused(NoFreeSlotOnAnyDevice)))(0) Refused(MountError::Publish(PublishError::PlacementRefused(NoFreeSlotOnAnyDevice)))(0)	Refused(PublishError::PlacementRefused(NoFreeSlotOnAnyDevice))(0)	false	Completed
P2	1	2	0	Raise(34)+Raise(1)	Refused(MountError::Publish(PublishError::PlacementRefused(NoFreeSlotOnAnyDevice)))(0) Refused(MountError::Publish(PublishError::PlacementRefused(NoFreeSlotOnAnyDevice)))(0)	Refused(PublishError::PlacementRefused(NoFreeSlotOnAnyDevice))(0)	false	Completed
P2	1	2	0	Raise(34)+Raise(2)	Refused(MountError::Publish(PublishError::PlacementRefused(NoFreeSlotOnAnyDevice)))(0) Refused(MountError::Publish(PublishError::PlacementRefused(NoFreeSlotOnAnyDevice)))(0)	Refused(PublishError::PlacementRefused(NoFreeSlotOnAnyDevice))(0)	false	Completed
P2	1	2	0	Raise(34)+Raise(3)	Refused(MountError::Publish(PublishError::PlacementRefused(NoFreeSlotOnAnyDevice)))(0) Refused(MountError::Publish(PublishError::PlacementRefused(NoFreeSlotOnAnyDevice)))(0)	Refused(PublishError::PlacementRefused(NoFreeSlotOnAnyDevice))(0)	false	Completed
P2	1	2	0	Raise(34)+Raise(5)	Refused(MountError::Publish(PublishError::PlacementRefused(NoFreeSlotOnAnyDevice)))(0) Refused(MountError::Publish(PublishError::PlacementRefused(NoFreeSlotOnAnyDevice)))(0)	Refused(PublishError::PlacementRefused(NoFreeSlotOnAnyDevice))(0)	false	Completed
P2	1	2	0	Raise(34)+Raise(8)	Refused(MountError::Publish(PublishError::PlacementRefused(NoFreeSlotOnAnyDevice)))(0) Refused(MountError::Publish(PublishError::PlacementRefused(NoFreeSlotOnAnyDevice)))(0)	Refused(PublishError::PlacementRefused(NoFreeSlotOnAnyDevice))(0)	false	Completed
P2	1	2	0	Raise(34)+Raise(13)	Refused(MountError::Publish(PublishError::PlacementRefused(NoFreeSlotOnAnyDevice)))(0) Refused(MountError::Publish(PublishError::PlacementRefused(NoFreeSlotOnAnyDevice)))(0)	Refused(PublishError::PlacementRefused(NoFreeSlotOnAnyDevice))(0)	false	Completed
P2	1	2	0	Raise(34)+Raise(21)	Refused(MountError::Publish(PublishError::PlacementRefused(NoFreeSlotOnAnyDevice)))(0) Refused(MountError::Publish(PublishError::PlacementRefused(NoFreeSlotOnAnyDevice)))(0)	Refused(PublishError::PlacementRefused(NoFreeSlotOnAnyDevice))(0)	false	Completed
P2	1	2	0	Raise(34)+Raise(34)	Refused(MountError::Publish(PublishError::PlacementRefused(NoFreeSlotOnAnyDevice)))(0) Refused(MountError::Publish(PublishError::PlacementRefused(NoFreeSlotOnAnyDevice)))(0)	Refused(PublishError::PlacementRefused(NoFreeSlotOnAnyDevice))(0)	false	Completed
P2	1	4	0	Overwrite	Refused(PublishError::PlacementRefused(NoFreeSlotOnAnyDevice))(0)	Refused(PublishError::PlacementRefused(NoFreeSlotOnAnyDevice))(0)	false	Completed
P2	1	4	0	Overwrite+Overwrite	Refused(PublishError::PlacementRefused(NoFreeSlotOnAnyDevice))(0) Refused(PublishError::PlacementRefused(NoFreeSlotOnAnyDevice))(0)	Refused(PublishError::PlacementRefused(NoFreeSlotOnAnyDevice))(0)	false	Completed
P2	1	4	0	Overwrite+MountWritable	Refused(PublishError::PlacementRefused(NoFreeSlotOnAnyDevice))(0) Mounted(publishes=2)(35)	Published(23)	true	Completed
P2	1	4	0	Overwrite+ColdStartRecover	Refused(PublishError::PlacementRefused(NoFreeSlotOnAnyDevice))(0) Recovered(0)	NotApplicable(NoWritableSession)(0)	false	Completed
P2	1	4	0	Overwrite+Rollback(NewestFloor)	Refused(PublishError::PlacementRefused(NoFreeSlotOnAnyDevice))(0) Mounted(publishes=2)(35)	Published(23)	true	Completed
P2	1	4	0	Overwrite+Rollback(Ring0)	Refused(PublishError::PlacementRefused(NoFreeSlotOnAnyDevice))(0) Mounted(publishes=2)(35)	Published(23)	true	Completed
P2	1	4	0	Overwrite+Rollback(Ring1)	Refused(PublishError::PlacementRefused(NoFreeSlotOnAnyDevice))(0) Mounted(publishes=2)(35)	Published(23)	true	Completed
P2	1	4	0	Overwrite+Rollback(Ring2)	Refused(PublishError::PlacementRefused(NoFreeSlotOnAnyDevice))(0) Mounted(publishes=2)(35)	Published(23)	true	Completed
P2	1	4	0	Overwrite+Rollback(Ring3)	Refused(PublishError::PlacementRefused(NoFreeSlotOnAnyDevice))(0) Mounted(publishes=2)(35)	Published(23)	true	Completed
P2	1	4	0	Overwrite+Raise(0)	Refused(PublishError::PlacementRefused(NoFreeSlotOnAnyDevice))(0) Refused(MountError::Publish(PublishError::PlacementRefused(NoFreeSlotOnAnyDevice)))(0)	Refused(PublishError::PlacementRefused(NoFreeSlotOnAnyDevice))(0)	false	Completed
P2	1	4	0	Overwrite+Raise(1)	Refused(PublishError::PlacementRefused(NoFreeSlotOnAnyDevice))(0) Refused(MountError::Publish(PublishError::PlacementRefused(NoFreeSlotOnAnyDevice)))(0)	Refused(PublishError::PlacementRefused(NoFreeSlotOnAnyDevice))(0)	false	Completed
P2	1	4	0	Overwrite+Raise(2)	Refused(PublishError::PlacementRefused(NoFreeSlotOnAnyDevice))(0) Refused(MountError::Publish(PublishError::PlacementRefused(NoFreeSlotOnAnyDevice)))(0)	Refused(PublishError::PlacementRefused(NoFreeSlotOnAnyDevice))(0)	false	Completed
P2	1	4	0	Overwrite+Raise(3)	Refused(PublishError::PlacementRefused(NoFreeSlotOnAnyDevice))(0) Refused(MountError::Publish(PublishError::PlacementRefused(NoFreeSlotOnAnyDevice)))(0)	Refused(PublishError::PlacementRefused(NoFreeSlotOnAnyDevice))(0)	false	Completed
P2	1	4	0	Overwrite+Raise(5)	Refused(PublishError::PlacementRefused(NoFreeSlotOnAnyDevice))(0) Refused(MountError::Publish(PublishError::PlacementRefused(NoFreeSlotOnAnyDevice)))(0)	Refused(PublishError::PlacementRefused(NoFreeSlotOnAnyDevice))(0)	false	Completed
P2	1	4	0	Overwrite+Raise(8)	Refused(PublishError::PlacementRefused(NoFreeSlotOnAnyDevice))(0) Refused(MountError::Publish(PublishError::PlacementRefused(NoFreeSlotOnAnyDevice)))(0)	Refused(PublishError::PlacementRefused(NoFreeSlotOnAnyDevice))(0)	false	Completed
P2	1	4	0	Overwrite+Raise(13)	Refused(PublishError::PlacementRefused(NoFreeSlotOnAnyDevice))(0) Refused(MountError::Publish(PublishError::PlacementRefused(NoFreeSlotOnAnyDevice)))(0)	Refused(PublishError::PlacementRefused(NoFreeSlotOnAnyDevice))(0)	false	Completed
P2	1	4	0	Overwrite+Raise(21)	Refused(PublishError::PlacementRefused(NoFreeSlotOnAnyDevice))(0) Refused(MountError::Publish(PublishError::PlacementRefused(NoFreeSlotOnAnyDevice)))(0)	Refused(PublishError::PlacementRefused(NoFreeSlotOnAnyDevice))(0)	false	Completed
P2	1	4	0	Overwrite+Raise(34)	Refused(PublishError::PlacementRefused(NoFreeSlotOnAnyDevice))(0) Refused(MountError::Publish(PublishError::PlacementRefused(NoFreeSlotOnAnyDevice)))(0)	Refused(PublishError::PlacementRefused(NoFreeSlotOnAnyDevice))(0)	false	Completed
P2	1	4	0	MountWritable	Mounted(publishes=2)(35)	Published(23)	true	Completed
P2	1	4	0	MountWritable+Overwrite	Mounted(publishes=2)(35) Published(23)	Published(23)	true	Completed
P2	1	4	0	MountWritable+MountWritable	Mounted(publishes=2)(35) Mounted(publishes=2)(35)	Published(23)	true	Completed
P2	1	4	0	MountWritable+ColdStartRecover	Mounted(publishes=2)(35) Recovered(0)	NotApplicable(NoWritableSession)(0)	false	Completed
P2	1	4	0	MountWritable+Rollback(NewestFloor)	Mounted(publishes=2)(35) Mounted(publishes=2)(35)	Published(23)	true	Completed
P2	1	4	0	MountWritable+Rollback(Ring0)	Mounted(publishes=2)(35) Mounted(publishes=2)(35)	Published(23)	true	Completed
P2	1	4	0	MountWritable+Rollback(Ring1)	Mounted(publishes=2)(35) Mounted(publishes=2)(35)	Published(23)	true	Completed
P2	1	4	0	MountWritable+Rollback(Ring2)	Mounted(publishes=2)(35) Mounted(publishes=2)(35)	Published(23)	true	Completed
P2	1	4	0	MountWritable+Rollback(Ring3)	Mounted(publishes=2)(35) Mounted(publishes=2)(35)	Published(23)	true	Completed
P2	1	4	0	MountWritable+Raise(0)	Mounted(publishes=2)(35) RaisedFloor(F=0,publishes=2)(30)	Published(23)	true	Completed
P2	1	4	0	MountWritable+Raise(1)	Mounted(publishes=2)(35) RaisedFloor(F=1,publishes=2)(30)	Published(23)	true	Completed
P2	1	4	0	MountWritable+Raise(2)	Mounted(publishes=2)(35) RaisedFloor(F=2,publishes=2)(30)	Published(23)	true	Completed
P2	1	4	0	MountWritable+Raise(3)	Mounted(publishes=2)(35) RaisedFloor(F=3,publishes=2)(30)	Published(23)	true	Completed
P2	1	4	0	MountWritable+Raise(5)	Mounted(publishes=2)(35) RaisedFloor(F=5,publishes=2)(30)	Published(23)	true	Completed
P2	1	4	0	MountWritable+Raise(8)	Mounted(publishes=2)(35) RaisedFloor(F=8,publishes=2)(30)	Published(23)	true	Completed
P2	1	4	0	MountWritable+Raise(13)	Mounted(publishes=2)(35) RaisedFloor(F=13,publishes=2)(30)	Published(23)	true	Completed
P2	1	4	0	MountWritable+Raise(21)	Mounted(publishes=2)(35) RaisedFloor(F=21,publishes=2)(30)	Published(23)	true	Completed
P2	1	4	0	MountWritable+Raise(34)	Mounted(publishes=2)(35) RaisedFloor(F=34,publishes=2)(30)	Published(23)	true	Completed
P2	1	4	0	ColdStartRecover	Recovered(0)	NotApplicable(NoWritableSession)(0)	false	Completed
P2	1	4	0	ColdStartRecover+Overwrite	Recovered(0) NotApplicable(NoWritableSession)(0)	NotApplicable(NoWritableSession)(0)	false	Completed
P2	1	4	0	ColdStartRecover+MountWritable	Recovered(0) Mounted(publishes=2)(35)	Published(23)	true	Completed
P2	1	4	0	ColdStartRecover+ColdStartRecover	Recovered(0) Recovered(0)	NotApplicable(NoWritableSession)(0)	false	Completed
P2	1	4	0	ColdStartRecover+Rollback(NewestFloor)	Recovered(0) Mounted(publishes=2)(35)	Published(23)	true	Completed
P2	1	4	0	ColdStartRecover+Rollback(Ring0)	Recovered(0) Mounted(publishes=2)(35)	Published(23)	true	Completed
P2	1	4	0	ColdStartRecover+Rollback(Ring1)	Recovered(0) Mounted(publishes=2)(35)	Published(23)	true	Completed
P2	1	4	0	ColdStartRecover+Rollback(Ring2)	Recovered(0) Mounted(publishes=2)(35)	Published(23)	true	Completed
P2	1	4	0	ColdStartRecover+Rollback(Ring3)	Recovered(0) Mounted(publishes=2)(35)	Published(23)	true	Completed
P2	1	4	0	ColdStartRecover+Raise(0)	Recovered(0) NotApplicable(NoWritableSession)(0)	NotApplicable(NoWritableSession)(0)	false	Completed
P2	1	4	0	ColdStartRecover+Raise(1)	Recovered(0) NotApplicable(NoWritableSession)(0)	NotApplicable(NoWritableSession)(0)	false	Completed
P2	1	4	0	ColdStartRecover+Raise(2)	Recovered(0) NotApplicable(NoWritableSession)(0)	NotApplicable(NoWritableSession)(0)	false	Completed
P2	1	4	0	ColdStartRecover+Raise(3)	Recovered(0) NotApplicable(NoWritableSession)(0)	NotApplicable(NoWritableSession)(0)	false	Completed
P2	1	4	0	ColdStartRecover+Raise(5)	Recovered(0) NotApplicable(NoWritableSession)(0)	NotApplicable(NoWritableSession)(0)	false	Completed
P2	1	4	0	ColdStartRecover+Raise(8)	Recovered(0) NotApplicable(NoWritableSession)(0)	NotApplicable(NoWritableSession)(0)	false	Completed
P2	1	4	0	ColdStartRecover+Raise(13)	Recovered(0) NotApplicable(NoWritableSession)(0)	NotApplicable(NoWritableSession)(0)	false	Completed
P2	1	4	0	ColdStartRecover+Raise(21)	Recovered(0) NotApplicable(NoWritableSession)(0)	NotApplicable(NoWritableSession)(0)	false	Completed
P2	1	4	0	ColdStartRecover+Raise(34)	Recovered(0) NotApplicable(NoWritableSession)(0)	NotApplicable(NoWritableSession)(0)	false	Completed
P2	1	4	0	Rollback(NewestFloor)	Mounted(publishes=2)(35)	Published(23)	true	Completed
P2	1	4	0	Rollback(NewestFloor)+Overwrite	Mounted(publishes=2)(35) Published(23)	Published(23)	true	Completed
P2	1	4	0	Rollback(NewestFloor)+MountWritable	Mounted(publishes=2)(35) Mounted(publishes=2)(35)	Published(23)	true	Completed
P2	1	4	0	Rollback(NewestFloor)+ColdStartRecover	Mounted(publishes=2)(35) Recovered(0)	NotApplicable(NoWritableSession)(0)	false	Completed
P2	1	4	0	Rollback(NewestFloor)+Rollback(NewestFloor)	Mounted(publishes=2)(35) Mounted(publishes=2)(35)	Published(23)	true	Completed
P2	1	4	0	Rollback(NewestFloor)+Rollback(Ring0)	Mounted(publishes=2)(35) Mounted(publishes=2)(35)	Published(23)	true	Completed
P2	1	4	0	Rollback(NewestFloor)+Rollback(Ring1)	Mounted(publishes=2)(35) Mounted(publishes=2)(35)	Published(23)	true	Completed
P2	1	4	0	Rollback(NewestFloor)+Rollback(Ring2)	Mounted(publishes=2)(35) Mounted(publishes=2)(35)	Published(23)	true	Completed
P2	1	4	0	Rollback(NewestFloor)+Rollback(Ring3)	Mounted(publishes=2)(35) Mounted(publishes=2)(35)	Published(23)	true	Completed
P2	1	4	0	Rollback(NewestFloor)+Raise(0)	Mounted(publishes=2)(35) RaisedFloor(F=0,publishes=2)(30)	Published(23)	true	Completed
P2	1	4	0	Rollback(NewestFloor)+Raise(1)	Mounted(publishes=2)(35) RaisedFloor(F=1,publishes=2)(30)	Published(23)	true	Completed
P2	1	4	0	Rollback(NewestFloor)+Raise(2)	Mounted(publishes=2)(35) RaisedFloor(F=2,publishes=2)(30)	Published(23)	true	Completed
P2	1	4	0	Rollback(NewestFloor)+Raise(3)	Mounted(publishes=2)(35) RaisedFloor(F=3,publishes=2)(30)	Published(23)	true	Completed
P2	1	4	0	Rollback(NewestFloor)+Raise(5)	Mounted(publishes=2)(35) RaisedFloor(F=5,publishes=2)(30)	Published(23)	true	Completed
P2	1	4	0	Rollback(NewestFloor)+Raise(8)	Mounted(publishes=2)(35) RaisedFloor(F=8,publishes=2)(30)	Published(23)	true	Completed
P2	1	4	0	Rollback(NewestFloor)+Raise(13)	Mounted(publishes=2)(35) RaisedFloor(F=13,publishes=2)(30)	Published(23)	true	Completed
P2	1	4	0	Rollback(NewestFloor)+Raise(21)	Mounted(publishes=2)(35) RaisedFloor(F=21,publishes=2)(30)	Published(23)	true	Completed
P2	1	4	0	Rollback(NewestFloor)+Raise(34)	Mounted(publishes=2)(35) RaisedFloor(F=34,publishes=2)(30)	Published(23)	true	Completed
P2	1	4	0	Rollback(Ring0)	Mounted(publishes=2)(35)	Published(23)	true	Completed
P2	1	4	0	Rollback(Ring0)+Overwrite	Mounted(publishes=2)(35) Published(23)	Published(23)	true	Completed
P2	1	4	0	Rollback(Ring0)+MountWritable	Mounted(publishes=2)(35) Mounted(publishes=2)(35)	Published(23)	true	Completed
P2	1	4	0	Rollback(Ring0)+ColdStartRecover	Mounted(publishes=2)(35) Recovered(0)	NotApplicable(NoWritableSession)(0)	false	Completed
P2	1	4	0	Rollback(Ring0)+Rollback(NewestFloor)	Mounted(publishes=2)(35) Mounted(publishes=2)(35)	Published(23)	true	Completed
P2	1	4	0	Rollback(Ring0)+Rollback(Ring0)	Mounted(publishes=2)(35) Mounted(publishes=2)(35)	Published(23)	true	Completed
P2	1	4	0	Rollback(Ring0)+Rollback(Ring1)	Mounted(publishes=2)(35) Mounted(publishes=2)(35)	Published(23)	true	Completed
P2	1	4	0	Rollback(Ring0)+Rollback(Ring2)	Mounted(publishes=2)(35) Mounted(publishes=2)(35)	Published(23)	true	Completed
P2	1	4	0	Rollback(Ring0)+Rollback(Ring3)	Mounted(publishes=2)(35) Mounted(publishes=2)(35)	Published(23)	true	Completed
P2	1	4	0	Rollback(Ring0)+Raise(0)	Mounted(publishes=2)(35) RaisedFloor(F=0,publishes=2)(30)	Published(23)	true	Completed
P2	1	4	0	Rollback(Ring0)+Raise(1)	Mounted(publishes=2)(35) RaisedFloor(F=1,publishes=2)(30)	Published(23)	true	Completed
P2	1	4	0	Rollback(Ring0)+Raise(2)	Mounted(publishes=2)(35) RaisedFloor(F=2,publishes=2)(30)	Published(23)	true	Completed
P2	1	4	0	Rollback(Ring0)+Raise(3)	Mounted(publishes=2)(35) RaisedFloor(F=3,publishes=2)(30)	Published(23)	true	Completed
P2	1	4	0	Rollback(Ring0)+Raise(5)	Mounted(publishes=2)(35) RaisedFloor(F=5,publishes=2)(30)	Published(23)	true	Completed
P2	1	4	0	Rollback(Ring0)+Raise(8)	Mounted(publishes=2)(35) RaisedFloor(F=8,publishes=2)(30)	Published(23)	true	Completed
P2	1	4	0	Rollback(Ring0)+Raise(13)	Mounted(publishes=2)(35) RaisedFloor(F=13,publishes=2)(30)	Published(23)	true	Completed
P2	1	4	0	Rollback(Ring0)+Raise(21)	Mounted(publishes=2)(35) RaisedFloor(F=21,publishes=2)(30)	Published(23)	true	Completed
P2	1	4	0	Rollback(Ring0)+Raise(34)	Mounted(publishes=2)(35) RaisedFloor(F=34,publishes=2)(30)	Published(23)	true	Completed
P2	1	4	0	Rollback(Ring1)	Mounted(publishes=2)(35)	Published(23)	true	Completed
P2	1	4	0	Rollback(Ring1)+Overwrite	Mounted(publishes=2)(35) Published(23)	Published(23)	true	Completed
P2	1	4	0	Rollback(Ring1)+MountWritable	Mounted(publishes=2)(35) Mounted(publishes=2)(35)	Published(23)	true	Completed
P2	1	4	0	Rollback(Ring1)+ColdStartRecover	Mounted(publishes=2)(35) Recovered(0)	NotApplicable(NoWritableSession)(0)	false	Completed
P2	1	4	0	Rollback(Ring1)+Rollback(NewestFloor)	Mounted(publishes=2)(35) Mounted(publishes=2)(35)	Published(23)	true	Completed
P2	1	4	0	Rollback(Ring1)+Rollback(Ring0)	Mounted(publishes=2)(35) Mounted(publishes=2)(35)	Published(23)	true	Completed
P2	1	4	0	Rollback(Ring1)+Rollback(Ring1)	Mounted(publishes=2)(35) Mounted(publishes=2)(35)	Published(23)	true	Completed
P2	1	4	0	Rollback(Ring1)+Rollback(Ring2)	Mounted(publishes=2)(35) Refused(MountError::RollbackTargetNotACandidate(OnAbandonedTimeline))(0)	NotApplicable(NoWritableSession)(0)	false	Completed
P2	1	4	0	Rollback(Ring1)+Rollback(Ring3)	Mounted(publishes=2)(35) Mounted(publishes=2)(35)	Published(23)	true	Completed
P2	1	4	0	Rollback(Ring1)+Raise(0)	Mounted(publishes=2)(35) RaisedFloor(F=0,publishes=2)(30)	Published(23)	true	Completed
P2	1	4	0	Rollback(Ring1)+Raise(1)	Mounted(publishes=2)(35) RaisedFloor(F=1,publishes=2)(30)	Published(23)	true	Completed
P2	1	4	0	Rollback(Ring1)+Raise(2)	Mounted(publishes=2)(35) RaisedFloor(F=2,publishes=2)(30)	Published(23)	true	Completed
P2	1	4	0	Rollback(Ring1)+Raise(3)	Mounted(publishes=2)(35) RaisedFloor(F=3,publishes=2)(30)	Published(23)	true	Completed
P2	1	4	0	Rollback(Ring1)+Raise(5)	Mounted(publishes=2)(35) RaisedFloor(F=5,publishes=2)(30)	Published(23)	true	Completed
P2	1	4	0	Rollback(Ring1)+Raise(8)	Mounted(publishes=2)(35) RaisedFloor(F=8,publishes=2)(30)	Published(23)	true	Completed
P2	1	4	0	Rollback(Ring1)+Raise(13)	Mounted(publishes=2)(35) RaisedFloor(F=13,publishes=2)(30)	Published(23)	true	Completed
P2	1	4	0	Rollback(Ring1)+Raise(21)	Mounted(publishes=2)(35) RaisedFloor(F=21,publishes=2)(30)	Published(23)	true	Completed
P2	1	4	0	Rollback(Ring1)+Raise(34)	Mounted(publishes=2)(35) RaisedFloor(F=34,publishes=2)(30)	Published(23)	true	Completed
P2	1	4	0	Rollback(Ring2)	Mounted(publishes=2)(35)	Published(23)	true	Completed
P2	1	4	0	Rollback(Ring2)+Overwrite	Mounted(publishes=2)(35) Published(23)	Published(23)	true	Completed
P2	1	4	0	Rollback(Ring2)+MountWritable	Mounted(publishes=2)(35) Mounted(publishes=2)(35)	Published(23)	true	Completed
P2	1	4	0	Rollback(Ring2)+ColdStartRecover	Mounted(publishes=2)(35) Recovered(0)	NotApplicable(NoWritableSession)(0)	false	Completed
P2	1	4	0	Rollback(Ring2)+Rollback(NewestFloor)	Mounted(publishes=2)(35) Mounted(publishes=2)(35)	Published(23)	true	Completed
P2	1	4	0	Rollback(Ring2)+Rollback(Ring0)	Mounted(publishes=2)(35) Mounted(publishes=2)(35)	Published(23)	true	Completed
P2	1	4	0	Rollback(Ring2)+Rollback(Ring1)	Mounted(publishes=2)(35) Mounted(publishes=2)(35)	Published(23)	true	Completed
P2	1	4	0	Rollback(Ring2)+Rollback(Ring2)	Mounted(publishes=2)(35) Refused(MountError::RollbackTargetNotACandidate(OnAbandonedTimeline))(0)	NotApplicable(NoWritableSession)(0)	false	Completed
P2	1	4	0	Rollback(Ring2)+Rollback(Ring3)	Mounted(publishes=2)(35) Refused(MountError::RollbackTargetNotACandidate(OnAbandonedTimeline))(0)	NotApplicable(NoWritableSession)(0)	false	Completed
P2	1	4	0	Rollback(Ring2)+Raise(0)	Mounted(publishes=2)(35) RaisedFloor(F=0,publishes=2)(30)	Published(23)	true	Completed
P2	1	4	0	Rollback(Ring2)+Raise(1)	Mounted(publishes=2)(35) RaisedFloor(F=1,publishes=2)(30)	Published(23)	true	Completed
P2	1	4	0	Rollback(Ring2)+Raise(2)	Mounted(publishes=2)(35) RaisedFloor(F=2,publishes=2)(30)	Published(23)	true	Completed
P2	1	4	0	Rollback(Ring2)+Raise(3)	Mounted(publishes=2)(35) RaisedFloor(F=3,publishes=2)(30)	Published(23)	true	Completed
P2	1	4	0	Rollback(Ring2)+Raise(5)	Mounted(publishes=2)(35) RaisedFloor(F=5,publishes=2)(30)	Published(23)	true	Completed
P2	1	4	0	Rollback(Ring2)+Raise(8)	Mounted(publishes=2)(35) RaisedFloor(F=8,publishes=2)(30)	Published(23)	true	Completed
P2	1	4	0	Rollback(Ring2)+Raise(13)	Mounted(publishes=2)(35) RaisedFloor(F=13,publishes=2)(30)	Published(23)	true	Completed
P2	1	4	0	Rollback(Ring2)+Raise(21)	Mounted(publishes=2)(35) RaisedFloor(F=21,publishes=2)(30)	Published(23)	true	Completed
P2	1	4	0	Rollback(Ring2)+Raise(34)	Mounted(publishes=2)(35) RaisedFloor(F=34,publishes=2)(30)	Published(23)	true	Completed
P2	1	4	0	Rollback(Ring3)	Mounted(publishes=2)(35)	Published(23)	true	Completed
P2	1	4	0	Rollback(Ring3)+Overwrite	Mounted(publishes=2)(35) Published(23)	Published(23)	true	Completed
P2	1	4	0	Rollback(Ring3)+MountWritable	Mounted(publishes=2)(35) Mounted(publishes=2)(35)	Published(23)	true	Completed
P2	1	4	0	Rollback(Ring3)+ColdStartRecover	Mounted(publishes=2)(35) Recovered(0)	NotApplicable(NoWritableSession)(0)	false	Completed
P2	1	4	0	Rollback(Ring3)+Rollback(NewestFloor)	Mounted(publishes=2)(35) Mounted(publishes=2)(35)	Published(23)	true	Completed
P2	1	4	0	Rollback(Ring3)+Rollback(Ring0)	Mounted(publishes=2)(35) Mounted(publishes=2)(35)	Published(23)	true	Completed
P2	1	4	0	Rollback(Ring3)+Rollback(Ring1)	Mounted(publishes=2)(35) Mounted(publishes=2)(35)	Published(23)	true	Completed
P2	1	4	0	Rollback(Ring3)+Rollback(Ring2)	Mounted(publishes=2)(35) Refused(MountError::RollbackTargetNotACandidate(OnAbandonedTimeline))(0)	NotApplicable(NoWritableSession)(0)	false	Completed
P2	1	4	0	Rollback(Ring3)+Rollback(Ring3)	Mounted(publishes=2)(35) Refused(MountError::RollbackTargetNotACandidate(OnAbandonedTimeline))(0)	NotApplicable(NoWritableSession)(0)	false	Completed
P2	1	4	0	Rollback(Ring3)+Raise(0)	Mounted(publishes=2)(35) RaisedFloor(F=0,publishes=2)(30)	Published(23)	true	Completed
P2	1	4	0	Rollback(Ring3)+Raise(1)	Mounted(publishes=2)(35) RaisedFloor(F=1,publishes=2)(30)	Published(23)	true	Completed
P2	1	4	0	Rollback(Ring3)+Raise(2)	Mounted(publishes=2)(35) RaisedFloor(F=2,publishes=2)(30)	Published(23)	true	Completed
P2	1	4	0	Rollback(Ring3)+Raise(3)	Mounted(publishes=2)(35) RaisedFloor(F=3,publishes=2)(30)	Published(23)	true	Completed
P2	1	4	0	Rollback(Ring3)+Raise(5)	Mounted(publishes=2)(35) RaisedFloor(F=5,publishes=2)(30)	Published(23)	true	Completed
P2	1	4	0	Rollback(Ring3)+Raise(8)	Mounted(publishes=2)(35) RaisedFloor(F=8,publishes=2)(30)	Published(23)	true	Completed
P2	1	4	0	Rollback(Ring3)+Raise(13)	Mounted(publishes=2)(35) RaisedFloor(F=13,publishes=2)(30)	Published(23)	true	Completed
P2	1	4	0	Rollback(Ring3)+Raise(21)	Mounted(publishes=2)(35) RaisedFloor(F=21,publishes=2)(30)	Published(23)	true	Completed
P2	1	4	0	Rollback(Ring3)+Raise(34)	Mounted(publishes=2)(35) RaisedFloor(F=34,publishes=2)(30)	Published(23)	true	Completed
P2	1	4	0	Raise(0)	Refused(MountError::Publish(PublishError::PlacementRefused(NoFreeSlotOnAnyDevice)))(0)	Refused(PublishError::PlacementRefused(NoFreeSlotOnAnyDevice))(0)	false	Completed
P2	1	4	0	Raise(0)+Overwrite	Refused(MountError::Publish(PublishError::PlacementRefused(NoFreeSlotOnAnyDevice)))(0) Refused(PublishError::PlacementRefused(NoFreeSlotOnAnyDevice))(0)	Refused(PublishError::PlacementRefused(NoFreeSlotOnAnyDevice))(0)	false	Completed
P2	1	4	0	Raise(0)+MountWritable	Refused(MountError::Publish(PublishError::PlacementRefused(NoFreeSlotOnAnyDevice)))(0) Mounted(publishes=2)(35)	Published(23)	true	Completed
P2	1	4	0	Raise(0)+ColdStartRecover	Refused(MountError::Publish(PublishError::PlacementRefused(NoFreeSlotOnAnyDevice)))(0) Recovered(0)	NotApplicable(NoWritableSession)(0)	false	Completed
P2	1	4	0	Raise(0)+Rollback(NewestFloor)	Refused(MountError::Publish(PublishError::PlacementRefused(NoFreeSlotOnAnyDevice)))(0) Mounted(publishes=2)(35)	Published(23)	true	Completed
P2	1	4	0	Raise(0)+Rollback(Ring0)	Refused(MountError::Publish(PublishError::PlacementRefused(NoFreeSlotOnAnyDevice)))(0) Mounted(publishes=2)(35)	Published(23)	true	Completed
P2	1	4	0	Raise(0)+Rollback(Ring1)	Refused(MountError::Publish(PublishError::PlacementRefused(NoFreeSlotOnAnyDevice)))(0) Mounted(publishes=2)(35)	Published(23)	true	Completed
P2	1	4	0	Raise(0)+Rollback(Ring2)	Refused(MountError::Publish(PublishError::PlacementRefused(NoFreeSlotOnAnyDevice)))(0) Mounted(publishes=2)(35)	Published(23)	true	Completed
P2	1	4	0	Raise(0)+Rollback(Ring3)	Refused(MountError::Publish(PublishError::PlacementRefused(NoFreeSlotOnAnyDevice)))(0) Mounted(publishes=2)(35)	Published(23)	true	Completed
P2	1	4	0	Raise(0)+Raise(0)	Refused(MountError::Publish(PublishError::PlacementRefused(NoFreeSlotOnAnyDevice)))(0) Refused(MountError::Publish(PublishError::PlacementRefused(NoFreeSlotOnAnyDevice)))(0)	Refused(PublishError::PlacementRefused(NoFreeSlotOnAnyDevice))(0)	false	Completed
P2	1	4	0	Raise(0)+Raise(1)	Refused(MountError::Publish(PublishError::PlacementRefused(NoFreeSlotOnAnyDevice)))(0) Refused(MountError::Publish(PublishError::PlacementRefused(NoFreeSlotOnAnyDevice)))(0)	Refused(PublishError::PlacementRefused(NoFreeSlotOnAnyDevice))(0)	false	Completed
P2	1	4	0	Raise(0)+Raise(2)	Refused(MountError::Publish(PublishError::PlacementRefused(NoFreeSlotOnAnyDevice)))(0) Refused(MountError::Publish(PublishError::PlacementRefused(NoFreeSlotOnAnyDevice)))(0)	Refused(PublishError::PlacementRefused(NoFreeSlotOnAnyDevice))(0)	false	Completed
P2	1	4	0	Raise(0)+Raise(3)	Refused(MountError::Publish(PublishError::PlacementRefused(NoFreeSlotOnAnyDevice)))(0) Refused(MountError::Publish(PublishError::PlacementRefused(NoFreeSlotOnAnyDevice)))(0)	Refused(PublishError::PlacementRefused(NoFreeSlotOnAnyDevice))(0)	false	Completed
P2	1	4	0	Raise(0)+Raise(5)	Refused(MountError::Publish(PublishError::PlacementRefused(NoFreeSlotOnAnyDevice)))(0) Refused(MountError::Publish(PublishError::PlacementRefused(NoFreeSlotOnAnyDevice)))(0)	Refused(PublishError::PlacementRefused(NoFreeSlotOnAnyDevice))(0)	false	Completed
P2	1	4	0	Raise(0)+Raise(8)	Refused(MountError::Publish(PublishError::PlacementRefused(NoFreeSlotOnAnyDevice)))(0) Refused(MountError::Publish(PublishError::PlacementRefused(NoFreeSlotOnAnyDevice)))(0)	Refused(PublishError::PlacementRefused(NoFreeSlotOnAnyDevice))(0)	false	Completed
P2	1	4	0	Raise(0)+Raise(13)	Refused(MountError::Publish(PublishError::PlacementRefused(NoFreeSlotOnAnyDevice)))(0) Refused(MountError::Publish(PublishError::PlacementRefused(NoFreeSlotOnAnyDevice)))(0)	Refused(PublishError::PlacementRefused(NoFreeSlotOnAnyDevice))(0)	false	Completed
P2	1	4	0	Raise(0)+Raise(21)	Refused(MountError::Publish(PublishError::PlacementRefused(NoFreeSlotOnAnyDevice)))(0) Refused(MountError::Publish(PublishError::PlacementRefused(NoFreeSlotOnAnyDevice)))(0)	Refused(PublishError::PlacementRefused(NoFreeSlotOnAnyDevice))(0)	false	Completed
P2	1	4	0	Raise(0)+Raise(34)	Refused(MountError::Publish(PublishError::PlacementRefused(NoFreeSlotOnAnyDevice)))(0) Refused(MountError::Publish(PublishError::PlacementRefused(NoFreeSlotOnAnyDevice)))(0)	Refused(PublishError::PlacementRefused(NoFreeSlotOnAnyDevice))(0)	false	Completed
P2	1	4	0	Raise(1)	Refused(MountError::Publish(PublishError::PlacementRefused(NoFreeSlotOnAnyDevice)))(0)	Refused(PublishError::PlacementRefused(NoFreeSlotOnAnyDevice))(0)	false	Completed
P2	1	4	0	Raise(1)+Overwrite	Refused(MountError::Publish(PublishError::PlacementRefused(NoFreeSlotOnAnyDevice)))(0) Refused(PublishError::PlacementRefused(NoFreeSlotOnAnyDevice))(0)	Refused(PublishError::PlacementRefused(NoFreeSlotOnAnyDevice))(0)	false	Completed
P2	1	4	0	Raise(1)+MountWritable	Refused(MountError::Publish(PublishError::PlacementRefused(NoFreeSlotOnAnyDevice)))(0) Mounted(publishes=2)(35)	Published(23)	true	Completed
P2	1	4	0	Raise(1)+ColdStartRecover	Refused(MountError::Publish(PublishError::PlacementRefused(NoFreeSlotOnAnyDevice)))(0) Recovered(0)	NotApplicable(NoWritableSession)(0)	false	Completed
P2	1	4	0	Raise(1)+Rollback(NewestFloor)	Refused(MountError::Publish(PublishError::PlacementRefused(NoFreeSlotOnAnyDevice)))(0) Mounted(publishes=2)(35)	Published(23)	true	Completed
P2	1	4	0	Raise(1)+Rollback(Ring0)	Refused(MountError::Publish(PublishError::PlacementRefused(NoFreeSlotOnAnyDevice)))(0) Mounted(publishes=2)(35)	Published(23)	true	Completed
P2	1	4	0	Raise(1)+Rollback(Ring1)	Refused(MountError::Publish(PublishError::PlacementRefused(NoFreeSlotOnAnyDevice)))(0) Mounted(publishes=2)(35)	Published(23)	true	Completed
P2	1	4	0	Raise(1)+Rollback(Ring2)	Refused(MountError::Publish(PublishError::PlacementRefused(NoFreeSlotOnAnyDevice)))(0) Mounted(publishes=2)(35)	Published(23)	true	Completed
P2	1	4	0	Raise(1)+Rollback(Ring3)	Refused(MountError::Publish(PublishError::PlacementRefused(NoFreeSlotOnAnyDevice)))(0) Mounted(publishes=2)(35)	Published(23)	true	Completed
P2	1	4	0	Raise(1)+Raise(0)	Refused(MountError::Publish(PublishError::PlacementRefused(NoFreeSlotOnAnyDevice)))(0) Refused(MountError::Publish(PublishError::PlacementRefused(NoFreeSlotOnAnyDevice)))(0)	Refused(PublishError::PlacementRefused(NoFreeSlotOnAnyDevice))(0)	false	Completed
P2	1	4	0	Raise(1)+Raise(1)	Refused(MountError::Publish(PublishError::PlacementRefused(NoFreeSlotOnAnyDevice)))(0) Refused(MountError::Publish(PublishError::PlacementRefused(NoFreeSlotOnAnyDevice)))(0)	Refused(PublishError::PlacementRefused(NoFreeSlotOnAnyDevice))(0)	false	Completed
P2	1	4	0	Raise(1)+Raise(2)	Refused(MountError::Publish(PublishError::PlacementRefused(NoFreeSlotOnAnyDevice)))(0) Refused(MountError::Publish(PublishError::PlacementRefused(NoFreeSlotOnAnyDevice)))(0)	Refused(PublishError::PlacementRefused(NoFreeSlotOnAnyDevice))(0)	false	Completed
P2	1	4	0	Raise(1)+Raise(3)	Refused(MountError::Publish(PublishError::PlacementRefused(NoFreeSlotOnAnyDevice)))(0) Refused(MountError::Publish(PublishError::PlacementRefused(NoFreeSlotOnAnyDevice)))(0)	Refused(PublishError::PlacementRefused(NoFreeSlotOnAnyDevice))(0)	false	Completed
P2	1	4	0	Raise(1)+Raise(5)	Refused(MountError::Publish(PublishError::PlacementRefused(NoFreeSlotOnAnyDevice)))(0) Refused(MountError::Publish(PublishError::PlacementRefused(NoFreeSlotOnAnyDevice)))(0)	Refused(PublishError::PlacementRefused(NoFreeSlotOnAnyDevice))(0)	false	Completed
P2	1	4	0	Raise(1)+Raise(8)	Refused(MountError::Publish(PublishError::PlacementRefused(NoFreeSlotOnAnyDevice)))(0) Refused(MountError::Publish(PublishError::PlacementRefused(NoFreeSlotOnAnyDevice)))(0)	Refused(PublishError::PlacementRefused(NoFreeSlotOnAnyDevice))(0)	false	Completed
P2	1	4	0	Raise(1)+Raise(13)	Refused(MountError::Publish(PublishError::PlacementRefused(NoFreeSlotOnAnyDevice)))(0) Refused(MountError::Publish(PublishError::PlacementRefused(NoFreeSlotOnAnyDevice)))(0)	Refused(PublishError::PlacementRefused(NoFreeSlotOnAnyDevice))(0)	false	Completed
P2	1	4	0	Raise(1)+Raise(21)	Refused(MountError::Publish(PublishError::PlacementRefused(NoFreeSlotOnAnyDevice)))(0) Refused(MountError::Publish(PublishError::PlacementRefused(NoFreeSlotOnAnyDevice)))(0)	Refused(PublishError::PlacementRefused(NoFreeSlotOnAnyDevice))(0)	false	Completed
P2	1	4	0	Raise(1)+Raise(34)	Refused(MountError::Publish(PublishError::PlacementRefused(NoFreeSlotOnAnyDevice)))(0) Refused(MountError::Publish(PublishError::PlacementRefused(NoFreeSlotOnAnyDevice)))(0)	Refused(PublishError::PlacementRefused(NoFreeSlotOnAnyDevice))(0)	false	Completed
P2	1	4	0	Raise(2)	Refused(MountError::Publish(PublishError::PlacementRefused(NoFreeSlotOnAnyDevice)))(0)	Refused(PublishError::PlacementRefused(NoFreeSlotOnAnyDevice))(0)	false	Completed
P2	1	4	0	Raise(2)+Overwrite	Refused(MountError::Publish(PublishError::PlacementRefused(NoFreeSlotOnAnyDevice)))(0) Refused(PublishError::PlacementRefused(NoFreeSlotOnAnyDevice))(0)	Refused(PublishError::PlacementRefused(NoFreeSlotOnAnyDevice))(0)	false	Completed
P2	1	4	0	Raise(2)+MountWritable	Refused(MountError::Publish(PublishError::PlacementRefused(NoFreeSlotOnAnyDevice)))(0) Mounted(publishes=2)(35)	Published(23)	true	Completed
P2	1	4	0	Raise(2)+ColdStartRecover	Refused(MountError::Publish(PublishError::PlacementRefused(NoFreeSlotOnAnyDevice)))(0) Recovered(0)	NotApplicable(NoWritableSession)(0)	false	Completed
P2	1	4	0	Raise(2)+Rollback(NewestFloor)	Refused(MountError::Publish(PublishError::PlacementRefused(NoFreeSlotOnAnyDevice)))(0) Mounted(publishes=2)(35)	Published(23)	true	Completed
P2	1	4	0	Raise(2)+Rollback(Ring0)	Refused(MountError::Publish(PublishError::PlacementRefused(NoFreeSlotOnAnyDevice)))(0) Mounted(publishes=2)(35)	Published(23)	true	Completed
P2	1	4	0	Raise(2)+Rollback(Ring1)	Refused(MountError::Publish(PublishError::PlacementRefused(NoFreeSlotOnAnyDevice)))(0) Mounted(publishes=2)(35)	Published(23)	true	Completed
P2	1	4	0	Raise(2)+Rollback(Ring2)	Refused(MountError::Publish(PublishError::PlacementRefused(NoFreeSlotOnAnyDevice)))(0) Mounted(publishes=2)(35)	Published(23)	true	Completed
P2	1	4	0	Raise(2)+Rollback(Ring3)	Refused(MountError::Publish(PublishError::PlacementRefused(NoFreeSlotOnAnyDevice)))(0) Mounted(publishes=2)(35)	Published(23)	true	Completed
P2	1	4	0	Raise(2)+Raise(0)	Refused(MountError::Publish(PublishError::PlacementRefused(NoFreeSlotOnAnyDevice)))(0) Refused(MountError::Publish(PublishError::PlacementRefused(NoFreeSlotOnAnyDevice)))(0)	Refused(PublishError::PlacementRefused(NoFreeSlotOnAnyDevice))(0)	false	Completed
P2	1	4	0	Raise(2)+Raise(1)	Refused(MountError::Publish(PublishError::PlacementRefused(NoFreeSlotOnAnyDevice)))(0) Refused(MountError::Publish(PublishError::PlacementRefused(NoFreeSlotOnAnyDevice)))(0)	Refused(PublishError::PlacementRefused(NoFreeSlotOnAnyDevice))(0)	false	Completed
P2	1	4	0	Raise(2)+Raise(2)	Refused(MountError::Publish(PublishError::PlacementRefused(NoFreeSlotOnAnyDevice)))(0) Refused(MountError::Publish(PublishError::PlacementRefused(NoFreeSlotOnAnyDevice)))(0)	Refused(PublishError::PlacementRefused(NoFreeSlotOnAnyDevice))(0)	false	Completed
P2	1	4	0	Raise(2)+Raise(3)	Refused(MountError::Publish(PublishError::PlacementRefused(NoFreeSlotOnAnyDevice)))(0) Refused(MountError::Publish(PublishError::PlacementRefused(NoFreeSlotOnAnyDevice)))(0)	Refused(PublishError::PlacementRefused(NoFreeSlotOnAnyDevice))(0)	false	Completed
P2	1	4	0	Raise(2)+Raise(5)	Refused(MountError::Publish(PublishError::PlacementRefused(NoFreeSlotOnAnyDevice)))(0) Refused(MountError::Publish(PublishError::PlacementRefused(NoFreeSlotOnAnyDevice)))(0)	Refused(PublishError::PlacementRefused(NoFreeSlotOnAnyDevice))(0)	false	Completed
P2	1	4	0	Raise(2)+Raise(8)	Refused(MountError::Publish(PublishError::PlacementRefused(NoFreeSlotOnAnyDevice)))(0) Refused(MountError::Publish(PublishError::PlacementRefused(NoFreeSlotOnAnyDevice)))(0)	Refused(PublishError::PlacementRefused(NoFreeSlotOnAnyDevice))(0)	false	Completed
P2	1	4	0	Raise(2)+Raise(13)	Refused(MountError::Publish(PublishError::PlacementRefused(NoFreeSlotOnAnyDevice)))(0) Refused(MountError::Publish(PublishError::PlacementRefused(NoFreeSlotOnAnyDevice)))(0)	Refused(PublishError::PlacementRefused(NoFreeSlotOnAnyDevice))(0)	false	Completed
P2	1	4	0	Raise(2)+Raise(21)	Refused(MountError::Publish(PublishError::PlacementRefused(NoFreeSlotOnAnyDevice)))(0) Refused(MountError::Publish(PublishError::PlacementRefused(NoFreeSlotOnAnyDevice)))(0)	Refused(PublishError::PlacementRefused(NoFreeSlotOnAnyDevice))(0)	false	Completed
P2	1	4	0	Raise(2)+Raise(34)	Refused(MountError::Publish(PublishError::PlacementRefused(NoFreeSlotOnAnyDevice)))(0) Refused(MountError::Publish(PublishError::PlacementRefused(NoFreeSlotOnAnyDevice)))(0)	Refused(PublishError::PlacementRefused(NoFreeSlotOnAnyDevice))(0)	false	Completed
P2	1	4	0	Raise(3)	Refused(MountError::Publish(PublishError::PlacementRefused(NoFreeSlotOnAnyDevice)))(0)	Refused(PublishError::PlacementRefused(NoFreeSlotOnAnyDevice))(0)	false	Completed
P2	1	4	0	Raise(3)+Overwrite	Refused(MountError::Publish(PublishError::PlacementRefused(NoFreeSlotOnAnyDevice)))(0) Refused(PublishError::PlacementRefused(NoFreeSlotOnAnyDevice))(0)	Refused(PublishError::PlacementRefused(NoFreeSlotOnAnyDevice))(0)	false	Completed
P2	1	4	0	Raise(3)+MountWritable	Refused(MountError::Publish(PublishError::PlacementRefused(NoFreeSlotOnAnyDevice)))(0) Mounted(publishes=2)(35)	Published(23)	true	Completed
P2	1	4	0	Raise(3)+ColdStartRecover	Refused(MountError::Publish(PublishError::PlacementRefused(NoFreeSlotOnAnyDevice)))(0) Recovered(0)	NotApplicable(NoWritableSession)(0)	false	Completed
P2	1	4	0	Raise(3)+Rollback(NewestFloor)	Refused(MountError::Publish(PublishError::PlacementRefused(NoFreeSlotOnAnyDevice)))(0) Mounted(publishes=2)(35)	Published(23)	true	Completed
P2	1	4	0	Raise(3)+Rollback(Ring0)	Refused(MountError::Publish(PublishError::PlacementRefused(NoFreeSlotOnAnyDevice)))(0) Mounted(publishes=2)(35)	Published(23)	true	Completed
P2	1	4	0	Raise(3)+Rollback(Ring1)	Refused(MountError::Publish(PublishError::PlacementRefused(NoFreeSlotOnAnyDevice)))(0) Mounted(publishes=2)(35)	Published(23)	true	Completed
P2	1	4	0	Raise(3)+Rollback(Ring2)	Refused(MountError::Publish(PublishError::PlacementRefused(NoFreeSlotOnAnyDevice)))(0) Mounted(publishes=2)(35)	Published(23)	true	Completed
P2	1	4	0	Raise(3)+Rollback(Ring3)	Refused(MountError::Publish(PublishError::PlacementRefused(NoFreeSlotOnAnyDevice)))(0) Mounted(publishes=2)(35)	Published(23)	true	Completed
P2	1	4	0	Raise(3)+Raise(0)	Refused(MountError::Publish(PublishError::PlacementRefused(NoFreeSlotOnAnyDevice)))(0) Refused(MountError::Publish(PublishError::PlacementRefused(NoFreeSlotOnAnyDevice)))(0)	Refused(PublishError::PlacementRefused(NoFreeSlotOnAnyDevice))(0)	false	Completed
P2	1	4	0	Raise(3)+Raise(1)	Refused(MountError::Publish(PublishError::PlacementRefused(NoFreeSlotOnAnyDevice)))(0) Refused(MountError::Publish(PublishError::PlacementRefused(NoFreeSlotOnAnyDevice)))(0)	Refused(PublishError::PlacementRefused(NoFreeSlotOnAnyDevice))(0)	false	Completed
P2	1	4	0	Raise(3)+Raise(2)	Refused(MountError::Publish(PublishError::PlacementRefused(NoFreeSlotOnAnyDevice)))(0) Refused(MountError::Publish(PublishError::PlacementRefused(NoFreeSlotOnAnyDevice)))(0)	Refused(PublishError::PlacementRefused(NoFreeSlotOnAnyDevice))(0)	false	Completed
P2	1	4	0	Raise(3)+Raise(3)	Refused(MountError::Publish(PublishError::PlacementRefused(NoFreeSlotOnAnyDevice)))(0) Refused(MountError::Publish(PublishError::PlacementRefused(NoFreeSlotOnAnyDevice)))(0)	Refused(PublishError::PlacementRefused(NoFreeSlotOnAnyDevice))(0)	false	Completed
P2	1	4	0	Raise(3)+Raise(5)	Refused(MountError::Publish(PublishError::PlacementRefused(NoFreeSlotOnAnyDevice)))(0) Refused(MountError::Publish(PublishError::PlacementRefused(NoFreeSlotOnAnyDevice)))(0)	Refused(PublishError::PlacementRefused(NoFreeSlotOnAnyDevice))(0)	false	Completed
P2	1	4	0	Raise(3)+Raise(8)	Refused(MountError::Publish(PublishError::PlacementRefused(NoFreeSlotOnAnyDevice)))(0) Refused(MountError::Publish(PublishError::PlacementRefused(NoFreeSlotOnAnyDevice)))(0)	Refused(PublishError::PlacementRefused(NoFreeSlotOnAnyDevice))(0)	false	Completed
P2	1	4	0	Raise(3)+Raise(13)	Refused(MountError::Publish(PublishError::PlacementRefused(NoFreeSlotOnAnyDevice)))(0) Refused(MountError::Publish(PublishError::PlacementRefused(NoFreeSlotOnAnyDevice)))(0)	Refused(PublishError::PlacementRefused(NoFreeSlotOnAnyDevice))(0)	false	Completed
P2	1	4	0	Raise(3)+Raise(21)	Refused(MountError::Publish(PublishError::PlacementRefused(NoFreeSlotOnAnyDevice)))(0) Refused(MountError::Publish(PublishError::PlacementRefused(NoFreeSlotOnAnyDevice)))(0)	Refused(PublishError::PlacementRefused(NoFreeSlotOnAnyDevice))(0)	false	Completed
P2	1	4	0	Raise(3)+Raise(34)	Refused(MountError::Publish(PublishError::PlacementRefused(NoFreeSlotOnAnyDevice)))(0) Refused(MountError::Publish(PublishError::PlacementRefused(NoFreeSlotOnAnyDevice)))(0)	Refused(PublishError::PlacementRefused(NoFreeSlotOnAnyDevice))(0)	false	Completed
P2	1	4	0	Raise(5)	Refused(MountError::Publish(PublishError::PlacementRefused(NoFreeSlotOnAnyDevice)))(0)	Refused(PublishError::PlacementRefused(NoFreeSlotOnAnyDevice))(0)	false	Completed
P2	1	4	0	Raise(5)+Overwrite	Refused(MountError::Publish(PublishError::PlacementRefused(NoFreeSlotOnAnyDevice)))(0) Refused(PublishError::PlacementRefused(NoFreeSlotOnAnyDevice))(0)	Refused(PublishError::PlacementRefused(NoFreeSlotOnAnyDevice))(0)	false	Completed
P2	1	4	0	Raise(5)+MountWritable	Refused(MountError::Publish(PublishError::PlacementRefused(NoFreeSlotOnAnyDevice)))(0) Mounted(publishes=2)(35)	Published(23)	true	Completed
P2	1	4	0	Raise(5)+ColdStartRecover	Refused(MountError::Publish(PublishError::PlacementRefused(NoFreeSlotOnAnyDevice)))(0) Recovered(0)	NotApplicable(NoWritableSession)(0)	false	Completed
P2	1	4	0	Raise(5)+Rollback(NewestFloor)	Refused(MountError::Publish(PublishError::PlacementRefused(NoFreeSlotOnAnyDevice)))(0) Mounted(publishes=2)(35)	Published(23)	true	Completed
P2	1	4	0	Raise(5)+Rollback(Ring0)	Refused(MountError::Publish(PublishError::PlacementRefused(NoFreeSlotOnAnyDevice)))(0) Mounted(publishes=2)(35)	Published(23)	true	Completed
P2	1	4	0	Raise(5)+Rollback(Ring1)	Refused(MountError::Publish(PublishError::PlacementRefused(NoFreeSlotOnAnyDevice)))(0) Mounted(publishes=2)(35)	Published(23)	true	Completed
P2	1	4	0	Raise(5)+Rollback(Ring2)	Refused(MountError::Publish(PublishError::PlacementRefused(NoFreeSlotOnAnyDevice)))(0) Mounted(publishes=2)(35)	Published(23)	true	Completed
P2	1	4	0	Raise(5)+Rollback(Ring3)	Refused(MountError::Publish(PublishError::PlacementRefused(NoFreeSlotOnAnyDevice)))(0) Mounted(publishes=2)(35)	Published(23)	true	Completed
P2	1	4	0	Raise(5)+Raise(0)	Refused(MountError::Publish(PublishError::PlacementRefused(NoFreeSlotOnAnyDevice)))(0) Refused(MountError::Publish(PublishError::PlacementRefused(NoFreeSlotOnAnyDevice)))(0)	Refused(PublishError::PlacementRefused(NoFreeSlotOnAnyDevice))(0)	false	Completed
P2	1	4	0	Raise(5)+Raise(1)	Refused(MountError::Publish(PublishError::PlacementRefused(NoFreeSlotOnAnyDevice)))(0) Refused(MountError::Publish(PublishError::PlacementRefused(NoFreeSlotOnAnyDevice)))(0)	Refused(PublishError::PlacementRefused(NoFreeSlotOnAnyDevice))(0)	false	Completed
P2	1	4	0	Raise(5)+Raise(2)	Refused(MountError::Publish(PublishError::PlacementRefused(NoFreeSlotOnAnyDevice)))(0) Refused(MountError::Publish(PublishError::PlacementRefused(NoFreeSlotOnAnyDevice)))(0)	Refused(PublishError::PlacementRefused(NoFreeSlotOnAnyDevice))(0)	false	Completed
P2	1	4	0	Raise(5)+Raise(3)	Refused(MountError::Publish(PublishError::PlacementRefused(NoFreeSlotOnAnyDevice)))(0) Refused(MountError::Publish(PublishError::PlacementRefused(NoFreeSlotOnAnyDevice)))(0)	Refused(PublishError::PlacementRefused(NoFreeSlotOnAnyDevice))(0)	false	Completed
P2	1	4	0	Raise(5)+Raise(5)	Refused(MountError::Publish(PublishError::PlacementRefused(NoFreeSlotOnAnyDevice)))(0) Refused(MountError::Publish(PublishError::PlacementRefused(NoFreeSlotOnAnyDevice)))(0)	Refused(PublishError::PlacementRefused(NoFreeSlotOnAnyDevice))(0)	false	Completed
P2	1	4	0	Raise(5)+Raise(8)	Refused(MountError::Publish(PublishError::PlacementRefused(NoFreeSlotOnAnyDevice)))(0) Refused(MountError::Publish(PublishError::PlacementRefused(NoFreeSlotOnAnyDevice)))(0)	Refused(PublishError::PlacementRefused(NoFreeSlotOnAnyDevice))(0)	false	Completed
P2	1	4	0	Raise(5)+Raise(13)	Refused(MountError::Publish(PublishError::PlacementRefused(NoFreeSlotOnAnyDevice)))(0) Refused(MountError::Publish(PublishError::PlacementRefused(NoFreeSlotOnAnyDevice)))(0)	Refused(PublishError::PlacementRefused(NoFreeSlotOnAnyDevice))(0)	false	Completed
P2	1	4	0	Raise(5)+Raise(21)	Refused(MountError::Publish(PublishError::PlacementRefused(NoFreeSlotOnAnyDevice)))(0) Refused(MountError::Publish(PublishError::PlacementRefused(NoFreeSlotOnAnyDevice)))(0)	Refused(PublishError::PlacementRefused(NoFreeSlotOnAnyDevice))(0)	false	Completed
P2	1	4	0	Raise(5)+Raise(34)	Refused(MountError::Publish(PublishError::PlacementRefused(NoFreeSlotOnAnyDevice)))(0) Refused(MountError::Publish(PublishError::PlacementRefused(NoFreeSlotOnAnyDevice)))(0)	Refused(PublishError::PlacementRefused(NoFreeSlotOnAnyDevice))(0)	false	Completed
P2	1	4	0	Raise(8)	Refused(MountError::Publish(PublishError::PlacementRefused(NoFreeSlotOnAnyDevice)))(0)	Refused(PublishError::PlacementRefused(NoFreeSlotOnAnyDevice))(0)	false	Completed
P2	1	4	0	Raise(8)+Overwrite	Refused(MountError::Publish(PublishError::PlacementRefused(NoFreeSlotOnAnyDevice)))(0) Refused(PublishError::PlacementRefused(NoFreeSlotOnAnyDevice))(0)	Refused(PublishError::PlacementRefused(NoFreeSlotOnAnyDevice))(0)	false	Completed
P2	1	4	0	Raise(8)+MountWritable	Refused(MountError::Publish(PublishError::PlacementRefused(NoFreeSlotOnAnyDevice)))(0) Mounted(publishes=2)(35)	Published(23)	true	Completed
P2	1	4	0	Raise(8)+ColdStartRecover	Refused(MountError::Publish(PublishError::PlacementRefused(NoFreeSlotOnAnyDevice)))(0) Recovered(0)	NotApplicable(NoWritableSession)(0)	false	Completed
P2	1	4	0	Raise(8)+Rollback(NewestFloor)	Refused(MountError::Publish(PublishError::PlacementRefused(NoFreeSlotOnAnyDevice)))(0) Mounted(publishes=2)(35)	Published(23)	true	Completed
P2	1	4	0	Raise(8)+Rollback(Ring0)	Refused(MountError::Publish(PublishError::PlacementRefused(NoFreeSlotOnAnyDevice)))(0) Mounted(publishes=2)(35)	Published(23)	true	Completed
P2	1	4	0	Raise(8)+Rollback(Ring1)	Refused(MountError::Publish(PublishError::PlacementRefused(NoFreeSlotOnAnyDevice)))(0) Mounted(publishes=2)(35)	Published(23)	true	Completed
P2	1	4	0	Raise(8)+Rollback(Ring2)	Refused(MountError::Publish(PublishError::PlacementRefused(NoFreeSlotOnAnyDevice)))(0) Mounted(publishes=2)(35)	Published(23)	true	Completed
P2	1	4	0	Raise(8)+Rollback(Ring3)	Refused(MountError::Publish(PublishError::PlacementRefused(NoFreeSlotOnAnyDevice)))(0) Mounted(publishes=2)(35)	Published(23)	true	Completed
P2	1	4	0	Raise(8)+Raise(0)	Refused(MountError::Publish(PublishError::PlacementRefused(NoFreeSlotOnAnyDevice)))(0) Refused(MountError::Publish(PublishError::PlacementRefused(NoFreeSlotOnAnyDevice)))(0)	Refused(PublishError::PlacementRefused(NoFreeSlotOnAnyDevice))(0)	false	Completed
P2	1	4	0	Raise(8)+Raise(1)	Refused(MountError::Publish(PublishError::PlacementRefused(NoFreeSlotOnAnyDevice)))(0) Refused(MountError::Publish(PublishError::PlacementRefused(NoFreeSlotOnAnyDevice)))(0)	Refused(PublishError::PlacementRefused(NoFreeSlotOnAnyDevice))(0)	false	Completed
P2	1	4	0	Raise(8)+Raise(2)	Refused(MountError::Publish(PublishError::PlacementRefused(NoFreeSlotOnAnyDevice)))(0) Refused(MountError::Publish(PublishError::PlacementRefused(NoFreeSlotOnAnyDevice)))(0)	Refused(PublishError::PlacementRefused(NoFreeSlotOnAnyDevice))(0)	false	Completed
P2	1	4	0	Raise(8)+Raise(3)	Refused(MountError::Publish(PublishError::PlacementRefused(NoFreeSlotOnAnyDevice)))(0) Refused(MountError::Publish(PublishError::PlacementRefused(NoFreeSlotOnAnyDevice)))(0)	Refused(PublishError::PlacementRefused(NoFreeSlotOnAnyDevice))(0)	false	Completed
P2	1	4	0	Raise(8)+Raise(5)	Refused(MountError::Publish(PublishError::PlacementRefused(NoFreeSlotOnAnyDevice)))(0) Refused(MountError::Publish(PublishError::PlacementRefused(NoFreeSlotOnAnyDevice)))(0)	Refused(PublishError::PlacementRefused(NoFreeSlotOnAnyDevice))(0)	false	Completed
P2	1	4	0	Raise(8)+Raise(8)	Refused(MountError::Publish(PublishError::PlacementRefused(NoFreeSlotOnAnyDevice)))(0) Refused(MountError::Publish(PublishError::PlacementRefused(NoFreeSlotOnAnyDevice)))(0)	Refused(PublishError::PlacementRefused(NoFreeSlotOnAnyDevice))(0)	false	Completed
P2	1	4	0	Raise(8)+Raise(13)	Refused(MountError::Publish(PublishError::PlacementRefused(NoFreeSlotOnAnyDevice)))(0) Refused(MountError::Publish(PublishError::PlacementRefused(NoFreeSlotOnAnyDevice)))(0)	Refused(PublishError::PlacementRefused(NoFreeSlotOnAnyDevice))(0)	false	Completed
P2	1	4	0	Raise(8)+Raise(21)	Refused(MountError::Publish(PublishError::PlacementRefused(NoFreeSlotOnAnyDevice)))(0) Refused(MountError::Publish(PublishError::PlacementRefused(NoFreeSlotOnAnyDevice)))(0)	Refused(PublishError::PlacementRefused(NoFreeSlotOnAnyDevice))(0)	false	Completed
P2	1	4	0	Raise(8)+Raise(34)	Refused(MountError::Publish(PublishError::PlacementRefused(NoFreeSlotOnAnyDevice)))(0) Refused(MountError::Publish(PublishError::PlacementRefused(NoFreeSlotOnAnyDevice)))(0)	Refused(PublishError::PlacementRefused(NoFreeSlotOnAnyDevice))(0)	false	Completed
P2	1	4	0	Raise(13)	Refused(MountError::Publish(PublishError::PlacementRefused(NoFreeSlotOnAnyDevice)))(0)	Refused(PublishError::PlacementRefused(NoFreeSlotOnAnyDevice))(0)	false	Completed
P2	1	4	0	Raise(13)+Overwrite	Refused(MountError::Publish(PublishError::PlacementRefused(NoFreeSlotOnAnyDevice)))(0) Refused(PublishError::PlacementRefused(NoFreeSlotOnAnyDevice))(0)	Refused(PublishError::PlacementRefused(NoFreeSlotOnAnyDevice))(0)	false	Completed
P2	1	4	0	Raise(13)+MountWritable	Refused(MountError::Publish(PublishError::PlacementRefused(NoFreeSlotOnAnyDevice)))(0) Mounted(publishes=2)(35)	Published(23)	true	Completed
P2	1	4	0	Raise(13)+ColdStartRecover	Refused(MountError::Publish(PublishError::PlacementRefused(NoFreeSlotOnAnyDevice)))(0) Recovered(0)	NotApplicable(NoWritableSession)(0)	false	Completed
P2	1	4	0	Raise(13)+Rollback(NewestFloor)	Refused(MountError::Publish(PublishError::PlacementRefused(NoFreeSlotOnAnyDevice)))(0) Mounted(publishes=2)(35)	Published(23)	true	Completed
P2	1	4	0	Raise(13)+Rollback(Ring0)	Refused(MountError::Publish(PublishError::PlacementRefused(NoFreeSlotOnAnyDevice)))(0) Mounted(publishes=2)(35)	Published(23)	true	Completed
P2	1	4	0	Raise(13)+Rollback(Ring1)	Refused(MountError::Publish(PublishError::PlacementRefused(NoFreeSlotOnAnyDevice)))(0) Mounted(publishes=2)(35)	Published(23)	true	Completed
P2	1	4	0	Raise(13)+Rollback(Ring2)	Refused(MountError::Publish(PublishError::PlacementRefused(NoFreeSlotOnAnyDevice)))(0) Mounted(publishes=2)(35)	Published(23)	true	Completed
P2	1	4	0	Raise(13)+Rollback(Ring3)	Refused(MountError::Publish(PublishError::PlacementRefused(NoFreeSlotOnAnyDevice)))(0) Mounted(publishes=2)(35)	Published(23)	true	Completed
P2	1	4	0	Raise(13)+Raise(0)	Refused(MountError::Publish(PublishError::PlacementRefused(NoFreeSlotOnAnyDevice)))(0) Refused(MountError::Publish(PublishError::PlacementRefused(NoFreeSlotOnAnyDevice)))(0)	Refused(PublishError::PlacementRefused(NoFreeSlotOnAnyDevice))(0)	false	Completed
P2	1	4	0	Raise(13)+Raise(1)	Refused(MountError::Publish(PublishError::PlacementRefused(NoFreeSlotOnAnyDevice)))(0) Refused(MountError::Publish(PublishError::PlacementRefused(NoFreeSlotOnAnyDevice)))(0)	Refused(PublishError::PlacementRefused(NoFreeSlotOnAnyDevice))(0)	false	Completed
P2	1	4	0	Raise(13)+Raise(2)	Refused(MountError::Publish(PublishError::PlacementRefused(NoFreeSlotOnAnyDevice)))(0) Refused(MountError::Publish(PublishError::PlacementRefused(NoFreeSlotOnAnyDevice)))(0)	Refused(PublishError::PlacementRefused(NoFreeSlotOnAnyDevice))(0)	false	Completed
P2	1	4	0	Raise(13)+Raise(3)	Refused(MountError::Publish(PublishError::PlacementRefused(NoFreeSlotOnAnyDevice)))(0) Refused(MountError::Publish(PublishError::PlacementRefused(NoFreeSlotOnAnyDevice)))(0)	Refused(PublishError::PlacementRefused(NoFreeSlotOnAnyDevice))(0)	false	Completed
P2	1	4	0	Raise(13)+Raise(5)	Refused(MountError::Publish(PublishError::PlacementRefused(NoFreeSlotOnAnyDevice)))(0) Refused(MountError::Publish(PublishError::PlacementRefused(NoFreeSlotOnAnyDevice)))(0)	Refused(PublishError::PlacementRefused(NoFreeSlotOnAnyDevice))(0)	false	Completed
P2	1	4	0	Raise(13)+Raise(8)	Refused(MountError::Publish(PublishError::PlacementRefused(NoFreeSlotOnAnyDevice)))(0) Refused(MountError::Publish(PublishError::PlacementRefused(NoFreeSlotOnAnyDevice)))(0)	Refused(PublishError::PlacementRefused(NoFreeSlotOnAnyDevice))(0)	false	Completed
P2	1	4	0	Raise(13)+Raise(13)	Refused(MountError::Publish(PublishError::PlacementRefused(NoFreeSlotOnAnyDevice)))(0) Refused(MountError::Publish(PublishError::PlacementRefused(NoFreeSlotOnAnyDevice)))(0)	Refused(PublishError::PlacementRefused(NoFreeSlotOnAnyDevice))(0)	false	Completed
P2	1	4	0	Raise(13)+Raise(21)	Refused(MountError::Publish(PublishError::PlacementRefused(NoFreeSlotOnAnyDevice)))(0) Refused(MountError::Publish(PublishError::PlacementRefused(NoFreeSlotOnAnyDevice)))(0)	Refused(PublishError::PlacementRefused(NoFreeSlotOnAnyDevice))(0)	false	Completed
P2	1	4	0	Raise(13)+Raise(34)	Refused(MountError::Publish(PublishError::PlacementRefused(NoFreeSlotOnAnyDevice)))(0) Refused(MountError::Publish(PublishError::PlacementRefused(NoFreeSlotOnAnyDevice)))(0)	Refused(PublishError::PlacementRefused(NoFreeSlotOnAnyDevice))(0)	false	Completed
P2	1	4	0	Raise(21)	Refused(MountError::Publish(PublishError::PlacementRefused(NoFreeSlotOnAnyDevice)))(0)	Refused(PublishError::PlacementRefused(NoFreeSlotOnAnyDevice))(0)	false	Completed
P2	1	4	0	Raise(21)+Overwrite	Refused(MountError::Publish(PublishError::PlacementRefused(NoFreeSlotOnAnyDevice)))(0) Refused(PublishError::PlacementRefused(NoFreeSlotOnAnyDevice))(0)	Refused(PublishError::PlacementRefused(NoFreeSlotOnAnyDevice))(0)	false	Completed
P2	1	4	0	Raise(21)+MountWritable	Refused(MountError::Publish(PublishError::PlacementRefused(NoFreeSlotOnAnyDevice)))(0) Mounted(publishes=2)(35)	Published(23)	true	Completed
P2	1	4	0	Raise(21)+ColdStartRecover	Refused(MountError::Publish(PublishError::PlacementRefused(NoFreeSlotOnAnyDevice)))(0) Recovered(0)	NotApplicable(NoWritableSession)(0)	false	Completed
P2	1	4	0	Raise(21)+Rollback(NewestFloor)	Refused(MountError::Publish(PublishError::PlacementRefused(NoFreeSlotOnAnyDevice)))(0) Mounted(publishes=2)(35)	Published(23)	true	Completed
P2	1	4	0	Raise(21)+Rollback(Ring0)	Refused(MountError::Publish(PublishError::PlacementRefused(NoFreeSlotOnAnyDevice)))(0) Mounted(publishes=2)(35)	Published(23)	true	Completed
P2	1	4	0	Raise(21)+Rollback(Ring1)	Refused(MountError::Publish(PublishError::PlacementRefused(NoFreeSlotOnAnyDevice)))(0) Mounted(publishes=2)(35)	Published(23)	true	Completed
P2	1	4	0	Raise(21)+Rollback(Ring2)	Refused(MountError::Publish(PublishError::PlacementRefused(NoFreeSlotOnAnyDevice)))(0) Mounted(publishes=2)(35)	Published(23)	true	Completed
P2	1	4	0	Raise(21)+Rollback(Ring3)	Refused(MountError::Publish(PublishError::PlacementRefused(NoFreeSlotOnAnyDevice)))(0) Mounted(publishes=2)(35)	Published(23)	true	Completed
P2	1	4	0	Raise(21)+Raise(0)	Refused(MountError::Publish(PublishError::PlacementRefused(NoFreeSlotOnAnyDevice)))(0) Refused(MountError::Publish(PublishError::PlacementRefused(NoFreeSlotOnAnyDevice)))(0)	Refused(PublishError::PlacementRefused(NoFreeSlotOnAnyDevice))(0)	false	Completed
P2	1	4	0	Raise(21)+Raise(1)	Refused(MountError::Publish(PublishError::PlacementRefused(NoFreeSlotOnAnyDevice)))(0) Refused(MountError::Publish(PublishError::PlacementRefused(NoFreeSlotOnAnyDevice)))(0)	Refused(PublishError::PlacementRefused(NoFreeSlotOnAnyDevice))(0)	false	Completed
P2	1	4	0	Raise(21)+Raise(2)	Refused(MountError::Publish(PublishError::PlacementRefused(NoFreeSlotOnAnyDevice)))(0) Refused(MountError::Publish(PublishError::PlacementRefused(NoFreeSlotOnAnyDevice)))(0)	Refused(PublishError::PlacementRefused(NoFreeSlotOnAnyDevice))(0)	false	Completed
P2	1	4	0	Raise(21)+Raise(3)	Refused(MountError::Publish(PublishError::PlacementRefused(NoFreeSlotOnAnyDevice)))(0) Refused(MountError::Publish(PublishError::PlacementRefused(NoFreeSlotOnAnyDevice)))(0)	Refused(PublishError::PlacementRefused(NoFreeSlotOnAnyDevice))(0)	false	Completed
P2	1	4	0	Raise(21)+Raise(5)	Refused(MountError::Publish(PublishError::PlacementRefused(NoFreeSlotOnAnyDevice)))(0) Refused(MountError::Publish(PublishError::PlacementRefused(NoFreeSlotOnAnyDevice)))(0)	Refused(PublishError::PlacementRefused(NoFreeSlotOnAnyDevice))(0)	false	Completed
P2	1	4	0	Raise(21)+Raise(8)	Refused(MountError::Publish(PublishError::PlacementRefused(NoFreeSlotOnAnyDevice)))(0) Refused(MountError::Publish(PublishError::PlacementRefused(NoFreeSlotOnAnyDevice)))(0)	Refused(PublishError::PlacementRefused(NoFreeSlotOnAnyDevice))(0)	false	Completed
P2	1	4	0	Raise(21)+Raise(13)	Refused(MountError::Publish(PublishError::PlacementRefused(NoFreeSlotOnAnyDevice)))(0) Refused(MountError::Publish(PublishError::PlacementRefused(NoFreeSlotOnAnyDevice)))(0)	Refused(PublishError::PlacementRefused(NoFreeSlotOnAnyDevice))(0)	false	Completed
P2	1	4	0	Raise(21)+Raise(21)	Refused(MountError::Publish(PublishError::PlacementRefused(NoFreeSlotOnAnyDevice)))(0) Refused(MountError::Publish(PublishError::PlacementRefused(NoFreeSlotOnAnyDevice)))(0)	Refused(PublishError::PlacementRefused(NoFreeSlotOnAnyDevice))(0)	false	Completed
P2	1	4	0	Raise(21)+Raise(34)	Refused(MountError::Publish(PublishError::PlacementRefused(NoFreeSlotOnAnyDevice)))(0) Refused(MountError::Publish(PublishError::PlacementRefused(NoFreeSlotOnAnyDevice)))(0)	Refused(PublishError::PlacementRefused(NoFreeSlotOnAnyDevice))(0)	false	Completed
P2	1	4	0	Raise(34)	Refused(MountError::Publish(PublishError::PlacementRefused(NoFreeSlotOnAnyDevice)))(0)	Refused(PublishError::PlacementRefused(NoFreeSlotOnAnyDevice))(0)	false	Completed
P2	1	4	0	Raise(34)+Overwrite	Refused(MountError::Publish(PublishError::PlacementRefused(NoFreeSlotOnAnyDevice)))(0) Refused(PublishError::PlacementRefused(NoFreeSlotOnAnyDevice))(0)	Refused(PublishError::PlacementRefused(NoFreeSlotOnAnyDevice))(0)	false	Completed
P2	1	4	0	Raise(34)+MountWritable	Refused(MountError::Publish(PublishError::PlacementRefused(NoFreeSlotOnAnyDevice)))(0) Mounted(publishes=2)(35)	Published(23)	true	Completed
P2	1	4	0	Raise(34)+ColdStartRecover	Refused(MountError::Publish(PublishError::PlacementRefused(NoFreeSlotOnAnyDevice)))(0) Recovered(0)	NotApplicable(NoWritableSession)(0)	false	Completed
P2	1	4	0	Raise(34)+Rollback(NewestFloor)	Refused(MountError::Publish(PublishError::PlacementRefused(NoFreeSlotOnAnyDevice)))(0) Mounted(publishes=2)(35)	Published(23)	true	Completed
P2	1	4	0	Raise(34)+Rollback(Ring0)	Refused(MountError::Publish(PublishError::PlacementRefused(NoFreeSlotOnAnyDevice)))(0) Mounted(publishes=2)(35)	Published(23)	true	Completed
P2	1	4	0	Raise(34)+Rollback(Ring1)	Refused(MountError::Publish(PublishError::PlacementRefused(NoFreeSlotOnAnyDevice)))(0) Mounted(publishes=2)(35)	Published(23)	true	Completed
P2	1	4	0	Raise(34)+Rollback(Ring2)	Refused(MountError::Publish(PublishError::PlacementRefused(NoFreeSlotOnAnyDevice)))(0) Mounted(publishes=2)(35)	Published(23)	true	Completed
P2	1	4	0	Raise(34)+Rollback(Ring3)	Refused(MountError::Publish(PublishError::PlacementRefused(NoFreeSlotOnAnyDevice)))(0) Mounted(publishes=2)(35)	Published(23)	true	Completed
P2	1	4	0	Raise(34)+Raise(0)	Refused(MountError::Publish(PublishError::PlacementRefused(NoFreeSlotOnAnyDevice)))(0) Refused(MountError::Publish(PublishError::PlacementRefused(NoFreeSlotOnAnyDevice)))(0)	Refused(PublishError::PlacementRefused(NoFreeSlotOnAnyDevice))(0)	false	Completed
P2	1	4	0	Raise(34)+Raise(1)	Refused(MountError::Publish(PublishError::PlacementRefused(NoFreeSlotOnAnyDevice)))(0) Refused(MountError::Publish(PublishError::PlacementRefused(NoFreeSlotOnAnyDevice)))(0)	Refused(PublishError::PlacementRefused(NoFreeSlotOnAnyDevice))(0)	false	Completed
P2	1	4	0	Raise(34)+Raise(2)	Refused(MountError::Publish(PublishError::PlacementRefused(NoFreeSlotOnAnyDevice)))(0) Refused(MountError::Publish(PublishError::PlacementRefused(NoFreeSlotOnAnyDevice)))(0)	Refused(PublishError::PlacementRefused(NoFreeSlotOnAnyDevice))(0)	false	Completed
P2	1	4	0	Raise(34)+Raise(3)	Refused(MountError::Publish(PublishError::PlacementRefused(NoFreeSlotOnAnyDevice)))(0) Refused(MountError::Publish(PublishError::PlacementRefused(NoFreeSlotOnAnyDevice)))(0)	Refused(PublishError::PlacementRefused(NoFreeSlotOnAnyDevice))(0)	false	Completed
P2	1	4	0	Raise(34)+Raise(5)	Refused(MountError::Publish(PublishError::PlacementRefused(NoFreeSlotOnAnyDevice)))(0) Refused(MountError::Publish(PublishError::PlacementRefused(NoFreeSlotOnAnyDevice)))(0)	Refused(PublishError::PlacementRefused(NoFreeSlotOnAnyDevice))(0)	false	Completed
P2	1	4	0	Raise(34)+Raise(8)	Refused(MountError::Publish(PublishError::PlacementRefused(NoFreeSlotOnAnyDevice)))(0) Refused(MountError::Publish(PublishError::PlacementRefused(NoFreeSlotOnAnyDevice)))(0)	Refused(PublishError::PlacementRefused(NoFreeSlotOnAnyDevice))(0)	false	Completed
P2	1	4	0	Raise(34)+Raise(13)	Refused(MountError::Publish(PublishError::PlacementRefused(NoFreeSlotOnAnyDevice)))(0) Refused(MountError::Publish(PublishError::PlacementRefused(NoFreeSlotOnAnyDevice)))(0)	Refused(PublishError::PlacementRefused(NoFreeSlotOnAnyDevice))(0)	false	Completed
P2	1	4	0	Raise(34)+Raise(21)	Refused(MountError::Publish(PublishError::PlacementRefused(NoFreeSlotOnAnyDevice)))(0) Refused(MountError::Publish(PublishError::PlacementRefused(NoFreeSlotOnAnyDevice)))(0)	Refused(PublishError::PlacementRefused(NoFreeSlotOnAnyDevice))(0)	false	Completed
P2	1	4	0	Raise(34)+Raise(34)	Refused(MountError::Publish(PublishError::PlacementRefused(NoFreeSlotOnAnyDevice)))(0) Refused(MountError::Publish(PublishError::PlacementRefused(NoFreeSlotOnAnyDevice)))(0)	Refused(PublishError::PlacementRefused(NoFreeSlotOnAnyDevice))(0)	false	Completed
P2	2	0	0	Overwrite	Refused(PublishError::PlacementRefused(NoFreeSlotOnAnyDevice))(0)	Refused(PublishError::PlacementRefused(NoFreeSlotOnAnyDevice))(0)	false	Completed
P2	2	0	0	Overwrite+Overwrite	Refused(PublishError::PlacementRefused(NoFreeSlotOnAnyDevice))(0) Refused(PublishError::PlacementRefused(NoFreeSlotOnAnyDevice))(0)	Refused(PublishError::PlacementRefused(NoFreeSlotOnAnyDevice))(0)	false	Completed
P2	2	0	0	Overwrite+MountWritable	Refused(PublishError::PlacementRefused(NoFreeSlotOnAnyDevice))(0) Mounted(publishes=2)(35)	Published(23)	true	Completed
P2	2	0	0	Overwrite+ColdStartRecover	Refused(PublishError::PlacementRefused(NoFreeSlotOnAnyDevice))(0) Recovered(0)	NotApplicable(NoWritableSession)(0)	false	Completed
P2	2	0	0	Overwrite+Rollback(NewestFloor)	Refused(PublishError::PlacementRefused(NoFreeSlotOnAnyDevice))(0) Mounted(publishes=2)(35)	Published(23)	true	Completed
P2	2	0	0	Overwrite+Rollback(Ring0)	Refused(PublishError::PlacementRefused(NoFreeSlotOnAnyDevice))(0) Mounted(publishes=2)(35)	Published(23)	true	Completed
P2	2	0	0	Overwrite+Rollback(Ring1)	Refused(PublishError::PlacementRefused(NoFreeSlotOnAnyDevice))(0) Mounted(publishes=2)(35)	Published(23)	true	Completed
P2	2	0	0	Overwrite+Rollback(Ring2)	Refused(PublishError::PlacementRefused(NoFreeSlotOnAnyDevice))(0) Mounted(publishes=2)(35)	Published(23)	true	Completed
P2	2	0	0	Overwrite+Rollback(Ring3)	Refused(PublishError::PlacementRefused(NoFreeSlotOnAnyDevice))(0) Mounted(publishes=2)(35)	Published(23)	true	Completed
P2	2	0	0	Overwrite+Raise(0)	Refused(PublishError::PlacementRefused(NoFreeSlotOnAnyDevice))(0) Refused(MountError::Publish(PublishError::PlacementRefused(NoFreeSlotOnAnyDevice)))(0)	Refused(PublishError::PlacementRefused(NoFreeSlotOnAnyDevice))(0)	false	Completed
P2	2	0	0	Overwrite+Raise(1)	Refused(PublishError::PlacementRefused(NoFreeSlotOnAnyDevice))(0) Refused(MountError::Publish(PublishError::PlacementRefused(NoFreeSlotOnAnyDevice)))(0)	Refused(PublishError::PlacementRefused(NoFreeSlotOnAnyDevice))(0)	false	Completed
P2	2	0	0	Overwrite+Raise(2)	Refused(PublishError::PlacementRefused(NoFreeSlotOnAnyDevice))(0) Refused(MountError::Publish(PublishError::PlacementRefused(NoFreeSlotOnAnyDevice)))(0)	Refused(PublishError::PlacementRefused(NoFreeSlotOnAnyDevice))(0)	false	Completed
P2	2	0	0	Overwrite+Raise(3)	Refused(PublishError::PlacementRefused(NoFreeSlotOnAnyDevice))(0) Refused(MountError::Publish(PublishError::PlacementRefused(NoFreeSlotOnAnyDevice)))(0)	Refused(PublishError::PlacementRefused(NoFreeSlotOnAnyDevice))(0)	false	Completed
P2	2	0	0	Overwrite+Raise(5)	Refused(PublishError::PlacementRefused(NoFreeSlotOnAnyDevice))(0) Refused(MountError::Publish(PublishError::PlacementRefused(NoFreeSlotOnAnyDevice)))(0)	Refused(PublishError::PlacementRefused(NoFreeSlotOnAnyDevice))(0)	false	Completed
P2	2	0	0	Overwrite+Raise(8)	Refused(PublishError::PlacementRefused(NoFreeSlotOnAnyDevice))(0) Refused(MountError::Publish(PublishError::PlacementRefused(NoFreeSlotOnAnyDevice)))(0)	Refused(PublishError::PlacementRefused(NoFreeSlotOnAnyDevice))(0)	false	Completed
P2	2	0	0	Overwrite+Raise(13)	Refused(PublishError::PlacementRefused(NoFreeSlotOnAnyDevice))(0) Refused(MountError::Publish(PublishError::PlacementRefused(NoFreeSlotOnAnyDevice)))(0)	Refused(PublishError::PlacementRefused(NoFreeSlotOnAnyDevice))(0)	false	Completed
P2	2	0	0	Overwrite+Raise(21)	Refused(PublishError::PlacementRefused(NoFreeSlotOnAnyDevice))(0) Refused(MountError::Publish(PublishError::PlacementRefused(NoFreeSlotOnAnyDevice)))(0)	Refused(PublishError::PlacementRefused(NoFreeSlotOnAnyDevice))(0)	false	Completed
P2	2	0	0	Overwrite+Raise(34)	Refused(PublishError::PlacementRefused(NoFreeSlotOnAnyDevice))(0) Refused(MountError::Publish(PublishError::PlacementRefused(NoFreeSlotOnAnyDevice)))(0)	Refused(PublishError::PlacementRefused(NoFreeSlotOnAnyDevice))(0)	false	Completed
P2	2	0	0	MountWritable	Mounted(publishes=2)(35)	Published(23)	true	Completed
P2	2	0	0	MountWritable+Overwrite	Mounted(publishes=2)(35) Published(23)	Published(23)	true	Completed
P2	2	0	0	MountWritable+MountWritable	Mounted(publishes=2)(35) Mounted(publishes=2)(35)	Published(23)	true	Completed
P2	2	0	0	MountWritable+ColdStartRecover	Mounted(publishes=2)(35) Recovered(0)	NotApplicable(NoWritableSession)(0)	false	Completed
P2	2	0	0	MountWritable+Rollback(NewestFloor)	Mounted(publishes=2)(35) Mounted(publishes=2)(35)	Published(23)	true	Completed
P2	2	0	0	MountWritable+Rollback(Ring0)	Mounted(publishes=2)(35) Mounted(publishes=2)(35)	Published(23)	true	Completed
P2	2	0	0	MountWritable+Rollback(Ring1)	Mounted(publishes=2)(35) Mounted(publishes=2)(35)	Published(23)	true	Completed
P2	2	0	0	MountWritable+Rollback(Ring2)	Mounted(publishes=2)(35) Mounted(publishes=2)(35)	Published(23)	true	Completed
P2	2	0	0	MountWritable+Rollback(Ring3)	Mounted(publishes=2)(35) Mounted(publishes=2)(35)	Published(23)	true	Completed
P2	2	0	0	MountWritable+Raise(0)	Mounted(publishes=2)(35) RaisedFloor(F=0,publishes=2)(30)	Published(23)	true	Completed
P2	2	0	0	MountWritable+Raise(1)	Mounted(publishes=2)(35) RaisedFloor(F=1,publishes=2)(30)	Published(23)	true	Completed
P2	2	0	0	MountWritable+Raise(2)	Mounted(publishes=2)(35) RaisedFloor(F=2,publishes=2)(30)	Published(23)	true	Completed
P2	2	0	0	MountWritable+Raise(3)	Mounted(publishes=2)(35) RaisedFloor(F=3,publishes=2)(30)	Published(23)	true	Completed
P2	2	0	0	MountWritable+Raise(5)	Mounted(publishes=2)(35) RaisedFloor(F=5,publishes=2)(30)	Published(23)	true	Completed
P2	2	0	0	MountWritable+Raise(8)	Mounted(publishes=2)(35) RaisedFloor(F=8,publishes=2)(30)	Published(23)	true	Completed
P2	2	0	0	MountWritable+Raise(13)	Mounted(publishes=2)(35) RaisedFloor(F=13,publishes=2)(30)	Published(23)	true	Completed
P2	2	0	0	MountWritable+Raise(21)	Mounted(publishes=2)(35) RaisedFloor(F=21,publishes=2)(30)	Published(23)	true	Completed
P2	2	0	0	MountWritable+Raise(34)	Mounted(publishes=2)(35) RaisedFloor(F=34,publishes=2)(30)	Published(23)	true	Completed
P2	2	0	0	ColdStartRecover	Recovered(0)	NotApplicable(NoWritableSession)(0)	false	Completed
P2	2	0	0	ColdStartRecover+Overwrite	Recovered(0) NotApplicable(NoWritableSession)(0)	NotApplicable(NoWritableSession)(0)	false	Completed
P2	2	0	0	ColdStartRecover+MountWritable	Recovered(0) Mounted(publishes=2)(35)	Published(23)	true	Completed
P2	2	0	0	ColdStartRecover+ColdStartRecover	Recovered(0) Recovered(0)	NotApplicable(NoWritableSession)(0)	false	Completed
P2	2	0	0	ColdStartRecover+Rollback(NewestFloor)	Recovered(0) Mounted(publishes=2)(35)	Published(23)	true	Completed
P2	2	0	0	ColdStartRecover+Rollback(Ring0)	Recovered(0) Mounted(publishes=2)(35)	Published(23)	true	Completed
P2	2	0	0	ColdStartRecover+Rollback(Ring1)	Recovered(0) Mounted(publishes=2)(35)	Published(23)	true	Completed
P2	2	0	0	ColdStartRecover+Rollback(Ring2)	Recovered(0) Mounted(publishes=2)(35)	Published(23)	true	Completed
P2	2	0	0	ColdStartRecover+Rollback(Ring3)	Recovered(0) Mounted(publishes=2)(35)	Published(23)	true	Completed
P2	2	0	0	ColdStartRecover+Raise(0)	Recovered(0) NotApplicable(NoWritableSession)(0)	NotApplicable(NoWritableSession)(0)	false	Completed
P2	2	0	0	ColdStartRecover+Raise(1)	Recovered(0) NotApplicable(NoWritableSession)(0)	NotApplicable(NoWritableSession)(0)	false	Completed
P2	2	0	0	ColdStartRecover+Raise(2)	Recovered(0) NotApplicable(NoWritableSession)(0)	NotApplicable(NoWritableSession)(0)	false	Completed
P2	2	0	0	ColdStartRecover+Raise(3)	Recovered(0) NotApplicable(NoWritableSession)(0)	NotApplicable(NoWritableSession)(0)	false	Completed
P2	2	0	0	ColdStartRecover+Raise(5)	Recovered(0) NotApplicable(NoWritableSession)(0)	NotApplicable(NoWritableSession)(0)	false	Completed
P2	2	0	0	ColdStartRecover+Raise(8)	Recovered(0) NotApplicable(NoWritableSession)(0)	NotApplicable(NoWritableSession)(0)	false	Completed
P2	2	0	0	ColdStartRecover+Raise(13)	Recovered(0) NotApplicable(NoWritableSession)(0)	NotApplicable(NoWritableSession)(0)	false	Completed
P2	2	0	0	ColdStartRecover+Raise(21)	Recovered(0) NotApplicable(NoWritableSession)(0)	NotApplicable(NoWritableSession)(0)	false	Completed
P2	2	0	0	ColdStartRecover+Raise(34)	Recovered(0) NotApplicable(NoWritableSession)(0)	NotApplicable(NoWritableSession)(0)	false	Completed
P2	2	0	0	Rollback(NewestFloor)	Mounted(publishes=2)(35)	Published(23)	true	Completed
P2	2	0	0	Rollback(NewestFloor)+Overwrite	Mounted(publishes=2)(35) Published(23)	Published(23)	true	Completed
P2	2	0	0	Rollback(NewestFloor)+MountWritable	Mounted(publishes=2)(35) Mounted(publishes=2)(35)	Published(23)	true	Completed
P2	2	0	0	Rollback(NewestFloor)+ColdStartRecover	Mounted(publishes=2)(35) Recovered(0)	NotApplicable(NoWritableSession)(0)	false	Completed
P2	2	0	0	Rollback(NewestFloor)+Rollback(NewestFloor)	Mounted(publishes=2)(35) Mounted(publishes=2)(35)	Published(23)	true	Completed
P2	2	0	0	Rollback(NewestFloor)+Rollback(Ring0)	Mounted(publishes=2)(35) Mounted(publishes=2)(35)	Published(23)	true	Completed
P2	2	0	0	Rollback(NewestFloor)+Rollback(Ring1)	Mounted(publishes=2)(35) Mounted(publishes=2)(35)	Published(23)	true	Completed
P2	2	0	0	Rollback(NewestFloor)+Rollback(Ring2)	Mounted(publishes=2)(35) Mounted(publishes=2)(35)	Published(23)	true	Completed
P2	2	0	0	Rollback(NewestFloor)+Rollback(Ring3)	Mounted(publishes=2)(35) Mounted(publishes=2)(35)	Published(23)	true	Completed
P2	2	0	0	Rollback(NewestFloor)+Raise(0)	Mounted(publishes=2)(35) RaisedFloor(F=0,publishes=2)(30)	Published(23)	true	Completed
P2	2	0	0	Rollback(NewestFloor)+Raise(1)	Mounted(publishes=2)(35) RaisedFloor(F=1,publishes=2)(30)	Published(23)	true	Completed
P2	2	0	0	Rollback(NewestFloor)+Raise(2)	Mounted(publishes=2)(35) RaisedFloor(F=2,publishes=2)(30)	Published(23)	true	Completed
P2	2	0	0	Rollback(NewestFloor)+Raise(3)	Mounted(publishes=2)(35) RaisedFloor(F=3,publishes=2)(30)	Published(23)	true	Completed
P2	2	0	0	Rollback(NewestFloor)+Raise(5)	Mounted(publishes=2)(35) RaisedFloor(F=5,publishes=2)(30)	Published(23)	true	Completed
P2	2	0	0	Rollback(NewestFloor)+Raise(8)	Mounted(publishes=2)(35) RaisedFloor(F=8,publishes=2)(30)	Published(23)	true	Completed
P2	2	0	0	Rollback(NewestFloor)+Raise(13)	Mounted(publishes=2)(35) RaisedFloor(F=13,publishes=2)(30)	Published(23)	true	Completed
P2	2	0	0	Rollback(NewestFloor)+Raise(21)	Mounted(publishes=2)(35) RaisedFloor(F=21,publishes=2)(30)	Published(23)	true	Completed
P2	2	0	0	Rollback(NewestFloor)+Raise(34)	Mounted(publishes=2)(35) RaisedFloor(F=34,publishes=2)(30)	Published(23)	true	Completed
P2	2	0	0	Rollback(Ring0)	Mounted(publishes=2)(35)	Published(23)	true	Completed
P2	2	0	0	Rollback(Ring0)+Overwrite	Mounted(publishes=2)(35) Published(23)	Published(23)	true	Completed
P2	2	0	0	Rollback(Ring0)+MountWritable	Mounted(publishes=2)(35) Mounted(publishes=2)(35)	Published(23)	true	Completed
P2	2	0	0	Rollback(Ring0)+ColdStartRecover	Mounted(publishes=2)(35) Recovered(0)	NotApplicable(NoWritableSession)(0)	false	Completed
P2	2	0	0	Rollback(Ring0)+Rollback(NewestFloor)	Mounted(publishes=2)(35) Mounted(publishes=2)(35)	Published(23)	true	Completed
P2	2	0	0	Rollback(Ring0)+Rollback(Ring0)	Mounted(publishes=2)(35) Mounted(publishes=2)(35)	Published(23)	true	Completed
P2	2	0	0	Rollback(Ring0)+Rollback(Ring1)	Mounted(publishes=2)(35) Mounted(publishes=2)(35)	Published(23)	true	Completed
P2	2	0	0	Rollback(Ring0)+Rollback(Ring2)	Mounted(publishes=2)(35) Mounted(publishes=2)(35)	Published(23)	true	Completed
P2	2	0	0	Rollback(Ring0)+Rollback(Ring3)	Mounted(publishes=2)(35) Mounted(publishes=2)(35)	Published(23)	true	Completed
P2	2	0	0	Rollback(Ring0)+Raise(0)	Mounted(publishes=2)(35) RaisedFloor(F=0,publishes=2)(30)	Published(23)	true	Completed
P2	2	0	0	Rollback(Ring0)+Raise(1)	Mounted(publishes=2)(35) RaisedFloor(F=1,publishes=2)(30)	Published(23)	true	Completed
P2	2	0	0	Rollback(Ring0)+Raise(2)	Mounted(publishes=2)(35) RaisedFloor(F=2,publishes=2)(30)	Published(23)	true	Completed
P2	2	0	0	Rollback(Ring0)+Raise(3)	Mounted(publishes=2)(35) RaisedFloor(F=3,publishes=2)(30)	Published(23)	true	Completed
P2	2	0	0	Rollback(Ring0)+Raise(5)	Mounted(publishes=2)(35) RaisedFloor(F=5,publishes=2)(30)	Published(23)	true	Completed
P2	2	0	0	Rollback(Ring0)+Raise(8)	Mounted(publishes=2)(35) RaisedFloor(F=8,publishes=2)(30)	Published(23)	true	Completed
P2	2	0	0	Rollback(Ring0)+Raise(13)	Mounted(publishes=2)(35) RaisedFloor(F=13,publishes=2)(30)	Published(23)	true	Completed
P2	2	0	0	Rollback(Ring0)+Raise(21)	Mounted(publishes=2)(35) RaisedFloor(F=21,publishes=2)(30)	Published(23)	true	Completed
P2	2	0	0	Rollback(Ring0)+Raise(34)	Mounted(publishes=2)(35) RaisedFloor(F=34,publishes=2)(30)	Published(23)	true	Completed
P2	2	0	0	Rollback(Ring1)	Mounted(publishes=2)(35)	Published(23)	true	Completed
P2	2	0	0	Rollback(Ring1)+Overwrite	Mounted(publishes=2)(35) Published(23)	Published(23)	true	Completed
P2	2	0	0	Rollback(Ring1)+MountWritable	Mounted(publishes=2)(35) Mounted(publishes=2)(35)	Published(23)	true	Completed
P2	2	0	0	Rollback(Ring1)+ColdStartRecover	Mounted(publishes=2)(35) Recovered(0)	NotApplicable(NoWritableSession)(0)	false	Completed
P2	2	0	0	Rollback(Ring1)+Rollback(NewestFloor)	Mounted(publishes=2)(35) Mounted(publishes=2)(35)	Published(23)	true	Completed
P2	2	0	0	Rollback(Ring1)+Rollback(Ring0)	Mounted(publishes=2)(35) Mounted(publishes=2)(35)	Published(23)	true	Completed
P2	2	0	0	Rollback(Ring1)+Rollback(Ring1)	Mounted(publishes=2)(35) Mounted(publishes=2)(35)	Published(23)	true	Completed
P2	2	0	0	Rollback(Ring1)+Rollback(Ring2)	Mounted(publishes=2)(35) Refused(MountError::RollbackTargetNotACandidate(OnAbandonedTimeline))(0)	NotApplicable(NoWritableSession)(0)	false	Completed
P2	2	0	0	Rollback(Ring1)+Rollback(Ring3)	Mounted(publishes=2)(35) Mounted(publishes=2)(35)	Published(23)	true	Completed
P2	2	0	0	Rollback(Ring1)+Raise(0)	Mounted(publishes=2)(35) RaisedFloor(F=0,publishes=2)(30)	Published(23)	true	Completed
P2	2	0	0	Rollback(Ring1)+Raise(1)	Mounted(publishes=2)(35) RaisedFloor(F=1,publishes=2)(30)	Published(23)	true	Completed
P2	2	0	0	Rollback(Ring1)+Raise(2)	Mounted(publishes=2)(35) RaisedFloor(F=2,publishes=2)(30)	Published(23)	true	Completed
P2	2	0	0	Rollback(Ring1)+Raise(3)	Mounted(publishes=2)(35) RaisedFloor(F=3,publishes=2)(30)	Published(23)	true	Completed
P2	2	0	0	Rollback(Ring1)+Raise(5)	Mounted(publishes=2)(35) RaisedFloor(F=5,publishes=2)(30)	Published(23)	true	Completed
P2	2	0	0	Rollback(Ring1)+Raise(8)	Mounted(publishes=2)(35) RaisedFloor(F=8,publishes=2)(30)	Published(23)	true	Completed
P2	2	0	0	Rollback(Ring1)+Raise(13)	Mounted(publishes=2)(35) RaisedFloor(F=13,publishes=2)(30)	Published(23)	true	Completed
P2	2	0	0	Rollback(Ring1)+Raise(21)	Mounted(publishes=2)(35) RaisedFloor(F=21,publishes=2)(30)	Published(23)	true	Completed
P2	2	0	0	Rollback(Ring1)+Raise(34)	Mounted(publishes=2)(35) RaisedFloor(F=34,publishes=2)(30)	Published(23)	true	Completed
P2	2	0	0	Rollback(Ring2)	Mounted(publishes=2)(35)	Published(23)	true	Completed
P2	2	0	0	Rollback(Ring2)+Overwrite	Mounted(publishes=2)(35) Published(23)	Published(23)	true	Completed
P2	2	0	0	Rollback(Ring2)+MountWritable	Mounted(publishes=2)(35) Mounted(publishes=2)(35)	Published(23)	true	Completed
P2	2	0	0	Rollback(Ring2)+ColdStartRecover	Mounted(publishes=2)(35) Recovered(0)	NotApplicable(NoWritableSession)(0)	false	Completed
P2	2	0	0	Rollback(Ring2)+Rollback(NewestFloor)	Mounted(publishes=2)(35) Mounted(publishes=2)(35)	Published(23)	true	Completed
P2	2	0	0	Rollback(Ring2)+Rollback(Ring0)	Mounted(publishes=2)(35) Mounted(publishes=2)(35)	Published(23)	true	Completed
P2	2	0	0	Rollback(Ring2)+Rollback(Ring1)	Mounted(publishes=2)(35) Mounted(publishes=2)(35)	Published(23)	true	Completed
P2	2	0	0	Rollback(Ring2)+Rollback(Ring2)	Mounted(publishes=2)(35) Refused(MountError::RollbackTargetNotACandidate(OnAbandonedTimeline))(0)	NotApplicable(NoWritableSession)(0)	false	Completed
P2	2	0	0	Rollback(Ring2)+Rollback(Ring3)	Mounted(publishes=2)(35) Refused(MountError::RollbackTargetNotACandidate(OnAbandonedTimeline))(0)	NotApplicable(NoWritableSession)(0)	false	Completed
P2	2	0	0	Rollback(Ring2)+Raise(0)	Mounted(publishes=2)(35) RaisedFloor(F=0,publishes=2)(30)	Published(23)	true	Completed
P2	2	0	0	Rollback(Ring2)+Raise(1)	Mounted(publishes=2)(35) RaisedFloor(F=1,publishes=2)(30)	Published(23)	true	Completed
P2	2	0	0	Rollback(Ring2)+Raise(2)	Mounted(publishes=2)(35) RaisedFloor(F=2,publishes=2)(30)	Published(23)	true	Completed
P2	2	0	0	Rollback(Ring2)+Raise(3)	Mounted(publishes=2)(35) RaisedFloor(F=3,publishes=2)(30)	Published(23)	true	Completed
P2	2	0	0	Rollback(Ring2)+Raise(5)	Mounted(publishes=2)(35) RaisedFloor(F=5,publishes=2)(30)	Published(23)	true	Completed
P2	2	0	0	Rollback(Ring2)+Raise(8)	Mounted(publishes=2)(35) RaisedFloor(F=8,publishes=2)(30)	Published(23)	true	Completed
P2	2	0	0	Rollback(Ring2)+Raise(13)	Mounted(publishes=2)(35) RaisedFloor(F=13,publishes=2)(30)	Published(23)	true	Completed
P2	2	0	0	Rollback(Ring2)+Raise(21)	Mounted(publishes=2)(35) RaisedFloor(F=21,publishes=2)(30)	Published(23)	true	Completed
P2	2	0	0	Rollback(Ring2)+Raise(34)	Mounted(publishes=2)(35) RaisedFloor(F=34,publishes=2)(30)	Published(23)	true	Completed
P2	2	0	0	Rollback(Ring3)	Mounted(publishes=2)(35)	Published(23)	true	Completed
P2	2	0	0	Rollback(Ring3)+Overwrite	Mounted(publishes=2)(35) Published(23)	Published(23)	true	Completed
P2	2	0	0	Rollback(Ring3)+MountWritable	Mounted(publishes=2)(35) Mounted(publishes=2)(35)	Published(23)	true	Completed
P2	2	0	0	Rollback(Ring3)+ColdStartRecover	Mounted(publishes=2)(35) Recovered(0)	NotApplicable(NoWritableSession)(0)	false	Completed
P2	2	0	0	Rollback(Ring3)+Rollback(NewestFloor)	Mounted(publishes=2)(35) Mounted(publishes=2)(35)	Published(23)	true	Completed
P2	2	0	0	Rollback(Ring3)+Rollback(Ring0)	Mounted(publishes=2)(35) Mounted(publishes=2)(35)	Published(23)	true	Completed
P2	2	0	0	Rollback(Ring3)+Rollback(Ring1)	Mounted(publishes=2)(35) Mounted(publishes=2)(35)	Published(23)	true	Completed
P2	2	0	0	Rollback(Ring3)+Rollback(Ring2)	Mounted(publishes=2)(35) Refused(MountError::RollbackTargetNotACandidate(OnAbandonedTimeline))(0)	NotApplicable(NoWritableSession)(0)	false	Completed
P2	2	0	0	Rollback(Ring3)+Rollback(Ring3)	Mounted(publishes=2)(35) Refused(MountError::RollbackTargetNotACandidate(OnAbandonedTimeline))(0)	NotApplicable(NoWritableSession)(0)	false	Completed
P2	2	0	0	Rollback(Ring3)+Raise(0)	Mounted(publishes=2)(35) RaisedFloor(F=0,publishes=2)(30)	Published(23)	true	Completed
P2	2	0	0	Rollback(Ring3)+Raise(1)	Mounted(publishes=2)(35) RaisedFloor(F=1,publishes=2)(30)	Published(23)	true	Completed
P2	2	0	0	Rollback(Ring3)+Raise(2)	Mounted(publishes=2)(35) RaisedFloor(F=2,publishes=2)(30)	Published(23)	true	Completed
P2	2	0	0	Rollback(Ring3)+Raise(3)	Mounted(publishes=2)(35) RaisedFloor(F=3,publishes=2)(30)	Published(23)	true	Completed
P2	2	0	0	Rollback(Ring3)+Raise(5)	Mounted(publishes=2)(35) RaisedFloor(F=5,publishes=2)(30)	Published(23)	true	Completed
P2	2	0	0	Rollback(Ring3)+Raise(8)	Mounted(publishes=2)(35) RaisedFloor(F=8,publishes=2)(30)	Published(23)	true	Completed
P2	2	0	0	Rollback(Ring3)+Raise(13)	Mounted(publishes=2)(35) RaisedFloor(F=13,publishes=2)(30)	Published(23)	true	Completed
P2	2	0	0	Rollback(Ring3)+Raise(21)	Mounted(publishes=2)(35) RaisedFloor(F=21,publishes=2)(30)	Published(23)	true	Completed
P2	2	0	0	Rollback(Ring3)+Raise(34)	Mounted(publishes=2)(35) RaisedFloor(F=34,publishes=2)(30)	Published(23)	true	Completed
P2	2	0	0	Raise(0)	Refused(MountError::Publish(PublishError::PlacementRefused(NoFreeSlotOnAnyDevice)))(0)	Refused(PublishError::PlacementRefused(NoFreeSlotOnAnyDevice))(0)	false	Completed
P2	2	0	0	Raise(0)+Overwrite	Refused(MountError::Publish(PublishError::PlacementRefused(NoFreeSlotOnAnyDevice)))(0) Refused(PublishError::PlacementRefused(NoFreeSlotOnAnyDevice))(0)	Refused(PublishError::PlacementRefused(NoFreeSlotOnAnyDevice))(0)	false	Completed
P2	2	0	0	Raise(0)+MountWritable	Refused(MountError::Publish(PublishError::PlacementRefused(NoFreeSlotOnAnyDevice)))(0) Mounted(publishes=2)(35)	Published(23)	true	Completed
P2	2	0	0	Raise(0)+ColdStartRecover	Refused(MountError::Publish(PublishError::PlacementRefused(NoFreeSlotOnAnyDevice)))(0) Recovered(0)	NotApplicable(NoWritableSession)(0)	false	Completed
P2	2	0	0	Raise(0)+Rollback(NewestFloor)	Refused(MountError::Publish(PublishError::PlacementRefused(NoFreeSlotOnAnyDevice)))(0) Mounted(publishes=2)(35)	Published(23)	true	Completed
P2	2	0	0	Raise(0)+Rollback(Ring0)	Refused(MountError::Publish(PublishError::PlacementRefused(NoFreeSlotOnAnyDevice)))(0) Mounted(publishes=2)(35)	Published(23)	true	Completed
P2	2	0	0	Raise(0)+Rollback(Ring1)	Refused(MountError::Publish(PublishError::PlacementRefused(NoFreeSlotOnAnyDevice)))(0) Mounted(publishes=2)(35)	Published(23)	true	Completed
P2	2	0	0	Raise(0)+Rollback(Ring2)	Refused(MountError::Publish(PublishError::PlacementRefused(NoFreeSlotOnAnyDevice)))(0) Mounted(publishes=2)(35)	Published(23)	true	Completed
P2	2	0	0	Raise(0)+Rollback(Ring3)	Refused(MountError::Publish(PublishError::PlacementRefused(NoFreeSlotOnAnyDevice)))(0) Mounted(publishes=2)(35)	Published(23)	true	Completed
P2	2	0	0	Raise(0)+Raise(0)	Refused(MountError::Publish(PublishError::PlacementRefused(NoFreeSlotOnAnyDevice)))(0) Refused(MountError::Publish(PublishError::PlacementRefused(NoFreeSlotOnAnyDevice)))(0)	Refused(PublishError::PlacementRefused(NoFreeSlotOnAnyDevice))(0)	false	Completed
P2	2	0	0	Raise(0)+Raise(1)	Refused(MountError::Publish(PublishError::PlacementRefused(NoFreeSlotOnAnyDevice)))(0) Refused(MountError::Publish(PublishError::PlacementRefused(NoFreeSlotOnAnyDevice)))(0)	Refused(PublishError::PlacementRefused(NoFreeSlotOnAnyDevice))(0)	false	Completed
P2	2	0	0	Raise(0)+Raise(2)	Refused(MountError::Publish(PublishError::PlacementRefused(NoFreeSlotOnAnyDevice)))(0) Refused(MountError::Publish(PublishError::PlacementRefused(NoFreeSlotOnAnyDevice)))(0)	Refused(PublishError::PlacementRefused(NoFreeSlotOnAnyDevice))(0)	false	Completed
P2	2	0	0	Raise(0)+Raise(3)	Refused(MountError::Publish(PublishError::PlacementRefused(NoFreeSlotOnAnyDevice)))(0) Refused(MountError::Publish(PublishError::PlacementRefused(NoFreeSlotOnAnyDevice)))(0)	Refused(PublishError::PlacementRefused(NoFreeSlotOnAnyDevice))(0)	false	Completed
P2	2	0	0	Raise(0)+Raise(5)	Refused(MountError::Publish(PublishError::PlacementRefused(NoFreeSlotOnAnyDevice)))(0) Refused(MountError::Publish(PublishError::PlacementRefused(NoFreeSlotOnAnyDevice)))(0)	Refused(PublishError::PlacementRefused(NoFreeSlotOnAnyDevice))(0)	false	Completed
P2	2	0	0	Raise(0)+Raise(8)	Refused(MountError::Publish(PublishError::PlacementRefused(NoFreeSlotOnAnyDevice)))(0) Refused(MountError::Publish(PublishError::PlacementRefused(NoFreeSlotOnAnyDevice)))(0)	Refused(PublishError::PlacementRefused(NoFreeSlotOnAnyDevice))(0)	false	Completed
P2	2	0	0	Raise(0)+Raise(13)	Refused(MountError::Publish(PublishError::PlacementRefused(NoFreeSlotOnAnyDevice)))(0) Refused(MountError::Publish(PublishError::PlacementRefused(NoFreeSlotOnAnyDevice)))(0)	Refused(PublishError::PlacementRefused(NoFreeSlotOnAnyDevice))(0)	false	Completed
P2	2	0	0	Raise(0)+Raise(21)	Refused(MountError::Publish(PublishError::PlacementRefused(NoFreeSlotOnAnyDevice)))(0) Refused(MountError::Publish(PublishError::PlacementRefused(NoFreeSlotOnAnyDevice)))(0)	Refused(PublishError::PlacementRefused(NoFreeSlotOnAnyDevice))(0)	false	Completed
P2	2	0	0	Raise(0)+Raise(34)	Refused(MountError::Publish(PublishError::PlacementRefused(NoFreeSlotOnAnyDevice)))(0) Refused(MountError::Publish(PublishError::PlacementRefused(NoFreeSlotOnAnyDevice)))(0)	Refused(PublishError::PlacementRefused(NoFreeSlotOnAnyDevice))(0)	false	Completed
P2	2	0	0	Raise(1)	Refused(MountError::Publish(PublishError::PlacementRefused(NoFreeSlotOnAnyDevice)))(0)	Refused(PublishError::PlacementRefused(NoFreeSlotOnAnyDevice))(0)	false	Completed
P2	2	0	0	Raise(1)+Overwrite	Refused(MountError::Publish(PublishError::PlacementRefused(NoFreeSlotOnAnyDevice)))(0) Refused(PublishError::PlacementRefused(NoFreeSlotOnAnyDevice))(0)	Refused(PublishError::PlacementRefused(NoFreeSlotOnAnyDevice))(0)	false	Completed
P2	2	0	0	Raise(1)+MountWritable	Refused(MountError::Publish(PublishError::PlacementRefused(NoFreeSlotOnAnyDevice)))(0) Mounted(publishes=2)(35)	Published(23)	true	Completed
P2	2	0	0	Raise(1)+ColdStartRecover	Refused(MountError::Publish(PublishError::PlacementRefused(NoFreeSlotOnAnyDevice)))(0) Recovered(0)	NotApplicable(NoWritableSession)(0)	false	Completed
P2	2	0	0	Raise(1)+Rollback(NewestFloor)	Refused(MountError::Publish(PublishError::PlacementRefused(NoFreeSlotOnAnyDevice)))(0) Mounted(publishes=2)(35)	Published(23)	true	Completed
P2	2	0	0	Raise(1)+Rollback(Ring0)	Refused(MountError::Publish(PublishError::PlacementRefused(NoFreeSlotOnAnyDevice)))(0) Mounted(publishes=2)(35)	Published(23)	true	Completed
P2	2	0	0	Raise(1)+Rollback(Ring1)	Refused(MountError::Publish(PublishError::PlacementRefused(NoFreeSlotOnAnyDevice)))(0) Mounted(publishes=2)(35)	Published(23)	true	Completed
P2	2	0	0	Raise(1)+Rollback(Ring2)	Refused(MountError::Publish(PublishError::PlacementRefused(NoFreeSlotOnAnyDevice)))(0) Mounted(publishes=2)(35)	Published(23)	true	Completed
P2	2	0	0	Raise(1)+Rollback(Ring3)	Refused(MountError::Publish(PublishError::PlacementRefused(NoFreeSlotOnAnyDevice)))(0) Mounted(publishes=2)(35)	Published(23)	true	Completed
P2	2	0	0	Raise(1)+Raise(0)	Refused(MountError::Publish(PublishError::PlacementRefused(NoFreeSlotOnAnyDevice)))(0) Refused(MountError::Publish(PublishError::PlacementRefused(NoFreeSlotOnAnyDevice)))(0)	Refused(PublishError::PlacementRefused(NoFreeSlotOnAnyDevice))(0)	false	Completed
P2	2	0	0	Raise(1)+Raise(1)	Refused(MountError::Publish(PublishError::PlacementRefused(NoFreeSlotOnAnyDevice)))(0) Refused(MountError::Publish(PublishError::PlacementRefused(NoFreeSlotOnAnyDevice)))(0)	Refused(PublishError::PlacementRefused(NoFreeSlotOnAnyDevice))(0)	false	Completed
P2	2	0	0	Raise(1)+Raise(2)	Refused(MountError::Publish(PublishError::PlacementRefused(NoFreeSlotOnAnyDevice)))(0) Refused(MountError::Publish(PublishError::PlacementRefused(NoFreeSlotOnAnyDevice)))(0)	Refused(PublishError::PlacementRefused(NoFreeSlotOnAnyDevice))(0)	false	Completed
P2	2	0	0	Raise(1)+Raise(3)	Refused(MountError::Publish(PublishError::PlacementRefused(NoFreeSlotOnAnyDevice)))(0) Refused(MountError::Publish(PublishError::PlacementRefused(NoFreeSlotOnAnyDevice)))(0)	Refused(PublishError::PlacementRefused(NoFreeSlotOnAnyDevice))(0)	false	Completed
P2	2	0	0	Raise(1)+Raise(5)	Refused(MountError::Publish(PublishError::PlacementRefused(NoFreeSlotOnAnyDevice)))(0) Refused(MountError::Publish(PublishError::PlacementRefused(NoFreeSlotOnAnyDevice)))(0)	Refused(PublishError::PlacementRefused(NoFreeSlotOnAnyDevice))(0)	false	Completed
P2	2	0	0	Raise(1)+Raise(8)	Refused(MountError::Publish(PublishError::PlacementRefused(NoFreeSlotOnAnyDevice)))(0) Refused(MountError::Publish(PublishError::PlacementRefused(NoFreeSlotOnAnyDevice)))(0)	Refused(PublishError::PlacementRefused(NoFreeSlotOnAnyDevice))(0)	false	Completed
P2	2	0	0	Raise(1)+Raise(13)	Refused(MountError::Publish(PublishError::PlacementRefused(NoFreeSlotOnAnyDevice)))(0) Refused(MountError::Publish(PublishError::PlacementRefused(NoFreeSlotOnAnyDevice)))(0)	Refused(PublishError::PlacementRefused(NoFreeSlotOnAnyDevice))(0)	false	Completed
P2	2	0	0	Raise(1)+Raise(21)	Refused(MountError::Publish(PublishError::PlacementRefused(NoFreeSlotOnAnyDevice)))(0) Refused(MountError::Publish(PublishError::PlacementRefused(NoFreeSlotOnAnyDevice)))(0)	Refused(PublishError::PlacementRefused(NoFreeSlotOnAnyDevice))(0)	false	Completed
P2	2	0	0	Raise(1)+Raise(34)	Refused(MountError::Publish(PublishError::PlacementRefused(NoFreeSlotOnAnyDevice)))(0) Refused(MountError::Publish(PublishError::PlacementRefused(NoFreeSlotOnAnyDevice)))(0)	Refused(PublishError::PlacementRefused(NoFreeSlotOnAnyDevice))(0)	false	Completed
P2	2	0	0	Raise(2)	Refused(MountError::Publish(PublishError::PlacementRefused(NoFreeSlotOnAnyDevice)))(0)	Refused(PublishError::PlacementRefused(NoFreeSlotOnAnyDevice))(0)	false	Completed
P2	2	0	0	Raise(2)+Overwrite	Refused(MountError::Publish(PublishError::PlacementRefused(NoFreeSlotOnAnyDevice)))(0) Refused(PublishError::PlacementRefused(NoFreeSlotOnAnyDevice))(0)	Refused(PublishError::PlacementRefused(NoFreeSlotOnAnyDevice))(0)	false	Completed
P2	2	0	0	Raise(2)+MountWritable	Refused(MountError::Publish(PublishError::PlacementRefused(NoFreeSlotOnAnyDevice)))(0) Mounted(publishes=2)(35)	Published(23)	true	Completed
P2	2	0	0	Raise(2)+ColdStartRecover	Refused(MountError::Publish(PublishError::PlacementRefused(NoFreeSlotOnAnyDevice)))(0) Recovered(0)	NotApplicable(NoWritableSession)(0)	false	Completed
P2	2	0	0	Raise(2)+Rollback(NewestFloor)	Refused(MountError::Publish(PublishError::PlacementRefused(NoFreeSlotOnAnyDevice)))(0) Mounted(publishes=2)(35)	Published(23)	true	Completed
P2	2	0	0	Raise(2)+Rollback(Ring0)	Refused(MountError::Publish(PublishError::PlacementRefused(NoFreeSlotOnAnyDevice)))(0) Mounted(publishes=2)(35)	Published(23)	true	Completed
P2	2	0	0	Raise(2)+Rollback(Ring1)	Refused(MountError::Publish(PublishError::PlacementRefused(NoFreeSlotOnAnyDevice)))(0) Mounted(publishes=2)(35)	Published(23)	true	Completed
P2	2	0	0	Raise(2)+Rollback(Ring2)	Refused(MountError::Publish(PublishError::PlacementRefused(NoFreeSlotOnAnyDevice)))(0) Mounted(publishes=2)(35)	Published(23)	true	Completed
P2	2	0	0	Raise(2)+Rollback(Ring3)	Refused(MountError::Publish(PublishError::PlacementRefused(NoFreeSlotOnAnyDevice)))(0) Mounted(publishes=2)(35)	Published(23)	true	Completed
P2	2	0	0	Raise(2)+Raise(0)	Refused(MountError::Publish(PublishError::PlacementRefused(NoFreeSlotOnAnyDevice)))(0) Refused(MountError::Publish(PublishError::PlacementRefused(NoFreeSlotOnAnyDevice)))(0)	Refused(PublishError::PlacementRefused(NoFreeSlotOnAnyDevice))(0)	false	Completed
P2	2	0	0	Raise(2)+Raise(1)	Refused(MountError::Publish(PublishError::PlacementRefused(NoFreeSlotOnAnyDevice)))(0) Refused(MountError::Publish(PublishError::PlacementRefused(NoFreeSlotOnAnyDevice)))(0)	Refused(PublishError::PlacementRefused(NoFreeSlotOnAnyDevice))(0)	false	Completed
P2	2	0	0	Raise(2)+Raise(2)	Refused(MountError::Publish(PublishError::PlacementRefused(NoFreeSlotOnAnyDevice)))(0) Refused(MountError::Publish(PublishError::PlacementRefused(NoFreeSlotOnAnyDevice)))(0)	Refused(PublishError::PlacementRefused(NoFreeSlotOnAnyDevice))(0)	false	Completed
P2	2	0	0	Raise(2)+Raise(3)	Refused(MountError::Publish(PublishError::PlacementRefused(NoFreeSlotOnAnyDevice)))(0) Refused(MountError::Publish(PublishError::PlacementRefused(NoFreeSlotOnAnyDevice)))(0)	Refused(PublishError::PlacementRefused(NoFreeSlotOnAnyDevice))(0)	false	Completed
P2	2	0	0	Raise(2)+Raise(5)	Refused(MountError::Publish(PublishError::PlacementRefused(NoFreeSlotOnAnyDevice)))(0) Refused(MountError::Publish(PublishError::PlacementRefused(NoFreeSlotOnAnyDevice)))(0)	Refused(PublishError::PlacementRefused(NoFreeSlotOnAnyDevice))(0)	false	Completed
P2	2	0	0	Raise(2)+Raise(8)	Refused(MountError::Publish(PublishError::PlacementRefused(NoFreeSlotOnAnyDevice)))(0) Refused(MountError::Publish(PublishError::PlacementRefused(NoFreeSlotOnAnyDevice)))(0)	Refused(PublishError::PlacementRefused(NoFreeSlotOnAnyDevice))(0)	false	Completed
P2	2	0	0	Raise(2)+Raise(13)	Refused(MountError::Publish(PublishError::PlacementRefused(NoFreeSlotOnAnyDevice)))(0) Refused(MountError::Publish(PublishError::PlacementRefused(NoFreeSlotOnAnyDevice)))(0)	Refused(PublishError::PlacementRefused(NoFreeSlotOnAnyDevice))(0)	false	Completed
P2	2	0	0	Raise(2)+Raise(21)	Refused(MountError::Publish(PublishError::PlacementRefused(NoFreeSlotOnAnyDevice)))(0) Refused(MountError::Publish(PublishError::PlacementRefused(NoFreeSlotOnAnyDevice)))(0)	Refused(PublishError::PlacementRefused(NoFreeSlotOnAnyDevice))(0)	false	Completed
P2	2	0	0	Raise(2)+Raise(34)	Refused(MountError::Publish(PublishError::PlacementRefused(NoFreeSlotOnAnyDevice)))(0) Refused(MountError::Publish(PublishError::PlacementRefused(NoFreeSlotOnAnyDevice)))(0)	Refused(PublishError::PlacementRefused(NoFreeSlotOnAnyDevice))(0)	false	Completed
P2	2	0	0	Raise(3)	Refused(MountError::Publish(PublishError::PlacementRefused(NoFreeSlotOnAnyDevice)))(0)	Refused(PublishError::PlacementRefused(NoFreeSlotOnAnyDevice))(0)	false	Completed
P2	2	0	0	Raise(3)+Overwrite	Refused(MountError::Publish(PublishError::PlacementRefused(NoFreeSlotOnAnyDevice)))(0) Refused(PublishError::PlacementRefused(NoFreeSlotOnAnyDevice))(0)	Refused(PublishError::PlacementRefused(NoFreeSlotOnAnyDevice))(0)	false	Completed
P2	2	0	0	Raise(3)+MountWritable	Refused(MountError::Publish(PublishError::PlacementRefused(NoFreeSlotOnAnyDevice)))(0) Mounted(publishes=2)(35)	Published(23)	true	Completed
P2	2	0	0	Raise(3)+ColdStartRecover	Refused(MountError::Publish(PublishError::PlacementRefused(NoFreeSlotOnAnyDevice)))(0) Recovered(0)	NotApplicable(NoWritableSession)(0)	false	Completed
P2	2	0	0	Raise(3)+Rollback(NewestFloor)	Refused(MountError::Publish(PublishError::PlacementRefused(NoFreeSlotOnAnyDevice)))(0) Mounted(publishes=2)(35)	Published(23)	true	Completed
P2	2	0	0	Raise(3)+Rollback(Ring0)	Refused(MountError::Publish(PublishError::PlacementRefused(NoFreeSlotOnAnyDevice)))(0) Mounted(publishes=2)(35)	Published(23)	true	Completed
P2	2	0	0	Raise(3)+Rollback(Ring1)	Refused(MountError::Publish(PublishError::PlacementRefused(NoFreeSlotOnAnyDevice)))(0) Mounted(publishes=2)(35)	Published(23)	true	Completed
P2	2	0	0	Raise(3)+Rollback(Ring2)	Refused(MountError::Publish(PublishError::PlacementRefused(NoFreeSlotOnAnyDevice)))(0) Mounted(publishes=2)(35)	Published(23)	true	Completed
P2	2	0	0	Raise(3)+Rollback(Ring3)	Refused(MountError::Publish(PublishError::PlacementRefused(NoFreeSlotOnAnyDevice)))(0) Mounted(publishes=2)(35)	Published(23)	true	Completed
P2	2	0	0	Raise(3)+Raise(0)	Refused(MountError::Publish(PublishError::PlacementRefused(NoFreeSlotOnAnyDevice)))(0) Refused(MountError::Publish(PublishError::PlacementRefused(NoFreeSlotOnAnyDevice)))(0)	Refused(PublishError::PlacementRefused(NoFreeSlotOnAnyDevice))(0)	false	Completed
P2	2	0	0	Raise(3)+Raise(1)	Refused(MountError::Publish(PublishError::PlacementRefused(NoFreeSlotOnAnyDevice)))(0) Refused(MountError::Publish(PublishError::PlacementRefused(NoFreeSlotOnAnyDevice)))(0)	Refused(PublishError::PlacementRefused(NoFreeSlotOnAnyDevice))(0)	false	Completed
P2	2	0	0	Raise(3)+Raise(2)	Refused(MountError::Publish(PublishError::PlacementRefused(NoFreeSlotOnAnyDevice)))(0) Refused(MountError::Publish(PublishError::PlacementRefused(NoFreeSlotOnAnyDevice)))(0)	Refused(PublishError::PlacementRefused(NoFreeSlotOnAnyDevice))(0)	false	Completed
P2	2	0	0	Raise(3)+Raise(3)	Refused(MountError::Publish(PublishError::PlacementRefused(NoFreeSlotOnAnyDevice)))(0) Refused(MountError::Publish(PublishError::PlacementRefused(NoFreeSlotOnAnyDevice)))(0)	Refused(PublishError::PlacementRefused(NoFreeSlotOnAnyDevice))(0)	false	Completed
P2	2	0	0	Raise(3)+Raise(5)	Refused(MountError::Publish(PublishError::PlacementRefused(NoFreeSlotOnAnyDevice)))(0) Refused(MountError::Publish(PublishError::PlacementRefused(NoFreeSlotOnAnyDevice)))(0)	Refused(PublishError::PlacementRefused(NoFreeSlotOnAnyDevice))(0)	false	Completed
P2	2	0	0	Raise(3)+Raise(8)	Refused(MountError::Publish(PublishError::PlacementRefused(NoFreeSlotOnAnyDevice)))(0) Refused(MountError::Publish(PublishError::PlacementRefused(NoFreeSlotOnAnyDevice)))(0)	Refused(PublishError::PlacementRefused(NoFreeSlotOnAnyDevice))(0)	false	Completed
P2	2	0	0	Raise(3)+Raise(13)	Refused(MountError::Publish(PublishError::PlacementRefused(NoFreeSlotOnAnyDevice)))(0) Refused(MountError::Publish(PublishError::PlacementRefused(NoFreeSlotOnAnyDevice)))(0)	Refused(PublishError::PlacementRefused(NoFreeSlotOnAnyDevice))(0)	false	Completed
P2	2	0	0	Raise(3)+Raise(21)	Refused(MountError::Publish(PublishError::PlacementRefused(NoFreeSlotOnAnyDevice)))(0) Refused(MountError::Publish(PublishError::PlacementRefused(NoFreeSlotOnAnyDevice)))(0)	Refused(PublishError::PlacementRefused(NoFreeSlotOnAnyDevice))(0)	false	Completed
P2	2	0	0	Raise(3)+Raise(34)	Refused(MountError::Publish(PublishError::PlacementRefused(NoFreeSlotOnAnyDevice)))(0) Refused(MountError::Publish(PublishError::PlacementRefused(NoFreeSlotOnAnyDevice)))(0)	Refused(PublishError::PlacementRefused(NoFreeSlotOnAnyDevice))(0)	false	Completed
P2	2	0	0	Raise(5)	Refused(MountError::Publish(PublishError::PlacementRefused(NoFreeSlotOnAnyDevice)))(0)	Refused(PublishError::PlacementRefused(NoFreeSlotOnAnyDevice))(0)	false	Completed
P2	2	0	0	Raise(5)+Overwrite	Refused(MountError::Publish(PublishError::PlacementRefused(NoFreeSlotOnAnyDevice)))(0) Refused(PublishError::PlacementRefused(NoFreeSlotOnAnyDevice))(0)	Refused(PublishError::PlacementRefused(NoFreeSlotOnAnyDevice))(0)	false	Completed
P2	2	0	0	Raise(5)+MountWritable	Refused(MountError::Publish(PublishError::PlacementRefused(NoFreeSlotOnAnyDevice)))(0) Mounted(publishes=2)(35)	Published(23)	true	Completed
P2	2	0	0	Raise(5)+ColdStartRecover	Refused(MountError::Publish(PublishError::PlacementRefused(NoFreeSlotOnAnyDevice)))(0) Recovered(0)	NotApplicable(NoWritableSession)(0)	false	Completed
P2	2	0	0	Raise(5)+Rollback(NewestFloor)	Refused(MountError::Publish(PublishError::PlacementRefused(NoFreeSlotOnAnyDevice)))(0) Mounted(publishes=2)(35)	Published(23)	true	Completed
P2	2	0	0	Raise(5)+Rollback(Ring0)	Refused(MountError::Publish(PublishError::PlacementRefused(NoFreeSlotOnAnyDevice)))(0) Mounted(publishes=2)(35)	Published(23)	true	Completed
P2	2	0	0	Raise(5)+Rollback(Ring1)	Refused(MountError::Publish(PublishError::PlacementRefused(NoFreeSlotOnAnyDevice)))(0) Mounted(publishes=2)(35)	Published(23)	true	Completed
P2	2	0	0	Raise(5)+Rollback(Ring2)	Refused(MountError::Publish(PublishError::PlacementRefused(NoFreeSlotOnAnyDevice)))(0) Mounted(publishes=2)(35)	Published(23)	true	Completed
P2	2	0	0	Raise(5)+Rollback(Ring3)	Refused(MountError::Publish(PublishError::PlacementRefused(NoFreeSlotOnAnyDevice)))(0) Mounted(publishes=2)(35)	Published(23)	true	Completed
P2	2	0	0	Raise(5)+Raise(0)	Refused(MountError::Publish(PublishError::PlacementRefused(NoFreeSlotOnAnyDevice)))(0) Refused(MountError::Publish(PublishError::PlacementRefused(NoFreeSlotOnAnyDevice)))(0)	Refused(PublishError::PlacementRefused(NoFreeSlotOnAnyDevice))(0)	false	Completed
P2	2	0	0	Raise(5)+Raise(1)	Refused(MountError::Publish(PublishError::PlacementRefused(NoFreeSlotOnAnyDevice)))(0) Refused(MountError::Publish(PublishError::PlacementRefused(NoFreeSlotOnAnyDevice)))(0)	Refused(PublishError::PlacementRefused(NoFreeSlotOnAnyDevice))(0)	false	Completed
P2	2	0	0	Raise(5)+Raise(2)	Refused(MountError::Publish(PublishError::PlacementRefused(NoFreeSlotOnAnyDevice)))(0) Refused(MountError::Publish(PublishError::PlacementRefused(NoFreeSlotOnAnyDevice)))(0)	Refused(PublishError::PlacementRefused(NoFreeSlotOnAnyDevice))(0)	false	Completed
P2	2	0	0	Raise(5)+Raise(3)	Refused(MountError::Publish(PublishError::PlacementRefused(NoFreeSlotOnAnyDevice)))(0) Refused(MountError::Publish(PublishError::PlacementRefused(NoFreeSlotOnAnyDevice)))(0)	Refused(PublishError::PlacementRefused(NoFreeSlotOnAnyDevice))(0)	false	Completed
P2	2	0	0	Raise(5)+Raise(5)	Refused(MountError::Publish(PublishError::PlacementRefused(NoFreeSlotOnAnyDevice)))(0) Refused(MountError::Publish(PublishError::PlacementRefused(NoFreeSlotOnAnyDevice)))(0)	Refused(PublishError::PlacementRefused(NoFreeSlotOnAnyDevice))(0)	false	Completed
P2	2	0	0	Raise(5)+Raise(8)	Refused(MountError::Publish(PublishError::PlacementRefused(NoFreeSlotOnAnyDevice)))(0) Refused(MountError::Publish(PublishError::PlacementRefused(NoFreeSlotOnAnyDevice)))(0)	Refused(PublishError::PlacementRefused(NoFreeSlotOnAnyDevice))(0)	false	Completed
P2	2	0	0	Raise(5)+Raise(13)	Refused(MountError::Publish(PublishError::PlacementRefused(NoFreeSlotOnAnyDevice)))(0) Refused(MountError::Publish(PublishError::PlacementRefused(NoFreeSlotOnAnyDevice)))(0)	Refused(PublishError::PlacementRefused(NoFreeSlotOnAnyDevice))(0)	false	Completed
P2	2	0	0	Raise(5)+Raise(21)	Refused(MountError::Publish(PublishError::PlacementRefused(NoFreeSlotOnAnyDevice)))(0) Refused(MountError::Publish(PublishError::PlacementRefused(NoFreeSlotOnAnyDevice)))(0)	Refused(PublishError::PlacementRefused(NoFreeSlotOnAnyDevice))(0)	false	Completed
P2	2	0	0	Raise(5)+Raise(34)	Refused(MountError::Publish(PublishError::PlacementRefused(NoFreeSlotOnAnyDevice)))(0) Refused(MountError::Publish(PublishError::PlacementRefused(NoFreeSlotOnAnyDevice)))(0)	Refused(PublishError::PlacementRefused(NoFreeSlotOnAnyDevice))(0)	false	Completed
P2	2	0	0	Raise(8)	Refused(MountError::Publish(PublishError::PlacementRefused(NoFreeSlotOnAnyDevice)))(0)	Refused(PublishError::PlacementRefused(NoFreeSlotOnAnyDevice))(0)	false	Completed
P2	2	0	0	Raise(8)+Overwrite	Refused(MountError::Publish(PublishError::PlacementRefused(NoFreeSlotOnAnyDevice)))(0) Refused(PublishError::PlacementRefused(NoFreeSlotOnAnyDevice))(0)	Refused(PublishError::PlacementRefused(NoFreeSlotOnAnyDevice))(0)	false	Completed
P2	2	0	0	Raise(8)+MountWritable	Refused(MountError::Publish(PublishError::PlacementRefused(NoFreeSlotOnAnyDevice)))(0) Mounted(publishes=2)(35)	Published(23)	true	Completed
P2	2	0	0	Raise(8)+ColdStartRecover	Refused(MountError::Publish(PublishError::PlacementRefused(NoFreeSlotOnAnyDevice)))(0) Recovered(0)	NotApplicable(NoWritableSession)(0)	false	Completed
P2	2	0	0	Raise(8)+Rollback(NewestFloor)	Refused(MountError::Publish(PublishError::PlacementRefused(NoFreeSlotOnAnyDevice)))(0) Mounted(publishes=2)(35)	Published(23)	true	Completed
P2	2	0	0	Raise(8)+Rollback(Ring0)	Refused(MountError::Publish(PublishError::PlacementRefused(NoFreeSlotOnAnyDevice)))(0) Mounted(publishes=2)(35)	Published(23)	true	Completed
P2	2	0	0	Raise(8)+Rollback(Ring1)	Refused(MountError::Publish(PublishError::PlacementRefused(NoFreeSlotOnAnyDevice)))(0) Mounted(publishes=2)(35)	Published(23)	true	Completed
P2	2	0	0	Raise(8)+Rollback(Ring2)	Refused(MountError::Publish(PublishError::PlacementRefused(NoFreeSlotOnAnyDevice)))(0) Mounted(publishes=2)(35)	Published(23)	true	Completed
P2	2	0	0	Raise(8)+Rollback(Ring3)	Refused(MountError::Publish(PublishError::PlacementRefused(NoFreeSlotOnAnyDevice)))(0) Mounted(publishes=2)(35)	Published(23)	true	Completed
P2	2	0	0	Raise(8)+Raise(0)	Refused(MountError::Publish(PublishError::PlacementRefused(NoFreeSlotOnAnyDevice)))(0) Refused(MountError::Publish(PublishError::PlacementRefused(NoFreeSlotOnAnyDevice)))(0)	Refused(PublishError::PlacementRefused(NoFreeSlotOnAnyDevice))(0)	false	Completed
P2	2	0	0	Raise(8)+Raise(1)	Refused(MountError::Publish(PublishError::PlacementRefused(NoFreeSlotOnAnyDevice)))(0) Refused(MountError::Publish(PublishError::PlacementRefused(NoFreeSlotOnAnyDevice)))(0)	Refused(PublishError::PlacementRefused(NoFreeSlotOnAnyDevice))(0)	false	Completed
P2	2	0	0	Raise(8)+Raise(2)	Refused(MountError::Publish(PublishError::PlacementRefused(NoFreeSlotOnAnyDevice)))(0) Refused(MountError::Publish(PublishError::PlacementRefused(NoFreeSlotOnAnyDevice)))(0)	Refused(PublishError::PlacementRefused(NoFreeSlotOnAnyDevice))(0)	false	Completed
P2	2	0	0	Raise(8)+Raise(3)	Refused(MountError::Publish(PublishError::PlacementRefused(NoFreeSlotOnAnyDevice)))(0) Refused(MountError::Publish(PublishError::PlacementRefused(NoFreeSlotOnAnyDevice)))(0)	Refused(PublishError::PlacementRefused(NoFreeSlotOnAnyDevice))(0)	false	Completed
P2	2	0	0	Raise(8)+Raise(5)	Refused(MountError::Publish(PublishError::PlacementRefused(NoFreeSlotOnAnyDevice)))(0) Refused(MountError::Publish(PublishError::PlacementRefused(NoFreeSlotOnAnyDevice)))(0)	Refused(PublishError::PlacementRefused(NoFreeSlotOnAnyDevice))(0)	false	Completed
P2	2	0	0	Raise(8)+Raise(8)	Refused(MountError::Publish(PublishError::PlacementRefused(NoFreeSlotOnAnyDevice)))(0) Refused(MountError::Publish(PublishError::PlacementRefused(NoFreeSlotOnAnyDevice)))(0)	Refused(PublishError::PlacementRefused(NoFreeSlotOnAnyDevice))(0)	false	Completed
P2	2	0	0	Raise(8)+Raise(13)	Refused(MountError::Publish(PublishError::PlacementRefused(NoFreeSlotOnAnyDevice)))(0) Refused(MountError::Publish(PublishError::PlacementRefused(NoFreeSlotOnAnyDevice)))(0)	Refused(PublishError::PlacementRefused(NoFreeSlotOnAnyDevice))(0)	false	Completed
P2	2	0	0	Raise(8)+Raise(21)	Refused(MountError::Publish(PublishError::PlacementRefused(NoFreeSlotOnAnyDevice)))(0) Refused(MountError::Publish(PublishError::PlacementRefused(NoFreeSlotOnAnyDevice)))(0)	Refused(PublishError::PlacementRefused(NoFreeSlotOnAnyDevice))(0)	false	Completed
P2	2	0	0	Raise(8)+Raise(34)	Refused(MountError::Publish(PublishError::PlacementRefused(NoFreeSlotOnAnyDevice)))(0) Refused(MountError::Publish(PublishError::PlacementRefused(NoFreeSlotOnAnyDevice)))(0)	Refused(PublishError::PlacementRefused(NoFreeSlotOnAnyDevice))(0)	false	Completed
P2	2	0	0	Raise(13)	Refused(MountError::Publish(PublishError::PlacementRefused(NoFreeSlotOnAnyDevice)))(0)	Refused(PublishError::PlacementRefused(NoFreeSlotOnAnyDevice))(0)	false	Completed
P2	2	0	0	Raise(13)+Overwrite	Refused(MountError::Publish(PublishError::PlacementRefused(NoFreeSlotOnAnyDevice)))(0) Refused(PublishError::PlacementRefused(NoFreeSlotOnAnyDevice))(0)	Refused(PublishError::PlacementRefused(NoFreeSlotOnAnyDevice))(0)	false	Completed
P2	2	0	0	Raise(13)+MountWritable	Refused(MountError::Publish(PublishError::PlacementRefused(NoFreeSlotOnAnyDevice)))(0) Mounted(publishes=2)(35)	Published(23)	true	Completed
P2	2	0	0	Raise(13)+ColdStartRecover	Refused(MountError::Publish(PublishError::PlacementRefused(NoFreeSlotOnAnyDevice)))(0) Recovered(0)	NotApplicable(NoWritableSession)(0)	false	Completed
P2	2	0	0	Raise(13)+Rollback(NewestFloor)	Refused(MountError::Publish(PublishError::PlacementRefused(NoFreeSlotOnAnyDevice)))(0) Mounted(publishes=2)(35)	Published(23)	true	Completed
P2	2	0	0	Raise(13)+Rollback(Ring0)	Refused(MountError::Publish(PublishError::PlacementRefused(NoFreeSlotOnAnyDevice)))(0) Mounted(publishes=2)(35)	Published(23)	true	Completed
P2	2	0	0	Raise(13)+Rollback(Ring1)	Refused(MountError::Publish(PublishError::PlacementRefused(NoFreeSlotOnAnyDevice)))(0) Mounted(publishes=2)(35)	Published(23)	true	Completed
P2	2	0	0	Raise(13)+Rollback(Ring2)	Refused(MountError::Publish(PublishError::PlacementRefused(NoFreeSlotOnAnyDevice)))(0) Mounted(publishes=2)(35)	Published(23)	true	Completed
P2	2	0	0	Raise(13)+Rollback(Ring3)	Refused(MountError::Publish(PublishError::PlacementRefused(NoFreeSlotOnAnyDevice)))(0) Mounted(publishes=2)(35)	Published(23)	true	Completed
P2	2	0	0	Raise(13)+Raise(0)	Refused(MountError::Publish(PublishError::PlacementRefused(NoFreeSlotOnAnyDevice)))(0) Refused(MountError::Publish(PublishError::PlacementRefused(NoFreeSlotOnAnyDevice)))(0)	Refused(PublishError::PlacementRefused(NoFreeSlotOnAnyDevice))(0)	false	Completed
P2	2	0	0	Raise(13)+Raise(1)	Refused(MountError::Publish(PublishError::PlacementRefused(NoFreeSlotOnAnyDevice)))(0) Refused(MountError::Publish(PublishError::PlacementRefused(NoFreeSlotOnAnyDevice)))(0)	Refused(PublishError::PlacementRefused(NoFreeSlotOnAnyDevice))(0)	false	Completed
P2	2	0	0	Raise(13)+Raise(2)	Refused(MountError::Publish(PublishError::PlacementRefused(NoFreeSlotOnAnyDevice)))(0) Refused(MountError::Publish(PublishError::PlacementRefused(NoFreeSlotOnAnyDevice)))(0)	Refused(PublishError::PlacementRefused(NoFreeSlotOnAnyDevice))(0)	false	Completed
P2	2	0	0	Raise(13)+Raise(3)	Refused(MountError::Publish(PublishError::PlacementRefused(NoFreeSlotOnAnyDevice)))(0) Refused(MountError::Publish(PublishError::PlacementRefused(NoFreeSlotOnAnyDevice)))(0)	Refused(PublishError::PlacementRefused(NoFreeSlotOnAnyDevice))(0)	false	Completed
P2	2	0	0	Raise(13)+Raise(5)	Refused(MountError::Publish(PublishError::PlacementRefused(NoFreeSlotOnAnyDevice)))(0) Refused(MountError::Publish(PublishError::PlacementRefused(NoFreeSlotOnAnyDevice)))(0)	Refused(PublishError::PlacementRefused(NoFreeSlotOnAnyDevice))(0)	false	Completed
P2	2	0	0	Raise(13)+Raise(8)	Refused(MountError::Publish(PublishError::PlacementRefused(NoFreeSlotOnAnyDevice)))(0) Refused(MountError::Publish(PublishError::PlacementRefused(NoFreeSlotOnAnyDevice)))(0)	Refused(PublishError::PlacementRefused(NoFreeSlotOnAnyDevice))(0)	false	Completed
P2	2	0	0	Raise(13)+Raise(13)	Refused(MountError::Publish(PublishError::PlacementRefused(NoFreeSlotOnAnyDevice)))(0) Refused(MountError::Publish(PublishError::PlacementRefused(NoFreeSlotOnAnyDevice)))(0)	Refused(PublishError::PlacementRefused(NoFreeSlotOnAnyDevice))(0)	false	Completed
P2	2	0	0	Raise(13)+Raise(21)	Refused(MountError::Publish(PublishError::PlacementRefused(NoFreeSlotOnAnyDevice)))(0) Refused(MountError::Publish(PublishError::PlacementRefused(NoFreeSlotOnAnyDevice)))(0)	Refused(PublishError::PlacementRefused(NoFreeSlotOnAnyDevice))(0)	false	Completed
P2	2	0	0	Raise(13)+Raise(34)	Refused(MountError::Publish(PublishError::PlacementRefused(NoFreeSlotOnAnyDevice)))(0) Refused(MountError::Publish(PublishError::PlacementRefused(NoFreeSlotOnAnyDevice)))(0)	Refused(PublishError::PlacementRefused(NoFreeSlotOnAnyDevice))(0)	false	Completed
P2	2	0	0	Raise(21)	Refused(MountError::Publish(PublishError::PlacementRefused(NoFreeSlotOnAnyDevice)))(0)	Refused(PublishError::PlacementRefused(NoFreeSlotOnAnyDevice))(0)	false	Completed
P2	2	0	0	Raise(21)+Overwrite	Refused(MountError::Publish(PublishError::PlacementRefused(NoFreeSlotOnAnyDevice)))(0) Refused(PublishError::PlacementRefused(NoFreeSlotOnAnyDevice))(0)	Refused(PublishError::PlacementRefused(NoFreeSlotOnAnyDevice))(0)	false	Completed
P2	2	0	0	Raise(21)+MountWritable	Refused(MountError::Publish(PublishError::PlacementRefused(NoFreeSlotOnAnyDevice)))(0) Mounted(publishes=2)(35)	Published(23)	true	Completed
P2	2	0	0	Raise(21)+ColdStartRecover	Refused(MountError::Publish(PublishError::PlacementRefused(NoFreeSlotOnAnyDevice)))(0) Recovered(0)	NotApplicable(NoWritableSession)(0)	false	Completed
P2	2	0	0	Raise(21)+Rollback(NewestFloor)	Refused(MountError::Publish(PublishError::PlacementRefused(NoFreeSlotOnAnyDevice)))(0) Mounted(publishes=2)(35)	Published(23)	true	Completed
P2	2	0	0	Raise(21)+Rollback(Ring0)	Refused(MountError::Publish(PublishError::PlacementRefused(NoFreeSlotOnAnyDevice)))(0) Mounted(publishes=2)(35)	Published(23)	true	Completed
P2	2	0	0	Raise(21)+Rollback(Ring1)	Refused(MountError::Publish(PublishError::PlacementRefused(NoFreeSlotOnAnyDevice)))(0) Mounted(publishes=2)(35)	Published(23)	true	Completed
P2	2	0	0	Raise(21)+Rollback(Ring2)	Refused(MountError::Publish(PublishError::PlacementRefused(NoFreeSlotOnAnyDevice)))(0) Mounted(publishes=2)(35)	Published(23)	true	Completed
P2	2	0	0	Raise(21)+Rollback(Ring3)	Refused(MountError::Publish(PublishError::PlacementRefused(NoFreeSlotOnAnyDevice)))(0) Mounted(publishes=2)(35)	Published(23)	true	Completed
P2	2	0	0	Raise(21)+Raise(0)	Refused(MountError::Publish(PublishError::PlacementRefused(NoFreeSlotOnAnyDevice)))(0) Refused(MountError::Publish(PublishError::PlacementRefused(NoFreeSlotOnAnyDevice)))(0)	Refused(PublishError::PlacementRefused(NoFreeSlotOnAnyDevice))(0)	false	Completed
P2	2	0	0	Raise(21)+Raise(1)	Refused(MountError::Publish(PublishError::PlacementRefused(NoFreeSlotOnAnyDevice)))(0) Refused(MountError::Publish(PublishError::PlacementRefused(NoFreeSlotOnAnyDevice)))(0)	Refused(PublishError::PlacementRefused(NoFreeSlotOnAnyDevice))(0)	false	Completed
P2	2	0	0	Raise(21)+Raise(2)	Refused(MountError::Publish(PublishError::PlacementRefused(NoFreeSlotOnAnyDevice)))(0) Refused(MountError::Publish(PublishError::PlacementRefused(NoFreeSlotOnAnyDevice)))(0)	Refused(PublishError::PlacementRefused(NoFreeSlotOnAnyDevice))(0)	false	Completed
P2	2	0	0	Raise(21)+Raise(3)	Refused(MountError::Publish(PublishError::PlacementRefused(NoFreeSlotOnAnyDevice)))(0) Refused(MountError::Publish(PublishError::PlacementRefused(NoFreeSlotOnAnyDevice)))(0)	Refused(PublishError::PlacementRefused(NoFreeSlotOnAnyDevice))(0)	false	Completed
P2	2	0	0	Raise(21)+Raise(5)	Refused(MountError::Publish(PublishError::PlacementRefused(NoFreeSlotOnAnyDevice)))(0) Refused(MountError::Publish(PublishError::PlacementRefused(NoFreeSlotOnAnyDevice)))(0)	Refused(PublishError::PlacementRefused(NoFreeSlotOnAnyDevice))(0)	false	Completed
P2	2	0	0	Raise(21)+Raise(8)	Refused(MountError::Publish(PublishError::PlacementRefused(NoFreeSlotOnAnyDevice)))(0) Refused(MountError::Publish(PublishError::PlacementRefused(NoFreeSlotOnAnyDevice)))(0)	Refused(PublishError::PlacementRefused(NoFreeSlotOnAnyDevice))(0)	false	Completed
P2	2	0	0	Raise(21)+Raise(13)	Refused(MountError::Publish(PublishError::PlacementRefused(NoFreeSlotOnAnyDevice)))(0) Refused(MountError::Publish(PublishError::PlacementRefused(NoFreeSlotOnAnyDevice)))(0)	Refused(PublishError::PlacementRefused(NoFreeSlotOnAnyDevice))(0)	false	Completed
P2	2	0	0	Raise(21)+Raise(21)	Refused(MountError::Publish(PublishError::PlacementRefused(NoFreeSlotOnAnyDevice)))(0) Refused(MountError::Publish(PublishError::PlacementRefused(NoFreeSlotOnAnyDevice)))(0)	Refused(PublishError::PlacementRefused(NoFreeSlotOnAnyDevice))(0)	false	Completed
P2	2	0	0	Raise(21)+Raise(34)	Refused(MountError::Publish(PublishError::PlacementRefused(NoFreeSlotOnAnyDevice)))(0) Refused(MountError::Publish(PublishError::PlacementRefused(NoFreeSlotOnAnyDevice)))(0)	Refused(PublishError::PlacementRefused(NoFreeSlotOnAnyDevice))(0)	false	Completed
P2	2	0	0	Raise(34)	Refused(MountError::Publish(PublishError::PlacementRefused(NoFreeSlotOnAnyDevice)))(0)	Refused(PublishError::PlacementRefused(NoFreeSlotOnAnyDevice))(0)	false	Completed
P2	2	0	0	Raise(34)+Overwrite	Refused(MountError::Publish(PublishError::PlacementRefused(NoFreeSlotOnAnyDevice)))(0) Refused(PublishError::PlacementRefused(NoFreeSlotOnAnyDevice))(0)	Refused(PublishError::PlacementRefused(NoFreeSlotOnAnyDevice))(0)	false	Completed
P2	2	0	0	Raise(34)+MountWritable	Refused(MountError::Publish(PublishError::PlacementRefused(NoFreeSlotOnAnyDevice)))(0) Mounted(publishes=2)(35)	Published(23)	true	Completed
P2	2	0	0	Raise(34)+ColdStartRecover	Refused(MountError::Publish(PublishError::PlacementRefused(NoFreeSlotOnAnyDevice)))(0) Recovered(0)	NotApplicable(NoWritableSession)(0)	false	Completed
P2	2	0	0	Raise(34)+Rollback(NewestFloor)	Refused(MountError::Publish(PublishError::PlacementRefused(NoFreeSlotOnAnyDevice)))(0) Mounted(publishes=2)(35)	Published(23)	true	Completed
P2	2	0	0	Raise(34)+Rollback(Ring0)	Refused(MountError::Publish(PublishError::PlacementRefused(NoFreeSlotOnAnyDevice)))(0) Mounted(publishes=2)(35)	Published(23)	true	Completed
P2	2	0	0	Raise(34)+Rollback(Ring1)	Refused(MountError::Publish(PublishError::PlacementRefused(NoFreeSlotOnAnyDevice)))(0) Mounted(publishes=2)(35)	Published(23)	true	Completed
P2	2	0	0	Raise(34)+Rollback(Ring2)	Refused(MountError::Publish(PublishError::PlacementRefused(NoFreeSlotOnAnyDevice)))(0) Mounted(publishes=2)(35)	Published(23)	true	Completed
P2	2	0	0	Raise(34)+Rollback(Ring3)	Refused(MountError::Publish(PublishError::PlacementRefused(NoFreeSlotOnAnyDevice)))(0) Mounted(publishes=2)(35)	Published(23)	true	Completed
P2	2	0	0	Raise(34)+Raise(0)	Refused(MountError::Publish(PublishError::PlacementRefused(NoFreeSlotOnAnyDevice)))(0) Refused(MountError::Publish(PublishError::PlacementRefused(NoFreeSlotOnAnyDevice)))(0)	Refused(PublishError::PlacementRefused(NoFreeSlotOnAnyDevice))(0)	false	Completed
P2	2	0	0	Raise(34)+Raise(1)	Refused(MountError::Publish(PublishError::PlacementRefused(NoFreeSlotOnAnyDevice)))(0) Refused(MountError::Publish(PublishError::PlacementRefused(NoFreeSlotOnAnyDevice)))(0)	Refused(PublishError::PlacementRefused(NoFreeSlotOnAnyDevice))(0)	false	Completed
P2	2	0	0	Raise(34)+Raise(2)	Refused(MountError::Publish(PublishError::PlacementRefused(NoFreeSlotOnAnyDevice)))(0) Refused(MountError::Publish(PublishError::PlacementRefused(NoFreeSlotOnAnyDevice)))(0)	Refused(PublishError::PlacementRefused(NoFreeSlotOnAnyDevice))(0)	false	Completed
P2	2	0	0	Raise(34)+Raise(3)	Refused(MountError::Publish(PublishError::PlacementRefused(NoFreeSlotOnAnyDevice)))(0) Refused(MountError::Publish(PublishError::PlacementRefused(NoFreeSlotOnAnyDevice)))(0)	Refused(PublishError::PlacementRefused(NoFreeSlotOnAnyDevice))(0)	false	Completed
P2	2	0	0	Raise(34)+Raise(5)	Refused(MountError::Publish(PublishError::PlacementRefused(NoFreeSlotOnAnyDevice)))(0) Refused(MountError::Publish(PublishError::PlacementRefused(NoFreeSlotOnAnyDevice)))(0)	Refused(PublishError::PlacementRefused(NoFreeSlotOnAnyDevice))(0)	false	Completed
P2	2	0	0	Raise(34)+Raise(8)	Refused(MountError::Publish(PublishError::PlacementRefused(NoFreeSlotOnAnyDevice)))(0) Refused(MountError::Publish(PublishError::PlacementRefused(NoFreeSlotOnAnyDevice)))(0)	Refused(PublishError::PlacementRefused(NoFreeSlotOnAnyDevice))(0)	false	Completed
P2	2	0	0	Raise(34)+Raise(13)	Refused(MountError::Publish(PublishError::PlacementRefused(NoFreeSlotOnAnyDevice)))(0) Refused(MountError::Publish(PublishError::PlacementRefused(NoFreeSlotOnAnyDevice)))(0)	Refused(PublishError::PlacementRefused(NoFreeSlotOnAnyDevice))(0)	false	Completed
P2	2	0	0	Raise(34)+Raise(21)	Refused(MountError::Publish(PublishError::PlacementRefused(NoFreeSlotOnAnyDevice)))(0) Refused(MountError::Publish(PublishError::PlacementRefused(NoFreeSlotOnAnyDevice)))(0)	Refused(PublishError::PlacementRefused(NoFreeSlotOnAnyDevice))(0)	false	Completed
P2	2	0	0	Raise(34)+Raise(34)	Refused(MountError::Publish(PublishError::PlacementRefused(NoFreeSlotOnAnyDevice)))(0) Refused(MountError::Publish(PublishError::PlacementRefused(NoFreeSlotOnAnyDevice)))(0)	Refused(PublishError::PlacementRefused(NoFreeSlotOnAnyDevice))(0)	false	Completed
P2	2	1	0	Overwrite	Refused(PublishError::PlacementRefused(NoFreeSlotOnAnyDevice))(0)	Refused(PublishError::PlacementRefused(NoFreeSlotOnAnyDevice))(0)	false	Completed
P2	2	1	0	Overwrite+Overwrite	Refused(PublishError::PlacementRefused(NoFreeSlotOnAnyDevice))(0) Refused(PublishError::PlacementRefused(NoFreeSlotOnAnyDevice))(0)	Refused(PublishError::PlacementRefused(NoFreeSlotOnAnyDevice))(0)	false	Completed
P2	2	1	0	Overwrite+MountWritable	Refused(PublishError::PlacementRefused(NoFreeSlotOnAnyDevice))(0) Mounted(publishes=2)(35)	Published(23)	true	Completed
P2	2	1	0	Overwrite+ColdStartRecover	Refused(PublishError::PlacementRefused(NoFreeSlotOnAnyDevice))(0) Recovered(0)	NotApplicable(NoWritableSession)(0)	false	Completed
P2	2	1	0	Overwrite+Rollback(NewestFloor)	Refused(PublishError::PlacementRefused(NoFreeSlotOnAnyDevice))(0) Mounted(publishes=2)(35)	Published(23)	true	Completed
P2	2	1	0	Overwrite+Rollback(Ring0)	Refused(PublishError::PlacementRefused(NoFreeSlotOnAnyDevice))(0) Mounted(publishes=2)(35)	Published(23)	true	Completed
P2	2	1	0	Overwrite+Rollback(Ring1)	Refused(PublishError::PlacementRefused(NoFreeSlotOnAnyDevice))(0) Mounted(publishes=2)(35)	Published(23)	true	Completed
P2	2	1	0	Overwrite+Rollback(Ring2)	Refused(PublishError::PlacementRefused(NoFreeSlotOnAnyDevice))(0) Mounted(publishes=2)(35)	Published(23)	true	Completed
P2	2	1	0	Overwrite+Rollback(Ring3)	Refused(PublishError::PlacementRefused(NoFreeSlotOnAnyDevice))(0) Mounted(publishes=2)(35)	Published(23)	true	Completed
P2	2	1	0	Overwrite+Raise(0)	Refused(PublishError::PlacementRefused(NoFreeSlotOnAnyDevice))(0) Refused(MountError::Publish(PublishError::PlacementRefused(NoFreeSlotOnAnyDevice)))(0)	Refused(PublishError::PlacementRefused(NoFreeSlotOnAnyDevice))(0)	false	Completed
P2	2	1	0	Overwrite+Raise(1)	Refused(PublishError::PlacementRefused(NoFreeSlotOnAnyDevice))(0) Refused(MountError::Publish(PublishError::PlacementRefused(NoFreeSlotOnAnyDevice)))(0)	Refused(PublishError::PlacementRefused(NoFreeSlotOnAnyDevice))(0)	false	Completed
P2	2	1	0	Overwrite+Raise(2)	Refused(PublishError::PlacementRefused(NoFreeSlotOnAnyDevice))(0) Refused(MountError::Publish(PublishError::PlacementRefused(NoFreeSlotOnAnyDevice)))(0)	Refused(PublishError::PlacementRefused(NoFreeSlotOnAnyDevice))(0)	false	Completed
P2	2	1	0	Overwrite+Raise(3)	Refused(PublishError::PlacementRefused(NoFreeSlotOnAnyDevice))(0) Refused(MountError::Publish(PublishError::PlacementRefused(NoFreeSlotOnAnyDevice)))(0)	Refused(PublishError::PlacementRefused(NoFreeSlotOnAnyDevice))(0)	false	Completed
P2	2	1	0	Overwrite+Raise(5)	Refused(PublishError::PlacementRefused(NoFreeSlotOnAnyDevice))(0) Refused(MountError::Publish(PublishError::PlacementRefused(NoFreeSlotOnAnyDevice)))(0)	Refused(PublishError::PlacementRefused(NoFreeSlotOnAnyDevice))(0)	false	Completed
P2	2	1	0	Overwrite+Raise(8)	Refused(PublishError::PlacementRefused(NoFreeSlotOnAnyDevice))(0) Refused(MountError::Publish(PublishError::PlacementRefused(NoFreeSlotOnAnyDevice)))(0)	Refused(PublishError::PlacementRefused(NoFreeSlotOnAnyDevice))(0)	false	Completed
P2	2	1	0	Overwrite+Raise(13)	Refused(PublishError::PlacementRefused(NoFreeSlotOnAnyDevice))(0) Refused(MountError::Publish(PublishError::PlacementRefused(NoFreeSlotOnAnyDevice)))(0)	Refused(PublishError::PlacementRefused(NoFreeSlotOnAnyDevice))(0)	false	Completed
P2	2	1	0	Overwrite+Raise(21)	Refused(PublishError::PlacementRefused(NoFreeSlotOnAnyDevice))(0) Refused(MountError::Publish(PublishError::PlacementRefused(NoFreeSlotOnAnyDevice)))(0)	Refused(PublishError::PlacementRefused(NoFreeSlotOnAnyDevice))(0)	false	Completed
P2	2	1	0	Overwrite+Raise(34)	Refused(PublishError::PlacementRefused(NoFreeSlotOnAnyDevice))(0) Refused(MountError::Publish(PublishError::PlacementRefused(NoFreeSlotOnAnyDevice)))(0)	Refused(PublishError::PlacementRefused(NoFreeSlotOnAnyDevice))(0)	false	Completed
P2	2	1	0	MountWritable	Mounted(publishes=2)(35)	Published(23)	true	Completed
P2	2	1	0	MountWritable+Overwrite	Mounted(publishes=2)(35) Published(23)	Published(23)	true	Completed
P2	2	1	0	MountWritable+MountWritable	Mounted(publishes=2)(35) Mounted(publishes=2)(35)	Published(23)	true	Completed
P2	2	1	0	MountWritable+ColdStartRecover	Mounted(publishes=2)(35) Recovered(0)	NotApplicable(NoWritableSession)(0)	false	Completed
P2	2	1	0	MountWritable+Rollback(NewestFloor)	Mounted(publishes=2)(35) Mounted(publishes=2)(35)	Published(23)	true	Completed
P2	2	1	0	MountWritable+Rollback(Ring0)	Mounted(publishes=2)(35) Mounted(publishes=2)(35)	Published(23)	true	Completed
P2	2	1	0	MountWritable+Rollback(Ring1)	Mounted(publishes=2)(35) Mounted(publishes=2)(35)	Published(23)	true	Completed
P2	2	1	0	MountWritable+Rollback(Ring2)	Mounted(publishes=2)(35) Mounted(publishes=2)(35)	Published(23)	true	Completed
P2	2	1	0	MountWritable+Rollback(Ring3)	Mounted(publishes=2)(35) Mounted(publishes=2)(35)	Published(23)	true	Completed
P2	2	1	0	MountWritable+Raise(0)	Mounted(publishes=2)(35) RaisedFloor(F=0,publishes=2)(30)	Published(23)	true	Completed
P2	2	1	0	MountWritable+Raise(1)	Mounted(publishes=2)(35) RaisedFloor(F=1,publishes=2)(30)	Published(23)	true	Completed
P2	2	1	0	MountWritable+Raise(2)	Mounted(publishes=2)(35) RaisedFloor(F=2,publishes=2)(30)	Published(23)	true	Completed
P2	2	1	0	MountWritable+Raise(3)	Mounted(publishes=2)(35) RaisedFloor(F=3,publishes=2)(30)	Published(23)	true	Completed
P2	2	1	0	MountWritable+Raise(5)	Mounted(publishes=2)(35) RaisedFloor(F=5,publishes=2)(30)	Published(23)	true	Completed
P2	2	1	0	MountWritable+Raise(8)	Mounted(publishes=2)(35) RaisedFloor(F=8,publishes=2)(30)	Published(23)	true	Completed
P2	2	1	0	MountWritable+Raise(13)	Mounted(publishes=2)(35) RaisedFloor(F=13,publishes=2)(30)	Published(23)	true	Completed
P2	2	1	0	MountWritable+Raise(21)	Mounted(publishes=2)(35) RaisedFloor(F=21,publishes=2)(30)	Published(23)	true	Completed
P2	2	1	0	MountWritable+Raise(34)	Mounted(publishes=2)(35) RaisedFloor(F=34,publishes=2)(30)	Published(23)	true	Completed
P2	2	1	0	ColdStartRecover	Recovered(0)	NotApplicable(NoWritableSession)(0)	false	Completed
P2	2	1	0	ColdStartRecover+Overwrite	Recovered(0) NotApplicable(NoWritableSession)(0)	NotApplicable(NoWritableSession)(0)	false	Completed
P2	2	1	0	ColdStartRecover+MountWritable	Recovered(0) Mounted(publishes=2)(35)	Published(23)	true	Completed
P2	2	1	0	ColdStartRecover+ColdStartRecover	Recovered(0) Recovered(0)	NotApplicable(NoWritableSession)(0)	false	Completed
P2	2	1	0	ColdStartRecover+Rollback(NewestFloor)	Recovered(0) Mounted(publishes=2)(35)	Published(23)	true	Completed
P2	2	1	0	ColdStartRecover+Rollback(Ring0)	Recovered(0) Mounted(publishes=2)(35)	Published(23)	true	Completed
P2	2	1	0	ColdStartRecover+Rollback(Ring1)	Recovered(0) Mounted(publishes=2)(35)	Published(23)	true	Completed
P2	2	1	0	ColdStartRecover+Rollback(Ring2)	Recovered(0) Mounted(publishes=2)(35)	Published(23)	true	Completed
P2	2	1	0	ColdStartRecover+Rollback(Ring3)	Recovered(0) Mounted(publishes=2)(35)	Published(23)	true	Completed
P2	2	1	0	ColdStartRecover+Raise(0)	Recovered(0) NotApplicable(NoWritableSession)(0)	NotApplicable(NoWritableSession)(0)	false	Completed
P2	2	1	0	ColdStartRecover+Raise(1)	Recovered(0) NotApplicable(NoWritableSession)(0)	NotApplicable(NoWritableSession)(0)	false	Completed
P2	2	1	0	ColdStartRecover+Raise(2)	Recovered(0) NotApplicable(NoWritableSession)(0)	NotApplicable(NoWritableSession)(0)	false	Completed
P2	2	1	0	ColdStartRecover+Raise(3)	Recovered(0) NotApplicable(NoWritableSession)(0)	NotApplicable(NoWritableSession)(0)	false	Completed
P2	2	1	0	ColdStartRecover+Raise(5)	Recovered(0) NotApplicable(NoWritableSession)(0)	NotApplicable(NoWritableSession)(0)	false	Completed
P2	2	1	0	ColdStartRecover+Raise(8)	Recovered(0) NotApplicable(NoWritableSession)(0)	NotApplicable(NoWritableSession)(0)	false	Completed
P2	2	1	0	ColdStartRecover+Raise(13)	Recovered(0) NotApplicable(NoWritableSession)(0)	NotApplicable(NoWritableSession)(0)	false	Completed
P2	2	1	0	ColdStartRecover+Raise(21)	Recovered(0) NotApplicable(NoWritableSession)(0)	NotApplicable(NoWritableSession)(0)	false	Completed
P2	2	1	0	ColdStartRecover+Raise(34)	Recovered(0) NotApplicable(NoWritableSession)(0)	NotApplicable(NoWritableSession)(0)	false	Completed
P2	2	1	0	Rollback(NewestFloor)	Mounted(publishes=2)(35)	Published(23)	true	Completed
P2	2	1	0	Rollback(NewestFloor)+Overwrite	Mounted(publishes=2)(35) Published(23)	Published(23)	true	Completed
P2	2	1	0	Rollback(NewestFloor)+MountWritable	Mounted(publishes=2)(35) Mounted(publishes=2)(35)	Published(23)	true	Completed
P2	2	1	0	Rollback(NewestFloor)+ColdStartRecover	Mounted(publishes=2)(35) Recovered(0)	NotApplicable(NoWritableSession)(0)	false	Completed
P2	2	1	0	Rollback(NewestFloor)+Rollback(NewestFloor)	Mounted(publishes=2)(35) Mounted(publishes=2)(35)	Published(23)	true	Completed
P2	2	1	0	Rollback(NewestFloor)+Rollback(Ring0)	Mounted(publishes=2)(35) Mounted(publishes=2)(35)	Published(23)	true	Completed
P2	2	1	0	Rollback(NewestFloor)+Rollback(Ring1)	Mounted(publishes=2)(35) Mounted(publishes=2)(35)	Published(23)	true	Completed
P2	2	1	0	Rollback(NewestFloor)+Rollback(Ring2)	Mounted(publishes=2)(35) Mounted(publishes=2)(35)	Published(23)	true	Completed
P2	2	1	0	Rollback(NewestFloor)+Rollback(Ring3)	Mounted(publishes=2)(35) Mounted(publishes=2)(35)	Published(23)	true	Completed
P2	2	1	0	Rollback(NewestFloor)+Raise(0)	Mounted(publishes=2)(35) RaisedFloor(F=0,publishes=2)(30)	Published(23)	true	Completed
P2	2	1	0	Rollback(NewestFloor)+Raise(1)	Mounted(publishes=2)(35) RaisedFloor(F=1,publishes=2)(30)	Published(23)	true	Completed
P2	2	1	0	Rollback(NewestFloor)+Raise(2)	Mounted(publishes=2)(35) RaisedFloor(F=2,publishes=2)(30)	Published(23)	true	Completed
P2	2	1	0	Rollback(NewestFloor)+Raise(3)	Mounted(publishes=2)(35) RaisedFloor(F=3,publishes=2)(30)	Published(23)	true	Completed
P2	2	1	0	Rollback(NewestFloor)+Raise(5)	Mounted(publishes=2)(35) RaisedFloor(F=5,publishes=2)(30)	Published(23)	true	Completed
P2	2	1	0	Rollback(NewestFloor)+Raise(8)	Mounted(publishes=2)(35) RaisedFloor(F=8,publishes=2)(30)	Published(23)	true	Completed
P2	2	1	0	Rollback(NewestFloor)+Raise(13)	Mounted(publishes=2)(35) RaisedFloor(F=13,publishes=2)(30)	Published(23)	true	Completed
P2	2	1	0	Rollback(NewestFloor)+Raise(21)	Mounted(publishes=2)(35) RaisedFloor(F=21,publishes=2)(30)	Published(23)	true	Completed
P2	2	1	0	Rollback(NewestFloor)+Raise(34)	Mounted(publishes=2)(35) RaisedFloor(F=34,publishes=2)(30)	Published(23)	true	Completed
P2	2	1	0	Rollback(Ring0)	Mounted(publishes=2)(35)	Published(23)	true	Completed
P2	2	1	0	Rollback(Ring0)+Overwrite	Mounted(publishes=2)(35) Published(23)	Published(23)	true	Completed
P2	2	1	0	Rollback(Ring0)+MountWritable	Mounted(publishes=2)(35) Mounted(publishes=2)(35)	Published(23)	true	Completed
P2	2	1	0	Rollback(Ring0)+ColdStartRecover	Mounted(publishes=2)(35) Recovered(0)	NotApplicable(NoWritableSession)(0)	false	Completed
P2	2	1	0	Rollback(Ring0)+Rollback(NewestFloor)	Mounted(publishes=2)(35) Mounted(publishes=2)(35)	Published(23)	true	Completed
P2	2	1	0	Rollback(Ring0)+Rollback(Ring0)	Mounted(publishes=2)(35) Mounted(publishes=2)(35)	Published(23)	true	Completed
P2	2	1	0	Rollback(Ring0)+Rollback(Ring1)	Mounted(publishes=2)(35) Mounted(publishes=2)(35)	Published(23)	true	Completed
P2	2	1	0	Rollback(Ring0)+Rollback(Ring2)	Mounted(publishes=2)(35) Mounted(publishes=2)(35)	Published(23)	true	Completed
P2	2	1	0	Rollback(Ring0)+Rollback(Ring3)	Mounted(publishes=2)(35) Mounted(publishes=2)(35)	Published(23)	true	Completed
P2	2	1	0	Rollback(Ring0)+Raise(0)	Mounted(publishes=2)(35) RaisedFloor(F=0,publishes=2)(30)	Published(23)	true	Completed
P2	2	1	0	Rollback(Ring0)+Raise(1)	Mounted(publishes=2)(35) RaisedFloor(F=1,publishes=2)(30)	Published(23)	true	Completed
P2	2	1	0	Rollback(Ring0)+Raise(2)	Mounted(publishes=2)(35) RaisedFloor(F=2,publishes=2)(30)	Published(23)	true	Completed
P2	2	1	0	Rollback(Ring0)+Raise(3)	Mounted(publishes=2)(35) RaisedFloor(F=3,publishes=2)(30)	Published(23)	true	Completed
P2	2	1	0	Rollback(Ring0)+Raise(5)	Mounted(publishes=2)(35) RaisedFloor(F=5,publishes=2)(30)	Published(23)	true	Completed
P2	2	1	0	Rollback(Ring0)+Raise(8)	Mounted(publishes=2)(35) RaisedFloor(F=8,publishes=2)(30)	Published(23)	true	Completed
P2	2	1	0	Rollback(Ring0)+Raise(13)	Mounted(publishes=2)(35) RaisedFloor(F=13,publishes=2)(30)	Published(23)	true	Completed
P2	2	1	0	Rollback(Ring0)+Raise(21)	Mounted(publishes=2)(35) RaisedFloor(F=21,publishes=2)(30)	Published(23)	true	Completed
P2	2	1	0	Rollback(Ring0)+Raise(34)	Mounted(publishes=2)(35) RaisedFloor(F=34,publishes=2)(30)	Published(23)	true	Completed
P2	2	1	0	Rollback(Ring1)	Mounted(publishes=2)(35)	Published(23)	true	Completed
P2	2	1	0	Rollback(Ring1)+Overwrite	Mounted(publishes=2)(35) Published(23)	Published(23)	true	Completed
P2	2	1	0	Rollback(Ring1)+MountWritable	Mounted(publishes=2)(35) Mounted(publishes=2)(35)	Published(23)	true	Completed
P2	2	1	0	Rollback(Ring1)+ColdStartRecover	Mounted(publishes=2)(35) Recovered(0)	NotApplicable(NoWritableSession)(0)	false	Completed
P2	2	1	0	Rollback(Ring1)+Rollback(NewestFloor)	Mounted(publishes=2)(35) Mounted(publishes=2)(35)	Published(23)	true	Completed
P2	2	1	0	Rollback(Ring1)+Rollback(Ring0)	Mounted(publishes=2)(35) Mounted(publishes=2)(35)	Published(23)	true	Completed
P2	2	1	0	Rollback(Ring1)+Rollback(Ring1)	Mounted(publishes=2)(35) Mounted(publishes=2)(35)	Published(23)	true	Completed
P2	2	1	0	Rollback(Ring1)+Rollback(Ring2)	Mounted(publishes=2)(35) Refused(MountError::RollbackTargetNotACandidate(OnAbandonedTimeline))(0)	NotApplicable(NoWritableSession)(0)	false	Completed
P2	2	1	0	Rollback(Ring1)+Rollback(Ring3)	Mounted(publishes=2)(35) Mounted(publishes=2)(35)	Published(23)	true	Completed
P2	2	1	0	Rollback(Ring1)+Raise(0)	Mounted(publishes=2)(35) RaisedFloor(F=0,publishes=2)(30)	Published(23)	true	Completed
P2	2	1	0	Rollback(Ring1)+Raise(1)	Mounted(publishes=2)(35) RaisedFloor(F=1,publishes=2)(30)	Published(23)	true	Completed
P2	2	1	0	Rollback(Ring1)+Raise(2)	Mounted(publishes=2)(35) RaisedFloor(F=2,publishes=2)(30)	Published(23)	true	Completed
P2	2	1	0	Rollback(Ring1)+Raise(3)	Mounted(publishes=2)(35) RaisedFloor(F=3,publishes=2)(30)	Published(23)	true	Completed
P2	2	1	0	Rollback(Ring1)+Raise(5)	Mounted(publishes=2)(35) RaisedFloor(F=5,publishes=2)(30)	Published(23)	true	Completed
P2	2	1	0	Rollback(Ring1)+Raise(8)	Mounted(publishes=2)(35) RaisedFloor(F=8,publishes=2)(30)	Published(23)	true	Completed
P2	2	1	0	Rollback(Ring1)+Raise(13)	Mounted(publishes=2)(35) RaisedFloor(F=13,publishes=2)(30)	Published(23)	true	Completed
P2	2	1	0	Rollback(Ring1)+Raise(21)	Mounted(publishes=2)(35) RaisedFloor(F=21,publishes=2)(30)	Published(23)	true	Completed
P2	2	1	0	Rollback(Ring1)+Raise(34)	Mounted(publishes=2)(35) RaisedFloor(F=34,publishes=2)(30)	Published(23)	true	Completed
P2	2	1	0	Rollback(Ring2)	Mounted(publishes=2)(35)	Published(23)	true	Completed
P2	2	1	0	Rollback(Ring2)+Overwrite	Mounted(publishes=2)(35) Published(23)	Published(23)	true	Completed
P2	2	1	0	Rollback(Ring2)+MountWritable	Mounted(publishes=2)(35) Mounted(publishes=2)(35)	Published(23)	true	Completed
P2	2	1	0	Rollback(Ring2)+ColdStartRecover	Mounted(publishes=2)(35) Recovered(0)	NotApplicable(NoWritableSession)(0)	false	Completed
P2	2	1	0	Rollback(Ring2)+Rollback(NewestFloor)	Mounted(publishes=2)(35) Mounted(publishes=2)(35)	Published(23)	true	Completed
P2	2	1	0	Rollback(Ring2)+Rollback(Ring0)	Mounted(publishes=2)(35) Mounted(publishes=2)(35)	Published(23)	true	Completed
P2	2	1	0	Rollback(Ring2)+Rollback(Ring1)	Mounted(publishes=2)(35) Mounted(publishes=2)(35)	Published(23)	true	Completed
P2	2	1	0	Rollback(Ring2)+Rollback(Ring2)	Mounted(publishes=2)(35) Refused(MountError::RollbackTargetNotACandidate(OnAbandonedTimeline))(0)	NotApplicable(NoWritableSession)(0)	false	Completed
P2	2	1	0	Rollback(Ring2)+Rollback(Ring3)	Mounted(publishes=2)(35) Refused(MountError::RollbackTargetNotACandidate(OnAbandonedTimeline))(0)	NotApplicable(NoWritableSession)(0)	false	Completed
P2	2	1	0	Rollback(Ring2)+Raise(0)	Mounted(publishes=2)(35) RaisedFloor(F=0,publishes=2)(30)	Published(23)	true	Completed
P2	2	1	0	Rollback(Ring2)+Raise(1)	Mounted(publishes=2)(35) RaisedFloor(F=1,publishes=2)(30)	Published(23)	true	Completed
P2	2	1	0	Rollback(Ring2)+Raise(2)	Mounted(publishes=2)(35) RaisedFloor(F=2,publishes=2)(30)	Published(23)	true	Completed
P2	2	1	0	Rollback(Ring2)+Raise(3)	Mounted(publishes=2)(35) RaisedFloor(F=3,publishes=2)(30)	Published(23)	true	Completed
P2	2	1	0	Rollback(Ring2)+Raise(5)	Mounted(publishes=2)(35) RaisedFloor(F=5,publishes=2)(30)	Published(23)	true	Completed
P2	2	1	0	Rollback(Ring2)+Raise(8)	Mounted(publishes=2)(35) RaisedFloor(F=8,publishes=2)(30)	Published(23)	true	Completed
P2	2	1	0	Rollback(Ring2)+Raise(13)	Mounted(publishes=2)(35) RaisedFloor(F=13,publishes=2)(30)	Published(23)	true	Completed
P2	2	1	0	Rollback(Ring2)+Raise(21)	Mounted(publishes=2)(35) RaisedFloor(F=21,publishes=2)(30)	Published(23)	true	Completed
P2	2	1	0	Rollback(Ring2)+Raise(34)	Mounted(publishes=2)(35) RaisedFloor(F=34,publishes=2)(30)	Published(23)	true	Completed
P2	2	1	0	Rollback(Ring3)	Mounted(publishes=2)(35)	Published(23)	true	Completed
P2	2	1	0	Rollback(Ring3)+Overwrite	Mounted(publishes=2)(35) Published(23)	Published(23)	true	Completed
P2	2	1	0	Rollback(Ring3)+MountWritable	Mounted(publishes=2)(35) Mounted(publishes=2)(35)	Published(23)	true	Completed
P2	2	1	0	Rollback(Ring3)+ColdStartRecover	Mounted(publishes=2)(35) Recovered(0)	NotApplicable(NoWritableSession)(0)	false	Completed
P2	2	1	0	Rollback(Ring3)+Rollback(NewestFloor)	Mounted(publishes=2)(35) Mounted(publishes=2)(35)	Published(23)	true	Completed
P2	2	1	0	Rollback(Ring3)+Rollback(Ring0)	Mounted(publishes=2)(35) Mounted(publishes=2)(35)	Published(23)	true	Completed
P2	2	1	0	Rollback(Ring3)+Rollback(Ring1)	Mounted(publishes=2)(35) Mounted(publishes=2)(35)	Published(23)	true	Completed
P2	2	1	0	Rollback(Ring3)+Rollback(Ring2)	Mounted(publishes=2)(35) Refused(MountError::RollbackTargetNotACandidate(OnAbandonedTimeline))(0)	NotApplicable(NoWritableSession)(0)	false	Completed
P2	2	1	0	Rollback(Ring3)+Rollback(Ring3)	Mounted(publishes=2)(35) Refused(MountError::RollbackTargetNotACandidate(OnAbandonedTimeline))(0)	NotApplicable(NoWritableSession)(0)	false	Completed
P2	2	1	0	Rollback(Ring3)+Raise(0)	Mounted(publishes=2)(35) RaisedFloor(F=0,publishes=2)(30)	Published(23)	true	Completed
P2	2	1	0	Rollback(Ring3)+Raise(1)	Mounted(publishes=2)(35) RaisedFloor(F=1,publishes=2)(30)	Published(23)	true	Completed
P2	2	1	0	Rollback(Ring3)+Raise(2)	Mounted(publishes=2)(35) RaisedFloor(F=2,publishes=2)(30)	Published(23)	true	Completed
P2	2	1	0	Rollback(Ring3)+Raise(3)	Mounted(publishes=2)(35) RaisedFloor(F=3,publishes=2)(30)	Published(23)	true	Completed
P2	2	1	0	Rollback(Ring3)+Raise(5)	Mounted(publishes=2)(35) RaisedFloor(F=5,publishes=2)(30)	Published(23)	true	Completed
P2	2	1	0	Rollback(Ring3)+Raise(8)	Mounted(publishes=2)(35) RaisedFloor(F=8,publishes=2)(30)	Published(23)	true	Completed
P2	2	1	0	Rollback(Ring3)+Raise(13)	Mounted(publishes=2)(35) RaisedFloor(F=13,publishes=2)(30)	Published(23)	true	Completed
P2	2	1	0	Rollback(Ring3)+Raise(21)	Mounted(publishes=2)(35) RaisedFloor(F=21,publishes=2)(30)	Published(23)	true	Completed
P2	2	1	0	Rollback(Ring3)+Raise(34)	Mounted(publishes=2)(35) RaisedFloor(F=34,publishes=2)(30)	Published(23)	true	Completed
P2	2	1	0	Raise(0)	Refused(MountError::Publish(PublishError::PlacementRefused(NoFreeSlotOnAnyDevice)))(0)	Refused(PublishError::PlacementRefused(NoFreeSlotOnAnyDevice))(0)	false	Completed
P2	2	1	0	Raise(0)+Overwrite	Refused(MountError::Publish(PublishError::PlacementRefused(NoFreeSlotOnAnyDevice)))(0) Refused(PublishError::PlacementRefused(NoFreeSlotOnAnyDevice))(0)	Refused(PublishError::PlacementRefused(NoFreeSlotOnAnyDevice))(0)	false	Completed
P2	2	1	0	Raise(0)+MountWritable	Refused(MountError::Publish(PublishError::PlacementRefused(NoFreeSlotOnAnyDevice)))(0) Mounted(publishes=2)(35)	Published(23)	true	Completed
P2	2	1	0	Raise(0)+ColdStartRecover	Refused(MountError::Publish(PublishError::PlacementRefused(NoFreeSlotOnAnyDevice)))(0) Recovered(0)	NotApplicable(NoWritableSession)(0)	false	Completed
P2	2	1	0	Raise(0)+Rollback(NewestFloor)	Refused(MountError::Publish(PublishError::PlacementRefused(NoFreeSlotOnAnyDevice)))(0) Mounted(publishes=2)(35)	Published(23)	true	Completed
P2	2	1	0	Raise(0)+Rollback(Ring0)	Refused(MountError::Publish(PublishError::PlacementRefused(NoFreeSlotOnAnyDevice)))(0) Mounted(publishes=2)(35)	Published(23)	true	Completed
P2	2	1	0	Raise(0)+Rollback(Ring1)	Refused(MountError::Publish(PublishError::PlacementRefused(NoFreeSlotOnAnyDevice)))(0) Mounted(publishes=2)(35)	Published(23)	true	Completed
P2	2	1	0	Raise(0)+Rollback(Ring2)	Refused(MountError::Publish(PublishError::PlacementRefused(NoFreeSlotOnAnyDevice)))(0) Mounted(publishes=2)(35)	Published(23)	true	Completed
P2	2	1	0	Raise(0)+Rollback(Ring3)	Refused(MountError::Publish(PublishError::PlacementRefused(NoFreeSlotOnAnyDevice)))(0) Mounted(publishes=2)(35)	Published(23)	true	Completed
P2	2	1	0	Raise(0)+Raise(0)	Refused(MountError::Publish(PublishError::PlacementRefused(NoFreeSlotOnAnyDevice)))(0) Refused(MountError::Publish(PublishError::PlacementRefused(NoFreeSlotOnAnyDevice)))(0)	Refused(PublishError::PlacementRefused(NoFreeSlotOnAnyDevice))(0)	false	Completed
P2	2	1	0	Raise(0)+Raise(1)	Refused(MountError::Publish(PublishError::PlacementRefused(NoFreeSlotOnAnyDevice)))(0) Refused(MountError::Publish(PublishError::PlacementRefused(NoFreeSlotOnAnyDevice)))(0)	Refused(PublishError::PlacementRefused(NoFreeSlotOnAnyDevice))(0)	false	Completed
P2	2	1	0	Raise(0)+Raise(2)	Refused(MountError::Publish(PublishError::PlacementRefused(NoFreeSlotOnAnyDevice)))(0) Refused(MountError::Publish(PublishError::PlacementRefused(NoFreeSlotOnAnyDevice)))(0)	Refused(PublishError::PlacementRefused(NoFreeSlotOnAnyDevice))(0)	false	Completed
P2	2	1	0	Raise(0)+Raise(3)	Refused(MountError::Publish(PublishError::PlacementRefused(NoFreeSlotOnAnyDevice)))(0) Refused(MountError::Publish(PublishError::PlacementRefused(NoFreeSlotOnAnyDevice)))(0)	Refused(PublishError::PlacementRefused(NoFreeSlotOnAnyDevice))(0)	false	Completed
P2	2	1	0	Raise(0)+Raise(5)	Refused(MountError::Publish(PublishError::PlacementRefused(NoFreeSlotOnAnyDevice)))(0) Refused(MountError::Publish(PublishError::PlacementRefused(NoFreeSlotOnAnyDevice)))(0)	Refused(PublishError::PlacementRefused(NoFreeSlotOnAnyDevice))(0)	false	Completed
P2	2	1	0	Raise(0)+Raise(8)	Refused(MountError::Publish(PublishError::PlacementRefused(NoFreeSlotOnAnyDevice)))(0) Refused(MountError::Publish(PublishError::PlacementRefused(NoFreeSlotOnAnyDevice)))(0)	Refused(PublishError::PlacementRefused(NoFreeSlotOnAnyDevice))(0)	false	Completed
P2	2	1	0	Raise(0)+Raise(13)	Refused(MountError::Publish(PublishError::PlacementRefused(NoFreeSlotOnAnyDevice)))(0) Refused(MountError::Publish(PublishError::PlacementRefused(NoFreeSlotOnAnyDevice)))(0)	Refused(PublishError::PlacementRefused(NoFreeSlotOnAnyDevice))(0)	false	Completed
P2	2	1	0	Raise(0)+Raise(21)	Refused(MountError::Publish(PublishError::PlacementRefused(NoFreeSlotOnAnyDevice)))(0) Refused(MountError::Publish(PublishError::PlacementRefused(NoFreeSlotOnAnyDevice)))(0)	Refused(PublishError::PlacementRefused(NoFreeSlotOnAnyDevice))(0)	false	Completed
P2	2	1	0	Raise(0)+Raise(34)	Refused(MountError::Publish(PublishError::PlacementRefused(NoFreeSlotOnAnyDevice)))(0) Refused(MountError::Publish(PublishError::PlacementRefused(NoFreeSlotOnAnyDevice)))(0)	Refused(PublishError::PlacementRefused(NoFreeSlotOnAnyDevice))(0)	false	Completed
P2	2	1	0	Raise(1)	Refused(MountError::Publish(PublishError::PlacementRefused(NoFreeSlotOnAnyDevice)))(0)	Refused(PublishError::PlacementRefused(NoFreeSlotOnAnyDevice))(0)	false	Completed
P2	2	1	0	Raise(1)+Overwrite	Refused(MountError::Publish(PublishError::PlacementRefused(NoFreeSlotOnAnyDevice)))(0) Refused(PublishError::PlacementRefused(NoFreeSlotOnAnyDevice))(0)	Refused(PublishError::PlacementRefused(NoFreeSlotOnAnyDevice))(0)	false	Completed
P2	2	1	0	Raise(1)+MountWritable	Refused(MountError::Publish(PublishError::PlacementRefused(NoFreeSlotOnAnyDevice)))(0) Mounted(publishes=2)(35)	Published(23)	true	Completed
P2	2	1	0	Raise(1)+ColdStartRecover	Refused(MountError::Publish(PublishError::PlacementRefused(NoFreeSlotOnAnyDevice)))(0) Recovered(0)	NotApplicable(NoWritableSession)(0)	false	Completed
P2	2	1	0	Raise(1)+Rollback(NewestFloor)	Refused(MountError::Publish(PublishError::PlacementRefused(NoFreeSlotOnAnyDevice)))(0) Mounted(publishes=2)(35)	Published(23)	true	Completed
P2	2	1	0	Raise(1)+Rollback(Ring0)	Refused(MountError::Publish(PublishError::PlacementRefused(NoFreeSlotOnAnyDevice)))(0) Mounted(publishes=2)(35)	Published(23)	true	Completed
P2	2	1	0	Raise(1)+Rollback(Ring1)	Refused(MountError::Publish(PublishError::PlacementRefused(NoFreeSlotOnAnyDevice)))(0) Mounted(publishes=2)(35)	Published(23)	true	Completed
P2	2	1	0	Raise(1)+Rollback(Ring2)	Refused(MountError::Publish(PublishError::PlacementRefused(NoFreeSlotOnAnyDevice)))(0) Mounted(publishes=2)(35)	Published(23)	true	Completed
P2	2	1	0	Raise(1)+Rollback(Ring3)	Refused(MountError::Publish(PublishError::PlacementRefused(NoFreeSlotOnAnyDevice)))(0) Mounted(publishes=2)(35)	Published(23)	true	Completed
P2	2	1	0	Raise(1)+Raise(0)	Refused(MountError::Publish(PublishError::PlacementRefused(NoFreeSlotOnAnyDevice)))(0) Refused(MountError::Publish(PublishError::PlacementRefused(NoFreeSlotOnAnyDevice)))(0)	Refused(PublishError::PlacementRefused(NoFreeSlotOnAnyDevice))(0)	false	Completed
P2	2	1	0	Raise(1)+Raise(1)	Refused(MountError::Publish(PublishError::PlacementRefused(NoFreeSlotOnAnyDevice)))(0) Refused(MountError::Publish(PublishError::PlacementRefused(NoFreeSlotOnAnyDevice)))(0)	Refused(PublishError::PlacementRefused(NoFreeSlotOnAnyDevice))(0)	false	Completed
P2	2	1	0	Raise(1)+Raise(2)	Refused(MountError::Publish(PublishError::PlacementRefused(NoFreeSlotOnAnyDevice)))(0) Refused(MountError::Publish(PublishError::PlacementRefused(NoFreeSlotOnAnyDevice)))(0)	Refused(PublishError::PlacementRefused(NoFreeSlotOnAnyDevice))(0)	false	Completed
P2	2	1	0	Raise(1)+Raise(3)	Refused(MountError::Publish(PublishError::PlacementRefused(NoFreeSlotOnAnyDevice)))(0) Refused(MountError::Publish(PublishError::PlacementRefused(NoFreeSlotOnAnyDevice)))(0)	Refused(PublishError::PlacementRefused(NoFreeSlotOnAnyDevice))(0)	false	Completed
P2	2	1	0	Raise(1)+Raise(5)	Refused(MountError::Publish(PublishError::PlacementRefused(NoFreeSlotOnAnyDevice)))(0) Refused(MountError::Publish(PublishError::PlacementRefused(NoFreeSlotOnAnyDevice)))(0)	Refused(PublishError::PlacementRefused(NoFreeSlotOnAnyDevice))(0)	false	Completed
P2	2	1	0	Raise(1)+Raise(8)	Refused(MountError::Publish(PublishError::PlacementRefused(NoFreeSlotOnAnyDevice)))(0) Refused(MountError::Publish(PublishError::PlacementRefused(NoFreeSlotOnAnyDevice)))(0)	Refused(PublishError::PlacementRefused(NoFreeSlotOnAnyDevice))(0)	false	Completed
P2	2	1	0	Raise(1)+Raise(13)	Refused(MountError::Publish(PublishError::PlacementRefused(NoFreeSlotOnAnyDevice)))(0) Refused(MountError::Publish(PublishError::PlacementRefused(NoFreeSlotOnAnyDevice)))(0)	Refused(PublishError::PlacementRefused(NoFreeSlotOnAnyDevice))(0)	false	Completed
P2	2	1	0	Raise(1)+Raise(21)	Refused(MountError::Publish(PublishError::PlacementRefused(NoFreeSlotOnAnyDevice)))(0) Refused(MountError::Publish(PublishError::PlacementRefused(NoFreeSlotOnAnyDevice)))(0)	Refused(PublishError::PlacementRefused(NoFreeSlotOnAnyDevice))(0)	false	Completed
P2	2	1	0	Raise(1)+Raise(34)	Refused(MountError::Publish(PublishError::PlacementRefused(NoFreeSlotOnAnyDevice)))(0) Refused(MountError::Publish(PublishError::PlacementRefused(NoFreeSlotOnAnyDevice)))(0)	Refused(PublishError::PlacementRefused(NoFreeSlotOnAnyDevice))(0)	false	Completed
P2	2	1	0	Raise(2)	Refused(MountError::Publish(PublishError::PlacementRefused(NoFreeSlotOnAnyDevice)))(0)	Refused(PublishError::PlacementRefused(NoFreeSlotOnAnyDevice))(0)	false	Completed
P2	2	1	0	Raise(2)+Overwrite	Refused(MountError::Publish(PublishError::PlacementRefused(NoFreeSlotOnAnyDevice)))(0) Refused(PublishError::PlacementRefused(NoFreeSlotOnAnyDevice))(0)	Refused(PublishError::PlacementRefused(NoFreeSlotOnAnyDevice))(0)	false	Completed
P2	2	1	0	Raise(2)+MountWritable	Refused(MountError::Publish(PublishError::PlacementRefused(NoFreeSlotOnAnyDevice)))(0) Mounted(publishes=2)(35)	Published(23)	true	Completed
P2	2	1	0	Raise(2)+ColdStartRecover	Refused(MountError::Publish(PublishError::PlacementRefused(NoFreeSlotOnAnyDevice)))(0) Recovered(0)	NotApplicable(NoWritableSession)(0)	false	Completed
P2	2	1	0	Raise(2)+Rollback(NewestFloor)	Refused(MountError::Publish(PublishError::PlacementRefused(NoFreeSlotOnAnyDevice)))(0) Mounted(publishes=2)(35)	Published(23)	true	Completed
P2	2	1	0	Raise(2)+Rollback(Ring0)	Refused(MountError::Publish(PublishError::PlacementRefused(NoFreeSlotOnAnyDevice)))(0) Mounted(publishes=2)(35)	Published(23)	true	Completed
P2	2	1	0	Raise(2)+Rollback(Ring1)	Refused(MountError::Publish(PublishError::PlacementRefused(NoFreeSlotOnAnyDevice)))(0) Mounted(publishes=2)(35)	Published(23)	true	Completed
P2	2	1	0	Raise(2)+Rollback(Ring2)	Refused(MountError::Publish(PublishError::PlacementRefused(NoFreeSlotOnAnyDevice)))(0) Mounted(publishes=2)(35)	Published(23)	true	Completed
P2	2	1	0	Raise(2)+Rollback(Ring3)	Refused(MountError::Publish(PublishError::PlacementRefused(NoFreeSlotOnAnyDevice)))(0) Mounted(publishes=2)(35)	Published(23)	true	Completed
P2	2	1	0	Raise(2)+Raise(0)	Refused(MountError::Publish(PublishError::PlacementRefused(NoFreeSlotOnAnyDevice)))(0) Refused(MountError::Publish(PublishError::PlacementRefused(NoFreeSlotOnAnyDevice)))(0)	Refused(PublishError::PlacementRefused(NoFreeSlotOnAnyDevice))(0)	false	Completed
P2	2	1	0	Raise(2)+Raise(1)	Refused(MountError::Publish(PublishError::PlacementRefused(NoFreeSlotOnAnyDevice)))(0) Refused(MountError::Publish(PublishError::PlacementRefused(NoFreeSlotOnAnyDevice)))(0)	Refused(PublishError::PlacementRefused(NoFreeSlotOnAnyDevice))(0)	false	Completed
P2	2	1	0	Raise(2)+Raise(2)	Refused(MountError::Publish(PublishError::PlacementRefused(NoFreeSlotOnAnyDevice)))(0) Refused(MountError::Publish(PublishError::PlacementRefused(NoFreeSlotOnAnyDevice)))(0)	Refused(PublishError::PlacementRefused(NoFreeSlotOnAnyDevice))(0)	false	Completed
P2	2	1	0	Raise(2)+Raise(3)	Refused(MountError::Publish(PublishError::PlacementRefused(NoFreeSlotOnAnyDevice)))(0) Refused(MountError::Publish(PublishError::PlacementRefused(NoFreeSlotOnAnyDevice)))(0)	Refused(PublishError::PlacementRefused(NoFreeSlotOnAnyDevice))(0)	false	Completed
P2	2	1	0	Raise(2)+Raise(5)	Refused(MountError::Publish(PublishError::PlacementRefused(NoFreeSlotOnAnyDevice)))(0) Refused(MountError::Publish(PublishError::PlacementRefused(NoFreeSlotOnAnyDevice)))(0)	Refused(PublishError::PlacementRefused(NoFreeSlotOnAnyDevice))(0)	false	Completed
P2	2	1	0	Raise(2)+Raise(8)	Refused(MountError::Publish(PublishError::PlacementRefused(NoFreeSlotOnAnyDevice)))(0) Refused(MountError::Publish(PublishError::PlacementRefused(NoFreeSlotOnAnyDevice)))(0)	Refused(PublishError::PlacementRefused(NoFreeSlotOnAnyDevice))(0)	false	Completed
P2	2	1	0	Raise(2)+Raise(13)	Refused(MountError::Publish(PublishError::PlacementRefused(NoFreeSlotOnAnyDevice)))(0) Refused(MountError::Publish(PublishError::PlacementRefused(NoFreeSlotOnAnyDevice)))(0)	Refused(PublishError::PlacementRefused(NoFreeSlotOnAnyDevice))(0)	false	Completed
P2	2	1	0	Raise(2)+Raise(21)	Refused(MountError::Publish(PublishError::PlacementRefused(NoFreeSlotOnAnyDevice)))(0) Refused(MountError::Publish(PublishError::PlacementRefused(NoFreeSlotOnAnyDevice)))(0)	Refused(PublishError::PlacementRefused(NoFreeSlotOnAnyDevice))(0)	false	Completed
P2	2	1	0	Raise(2)+Raise(34)	Refused(MountError::Publish(PublishError::PlacementRefused(NoFreeSlotOnAnyDevice)))(0) Refused(MountError::Publish(PublishError::PlacementRefused(NoFreeSlotOnAnyDevice)))(0)	Refused(PublishError::PlacementRefused(NoFreeSlotOnAnyDevice))(0)	false	Completed
P2	2	1	0	Raise(3)	Refused(MountError::Publish(PublishError::PlacementRefused(NoFreeSlotOnAnyDevice)))(0)	Refused(PublishError::PlacementRefused(NoFreeSlotOnAnyDevice))(0)	false	Completed
P2	2	1	0	Raise(3)+Overwrite	Refused(MountError::Publish(PublishError::PlacementRefused(NoFreeSlotOnAnyDevice)))(0) Refused(PublishError::PlacementRefused(NoFreeSlotOnAnyDevice))(0)	Refused(PublishError::PlacementRefused(NoFreeSlotOnAnyDevice))(0)	false	Completed
P2	2	1	0	Raise(3)+MountWritable	Refused(MountError::Publish(PublishError::PlacementRefused(NoFreeSlotOnAnyDevice)))(0) Mounted(publishes=2)(35)	Published(23)	true	Completed
P2	2	1	0	Raise(3)+ColdStartRecover	Refused(MountError::Publish(PublishError::PlacementRefused(NoFreeSlotOnAnyDevice)))(0) Recovered(0)	NotApplicable(NoWritableSession)(0)	false	Completed
P2	2	1	0	Raise(3)+Rollback(NewestFloor)	Refused(MountError::Publish(PublishError::PlacementRefused(NoFreeSlotOnAnyDevice)))(0) Mounted(publishes=2)(35)	Published(23)	true	Completed
P2	2	1	0	Raise(3)+Rollback(Ring0)	Refused(MountError::Publish(PublishError::PlacementRefused(NoFreeSlotOnAnyDevice)))(0) Mounted(publishes=2)(35)	Published(23)	true	Completed
P2	2	1	0	Raise(3)+Rollback(Ring1)	Refused(MountError::Publish(PublishError::PlacementRefused(NoFreeSlotOnAnyDevice)))(0) Mounted(publishes=2)(35)	Published(23)	true	Completed
P2	2	1	0	Raise(3)+Rollback(Ring2)	Refused(MountError::Publish(PublishError::PlacementRefused(NoFreeSlotOnAnyDevice)))(0) Mounted(publishes=2)(35)	Published(23)	true	Completed
P2	2	1	0	Raise(3)+Rollback(Ring3)	Refused(MountError::Publish(PublishError::PlacementRefused(NoFreeSlotOnAnyDevice)))(0) Mounted(publishes=2)(35)	Published(23)	true	Completed
P2	2	1	0	Raise(3)+Raise(0)	Refused(MountError::Publish(PublishError::PlacementRefused(NoFreeSlotOnAnyDevice)))(0) Refused(MountError::Publish(PublishError::PlacementRefused(NoFreeSlotOnAnyDevice)))(0)	Refused(PublishError::PlacementRefused(NoFreeSlotOnAnyDevice))(0)	false	Completed
P2	2	1	0	Raise(3)+Raise(1)	Refused(MountError::Publish(PublishError::PlacementRefused(NoFreeSlotOnAnyDevice)))(0) Refused(MountError::Publish(PublishError::PlacementRefused(NoFreeSlotOnAnyDevice)))(0)	Refused(PublishError::PlacementRefused(NoFreeSlotOnAnyDevice))(0)	false	Completed
P2	2	1	0	Raise(3)+Raise(2)	Refused(MountError::Publish(PublishError::PlacementRefused(NoFreeSlotOnAnyDevice)))(0) Refused(MountError::Publish(PublishError::PlacementRefused(NoFreeSlotOnAnyDevice)))(0)	Refused(PublishError::PlacementRefused(NoFreeSlotOnAnyDevice))(0)	false	Completed
P2	2	1	0	Raise(3)+Raise(3)	Refused(MountError::Publish(PublishError::PlacementRefused(NoFreeSlotOnAnyDevice)))(0) Refused(MountError::Publish(PublishError::PlacementRefused(NoFreeSlotOnAnyDevice)))(0)	Refused(PublishError::PlacementRefused(NoFreeSlotOnAnyDevice))(0)	false	Completed
P2	2	1	0	Raise(3)+Raise(5)	Refused(MountError::Publish(PublishError::PlacementRefused(NoFreeSlotOnAnyDevice)))(0) Refused(MountError::Publish(PublishError::PlacementRefused(NoFreeSlotOnAnyDevice)))(0)	Refused(PublishError::PlacementRefused(NoFreeSlotOnAnyDevice))(0)	false	Completed
P2	2	1	0	Raise(3)+Raise(8)	Refused(MountError::Publish(PublishError::PlacementRefused(NoFreeSlotOnAnyDevice)))(0) Refused(MountError::Publish(PublishError::PlacementRefused(NoFreeSlotOnAnyDevice)))(0)	Refused(PublishError::PlacementRefused(NoFreeSlotOnAnyDevice))(0)	false	Completed
P2	2	1	0	Raise(3)+Raise(13)	Refused(MountError::Publish(PublishError::PlacementRefused(NoFreeSlotOnAnyDevice)))(0) Refused(MountError::Publish(PublishError::PlacementRefused(NoFreeSlotOnAnyDevice)))(0)	Refused(PublishError::PlacementRefused(NoFreeSlotOnAnyDevice))(0)	false	Completed
P2	2	1	0	Raise(3)+Raise(21)	Refused(MountError::Publish(PublishError::PlacementRefused(NoFreeSlotOnAnyDevice)))(0) Refused(MountError::Publish(PublishError::PlacementRefused(NoFreeSlotOnAnyDevice)))(0)	Refused(PublishError::PlacementRefused(NoFreeSlotOnAnyDevice))(0)	false	Completed
P2	2	1	0	Raise(3)+Raise(34)	Refused(MountError::Publish(PublishError::PlacementRefused(NoFreeSlotOnAnyDevice)))(0) Refused(MountError::Publish(PublishError::PlacementRefused(NoFreeSlotOnAnyDevice)))(0)	Refused(PublishError::PlacementRefused(NoFreeSlotOnAnyDevice))(0)	false	Completed
P2	2	1	0	Raise(5)	Refused(MountError::Publish(PublishError::PlacementRefused(NoFreeSlotOnAnyDevice)))(0)	Refused(PublishError::PlacementRefused(NoFreeSlotOnAnyDevice))(0)	false	Completed
P2	2	1	0	Raise(5)+Overwrite	Refused(MountError::Publish(PublishError::PlacementRefused(NoFreeSlotOnAnyDevice)))(0) Refused(PublishError::PlacementRefused(NoFreeSlotOnAnyDevice))(0)	Refused(PublishError::PlacementRefused(NoFreeSlotOnAnyDevice))(0)	false	Completed
P2	2	1	0	Raise(5)+MountWritable	Refused(MountError::Publish(PublishError::PlacementRefused(NoFreeSlotOnAnyDevice)))(0) Mounted(publishes=2)(35)	Published(23)	true	Completed
P2	2	1	0	Raise(5)+ColdStartRecover	Refused(MountError::Publish(PublishError::PlacementRefused(NoFreeSlotOnAnyDevice)))(0) Recovered(0)	NotApplicable(NoWritableSession)(0)	false	Completed
P2	2	1	0	Raise(5)+Rollback(NewestFloor)	Refused(MountError::Publish(PublishError::PlacementRefused(NoFreeSlotOnAnyDevice)))(0) Mounted(publishes=2)(35)	Published(23)	true	Completed
P2	2	1	0	Raise(5)+Rollback(Ring0)	Refused(MountError::Publish(PublishError::PlacementRefused(NoFreeSlotOnAnyDevice)))(0) Mounted(publishes=2)(35)	Published(23)	true	Completed
P2	2	1	0	Raise(5)+Rollback(Ring1)	Refused(MountError::Publish(PublishError::PlacementRefused(NoFreeSlotOnAnyDevice)))(0) Mounted(publishes=2)(35)	Published(23)	true	Completed
P2	2	1	0	Raise(5)+Rollback(Ring2)	Refused(MountError::Publish(PublishError::PlacementRefused(NoFreeSlotOnAnyDevice)))(0) Mounted(publishes=2)(35)	Published(23)	true	Completed
P2	2	1	0	Raise(5)+Rollback(Ring3)	Refused(MountError::Publish(PublishError::PlacementRefused(NoFreeSlotOnAnyDevice)))(0) Mounted(publishes=2)(35)	Published(23)	true	Completed
P2	2	1	0	Raise(5)+Raise(0)	Refused(MountError::Publish(PublishError::PlacementRefused(NoFreeSlotOnAnyDevice)))(0) Refused(MountError::Publish(PublishError::PlacementRefused(NoFreeSlotOnAnyDevice)))(0)	Refused(PublishError::PlacementRefused(NoFreeSlotOnAnyDevice))(0)	false	Completed
P2	2	1	0	Raise(5)+Raise(1)	Refused(MountError::Publish(PublishError::PlacementRefused(NoFreeSlotOnAnyDevice)))(0) Refused(MountError::Publish(PublishError::PlacementRefused(NoFreeSlotOnAnyDevice)))(0)	Refused(PublishError::PlacementRefused(NoFreeSlotOnAnyDevice))(0)	false	Completed
P2	2	1	0	Raise(5)+Raise(2)	Refused(MountError::Publish(PublishError::PlacementRefused(NoFreeSlotOnAnyDevice)))(0) Refused(MountError::Publish(PublishError::PlacementRefused(NoFreeSlotOnAnyDevice)))(0)	Refused(PublishError::PlacementRefused(NoFreeSlotOnAnyDevice))(0)	false	Completed
P2	2	1	0	Raise(5)+Raise(3)	Refused(MountError::Publish(PublishError::PlacementRefused(NoFreeSlotOnAnyDevice)))(0) Refused(MountError::Publish(PublishError::PlacementRefused(NoFreeSlotOnAnyDevice)))(0)	Refused(PublishError::PlacementRefused(NoFreeSlotOnAnyDevice))(0)	false	Completed
P2	2	1	0	Raise(5)+Raise(5)	Refused(MountError::Publish(PublishError::PlacementRefused(NoFreeSlotOnAnyDevice)))(0) Refused(MountError::Publish(PublishError::PlacementRefused(NoFreeSlotOnAnyDevice)))(0)	Refused(PublishError::PlacementRefused(NoFreeSlotOnAnyDevice))(0)	false	Completed
P2	2	1	0	Raise(5)+Raise(8)	Refused(MountError::Publish(PublishError::PlacementRefused(NoFreeSlotOnAnyDevice)))(0) Refused(MountError::Publish(PublishError::PlacementRefused(NoFreeSlotOnAnyDevice)))(0)	Refused(PublishError::PlacementRefused(NoFreeSlotOnAnyDevice))(0)	false	Completed
P2	2	1	0	Raise(5)+Raise(13)	Refused(MountError::Publish(PublishError::PlacementRefused(NoFreeSlotOnAnyDevice)))(0) Refused(MountError::Publish(PublishError::PlacementRefused(NoFreeSlotOnAnyDevice)))(0)	Refused(PublishError::PlacementRefused(NoFreeSlotOnAnyDevice))(0)	false	Completed
P2	2	1	0	Raise(5)+Raise(21)	Refused(MountError::Publish(PublishError::PlacementRefused(NoFreeSlotOnAnyDevice)))(0) Refused(MountError::Publish(PublishError::PlacementRefused(NoFreeSlotOnAnyDevice)))(0)	Refused(PublishError::PlacementRefused(NoFreeSlotOnAnyDevice))(0)	false	Completed
P2	2	1	0	Raise(5)+Raise(34)	Refused(MountError::Publish(PublishError::PlacementRefused(NoFreeSlotOnAnyDevice)))(0) Refused(MountError::Publish(PublishError::PlacementRefused(NoFreeSlotOnAnyDevice)))(0)	Refused(PublishError::PlacementRefused(NoFreeSlotOnAnyDevice))(0)	false	Completed
P2	2	1	0	Raise(8)	Refused(MountError::Publish(PublishError::PlacementRefused(NoFreeSlotOnAnyDevice)))(0)	Refused(PublishError::PlacementRefused(NoFreeSlotOnAnyDevice))(0)	false	Completed
P2	2	1	0	Raise(8)+Overwrite	Refused(MountError::Publish(PublishError::PlacementRefused(NoFreeSlotOnAnyDevice)))(0) Refused(PublishError::PlacementRefused(NoFreeSlotOnAnyDevice))(0)	Refused(PublishError::PlacementRefused(NoFreeSlotOnAnyDevice))(0)	false	Completed
P2	2	1	0	Raise(8)+MountWritable	Refused(MountError::Publish(PublishError::PlacementRefused(NoFreeSlotOnAnyDevice)))(0) Mounted(publishes=2)(35)	Published(23)	true	Completed
P2	2	1	0	Raise(8)+ColdStartRecover	Refused(MountError::Publish(PublishError::PlacementRefused(NoFreeSlotOnAnyDevice)))(0) Recovered(0)	NotApplicable(NoWritableSession)(0)	false	Completed
P2	2	1	0	Raise(8)+Rollback(NewestFloor)	Refused(MountError::Publish(PublishError::PlacementRefused(NoFreeSlotOnAnyDevice)))(0) Mounted(publishes=2)(35)	Published(23)	true	Completed
P2	2	1	0	Raise(8)+Rollback(Ring0)	Refused(MountError::Publish(PublishError::PlacementRefused(NoFreeSlotOnAnyDevice)))(0) Mounted(publishes=2)(35)	Published(23)	true	Completed
P2	2	1	0	Raise(8)+Rollback(Ring1)	Refused(MountError::Publish(PublishError::PlacementRefused(NoFreeSlotOnAnyDevice)))(0) Mounted(publishes=2)(35)	Published(23)	true	Completed
P2	2	1	0	Raise(8)+Rollback(Ring2)	Refused(MountError::Publish(PublishError::PlacementRefused(NoFreeSlotOnAnyDevice)))(0) Mounted(publishes=2)(35)	Published(23)	true	Completed
P2	2	1	0	Raise(8)+Rollback(Ring3)	Refused(MountError::Publish(PublishError::PlacementRefused(NoFreeSlotOnAnyDevice)))(0) Mounted(publishes=2)(35)	Published(23)	true	Completed
P2	2	1	0	Raise(8)+Raise(0)	Refused(MountError::Publish(PublishError::PlacementRefused(NoFreeSlotOnAnyDevice)))(0) Refused(MountError::Publish(PublishError::PlacementRefused(NoFreeSlotOnAnyDevice)))(0)	Refused(PublishError::PlacementRefused(NoFreeSlotOnAnyDevice))(0)	false	Completed
P2	2	1	0	Raise(8)+Raise(1)	Refused(MountError::Publish(PublishError::PlacementRefused(NoFreeSlotOnAnyDevice)))(0) Refused(MountError::Publish(PublishError::PlacementRefused(NoFreeSlotOnAnyDevice)))(0)	Refused(PublishError::PlacementRefused(NoFreeSlotOnAnyDevice))(0)	false	Completed
P2	2	1	0	Raise(8)+Raise(2)	Refused(MountError::Publish(PublishError::PlacementRefused(NoFreeSlotOnAnyDevice)))(0) Refused(MountError::Publish(PublishError::PlacementRefused(NoFreeSlotOnAnyDevice)))(0)	Refused(PublishError::PlacementRefused(NoFreeSlotOnAnyDevice))(0)	false	Completed
P2	2	1	0	Raise(8)+Raise(3)	Refused(MountError::Publish(PublishError::PlacementRefused(NoFreeSlotOnAnyDevice)))(0) Refused(MountError::Publish(PublishError::PlacementRefused(NoFreeSlotOnAnyDevice)))(0)	Refused(PublishError::PlacementRefused(NoFreeSlotOnAnyDevice))(0)	false	Completed
P2	2	1	0	Raise(8)+Raise(5)	Refused(MountError::Publish(PublishError::PlacementRefused(NoFreeSlotOnAnyDevice)))(0) Refused(MountError::Publish(PublishError::PlacementRefused(NoFreeSlotOnAnyDevice)))(0)	Refused(PublishError::PlacementRefused(NoFreeSlotOnAnyDevice))(0)	false	Completed
P2	2	1	0	Raise(8)+Raise(8)	Refused(MountError::Publish(PublishError::PlacementRefused(NoFreeSlotOnAnyDevice)))(0) Refused(MountError::Publish(PublishError::PlacementRefused(NoFreeSlotOnAnyDevice)))(0)	Refused(PublishError::PlacementRefused(NoFreeSlotOnAnyDevice))(0)	false	Completed
P2	2	1	0	Raise(8)+Raise(13)	Refused(MountError::Publish(PublishError::PlacementRefused(NoFreeSlotOnAnyDevice)))(0) Refused(MountError::Publish(PublishError::PlacementRefused(NoFreeSlotOnAnyDevice)))(0)	Refused(PublishError::PlacementRefused(NoFreeSlotOnAnyDevice))(0)	false	Completed
P2	2	1	0	Raise(8)+Raise(21)	Refused(MountError::Publish(PublishError::PlacementRefused(NoFreeSlotOnAnyDevice)))(0) Refused(MountError::Publish(PublishError::PlacementRefused(NoFreeSlotOnAnyDevice)))(0)	Refused(PublishError::PlacementRefused(NoFreeSlotOnAnyDevice))(0)	false	Completed
P2	2	1	0	Raise(8)+Raise(34)	Refused(MountError::Publish(PublishError::PlacementRefused(NoFreeSlotOnAnyDevice)))(0) Refused(MountError::Publish(PublishError::PlacementRefused(NoFreeSlotOnAnyDevice)))(0)	Refused(PublishError::PlacementRefused(NoFreeSlotOnAnyDevice))(0)	false	Completed
P2	2	1	0	Raise(13)	Refused(MountError::Publish(PublishError::PlacementRefused(NoFreeSlotOnAnyDevice)))(0)	Refused(PublishError::PlacementRefused(NoFreeSlotOnAnyDevice))(0)	false	Completed
P2	2	1	0	Raise(13)+Overwrite	Refused(MountError::Publish(PublishError::PlacementRefused(NoFreeSlotOnAnyDevice)))(0) Refused(PublishError::PlacementRefused(NoFreeSlotOnAnyDevice))(0)	Refused(PublishError::PlacementRefused(NoFreeSlotOnAnyDevice))(0)	false	Completed
P2	2	1	0	Raise(13)+MountWritable	Refused(MountError::Publish(PublishError::PlacementRefused(NoFreeSlotOnAnyDevice)))(0) Mounted(publishes=2)(35)	Published(23)	true	Completed
P2	2	1	0	Raise(13)+ColdStartRecover	Refused(MountError::Publish(PublishError::PlacementRefused(NoFreeSlotOnAnyDevice)))(0) Recovered(0)	NotApplicable(NoWritableSession)(0)	false	Completed
P2	2	1	0	Raise(13)+Rollback(NewestFloor)	Refused(MountError::Publish(PublishError::PlacementRefused(NoFreeSlotOnAnyDevice)))(0) Mounted(publishes=2)(35)	Published(23)	true	Completed
P2	2	1	0	Raise(13)+Rollback(Ring0)	Refused(MountError::Publish(PublishError::PlacementRefused(NoFreeSlotOnAnyDevice)))(0) Mounted(publishes=2)(35)	Published(23)	true	Completed
P2	2	1	0	Raise(13)+Rollback(Ring1)	Refused(MountError::Publish(PublishError::PlacementRefused(NoFreeSlotOnAnyDevice)))(0) Mounted(publishes=2)(35)	Published(23)	true	Completed
P2	2	1	0	Raise(13)+Rollback(Ring2)	Refused(MountError::Publish(PublishError::PlacementRefused(NoFreeSlotOnAnyDevice)))(0) Mounted(publishes=2)(35)	Published(23)	true	Completed
P2	2	1	0	Raise(13)+Rollback(Ring3)	Refused(MountError::Publish(PublishError::PlacementRefused(NoFreeSlotOnAnyDevice)))(0) Mounted(publishes=2)(35)	Published(23)	true	Completed
P2	2	1	0	Raise(13)+Raise(0)	Refused(MountError::Publish(PublishError::PlacementRefused(NoFreeSlotOnAnyDevice)))(0) Refused(MountError::Publish(PublishError::PlacementRefused(NoFreeSlotOnAnyDevice)))(0)	Refused(PublishError::PlacementRefused(NoFreeSlotOnAnyDevice))(0)	false	Completed
P2	2	1	0	Raise(13)+Raise(1)	Refused(MountError::Publish(PublishError::PlacementRefused(NoFreeSlotOnAnyDevice)))(0) Refused(MountError::Publish(PublishError::PlacementRefused(NoFreeSlotOnAnyDevice)))(0)	Refused(PublishError::PlacementRefused(NoFreeSlotOnAnyDevice))(0)	false	Completed
P2	2	1	0	Raise(13)+Raise(2)	Refused(MountError::Publish(PublishError::PlacementRefused(NoFreeSlotOnAnyDevice)))(0) Refused(MountError::Publish(PublishError::PlacementRefused(NoFreeSlotOnAnyDevice)))(0)	Refused(PublishError::PlacementRefused(NoFreeSlotOnAnyDevice))(0)	false	Completed
P2	2	1	0	Raise(13)+Raise(3)	Refused(MountError::Publish(PublishError::PlacementRefused(NoFreeSlotOnAnyDevice)))(0) Refused(MountError::Publish(PublishError::PlacementRefused(NoFreeSlotOnAnyDevice)))(0)	Refused(PublishError::PlacementRefused(NoFreeSlotOnAnyDevice))(0)	false	Completed
P2	2	1	0	Raise(13)+Raise(5)	Refused(MountError::Publish(PublishError::PlacementRefused(NoFreeSlotOnAnyDevice)))(0) Refused(MountError::Publish(PublishError::PlacementRefused(NoFreeSlotOnAnyDevice)))(0)	Refused(PublishError::PlacementRefused(NoFreeSlotOnAnyDevice))(0)	false	Completed
P2	2	1	0	Raise(13)+Raise(8)	Refused(MountError::Publish(PublishError::PlacementRefused(NoFreeSlotOnAnyDevice)))(0) Refused(MountError::Publish(PublishError::PlacementRefused(NoFreeSlotOnAnyDevice)))(0)	Refused(PublishError::PlacementRefused(NoFreeSlotOnAnyDevice))(0)	false	Completed
P2	2	1	0	Raise(13)+Raise(13)	Refused(MountError::Publish(PublishError::PlacementRefused(NoFreeSlotOnAnyDevice)))(0) Refused(MountError::Publish(PublishError::PlacementRefused(NoFreeSlotOnAnyDevice)))(0)	Refused(PublishError::PlacementRefused(NoFreeSlotOnAnyDevice))(0)	false	Completed
P2	2	1	0	Raise(13)+Raise(21)	Refused(MountError::Publish(PublishError::PlacementRefused(NoFreeSlotOnAnyDevice)))(0) Refused(MountError::Publish(PublishError::PlacementRefused(NoFreeSlotOnAnyDevice)))(0)	Refused(PublishError::PlacementRefused(NoFreeSlotOnAnyDevice))(0)	false	Completed
P2	2	1	0	Raise(13)+Raise(34)	Refused(MountError::Publish(PublishError::PlacementRefused(NoFreeSlotOnAnyDevice)))(0) Refused(MountError::Publish(PublishError::PlacementRefused(NoFreeSlotOnAnyDevice)))(0)	Refused(PublishError::PlacementRefused(NoFreeSlotOnAnyDevice))(0)	false	Completed
P2	2	1	0	Raise(21)	Refused(MountError::Publish(PublishError::PlacementRefused(NoFreeSlotOnAnyDevice)))(0)	Refused(PublishError::PlacementRefused(NoFreeSlotOnAnyDevice))(0)	false	Completed
P2	2	1	0	Raise(21)+Overwrite	Refused(MountError::Publish(PublishError::PlacementRefused(NoFreeSlotOnAnyDevice)))(0) Refused(PublishError::PlacementRefused(NoFreeSlotOnAnyDevice))(0)	Refused(PublishError::PlacementRefused(NoFreeSlotOnAnyDevice))(0)	false	Completed
P2	2	1	0	Raise(21)+MountWritable	Refused(MountError::Publish(PublishError::PlacementRefused(NoFreeSlotOnAnyDevice)))(0) Mounted(publishes=2)(35)	Published(23)	true	Completed
P2	2	1	0	Raise(21)+ColdStartRecover	Refused(MountError::Publish(PublishError::PlacementRefused(NoFreeSlotOnAnyDevice)))(0) Recovered(0)	NotApplicable(NoWritableSession)(0)	false	Completed
P2	2	1	0	Raise(21)+Rollback(NewestFloor)	Refused(MountError::Publish(PublishError::PlacementRefused(NoFreeSlotOnAnyDevice)))(0) Mounted(publishes=2)(35)	Published(23)	true	Completed
P2	2	1	0	Raise(21)+Rollback(Ring0)	Refused(MountError::Publish(PublishError::PlacementRefused(NoFreeSlotOnAnyDevice)))(0) Mounted(publishes=2)(35)	Published(23)	true	Completed
P2	2	1	0	Raise(21)+Rollback(Ring1)	Refused(MountError::Publish(PublishError::PlacementRefused(NoFreeSlotOnAnyDevice)))(0) Mounted(publishes=2)(35)	Published(23)	true	Completed
P2	2	1	0	Raise(21)+Rollback(Ring2)	Refused(MountError::Publish(PublishError::PlacementRefused(NoFreeSlotOnAnyDevice)))(0) Mounted(publishes=2)(35)	Published(23)	true	Completed
P2	2	1	0	Raise(21)+Rollback(Ring3)	Refused(MountError::Publish(PublishError::PlacementRefused(NoFreeSlotOnAnyDevice)))(0) Mounted(publishes=2)(35)	Published(23)	true	Completed
P2	2	1	0	Raise(21)+Raise(0)	Refused(MountError::Publish(PublishError::PlacementRefused(NoFreeSlotOnAnyDevice)))(0) Refused(MountError::Publish(PublishError::PlacementRefused(NoFreeSlotOnAnyDevice)))(0)	Refused(PublishError::PlacementRefused(NoFreeSlotOnAnyDevice))(0)	false	Completed
P2	2	1	0	Raise(21)+Raise(1)	Refused(MountError::Publish(PublishError::PlacementRefused(NoFreeSlotOnAnyDevice)))(0) Refused(MountError::Publish(PublishError::PlacementRefused(NoFreeSlotOnAnyDevice)))(0)	Refused(PublishError::PlacementRefused(NoFreeSlotOnAnyDevice))(0)	false	Completed
P2	2	1	0	Raise(21)+Raise(2)	Refused(MountError::Publish(PublishError::PlacementRefused(NoFreeSlotOnAnyDevice)))(0) Refused(MountError::Publish(PublishError::PlacementRefused(NoFreeSlotOnAnyDevice)))(0)	Refused(PublishError::PlacementRefused(NoFreeSlotOnAnyDevice))(0)	false	Completed
P2	2	1	0	Raise(21)+Raise(3)	Refused(MountError::Publish(PublishError::PlacementRefused(NoFreeSlotOnAnyDevice)))(0) Refused(MountError::Publish(PublishError::PlacementRefused(NoFreeSlotOnAnyDevice)))(0)	Refused(PublishError::PlacementRefused(NoFreeSlotOnAnyDevice))(0)	false	Completed
P2	2	1	0	Raise(21)+Raise(5)	Refused(MountError::Publish(PublishError::PlacementRefused(NoFreeSlotOnAnyDevice)))(0) Refused(MountError::Publish(PublishError::PlacementRefused(NoFreeSlotOnAnyDevice)))(0)	Refused(PublishError::PlacementRefused(NoFreeSlotOnAnyDevice))(0)	false	Completed
P2	2	1	0	Raise(21)+Raise(8)	Refused(MountError::Publish(PublishError::PlacementRefused(NoFreeSlotOnAnyDevice)))(0) Refused(MountError::Publish(PublishError::PlacementRefused(NoFreeSlotOnAnyDevice)))(0)	Refused(PublishError::PlacementRefused(NoFreeSlotOnAnyDevice))(0)	false	Completed
P2	2	1	0	Raise(21)+Raise(13)	Refused(MountError::Publish(PublishError::PlacementRefused(NoFreeSlotOnAnyDevice)))(0) Refused(MountError::Publish(PublishError::PlacementRefused(NoFreeSlotOnAnyDevice)))(0)	Refused(PublishError::PlacementRefused(NoFreeSlotOnAnyDevice))(0)	false	Completed
P2	2	1	0	Raise(21)+Raise(21)	Refused(MountError::Publish(PublishError::PlacementRefused(NoFreeSlotOnAnyDevice)))(0) Refused(MountError::Publish(PublishError::PlacementRefused(NoFreeSlotOnAnyDevice)))(0)	Refused(PublishError::PlacementRefused(NoFreeSlotOnAnyDevice))(0)	false	Completed
P2	2	1	0	Raise(21)+Raise(34)	Refused(MountError::Publish(PublishError::PlacementRefused(NoFreeSlotOnAnyDevice)))(0) Refused(MountError::Publish(PublishError::PlacementRefused(NoFreeSlotOnAnyDevice)))(0)	Refused(PublishError::PlacementRefused(NoFreeSlotOnAnyDevice))(0)	false	Completed
P2	2	1	0	Raise(34)	Refused(MountError::Publish(PublishError::PlacementRefused(NoFreeSlotOnAnyDevice)))(0)	Refused(PublishError::PlacementRefused(NoFreeSlotOnAnyDevice))(0)	false	Completed
P2	2	1	0	Raise(34)+Overwrite	Refused(MountError::Publish(PublishError::PlacementRefused(NoFreeSlotOnAnyDevice)))(0) Refused(PublishError::PlacementRefused(NoFreeSlotOnAnyDevice))(0)	Refused(PublishError::PlacementRefused(NoFreeSlotOnAnyDevice))(0)	false	Completed
P2	2	1	0	Raise(34)+MountWritable	Refused(MountError::Publish(PublishError::PlacementRefused(NoFreeSlotOnAnyDevice)))(0) Mounted(publishes=2)(35)	Published(23)	true	Completed
P2	2	1	0	Raise(34)+ColdStartRecover	Refused(MountError::Publish(PublishError::PlacementRefused(NoFreeSlotOnAnyDevice)))(0) Recovered(0)	NotApplicable(NoWritableSession)(0)	false	Completed
P2	2	1	0	Raise(34)+Rollback(NewestFloor)	Refused(MountError::Publish(PublishError::PlacementRefused(NoFreeSlotOnAnyDevice)))(0) Mounted(publishes=2)(35)	Published(23)	true	Completed
P2	2	1	0	Raise(34)+Rollback(Ring0)	Refused(MountError::Publish(PublishError::PlacementRefused(NoFreeSlotOnAnyDevice)))(0) Mounted(publishes=2)(35)	Published(23)	true	Completed
P2	2	1	0	Raise(34)+Rollback(Ring1)	Refused(MountError::Publish(PublishError::PlacementRefused(NoFreeSlotOnAnyDevice)))(0) Mounted(publishes=2)(35)	Published(23)	true	Completed
P2	2	1	0	Raise(34)+Rollback(Ring2)	Refused(MountError::Publish(PublishError::PlacementRefused(NoFreeSlotOnAnyDevice)))(0) Mounted(publishes=2)(35)	Published(23)	true	Completed
P2	2	1	0	Raise(34)+Rollback(Ring3)	Refused(MountError::Publish(PublishError::PlacementRefused(NoFreeSlotOnAnyDevice)))(0) Mounted(publishes=2)(35)	Published(23)	true	Completed
P2	2	1	0	Raise(34)+Raise(0)	Refused(MountError::Publish(PublishError::PlacementRefused(NoFreeSlotOnAnyDevice)))(0) Refused(MountError::Publish(PublishError::PlacementRefused(NoFreeSlotOnAnyDevice)))(0)	Refused(PublishError::PlacementRefused(NoFreeSlotOnAnyDevice))(0)	false	Completed
P2	2	1	0	Raise(34)+Raise(1)	Refused(MountError::Publish(PublishError::PlacementRefused(NoFreeSlotOnAnyDevice)))(0) Refused(MountError::Publish(PublishError::PlacementRefused(NoFreeSlotOnAnyDevice)))(0)	Refused(PublishError::PlacementRefused(NoFreeSlotOnAnyDevice))(0)	false	Completed
P2	2	1	0	Raise(34)+Raise(2)	Refused(MountError::Publish(PublishError::PlacementRefused(NoFreeSlotOnAnyDevice)))(0) Refused(MountError::Publish(PublishError::PlacementRefused(NoFreeSlotOnAnyDevice)))(0)	Refused(PublishError::PlacementRefused(NoFreeSlotOnAnyDevice))(0)	false	Completed
P2	2	1	0	Raise(34)+Raise(3)	Refused(MountError::Publish(PublishError::PlacementRefused(NoFreeSlotOnAnyDevice)))(0) Refused(MountError::Publish(PublishError::PlacementRefused(NoFreeSlotOnAnyDevice)))(0)	Refused(PublishError::PlacementRefused(NoFreeSlotOnAnyDevice))(0)	false	Completed
P2	2	1	0	Raise(34)+Raise(5)	Refused(MountError::Publish(PublishError::PlacementRefused(NoFreeSlotOnAnyDevice)))(0) Refused(MountError::Publish(PublishError::PlacementRefused(NoFreeSlotOnAnyDevice)))(0)	Refused(PublishError::PlacementRefused(NoFreeSlotOnAnyDevice))(0)	false	Completed
P2	2	1	0	Raise(34)+Raise(8)	Refused(MountError::Publish(PublishError::PlacementRefused(NoFreeSlotOnAnyDevice)))(0) Refused(MountError::Publish(PublishError::PlacementRefused(NoFreeSlotOnAnyDevice)))(0)	Refused(PublishError::PlacementRefused(NoFreeSlotOnAnyDevice))(0)	false	Completed
P2	2	1	0	Raise(34)+Raise(13)	Refused(MountError::Publish(PublishError::PlacementRefused(NoFreeSlotOnAnyDevice)))(0) Refused(MountError::Publish(PublishError::PlacementRefused(NoFreeSlotOnAnyDevice)))(0)	Refused(PublishError::PlacementRefused(NoFreeSlotOnAnyDevice))(0)	false	Completed
P2	2	1	0	Raise(34)+Raise(21)	Refused(MountError::Publish(PublishError::PlacementRefused(NoFreeSlotOnAnyDevice)))(0) Refused(MountError::Publish(PublishError::PlacementRefused(NoFreeSlotOnAnyDevice)))(0)	Refused(PublishError::PlacementRefused(NoFreeSlotOnAnyDevice))(0)	false	Completed
P2	2	1	0	Raise(34)+Raise(34)	Refused(MountError::Publish(PublishError::PlacementRefused(NoFreeSlotOnAnyDevice)))(0) Refused(MountError::Publish(PublishError::PlacementRefused(NoFreeSlotOnAnyDevice)))(0)	Refused(PublishError::PlacementRefused(NoFreeSlotOnAnyDevice))(0)	false	Completed
P2	2	2	0	Overwrite	Refused(PublishError::PlacementRefused(NoFreeSlotOnAnyDevice))(0)	Refused(PublishError::PlacementRefused(NoFreeSlotOnAnyDevice))(0)	false	Completed
P2	2	2	0	Overwrite+Overwrite	Refused(PublishError::PlacementRefused(NoFreeSlotOnAnyDevice))(0) Refused(PublishError::PlacementRefused(NoFreeSlotOnAnyDevice))(0)	Refused(PublishError::PlacementRefused(NoFreeSlotOnAnyDevice))(0)	false	Completed
P2	2	2	0	Overwrite+MountWritable	Refused(PublishError::PlacementRefused(NoFreeSlotOnAnyDevice))(0) Mounted(publishes=3)(50)	Published(23)	true	Completed
P2	2	2	0	Overwrite+ColdStartRecover	Refused(PublishError::PlacementRefused(NoFreeSlotOnAnyDevice))(0) Recovered(0)	NotApplicable(NoWritableSession)(0)	false	Completed
P2	2	2	0	Overwrite+Rollback(NewestFloor)	Refused(PublishError::PlacementRefused(NoFreeSlotOnAnyDevice))(0) Mounted(publishes=3)(50)	Published(23)	true	Completed
P2	2	2	0	Overwrite+Rollback(Ring0)	Refused(PublishError::PlacementRefused(NoFreeSlotOnAnyDevice))(0) Mounted(publishes=3)(50)	Published(23)	true	Completed
P2	2	2	0	Overwrite+Rollback(Ring1)	Refused(PublishError::PlacementRefused(NoFreeSlotOnAnyDevice))(0) Mounted(publishes=3)(50)	Published(23)	true	Completed
P2	2	2	0	Overwrite+Rollback(Ring2)	Refused(PublishError::PlacementRefused(NoFreeSlotOnAnyDevice))(0) Mounted(publishes=3)(50)	Published(23)	true	Completed
P2	2	2	0	Overwrite+Rollback(Ring3)	Refused(PublishError::PlacementRefused(NoFreeSlotOnAnyDevice))(0) Mounted(publishes=3)(50)	Published(23)	true	Completed
P2	2	2	0	Overwrite+Raise(0)	Refused(PublishError::PlacementRefused(NoFreeSlotOnAnyDevice))(0) Refused(MountError::Publish(PublishError::PlacementRefused(NoFreeSlotOnAnyDevice)))(0)	Refused(PublishError::PlacementRefused(NoFreeSlotOnAnyDevice))(0)	false	Completed
P2	2	2	0	Overwrite+Raise(1)	Refused(PublishError::PlacementRefused(NoFreeSlotOnAnyDevice))(0) Refused(MountError::Publish(PublishError::PlacementRefused(NoFreeSlotOnAnyDevice)))(0)	Refused(PublishError::PlacementRefused(NoFreeSlotOnAnyDevice))(0)	false	Completed
P2	2	2	0	Overwrite+Raise(2)	Refused(PublishError::PlacementRefused(NoFreeSlotOnAnyDevice))(0) Refused(MountError::Publish(PublishError::PlacementRefused(NoFreeSlotOnAnyDevice)))(0)	Refused(PublishError::PlacementRefused(NoFreeSlotOnAnyDevice))(0)	false	Completed
P2	2	2	0	Overwrite+Raise(3)	Refused(PublishError::PlacementRefused(NoFreeSlotOnAnyDevice))(0) Refused(MountError::Publish(PublishError::PlacementRefused(NoFreeSlotOnAnyDevice)))(0)	Refused(PublishError::PlacementRefused(NoFreeSlotOnAnyDevice))(0)	false	Completed
P2	2	2	0	Overwrite+Raise(5)	Refused(PublishError::PlacementRefused(NoFreeSlotOnAnyDevice))(0) Refused(MountError::Publish(PublishError::PlacementRefused(NoFreeSlotOnAnyDevice)))(0)	Refused(PublishError::PlacementRefused(NoFreeSlotOnAnyDevice))(0)	false	Completed
P2	2	2	0	Overwrite+Raise(8)	Refused(PublishError::PlacementRefused(NoFreeSlotOnAnyDevice))(0) Refused(MountError::Publish(PublishError::PlacementRefused(NoFreeSlotOnAnyDevice)))(0)	Refused(PublishError::PlacementRefused(NoFreeSlotOnAnyDevice))(0)	false	Completed
P2	2	2	0	Overwrite+Raise(13)	Refused(PublishError::PlacementRefused(NoFreeSlotOnAnyDevice))(0) Refused(MountError::Publish(PublishError::PlacementRefused(NoFreeSlotOnAnyDevice)))(0)	Refused(PublishError::PlacementRefused(NoFreeSlotOnAnyDevice))(0)	false	Completed
P2	2	2	0	Overwrite+Raise(21)	Refused(PublishError::PlacementRefused(NoFreeSlotOnAnyDevice))(0) Refused(MountError::Publish(PublishError::PlacementRefused(NoFreeSlotOnAnyDevice)))(0)	Refused(PublishError::PlacementRefused(NoFreeSlotOnAnyDevice))(0)	false	Completed
P2	2	2	0	Overwrite+Raise(34)	Refused(PublishError::PlacementRefused(NoFreeSlotOnAnyDevice))(0) Refused(MountError::Publish(PublishError::PlacementRefused(NoFreeSlotOnAnyDevice)))(0)	Refused(PublishError::PlacementRefused(NoFreeSlotOnAnyDevice))(0)	false	Completed
P2	2	2	0	MountWritable	Mounted(publishes=3)(50)	Published(23)	true	Completed
P2	2	2	0	MountWritable+Overwrite	Mounted(publishes=3)(50) Published(23)	Published(23)	true	Completed
P2	2	2	0	MountWritable+MountWritable	Mounted(publishes=3)(50) Mounted(publishes=3)(50)	Published(23)	true	Completed
P2	2	2	0	MountWritable+ColdStartRecover	Mounted(publishes=3)(50) Recovered(0)	NotApplicable(NoWritableSession)(0)	false	Completed
P2	2	2	0	MountWritable+Rollback(NewestFloor)	Mounted(publishes=3)(50) Mounted(publishes=3)(50)	Published(23)	true	Completed
P2	2	2	0	MountWritable+Rollback(Ring0)	Mounted(publishes=3)(50) Mounted(publishes=3)(50)	Published(23)	true	Completed
P2	2	2	0	MountWritable+Rollback(Ring1)	Mounted(publishes=3)(50) Mounted(publishes=3)(50)	Published(23)	true	Completed
P2	2	2	0	MountWritable+Rollback(Ring2)	Mounted(publishes=3)(50) Mounted(publishes=3)(50)	Published(23)	true	Completed
P2	2	2	0	MountWritable+Rollback(Ring3)	Mounted(publishes=3)(50) Mounted(publishes=3)(50)	Published(23)	true	Completed
P2	2	2	0	MountWritable+Raise(0)	Mounted(publishes=3)(50) RaisedFloor(F=0,publishes=3)(45)	Published(23)	true	Completed
P2	2	2	0	MountWritable+Raise(1)	Mounted(publishes=3)(50) RaisedFloor(F=1,publishes=3)(45)	Published(23)	true	Completed
P2	2	2	0	MountWritable+Raise(2)	Mounted(publishes=3)(50) RaisedFloor(F=2,publishes=3)(45)	Published(23)	true	Completed
P2	2	2	0	MountWritable+Raise(3)	Mounted(publishes=3)(50) RaisedFloor(F=3,publishes=3)(45)	Published(23)	true	Completed
P2	2	2	0	MountWritable+Raise(5)	Mounted(publishes=3)(50) RaisedFloor(F=5,publishes=3)(45)	Published(23)	true	Completed
P2	2	2	0	MountWritable+Raise(8)	Mounted(publishes=3)(50) RaisedFloor(F=8,publishes=3)(45)	Published(23)	true	Completed
P2	2	2	0	MountWritable+Raise(13)	Mounted(publishes=3)(50) RaisedFloor(F=13,publishes=3)(45)	Published(23)	true	Completed
P2	2	2	0	MountWritable+Raise(21)	Mounted(publishes=3)(50) RaisedFloor(F=21,publishes=3)(45)	Published(23)	true	Completed
P2	2	2	0	MountWritable+Raise(34)	Mounted(publishes=3)(50) RaisedFloor(F=34,publishes=3)(45)	Published(23)	true	Completed
P2	2	2	0	ColdStartRecover	Recovered(0)	NotApplicable(NoWritableSession)(0)	false	Completed
P2	2	2	0	ColdStartRecover+Overwrite	Recovered(0) NotApplicable(NoWritableSession)(0)	NotApplicable(NoWritableSession)(0)	false	Completed
P2	2	2	0	ColdStartRecover+MountWritable	Recovered(0) Mounted(publishes=3)(50)	Published(23)	true	Completed
P2	2	2	0	ColdStartRecover+ColdStartRecover	Recovered(0) Recovered(0)	NotApplicable(NoWritableSession)(0)	false	Completed
P2	2	2	0	ColdStartRecover+Rollback(NewestFloor)	Recovered(0) Mounted(publishes=3)(50)	Published(23)	true	Completed
P2	2	2	0	ColdStartRecover+Rollback(Ring0)	Recovered(0) Mounted(publishes=3)(50)	Published(23)	true	Completed
P2	2	2	0	ColdStartRecover+Rollback(Ring1)	Recovered(0) Mounted(publishes=3)(50)	Published(23)	true	Completed
P2	2	2	0	ColdStartRecover+Rollback(Ring2)	Recovered(0) Mounted(publishes=3)(50)	Published(23)	true	Completed
P2	2	2	0	ColdStartRecover+Rollback(Ring3)	Recovered(0) Mounted(publishes=3)(50)	Published(23)	true	Completed
P2	2	2	0	ColdStartRecover+Raise(0)	Recovered(0) NotApplicable(NoWritableSession)(0)	NotApplicable(NoWritableSession)(0)	false	Completed
P2	2	2	0	ColdStartRecover+Raise(1)	Recovered(0) NotApplicable(NoWritableSession)(0)	NotApplicable(NoWritableSession)(0)	false	Completed
P2	2	2	0	ColdStartRecover+Raise(2)	Recovered(0) NotApplicable(NoWritableSession)(0)	NotApplicable(NoWritableSession)(0)	false	Completed
P2	2	2	0	ColdStartRecover+Raise(3)	Recovered(0) NotApplicable(NoWritableSession)(0)	NotApplicable(NoWritableSession)(0)	false	Completed
P2	2	2	0	ColdStartRecover+Raise(5)	Recovered(0) NotApplicable(NoWritableSession)(0)	NotApplicable(NoWritableSession)(0)	false	Completed
P2	2	2	0	ColdStartRecover+Raise(8)	Recovered(0) NotApplicable(NoWritableSession)(0)	NotApplicable(NoWritableSession)(0)	false	Completed
P2	2	2	0	ColdStartRecover+Raise(13)	Recovered(0) NotApplicable(NoWritableSession)(0)	NotApplicable(NoWritableSession)(0)	false	Completed
P2	2	2	0	ColdStartRecover+Raise(21)	Recovered(0) NotApplicable(NoWritableSession)(0)	NotApplicable(NoWritableSession)(0)	false	Completed
P2	2	2	0	ColdStartRecover+Raise(34)	Recovered(0) NotApplicable(NoWritableSession)(0)	NotApplicable(NoWritableSession)(0)	false	Completed
P2	2	2	0	Rollback(NewestFloor)	Mounted(publishes=3)(50)	Published(23)	true	Completed
P2	2	2	0	Rollback(NewestFloor)+Overwrite	Mounted(publishes=3)(50) Published(23)	Published(23)	true	Completed
P2	2	2	0	Rollback(NewestFloor)+MountWritable	Mounted(publishes=3)(50) Mounted(publishes=3)(50)	Published(23)	true	Completed
P2	2	2	0	Rollback(NewestFloor)+ColdStartRecover	Mounted(publishes=3)(50) Recovered(0)	NotApplicable(NoWritableSession)(0)	false	Completed
P2	2	2	0	Rollback(NewestFloor)+Rollback(NewestFloor)	Mounted(publishes=3)(50) Mounted(publishes=3)(50)	Published(23)	true	Completed
P2	2	2	0	Rollback(NewestFloor)+Rollback(Ring0)	Mounted(publishes=3)(50) Mounted(publishes=3)(50)	Published(23)	true	Completed
P2	2	2	0	Rollback(NewestFloor)+Rollback(Ring1)	Mounted(publishes=3)(50) Mounted(publishes=3)(50)	Published(23)	true	Completed
P2	2	2	0	Rollback(NewestFloor)+Rollback(Ring2)	Mounted(publishes=3)(50) Mounted(publishes=3)(50)	Published(23)	true	Completed
P2	2	2	0	Rollback(NewestFloor)+Rollback(Ring3)	Mounted(publishes=3)(50) Mounted(publishes=3)(50)	Published(23)	true	Completed
P2	2	2	0	Rollback(NewestFloor)+Raise(0)	Mounted(publishes=3)(50) RaisedFloor(F=0,publishes=3)(45)	Published(23)	true	Completed
P2	2	2	0	Rollback(NewestFloor)+Raise(1)	Mounted(publishes=3)(50) RaisedFloor(F=1,publishes=3)(45)	Published(23)	true	Completed
P2	2	2	0	Rollback(NewestFloor)+Raise(2)	Mounted(publishes=3)(50) RaisedFloor(F=2,publishes=3)(45)	Published(23)	true	Completed
P2	2	2	0	Rollback(NewestFloor)+Raise(3)	Mounted(publishes=3)(50) RaisedFloor(F=3,publishes=3)(45)	Published(23)	true	Completed
P2	2	2	0	Rollback(NewestFloor)+Raise(5)	Mounted(publishes=3)(50) RaisedFloor(F=5,publishes=3)(45)	Published(23)	true	Completed
P2	2	2	0	Rollback(NewestFloor)+Raise(8)	Mounted(publishes=3)(50) RaisedFloor(F=8,publishes=3)(45)	Published(23)	true	Completed
P2	2	2	0	Rollback(NewestFloor)+Raise(13)	Mounted(publishes=3)(50) RaisedFloor(F=13,publishes=3)(45)	Published(23)	true	Completed
P2	2	2	0	Rollback(NewestFloor)+Raise(21)	Mounted(publishes=3)(50) RaisedFloor(F=21,publishes=3)(45)	Published(23)	true	Completed
P2	2	2	0	Rollback(NewestFloor)+Raise(34)	Mounted(publishes=3)(50) RaisedFloor(F=34,publishes=3)(45)	Published(23)	true	Completed
P2	2	2	0	Rollback(Ring0)	Mounted(publishes=3)(50)	Published(23)	true	Completed
P2	2	2	0	Rollback(Ring0)+Overwrite	Mounted(publishes=3)(50) Published(23)	Published(23)	true	Completed
P2	2	2	0	Rollback(Ring0)+MountWritable	Mounted(publishes=3)(50) Mounted(publishes=3)(50)	Published(23)	true	Completed
P2	2	2	0	Rollback(Ring0)+ColdStartRecover	Mounted(publishes=3)(50) Recovered(0)	NotApplicable(NoWritableSession)(0)	false	Completed
P2	2	2	0	Rollback(Ring0)+Rollback(NewestFloor)	Mounted(publishes=3)(50) Mounted(publishes=3)(50)	Published(23)	true	Completed
P2	2	2	0	Rollback(Ring0)+Rollback(Ring0)	Mounted(publishes=3)(50) Mounted(publishes=3)(50)	Published(23)	true	Completed
P2	2	2	0	Rollback(Ring0)+Rollback(Ring1)	Mounted(publishes=3)(50) Mounted(publishes=3)(50)	Published(23)	true	Completed
P2	2	2	0	Rollback(Ring0)+Rollback(Ring2)	Mounted(publishes=3)(50) Mounted(publishes=3)(50)	Published(23)	true	Completed
P2	2	2	0	Rollback(Ring0)+Rollback(Ring3)	Mounted(publishes=3)(50) Mounted(publishes=3)(50)	Published(23)	true	Completed
P2	2	2	0	Rollback(Ring0)+Raise(0)	Mounted(publishes=3)(50) RaisedFloor(F=0,publishes=3)(45)	Published(23)	true	Completed
P2	2	2	0	Rollback(Ring0)+Raise(1)	Mounted(publishes=3)(50) RaisedFloor(F=1,publishes=3)(45)	Published(23)	true	Completed
P2	2	2	0	Rollback(Ring0)+Raise(2)	Mounted(publishes=3)(50) RaisedFloor(F=2,publishes=3)(45)	Published(23)	true	Completed
P2	2	2	0	Rollback(Ring0)+Raise(3)	Mounted(publishes=3)(50) RaisedFloor(F=3,publishes=3)(45)	Published(23)	true	Completed
P2	2	2	0	Rollback(Ring0)+Raise(5)	Mounted(publishes=3)(50) RaisedFloor(F=5,publishes=3)(45)	Published(23)	true	Completed
P2	2	2	0	Rollback(Ring0)+Raise(8)	Mounted(publishes=3)(50) RaisedFloor(F=8,publishes=3)(45)	Published(23)	true	Completed
P2	2	2	0	Rollback(Ring0)+Raise(13)	Mounted(publishes=3)(50) RaisedFloor(F=13,publishes=3)(45)	Published(23)	true	Completed
P2	2	2	0	Rollback(Ring0)+Raise(21)	Mounted(publishes=3)(50) RaisedFloor(F=21,publishes=3)(45)	Published(23)	true	Completed
P2	2	2	0	Rollback(Ring0)+Raise(34)	Mounted(publishes=3)(50) RaisedFloor(F=34,publishes=3)(45)	Published(23)	true	Completed
P2	2	2	0	Rollback(Ring1)	Mounted(publishes=3)(50)	Published(23)	true	Completed
P2	2	2	0	Rollback(Ring1)+Overwrite	Mounted(publishes=3)(50) Published(23)	Published(23)	true	Completed
P2	2	2	0	Rollback(Ring1)+MountWritable	Mounted(publishes=3)(50) Mounted(publishes=3)(50)	Published(23)	true	Completed
P2	2	2	0	Rollback(Ring1)+ColdStartRecover	Mounted(publishes=3)(50) Recovered(0)	NotApplicable(NoWritableSession)(0)	false	Completed
P2	2	2	0	Rollback(Ring1)+Rollback(NewestFloor)	Mounted(publishes=3)(50) Mounted(publishes=3)(50)	Published(23)	true	Completed
P2	2	2	0	Rollback(Ring1)+Rollback(Ring0)	Mounted(publishes=3)(50) Mounted(publishes=3)(50)	Published(23)	true	Completed
P2	2	2	0	Rollback(Ring1)+Rollback(Ring1)	Mounted(publishes=3)(50) Mounted(publishes=3)(50)	Published(23)	true	Completed
P2	2	2	0	Rollback(Ring1)+Rollback(Ring2)	Mounted(publishes=3)(50) Mounted(publishes=3)(50)	Published(23)	true	Completed
P2	2	2	0	Rollback(Ring1)+Rollback(Ring3)	Mounted(publishes=3)(50) Refused(MountError::RollbackTargetNotACandidate(OnAbandonedTimeline))(0)	NotApplicable(NoWritableSession)(0)	false	Completed
P2	2	2	0	Rollback(Ring1)+Raise(0)	Mounted(publishes=3)(50) RaisedFloor(F=0,publishes=3)(45)	Published(23)	true	Completed
P2	2	2	0	Rollback(Ring1)+Raise(1)	Mounted(publishes=3)(50) RaisedFloor(F=1,publishes=3)(45)	Published(23)	true	Completed
P2	2	2	0	Rollback(Ring1)+Raise(2)	Mounted(publishes=3)(50) RaisedFloor(F=2,publishes=3)(45)	Published(23)	true	Completed
P2	2	2	0	Rollback(Ring1)+Raise(3)	Mounted(publishes=3)(50) RaisedFloor(F=3,publishes=3)(45)	Published(23)	true	Completed
P2	2	2	0	Rollback(Ring1)+Raise(5)	Mounted(publishes=3)(50) RaisedFloor(F=5,publishes=3)(45)	Published(23)	true	Completed
P2	2	2	0	Rollback(Ring1)+Raise(8)	Mounted(publishes=3)(50) RaisedFloor(F=8,publishes=3)(45)	Published(23)	true	Completed
P2	2	2	0	Rollback(Ring1)+Raise(13)	Mounted(publishes=3)(50) RaisedFloor(F=13,publishes=3)(45)	Published(23)	true	Completed
P2	2	2	0	Rollback(Ring1)+Raise(21)	Mounted(publishes=3)(50) RaisedFloor(F=21,publishes=3)(45)	Published(23)	true	Completed
P2	2	2	0	Rollback(Ring1)+Raise(34)	Mounted(publishes=3)(50) RaisedFloor(F=34,publishes=3)(45)	Published(23)	true	Completed
P2	2	2	0	Rollback(Ring2)	Mounted(publishes=3)(50)	Published(23)	true	Completed
P2	2	2	0	Rollback(Ring2)+Overwrite	Mounted(publishes=3)(50) Published(23)	Published(23)	true	Completed
P2	2	2	0	Rollback(Ring2)+MountWritable	Mounted(publishes=3)(50) Mounted(publishes=3)(50)	Published(23)	true	Completed
P2	2	2	0	Rollback(Ring2)+ColdStartRecover	Mounted(publishes=3)(50) Recovered(0)	NotApplicable(NoWritableSession)(0)	false	Completed
P2	2	2	0	Rollback(Ring2)+Rollback(NewestFloor)	Mounted(publishes=3)(50) Mounted(publishes=3)(50)	Published(23)	true	Completed
P2	2	2	0	Rollback(Ring2)+Rollback(Ring0)	Mounted(publishes=3)(50) Mounted(publishes=3)(50)	Published(23)	true	Completed
P2	2	2	0	Rollback(Ring2)+Rollback(Ring1)	Mounted(publishes=3)(50) Mounted(publishes=3)(50)	Published(23)	true	Completed
P2	2	2	0	Rollback(Ring2)+Rollback(Ring2)	Mounted(publishes=3)(50) Mounted(publishes=3)(50)	Published(23)	true	Completed
P2	2	2	0	Rollback(Ring2)+Rollback(Ring3)	Mounted(publishes=3)(50) Refused(MountError::RollbackTargetNotACandidate(OnAbandonedTimeline))(0)	NotApplicable(NoWritableSession)(0)	false	Completed
P2	2	2	0	Rollback(Ring2)+Raise(0)	Mounted(publishes=3)(50) RaisedFloor(F=0,publishes=3)(45)	Published(23)	true	Completed
P2	2	2	0	Rollback(Ring2)+Raise(1)	Mounted(publishes=3)(50) RaisedFloor(F=1,publishes=3)(45)	Published(23)	true	Completed
P2	2	2	0	Rollback(Ring2)+Raise(2)	Mounted(publishes=3)(50) RaisedFloor(F=2,publishes=3)(45)	Published(23)	true	Completed
P2	2	2	0	Rollback(Ring2)+Raise(3)	Mounted(publishes=3)(50) RaisedFloor(F=3,publishes=3)(45)	Published(23)	true	Completed
P2	2	2	0	Rollback(Ring2)+Raise(5)	Mounted(publishes=3)(50) RaisedFloor(F=5,publishes=3)(45)	Published(23)	true	Completed
P2	2	2	0	Rollback(Ring2)+Raise(8)	Mounted(publishes=3)(50) RaisedFloor(F=8,publishes=3)(45)	Published(23)	true	Completed
P2	2	2	0	Rollback(Ring2)+Raise(13)	Mounted(publishes=3)(50) RaisedFloor(F=13,publishes=3)(45)	Published(23)	true	Completed
P2	2	2	0	Rollback(Ring2)+Raise(21)	Mounted(publishes=3)(50) RaisedFloor(F=21,publishes=3)(45)	Published(23)	true	Completed
P2	2	2	0	Rollback(Ring2)+Raise(34)	Mounted(publishes=3)(50) RaisedFloor(F=34,publishes=3)(45)	Published(23)	true	Completed
P2	2	2	0	Rollback(Ring3)	Mounted(publishes=3)(50)	Published(23)	true	Completed
P2	2	2	0	Rollback(Ring3)+Overwrite	Mounted(publishes=3)(50) Published(23)	Published(23)	true	Completed
P2	2	2	0	Rollback(Ring3)+MountWritable	Mounted(publishes=3)(50) Mounted(publishes=3)(50)	Published(23)	true	Completed
P2	2	2	0	Rollback(Ring3)+ColdStartRecover	Mounted(publishes=3)(50) Recovered(0)	NotApplicable(NoWritableSession)(0)	false	Completed
P2	2	2	0	Rollback(Ring3)+Rollback(NewestFloor)	Mounted(publishes=3)(50) Mounted(publishes=3)(50)	Published(23)	true	Completed
P2	2	2	0	Rollback(Ring3)+Rollback(Ring0)	Mounted(publishes=3)(50) Mounted(publishes=3)(50)	Published(23)	true	Completed
P2	2	2	0	Rollback(Ring3)+Rollback(Ring1)	Mounted(publishes=3)(50) Mounted(publishes=3)(50)	Published(23)	true	Completed
P2	2	2	0	Rollback(Ring3)+Rollback(Ring2)	Mounted(publishes=3)(50) Mounted(publishes=3)(50)	Published(23)	true	Completed
P2	2	2	0	Rollback(Ring3)+Rollback(Ring3)	Mounted(publishes=3)(50) Refused(MountError::RollbackTargetNotACandidate(OnAbandonedTimeline))(0)	NotApplicable(NoWritableSession)(0)	false	Completed
P2	2	2	0	Rollback(Ring3)+Raise(0)	Mounted(publishes=3)(50) RaisedFloor(F=0,publishes=3)(45)	Published(23)	true	Completed
P2	2	2	0	Rollback(Ring3)+Raise(1)	Mounted(publishes=3)(50) RaisedFloor(F=1,publishes=3)(45)	Published(23)	true	Completed
P2	2	2	0	Rollback(Ring3)+Raise(2)	Mounted(publishes=3)(50) RaisedFloor(F=2,publishes=3)(45)	Published(23)	true	Completed
P2	2	2	0	Rollback(Ring3)+Raise(3)	Mounted(publishes=3)(50) RaisedFloor(F=3,publishes=3)(45)	Published(23)	true	Completed
P2	2	2	0	Rollback(Ring3)+Raise(5)	Mounted(publishes=3)(50) RaisedFloor(F=5,publishes=3)(45)	Published(23)	true	Completed
P2	2	2	0	Rollback(Ring3)+Raise(8)	Mounted(publishes=3)(50) RaisedFloor(F=8,publishes=3)(45)	Published(23)	true	Completed
P2	2	2	0	Rollback(Ring3)+Raise(13)	Mounted(publishes=3)(50) RaisedFloor(F=13,publishes=3)(45)	Published(23)	true	Completed
P2	2	2	0	Rollback(Ring3)+Raise(21)	Mounted(publishes=3)(50) RaisedFloor(F=21,publishes=3)(45)	Published(23)	true	Completed
P2	2	2	0	Rollback(Ring3)+Raise(34)	Mounted(publishes=3)(50) RaisedFloor(F=34,publishes=3)(45)	Published(23)	true	Completed
P2	2	2	0	Raise(0)	Refused(MountError::Publish(PublishError::PlacementRefused(NoFreeSlotOnAnyDevice)))(0)	Refused(PublishError::PlacementRefused(NoFreeSlotOnAnyDevice))(0)	false	Completed
P2	2	2	0	Raise(0)+Overwrite	Refused(MountError::Publish(PublishError::PlacementRefused(NoFreeSlotOnAnyDevice)))(0) Refused(PublishError::PlacementRefused(NoFreeSlotOnAnyDevice))(0)	Refused(PublishError::PlacementRefused(NoFreeSlotOnAnyDevice))(0)	false	Completed
P2	2	2	0	Raise(0)+MountWritable	Refused(MountError::Publish(PublishError::PlacementRefused(NoFreeSlotOnAnyDevice)))(0) Mounted(publishes=3)(50)	Published(23)	true	Completed
P2	2	2	0	Raise(0)+ColdStartRecover	Refused(MountError::Publish(PublishError::PlacementRefused(NoFreeSlotOnAnyDevice)))(0) Recovered(0)	NotApplicable(NoWritableSession)(0)	false	Completed
P2	2	2	0	Raise(0)+Rollback(NewestFloor)	Refused(MountError::Publish(PublishError::PlacementRefused(NoFreeSlotOnAnyDevice)))(0) Mounted(publishes=3)(50)	Published(23)	true	Completed
P2	2	2	0	Raise(0)+Rollback(Ring0)	Refused(MountError::Publish(PublishError::PlacementRefused(NoFreeSlotOnAnyDevice)))(0) Mounted(publishes=3)(50)	Published(23)	true	Completed
P2	2	2	0	Raise(0)+Rollback(Ring1)	Refused(MountError::Publish(PublishError::PlacementRefused(NoFreeSlotOnAnyDevice)))(0) Mounted(publishes=3)(50)	Published(23)	true	Completed
P2	2	2	0	Raise(0)+Rollback(Ring2)	Refused(MountError::Publish(PublishError::PlacementRefused(NoFreeSlotOnAnyDevice)))(0) Mounted(publishes=3)(50)	Published(23)	true	Completed
P2	2	2	0	Raise(0)+Rollback(Ring3)	Refused(MountError::Publish(PublishError::PlacementRefused(NoFreeSlotOnAnyDevice)))(0) Mounted(publishes=3)(50)	Published(23)	true	Completed
P2	2	2	0	Raise(0)+Raise(0)	Refused(MountError::Publish(PublishError::PlacementRefused(NoFreeSlotOnAnyDevice)))(0) Refused(MountError::Publish(PublishError::PlacementRefused(NoFreeSlotOnAnyDevice)))(0)	Refused(PublishError::PlacementRefused(NoFreeSlotOnAnyDevice))(0)	false	Completed
P2	2	2	0	Raise(0)+Raise(1)	Refused(MountError::Publish(PublishError::PlacementRefused(NoFreeSlotOnAnyDevice)))(0) Refused(MountError::Publish(PublishError::PlacementRefused(NoFreeSlotOnAnyDevice)))(0)	Refused(PublishError::PlacementRefused(NoFreeSlotOnAnyDevice))(0)	false	Completed
P2	2	2	0	Raise(0)+Raise(2)	Refused(MountError::Publish(PublishError::PlacementRefused(NoFreeSlotOnAnyDevice)))(0) Refused(MountError::Publish(PublishError::PlacementRefused(NoFreeSlotOnAnyDevice)))(0)	Refused(PublishError::PlacementRefused(NoFreeSlotOnAnyDevice))(0)	false	Completed
P2	2	2	0	Raise(0)+Raise(3)	Refused(MountError::Publish(PublishError::PlacementRefused(NoFreeSlotOnAnyDevice)))(0) Refused(MountError::Publish(PublishError::PlacementRefused(NoFreeSlotOnAnyDevice)))(0)	Refused(PublishError::PlacementRefused(NoFreeSlotOnAnyDevice))(0)	false	Completed
P2	2	2	0	Raise(0)+Raise(5)	Refused(MountError::Publish(PublishError::PlacementRefused(NoFreeSlotOnAnyDevice)))(0) Refused(MountError::Publish(PublishError::PlacementRefused(NoFreeSlotOnAnyDevice)))(0)	Refused(PublishError::PlacementRefused(NoFreeSlotOnAnyDevice))(0)	false	Completed
P2	2	2	0	Raise(0)+Raise(8)	Refused(MountError::Publish(PublishError::PlacementRefused(NoFreeSlotOnAnyDevice)))(0) Refused(MountError::Publish(PublishError::PlacementRefused(NoFreeSlotOnAnyDevice)))(0)	Refused(PublishError::PlacementRefused(NoFreeSlotOnAnyDevice))(0)	false	Completed
P2	2	2	0	Raise(0)+Raise(13)	Refused(MountError::Publish(PublishError::PlacementRefused(NoFreeSlotOnAnyDevice)))(0) Refused(MountError::Publish(PublishError::PlacementRefused(NoFreeSlotOnAnyDevice)))(0)	Refused(PublishError::PlacementRefused(NoFreeSlotOnAnyDevice))(0)	false	Completed
P2	2	2	0	Raise(0)+Raise(21)	Refused(MountError::Publish(PublishError::PlacementRefused(NoFreeSlotOnAnyDevice)))(0) Refused(MountError::Publish(PublishError::PlacementRefused(NoFreeSlotOnAnyDevice)))(0)	Refused(PublishError::PlacementRefused(NoFreeSlotOnAnyDevice))(0)	false	Completed
P2	2	2	0	Raise(0)+Raise(34)	Refused(MountError::Publish(PublishError::PlacementRefused(NoFreeSlotOnAnyDevice)))(0) Refused(MountError::Publish(PublishError::PlacementRefused(NoFreeSlotOnAnyDevice)))(0)	Refused(PublishError::PlacementRefused(NoFreeSlotOnAnyDevice))(0)	false	Completed
P2	2	2	0	Raise(1)	Refused(MountError::Publish(PublishError::PlacementRefused(NoFreeSlotOnAnyDevice)))(0)	Refused(PublishError::PlacementRefused(NoFreeSlotOnAnyDevice))(0)	false	Completed
P2	2	2	0	Raise(1)+Overwrite	Refused(MountError::Publish(PublishError::PlacementRefused(NoFreeSlotOnAnyDevice)))(0) Refused(PublishError::PlacementRefused(NoFreeSlotOnAnyDevice))(0)	Refused(PublishError::PlacementRefused(NoFreeSlotOnAnyDevice))(0)	false	Completed
P2	2	2	0	Raise(1)+MountWritable	Refused(MountError::Publish(PublishError::PlacementRefused(NoFreeSlotOnAnyDevice)))(0) Mounted(publishes=3)(50)	Published(23)	true	Completed
P2	2	2	0	Raise(1)+ColdStartRecover	Refused(MountError::Publish(PublishError::PlacementRefused(NoFreeSlotOnAnyDevice)))(0) Recovered(0)	NotApplicable(NoWritableSession)(0)	false	Completed
P2	2	2	0	Raise(1)+Rollback(NewestFloor)	Refused(MountError::Publish(PublishError::PlacementRefused(NoFreeSlotOnAnyDevice)))(0) Mounted(publishes=3)(50)	Published(23)	true	Completed
P2	2	2	0	Raise(1)+Rollback(Ring0)	Refused(MountError::Publish(PublishError::PlacementRefused(NoFreeSlotOnAnyDevice)))(0) Mounted(publishes=3)(50)	Published(23)	true	Completed
P2	2	2	0	Raise(1)+Rollback(Ring1)	Refused(MountError::Publish(PublishError::PlacementRefused(NoFreeSlotOnAnyDevice)))(0) Mounted(publishes=3)(50)	Published(23)	true	Completed
P2	2	2	0	Raise(1)+Rollback(Ring2)	Refused(MountError::Publish(PublishError::PlacementRefused(NoFreeSlotOnAnyDevice)))(0) Mounted(publishes=3)(50)	Published(23)	true	Completed
P2	2	2	0	Raise(1)+Rollback(Ring3)	Refused(MountError::Publish(PublishError::PlacementRefused(NoFreeSlotOnAnyDevice)))(0) Mounted(publishes=3)(50)	Published(23)	true	Completed
P2	2	2	0	Raise(1)+Raise(0)	Refused(MountError::Publish(PublishError::PlacementRefused(NoFreeSlotOnAnyDevice)))(0) Refused(MountError::Publish(PublishError::PlacementRefused(NoFreeSlotOnAnyDevice)))(0)	Refused(PublishError::PlacementRefused(NoFreeSlotOnAnyDevice))(0)	false	Completed
P2	2	2	0	Raise(1)+Raise(1)	Refused(MountError::Publish(PublishError::PlacementRefused(NoFreeSlotOnAnyDevice)))(0) Refused(MountError::Publish(PublishError::PlacementRefused(NoFreeSlotOnAnyDevice)))(0)	Refused(PublishError::PlacementRefused(NoFreeSlotOnAnyDevice))(0)	false	Completed
P2	2	2	0	Raise(1)+Raise(2)	Refused(MountError::Publish(PublishError::PlacementRefused(NoFreeSlotOnAnyDevice)))(0) Refused(MountError::Publish(PublishError::PlacementRefused(NoFreeSlotOnAnyDevice)))(0)	Refused(PublishError::PlacementRefused(NoFreeSlotOnAnyDevice))(0)	false	Completed
P2	2	2	0	Raise(1)+Raise(3)	Refused(MountError::Publish(PublishError::PlacementRefused(NoFreeSlotOnAnyDevice)))(0) Refused(MountError::Publish(PublishError::PlacementRefused(NoFreeSlotOnAnyDevice)))(0)	Refused(PublishError::PlacementRefused(NoFreeSlotOnAnyDevice))(0)	false	Completed
P2	2	2	0	Raise(1)+Raise(5)	Refused(MountError::Publish(PublishError::PlacementRefused(NoFreeSlotOnAnyDevice)))(0) Refused(MountError::Publish(PublishError::PlacementRefused(NoFreeSlotOnAnyDevice)))(0)	Refused(PublishError::PlacementRefused(NoFreeSlotOnAnyDevice))(0)	false	Completed
P2	2	2	0	Raise(1)+Raise(8)	Refused(MountError::Publish(PublishError::PlacementRefused(NoFreeSlotOnAnyDevice)))(0) Refused(MountError::Publish(PublishError::PlacementRefused(NoFreeSlotOnAnyDevice)))(0)	Refused(PublishError::PlacementRefused(NoFreeSlotOnAnyDevice))(0)	false	Completed
P2	2	2	0	Raise(1)+Raise(13)	Refused(MountError::Publish(PublishError::PlacementRefused(NoFreeSlotOnAnyDevice)))(0) Refused(MountError::Publish(PublishError::PlacementRefused(NoFreeSlotOnAnyDevice)))(0)	Refused(PublishError::PlacementRefused(NoFreeSlotOnAnyDevice))(0)	false	Completed
P2	2	2	0	Raise(1)+Raise(21)	Refused(MountError::Publish(PublishError::PlacementRefused(NoFreeSlotOnAnyDevice)))(0) Refused(MountError::Publish(PublishError::PlacementRefused(NoFreeSlotOnAnyDevice)))(0)	Refused(PublishError::PlacementRefused(NoFreeSlotOnAnyDevice))(0)	false	Completed
P2	2	2	0	Raise(1)+Raise(34)	Refused(MountError::Publish(PublishError::PlacementRefused(NoFreeSlotOnAnyDevice)))(0) Refused(MountError::Publish(PublishError::PlacementRefused(NoFreeSlotOnAnyDevice)))(0)	Refused(PublishError::PlacementRefused(NoFreeSlotOnAnyDevice))(0)	false	Completed
P2	2	2	0	Raise(2)	Refused(MountError::Publish(PublishError::PlacementRefused(NoFreeSlotOnAnyDevice)))(0)	Refused(PublishError::PlacementRefused(NoFreeSlotOnAnyDevice))(0)	false	Completed
P2	2	2	0	Raise(2)+Overwrite	Refused(MountError::Publish(PublishError::PlacementRefused(NoFreeSlotOnAnyDevice)))(0) Refused(PublishError::PlacementRefused(NoFreeSlotOnAnyDevice))(0)	Refused(PublishError::PlacementRefused(NoFreeSlotOnAnyDevice))(0)	false	Completed
P2	2	2	0	Raise(2)+MountWritable	Refused(MountError::Publish(PublishError::PlacementRefused(NoFreeSlotOnAnyDevice)))(0) Mounted(publishes=3)(50)	Published(23)	true	Completed
P2	2	2	0	Raise(2)+ColdStartRecover	Refused(MountError::Publish(PublishError::PlacementRefused(NoFreeSlotOnAnyDevice)))(0) Recovered(0)	NotApplicable(NoWritableSession)(0)	false	Completed
P2	2	2	0	Raise(2)+Rollback(NewestFloor)	Refused(MountError::Publish(PublishError::PlacementRefused(NoFreeSlotOnAnyDevice)))(0) Mounted(publishes=3)(50)	Published(23)	true	Completed
P2	2	2	0	Raise(2)+Rollback(Ring0)	Refused(MountError::Publish(PublishError::PlacementRefused(NoFreeSlotOnAnyDevice)))(0) Mounted(publishes=3)(50)	Published(23)	true	Completed
P2	2	2	0	Raise(2)+Rollback(Ring1)	Refused(MountError::Publish(PublishError::PlacementRefused(NoFreeSlotOnAnyDevice)))(0) Mounted(publishes=3)(50)	Published(23)	true	Completed
P2	2	2	0	Raise(2)+Rollback(Ring2)	Refused(MountError::Publish(PublishError::PlacementRefused(NoFreeSlotOnAnyDevice)))(0) Mounted(publishes=3)(50)	Published(23)	true	Completed
P2	2	2	0	Raise(2)+Rollback(Ring3)	Refused(MountError::Publish(PublishError::PlacementRefused(NoFreeSlotOnAnyDevice)))(0) Mounted(publishes=3)(50)	Published(23)	true	Completed
P2	2	2	0	Raise(2)+Raise(0)	Refused(MountError::Publish(PublishError::PlacementRefused(NoFreeSlotOnAnyDevice)))(0) Refused(MountError::Publish(PublishError::PlacementRefused(NoFreeSlotOnAnyDevice)))(0)	Refused(PublishError::PlacementRefused(NoFreeSlotOnAnyDevice))(0)	false	Completed
P2	2	2	0	Raise(2)+Raise(1)	Refused(MountError::Publish(PublishError::PlacementRefused(NoFreeSlotOnAnyDevice)))(0) Refused(MountError::Publish(PublishError::PlacementRefused(NoFreeSlotOnAnyDevice)))(0)	Refused(PublishError::PlacementRefused(NoFreeSlotOnAnyDevice))(0)	false	Completed
P2	2	2	0	Raise(2)+Raise(2)	Refused(MountError::Publish(PublishError::PlacementRefused(NoFreeSlotOnAnyDevice)))(0) Refused(MountError::Publish(PublishError::PlacementRefused(NoFreeSlotOnAnyDevice)))(0)	Refused(PublishError::PlacementRefused(NoFreeSlotOnAnyDevice))(0)	false	Completed
P2	2	2	0	Raise(2)+Raise(3)	Refused(MountError::Publish(PublishError::PlacementRefused(NoFreeSlotOnAnyDevice)))(0) Refused(MountError::Publish(PublishError::PlacementRefused(NoFreeSlotOnAnyDevice)))(0)	Refused(PublishError::PlacementRefused(NoFreeSlotOnAnyDevice))(0)	false	Completed
P2	2	2	0	Raise(2)+Raise(5)	Refused(MountError::Publish(PublishError::PlacementRefused(NoFreeSlotOnAnyDevice)))(0) Refused(MountError::Publish(PublishError::PlacementRefused(NoFreeSlotOnAnyDevice)))(0)	Refused(PublishError::PlacementRefused(NoFreeSlotOnAnyDevice))(0)	false	Completed
P2	2	2	0	Raise(2)+Raise(8)	Refused(MountError::Publish(PublishError::PlacementRefused(NoFreeSlotOnAnyDevice)))(0) Refused(MountError::Publish(PublishError::PlacementRefused(NoFreeSlotOnAnyDevice)))(0)	Refused(PublishError::PlacementRefused(NoFreeSlotOnAnyDevice))(0)	false	Completed
P2	2	2	0	Raise(2)+Raise(13)	Refused(MountError::Publish(PublishError::PlacementRefused(NoFreeSlotOnAnyDevice)))(0) Refused(MountError::Publish(PublishError::PlacementRefused(NoFreeSlotOnAnyDevice)))(0)	Refused(PublishError::PlacementRefused(NoFreeSlotOnAnyDevice))(0)	false	Completed
P2	2	2	0	Raise(2)+Raise(21)	Refused(MountError::Publish(PublishError::PlacementRefused(NoFreeSlotOnAnyDevice)))(0) Refused(MountError::Publish(PublishError::PlacementRefused(NoFreeSlotOnAnyDevice)))(0)	Refused(PublishError::PlacementRefused(NoFreeSlotOnAnyDevice))(0)	false	Completed
P2	2	2	0	Raise(2)+Raise(34)	Refused(MountError::Publish(PublishError::PlacementRefused(NoFreeSlotOnAnyDevice)))(0) Refused(MountError::Publish(PublishError::PlacementRefused(NoFreeSlotOnAnyDevice)))(0)	Refused(PublishError::PlacementRefused(NoFreeSlotOnAnyDevice))(0)	false	Completed
P2	2	2	0	Raise(3)	Refused(MountError::Publish(PublishError::PlacementRefused(NoFreeSlotOnAnyDevice)))(0)	Refused(PublishError::PlacementRefused(NoFreeSlotOnAnyDevice))(0)	false	Completed
P2	2	2	0	Raise(3)+Overwrite	Refused(MountError::Publish(PublishError::PlacementRefused(NoFreeSlotOnAnyDevice)))(0) Refused(PublishError::PlacementRefused(NoFreeSlotOnAnyDevice))(0)	Refused(PublishError::PlacementRefused(NoFreeSlotOnAnyDevice))(0)	false	Completed
P2	2	2	0	Raise(3)+MountWritable	Refused(MountError::Publish(PublishError::PlacementRefused(NoFreeSlotOnAnyDevice)))(0) Mounted(publishes=3)(50)	Published(23)	true	Completed
P2	2	2	0	Raise(3)+ColdStartRecover	Refused(MountError::Publish(PublishError::PlacementRefused(NoFreeSlotOnAnyDevice)))(0) Recovered(0)	NotApplicable(NoWritableSession)(0)	false	Completed
P2	2	2	0	Raise(3)+Rollback(NewestFloor)	Refused(MountError::Publish(PublishError::PlacementRefused(NoFreeSlotOnAnyDevice)))(0) Mounted(publishes=3)(50)	Published(23)	true	Completed
P2	2	2	0	Raise(3)+Rollback(Ring0)	Refused(MountError::Publish(PublishError::PlacementRefused(NoFreeSlotOnAnyDevice)))(0) Mounted(publishes=3)(50)	Published(23)	true	Completed
P2	2	2	0	Raise(3)+Rollback(Ring1)	Refused(MountError::Publish(PublishError::PlacementRefused(NoFreeSlotOnAnyDevice)))(0) Mounted(publishes=3)(50)	Published(23)	true	Completed
P2	2	2	0	Raise(3)+Rollback(Ring2)	Refused(MountError::Publish(PublishError::PlacementRefused(NoFreeSlotOnAnyDevice)))(0) Mounted(publishes=3)(50)	Published(23)	true	Completed
P2	2	2	0	Raise(3)+Rollback(Ring3)	Refused(MountError::Publish(PublishError::PlacementRefused(NoFreeSlotOnAnyDevice)))(0) Mounted(publishes=3)(50)	Published(23)	true	Completed
P2	2	2	0	Raise(3)+Raise(0)	Refused(MountError::Publish(PublishError::PlacementRefused(NoFreeSlotOnAnyDevice)))(0) Refused(MountError::Publish(PublishError::PlacementRefused(NoFreeSlotOnAnyDevice)))(0)	Refused(PublishError::PlacementRefused(NoFreeSlotOnAnyDevice))(0)	false	Completed
P2	2	2	0	Raise(3)+Raise(1)	Refused(MountError::Publish(PublishError::PlacementRefused(NoFreeSlotOnAnyDevice)))(0) Refused(MountError::Publish(PublishError::PlacementRefused(NoFreeSlotOnAnyDevice)))(0)	Refused(PublishError::PlacementRefused(NoFreeSlotOnAnyDevice))(0)	false	Completed
P2	2	2	0	Raise(3)+Raise(2)	Refused(MountError::Publish(PublishError::PlacementRefused(NoFreeSlotOnAnyDevice)))(0) Refused(MountError::Publish(PublishError::PlacementRefused(NoFreeSlotOnAnyDevice)))(0)	Refused(PublishError::PlacementRefused(NoFreeSlotOnAnyDevice))(0)	false	Completed
P2	2	2	0	Raise(3)+Raise(3)	Refused(MountError::Publish(PublishError::PlacementRefused(NoFreeSlotOnAnyDevice)))(0) Refused(MountError::Publish(PublishError::PlacementRefused(NoFreeSlotOnAnyDevice)))(0)	Refused(PublishError::PlacementRefused(NoFreeSlotOnAnyDevice))(0)	false	Completed
P2	2	2	0	Raise(3)+Raise(5)	Refused(MountError::Publish(PublishError::PlacementRefused(NoFreeSlotOnAnyDevice)))(0) Refused(MountError::Publish(PublishError::PlacementRefused(NoFreeSlotOnAnyDevice)))(0)	Refused(PublishError::PlacementRefused(NoFreeSlotOnAnyDevice))(0)	false	Completed
P2	2	2	0	Raise(3)+Raise(8)	Refused(MountError::Publish(PublishError::PlacementRefused(NoFreeSlotOnAnyDevice)))(0) Refused(MountError::Publish(PublishError::PlacementRefused(NoFreeSlotOnAnyDevice)))(0)	Refused(PublishError::PlacementRefused(NoFreeSlotOnAnyDevice))(0)	false	Completed
P2	2	2	0	Raise(3)+Raise(13)	Refused(MountError::Publish(PublishError::PlacementRefused(NoFreeSlotOnAnyDevice)))(0) Refused(MountError::Publish(PublishError::PlacementRefused(NoFreeSlotOnAnyDevice)))(0)	Refused(PublishError::PlacementRefused(NoFreeSlotOnAnyDevice))(0)	false	Completed
P2	2	2	0	Raise(3)+Raise(21)	Refused(MountError::Publish(PublishError::PlacementRefused(NoFreeSlotOnAnyDevice)))(0) Refused(MountError::Publish(PublishError::PlacementRefused(NoFreeSlotOnAnyDevice)))(0)	Refused(PublishError::PlacementRefused(NoFreeSlotOnAnyDevice))(0)	false	Completed
P2	2	2	0	Raise(3)+Raise(34)	Refused(MountError::Publish(PublishError::PlacementRefused(NoFreeSlotOnAnyDevice)))(0) Refused(MountError::Publish(PublishError::PlacementRefused(NoFreeSlotOnAnyDevice)))(0)	Refused(PublishError::PlacementRefused(NoFreeSlotOnAnyDevice))(0)	false	Completed
P2	2	2	0	Raise(5)	Refused(MountError::Publish(PublishError::PlacementRefused(NoFreeSlotOnAnyDevice)))(0)	Refused(PublishError::PlacementRefused(NoFreeSlotOnAnyDevice))(0)	false	Completed
P2	2	2	0	Raise(5)+Overwrite	Refused(MountError::Publish(PublishError::PlacementRefused(NoFreeSlotOnAnyDevice)))(0) Refused(PublishError::PlacementRefused(NoFreeSlotOnAnyDevice))(0)	Refused(PublishError::PlacementRefused(NoFreeSlotOnAnyDevice))(0)	false	Completed
P2	2	2	0	Raise(5)+MountWritable	Refused(MountError::Publish(PublishError::PlacementRefused(NoFreeSlotOnAnyDevice)))(0) Mounted(publishes=3)(50)	Published(23)	true	Completed
P2	2	2	0	Raise(5)+ColdStartRecover	Refused(MountError::Publish(PublishError::PlacementRefused(NoFreeSlotOnAnyDevice)))(0) Recovered(0)	NotApplicable(NoWritableSession)(0)	false	Completed
P2	2	2	0	Raise(5)+Rollback(NewestFloor)	Refused(MountError::Publish(PublishError::PlacementRefused(NoFreeSlotOnAnyDevice)))(0) Mounted(publishes=3)(50)	Published(23)	true	Completed
P2	2	2	0	Raise(5)+Rollback(Ring0)	Refused(MountError::Publish(PublishError::PlacementRefused(NoFreeSlotOnAnyDevice)))(0) Mounted(publishes=3)(50)	Published(23)	true	Completed
P2	2	2	0	Raise(5)+Rollback(Ring1)	Refused(MountError::Publish(PublishError::PlacementRefused(NoFreeSlotOnAnyDevice)))(0) Mounted(publishes=3)(50)	Published(23)	true	Completed
P2	2	2	0	Raise(5)+Rollback(Ring2)	Refused(MountError::Publish(PublishError::PlacementRefused(NoFreeSlotOnAnyDevice)))(0) Mounted(publishes=3)(50)	Published(23)	true	Completed
P2	2	2	0	Raise(5)+Rollback(Ring3)	Refused(MountError::Publish(PublishError::PlacementRefused(NoFreeSlotOnAnyDevice)))(0) Mounted(publishes=3)(50)	Published(23)	true	Completed
P2	2	2	0	Raise(5)+Raise(0)	Refused(MountError::Publish(PublishError::PlacementRefused(NoFreeSlotOnAnyDevice)))(0) Refused(MountError::Publish(PublishError::PlacementRefused(NoFreeSlotOnAnyDevice)))(0)	Refused(PublishError::PlacementRefused(NoFreeSlotOnAnyDevice))(0)	false	Completed
P2	2	2	0	Raise(5)+Raise(1)	Refused(MountError::Publish(PublishError::PlacementRefused(NoFreeSlotOnAnyDevice)))(0) Refused(MountError::Publish(PublishError::PlacementRefused(NoFreeSlotOnAnyDevice)))(0)	Refused(PublishError::PlacementRefused(NoFreeSlotOnAnyDevice))(0)	false	Completed
P2	2	2	0	Raise(5)+Raise(2)	Refused(MountError::Publish(PublishError::PlacementRefused(NoFreeSlotOnAnyDevice)))(0) Refused(MountError::Publish(PublishError::PlacementRefused(NoFreeSlotOnAnyDevice)))(0)	Refused(PublishError::PlacementRefused(NoFreeSlotOnAnyDevice))(0)	false	Completed
P2	2	2	0	Raise(5)+Raise(3)	Refused(MountError::Publish(PublishError::PlacementRefused(NoFreeSlotOnAnyDevice)))(0) Refused(MountError::Publish(PublishError::PlacementRefused(NoFreeSlotOnAnyDevice)))(0)	Refused(PublishError::PlacementRefused(NoFreeSlotOnAnyDevice))(0)	false	Completed
P2	2	2	0	Raise(5)+Raise(5)	Refused(MountError::Publish(PublishError::PlacementRefused(NoFreeSlotOnAnyDevice)))(0) Refused(MountError::Publish(PublishError::PlacementRefused(NoFreeSlotOnAnyDevice)))(0)	Refused(PublishError::PlacementRefused(NoFreeSlotOnAnyDevice))(0)	false	Completed
P2	2	2	0	Raise(5)+Raise(8)	Refused(MountError::Publish(PublishError::PlacementRefused(NoFreeSlotOnAnyDevice)))(0) Refused(MountError::Publish(PublishError::PlacementRefused(NoFreeSlotOnAnyDevice)))(0)	Refused(PublishError::PlacementRefused(NoFreeSlotOnAnyDevice))(0)	false	Completed
P2	2	2	0	Raise(5)+Raise(13)	Refused(MountError::Publish(PublishError::PlacementRefused(NoFreeSlotOnAnyDevice)))(0) Refused(MountError::Publish(PublishError::PlacementRefused(NoFreeSlotOnAnyDevice)))(0)	Refused(PublishError::PlacementRefused(NoFreeSlotOnAnyDevice))(0)	false	Completed
P2	2	2	0	Raise(5)+Raise(21)	Refused(MountError::Publish(PublishError::PlacementRefused(NoFreeSlotOnAnyDevice)))(0) Refused(MountError::Publish(PublishError::PlacementRefused(NoFreeSlotOnAnyDevice)))(0)	Refused(PublishError::PlacementRefused(NoFreeSlotOnAnyDevice))(0)	false	Completed
P2	2	2	0	Raise(5)+Raise(34)	Refused(MountError::Publish(PublishError::PlacementRefused(NoFreeSlotOnAnyDevice)))(0) Refused(MountError::Publish(PublishError::PlacementRefused(NoFreeSlotOnAnyDevice)))(0)	Refused(PublishError::PlacementRefused(NoFreeSlotOnAnyDevice))(0)	false	Completed
P2	2	2	0	Raise(8)	Refused(MountError::Publish(PublishError::PlacementRefused(NoFreeSlotOnAnyDevice)))(0)	Refused(PublishError::PlacementRefused(NoFreeSlotOnAnyDevice))(0)	false	Completed
P2	2	2	0	Raise(8)+Overwrite	Refused(MountError::Publish(PublishError::PlacementRefused(NoFreeSlotOnAnyDevice)))(0) Refused(PublishError::PlacementRefused(NoFreeSlotOnAnyDevice))(0)	Refused(PublishError::PlacementRefused(NoFreeSlotOnAnyDevice))(0)	false	Completed
P2	2	2	0	Raise(8)+MountWritable	Refused(MountError::Publish(PublishError::PlacementRefused(NoFreeSlotOnAnyDevice)))(0) Mounted(publishes=3)(50)	Published(23)	true	Completed
P2	2	2	0	Raise(8)+ColdStartRecover	Refused(MountError::Publish(PublishError::PlacementRefused(NoFreeSlotOnAnyDevice)))(0) Recovered(0)	NotApplicable(NoWritableSession)(0)	false	Completed
P2	2	2	0	Raise(8)+Rollback(NewestFloor)	Refused(MountError::Publish(PublishError::PlacementRefused(NoFreeSlotOnAnyDevice)))(0) Mounted(publishes=3)(50)	Published(23)	true	Completed
P2	2	2	0	Raise(8)+Rollback(Ring0)	Refused(MountError::Publish(PublishError::PlacementRefused(NoFreeSlotOnAnyDevice)))(0) Mounted(publishes=3)(50)	Published(23)	true	Completed
P2	2	2	0	Raise(8)+Rollback(Ring1)	Refused(MountError::Publish(PublishError::PlacementRefused(NoFreeSlotOnAnyDevice)))(0) Mounted(publishes=3)(50)	Published(23)	true	Completed
P2	2	2	0	Raise(8)+Rollback(Ring2)	Refused(MountError::Publish(PublishError::PlacementRefused(NoFreeSlotOnAnyDevice)))(0) Mounted(publishes=3)(50)	Published(23)	true	Completed
P2	2	2	0	Raise(8)+Rollback(Ring3)	Refused(MountError::Publish(PublishError::PlacementRefused(NoFreeSlotOnAnyDevice)))(0) Mounted(publishes=3)(50)	Published(23)	true	Completed
P2	2	2	0	Raise(8)+Raise(0)	Refused(MountError::Publish(PublishError::PlacementRefused(NoFreeSlotOnAnyDevice)))(0) Refused(MountError::Publish(PublishError::PlacementRefused(NoFreeSlotOnAnyDevice)))(0)	Refused(PublishError::PlacementRefused(NoFreeSlotOnAnyDevice))(0)	false	Completed
P2	2	2	0	Raise(8)+Raise(1)	Refused(MountError::Publish(PublishError::PlacementRefused(NoFreeSlotOnAnyDevice)))(0) Refused(MountError::Publish(PublishError::PlacementRefused(NoFreeSlotOnAnyDevice)))(0)	Refused(PublishError::PlacementRefused(NoFreeSlotOnAnyDevice))(0)	false	Completed
P2	2	2	0	Raise(8)+Raise(2)	Refused(MountError::Publish(PublishError::PlacementRefused(NoFreeSlotOnAnyDevice)))(0) Refused(MountError::Publish(PublishError::PlacementRefused(NoFreeSlotOnAnyDevice)))(0)	Refused(PublishError::PlacementRefused(NoFreeSlotOnAnyDevice))(0)	false	Completed
P2	2	2	0	Raise(8)+Raise(3)	Refused(MountError::Publish(PublishError::PlacementRefused(NoFreeSlotOnAnyDevice)))(0) Refused(MountError::Publish(PublishError::PlacementRefused(NoFreeSlotOnAnyDevice)))(0)	Refused(PublishError::PlacementRefused(NoFreeSlotOnAnyDevice))(0)	false	Completed
P2	2	2	0	Raise(8)+Raise(5)	Refused(MountError::Publish(PublishError::PlacementRefused(NoFreeSlotOnAnyDevice)))(0) Refused(MountError::Publish(PublishError::PlacementRefused(NoFreeSlotOnAnyDevice)))(0)	Refused(PublishError::PlacementRefused(NoFreeSlotOnAnyDevice))(0)	false	Completed
P2	2	2	0	Raise(8)+Raise(8)	Refused(MountError::Publish(PublishError::PlacementRefused(NoFreeSlotOnAnyDevice)))(0) Refused(MountError::Publish(PublishError::PlacementRefused(NoFreeSlotOnAnyDevice)))(0)	Refused(PublishError::PlacementRefused(NoFreeSlotOnAnyDevice))(0)	false	Completed
P2	2	2	0	Raise(8)+Raise(13)	Refused(MountError::Publish(PublishError::PlacementRefused(NoFreeSlotOnAnyDevice)))(0) Refused(MountError::Publish(PublishError::PlacementRefused(NoFreeSlotOnAnyDevice)))(0)	Refused(PublishError::PlacementRefused(NoFreeSlotOnAnyDevice))(0)	false	Completed
P2	2	2	0	Raise(8)+Raise(21)	Refused(MountError::Publish(PublishError::PlacementRefused(NoFreeSlotOnAnyDevice)))(0) Refused(MountError::Publish(PublishError::PlacementRefused(NoFreeSlotOnAnyDevice)))(0)	Refused(PublishError::PlacementRefused(NoFreeSlotOnAnyDevice))(0)	false	Completed
P2	2	2	0	Raise(8)+Raise(34)	Refused(MountError::Publish(PublishError::PlacementRefused(NoFreeSlotOnAnyDevice)))(0) Refused(MountError::Publish(PublishError::PlacementRefused(NoFreeSlotOnAnyDevice)))(0)	Refused(PublishError::PlacementRefused(NoFreeSlotOnAnyDevice))(0)	false	Completed
P2	2	2	0	Raise(13)	Refused(MountError::Publish(PublishError::PlacementRefused(NoFreeSlotOnAnyDevice)))(0)	Refused(PublishError::PlacementRefused(NoFreeSlotOnAnyDevice))(0)	false	Completed
P2	2	2	0	Raise(13)+Overwrite	Refused(MountError::Publish(PublishError::PlacementRefused(NoFreeSlotOnAnyDevice)))(0) Refused(PublishError::PlacementRefused(NoFreeSlotOnAnyDevice))(0)	Refused(PublishError::PlacementRefused(NoFreeSlotOnAnyDevice))(0)	false	Completed
P2	2	2	0	Raise(13)+MountWritable	Refused(MountError::Publish(PublishError::PlacementRefused(NoFreeSlotOnAnyDevice)))(0) Mounted(publishes=3)(50)	Published(23)	true	Completed
P2	2	2	0	Raise(13)+ColdStartRecover	Refused(MountError::Publish(PublishError::PlacementRefused(NoFreeSlotOnAnyDevice)))(0) Recovered(0)	NotApplicable(NoWritableSession)(0)	false	Completed
P2	2	2	0	Raise(13)+Rollback(NewestFloor)	Refused(MountError::Publish(PublishError::PlacementRefused(NoFreeSlotOnAnyDevice)))(0) Mounted(publishes=3)(50)	Published(23)	true	Completed
P2	2	2	0	Raise(13)+Rollback(Ring0)	Refused(MountError::Publish(PublishError::PlacementRefused(NoFreeSlotOnAnyDevice)))(0) Mounted(publishes=3)(50)	Published(23)	true	Completed
P2	2	2	0	Raise(13)+Rollback(Ring1)	Refused(MountError::Publish(PublishError::PlacementRefused(NoFreeSlotOnAnyDevice)))(0) Mounted(publishes=3)(50)	Published(23)	true	Completed
P2	2	2	0	Raise(13)+Rollback(Ring2)	Refused(MountError::Publish(PublishError::PlacementRefused(NoFreeSlotOnAnyDevice)))(0) Mounted(publishes=3)(50)	Published(23)	true	Completed
P2	2	2	0	Raise(13)+Rollback(Ring3)	Refused(MountError::Publish(PublishError::PlacementRefused(NoFreeSlotOnAnyDevice)))(0) Mounted(publishes=3)(50)	Published(23)	true	Completed
P2	2	2	0	Raise(13)+Raise(0)	Refused(MountError::Publish(PublishError::PlacementRefused(NoFreeSlotOnAnyDevice)))(0) Refused(MountError::Publish(PublishError::PlacementRefused(NoFreeSlotOnAnyDevice)))(0)	Refused(PublishError::PlacementRefused(NoFreeSlotOnAnyDevice))(0)	false	Completed
P2	2	2	0	Raise(13)+Raise(1)	Refused(MountError::Publish(PublishError::PlacementRefused(NoFreeSlotOnAnyDevice)))(0) Refused(MountError::Publish(PublishError::PlacementRefused(NoFreeSlotOnAnyDevice)))(0)	Refused(PublishError::PlacementRefused(NoFreeSlotOnAnyDevice))(0)	false	Completed
P2	2	2	0	Raise(13)+Raise(2)	Refused(MountError::Publish(PublishError::PlacementRefused(NoFreeSlotOnAnyDevice)))(0) Refused(MountError::Publish(PublishError::PlacementRefused(NoFreeSlotOnAnyDevice)))(0)	Refused(PublishError::PlacementRefused(NoFreeSlotOnAnyDevice))(0)	false	Completed
P2	2	2	0	Raise(13)+Raise(3)	Refused(MountError::Publish(PublishError::PlacementRefused(NoFreeSlotOnAnyDevice)))(0) Refused(MountError::Publish(PublishError::PlacementRefused(NoFreeSlotOnAnyDevice)))(0)	Refused(PublishError::PlacementRefused(NoFreeSlotOnAnyDevice))(0)	false	Completed
P2	2	2	0	Raise(13)+Raise(5)	Refused(MountError::Publish(PublishError::PlacementRefused(NoFreeSlotOnAnyDevice)))(0) Refused(MountError::Publish(PublishError::PlacementRefused(NoFreeSlotOnAnyDevice)))(0)	Refused(PublishError::PlacementRefused(NoFreeSlotOnAnyDevice))(0)	false	Completed
P2	2	2	0	Raise(13)+Raise(8)	Refused(MountError::Publish(PublishError::PlacementRefused(NoFreeSlotOnAnyDevice)))(0) Refused(MountError::Publish(PublishError::PlacementRefused(NoFreeSlotOnAnyDevice)))(0)	Refused(PublishError::PlacementRefused(NoFreeSlotOnAnyDevice))(0)	false	Completed
P2	2	2	0	Raise(13)+Raise(13)	Refused(MountError::Publish(PublishError::PlacementRefused(NoFreeSlotOnAnyDevice)))(0) Refused(MountError::Publish(PublishError::PlacementRefused(NoFreeSlotOnAnyDevice)))(0)	Refused(PublishError::PlacementRefused(NoFreeSlotOnAnyDevice))(0)	false	Completed
P2	2	2	0	Raise(13)+Raise(21)	Refused(MountError::Publish(PublishError::PlacementRefused(NoFreeSlotOnAnyDevice)))(0) Refused(MountError::Publish(PublishError::PlacementRefused(NoFreeSlotOnAnyDevice)))(0)	Refused(PublishError::PlacementRefused(NoFreeSlotOnAnyDevice))(0)	false	Completed
P2	2	2	0	Raise(13)+Raise(34)	Refused(MountError::Publish(PublishError::PlacementRefused(NoFreeSlotOnAnyDevice)))(0) Refused(MountError::Publish(PublishError::PlacementRefused(NoFreeSlotOnAnyDevice)))(0)	Refused(PublishError::PlacementRefused(NoFreeSlotOnAnyDevice))(0)	false	Completed
P2	2	2	0	Raise(21)	Refused(MountError::Publish(PublishError::PlacementRefused(NoFreeSlotOnAnyDevice)))(0)	Refused(PublishError::PlacementRefused(NoFreeSlotOnAnyDevice))(0)	false	Completed
P2	2	2	0	Raise(21)+Overwrite	Refused(MountError::Publish(PublishError::PlacementRefused(NoFreeSlotOnAnyDevice)))(0) Refused(PublishError::PlacementRefused(NoFreeSlotOnAnyDevice))(0)	Refused(PublishError::PlacementRefused(NoFreeSlotOnAnyDevice))(0)	false	Completed
P2	2	2	0	Raise(21)+MountWritable	Refused(MountError::Publish(PublishError::PlacementRefused(NoFreeSlotOnAnyDevice)))(0) Mounted(publishes=3)(50)	Published(23)	true	Completed
P2	2	2	0	Raise(21)+ColdStartRecover	Refused(MountError::Publish(PublishError::PlacementRefused(NoFreeSlotOnAnyDevice)))(0) Recovered(0)	NotApplicable(NoWritableSession)(0)	false	Completed
P2	2	2	0	Raise(21)+Rollback(NewestFloor)	Refused(MountError::Publish(PublishError::PlacementRefused(NoFreeSlotOnAnyDevice)))(0) Mounted(publishes=3)(50)	Published(23)	true	Completed
P2	2	2	0	Raise(21)+Rollback(Ring0)	Refused(MountError::Publish(PublishError::PlacementRefused(NoFreeSlotOnAnyDevice)))(0) Mounted(publishes=3)(50)	Published(23)	true	Completed
P2	2	2	0	Raise(21)+Rollback(Ring1)	Refused(MountError::Publish(PublishError::PlacementRefused(NoFreeSlotOnAnyDevice)))(0) Mounted(publishes=3)(50)	Published(23)	true	Completed
P2	2	2	0	Raise(21)+Rollback(Ring2)	Refused(MountError::Publish(PublishError::PlacementRefused(NoFreeSlotOnAnyDevice)))(0) Mounted(publishes=3)(50)	Published(23)	true	Completed
P2	2	2	0	Raise(21)+Rollback(Ring3)	Refused(MountError::Publish(PublishError::PlacementRefused(NoFreeSlotOnAnyDevice)))(0) Mounted(publishes=3)(50)	Published(23)	true	Completed
P2	2	2	0	Raise(21)+Raise(0)	Refused(MountError::Publish(PublishError::PlacementRefused(NoFreeSlotOnAnyDevice)))(0) Refused(MountError::Publish(PublishError::PlacementRefused(NoFreeSlotOnAnyDevice)))(0)	Refused(PublishError::PlacementRefused(NoFreeSlotOnAnyDevice))(0)	false	Completed
P2	2	2	0	Raise(21)+Raise(1)	Refused(MountError::Publish(PublishError::PlacementRefused(NoFreeSlotOnAnyDevice)))(0) Refused(MountError::Publish(PublishError::PlacementRefused(NoFreeSlotOnAnyDevice)))(0)	Refused(PublishError::PlacementRefused(NoFreeSlotOnAnyDevice))(0)	false	Completed
P2	2	2	0	Raise(21)+Raise(2)	Refused(MountError::Publish(PublishError::PlacementRefused(NoFreeSlotOnAnyDevice)))(0) Refused(MountError::Publish(PublishError::PlacementRefused(NoFreeSlotOnAnyDevice)))(0)	Refused(PublishError::PlacementRefused(NoFreeSlotOnAnyDevice))(0)	false	Completed
P2	2	2	0	Raise(21)+Raise(3)	Refused(MountError::Publish(PublishError::PlacementRefused(NoFreeSlotOnAnyDevice)))(0) Refused(MountError::Publish(PublishError::PlacementRefused(NoFreeSlotOnAnyDevice)))(0)	Refused(PublishError::PlacementRefused(NoFreeSlotOnAnyDevice))(0)	false	Completed
P2	2	2	0	Raise(21)+Raise(5)	Refused(MountError::Publish(PublishError::PlacementRefused(NoFreeSlotOnAnyDevice)))(0) Refused(MountError::Publish(PublishError::PlacementRefused(NoFreeSlotOnAnyDevice)))(0)	Refused(PublishError::PlacementRefused(NoFreeSlotOnAnyDevice))(0)	false	Completed
P2	2	2	0	Raise(21)+Raise(8)	Refused(MountError::Publish(PublishError::PlacementRefused(NoFreeSlotOnAnyDevice)))(0) Refused(MountError::Publish(PublishError::PlacementRefused(NoFreeSlotOnAnyDevice)))(0)	Refused(PublishError::PlacementRefused(NoFreeSlotOnAnyDevice))(0)	false	Completed
P2	2	2	0	Raise(21)+Raise(13)	Refused(MountError::Publish(PublishError::PlacementRefused(NoFreeSlotOnAnyDevice)))(0) Refused(MountError::Publish(PublishError::PlacementRefused(NoFreeSlotOnAnyDevice)))(0)	Refused(PublishError::PlacementRefused(NoFreeSlotOnAnyDevice))(0)	false	Completed
P2	2	2	0	Raise(21)+Raise(21)	Refused(MountError::Publish(PublishError::PlacementRefused(NoFreeSlotOnAnyDevice)))(0) Refused(MountError::Publish(PublishError::PlacementRefused(NoFreeSlotOnAnyDevice)))(0)	Refused(PublishError::PlacementRefused(NoFreeSlotOnAnyDevice))(0)	false	Completed
P2	2	2	0	Raise(21)+Raise(34)	Refused(MountError::Publish(PublishError::PlacementRefused(NoFreeSlotOnAnyDevice)))(0) Refused(MountError::Publish(PublishError::PlacementRefused(NoFreeSlotOnAnyDevice)))(0)	Refused(PublishError::PlacementRefused(NoFreeSlotOnAnyDevice))(0)	false	Completed
P2	2	2	0	Raise(34)	Refused(MountError::Publish(PublishError::PlacementRefused(NoFreeSlotOnAnyDevice)))(0)	Refused(PublishError::PlacementRefused(NoFreeSlotOnAnyDevice))(0)	false	Completed
P2	2	2	0	Raise(34)+Overwrite	Refused(MountError::Publish(PublishError::PlacementRefused(NoFreeSlotOnAnyDevice)))(0) Refused(PublishError::PlacementRefused(NoFreeSlotOnAnyDevice))(0)	Refused(PublishError::PlacementRefused(NoFreeSlotOnAnyDevice))(0)	false	Completed
P2	2	2	0	Raise(34)+MountWritable	Refused(MountError::Publish(PublishError::PlacementRefused(NoFreeSlotOnAnyDevice)))(0) Mounted(publishes=3)(50)	Published(23)	true	Completed
P2	2	2	0	Raise(34)+ColdStartRecover	Refused(MountError::Publish(PublishError::PlacementRefused(NoFreeSlotOnAnyDevice)))(0) Recovered(0)	NotApplicable(NoWritableSession)(0)	false	Completed
P2	2	2	0	Raise(34)+Rollback(NewestFloor)	Refused(MountError::Publish(PublishError::PlacementRefused(NoFreeSlotOnAnyDevice)))(0) Mounted(publishes=3)(50)	Published(23)	true	Completed
P2	2	2	0	Raise(34)+Rollback(Ring0)	Refused(MountError::Publish(PublishError::PlacementRefused(NoFreeSlotOnAnyDevice)))(0) Mounted(publishes=3)(50)	Published(23)	true	Completed
P2	2	2	0	Raise(34)+Rollback(Ring1)	Refused(MountError::Publish(PublishError::PlacementRefused(NoFreeSlotOnAnyDevice)))(0) Mounted(publishes=3)(50)	Published(23)	true	Completed
P2	2	2	0	Raise(34)+Rollback(Ring2)	Refused(MountError::Publish(PublishError::PlacementRefused(NoFreeSlotOnAnyDevice)))(0) Mounted(publishes=3)(50)	Published(23)	true	Completed
P2	2	2	0	Raise(34)+Rollback(Ring3)	Refused(MountError::Publish(PublishError::PlacementRefused(NoFreeSlotOnAnyDevice)))(0) Mounted(publishes=3)(50)	Published(23)	true	Completed
P2	2	2	0	Raise(34)+Raise(0)	Refused(MountError::Publish(PublishError::PlacementRefused(NoFreeSlotOnAnyDevice)))(0) Refused(MountError::Publish(PublishError::PlacementRefused(NoFreeSlotOnAnyDevice)))(0)	Refused(PublishError::PlacementRefused(NoFreeSlotOnAnyDevice))(0)	false	Completed
P2	2	2	0	Raise(34)+Raise(1)	Refused(MountError::Publish(PublishError::PlacementRefused(NoFreeSlotOnAnyDevice)))(0) Refused(MountError::Publish(PublishError::PlacementRefused(NoFreeSlotOnAnyDevice)))(0)	Refused(PublishError::PlacementRefused(NoFreeSlotOnAnyDevice))(0)	false	Completed
P2	2	2	0	Raise(34)+Raise(2)	Refused(MountError::Publish(PublishError::PlacementRefused(NoFreeSlotOnAnyDevice)))(0) Refused(MountError::Publish(PublishError::PlacementRefused(NoFreeSlotOnAnyDevice)))(0)	Refused(PublishError::PlacementRefused(NoFreeSlotOnAnyDevice))(0)	false	Completed
P2	2	2	0	Raise(34)+Raise(3)	Refused(MountError::Publish(PublishError::PlacementRefused(NoFreeSlotOnAnyDevice)))(0) Refused(MountError::Publish(PublishError::PlacementRefused(NoFreeSlotOnAnyDevice)))(0)	Refused(PublishError::PlacementRefused(NoFreeSlotOnAnyDevice))(0)	false	Completed
P2	2	2	0	Raise(34)+Raise(5)	Refused(MountError::Publish(PublishError::PlacementRefused(NoFreeSlotOnAnyDevice)))(0) Refused(MountError::Publish(PublishError::PlacementRefused(NoFreeSlotOnAnyDevice)))(0)	Refused(PublishError::PlacementRefused(NoFreeSlotOnAnyDevice))(0)	false	Completed
P2	2	2	0	Raise(34)+Raise(8)	Refused(MountError::Publish(PublishError::PlacementRefused(NoFreeSlotOnAnyDevice)))(0) Refused(MountError::Publish(PublishError::PlacementRefused(NoFreeSlotOnAnyDevice)))(0)	Refused(PublishError::PlacementRefused(NoFreeSlotOnAnyDevice))(0)	false	Completed
P2	2	2	0	Raise(34)+Raise(13)	Refused(MountError::Publish(PublishError::PlacementRefused(NoFreeSlotOnAnyDevice)))(0) Refused(MountError::Publish(PublishError::PlacementRefused(NoFreeSlotOnAnyDevice)))(0)	Refused(PublishError::PlacementRefused(NoFreeSlotOnAnyDevice))(0)	false	Completed
P2	2	2	0	Raise(34)+Raise(21)	Refused(MountError::Publish(PublishError::PlacementRefused(NoFreeSlotOnAnyDevice)))(0) Refused(MountError::Publish(PublishError::PlacementRefused(NoFreeSlotOnAnyDevice)))(0)	Refused(PublishError::PlacementRefused(NoFreeSlotOnAnyDevice))(0)	false	Completed
P2	2	2	0	Raise(34)+Raise(34)	Refused(MountError::Publish(PublishError::PlacementRefused(NoFreeSlotOnAnyDevice)))(0) Refused(MountError::Publish(PublishError::PlacementRefused(NoFreeSlotOnAnyDevice)))(0)	Refused(PublishError::PlacementRefused(NoFreeSlotOnAnyDevice))(0)	false	Completed
P2	2	3	0	Overwrite	Refused(PublishError::PlacementRefused(NoFreeSlotOnAnyDevice))(0)	Refused(PublishError::PlacementRefused(NoFreeSlotOnAnyDevice))(0)	false	Completed
P2	2	3	0	Overwrite+Overwrite	Refused(PublishError::PlacementRefused(NoFreeSlotOnAnyDevice))(0) Refused(PublishError::PlacementRefused(NoFreeSlotOnAnyDevice))(0)	Refused(PublishError::PlacementRefused(NoFreeSlotOnAnyDevice))(0)	false	Completed
P2	2	3	0	Overwrite+MountWritable	Refused(PublishError::PlacementRefused(NoFreeSlotOnAnyDevice))(0) Mounted(publishes=2)(35)	Published(23)	true	Completed
P2	2	3	0	Overwrite+ColdStartRecover	Refused(PublishError::PlacementRefused(NoFreeSlotOnAnyDevice))(0) Recovered(0)	NotApplicable(NoWritableSession)(0)	false	Completed
P2	2	3	0	Overwrite+Rollback(NewestFloor)	Refused(PublishError::PlacementRefused(NoFreeSlotOnAnyDevice))(0) Mounted(publishes=2)(35)	Published(23)	true	Completed
P2	2	3	0	Overwrite+Rollback(Ring0)	Refused(PublishError::PlacementRefused(NoFreeSlotOnAnyDevice))(0) Mounted(publishes=2)(35)	Published(23)	true	Completed
P2	2	3	0	Overwrite+Rollback(Ring1)	Refused(PublishError::PlacementRefused(NoFreeSlotOnAnyDevice))(0) Mounted(publishes=2)(35)	Published(23)	true	Completed
P2	2	3	0	Overwrite+Rollback(Ring2)	Refused(PublishError::PlacementRefused(NoFreeSlotOnAnyDevice))(0) Mounted(publishes=2)(35)	Published(23)	true	Completed
P2	2	3	0	Overwrite+Rollback(Ring3)	Refused(PublishError::PlacementRefused(NoFreeSlotOnAnyDevice))(0) Mounted(publishes=2)(35)	Published(23)	true	Completed
P2	2	3	0	Overwrite+Raise(0)	Refused(PublishError::PlacementRefused(NoFreeSlotOnAnyDevice))(0) Refused(MountError::Publish(PublishError::PlacementRefused(NoFreeSlotOnAnyDevice)))(0)	Refused(PublishError::PlacementRefused(NoFreeSlotOnAnyDevice))(0)	false	Completed
P2	2	3	0	Overwrite+Raise(1)	Refused(PublishError::PlacementRefused(NoFreeSlotOnAnyDevice))(0) Refused(MountError::Publish(PublishError::PlacementRefused(NoFreeSlotOnAnyDevice)))(0)	Refused(PublishError::PlacementRefused(NoFreeSlotOnAnyDevice))(0)	false	Completed
P2	2	3	0	Overwrite+Raise(2)	Refused(PublishError::PlacementRefused(NoFreeSlotOnAnyDevice))(0) Refused(MountError::Publish(PublishError::PlacementRefused(NoFreeSlotOnAnyDevice)))(0)	Refused(PublishError::PlacementRefused(NoFreeSlotOnAnyDevice))(0)	false	Completed
P2	2	3	0	Overwrite+Raise(3)	Refused(PublishError::PlacementRefused(NoFreeSlotOnAnyDevice))(0) Refused(MountError::Publish(PublishError::PlacementRefused(NoFreeSlotOnAnyDevice)))(0)	Refused(PublishError::PlacementRefused(NoFreeSlotOnAnyDevice))(0)	false	Completed
P2	2	3	0	Overwrite+Raise(5)	Refused(PublishError::PlacementRefused(NoFreeSlotOnAnyDevice))(0) Refused(MountError::Publish(PublishError::PlacementRefused(NoFreeSlotOnAnyDevice)))(0)	Refused(PublishError::PlacementRefused(NoFreeSlotOnAnyDevice))(0)	false	Completed
P2	2	3	0	Overwrite+Raise(8)	Refused(PublishError::PlacementRefused(NoFreeSlotOnAnyDevice))(0) Refused(MountError::Publish(PublishError::PlacementRefused(NoFreeSlotOnAnyDevice)))(0)	Refused(PublishError::PlacementRefused(NoFreeSlotOnAnyDevice))(0)	false	Completed
P2	2	3	0	Overwrite+Raise(13)	Refused(PublishError::PlacementRefused(NoFreeSlotOnAnyDevice))(0) Refused(MountError::Publish(PublishError::PlacementRefused(NoFreeSlotOnAnyDevice)))(0)	Refused(PublishError::PlacementRefused(NoFreeSlotOnAnyDevice))(0)	false	Completed
P2	2	3	0	Overwrite+Raise(21)	Refused(PublishError::PlacementRefused(NoFreeSlotOnAnyDevice))(0) Refused(MountError::Publish(PublishError::PlacementRefused(NoFreeSlotOnAnyDevice)))(0)	Refused(PublishError::PlacementRefused(NoFreeSlotOnAnyDevice))(0)	false	Completed
P2	2	3	0	Overwrite+Raise(34)	Refused(PublishError::PlacementRefused(NoFreeSlotOnAnyDevice))(0) Refused(MountError::Publish(PublishError::PlacementRefused(NoFreeSlotOnAnyDevice)))(0)	Refused(PublishError::PlacementRefused(NoFreeSlotOnAnyDevice))(0)	false	Completed
P2	2	3	0	MountWritable	Mounted(publishes=2)(35)	Published(23)	true	Completed
P2	2	3	0	MountWritable+Overwrite	Mounted(publishes=2)(35) Published(23)	Published(23)	true	Completed
P2	2	3	0	MountWritable+MountWritable	Mounted(publishes=2)(35) Mounted(publishes=2)(35)	Published(23)	true	Completed
P2	2	3	0	MountWritable+ColdStartRecover	Mounted(publishes=2)(35) Recovered(0)	NotApplicable(NoWritableSession)(0)	false	Completed
P2	2	3	0	MountWritable+Rollback(NewestFloor)	Mounted(publishes=2)(35) Mounted(publishes=2)(35)	Published(23)	true	Completed
P2	2	3	0	MountWritable+Rollback(Ring0)	Mounted(publishes=2)(35) Mounted(publishes=2)(35)	Published(23)	true	Completed
P2	2	3	0	MountWritable+Rollback(Ring1)	Mounted(publishes=2)(35) Mounted(publishes=2)(35)	Published(23)	true	Completed
P2	2	3	0	MountWritable+Rollback(Ring2)	Mounted(publishes=2)(35) Mounted(publishes=2)(35)	Published(23)	true	Completed
P2	2	3	0	MountWritable+Rollback(Ring3)	Mounted(publishes=2)(35) Mounted(publishes=2)(35)	Published(23)	true	Completed
P2	2	3	0	MountWritable+Raise(0)	Mounted(publishes=2)(35) RaisedFloor(F=0,publishes=2)(30)	Published(23)	true	Completed
P2	2	3	0	MountWritable+Raise(1)	Mounted(publishes=2)(35) RaisedFloor(F=1,publishes=2)(30)	Published(23)	true	Completed
P2	2	3	0	MountWritable+Raise(2)	Mounted(publishes=2)(35) RaisedFloor(F=2,publishes=2)(30)	Published(23)	true	Completed
P2	2	3	0	MountWritable+Raise(3)	Mounted(publishes=2)(35) RaisedFloor(F=3,publishes=2)(30)	Published(23)	true	Completed
P2	2	3	0	MountWritable+Raise(5)	Mounted(publishes=2)(35) RaisedFloor(F=5,publishes=2)(30)	Published(23)	true	Completed
P2	2	3	0	MountWritable+Raise(8)	Mounted(publishes=2)(35) RaisedFloor(F=8,publishes=2)(30)	Published(23)	true	Completed
P2	2	3	0	MountWritable+Raise(13)	Mounted(publishes=2)(35) RaisedFloor(F=13,publishes=2)(30)	Published(23)	true	Completed
P2	2	3	0	MountWritable+Raise(21)	Mounted(publishes=2)(35) RaisedFloor(F=21,publishes=2)(30)	Published(23)	true	Completed
P2	2	3	0	MountWritable+Raise(34)	Mounted(publishes=2)(35) RaisedFloor(F=34,publishes=2)(30)	Published(23)	true	Completed
P2	2	3	0	ColdStartRecover	Recovered(0)	NotApplicable(NoWritableSession)(0)	false	Completed
P2	2	3	0	ColdStartRecover+Overwrite	Recovered(0) NotApplicable(NoWritableSession)(0)	NotApplicable(NoWritableSession)(0)	false	Completed
P2	2	3	0	ColdStartRecover+MountWritable	Recovered(0) Mounted(publishes=2)(35)	Published(23)	true	Completed
P2	2	3	0	ColdStartRecover+ColdStartRecover	Recovered(0) Recovered(0)	NotApplicable(NoWritableSession)(0)	false	Completed
P2	2	3	0	ColdStartRecover+Rollback(NewestFloor)	Recovered(0) Mounted(publishes=2)(35)	Published(23)	true	Completed
P2	2	3	0	ColdStartRecover+Rollback(Ring0)	Recovered(0) Mounted(publishes=2)(35)	Published(23)	true	Completed
P2	2	3	0	ColdStartRecover+Rollback(Ring1)	Recovered(0) Mounted(publishes=2)(35)	Published(23)	true	Completed
P2	2	3	0	ColdStartRecover+Rollback(Ring2)	Recovered(0) Mounted(publishes=2)(35)	Published(23)	true	Completed
P2	2	3	0	ColdStartRecover+Rollback(Ring3)	Recovered(0) Mounted(publishes=2)(35)	Published(23)	true	Completed
P2	2	3	0	ColdStartRecover+Raise(0)	Recovered(0) NotApplicable(NoWritableSession)(0)	NotApplicable(NoWritableSession)(0)	false	Completed
P2	2	3	0	ColdStartRecover+Raise(1)	Recovered(0) NotApplicable(NoWritableSession)(0)	NotApplicable(NoWritableSession)(0)	false	Completed
P2	2	3	0	ColdStartRecover+Raise(2)	Recovered(0) NotApplicable(NoWritableSession)(0)	NotApplicable(NoWritableSession)(0)	false	Completed
P2	2	3	0	ColdStartRecover+Raise(3)	Recovered(0) NotApplicable(NoWritableSession)(0)	NotApplicable(NoWritableSession)(0)	false	Completed
P2	2	3	0	ColdStartRecover+Raise(5)	Recovered(0) NotApplicable(NoWritableSession)(0)	NotApplicable(NoWritableSession)(0)	false	Completed
P2	2	3	0	ColdStartRecover+Raise(8)	Recovered(0) NotApplicable(NoWritableSession)(0)	NotApplicable(NoWritableSession)(0)	false	Completed
P2	2	3	0	ColdStartRecover+Raise(13)	Recovered(0) NotApplicable(NoWritableSession)(0)	NotApplicable(NoWritableSession)(0)	false	Completed
P2	2	3	0	ColdStartRecover+Raise(21)	Recovered(0) NotApplicable(NoWritableSession)(0)	NotApplicable(NoWritableSession)(0)	false	Completed
P2	2	3	0	ColdStartRecover+Raise(34)	Recovered(0) NotApplicable(NoWritableSession)(0)	NotApplicable(NoWritableSession)(0)	false	Completed
P2	2	3	0	Rollback(NewestFloor)	Mounted(publishes=2)(35)	Published(23)	true	Completed
P2	2	3	0	Rollback(NewestFloor)+Overwrite	Mounted(publishes=2)(35) Published(23)	Published(23)	true	Completed
P2	2	3	0	Rollback(NewestFloor)+MountWritable	Mounted(publishes=2)(35) Mounted(publishes=2)(35)	Published(23)	true	Completed
P2	2	3	0	Rollback(NewestFloor)+ColdStartRecover	Mounted(publishes=2)(35) Recovered(0)	NotApplicable(NoWritableSession)(0)	false	Completed
P2	2	3	0	Rollback(NewestFloor)+Rollback(NewestFloor)	Mounted(publishes=2)(35) Mounted(publishes=2)(35)	Published(23)	true	Completed
P2	2	3	0	Rollback(NewestFloor)+Rollback(Ring0)	Mounted(publishes=2)(35) Mounted(publishes=2)(35)	Published(23)	true	Completed
P2	2	3	0	Rollback(NewestFloor)+Rollback(Ring1)	Mounted(publishes=2)(35) Mounted(publishes=2)(35)	Published(23)	true	Completed
P2	2	3	0	Rollback(NewestFloor)+Rollback(Ring2)	Mounted(publishes=2)(35) Mounted(publishes=2)(35)	Published(23)	true	Completed
P2	2	3	0	Rollback(NewestFloor)+Rollback(Ring3)	Mounted(publishes=2)(35) Mounted(publishes=2)(35)	Published(23)	true	Completed
P2	2	3	0	Rollback(NewestFloor)+Raise(0)	Mounted(publishes=2)(35) RaisedFloor(F=0,publishes=2)(30)	Published(23)	true	Completed
P2	2	3	0	Rollback(NewestFloor)+Raise(1)	Mounted(publishes=2)(35) RaisedFloor(F=1,publishes=2)(30)	Published(23)	true	Completed
P2	2	3	0	Rollback(NewestFloor)+Raise(2)	Mounted(publishes=2)(35) RaisedFloor(F=2,publishes=2)(30)	Published(23)	true	Completed
P2	2	3	0	Rollback(NewestFloor)+Raise(3)	Mounted(publishes=2)(35) RaisedFloor(F=3,publishes=2)(30)	Published(23)	true	Completed
P2	2	3	0	Rollback(NewestFloor)+Raise(5)	Mounted(publishes=2)(35) RaisedFloor(F=5,publishes=2)(30)	Published(23)	true	Completed
P2	2	3	0	Rollback(NewestFloor)+Raise(8)	Mounted(publishes=2)(35) RaisedFloor(F=8,publishes=2)(30)	Published(23)	true	Completed
P2	2	3	0	Rollback(NewestFloor)+Raise(13)	Mounted(publishes=2)(35) RaisedFloor(F=13,publishes=2)(30)	Published(23)	true	Completed
P2	2	3	0	Rollback(NewestFloor)+Raise(21)	Mounted(publishes=2)(35) RaisedFloor(F=21,publishes=2)(30)	Published(23)	true	Completed
P2	2	3	0	Rollback(NewestFloor)+Raise(34)	Mounted(publishes=2)(35) RaisedFloor(F=34,publishes=2)(30)	Published(23)	true	Completed
P2	2	3	0	Rollback(Ring0)	Mounted(publishes=2)(35)	Published(23)	true	Completed
P2	2	3	0	Rollback(Ring0)+Overwrite	Mounted(publishes=2)(35) Published(23)	Published(23)	true	Completed
P2	2	3	0	Rollback(Ring0)+MountWritable	Mounted(publishes=2)(35) Mounted(publishes=2)(35)	Published(23)	true	Completed
P2	2	3	0	Rollback(Ring0)+ColdStartRecover	Mounted(publishes=2)(35) Recovered(0)	NotApplicable(NoWritableSession)(0)	false	Completed
P2	2	3	0	Rollback(Ring0)+Rollback(NewestFloor)	Mounted(publishes=2)(35) Mounted(publishes=2)(35)	Published(23)	true	Completed
P2	2	3	0	Rollback(Ring0)+Rollback(Ring0)	Mounted(publishes=2)(35) Mounted(publishes=2)(35)	Published(23)	true	Completed
P2	2	3	0	Rollback(Ring0)+Rollback(Ring1)	Mounted(publishes=2)(35) Mounted(publishes=2)(35)	Published(23)	true	Completed
P2	2	3	0	Rollback(Ring0)+Rollback(Ring2)	Mounted(publishes=2)(35) Mounted(publishes=2)(35)	Published(23)	true	Completed
P2	2	3	0	Rollback(Ring0)+Rollback(Ring3)	Mounted(publishes=2)(35) Mounted(publishes=2)(35)	Published(23)	true	Completed
P2	2	3	0	Rollback(Ring0)+Raise(0)	Mounted(publishes=2)(35) RaisedFloor(F=0,publishes=2)(30)	Published(23)	true	Completed
P2	2	3	0	Rollback(Ring0)+Raise(1)	Mounted(publishes=2)(35) RaisedFloor(F=1,publishes=2)(30)	Published(23)	true	Completed
P2	2	3	0	Rollback(Ring0)+Raise(2)	Mounted(publishes=2)(35) RaisedFloor(F=2,publishes=2)(30)	Published(23)	true	Completed
P2	2	3	0	Rollback(Ring0)+Raise(3)	Mounted(publishes=2)(35) RaisedFloor(F=3,publishes=2)(30)	Published(23)	true	Completed
P2	2	3	0	Rollback(Ring0)+Raise(5)	Mounted(publishes=2)(35) RaisedFloor(F=5,publishes=2)(30)	Published(23)	true	Completed
P2	2	3	0	Rollback(Ring0)+Raise(8)	Mounted(publishes=2)(35) RaisedFloor(F=8,publishes=2)(30)	Published(23)	true	Completed
P2	2	3	0	Rollback(Ring0)+Raise(13)	Mounted(publishes=2)(35) RaisedFloor(F=13,publishes=2)(30)	Published(23)	true	Completed
P2	2	3	0	Rollback(Ring0)+Raise(21)	Mounted(publishes=2)(35) RaisedFloor(F=21,publishes=2)(30)	Published(23)	true	Completed
P2	2	3	0	Rollback(Ring0)+Raise(34)	Mounted(publishes=2)(35) RaisedFloor(F=34,publishes=2)(30)	Published(23)	true	Completed
P2	2	3	0	Rollback(Ring1)	Mounted(publishes=2)(35)	Published(23)	true	Completed
P2	2	3	0	Rollback(Ring1)+Overwrite	Mounted(publishes=2)(35) Published(23)	Published(23)	true	Completed
P2	2	3	0	Rollback(Ring1)+MountWritable	Mounted(publishes=2)(35) Mounted(publishes=2)(35)	Published(23)	true	Completed
P2	2	3	0	Rollback(Ring1)+ColdStartRecover	Mounted(publishes=2)(35) Recovered(0)	NotApplicable(NoWritableSession)(0)	false	Completed
P2	2	3	0	Rollback(Ring1)+Rollback(NewestFloor)	Mounted(publishes=2)(35) Mounted(publishes=2)(35)	Published(23)	true	Completed
P2	2	3	0	Rollback(Ring1)+Rollback(Ring0)	Mounted(publishes=2)(35) Mounted(publishes=2)(35)	Published(23)	true	Completed
P2	2	3	0	Rollback(Ring1)+Rollback(Ring1)	Mounted(publishes=2)(35) Mounted(publishes=2)(35)	Published(23)	true	Completed
P2	2	3	0	Rollback(Ring1)+Rollback(Ring2)	Mounted(publishes=2)(35) Refused(MountError::RollbackTargetNotACandidate(OnAbandonedTimeline))(0)	NotApplicable(NoWritableSession)(0)	false	Completed
P2	2	3	0	Rollback(Ring1)+Rollback(Ring3)	Mounted(publishes=2)(35) Mounted(publishes=2)(35)	Published(23)	true	Completed
P2	2	3	0	Rollback(Ring1)+Raise(0)	Mounted(publishes=2)(35) RaisedFloor(F=0,publishes=2)(30)	Published(23)	true	Completed
P2	2	3	0	Rollback(Ring1)+Raise(1)	Mounted(publishes=2)(35) RaisedFloor(F=1,publishes=2)(30)	Published(23)	true	Completed
P2	2	3	0	Rollback(Ring1)+Raise(2)	Mounted(publishes=2)(35) RaisedFloor(F=2,publishes=2)(30)	Published(23)	true	Completed
P2	2	3	0	Rollback(Ring1)+Raise(3)	Mounted(publishes=2)(35) RaisedFloor(F=3,publishes=2)(30)	Published(23)	true	Completed
P2	2	3	0	Rollback(Ring1)+Raise(5)	Mounted(publishes=2)(35) RaisedFloor(F=5,publishes=2)(30)	Published(23)	true	Completed
P2	2	3	0	Rollback(Ring1)+Raise(8)	Mounted(publishes=2)(35) RaisedFloor(F=8,publishes=2)(30)	Published(23)	true	Completed
P2	2	3	0	Rollback(Ring1)+Raise(13)	Mounted(publishes=2)(35) RaisedFloor(F=13,publishes=2)(30)	Published(23)	true	Completed
P2	2	3	0	Rollback(Ring1)+Raise(21)	Mounted(publishes=2)(35) RaisedFloor(F=21,publishes=2)(30)	Published(23)	true	Completed
P2	2	3	0	Rollback(Ring1)+Raise(34)	Mounted(publishes=2)(35) RaisedFloor(F=34,publishes=2)(30)	Published(23)	true	Completed
P2	2	3	0	Rollback(Ring2)	Mounted(publishes=2)(35)	Published(23)	true	Completed
P2	2	3	0	Rollback(Ring2)+Overwrite	Mounted(publishes=2)(35) Published(23)	Published(23)	true	Completed
P2	2	3	0	Rollback(Ring2)+MountWritable	Mounted(publishes=2)(35) Mounted(publishes=2)(35)	Published(23)	true	Completed
P2	2	3	0	Rollback(Ring2)+ColdStartRecover	Mounted(publishes=2)(35) Recovered(0)	NotApplicable(NoWritableSession)(0)	false	Completed
P2	2	3	0	Rollback(Ring2)+Rollback(NewestFloor)	Mounted(publishes=2)(35) Mounted(publishes=2)(35)	Published(23)	true	Completed
P2	2	3	0	Rollback(Ring2)+Rollback(Ring0)	Mounted(publishes=2)(35) Mounted(publishes=2)(35)	Published(23)	true	Completed
P2	2	3	0	Rollback(Ring2)+Rollback(Ring1)	Mounted(publishes=2)(35) Mounted(publishes=2)(35)	Published(23)	true	Completed
P2	2	3	0	Rollback(Ring2)+Rollback(Ring2)	Mounted(publishes=2)(35) Refused(MountError::RollbackTargetNotACandidate(OnAbandonedTimeline))(0)	NotApplicable(NoWritableSession)(0)	false	Completed
P2	2	3	0	Rollback(Ring2)+Rollback(Ring3)	Mounted(publishes=2)(35) Refused(MountError::RollbackTargetNotACandidate(OnAbandonedTimeline))(0)	NotApplicable(NoWritableSession)(0)	false	Completed
P2	2	3	0	Rollback(Ring2)+Raise(0)	Mounted(publishes=2)(35) RaisedFloor(F=0,publishes=2)(30)	Published(23)	true	Completed
P2	2	3	0	Rollback(Ring2)+Raise(1)	Mounted(publishes=2)(35) RaisedFloor(F=1,publishes=2)(30)	Published(23)	true	Completed
P2	2	3	0	Rollback(Ring2)+Raise(2)	Mounted(publishes=2)(35) RaisedFloor(F=2,publishes=2)(30)	Published(23)	true	Completed
P2	2	3	0	Rollback(Ring2)+Raise(3)	Mounted(publishes=2)(35) RaisedFloor(F=3,publishes=2)(30)	Published(23)	true	Completed
P2	2	3	0	Rollback(Ring2)+Raise(5)	Mounted(publishes=2)(35) RaisedFloor(F=5,publishes=2)(30)	Published(23)	true	Completed
P2	2	3	0	Rollback(Ring2)+Raise(8)	Mounted(publishes=2)(35) RaisedFloor(F=8,publishes=2)(30)	Published(23)	true	Completed
P2	2	3	0	Rollback(Ring2)+Raise(13)	Mounted(publishes=2)(35) RaisedFloor(F=13,publishes=2)(30)	Published(23)	true	Completed
P2	2	3	0	Rollback(Ring2)+Raise(21)	Mounted(publishes=2)(35) RaisedFloor(F=21,publishes=2)(30)	Published(23)	true	Completed
P2	2	3	0	Rollback(Ring2)+Raise(34)	Mounted(publishes=2)(35) RaisedFloor(F=34,publishes=2)(30)	Published(23)	true	Completed
P2	2	3	0	Rollback(Ring3)	Mounted(publishes=2)(35)	Published(23)	true	Completed
P2	2	3	0	Rollback(Ring3)+Overwrite	Mounted(publishes=2)(35) Published(23)	Published(23)	true	Completed
P2	2	3	0	Rollback(Ring3)+MountWritable	Mounted(publishes=2)(35) Mounted(publishes=2)(35)	Published(23)	true	Completed
P2	2	3	0	Rollback(Ring3)+ColdStartRecover	Mounted(publishes=2)(35) Recovered(0)	NotApplicable(NoWritableSession)(0)	false	Completed
P2	2	3	0	Rollback(Ring3)+Rollback(NewestFloor)	Mounted(publishes=2)(35) Mounted(publishes=2)(35)	Published(23)	true	Completed
P2	2	3	0	Rollback(Ring3)+Rollback(Ring0)	Mounted(publishes=2)(35) Mounted(publishes=2)(35)	Published(23)	true	Completed
P2	2	3	0	Rollback(Ring3)+Rollback(Ring1)	Mounted(publishes=2)(35) Mounted(publishes=2)(35)	Published(23)	true	Completed
P2	2	3	0	Rollback(Ring3)+Rollback(Ring2)	Mounted(publishes=2)(35) Refused(MountError::RollbackTargetNotACandidate(OnAbandonedTimeline))(0)	NotApplicable(NoWritableSession)(0)	false	Completed
P2	2	3	0	Rollback(Ring3)+Rollback(Ring3)	Mounted(publishes=2)(35) Refused(MountError::RollbackTargetNotACandidate(OnAbandonedTimeline))(0)	NotApplicable(NoWritableSession)(0)	false	Completed
P2	2	3	0	Rollback(Ring3)+Raise(0)	Mounted(publishes=2)(35) RaisedFloor(F=0,publishes=2)(30)	Published(23)	true	Completed
P2	2	3	0	Rollback(Ring3)+Raise(1)	Mounted(publishes=2)(35) RaisedFloor(F=1,publishes=2)(30)	Published(23)	true	Completed
P2	2	3	0	Rollback(Ring3)+Raise(2)	Mounted(publishes=2)(35) RaisedFloor(F=2,publishes=2)(30)	Published(23)	true	Completed
P2	2	3	0	Rollback(Ring3)+Raise(3)	Mounted(publishes=2)(35) RaisedFloor(F=3,publishes=2)(30)	Published(23)	true	Completed
P2	2	3	0	Rollback(Ring3)+Raise(5)	Mounted(publishes=2)(35) RaisedFloor(F=5,publishes=2)(30)	Published(23)	true	Completed
P2	2	3	0	Rollback(Ring3)+Raise(8)	Mounted(publishes=2)(35) RaisedFloor(F=8,publishes=2)(30)	Published(23)	true	Completed
P2	2	3	0	Rollback(Ring3)+Raise(13)	Mounted(publishes=2)(35) RaisedFloor(F=13,publishes=2)(30)	Published(23)	true	Completed
P2	2	3	0	Rollback(Ring3)+Raise(21)	Mounted(publishes=2)(35) RaisedFloor(F=21,publishes=2)(30)	Published(23)	true	Completed
P2	2	3	0	Rollback(Ring3)+Raise(34)	Mounted(publishes=2)(35) RaisedFloor(F=34,publishes=2)(30)	Published(23)	true	Completed
P2	2	3	0	Raise(0)	Refused(MountError::Publish(PublishError::PlacementRefused(NoFreeSlotOnAnyDevice)))(0)	Refused(PublishError::PlacementRefused(NoFreeSlotOnAnyDevice))(0)	false	Completed
P2	2	3	0	Raise(0)+Overwrite	Refused(MountError::Publish(PublishError::PlacementRefused(NoFreeSlotOnAnyDevice)))(0) Refused(PublishError::PlacementRefused(NoFreeSlotOnAnyDevice))(0)	Refused(PublishError::PlacementRefused(NoFreeSlotOnAnyDevice))(0)	false	Completed
P2	2	3	0	Raise(0)+MountWritable	Refused(MountError::Publish(PublishError::PlacementRefused(NoFreeSlotOnAnyDevice)))(0) Mounted(publishes=2)(35)	Published(23)	true	Completed
P2	2	3	0	Raise(0)+ColdStartRecover	Refused(MountError::Publish(PublishError::PlacementRefused(NoFreeSlotOnAnyDevice)))(0) Recovered(0)	NotApplicable(NoWritableSession)(0)	false	Completed
P2	2	3	0	Raise(0)+Rollback(NewestFloor)	Refused(MountError::Publish(PublishError::PlacementRefused(NoFreeSlotOnAnyDevice)))(0) Mounted(publishes=2)(35)	Published(23)	true	Completed
P2	2	3	0	Raise(0)+Rollback(Ring0)	Refused(MountError::Publish(PublishError::PlacementRefused(NoFreeSlotOnAnyDevice)))(0) Mounted(publishes=2)(35)	Published(23)	true	Completed
P2	2	3	0	Raise(0)+Rollback(Ring1)	Refused(MountError::Publish(PublishError::PlacementRefused(NoFreeSlotOnAnyDevice)))(0) Mounted(publishes=2)(35)	Published(23)	true	Completed
P2	2	3	0	Raise(0)+Rollback(Ring2)	Refused(MountError::Publish(PublishError::PlacementRefused(NoFreeSlotOnAnyDevice)))(0) Mounted(publishes=2)(35)	Published(23)	true	Completed
P2	2	3	0	Raise(0)+Rollback(Ring3)	Refused(MountError::Publish(PublishError::PlacementRefused(NoFreeSlotOnAnyDevice)))(0) Mounted(publishes=2)(35)	Published(23)	true	Completed
P2	2	3	0	Raise(0)+Raise(0)	Refused(MountError::Publish(PublishError::PlacementRefused(NoFreeSlotOnAnyDevice)))(0) Refused(MountError::Publish(PublishError::PlacementRefused(NoFreeSlotOnAnyDevice)))(0)	Refused(PublishError::PlacementRefused(NoFreeSlotOnAnyDevice))(0)	false	Completed
P2	2	3	0	Raise(0)+Raise(1)	Refused(MountError::Publish(PublishError::PlacementRefused(NoFreeSlotOnAnyDevice)))(0) Refused(MountError::Publish(PublishError::PlacementRefused(NoFreeSlotOnAnyDevice)))(0)	Refused(PublishError::PlacementRefused(NoFreeSlotOnAnyDevice))(0)	false	Completed
P2	2	3	0	Raise(0)+Raise(2)	Refused(MountError::Publish(PublishError::PlacementRefused(NoFreeSlotOnAnyDevice)))(0) Refused(MountError::Publish(PublishError::PlacementRefused(NoFreeSlotOnAnyDevice)))(0)	Refused(PublishError::PlacementRefused(NoFreeSlotOnAnyDevice))(0)	false	Completed
P2	2	3	0	Raise(0)+Raise(3)	Refused(MountError::Publish(PublishError::PlacementRefused(NoFreeSlotOnAnyDevice)))(0) Refused(MountError::Publish(PublishError::PlacementRefused(NoFreeSlotOnAnyDevice)))(0)	Refused(PublishError::PlacementRefused(NoFreeSlotOnAnyDevice))(0)	false	Completed
P2	2	3	0	Raise(0)+Raise(5)	Refused(MountError::Publish(PublishError::PlacementRefused(NoFreeSlotOnAnyDevice)))(0) Refused(MountError::Publish(PublishError::PlacementRefused(NoFreeSlotOnAnyDevice)))(0)	Refused(PublishError::PlacementRefused(NoFreeSlotOnAnyDevice))(0)	false	Completed
P2	2	3	0	Raise(0)+Raise(8)	Refused(MountError::Publish(PublishError::PlacementRefused(NoFreeSlotOnAnyDevice)))(0) Refused(MountError::Publish(PublishError::PlacementRefused(NoFreeSlotOnAnyDevice)))(0)	Refused(PublishError::PlacementRefused(NoFreeSlotOnAnyDevice))(0)	false	Completed
P2	2	3	0	Raise(0)+Raise(13)	Refused(MountError::Publish(PublishError::PlacementRefused(NoFreeSlotOnAnyDevice)))(0) Refused(MountError::Publish(PublishError::PlacementRefused(NoFreeSlotOnAnyDevice)))(0)	Refused(PublishError::PlacementRefused(NoFreeSlotOnAnyDevice))(0)	false	Completed
P2	2	3	0	Raise(0)+Raise(21)	Refused(MountError::Publish(PublishError::PlacementRefused(NoFreeSlotOnAnyDevice)))(0) Refused(MountError::Publish(PublishError::PlacementRefused(NoFreeSlotOnAnyDevice)))(0)	Refused(PublishError::PlacementRefused(NoFreeSlotOnAnyDevice))(0)	false	Completed
P2	2	3	0	Raise(0)+Raise(34)	Refused(MountError::Publish(PublishError::PlacementRefused(NoFreeSlotOnAnyDevice)))(0) Refused(MountError::Publish(PublishError::PlacementRefused(NoFreeSlotOnAnyDevice)))(0)	Refused(PublishError::PlacementRefused(NoFreeSlotOnAnyDevice))(0)	false	Completed
P2	2	3	0	Raise(1)	Refused(MountError::Publish(PublishError::PlacementRefused(NoFreeSlotOnAnyDevice)))(0)	Refused(PublishError::PlacementRefused(NoFreeSlotOnAnyDevice))(0)	false	Completed
P2	2	3	0	Raise(1)+Overwrite	Refused(MountError::Publish(PublishError::PlacementRefused(NoFreeSlotOnAnyDevice)))(0) Refused(PublishError::PlacementRefused(NoFreeSlotOnAnyDevice))(0)	Refused(PublishError::PlacementRefused(NoFreeSlotOnAnyDevice))(0)	false	Completed
P2	2	3	0	Raise(1)+MountWritable	Refused(MountError::Publish(PublishError::PlacementRefused(NoFreeSlotOnAnyDevice)))(0) Mounted(publishes=2)(35)	Published(23)	true	Completed
P2	2	3	0	Raise(1)+ColdStartRecover	Refused(MountError::Publish(PublishError::PlacementRefused(NoFreeSlotOnAnyDevice)))(0) Recovered(0)	NotApplicable(NoWritableSession)(0)	false	Completed
P2	2	3	0	Raise(1)+Rollback(NewestFloor)	Refused(MountError::Publish(PublishError::PlacementRefused(NoFreeSlotOnAnyDevice)))(0) Mounted(publishes=2)(35)	Published(23)	true	Completed
P2	2	3	0	Raise(1)+Rollback(Ring0)	Refused(MountError::Publish(PublishError::PlacementRefused(NoFreeSlotOnAnyDevice)))(0) Mounted(publishes=2)(35)	Published(23)	true	Completed
P2	2	3	0	Raise(1)+Rollback(Ring1)	Refused(MountError::Publish(PublishError::PlacementRefused(NoFreeSlotOnAnyDevice)))(0) Mounted(publishes=2)(35)	Published(23)	true	Completed
P2	2	3	0	Raise(1)+Rollback(Ring2)	Refused(MountError::Publish(PublishError::PlacementRefused(NoFreeSlotOnAnyDevice)))(0) Mounted(publishes=2)(35)	Published(23)	true	Completed
P2	2	3	0	Raise(1)+Rollback(Ring3)	Refused(MountError::Publish(PublishError::PlacementRefused(NoFreeSlotOnAnyDevice)))(0) Mounted(publishes=2)(35)	Published(23)	true	Completed
P2	2	3	0	Raise(1)+Raise(0)	Refused(MountError::Publish(PublishError::PlacementRefused(NoFreeSlotOnAnyDevice)))(0) Refused(MountError::Publish(PublishError::PlacementRefused(NoFreeSlotOnAnyDevice)))(0)	Refused(PublishError::PlacementRefused(NoFreeSlotOnAnyDevice))(0)	false	Completed
P2	2	3	0	Raise(1)+Raise(1)	Refused(MountError::Publish(PublishError::PlacementRefused(NoFreeSlotOnAnyDevice)))(0) Refused(MountError::Publish(PublishError::PlacementRefused(NoFreeSlotOnAnyDevice)))(0)	Refused(PublishError::PlacementRefused(NoFreeSlotOnAnyDevice))(0)	false	Completed
P2	2	3	0	Raise(1)+Raise(2)	Refused(MountError::Publish(PublishError::PlacementRefused(NoFreeSlotOnAnyDevice)))(0) Refused(MountError::Publish(PublishError::PlacementRefused(NoFreeSlotOnAnyDevice)))(0)	Refused(PublishError::PlacementRefused(NoFreeSlotOnAnyDevice))(0)	false	Completed
P2	2	3	0	Raise(1)+Raise(3)	Refused(MountError::Publish(PublishError::PlacementRefused(NoFreeSlotOnAnyDevice)))(0) Refused(MountError::Publish(PublishError::PlacementRefused(NoFreeSlotOnAnyDevice)))(0)	Refused(PublishError::PlacementRefused(NoFreeSlotOnAnyDevice))(0)	false	Completed
P2	2	3	0	Raise(1)+Raise(5)	Refused(MountError::Publish(PublishError::PlacementRefused(NoFreeSlotOnAnyDevice)))(0) Refused(MountError::Publish(PublishError::PlacementRefused(NoFreeSlotOnAnyDevice)))(0)	Refused(PublishError::PlacementRefused(NoFreeSlotOnAnyDevice))(0)	false	Completed
P2	2	3	0	Raise(1)+Raise(8)	Refused(MountError::Publish(PublishError::PlacementRefused(NoFreeSlotOnAnyDevice)))(0) Refused(MountError::Publish(PublishError::PlacementRefused(NoFreeSlotOnAnyDevice)))(0)	Refused(PublishError::PlacementRefused(NoFreeSlotOnAnyDevice))(0)	false	Completed
P2	2	3	0	Raise(1)+Raise(13)	Refused(MountError::Publish(PublishError::PlacementRefused(NoFreeSlotOnAnyDevice)))(0) Refused(MountError::Publish(PublishError::PlacementRefused(NoFreeSlotOnAnyDevice)))(0)	Refused(PublishError::PlacementRefused(NoFreeSlotOnAnyDevice))(0)	false	Completed
P2	2	3	0	Raise(1)+Raise(21)	Refused(MountError::Publish(PublishError::PlacementRefused(NoFreeSlotOnAnyDevice)))(0) Refused(MountError::Publish(PublishError::PlacementRefused(NoFreeSlotOnAnyDevice)))(0)	Refused(PublishError::PlacementRefused(NoFreeSlotOnAnyDevice))(0)	false	Completed
P2	2	3	0	Raise(1)+Raise(34)	Refused(MountError::Publish(PublishError::PlacementRefused(NoFreeSlotOnAnyDevice)))(0) Refused(MountError::Publish(PublishError::PlacementRefused(NoFreeSlotOnAnyDevice)))(0)	Refused(PublishError::PlacementRefused(NoFreeSlotOnAnyDevice))(0)	false	Completed
P2	2	3	0	Raise(2)	Refused(MountError::Publish(PublishError::PlacementRefused(NoFreeSlotOnAnyDevice)))(0)	Refused(PublishError::PlacementRefused(NoFreeSlotOnAnyDevice))(0)	false	Completed
P2	2	3	0	Raise(2)+Overwrite	Refused(MountError::Publish(PublishError::PlacementRefused(NoFreeSlotOnAnyDevice)))(0) Refused(PublishError::PlacementRefused(NoFreeSlotOnAnyDevice))(0)	Refused(PublishError::PlacementRefused(NoFreeSlotOnAnyDevice))(0)	false	Completed
P2	2	3	0	Raise(2)+MountWritable	Refused(MountError::Publish(PublishError::PlacementRefused(NoFreeSlotOnAnyDevice)))(0) Mounted(publishes=2)(35)	Published(23)	true	Completed
P2	2	3	0	Raise(2)+ColdStartRecover	Refused(MountError::Publish(PublishError::PlacementRefused(NoFreeSlotOnAnyDevice)))(0) Recovered(0)	NotApplicable(NoWritableSession)(0)	false	Completed
P2	2	3	0	Raise(2)+Rollback(NewestFloor)	Refused(MountError::Publish(PublishError::PlacementRefused(NoFreeSlotOnAnyDevice)))(0) Mounted(publishes=2)(35)	Published(23)	true	Completed
P2	2	3	0	Raise(2)+Rollback(Ring0)	Refused(MountError::Publish(PublishError::PlacementRefused(NoFreeSlotOnAnyDevice)))(0) Mounted(publishes=2)(35)	Published(23)	true	Completed
P2	2	3	0	Raise(2)+Rollback(Ring1)	Refused(MountError::Publish(PublishError::PlacementRefused(NoFreeSlotOnAnyDevice)))(0) Mounted(publishes=2)(35)	Published(23)	true	Completed
P2	2	3	0	Raise(2)+Rollback(Ring2)	Refused(MountError::Publish(PublishError::PlacementRefused(NoFreeSlotOnAnyDevice)))(0) Mounted(publishes=2)(35)	Published(23)	true	Completed
P2	2	3	0	Raise(2)+Rollback(Ring3)	Refused(MountError::Publish(PublishError::PlacementRefused(NoFreeSlotOnAnyDevice)))(0) Mounted(publishes=2)(35)	Published(23)	true	Completed
P2	2	3	0	Raise(2)+Raise(0)	Refused(MountError::Publish(PublishError::PlacementRefused(NoFreeSlotOnAnyDevice)))(0) Refused(MountError::Publish(PublishError::PlacementRefused(NoFreeSlotOnAnyDevice)))(0)	Refused(PublishError::PlacementRefused(NoFreeSlotOnAnyDevice))(0)	false	Completed
P2	2	3	0	Raise(2)+Raise(1)	Refused(MountError::Publish(PublishError::PlacementRefused(NoFreeSlotOnAnyDevice)))(0) Refused(MountError::Publish(PublishError::PlacementRefused(NoFreeSlotOnAnyDevice)))(0)	Refused(PublishError::PlacementRefused(NoFreeSlotOnAnyDevice))(0)	false	Completed
P2	2	3	0	Raise(2)+Raise(2)	Refused(MountError::Publish(PublishError::PlacementRefused(NoFreeSlotOnAnyDevice)))(0) Refused(MountError::Publish(PublishError::PlacementRefused(NoFreeSlotOnAnyDevice)))(0)	Refused(PublishError::PlacementRefused(NoFreeSlotOnAnyDevice))(0)	false	Completed
P2	2	3	0	Raise(2)+Raise(3)	Refused(MountError::Publish(PublishError::PlacementRefused(NoFreeSlotOnAnyDevice)))(0) Refused(MountError::Publish(PublishError::PlacementRefused(NoFreeSlotOnAnyDevice)))(0)	Refused(PublishError::PlacementRefused(NoFreeSlotOnAnyDevice))(0)	false	Completed
P2	2	3	0	Raise(2)+Raise(5)	Refused(MountError::Publish(PublishError::PlacementRefused(NoFreeSlotOnAnyDevice)))(0) Refused(MountError::Publish(PublishError::PlacementRefused(NoFreeSlotOnAnyDevice)))(0)	Refused(PublishError::PlacementRefused(NoFreeSlotOnAnyDevice))(0)	false	Completed
P2	2	3	0	Raise(2)+Raise(8)	Refused(MountError::Publish(PublishError::PlacementRefused(NoFreeSlotOnAnyDevice)))(0) Refused(MountError::Publish(PublishError::PlacementRefused(NoFreeSlotOnAnyDevice)))(0)	Refused(PublishError::PlacementRefused(NoFreeSlotOnAnyDevice))(0)	false	Completed
P2	2	3	0	Raise(2)+Raise(13)	Refused(MountError::Publish(PublishError::PlacementRefused(NoFreeSlotOnAnyDevice)))(0) Refused(MountError::Publish(PublishError::PlacementRefused(NoFreeSlotOnAnyDevice)))(0)	Refused(PublishError::PlacementRefused(NoFreeSlotOnAnyDevice))(0)	false	Completed
P2	2	3	0	Raise(2)+Raise(21)	Refused(MountError::Publish(PublishError::PlacementRefused(NoFreeSlotOnAnyDevice)))(0) Refused(MountError::Publish(PublishError::PlacementRefused(NoFreeSlotOnAnyDevice)))(0)	Refused(PublishError::PlacementRefused(NoFreeSlotOnAnyDevice))(0)	false	Completed
P2	2	3	0	Raise(2)+Raise(34)	Refused(MountError::Publish(PublishError::PlacementRefused(NoFreeSlotOnAnyDevice)))(0) Refused(MountError::Publish(PublishError::PlacementRefused(NoFreeSlotOnAnyDevice)))(0)	Refused(PublishError::PlacementRefused(NoFreeSlotOnAnyDevice))(0)	false	Completed
P2	2	3	0	Raise(3)	Refused(MountError::Publish(PublishError::PlacementRefused(NoFreeSlotOnAnyDevice)))(0)	Refused(PublishError::PlacementRefused(NoFreeSlotOnAnyDevice))(0)	false	Completed
P2	2	3	0	Raise(3)+Overwrite	Refused(MountError::Publish(PublishError::PlacementRefused(NoFreeSlotOnAnyDevice)))(0) Refused(PublishError::PlacementRefused(NoFreeSlotOnAnyDevice))(0)	Refused(PublishError::PlacementRefused(NoFreeSlotOnAnyDevice))(0)	false	Completed
P2	2	3	0	Raise(3)+MountWritable	Refused(MountError::Publish(PublishError::PlacementRefused(NoFreeSlotOnAnyDevice)))(0) Mounted(publishes=2)(35)	Published(23)	true	Completed
P2	2	3	0	Raise(3)+ColdStartRecover	Refused(MountError::Publish(PublishError::PlacementRefused(NoFreeSlotOnAnyDevice)))(0) Recovered(0)	NotApplicable(NoWritableSession)(0)	false	Completed
P2	2	3	0	Raise(3)+Rollback(NewestFloor)	Refused(MountError::Publish(PublishError::PlacementRefused(NoFreeSlotOnAnyDevice)))(0) Mounted(publishes=2)(35)	Published(23)	true	Completed
P2	2	3	0	Raise(3)+Rollback(Ring0)	Refused(MountError::Publish(PublishError::PlacementRefused(NoFreeSlotOnAnyDevice)))(0) Mounted(publishes=2)(35)	Published(23)	true	Completed
P2	2	3	0	Raise(3)+Rollback(Ring1)	Refused(MountError::Publish(PublishError::PlacementRefused(NoFreeSlotOnAnyDevice)))(0) Mounted(publishes=2)(35)	Published(23)	true	Completed
P2	2	3	0	Raise(3)+Rollback(Ring2)	Refused(MountError::Publish(PublishError::PlacementRefused(NoFreeSlotOnAnyDevice)))(0) Mounted(publishes=2)(35)	Published(23)	true	Completed
P2	2	3	0	Raise(3)+Rollback(Ring3)	Refused(MountError::Publish(PublishError::PlacementRefused(NoFreeSlotOnAnyDevice)))(0) Mounted(publishes=2)(35)	Published(23)	true	Completed
P2	2	3	0	Raise(3)+Raise(0)	Refused(MountError::Publish(PublishError::PlacementRefused(NoFreeSlotOnAnyDevice)))(0) Refused(MountError::Publish(PublishError::PlacementRefused(NoFreeSlotOnAnyDevice)))(0)	Refused(PublishError::PlacementRefused(NoFreeSlotOnAnyDevice))(0)	false	Completed
P2	2	3	0	Raise(3)+Raise(1)	Refused(MountError::Publish(PublishError::PlacementRefused(NoFreeSlotOnAnyDevice)))(0) Refused(MountError::Publish(PublishError::PlacementRefused(NoFreeSlotOnAnyDevice)))(0)	Refused(PublishError::PlacementRefused(NoFreeSlotOnAnyDevice))(0)	false	Completed
P2	2	3	0	Raise(3)+Raise(2)	Refused(MountError::Publish(PublishError::PlacementRefused(NoFreeSlotOnAnyDevice)))(0) Refused(MountError::Publish(PublishError::PlacementRefused(NoFreeSlotOnAnyDevice)))(0)	Refused(PublishError::PlacementRefused(NoFreeSlotOnAnyDevice))(0)	false	Completed
P2	2	3	0	Raise(3)+Raise(3)	Refused(MountError::Publish(PublishError::PlacementRefused(NoFreeSlotOnAnyDevice)))(0) Refused(MountError::Publish(PublishError::PlacementRefused(NoFreeSlotOnAnyDevice)))(0)	Refused(PublishError::PlacementRefused(NoFreeSlotOnAnyDevice))(0)	false	Completed
P2	2	3	0	Raise(3)+Raise(5)	Refused(MountError::Publish(PublishError::PlacementRefused(NoFreeSlotOnAnyDevice)))(0) Refused(MountError::Publish(PublishError::PlacementRefused(NoFreeSlotOnAnyDevice)))(0)	Refused(PublishError::PlacementRefused(NoFreeSlotOnAnyDevice))(0)	false	Completed
P2	2	3	0	Raise(3)+Raise(8)	Refused(MountError::Publish(PublishError::PlacementRefused(NoFreeSlotOnAnyDevice)))(0) Refused(MountError::Publish(PublishError::PlacementRefused(NoFreeSlotOnAnyDevice)))(0)	Refused(PublishError::PlacementRefused(NoFreeSlotOnAnyDevice))(0)	false	Completed
P2	2	3	0	Raise(3)+Raise(13)	Refused(MountError::Publish(PublishError::PlacementRefused(NoFreeSlotOnAnyDevice)))(0) Refused(MountError::Publish(PublishError::PlacementRefused(NoFreeSlotOnAnyDevice)))(0)	Refused(PublishError::PlacementRefused(NoFreeSlotOnAnyDevice))(0)	false	Completed
P2	2	3	0	Raise(3)+Raise(21)	Refused(MountError::Publish(PublishError::PlacementRefused(NoFreeSlotOnAnyDevice)))(0) Refused(MountError::Publish(PublishError::PlacementRefused(NoFreeSlotOnAnyDevice)))(0)	Refused(PublishError::PlacementRefused(NoFreeSlotOnAnyDevice))(0)	false	Completed
P2	2	3	0	Raise(3)+Raise(34)	Refused(MountError::Publish(PublishError::PlacementRefused(NoFreeSlotOnAnyDevice)))(0) Refused(MountError::Publish(PublishError::PlacementRefused(NoFreeSlotOnAnyDevice)))(0)	Refused(PublishError::PlacementRefused(NoFreeSlotOnAnyDevice))(0)	false	Completed
P2	2	3	0	Raise(5)	Refused(MountError::Publish(PublishError::PlacementRefused(NoFreeSlotOnAnyDevice)))(0)	Refused(PublishError::PlacementRefused(NoFreeSlotOnAnyDevice))(0)	false	Completed
P2	2	3	0	Raise(5)+Overwrite	Refused(MountError::Publish(PublishError::PlacementRefused(NoFreeSlotOnAnyDevice)))(0) Refused(PublishError::PlacementRefused(NoFreeSlotOnAnyDevice))(0)	Refused(PublishError::PlacementRefused(NoFreeSlotOnAnyDevice))(0)	false	Completed
P2	2	3	0	Raise(5)+MountWritable	Refused(MountError::Publish(PublishError::PlacementRefused(NoFreeSlotOnAnyDevice)))(0) Mounted(publishes=2)(35)	Published(23)	true	Completed
P2	2	3	0	Raise(5)+ColdStartRecover	Refused(MountError::Publish(PublishError::PlacementRefused(NoFreeSlotOnAnyDevice)))(0) Recovered(0)	NotApplicable(NoWritableSession)(0)	false	Completed
P2	2	3	0	Raise(5)+Rollback(NewestFloor)	Refused(MountError::Publish(PublishError::PlacementRefused(NoFreeSlotOnAnyDevice)))(0) Mounted(publishes=2)(35)	Published(23)	true	Completed
P2	2	3	0	Raise(5)+Rollback(Ring0)	Refused(MountError::Publish(PublishError::PlacementRefused(NoFreeSlotOnAnyDevice)))(0) Mounted(publishes=2)(35)	Published(23)	true	Completed
P2	2	3	0	Raise(5)+Rollback(Ring1)	Refused(MountError::Publish(PublishError::PlacementRefused(NoFreeSlotOnAnyDevice)))(0) Mounted(publishes=2)(35)	Published(23)	true	Completed
P2	2	3	0	Raise(5)+Rollback(Ring2)	Refused(MountError::Publish(PublishError::PlacementRefused(NoFreeSlotOnAnyDevice)))(0) Mounted(publishes=2)(35)	Published(23)	true	Completed
P2	2	3	0	Raise(5)+Rollback(Ring3)	Refused(MountError::Publish(PublishError::PlacementRefused(NoFreeSlotOnAnyDevice)))(0) Mounted(publishes=2)(35)	Published(23)	true	Completed
P2	2	3	0	Raise(5)+Raise(0)	Refused(MountError::Publish(PublishError::PlacementRefused(NoFreeSlotOnAnyDevice)))(0) Refused(MountError::Publish(PublishError::PlacementRefused(NoFreeSlotOnAnyDevice)))(0)	Refused(PublishError::PlacementRefused(NoFreeSlotOnAnyDevice))(0)	false	Completed
P2	2	3	0	Raise(5)+Raise(1)	Refused(MountError::Publish(PublishError::PlacementRefused(NoFreeSlotOnAnyDevice)))(0) Refused(MountError::Publish(PublishError::PlacementRefused(NoFreeSlotOnAnyDevice)))(0)	Refused(PublishError::PlacementRefused(NoFreeSlotOnAnyDevice))(0)	false	Completed
P2	2	3	0	Raise(5)+Raise(2)	Refused(MountError::Publish(PublishError::PlacementRefused(NoFreeSlotOnAnyDevice)))(0) Refused(MountError::Publish(PublishError::PlacementRefused(NoFreeSlotOnAnyDevice)))(0)	Refused(PublishError::PlacementRefused(NoFreeSlotOnAnyDevice))(0)	false	Completed
P2	2	3	0	Raise(5)+Raise(3)	Refused(MountError::Publish(PublishError::PlacementRefused(NoFreeSlotOnAnyDevice)))(0) Refused(MountError::Publish(PublishError::PlacementRefused(NoFreeSlotOnAnyDevice)))(0)	Refused(PublishError::PlacementRefused(NoFreeSlotOnAnyDevice))(0)	false	Completed
P2	2	3	0	Raise(5)+Raise(5)	Refused(MountError::Publish(PublishError::PlacementRefused(NoFreeSlotOnAnyDevice)))(0) Refused(MountError::Publish(PublishError::PlacementRefused(NoFreeSlotOnAnyDevice)))(0)	Refused(PublishError::PlacementRefused(NoFreeSlotOnAnyDevice))(0)	false	Completed
P2	2	3	0	Raise(5)+Raise(8)	Refused(MountError::Publish(PublishError::PlacementRefused(NoFreeSlotOnAnyDevice)))(0) Refused(MountError::Publish(PublishError::PlacementRefused(NoFreeSlotOnAnyDevice)))(0)	Refused(PublishError::PlacementRefused(NoFreeSlotOnAnyDevice))(0)	false	Completed
P2	2	3	0	Raise(5)+Raise(13)	Refused(MountError::Publish(PublishError::PlacementRefused(NoFreeSlotOnAnyDevice)))(0) Refused(MountError::Publish(PublishError::PlacementRefused(NoFreeSlotOnAnyDevice)))(0)	Refused(PublishError::PlacementRefused(NoFreeSlotOnAnyDevice))(0)	false	Completed
P2	2	3	0	Raise(5)+Raise(21)	Refused(MountError::Publish(PublishError::PlacementRefused(NoFreeSlotOnAnyDevice)))(0) Refused(MountError::Publish(PublishError::PlacementRefused(NoFreeSlotOnAnyDevice)))(0)	Refused(PublishError::PlacementRefused(NoFreeSlotOnAnyDevice))(0)	false	Completed
P2	2	3	0	Raise(5)+Raise(34)	Refused(MountError::Publish(PublishError::PlacementRefused(NoFreeSlotOnAnyDevice)))(0) Refused(MountError::Publish(PublishError::PlacementRefused(NoFreeSlotOnAnyDevice)))(0)	Refused(PublishError::PlacementRefused(NoFreeSlotOnAnyDevice))(0)	false	Completed
P2	2	3	0	Raise(8)	Refused(MountError::Publish(PublishError::PlacementRefused(NoFreeSlotOnAnyDevice)))(0)	Refused(PublishError::PlacementRefused(NoFreeSlotOnAnyDevice))(0)	false	Completed
P2	2	3	0	Raise(8)+Overwrite	Refused(MountError::Publish(PublishError::PlacementRefused(NoFreeSlotOnAnyDevice)))(0) Refused(PublishError::PlacementRefused(NoFreeSlotOnAnyDevice))(0)	Refused(PublishError::PlacementRefused(NoFreeSlotOnAnyDevice))(0)	false	Completed
P2	2	3	0	Raise(8)+MountWritable	Refused(MountError::Publish(PublishError::PlacementRefused(NoFreeSlotOnAnyDevice)))(0) Mounted(publishes=2)(35)	Published(23)	true	Completed
P2	2	3	0	Raise(8)+ColdStartRecover	Refused(MountError::Publish(PublishError::PlacementRefused(NoFreeSlotOnAnyDevice)))(0) Recovered(0)	NotApplicable(NoWritableSession)(0)	false	Completed
P2	2	3	0	Raise(8)+Rollback(NewestFloor)	Refused(MountError::Publish(PublishError::PlacementRefused(NoFreeSlotOnAnyDevice)))(0) Mounted(publishes=2)(35)	Published(23)	true	Completed
P2	2	3	0	Raise(8)+Rollback(Ring0)	Refused(MountError::Publish(PublishError::PlacementRefused(NoFreeSlotOnAnyDevice)))(0) Mounted(publishes=2)(35)	Published(23)	true	Completed
P2	2	3	0	Raise(8)+Rollback(Ring1)	Refused(MountError::Publish(PublishError::PlacementRefused(NoFreeSlotOnAnyDevice)))(0) Mounted(publishes=2)(35)	Published(23)	true	Completed
P2	2	3	0	Raise(8)+Rollback(Ring2)	Refused(MountError::Publish(PublishError::PlacementRefused(NoFreeSlotOnAnyDevice)))(0) Mounted(publishes=2)(35)	Published(23)	true	Completed
P2	2	3	0	Raise(8)+Rollback(Ring3)	Refused(MountError::Publish(PublishError::PlacementRefused(NoFreeSlotOnAnyDevice)))(0) Mounted(publishes=2)(35)	Published(23)	true	Completed
P2	2	3	0	Raise(8)+Raise(0)	Refused(MountError::Publish(PublishError::PlacementRefused(NoFreeSlotOnAnyDevice)))(0) Refused(MountError::Publish(PublishError::PlacementRefused(NoFreeSlotOnAnyDevice)))(0)	Refused(PublishError::PlacementRefused(NoFreeSlotOnAnyDevice))(0)	false	Completed
P2	2	3	0	Raise(8)+Raise(1)	Refused(MountError::Publish(PublishError::PlacementRefused(NoFreeSlotOnAnyDevice)))(0) Refused(MountError::Publish(PublishError::PlacementRefused(NoFreeSlotOnAnyDevice)))(0)	Refused(PublishError::PlacementRefused(NoFreeSlotOnAnyDevice))(0)	false	Completed
P2	2	3	0	Raise(8)+Raise(2)	Refused(MountError::Publish(PublishError::PlacementRefused(NoFreeSlotOnAnyDevice)))(0) Refused(MountError::Publish(PublishError::PlacementRefused(NoFreeSlotOnAnyDevice)))(0)	Refused(PublishError::PlacementRefused(NoFreeSlotOnAnyDevice))(0)	false	Completed
P2	2	3	0	Raise(8)+Raise(3)	Refused(MountError::Publish(PublishError::PlacementRefused(NoFreeSlotOnAnyDevice)))(0) Refused(MountError::Publish(PublishError::PlacementRefused(NoFreeSlotOnAnyDevice)))(0)	Refused(PublishError::PlacementRefused(NoFreeSlotOnAnyDevice))(0)	false	Completed
P2	2	3	0	Raise(8)+Raise(5)	Refused(MountError::Publish(PublishError::PlacementRefused(NoFreeSlotOnAnyDevice)))(0) Refused(MountError::Publish(PublishError::PlacementRefused(NoFreeSlotOnAnyDevice)))(0)	Refused(PublishError::PlacementRefused(NoFreeSlotOnAnyDevice))(0)	false	Completed
P2	2	3	0	Raise(8)+Raise(8)	Refused(MountError::Publish(PublishError::PlacementRefused(NoFreeSlotOnAnyDevice)))(0) Refused(MountError::Publish(PublishError::PlacementRefused(NoFreeSlotOnAnyDevice)))(0)	Refused(PublishError::PlacementRefused(NoFreeSlotOnAnyDevice))(0)	false	Completed
P2	2	3	0	Raise(8)+Raise(13)	Refused(MountError::Publish(PublishError::PlacementRefused(NoFreeSlotOnAnyDevice)))(0) Refused(MountError::Publish(PublishError::PlacementRefused(NoFreeSlotOnAnyDevice)))(0)	Refused(PublishError::PlacementRefused(NoFreeSlotOnAnyDevice))(0)	false	Completed
P2	2	3	0	Raise(8)+Raise(21)	Refused(MountError::Publish(PublishError::PlacementRefused(NoFreeSlotOnAnyDevice)))(0) Refused(MountError::Publish(PublishError::PlacementRefused(NoFreeSlotOnAnyDevice)))(0)	Refused(PublishError::PlacementRefused(NoFreeSlotOnAnyDevice))(0)	false	Completed
P2	2	3	0	Raise(8)+Raise(34)	Refused(MountError::Publish(PublishError::PlacementRefused(NoFreeSlotOnAnyDevice)))(0) Refused(MountError::Publish(PublishError::PlacementRefused(NoFreeSlotOnAnyDevice)))(0)	Refused(PublishError::PlacementRefused(NoFreeSlotOnAnyDevice))(0)	false	Completed
P2	2	3	0	Raise(13)	Refused(MountError::Publish(PublishError::PlacementRefused(NoFreeSlotOnAnyDevice)))(0)	Refused(PublishError::PlacementRefused(NoFreeSlotOnAnyDevice))(0)	false	Completed
P2	2	3	0	Raise(13)+Overwrite	Refused(MountError::Publish(PublishError::PlacementRefused(NoFreeSlotOnAnyDevice)))(0) Refused(PublishError::PlacementRefused(NoFreeSlotOnAnyDevice))(0)	Refused(PublishError::PlacementRefused(NoFreeSlotOnAnyDevice))(0)	false	Completed
P2	2	3	0	Raise(13)+MountWritable	Refused(MountError::Publish(PublishError::PlacementRefused(NoFreeSlotOnAnyDevice)))(0) Mounted(publishes=2)(35)	Published(23)	true	Completed
P2	2	3	0	Raise(13)+ColdStartRecover	Refused(MountError::Publish(PublishError::PlacementRefused(NoFreeSlotOnAnyDevice)))(0) Recovered(0)	NotApplicable(NoWritableSession)(0)	false	Completed
P2	2	3	0	Raise(13)+Rollback(NewestFloor)	Refused(MountError::Publish(PublishError::PlacementRefused(NoFreeSlotOnAnyDevice)))(0) Mounted(publishes=2)(35)	Published(23)	true	Completed
P2	2	3	0	Raise(13)+Rollback(Ring0)	Refused(MountError::Publish(PublishError::PlacementRefused(NoFreeSlotOnAnyDevice)))(0) Mounted(publishes=2)(35)	Published(23)	true	Completed
P2	2	3	0	Raise(13)+Rollback(Ring1)	Refused(MountError::Publish(PublishError::PlacementRefused(NoFreeSlotOnAnyDevice)))(0) Mounted(publishes=2)(35)	Published(23)	true	Completed
P2	2	3	0	Raise(13)+Rollback(Ring2)	Refused(MountError::Publish(PublishError::PlacementRefused(NoFreeSlotOnAnyDevice)))(0) Mounted(publishes=2)(35)	Published(23)	true	Completed
P2	2	3	0	Raise(13)+Rollback(Ring3)	Refused(MountError::Publish(PublishError::PlacementRefused(NoFreeSlotOnAnyDevice)))(0) Mounted(publishes=2)(35)	Published(23)	true	Completed
P2	2	3	0	Raise(13)+Raise(0)	Refused(MountError::Publish(PublishError::PlacementRefused(NoFreeSlotOnAnyDevice)))(0) Refused(MountError::Publish(PublishError::PlacementRefused(NoFreeSlotOnAnyDevice)))(0)	Refused(PublishError::PlacementRefused(NoFreeSlotOnAnyDevice))(0)	false	Completed
P2	2	3	0	Raise(13)+Raise(1)	Refused(MountError::Publish(PublishError::PlacementRefused(NoFreeSlotOnAnyDevice)))(0) Refused(MountError::Publish(PublishError::PlacementRefused(NoFreeSlotOnAnyDevice)))(0)	Refused(PublishError::PlacementRefused(NoFreeSlotOnAnyDevice))(0)	false	Completed
P2	2	3	0	Raise(13)+Raise(2)	Refused(MountError::Publish(PublishError::PlacementRefused(NoFreeSlotOnAnyDevice)))(0) Refused(MountError::Publish(PublishError::PlacementRefused(NoFreeSlotOnAnyDevice)))(0)	Refused(PublishError::PlacementRefused(NoFreeSlotOnAnyDevice))(0)	false	Completed
P2	2	3	0	Raise(13)+Raise(3)	Refused(MountError::Publish(PublishError::PlacementRefused(NoFreeSlotOnAnyDevice)))(0) Refused(MountError::Publish(PublishError::PlacementRefused(NoFreeSlotOnAnyDevice)))(0)	Refused(PublishError::PlacementRefused(NoFreeSlotOnAnyDevice))(0)	false	Completed
P2	2	3	0	Raise(13)+Raise(5)	Refused(MountError::Publish(PublishError::PlacementRefused(NoFreeSlotOnAnyDevice)))(0) Refused(MountError::Publish(PublishError::PlacementRefused(NoFreeSlotOnAnyDevice)))(0)	Refused(PublishError::PlacementRefused(NoFreeSlotOnAnyDevice))(0)	false	Completed
P2	2	3	0	Raise(13)+Raise(8)	Refused(MountError::Publish(PublishError::PlacementRefused(NoFreeSlotOnAnyDevice)))(0) Refused(MountError::Publish(PublishError::PlacementRefused(NoFreeSlotOnAnyDevice)))(0)	Refused(PublishError::PlacementRefused(NoFreeSlotOnAnyDevice))(0)	false	Completed
P2	2	3	0	Raise(13)+Raise(13)	Refused(MountError::Publish(PublishError::PlacementRefused(NoFreeSlotOnAnyDevice)))(0) Refused(MountError::Publish(PublishError::PlacementRefused(NoFreeSlotOnAnyDevice)))(0)	Refused(PublishError::PlacementRefused(NoFreeSlotOnAnyDevice))(0)	false	Completed
P2	2	3	0	Raise(13)+Raise(21)	Refused(MountError::Publish(PublishError::PlacementRefused(NoFreeSlotOnAnyDevice)))(0) Refused(MountError::Publish(PublishError::PlacementRefused(NoFreeSlotOnAnyDevice)))(0)	Refused(PublishError::PlacementRefused(NoFreeSlotOnAnyDevice))(0)	false	Completed
P2	2	3	0	Raise(13)+Raise(34)	Refused(MountError::Publish(PublishError::PlacementRefused(NoFreeSlotOnAnyDevice)))(0) Refused(MountError::Publish(PublishError::PlacementRefused(NoFreeSlotOnAnyDevice)))(0)	Refused(PublishError::PlacementRefused(NoFreeSlotOnAnyDevice))(0)	false	Completed
P2	2	3	0	Raise(21)	Refused(MountError::Publish(PublishError::PlacementRefused(NoFreeSlotOnAnyDevice)))(0)	Refused(PublishError::PlacementRefused(NoFreeSlotOnAnyDevice))(0)	false	Completed
P2	2	3	0	Raise(21)+Overwrite	Refused(MountError::Publish(PublishError::PlacementRefused(NoFreeSlotOnAnyDevice)))(0) Refused(PublishError::PlacementRefused(NoFreeSlotOnAnyDevice))(0)	Refused(PublishError::PlacementRefused(NoFreeSlotOnAnyDevice))(0)	false	Completed
P2	2	3	0	Raise(21)+MountWritable	Refused(MountError::Publish(PublishError::PlacementRefused(NoFreeSlotOnAnyDevice)))(0) Mounted(publishes=2)(35)	Published(23)	true	Completed
P2	2	3	0	Raise(21)+ColdStartRecover	Refused(MountError::Publish(PublishError::PlacementRefused(NoFreeSlotOnAnyDevice)))(0) Recovered(0)	NotApplicable(NoWritableSession)(0)	false	Completed
P2	2	3	0	Raise(21)+Rollback(NewestFloor)	Refused(MountError::Publish(PublishError::PlacementRefused(NoFreeSlotOnAnyDevice)))(0) Mounted(publishes=2)(35)	Published(23)	true	Completed
P2	2	3	0	Raise(21)+Rollback(Ring0)	Refused(MountError::Publish(PublishError::PlacementRefused(NoFreeSlotOnAnyDevice)))(0) Mounted(publishes=2)(35)	Published(23)	true	Completed
P2	2	3	0	Raise(21)+Rollback(Ring1)	Refused(MountError::Publish(PublishError::PlacementRefused(NoFreeSlotOnAnyDevice)))(0) Mounted(publishes=2)(35)	Published(23)	true	Completed
P2	2	3	0	Raise(21)+Rollback(Ring2)	Refused(MountError::Publish(PublishError::PlacementRefused(NoFreeSlotOnAnyDevice)))(0) Mounted(publishes=2)(35)	Published(23)	true	Completed
P2	2	3	0	Raise(21)+Rollback(Ring3)	Refused(MountError::Publish(PublishError::PlacementRefused(NoFreeSlotOnAnyDevice)))(0) Mounted(publishes=2)(35)	Published(23)	true	Completed
P2	2	3	0	Raise(21)+Raise(0)	Refused(MountError::Publish(PublishError::PlacementRefused(NoFreeSlotOnAnyDevice)))(0) Refused(MountError::Publish(PublishError::PlacementRefused(NoFreeSlotOnAnyDevice)))(0)	Refused(PublishError::PlacementRefused(NoFreeSlotOnAnyDevice))(0)	false	Completed
P2	2	3	0	Raise(21)+Raise(1)	Refused(MountError::Publish(PublishError::PlacementRefused(NoFreeSlotOnAnyDevice)))(0) Refused(MountError::Publish(PublishError::PlacementRefused(NoFreeSlotOnAnyDevice)))(0)	Refused(PublishError::PlacementRefused(NoFreeSlotOnAnyDevice))(0)	false	Completed
P2	2	3	0	Raise(21)+Raise(2)	Refused(MountError::Publish(PublishError::PlacementRefused(NoFreeSlotOnAnyDevice)))(0) Refused(MountError::Publish(PublishError::PlacementRefused(NoFreeSlotOnAnyDevice)))(0)	Refused(PublishError::PlacementRefused(NoFreeSlotOnAnyDevice))(0)	false	Completed
P2	2	3	0	Raise(21)+Raise(3)	Refused(MountError::Publish(PublishError::PlacementRefused(NoFreeSlotOnAnyDevice)))(0) Refused(MountError::Publish(PublishError::PlacementRefused(NoFreeSlotOnAnyDevice)))(0)	Refused(PublishError::PlacementRefused(NoFreeSlotOnAnyDevice))(0)	false	Completed
P2	2	3	0	Raise(21)+Raise(5)	Refused(MountError::Publish(PublishError::PlacementRefused(NoFreeSlotOnAnyDevice)))(0) Refused(MountError::Publish(PublishError::PlacementRefused(NoFreeSlotOnAnyDevice)))(0)	Refused(PublishError::PlacementRefused(NoFreeSlotOnAnyDevice))(0)	false	Completed
P2	2	3	0	Raise(21)+Raise(8)	Refused(MountError::Publish(PublishError::PlacementRefused(NoFreeSlotOnAnyDevice)))(0) Refused(MountError::Publish(PublishError::PlacementRefused(NoFreeSlotOnAnyDevice)))(0)	Refused(PublishError::PlacementRefused(NoFreeSlotOnAnyDevice))(0)	false	Completed
P2	2	3	0	Raise(21)+Raise(13)	Refused(MountError::Publish(PublishError::PlacementRefused(NoFreeSlotOnAnyDevice)))(0) Refused(MountError::Publish(PublishError::PlacementRefused(NoFreeSlotOnAnyDevice)))(0)	Refused(PublishError::PlacementRefused(NoFreeSlotOnAnyDevice))(0)	false	Completed
P2	2	3	0	Raise(21)+Raise(21)	Refused(MountError::Publish(PublishError::PlacementRefused(NoFreeSlotOnAnyDevice)))(0) Refused(MountError::Publish(PublishError::PlacementRefused(NoFreeSlotOnAnyDevice)))(0)	Refused(PublishError::PlacementRefused(NoFreeSlotOnAnyDevice))(0)	false	Completed
P2	2	3	0	Raise(21)+Raise(34)	Refused(MountError::Publish(PublishError::PlacementRefused(NoFreeSlotOnAnyDevice)))(0) Refused(MountError::Publish(PublishError::PlacementRefused(NoFreeSlotOnAnyDevice)))(0)	Refused(PublishError::PlacementRefused(NoFreeSlotOnAnyDevice))(0)	false	Completed
P2	2	3	0	Raise(34)	Refused(MountError::Publish(PublishError::PlacementRefused(NoFreeSlotOnAnyDevice)))(0)	Refused(PublishError::PlacementRefused(NoFreeSlotOnAnyDevice))(0)	false	Completed
P2	2	3	0	Raise(34)+Overwrite	Refused(MountError::Publish(PublishError::PlacementRefused(NoFreeSlotOnAnyDevice)))(0) Refused(PublishError::PlacementRefused(NoFreeSlotOnAnyDevice))(0)	Refused(PublishError::PlacementRefused(NoFreeSlotOnAnyDevice))(0)	false	Completed
P2	2	3	0	Raise(34)+MountWritable	Refused(MountError::Publish(PublishError::PlacementRefused(NoFreeSlotOnAnyDevice)))(0) Mounted(publishes=2)(35)	Published(23)	true	Completed
P2	2	3	0	Raise(34)+ColdStartRecover	Refused(MountError::Publish(PublishError::PlacementRefused(NoFreeSlotOnAnyDevice)))(0) Recovered(0)	NotApplicable(NoWritableSession)(0)	false	Completed
P2	2	3	0	Raise(34)+Rollback(NewestFloor)	Refused(MountError::Publish(PublishError::PlacementRefused(NoFreeSlotOnAnyDevice)))(0) Mounted(publishes=2)(35)	Published(23)	true	Completed
P2	2	3	0	Raise(34)+Rollback(Ring0)	Refused(MountError::Publish(PublishError::PlacementRefused(NoFreeSlotOnAnyDevice)))(0) Mounted(publishes=2)(35)	Published(23)	true	Completed
P2	2	3	0	Raise(34)+Rollback(Ring1)	Refused(MountError::Publish(PublishError::PlacementRefused(NoFreeSlotOnAnyDevice)))(0) Mounted(publishes=2)(35)	Published(23)	true	Completed
P2	2	3	0	Raise(34)+Rollback(Ring2)	Refused(MountError::Publish(PublishError::PlacementRefused(NoFreeSlotOnAnyDevice)))(0) Mounted(publishes=2)(35)	Published(23)	true	Completed
P2	2	3	0	Raise(34)+Rollback(Ring3)	Refused(MountError::Publish(PublishError::PlacementRefused(NoFreeSlotOnAnyDevice)))(0) Mounted(publishes=2)(35)	Published(23)	true	Completed
P2	2	3	0	Raise(34)+Raise(0)	Refused(MountError::Publish(PublishError::PlacementRefused(NoFreeSlotOnAnyDevice)))(0) Refused(MountError::Publish(PublishError::PlacementRefused(NoFreeSlotOnAnyDevice)))(0)	Refused(PublishError::PlacementRefused(NoFreeSlotOnAnyDevice))(0)	false	Completed
P2	2	3	0	Raise(34)+Raise(1)	Refused(MountError::Publish(PublishError::PlacementRefused(NoFreeSlotOnAnyDevice)))(0) Refused(MountError::Publish(PublishError::PlacementRefused(NoFreeSlotOnAnyDevice)))(0)	Refused(PublishError::PlacementRefused(NoFreeSlotOnAnyDevice))(0)	false	Completed
P2	2	3	0	Raise(34)+Raise(2)	Refused(MountError::Publish(PublishError::PlacementRefused(NoFreeSlotOnAnyDevice)))(0) Refused(MountError::Publish(PublishError::PlacementRefused(NoFreeSlotOnAnyDevice)))(0)	Refused(PublishError::PlacementRefused(NoFreeSlotOnAnyDevice))(0)	false	Completed
P2	2	3	0	Raise(34)+Raise(3)	Refused(MountError::Publish(PublishError::PlacementRefused(NoFreeSlotOnAnyDevice)))(0) Refused(MountError::Publish(PublishError::PlacementRefused(NoFreeSlotOnAnyDevice)))(0)	Refused(PublishError::PlacementRefused(NoFreeSlotOnAnyDevice))(0)	false	Completed
P2	2	3	0	Raise(34)+Raise(5)	Refused(MountError::Publish(PublishError::PlacementRefused(NoFreeSlotOnAnyDevice)))(0) Refused(MountError::Publish(PublishError::PlacementRefused(NoFreeSlotOnAnyDevice)))(0)	Refused(PublishError::PlacementRefused(NoFreeSlotOnAnyDevice))(0)	false	Completed
P2	2	3	0	Raise(34)+Raise(8)	Refused(MountError::Publish(PublishError::PlacementRefused(NoFreeSlotOnAnyDevice)))(0) Refused(MountError::Publish(PublishError::PlacementRefused(NoFreeSlotOnAnyDevice)))(0)	Refused(PublishError::PlacementRefused(NoFreeSlotOnAnyDevice))(0)	false	Completed
P2	2	3	0	Raise(34)+Raise(13)	Refused(MountError::Publish(PublishError::PlacementRefused(NoFreeSlotOnAnyDevice)))(0) Refused(MountError::Publish(PublishError::PlacementRefused(NoFreeSlotOnAnyDevice)))(0)	Refused(PublishError::PlacementRefused(NoFreeSlotOnAnyDevice))(0)	false	Completed
P2	2	3	0	Raise(34)+Raise(21)	Refused(MountError::Publish(PublishError::PlacementRefused(NoFreeSlotOnAnyDevice)))(0) Refused(MountError::Publish(PublishError::PlacementRefused(NoFreeSlotOnAnyDevice)))(0)	Refused(PublishError::PlacementRefused(NoFreeSlotOnAnyDevice))(0)	false	Completed
P2	2	3	0	Raise(34)+Raise(34)	Refused(MountError::Publish(PublishError::PlacementRefused(NoFreeSlotOnAnyDevice)))(0) Refused(MountError::Publish(PublishError::PlacementRefused(NoFreeSlotOnAnyDevice)))(0)	Refused(PublishError::PlacementRefused(NoFreeSlotOnAnyDevice))(0)	false	Completed
P2	2	4	0	Overwrite	Refused(PublishError::PlacementRefused(NoFreeSlotOnAnyDevice))(0)	Refused(PublishError::PlacementRefused(NoFreeSlotOnAnyDevice))(0)	false	Completed
P2	2	4	0	Overwrite+Overwrite	Refused(PublishError::PlacementRefused(NoFreeSlotOnAnyDevice))(0) Refused(PublishError::PlacementRefused(NoFreeSlotOnAnyDevice))(0)	Refused(PublishError::PlacementRefused(NoFreeSlotOnAnyDevice))(0)	false	Completed
P2	2	4	0	Overwrite+MountWritable	Refused(PublishError::PlacementRefused(NoFreeSlotOnAnyDevice))(0) Mounted(publishes=3)(50)	Published(23)	true	Completed
P2	2	4	0	Overwrite+ColdStartRecover	Refused(PublishError::PlacementRefused(NoFreeSlotOnAnyDevice))(0) Recovered(0)	NotApplicable(NoWritableSession)(0)	false	Completed
P2	2	4	0	Overwrite+Rollback(NewestFloor)	Refused(PublishError::PlacementRefused(NoFreeSlotOnAnyDevice))(0) Mounted(publishes=3)(50)	Published(23)	true	Completed
P2	2	4	0	Overwrite+Rollback(Ring0)	Refused(PublishError::PlacementRefused(NoFreeSlotOnAnyDevice))(0) Mounted(publishes=3)(50)	Published(23)	true	Completed
P2	2	4	0	Overwrite+Rollback(Ring1)	Refused(PublishError::PlacementRefused(NoFreeSlotOnAnyDevice))(0) Mounted(publishes=3)(50)	Published(23)	true	Completed
P2	2	4	0	Overwrite+Rollback(Ring2)	Refused(PublishError::PlacementRefused(NoFreeSlotOnAnyDevice))(0) Mounted(publishes=3)(50)	Published(23)	true	Completed
P2	2	4	0	Overwrite+Rollback(Ring3)	Refused(PublishError::PlacementRefused(NoFreeSlotOnAnyDevice))(0) Mounted(publishes=3)(50)	Published(23)	true	Completed
P2	2	4	0	Overwrite+Raise(0)	Refused(PublishError::PlacementRefused(NoFreeSlotOnAnyDevice))(0) Refused(MountError::Publish(PublishError::PlacementRefused(NoFreeSlotOnAnyDevice)))(0)	Refused(PublishError::PlacementRefused(NoFreeSlotOnAnyDevice))(0)	false	Completed
P2	2	4	0	Overwrite+Raise(1)	Refused(PublishError::PlacementRefused(NoFreeSlotOnAnyDevice))(0) Refused(MountError::Publish(PublishError::PlacementRefused(NoFreeSlotOnAnyDevice)))(0)	Refused(PublishError::PlacementRefused(NoFreeSlotOnAnyDevice))(0)	false	Completed
P2	2	4	0	Overwrite+Raise(2)	Refused(PublishError::PlacementRefused(NoFreeSlotOnAnyDevice))(0) Refused(MountError::Publish(PublishError::PlacementRefused(NoFreeSlotOnAnyDevice)))(0)	Refused(PublishError::PlacementRefused(NoFreeSlotOnAnyDevice))(0)	false	Completed
P2	2	4	0	Overwrite+Raise(3)	Refused(PublishError::PlacementRefused(NoFreeSlotOnAnyDevice))(0) Refused(MountError::Publish(PublishError::PlacementRefused(NoFreeSlotOnAnyDevice)))(0)	Refused(PublishError::PlacementRefused(NoFreeSlotOnAnyDevice))(0)	false	Completed
P2	2	4	0	Overwrite+Raise(5)	Refused(PublishError::PlacementRefused(NoFreeSlotOnAnyDevice))(0) Refused(MountError::Publish(PublishError::PlacementRefused(NoFreeSlotOnAnyDevice)))(0)	Refused(PublishError::PlacementRefused(NoFreeSlotOnAnyDevice))(0)	false	Completed
P2	2	4	0	Overwrite+Raise(8)	Refused(PublishError::PlacementRefused(NoFreeSlotOnAnyDevice))(0) Refused(MountError::Publish(PublishError::PlacementRefused(NoFreeSlotOnAnyDevice)))(0)	Refused(PublishError::PlacementRefused(NoFreeSlotOnAnyDevice))(0)	false	Completed
P2	2	4	0	Overwrite+Raise(13)	Refused(PublishError::PlacementRefused(NoFreeSlotOnAnyDevice))(0) Refused(MountError::Publish(PublishError::PlacementRefused(NoFreeSlotOnAnyDevice)))(0)	Refused(PublishError::PlacementRefused(NoFreeSlotOnAnyDevice))(0)	false	Completed
P2	2	4	0	Overwrite+Raise(21)	Refused(PublishError::PlacementRefused(NoFreeSlotOnAnyDevice))(0) Refused(MountError::Publish(PublishError::PlacementRefused(NoFreeSlotOnAnyDevice)))(0)	Refused(PublishError::PlacementRefused(NoFreeSlotOnAnyDevice))(0)	false	Completed
P2	2	4	0	Overwrite+Raise(34)	Refused(PublishError::PlacementRefused(NoFreeSlotOnAnyDevice))(0) Refused(MountError::Publish(PublishError::PlacementRefused(NoFreeSlotOnAnyDevice)))(0)	Refused(PublishError::PlacementRefused(NoFreeSlotOnAnyDevice))(0)	false	Completed
P2	2	4	0	MountWritable	Mounted(publishes=3)(50)	Published(23)	true	Completed
P2	2	4	0	MountWritable+Overwrite	Mounted(publishes=3)(50) Published(23)	Published(23)	true	Completed
P2	2	4	0	MountWritable+MountWritable	Mounted(publishes=3)(50) Mounted(publishes=3)(50)	Published(23)	true	Completed
P2	2	4	0	MountWritable+ColdStartRecover	Mounted(publishes=3)(50) Recovered(0)	NotApplicable(NoWritableSession)(0)	false	Completed
P2	2	4	0	MountWritable+Rollback(NewestFloor)	Mounted(publishes=3)(50) Mounted(publishes=3)(50)	Published(23)	true	Completed
P2	2	4	0	MountWritable+Rollback(Ring0)	Mounted(publishes=3)(50) Mounted(publishes=3)(50)	Published(23)	true	Completed
P2	2	4	0	MountWritable+Rollback(Ring1)	Mounted(publishes=3)(50) Mounted(publishes=3)(50)	Published(23)	true	Completed
P2	2	4	0	MountWritable+Rollback(Ring2)	Mounted(publishes=3)(50) Mounted(publishes=3)(50)	Published(23)	true	Completed
P2	2	4	0	MountWritable+Rollback(Ring3)	Mounted(publishes=3)(50) Mounted(publishes=3)(50)	Published(23)	true	Completed
P2	2	4	0	MountWritable+Raise(0)	Mounted(publishes=3)(50) RaisedFloor(F=0,publishes=3)(45)	Published(23)	true	Completed
P2	2	4	0	MountWritable+Raise(1)	Mounted(publishes=3)(50) RaisedFloor(F=1,publishes=3)(45)	Published(23)	true	Completed
P2	2	4	0	MountWritable+Raise(2)	Mounted(publishes=3)(50) RaisedFloor(F=2,publishes=3)(45)	Published(23)	true	Completed
P2	2	4	0	MountWritable+Raise(3)	Mounted(publishes=3)(50) RaisedFloor(F=3,publishes=3)(45)	Published(23)	true	Completed
P2	2	4	0	MountWritable+Raise(5)	Mounted(publishes=3)(50) RaisedFloor(F=5,publishes=3)(45)	Published(23)	true	Completed
P2	2	4	0	MountWritable+Raise(8)	Mounted(publishes=3)(50) RaisedFloor(F=8,publishes=3)(45)	Published(23)	true	Completed
P2	2	4	0	MountWritable+Raise(13)	Mounted(publishes=3)(50) RaisedFloor(F=13,publishes=3)(45)	Published(23)	true	Completed
P2	2	4	0	MountWritable+Raise(21)	Mounted(publishes=3)(50) RaisedFloor(F=21,publishes=3)(45)	Published(23)	true	Completed
P2	2	4	0	MountWritable+Raise(34)	Mounted(publishes=3)(50) RaisedFloor(F=34,publishes=3)(45)	Published(23)	true	Completed
P2	2	4	0	ColdStartRecover	Recovered(0)	NotApplicable(NoWritableSession)(0)	false	Completed
P2	2	4	0	ColdStartRecover+Overwrite	Recovered(0) NotApplicable(NoWritableSession)(0)	NotApplicable(NoWritableSession)(0)	false	Completed
P2	2	4	0	ColdStartRecover+MountWritable	Recovered(0) Mounted(publishes=3)(50)	Published(23)	true	Completed
P2	2	4	0	ColdStartRecover+ColdStartRecover	Recovered(0) Recovered(0)	NotApplicable(NoWritableSession)(0)	false	Completed
P2	2	4	0	ColdStartRecover+Rollback(NewestFloor)	Recovered(0) Mounted(publishes=3)(50)	Published(23)	true	Completed
P2	2	4	0	ColdStartRecover+Rollback(Ring0)	Recovered(0) Mounted(publishes=3)(50)	Published(23)	true	Completed
P2	2	4	0	ColdStartRecover+Rollback(Ring1)	Recovered(0) Mounted(publishes=3)(50)	Published(23)	true	Completed
P2	2	4	0	ColdStartRecover+Rollback(Ring2)	Recovered(0) Mounted(publishes=3)(50)	Published(23)	true	Completed
P2	2	4	0	ColdStartRecover+Rollback(Ring3)	Recovered(0) Mounted(publishes=3)(50)	Published(23)	true	Completed
P2	2	4	0	ColdStartRecover+Raise(0)	Recovered(0) NotApplicable(NoWritableSession)(0)	NotApplicable(NoWritableSession)(0)	false	Completed
P2	2	4	0	ColdStartRecover+Raise(1)	Recovered(0) NotApplicable(NoWritableSession)(0)	NotApplicable(NoWritableSession)(0)	false	Completed
P2	2	4	0	ColdStartRecover+Raise(2)	Recovered(0) NotApplicable(NoWritableSession)(0)	NotApplicable(NoWritableSession)(0)	false	Completed
P2	2	4	0	ColdStartRecover+Raise(3)	Recovered(0) NotApplicable(NoWritableSession)(0)	NotApplicable(NoWritableSession)(0)	false	Completed
P2	2	4	0	ColdStartRecover+Raise(5)	Recovered(0) NotApplicable(NoWritableSession)(0)	NotApplicable(NoWritableSession)(0)	false	Completed
P2	2	4	0	ColdStartRecover+Raise(8)	Recovered(0) NotApplicable(NoWritableSession)(0)	NotApplicable(NoWritableSession)(0)	false	Completed
P2	2	4	0	ColdStartRecover+Raise(13)	Recovered(0) NotApplicable(NoWritableSession)(0)	NotApplicable(NoWritableSession)(0)	false	Completed
P2	2	4	0	ColdStartRecover+Raise(21)	Recovered(0) NotApplicable(NoWritableSession)(0)	NotApplicable(NoWritableSession)(0)	false	Completed
P2	2	4	0	ColdStartRecover+Raise(34)	Recovered(0) NotApplicable(NoWritableSession)(0)	NotApplicable(NoWritableSession)(0)	false	Completed
P2	2	4	0	Rollback(NewestFloor)	Mounted(publishes=3)(50)	Published(23)	true	Completed
P2	2	4	0	Rollback(NewestFloor)+Overwrite	Mounted(publishes=3)(50) Published(23)	Published(23)	true	Completed
P2	2	4	0	Rollback(NewestFloor)+MountWritable	Mounted(publishes=3)(50) Mounted(publishes=3)(50)	Published(23)	true	Completed
P2	2	4	0	Rollback(NewestFloor)+ColdStartRecover	Mounted(publishes=3)(50) Recovered(0)	NotApplicable(NoWritableSession)(0)	false	Completed
P2	2	4	0	Rollback(NewestFloor)+Rollback(NewestFloor)	Mounted(publishes=3)(50) Mounted(publishes=3)(50)	Published(23)	true	Completed
P2	2	4	0	Rollback(NewestFloor)+Rollback(Ring0)	Mounted(publishes=3)(50) Mounted(publishes=3)(50)	Published(23)	true	Completed
P2	2	4	0	Rollback(NewestFloor)+Rollback(Ring1)	Mounted(publishes=3)(50) Mounted(publishes=3)(50)	Published(23)	true	Completed
P2	2	4	0	Rollback(NewestFloor)+Rollback(Ring2)	Mounted(publishes=3)(50) Mounted(publishes=3)(50)	Published(23)	true	Completed
P2	2	4	0	Rollback(NewestFloor)+Rollback(Ring3)	Mounted(publishes=3)(50) Mounted(publishes=3)(50)	Published(23)	true	Completed
P2	2	4	0	Rollback(NewestFloor)+Raise(0)	Mounted(publishes=3)(50) RaisedFloor(F=0,publishes=3)(45)	Published(23)	true	Completed
P2	2	4	0	Rollback(NewestFloor)+Raise(1)	Mounted(publishes=3)(50) RaisedFloor(F=1,publishes=3)(45)	Published(23)	true	Completed
P2	2	4	0	Rollback(NewestFloor)+Raise(2)	Mounted(publishes=3)(50) RaisedFloor(F=2,publishes=3)(45)	Published(23)	true	Completed
P2	2	4	0	Rollback(NewestFloor)+Raise(3)	Mounted(publishes=3)(50) RaisedFloor(F=3,publishes=3)(45)	Published(23)	true	Completed
P2	2	4	0	Rollback(NewestFloor)+Raise(5)	Mounted(publishes=3)(50) RaisedFloor(F=5,publishes=3)(45)	Published(23)	true	Completed
P2	2	4	0	Rollback(NewestFloor)+Raise(8)	Mounted(publishes=3)(50) RaisedFloor(F=8,publishes=3)(45)	Published(23)	true	Completed
P2	2	4	0	Rollback(NewestFloor)+Raise(13)	Mounted(publishes=3)(50) RaisedFloor(F=13,publishes=3)(45)	Published(23)	true	Completed
P2	2	4	0	Rollback(NewestFloor)+Raise(21)	Mounted(publishes=3)(50) RaisedFloor(F=21,publishes=3)(45)	Published(23)	true	Completed
P2	2	4	0	Rollback(NewestFloor)+Raise(34)	Mounted(publishes=3)(50) RaisedFloor(F=34,publishes=3)(45)	Published(23)	true	Completed
P2	2	4	0	Rollback(Ring0)	Mounted(publishes=3)(50)	Published(23)	true	Completed
P2	2	4	0	Rollback(Ring0)+Overwrite	Mounted(publishes=3)(50) Published(23)	Published(23)	true	Completed
P2	2	4	0	Rollback(Ring0)+MountWritable	Mounted(publishes=3)(50) Mounted(publishes=3)(50)	Published(23)	true	Completed
P2	2	4	0	Rollback(Ring0)+ColdStartRecover	Mounted(publishes=3)(50) Recovered(0)	NotApplicable(NoWritableSession)(0)	false	Completed
P2	2	4	0	Rollback(Ring0)+Rollback(NewestFloor)	Mounted(publishes=3)(50) Mounted(publishes=3)(50)	Published(23)	true	Completed
P2	2	4	0	Rollback(Ring0)+Rollback(Ring0)	Mounted(publishes=3)(50) Mounted(publishes=3)(50)	Published(23)	true	Completed
P2	2	4	0	Rollback(Ring0)+Rollback(Ring1)	Mounted(publishes=3)(50) Mounted(publishes=3)(50)	Published(23)	true	Completed
P2	2	4	0	Rollback(Ring0)+Rollback(Ring2)	Mounted(publishes=3)(50) Mounted(publishes=3)(50)	Published(23)	true	Completed
P2	2	4	0	Rollback(Ring0)+Rollback(Ring3)	Mounted(publishes=3)(50) Mounted(publishes=3)(50)	Published(23)	true	Completed
P2	2	4	0	Rollback(Ring0)+Raise(0)	Mounted(publishes=3)(50) RaisedFloor(F=0,publishes=3)(45)	Published(23)	true	Completed
P2	2	4	0	Rollback(Ring0)+Raise(1)	Mounted(publishes=3)(50) RaisedFloor(F=1,publishes=3)(45)	Published(23)	true	Completed
P2	2	4	0	Rollback(Ring0)+Raise(2)	Mounted(publishes=3)(50) RaisedFloor(F=2,publishes=3)(45)	Published(23)	true	Completed
P2	2	4	0	Rollback(Ring0)+Raise(3)	Mounted(publishes=3)(50) RaisedFloor(F=3,publishes=3)(45)	Published(23)	true	Completed
P2	2	4	0	Rollback(Ring0)+Raise(5)	Mounted(publishes=3)(50) RaisedFloor(F=5,publishes=3)(45)	Published(23)	true	Completed
P2	2	4	0	Rollback(Ring0)+Raise(8)	Mounted(publishes=3)(50) RaisedFloor(F=8,publishes=3)(45)	Published(23)	true	Completed
P2	2	4	0	Rollback(Ring0)+Raise(13)	Mounted(publishes=3)(50) RaisedFloor(F=13,publishes=3)(45)	Published(23)	true	Completed
P2	2	4	0	Rollback(Ring0)+Raise(21)	Mounted(publishes=3)(50) RaisedFloor(F=21,publishes=3)(45)	Published(23)	true	Completed
P2	2	4	0	Rollback(Ring0)+Raise(34)	Mounted(publishes=3)(50) RaisedFloor(F=34,publishes=3)(45)	Published(23)	true	Completed
P2	2	4	0	Rollback(Ring1)	Mounted(publishes=3)(50)	Published(23)	true	Completed
P2	2	4	0	Rollback(Ring1)+Overwrite	Mounted(publishes=3)(50) Published(23)	Published(23)	true	Completed
P2	2	4	0	Rollback(Ring1)+MountWritable	Mounted(publishes=3)(50) Mounted(publishes=3)(50)	Published(23)	true	Completed
P2	2	4	0	Rollback(Ring1)+ColdStartRecover	Mounted(publishes=3)(50) Recovered(0)	NotApplicable(NoWritableSession)(0)	false	Completed
P2	2	4	0	Rollback(Ring1)+Rollback(NewestFloor)	Mounted(publishes=3)(50) Mounted(publishes=3)(50)	Published(23)	true	Completed
P2	2	4	0	Rollback(Ring1)+Rollback(Ring0)	Mounted(publishes=3)(50) Mounted(publishes=3)(50)	Published(23)	true	Completed
P2	2	4	0	Rollback(Ring1)+Rollback(Ring1)	Mounted(publishes=3)(50) Mounted(publishes=3)(50)	Published(23)	true	Completed
P2	2	4	0	Rollback(Ring1)+Rollback(Ring2)	Mounted(publishes=3)(50) Mounted(publishes=3)(50)	Published(23)	true	Completed
P2	2	4	0	Rollback(Ring1)+Rollback(Ring3)	Mounted(publishes=3)(50) Refused(MountError::RollbackTargetNotACandidate(OnAbandonedTimeline))(0)	NotApplicable(NoWritableSession)(0)	false	Completed
P2	2	4	0	Rollback(Ring1)+Raise(0)	Mounted(publishes=3)(50) RaisedFloor(F=0,publishes=3)(45)	Published(23)	true	Completed
P2	2	4	0	Rollback(Ring1)+Raise(1)	Mounted(publishes=3)(50) RaisedFloor(F=1,publishes=3)(45)	Published(23)	true	Completed
P2	2	4	0	Rollback(Ring1)+Raise(2)	Mounted(publishes=3)(50) RaisedFloor(F=2,publishes=3)(45)	Published(23)	true	Completed
P2	2	4	0	Rollback(Ring1)+Raise(3)	Mounted(publishes=3)(50) RaisedFloor(F=3,publishes=3)(45)	Published(23)	true	Completed
P2	2	4	0	Rollback(Ring1)+Raise(5)	Mounted(publishes=3)(50) RaisedFloor(F=5,publishes=3)(45)	Published(23)	true	Completed
P2	2	4	0	Rollback(Ring1)+Raise(8)	Mounted(publishes=3)(50) RaisedFloor(F=8,publishes=3)(45)	Published(23)	true	Completed
P2	2	4	0	Rollback(Ring1)+Raise(13)	Mounted(publishes=3)(50) RaisedFloor(F=13,publishes=3)(45)	Published(23)	true	Completed
P2	2	4	0	Rollback(Ring1)+Raise(21)	Mounted(publishes=3)(50) RaisedFloor(F=21,publishes=3)(45)	Published(23)	true	Completed
P2	2	4	0	Rollback(Ring1)+Raise(34)	Mounted(publishes=3)(50) RaisedFloor(F=34,publishes=3)(45)	Published(23)	true	Completed
P2	2	4	0	Rollback(Ring2)	Mounted(publishes=3)(50)	Published(23)	true	Completed
P2	2	4	0	Rollback(Ring2)+Overwrite	Mounted(publishes=3)(50) Published(23)	Published(23)	true	Completed
P2	2	4	0	Rollback(Ring2)+MountWritable	Mounted(publishes=3)(50) Mounted(publishes=3)(50)	Published(23)	true	Completed
P2	2	4	0	Rollback(Ring2)+ColdStartRecover	Mounted(publishes=3)(50) Recovered(0)	NotApplicable(NoWritableSession)(0)	false	Completed
P2	2	4	0	Rollback(Ring2)+Rollback(NewestFloor)	Mounted(publishes=3)(50) Mounted(publishes=3)(50)	Published(23)	true	Completed
P2	2	4	0	Rollback(Ring2)+Rollback(Ring0)	Mounted(publishes=3)(50) Mounted(publishes=3)(50)	Published(23)	true	Completed
P2	2	4	0	Rollback(Ring2)+Rollback(Ring1)	Mounted(publishes=3)(50) Mounted(publishes=3)(50)	Published(23)	true	Completed
P2	2	4	0	Rollback(Ring2)+Rollback(Ring2)	Mounted(publishes=3)(50) Mounted(publishes=3)(50)	Published(23)	true	Completed
P2	2	4	0	Rollback(Ring2)+Rollback(Ring3)	Mounted(publishes=3)(50) Refused(MountError::RollbackTargetNotACandidate(OnAbandonedTimeline))(0)	NotApplicable(NoWritableSession)(0)	false	Completed
P2	2	4	0	Rollback(Ring2)+Raise(0)	Mounted(publishes=3)(50) RaisedFloor(F=0,publishes=3)(45)	Published(23)	true	Completed
P2	2	4	0	Rollback(Ring2)+Raise(1)	Mounted(publishes=3)(50) RaisedFloor(F=1,publishes=3)(45)	Published(23)	true	Completed
P2	2	4	0	Rollback(Ring2)+Raise(2)	Mounted(publishes=3)(50) RaisedFloor(F=2,publishes=3)(45)	Published(23)	true	Completed
P2	2	4	0	Rollback(Ring2)+Raise(3)	Mounted(publishes=3)(50) RaisedFloor(F=3,publishes=3)(45)	Published(23)	true	Completed
P2	2	4	0	Rollback(Ring2)+Raise(5)	Mounted(publishes=3)(50) RaisedFloor(F=5,publishes=3)(45)	Published(23)	true	Completed
P2	2	4	0	Rollback(Ring2)+Raise(8)	Mounted(publishes=3)(50) RaisedFloor(F=8,publishes=3)(45)	Published(23)	true	Completed
P2	2	4	0	Rollback(Ring2)+Raise(13)	Mounted(publishes=3)(50) RaisedFloor(F=13,publishes=3)(45)	Published(23)	true	Completed
P2	2	4	0	Rollback(Ring2)+Raise(21)	Mounted(publishes=3)(50) RaisedFloor(F=21,publishes=3)(45)	Published(23)	true	Completed
P2	2	4	0	Rollback(Ring2)+Raise(34)	Mounted(publishes=3)(50) RaisedFloor(F=34,publishes=3)(45)	Published(23)	true	Completed
P2	2	4	0	Rollback(Ring3)	Mounted(publishes=3)(50)	Published(23)	true	Completed
P2	2	4	0	Rollback(Ring3)+Overwrite	Mounted(publishes=3)(50) Published(23)	Published(23)	true	Completed
P2	2	4	0	Rollback(Ring3)+MountWritable	Mounted(publishes=3)(50) Mounted(publishes=3)(50)	Published(23)	true	Completed
P2	2	4	0	Rollback(Ring3)+ColdStartRecover	Mounted(publishes=3)(50) Recovered(0)	NotApplicable(NoWritableSession)(0)	false	Completed
P2	2	4	0	Rollback(Ring3)+Rollback(NewestFloor)	Mounted(publishes=3)(50) Mounted(publishes=3)(50)	Published(23)	true	Completed
P2	2	4	0	Rollback(Ring3)+Rollback(Ring0)	Mounted(publishes=3)(50) Mounted(publishes=3)(50)	Published(23)	true	Completed
P2	2	4	0	Rollback(Ring3)+Rollback(Ring1)	Mounted(publishes=3)(50) Mounted(publishes=3)(50)	Published(23)	true	Completed
P2	2	4	0	Rollback(Ring3)+Rollback(Ring2)	Mounted(publishes=3)(50) Mounted(publishes=3)(50)	Published(23)	true	Completed
P2	2	4	0	Rollback(Ring3)+Rollback(Ring3)	Mounted(publishes=3)(50) Refused(MountError::RollbackTargetNotACandidate(OnAbandonedTimeline))(0)	NotApplicable(NoWritableSession)(0)	false	Completed
P2	2	4	0	Rollback(Ring3)+Raise(0)	Mounted(publishes=3)(50) RaisedFloor(F=0,publishes=3)(45)	Published(23)	true	Completed
P2	2	4	0	Rollback(Ring3)+Raise(1)	Mounted(publishes=3)(50) RaisedFloor(F=1,publishes=3)(45)	Published(23)	true	Completed
P2	2	4	0	Rollback(Ring3)+Raise(2)	Mounted(publishes=3)(50) RaisedFloor(F=2,publishes=3)(45)	Published(23)	true	Completed
P2	2	4	0	Rollback(Ring3)+Raise(3)	Mounted(publishes=3)(50) RaisedFloor(F=3,publishes=3)(45)	Published(23)	true	Completed
P2	2	4	0	Rollback(Ring3)+Raise(5)	Mounted(publishes=3)(50) RaisedFloor(F=5,publishes=3)(45)	Published(23)	true	Completed
P2	2	4	0	Rollback(Ring3)+Raise(8)	Mounted(publishes=3)(50) RaisedFloor(F=8,publishes=3)(45)	Published(23)	true	Completed
P2	2	4	0	Rollback(Ring3)+Raise(13)	Mounted(publishes=3)(50) RaisedFloor(F=13,publishes=3)(45)	Published(23)	true	Completed
P2	2	4	0	Rollback(Ring3)+Raise(21)	Mounted(publishes=3)(50) RaisedFloor(F=21,publishes=3)(45)	Published(23)	true	Completed
P2	2	4	0	Rollback(Ring3)+Raise(34)	Mounted(publishes=3)(50) RaisedFloor(F=34,publishes=3)(45)	Published(23)	true	Completed
P2	2	4	0	Raise(0)	Refused(MountError::Publish(PublishError::PlacementRefused(NoFreeSlotOnAnyDevice)))(0)	Refused(PublishError::PlacementRefused(NoFreeSlotOnAnyDevice))(0)	false	Completed
P2	2	4	0	Raise(0)+Overwrite	Refused(MountError::Publish(PublishError::PlacementRefused(NoFreeSlotOnAnyDevice)))(0) Refused(PublishError::PlacementRefused(NoFreeSlotOnAnyDevice))(0)	Refused(PublishError::PlacementRefused(NoFreeSlotOnAnyDevice))(0)	false	Completed
P2	2	4	0	Raise(0)+MountWritable	Refused(MountError::Publish(PublishError::PlacementRefused(NoFreeSlotOnAnyDevice)))(0) Mounted(publishes=3)(50)	Published(23)	true	Completed
P2	2	4	0	Raise(0)+ColdStartRecover	Refused(MountError::Publish(PublishError::PlacementRefused(NoFreeSlotOnAnyDevice)))(0) Recovered(0)	NotApplicable(NoWritableSession)(0)	false	Completed
P2	2	4	0	Raise(0)+Rollback(NewestFloor)	Refused(MountError::Publish(PublishError::PlacementRefused(NoFreeSlotOnAnyDevice)))(0) Mounted(publishes=3)(50)	Published(23)	true	Completed
P2	2	4	0	Raise(0)+Rollback(Ring0)	Refused(MountError::Publish(PublishError::PlacementRefused(NoFreeSlotOnAnyDevice)))(0) Mounted(publishes=3)(50)	Published(23)	true	Completed
P2	2	4	0	Raise(0)+Rollback(Ring1)	Refused(MountError::Publish(PublishError::PlacementRefused(NoFreeSlotOnAnyDevice)))(0) Mounted(publishes=3)(50)	Published(23)	true	Completed
P2	2	4	0	Raise(0)+Rollback(Ring2)	Refused(MountError::Publish(PublishError::PlacementRefused(NoFreeSlotOnAnyDevice)))(0) Mounted(publishes=3)(50)	Published(23)	true	Completed
P2	2	4	0	Raise(0)+Rollback(Ring3)	Refused(MountError::Publish(PublishError::PlacementRefused(NoFreeSlotOnAnyDevice)))(0) Mounted(publishes=3)(50)	Published(23)	true	Completed
P2	2	4	0	Raise(0)+Raise(0)	Refused(MountError::Publish(PublishError::PlacementRefused(NoFreeSlotOnAnyDevice)))(0) Refused(MountError::Publish(PublishError::PlacementRefused(NoFreeSlotOnAnyDevice)))(0)	Refused(PublishError::PlacementRefused(NoFreeSlotOnAnyDevice))(0)	false	Completed
P2	2	4	0	Raise(0)+Raise(1)	Refused(MountError::Publish(PublishError::PlacementRefused(NoFreeSlotOnAnyDevice)))(0) Refused(MountError::Publish(PublishError::PlacementRefused(NoFreeSlotOnAnyDevice)))(0)	Refused(PublishError::PlacementRefused(NoFreeSlotOnAnyDevice))(0)	false	Completed
P2	2	4	0	Raise(0)+Raise(2)	Refused(MountError::Publish(PublishError::PlacementRefused(NoFreeSlotOnAnyDevice)))(0) Refused(MountError::Publish(PublishError::PlacementRefused(NoFreeSlotOnAnyDevice)))(0)	Refused(PublishError::PlacementRefused(NoFreeSlotOnAnyDevice))(0)	false	Completed
P2	2	4	0	Raise(0)+Raise(3)	Refused(MountError::Publish(PublishError::PlacementRefused(NoFreeSlotOnAnyDevice)))(0) Refused(MountError::Publish(PublishError::PlacementRefused(NoFreeSlotOnAnyDevice)))(0)	Refused(PublishError::PlacementRefused(NoFreeSlotOnAnyDevice))(0)	false	Completed
P2	2	4	0	Raise(0)+Raise(5)	Refused(MountError::Publish(PublishError::PlacementRefused(NoFreeSlotOnAnyDevice)))(0) Refused(MountError::Publish(PublishError::PlacementRefused(NoFreeSlotOnAnyDevice)))(0)	Refused(PublishError::PlacementRefused(NoFreeSlotOnAnyDevice))(0)	false	Completed
P2	2	4	0	Raise(0)+Raise(8)	Refused(MountError::Publish(PublishError::PlacementRefused(NoFreeSlotOnAnyDevice)))(0) Refused(MountError::Publish(PublishError::PlacementRefused(NoFreeSlotOnAnyDevice)))(0)	Refused(PublishError::PlacementRefused(NoFreeSlotOnAnyDevice))(0)	false	Completed
P2	2	4	0	Raise(0)+Raise(13)	Refused(MountError::Publish(PublishError::PlacementRefused(NoFreeSlotOnAnyDevice)))(0) Refused(MountError::Publish(PublishError::PlacementRefused(NoFreeSlotOnAnyDevice)))(0)	Refused(PublishError::PlacementRefused(NoFreeSlotOnAnyDevice))(0)	false	Completed
P2	2	4	0	Raise(0)+Raise(21)	Refused(MountError::Publish(PublishError::PlacementRefused(NoFreeSlotOnAnyDevice)))(0) Refused(MountError::Publish(PublishError::PlacementRefused(NoFreeSlotOnAnyDevice)))(0)	Refused(PublishError::PlacementRefused(NoFreeSlotOnAnyDevice))(0)	false	Completed
P2	2	4	0	Raise(0)+Raise(34)	Refused(MountError::Publish(PublishError::PlacementRefused(NoFreeSlotOnAnyDevice)))(0) Refused(MountError::Publish(PublishError::PlacementRefused(NoFreeSlotOnAnyDevice)))(0)	Refused(PublishError::PlacementRefused(NoFreeSlotOnAnyDevice))(0)	false	Completed
P2	2	4	0	Raise(1)	Refused(MountError::Publish(PublishError::PlacementRefused(NoFreeSlotOnAnyDevice)))(0)	Refused(PublishError::PlacementRefused(NoFreeSlotOnAnyDevice))(0)	false	Completed
P2	2	4	0	Raise(1)+Overwrite	Refused(MountError::Publish(PublishError::PlacementRefused(NoFreeSlotOnAnyDevice)))(0) Refused(PublishError::PlacementRefused(NoFreeSlotOnAnyDevice))(0)	Refused(PublishError::PlacementRefused(NoFreeSlotOnAnyDevice))(0)	false	Completed
P2	2	4	0	Raise(1)+MountWritable	Refused(MountError::Publish(PublishError::PlacementRefused(NoFreeSlotOnAnyDevice)))(0) Mounted(publishes=3)(50)	Published(23)	true	Completed
P2	2	4	0	Raise(1)+ColdStartRecover	Refused(MountError::Publish(PublishError::PlacementRefused(NoFreeSlotOnAnyDevice)))(0) Recovered(0)	NotApplicable(NoWritableSession)(0)	false	Completed
P2	2	4	0	Raise(1)+Rollback(NewestFloor)	Refused(MountError::Publish(PublishError::PlacementRefused(NoFreeSlotOnAnyDevice)))(0) Mounted(publishes=3)(50)	Published(23)	true	Completed
P2	2	4	0	Raise(1)+Rollback(Ring0)	Refused(MountError::Publish(PublishError::PlacementRefused(NoFreeSlotOnAnyDevice)))(0) Mounted(publishes=3)(50)	Published(23)	true	Completed
P2	2	4	0	Raise(1)+Rollback(Ring1)	Refused(MountError::Publish(PublishError::PlacementRefused(NoFreeSlotOnAnyDevice)))(0) Mounted(publishes=3)(50)	Published(23)	true	Completed
P2	2	4	0	Raise(1)+Rollback(Ring2)	Refused(MountError::Publish(PublishError::PlacementRefused(NoFreeSlotOnAnyDevice)))(0) Mounted(publishes=3)(50)	Published(23)	true	Completed
P2	2	4	0	Raise(1)+Rollback(Ring3)	Refused(MountError::Publish(PublishError::PlacementRefused(NoFreeSlotOnAnyDevice)))(0) Mounted(publishes=3)(50)	Published(23)	true	Completed
P2	2	4	0	Raise(1)+Raise(0)	Refused(MountError::Publish(PublishError::PlacementRefused(NoFreeSlotOnAnyDevice)))(0) Refused(MountError::Publish(PublishError::PlacementRefused(NoFreeSlotOnAnyDevice)))(0)	Refused(PublishError::PlacementRefused(NoFreeSlotOnAnyDevice))(0)	false	Completed
P2	2	4	0	Raise(1)+Raise(1)	Refused(MountError::Publish(PublishError::PlacementRefused(NoFreeSlotOnAnyDevice)))(0) Refused(MountError::Publish(PublishError::PlacementRefused(NoFreeSlotOnAnyDevice)))(0)	Refused(PublishError::PlacementRefused(NoFreeSlotOnAnyDevice))(0)	false	Completed
P2	2	4	0	Raise(1)+Raise(2)	Refused(MountError::Publish(PublishError::PlacementRefused(NoFreeSlotOnAnyDevice)))(0) Refused(MountError::Publish(PublishError::PlacementRefused(NoFreeSlotOnAnyDevice)))(0)	Refused(PublishError::PlacementRefused(NoFreeSlotOnAnyDevice))(0)	false	Completed
P2	2	4	0	Raise(1)+Raise(3)	Refused(MountError::Publish(PublishError::PlacementRefused(NoFreeSlotOnAnyDevice)))(0) Refused(MountError::Publish(PublishError::PlacementRefused(NoFreeSlotOnAnyDevice)))(0)	Refused(PublishError::PlacementRefused(NoFreeSlotOnAnyDevice))(0)	false	Completed
P2	2	4	0	Raise(1)+Raise(5)	Refused(MountError::Publish(PublishError::PlacementRefused(NoFreeSlotOnAnyDevice)))(0) Refused(MountError::Publish(PublishError::PlacementRefused(NoFreeSlotOnAnyDevice)))(0)	Refused(PublishError::PlacementRefused(NoFreeSlotOnAnyDevice))(0)	false	Completed
P2	2	4	0	Raise(1)+Raise(8)	Refused(MountError::Publish(PublishError::PlacementRefused(NoFreeSlotOnAnyDevice)))(0) Refused(MountError::Publish(PublishError::PlacementRefused(NoFreeSlotOnAnyDevice)))(0)	Refused(PublishError::PlacementRefused(NoFreeSlotOnAnyDevice))(0)	false	Completed
P2	2	4	0	Raise(1)+Raise(13)	Refused(MountError::Publish(PublishError::PlacementRefused(NoFreeSlotOnAnyDevice)))(0) Refused(MountError::Publish(PublishError::PlacementRefused(NoFreeSlotOnAnyDevice)))(0)	Refused(PublishError::PlacementRefused(NoFreeSlotOnAnyDevice))(0)	false	Completed
P2	2	4	0	Raise(1)+Raise(21)	Refused(MountError::Publish(PublishError::PlacementRefused(NoFreeSlotOnAnyDevice)))(0) Refused(MountError::Publish(PublishError::PlacementRefused(NoFreeSlotOnAnyDevice)))(0)	Refused(PublishError::PlacementRefused(NoFreeSlotOnAnyDevice))(0)	false	Completed
P2	2	4	0	Raise(1)+Raise(34)	Refused(MountError::Publish(PublishError::PlacementRefused(NoFreeSlotOnAnyDevice)))(0) Refused(MountError::Publish(PublishError::PlacementRefused(NoFreeSlotOnAnyDevice)))(0)	Refused(PublishError::PlacementRefused(NoFreeSlotOnAnyDevice))(0)	false	Completed
P2	2	4	0	Raise(2)	Refused(MountError::Publish(PublishError::PlacementRefused(NoFreeSlotOnAnyDevice)))(0)	Refused(PublishError::PlacementRefused(NoFreeSlotOnAnyDevice))(0)	false	Completed
P2	2	4	0	Raise(2)+Overwrite	Refused(MountError::Publish(PublishError::PlacementRefused(NoFreeSlotOnAnyDevice)))(0) Refused(PublishError::PlacementRefused(NoFreeSlotOnAnyDevice))(0)	Refused(PublishError::PlacementRefused(NoFreeSlotOnAnyDevice))(0)	false	Completed
P2	2	4	0	Raise(2)+MountWritable	Refused(MountError::Publish(PublishError::PlacementRefused(NoFreeSlotOnAnyDevice)))(0) Mounted(publishes=3)(50)	Published(23)	true	Completed
P2	2	4	0	Raise(2)+ColdStartRecover	Refused(MountError::Publish(PublishError::PlacementRefused(NoFreeSlotOnAnyDevice)))(0) Recovered(0)	NotApplicable(NoWritableSession)(0)	false	Completed
P2	2	4	0	Raise(2)+Rollback(NewestFloor)	Refused(MountError::Publish(PublishError::PlacementRefused(NoFreeSlotOnAnyDevice)))(0) Mounted(publishes=3)(50)	Published(23)	true	Completed
P2	2	4	0	Raise(2)+Rollback(Ring0)	Refused(MountError::Publish(PublishError::PlacementRefused(NoFreeSlotOnAnyDevice)))(0) Mounted(publishes=3)(50)	Published(23)	true	Completed
P2	2	4	0	Raise(2)+Rollback(Ring1)	Refused(MountError::Publish(PublishError::PlacementRefused(NoFreeSlotOnAnyDevice)))(0) Mounted(publishes=3)(50)	Published(23)	true	Completed
P2	2	4	0	Raise(2)+Rollback(Ring2)	Refused(MountError::Publish(PublishError::PlacementRefused(NoFreeSlotOnAnyDevice)))(0) Mounted(publishes=3)(50)	Published(23)	true	Completed
P2	2	4	0	Raise(2)+Rollback(Ring3)	Refused(MountError::Publish(PublishError::PlacementRefused(NoFreeSlotOnAnyDevice)))(0) Mounted(publishes=3)(50)	Published(23)	true	Completed
P2	2	4	0	Raise(2)+Raise(0)	Refused(MountError::Publish(PublishError::PlacementRefused(NoFreeSlotOnAnyDevice)))(0) Refused(MountError::Publish(PublishError::PlacementRefused(NoFreeSlotOnAnyDevice)))(0)	Refused(PublishError::PlacementRefused(NoFreeSlotOnAnyDevice))(0)	false	Completed
P2	2	4	0	Raise(2)+Raise(1)	Refused(MountError::Publish(PublishError::PlacementRefused(NoFreeSlotOnAnyDevice)))(0) Refused(MountError::Publish(PublishError::PlacementRefused(NoFreeSlotOnAnyDevice)))(0)	Refused(PublishError::PlacementRefused(NoFreeSlotOnAnyDevice))(0)	false	Completed
P2	2	4	0	Raise(2)+Raise(2)	Refused(MountError::Publish(PublishError::PlacementRefused(NoFreeSlotOnAnyDevice)))(0) Refused(MountError::Publish(PublishError::PlacementRefused(NoFreeSlotOnAnyDevice)))(0)	Refused(PublishError::PlacementRefused(NoFreeSlotOnAnyDevice))(0)	false	Completed
P2	2	4	0	Raise(2)+Raise(3)	Refused(MountError::Publish(PublishError::PlacementRefused(NoFreeSlotOnAnyDevice)))(0) Refused(MountError::Publish(PublishError::PlacementRefused(NoFreeSlotOnAnyDevice)))(0)	Refused(PublishError::PlacementRefused(NoFreeSlotOnAnyDevice))(0)	false	Completed
P2	2	4	0	Raise(2)+Raise(5)	Refused(MountError::Publish(PublishError::PlacementRefused(NoFreeSlotOnAnyDevice)))(0) Refused(MountError::Publish(PublishError::PlacementRefused(NoFreeSlotOnAnyDevice)))(0)	Refused(PublishError::PlacementRefused(NoFreeSlotOnAnyDevice))(0)	false	Completed
P2	2	4	0	Raise(2)+Raise(8)	Refused(MountError::Publish(PublishError::PlacementRefused(NoFreeSlotOnAnyDevice)))(0) Refused(MountError::Publish(PublishError::PlacementRefused(NoFreeSlotOnAnyDevice)))(0)	Refused(PublishError::PlacementRefused(NoFreeSlotOnAnyDevice))(0)	false	Completed
P2	2	4	0	Raise(2)+Raise(13)	Refused(MountError::Publish(PublishError::PlacementRefused(NoFreeSlotOnAnyDevice)))(0) Refused(MountError::Publish(PublishError::PlacementRefused(NoFreeSlotOnAnyDevice)))(0)	Refused(PublishError::PlacementRefused(NoFreeSlotOnAnyDevice))(0)	false	Completed
P2	2	4	0	Raise(2)+Raise(21)	Refused(MountError::Publish(PublishError::PlacementRefused(NoFreeSlotOnAnyDevice)))(0) Refused(MountError::Publish(PublishError::PlacementRefused(NoFreeSlotOnAnyDevice)))(0)	Refused(PublishError::PlacementRefused(NoFreeSlotOnAnyDevice))(0)	false	Completed
P2	2	4	0	Raise(2)+Raise(34)	Refused(MountError::Publish(PublishError::PlacementRefused(NoFreeSlotOnAnyDevice)))(0) Refused(MountError::Publish(PublishError::PlacementRefused(NoFreeSlotOnAnyDevice)))(0)	Refused(PublishError::PlacementRefused(NoFreeSlotOnAnyDevice))(0)	false	Completed
P2	2	4	0	Raise(3)	Refused(MountError::Publish(PublishError::PlacementRefused(NoFreeSlotOnAnyDevice)))(0)	Refused(PublishError::PlacementRefused(NoFreeSlotOnAnyDevice))(0)	false	Completed
P2	2	4	0	Raise(3)+Overwrite	Refused(MountError::Publish(PublishError::PlacementRefused(NoFreeSlotOnAnyDevice)))(0) Refused(PublishError::PlacementRefused(NoFreeSlotOnAnyDevice))(0)	Refused(PublishError::PlacementRefused(NoFreeSlotOnAnyDevice))(0)	false	Completed
P2	2	4	0	Raise(3)+MountWritable	Refused(MountError::Publish(PublishError::PlacementRefused(NoFreeSlotOnAnyDevice)))(0) Mounted(publishes=3)(50)	Published(23)	true	Completed
P2	2	4	0	Raise(3)+ColdStartRecover	Refused(MountError::Publish(PublishError::PlacementRefused(NoFreeSlotOnAnyDevice)))(0) Recovered(0)	NotApplicable(NoWritableSession)(0)	false	Completed
P2	2	4	0	Raise(3)+Rollback(NewestFloor)	Refused(MountError::Publish(PublishError::PlacementRefused(NoFreeSlotOnAnyDevice)))(0) Mounted(publishes=3)(50)	Published(23)	true	Completed
P2	2	4	0	Raise(3)+Rollback(Ring0)	Refused(MountError::Publish(PublishError::PlacementRefused(NoFreeSlotOnAnyDevice)))(0) Mounted(publishes=3)(50)	Published(23)	true	Completed
P2	2	4	0	Raise(3)+Rollback(Ring1)	Refused(MountError::Publish(PublishError::PlacementRefused(NoFreeSlotOnAnyDevice)))(0) Mounted(publishes=3)(50)	Published(23)	true	Completed
P2	2	4	0	Raise(3)+Rollback(Ring2)	Refused(MountError::Publish(PublishError::PlacementRefused(NoFreeSlotOnAnyDevice)))(0) Mounted(publishes=3)(50)	Published(23)	true	Completed
P2	2	4	0	Raise(3)+Rollback(Ring3)	Refused(MountError::Publish(PublishError::PlacementRefused(NoFreeSlotOnAnyDevice)))(0) Mounted(publishes=3)(50)	Published(23)	true	Completed
P2	2	4	0	Raise(3)+Raise(0)	Refused(MountError::Publish(PublishError::PlacementRefused(NoFreeSlotOnAnyDevice)))(0) Refused(MountError::Publish(PublishError::PlacementRefused(NoFreeSlotOnAnyDevice)))(0)	Refused(PublishError::PlacementRefused(NoFreeSlotOnAnyDevice))(0)	false	Completed
P2	2	4	0	Raise(3)+Raise(1)	Refused(MountError::Publish(PublishError::PlacementRefused(NoFreeSlotOnAnyDevice)))(0) Refused(MountError::Publish(PublishError::PlacementRefused(NoFreeSlotOnAnyDevice)))(0)	Refused(PublishError::PlacementRefused(NoFreeSlotOnAnyDevice))(0)	false	Completed
P2	2	4	0	Raise(3)+Raise(2)	Refused(MountError::Publish(PublishError::PlacementRefused(NoFreeSlotOnAnyDevice)))(0) Refused(MountError::Publish(PublishError::PlacementRefused(NoFreeSlotOnAnyDevice)))(0)	Refused(PublishError::PlacementRefused(NoFreeSlotOnAnyDevice))(0)	false	Completed
P2	2	4	0	Raise(3)+Raise(3)	Refused(MountError::Publish(PublishError::PlacementRefused(NoFreeSlotOnAnyDevice)))(0) Refused(MountError::Publish(PublishError::PlacementRefused(NoFreeSlotOnAnyDevice)))(0)	Refused(PublishError::PlacementRefused(NoFreeSlotOnAnyDevice))(0)	false	Completed
P2	2	4	0	Raise(3)+Raise(5)	Refused(MountError::Publish(PublishError::PlacementRefused(NoFreeSlotOnAnyDevice)))(0) Refused(MountError::Publish(PublishError::PlacementRefused(NoFreeSlotOnAnyDevice)))(0)	Refused(PublishError::PlacementRefused(NoFreeSlotOnAnyDevice))(0)	false	Completed
P2	2	4	0	Raise(3)+Raise(8)	Refused(MountError::Publish(PublishError::PlacementRefused(NoFreeSlotOnAnyDevice)))(0) Refused(MountError::Publish(PublishError::PlacementRefused(NoFreeSlotOnAnyDevice)))(0)	Refused(PublishError::PlacementRefused(NoFreeSlotOnAnyDevice))(0)	false	Completed
P2	2	4	0	Raise(3)+Raise(13)	Refused(MountError::Publish(PublishError::PlacementRefused(NoFreeSlotOnAnyDevice)))(0) Refused(MountError::Publish(PublishError::PlacementRefused(NoFreeSlotOnAnyDevice)))(0)	Refused(PublishError::PlacementRefused(NoFreeSlotOnAnyDevice))(0)	false	Completed
P2	2	4	0	Raise(3)+Raise(21)	Refused(MountError::Publish(PublishError::PlacementRefused(NoFreeSlotOnAnyDevice)))(0) Refused(MountError::Publish(PublishError::PlacementRefused(NoFreeSlotOnAnyDevice)))(0)	Refused(PublishError::PlacementRefused(NoFreeSlotOnAnyDevice))(0)	false	Completed
P2	2	4	0	Raise(3)+Raise(34)	Refused(MountError::Publish(PublishError::PlacementRefused(NoFreeSlotOnAnyDevice)))(0) Refused(MountError::Publish(PublishError::PlacementRefused(NoFreeSlotOnAnyDevice)))(0)	Refused(PublishError::PlacementRefused(NoFreeSlotOnAnyDevice))(0)	false	Completed
P2	2	4	0	Raise(5)	Refused(MountError::Publish(PublishError::PlacementRefused(NoFreeSlotOnAnyDevice)))(0)	Refused(PublishError::PlacementRefused(NoFreeSlotOnAnyDevice))(0)	false	Completed
P2	2	4	0	Raise(5)+Overwrite	Refused(MountError::Publish(PublishError::PlacementRefused(NoFreeSlotOnAnyDevice)))(0) Refused(PublishError::PlacementRefused(NoFreeSlotOnAnyDevice))(0)	Refused(PublishError::PlacementRefused(NoFreeSlotOnAnyDevice))(0)	false	Completed
P2	2	4	0	Raise(5)+MountWritable	Refused(MountError::Publish(PublishError::PlacementRefused(NoFreeSlotOnAnyDevice)))(0) Mounted(publishes=3)(50)	Published(23)	true	Completed
P2	2	4	0	Raise(5)+ColdStartRecover	Refused(MountError::Publish(PublishError::PlacementRefused(NoFreeSlotOnAnyDevice)))(0) Recovered(0)	NotApplicable(NoWritableSession)(0)	false	Completed
P2	2	4	0	Raise(5)+Rollback(NewestFloor)	Refused(MountError::Publish(PublishError::PlacementRefused(NoFreeSlotOnAnyDevice)))(0) Mounted(publishes=3)(50)	Published(23)	true	Completed
P2	2	4	0	Raise(5)+Rollback(Ring0)	Refused(MountError::Publish(PublishError::PlacementRefused(NoFreeSlotOnAnyDevice)))(0) Mounted(publishes=3)(50)	Published(23)	true	Completed
P2	2	4	0	Raise(5)+Rollback(Ring1)	Refused(MountError::Publish(PublishError::PlacementRefused(NoFreeSlotOnAnyDevice)))(0) Mounted(publishes=3)(50)	Published(23)	true	Completed
P2	2	4	0	Raise(5)+Rollback(Ring2)	Refused(MountError::Publish(PublishError::PlacementRefused(NoFreeSlotOnAnyDevice)))(0) Mounted(publishes=3)(50)	Published(23)	true	Completed
P2	2	4	0	Raise(5)+Rollback(Ring3)	Refused(MountError::Publish(PublishError::PlacementRefused(NoFreeSlotOnAnyDevice)))(0) Mounted(publishes=3)(50)	Published(23)	true	Completed
P2	2	4	0	Raise(5)+Raise(0)	Refused(MountError::Publish(PublishError::PlacementRefused(NoFreeSlotOnAnyDevice)))(0) Refused(MountError::Publish(PublishError::PlacementRefused(NoFreeSlotOnAnyDevice)))(0)	Refused(PublishError::PlacementRefused(NoFreeSlotOnAnyDevice))(0)	false	Completed
P2	2	4	0	Raise(5)+Raise(1)	Refused(MountError::Publish(PublishError::PlacementRefused(NoFreeSlotOnAnyDevice)))(0) Refused(MountError::Publish(PublishError::PlacementRefused(NoFreeSlotOnAnyDevice)))(0)	Refused(PublishError::PlacementRefused(NoFreeSlotOnAnyDevice))(0)	false	Completed
P2	2	4	0	Raise(5)+Raise(2)	Refused(MountError::Publish(PublishError::PlacementRefused(NoFreeSlotOnAnyDevice)))(0) Refused(MountError::Publish(PublishError::PlacementRefused(NoFreeSlotOnAnyDevice)))(0)	Refused(PublishError::PlacementRefused(NoFreeSlotOnAnyDevice))(0)	false	Completed
P2	2	4	0	Raise(5)+Raise(3)	Refused(MountError::Publish(PublishError::PlacementRefused(NoFreeSlotOnAnyDevice)))(0) Refused(MountError::Publish(PublishError::PlacementRefused(NoFreeSlotOnAnyDevice)))(0)	Refused(PublishError::PlacementRefused(NoFreeSlotOnAnyDevice))(0)	false	Completed
P2	2	4	0	Raise(5)+Raise(5)	Refused(MountError::Publish(PublishError::PlacementRefused(NoFreeSlotOnAnyDevice)))(0) Refused(MountError::Publish(PublishError::PlacementRefused(NoFreeSlotOnAnyDevice)))(0)	Refused(PublishError::PlacementRefused(NoFreeSlotOnAnyDevice))(0)	false	Completed
P2	2	4	0	Raise(5)+Raise(8)	Refused(MountError::Publish(PublishError::PlacementRefused(NoFreeSlotOnAnyDevice)))(0) Refused(MountError::Publish(PublishError::PlacementRefused(NoFreeSlotOnAnyDevice)))(0)	Refused(PublishError::PlacementRefused(NoFreeSlotOnAnyDevice))(0)	false	Completed
P2	2	4	0	Raise(5)+Raise(13)	Refused(MountError::Publish(PublishError::PlacementRefused(NoFreeSlotOnAnyDevice)))(0) Refused(MountError::Publish(PublishError::PlacementRefused(NoFreeSlotOnAnyDevice)))(0)	Refused(PublishError::PlacementRefused(NoFreeSlotOnAnyDevice))(0)	false	Completed
P2	2	4	0	Raise(5)+Raise(21)	Refused(MountError::Publish(PublishError::PlacementRefused(NoFreeSlotOnAnyDevice)))(0) Refused(MountError::Publish(PublishError::PlacementRefused(NoFreeSlotOnAnyDevice)))(0)	Refused(PublishError::PlacementRefused(NoFreeSlotOnAnyDevice))(0)	false	Completed
P2	2	4	0	Raise(5)+Raise(34)	Refused(MountError::Publish(PublishError::PlacementRefused(NoFreeSlotOnAnyDevice)))(0) Refused(MountError::Publish(PublishError::PlacementRefused(NoFreeSlotOnAnyDevice)))(0)	Refused(PublishError::PlacementRefused(NoFreeSlotOnAnyDevice))(0)	false	Completed
P2	2	4	0	Raise(8)	Refused(MountError::Publish(PublishError::PlacementRefused(NoFreeSlotOnAnyDevice)))(0)	Refused(PublishError::PlacementRefused(NoFreeSlotOnAnyDevice))(0)	false	Completed
P2	2	4	0	Raise(8)+Overwrite	Refused(MountError::Publish(PublishError::PlacementRefused(NoFreeSlotOnAnyDevice)))(0) Refused(PublishError::PlacementRefused(NoFreeSlotOnAnyDevice))(0)	Refused(PublishError::PlacementRefused(NoFreeSlotOnAnyDevice))(0)	false	Completed
P2	2	4	0	Raise(8)+MountWritable	Refused(MountError::Publish(PublishError::PlacementRefused(NoFreeSlotOnAnyDevice)))(0) Mounted(publishes=3)(50)	Published(23)	true	Completed
P2	2	4	0	Raise(8)+ColdStartRecover	Refused(MountError::Publish(PublishError::PlacementRefused(NoFreeSlotOnAnyDevice)))(0) Recovered(0)	NotApplicable(NoWritableSession)(0)	false	Completed
P2	2	4	0	Raise(8)+Rollback(NewestFloor)	Refused(MountError::Publish(PublishError::PlacementRefused(NoFreeSlotOnAnyDevice)))(0) Mounted(publishes=3)(50)	Published(23)	true	Completed
P2	2	4	0	Raise(8)+Rollback(Ring0)	Refused(MountError::Publish(PublishError::PlacementRefused(NoFreeSlotOnAnyDevice)))(0) Mounted(publishes=3)(50)	Published(23)	true	Completed
P2	2	4	0	Raise(8)+Rollback(Ring1)	Refused(MountError::Publish(PublishError::PlacementRefused(NoFreeSlotOnAnyDevice)))(0) Mounted(publishes=3)(50)	Published(23)	true	Completed
P2	2	4	0	Raise(8)+Rollback(Ring2)	Refused(MountError::Publish(PublishError::PlacementRefused(NoFreeSlotOnAnyDevice)))(0) Mounted(publishes=3)(50)	Published(23)	true	Completed
P2	2	4	0	Raise(8)+Rollback(Ring3)	Refused(MountError::Publish(PublishError::PlacementRefused(NoFreeSlotOnAnyDevice)))(0) Mounted(publishes=3)(50)	Published(23)	true	Completed
P2	2	4	0	Raise(8)+Raise(0)	Refused(MountError::Publish(PublishError::PlacementRefused(NoFreeSlotOnAnyDevice)))(0) Refused(MountError::Publish(PublishError::PlacementRefused(NoFreeSlotOnAnyDevice)))(0)	Refused(PublishError::PlacementRefused(NoFreeSlotOnAnyDevice))(0)	false	Completed
P2	2	4	0	Raise(8)+Raise(1)	Refused(MountError::Publish(PublishError::PlacementRefused(NoFreeSlotOnAnyDevice)))(0) Refused(MountError::Publish(PublishError::PlacementRefused(NoFreeSlotOnAnyDevice)))(0)	Refused(PublishError::PlacementRefused(NoFreeSlotOnAnyDevice))(0)	false	Completed
P2	2	4	0	Raise(8)+Raise(2)	Refused(MountError::Publish(PublishError::PlacementRefused(NoFreeSlotOnAnyDevice)))(0) Refused(MountError::Publish(PublishError::PlacementRefused(NoFreeSlotOnAnyDevice)))(0)	Refused(PublishError::PlacementRefused(NoFreeSlotOnAnyDevice))(0)	false	Completed
P2	2	4	0	Raise(8)+Raise(3)	Refused(MountError::Publish(PublishError::PlacementRefused(NoFreeSlotOnAnyDevice)))(0) Refused(MountError::Publish(PublishError::PlacementRefused(NoFreeSlotOnAnyDevice)))(0)	Refused(PublishError::PlacementRefused(NoFreeSlotOnAnyDevice))(0)	false	Completed
P2	2	4	0	Raise(8)+Raise(5)	Refused(MountError::Publish(PublishError::PlacementRefused(NoFreeSlotOnAnyDevice)))(0) Refused(MountError::Publish(PublishError::PlacementRefused(NoFreeSlotOnAnyDevice)))(0)	Refused(PublishError::PlacementRefused(NoFreeSlotOnAnyDevice))(0)	false	Completed
P2	2	4	0	Raise(8)+Raise(8)	Refused(MountError::Publish(PublishError::PlacementRefused(NoFreeSlotOnAnyDevice)))(0) Refused(MountError::Publish(PublishError::PlacementRefused(NoFreeSlotOnAnyDevice)))(0)	Refused(PublishError::PlacementRefused(NoFreeSlotOnAnyDevice))(0)	false	Completed
P2	2	4	0	Raise(8)+Raise(13)	Refused(MountError::Publish(PublishError::PlacementRefused(NoFreeSlotOnAnyDevice)))(0) Refused(MountError::Publish(PublishError::PlacementRefused(NoFreeSlotOnAnyDevice)))(0)	Refused(PublishError::PlacementRefused(NoFreeSlotOnAnyDevice))(0)	false	Completed
P2	2	4	0	Raise(8)+Raise(21)	Refused(MountError::Publish(PublishError::PlacementRefused(NoFreeSlotOnAnyDevice)))(0) Refused(MountError::Publish(PublishError::PlacementRefused(NoFreeSlotOnAnyDevice)))(0)	Refused(PublishError::PlacementRefused(NoFreeSlotOnAnyDevice))(0)	false	Completed
P2	2	4	0	Raise(8)+Raise(34)	Refused(MountError::Publish(PublishError::PlacementRefused(NoFreeSlotOnAnyDevice)))(0) Refused(MountError::Publish(PublishError::PlacementRefused(NoFreeSlotOnAnyDevice)))(0)	Refused(PublishError::PlacementRefused(NoFreeSlotOnAnyDevice))(0)	false	Completed
P2	2	4	0	Raise(13)	Refused(MountError::Publish(PublishError::PlacementRefused(NoFreeSlotOnAnyDevice)))(0)	Refused(PublishError::PlacementRefused(NoFreeSlotOnAnyDevice))(0)	false	Completed
P2	2	4	0	Raise(13)+Overwrite	Refused(MountError::Publish(PublishError::PlacementRefused(NoFreeSlotOnAnyDevice)))(0) Refused(PublishError::PlacementRefused(NoFreeSlotOnAnyDevice))(0)	Refused(PublishError::PlacementRefused(NoFreeSlotOnAnyDevice))(0)	false	Completed
P2	2	4	0	Raise(13)+MountWritable	Refused(MountError::Publish(PublishError::PlacementRefused(NoFreeSlotOnAnyDevice)))(0) Mounted(publishes=3)(50)	Published(23)	true	Completed
P2	2	4	0	Raise(13)+ColdStartRecover	Refused(MountError::Publish(PublishError::PlacementRefused(NoFreeSlotOnAnyDevice)))(0) Recovered(0)	NotApplicable(NoWritableSession)(0)	false	Completed
P2	2	4	0	Raise(13)+Rollback(NewestFloor)	Refused(MountError::Publish(PublishError::PlacementRefused(NoFreeSlotOnAnyDevice)))(0) Mounted(publishes=3)(50)	Published(23)	true	Completed
P2	2	4	0	Raise(13)+Rollback(Ring0)	Refused(MountError::Publish(PublishError::PlacementRefused(NoFreeSlotOnAnyDevice)))(0) Mounted(publishes=3)(50)	Published(23)	true	Completed
P2	2	4	0	Raise(13)+Rollback(Ring1)	Refused(MountError::Publish(PublishError::PlacementRefused(NoFreeSlotOnAnyDevice)))(0) Mounted(publishes=3)(50)	Published(23)	true	Completed
P2	2	4	0	Raise(13)+Rollback(Ring2)	Refused(MountError::Publish(PublishError::PlacementRefused(NoFreeSlotOnAnyDevice)))(0) Mounted(publishes=3)(50)	Published(23)	true	Completed
P2	2	4	0	Raise(13)+Rollback(Ring3)	Refused(MountError::Publish(PublishError::PlacementRefused(NoFreeSlotOnAnyDevice)))(0) Mounted(publishes=3)(50)	Published(23)	true	Completed
P2	2	4	0	Raise(13)+Raise(0)	Refused(MountError::Publish(PublishError::PlacementRefused(NoFreeSlotOnAnyDevice)))(0) Refused(MountError::Publish(PublishError::PlacementRefused(NoFreeSlotOnAnyDevice)))(0)	Refused(PublishError::PlacementRefused(NoFreeSlotOnAnyDevice))(0)	false	Completed
P2	2	4	0	Raise(13)+Raise(1)	Refused(MountError::Publish(PublishError::PlacementRefused(NoFreeSlotOnAnyDevice)))(0) Refused(MountError::Publish(PublishError::PlacementRefused(NoFreeSlotOnAnyDevice)))(0)	Refused(PublishError::PlacementRefused(NoFreeSlotOnAnyDevice))(0)	false	Completed
P2	2	4	0	Raise(13)+Raise(2)	Refused(MountError::Publish(PublishError::PlacementRefused(NoFreeSlotOnAnyDevice)))(0) Refused(MountError::Publish(PublishError::PlacementRefused(NoFreeSlotOnAnyDevice)))(0)	Refused(PublishError::PlacementRefused(NoFreeSlotOnAnyDevice))(0)	false	Completed
P2	2	4	0	Raise(13)+Raise(3)	Refused(MountError::Publish(PublishError::PlacementRefused(NoFreeSlotOnAnyDevice)))(0) Refused(MountError::Publish(PublishError::PlacementRefused(NoFreeSlotOnAnyDevice)))(0)	Refused(PublishError::PlacementRefused(NoFreeSlotOnAnyDevice))(0)	false	Completed
P2	2	4	0	Raise(13)+Raise(5)	Refused(MountError::Publish(PublishError::PlacementRefused(NoFreeSlotOnAnyDevice)))(0) Refused(MountError::Publish(PublishError::PlacementRefused(NoFreeSlotOnAnyDevice)))(0)	Refused(PublishError::PlacementRefused(NoFreeSlotOnAnyDevice))(0)	false	Completed
P2	2	4	0	Raise(13)+Raise(8)	Refused(MountError::Publish(PublishError::PlacementRefused(NoFreeSlotOnAnyDevice)))(0) Refused(MountError::Publish(PublishError::PlacementRefused(NoFreeSlotOnAnyDevice)))(0)	Refused(PublishError::PlacementRefused(NoFreeSlotOnAnyDevice))(0)	false	Completed
P2	2	4	0	Raise(13)+Raise(13)	Refused(MountError::Publish(PublishError::PlacementRefused(NoFreeSlotOnAnyDevice)))(0) Refused(MountError::Publish(PublishError::PlacementRefused(NoFreeSlotOnAnyDevice)))(0)	Refused(PublishError::PlacementRefused(NoFreeSlotOnAnyDevice))(0)	false	Completed
P2	2	4	0	Raise(13)+Raise(21)	Refused(MountError::Publish(PublishError::PlacementRefused(NoFreeSlotOnAnyDevice)))(0) Refused(MountError::Publish(PublishError::PlacementRefused(NoFreeSlotOnAnyDevice)))(0)	Refused(PublishError::PlacementRefused(NoFreeSlotOnAnyDevice))(0)	false	Completed
P2	2	4	0	Raise(13)+Raise(34)	Refused(MountError::Publish(PublishError::PlacementRefused(NoFreeSlotOnAnyDevice)))(0) Refused(MountError::Publish(PublishError::PlacementRefused(NoFreeSlotOnAnyDevice)))(0)	Refused(PublishError::PlacementRefused(NoFreeSlotOnAnyDevice))(0)	false	Completed
P2	2	4	0	Raise(21)	Refused(MountError::Publish(PublishError::PlacementRefused(NoFreeSlotOnAnyDevice)))(0)	Refused(PublishError::PlacementRefused(NoFreeSlotOnAnyDevice))(0)	false	Completed
P2	2	4	0	Raise(21)+Overwrite	Refused(MountError::Publish(PublishError::PlacementRefused(NoFreeSlotOnAnyDevice)))(0) Refused(PublishError::PlacementRefused(NoFreeSlotOnAnyDevice))(0)	Refused(PublishError::PlacementRefused(NoFreeSlotOnAnyDevice))(0)	false	Completed
P2	2	4	0	Raise(21)+MountWritable	Refused(MountError::Publish(PublishError::PlacementRefused(NoFreeSlotOnAnyDevice)))(0) Mounted(publishes=3)(50)	Published(23)	true	Completed
P2	2	4	0	Raise(21)+ColdStartRecover	Refused(MountError::Publish(PublishError::PlacementRefused(NoFreeSlotOnAnyDevice)))(0) Recovered(0)	NotApplicable(NoWritableSession)(0)	false	Completed
P2	2	4	0	Raise(21)+Rollback(NewestFloor)	Refused(MountError::Publish(PublishError::PlacementRefused(NoFreeSlotOnAnyDevice)))(0) Mounted(publishes=3)(50)	Published(23)	true	Completed
P2	2	4	0	Raise(21)+Rollback(Ring0)	Refused(MountError::Publish(PublishError::PlacementRefused(NoFreeSlotOnAnyDevice)))(0) Mounted(publishes=3)(50)	Published(23)	true	Completed
P2	2	4	0	Raise(21)+Rollback(Ring1)	Refused(MountError::Publish(PublishError::PlacementRefused(NoFreeSlotOnAnyDevice)))(0) Mounted(publishes=3)(50)	Published(23)	true	Completed
P2	2	4	0	Raise(21)+Rollback(Ring2)	Refused(MountError::Publish(PublishError::PlacementRefused(NoFreeSlotOnAnyDevice)))(0) Mounted(publishes=3)(50)	Published(23)	true	Completed
P2	2	4	0	Raise(21)+Rollback(Ring3)	Refused(MountError::Publish(PublishError::PlacementRefused(NoFreeSlotOnAnyDevice)))(0) Mounted(publishes=3)(50)	Published(23)	true	Completed
P2	2	4	0	Raise(21)+Raise(0)	Refused(MountError::Publish(PublishError::PlacementRefused(NoFreeSlotOnAnyDevice)))(0) Refused(MountError::Publish(PublishError::PlacementRefused(NoFreeSlotOnAnyDevice)))(0)	Refused(PublishError::PlacementRefused(NoFreeSlotOnAnyDevice))(0)	false	Completed
P2	2	4	0	Raise(21)+Raise(1)	Refused(MountError::Publish(PublishError::PlacementRefused(NoFreeSlotOnAnyDevice)))(0) Refused(MountError::Publish(PublishError::PlacementRefused(NoFreeSlotOnAnyDevice)))(0)	Refused(PublishError::PlacementRefused(NoFreeSlotOnAnyDevice))(0)	false	Completed
P2	2	4	0	Raise(21)+Raise(2)	Refused(MountError::Publish(PublishError::PlacementRefused(NoFreeSlotOnAnyDevice)))(0) Refused(MountError::Publish(PublishError::PlacementRefused(NoFreeSlotOnAnyDevice)))(0)	Refused(PublishError::PlacementRefused(NoFreeSlotOnAnyDevice))(0)	false	Completed
P2	2	4	0	Raise(21)+Raise(3)	Refused(MountError::Publish(PublishError::PlacementRefused(NoFreeSlotOnAnyDevice)))(0) Refused(MountError::Publish(PublishError::PlacementRefused(NoFreeSlotOnAnyDevice)))(0)	Refused(PublishError::PlacementRefused(NoFreeSlotOnAnyDevice))(0)	false	Completed
P2	2	4	0	Raise(21)+Raise(5)	Refused(MountError::Publish(PublishError::PlacementRefused(NoFreeSlotOnAnyDevice)))(0) Refused(MountError::Publish(PublishError::PlacementRefused(NoFreeSlotOnAnyDevice)))(0)	Refused(PublishError::PlacementRefused(NoFreeSlotOnAnyDevice))(0)	false	Completed
P2	2	4	0	Raise(21)+Raise(8)	Refused(MountError::Publish(PublishError::PlacementRefused(NoFreeSlotOnAnyDevice)))(0) Refused(MountError::Publish(PublishError::PlacementRefused(NoFreeSlotOnAnyDevice)))(0)	Refused(PublishError::PlacementRefused(NoFreeSlotOnAnyDevice))(0)	false	Completed
P2	2	4	0	Raise(21)+Raise(13)	Refused(MountError::Publish(PublishError::PlacementRefused(NoFreeSlotOnAnyDevice)))(0) Refused(MountError::Publish(PublishError::PlacementRefused(NoFreeSlotOnAnyDevice)))(0)	Refused(PublishError::PlacementRefused(NoFreeSlotOnAnyDevice))(0)	false	Completed
P2	2	4	0	Raise(21)+Raise(21)	Refused(MountError::Publish(PublishError::PlacementRefused(NoFreeSlotOnAnyDevice)))(0) Refused(MountError::Publish(PublishError::PlacementRefused(NoFreeSlotOnAnyDevice)))(0)	Refused(PublishError::PlacementRefused(NoFreeSlotOnAnyDevice))(0)	false	Completed
P2	2	4	0	Raise(21)+Raise(34)	Refused(MountError::Publish(PublishError::PlacementRefused(NoFreeSlotOnAnyDevice)))(0) Refused(MountError::Publish(PublishError::PlacementRefused(NoFreeSlotOnAnyDevice)))(0)	Refused(PublishError::PlacementRefused(NoFreeSlotOnAnyDevice))(0)	false	Completed
P2	2	4	0	Raise(34)	Refused(MountError::Publish(PublishError::PlacementRefused(NoFreeSlotOnAnyDevice)))(0)	Refused(PublishError::PlacementRefused(NoFreeSlotOnAnyDevice))(0)	false	Completed
P2	2	4	0	Raise(34)+Overwrite	Refused(MountError::Publish(PublishError::PlacementRefused(NoFreeSlotOnAnyDevice)))(0) Refused(PublishError::PlacementRefused(NoFreeSlotOnAnyDevice))(0)	Refused(PublishError::PlacementRefused(NoFreeSlotOnAnyDevice))(0)	false	Completed
P2	2	4	0	Raise(34)+MountWritable	Refused(MountError::Publish(PublishError::PlacementRefused(NoFreeSlotOnAnyDevice)))(0) Mounted(publishes=3)(50)	Published(23)	true	Completed
P2	2	4	0	Raise(34)+ColdStartRecover	Refused(MountError::Publish(PublishError::PlacementRefused(NoFreeSlotOnAnyDevice)))(0) Recovered(0)	NotApplicable(NoWritableSession)(0)	false	Completed
P2	2	4	0	Raise(34)+Rollback(NewestFloor)	Refused(MountError::Publish(PublishError::PlacementRefused(NoFreeSlotOnAnyDevice)))(0) Mounted(publishes=3)(50)	Published(23)	true	Completed
P2	2	4	0	Raise(34)+Rollback(Ring0)	Refused(MountError::Publish(PublishError::PlacementRefused(NoFreeSlotOnAnyDevice)))(0) Mounted(publishes=3)(50)	Published(23)	true	Completed
P2	2	4	0	Raise(34)+Rollback(Ring1)	Refused(MountError::Publish(PublishError::PlacementRefused(NoFreeSlotOnAnyDevice)))(0) Mounted(publishes=3)(50)	Published(23)	true	Completed
P2	2	4	0	Raise(34)+Rollback(Ring2)	Refused(MountError::Publish(PublishError::PlacementRefused(NoFreeSlotOnAnyDevice)))(0) Mounted(publishes=3)(50)	Published(23)	true	Completed
P2	2	4	0	Raise(34)+Rollback(Ring3)	Refused(MountError::Publish(PublishError::PlacementRefused(NoFreeSlotOnAnyDevice)))(0) Mounted(publishes=3)(50)	Published(23)	true	Completed
P2	2	4	0	Raise(34)+Raise(0)	Refused(MountError::Publish(PublishError::PlacementRefused(NoFreeSlotOnAnyDevice)))(0) Refused(MountError::Publish(PublishError::PlacementRefused(NoFreeSlotOnAnyDevice)))(0)	Refused(PublishError::PlacementRefused(NoFreeSlotOnAnyDevice))(0)	false	Completed
P2	2	4	0	Raise(34)+Raise(1)	Refused(MountError::Publish(PublishError::PlacementRefused(NoFreeSlotOnAnyDevice)))(0) Refused(MountError::Publish(PublishError::PlacementRefused(NoFreeSlotOnAnyDevice)))(0)	Refused(PublishError::PlacementRefused(NoFreeSlotOnAnyDevice))(0)	false	Completed
P2	2	4	0	Raise(34)+Raise(2)	Refused(MountError::Publish(PublishError::PlacementRefused(NoFreeSlotOnAnyDevice)))(0) Refused(MountError::Publish(PublishError::PlacementRefused(NoFreeSlotOnAnyDevice)))(0)	Refused(PublishError::PlacementRefused(NoFreeSlotOnAnyDevice))(0)	false	Completed
P2	2	4	0	Raise(34)+Raise(3)	Refused(MountError::Publish(PublishError::PlacementRefused(NoFreeSlotOnAnyDevice)))(0) Refused(MountError::Publish(PublishError::PlacementRefused(NoFreeSlotOnAnyDevice)))(0)	Refused(PublishError::PlacementRefused(NoFreeSlotOnAnyDevice))(0)	false	Completed
P2	2	4	0	Raise(34)+Raise(5)	Refused(MountError::Publish(PublishError::PlacementRefused(NoFreeSlotOnAnyDevice)))(0) Refused(MountError::Publish(PublishError::PlacementRefused(NoFreeSlotOnAnyDevice)))(0)	Refused(PublishError::PlacementRefused(NoFreeSlotOnAnyDevice))(0)	false	Completed
P2	2	4	0	Raise(34)+Raise(8)	Refused(MountError::Publish(PublishError::PlacementRefused(NoFreeSlotOnAnyDevice)))(0) Refused(MountError::Publish(PublishError::PlacementRefused(NoFreeSlotOnAnyDevice)))(0)	Refused(PublishError::PlacementRefused(NoFreeSlotOnAnyDevice))(0)	false	Completed
P2	2	4	0	Raise(34)+Raise(13)	Refused(MountError::Publish(PublishError::PlacementRefused(NoFreeSlotOnAnyDevice)))(0) Refused(MountError::Publish(PublishError::PlacementRefused(NoFreeSlotOnAnyDevice)))(0)	Refused(PublishError::PlacementRefused(NoFreeSlotOnAnyDevice))(0)	false	Completed
P2	2	4	0	Raise(34)+Raise(21)	Refused(MountError::Publish(PublishError::PlacementRefused(NoFreeSlotOnAnyDevice)))(0) Refused(MountError::Publish(PublishError::PlacementRefused(NoFreeSlotOnAnyDevice)))(0)	Refused(PublishError::PlacementRefused(NoFreeSlotOnAnyDevice))(0)	false	Completed
P2	2	4	0	Raise(34)+Raise(34)	Refused(MountError::Publish(PublishError::PlacementRefused(NoFreeSlotOnAnyDevice)))(0) Refused(MountError::Publish(PublishError::PlacementRefused(NoFreeSlotOnAnyDevice)))(0)	Refused(PublishError::PlacementRefused(NoFreeSlotOnAnyDevice))(0)	false	Completed
P2	3	0	0	Overwrite	Refused(PublishError::PlacementRefused(NoFreeSlotOnAnyDevice))(0)	Refused(PublishError::PlacementRefused(NoFreeSlotOnAnyDevice))(0)	false	Completed
P2	3	0	0	Overwrite+Overwrite	Refused(PublishError::PlacementRefused(NoFreeSlotOnAnyDevice))(0) Refused(PublishError::PlacementRefused(NoFreeSlotOnAnyDevice))(0)	Refused(PublishError::PlacementRefused(NoFreeSlotOnAnyDevice))(0)	false	Completed
P2	3	0	0	Overwrite+MountWritable	Refused(PublishError::PlacementRefused(NoFreeSlotOnAnyDevice))(0) Mounted(publishes=2)(35)	Published(23)	true	Completed
P2	3	0	0	Overwrite+ColdStartRecover	Refused(PublishError::PlacementRefused(NoFreeSlotOnAnyDevice))(0) Recovered(0)	NotApplicable(NoWritableSession)(0)	false	Completed
P2	3	0	0	Overwrite+Rollback(NewestFloor)	Refused(PublishError::PlacementRefused(NoFreeSlotOnAnyDevice))(0) Mounted(publishes=2)(35)	Published(23)	true	Completed
P2	3	0	0	Overwrite+Rollback(Ring0)	Refused(PublishError::PlacementRefused(NoFreeSlotOnAnyDevice))(0) Mounted(publishes=2)(35)	Published(23)	true	Completed
P2	3	0	0	Overwrite+Rollback(Ring1)	Refused(PublishError::PlacementRefused(NoFreeSlotOnAnyDevice))(0) Mounted(publishes=2)(35)	Published(23)	true	Completed
P2	3	0	0	Overwrite+Rollback(Ring2)	Refused(PublishError::PlacementRefused(NoFreeSlotOnAnyDevice))(0) Mounted(publishes=2)(35)	Published(23)	true	Completed
P2	3	0	0	Overwrite+Rollback(Ring3)	Refused(PublishError::PlacementRefused(NoFreeSlotOnAnyDevice))(0) Mounted(publishes=2)(35)	Published(23)	true	Completed
P2	3	0	0	Overwrite+Raise(0)	Refused(PublishError::PlacementRefused(NoFreeSlotOnAnyDevice))(0) Refused(MountError::Publish(PublishError::PlacementRefused(NoFreeSlotOnAnyDevice)))(0)	Refused(PublishError::PlacementRefused(NoFreeSlotOnAnyDevice))(0)	false	Completed
P2	3	0	0	Overwrite+Raise(1)	Refused(PublishError::PlacementRefused(NoFreeSlotOnAnyDevice))(0) Refused(MountError::Publish(PublishError::PlacementRefused(NoFreeSlotOnAnyDevice)))(0)	Refused(PublishError::PlacementRefused(NoFreeSlotOnAnyDevice))(0)	false	Completed
P2	3	0	0	Overwrite+Raise(2)	Refused(PublishError::PlacementRefused(NoFreeSlotOnAnyDevice))(0) Refused(MountError::Publish(PublishError::PlacementRefused(NoFreeSlotOnAnyDevice)))(0)	Refused(PublishError::PlacementRefused(NoFreeSlotOnAnyDevice))(0)	false	Completed
P2	3	0	0	Overwrite+Raise(3)	Refused(PublishError::PlacementRefused(NoFreeSlotOnAnyDevice))(0) Refused(MountError::Publish(PublishError::PlacementRefused(NoFreeSlotOnAnyDevice)))(0)	Refused(PublishError::PlacementRefused(NoFreeSlotOnAnyDevice))(0)	false	Completed
P2	3	0	0	Overwrite+Raise(5)	Refused(PublishError::PlacementRefused(NoFreeSlotOnAnyDevice))(0) Refused(MountError::Publish(PublishError::PlacementRefused(NoFreeSlotOnAnyDevice)))(0)	Refused(PublishError::PlacementRefused(NoFreeSlotOnAnyDevice))(0)	false	Completed
P2	3	0	0	Overwrite+Raise(8)	Refused(PublishError::PlacementRefused(NoFreeSlotOnAnyDevice))(0) Refused(MountError::Publish(PublishError::PlacementRefused(NoFreeSlotOnAnyDevice)))(0)	Refused(PublishError::PlacementRefused(NoFreeSlotOnAnyDevice))(0)	false	Completed
P2	3	0	0	Overwrite+Raise(13)	Refused(PublishError::PlacementRefused(NoFreeSlotOnAnyDevice))(0) Refused(MountError::Publish(PublishError::PlacementRefused(NoFreeSlotOnAnyDevice)))(0)	Refused(PublishError::PlacementRefused(NoFreeSlotOnAnyDevice))(0)	false	Completed
P2	3	0	0	Overwrite+Raise(21)	Refused(PublishError::PlacementRefused(NoFreeSlotOnAnyDevice))(0) Refused(MountError::Publish(PublishError::PlacementRefused(NoFreeSlotOnAnyDevice)))(0)	Refused(PublishError::PlacementRefused(NoFreeSlotOnAnyDevice))(0)	false	Completed
P2	3	0	0	Overwrite+Raise(34)	Refused(PublishError::PlacementRefused(NoFreeSlotOnAnyDevice))(0) Refused(MountError::Publish(PublishError::PlacementRefused(NoFreeSlotOnAnyDevice)))(0)	Refused(PublishError::PlacementRefused(NoFreeSlotOnAnyDevice))(0)	false	Completed
P2	3	0	0	MountWritable	Mounted(publishes=2)(35)	Published(23)	true	Completed
P2	3	0	0	MountWritable+Overwrite	Mounted(publishes=2)(35) Published(23)	Published(23)	true	Completed
P2	3	0	0	MountWritable+MountWritable	Mounted(publishes=2)(35) Mounted(publishes=3)(50)	Published(23)	true	Completed
P2	3	0	0	MountWritable+ColdStartRecover	Mounted(publishes=2)(35) Recovered(0)	NotApplicable(NoWritableSession)(0)	false	Completed
P2	3	0	0	MountWritable+Rollback(NewestFloor)	Mounted(publishes=2)(35) Mounted(publishes=3)(50)	Published(23)	true	Completed
P2	3	0	0	MountWritable+Rollback(Ring0)	Mounted(publishes=2)(35) Mounted(publishes=3)(50)	Published(23)	true	Completed
P2	3	0	0	MountWritable+Rollback(Ring1)	Mounted(publishes=2)(35) Mounted(publishes=3)(50)	Published(23)	true	Completed
P2	3	0	0	MountWritable+Rollback(Ring2)	Mounted(publishes=2)(35) Mounted(publishes=3)(50)	Published(23)	true	Completed
P2	3	0	0	MountWritable+Rollback(Ring3)	Mounted(publishes=2)(35) Mounted(publishes=3)(50)	Published(23)	true	Completed
P2	3	0	0	MountWritable+Raise(0)	Mounted(publishes=2)(35) RaisedFloor(F=0,publishes=3)(45)	Published(23)	true	Completed
P2	3	0	0	MountWritable+Raise(1)	Mounted(publishes=2)(35) RaisedFloor(F=1,publishes=3)(45)	Published(23)	true	Completed
P2	3	0	0	MountWritable+Raise(2)	Mounted(publishes=2)(35) RaisedFloor(F=2,publishes=3)(45)	Published(23)	true	Completed
P2	3	0	0	MountWritable+Raise(3)	Mounted(publishes=2)(35) RaisedFloor(F=3,publishes=3)(45)	Published(23)	true	Completed
P2	3	0	0	MountWritable+Raise(5)	Mounted(publishes=2)(35) RaisedFloor(F=5,publishes=3)(45)	Published(23)	true	Completed
P2	3	0	0	MountWritable+Raise(8)	Mounted(publishes=2)(35) RaisedFloor(F=8,publishes=3)(45)	Published(23)	true	Completed
P2	3	0	0	MountWritable+Raise(13)	Mounted(publishes=2)(35) RaisedFloor(F=13,publishes=3)(45)	Published(23)	true	Completed
P2	3	0	0	MountWritable+Raise(21)	Mounted(publishes=2)(35) RaisedFloor(F=21,publishes=3)(45)	Published(23)	true	Completed
P2	3	0	0	MountWritable+Raise(34)	Mounted(publishes=2)(35) RaisedFloor(F=34,publishes=3)(45)	Published(23)	true	Completed
P2	3	0	0	ColdStartRecover	Recovered(0)	NotApplicable(NoWritableSession)(0)	false	Completed
P2	3	0	0	ColdStartRecover+Overwrite	Recovered(0) NotApplicable(NoWritableSession)(0)	NotApplicable(NoWritableSession)(0)	false	Completed
P2	3	0	0	ColdStartRecover+MountWritable	Recovered(0) Mounted(publishes=2)(35)	Published(23)	true	Completed
P2	3	0	0	ColdStartRecover+ColdStartRecover	Recovered(0) Recovered(0)	NotApplicable(NoWritableSession)(0)	false	Completed
P2	3	0	0	ColdStartRecover+Rollback(NewestFloor)	Recovered(0) Mounted(publishes=2)(35)	Published(23)	true	Completed
P2	3	0	0	ColdStartRecover+Rollback(Ring0)	Recovered(0) Mounted(publishes=2)(35)	Published(23)	true	Completed
P2	3	0	0	ColdStartRecover+Rollback(Ring1)	Recovered(0) Mounted(publishes=2)(35)	Published(23)	true	Completed
P2	3	0	0	ColdStartRecover+Rollback(Ring2)	Recovered(0) Mounted(publishes=2)(35)	Published(23)	true	Completed
P2	3	0	0	ColdStartRecover+Rollback(Ring3)	Recovered(0) Mounted(publishes=2)(35)	Published(23)	true	Completed
P2	3	0	0	ColdStartRecover+Raise(0)	Recovered(0) NotApplicable(NoWritableSession)(0)	NotApplicable(NoWritableSession)(0)	false	Completed
P2	3	0	0	ColdStartRecover+Raise(1)	Recovered(0) NotApplicable(NoWritableSession)(0)	NotApplicable(NoWritableSession)(0)	false	Completed
P2	3	0	0	ColdStartRecover+Raise(2)	Recovered(0) NotApplicable(NoWritableSession)(0)	NotApplicable(NoWritableSession)(0)	false	Completed
P2	3	0	0	ColdStartRecover+Raise(3)	Recovered(0) NotApplicable(NoWritableSession)(0)	NotApplicable(NoWritableSession)(0)	false	Completed
P2	3	0	0	ColdStartRecover+Raise(5)	Recovered(0) NotApplicable(NoWritableSession)(0)	NotApplicable(NoWritableSession)(0)	false	Completed
P2	3	0	0	ColdStartRecover+Raise(8)	Recovered(0) NotApplicable(NoWritableSession)(0)	NotApplicable(NoWritableSession)(0)	false	Completed
P2	3	0	0	ColdStartRecover+Raise(13)	Recovered(0) NotApplicable(NoWritableSession)(0)	NotApplicable(NoWritableSession)(0)	false	Completed
P2	3	0	0	ColdStartRecover+Raise(21)	Recovered(0) NotApplicable(NoWritableSession)(0)	NotApplicable(NoWritableSession)(0)	false	Completed
P2	3	0	0	ColdStartRecover+Raise(34)	Recovered(0) NotApplicable(NoWritableSession)(0)	NotApplicable(NoWritableSession)(0)	false	Completed
P2	3	0	0	Rollback(NewestFloor)	Mounted(publishes=2)(35)	Published(23)	true	Completed
P2	3	0	0	Rollback(NewestFloor)+Overwrite	Mounted(publishes=2)(35) Published(23)	Published(23)	true	Completed
P2	3	0	0	Rollback(NewestFloor)+MountWritable	Mounted(publishes=2)(35) Mounted(publishes=3)(50)	Published(23)	true	Completed
P2	3	0	0	Rollback(NewestFloor)+ColdStartRecover	Mounted(publishes=2)(35) Recovered(0)	NotApplicable(NoWritableSession)(0)	false	Completed
P2	3	0	0	Rollback(NewestFloor)+Rollback(NewestFloor)	Mounted(publishes=2)(35) Mounted(publishes=3)(50)	Published(23)	true	Completed
P2	3	0	0	Rollback(NewestFloor)+Rollback(Ring0)	Mounted(publishes=2)(35) Mounted(publishes=3)(50)	Published(23)	true	Completed
P2	3	0	0	Rollback(NewestFloor)+Rollback(Ring1)	Mounted(publishes=2)(35) Mounted(publishes=3)(50)	Published(23)	true	Completed
P2	3	0	0	Rollback(NewestFloor)+Rollback(Ring2)	Mounted(publishes=2)(35) Mounted(publishes=3)(50)	Published(23)	true	Completed
P2	3	0	0	Rollback(NewestFloor)+Rollback(Ring3)	Mounted(publishes=2)(35) Mounted(publishes=3)(50)	Published(23)	true	Completed
P2	3	0	0	Rollback(NewestFloor)+Raise(0)	Mounted(publishes=2)(35) RaisedFloor(F=0,publishes=3)(45)	Published(23)	true	Completed
P2	3	0	0	Rollback(NewestFloor)+Raise(1)	Mounted(publishes=2)(35) RaisedFloor(F=1,publishes=3)(45)	Published(23)	true	Completed
P2	3	0	0	Rollback(NewestFloor)+Raise(2)	Mounted(publishes=2)(35) RaisedFloor(F=2,publishes=3)(45)	Published(23)	true	Completed
P2	3	0	0	Rollback(NewestFloor)+Raise(3)	Mounted(publishes=2)(35) RaisedFloor(F=3,publishes=3)(45)	Published(23)	true	Completed
P2	3	0	0	Rollback(NewestFloor)+Raise(5)	Mounted(publishes=2)(35) RaisedFloor(F=5,publishes=3)(45)	Published(23)	true	Completed
P2	3	0	0	Rollback(NewestFloor)+Raise(8)	Mounted(publishes=2)(35) RaisedFloor(F=8,publishes=3)(45)	Published(23)	true	Completed
P2	3	0	0	Rollback(NewestFloor)+Raise(13)	Mounted(publishes=2)(35) RaisedFloor(F=13,publishes=3)(45)	Published(23)	true	Completed
P2	3	0	0	Rollback(NewestFloor)+Raise(21)	Mounted(publishes=2)(35) RaisedFloor(F=21,publishes=3)(45)	Published(23)	true	Completed
P2	3	0	0	Rollback(NewestFloor)+Raise(34)	Mounted(publishes=2)(35) RaisedFloor(F=34,publishes=3)(45)	Published(23)	true	Completed
P2	3	0	0	Rollback(Ring0)	Mounted(publishes=2)(35)	Published(23)	true	Completed
P2	3	0	0	Rollback(Ring0)+Overwrite	Mounted(publishes=2)(35) Published(23)	Published(23)	true	Completed
P2	3	0	0	Rollback(Ring0)+MountWritable	Mounted(publishes=2)(35) Mounted(publishes=3)(50)	Published(23)	true	Completed
P2	3	0	0	Rollback(Ring0)+ColdStartRecover	Mounted(publishes=2)(35) Recovered(0)	NotApplicable(NoWritableSession)(0)	false	Completed
P2	3	0	0	Rollback(Ring0)+Rollback(NewestFloor)	Mounted(publishes=2)(35) Mounted(publishes=3)(50)	Published(23)	true	Completed
P2	3	0	0	Rollback(Ring0)+Rollback(Ring0)	Mounted(publishes=2)(35) Mounted(publishes=3)(50)	Published(23)	true	Completed
P2	3	0	0	Rollback(Ring0)+Rollback(Ring1)	Mounted(publishes=2)(35) Mounted(publishes=3)(50)	Published(23)	true	Completed
P2	3	0	0	Rollback(Ring0)+Rollback(Ring2)	Mounted(publishes=2)(35) Mounted(publishes=3)(50)	Published(23)	true	Completed
P2	3	0	0	Rollback(Ring0)+Rollback(Ring3)	Mounted(publishes=2)(35) Mounted(publishes=3)(50)	Published(23)	true	Completed
P2	3	0	0	Rollback(Ring0)+Raise(0)	Mounted(publishes=2)(35) RaisedFloor(F=0,publishes=3)(45)	Published(23)	true	Completed
P2	3	0	0	Rollback(Ring0)+Raise(1)	Mounted(publishes=2)(35) RaisedFloor(F=1,publishes=3)(45)	Published(23)	true	Completed
P2	3	0	0	Rollback(Ring0)+Raise(2)	Mounted(publishes=2)(35) RaisedFloor(F=2,publishes=3)(45)	Published(23)	true	Completed
P2	3	0	0	Rollback(Ring0)+Raise(3)	Mounted(publishes=2)(35) RaisedFloor(F=3,publishes=3)(45)	Published(23)	true	Completed
P2	3	0	0	Rollback(Ring0)+Raise(5)	Mounted(publishes=2)(35) RaisedFloor(F=5,publishes=3)(45)	Published(23)	true	Completed
P2	3	0	0	Rollback(Ring0)+Raise(8)	Mounted(publishes=2)(35) RaisedFloor(F=8,publishes=3)(45)	Published(23)	true	Completed
P2	3	0	0	Rollback(Ring0)+Raise(13)	Mounted(publishes=2)(35) RaisedFloor(F=13,publishes=3)(45)	Published(23)	true	Completed
P2	3	0	0	Rollback(Ring0)+Raise(21)	Mounted(publishes=2)(35) RaisedFloor(F=21,publishes=3)(45)	Published(23)	true	Completed
P2	3	0	0	Rollback(Ring0)+Raise(34)	Mounted(publishes=2)(35) RaisedFloor(F=34,publishes=3)(45)	Published(23)	true	Completed
P2	3	0	0	Rollback(Ring1)	Mounted(publishes=2)(35)	Published(23)	true	Completed
P2	3	0	0	Rollback(Ring1)+Overwrite	Mounted(publishes=2)(35) Published(23)	Published(23)	true	Completed
P2	3	0	0	Rollback(Ring1)+MountWritable	Mounted(publishes=2)(35) Mounted(publishes=3)(50)	Published(23)	true	Completed
P2	3	0	0	Rollback(Ring1)+ColdStartRecover	Mounted(publishes=2)(35) Recovered(0)	NotApplicable(NoWritableSession)(0)	false	Completed
P2	3	0	0	Rollback(Ring1)+Rollback(NewestFloor)	Mounted(publishes=2)(35) Mounted(publishes=3)(50)	Published(23)	true	Completed
P2	3	0	0	Rollback(Ring1)+Rollback(Ring0)	Mounted(publishes=2)(35) Mounted(publishes=3)(50)	Published(23)	true	Completed
P2	3	0	0	Rollback(Ring1)+Rollback(Ring1)	Mounted(publishes=2)(35) Mounted(publishes=3)(50)	Published(23)	true	Completed
P2	3	0	0	Rollback(Ring1)+Rollback(Ring2)	Mounted(publishes=2)(35) Refused(MountError::RollbackTargetNotACandidate(OnAbandonedTimeline))(0)	NotApplicable(NoWritableSession)(0)	false	Completed
P2	3	0	0	Rollback(Ring1)+Rollback(Ring3)	Mounted(publishes=2)(35) Mounted(publishes=3)(50)	Published(23)	true	Completed
P2	3	0	0	Rollback(Ring1)+Raise(0)	Mounted(publishes=2)(35) RaisedFloor(F=0,publishes=3)(45)	Published(23)	true	Completed
P2	3	0	0	Rollback(Ring1)+Raise(1)	Mounted(publishes=2)(35) RaisedFloor(F=1,publishes=3)(45)	Published(23)	true	Completed
P2	3	0	0	Rollback(Ring1)+Raise(2)	Mounted(publishes=2)(35) RaisedFloor(F=2,publishes=3)(45)	Published(23)	true	Completed
P2	3	0	0	Rollback(Ring1)+Raise(3)	Mounted(publishes=2)(35) RaisedFloor(F=3,publishes=3)(45)	Published(23)	true	Completed
P2	3	0	0	Rollback(Ring1)+Raise(5)	Mounted(publishes=2)(35) RaisedFloor(F=5,publishes=3)(45)	Published(23)	true	Completed
P2	3	0	0	Rollback(Ring1)+Raise(8)	Mounted(publishes=2)(35) RaisedFloor(F=8,publishes=3)(45)	Published(23)	true	Completed
P2	3	0	0	Rollback(Ring1)+Raise(13)	Mounted(publishes=2)(35) RaisedFloor(F=13,publishes=3)(45)	Published(23)	true	Completed
P2	3	0	0	Rollback(Ring1)+Raise(21)	Mounted(publishes=2)(35) RaisedFloor(F=21,publishes=3)(45)	Published(23)	true	Completed
P2	3	0	0	Rollback(Ring1)+Raise(34)	Mounted(publishes=2)(35) RaisedFloor(F=34,publishes=3)(45)	Published(23)	true	Completed
P2	3	0	0	Rollback(Ring2)	Mounted(publishes=2)(35)	Published(23)	true	Completed
P2	3	0	0	Rollback(Ring2)+Overwrite	Mounted(publishes=2)(35) Published(23)	Published(23)	true	Completed
P2	3	0	0	Rollback(Ring2)+MountWritable	Mounted(publishes=2)(35) Mounted(publishes=3)(50)	Published(23)	true	Completed
P2	3	0	0	Rollback(Ring2)+ColdStartRecover	Mounted(publishes=2)(35) Recovered(0)	NotApplicable(NoWritableSession)(0)	false	Completed
P2	3	0	0	Rollback(Ring2)+Rollback(NewestFloor)	Mounted(publishes=2)(35) Mounted(publishes=3)(50)	Published(23)	true	Completed
P2	3	0	0	Rollback(Ring2)+Rollback(Ring0)	Mounted(publishes=2)(35) Mounted(publishes=3)(50)	Published(23)	true	Completed
P2	3	0	0	Rollback(Ring2)+Rollback(Ring1)	Mounted(publishes=2)(35) Mounted(publishes=3)(50)	Published(23)	true	Completed
P2	3	0	0	Rollback(Ring2)+Rollback(Ring2)	Mounted(publishes=2)(35) Refused(MountError::RollbackTargetNotACandidate(OnAbandonedTimeline))(0)	NotApplicable(NoWritableSession)(0)	false	Completed
P2	3	0	0	Rollback(Ring2)+Rollback(Ring3)	Mounted(publishes=2)(35) Refused(MountError::RollbackTargetNotACandidate(OnAbandonedTimeline))(0)	NotApplicable(NoWritableSession)(0)	false	Completed
P2	3	0	0	Rollback(Ring2)+Raise(0)	Mounted(publishes=2)(35) RaisedFloor(F=0,publishes=3)(45)	Published(23)	true	Completed
P2	3	0	0	Rollback(Ring2)+Raise(1)	Mounted(publishes=2)(35) RaisedFloor(F=1,publishes=3)(45)	Published(23)	true	Completed
P2	3	0	0	Rollback(Ring2)+Raise(2)	Mounted(publishes=2)(35) RaisedFloor(F=2,publishes=3)(45)	Published(23)	true	Completed
P2	3	0	0	Rollback(Ring2)+Raise(3)	Mounted(publishes=2)(35) RaisedFloor(F=3,publishes=3)(45)	Published(23)	true	Completed
P2	3	0	0	Rollback(Ring2)+Raise(5)	Mounted(publishes=2)(35) RaisedFloor(F=5,publishes=3)(45)	Published(23)	true	Completed
P2	3	0	0	Rollback(Ring2)+Raise(8)	Mounted(publishes=2)(35) RaisedFloor(F=8,publishes=3)(45)	Published(23)	true	Completed
P2	3	0	0	Rollback(Ring2)+Raise(13)	Mounted(publishes=2)(35) RaisedFloor(F=13,publishes=3)(45)	Published(23)	true	Completed
P2	3	0	0	Rollback(Ring2)+Raise(21)	Mounted(publishes=2)(35) RaisedFloor(F=21,publishes=3)(45)	Published(23)	true	Completed
P2	3	0	0	Rollback(Ring2)+Raise(34)	Mounted(publishes=2)(35) RaisedFloor(F=34,publishes=3)(45)	Published(23)	true	Completed
P2	3	0	0	Rollback(Ring3)	Mounted(publishes=2)(35)	Published(23)	true	Completed
P2	3	0	0	Rollback(Ring3)+Overwrite	Mounted(publishes=2)(35) Published(23)	Published(23)	true	Completed
P2	3	0	0	Rollback(Ring3)+MountWritable	Mounted(publishes=2)(35) Mounted(publishes=3)(50)	Published(23)	true	Completed
P2	3	0	0	Rollback(Ring3)+ColdStartRecover	Mounted(publishes=2)(35) Recovered(0)	NotApplicable(NoWritableSession)(0)	false	Completed
P2	3	0	0	Rollback(Ring3)+Rollback(NewestFloor)	Mounted(publishes=2)(35) Mounted(publishes=3)(50)	Published(23)	true	Completed
P2	3	0	0	Rollback(Ring3)+Rollback(Ring0)	Mounted(publishes=2)(35) Mounted(publishes=3)(50)	Published(23)	true	Completed
P2	3	0	0	Rollback(Ring3)+Rollback(Ring1)	Mounted(publishes=2)(35) Mounted(publishes=3)(50)	Published(23)	true	Completed
P2	3	0	0	Rollback(Ring3)+Rollback(Ring2)	Mounted(publishes=2)(35) Refused(MountError::RollbackTargetNotACandidate(OnAbandonedTimeline))(0)	NotApplicable(NoWritableSession)(0)	false	Completed
P2	3	0	0	Rollback(Ring3)+Rollback(Ring3)	Mounted(publishes=2)(35) Refused(MountError::RollbackTargetNotACandidate(OnAbandonedTimeline))(0)	NotApplicable(NoWritableSession)(0)	false	Completed
P2	3	0	0	Rollback(Ring3)+Raise(0)	Mounted(publishes=2)(35) RaisedFloor(F=0,publishes=3)(45)	Published(23)	true	Completed
P2	3	0	0	Rollback(Ring3)+Raise(1)	Mounted(publishes=2)(35) RaisedFloor(F=1,publishes=3)(45)	Published(23)	true	Completed
P2	3	0	0	Rollback(Ring3)+Raise(2)	Mounted(publishes=2)(35) RaisedFloor(F=2,publishes=3)(45)	Published(23)	true	Completed
P2	3	0	0	Rollback(Ring3)+Raise(3)	Mounted(publishes=2)(35) RaisedFloor(F=3,publishes=3)(45)	Published(23)	true	Completed
P2	3	0	0	Rollback(Ring3)+Raise(5)	Mounted(publishes=2)(35) RaisedFloor(F=5,publishes=3)(45)	Published(23)	true	Completed
P2	3	0	0	Rollback(Ring3)+Raise(8)	Mounted(publishes=2)(35) RaisedFloor(F=8,publishes=3)(45)	Published(23)	true	Completed
P2	3	0	0	Rollback(Ring3)+Raise(13)	Mounted(publishes=2)(35) RaisedFloor(F=13,publishes=3)(45)	Published(23)	true	Completed
P2	3	0	0	Rollback(Ring3)+Raise(21)	Mounted(publishes=2)(35) RaisedFloor(F=21,publishes=3)(45)	Published(23)	true	Completed
P2	3	0	0	Rollback(Ring3)+Raise(34)	Mounted(publishes=2)(35) RaisedFloor(F=34,publishes=3)(45)	Published(23)	true	Completed
P2	3	0	0	Raise(0)	Refused(MountError::Publish(PublishError::PlacementRefused(NoFreeSlotOnAnyDevice)))(0)	Refused(PublishError::PlacementRefused(NoFreeSlotOnAnyDevice))(0)	false	Completed
P2	3	0	0	Raise(0)+Overwrite	Refused(MountError::Publish(PublishError::PlacementRefused(NoFreeSlotOnAnyDevice)))(0) Refused(PublishError::PlacementRefused(NoFreeSlotOnAnyDevice))(0)	Refused(PublishError::PlacementRefused(NoFreeSlotOnAnyDevice))(0)	false	Completed
P2	3	0	0	Raise(0)+MountWritable	Refused(MountError::Publish(PublishError::PlacementRefused(NoFreeSlotOnAnyDevice)))(0) Mounted(publishes=2)(35)	Published(23)	true	Completed
P2	3	0	0	Raise(0)+ColdStartRecover	Refused(MountError::Publish(PublishError::PlacementRefused(NoFreeSlotOnAnyDevice)))(0) Recovered(0)	NotApplicable(NoWritableSession)(0)	false	Completed
P2	3	0	0	Raise(0)+Rollback(NewestFloor)	Refused(MountError::Publish(PublishError::PlacementRefused(NoFreeSlotOnAnyDevice)))(0) Mounted(publishes=2)(35)	Published(23)	true	Completed
P2	3	0	0	Raise(0)+Rollback(Ring0)	Refused(MountError::Publish(PublishError::PlacementRefused(NoFreeSlotOnAnyDevice)))(0) Mounted(publishes=2)(35)	Published(23)	true	Completed
P2	3	0	0	Raise(0)+Rollback(Ring1)	Refused(MountError::Publish(PublishError::PlacementRefused(NoFreeSlotOnAnyDevice)))(0) Mounted(publishes=2)(35)	Published(23)	true	Completed
P2	3	0	0	Raise(0)+Rollback(Ring2)	Refused(MountError::Publish(PublishError::PlacementRefused(NoFreeSlotOnAnyDevice)))(0) Mounted(publishes=2)(35)	Published(23)	true	Completed
P2	3	0	0	Raise(0)+Rollback(Ring3)	Refused(MountError::Publish(PublishError::PlacementRefused(NoFreeSlotOnAnyDevice)))(0) Mounted(publishes=2)(35)	Published(23)	true	Completed
P2	3	0	0	Raise(0)+Raise(0)	Refused(MountError::Publish(PublishError::PlacementRefused(NoFreeSlotOnAnyDevice)))(0) Refused(MountError::Publish(PublishError::PlacementRefused(NoFreeSlotOnAnyDevice)))(0)	Refused(PublishError::PlacementRefused(NoFreeSlotOnAnyDevice))(0)	false	Completed
P2	3	0	0	Raise(0)+Raise(1)	Refused(MountError::Publish(PublishError::PlacementRefused(NoFreeSlotOnAnyDevice)))(0) Refused(MountError::Publish(PublishError::PlacementRefused(NoFreeSlotOnAnyDevice)))(0)	Refused(PublishError::PlacementRefused(NoFreeSlotOnAnyDevice))(0)	false	Completed
P2	3	0	0	Raise(0)+Raise(2)	Refused(MountError::Publish(PublishError::PlacementRefused(NoFreeSlotOnAnyDevice)))(0) Refused(MountError::Publish(PublishError::PlacementRefused(NoFreeSlotOnAnyDevice)))(0)	Refused(PublishError::PlacementRefused(NoFreeSlotOnAnyDevice))(0)	false	Completed
P2	3	0	0	Raise(0)+Raise(3)	Refused(MountError::Publish(PublishError::PlacementRefused(NoFreeSlotOnAnyDevice)))(0) Refused(MountError::Publish(PublishError::PlacementRefused(NoFreeSlotOnAnyDevice)))(0)	Refused(PublishError::PlacementRefused(NoFreeSlotOnAnyDevice))(0)	false	Completed
P2	3	0	0	Raise(0)+Raise(5)	Refused(MountError::Publish(PublishError::PlacementRefused(NoFreeSlotOnAnyDevice)))(0) Refused(MountError::Publish(PublishError::PlacementRefused(NoFreeSlotOnAnyDevice)))(0)	Refused(PublishError::PlacementRefused(NoFreeSlotOnAnyDevice))(0)	false	Completed
P2	3	0	0	Raise(0)+Raise(8)	Refused(MountError::Publish(PublishError::PlacementRefused(NoFreeSlotOnAnyDevice)))(0) Refused(MountError::Publish(PublishError::PlacementRefused(NoFreeSlotOnAnyDevice)))(0)	Refused(PublishError::PlacementRefused(NoFreeSlotOnAnyDevice))(0)	false	Completed
P2	3	0	0	Raise(0)+Raise(13)	Refused(MountError::Publish(PublishError::PlacementRefused(NoFreeSlotOnAnyDevice)))(0) Refused(MountError::Publish(PublishError::PlacementRefused(NoFreeSlotOnAnyDevice)))(0)	Refused(PublishError::PlacementRefused(NoFreeSlotOnAnyDevice))(0)	false	Completed
P2	3	0	0	Raise(0)+Raise(21)	Refused(MountError::Publish(PublishError::PlacementRefused(NoFreeSlotOnAnyDevice)))(0) Refused(MountError::Publish(PublishError::PlacementRefused(NoFreeSlotOnAnyDevice)))(0)	Refused(PublishError::PlacementRefused(NoFreeSlotOnAnyDevice))(0)	false	Completed
P2	3	0	0	Raise(0)+Raise(34)	Refused(MountError::Publish(PublishError::PlacementRefused(NoFreeSlotOnAnyDevice)))(0) Refused(MountError::Publish(PublishError::PlacementRefused(NoFreeSlotOnAnyDevice)))(0)	Refused(PublishError::PlacementRefused(NoFreeSlotOnAnyDevice))(0)	false	Completed
P2	3	0	0	Raise(1)	Refused(MountError::Publish(PublishError::PlacementRefused(NoFreeSlotOnAnyDevice)))(0)	Refused(PublishError::PlacementRefused(NoFreeSlotOnAnyDevice))(0)	false	Completed
P2	3	0	0	Raise(1)+Overwrite	Refused(MountError::Publish(PublishError::PlacementRefused(NoFreeSlotOnAnyDevice)))(0) Refused(PublishError::PlacementRefused(NoFreeSlotOnAnyDevice))(0)	Refused(PublishError::PlacementRefused(NoFreeSlotOnAnyDevice))(0)	false	Completed
P2	3	0	0	Raise(1)+MountWritable	Refused(MountError::Publish(PublishError::PlacementRefused(NoFreeSlotOnAnyDevice)))(0) Mounted(publishes=2)(35)	Published(23)	true	Completed
P2	3	0	0	Raise(1)+ColdStartRecover	Refused(MountError::Publish(PublishError::PlacementRefused(NoFreeSlotOnAnyDevice)))(0) Recovered(0)	NotApplicable(NoWritableSession)(0)	false	Completed
P2	3	0	0	Raise(1)+Rollback(NewestFloor)	Refused(MountError::Publish(PublishError::PlacementRefused(NoFreeSlotOnAnyDevice)))(0) Mounted(publishes=2)(35)	Published(23)	true	Completed
P2	3	0	0	Raise(1)+Rollback(Ring0)	Refused(MountError::Publish(PublishError::PlacementRefused(NoFreeSlotOnAnyDevice)))(0) Mounted(publishes=2)(35)	Published(23)	true	Completed
P2	3	0	0	Raise(1)+Rollback(Ring1)	Refused(MountError::Publish(PublishError::PlacementRefused(NoFreeSlotOnAnyDevice)))(0) Mounted(publishes=2)(35)	Published(23)	true	Completed
P2	3	0	0	Raise(1)+Rollback(Ring2)	Refused(MountError::Publish(PublishError::PlacementRefused(NoFreeSlotOnAnyDevice)))(0) Mounted(publishes=2)(35)	Published(23)	true	Completed
P2	3	0	0	Raise(1)+Rollback(Ring3)	Refused(MountError::Publish(PublishError::PlacementRefused(NoFreeSlotOnAnyDevice)))(0) Mounted(publishes=2)(35)	Published(23)	true	Completed
P2	3	0	0	Raise(1)+Raise(0)	Refused(MountError::Publish(PublishError::PlacementRefused(NoFreeSlotOnAnyDevice)))(0) Refused(MountError::Publish(PublishError::PlacementRefused(NoFreeSlotOnAnyDevice)))(0)	Refused(PublishError::PlacementRefused(NoFreeSlotOnAnyDevice))(0)	false	Completed
P2	3	0	0	Raise(1)+Raise(1)	Refused(MountError::Publish(PublishError::PlacementRefused(NoFreeSlotOnAnyDevice)))(0) Refused(MountError::Publish(PublishError::PlacementRefused(NoFreeSlotOnAnyDevice)))(0)	Refused(PublishError::PlacementRefused(NoFreeSlotOnAnyDevice))(0)	false	Completed
P2	3	0	0	Raise(1)+Raise(2)	Refused(MountError::Publish(PublishError::PlacementRefused(NoFreeSlotOnAnyDevice)))(0) Refused(MountError::Publish(PublishError::PlacementRefused(NoFreeSlotOnAnyDevice)))(0)	Refused(PublishError::PlacementRefused(NoFreeSlotOnAnyDevice))(0)	false	Completed
P2	3	0	0	Raise(1)+Raise(3)	Refused(MountError::Publish(PublishError::PlacementRefused(NoFreeSlotOnAnyDevice)))(0) Refused(MountError::Publish(PublishError::PlacementRefused(NoFreeSlotOnAnyDevice)))(0)	Refused(PublishError::PlacementRefused(NoFreeSlotOnAnyDevice))(0)	false	Completed
P2	3	0	0	Raise(1)+Raise(5)	Refused(MountError::Publish(PublishError::PlacementRefused(NoFreeSlotOnAnyDevice)))(0) Refused(MountError::Publish(PublishError::PlacementRefused(NoFreeSlotOnAnyDevice)))(0)	Refused(PublishError::PlacementRefused(NoFreeSlotOnAnyDevice))(0)	false	Completed
P2	3	0	0	Raise(1)+Raise(8)	Refused(MountError::Publish(PublishError::PlacementRefused(NoFreeSlotOnAnyDevice)))(0) Refused(MountError::Publish(PublishError::PlacementRefused(NoFreeSlotOnAnyDevice)))(0)	Refused(PublishError::PlacementRefused(NoFreeSlotOnAnyDevice))(0)	false	Completed
P2	3	0	0	Raise(1)+Raise(13)	Refused(MountError::Publish(PublishError::PlacementRefused(NoFreeSlotOnAnyDevice)))(0) Refused(MountError::Publish(PublishError::PlacementRefused(NoFreeSlotOnAnyDevice)))(0)	Refused(PublishError::PlacementRefused(NoFreeSlotOnAnyDevice))(0)	false	Completed
P2	3	0	0	Raise(1)+Raise(21)	Refused(MountError::Publish(PublishError::PlacementRefused(NoFreeSlotOnAnyDevice)))(0) Refused(MountError::Publish(PublishError::PlacementRefused(NoFreeSlotOnAnyDevice)))(0)	Refused(PublishError::PlacementRefused(NoFreeSlotOnAnyDevice))(0)	false	Completed
P2	3	0	0	Raise(1)+Raise(34)	Refused(MountError::Publish(PublishError::PlacementRefused(NoFreeSlotOnAnyDevice)))(0) Refused(MountError::Publish(PublishError::PlacementRefused(NoFreeSlotOnAnyDevice)))(0)	Refused(PublishError::PlacementRefused(NoFreeSlotOnAnyDevice))(0)	false	Completed
P2	3	0	0	Raise(2)	Refused(MountError::Publish(PublishError::PlacementRefused(NoFreeSlotOnAnyDevice)))(0)	Refused(PublishError::PlacementRefused(NoFreeSlotOnAnyDevice))(0)	false	Completed
P2	3	0	0	Raise(2)+Overwrite	Refused(MountError::Publish(PublishError::PlacementRefused(NoFreeSlotOnAnyDevice)))(0) Refused(PublishError::PlacementRefused(NoFreeSlotOnAnyDevice))(0)	Refused(PublishError::PlacementRefused(NoFreeSlotOnAnyDevice))(0)	false	Completed
P2	3	0	0	Raise(2)+MountWritable	Refused(MountError::Publish(PublishError::PlacementRefused(NoFreeSlotOnAnyDevice)))(0) Mounted(publishes=2)(35)	Published(23)	true	Completed
P2	3	0	0	Raise(2)+ColdStartRecover	Refused(MountError::Publish(PublishError::PlacementRefused(NoFreeSlotOnAnyDevice)))(0) Recovered(0)	NotApplicable(NoWritableSession)(0)	false	Completed
P2	3	0	0	Raise(2)+Rollback(NewestFloor)	Refused(MountError::Publish(PublishError::PlacementRefused(NoFreeSlotOnAnyDevice)))(0) Mounted(publishes=2)(35)	Published(23)	true	Completed
P2	3	0	0	Raise(2)+Rollback(Ring0)	Refused(MountError::Publish(PublishError::PlacementRefused(NoFreeSlotOnAnyDevice)))(0) Mounted(publishes=2)(35)	Published(23)	true	Completed
P2	3	0	0	Raise(2)+Rollback(Ring1)	Refused(MountError::Publish(PublishError::PlacementRefused(NoFreeSlotOnAnyDevice)))(0) Mounted(publishes=2)(35)	Published(23)	true	Completed
P2	3	0	0	Raise(2)+Rollback(Ring2)	Refused(MountError::Publish(PublishError::PlacementRefused(NoFreeSlotOnAnyDevice)))(0) Mounted(publishes=2)(35)	Published(23)	true	Completed
P2	3	0	0	Raise(2)+Rollback(Ring3)	Refused(MountError::Publish(PublishError::PlacementRefused(NoFreeSlotOnAnyDevice)))(0) Mounted(publishes=2)(35)	Published(23)	true	Completed
P2	3	0	0	Raise(2)+Raise(0)	Refused(MountError::Publish(PublishError::PlacementRefused(NoFreeSlotOnAnyDevice)))(0) Refused(MountError::Publish(PublishError::PlacementRefused(NoFreeSlotOnAnyDevice)))(0)	Refused(PublishError::PlacementRefused(NoFreeSlotOnAnyDevice))(0)	false	Completed
P2	3	0	0	Raise(2)+Raise(1)	Refused(MountError::Publish(PublishError::PlacementRefused(NoFreeSlotOnAnyDevice)))(0) Refused(MountError::Publish(PublishError::PlacementRefused(NoFreeSlotOnAnyDevice)))(0)	Refused(PublishError::PlacementRefused(NoFreeSlotOnAnyDevice))(0)	false	Completed
P2	3	0	0	Raise(2)+Raise(2)	Refused(MountError::Publish(PublishError::PlacementRefused(NoFreeSlotOnAnyDevice)))(0) Refused(MountError::Publish(PublishError::PlacementRefused(NoFreeSlotOnAnyDevice)))(0)	Refused(PublishError::PlacementRefused(NoFreeSlotOnAnyDevice))(0)	false	Completed
P2	3	0	0	Raise(2)+Raise(3)	Refused(MountError::Publish(PublishError::PlacementRefused(NoFreeSlotOnAnyDevice)))(0) Refused(MountError::Publish(PublishError::PlacementRefused(NoFreeSlotOnAnyDevice)))(0)	Refused(PublishError::PlacementRefused(NoFreeSlotOnAnyDevice))(0)	false	Completed
P2	3	0	0	Raise(2)+Raise(5)	Refused(MountError::Publish(PublishError::PlacementRefused(NoFreeSlotOnAnyDevice)))(0) Refused(MountError::Publish(PublishError::PlacementRefused(NoFreeSlotOnAnyDevice)))(0)	Refused(PublishError::PlacementRefused(NoFreeSlotOnAnyDevice))(0)	false	Completed
P2	3	0	0	Raise(2)+Raise(8)	Refused(MountError::Publish(PublishError::PlacementRefused(NoFreeSlotOnAnyDevice)))(0) Refused(MountError::Publish(PublishError::PlacementRefused(NoFreeSlotOnAnyDevice)))(0)	Refused(PublishError::PlacementRefused(NoFreeSlotOnAnyDevice))(0)	false	Completed
P2	3	0	0	Raise(2)+Raise(13)	Refused(MountError::Publish(PublishError::PlacementRefused(NoFreeSlotOnAnyDevice)))(0) Refused(MountError::Publish(PublishError::PlacementRefused(NoFreeSlotOnAnyDevice)))(0)	Refused(PublishError::PlacementRefused(NoFreeSlotOnAnyDevice))(0)	false	Completed
P2	3	0	0	Raise(2)+Raise(21)	Refused(MountError::Publish(PublishError::PlacementRefused(NoFreeSlotOnAnyDevice)))(0) Refused(MountError::Publish(PublishError::PlacementRefused(NoFreeSlotOnAnyDevice)))(0)	Refused(PublishError::PlacementRefused(NoFreeSlotOnAnyDevice))(0)	false	Completed
P2	3	0	0	Raise(2)+Raise(34)	Refused(MountError::Publish(PublishError::PlacementRefused(NoFreeSlotOnAnyDevice)))(0) Refused(MountError::Publish(PublishError::PlacementRefused(NoFreeSlotOnAnyDevice)))(0)	Refused(PublishError::PlacementRefused(NoFreeSlotOnAnyDevice))(0)	false	Completed
P2	3	0	0	Raise(3)	Refused(MountError::Publish(PublishError::PlacementRefused(NoFreeSlotOnAnyDevice)))(0)	Refused(PublishError::PlacementRefused(NoFreeSlotOnAnyDevice))(0)	false	Completed
P2	3	0	0	Raise(3)+Overwrite	Refused(MountError::Publish(PublishError::PlacementRefused(NoFreeSlotOnAnyDevice)))(0) Refused(PublishError::PlacementRefused(NoFreeSlotOnAnyDevice))(0)	Refused(PublishError::PlacementRefused(NoFreeSlotOnAnyDevice))(0)	false	Completed
P2	3	0	0	Raise(3)+MountWritable	Refused(MountError::Publish(PublishError::PlacementRefused(NoFreeSlotOnAnyDevice)))(0) Mounted(publishes=2)(35)	Published(23)	true	Completed
P2	3	0	0	Raise(3)+ColdStartRecover	Refused(MountError::Publish(PublishError::PlacementRefused(NoFreeSlotOnAnyDevice)))(0) Recovered(0)	NotApplicable(NoWritableSession)(0)	false	Completed
P2	3	0	0	Raise(3)+Rollback(NewestFloor)	Refused(MountError::Publish(PublishError::PlacementRefused(NoFreeSlotOnAnyDevice)))(0) Mounted(publishes=2)(35)	Published(23)	true	Completed
P2	3	0	0	Raise(3)+Rollback(Ring0)	Refused(MountError::Publish(PublishError::PlacementRefused(NoFreeSlotOnAnyDevice)))(0) Mounted(publishes=2)(35)	Published(23)	true	Completed
P2	3	0	0	Raise(3)+Rollback(Ring1)	Refused(MountError::Publish(PublishError::PlacementRefused(NoFreeSlotOnAnyDevice)))(0) Mounted(publishes=2)(35)	Published(23)	true	Completed
P2	3	0	0	Raise(3)+Rollback(Ring2)	Refused(MountError::Publish(PublishError::PlacementRefused(NoFreeSlotOnAnyDevice)))(0) Mounted(publishes=2)(35)	Published(23)	true	Completed
P2	3	0	0	Raise(3)+Rollback(Ring3)	Refused(MountError::Publish(PublishError::PlacementRefused(NoFreeSlotOnAnyDevice)))(0) Mounted(publishes=2)(35)	Published(23)	true	Completed
P2	3	0	0	Raise(3)+Raise(0)	Refused(MountError::Publish(PublishError::PlacementRefused(NoFreeSlotOnAnyDevice)))(0) Refused(MountError::Publish(PublishError::PlacementRefused(NoFreeSlotOnAnyDevice)))(0)	Refused(PublishError::PlacementRefused(NoFreeSlotOnAnyDevice))(0)	false	Completed
P2	3	0	0	Raise(3)+Raise(1)	Refused(MountError::Publish(PublishError::PlacementRefused(NoFreeSlotOnAnyDevice)))(0) Refused(MountError::Publish(PublishError::PlacementRefused(NoFreeSlotOnAnyDevice)))(0)	Refused(PublishError::PlacementRefused(NoFreeSlotOnAnyDevice))(0)	false	Completed
P2	3	0	0	Raise(3)+Raise(2)	Refused(MountError::Publish(PublishError::PlacementRefused(NoFreeSlotOnAnyDevice)))(0) Refused(MountError::Publish(PublishError::PlacementRefused(NoFreeSlotOnAnyDevice)))(0)	Refused(PublishError::PlacementRefused(NoFreeSlotOnAnyDevice))(0)	false	Completed
P2	3	0	0	Raise(3)+Raise(3)	Refused(MountError::Publish(PublishError::PlacementRefused(NoFreeSlotOnAnyDevice)))(0) Refused(MountError::Publish(PublishError::PlacementRefused(NoFreeSlotOnAnyDevice)))(0)	Refused(PublishError::PlacementRefused(NoFreeSlotOnAnyDevice))(0)	false	Completed
P2	3	0	0	Raise(3)+Raise(5)	Refused(MountError::Publish(PublishError::PlacementRefused(NoFreeSlotOnAnyDevice)))(0) Refused(MountError::Publish(PublishError::PlacementRefused(NoFreeSlotOnAnyDevice)))(0)	Refused(PublishError::PlacementRefused(NoFreeSlotOnAnyDevice))(0)	false	Completed
P2	3	0	0	Raise(3)+Raise(8)	Refused(MountError::Publish(PublishError::PlacementRefused(NoFreeSlotOnAnyDevice)))(0) Refused(MountError::Publish(PublishError::PlacementRefused(NoFreeSlotOnAnyDevice)))(0)	Refused(PublishError::PlacementRefused(NoFreeSlotOnAnyDevice))(0)	false	Completed
P2	3	0	0	Raise(3)+Raise(13)	Refused(MountError::Publish(PublishError::PlacementRefused(NoFreeSlotOnAnyDevice)))(0) Refused(MountError::Publish(PublishError::PlacementRefused(NoFreeSlotOnAnyDevice)))(0)	Refused(PublishError::PlacementRefused(NoFreeSlotOnAnyDevice))(0)	false	Completed
P2	3	0	0	Raise(3)+Raise(21)	Refused(MountError::Publish(PublishError::PlacementRefused(NoFreeSlotOnAnyDevice)))(0) Refused(MountError::Publish(PublishError::PlacementRefused(NoFreeSlotOnAnyDevice)))(0)	Refused(PublishError::PlacementRefused(NoFreeSlotOnAnyDevice))(0)	false	Completed
P2	3	0	0	Raise(3)+Raise(34)	Refused(MountError::Publish(PublishError::PlacementRefused(NoFreeSlotOnAnyDevice)))(0) Refused(MountError::Publish(PublishError::PlacementRefused(NoFreeSlotOnAnyDevice)))(0)	Refused(PublishError::PlacementRefused(NoFreeSlotOnAnyDevice))(0)	false	Completed
P2	3	0	0	Raise(5)	Refused(MountError::Publish(PublishError::PlacementRefused(NoFreeSlotOnAnyDevice)))(0)	Refused(PublishError::PlacementRefused(NoFreeSlotOnAnyDevice))(0)	false	Completed
P2	3	0	0	Raise(5)+Overwrite	Refused(MountError::Publish(PublishError::PlacementRefused(NoFreeSlotOnAnyDevice)))(0) Refused(PublishError::PlacementRefused(NoFreeSlotOnAnyDevice))(0)	Refused(PublishError::PlacementRefused(NoFreeSlotOnAnyDevice))(0)	false	Completed
P2	3	0	0	Raise(5)+MountWritable	Refused(MountError::Publish(PublishError::PlacementRefused(NoFreeSlotOnAnyDevice)))(0) Mounted(publishes=2)(35)	Published(23)	true	Completed
P2	3	0	0	Raise(5)+ColdStartRecover	Refused(MountError::Publish(PublishError::PlacementRefused(NoFreeSlotOnAnyDevice)))(0) Recovered(0)	NotApplicable(NoWritableSession)(0)	false	Completed
P2	3	0	0	Raise(5)+Rollback(NewestFloor)	Refused(MountError::Publish(PublishError::PlacementRefused(NoFreeSlotOnAnyDevice)))(0) Mounted(publishes=2)(35)	Published(23)	true	Completed
P2	3	0	0	Raise(5)+Rollback(Ring0)	Refused(MountError::Publish(PublishError::PlacementRefused(NoFreeSlotOnAnyDevice)))(0) Mounted(publishes=2)(35)	Published(23)	true	Completed
P2	3	0	0	Raise(5)+Rollback(Ring1)	Refused(MountError::Publish(PublishError::PlacementRefused(NoFreeSlotOnAnyDevice)))(0) Mounted(publishes=2)(35)	Published(23)	true	Completed
P2	3	0	0	Raise(5)+Rollback(Ring2)	Refused(MountError::Publish(PublishError::PlacementRefused(NoFreeSlotOnAnyDevice)))(0) Mounted(publishes=2)(35)	Published(23)	true	Completed
P2	3	0	0	Raise(5)+Rollback(Ring3)	Refused(MountError::Publish(PublishError::PlacementRefused(NoFreeSlotOnAnyDevice)))(0) Mounted(publishes=2)(35)	Published(23)	true	Completed
P2	3	0	0	Raise(5)+Raise(0)	Refused(MountError::Publish(PublishError::PlacementRefused(NoFreeSlotOnAnyDevice)))(0) Refused(MountError::Publish(PublishError::PlacementRefused(NoFreeSlotOnAnyDevice)))(0)	Refused(PublishError::PlacementRefused(NoFreeSlotOnAnyDevice))(0)	false	Completed
P2	3	0	0	Raise(5)+Raise(1)	Refused(MountError::Publish(PublishError::PlacementRefused(NoFreeSlotOnAnyDevice)))(0) Refused(MountError::Publish(PublishError::PlacementRefused(NoFreeSlotOnAnyDevice)))(0)	Refused(PublishError::PlacementRefused(NoFreeSlotOnAnyDevice))(0)	false	Completed
P2	3	0	0	Raise(5)+Raise(2)	Refused(MountError::Publish(PublishError::PlacementRefused(NoFreeSlotOnAnyDevice)))(0) Refused(MountError::Publish(PublishError::PlacementRefused(NoFreeSlotOnAnyDevice)))(0)	Refused(PublishError::PlacementRefused(NoFreeSlotOnAnyDevice))(0)	false	Completed
P2	3	0	0	Raise(5)+Raise(3)	Refused(MountError::Publish(PublishError::PlacementRefused(NoFreeSlotOnAnyDevice)))(0) Refused(MountError::Publish(PublishError::PlacementRefused(NoFreeSlotOnAnyDevice)))(0)	Refused(PublishError::PlacementRefused(NoFreeSlotOnAnyDevice))(0)	false	Completed
P2	3	0	0	Raise(5)+Raise(5)	Refused(MountError::Publish(PublishError::PlacementRefused(NoFreeSlotOnAnyDevice)))(0) Refused(MountError::Publish(PublishError::PlacementRefused(NoFreeSlotOnAnyDevice)))(0)	Refused(PublishError::PlacementRefused(NoFreeSlotOnAnyDevice))(0)	false	Completed
P2	3	0	0	Raise(5)+Raise(8)	Refused(MountError::Publish(PublishError::PlacementRefused(NoFreeSlotOnAnyDevice)))(0) Refused(MountError::Publish(PublishError::PlacementRefused(NoFreeSlotOnAnyDevice)))(0)	Refused(PublishError::PlacementRefused(NoFreeSlotOnAnyDevice))(0)	false	Completed
P2	3	0	0	Raise(5)+Raise(13)	Refused(MountError::Publish(PublishError::PlacementRefused(NoFreeSlotOnAnyDevice)))(0) Refused(MountError::Publish(PublishError::PlacementRefused(NoFreeSlotOnAnyDevice)))(0)	Refused(PublishError::PlacementRefused(NoFreeSlotOnAnyDevice))(0)	false	Completed
P2	3	0	0	Raise(5)+Raise(21)	Refused(MountError::Publish(PublishError::PlacementRefused(NoFreeSlotOnAnyDevice)))(0) Refused(MountError::Publish(PublishError::PlacementRefused(NoFreeSlotOnAnyDevice)))(0)	Refused(PublishError::PlacementRefused(NoFreeSlotOnAnyDevice))(0)	false	Completed
P2	3	0	0	Raise(5)+Raise(34)	Refused(MountError::Publish(PublishError::PlacementRefused(NoFreeSlotOnAnyDevice)))(0) Refused(MountError::Publish(PublishError::PlacementRefused(NoFreeSlotOnAnyDevice)))(0)	Refused(PublishError::PlacementRefused(NoFreeSlotOnAnyDevice))(0)	false	Completed
P2	3	0	0	Raise(8)	Refused(MountError::Publish(PublishError::PlacementRefused(NoFreeSlotOnAnyDevice)))(0)	Refused(PublishError::PlacementRefused(NoFreeSlotOnAnyDevice))(0)	false	Completed
P2	3	0	0	Raise(8)+Overwrite	Refused(MountError::Publish(PublishError::PlacementRefused(NoFreeSlotOnAnyDevice)))(0) Refused(PublishError::PlacementRefused(NoFreeSlotOnAnyDevice))(0)	Refused(PublishError::PlacementRefused(NoFreeSlotOnAnyDevice))(0)	false	Completed
P2	3	0	0	Raise(8)+MountWritable	Refused(MountError::Publish(PublishError::PlacementRefused(NoFreeSlotOnAnyDevice)))(0) Mounted(publishes=2)(35)	Published(23)	true	Completed
P2	3	0	0	Raise(8)+ColdStartRecover	Refused(MountError::Publish(PublishError::PlacementRefused(NoFreeSlotOnAnyDevice)))(0) Recovered(0)	NotApplicable(NoWritableSession)(0)	false	Completed
P2	3	0	0	Raise(8)+Rollback(NewestFloor)	Refused(MountError::Publish(PublishError::PlacementRefused(NoFreeSlotOnAnyDevice)))(0) Mounted(publishes=2)(35)	Published(23)	true	Completed
P2	3	0	0	Raise(8)+Rollback(Ring0)	Refused(MountError::Publish(PublishError::PlacementRefused(NoFreeSlotOnAnyDevice)))(0) Mounted(publishes=2)(35)	Published(23)	true	Completed
P2	3	0	0	Raise(8)+Rollback(Ring1)	Refused(MountError::Publish(PublishError::PlacementRefused(NoFreeSlotOnAnyDevice)))(0) Mounted(publishes=2)(35)	Published(23)	true	Completed
P2	3	0	0	Raise(8)+Rollback(Ring2)	Refused(MountError::Publish(PublishError::PlacementRefused(NoFreeSlotOnAnyDevice)))(0) Mounted(publishes=2)(35)	Published(23)	true	Completed
P2	3	0	0	Raise(8)+Rollback(Ring3)	Refused(MountError::Publish(PublishError::PlacementRefused(NoFreeSlotOnAnyDevice)))(0) Mounted(publishes=2)(35)	Published(23)	true	Completed
P2	3	0	0	Raise(8)+Raise(0)	Refused(MountError::Publish(PublishError::PlacementRefused(NoFreeSlotOnAnyDevice)))(0) Refused(MountError::Publish(PublishError::PlacementRefused(NoFreeSlotOnAnyDevice)))(0)	Refused(PublishError::PlacementRefused(NoFreeSlotOnAnyDevice))(0)	false	Completed
P2	3	0	0	Raise(8)+Raise(1)	Refused(MountError::Publish(PublishError::PlacementRefused(NoFreeSlotOnAnyDevice)))(0) Refused(MountError::Publish(PublishError::PlacementRefused(NoFreeSlotOnAnyDevice)))(0)	Refused(PublishError::PlacementRefused(NoFreeSlotOnAnyDevice))(0)	false	Completed
P2	3	0	0	Raise(8)+Raise(2)	Refused(MountError::Publish(PublishError::PlacementRefused(NoFreeSlotOnAnyDevice)))(0) Refused(MountError::Publish(PublishError::PlacementRefused(NoFreeSlotOnAnyDevice)))(0)	Refused(PublishError::PlacementRefused(NoFreeSlotOnAnyDevice))(0)	false	Completed
P2	3	0	0	Raise(8)+Raise(3)	Refused(MountError::Publish(PublishError::PlacementRefused(NoFreeSlotOnAnyDevice)))(0) Refused(MountError::Publish(PublishError::PlacementRefused(NoFreeSlotOnAnyDevice)))(0)	Refused(PublishError::PlacementRefused(NoFreeSlotOnAnyDevice))(0)	false	Completed
P2	3	0	0	Raise(8)+Raise(5)	Refused(MountError::Publish(PublishError::PlacementRefused(NoFreeSlotOnAnyDevice)))(0) Refused(MountError::Publish(PublishError::PlacementRefused(NoFreeSlotOnAnyDevice)))(0)	Refused(PublishError::PlacementRefused(NoFreeSlotOnAnyDevice))(0)	false	Completed
P2	3	0	0	Raise(8)+Raise(8)	Refused(MountError::Publish(PublishError::PlacementRefused(NoFreeSlotOnAnyDevice)))(0) Refused(MountError::Publish(PublishError::PlacementRefused(NoFreeSlotOnAnyDevice)))(0)	Refused(PublishError::PlacementRefused(NoFreeSlotOnAnyDevice))(0)	false	Completed
P2	3	0	0	Raise(8)+Raise(13)	Refused(MountError::Publish(PublishError::PlacementRefused(NoFreeSlotOnAnyDevice)))(0) Refused(MountError::Publish(PublishError::PlacementRefused(NoFreeSlotOnAnyDevice)))(0)	Refused(PublishError::PlacementRefused(NoFreeSlotOnAnyDevice))(0)	false	Completed
P2	3	0	0	Raise(8)+Raise(21)	Refused(MountError::Publish(PublishError::PlacementRefused(NoFreeSlotOnAnyDevice)))(0) Refused(MountError::Publish(PublishError::PlacementRefused(NoFreeSlotOnAnyDevice)))(0)	Refused(PublishError::PlacementRefused(NoFreeSlotOnAnyDevice))(0)	false	Completed
P2	3	0	0	Raise(8)+Raise(34)	Refused(MountError::Publish(PublishError::PlacementRefused(NoFreeSlotOnAnyDevice)))(0) Refused(MountError::Publish(PublishError::PlacementRefused(NoFreeSlotOnAnyDevice)))(0)	Refused(PublishError::PlacementRefused(NoFreeSlotOnAnyDevice))(0)	false	Completed
P2	3	0	0	Raise(13)	Refused(MountError::Publish(PublishError::PlacementRefused(NoFreeSlotOnAnyDevice)))(0)	Refused(PublishError::PlacementRefused(NoFreeSlotOnAnyDevice))(0)	false	Completed
P2	3	0	0	Raise(13)+Overwrite	Refused(MountError::Publish(PublishError::PlacementRefused(NoFreeSlotOnAnyDevice)))(0) Refused(PublishError::PlacementRefused(NoFreeSlotOnAnyDevice))(0)	Refused(PublishError::PlacementRefused(NoFreeSlotOnAnyDevice))(0)	false	Completed
P2	3	0	0	Raise(13)+MountWritable	Refused(MountError::Publish(PublishError::PlacementRefused(NoFreeSlotOnAnyDevice)))(0) Mounted(publishes=2)(35)	Published(23)	true	Completed
P2	3	0	0	Raise(13)+ColdStartRecover	Refused(MountError::Publish(PublishError::PlacementRefused(NoFreeSlotOnAnyDevice)))(0) Recovered(0)	NotApplicable(NoWritableSession)(0)	false	Completed
P2	3	0	0	Raise(13)+Rollback(NewestFloor)	Refused(MountError::Publish(PublishError::PlacementRefused(NoFreeSlotOnAnyDevice)))(0) Mounted(publishes=2)(35)	Published(23)	true	Completed
P2	3	0	0	Raise(13)+Rollback(Ring0)	Refused(MountError::Publish(PublishError::PlacementRefused(NoFreeSlotOnAnyDevice)))(0) Mounted(publishes=2)(35)	Published(23)	true	Completed
P2	3	0	0	Raise(13)+Rollback(Ring1)	Refused(MountError::Publish(PublishError::PlacementRefused(NoFreeSlotOnAnyDevice)))(0) Mounted(publishes=2)(35)	Published(23)	true	Completed
P2	3	0	0	Raise(13)+Rollback(Ring2)	Refused(MountError::Publish(PublishError::PlacementRefused(NoFreeSlotOnAnyDevice)))(0) Mounted(publishes=2)(35)	Published(23)	true	Completed
P2	3	0	0	Raise(13)+Rollback(Ring3)	Refused(MountError::Publish(PublishError::PlacementRefused(NoFreeSlotOnAnyDevice)))(0) Mounted(publishes=2)(35)	Published(23)	true	Completed
P2	3	0	0	Raise(13)+Raise(0)	Refused(MountError::Publish(PublishError::PlacementRefused(NoFreeSlotOnAnyDevice)))(0) Refused(MountError::Publish(PublishError::PlacementRefused(NoFreeSlotOnAnyDevice)))(0)	Refused(PublishError::PlacementRefused(NoFreeSlotOnAnyDevice))(0)	false	Completed
P2	3	0	0	Raise(13)+Raise(1)	Refused(MountError::Publish(PublishError::PlacementRefused(NoFreeSlotOnAnyDevice)))(0) Refused(MountError::Publish(PublishError::PlacementRefused(NoFreeSlotOnAnyDevice)))(0)	Refused(PublishError::PlacementRefused(NoFreeSlotOnAnyDevice))(0)	false	Completed
P2	3	0	0	Raise(13)+Raise(2)	Refused(MountError::Publish(PublishError::PlacementRefused(NoFreeSlotOnAnyDevice)))(0) Refused(MountError::Publish(PublishError::PlacementRefused(NoFreeSlotOnAnyDevice)))(0)	Refused(PublishError::PlacementRefused(NoFreeSlotOnAnyDevice))(0)	false	Completed
P2	3	0	0	Raise(13)+Raise(3)	Refused(MountError::Publish(PublishError::PlacementRefused(NoFreeSlotOnAnyDevice)))(0) Refused(MountError::Publish(PublishError::PlacementRefused(NoFreeSlotOnAnyDevice)))(0)	Refused(PublishError::PlacementRefused(NoFreeSlotOnAnyDevice))(0)	false	Completed
P2	3	0	0	Raise(13)+Raise(5)	Refused(MountError::Publish(PublishError::PlacementRefused(NoFreeSlotOnAnyDevice)))(0) Refused(MountError::Publish(PublishError::PlacementRefused(NoFreeSlotOnAnyDevice)))(0)	Refused(PublishError::PlacementRefused(NoFreeSlotOnAnyDevice))(0)	false	Completed
P2	3	0	0	Raise(13)+Raise(8)	Refused(MountError::Publish(PublishError::PlacementRefused(NoFreeSlotOnAnyDevice)))(0) Refused(MountError::Publish(PublishError::PlacementRefused(NoFreeSlotOnAnyDevice)))(0)	Refused(PublishError::PlacementRefused(NoFreeSlotOnAnyDevice))(0)	false	Completed
P2	3	0	0	Raise(13)+Raise(13)	Refused(MountError::Publish(PublishError::PlacementRefused(NoFreeSlotOnAnyDevice)))(0) Refused(MountError::Publish(PublishError::PlacementRefused(NoFreeSlotOnAnyDevice)))(0)	Refused(PublishError::PlacementRefused(NoFreeSlotOnAnyDevice))(0)	false	Completed
P2	3	0	0	Raise(13)+Raise(21)	Refused(MountError::Publish(PublishError::PlacementRefused(NoFreeSlotOnAnyDevice)))(0) Refused(MountError::Publish(PublishError::PlacementRefused(NoFreeSlotOnAnyDevice)))(0)	Refused(PublishError::PlacementRefused(NoFreeSlotOnAnyDevice))(0)	false	Completed
P2	3	0	0	Raise(13)+Raise(34)	Refused(MountError::Publish(PublishError::PlacementRefused(NoFreeSlotOnAnyDevice)))(0) Refused(MountError::Publish(PublishError::PlacementRefused(NoFreeSlotOnAnyDevice)))(0)	Refused(PublishError::PlacementRefused(NoFreeSlotOnAnyDevice))(0)	false	Completed
P2	3	0	0	Raise(21)	Refused(MountError::Publish(PublishError::PlacementRefused(NoFreeSlotOnAnyDevice)))(0)	Refused(PublishError::PlacementRefused(NoFreeSlotOnAnyDevice))(0)	false	Completed
P2	3	0	0	Raise(21)+Overwrite	Refused(MountError::Publish(PublishError::PlacementRefused(NoFreeSlotOnAnyDevice)))(0) Refused(PublishError::PlacementRefused(NoFreeSlotOnAnyDevice))(0)	Refused(PublishError::PlacementRefused(NoFreeSlotOnAnyDevice))(0)	false	Completed
P2	3	0	0	Raise(21)+MountWritable	Refused(MountError::Publish(PublishError::PlacementRefused(NoFreeSlotOnAnyDevice)))(0) Mounted(publishes=2)(35)	Published(23)	true	Completed
P2	3	0	0	Raise(21)+ColdStartRecover	Refused(MountError::Publish(PublishError::PlacementRefused(NoFreeSlotOnAnyDevice)))(0) Recovered(0)	NotApplicable(NoWritableSession)(0)	false	Completed
P2	3	0	0	Raise(21)+Rollback(NewestFloor)	Refused(MountError::Publish(PublishError::PlacementRefused(NoFreeSlotOnAnyDevice)))(0) Mounted(publishes=2)(35)	Published(23)	true	Completed
P2	3	0	0	Raise(21)+Rollback(Ring0)	Refused(MountError::Publish(PublishError::PlacementRefused(NoFreeSlotOnAnyDevice)))(0) Mounted(publishes=2)(35)	Published(23)	true	Completed
P2	3	0	0	Raise(21)+Rollback(Ring1)	Refused(MountError::Publish(PublishError::PlacementRefused(NoFreeSlotOnAnyDevice)))(0) Mounted(publishes=2)(35)	Published(23)	true	Completed
P2	3	0	0	Raise(21)+Rollback(Ring2)	Refused(MountError::Publish(PublishError::PlacementRefused(NoFreeSlotOnAnyDevice)))(0) Mounted(publishes=2)(35)	Published(23)	true	Completed
P2	3	0	0	Raise(21)+Rollback(Ring3)	Refused(MountError::Publish(PublishError::PlacementRefused(NoFreeSlotOnAnyDevice)))(0) Mounted(publishes=2)(35)	Published(23)	true	Completed
P2	3	0	0	Raise(21)+Raise(0)	Refused(MountError::Publish(PublishError::PlacementRefused(NoFreeSlotOnAnyDevice)))(0) Refused(MountError::Publish(PublishError::PlacementRefused(NoFreeSlotOnAnyDevice)))(0)	Refused(PublishError::PlacementRefused(NoFreeSlotOnAnyDevice))(0)	false	Completed
P2	3	0	0	Raise(21)+Raise(1)	Refused(MountError::Publish(PublishError::PlacementRefused(NoFreeSlotOnAnyDevice)))(0) Refused(MountError::Publish(PublishError::PlacementRefused(NoFreeSlotOnAnyDevice)))(0)	Refused(PublishError::PlacementRefused(NoFreeSlotOnAnyDevice))(0)	false	Completed
P2	3	0	0	Raise(21)+Raise(2)	Refused(MountError::Publish(PublishError::PlacementRefused(NoFreeSlotOnAnyDevice)))(0) Refused(MountError::Publish(PublishError::PlacementRefused(NoFreeSlotOnAnyDevice)))(0)	Refused(PublishError::PlacementRefused(NoFreeSlotOnAnyDevice))(0)	false	Completed
P2	3	0	0	Raise(21)+Raise(3)	Refused(MountError::Publish(PublishError::PlacementRefused(NoFreeSlotOnAnyDevice)))(0) Refused(MountError::Publish(PublishError::PlacementRefused(NoFreeSlotOnAnyDevice)))(0)	Refused(PublishError::PlacementRefused(NoFreeSlotOnAnyDevice))(0)	false	Completed
P2	3	0	0	Raise(21)+Raise(5)	Refused(MountError::Publish(PublishError::PlacementRefused(NoFreeSlotOnAnyDevice)))(0) Refused(MountError::Publish(PublishError::PlacementRefused(NoFreeSlotOnAnyDevice)))(0)	Refused(PublishError::PlacementRefused(NoFreeSlotOnAnyDevice))(0)	false	Completed
P2	3	0	0	Raise(21)+Raise(8)	Refused(MountError::Publish(PublishError::PlacementRefused(NoFreeSlotOnAnyDevice)))(0) Refused(MountError::Publish(PublishError::PlacementRefused(NoFreeSlotOnAnyDevice)))(0)	Refused(PublishError::PlacementRefused(NoFreeSlotOnAnyDevice))(0)	false	Completed
P2	3	0	0	Raise(21)+Raise(13)	Refused(MountError::Publish(PublishError::PlacementRefused(NoFreeSlotOnAnyDevice)))(0) Refused(MountError::Publish(PublishError::PlacementRefused(NoFreeSlotOnAnyDevice)))(0)	Refused(PublishError::PlacementRefused(NoFreeSlotOnAnyDevice))(0)	false	Completed
P2	3	0	0	Raise(21)+Raise(21)	Refused(MountError::Publish(PublishError::PlacementRefused(NoFreeSlotOnAnyDevice)))(0) Refused(MountError::Publish(PublishError::PlacementRefused(NoFreeSlotOnAnyDevice)))(0)	Refused(PublishError::PlacementRefused(NoFreeSlotOnAnyDevice))(0)	false	Completed
P2	3	0	0	Raise(21)+Raise(34)	Refused(MountError::Publish(PublishError::PlacementRefused(NoFreeSlotOnAnyDevice)))(0) Refused(MountError::Publish(PublishError::PlacementRefused(NoFreeSlotOnAnyDevice)))(0)	Refused(PublishError::PlacementRefused(NoFreeSlotOnAnyDevice))(0)	false	Completed
P2	3	0	0	Raise(34)	Refused(MountError::Publish(PublishError::PlacementRefused(NoFreeSlotOnAnyDevice)))(0)	Refused(PublishError::PlacementRefused(NoFreeSlotOnAnyDevice))(0)	false	Completed
P2	3	0	0	Raise(34)+Overwrite	Refused(MountError::Publish(PublishError::PlacementRefused(NoFreeSlotOnAnyDevice)))(0) Refused(PublishError::PlacementRefused(NoFreeSlotOnAnyDevice))(0)	Refused(PublishError::PlacementRefused(NoFreeSlotOnAnyDevice))(0)	false	Completed
P2	3	0	0	Raise(34)+MountWritable	Refused(MountError::Publish(PublishError::PlacementRefused(NoFreeSlotOnAnyDevice)))(0) Mounted(publishes=2)(35)	Published(23)	true	Completed
P2	3	0	0	Raise(34)+ColdStartRecover	Refused(MountError::Publish(PublishError::PlacementRefused(NoFreeSlotOnAnyDevice)))(0) Recovered(0)	NotApplicable(NoWritableSession)(0)	false	Completed
P2	3	0	0	Raise(34)+Rollback(NewestFloor)	Refused(MountError::Publish(PublishError::PlacementRefused(NoFreeSlotOnAnyDevice)))(0) Mounted(publishes=2)(35)	Published(23)	true	Completed
P2	3	0	0	Raise(34)+Rollback(Ring0)	Refused(MountError::Publish(PublishError::PlacementRefused(NoFreeSlotOnAnyDevice)))(0) Mounted(publishes=2)(35)	Published(23)	true	Completed
P2	3	0	0	Raise(34)+Rollback(Ring1)	Refused(MountError::Publish(PublishError::PlacementRefused(NoFreeSlotOnAnyDevice)))(0) Mounted(publishes=2)(35)	Published(23)	true	Completed
P2	3	0	0	Raise(34)+Rollback(Ring2)	Refused(MountError::Publish(PublishError::PlacementRefused(NoFreeSlotOnAnyDevice)))(0) Mounted(publishes=2)(35)	Published(23)	true	Completed
P2	3	0	0	Raise(34)+Rollback(Ring3)	Refused(MountError::Publish(PublishError::PlacementRefused(NoFreeSlotOnAnyDevice)))(0) Mounted(publishes=2)(35)	Published(23)	true	Completed
P2	3	0	0	Raise(34)+Raise(0)	Refused(MountError::Publish(PublishError::PlacementRefused(NoFreeSlotOnAnyDevice)))(0) Refused(MountError::Publish(PublishError::PlacementRefused(NoFreeSlotOnAnyDevice)))(0)	Refused(PublishError::PlacementRefused(NoFreeSlotOnAnyDevice))(0)	false	Completed
P2	3	0	0	Raise(34)+Raise(1)	Refused(MountError::Publish(PublishError::PlacementRefused(NoFreeSlotOnAnyDevice)))(0) Refused(MountError::Publish(PublishError::PlacementRefused(NoFreeSlotOnAnyDevice)))(0)	Refused(PublishError::PlacementRefused(NoFreeSlotOnAnyDevice))(0)	false	Completed
P2	3	0	0	Raise(34)+Raise(2)	Refused(MountError::Publish(PublishError::PlacementRefused(NoFreeSlotOnAnyDevice)))(0) Refused(MountError::Publish(PublishError::PlacementRefused(NoFreeSlotOnAnyDevice)))(0)	Refused(PublishError::PlacementRefused(NoFreeSlotOnAnyDevice))(0)	false	Completed
P2	3	0	0	Raise(34)+Raise(3)	Refused(MountError::Publish(PublishError::PlacementRefused(NoFreeSlotOnAnyDevice)))(0) Refused(MountError::Publish(PublishError::PlacementRefused(NoFreeSlotOnAnyDevice)))(0)	Refused(PublishError::PlacementRefused(NoFreeSlotOnAnyDevice))(0)	false	Completed
P2	3	0	0	Raise(34)+Raise(5)	Refused(MountError::Publish(PublishError::PlacementRefused(NoFreeSlotOnAnyDevice)))(0) Refused(MountError::Publish(PublishError::PlacementRefused(NoFreeSlotOnAnyDevice)))(0)	Refused(PublishError::PlacementRefused(NoFreeSlotOnAnyDevice))(0)	false	Completed
P2	3	0	0	Raise(34)+Raise(8)	Refused(MountError::Publish(PublishError::PlacementRefused(NoFreeSlotOnAnyDevice)))(0) Refused(MountError::Publish(PublishError::PlacementRefused(NoFreeSlotOnAnyDevice)))(0)	Refused(PublishError::PlacementRefused(NoFreeSlotOnAnyDevice))(0)	false	Completed
P2	3	0	0	Raise(34)+Raise(13)	Refused(MountError::Publish(PublishError::PlacementRefused(NoFreeSlotOnAnyDevice)))(0) Refused(MountError::Publish(PublishError::PlacementRefused(NoFreeSlotOnAnyDevice)))(0)	Refused(PublishError::PlacementRefused(NoFreeSlotOnAnyDevice))(0)	false	Completed
P2	3	0	0	Raise(34)+Raise(21)	Refused(MountError::Publish(PublishError::PlacementRefused(NoFreeSlotOnAnyDevice)))(0) Refused(MountError::Publish(PublishError::PlacementRefused(NoFreeSlotOnAnyDevice)))(0)	Refused(PublishError::PlacementRefused(NoFreeSlotOnAnyDevice))(0)	false	Completed
P2	3	0	0	Raise(34)+Raise(34)	Refused(MountError::Publish(PublishError::PlacementRefused(NoFreeSlotOnAnyDevice)))(0) Refused(MountError::Publish(PublishError::PlacementRefused(NoFreeSlotOnAnyDevice)))(0)	Refused(PublishError::PlacementRefused(NoFreeSlotOnAnyDevice))(0)	false	Completed
P2	3	1	0	Overwrite	Refused(PublishError::PlacementRefused(NoFreeSlotOnAnyDevice))(0)	Refused(PublishError::PlacementRefused(NoFreeSlotOnAnyDevice))(0)	false	Completed
P2	3	1	0	Overwrite+Overwrite	Refused(PublishError::PlacementRefused(NoFreeSlotOnAnyDevice))(0) Refused(PublishError::PlacementRefused(NoFreeSlotOnAnyDevice))(0)	Refused(PublishError::PlacementRefused(NoFreeSlotOnAnyDevice))(0)	false	Completed
P2	3	1	0	Overwrite+MountWritable	Refused(PublishError::PlacementRefused(NoFreeSlotOnAnyDevice))(0) Mounted(publishes=3)(50)	Published(23)	true	Completed
P2	3	1	0	Overwrite+ColdStartRecover	Refused(PublishError::PlacementRefused(NoFreeSlotOnAnyDevice))(0) Recovered(0)	NotApplicable(NoWritableSession)(0)	false	Completed
P2	3	1	0	Overwrite+Rollback(NewestFloor)	Refused(PublishError::PlacementRefused(NoFreeSlotOnAnyDevice))(0) Mounted(publishes=3)(50)	Published(23)	true	Completed
P2	3	1	0	Overwrite+Rollback(Ring0)	Refused(PublishError::PlacementRefused(NoFreeSlotOnAnyDevice))(0) Mounted(publishes=3)(50)	Published(23)	true	Completed
P2	3	1	0	Overwrite+Rollback(Ring1)	Refused(PublishError::PlacementRefused(NoFreeSlotOnAnyDevice))(0) Mounted(publishes=3)(50)	Published(23)	true	Completed
P2	3	1	0	Overwrite+Rollback(Ring2)	Refused(PublishError::PlacementRefused(NoFreeSlotOnAnyDevice))(0) Mounted(publishes=3)(50)	Published(23)	true	Completed
P2	3	1	0	Overwrite+Rollback(Ring3)	Refused(PublishError::PlacementRefused(NoFreeSlotOnAnyDevice))(0) Mounted(publishes=3)(50)	Published(23)	true	Completed
P2	3	1	0	Overwrite+Raise(0)	Refused(PublishError::PlacementRefused(NoFreeSlotOnAnyDevice))(0) Refused(MountError::Publish(PublishError::PlacementRefused(NoFreeSlotOnAnyDevice)))(0)	Refused(PublishError::PlacementRefused(NoFreeSlotOnAnyDevice))(0)	false	Completed
P2	3	1	0	Overwrite+Raise(1)	Refused(PublishError::PlacementRefused(NoFreeSlotOnAnyDevice))(0) Refused(MountError::Publish(PublishError::PlacementRefused(NoFreeSlotOnAnyDevice)))(0)	Refused(PublishError::PlacementRefused(NoFreeSlotOnAnyDevice))(0)	false	Completed
P2	3	1	0	Overwrite+Raise(2)	Refused(PublishError::PlacementRefused(NoFreeSlotOnAnyDevice))(0) Refused(MountError::Publish(PublishError::PlacementRefused(NoFreeSlotOnAnyDevice)))(0)	Refused(PublishError::PlacementRefused(NoFreeSlotOnAnyDevice))(0)	false	Completed
P2	3	1	0	Overwrite+Raise(3)	Refused(PublishError::PlacementRefused(NoFreeSlotOnAnyDevice))(0) Refused(MountError::Publish(PublishError::PlacementRefused(NoFreeSlotOnAnyDevice)))(0)	Refused(PublishError::PlacementRefused(NoFreeSlotOnAnyDevice))(0)	false	Completed
P2	3	1	0	Overwrite+Raise(5)	Refused(PublishError::PlacementRefused(NoFreeSlotOnAnyDevice))(0) Refused(MountError::Publish(PublishError::PlacementRefused(NoFreeSlotOnAnyDevice)))(0)	Refused(PublishError::PlacementRefused(NoFreeSlotOnAnyDevice))(0)	false	Completed
P2	3	1	0	Overwrite+Raise(8)	Refused(PublishError::PlacementRefused(NoFreeSlotOnAnyDevice))(0) Refused(MountError::Publish(PublishError::PlacementRefused(NoFreeSlotOnAnyDevice)))(0)	Refused(PublishError::PlacementRefused(NoFreeSlotOnAnyDevice))(0)	false	Completed
P2	3	1	0	Overwrite+Raise(13)	Refused(PublishError::PlacementRefused(NoFreeSlotOnAnyDevice))(0) Refused(MountError::Publish(PublishError::PlacementRefused(NoFreeSlotOnAnyDevice)))(0)	Refused(PublishError::PlacementRefused(NoFreeSlotOnAnyDevice))(0)	false	Completed
P2	3	1	0	Overwrite+Raise(21)	Refused(PublishError::PlacementRefused(NoFreeSlotOnAnyDevice))(0) Refused(MountError::Publish(PublishError::PlacementRefused(NoFreeSlotOnAnyDevice)))(0)	Refused(PublishError::PlacementRefused(NoFreeSlotOnAnyDevice))(0)	false	Completed
P2	3	1	0	Overwrite+Raise(34)	Refused(PublishError::PlacementRefused(NoFreeSlotOnAnyDevice))(0) Refused(MountError::Publish(PublishError::PlacementRefused(NoFreeSlotOnAnyDevice)))(0)	Refused(PublishError::PlacementRefused(NoFreeSlotOnAnyDevice))(0)	false	Completed
P2	3	1	0	MountWritable	Mounted(publishes=3)(50)	Published(23)	true	Completed
P2	3	1	0	MountWritable+Overwrite	Mounted(publishes=3)(50) Published(23)	Published(23)	true	Completed
P2	3	1	0	MountWritable+MountWritable	Mounted(publishes=3)(50) Mounted(publishes=3)(50)	Published(23)	true	Completed
P2	3	1	0	MountWritable+ColdStartRecover	Mounted(publishes=3)(50) Recovered(0)	NotApplicable(NoWritableSession)(0)	false	Completed
P2	3	1	0	MountWritable+Rollback(NewestFloor)	Mounted(publishes=3)(50) Mounted(publishes=3)(50)	Published(23)	true	Completed
P2	3	1	0	MountWritable+Rollback(Ring0)	Mounted(publishes=3)(50) Mounted(publishes=3)(50)	Published(23)	true	Completed
P2	3	1	0	MountWritable+Rollback(Ring1)	Mounted(publishes=3)(50) Mounted(publishes=3)(50)	Published(23)	true	Completed
P2	3	1	0	MountWritable+Rollback(Ring2)	Mounted(publishes=3)(50) Mounted(publishes=3)(50)	Published(23)	true	Completed
P2	3	1	0	MountWritable+Rollback(Ring3)	Mounted(publishes=3)(50) Mounted(publishes=3)(50)	Published(23)	true	Completed
P2	3	1	0	MountWritable+Raise(0)	Mounted(publishes=3)(50) RaisedFloor(F=0,publishes=3)(45)	Published(23)	true	Completed
P2	3	1	0	MountWritable+Raise(1)	Mounted(publishes=3)(50) RaisedFloor(F=1,publishes=3)(45)	Published(23)	true	Completed
P2	3	1	0	MountWritable+Raise(2)	Mounted(publishes=3)(50) RaisedFloor(F=2,publishes=3)(45)	Published(23)	true	Completed
P2	3	1	0	MountWritable+Raise(3)	Mounted(publishes=3)(50) RaisedFloor(F=3,publishes=3)(45)	Published(23)	true	Completed
P2	3	1	0	MountWritable+Raise(5)	Mounted(publishes=3)(50) RaisedFloor(F=5,publishes=3)(45)	Published(23)	true	Completed
P2	3	1	0	MountWritable+Raise(8)	Mounted(publishes=3)(50) RaisedFloor(F=8,publishes=3)(45)	Published(23)	true	Completed
P2	3	1	0	MountWritable+Raise(13)	Mounted(publishes=3)(50) RaisedFloor(F=13,publishes=3)(45)	Published(23)	true	Completed
P2	3	1	0	MountWritable+Raise(21)	Mounted(publishes=3)(50) RaisedFloor(F=21,publishes=3)(45)	Published(23)	true	Completed
P2	3	1	0	MountWritable+Raise(34)	Mounted(publishes=3)(50) RaisedFloor(F=34,publishes=3)(45)	Published(23)	true	Completed
P2	3	1	0	ColdStartRecover	Recovered(0)	NotApplicable(NoWritableSession)(0)	false	Completed
P2	3	1	0	ColdStartRecover+Overwrite	Recovered(0) NotApplicable(NoWritableSession)(0)	NotApplicable(NoWritableSession)(0)	false	Completed
P2	3	1	0	ColdStartRecover+MountWritable	Recovered(0) Mounted(publishes=3)(50)	Published(23)	true	Completed
P2	3	1	0	ColdStartRecover+ColdStartRecover	Recovered(0) Recovered(0)	NotApplicable(NoWritableSession)(0)	false	Completed
P2	3	1	0	ColdStartRecover+Rollback(NewestFloor)	Recovered(0) Mounted(publishes=3)(50)	Published(23)	true	Completed
P2	3	1	0	ColdStartRecover+Rollback(Ring0)	Recovered(0) Mounted(publishes=3)(50)	Published(23)	true	Completed
P2	3	1	0	ColdStartRecover+Rollback(Ring1)	Recovered(0) Mounted(publishes=3)(50)	Published(23)	true	Completed
P2	3	1	0	ColdStartRecover+Rollback(Ring2)	Recovered(0) Mounted(publishes=3)(50)	Published(23)	true	Completed
P2	3	1	0	ColdStartRecover+Rollback(Ring3)	Recovered(0) Mounted(publishes=3)(50)	Published(23)	true	Completed
P2	3	1	0	ColdStartRecover+Raise(0)	Recovered(0) NotApplicable(NoWritableSession)(0)	NotApplicable(NoWritableSession)(0)	false	Completed
P2	3	1	0	ColdStartRecover+Raise(1)	Recovered(0) NotApplicable(NoWritableSession)(0)	NotApplicable(NoWritableSession)(0)	false	Completed
P2	3	1	0	ColdStartRecover+Raise(2)	Recovered(0) NotApplicable(NoWritableSession)(0)	NotApplicable(NoWritableSession)(0)	false	Completed
P2	3	1	0	ColdStartRecover+Raise(3)	Recovered(0) NotApplicable(NoWritableSession)(0)	NotApplicable(NoWritableSession)(0)	false	Completed
P2	3	1	0	ColdStartRecover+Raise(5)	Recovered(0) NotApplicable(NoWritableSession)(0)	NotApplicable(NoWritableSession)(0)	false	Completed
P2	3	1	0	ColdStartRecover+Raise(8)	Recovered(0) NotApplicable(NoWritableSession)(0)	NotApplicable(NoWritableSession)(0)	false	Completed
P2	3	1	0	ColdStartRecover+Raise(13)	Recovered(0) NotApplicable(NoWritableSession)(0)	NotApplicable(NoWritableSession)(0)	false	Completed
P2	3	1	0	ColdStartRecover+Raise(21)	Recovered(0) NotApplicable(NoWritableSession)(0)	NotApplicable(NoWritableSession)(0)	false	Completed
P2	3	1	0	ColdStartRecover+Raise(34)	Recovered(0) NotApplicable(NoWritableSession)(0)	NotApplicable(NoWritableSession)(0)	false	Completed
P2	3	1	0	Rollback(NewestFloor)	Mounted(publishes=3)(50)	Published(23)	true	Completed
P2	3	1	0	Rollback(NewestFloor)+Overwrite	Mounted(publishes=3)(50) Published(23)	Published(23)	true	Completed
P2	3	1	0	Rollback(NewestFloor)+MountWritable	Mounted(publishes=3)(50) Mounted(publishes=3)(50)	Published(23)	true	Completed
P2	3	1	0	Rollback(NewestFloor)+ColdStartRecover	Mounted(publishes=3)(50) Recovered(0)	NotApplicable(NoWritableSession)(0)	false	Completed
P2	3	1	0	Rollback(NewestFloor)+Rollback(NewestFloor)	Mounted(publishes=3)(50) Mounted(publishes=3)(50)	Published(23)	true	Completed
P2	3	1	0	Rollback(NewestFloor)+Rollback(Ring0)	Mounted(publishes=3)(50) Mounted(publishes=3)(50)	Published(23)	true	Completed
P2	3	1	0	Rollback(NewestFloor)+Rollback(Ring1)	Mounted(publishes=3)(50) Mounted(publishes=3)(50)	Published(23)	true	Completed
P2	3	1	0	Rollback(NewestFloor)+Rollback(Ring2)	Mounted(publishes=3)(50) Mounted(publishes=3)(50)	Published(23)	true	Completed
P2	3	1	0	Rollback(NewestFloor)+Rollback(Ring3)	Mounted(publishes=3)(50) Mounted(publishes=3)(50)	Published(23)	true	Completed
P2	3	1	0	Rollback(NewestFloor)+Raise(0)	Mounted(publishes=3)(50) RaisedFloor(F=0,publishes=3)(45)	Published(23)	true	Completed
P2	3	1	0	Rollback(NewestFloor)+Raise(1)	Mounted(publishes=3)(50) RaisedFloor(F=1,publishes=3)(45)	Published(23)	true	Completed
P2	3	1	0	Rollback(NewestFloor)+Raise(2)	Mounted(publishes=3)(50) RaisedFloor(F=2,publishes=3)(45)	Published(23)	true	Completed
P2	3	1	0	Rollback(NewestFloor)+Raise(3)	Mounted(publishes=3)(50) RaisedFloor(F=3,publishes=3)(45)	Published(23)	true	Completed
P2	3	1	0	Rollback(NewestFloor)+Raise(5)	Mounted(publishes=3)(50) RaisedFloor(F=5,publishes=3)(45)	Published(23)	true	Completed
P2	3	1	0	Rollback(NewestFloor)+Raise(8)	Mounted(publishes=3)(50) RaisedFloor(F=8,publishes=3)(45)	Published(23)	true	Completed
P2	3	1	0	Rollback(NewestFloor)+Raise(13)	Mounted(publishes=3)(50) RaisedFloor(F=13,publishes=3)(45)	Published(23)	true	Completed
P2	3	1	0	Rollback(NewestFloor)+Raise(21)	Mounted(publishes=3)(50) RaisedFloor(F=21,publishes=3)(45)	Published(23)	true	Completed
P2	3	1	0	Rollback(NewestFloor)+Raise(34)	Mounted(publishes=3)(50) RaisedFloor(F=34,publishes=3)(45)	Published(23)	true	Completed
P2	3	1	0	Rollback(Ring0)	Mounted(publishes=3)(50)	Published(23)	true	Completed
P2	3	1	0	Rollback(Ring0)+Overwrite	Mounted(publishes=3)(50) Published(23)	Published(23)	true	Completed
P2	3	1	0	Rollback(Ring0)+MountWritable	Mounted(publishes=3)(50) Mounted(publishes=3)(50)	Published(23)	true	Completed
P2	3	1	0	Rollback(Ring0)+ColdStartRecover	Mounted(publishes=3)(50) Recovered(0)	NotApplicable(NoWritableSession)(0)	false	Completed
P2	3	1	0	Rollback(Ring0)+Rollback(NewestFloor)	Mounted(publishes=3)(50) Mounted(publishes=3)(50)	Published(23)	true	Completed
P2	3	1	0	Rollback(Ring0)+Rollback(Ring0)	Mounted(publishes=3)(50) Mounted(publishes=3)(50)	Published(23)	true	Completed
P2	3	1	0	Rollback(Ring0)+Rollback(Ring1)	Mounted(publishes=3)(50) Mounted(publishes=3)(50)	Published(23)	true	Completed
P2	3	1	0	Rollback(Ring0)+Rollback(Ring2)	Mounted(publishes=3)(50) Mounted(publishes=3)(50)	Published(23)	true	Completed
P2	3	1	0	Rollback(Ring0)+Rollback(Ring3)	Mounted(publishes=3)(50) Mounted(publishes=3)(50)	Published(23)	true	Completed
P2	3	1	0	Rollback(Ring0)+Raise(0)	Mounted(publishes=3)(50) RaisedFloor(F=0,publishes=3)(45)	Published(23)	true	Completed
P2	3	1	0	Rollback(Ring0)+Raise(1)	Mounted(publishes=3)(50) RaisedFloor(F=1,publishes=3)(45)	Published(23)	true	Completed
P2	3	1	0	Rollback(Ring0)+Raise(2)	Mounted(publishes=3)(50) RaisedFloor(F=2,publishes=3)(45)	Published(23)	true	Completed
P2	3	1	0	Rollback(Ring0)+Raise(3)	Mounted(publishes=3)(50) RaisedFloor(F=3,publishes=3)(45)	Published(23)	true	Completed
P2	3	1	0	Rollback(Ring0)+Raise(5)	Mounted(publishes=3)(50) RaisedFloor(F=5,publishes=3)(45)	Published(23)	true	Completed
P2	3	1	0	Rollback(Ring0)+Raise(8)	Mounted(publishes=3)(50) RaisedFloor(F=8,publishes=3)(45)	Published(23)	true	Completed
P2	3	1	0	Rollback(Ring0)+Raise(13)	Mounted(publishes=3)(50) RaisedFloor(F=13,publishes=3)(45)	Published(23)	true	Completed
P2	3	1	0	Rollback(Ring0)+Raise(21)	Mounted(publishes=3)(50) RaisedFloor(F=21,publishes=3)(45)	Published(23)	true	Completed
P2	3	1	0	Rollback(Ring0)+Raise(34)	Mounted(publishes=3)(50) RaisedFloor(F=34,publishes=3)(45)	Published(23)	true	Completed
P2	3	1	0	Rollback(Ring1)	Mounted(publishes=3)(50)	Published(23)	true	Completed
P2	3	1	0	Rollback(Ring1)+Overwrite	Mounted(publishes=3)(50) Published(23)	Published(23)	true	Completed
P2	3	1	0	Rollback(Ring1)+MountWritable	Mounted(publishes=3)(50) Mounted(publishes=3)(50)	Published(23)	true	Completed
P2	3	1	0	Rollback(Ring1)+ColdStartRecover	Mounted(publishes=3)(50) Recovered(0)	NotApplicable(NoWritableSession)(0)	false	Completed
P2	3	1	0	Rollback(Ring1)+Rollback(NewestFloor)	Mounted(publishes=3)(50) Mounted(publishes=3)(50)	Published(23)	true	Completed
P2	3	1	0	Rollback(Ring1)+Rollback(Ring0)	Mounted(publishes=3)(50) Mounted(publishes=3)(50)	Published(23)	true	Completed
P2	3	1	0	Rollback(Ring1)+Rollback(Ring1)	Mounted(publishes=3)(50) Mounted(publishes=3)(50)	Published(23)	true	Completed
P2	3	1	0	Rollback(Ring1)+Rollback(Ring2)	Mounted(publishes=3)(50) Mounted(publishes=3)(50)	Published(23)	true	Completed
P2	3	1	0	Rollback(Ring1)+Rollback(Ring3)	Mounted(publishes=3)(50) Refused(MountError::RollbackTargetNotACandidate(OnAbandonedTimeline))(0)	NotApplicable(NoWritableSession)(0)	false	Completed
P2	3	1	0	Rollback(Ring1)+Raise(0)	Mounted(publishes=3)(50) RaisedFloor(F=0,publishes=3)(45)	Published(23)	true	Completed
P2	3	1	0	Rollback(Ring1)+Raise(1)	Mounted(publishes=3)(50) RaisedFloor(F=1,publishes=3)(45)	Published(23)	true	Completed
P2	3	1	0	Rollback(Ring1)+Raise(2)	Mounted(publishes=3)(50) RaisedFloor(F=2,publishes=3)(45)	Published(23)	true	Completed
P2	3	1	0	Rollback(Ring1)+Raise(3)	Mounted(publishes=3)(50) RaisedFloor(F=3,publishes=3)(45)	Published(23)	true	Completed
P2	3	1	0	Rollback(Ring1)+Raise(5)	Mounted(publishes=3)(50) RaisedFloor(F=5,publishes=3)(45)	Published(23)	true	Completed
P2	3	1	0	Rollback(Ring1)+Raise(8)	Mounted(publishes=3)(50) RaisedFloor(F=8,publishes=3)(45)	Published(23)	true	Completed
P2	3	1	0	Rollback(Ring1)+Raise(13)	Mounted(publishes=3)(50) RaisedFloor(F=13,publishes=3)(45)	Published(23)	true	Completed
P2	3	1	0	Rollback(Ring1)+Raise(21)	Mounted(publishes=3)(50) RaisedFloor(F=21,publishes=3)(45)	Published(23)	true	Completed
P2	3	1	0	Rollback(Ring1)+Raise(34)	Mounted(publishes=3)(50) RaisedFloor(F=34,publishes=3)(45)	Published(23)	true	Completed
P2	3	1	0	Rollback(Ring2)	Mounted(publishes=3)(50)	Published(23)	true	Completed
P2	3	1	0	Rollback(Ring2)+Overwrite	Mounted(publishes=3)(50) Published(23)	Published(23)	true	Completed
P2	3	1	0	Rollback(Ring2)+MountWritable	Mounted(publishes=3)(50) Mounted(publishes=3)(50)	Published(23)	true	Completed
P2	3	1	0	Rollback(Ring2)+ColdStartRecover	Mounted(publishes=3)(50) Recovered(0)	NotApplicable(NoWritableSession)(0)	false	Completed
P2	3	1	0	Rollback(Ring2)+Rollback(NewestFloor)	Mounted(publishes=3)(50) Mounted(publishes=3)(50)	Published(23)	true	Completed
P2	3	1	0	Rollback(Ring2)+Rollback(Ring0)	Mounted(publishes=3)(50) Mounted(publishes=3)(50)	Published(23)	true	Completed
P2	3	1	0	Rollback(Ring2)+Rollback(Ring1)	Mounted(publishes=3)(50) Mounted(publishes=3)(50)	Published(23)	true	Completed
P2	3	1	0	Rollback(Ring2)+Rollback(Ring2)	Mounted(publishes=3)(50) Mounted(publishes=3)(50)	Published(23)	true	Completed
P2	3	1	0	Rollback(Ring2)+Rollback(Ring3)	Mounted(publishes=3)(50) Refused(MountError::RollbackTargetNotACandidate(OnAbandonedTimeline))(0)	NotApplicable(NoWritableSession)(0)	false	Completed
P2	3	1	0	Rollback(Ring2)+Raise(0)	Mounted(publishes=3)(50) RaisedFloor(F=0,publishes=3)(45)	Published(23)	true	Completed
P2	3	1	0	Rollback(Ring2)+Raise(1)	Mounted(publishes=3)(50) RaisedFloor(F=1,publishes=3)(45)	Published(23)	true	Completed
P2	3	1	0	Rollback(Ring2)+Raise(2)	Mounted(publishes=3)(50) RaisedFloor(F=2,publishes=3)(45)	Published(23)	true	Completed
P2	3	1	0	Rollback(Ring2)+Raise(3)	Mounted(publishes=3)(50) RaisedFloor(F=3,publishes=3)(45)	Published(23)	true	Completed
P2	3	1	0	Rollback(Ring2)+Raise(5)	Mounted(publishes=3)(50) RaisedFloor(F=5,publishes=3)(45)	Published(23)	true	Completed
P2	3	1	0	Rollback(Ring2)+Raise(8)	Mounted(publishes=3)(50) RaisedFloor(F=8,publishes=3)(45)	Published(23)	true	Completed
P2	3	1	0	Rollback(Ring2)+Raise(13)	Mounted(publishes=3)(50) RaisedFloor(F=13,publishes=3)(45)	Published(23)	true	Completed
P2	3	1	0	Rollback(Ring2)+Raise(21)	Mounted(publishes=3)(50) RaisedFloor(F=21,publishes=3)(45)	Published(23)	true	Completed
P2	3	1	0	Rollback(Ring2)+Raise(34)	Mounted(publishes=3)(50) RaisedFloor(F=34,publishes=3)(45)	Published(23)	true	Completed
P2	3	1	0	Rollback(Ring3)	Mounted(publishes=3)(50)	Published(23)	true	Completed
P2	3	1	0	Rollback(Ring3)+Overwrite	Mounted(publishes=3)(50) Published(23)	Published(23)	true	Completed
P2	3	1	0	Rollback(Ring3)+MountWritable	Mounted(publishes=3)(50) Mounted(publishes=3)(50)	Published(23)	true	Completed
P2	3	1	0	Rollback(Ring3)+ColdStartRecover	Mounted(publishes=3)(50) Recovered(0)	NotApplicable(NoWritableSession)(0)	false	Completed
P2	3	1	0	Rollback(Ring3)+Rollback(NewestFloor)	Mounted(publishes=3)(50) Mounted(publishes=3)(50)	Published(23)	true	Completed
P2	3	1	0	Rollback(Ring3)+Rollback(Ring0)	Mounted(publishes=3)(50) Mounted(publishes=3)(50)	Published(23)	true	Completed
P2	3	1	0	Rollback(Ring3)+Rollback(Ring1)	Mounted(publishes=3)(50) Mounted(publishes=3)(50)	Published(23)	true	Completed
P2	3	1	0	Rollback(Ring3)+Rollback(Ring2)	Mounted(publishes=3)(50) Mounted(publishes=3)(50)	Published(23)	true	Completed
P2	3	1	0	Rollback(Ring3)+Rollback(Ring3)	Mounted(publishes=3)(50) Refused(MountError::RollbackTargetNotACandidate(OnAbandonedTimeline))(0)	NotApplicable(NoWritableSession)(0)	false	Completed
P2	3	1	0	Rollback(Ring3)+Raise(0)	Mounted(publishes=3)(50) RaisedFloor(F=0,publishes=3)(45)	Published(23)	true	Completed
P2	3	1	0	Rollback(Ring3)+Raise(1)	Mounted(publishes=3)(50) RaisedFloor(F=1,publishes=3)(45)	Published(23)	true	Completed
P2	3	1	0	Rollback(Ring3)+Raise(2)	Mounted(publishes=3)(50) RaisedFloor(F=2,publishes=3)(45)	Published(23)	true	Completed
P2	3	1	0	Rollback(Ring3)+Raise(3)	Mounted(publishes=3)(50) RaisedFloor(F=3,publishes=3)(45)	Published(23)	true	Completed
P2	3	1	0	Rollback(Ring3)+Raise(5)	Mounted(publishes=3)(50) RaisedFloor(F=5,publishes=3)(45)	Published(23)	true	Completed
P2	3	1	0	Rollback(Ring3)+Raise(8)	Mounted(publishes=3)(50) RaisedFloor(F=8,publishes=3)(45)	Published(23)	true	Completed
P2	3	1	0	Rollback(Ring3)+Raise(13)	Mounted(publishes=3)(50) RaisedFloor(F=13,publishes=3)(45)	Published(23)	true	Completed
P2	3	1	0	Rollback(Ring3)+Raise(21)	Mounted(publishes=3)(50) RaisedFloor(F=21,publishes=3)(45)	Published(23)	true	Completed
P2	3	1	0	Rollback(Ring3)+Raise(34)	Mounted(publishes=3)(50) RaisedFloor(F=34,publishes=3)(45)	Published(23)	true	Completed
P2	3	1	0	Raise(0)	Refused(MountError::Publish(PublishError::PlacementRefused(NoFreeSlotOnAnyDevice)))(0)	Refused(PublishError::PlacementRefused(NoFreeSlotOnAnyDevice))(0)	false	Completed
P2	3	1	0	Raise(0)+Overwrite	Refused(MountError::Publish(PublishError::PlacementRefused(NoFreeSlotOnAnyDevice)))(0) Refused(PublishError::PlacementRefused(NoFreeSlotOnAnyDevice))(0)	Refused(PublishError::PlacementRefused(NoFreeSlotOnAnyDevice))(0)	false	Completed
P2	3	1	0	Raise(0)+MountWritable	Refused(MountError::Publish(PublishError::PlacementRefused(NoFreeSlotOnAnyDevice)))(0) Mounted(publishes=3)(50)	Published(23)	true	Completed
P2	3	1	0	Raise(0)+ColdStartRecover	Refused(MountError::Publish(PublishError::PlacementRefused(NoFreeSlotOnAnyDevice)))(0) Recovered(0)	NotApplicable(NoWritableSession)(0)	false	Completed
P2	3	1	0	Raise(0)+Rollback(NewestFloor)	Refused(MountError::Publish(PublishError::PlacementRefused(NoFreeSlotOnAnyDevice)))(0) Mounted(publishes=3)(50)	Published(23)	true	Completed
P2	3	1	0	Raise(0)+Rollback(Ring0)	Refused(MountError::Publish(PublishError::PlacementRefused(NoFreeSlotOnAnyDevice)))(0) Mounted(publishes=3)(50)	Published(23)	true	Completed
P2	3	1	0	Raise(0)+Rollback(Ring1)	Refused(MountError::Publish(PublishError::PlacementRefused(NoFreeSlotOnAnyDevice)))(0) Mounted(publishes=3)(50)	Published(23)	true	Completed
P2	3	1	0	Raise(0)+Rollback(Ring2)	Refused(MountError::Publish(PublishError::PlacementRefused(NoFreeSlotOnAnyDevice)))(0) Mounted(publishes=3)(50)	Published(23)	true	Completed
P2	3	1	0	Raise(0)+Rollback(Ring3)	Refused(MountError::Publish(PublishError::PlacementRefused(NoFreeSlotOnAnyDevice)))(0) Mounted(publishes=3)(50)	Published(23)	true	Completed
P2	3	1	0	Raise(0)+Raise(0)	Refused(MountError::Publish(PublishError::PlacementRefused(NoFreeSlotOnAnyDevice)))(0) Refused(MountError::Publish(PublishError::PlacementRefused(NoFreeSlotOnAnyDevice)))(0)	Refused(PublishError::PlacementRefused(NoFreeSlotOnAnyDevice))(0)	false	Completed
P2	3	1	0	Raise(0)+Raise(1)	Refused(MountError::Publish(PublishError::PlacementRefused(NoFreeSlotOnAnyDevice)))(0) Refused(MountError::Publish(PublishError::PlacementRefused(NoFreeSlotOnAnyDevice)))(0)	Refused(PublishError::PlacementRefused(NoFreeSlotOnAnyDevice))(0)	false	Completed
P2	3	1	0	Raise(0)+Raise(2)	Refused(MountError::Publish(PublishError::PlacementRefused(NoFreeSlotOnAnyDevice)))(0) Refused(MountError::Publish(PublishError::PlacementRefused(NoFreeSlotOnAnyDevice)))(0)	Refused(PublishError::PlacementRefused(NoFreeSlotOnAnyDevice))(0)	false	Completed
P2	3	1	0	Raise(0)+Raise(3)	Refused(MountError::Publish(PublishError::PlacementRefused(NoFreeSlotOnAnyDevice)))(0) Refused(MountError::Publish(PublishError::PlacementRefused(NoFreeSlotOnAnyDevice)))(0)	Refused(PublishError::PlacementRefused(NoFreeSlotOnAnyDevice))(0)	false	Completed
P2	3	1	0	Raise(0)+Raise(5)	Refused(MountError::Publish(PublishError::PlacementRefused(NoFreeSlotOnAnyDevice)))(0) Refused(MountError::Publish(PublishError::PlacementRefused(NoFreeSlotOnAnyDevice)))(0)	Refused(PublishError::PlacementRefused(NoFreeSlotOnAnyDevice))(0)	false	Completed
P2	3	1	0	Raise(0)+Raise(8)	Refused(MountError::Publish(PublishError::PlacementRefused(NoFreeSlotOnAnyDevice)))(0) Refused(MountError::Publish(PublishError::PlacementRefused(NoFreeSlotOnAnyDevice)))(0)	Refused(PublishError::PlacementRefused(NoFreeSlotOnAnyDevice))(0)	false	Completed
P2	3	1	0	Raise(0)+Raise(13)	Refused(MountError::Publish(PublishError::PlacementRefused(NoFreeSlotOnAnyDevice)))(0) Refused(MountError::Publish(PublishError::PlacementRefused(NoFreeSlotOnAnyDevice)))(0)	Refused(PublishError::PlacementRefused(NoFreeSlotOnAnyDevice))(0)	false	Completed
P2	3	1	0	Raise(0)+Raise(21)	Refused(MountError::Publish(PublishError::PlacementRefused(NoFreeSlotOnAnyDevice)))(0) Refused(MountError::Publish(PublishError::PlacementRefused(NoFreeSlotOnAnyDevice)))(0)	Refused(PublishError::PlacementRefused(NoFreeSlotOnAnyDevice))(0)	false	Completed
P2	3	1	0	Raise(0)+Raise(34)	Refused(MountError::Publish(PublishError::PlacementRefused(NoFreeSlotOnAnyDevice)))(0) Refused(MountError::Publish(PublishError::PlacementRefused(NoFreeSlotOnAnyDevice)))(0)	Refused(PublishError::PlacementRefused(NoFreeSlotOnAnyDevice))(0)	false	Completed
P2	3	1	0	Raise(1)	Refused(MountError::Publish(PublishError::PlacementRefused(NoFreeSlotOnAnyDevice)))(0)	Refused(PublishError::PlacementRefused(NoFreeSlotOnAnyDevice))(0)	false	Completed
P2	3	1	0	Raise(1)+Overwrite	Refused(MountError::Publish(PublishError::PlacementRefused(NoFreeSlotOnAnyDevice)))(0) Refused(PublishError::PlacementRefused(NoFreeSlotOnAnyDevice))(0)	Refused(PublishError::PlacementRefused(NoFreeSlotOnAnyDevice))(0)	false	Completed
P2	3	1	0	Raise(1)+MountWritable	Refused(MountError::Publish(PublishError::PlacementRefused(NoFreeSlotOnAnyDevice)))(0) Mounted(publishes=3)(50)	Published(23)	true	Completed
P2	3	1	0	Raise(1)+ColdStartRecover	Refused(MountError::Publish(PublishError::PlacementRefused(NoFreeSlotOnAnyDevice)))(0) Recovered(0)	NotApplicable(NoWritableSession)(0)	false	Completed
P2	3	1	0	Raise(1)+Rollback(NewestFloor)	Refused(MountError::Publish(PublishError::PlacementRefused(NoFreeSlotOnAnyDevice)))(0) Mounted(publishes=3)(50)	Published(23)	true	Completed
P2	3	1	0	Raise(1)+Rollback(Ring0)	Refused(MountError::Publish(PublishError::PlacementRefused(NoFreeSlotOnAnyDevice)))(0) Mounted(publishes=3)(50)	Published(23)	true	Completed
P2	3	1	0	Raise(1)+Rollback(Ring1)	Refused(MountError::Publish(PublishError::PlacementRefused(NoFreeSlotOnAnyDevice)))(0) Mounted(publishes=3)(50)	Published(23)	true	Completed
P2	3	1	0	Raise(1)+Rollback(Ring2)	Refused(MountError::Publish(PublishError::PlacementRefused(NoFreeSlotOnAnyDevice)))(0) Mounted(publishes=3)(50)	Published(23)	true	Completed
P2	3	1	0	Raise(1)+Rollback(Ring3)	Refused(MountError::Publish(PublishError::PlacementRefused(NoFreeSlotOnAnyDevice)))(0) Mounted(publishes=3)(50)	Published(23)	true	Completed
P2	3	1	0	Raise(1)+Raise(0)	Refused(MountError::Publish(PublishError::PlacementRefused(NoFreeSlotOnAnyDevice)))(0) Refused(MountError::Publish(PublishError::PlacementRefused(NoFreeSlotOnAnyDevice)))(0)	Refused(PublishError::PlacementRefused(NoFreeSlotOnAnyDevice))(0)	false	Completed
P2	3	1	0	Raise(1)+Raise(1)	Refused(MountError::Publish(PublishError::PlacementRefused(NoFreeSlotOnAnyDevice)))(0) Refused(MountError::Publish(PublishError::PlacementRefused(NoFreeSlotOnAnyDevice)))(0)	Refused(PublishError::PlacementRefused(NoFreeSlotOnAnyDevice))(0)	false	Completed
P2	3	1	0	Raise(1)+Raise(2)	Refused(MountError::Publish(PublishError::PlacementRefused(NoFreeSlotOnAnyDevice)))(0) Refused(MountError::Publish(PublishError::PlacementRefused(NoFreeSlotOnAnyDevice)))(0)	Refused(PublishError::PlacementRefused(NoFreeSlotOnAnyDevice))(0)	false	Completed
P2	3	1	0	Raise(1)+Raise(3)	Refused(MountError::Publish(PublishError::PlacementRefused(NoFreeSlotOnAnyDevice)))(0) Refused(MountError::Publish(PublishError::PlacementRefused(NoFreeSlotOnAnyDevice)))(0)	Refused(PublishError::PlacementRefused(NoFreeSlotOnAnyDevice))(0)	false	Completed
P2	3	1	0	Raise(1)+Raise(5)	Refused(MountError::Publish(PublishError::PlacementRefused(NoFreeSlotOnAnyDevice)))(0) Refused(MountError::Publish(PublishError::PlacementRefused(NoFreeSlotOnAnyDevice)))(0)	Refused(PublishError::PlacementRefused(NoFreeSlotOnAnyDevice))(0)	false	Completed
P2	3	1	0	Raise(1)+Raise(8)	Refused(MountError::Publish(PublishError::PlacementRefused(NoFreeSlotOnAnyDevice)))(0) Refused(MountError::Publish(PublishError::PlacementRefused(NoFreeSlotOnAnyDevice)))(0)	Refused(PublishError::PlacementRefused(NoFreeSlotOnAnyDevice))(0)	false	Completed
P2	3	1	0	Raise(1)+Raise(13)	Refused(MountError::Publish(PublishError::PlacementRefused(NoFreeSlotOnAnyDevice)))(0) Refused(MountError::Publish(PublishError::PlacementRefused(NoFreeSlotOnAnyDevice)))(0)	Refused(PublishError::PlacementRefused(NoFreeSlotOnAnyDevice))(0)	false	Completed
P2	3	1	0	Raise(1)+Raise(21)	Refused(MountError::Publish(PublishError::PlacementRefused(NoFreeSlotOnAnyDevice)))(0) Refused(MountError::Publish(PublishError::PlacementRefused(NoFreeSlotOnAnyDevice)))(0)	Refused(PublishError::PlacementRefused(NoFreeSlotOnAnyDevice))(0)	false	Completed
P2	3	1	0	Raise(1)+Raise(34)	Refused(MountError::Publish(PublishError::PlacementRefused(NoFreeSlotOnAnyDevice)))(0) Refused(MountError::Publish(PublishError::PlacementRefused(NoFreeSlotOnAnyDevice)))(0)	Refused(PublishError::PlacementRefused(NoFreeSlotOnAnyDevice))(0)	false	Completed
P2	3	1	0	Raise(2)	Refused(MountError::Publish(PublishError::PlacementRefused(NoFreeSlotOnAnyDevice)))(0)	Refused(PublishError::PlacementRefused(NoFreeSlotOnAnyDevice))(0)	false	Completed
P2	3	1	0	Raise(2)+Overwrite	Refused(MountError::Publish(PublishError::PlacementRefused(NoFreeSlotOnAnyDevice)))(0) Refused(PublishError::PlacementRefused(NoFreeSlotOnAnyDevice))(0)	Refused(PublishError::PlacementRefused(NoFreeSlotOnAnyDevice))(0)	false	Completed
P2	3	1	0	Raise(2)+MountWritable	Refused(MountError::Publish(PublishError::PlacementRefused(NoFreeSlotOnAnyDevice)))(0) Mounted(publishes=3)(50)	Published(23)	true	Completed
P2	3	1	0	Raise(2)+ColdStartRecover	Refused(MountError::Publish(PublishError::PlacementRefused(NoFreeSlotOnAnyDevice)))(0) Recovered(0)	NotApplicable(NoWritableSession)(0)	false	Completed
P2	3	1	0	Raise(2)+Rollback(NewestFloor)	Refused(MountError::Publish(PublishError::PlacementRefused(NoFreeSlotOnAnyDevice)))(0) Mounted(publishes=3)(50)	Published(23)	true	Completed
P2	3	1	0	Raise(2)+Rollback(Ring0)	Refused(MountError::Publish(PublishError::PlacementRefused(NoFreeSlotOnAnyDevice)))(0) Mounted(publishes=3)(50)	Published(23)	true	Completed
P2	3	1	0	Raise(2)+Rollback(Ring1)	Refused(MountError::Publish(PublishError::PlacementRefused(NoFreeSlotOnAnyDevice)))(0) Mounted(publishes=3)(50)	Published(23)	true	Completed
P2	3	1	0	Raise(2)+Rollback(Ring2)	Refused(MountError::Publish(PublishError::PlacementRefused(NoFreeSlotOnAnyDevice)))(0) Mounted(publishes=3)(50)	Published(23)	true	Completed
P2	3	1	0	Raise(2)+Rollback(Ring3)	Refused(MountError::Publish(PublishError::PlacementRefused(NoFreeSlotOnAnyDevice)))(0) Mounted(publishes=3)(50)	Published(23)	true	Completed
P2	3	1	0	Raise(2)+Raise(0)	Refused(MountError::Publish(PublishError::PlacementRefused(NoFreeSlotOnAnyDevice)))(0) Refused(MountError::Publish(PublishError::PlacementRefused(NoFreeSlotOnAnyDevice)))(0)	Refused(PublishError::PlacementRefused(NoFreeSlotOnAnyDevice))(0)	false	Completed
P2	3	1	0	Raise(2)+Raise(1)	Refused(MountError::Publish(PublishError::PlacementRefused(NoFreeSlotOnAnyDevice)))(0) Refused(MountError::Publish(PublishError::PlacementRefused(NoFreeSlotOnAnyDevice)))(0)	Refused(PublishError::PlacementRefused(NoFreeSlotOnAnyDevice))(0)	false	Completed
P2	3	1	0	Raise(2)+Raise(2)	Refused(MountError::Publish(PublishError::PlacementRefused(NoFreeSlotOnAnyDevice)))(0) Refused(MountError::Publish(PublishError::PlacementRefused(NoFreeSlotOnAnyDevice)))(0)	Refused(PublishError::PlacementRefused(NoFreeSlotOnAnyDevice))(0)	false	Completed
P2	3	1	0	Raise(2)+Raise(3)	Refused(MountError::Publish(PublishError::PlacementRefused(NoFreeSlotOnAnyDevice)))(0) Refused(MountError::Publish(PublishError::PlacementRefused(NoFreeSlotOnAnyDevice)))(0)	Refused(PublishError::PlacementRefused(NoFreeSlotOnAnyDevice))(0)	false	Completed
P2	3	1	0	Raise(2)+Raise(5)	Refused(MountError::Publish(PublishError::PlacementRefused(NoFreeSlotOnAnyDevice)))(0) Refused(MountError::Publish(PublishError::PlacementRefused(NoFreeSlotOnAnyDevice)))(0)	Refused(PublishError::PlacementRefused(NoFreeSlotOnAnyDevice))(0)	false	Completed
P2	3	1	0	Raise(2)+Raise(8)	Refused(MountError::Publish(PublishError::PlacementRefused(NoFreeSlotOnAnyDevice)))(0) Refused(MountError::Publish(PublishError::PlacementRefused(NoFreeSlotOnAnyDevice)))(0)	Refused(PublishError::PlacementRefused(NoFreeSlotOnAnyDevice))(0)	false	Completed
P2	3	1	0	Raise(2)+Raise(13)	Refused(MountError::Publish(PublishError::PlacementRefused(NoFreeSlotOnAnyDevice)))(0) Refused(MountError::Publish(PublishError::PlacementRefused(NoFreeSlotOnAnyDevice)))(0)	Refused(PublishError::PlacementRefused(NoFreeSlotOnAnyDevice))(0)	false	Completed
P2	3	1	0	Raise(2)+Raise(21)	Refused(MountError::Publish(PublishError::PlacementRefused(NoFreeSlotOnAnyDevice)))(0) Refused(MountError::Publish(PublishError::PlacementRefused(NoFreeSlotOnAnyDevice)))(0)	Refused(PublishError::PlacementRefused(NoFreeSlotOnAnyDevice))(0)	false	Completed
P2	3	1	0	Raise(2)+Raise(34)	Refused(MountError::Publish(PublishError::PlacementRefused(NoFreeSlotOnAnyDevice)))(0) Refused(MountError::Publish(PublishError::PlacementRefused(NoFreeSlotOnAnyDevice)))(0)	Refused(PublishError::PlacementRefused(NoFreeSlotOnAnyDevice))(0)	false	Completed
P2	3	1	0	Raise(3)	Refused(MountError::Publish(PublishError::PlacementRefused(NoFreeSlotOnAnyDevice)))(0)	Refused(PublishError::PlacementRefused(NoFreeSlotOnAnyDevice))(0)	false	Completed
P2	3	1	0	Raise(3)+Overwrite	Refused(MountError::Publish(PublishError::PlacementRefused(NoFreeSlotOnAnyDevice)))(0) Refused(PublishError::PlacementRefused(NoFreeSlotOnAnyDevice))(0)	Refused(PublishError::PlacementRefused(NoFreeSlotOnAnyDevice))(0)	false	Completed
P2	3	1	0	Raise(3)+MountWritable	Refused(MountError::Publish(PublishError::PlacementRefused(NoFreeSlotOnAnyDevice)))(0) Mounted(publishes=3)(50)	Published(23)	true	Completed
P2	3	1	0	Raise(3)+ColdStartRecover	Refused(MountError::Publish(PublishError::PlacementRefused(NoFreeSlotOnAnyDevice)))(0) Recovered(0)	NotApplicable(NoWritableSession)(0)	false	Completed
P2	3	1	0	Raise(3)+Rollback(NewestFloor)	Refused(MountError::Publish(PublishError::PlacementRefused(NoFreeSlotOnAnyDevice)))(0) Mounted(publishes=3)(50)	Published(23)	true	Completed
P2	3	1	0	Raise(3)+Rollback(Ring0)	Refused(MountError::Publish(PublishError::PlacementRefused(NoFreeSlotOnAnyDevice)))(0) Mounted(publishes=3)(50)	Published(23)	true	Completed
P2	3	1	0	Raise(3)+Rollback(Ring1)	Refused(MountError::Publish(PublishError::PlacementRefused(NoFreeSlotOnAnyDevice)))(0) Mounted(publishes=3)(50)	Published(23)	true	Completed
P2	3	1	0	Raise(3)+Rollback(Ring2)	Refused(MountError::Publish(PublishError::PlacementRefused(NoFreeSlotOnAnyDevice)))(0) Mounted(publishes=3)(50)	Published(23)	true	Completed
P2	3	1	0	Raise(3)+Rollback(Ring3)	Refused(MountError::Publish(PublishError::PlacementRefused(NoFreeSlotOnAnyDevice)))(0) Mounted(publishes=3)(50)	Published(23)	true	Completed
P2	3	1	0	Raise(3)+Raise(0)	Refused(MountError::Publish(PublishError::PlacementRefused(NoFreeSlotOnAnyDevice)))(0) Refused(MountError::Publish(PublishError::PlacementRefused(NoFreeSlotOnAnyDevice)))(0)	Refused(PublishError::PlacementRefused(NoFreeSlotOnAnyDevice))(0)	false	Completed
P2	3	1	0	Raise(3)+Raise(1)	Refused(MountError::Publish(PublishError::PlacementRefused(NoFreeSlotOnAnyDevice)))(0) Refused(MountError::Publish(PublishError::PlacementRefused(NoFreeSlotOnAnyDevice)))(0)	Refused(PublishError::PlacementRefused(NoFreeSlotOnAnyDevice))(0)	false	Completed
P2	3	1	0	Raise(3)+Raise(2)	Refused(MountError::Publish(PublishError::PlacementRefused(NoFreeSlotOnAnyDevice)))(0) Refused(MountError::Publish(PublishError::PlacementRefused(NoFreeSlotOnAnyDevice)))(0)	Refused(PublishError::PlacementRefused(NoFreeSlotOnAnyDevice))(0)	false	Completed
P2	3	1	0	Raise(3)+Raise(3)	Refused(MountError::Publish(PublishError::PlacementRefused(NoFreeSlotOnAnyDevice)))(0) Refused(MountError::Publish(PublishError::PlacementRefused(NoFreeSlotOnAnyDevice)))(0)	Refused(PublishError::PlacementRefused(NoFreeSlotOnAnyDevice))(0)	false	Completed
P2	3	1	0	Raise(3)+Raise(5)	Refused(MountError::Publish(PublishError::PlacementRefused(NoFreeSlotOnAnyDevice)))(0) Refused(MountError::Publish(PublishError::PlacementRefused(NoFreeSlotOnAnyDevice)))(0)	Refused(PublishError::PlacementRefused(NoFreeSlotOnAnyDevice))(0)	false	Completed
P2	3	1	0	Raise(3)+Raise(8)	Refused(MountError::Publish(PublishError::PlacementRefused(NoFreeSlotOnAnyDevice)))(0) Refused(MountError::Publish(PublishError::PlacementRefused(NoFreeSlotOnAnyDevice)))(0)	Refused(PublishError::PlacementRefused(NoFreeSlotOnAnyDevice))(0)	false	Completed
P2	3	1	0	Raise(3)+Raise(13)	Refused(MountError::Publish(PublishError::PlacementRefused(NoFreeSlotOnAnyDevice)))(0) Refused(MountError::Publish(PublishError::PlacementRefused(NoFreeSlotOnAnyDevice)))(0)	Refused(PublishError::PlacementRefused(NoFreeSlotOnAnyDevice))(0)	false	Completed
P2	3	1	0	Raise(3)+Raise(21)	Refused(MountError::Publish(PublishError::PlacementRefused(NoFreeSlotOnAnyDevice)))(0) Refused(MountError::Publish(PublishError::PlacementRefused(NoFreeSlotOnAnyDevice)))(0)	Refused(PublishError::PlacementRefused(NoFreeSlotOnAnyDevice))(0)	false	Completed
P2	3	1	0	Raise(3)+Raise(34)	Refused(MountError::Publish(PublishError::PlacementRefused(NoFreeSlotOnAnyDevice)))(0) Refused(MountError::Publish(PublishError::PlacementRefused(NoFreeSlotOnAnyDevice)))(0)	Refused(PublishError::PlacementRefused(NoFreeSlotOnAnyDevice))(0)	false	Completed
P2	3	1	0	Raise(5)	Refused(MountError::Publish(PublishError::PlacementRefused(NoFreeSlotOnAnyDevice)))(0)	Refused(PublishError::PlacementRefused(NoFreeSlotOnAnyDevice))(0)	false	Completed
P2	3	1	0	Raise(5)+Overwrite	Refused(MountError::Publish(PublishError::PlacementRefused(NoFreeSlotOnAnyDevice)))(0) Refused(PublishError::PlacementRefused(NoFreeSlotOnAnyDevice))(0)	Refused(PublishError::PlacementRefused(NoFreeSlotOnAnyDevice))(0)	false	Completed
P2	3	1	0	Raise(5)+MountWritable	Refused(MountError::Publish(PublishError::PlacementRefused(NoFreeSlotOnAnyDevice)))(0) Mounted(publishes=3)(50)	Published(23)	true	Completed
P2	3	1	0	Raise(5)+ColdStartRecover	Refused(MountError::Publish(PublishError::PlacementRefused(NoFreeSlotOnAnyDevice)))(0) Recovered(0)	NotApplicable(NoWritableSession)(0)	false	Completed
P2	3	1	0	Raise(5)+Rollback(NewestFloor)	Refused(MountError::Publish(PublishError::PlacementRefused(NoFreeSlotOnAnyDevice)))(0) Mounted(publishes=3)(50)	Published(23)	true	Completed
P2	3	1	0	Raise(5)+Rollback(Ring0)	Refused(MountError::Publish(PublishError::PlacementRefused(NoFreeSlotOnAnyDevice)))(0) Mounted(publishes=3)(50)	Published(23)	true	Completed
P2	3	1	0	Raise(5)+Rollback(Ring1)	Refused(MountError::Publish(PublishError::PlacementRefused(NoFreeSlotOnAnyDevice)))(0) Mounted(publishes=3)(50)	Published(23)	true	Completed
P2	3	1	0	Raise(5)+Rollback(Ring2)	Refused(MountError::Publish(PublishError::PlacementRefused(NoFreeSlotOnAnyDevice)))(0) Mounted(publishes=3)(50)	Published(23)	true	Completed
P2	3	1	0	Raise(5)+Rollback(Ring3)	Refused(MountError::Publish(PublishError::PlacementRefused(NoFreeSlotOnAnyDevice)))(0) Mounted(publishes=3)(50)	Published(23)	true	Completed
P2	3	1	0	Raise(5)+Raise(0)	Refused(MountError::Publish(PublishError::PlacementRefused(NoFreeSlotOnAnyDevice)))(0) Refused(MountError::Publish(PublishError::PlacementRefused(NoFreeSlotOnAnyDevice)))(0)	Refused(PublishError::PlacementRefused(NoFreeSlotOnAnyDevice))(0)	false	Completed
P2	3	1	0	Raise(5)+Raise(1)	Refused(MountError::Publish(PublishError::PlacementRefused(NoFreeSlotOnAnyDevice)))(0) Refused(MountError::Publish(PublishError::PlacementRefused(NoFreeSlotOnAnyDevice)))(0)	Refused(PublishError::PlacementRefused(NoFreeSlotOnAnyDevice))(0)	false	Completed
P2	3	1	0	Raise(5)+Raise(2)	Refused(MountError::Publish(PublishError::PlacementRefused(NoFreeSlotOnAnyDevice)))(0) Refused(MountError::Publish(PublishError::PlacementRefused(NoFreeSlotOnAnyDevice)))(0)	Refused(PublishError::PlacementRefused(NoFreeSlotOnAnyDevice))(0)	false	Completed
P2	3	1	0	Raise(5)+Raise(3)	Refused(MountError::Publish(PublishError::PlacementRefused(NoFreeSlotOnAnyDevice)))(0) Refused(MountError::Publish(PublishError::PlacementRefused(NoFreeSlotOnAnyDevice)))(0)	Refused(PublishError::PlacementRefused(NoFreeSlotOnAnyDevice))(0)	false	Completed
P2	3	1	0	Raise(5)+Raise(5)	Refused(MountError::Publish(PublishError::PlacementRefused(NoFreeSlotOnAnyDevice)))(0) Refused(MountError::Publish(PublishError::PlacementRefused(NoFreeSlotOnAnyDevice)))(0)	Refused(PublishError::PlacementRefused(NoFreeSlotOnAnyDevice))(0)	false	Completed
P2	3	1	0	Raise(5)+Raise(8)	Refused(MountError::Publish(PublishError::PlacementRefused(NoFreeSlotOnAnyDevice)))(0) Refused(MountError::Publish(PublishError::PlacementRefused(NoFreeSlotOnAnyDevice)))(0)	Refused(PublishError::PlacementRefused(NoFreeSlotOnAnyDevice))(0)	false	Completed
P2	3	1	0	Raise(5)+Raise(13)	Refused(MountError::Publish(PublishError::PlacementRefused(NoFreeSlotOnAnyDevice)))(0) Refused(MountError::Publish(PublishError::PlacementRefused(NoFreeSlotOnAnyDevice)))(0)	Refused(PublishError::PlacementRefused(NoFreeSlotOnAnyDevice))(0)	false	Completed
P2	3	1	0	Raise(5)+Raise(21)	Refused(MountError::Publish(PublishError::PlacementRefused(NoFreeSlotOnAnyDevice)))(0) Refused(MountError::Publish(PublishError::PlacementRefused(NoFreeSlotOnAnyDevice)))(0)	Refused(PublishError::PlacementRefused(NoFreeSlotOnAnyDevice))(0)	false	Completed
P2	3	1	0	Raise(5)+Raise(34)	Refused(MountError::Publish(PublishError::PlacementRefused(NoFreeSlotOnAnyDevice)))(0) Refused(MountError::Publish(PublishError::PlacementRefused(NoFreeSlotOnAnyDevice)))(0)	Refused(PublishError::PlacementRefused(NoFreeSlotOnAnyDevice))(0)	false	Completed
P2	3	1	0	Raise(8)	Refused(MountError::Publish(PublishError::PlacementRefused(NoFreeSlotOnAnyDevice)))(0)	Refused(PublishError::PlacementRefused(NoFreeSlotOnAnyDevice))(0)	false	Completed
P2	3	1	0	Raise(8)+Overwrite	Refused(MountError::Publish(PublishError::PlacementRefused(NoFreeSlotOnAnyDevice)))(0) Refused(PublishError::PlacementRefused(NoFreeSlotOnAnyDevice))(0)	Refused(PublishError::PlacementRefused(NoFreeSlotOnAnyDevice))(0)	false	Completed
P2	3	1	0	Raise(8)+MountWritable	Refused(MountError::Publish(PublishError::PlacementRefused(NoFreeSlotOnAnyDevice)))(0) Mounted(publishes=3)(50)	Published(23)	true	Completed
P2	3	1	0	Raise(8)+ColdStartRecover	Refused(MountError::Publish(PublishError::PlacementRefused(NoFreeSlotOnAnyDevice)))(0) Recovered(0)	NotApplicable(NoWritableSession)(0)	false	Completed
P2	3	1	0	Raise(8)+Rollback(NewestFloor)	Refused(MountError::Publish(PublishError::PlacementRefused(NoFreeSlotOnAnyDevice)))(0) Mounted(publishes=3)(50)	Published(23)	true	Completed
P2	3	1	0	Raise(8)+Rollback(Ring0)	Refused(MountError::Publish(PublishError::PlacementRefused(NoFreeSlotOnAnyDevice)))(0) Mounted(publishes=3)(50)	Published(23)	true	Completed
P2	3	1	0	Raise(8)+Rollback(Ring1)	Refused(MountError::Publish(PublishError::PlacementRefused(NoFreeSlotOnAnyDevice)))(0) Mounted(publishes=3)(50)	Published(23)	true	Completed
P2	3	1	0	Raise(8)+Rollback(Ring2)	Refused(MountError::Publish(PublishError::PlacementRefused(NoFreeSlotOnAnyDevice)))(0) Mounted(publishes=3)(50)	Published(23)	true	Completed
P2	3	1	0	Raise(8)+Rollback(Ring3)	Refused(MountError::Publish(PublishError::PlacementRefused(NoFreeSlotOnAnyDevice)))(0) Mounted(publishes=3)(50)	Published(23)	true	Completed
P2	3	1	0	Raise(8)+Raise(0)	Refused(MountError::Publish(PublishError::PlacementRefused(NoFreeSlotOnAnyDevice)))(0) Refused(MountError::Publish(PublishError::PlacementRefused(NoFreeSlotOnAnyDevice)))(0)	Refused(PublishError::PlacementRefused(NoFreeSlotOnAnyDevice))(0)	false	Completed
P2	3	1	0	Raise(8)+Raise(1)	Refused(MountError::Publish(PublishError::PlacementRefused(NoFreeSlotOnAnyDevice)))(0) Refused(MountError::Publish(PublishError::PlacementRefused(NoFreeSlotOnAnyDevice)))(0)	Refused(PublishError::PlacementRefused(NoFreeSlotOnAnyDevice))(0)	false	Completed
P2	3	1	0	Raise(8)+Raise(2)	Refused(MountError::Publish(PublishError::PlacementRefused(NoFreeSlotOnAnyDevice)))(0) Refused(MountError::Publish(PublishError::PlacementRefused(NoFreeSlotOnAnyDevice)))(0)	Refused(PublishError::PlacementRefused(NoFreeSlotOnAnyDevice))(0)	false	Completed
P2	3	1	0	Raise(8)+Raise(3)	Refused(MountError::Publish(PublishError::PlacementRefused(NoFreeSlotOnAnyDevice)))(0) Refused(MountError::Publish(PublishError::PlacementRefused(NoFreeSlotOnAnyDevice)))(0)	Refused(PublishError::PlacementRefused(NoFreeSlotOnAnyDevice))(0)	false	Completed
P2	3	1	0	Raise(8)+Raise(5)	Refused(MountError::Publish(PublishError::PlacementRefused(NoFreeSlotOnAnyDevice)))(0) Refused(MountError::Publish(PublishError::PlacementRefused(NoFreeSlotOnAnyDevice)))(0)	Refused(PublishError::PlacementRefused(NoFreeSlotOnAnyDevice))(0)	false	Completed
P2	3	1	0	Raise(8)+Raise(8)	Refused(MountError::Publish(PublishError::PlacementRefused(NoFreeSlotOnAnyDevice)))(0) Refused(MountError::Publish(PublishError::PlacementRefused(NoFreeSlotOnAnyDevice)))(0)	Refused(PublishError::PlacementRefused(NoFreeSlotOnAnyDevice))(0)	false	Completed
P2	3	1	0	Raise(8)+Raise(13)	Refused(MountError::Publish(PublishError::PlacementRefused(NoFreeSlotOnAnyDevice)))(0) Refused(MountError::Publish(PublishError::PlacementRefused(NoFreeSlotOnAnyDevice)))(0)	Refused(PublishError::PlacementRefused(NoFreeSlotOnAnyDevice))(0)	false	Completed
P2	3	1	0	Raise(8)+Raise(21)	Refused(MountError::Publish(PublishError::PlacementRefused(NoFreeSlotOnAnyDevice)))(0) Refused(MountError::Publish(PublishError::PlacementRefused(NoFreeSlotOnAnyDevice)))(0)	Refused(PublishError::PlacementRefused(NoFreeSlotOnAnyDevice))(0)	false	Completed
P2	3	1	0	Raise(8)+Raise(34)	Refused(MountError::Publish(PublishError::PlacementRefused(NoFreeSlotOnAnyDevice)))(0) Refused(MountError::Publish(PublishError::PlacementRefused(NoFreeSlotOnAnyDevice)))(0)	Refused(PublishError::PlacementRefused(NoFreeSlotOnAnyDevice))(0)	false	Completed
P2	3	1	0	Raise(13)	Refused(MountError::Publish(PublishError::PlacementRefused(NoFreeSlotOnAnyDevice)))(0)	Refused(PublishError::PlacementRefused(NoFreeSlotOnAnyDevice))(0)	false	Completed
P2	3	1	0	Raise(13)+Overwrite	Refused(MountError::Publish(PublishError::PlacementRefused(NoFreeSlotOnAnyDevice)))(0) Refused(PublishError::PlacementRefused(NoFreeSlotOnAnyDevice))(0)	Refused(PublishError::PlacementRefused(NoFreeSlotOnAnyDevice))(0)	false	Completed
P2	3	1	0	Raise(13)+MountWritable	Refused(MountError::Publish(PublishError::PlacementRefused(NoFreeSlotOnAnyDevice)))(0) Mounted(publishes=3)(50)	Published(23)	true	Completed
P2	3	1	0	Raise(13)+ColdStartRecover	Refused(MountError::Publish(PublishError::PlacementRefused(NoFreeSlotOnAnyDevice)))(0) Recovered(0)	NotApplicable(NoWritableSession)(0)	false	Completed
P2	3	1	0	Raise(13)+Rollback(NewestFloor)	Refused(MountError::Publish(PublishError::PlacementRefused(NoFreeSlotOnAnyDevice)))(0) Mounted(publishes=3)(50)	Published(23)	true	Completed
P2	3	1	0	Raise(13)+Rollback(Ring0)	Refused(MountError::Publish(PublishError::PlacementRefused(NoFreeSlotOnAnyDevice)))(0) Mounted(publishes=3)(50)	Published(23)	true	Completed
P2	3	1	0	Raise(13)+Rollback(Ring1)	Refused(MountError::Publish(PublishError::PlacementRefused(NoFreeSlotOnAnyDevice)))(0) Mounted(publishes=3)(50)	Published(23)	true	Completed
P2	3	1	0	Raise(13)+Rollback(Ring2)	Refused(MountError::Publish(PublishError::PlacementRefused(NoFreeSlotOnAnyDevice)))(0) Mounted(publishes=3)(50)	Published(23)	true	Completed
P2	3	1	0	Raise(13)+Rollback(Ring3)	Refused(MountError::Publish(PublishError::PlacementRefused(NoFreeSlotOnAnyDevice)))(0) Mounted(publishes=3)(50)	Published(23)	true	Completed
P2	3	1	0	Raise(13)+Raise(0)	Refused(MountError::Publish(PublishError::PlacementRefused(NoFreeSlotOnAnyDevice)))(0) Refused(MountError::Publish(PublishError::PlacementRefused(NoFreeSlotOnAnyDevice)))(0)	Refused(PublishError::PlacementRefused(NoFreeSlotOnAnyDevice))(0)	false	Completed
P2	3	1	0	Raise(13)+Raise(1)	Refused(MountError::Publish(PublishError::PlacementRefused(NoFreeSlotOnAnyDevice)))(0) Refused(MountError::Publish(PublishError::PlacementRefused(NoFreeSlotOnAnyDevice)))(0)	Refused(PublishError::PlacementRefused(NoFreeSlotOnAnyDevice))(0)	false	Completed
P2	3	1	0	Raise(13)+Raise(2)	Refused(MountError::Publish(PublishError::PlacementRefused(NoFreeSlotOnAnyDevice)))(0) Refused(MountError::Publish(PublishError::PlacementRefused(NoFreeSlotOnAnyDevice)))(0)	Refused(PublishError::PlacementRefused(NoFreeSlotOnAnyDevice))(0)	false	Completed
P2	3	1	0	Raise(13)+Raise(3)	Refused(MountError::Publish(PublishError::PlacementRefused(NoFreeSlotOnAnyDevice)))(0) Refused(MountError::Publish(PublishError::PlacementRefused(NoFreeSlotOnAnyDevice)))(0)	Refused(PublishError::PlacementRefused(NoFreeSlotOnAnyDevice))(0)	false	Completed
P2	3	1	0	Raise(13)+Raise(5)	Refused(MountError::Publish(PublishError::PlacementRefused(NoFreeSlotOnAnyDevice)))(0) Refused(MountError::Publish(PublishError::PlacementRefused(NoFreeSlotOnAnyDevice)))(0)	Refused(PublishError::PlacementRefused(NoFreeSlotOnAnyDevice))(0)	false	Completed
P2	3	1	0	Raise(13)+Raise(8)	Refused(MountError::Publish(PublishError::PlacementRefused(NoFreeSlotOnAnyDevice)))(0) Refused(MountError::Publish(PublishError::PlacementRefused(NoFreeSlotOnAnyDevice)))(0)	Refused(PublishError::PlacementRefused(NoFreeSlotOnAnyDevice))(0)	false	Completed
P2	3	1	0	Raise(13)+Raise(13)	Refused(MountError::Publish(PublishError::PlacementRefused(NoFreeSlotOnAnyDevice)))(0) Refused(MountError::Publish(PublishError::PlacementRefused(NoFreeSlotOnAnyDevice)))(0)	Refused(PublishError::PlacementRefused(NoFreeSlotOnAnyDevice))(0)	false	Completed
P2	3	1	0	Raise(13)+Raise(21)	Refused(MountError::Publish(PublishError::PlacementRefused(NoFreeSlotOnAnyDevice)))(0) Refused(MountError::Publish(PublishError::PlacementRefused(NoFreeSlotOnAnyDevice)))(0)	Refused(PublishError::PlacementRefused(NoFreeSlotOnAnyDevice))(0)	false	Completed
P2	3	1	0	Raise(13)+Raise(34)	Refused(MountError::Publish(PublishError::PlacementRefused(NoFreeSlotOnAnyDevice)))(0) Refused(MountError::Publish(PublishError::PlacementRefused(NoFreeSlotOnAnyDevice)))(0)	Refused(PublishError::PlacementRefused(NoFreeSlotOnAnyDevice))(0)	false	Completed
P2	3	1	0	Raise(21)	Refused(MountError::Publish(PublishError::PlacementRefused(NoFreeSlotOnAnyDevice)))(0)	Refused(PublishError::PlacementRefused(NoFreeSlotOnAnyDevice))(0)	false	Completed
P2	3	1	0	Raise(21)+Overwrite	Refused(MountError::Publish(PublishError::PlacementRefused(NoFreeSlotOnAnyDevice)))(0) Refused(PublishError::PlacementRefused(NoFreeSlotOnAnyDevice))(0)	Refused(PublishError::PlacementRefused(NoFreeSlotOnAnyDevice))(0)	false	Completed
P2	3	1	0	Raise(21)+MountWritable	Refused(MountError::Publish(PublishError::PlacementRefused(NoFreeSlotOnAnyDevice)))(0) Mounted(publishes=3)(50)	Published(23)	true	Completed
P2	3	1	0	Raise(21)+ColdStartRecover	Refused(MountError::Publish(PublishError::PlacementRefused(NoFreeSlotOnAnyDevice)))(0) Recovered(0)	NotApplicable(NoWritableSession)(0)	false	Completed
P2	3	1	0	Raise(21)+Rollback(NewestFloor)	Refused(MountError::Publish(PublishError::PlacementRefused(NoFreeSlotOnAnyDevice)))(0) Mounted(publishes=3)(50)	Published(23)	true	Completed
P2	3	1	0	Raise(21)+Rollback(Ring0)	Refused(MountError::Publish(PublishError::PlacementRefused(NoFreeSlotOnAnyDevice)))(0) Mounted(publishes=3)(50)	Published(23)	true	Completed
P2	3	1	0	Raise(21)+Rollback(Ring1)	Refused(MountError::Publish(PublishError::PlacementRefused(NoFreeSlotOnAnyDevice)))(0) Mounted(publishes=3)(50)	Published(23)	true	Completed
P2	3	1	0	Raise(21)+Rollback(Ring2)	Refused(MountError::Publish(PublishError::PlacementRefused(NoFreeSlotOnAnyDevice)))(0) Mounted(publishes=3)(50)	Published(23)	true	Completed
P2	3	1	0	Raise(21)+Rollback(Ring3)	Refused(MountError::Publish(PublishError::PlacementRefused(NoFreeSlotOnAnyDevice)))(0) Mounted(publishes=3)(50)	Published(23)	true	Completed
P2	3	1	0	Raise(21)+Raise(0)	Refused(MountError::Publish(PublishError::PlacementRefused(NoFreeSlotOnAnyDevice)))(0) Refused(MountError::Publish(PublishError::PlacementRefused(NoFreeSlotOnAnyDevice)))(0)	Refused(PublishError::PlacementRefused(NoFreeSlotOnAnyDevice))(0)	false	Completed
P2	3	1	0	Raise(21)+Raise(1)	Refused(MountError::Publish(PublishError::PlacementRefused(NoFreeSlotOnAnyDevice)))(0) Refused(MountError::Publish(PublishError::PlacementRefused(NoFreeSlotOnAnyDevice)))(0)	Refused(PublishError::PlacementRefused(NoFreeSlotOnAnyDevice))(0)	false	Completed
P2	3	1	0	Raise(21)+Raise(2)	Refused(MountError::Publish(PublishError::PlacementRefused(NoFreeSlotOnAnyDevice)))(0) Refused(MountError::Publish(PublishError::PlacementRefused(NoFreeSlotOnAnyDevice)))(0)	Refused(PublishError::PlacementRefused(NoFreeSlotOnAnyDevice))(0)	false	Completed
P2	3	1	0	Raise(21)+Raise(3)	Refused(MountError::Publish(PublishError::PlacementRefused(NoFreeSlotOnAnyDevice)))(0) Refused(MountError::Publish(PublishError::PlacementRefused(NoFreeSlotOnAnyDevice)))(0)	Refused(PublishError::PlacementRefused(NoFreeSlotOnAnyDevice))(0)	false	Completed
P2	3	1	0	Raise(21)+Raise(5)	Refused(MountError::Publish(PublishError::PlacementRefused(NoFreeSlotOnAnyDevice)))(0) Refused(MountError::Publish(PublishError::PlacementRefused(NoFreeSlotOnAnyDevice)))(0)	Refused(PublishError::PlacementRefused(NoFreeSlotOnAnyDevice))(0)	false	Completed
P2	3	1	0	Raise(21)+Raise(8)	Refused(MountError::Publish(PublishError::PlacementRefused(NoFreeSlotOnAnyDevice)))(0) Refused(MountError::Publish(PublishError::PlacementRefused(NoFreeSlotOnAnyDevice)))(0)	Refused(PublishError::PlacementRefused(NoFreeSlotOnAnyDevice))(0)	false	Completed
P2	3	1	0	Raise(21)+Raise(13)	Refused(MountError::Publish(PublishError::PlacementRefused(NoFreeSlotOnAnyDevice)))(0) Refused(MountError::Publish(PublishError::PlacementRefused(NoFreeSlotOnAnyDevice)))(0)	Refused(PublishError::PlacementRefused(NoFreeSlotOnAnyDevice))(0)	false	Completed
P2	3	1	0	Raise(21)+Raise(21)	Refused(MountError::Publish(PublishError::PlacementRefused(NoFreeSlotOnAnyDevice)))(0) Refused(MountError::Publish(PublishError::PlacementRefused(NoFreeSlotOnAnyDevice)))(0)	Refused(PublishError::PlacementRefused(NoFreeSlotOnAnyDevice))(0)	false	Completed
P2	3	1	0	Raise(21)+Raise(34)	Refused(MountError::Publish(PublishError::PlacementRefused(NoFreeSlotOnAnyDevice)))(0) Refused(MountError::Publish(PublishError::PlacementRefused(NoFreeSlotOnAnyDevice)))(0)	Refused(PublishError::PlacementRefused(NoFreeSlotOnAnyDevice))(0)	false	Completed
P2	3	1	0	Raise(34)	Refused(MountError::Publish(PublishError::PlacementRefused(NoFreeSlotOnAnyDevice)))(0)	Refused(PublishError::PlacementRefused(NoFreeSlotOnAnyDevice))(0)	false	Completed
P2	3	1	0	Raise(34)+Overwrite	Refused(MountError::Publish(PublishError::PlacementRefused(NoFreeSlotOnAnyDevice)))(0) Refused(PublishError::PlacementRefused(NoFreeSlotOnAnyDevice))(0)	Refused(PublishError::PlacementRefused(NoFreeSlotOnAnyDevice))(0)	false	Completed
P2	3	1	0	Raise(34)+MountWritable	Refused(MountError::Publish(PublishError::PlacementRefused(NoFreeSlotOnAnyDevice)))(0) Mounted(publishes=3)(50)	Published(23)	true	Completed
P2	3	1	0	Raise(34)+ColdStartRecover	Refused(MountError::Publish(PublishError::PlacementRefused(NoFreeSlotOnAnyDevice)))(0) Recovered(0)	NotApplicable(NoWritableSession)(0)	false	Completed
P2	3	1	0	Raise(34)+Rollback(NewestFloor)	Refused(MountError::Publish(PublishError::PlacementRefused(NoFreeSlotOnAnyDevice)))(0) Mounted(publishes=3)(50)	Published(23)	true	Completed
P2	3	1	0	Raise(34)+Rollback(Ring0)	Refused(MountError::Publish(PublishError::PlacementRefused(NoFreeSlotOnAnyDevice)))(0) Mounted(publishes=3)(50)	Published(23)	true	Completed
P2	3	1	0	Raise(34)+Rollback(Ring1)	Refused(MountError::Publish(PublishError::PlacementRefused(NoFreeSlotOnAnyDevice)))(0) Mounted(publishes=3)(50)	Published(23)	true	Completed
P2	3	1	0	Raise(34)+Rollback(Ring2)	Refused(MountError::Publish(PublishError::PlacementRefused(NoFreeSlotOnAnyDevice)))(0) Mounted(publishes=3)(50)	Published(23)	true	Completed
P2	3	1	0	Raise(34)+Rollback(Ring3)	Refused(MountError::Publish(PublishError::PlacementRefused(NoFreeSlotOnAnyDevice)))(0) Mounted(publishes=3)(50)	Published(23)	true	Completed
P2	3	1	0	Raise(34)+Raise(0)	Refused(MountError::Publish(PublishError::PlacementRefused(NoFreeSlotOnAnyDevice)))(0) Refused(MountError::Publish(PublishError::PlacementRefused(NoFreeSlotOnAnyDevice)))(0)	Refused(PublishError::PlacementRefused(NoFreeSlotOnAnyDevice))(0)	false	Completed
P2	3	1	0	Raise(34)+Raise(1)	Refused(MountError::Publish(PublishError::PlacementRefused(NoFreeSlotOnAnyDevice)))(0) Refused(MountError::Publish(PublishError::PlacementRefused(NoFreeSlotOnAnyDevice)))(0)	Refused(PublishError::PlacementRefused(NoFreeSlotOnAnyDevice))(0)	false	Completed
P2	3	1	0	Raise(34)+Raise(2)	Refused(MountError::Publish(PublishError::PlacementRefused(NoFreeSlotOnAnyDevice)))(0) Refused(MountError::Publish(PublishError::PlacementRefused(NoFreeSlotOnAnyDevice)))(0)	Refused(PublishError::PlacementRefused(NoFreeSlotOnAnyDevice))(0)	false	Completed
P2	3	1	0	Raise(34)+Raise(3)	Refused(MountError::Publish(PublishError::PlacementRefused(NoFreeSlotOnAnyDevice)))(0) Refused(MountError::Publish(PublishError::PlacementRefused(NoFreeSlotOnAnyDevice)))(0)	Refused(PublishError::PlacementRefused(NoFreeSlotOnAnyDevice))(0)	false	Completed
P2	3	1	0	Raise(34)+Raise(5)	Refused(MountError::Publish(PublishError::PlacementRefused(NoFreeSlotOnAnyDevice)))(0) Refused(MountError::Publish(PublishError::PlacementRefused(NoFreeSlotOnAnyDevice)))(0)	Refused(PublishError::PlacementRefused(NoFreeSlotOnAnyDevice))(0)	false	Completed
P2	3	1	0	Raise(34)+Raise(8)	Refused(MountError::Publish(PublishError::PlacementRefused(NoFreeSlotOnAnyDevice)))(0) Refused(MountError::Publish(PublishError::PlacementRefused(NoFreeSlotOnAnyDevice)))(0)	Refused(PublishError::PlacementRefused(NoFreeSlotOnAnyDevice))(0)	false	Completed
P2	3	1	0	Raise(34)+Raise(13)	Refused(MountError::Publish(PublishError::PlacementRefused(NoFreeSlotOnAnyDevice)))(0) Refused(MountError::Publish(PublishError::PlacementRefused(NoFreeSlotOnAnyDevice)))(0)	Refused(PublishError::PlacementRefused(NoFreeSlotOnAnyDevice))(0)	false	Completed
P2	3	1	0	Raise(34)+Raise(21)	Refused(MountError::Publish(PublishError::PlacementRefused(NoFreeSlotOnAnyDevice)))(0) Refused(MountError::Publish(PublishError::PlacementRefused(NoFreeSlotOnAnyDevice)))(0)	Refused(PublishError::PlacementRefused(NoFreeSlotOnAnyDevice))(0)	false	Completed
P2	3	1	0	Raise(34)+Raise(34)	Refused(MountError::Publish(PublishError::PlacementRefused(NoFreeSlotOnAnyDevice)))(0) Refused(MountError::Publish(PublishError::PlacementRefused(NoFreeSlotOnAnyDevice)))(0)	Refused(PublishError::PlacementRefused(NoFreeSlotOnAnyDevice))(0)	false	Completed
P2	3	2	0	Overwrite	Refused(PublishError::PlacementRefused(NoFreeSlotOnAnyDevice))(0)	Refused(PublishError::PlacementRefused(NoFreeSlotOnAnyDevice))(0)	false	Completed
P2	3	2	0	Overwrite+Overwrite	Refused(PublishError::PlacementRefused(NoFreeSlotOnAnyDevice))(0) Refused(PublishError::PlacementRefused(NoFreeSlotOnAnyDevice))(0)	Refused(PublishError::PlacementRefused(NoFreeSlotOnAnyDevice))(0)	false	Completed
P2	3	2	0	Overwrite+MountWritable	Refused(PublishError::PlacementRefused(NoFreeSlotOnAnyDevice))(0) Mounted(publishes=2)(35)	Published(23)	true	Completed
P2	3	2	0	Overwrite+ColdStartRecover	Refused(PublishError::PlacementRefused(NoFreeSlotOnAnyDevice))(0) Recovered(0)	NotApplicable(NoWritableSession)(0)	false	Completed
P2	3	2	0	Overwrite+Rollback(NewestFloor)	Refused(PublishError::PlacementRefused(NoFreeSlotOnAnyDevice))(0) Mounted(publishes=2)(35)	Published(23)	true	Completed
P2	3	2	0	Overwrite+Rollback(Ring0)	Refused(PublishError::PlacementRefused(NoFreeSlotOnAnyDevice))(0) Mounted(publishes=2)(35)	Published(23)	true	Completed
P2	3	2	0	Overwrite+Rollback(Ring1)	Refused(PublishError::PlacementRefused(NoFreeSlotOnAnyDevice))(0) Mounted(publishes=2)(35)	Published(23)	true	Completed
P2	3	2	0	Overwrite+Rollback(Ring2)	Refused(PublishError::PlacementRefused(NoFreeSlotOnAnyDevice))(0) Mounted(publishes=2)(35)	Published(23)	true	Completed
P2	3	2	0	Overwrite+Rollback(Ring3)	Refused(PublishError::PlacementRefused(NoFreeSlotOnAnyDevice))(0) Mounted(publishes=2)(35)	Published(23)	true	Completed
P2	3	2	0	Overwrite+Raise(0)	Refused(PublishError::PlacementRefused(NoFreeSlotOnAnyDevice))(0) Refused(MountError::Publish(PublishError::PlacementRefused(NoFreeSlotOnAnyDevice)))(0)	Refused(PublishError::PlacementRefused(NoFreeSlotOnAnyDevice))(0)	false	Completed
P2	3	2	0	Overwrite+Raise(1)	Refused(PublishError::PlacementRefused(NoFreeSlotOnAnyDevice))(0) Refused(MountError::Publish(PublishError::PlacementRefused(NoFreeSlotOnAnyDevice)))(0)	Refused(PublishError::PlacementRefused(NoFreeSlotOnAnyDevice))(0)	false	Completed
P2	3	2	0	Overwrite+Raise(2)	Refused(PublishError::PlacementRefused(NoFreeSlotOnAnyDevice))(0) Refused(MountError::Publish(PublishError::PlacementRefused(NoFreeSlotOnAnyDevice)))(0)	Refused(PublishError::PlacementRefused(NoFreeSlotOnAnyDevice))(0)	false	Completed
P2	3	2	0	Overwrite+Raise(3)	Refused(PublishError::PlacementRefused(NoFreeSlotOnAnyDevice))(0) Refused(MountError::Publish(PublishError::PlacementRefused(NoFreeSlotOnAnyDevice)))(0)	Refused(PublishError::PlacementRefused(NoFreeSlotOnAnyDevice))(0)	false	Completed
P2	3	2	0	Overwrite+Raise(5)	Refused(PublishError::PlacementRefused(NoFreeSlotOnAnyDevice))(0) Refused(MountError::Publish(PublishError::PlacementRefused(NoFreeSlotOnAnyDevice)))(0)	Refused(PublishError::PlacementRefused(NoFreeSlotOnAnyDevice))(0)	false	Completed
P2	3	2	0	Overwrite+Raise(8)	Refused(PublishError::PlacementRefused(NoFreeSlotOnAnyDevice))(0) Refused(MountError::Publish(PublishError::PlacementRefused(NoFreeSlotOnAnyDevice)))(0)	Refused(PublishError::PlacementRefused(NoFreeSlotOnAnyDevice))(0)	false	Completed
P2	3	2	0	Overwrite+Raise(13)	Refused(PublishError::PlacementRefused(NoFreeSlotOnAnyDevice))(0) Refused(MountError::Publish(PublishError::PlacementRefused(NoFreeSlotOnAnyDevice)))(0)	Refused(PublishError::PlacementRefused(NoFreeSlotOnAnyDevice))(0)	false	Completed
P2	3	2	0	Overwrite+Raise(21)	Refused(PublishError::PlacementRefused(NoFreeSlotOnAnyDevice))(0) Refused(MountError::Publish(PublishError::PlacementRefused(NoFreeSlotOnAnyDevice)))(0)	Refused(PublishError::PlacementRefused(NoFreeSlotOnAnyDevice))(0)	false	Completed
P2	3	2	0	Overwrite+Raise(34)	Refused(PublishError::PlacementRefused(NoFreeSlotOnAnyDevice))(0) Refused(MountError::Publish(PublishError::PlacementRefused(NoFreeSlotOnAnyDevice)))(0)	Refused(PublishError::PlacementRefused(NoFreeSlotOnAnyDevice))(0)	false	Completed
P2	3	2	0	MountWritable	Mounted(publishes=2)(35)	Published(23)	true	Completed
P2	3	2	0	MountWritable+Overwrite	Mounted(publishes=2)(35) Published(23)	Published(23)	true	Completed
P2	3	2	0	MountWritable+MountWritable	Mounted(publishes=2)(35) Mounted(publishes=3)(50)	Published(23)	true	Completed
P2	3	2	0	MountWritable+ColdStartRecover	Mounted(publishes=2)(35) Recovered(0)	NotApplicable(NoWritableSession)(0)	false	Completed
P2	3	2	0	MountWritable+Rollback(NewestFloor)	Mounted(publishes=2)(35) Mounted(publishes=3)(50)	Published(23)	true	Completed
P2	3	2	0	MountWritable+Rollback(Ring0)	Mounted(publishes=2)(35) Mounted(publishes=3)(50)	Published(23)	true	Completed
P2	3	2	0	MountWritable+Rollback(Ring1)	Mounted(publishes=2)(35) Mounted(publishes=3)(50)	Published(23)	true	Completed
P2	3	2	0	MountWritable+Rollback(Ring2)	Mounted(publishes=2)(35) Mounted(publishes=3)(50)	Published(23)	true	Completed
P2	3	2	0	MountWritable+Rollback(Ring3)	Mounted(publishes=2)(35) Mounted(publishes=3)(50)	Published(23)	true	Completed
P2	3	2	0	MountWritable+Raise(0)	Mounted(publishes=2)(35) RaisedFloor(F=0,publishes=3)(45)	Published(23)	true	Completed
P2	3	2	0	MountWritable+Raise(1)	Mounted(publishes=2)(35) RaisedFloor(F=1,publishes=3)(45)	Published(23)	true	Completed
P2	3	2	0	MountWritable+Raise(2)	Mounted(publishes=2)(35) RaisedFloor(F=2,publishes=3)(45)	Published(23)	true	Completed
P2	3	2	0	MountWritable+Raise(3)	Mounted(publishes=2)(35) RaisedFloor(F=3,publishes=3)(45)	Published(23)	true	Completed
P2	3	2	0	MountWritable+Raise(5)	Mounted(publishes=2)(35) RaisedFloor(F=5,publishes=3)(45)	Published(23)	true	Completed
P2	3	2	0	MountWritable+Raise(8)	Mounted(publishes=2)(35) RaisedFloor(F=8,publishes=3)(45)	Published(23)	true	Completed
P2	3	2	0	MountWritable+Raise(13)	Mounted(publishes=2)(35) RaisedFloor(F=13,publishes=3)(45)	Published(23)	true	Completed
P2	3	2	0	MountWritable+Raise(21)	Mounted(publishes=2)(35) RaisedFloor(F=21,publishes=3)(45)	Published(23)	true	Completed
P2	3	2	0	MountWritable+Raise(34)	Mounted(publishes=2)(35) RaisedFloor(F=34,publishes=3)(45)	Published(23)	true	Completed
P2	3	2	0	ColdStartRecover	Recovered(0)	NotApplicable(NoWritableSession)(0)	false	Completed
P2	3	2	0	ColdStartRecover+Overwrite	Recovered(0) NotApplicable(NoWritableSession)(0)	NotApplicable(NoWritableSession)(0)	false	Completed
P2	3	2	0	ColdStartRecover+MountWritable	Recovered(0) Mounted(publishes=2)(35)	Published(23)	true	Completed
P2	3	2	0	ColdStartRecover+ColdStartRecover	Recovered(0) Recovered(0)	NotApplicable(NoWritableSession)(0)	false	Completed
P2	3	2	0	ColdStartRecover+Rollback(NewestFloor)	Recovered(0) Mounted(publishes=2)(35)	Published(23)	true	Completed
P2	3	2	0	ColdStartRecover+Rollback(Ring0)	Recovered(0) Mounted(publishes=2)(35)	Published(23)	true	Completed
P2	3	2	0	ColdStartRecover+Rollback(Ring1)	Recovered(0) Mounted(publishes=2)(35)	Published(23)	true	Completed
P2	3	2	0	ColdStartRecover+Rollback(Ring2)	Recovered(0) Mounted(publishes=2)(35)	Published(23)	true	Completed
P2	3	2	0	ColdStartRecover+Rollback(Ring3)	Recovered(0) Mounted(publishes=2)(35)	Published(23)	true	Completed
P2	3	2	0	ColdStartRecover+Raise(0)	Recovered(0) NotApplicable(NoWritableSession)(0)	NotApplicable(NoWritableSession)(0)	false	Completed
P2	3	2	0	ColdStartRecover+Raise(1)	Recovered(0) NotApplicable(NoWritableSession)(0)	NotApplicable(NoWritableSession)(0)	false	Completed
P2	3	2	0	ColdStartRecover+Raise(2)	Recovered(0) NotApplicable(NoWritableSession)(0)	NotApplicable(NoWritableSession)(0)	false	Completed
P2	3	2	0	ColdStartRecover+Raise(3)	Recovered(0) NotApplicable(NoWritableSession)(0)	NotApplicable(NoWritableSession)(0)	false	Completed
P2	3	2	0	ColdStartRecover+Raise(5)	Recovered(0) NotApplicable(NoWritableSession)(0)	NotApplicable(NoWritableSession)(0)	false	Completed
P2	3	2	0	ColdStartRecover+Raise(8)	Recovered(0) NotApplicable(NoWritableSession)(0)	NotApplicable(NoWritableSession)(0)	false	Completed
P2	3	2	0	ColdStartRecover+Raise(13)	Recovered(0) NotApplicable(NoWritableSession)(0)	NotApplicable(NoWritableSession)(0)	false	Completed
P2	3	2	0	ColdStartRecover+Raise(21)	Recovered(0) NotApplicable(NoWritableSession)(0)	NotApplicable(NoWritableSession)(0)	false	Completed
P2	3	2	0	ColdStartRecover+Raise(34)	Recovered(0) NotApplicable(NoWritableSession)(0)	NotApplicable(NoWritableSession)(0)	false	Completed
P2	3	2	0	Rollback(NewestFloor)	Mounted(publishes=2)(35)	Published(23)	true	Completed
P2	3	2	0	Rollback(NewestFloor)+Overwrite	Mounted(publishes=2)(35) Published(23)	Published(23)	true	Completed
P2	3	2	0	Rollback(NewestFloor)+MountWritable	Mounted(publishes=2)(35) Mounted(publishes=3)(50)	Published(23)	true	Completed
P2	3	2	0	Rollback(NewestFloor)+ColdStartRecover	Mounted(publishes=2)(35) Recovered(0)	NotApplicable(NoWritableSession)(0)	false	Completed
P2	3	2	0	Rollback(NewestFloor)+Rollback(NewestFloor)	Mounted(publishes=2)(35) Mounted(publishes=3)(50)	Published(23)	true	Completed
P2	3	2	0	Rollback(NewestFloor)+Rollback(Ring0)	Mounted(publishes=2)(35) Mounted(publishes=3)(50)	Published(23)	true	Completed
P2	3	2	0	Rollback(NewestFloor)+Rollback(Ring1)	Mounted(publishes=2)(35) Mounted(publishes=3)(50)	Published(23)	true	Completed
P2	3	2	0	Rollback(NewestFloor)+Rollback(Ring2)	Mounted(publishes=2)(35) Mounted(publishes=3)(50)	Published(23)	true	Completed
P2	3	2	0	Rollback(NewestFloor)+Rollback(Ring3)	Mounted(publishes=2)(35) Mounted(publishes=3)(50)	Published(23)	true	Completed
P2	3	2	0	Rollback(NewestFloor)+Raise(0)	Mounted(publishes=2)(35) RaisedFloor(F=0,publishes=3)(45)	Published(23)	true	Completed
P2	3	2	0	Rollback(NewestFloor)+Raise(1)	Mounted(publishes=2)(35) RaisedFloor(F=1,publishes=3)(45)	Published(23)	true	Completed
P2	3	2	0	Rollback(NewestFloor)+Raise(2)	Mounted(publishes=2)(35) RaisedFloor(F=2,publishes=3)(45)	Published(23)	true	Completed
P2	3	2	0	Rollback(NewestFloor)+Raise(3)	Mounted(publishes=2)(35) RaisedFloor(F=3,publishes=3)(45)	Published(23)	true	Completed
P2	3	2	0	Rollback(NewestFloor)+Raise(5)	Mounted(publishes=2)(35) RaisedFloor(F=5,publishes=3)(45)	Published(23)	true	Completed
P2	3	2	0	Rollback(NewestFloor)+Raise(8)	Mounted(publishes=2)(35) RaisedFloor(F=8,publishes=3)(45)	Published(23)	true	Completed
P2	3	2	0	Rollback(NewestFloor)+Raise(13)	Mounted(publishes=2)(35) RaisedFloor(F=13,publishes=3)(45)	Published(23)	true	Completed
P2	3	2	0	Rollback(NewestFloor)+Raise(21)	Mounted(publishes=2)(35) RaisedFloor(F=21,publishes=3)(45)	Published(23)	true	Completed
P2	3	2	0	Rollback(NewestFloor)+Raise(34)	Mounted(publishes=2)(35) RaisedFloor(F=34,publishes=3)(45)	Published(23)	true	Completed
P2	3	2	0	Rollback(Ring0)	Mounted(publishes=2)(35)	Published(23)	true	Completed
P2	3	2	0	Rollback(Ring0)+Overwrite	Mounted(publishes=2)(35) Published(23)	Published(23)	true	Completed
P2	3	2	0	Rollback(Ring0)+MountWritable	Mounted(publishes=2)(35) Mounted(publishes=3)(50)	Published(23)	true	Completed
P2	3	2	0	Rollback(Ring0)+ColdStartRecover	Mounted(publishes=2)(35) Recovered(0)	NotApplicable(NoWritableSession)(0)	false	Completed
P2	3	2	0	Rollback(Ring0)+Rollback(NewestFloor)	Mounted(publishes=2)(35) Mounted(publishes=3)(50)	Published(23)	true	Completed
P2	3	2	0	Rollback(Ring0)+Rollback(Ring0)	Mounted(publishes=2)(35) Mounted(publishes=3)(50)	Published(23)	true	Completed
P2	3	2	0	Rollback(Ring0)+Rollback(Ring1)	Mounted(publishes=2)(35) Mounted(publishes=3)(50)	Published(23)	true	Completed
P2	3	2	0	Rollback(Ring0)+Rollback(Ring2)	Mounted(publishes=2)(35) Mounted(publishes=3)(50)	Published(23)	true	Completed
P2	3	2	0	Rollback(Ring0)+Rollback(Ring3)	Mounted(publishes=2)(35) Mounted(publishes=3)(50)	Published(23)	true	Completed
P2	3	2	0	Rollback(Ring0)+Raise(0)	Mounted(publishes=2)(35) RaisedFloor(F=0,publishes=3)(45)	Published(23)	true	Completed
P2	3	2	0	Rollback(Ring0)+Raise(1)	Mounted(publishes=2)(35) RaisedFloor(F=1,publishes=3)(45)	Published(23)	true	Completed
P2	3	2	0	Rollback(Ring0)+Raise(2)	Mounted(publishes=2)(35) RaisedFloor(F=2,publishes=3)(45)	Published(23)	true	Completed
P2	3	2	0	Rollback(Ring0)+Raise(3)	Mounted(publishes=2)(35) RaisedFloor(F=3,publishes=3)(45)	Published(23)	true	Completed
P2	3	2	0	Rollback(Ring0)+Raise(5)	Mounted(publishes=2)(35) RaisedFloor(F=5,publishes=3)(45)	Published(23)	true	Completed
P2	3	2	0	Rollback(Ring0)+Raise(8)	Mounted(publishes=2)(35) RaisedFloor(F=8,publishes=3)(45)	Published(23)	true	Completed
P2	3	2	0	Rollback(Ring0)+Raise(13)	Mounted(publishes=2)(35) RaisedFloor(F=13,publishes=3)(45)	Published(23)	true	Completed
P2	3	2	0	Rollback(Ring0)+Raise(21)	Mounted(publishes=2)(35) RaisedFloor(F=21,publishes=3)(45)	Published(23)	true	Completed
P2	3	2	0	Rollback(Ring0)+Raise(34)	Mounted(publishes=2)(35) RaisedFloor(F=34,publishes=3)(45)	Published(23)	true	Completed
P2	3	2	0	Rollback(Ring1)	Mounted(publishes=2)(35)	Published(23)	true	Completed
P2	3	2	0	Rollback(Ring1)+Overwrite	Mounted(publishes=2)(35) Published(23)	Published(23)	true	Completed
P2	3	2	0	Rollback(Ring1)+MountWritable	Mounted(publishes=2)(35) Mounted(publishes=3)(50)	Published(23)	true	Completed
P2	3	2	0	Rollback(Ring1)+ColdStartRecover	Mounted(publishes=2)(35) Recovered(0)	NotApplicable(NoWritableSession)(0)	false	Completed
P2	3	2	0	Rollback(Ring1)+Rollback(NewestFloor)	Mounted(publishes=2)(35) Mounted(publishes=3)(50)	Published(23)	true	Completed
P2	3	2	0	Rollback(Ring1)+Rollback(Ring0)	Mounted(publishes=2)(35) Mounted(publishes=3)(50)	Published(23)	true	Completed
P2	3	2	0	Rollback(Ring1)+Rollback(Ring1)	Mounted(publishes=2)(35) Mounted(publishes=3)(50)	Published(23)	true	Completed
P2	3	2	0	Rollback(Ring1)+Rollback(Ring2)	Mounted(publishes=2)(35) Refused(MountError::RollbackTargetNotACandidate(OnAbandonedTimeline))(0)	NotApplicable(NoWritableSession)(0)	false	Completed
P2	3	2	0	Rollback(Ring1)+Rollback(Ring3)	Mounted(publishes=2)(35) Mounted(publishes=3)(50)	Published(23)	true	Completed
P2	3	2	0	Rollback(Ring1)+Raise(0)	Mounted(publishes=2)(35) RaisedFloor(F=0,publishes=3)(45)	Published(23)	true	Completed
P2	3	2	0	Rollback(Ring1)+Raise(1)	Mounted(publishes=2)(35) RaisedFloor(F=1,publishes=3)(45)	Published(23)	true	Completed
P2	3	2	0	Rollback(Ring1)+Raise(2)	Mounted(publishes=2)(35) RaisedFloor(F=2,publishes=3)(45)	Published(23)	true	Completed
P2	3	2	0	Rollback(Ring1)+Raise(3)	Mounted(publishes=2)(35) RaisedFloor(F=3,publishes=3)(45)	Published(23)	true	Completed
P2	3	2	0	Rollback(Ring1)+Raise(5)	Mounted(publishes=2)(35) RaisedFloor(F=5,publishes=3)(45)	Published(23)	true	Completed
P2	3	2	0	Rollback(Ring1)+Raise(8)	Mounted(publishes=2)(35) RaisedFloor(F=8,publishes=3)(45)	Published(23)	true	Completed
P2	3	2	0	Rollback(Ring1)+Raise(13)	Mounted(publishes=2)(35) RaisedFloor(F=13,publishes=3)(45)	Published(23)	true	Completed
P2	3	2	0	Rollback(Ring1)+Raise(21)	Mounted(publishes=2)(35) RaisedFloor(F=21,publishes=3)(45)	Published(23)	true	Completed
P2	3	2	0	Rollback(Ring1)+Raise(34)	Mounted(publishes=2)(35) RaisedFloor(F=34,publishes=3)(45)	Published(23)	true	Completed
P2	3	2	0	Rollback(Ring2)	Mounted(publishes=2)(35)	Published(23)	true	Completed
P2	3	2	0	Rollback(Ring2)+Overwrite	Mounted(publishes=2)(35) Published(23)	Published(23)	true	Completed
P2	3	2	0	Rollback(Ring2)+MountWritable	Mounted(publishes=2)(35) Mounted(publishes=3)(50)	Published(23)	true	Completed
P2	3	2	0	Rollback(Ring2)+ColdStartRecover	Mounted(publishes=2)(35) Recovered(0)	NotApplicable(NoWritableSession)(0)	false	Completed
P2	3	2	0	Rollback(Ring2)+Rollback(NewestFloor)	Mounted(publishes=2)(35) Mounted(publishes=3)(50)	Published(23)	true	Completed
P2	3	2	0	Rollback(Ring2)+Rollback(Ring0)	Mounted(publishes=2)(35) Mounted(publishes=3)(50)	Published(23)	true	Completed
P2	3	2	0	Rollback(Ring2)+Rollback(Ring1)	Mounted(publishes=2)(35) Mounted(publishes=3)(50)	Published(23)	true	Completed
P2	3	2	0	Rollback(Ring2)+Rollback(Ring2)	Mounted(publishes=2)(35) Refused(MountError::RollbackTargetNotACandidate(OnAbandonedTimeline))(0)	NotApplicable(NoWritableSession)(0)	false	Completed
P2	3	2	0	Rollback(Ring2)+Rollback(Ring3)	Mounted(publishes=2)(35) Refused(MountError::RollbackTargetNotACandidate(OnAbandonedTimeline))(0)	NotApplicable(NoWritableSession)(0)	false	Completed
P2	3	2	0	Rollback(Ring2)+Raise(0)	Mounted(publishes=2)(35) RaisedFloor(F=0,publishes=3)(45)	Published(23)	true	Completed
P2	3	2	0	Rollback(Ring2)+Raise(1)	Mounted(publishes=2)(35) RaisedFloor(F=1,publishes=3)(45)	Published(23)	true	Completed
P2	3	2	0	Rollback(Ring2)+Raise(2)	Mounted(publishes=2)(35) RaisedFloor(F=2,publishes=3)(45)	Published(23)	true	Completed
P2	3	2	0	Rollback(Ring2)+Raise(3)	Mounted(publishes=2)(35) RaisedFloor(F=3,publishes=3)(45)	Published(23)	true	Completed
P2	3	2	0	Rollback(Ring2)+Raise(5)	Mounted(publishes=2)(35) RaisedFloor(F=5,publishes=3)(45)	Published(23)	true	Completed
P2	3	2	0	Rollback(Ring2)+Raise(8)	Mounted(publishes=2)(35) RaisedFloor(F=8,publishes=3)(45)	Published(23)	true	Completed
P2	3	2	0	Rollback(Ring2)+Raise(13)	Mounted(publishes=2)(35) RaisedFloor(F=13,publishes=3)(45)	Published(23)	true	Completed
P2	3	2	0	Rollback(Ring2)+Raise(21)	Mounted(publishes=2)(35) RaisedFloor(F=21,publishes=3)(45)	Published(23)	true	Completed
P2	3	2	0	Rollback(Ring2)+Raise(34)	Mounted(publishes=2)(35) RaisedFloor(F=34,publishes=3)(45)	Published(23)	true	Completed
P2	3	2	0	Rollback(Ring3)	Mounted(publishes=2)(35)	Published(23)	true	Completed
P2	3	2	0	Rollback(Ring3)+Overwrite	Mounted(publishes=2)(35) Published(23)	Published(23)	true	Completed
P2	3	2	0	Rollback(Ring3)+MountWritable	Mounted(publishes=2)(35) Mounted(publishes=3)(50)	Published(23)	true	Completed
P2	3	2	0	Rollback(Ring3)+ColdStartRecover	Mounted(publishes=2)(35) Recovered(0)	NotApplicable(NoWritableSession)(0)	false	Completed
P2	3	2	0	Rollback(Ring3)+Rollback(NewestFloor)	Mounted(publishes=2)(35) Mounted(publishes=3)(50)	Published(23)	true	Completed
P2	3	2	0	Rollback(Ring3)+Rollback(Ring0)	Mounted(publishes=2)(35) Mounted(publishes=3)(50)	Published(23)	true	Completed
P2	3	2	0	Rollback(Ring3)+Rollback(Ring1)	Mounted(publishes=2)(35) Mounted(publishes=3)(50)	Published(23)	true	Completed
P2	3	2	0	Rollback(Ring3)+Rollback(Ring2)	Mounted(publishes=2)(35) Refused(MountError::RollbackTargetNotACandidate(OnAbandonedTimeline))(0)	NotApplicable(NoWritableSession)(0)	false	Completed
P2	3	2	0	Rollback(Ring3)+Rollback(Ring3)	Mounted(publishes=2)(35) Refused(MountError::RollbackTargetNotACandidate(OnAbandonedTimeline))(0)	NotApplicable(NoWritableSession)(0)	false	Completed
P2	3	2	0	Rollback(Ring3)+Raise(0)	Mounted(publishes=2)(35) RaisedFloor(F=0,publishes=3)(45)	Published(23)	true	Completed
P2	3	2	0	Rollback(Ring3)+Raise(1)	Mounted(publishes=2)(35) RaisedFloor(F=1,publishes=3)(45)	Published(23)	true	Completed
P2	3	2	0	Rollback(Ring3)+Raise(2)	Mounted(publishes=2)(35) RaisedFloor(F=2,publishes=3)(45)	Published(23)	true	Completed
P2	3	2	0	Rollback(Ring3)+Raise(3)	Mounted(publishes=2)(35) RaisedFloor(F=3,publishes=3)(45)	Published(23)	true	Completed
P2	3	2	0	Rollback(Ring3)+Raise(5)	Mounted(publishes=2)(35) RaisedFloor(F=5,publishes=3)(45)	Published(23)	true	Completed
P2	3	2	0	Rollback(Ring3)+Raise(8)	Mounted(publishes=2)(35) RaisedFloor(F=8,publishes=3)(45)	Published(23)	true	Completed
P2	3	2	0	Rollback(Ring3)+Raise(13)	Mounted(publishes=2)(35) RaisedFloor(F=13,publishes=3)(45)	Published(23)	true	Completed
P2	3	2	0	Rollback(Ring3)+Raise(21)	Mounted(publishes=2)(35) RaisedFloor(F=21,publishes=3)(45)	Published(23)	true	Completed
P2	3	2	0	Rollback(Ring3)+Raise(34)	Mounted(publishes=2)(35) RaisedFloor(F=34,publishes=3)(45)	Published(23)	true	Completed
P2	3	2	0	Raise(0)	Refused(MountError::Publish(PublishError::PlacementRefused(NoFreeSlotOnAnyDevice)))(0)	Refused(PublishError::PlacementRefused(NoFreeSlotOnAnyDevice))(0)	false	Completed
P2	3	2	0	Raise(0)+Overwrite	Refused(MountError::Publish(PublishError::PlacementRefused(NoFreeSlotOnAnyDevice)))(0) Refused(PublishError::PlacementRefused(NoFreeSlotOnAnyDevice))(0)	Refused(PublishError::PlacementRefused(NoFreeSlotOnAnyDevice))(0)	false	Completed
P2	3	2	0	Raise(0)+MountWritable	Refused(MountError::Publish(PublishError::PlacementRefused(NoFreeSlotOnAnyDevice)))(0) Mounted(publishes=2)(35)	Published(23)	true	Completed
P2	3	2	0	Raise(0)+ColdStartRecover	Refused(MountError::Publish(PublishError::PlacementRefused(NoFreeSlotOnAnyDevice)))(0) Recovered(0)	NotApplicable(NoWritableSession)(0)	false	Completed
P2	3	2	0	Raise(0)+Rollback(NewestFloor)	Refused(MountError::Publish(PublishError::PlacementRefused(NoFreeSlotOnAnyDevice)))(0) Mounted(publishes=2)(35)	Published(23)	true	Completed
P2	3	2	0	Raise(0)+Rollback(Ring0)	Refused(MountError::Publish(PublishError::PlacementRefused(NoFreeSlotOnAnyDevice)))(0) Mounted(publishes=2)(35)	Published(23)	true	Completed
P2	3	2	0	Raise(0)+Rollback(Ring1)	Refused(MountError::Publish(PublishError::PlacementRefused(NoFreeSlotOnAnyDevice)))(0) Mounted(publishes=2)(35)	Published(23)	true	Completed
P2	3	2	0	Raise(0)+Rollback(Ring2)	Refused(MountError::Publish(PublishError::PlacementRefused(NoFreeSlotOnAnyDevice)))(0) Mounted(publishes=2)(35)	Published(23)	true	Completed
P2	3	2	0	Raise(0)+Rollback(Ring3)	Refused(MountError::Publish(PublishError::PlacementRefused(NoFreeSlotOnAnyDevice)))(0) Mounted(publishes=2)(35)	Published(23)	true	Completed
P2	3	2	0	Raise(0)+Raise(0)	Refused(MountError::Publish(PublishError::PlacementRefused(NoFreeSlotOnAnyDevice)))(0) Refused(MountError::Publish(PublishError::PlacementRefused(NoFreeSlotOnAnyDevice)))(0)	Refused(PublishError::PlacementRefused(NoFreeSlotOnAnyDevice))(0)	false	Completed
P2	3	2	0	Raise(0)+Raise(1)	Refused(MountError::Publish(PublishError::PlacementRefused(NoFreeSlotOnAnyDevice)))(0) Refused(MountError::Publish(PublishError::PlacementRefused(NoFreeSlotOnAnyDevice)))(0)	Refused(PublishError::PlacementRefused(NoFreeSlotOnAnyDevice))(0)	false	Completed
P2	3	2	0	Raise(0)+Raise(2)	Refused(MountError::Publish(PublishError::PlacementRefused(NoFreeSlotOnAnyDevice)))(0) Refused(MountError::Publish(PublishError::PlacementRefused(NoFreeSlotOnAnyDevice)))(0)	Refused(PublishError::PlacementRefused(NoFreeSlotOnAnyDevice))(0)	false	Completed
P2	3	2	0	Raise(0)+Raise(3)	Refused(MountError::Publish(PublishError::PlacementRefused(NoFreeSlotOnAnyDevice)))(0) Refused(MountError::Publish(PublishError::PlacementRefused(NoFreeSlotOnAnyDevice)))(0)	Refused(PublishError::PlacementRefused(NoFreeSlotOnAnyDevice))(0)	false	Completed
P2	3	2	0	Raise(0)+Raise(5)	Refused(MountError::Publish(PublishError::PlacementRefused(NoFreeSlotOnAnyDevice)))(0) Refused(MountError::Publish(PublishError::PlacementRefused(NoFreeSlotOnAnyDevice)))(0)	Refused(PublishError::PlacementRefused(NoFreeSlotOnAnyDevice))(0)	false	Completed
P2	3	2	0	Raise(0)+Raise(8)	Refused(MountError::Publish(PublishError::PlacementRefused(NoFreeSlotOnAnyDevice)))(0) Refused(MountError::Publish(PublishError::PlacementRefused(NoFreeSlotOnAnyDevice)))(0)	Refused(PublishError::PlacementRefused(NoFreeSlotOnAnyDevice))(0)	false	Completed
P2	3	2	0	Raise(0)+Raise(13)	Refused(MountError::Publish(PublishError::PlacementRefused(NoFreeSlotOnAnyDevice)))(0) Refused(MountError::Publish(PublishError::PlacementRefused(NoFreeSlotOnAnyDevice)))(0)	Refused(PublishError::PlacementRefused(NoFreeSlotOnAnyDevice))(0)	false	Completed
P2	3	2	0	Raise(0)+Raise(21)	Refused(MountError::Publish(PublishError::PlacementRefused(NoFreeSlotOnAnyDevice)))(0) Refused(MountError::Publish(PublishError::PlacementRefused(NoFreeSlotOnAnyDevice)))(0)	Refused(PublishError::PlacementRefused(NoFreeSlotOnAnyDevice))(0)	false	Completed
P2	3	2	0	Raise(0)+Raise(34)	Refused(MountError::Publish(PublishError::PlacementRefused(NoFreeSlotOnAnyDevice)))(0) Refused(MountError::Publish(PublishError::PlacementRefused(NoFreeSlotOnAnyDevice)))(0)	Refused(PublishError::PlacementRefused(NoFreeSlotOnAnyDevice))(0)	false	Completed
P2	3	2	0	Raise(1)	Refused(MountError::Publish(PublishError::PlacementRefused(NoFreeSlotOnAnyDevice)))(0)	Refused(PublishError::PlacementRefused(NoFreeSlotOnAnyDevice))(0)	false	Completed
P2	3	2	0	Raise(1)+Overwrite	Refused(MountError::Publish(PublishError::PlacementRefused(NoFreeSlotOnAnyDevice)))(0) Refused(PublishError::PlacementRefused(NoFreeSlotOnAnyDevice))(0)	Refused(PublishError::PlacementRefused(NoFreeSlotOnAnyDevice))(0)	false	Completed
P2	3	2	0	Raise(1)+MountWritable	Refused(MountError::Publish(PublishError::PlacementRefused(NoFreeSlotOnAnyDevice)))(0) Mounted(publishes=2)(35)	Published(23)	true	Completed
P2	3	2	0	Raise(1)+ColdStartRecover	Refused(MountError::Publish(PublishError::PlacementRefused(NoFreeSlotOnAnyDevice)))(0) Recovered(0)	NotApplicable(NoWritableSession)(0)	false	Completed
P2	3	2	0	Raise(1)+Rollback(NewestFloor)	Refused(MountError::Publish(PublishError::PlacementRefused(NoFreeSlotOnAnyDevice)))(0) Mounted(publishes=2)(35)	Published(23)	true	Completed
P2	3	2	0	Raise(1)+Rollback(Ring0)	Refused(MountError::Publish(PublishError::PlacementRefused(NoFreeSlotOnAnyDevice)))(0) Mounted(publishes=2)(35)	Published(23)	true	Completed
P2	3	2	0	Raise(1)+Rollback(Ring1)	Refused(MountError::Publish(PublishError::PlacementRefused(NoFreeSlotOnAnyDevice)))(0) Mounted(publishes=2)(35)	Published(23)	true	Completed
P2	3	2	0	Raise(1)+Rollback(Ring2)	Refused(MountError::Publish(PublishError::PlacementRefused(NoFreeSlotOnAnyDevice)))(0) Mounted(publishes=2)(35)	Published(23)	true	Completed
P2	3	2	0	Raise(1)+Rollback(Ring3)	Refused(MountError::Publish(PublishError::PlacementRefused(NoFreeSlotOnAnyDevice)))(0) Mounted(publishes=2)(35)	Published(23)	true	Completed
P2	3	2	0	Raise(1)+Raise(0)	Refused(MountError::Publish(PublishError::PlacementRefused(NoFreeSlotOnAnyDevice)))(0) Refused(MountError::Publish(PublishError::PlacementRefused(NoFreeSlotOnAnyDevice)))(0)	Refused(PublishError::PlacementRefused(NoFreeSlotOnAnyDevice))(0)	false	Completed
P2	3	2	0	Raise(1)+Raise(1)	Refused(MountError::Publish(PublishError::PlacementRefused(NoFreeSlotOnAnyDevice)))(0) Refused(MountError::Publish(PublishError::PlacementRefused(NoFreeSlotOnAnyDevice)))(0)	Refused(PublishError::PlacementRefused(NoFreeSlotOnAnyDevice))(0)	false	Completed
P2	3	2	0	Raise(1)+Raise(2)	Refused(MountError::Publish(PublishError::PlacementRefused(NoFreeSlotOnAnyDevice)))(0) Refused(MountError::Publish(PublishError::PlacementRefused(NoFreeSlotOnAnyDevice)))(0)	Refused(PublishError::PlacementRefused(NoFreeSlotOnAnyDevice))(0)	false	Completed
P2	3	2	0	Raise(1)+Raise(3)	Refused(MountError::Publish(PublishError::PlacementRefused(NoFreeSlotOnAnyDevice)))(0) Refused(MountError::Publish(PublishError::PlacementRefused(NoFreeSlotOnAnyDevice)))(0)	Refused(PublishError::PlacementRefused(NoFreeSlotOnAnyDevice))(0)	false	Completed
P2	3	2	0	Raise(1)+Raise(5)	Refused(MountError::Publish(PublishError::PlacementRefused(NoFreeSlotOnAnyDevice)))(0) Refused(MountError::Publish(PublishError::PlacementRefused(NoFreeSlotOnAnyDevice)))(0)	Refused(PublishError::PlacementRefused(NoFreeSlotOnAnyDevice))(0)	false	Completed
P2	3	2	0	Raise(1)+Raise(8)	Refused(MountError::Publish(PublishError::PlacementRefused(NoFreeSlotOnAnyDevice)))(0) Refused(MountError::Publish(PublishError::PlacementRefused(NoFreeSlotOnAnyDevice)))(0)	Refused(PublishError::PlacementRefused(NoFreeSlotOnAnyDevice))(0)	false	Completed
P2	3	2	0	Raise(1)+Raise(13)	Refused(MountError::Publish(PublishError::PlacementRefused(NoFreeSlotOnAnyDevice)))(0) Refused(MountError::Publish(PublishError::PlacementRefused(NoFreeSlotOnAnyDevice)))(0)	Refused(PublishError::PlacementRefused(NoFreeSlotOnAnyDevice))(0)	false	Completed
P2	3	2	0	Raise(1)+Raise(21)	Refused(MountError::Publish(PublishError::PlacementRefused(NoFreeSlotOnAnyDevice)))(0) Refused(MountError::Publish(PublishError::PlacementRefused(NoFreeSlotOnAnyDevice)))(0)	Refused(PublishError::PlacementRefused(NoFreeSlotOnAnyDevice))(0)	false	Completed
P2	3	2	0	Raise(1)+Raise(34)	Refused(MountError::Publish(PublishError::PlacementRefused(NoFreeSlotOnAnyDevice)))(0) Refused(MountError::Publish(PublishError::PlacementRefused(NoFreeSlotOnAnyDevice)))(0)	Refused(PublishError::PlacementRefused(NoFreeSlotOnAnyDevice))(0)	false	Completed
P2	3	2	0	Raise(2)	Refused(MountError::Publish(PublishError::PlacementRefused(NoFreeSlotOnAnyDevice)))(0)	Refused(PublishError::PlacementRefused(NoFreeSlotOnAnyDevice))(0)	false	Completed
P2	3	2	0	Raise(2)+Overwrite	Refused(MountError::Publish(PublishError::PlacementRefused(NoFreeSlotOnAnyDevice)))(0) Refused(PublishError::PlacementRefused(NoFreeSlotOnAnyDevice))(0)	Refused(PublishError::PlacementRefused(NoFreeSlotOnAnyDevice))(0)	false	Completed
P2	3	2	0	Raise(2)+MountWritable	Refused(MountError::Publish(PublishError::PlacementRefused(NoFreeSlotOnAnyDevice)))(0) Mounted(publishes=2)(35)	Published(23)	true	Completed
P2	3	2	0	Raise(2)+ColdStartRecover	Refused(MountError::Publish(PublishError::PlacementRefused(NoFreeSlotOnAnyDevice)))(0) Recovered(0)	NotApplicable(NoWritableSession)(0)	false	Completed
P2	3	2	0	Raise(2)+Rollback(NewestFloor)	Refused(MountError::Publish(PublishError::PlacementRefused(NoFreeSlotOnAnyDevice)))(0) Mounted(publishes=2)(35)	Published(23)	true	Completed
P2	3	2	0	Raise(2)+Rollback(Ring0)	Refused(MountError::Publish(PublishError::PlacementRefused(NoFreeSlotOnAnyDevice)))(0) Mounted(publishes=2)(35)	Published(23)	true	Completed
P2	3	2	0	Raise(2)+Rollback(Ring1)	Refused(MountError::Publish(PublishError::PlacementRefused(NoFreeSlotOnAnyDevice)))(0) Mounted(publishes=2)(35)	Published(23)	true	Completed
P2	3	2	0	Raise(2)+Rollback(Ring2)	Refused(MountError::Publish(PublishError::PlacementRefused(NoFreeSlotOnAnyDevice)))(0) Mounted(publishes=2)(35)	Published(23)	true	Completed
P2	3	2	0	Raise(2)+Rollback(Ring3)	Refused(MountError::Publish(PublishError::PlacementRefused(NoFreeSlotOnAnyDevice)))(0) Mounted(publishes=2)(35)	Published(23)	true	Completed
P2	3	2	0	Raise(2)+Raise(0)	Refused(MountError::Publish(PublishError::PlacementRefused(NoFreeSlotOnAnyDevice)))(0) Refused(MountError::Publish(PublishError::PlacementRefused(NoFreeSlotOnAnyDevice)))(0)	Refused(PublishError::PlacementRefused(NoFreeSlotOnAnyDevice))(0)	false	Completed
P2	3	2	0	Raise(2)+Raise(1)	Refused(MountError::Publish(PublishError::PlacementRefused(NoFreeSlotOnAnyDevice)))(0) Refused(MountError::Publish(PublishError::PlacementRefused(NoFreeSlotOnAnyDevice)))(0)	Refused(PublishError::PlacementRefused(NoFreeSlotOnAnyDevice))(0)	false	Completed
P2	3	2	0	Raise(2)+Raise(2)	Refused(MountError::Publish(PublishError::PlacementRefused(NoFreeSlotOnAnyDevice)))(0) Refused(MountError::Publish(PublishError::PlacementRefused(NoFreeSlotOnAnyDevice)))(0)	Refused(PublishError::PlacementRefused(NoFreeSlotOnAnyDevice))(0)	false	Completed
P2	3	2	0	Raise(2)+Raise(3)	Refused(MountError::Publish(PublishError::PlacementRefused(NoFreeSlotOnAnyDevice)))(0) Refused(MountError::Publish(PublishError::PlacementRefused(NoFreeSlotOnAnyDevice)))(0)	Refused(PublishError::PlacementRefused(NoFreeSlotOnAnyDevice))(0)	false	Completed
P2	3	2	0	Raise(2)+Raise(5)	Refused(MountError::Publish(PublishError::PlacementRefused(NoFreeSlotOnAnyDevice)))(0) Refused(MountError::Publish(PublishError::PlacementRefused(NoFreeSlotOnAnyDevice)))(0)	Refused(PublishError::PlacementRefused(NoFreeSlotOnAnyDevice))(0)	false	Completed
P2	3	2	0	Raise(2)+Raise(8)	Refused(MountError::Publish(PublishError::PlacementRefused(NoFreeSlotOnAnyDevice)))(0) Refused(MountError::Publish(PublishError::PlacementRefused(NoFreeSlotOnAnyDevice)))(0)	Refused(PublishError::PlacementRefused(NoFreeSlotOnAnyDevice))(0)	false	Completed
P2	3	2	0	Raise(2)+Raise(13)	Refused(MountError::Publish(PublishError::PlacementRefused(NoFreeSlotOnAnyDevice)))(0) Refused(MountError::Publish(PublishError::PlacementRefused(NoFreeSlotOnAnyDevice)))(0)	Refused(PublishError::PlacementRefused(NoFreeSlotOnAnyDevice))(0)	false	Completed
P2	3	2	0	Raise(2)+Raise(21)	Refused(MountError::Publish(PublishError::PlacementRefused(NoFreeSlotOnAnyDevice)))(0) Refused(MountError::Publish(PublishError::PlacementRefused(NoFreeSlotOnAnyDevice)))(0)	Refused(PublishError::PlacementRefused(NoFreeSlotOnAnyDevice))(0)	false	Completed
P2	3	2	0	Raise(2)+Raise(34)	Refused(MountError::Publish(PublishError::PlacementRefused(NoFreeSlotOnAnyDevice)))(0) Refused(MountError::Publish(PublishError::PlacementRefused(NoFreeSlotOnAnyDevice)))(0)	Refused(PublishError::PlacementRefused(NoFreeSlotOnAnyDevice))(0)	false	Completed
P2	3	2	0	Raise(3)	Refused(MountError::Publish(PublishError::PlacementRefused(NoFreeSlotOnAnyDevice)))(0)	Refused(PublishError::PlacementRefused(NoFreeSlotOnAnyDevice))(0)	false	Completed
P2	3	2	0	Raise(3)+Overwrite	Refused(MountError::Publish(PublishError::PlacementRefused(NoFreeSlotOnAnyDevice)))(0) Refused(PublishError::PlacementRefused(NoFreeSlotOnAnyDevice))(0)	Refused(PublishError::PlacementRefused(NoFreeSlotOnAnyDevice))(0)	false	Completed
P2	3	2	0	Raise(3)+MountWritable	Refused(MountError::Publish(PublishError::PlacementRefused(NoFreeSlotOnAnyDevice)))(0) Mounted(publishes=2)(35)	Published(23)	true	Completed
P2	3	2	0	Raise(3)+ColdStartRecover	Refused(MountError::Publish(PublishError::PlacementRefused(NoFreeSlotOnAnyDevice)))(0) Recovered(0)	NotApplicable(NoWritableSession)(0)	false	Completed
P2	3	2	0	Raise(3)+Rollback(NewestFloor)	Refused(MountError::Publish(PublishError::PlacementRefused(NoFreeSlotOnAnyDevice)))(0) Mounted(publishes=2)(35)	Published(23)	true	Completed
P2	3	2	0	Raise(3)+Rollback(Ring0)	Refused(MountError::Publish(PublishError::PlacementRefused(NoFreeSlotOnAnyDevice)))(0) Mounted(publishes=2)(35)	Published(23)	true	Completed
P2	3	2	0	Raise(3)+Rollback(Ring1)	Refused(MountError::Publish(PublishError::PlacementRefused(NoFreeSlotOnAnyDevice)))(0) Mounted(publishes=2)(35)	Published(23)	true	Completed
P2	3	2	0	Raise(3)+Rollback(Ring2)	Refused(MountError::Publish(PublishError::PlacementRefused(NoFreeSlotOnAnyDevice)))(0) Mounted(publishes=2)(35)	Published(23)	true	Completed
P2	3	2	0	Raise(3)+Rollback(Ring3)	Refused(MountError::Publish(PublishError::PlacementRefused(NoFreeSlotOnAnyDevice)))(0) Mounted(publishes=2)(35)	Published(23)	true	Completed
P2	3	2	0	Raise(3)+Raise(0)	Refused(MountError::Publish(PublishError::PlacementRefused(NoFreeSlotOnAnyDevice)))(0) Refused(MountError::Publish(PublishError::PlacementRefused(NoFreeSlotOnAnyDevice)))(0)	Refused(PublishError::PlacementRefused(NoFreeSlotOnAnyDevice))(0)	false	Completed
P2	3	2	0	Raise(3)+Raise(1)	Refused(MountError::Publish(PublishError::PlacementRefused(NoFreeSlotOnAnyDevice)))(0) Refused(MountError::Publish(PublishError::PlacementRefused(NoFreeSlotOnAnyDevice)))(0)	Refused(PublishError::PlacementRefused(NoFreeSlotOnAnyDevice))(0)	false	Completed
P2	3	2	0	Raise(3)+Raise(2)	Refused(MountError::Publish(PublishError::PlacementRefused(NoFreeSlotOnAnyDevice)))(0) Refused(MountError::Publish(PublishError::PlacementRefused(NoFreeSlotOnAnyDevice)))(0)	Refused(PublishError::PlacementRefused(NoFreeSlotOnAnyDevice))(0)	false	Completed
P2	3	2	0	Raise(3)+Raise(3)	Refused(MountError::Publish(PublishError::PlacementRefused(NoFreeSlotOnAnyDevice)))(0) Refused(MountError::Publish(PublishError::PlacementRefused(NoFreeSlotOnAnyDevice)))(0)	Refused(PublishError::PlacementRefused(NoFreeSlotOnAnyDevice))(0)	false	Completed
P2	3	2	0	Raise(3)+Raise(5)	Refused(MountError::Publish(PublishError::PlacementRefused(NoFreeSlotOnAnyDevice)))(0) Refused(MountError::Publish(PublishError::PlacementRefused(NoFreeSlotOnAnyDevice)))(0)	Refused(PublishError::PlacementRefused(NoFreeSlotOnAnyDevice))(0)	false	Completed
P2	3	2	0	Raise(3)+Raise(8)	Refused(MountError::Publish(PublishError::PlacementRefused(NoFreeSlotOnAnyDevice)))(0) Refused(MountError::Publish(PublishError::PlacementRefused(NoFreeSlotOnAnyDevice)))(0)	Refused(PublishError::PlacementRefused(NoFreeSlotOnAnyDevice))(0)	false	Completed
P2	3	2	0	Raise(3)+Raise(13)	Refused(MountError::Publish(PublishError::PlacementRefused(NoFreeSlotOnAnyDevice)))(0) Refused(MountError::Publish(PublishError::PlacementRefused(NoFreeSlotOnAnyDevice)))(0)	Refused(PublishError::PlacementRefused(NoFreeSlotOnAnyDevice))(0)	false	Completed
P2	3	2	0	Raise(3)+Raise(21)	Refused(MountError::Publish(PublishError::PlacementRefused(NoFreeSlotOnAnyDevice)))(0) Refused(MountError::Publish(PublishError::PlacementRefused(NoFreeSlotOnAnyDevice)))(0)	Refused(PublishError::PlacementRefused(NoFreeSlotOnAnyDevice))(0)	false	Completed
P2	3	2	0	Raise(3)+Raise(34)	Refused(MountError::Publish(PublishError::PlacementRefused(NoFreeSlotOnAnyDevice)))(0) Refused(MountError::Publish(PublishError::PlacementRefused(NoFreeSlotOnAnyDevice)))(0)	Refused(PublishError::PlacementRefused(NoFreeSlotOnAnyDevice))(0)	false	Completed
P2	3	2	0	Raise(5)	Refused(MountError::Publish(PublishError::PlacementRefused(NoFreeSlotOnAnyDevice)))(0)	Refused(PublishError::PlacementRefused(NoFreeSlotOnAnyDevice))(0)	false	Completed
P2	3	2	0	Raise(5)+Overwrite	Refused(MountError::Publish(PublishError::PlacementRefused(NoFreeSlotOnAnyDevice)))(0) Refused(PublishError::PlacementRefused(NoFreeSlotOnAnyDevice))(0)	Refused(PublishError::PlacementRefused(NoFreeSlotOnAnyDevice))(0)	false	Completed
P2	3	2	0	Raise(5)+MountWritable	Refused(MountError::Publish(PublishError::PlacementRefused(NoFreeSlotOnAnyDevice)))(0) Mounted(publishes=2)(35)	Published(23)	true	Completed
P2	3	2	0	Raise(5)+ColdStartRecover	Refused(MountError::Publish(PublishError::PlacementRefused(NoFreeSlotOnAnyDevice)))(0) Recovered(0)	NotApplicable(NoWritableSession)(0)	false	Completed
P2	3	2	0	Raise(5)+Rollback(NewestFloor)	Refused(MountError::Publish(PublishError::PlacementRefused(NoFreeSlotOnAnyDevice)))(0) Mounted(publishes=2)(35)	Published(23)	true	Completed
P2	3	2	0	Raise(5)+Rollback(Ring0)	Refused(MountError::Publish(PublishError::PlacementRefused(NoFreeSlotOnAnyDevice)))(0) Mounted(publishes=2)(35)	Published(23)	true	Completed
P2	3	2	0	Raise(5)+Rollback(Ring1)	Refused(MountError::Publish(PublishError::PlacementRefused(NoFreeSlotOnAnyDevice)))(0) Mounted(publishes=2)(35)	Published(23)	true	Completed
P2	3	2	0	Raise(5)+Rollback(Ring2)	Refused(MountError::Publish(PublishError::PlacementRefused(NoFreeSlotOnAnyDevice)))(0) Mounted(publishes=2)(35)	Published(23)	true	Completed
P2	3	2	0	Raise(5)+Rollback(Ring3)	Refused(MountError::Publish(PublishError::PlacementRefused(NoFreeSlotOnAnyDevice)))(0) Mounted(publishes=2)(35)	Published(23)	true	Completed
P2	3	2	0	Raise(5)+Raise(0)	Refused(MountError::Publish(PublishError::PlacementRefused(NoFreeSlotOnAnyDevice)))(0) Refused(MountError::Publish(PublishError::PlacementRefused(NoFreeSlotOnAnyDevice)))(0)	Refused(PublishError::PlacementRefused(NoFreeSlotOnAnyDevice))(0)	false	Completed
P2	3	2	0	Raise(5)+Raise(1)	Refused(MountError::Publish(PublishError::PlacementRefused(NoFreeSlotOnAnyDevice)))(0) Refused(MountError::Publish(PublishError::PlacementRefused(NoFreeSlotOnAnyDevice)))(0)	Refused(PublishError::PlacementRefused(NoFreeSlotOnAnyDevice))(0)	false	Completed
P2	3	2	0	Raise(5)+Raise(2)	Refused(MountError::Publish(PublishError::PlacementRefused(NoFreeSlotOnAnyDevice)))(0) Refused(MountError::Publish(PublishError::PlacementRefused(NoFreeSlotOnAnyDevice)))(0)	Refused(PublishError::PlacementRefused(NoFreeSlotOnAnyDevice))(0)	false	Completed
P2	3	2	0	Raise(5)+Raise(3)	Refused(MountError::Publish(PublishError::PlacementRefused(NoFreeSlotOnAnyDevice)))(0) Refused(MountError::Publish(PublishError::PlacementRefused(NoFreeSlotOnAnyDevice)))(0)	Refused(PublishError::PlacementRefused(NoFreeSlotOnAnyDevice))(0)	false	Completed
P2	3	2	0	Raise(5)+Raise(5)	Refused(MountError::Publish(PublishError::PlacementRefused(NoFreeSlotOnAnyDevice)))(0) Refused(MountError::Publish(PublishError::PlacementRefused(NoFreeSlotOnAnyDevice)))(0)	Refused(PublishError::PlacementRefused(NoFreeSlotOnAnyDevice))(0)	false	Completed
P2	3	2	0	Raise(5)+Raise(8)	Refused(MountError::Publish(PublishError::PlacementRefused(NoFreeSlotOnAnyDevice)))(0) Refused(MountError::Publish(PublishError::PlacementRefused(NoFreeSlotOnAnyDevice)))(0)	Refused(PublishError::PlacementRefused(NoFreeSlotOnAnyDevice))(0)	false	Completed
P2	3	2	0	Raise(5)+Raise(13)	Refused(MountError::Publish(PublishError::PlacementRefused(NoFreeSlotOnAnyDevice)))(0) Refused(MountError::Publish(PublishError::PlacementRefused(NoFreeSlotOnAnyDevice)))(0)	Refused(PublishError::PlacementRefused(NoFreeSlotOnAnyDevice))(0)	false	Completed
P2	3	2	0	Raise(5)+Raise(21)	Refused(MountError::Publish(PublishError::PlacementRefused(NoFreeSlotOnAnyDevice)))(0) Refused(MountError::Publish(PublishError::PlacementRefused(NoFreeSlotOnAnyDevice)))(0)	Refused(PublishError::PlacementRefused(NoFreeSlotOnAnyDevice))(0)	false	Completed
P2	3	2	0	Raise(5)+Raise(34)	Refused(MountError::Publish(PublishError::PlacementRefused(NoFreeSlotOnAnyDevice)))(0) Refused(MountError::Publish(PublishError::PlacementRefused(NoFreeSlotOnAnyDevice)))(0)	Refused(PublishError::PlacementRefused(NoFreeSlotOnAnyDevice))(0)	false	Completed
P2	3	2	0	Raise(8)	Refused(MountError::Publish(PublishError::PlacementRefused(NoFreeSlotOnAnyDevice)))(0)	Refused(PublishError::PlacementRefused(NoFreeSlotOnAnyDevice))(0)	false	Completed
P2	3	2	0	Raise(8)+Overwrite	Refused(MountError::Publish(PublishError::PlacementRefused(NoFreeSlotOnAnyDevice)))(0) Refused(PublishError::PlacementRefused(NoFreeSlotOnAnyDevice))(0)	Refused(PublishError::PlacementRefused(NoFreeSlotOnAnyDevice))(0)	false	Completed
P2	3	2	0	Raise(8)+MountWritable	Refused(MountError::Publish(PublishError::PlacementRefused(NoFreeSlotOnAnyDevice)))(0) Mounted(publishes=2)(35)	Published(23)	true	Completed
P2	3	2	0	Raise(8)+ColdStartRecover	Refused(MountError::Publish(PublishError::PlacementRefused(NoFreeSlotOnAnyDevice)))(0) Recovered(0)	NotApplicable(NoWritableSession)(0)	false	Completed
P2	3	2	0	Raise(8)+Rollback(NewestFloor)	Refused(MountError::Publish(PublishError::PlacementRefused(NoFreeSlotOnAnyDevice)))(0) Mounted(publishes=2)(35)	Published(23)	true	Completed
P2	3	2	0	Raise(8)+Rollback(Ring0)	Refused(MountError::Publish(PublishError::PlacementRefused(NoFreeSlotOnAnyDevice)))(0) Mounted(publishes=2)(35)	Published(23)	true	Completed
P2	3	2	0	Raise(8)+Rollback(Ring1)	Refused(MountError::Publish(PublishError::PlacementRefused(NoFreeSlotOnAnyDevice)))(0) Mounted(publishes=2)(35)	Published(23)	true	Completed
P2	3	2	0	Raise(8)+Rollback(Ring2)	Refused(MountError::Publish(PublishError::PlacementRefused(NoFreeSlotOnAnyDevice)))(0) Mounted(publishes=2)(35)	Published(23)	true	Completed
P2	3	2	0	Raise(8)+Rollback(Ring3)	Refused(MountError::Publish(PublishError::PlacementRefused(NoFreeSlotOnAnyDevice)))(0) Mounted(publishes=2)(35)	Published(23)	true	Completed
P2	3	2	0	Raise(8)+Raise(0)	Refused(MountError::Publish(PublishError::PlacementRefused(NoFreeSlotOnAnyDevice)))(0) Refused(MountError::Publish(PublishError::PlacementRefused(NoFreeSlotOnAnyDevice)))(0)	Refused(PublishError::PlacementRefused(NoFreeSlotOnAnyDevice))(0)	false	Completed
P2	3	2	0	Raise(8)+Raise(1)	Refused(MountError::Publish(PublishError::PlacementRefused(NoFreeSlotOnAnyDevice)))(0) Refused(MountError::Publish(PublishError::PlacementRefused(NoFreeSlotOnAnyDevice)))(0)	Refused(PublishError::PlacementRefused(NoFreeSlotOnAnyDevice))(0)	false	Completed
P2	3	2	0	Raise(8)+Raise(2)	Refused(MountError::Publish(PublishError::PlacementRefused(NoFreeSlotOnAnyDevice)))(0) Refused(MountError::Publish(PublishError::PlacementRefused(NoFreeSlotOnAnyDevice)))(0)	Refused(PublishError::PlacementRefused(NoFreeSlotOnAnyDevice))(0)	false	Completed
P2	3	2	0	Raise(8)+Raise(3)	Refused(MountError::Publish(PublishError::PlacementRefused(NoFreeSlotOnAnyDevice)))(0) Refused(MountError::Publish(PublishError::PlacementRefused(NoFreeSlotOnAnyDevice)))(0)	Refused(PublishError::PlacementRefused(NoFreeSlotOnAnyDevice))(0)	false	Completed
P2	3	2	0	Raise(8)+Raise(5)	Refused(MountError::Publish(PublishError::PlacementRefused(NoFreeSlotOnAnyDevice)))(0) Refused(MountError::Publish(PublishError::PlacementRefused(NoFreeSlotOnAnyDevice)))(0)	Refused(PublishError::PlacementRefused(NoFreeSlotOnAnyDevice))(0)	false	Completed
P2	3	2	0	Raise(8)+Raise(8)	Refused(MountError::Publish(PublishError::PlacementRefused(NoFreeSlotOnAnyDevice)))(0) Refused(MountError::Publish(PublishError::PlacementRefused(NoFreeSlotOnAnyDevice)))(0)	Refused(PublishError::PlacementRefused(NoFreeSlotOnAnyDevice))(0)	false	Completed
P2	3	2	0	Raise(8)+Raise(13)	Refused(MountError::Publish(PublishError::PlacementRefused(NoFreeSlotOnAnyDevice)))(0) Refused(MountError::Publish(PublishError::PlacementRefused(NoFreeSlotOnAnyDevice)))(0)	Refused(PublishError::PlacementRefused(NoFreeSlotOnAnyDevice))(0)	false	Completed
P2	3	2	0	Raise(8)+Raise(21)	Refused(MountError::Publish(PublishError::PlacementRefused(NoFreeSlotOnAnyDevice)))(0) Refused(MountError::Publish(PublishError::PlacementRefused(NoFreeSlotOnAnyDevice)))(0)	Refused(PublishError::PlacementRefused(NoFreeSlotOnAnyDevice))(0)	false	Completed
P2	3	2	0	Raise(8)+Raise(34)	Refused(MountError::Publish(PublishError::PlacementRefused(NoFreeSlotOnAnyDevice)))(0) Refused(MountError::Publish(PublishError::PlacementRefused(NoFreeSlotOnAnyDevice)))(0)	Refused(PublishError::PlacementRefused(NoFreeSlotOnAnyDevice))(0)	false	Completed
P2	3	2	0	Raise(13)	Refused(MountError::Publish(PublishError::PlacementRefused(NoFreeSlotOnAnyDevice)))(0)	Refused(PublishError::PlacementRefused(NoFreeSlotOnAnyDevice))(0)	false	Completed
P2	3	2	0	Raise(13)+Overwrite	Refused(MountError::Publish(PublishError::PlacementRefused(NoFreeSlotOnAnyDevice)))(0) Refused(PublishError::PlacementRefused(NoFreeSlotOnAnyDevice))(0)	Refused(PublishError::PlacementRefused(NoFreeSlotOnAnyDevice))(0)	false	Completed
P2	3	2	0	Raise(13)+MountWritable	Refused(MountError::Publish(PublishError::PlacementRefused(NoFreeSlotOnAnyDevice)))(0) Mounted(publishes=2)(35)	Published(23)	true	Completed
P2	3	2	0	Raise(13)+ColdStartRecover	Refused(MountError::Publish(PublishError::PlacementRefused(NoFreeSlotOnAnyDevice)))(0) Recovered(0)	NotApplicable(NoWritableSession)(0)	false	Completed
P2	3	2	0	Raise(13)+Rollback(NewestFloor)	Refused(MountError::Publish(PublishError::PlacementRefused(NoFreeSlotOnAnyDevice)))(0) Mounted(publishes=2)(35)	Published(23)	true	Completed
P2	3	2	0	Raise(13)+Rollback(Ring0)	Refused(MountError::Publish(PublishError::PlacementRefused(NoFreeSlotOnAnyDevice)))(0) Mounted(publishes=2)(35)	Published(23)	true	Completed
P2	3	2	0	Raise(13)+Rollback(Ring1)	Refused(MountError::Publish(PublishError::PlacementRefused(NoFreeSlotOnAnyDevice)))(0) Mounted(publishes=2)(35)	Published(23)	true	Completed
P2	3	2	0	Raise(13)+Rollback(Ring2)	Refused(MountError::Publish(PublishError::PlacementRefused(NoFreeSlotOnAnyDevice)))(0) Mounted(publishes=2)(35)	Published(23)	true	Completed
P2	3	2	0	Raise(13)+Rollback(Ring3)	Refused(MountError::Publish(PublishError::PlacementRefused(NoFreeSlotOnAnyDevice)))(0) Mounted(publishes=2)(35)	Published(23)	true	Completed
P2	3	2	0	Raise(13)+Raise(0)	Refused(MountError::Publish(PublishError::PlacementRefused(NoFreeSlotOnAnyDevice)))(0) Refused(MountError::Publish(PublishError::PlacementRefused(NoFreeSlotOnAnyDevice)))(0)	Refused(PublishError::PlacementRefused(NoFreeSlotOnAnyDevice))(0)	false	Completed
P2	3	2	0	Raise(13)+Raise(1)	Refused(MountError::Publish(PublishError::PlacementRefused(NoFreeSlotOnAnyDevice)))(0) Refused(MountError::Publish(PublishError::PlacementRefused(NoFreeSlotOnAnyDevice)))(0)	Refused(PublishError::PlacementRefused(NoFreeSlotOnAnyDevice))(0)	false	Completed
P2	3	2	0	Raise(13)+Raise(2)	Refused(MountError::Publish(PublishError::PlacementRefused(NoFreeSlotOnAnyDevice)))(0) Refused(MountError::Publish(PublishError::PlacementRefused(NoFreeSlotOnAnyDevice)))(0)	Refused(PublishError::PlacementRefused(NoFreeSlotOnAnyDevice))(0)	false	Completed
P2	3	2	0	Raise(13)+Raise(3)	Refused(MountError::Publish(PublishError::PlacementRefused(NoFreeSlotOnAnyDevice)))(0) Refused(MountError::Publish(PublishError::PlacementRefused(NoFreeSlotOnAnyDevice)))(0)	Refused(PublishError::PlacementRefused(NoFreeSlotOnAnyDevice))(0)	false	Completed
P2	3	2	0	Raise(13)+Raise(5)	Refused(MountError::Publish(PublishError::PlacementRefused(NoFreeSlotOnAnyDevice)))(0) Refused(MountError::Publish(PublishError::PlacementRefused(NoFreeSlotOnAnyDevice)))(0)	Refused(PublishError::PlacementRefused(NoFreeSlotOnAnyDevice))(0)	false	Completed
P2	3	2	0	Raise(13)+Raise(8)	Refused(MountError::Publish(PublishError::PlacementRefused(NoFreeSlotOnAnyDevice)))(0) Refused(MountError::Publish(PublishError::PlacementRefused(NoFreeSlotOnAnyDevice)))(0)	Refused(PublishError::PlacementRefused(NoFreeSlotOnAnyDevice))(0)	false	Completed
P2	3	2	0	Raise(13)+Raise(13)	Refused(MountError::Publish(PublishError::PlacementRefused(NoFreeSlotOnAnyDevice)))(0) Refused(MountError::Publish(PublishError::PlacementRefused(NoFreeSlotOnAnyDevice)))(0)	Refused(PublishError::PlacementRefused(NoFreeSlotOnAnyDevice))(0)	false	Completed
P2	3	2	0	Raise(13)+Raise(21)	Refused(MountError::Publish(PublishError::PlacementRefused(NoFreeSlotOnAnyDevice)))(0) Refused(MountError::Publish(PublishError::PlacementRefused(NoFreeSlotOnAnyDevice)))(0)	Refused(PublishError::PlacementRefused(NoFreeSlotOnAnyDevice))(0)	false	Completed
P2	3	2	0	Raise(13)+Raise(34)	Refused(MountError::Publish(PublishError::PlacementRefused(NoFreeSlotOnAnyDevice)))(0) Refused(MountError::Publish(PublishError::PlacementRefused(NoFreeSlotOnAnyDevice)))(0)	Refused(PublishError::PlacementRefused(NoFreeSlotOnAnyDevice))(0)	false	Completed
P2	3	2	0	Raise(21)	Refused(MountError::Publish(PublishError::PlacementRefused(NoFreeSlotOnAnyDevice)))(0)	Refused(PublishError::PlacementRefused(NoFreeSlotOnAnyDevice))(0)	false	Completed
P2	3	2	0	Raise(21)+Overwrite	Refused(MountError::Publish(PublishError::PlacementRefused(NoFreeSlotOnAnyDevice)))(0) Refused(PublishError::PlacementRefused(NoFreeSlotOnAnyDevice))(0)	Refused(PublishError::PlacementRefused(NoFreeSlotOnAnyDevice))(0)	false	Completed
P2	3	2	0	Raise(21)+MountWritable	Refused(MountError::Publish(PublishError::PlacementRefused(NoFreeSlotOnAnyDevice)))(0) Mounted(publishes=2)(35)	Published(23)	true	Completed
P2	3	2	0	Raise(21)+ColdStartRecover	Refused(MountError::Publish(PublishError::PlacementRefused(NoFreeSlotOnAnyDevice)))(0) Recovered(0)	NotApplicable(NoWritableSession)(0)	false	Completed
P2	3	2	0	Raise(21)+Rollback(NewestFloor)	Refused(MountError::Publish(PublishError::PlacementRefused(NoFreeSlotOnAnyDevice)))(0) Mounted(publishes=2)(35)	Published(23)	true	Completed
P2	3	2	0	Raise(21)+Rollback(Ring0)	Refused(MountError::Publish(PublishError::PlacementRefused(NoFreeSlotOnAnyDevice)))(0) Mounted(publishes=2)(35)	Published(23)	true	Completed
P2	3	2	0	Raise(21)+Rollback(Ring1)	Refused(MountError::Publish(PublishError::PlacementRefused(NoFreeSlotOnAnyDevice)))(0) Mounted(publishes=2)(35)	Published(23)	true	Completed
P2	3	2	0	Raise(21)+Rollback(Ring2)	Refused(MountError::Publish(PublishError::PlacementRefused(NoFreeSlotOnAnyDevice)))(0) Mounted(publishes=2)(35)	Published(23)	true	Completed
P2	3	2	0	Raise(21)+Rollback(Ring3)	Refused(MountError::Publish(PublishError::PlacementRefused(NoFreeSlotOnAnyDevice)))(0) Mounted(publishes=2)(35)	Published(23)	true	Completed
P2	3	2	0	Raise(21)+Raise(0)	Refused(MountError::Publish(PublishError::PlacementRefused(NoFreeSlotOnAnyDevice)))(0) Refused(MountError::Publish(PublishError::PlacementRefused(NoFreeSlotOnAnyDevice)))(0)	Refused(PublishError::PlacementRefused(NoFreeSlotOnAnyDevice))(0)	false	Completed
P2	3	2	0	Raise(21)+Raise(1)	Refused(MountError::Publish(PublishError::PlacementRefused(NoFreeSlotOnAnyDevice)))(0) Refused(MountError::Publish(PublishError::PlacementRefused(NoFreeSlotOnAnyDevice)))(0)	Refused(PublishError::PlacementRefused(NoFreeSlotOnAnyDevice))(0)	false	Completed
P2	3	2	0	Raise(21)+Raise(2)	Refused(MountError::Publish(PublishError::PlacementRefused(NoFreeSlotOnAnyDevice)))(0) Refused(MountError::Publish(PublishError::PlacementRefused(NoFreeSlotOnAnyDevice)))(0)	Refused(PublishError::PlacementRefused(NoFreeSlotOnAnyDevice))(0)	false	Completed
P2	3	2	0	Raise(21)+Raise(3)	Refused(MountError::Publish(PublishError::PlacementRefused(NoFreeSlotOnAnyDevice)))(0) Refused(MountError::Publish(PublishError::PlacementRefused(NoFreeSlotOnAnyDevice)))(0)	Refused(PublishError::PlacementRefused(NoFreeSlotOnAnyDevice))(0)	false	Completed
P2	3	2	0	Raise(21)+Raise(5)	Refused(MountError::Publish(PublishError::PlacementRefused(NoFreeSlotOnAnyDevice)))(0) Refused(MountError::Publish(PublishError::PlacementRefused(NoFreeSlotOnAnyDevice)))(0)	Refused(PublishError::PlacementRefused(NoFreeSlotOnAnyDevice))(0)	false	Completed
P2	3	2	0	Raise(21)+Raise(8)	Refused(MountError::Publish(PublishError::PlacementRefused(NoFreeSlotOnAnyDevice)))(0) Refused(MountError::Publish(PublishError::PlacementRefused(NoFreeSlotOnAnyDevice)))(0)	Refused(PublishError::PlacementRefused(NoFreeSlotOnAnyDevice))(0)	false	Completed
P2	3	2	0	Raise(21)+Raise(13)	Refused(MountError::Publish(PublishError::PlacementRefused(NoFreeSlotOnAnyDevice)))(0) Refused(MountError::Publish(PublishError::PlacementRefused(NoFreeSlotOnAnyDevice)))(0)	Refused(PublishError::PlacementRefused(NoFreeSlotOnAnyDevice))(0)	false	Completed
P2	3	2	0	Raise(21)+Raise(21)	Refused(MountError::Publish(PublishError::PlacementRefused(NoFreeSlotOnAnyDevice)))(0) Refused(MountError::Publish(PublishError::PlacementRefused(NoFreeSlotOnAnyDevice)))(0)	Refused(PublishError::PlacementRefused(NoFreeSlotOnAnyDevice))(0)	false	Completed
P2	3	2	0	Raise(21)+Raise(34)	Refused(MountError::Publish(PublishError::PlacementRefused(NoFreeSlotOnAnyDevice)))(0) Refused(MountError::Publish(PublishError::PlacementRefused(NoFreeSlotOnAnyDevice)))(0)	Refused(PublishError::PlacementRefused(NoFreeSlotOnAnyDevice))(0)	false	Completed
P2	3	2	0	Raise(34)	Refused(MountError::Publish(PublishError::PlacementRefused(NoFreeSlotOnAnyDevice)))(0)	Refused(PublishError::PlacementRefused(NoFreeSlotOnAnyDevice))(0)	false	Completed
P2	3	2	0	Raise(34)+Overwrite	Refused(MountError::Publish(PublishError::PlacementRefused(NoFreeSlotOnAnyDevice)))(0) Refused(PublishError::PlacementRefused(NoFreeSlotOnAnyDevice))(0)	Refused(PublishError::PlacementRefused(NoFreeSlotOnAnyDevice))(0)	false	Completed
P2	3	2	0	Raise(34)+MountWritable	Refused(MountError::Publish(PublishError::PlacementRefused(NoFreeSlotOnAnyDevice)))(0) Mounted(publishes=2)(35)	Published(23)	true	Completed
P2	3	2	0	Raise(34)+ColdStartRecover	Refused(MountError::Publish(PublishError::PlacementRefused(NoFreeSlotOnAnyDevice)))(0) Recovered(0)	NotApplicable(NoWritableSession)(0)	false	Completed
P2	3	2	0	Raise(34)+Rollback(NewestFloor)	Refused(MountError::Publish(PublishError::PlacementRefused(NoFreeSlotOnAnyDevice)))(0) Mounted(publishes=2)(35)	Published(23)	true	Completed
P2	3	2	0	Raise(34)+Rollback(Ring0)	Refused(MountError::Publish(PublishError::PlacementRefused(NoFreeSlotOnAnyDevice)))(0) Mounted(publishes=2)(35)	Published(23)	true	Completed
P2	3	2	0	Raise(34)+Rollback(Ring1)	Refused(MountError::Publish(PublishError::PlacementRefused(NoFreeSlotOnAnyDevice)))(0) Mounted(publishes=2)(35)	Published(23)	true	Completed
P2	3	2	0	Raise(34)+Rollback(Ring2)	Refused(MountError::Publish(PublishError::PlacementRefused(NoFreeSlotOnAnyDevice)))(0) Mounted(publishes=2)(35)	Published(23)	true	Completed
P2	3	2	0	Raise(34)+Rollback(Ring3)	Refused(MountError::Publish(PublishError::PlacementRefused(NoFreeSlotOnAnyDevice)))(0) Mounted(publishes=2)(35)	Published(23)	true	Completed
P2	3	2	0	Raise(34)+Raise(0)	Refused(MountError::Publish(PublishError::PlacementRefused(NoFreeSlotOnAnyDevice)))(0) Refused(MountError::Publish(PublishError::PlacementRefused(NoFreeSlotOnAnyDevice)))(0)	Refused(PublishError::PlacementRefused(NoFreeSlotOnAnyDevice))(0)	false	Completed
P2	3	2	0	Raise(34)+Raise(1)	Refused(MountError::Publish(PublishError::PlacementRefused(NoFreeSlotOnAnyDevice)))(0) Refused(MountError::Publish(PublishError::PlacementRefused(NoFreeSlotOnAnyDevice)))(0)	Refused(PublishError::PlacementRefused(NoFreeSlotOnAnyDevice))(0)	false	Completed
P2	3	2	0	Raise(34)+Raise(2)	Refused(MountError::Publish(PublishError::PlacementRefused(NoFreeSlotOnAnyDevice)))(0) Refused(MountError::Publish(PublishError::PlacementRefused(NoFreeSlotOnAnyDevice)))(0)	Refused(PublishError::PlacementRefused(NoFreeSlotOnAnyDevice))(0)	false	Completed
P2	3	2	0	Raise(34)+Raise(3)	Refused(MountError::Publish(PublishError::PlacementRefused(NoFreeSlotOnAnyDevice)))(0) Refused(MountError::Publish(PublishError::PlacementRefused(NoFreeSlotOnAnyDevice)))(0)	Refused(PublishError::PlacementRefused(NoFreeSlotOnAnyDevice))(0)	false	Completed
P2	3	2	0	Raise(34)+Raise(5)	Refused(MountError::Publish(PublishError::PlacementRefused(NoFreeSlotOnAnyDevice)))(0) Refused(MountError::Publish(PublishError::PlacementRefused(NoFreeSlotOnAnyDevice)))(0)	Refused(PublishError::PlacementRefused(NoFreeSlotOnAnyDevice))(0)	false	Completed
P2	3	2	0	Raise(34)+Raise(8)	Refused(MountError::Publish(PublishError::PlacementRefused(NoFreeSlotOnAnyDevice)))(0) Refused(MountError::Publish(PublishError::PlacementRefused(NoFreeSlotOnAnyDevice)))(0)	Refused(PublishError::PlacementRefused(NoFreeSlotOnAnyDevice))(0)	false	Completed
P2	3	2	0	Raise(34)+Raise(13)	Refused(MountError::Publish(PublishError::PlacementRefused(NoFreeSlotOnAnyDevice)))(0) Refused(MountError::Publish(PublishError::PlacementRefused(NoFreeSlotOnAnyDevice)))(0)	Refused(PublishError::PlacementRefused(NoFreeSlotOnAnyDevice))(0)	false	Completed
P2	3	2	0	Raise(34)+Raise(21)	Refused(MountError::Publish(PublishError::PlacementRefused(NoFreeSlotOnAnyDevice)))(0) Refused(MountError::Publish(PublishError::PlacementRefused(NoFreeSlotOnAnyDevice)))(0)	Refused(PublishError::PlacementRefused(NoFreeSlotOnAnyDevice))(0)	false	Completed
P2	3	2	0	Raise(34)+Raise(34)	Refused(MountError::Publish(PublishError::PlacementRefused(NoFreeSlotOnAnyDevice)))(0) Refused(MountError::Publish(PublishError::PlacementRefused(NoFreeSlotOnAnyDevice)))(0)	Refused(PublishError::PlacementRefused(NoFreeSlotOnAnyDevice))(0)	false	Completed
P2	3	3	0	Overwrite	Refused(PublishError::PlacementRefused(NoFreeSlotOnAnyDevice))(0)	Refused(PublishError::PlacementRefused(NoFreeSlotOnAnyDevice))(0)	false	Completed
P2	3	3	0	Overwrite+Overwrite	Refused(PublishError::PlacementRefused(NoFreeSlotOnAnyDevice))(0) Refused(PublishError::PlacementRefused(NoFreeSlotOnAnyDevice))(0)	Refused(PublishError::PlacementRefused(NoFreeSlotOnAnyDevice))(0)	false	Completed
P2	3	3	0	Overwrite+MountWritable	Refused(PublishError::PlacementRefused(NoFreeSlotOnAnyDevice))(0) Mounted(publishes=3)(50)	Published(23)	true	Completed
P2	3	3	0	Overwrite+ColdStartRecover	Refused(PublishError::PlacementRefused(NoFreeSlotOnAnyDevice))(0) Recovered(0)	NotApplicable(NoWritableSession)(0)	false	Completed
P2	3	3	0	Overwrite+Rollback(NewestFloor)	Refused(PublishError::PlacementRefused(NoFreeSlotOnAnyDevice))(0) Mounted(publishes=3)(50)	Published(23)	true	Completed
P2	3	3	0	Overwrite+Rollback(Ring0)	Refused(PublishError::PlacementRefused(NoFreeSlotOnAnyDevice))(0) Mounted(publishes=3)(50)	Published(23)	true	Completed
P2	3	3	0	Overwrite+Rollback(Ring1)	Refused(PublishError::PlacementRefused(NoFreeSlotOnAnyDevice))(0) Mounted(publishes=3)(50)	Published(23)	true	Completed
P2	3	3	0	Overwrite+Rollback(Ring2)	Refused(PublishError::PlacementRefused(NoFreeSlotOnAnyDevice))(0) Mounted(publishes=3)(50)	Published(23)	true	Completed
P2	3	3	0	Overwrite+Rollback(Ring3)	Refused(PublishError::PlacementRefused(NoFreeSlotOnAnyDevice))(0) Mounted(publishes=3)(50)	Published(23)	true	Completed
P2	3	3	0	Overwrite+Raise(0)	Refused(PublishError::PlacementRefused(NoFreeSlotOnAnyDevice))(0) Refused(MountError::Publish(PublishError::PlacementRefused(NoFreeSlotOnAnyDevice)))(0)	Refused(PublishError::PlacementRefused(NoFreeSlotOnAnyDevice))(0)	false	Completed
P2	3	3	0	Overwrite+Raise(1)	Refused(PublishError::PlacementRefused(NoFreeSlotOnAnyDevice))(0) Refused(MountError::Publish(PublishError::PlacementRefused(NoFreeSlotOnAnyDevice)))(0)	Refused(PublishError::PlacementRefused(NoFreeSlotOnAnyDevice))(0)	false	Completed
P2	3	3	0	Overwrite+Raise(2)	Refused(PublishError::PlacementRefused(NoFreeSlotOnAnyDevice))(0) Refused(MountError::Publish(PublishError::PlacementRefused(NoFreeSlotOnAnyDevice)))(0)	Refused(PublishError::PlacementRefused(NoFreeSlotOnAnyDevice))(0)	false	Completed
P2	3	3	0	Overwrite+Raise(3)	Refused(PublishError::PlacementRefused(NoFreeSlotOnAnyDevice))(0) Refused(MountError::Publish(PublishError::PlacementRefused(NoFreeSlotOnAnyDevice)))(0)	Refused(PublishError::PlacementRefused(NoFreeSlotOnAnyDevice))(0)	false	Completed
P2	3	3	0	Overwrite+Raise(5)	Refused(PublishError::PlacementRefused(NoFreeSlotOnAnyDevice))(0) Refused(MountError::Publish(PublishError::PlacementRefused(NoFreeSlotOnAnyDevice)))(0)	Refused(PublishError::PlacementRefused(NoFreeSlotOnAnyDevice))(0)	false	Completed
P2	3	3	0	Overwrite+Raise(8)	Refused(PublishError::PlacementRefused(NoFreeSlotOnAnyDevice))(0) Refused(MountError::Publish(PublishError::PlacementRefused(NoFreeSlotOnAnyDevice)))(0)	Refused(PublishError::PlacementRefused(NoFreeSlotOnAnyDevice))(0)	false	Completed
P2	3	3	0	Overwrite+Raise(13)	Refused(PublishError::PlacementRefused(NoFreeSlotOnAnyDevice))(0) Refused(MountError::Publish(PublishError::PlacementRefused(NoFreeSlotOnAnyDevice)))(0)	Refused(PublishError::PlacementRefused(NoFreeSlotOnAnyDevice))(0)	false	Completed
P2	3	3	0	Overwrite+Raise(21)	Refused(PublishError::PlacementRefused(NoFreeSlotOnAnyDevice))(0) Refused(MountError::Publish(PublishError::PlacementRefused(NoFreeSlotOnAnyDevice)))(0)	Refused(PublishError::PlacementRefused(NoFreeSlotOnAnyDevice))(0)	false	Completed
P2	3	3	0	Overwrite+Raise(34)	Refused(PublishError::PlacementRefused(NoFreeSlotOnAnyDevice))(0) Refused(MountError::Publish(PublishError::PlacementRefused(NoFreeSlotOnAnyDevice)))(0)	Refused(PublishError::PlacementRefused(NoFreeSlotOnAnyDevice))(0)	false	Completed
P2	3	3	0	MountWritable	Mounted(publishes=3)(50)	Published(23)	true	Completed
P2	3	3	0	MountWritable+Overwrite	Mounted(publishes=3)(50) Published(23)	Published(23)	true	Completed
P2	3	3	0	MountWritable+MountWritable	Mounted(publishes=3)(50) Mounted(publishes=3)(50)	Published(23)	true	Completed
P2	3	3	0	MountWritable+ColdStartRecover	Mounted(publishes=3)(50) Recovered(0)	NotApplicable(NoWritableSession)(0)	false	Completed
P2	3	3	0	MountWritable+Rollback(NewestFloor)	Mounted(publishes=3)(50) Mounted(publishes=3)(50)	Published(23)	true	Completed
P2	3	3	0	MountWritable+Rollback(Ring0)	Mounted(publishes=3)(50) Mounted(publishes=3)(50)	Published(23)	true	Completed
P2	3	3	0	MountWritable+Rollback(Ring1)	Mounted(publishes=3)(50) Mounted(publishes=3)(50)	Published(23)	true	Completed
P2	3	3	0	MountWritable+Rollback(Ring2)	Mounted(publishes=3)(50) Mounted(publishes=3)(50)	Published(23)	true	Completed
P2	3	3	0	MountWritable+Rollback(Ring3)	Mounted(publishes=3)(50) Mounted(publishes=3)(50)	Published(23)	true	Completed
P2	3	3	0	MountWritable+Raise(0)	Mounted(publishes=3)(50) RaisedFloor(F=0,publishes=3)(45)	Published(23)	true	Completed
P2	3	3	0	MountWritable+Raise(1)	Mounted(publishes=3)(50) RaisedFloor(F=1,publishes=3)(45)	Published(23)	true	Completed
P2	3	3	0	MountWritable+Raise(2)	Mounted(publishes=3)(50) RaisedFloor(F=2,publishes=3)(45)	Published(23)	true	Completed
P2	3	3	0	MountWritable+Raise(3)	Mounted(publishes=3)(50) RaisedFloor(F=3,publishes=3)(45)	Published(23)	true	Completed
P2	3	3	0	MountWritable+Raise(5)	Mounted(publishes=3)(50) RaisedFloor(F=5,publishes=3)(45)	Published(23)	true	Completed
P2	3	3	0	MountWritable+Raise(8)	Mounted(publishes=3)(50) RaisedFloor(F=8,publishes=3)(45)	Published(23)	true	Completed
P2	3	3	0	MountWritable+Raise(13)	Mounted(publishes=3)(50) RaisedFloor(F=13,publishes=3)(45)	Published(23)	true	Completed
P2	3	3	0	MountWritable+Raise(21)	Mounted(publishes=3)(50) RaisedFloor(F=21,publishes=3)(45)	Published(23)	true	Completed
P2	3	3	0	MountWritable+Raise(34)	Mounted(publishes=3)(50) RaisedFloor(F=34,publishes=3)(45)	Published(23)	true	Completed
P2	3	3	0	ColdStartRecover	Recovered(0)	NotApplicable(NoWritableSession)(0)	false	Completed
P2	3	3	0	ColdStartRecover+Overwrite	Recovered(0) NotApplicable(NoWritableSession)(0)	NotApplicable(NoWritableSession)(0)	false	Completed
P2	3	3	0	ColdStartRecover+MountWritable	Recovered(0) Mounted(publishes=3)(50)	Published(23)	true	Completed
P2	3	3	0	ColdStartRecover+ColdStartRecover	Recovered(0) Recovered(0)	NotApplicable(NoWritableSession)(0)	false	Completed
P2	3	3	0	ColdStartRecover+Rollback(NewestFloor)	Recovered(0) Mounted(publishes=3)(50)	Published(23)	true	Completed
P2	3	3	0	ColdStartRecover+Rollback(Ring0)	Recovered(0) Mounted(publishes=3)(50)	Published(23)	true	Completed
P2	3	3	0	ColdStartRecover+Rollback(Ring1)	Recovered(0) Mounted(publishes=3)(50)	Published(23)	true	Completed
P2	3	3	0	ColdStartRecover+Rollback(Ring2)	Recovered(0) Mounted(publishes=3)(50)	Published(23)	true	Completed
P2	3	3	0	ColdStartRecover+Rollback(Ring3)	Recovered(0) Mounted(publishes=3)(50)	Published(23)	true	Completed
P2	3	3	0	ColdStartRecover+Raise(0)	Recovered(0) NotApplicable(NoWritableSession)(0)	NotApplicable(NoWritableSession)(0)	false	Completed
P2	3	3	0	ColdStartRecover+Raise(1)	Recovered(0) NotApplicable(NoWritableSession)(0)	NotApplicable(NoWritableSession)(0)	false	Completed
P2	3	3	0	ColdStartRecover+Raise(2)	Recovered(0) NotApplicable(NoWritableSession)(0)	NotApplicable(NoWritableSession)(0)	false	Completed
P2	3	3	0	ColdStartRecover+Raise(3)	Recovered(0) NotApplicable(NoWritableSession)(0)	NotApplicable(NoWritableSession)(0)	false	Completed
P2	3	3	0	ColdStartRecover+Raise(5)	Recovered(0) NotApplicable(NoWritableSession)(0)	NotApplicable(NoWritableSession)(0)	false	Completed
P2	3	3	0	ColdStartRecover+Raise(8)	Recovered(0) NotApplicable(NoWritableSession)(0)	NotApplicable(NoWritableSession)(0)	false	Completed
P2	3	3	0	ColdStartRecover+Raise(13)	Recovered(0) NotApplicable(NoWritableSession)(0)	NotApplicable(NoWritableSession)(0)	false	Completed
P2	3	3	0	ColdStartRecover+Raise(21)	Recovered(0) NotApplicable(NoWritableSession)(0)	NotApplicable(NoWritableSession)(0)	false	Completed
P2	3	3	0	ColdStartRecover+Raise(34)	Recovered(0) NotApplicable(NoWritableSession)(0)	NotApplicable(NoWritableSession)(0)	false	Completed
P2	3	3	0	Rollback(NewestFloor)	Mounted(publishes=3)(50)	Published(23)	true	Completed
P2	3	3	0	Rollback(NewestFloor)+Overwrite	Mounted(publishes=3)(50) Published(23)	Published(23)	true	Completed
P2	3	3	0	Rollback(NewestFloor)+MountWritable	Mounted(publishes=3)(50) Mounted(publishes=3)(50)	Published(23)	true	Completed
P2	3	3	0	Rollback(NewestFloor)+ColdStartRecover	Mounted(publishes=3)(50) Recovered(0)	NotApplicable(NoWritableSession)(0)	false	Completed
P2	3	3	0	Rollback(NewestFloor)+Rollback(NewestFloor)	Mounted(publishes=3)(50) Mounted(publishes=3)(50)	Published(23)	true	Completed
P2	3	3	0	Rollback(NewestFloor)+Rollback(Ring0)	Mounted(publishes=3)(50) Mounted(publishes=3)(50)	Published(23)	true	Completed
P2	3	3	0	Rollback(NewestFloor)+Rollback(Ring1)	Mounted(publishes=3)(50) Mounted(publishes=3)(50)	Published(23)	true	Completed
P2	3	3	0	Rollback(NewestFloor)+Rollback(Ring2)	Mounted(publishes=3)(50) Mounted(publishes=3)(50)	Published(23)	true	Completed
P2	3	3	0	Rollback(NewestFloor)+Rollback(Ring3)	Mounted(publishes=3)(50) Mounted(publishes=3)(50)	Published(23)	true	Completed
P2	3	3	0	Rollback(NewestFloor)+Raise(0)	Mounted(publishes=3)(50) RaisedFloor(F=0,publishes=3)(45)	Published(23)	true	Completed
P2	3	3	0	Rollback(NewestFloor)+Raise(1)	Mounted(publishes=3)(50) RaisedFloor(F=1,publishes=3)(45)	Published(23)	true	Completed
P2	3	3	0	Rollback(NewestFloor)+Raise(2)	Mounted(publishes=3)(50) RaisedFloor(F=2,publishes=3)(45)	Published(23)	true	Completed
P2	3	3	0	Rollback(NewestFloor)+Raise(3)	Mounted(publishes=3)(50) RaisedFloor(F=3,publishes=3)(45)	Published(23)	true	Completed
P2	3	3	0	Rollback(NewestFloor)+Raise(5)	Mounted(publishes=3)(50) RaisedFloor(F=5,publishes=3)(45)	Published(23)	true	Completed
P2	3	3	0	Rollback(NewestFloor)+Raise(8)	Mounted(publishes=3)(50) RaisedFloor(F=8,publishes=3)(45)	Published(23)	true	Completed
P2	3	3	0	Rollback(NewestFloor)+Raise(13)	Mounted(publishes=3)(50) RaisedFloor(F=13,publishes=3)(45)	Published(23)	true	Completed
P2	3	3	0	Rollback(NewestFloor)+Raise(21)	Mounted(publishes=3)(50) RaisedFloor(F=21,publishes=3)(45)	Published(23)	true	Completed
P2	3	3	0	Rollback(NewestFloor)+Raise(34)	Mounted(publishes=3)(50) RaisedFloor(F=34,publishes=3)(45)	Published(23)	true	Completed
P2	3	3	0	Rollback(Ring0)	Mounted(publishes=3)(50)	Published(23)	true	Completed
P2	3	3	0	Rollback(Ring0)+Overwrite	Mounted(publishes=3)(50) Published(23)	Published(23)	true	Completed
P2	3	3	0	Rollback(Ring0)+MountWritable	Mounted(publishes=3)(50) Mounted(publishes=3)(50)	Published(23)	true	Completed
P2	3	3	0	Rollback(Ring0)+ColdStartRecover	Mounted(publishes=3)(50) Recovered(0)	NotApplicable(NoWritableSession)(0)	false	Completed
P2	3	3	0	Rollback(Ring0)+Rollback(NewestFloor)	Mounted(publishes=3)(50) Mounted(publishes=3)(50)	Published(23)	true	Completed
P2	3	3	0	Rollback(Ring0)+Rollback(Ring0)	Mounted(publishes=3)(50) Mounted(publishes=3)(50)	Published(23)	true	Completed
P2	3	3	0	Rollback(Ring0)+Rollback(Ring1)	Mounted(publishes=3)(50) Mounted(publishes=3)(50)	Published(23)	true	Completed
P2	3	3	0	Rollback(Ring0)+Rollback(Ring2)	Mounted(publishes=3)(50) Mounted(publishes=3)(50)	Published(23)	true	Completed
P2	3	3	0	Rollback(Ring0)+Rollback(Ring3)	Mounted(publishes=3)(50) Mounted(publishes=3)(50)	Published(23)	true	Completed
P2	3	3	0	Rollback(Ring0)+Raise(0)	Mounted(publishes=3)(50) RaisedFloor(F=0,publishes=3)(45)	Published(23)	true	Completed
P2	3	3	0	Rollback(Ring0)+Raise(1)	Mounted(publishes=3)(50) RaisedFloor(F=1,publishes=3)(45)	Published(23)	true	Completed
P2	3	3	0	Rollback(Ring0)+Raise(2)	Mounted(publishes=3)(50) RaisedFloor(F=2,publishes=3)(45)	Published(23)	true	Completed
P2	3	3	0	Rollback(Ring0)+Raise(3)	Mounted(publishes=3)(50) RaisedFloor(F=3,publishes=3)(45)	Published(23)	true	Completed
P2	3	3	0	Rollback(Ring0)+Raise(5)	Mounted(publishes=3)(50) RaisedFloor(F=5,publishes=3)(45)	Published(23)	true	Completed
P2	3	3	0	Rollback(Ring0)+Raise(8)	Mounted(publishes=3)(50) RaisedFloor(F=8,publishes=3)(45)	Published(23)	true	Completed
P2	3	3	0	Rollback(Ring0)+Raise(13)	Mounted(publishes=3)(50) RaisedFloor(F=13,publishes=3)(45)	Published(23)	true	Completed
P2	3	3	0	Rollback(Ring0)+Raise(21)	Mounted(publishes=3)(50) RaisedFloor(F=21,publishes=3)(45)	Published(23)	true	Completed
P2	3	3	0	Rollback(Ring0)+Raise(34)	Mounted(publishes=3)(50) RaisedFloor(F=34,publishes=3)(45)	Published(23)	true	Completed
P2	3	3	0	Rollback(Ring1)	Mounted(publishes=3)(50)	Published(23)	true	Completed
P2	3	3	0	Rollback(Ring1)+Overwrite	Mounted(publishes=3)(50) Published(23)	Published(23)	true	Completed
P2	3	3	0	Rollback(Ring1)+MountWritable	Mounted(publishes=3)(50) Mounted(publishes=3)(50)	Published(23)	true	Completed
P2	3	3	0	Rollback(Ring1)+ColdStartRecover	Mounted(publishes=3)(50) Recovered(0)	NotApplicable(NoWritableSession)(0)	false	Completed
P2	3	3	0	Rollback(Ring1)+Rollback(NewestFloor)	Mounted(publishes=3)(50) Mounted(publishes=3)(50)	Published(23)	true	Completed
P2	3	3	0	Rollback(Ring1)+Rollback(Ring0)	Mounted(publishes=3)(50) Mounted(publishes=3)(50)	Published(23)	true	Completed
P2	3	3	0	Rollback(Ring1)+Rollback(Ring1)	Mounted(publishes=3)(50) Mounted(publishes=3)(50)	Published(23)	true	Completed
P2	3	3	0	Rollback(Ring1)+Rollback(Ring2)	Mounted(publishes=3)(50) Mounted(publishes=3)(50)	Published(23)	true	Completed
P2	3	3	0	Rollback(Ring1)+Rollback(Ring3)	Mounted(publishes=3)(50) Refused(MountError::RollbackTargetNotACandidate(OnAbandonedTimeline))(0)	NotApplicable(NoWritableSession)(0)	false	Completed
P2	3	3	0	Rollback(Ring1)+Raise(0)	Mounted(publishes=3)(50) RaisedFloor(F=0,publishes=3)(45)	Published(23)	true	Completed
P2	3	3	0	Rollback(Ring1)+Raise(1)	Mounted(publishes=3)(50) RaisedFloor(F=1,publishes=3)(45)	Published(23)	true	Completed
P2	3	3	0	Rollback(Ring1)+Raise(2)	Mounted(publishes=3)(50) RaisedFloor(F=2,publishes=3)(45)	Published(23)	true	Completed
P2	3	3	0	Rollback(Ring1)+Raise(3)	Mounted(publishes=3)(50) RaisedFloor(F=3,publishes=3)(45)	Published(23)	true	Completed
P2	3	3	0	Rollback(Ring1)+Raise(5)	Mounted(publishes=3)(50) RaisedFloor(F=5,publishes=3)(45)	Published(23)	true	Completed
P2	3	3	0	Rollback(Ring1)+Raise(8)	Mounted(publishes=3)(50) RaisedFloor(F=8,publishes=3)(45)	Published(23)	true	Completed
P2	3	3	0	Rollback(Ring1)+Raise(13)	Mounted(publishes=3)(50) RaisedFloor(F=13,publishes=3)(45)	Published(23)	true	Completed
P2	3	3	0	Rollback(Ring1)+Raise(21)	Mounted(publishes=3)(50) RaisedFloor(F=21,publishes=3)(45)	Published(23)	true	Completed
P2	3	3	0	Rollback(Ring1)+Raise(34)	Mounted(publishes=3)(50) RaisedFloor(F=34,publishes=3)(45)	Published(23)	true	Completed
P2	3	3	0	Rollback(Ring2)	Mounted(publishes=3)(50)	Published(23)	true	Completed
P2	3	3	0	Rollback(Ring2)+Overwrite	Mounted(publishes=3)(50) Published(23)	Published(23)	true	Completed
P2	3	3	0	Rollback(Ring2)+MountWritable	Mounted(publishes=3)(50) Mounted(publishes=3)(50)	Published(23)	true	Completed
P2	3	3	0	Rollback(Ring2)+ColdStartRecover	Mounted(publishes=3)(50) Recovered(0)	NotApplicable(NoWritableSession)(0)	false	Completed
P2	3	3	0	Rollback(Ring2)+Rollback(NewestFloor)	Mounted(publishes=3)(50) Mounted(publishes=3)(50)	Published(23)	true	Completed
P2	3	3	0	Rollback(Ring2)+Rollback(Ring0)	Mounted(publishes=3)(50) Mounted(publishes=3)(50)	Published(23)	true	Completed
P2	3	3	0	Rollback(Ring2)+Rollback(Ring1)	Mounted(publishes=3)(50) Mounted(publishes=3)(50)	Published(23)	true	Completed
P2	3	3	0	Rollback(Ring2)+Rollback(Ring2)	Mounted(publishes=3)(50) Mounted(publishes=3)(50)	Published(23)	true	Completed
P2	3	3	0	Rollback(Ring2)+Rollback(Ring3)	Mounted(publishes=3)(50) Refused(MountError::RollbackTargetNotACandidate(OnAbandonedTimeline))(0)	NotApplicable(NoWritableSession)(0)	false	Completed
P2	3	3	0	Rollback(Ring2)+Raise(0)	Mounted(publishes=3)(50) RaisedFloor(F=0,publishes=3)(45)	Published(23)	true	Completed
P2	3	3	0	Rollback(Ring2)+Raise(1)	Mounted(publishes=3)(50) RaisedFloor(F=1,publishes=3)(45)	Published(23)	true	Completed
P2	3	3	0	Rollback(Ring2)+Raise(2)	Mounted(publishes=3)(50) RaisedFloor(F=2,publishes=3)(45)	Published(23)	true	Completed
P2	3	3	0	Rollback(Ring2)+Raise(3)	Mounted(publishes=3)(50) RaisedFloor(F=3,publishes=3)(45)	Published(23)	true	Completed
P2	3	3	0	Rollback(Ring2)+Raise(5)	Mounted(publishes=3)(50) RaisedFloor(F=5,publishes=3)(45)	Published(23)	true	Completed
P2	3	3	0	Rollback(Ring2)+Raise(8)	Mounted(publishes=3)(50) RaisedFloor(F=8,publishes=3)(45)	Published(23)	true	Completed
P2	3	3	0	Rollback(Ring2)+Raise(13)	Mounted(publishes=3)(50) RaisedFloor(F=13,publishes=3)(45)	Published(23)	true	Completed
P2	3	3	0	Rollback(Ring2)+Raise(21)	Mounted(publishes=3)(50) RaisedFloor(F=21,publishes=3)(45)	Published(23)	true	Completed
P2	3	3	0	Rollback(Ring2)+Raise(34)	Mounted(publishes=3)(50) RaisedFloor(F=34,publishes=3)(45)	Published(23)	true	Completed
P2	3	3	0	Rollback(Ring3)	Mounted(publishes=3)(50)	Published(23)	true	Completed
P2	3	3	0	Rollback(Ring3)+Overwrite	Mounted(publishes=3)(50) Published(23)	Published(23)	true	Completed
P2	3	3	0	Rollback(Ring3)+MountWritable	Mounted(publishes=3)(50) Mounted(publishes=3)(50)	Published(23)	true	Completed
P2	3	3	0	Rollback(Ring3)+ColdStartRecover	Mounted(publishes=3)(50) Recovered(0)	NotApplicable(NoWritableSession)(0)	false	Completed
P2	3	3	0	Rollback(Ring3)+Rollback(NewestFloor)	Mounted(publishes=3)(50) Mounted(publishes=3)(50)	Published(23)	true	Completed
P2	3	3	0	Rollback(Ring3)+Rollback(Ring0)	Mounted(publishes=3)(50) Mounted(publishes=3)(50)	Published(23)	true	Completed
P2	3	3	0	Rollback(Ring3)+Rollback(Ring1)	Mounted(publishes=3)(50) Mounted(publishes=3)(50)	Published(23)	true	Completed
P2	3	3	0	Rollback(Ring3)+Rollback(Ring2)	Mounted(publishes=3)(50) Mounted(publishes=3)(50)	Published(23)	true	Completed
P2	3	3	0	Rollback(Ring3)+Rollback(Ring3)	Mounted(publishes=3)(50) Refused(MountError::RollbackTargetNotACandidate(OnAbandonedTimeline))(0)	NotApplicable(NoWritableSession)(0)	false	Completed
P2	3	3	0	Rollback(Ring3)+Raise(0)	Mounted(publishes=3)(50) RaisedFloor(F=0,publishes=3)(45)	Published(23)	true	Completed
P2	3	3	0	Rollback(Ring3)+Raise(1)	Mounted(publishes=3)(50) RaisedFloor(F=1,publishes=3)(45)	Published(23)	true	Completed
P2	3	3	0	Rollback(Ring3)+Raise(2)	Mounted(publishes=3)(50) RaisedFloor(F=2,publishes=3)(45)	Published(23)	true	Completed
P2	3	3	0	Rollback(Ring3)+Raise(3)	Mounted(publishes=3)(50) RaisedFloor(F=3,publishes=3)(45)	Published(23)	true	Completed
P2	3	3	0	Rollback(Ring3)+Raise(5)	Mounted(publishes=3)(50) RaisedFloor(F=5,publishes=3)(45)	Published(23)	true	Completed
P2	3	3	0	Rollback(Ring3)+Raise(8)	Mounted(publishes=3)(50) RaisedFloor(F=8,publishes=3)(45)	Published(23)	true	Completed
P2	3	3	0	Rollback(Ring3)+Raise(13)	Mounted(publishes=3)(50) RaisedFloor(F=13,publishes=3)(45)	Published(23)	true	Completed
P2	3	3	0	Rollback(Ring3)+Raise(21)	Mounted(publishes=3)(50) RaisedFloor(F=21,publishes=3)(45)	Published(23)	true	Completed
P2	3	3	0	Rollback(Ring3)+Raise(34)	Mounted(publishes=3)(50) RaisedFloor(F=34,publishes=3)(45)	Published(23)	true	Completed
P2	3	3	0	Raise(0)	Refused(MountError::Publish(PublishError::PlacementRefused(NoFreeSlotOnAnyDevice)))(0)	Refused(PublishError::PlacementRefused(NoFreeSlotOnAnyDevice))(0)	false	Completed
P2	3	3	0	Raise(0)+Overwrite	Refused(MountError::Publish(PublishError::PlacementRefused(NoFreeSlotOnAnyDevice)))(0) Refused(PublishError::PlacementRefused(NoFreeSlotOnAnyDevice))(0)	Refused(PublishError::PlacementRefused(NoFreeSlotOnAnyDevice))(0)	false	Completed
P2	3	3	0	Raise(0)+MountWritable	Refused(MountError::Publish(PublishError::PlacementRefused(NoFreeSlotOnAnyDevice)))(0) Mounted(publishes=3)(50)	Published(23)	true	Completed
P2	3	3	0	Raise(0)+ColdStartRecover	Refused(MountError::Publish(PublishError::PlacementRefused(NoFreeSlotOnAnyDevice)))(0) Recovered(0)	NotApplicable(NoWritableSession)(0)	false	Completed
P2	3	3	0	Raise(0)+Rollback(NewestFloor)	Refused(MountError::Publish(PublishError::PlacementRefused(NoFreeSlotOnAnyDevice)))(0) Mounted(publishes=3)(50)	Published(23)	true	Completed
P2	3	3	0	Raise(0)+Rollback(Ring0)	Refused(MountError::Publish(PublishError::PlacementRefused(NoFreeSlotOnAnyDevice)))(0) Mounted(publishes=3)(50)	Published(23)	true	Completed
P2	3	3	0	Raise(0)+Rollback(Ring1)	Refused(MountError::Publish(PublishError::PlacementRefused(NoFreeSlotOnAnyDevice)))(0) Mounted(publishes=3)(50)	Published(23)	true	Completed
P2	3	3	0	Raise(0)+Rollback(Ring2)	Refused(MountError::Publish(PublishError::PlacementRefused(NoFreeSlotOnAnyDevice)))(0) Mounted(publishes=3)(50)	Published(23)	true	Completed
P2	3	3	0	Raise(0)+Rollback(Ring3)	Refused(MountError::Publish(PublishError::PlacementRefused(NoFreeSlotOnAnyDevice)))(0) Mounted(publishes=3)(50)	Published(23)	true	Completed
P2	3	3	0	Raise(0)+Raise(0)	Refused(MountError::Publish(PublishError::PlacementRefused(NoFreeSlotOnAnyDevice)))(0) Refused(MountError::Publish(PublishError::PlacementRefused(NoFreeSlotOnAnyDevice)))(0)	Refused(PublishError::PlacementRefused(NoFreeSlotOnAnyDevice))(0)	false	Completed
P2	3	3	0	Raise(0)+Raise(1)	Refused(MountError::Publish(PublishError::PlacementRefused(NoFreeSlotOnAnyDevice)))(0) Refused(MountError::Publish(PublishError::PlacementRefused(NoFreeSlotOnAnyDevice)))(0)	Refused(PublishError::PlacementRefused(NoFreeSlotOnAnyDevice))(0)	false	Completed
P2	3	3	0	Raise(0)+Raise(2)	Refused(MountError::Publish(PublishError::PlacementRefused(NoFreeSlotOnAnyDevice)))(0) Refused(MountError::Publish(PublishError::PlacementRefused(NoFreeSlotOnAnyDevice)))(0)	Refused(PublishError::PlacementRefused(NoFreeSlotOnAnyDevice))(0)	false	Completed
P2	3	3	0	Raise(0)+Raise(3)	Refused(MountError::Publish(PublishError::PlacementRefused(NoFreeSlotOnAnyDevice)))(0) Refused(MountError::Publish(PublishError::PlacementRefused(NoFreeSlotOnAnyDevice)))(0)	Refused(PublishError::PlacementRefused(NoFreeSlotOnAnyDevice))(0)	false	Completed
P2	3	3	0	Raise(0)+Raise(5)	Refused(MountError::Publish(PublishError::PlacementRefused(NoFreeSlotOnAnyDevice)))(0) Refused(MountError::Publish(PublishError::PlacementRefused(NoFreeSlotOnAnyDevice)))(0)	Refused(PublishError::PlacementRefused(NoFreeSlotOnAnyDevice))(0)	false	Completed
P2	3	3	0	Raise(0)+Raise(8)	Refused(MountError::Publish(PublishError::PlacementRefused(NoFreeSlotOnAnyDevice)))(0) Refused(MountError::Publish(PublishError::PlacementRefused(NoFreeSlotOnAnyDevice)))(0)	Refused(PublishError::PlacementRefused(NoFreeSlotOnAnyDevice))(0)	false	Completed
P2	3	3	0	Raise(0)+Raise(13)	Refused(MountError::Publish(PublishError::PlacementRefused(NoFreeSlotOnAnyDevice)))(0) Refused(MountError::Publish(PublishError::PlacementRefused(NoFreeSlotOnAnyDevice)))(0)	Refused(PublishError::PlacementRefused(NoFreeSlotOnAnyDevice))(0)	false	Completed
P2	3	3	0	Raise(0)+Raise(21)	Refused(MountError::Publish(PublishError::PlacementRefused(NoFreeSlotOnAnyDevice)))(0) Refused(MountError::Publish(PublishError::PlacementRefused(NoFreeSlotOnAnyDevice)))(0)	Refused(PublishError::PlacementRefused(NoFreeSlotOnAnyDevice))(0)	false	Completed
P2	3	3	0	Raise(0)+Raise(34)	Refused(MountError::Publish(PublishError::PlacementRefused(NoFreeSlotOnAnyDevice)))(0) Refused(MountError::Publish(PublishError::PlacementRefused(NoFreeSlotOnAnyDevice)))(0)	Refused(PublishError::PlacementRefused(NoFreeSlotOnAnyDevice))(0)	false	Completed
P2	3	3	0	Raise(1)	Refused(MountError::Publish(PublishError::PlacementRefused(NoFreeSlotOnAnyDevice)))(0)	Refused(PublishError::PlacementRefused(NoFreeSlotOnAnyDevice))(0)	false	Completed
P2	3	3	0	Raise(1)+Overwrite	Refused(MountError::Publish(PublishError::PlacementRefused(NoFreeSlotOnAnyDevice)))(0) Refused(PublishError::PlacementRefused(NoFreeSlotOnAnyDevice))(0)	Refused(PublishError::PlacementRefused(NoFreeSlotOnAnyDevice))(0)	false	Completed
P2	3	3	0	Raise(1)+MountWritable	Refused(MountError::Publish(PublishError::PlacementRefused(NoFreeSlotOnAnyDevice)))(0) Mounted(publishes=3)(50)	Published(23)	true	Completed
P2	3	3	0	Raise(1)+ColdStartRecover	Refused(MountError::Publish(PublishError::PlacementRefused(NoFreeSlotOnAnyDevice)))(0) Recovered(0)	NotApplicable(NoWritableSession)(0)	false	Completed
P2	3	3	0	Raise(1)+Rollback(NewestFloor)	Refused(MountError::Publish(PublishError::PlacementRefused(NoFreeSlotOnAnyDevice)))(0) Mounted(publishes=3)(50)	Published(23)	true	Completed
P2	3	3	0	Raise(1)+Rollback(Ring0)	Refused(MountError::Publish(PublishError::PlacementRefused(NoFreeSlotOnAnyDevice)))(0) Mounted(publishes=3)(50)	Published(23)	true	Completed
P2	3	3	0	Raise(1)+Rollback(Ring1)	Refused(MountError::Publish(PublishError::PlacementRefused(NoFreeSlotOnAnyDevice)))(0) Mounted(publishes=3)(50)	Published(23)	true	Completed
P2	3	3	0	Raise(1)+Rollback(Ring2)	Refused(MountError::Publish(PublishError::PlacementRefused(NoFreeSlotOnAnyDevice)))(0) Mounted(publishes=3)(50)	Published(23)	true	Completed
P2	3	3	0	Raise(1)+Rollback(Ring3)	Refused(MountError::Publish(PublishError::PlacementRefused(NoFreeSlotOnAnyDevice)))(0) Mounted(publishes=3)(50)	Published(23)	true	Completed
P2	3	3	0	Raise(1)+Raise(0)	Refused(MountError::Publish(PublishError::PlacementRefused(NoFreeSlotOnAnyDevice)))(0) Refused(MountError::Publish(PublishError::PlacementRefused(NoFreeSlotOnAnyDevice)))(0)	Refused(PublishError::PlacementRefused(NoFreeSlotOnAnyDevice))(0)	false	Completed
P2	3	3	0	Raise(1)+Raise(1)	Refused(MountError::Publish(PublishError::PlacementRefused(NoFreeSlotOnAnyDevice)))(0) Refused(MountError::Publish(PublishError::PlacementRefused(NoFreeSlotOnAnyDevice)))(0)	Refused(PublishError::PlacementRefused(NoFreeSlotOnAnyDevice))(0)	false	Completed
P2	3	3	0	Raise(1)+Raise(2)	Refused(MountError::Publish(PublishError::PlacementRefused(NoFreeSlotOnAnyDevice)))(0) Refused(MountError::Publish(PublishError::PlacementRefused(NoFreeSlotOnAnyDevice)))(0)	Refused(PublishError::PlacementRefused(NoFreeSlotOnAnyDevice))(0)	false	Completed
P2	3	3	0	Raise(1)+Raise(3)	Refused(MountError::Publish(PublishError::PlacementRefused(NoFreeSlotOnAnyDevice)))(0) Refused(MountError::Publish(PublishError::PlacementRefused(NoFreeSlotOnAnyDevice)))(0)	Refused(PublishError::PlacementRefused(NoFreeSlotOnAnyDevice))(0)	false	Completed
P2	3	3	0	Raise(1)+Raise(5)	Refused(MountError::Publish(PublishError::PlacementRefused(NoFreeSlotOnAnyDevice)))(0) Refused(MountError::Publish(PublishError::PlacementRefused(NoFreeSlotOnAnyDevice)))(0)	Refused(PublishError::PlacementRefused(NoFreeSlotOnAnyDevice))(0)	false	Completed
P2	3	3	0	Raise(1)+Raise(8)	Refused(MountError::Publish(PublishError::PlacementRefused(NoFreeSlotOnAnyDevice)))(0) Refused(MountError::Publish(PublishError::PlacementRefused(NoFreeSlotOnAnyDevice)))(0)	Refused(PublishError::PlacementRefused(NoFreeSlotOnAnyDevice))(0)	false	Completed
P2	3	3	0	Raise(1)+Raise(13)	Refused(MountError::Publish(PublishError::PlacementRefused(NoFreeSlotOnAnyDevice)))(0) Refused(MountError::Publish(PublishError::PlacementRefused(NoFreeSlotOnAnyDevice)))(0)	Refused(PublishError::PlacementRefused(NoFreeSlotOnAnyDevice))(0)	false	Completed
P2	3	3	0	Raise(1)+Raise(21)	Refused(MountError::Publish(PublishError::PlacementRefused(NoFreeSlotOnAnyDevice)))(0) Refused(MountError::Publish(PublishError::PlacementRefused(NoFreeSlotOnAnyDevice)))(0)	Refused(PublishError::PlacementRefused(NoFreeSlotOnAnyDevice))(0)	false	Completed
P2	3	3	0	Raise(1)+Raise(34)	Refused(MountError::Publish(PublishError::PlacementRefused(NoFreeSlotOnAnyDevice)))(0) Refused(MountError::Publish(PublishError::PlacementRefused(NoFreeSlotOnAnyDevice)))(0)	Refused(PublishError::PlacementRefused(NoFreeSlotOnAnyDevice))(0)	false	Completed
P2	3	3	0	Raise(2)	Refused(MountError::Publish(PublishError::PlacementRefused(NoFreeSlotOnAnyDevice)))(0)	Refused(PublishError::PlacementRefused(NoFreeSlotOnAnyDevice))(0)	false	Completed
P2	3	3	0	Raise(2)+Overwrite	Refused(MountError::Publish(PublishError::PlacementRefused(NoFreeSlotOnAnyDevice)))(0) Refused(PublishError::PlacementRefused(NoFreeSlotOnAnyDevice))(0)	Refused(PublishError::PlacementRefused(NoFreeSlotOnAnyDevice))(0)	false	Completed
P2	3	3	0	Raise(2)+MountWritable	Refused(MountError::Publish(PublishError::PlacementRefused(NoFreeSlotOnAnyDevice)))(0) Mounted(publishes=3)(50)	Published(23)	true	Completed
P2	3	3	0	Raise(2)+ColdStartRecover	Refused(MountError::Publish(PublishError::PlacementRefused(NoFreeSlotOnAnyDevice)))(0) Recovered(0)	NotApplicable(NoWritableSession)(0)	false	Completed
P2	3	3	0	Raise(2)+Rollback(NewestFloor)	Refused(MountError::Publish(PublishError::PlacementRefused(NoFreeSlotOnAnyDevice)))(0) Mounted(publishes=3)(50)	Published(23)	true	Completed
P2	3	3	0	Raise(2)+Rollback(Ring0)	Refused(MountError::Publish(PublishError::PlacementRefused(NoFreeSlotOnAnyDevice)))(0) Mounted(publishes=3)(50)	Published(23)	true	Completed
P2	3	3	0	Raise(2)+Rollback(Ring1)	Refused(MountError::Publish(PublishError::PlacementRefused(NoFreeSlotOnAnyDevice)))(0) Mounted(publishes=3)(50)	Published(23)	true	Completed
P2	3	3	0	Raise(2)+Rollback(Ring2)	Refused(MountError::Publish(PublishError::PlacementRefused(NoFreeSlotOnAnyDevice)))(0) Mounted(publishes=3)(50)	Published(23)	true	Completed
P2	3	3	0	Raise(2)+Rollback(Ring3)	Refused(MountError::Publish(PublishError::PlacementRefused(NoFreeSlotOnAnyDevice)))(0) Mounted(publishes=3)(50)	Published(23)	true	Completed
P2	3	3	0	Raise(2)+Raise(0)	Refused(MountError::Publish(PublishError::PlacementRefused(NoFreeSlotOnAnyDevice)))(0) Refused(MountError::Publish(PublishError::PlacementRefused(NoFreeSlotOnAnyDevice)))(0)	Refused(PublishError::PlacementRefused(NoFreeSlotOnAnyDevice))(0)	false	Completed
P2	3	3	0	Raise(2)+Raise(1)	Refused(MountError::Publish(PublishError::PlacementRefused(NoFreeSlotOnAnyDevice)))(0) Refused(MountError::Publish(PublishError::PlacementRefused(NoFreeSlotOnAnyDevice)))(0)	Refused(PublishError::PlacementRefused(NoFreeSlotOnAnyDevice))(0)	false	Completed
P2	3	3	0	Raise(2)+Raise(2)	Refused(MountError::Publish(PublishError::PlacementRefused(NoFreeSlotOnAnyDevice)))(0) Refused(MountError::Publish(PublishError::PlacementRefused(NoFreeSlotOnAnyDevice)))(0)	Refused(PublishError::PlacementRefused(NoFreeSlotOnAnyDevice))(0)	false	Completed
P2	3	3	0	Raise(2)+Raise(3)	Refused(MountError::Publish(PublishError::PlacementRefused(NoFreeSlotOnAnyDevice)))(0) Refused(MountError::Publish(PublishError::PlacementRefused(NoFreeSlotOnAnyDevice)))(0)	Refused(PublishError::PlacementRefused(NoFreeSlotOnAnyDevice))(0)	false	Completed
P2	3	3	0	Raise(2)+Raise(5)	Refused(MountError::Publish(PublishError::PlacementRefused(NoFreeSlotOnAnyDevice)))(0) Refused(MountError::Publish(PublishError::PlacementRefused(NoFreeSlotOnAnyDevice)))(0)	Refused(PublishError::PlacementRefused(NoFreeSlotOnAnyDevice))(0)	false	Completed
P2	3	3	0	Raise(2)+Raise(8)	Refused(MountError::Publish(PublishError::PlacementRefused(NoFreeSlotOnAnyDevice)))(0) Refused(MountError::Publish(PublishError::PlacementRefused(NoFreeSlotOnAnyDevice)))(0)	Refused(PublishError::PlacementRefused(NoFreeSlotOnAnyDevice))(0)	false	Completed
P2	3	3	0	Raise(2)+Raise(13)	Refused(MountError::Publish(PublishError::PlacementRefused(NoFreeSlotOnAnyDevice)))(0) Refused(MountError::Publish(PublishError::PlacementRefused(NoFreeSlotOnAnyDevice)))(0)	Refused(PublishError::PlacementRefused(NoFreeSlotOnAnyDevice))(0)	false	Completed
P2	3	3	0	Raise(2)+Raise(21)	Refused(MountError::Publish(PublishError::PlacementRefused(NoFreeSlotOnAnyDevice)))(0) Refused(MountError::Publish(PublishError::PlacementRefused(NoFreeSlotOnAnyDevice)))(0)	Refused(PublishError::PlacementRefused(NoFreeSlotOnAnyDevice))(0)	false	Completed
P2	3	3	0	Raise(2)+Raise(34)	Refused(MountError::Publish(PublishError::PlacementRefused(NoFreeSlotOnAnyDevice)))(0) Refused(MountError::Publish(PublishError::PlacementRefused(NoFreeSlotOnAnyDevice)))(0)	Refused(PublishError::PlacementRefused(NoFreeSlotOnAnyDevice))(0)	false	Completed
P2	3	3	0	Raise(3)	Refused(MountError::Publish(PublishError::PlacementRefused(NoFreeSlotOnAnyDevice)))(0)	Refused(PublishError::PlacementRefused(NoFreeSlotOnAnyDevice))(0)	false	Completed
P2	3	3	0	Raise(3)+Overwrite	Refused(MountError::Publish(PublishError::PlacementRefused(NoFreeSlotOnAnyDevice)))(0) Refused(PublishError::PlacementRefused(NoFreeSlotOnAnyDevice))(0)	Refused(PublishError::PlacementRefused(NoFreeSlotOnAnyDevice))(0)	false	Completed
P2	3	3	0	Raise(3)+MountWritable	Refused(MountError::Publish(PublishError::PlacementRefused(NoFreeSlotOnAnyDevice)))(0) Mounted(publishes=3)(50)	Published(23)	true	Completed
P2	3	3	0	Raise(3)+ColdStartRecover	Refused(MountError::Publish(PublishError::PlacementRefused(NoFreeSlotOnAnyDevice)))(0) Recovered(0)	NotApplicable(NoWritableSession)(0)	false	Completed
P2	3	3	0	Raise(3)+Rollback(NewestFloor)	Refused(MountError::Publish(PublishError::PlacementRefused(NoFreeSlotOnAnyDevice)))(0) Mounted(publishes=3)(50)	Published(23)	true	Completed
P2	3	3	0	Raise(3)+Rollback(Ring0)	Refused(MountError::Publish(PublishError::PlacementRefused(NoFreeSlotOnAnyDevice)))(0) Mounted(publishes=3)(50)	Published(23)	true	Completed
P2	3	3	0	Raise(3)+Rollback(Ring1)	Refused(MountError::Publish(PublishError::PlacementRefused(NoFreeSlotOnAnyDevice)))(0) Mounted(publishes=3)(50)	Published(23)	true	Completed
P2	3	3	0	Raise(3)+Rollback(Ring2)	Refused(MountError::Publish(PublishError::PlacementRefused(NoFreeSlotOnAnyDevice)))(0) Mounted(publishes=3)(50)	Published(23)	true	Completed
P2	3	3	0	Raise(3)+Rollback(Ring3)	Refused(MountError::Publish(PublishError::PlacementRefused(NoFreeSlotOnAnyDevice)))(0) Mounted(publishes=3)(50)	Published(23)	true	Completed
P2	3	3	0	Raise(3)+Raise(0)	Refused(MountError::Publish(PublishError::PlacementRefused(NoFreeSlotOnAnyDevice)))(0) Refused(MountError::Publish(PublishError::PlacementRefused(NoFreeSlotOnAnyDevice)))(0)	Refused(PublishError::PlacementRefused(NoFreeSlotOnAnyDevice))(0)	false	Completed
P2	3	3	0	Raise(3)+Raise(1)	Refused(MountError::Publish(PublishError::PlacementRefused(NoFreeSlotOnAnyDevice)))(0) Refused(MountError::Publish(PublishError::PlacementRefused(NoFreeSlotOnAnyDevice)))(0)	Refused(PublishError::PlacementRefused(NoFreeSlotOnAnyDevice))(0)	false	Completed
P2	3	3	0	Raise(3)+Raise(2)	Refused(MountError::Publish(PublishError::PlacementRefused(NoFreeSlotOnAnyDevice)))(0) Refused(MountError::Publish(PublishError::PlacementRefused(NoFreeSlotOnAnyDevice)))(0)	Refused(PublishError::PlacementRefused(NoFreeSlotOnAnyDevice))(0)	false	Completed
P2	3	3	0	Raise(3)+Raise(3)	Refused(MountError::Publish(PublishError::PlacementRefused(NoFreeSlotOnAnyDevice)))(0) Refused(MountError::Publish(PublishError::PlacementRefused(NoFreeSlotOnAnyDevice)))(0)	Refused(PublishError::PlacementRefused(NoFreeSlotOnAnyDevice))(0)	false	Completed
P2	3	3	0	Raise(3)+Raise(5)	Refused(MountError::Publish(PublishError::PlacementRefused(NoFreeSlotOnAnyDevice)))(0) Refused(MountError::Publish(PublishError::PlacementRefused(NoFreeSlotOnAnyDevice)))(0)	Refused(PublishError::PlacementRefused(NoFreeSlotOnAnyDevice))(0)	false	Completed
P2	3	3	0	Raise(3)+Raise(8)	Refused(MountError::Publish(PublishError::PlacementRefused(NoFreeSlotOnAnyDevice)))(0) Refused(MountError::Publish(PublishError::PlacementRefused(NoFreeSlotOnAnyDevice)))(0)	Refused(PublishError::PlacementRefused(NoFreeSlotOnAnyDevice))(0)	false	Completed
P2	3	3	0	Raise(3)+Raise(13)	Refused(MountError::Publish(PublishError::PlacementRefused(NoFreeSlotOnAnyDevice)))(0) Refused(MountError::Publish(PublishError::PlacementRefused(NoFreeSlotOnAnyDevice)))(0)	Refused(PublishError::PlacementRefused(NoFreeSlotOnAnyDevice))(0)	false	Completed
P2	3	3	0	Raise(3)+Raise(21)	Refused(MountError::Publish(PublishError::PlacementRefused(NoFreeSlotOnAnyDevice)))(0) Refused(MountError::Publish(PublishError::PlacementRefused(NoFreeSlotOnAnyDevice)))(0)	Refused(PublishError::PlacementRefused(NoFreeSlotOnAnyDevice))(0)	false	Completed
P2	3	3	0	Raise(3)+Raise(34)	Refused(MountError::Publish(PublishError::PlacementRefused(NoFreeSlotOnAnyDevice)))(0) Refused(MountError::Publish(PublishError::PlacementRefused(NoFreeSlotOnAnyDevice)))(0)	Refused(PublishError::PlacementRefused(NoFreeSlotOnAnyDevice))(0)	false	Completed
P2	3	3	0	Raise(5)	Refused(MountError::Publish(PublishError::PlacementRefused(NoFreeSlotOnAnyDevice)))(0)	Refused(PublishError::PlacementRefused(NoFreeSlotOnAnyDevice))(0)	false	Completed
P2	3	3	0	Raise(5)+Overwrite	Refused(MountError::Publish(PublishError::PlacementRefused(NoFreeSlotOnAnyDevice)))(0) Refused(PublishError::PlacementRefused(NoFreeSlotOnAnyDevice))(0)	Refused(PublishError::PlacementRefused(NoFreeSlotOnAnyDevice))(0)	false	Completed
P2	3	3	0	Raise(5)+MountWritable	Refused(MountError::Publish(PublishError::PlacementRefused(NoFreeSlotOnAnyDevice)))(0) Mounted(publishes=3)(50)	Published(23)	true	Completed
P2	3	3	0	Raise(5)+ColdStartRecover	Refused(MountError::Publish(PublishError::PlacementRefused(NoFreeSlotOnAnyDevice)))(0) Recovered(0)	NotApplicable(NoWritableSession)(0)	false	Completed
P2	3	3	0	Raise(5)+Rollback(NewestFloor)	Refused(MountError::Publish(PublishError::PlacementRefused(NoFreeSlotOnAnyDevice)))(0) Mounted(publishes=3)(50)	Published(23)	true	Completed
P2	3	3	0	Raise(5)+Rollback(Ring0)	Refused(MountError::Publish(PublishError::PlacementRefused(NoFreeSlotOnAnyDevice)))(0) Mounted(publishes=3)(50)	Published(23)	true	Completed
P2	3	3	0	Raise(5)+Rollback(Ring1)	Refused(MountError::Publish(PublishError::PlacementRefused(NoFreeSlotOnAnyDevice)))(0) Mounted(publishes=3)(50)	Published(23)	true	Completed
P2	3	3	0	Raise(5)+Rollback(Ring2)	Refused(MountError::Publish(PublishError::PlacementRefused(NoFreeSlotOnAnyDevice)))(0) Mounted(publishes=3)(50)	Published(23)	true	Completed
P2	3	3	0	Raise(5)+Rollback(Ring3)	Refused(MountError::Publish(PublishError::PlacementRefused(NoFreeSlotOnAnyDevice)))(0) Mounted(publishes=3)(50)	Published(23)	true	Completed
P2	3	3	0	Raise(5)+Raise(0)	Refused(MountError::Publish(PublishError::PlacementRefused(NoFreeSlotOnAnyDevice)))(0) Refused(MountError::Publish(PublishError::PlacementRefused(NoFreeSlotOnAnyDevice)))(0)	Refused(PublishError::PlacementRefused(NoFreeSlotOnAnyDevice))(0)	false	Completed
P2	3	3	0	Raise(5)+Raise(1)	Refused(MountError::Publish(PublishError::PlacementRefused(NoFreeSlotOnAnyDevice)))(0) Refused(MountError::Publish(PublishError::PlacementRefused(NoFreeSlotOnAnyDevice)))(0)	Refused(PublishError::PlacementRefused(NoFreeSlotOnAnyDevice))(0)	false	Completed
P2	3	3	0	Raise(5)+Raise(2)	Refused(MountError::Publish(PublishError::PlacementRefused(NoFreeSlotOnAnyDevice)))(0) Refused(MountError::Publish(PublishError::PlacementRefused(NoFreeSlotOnAnyDevice)))(0)	Refused(PublishError::PlacementRefused(NoFreeSlotOnAnyDevice))(0)	false	Completed
P2	3	3	0	Raise(5)+Raise(3)	Refused(MountError::Publish(PublishError::PlacementRefused(NoFreeSlotOnAnyDevice)))(0) Refused(MountError::Publish(PublishError::PlacementRefused(NoFreeSlotOnAnyDevice)))(0)	Refused(PublishError::PlacementRefused(NoFreeSlotOnAnyDevice))(0)	false	Completed
P2	3	3	0	Raise(5)+Raise(5)	Refused(MountError::Publish(PublishError::PlacementRefused(NoFreeSlotOnAnyDevice)))(0) Refused(MountError::Publish(PublishError::PlacementRefused(NoFreeSlotOnAnyDevice)))(0)	Refused(PublishError::PlacementRefused(NoFreeSlotOnAnyDevice))(0)	false	Completed
P2	3	3	0	Raise(5)+Raise(8)	Refused(MountError::Publish(PublishError::PlacementRefused(NoFreeSlotOnAnyDevice)))(0) Refused(MountError::Publish(PublishError::PlacementRefused(NoFreeSlotOnAnyDevice)))(0)	Refused(PublishError::PlacementRefused(NoFreeSlotOnAnyDevice))(0)	false	Completed
P2	3	3	0	Raise(5)+Raise(13)	Refused(MountError::Publish(PublishError::PlacementRefused(NoFreeSlotOnAnyDevice)))(0) Refused(MountError::Publish(PublishError::PlacementRefused(NoFreeSlotOnAnyDevice)))(0)	Refused(PublishError::PlacementRefused(NoFreeSlotOnAnyDevice))(0)	false	Completed
P2	3	3	0	Raise(5)+Raise(21)	Refused(MountError::Publish(PublishError::PlacementRefused(NoFreeSlotOnAnyDevice)))(0) Refused(MountError::Publish(PublishError::PlacementRefused(NoFreeSlotOnAnyDevice)))(0)	Refused(PublishError::PlacementRefused(NoFreeSlotOnAnyDevice))(0)	false	Completed
P2	3	3	0	Raise(5)+Raise(34)	Refused(MountError::Publish(PublishError::PlacementRefused(NoFreeSlotOnAnyDevice)))(0) Refused(MountError::Publish(PublishError::PlacementRefused(NoFreeSlotOnAnyDevice)))(0)	Refused(PublishError::PlacementRefused(NoFreeSlotOnAnyDevice))(0)	false	Completed
P2	3	3	0	Raise(8)	Refused(MountError::Publish(PublishError::PlacementRefused(NoFreeSlotOnAnyDevice)))(0)	Refused(PublishError::PlacementRefused(NoFreeSlotOnAnyDevice))(0)	false	Completed
P2	3	3	0	Raise(8)+Overwrite	Refused(MountError::Publish(PublishError::PlacementRefused(NoFreeSlotOnAnyDevice)))(0) Refused(PublishError::PlacementRefused(NoFreeSlotOnAnyDevice))(0)	Refused(PublishError::PlacementRefused(NoFreeSlotOnAnyDevice))(0)	false	Completed
P2	3	3	0	Raise(8)+MountWritable	Refused(MountError::Publish(PublishError::PlacementRefused(NoFreeSlotOnAnyDevice)))(0) Mounted(publishes=3)(50)	Published(23)	true	Completed
P2	3	3	0	Raise(8)+ColdStartRecover	Refused(MountError::Publish(PublishError::PlacementRefused(NoFreeSlotOnAnyDevice)))(0) Recovered(0)	NotApplicable(NoWritableSession)(0)	false	Completed
P2	3	3	0	Raise(8)+Rollback(NewestFloor)	Refused(MountError::Publish(PublishError::PlacementRefused(NoFreeSlotOnAnyDevice)))(0) Mounted(publishes=3)(50)	Published(23)	true	Completed
P2	3	3	0	Raise(8)+Rollback(Ring0)	Refused(MountError::Publish(PublishError::PlacementRefused(NoFreeSlotOnAnyDevice)))(0) Mounted(publishes=3)(50)	Published(23)	true	Completed
P2	3	3	0	Raise(8)+Rollback(Ring1)	Refused(MountError::Publish(PublishError::PlacementRefused(NoFreeSlotOnAnyDevice)))(0) Mounted(publishes=3)(50)	Published(23)	true	Completed
P2	3	3	0	Raise(8)+Rollback(Ring2)	Refused(MountError::Publish(PublishError::PlacementRefused(NoFreeSlotOnAnyDevice)))(0) Mounted(publishes=3)(50)	Published(23)	true	Completed
P2	3	3	0	Raise(8)+Rollback(Ring3)	Refused(MountError::Publish(PublishError::PlacementRefused(NoFreeSlotOnAnyDevice)))(0) Mounted(publishes=3)(50)	Published(23)	true	Completed
P2	3	3	0	Raise(8)+Raise(0)	Refused(MountError::Publish(PublishError::PlacementRefused(NoFreeSlotOnAnyDevice)))(0) Refused(MountError::Publish(PublishError::PlacementRefused(NoFreeSlotOnAnyDevice)))(0)	Refused(PublishError::PlacementRefused(NoFreeSlotOnAnyDevice))(0)	false	Completed
P2	3	3	0	Raise(8)+Raise(1)	Refused(MountError::Publish(PublishError::PlacementRefused(NoFreeSlotOnAnyDevice)))(0) Refused(MountError::Publish(PublishError::PlacementRefused(NoFreeSlotOnAnyDevice)))(0)	Refused(PublishError::PlacementRefused(NoFreeSlotOnAnyDevice))(0)	false	Completed
P2	3	3	0	Raise(8)+Raise(2)	Refused(MountError::Publish(PublishError::PlacementRefused(NoFreeSlotOnAnyDevice)))(0) Refused(MountError::Publish(PublishError::PlacementRefused(NoFreeSlotOnAnyDevice)))(0)	Refused(PublishError::PlacementRefused(NoFreeSlotOnAnyDevice))(0)	false	Completed
P2	3	3	0	Raise(8)+Raise(3)	Refused(MountError::Publish(PublishError::PlacementRefused(NoFreeSlotOnAnyDevice)))(0) Refused(MountError::Publish(PublishError::PlacementRefused(NoFreeSlotOnAnyDevice)))(0)	Refused(PublishError::PlacementRefused(NoFreeSlotOnAnyDevice))(0)	false	Completed
P2	3	3	0	Raise(8)+Raise(5)	Refused(MountError::Publish(PublishError::PlacementRefused(NoFreeSlotOnAnyDevice)))(0) Refused(MountError::Publish(PublishError::PlacementRefused(NoFreeSlotOnAnyDevice)))(0)	Refused(PublishError::PlacementRefused(NoFreeSlotOnAnyDevice))(0)	false	Completed
P2	3	3	0	Raise(8)+Raise(8)	Refused(MountError::Publish(PublishError::PlacementRefused(NoFreeSlotOnAnyDevice)))(0) Refused(MountError::Publish(PublishError::PlacementRefused(NoFreeSlotOnAnyDevice)))(0)	Refused(PublishError::PlacementRefused(NoFreeSlotOnAnyDevice))(0)	false	Completed
P2	3	3	0	Raise(8)+Raise(13)	Refused(MountError::Publish(PublishError::PlacementRefused(NoFreeSlotOnAnyDevice)))(0) Refused(MountError::Publish(PublishError::PlacementRefused(NoFreeSlotOnAnyDevice)))(0)	Refused(PublishError::PlacementRefused(NoFreeSlotOnAnyDevice))(0)	false	Completed
P2	3	3	0	Raise(8)+Raise(21)	Refused(MountError::Publish(PublishError::PlacementRefused(NoFreeSlotOnAnyDevice)))(0) Refused(MountError::Publish(PublishError::PlacementRefused(NoFreeSlotOnAnyDevice)))(0)	Refused(PublishError::PlacementRefused(NoFreeSlotOnAnyDevice))(0)	false	Completed
P2	3	3	0	Raise(8)+Raise(34)	Refused(MountError::Publish(PublishError::PlacementRefused(NoFreeSlotOnAnyDevice)))(0) Refused(MountError::Publish(PublishError::PlacementRefused(NoFreeSlotOnAnyDevice)))(0)	Refused(PublishError::PlacementRefused(NoFreeSlotOnAnyDevice))(0)	false	Completed
P2	3	3	0	Raise(13)	Refused(MountError::Publish(PublishError::PlacementRefused(NoFreeSlotOnAnyDevice)))(0)	Refused(PublishError::PlacementRefused(NoFreeSlotOnAnyDevice))(0)	false	Completed
P2	3	3	0	Raise(13)+Overwrite	Refused(MountError::Publish(PublishError::PlacementRefused(NoFreeSlotOnAnyDevice)))(0) Refused(PublishError::PlacementRefused(NoFreeSlotOnAnyDevice))(0)	Refused(PublishError::PlacementRefused(NoFreeSlotOnAnyDevice))(0)	false	Completed
P2	3	3	0	Raise(13)+MountWritable	Refused(MountError::Publish(PublishError::PlacementRefused(NoFreeSlotOnAnyDevice)))(0) Mounted(publishes=3)(50)	Published(23)	true	Completed
P2	3	3	0	Raise(13)+ColdStartRecover	Refused(MountError::Publish(PublishError::PlacementRefused(NoFreeSlotOnAnyDevice)))(0) Recovered(0)	NotApplicable(NoWritableSession)(0)	false	Completed
P2	3	3	0	Raise(13)+Rollback(NewestFloor)	Refused(MountError::Publish(PublishError::PlacementRefused(NoFreeSlotOnAnyDevice)))(0) Mounted(publishes=3)(50)	Published(23)	true	Completed
P2	3	3	0	Raise(13)+Rollback(Ring0)	Refused(MountError::Publish(PublishError::PlacementRefused(NoFreeSlotOnAnyDevice)))(0) Mounted(publishes=3)(50)	Published(23)	true	Completed
P2	3	3	0	Raise(13)+Rollback(Ring1)	Refused(MountError::Publish(PublishError::PlacementRefused(NoFreeSlotOnAnyDevice)))(0) Mounted(publishes=3)(50)	Published(23)	true	Completed
P2	3	3	0	Raise(13)+Rollback(Ring2)	Refused(MountError::Publish(PublishError::PlacementRefused(NoFreeSlotOnAnyDevice)))(0) Mounted(publishes=3)(50)	Published(23)	true	Completed
P2	3	3	0	Raise(13)+Rollback(Ring3)	Refused(MountError::Publish(PublishError::PlacementRefused(NoFreeSlotOnAnyDevice)))(0) Mounted(publishes=3)(50)	Published(23)	true	Completed
P2	3	3	0	Raise(13)+Raise(0)	Refused(MountError::Publish(PublishError::PlacementRefused(NoFreeSlotOnAnyDevice)))(0) Refused(MountError::Publish(PublishError::PlacementRefused(NoFreeSlotOnAnyDevice)))(0)	Refused(PublishError::PlacementRefused(NoFreeSlotOnAnyDevice))(0)	false	Completed
P2	3	3	0	Raise(13)+Raise(1)	Refused(MountError::Publish(PublishError::PlacementRefused(NoFreeSlotOnAnyDevice)))(0) Refused(MountError::Publish(PublishError::PlacementRefused(NoFreeSlotOnAnyDevice)))(0)	Refused(PublishError::PlacementRefused(NoFreeSlotOnAnyDevice))(0)	false	Completed
P2	3	3	0	Raise(13)+Raise(2)	Refused(MountError::Publish(PublishError::PlacementRefused(NoFreeSlotOnAnyDevice)))(0) Refused(MountError::Publish(PublishError::PlacementRefused(NoFreeSlotOnAnyDevice)))(0)	Refused(PublishError::PlacementRefused(NoFreeSlotOnAnyDevice))(0)	false	Completed
P2	3	3	0	Raise(13)+Raise(3)	Refused(MountError::Publish(PublishError::PlacementRefused(NoFreeSlotOnAnyDevice)))(0) Refused(MountError::Publish(PublishError::PlacementRefused(NoFreeSlotOnAnyDevice)))(0)	Refused(PublishError::PlacementRefused(NoFreeSlotOnAnyDevice))(0)	false	Completed
P2	3	3	0	Raise(13)+Raise(5)	Refused(MountError::Publish(PublishError::PlacementRefused(NoFreeSlotOnAnyDevice)))(0) Refused(MountError::Publish(PublishError::PlacementRefused(NoFreeSlotOnAnyDevice)))(0)	Refused(PublishError::PlacementRefused(NoFreeSlotOnAnyDevice))(0)	false	Completed
P2	3	3	0	Raise(13)+Raise(8)	Refused(MountError::Publish(PublishError::PlacementRefused(NoFreeSlotOnAnyDevice)))(0) Refused(MountError::Publish(PublishError::PlacementRefused(NoFreeSlotOnAnyDevice)))(0)	Refused(PublishError::PlacementRefused(NoFreeSlotOnAnyDevice))(0)	false	Completed
P2	3	3	0	Raise(13)+Raise(13)	Refused(MountError::Publish(PublishError::PlacementRefused(NoFreeSlotOnAnyDevice)))(0) Refused(MountError::Publish(PublishError::PlacementRefused(NoFreeSlotOnAnyDevice)))(0)	Refused(PublishError::PlacementRefused(NoFreeSlotOnAnyDevice))(0)	false	Completed
P2	3	3	0	Raise(13)+Raise(21)	Refused(MountError::Publish(PublishError::PlacementRefused(NoFreeSlotOnAnyDevice)))(0) Refused(MountError::Publish(PublishError::PlacementRefused(NoFreeSlotOnAnyDevice)))(0)	Refused(PublishError::PlacementRefused(NoFreeSlotOnAnyDevice))(0)	false	Completed
P2	3	3	0	Raise(13)+Raise(34)	Refused(MountError::Publish(PublishError::PlacementRefused(NoFreeSlotOnAnyDevice)))(0) Refused(MountError::Publish(PublishError::PlacementRefused(NoFreeSlotOnAnyDevice)))(0)	Refused(PublishError::PlacementRefused(NoFreeSlotOnAnyDevice))(0)	false	Completed
P2	3	3	0	Raise(21)	Refused(MountError::Publish(PublishError::PlacementRefused(NoFreeSlotOnAnyDevice)))(0)	Refused(PublishError::PlacementRefused(NoFreeSlotOnAnyDevice))(0)	false	Completed
P2	3	3	0	Raise(21)+Overwrite	Refused(MountError::Publish(PublishError::PlacementRefused(NoFreeSlotOnAnyDevice)))(0) Refused(PublishError::PlacementRefused(NoFreeSlotOnAnyDevice))(0)	Refused(PublishError::PlacementRefused(NoFreeSlotOnAnyDevice))(0)	false	Completed
P2	3	3	0	Raise(21)+MountWritable	Refused(MountError::Publish(PublishError::PlacementRefused(NoFreeSlotOnAnyDevice)))(0) Mounted(publishes=3)(50)	Published(23)	true	Completed
P2	3	3	0	Raise(21)+ColdStartRecover	Refused(MountError::Publish(PublishError::PlacementRefused(NoFreeSlotOnAnyDevice)))(0) Recovered(0)	NotApplicable(NoWritableSession)(0)	false	Completed
P2	3	3	0	Raise(21)+Rollback(NewestFloor)	Refused(MountError::Publish(PublishError::PlacementRefused(NoFreeSlotOnAnyDevice)))(0) Mounted(publishes=3)(50)	Published(23)	true	Completed
P2	3	3	0	Raise(21)+Rollback(Ring0)	Refused(MountError::Publish(PublishError::PlacementRefused(NoFreeSlotOnAnyDevice)))(0) Mounted(publishes=3)(50)	Published(23)	true	Completed
P2	3	3	0	Raise(21)+Rollback(Ring1)	Refused(MountError::Publish(PublishError::PlacementRefused(NoFreeSlotOnAnyDevice)))(0) Mounted(publishes=3)(50)	Published(23)	true	Completed
P2	3	3	0	Raise(21)+Rollback(Ring2)	Refused(MountError::Publish(PublishError::PlacementRefused(NoFreeSlotOnAnyDevice)))(0) Mounted(publishes=3)(50)	Published(23)	true	Completed
P2	3	3	0	Raise(21)+Rollback(Ring3)	Refused(MountError::Publish(PublishError::PlacementRefused(NoFreeSlotOnAnyDevice)))(0) Mounted(publishes=3)(50)	Published(23)	true	Completed
P2	3	3	0	Raise(21)+Raise(0)	Refused(MountError::Publish(PublishError::PlacementRefused(NoFreeSlotOnAnyDevice)))(0) Refused(MountError::Publish(PublishError::PlacementRefused(NoFreeSlotOnAnyDevice)))(0)	Refused(PublishError::PlacementRefused(NoFreeSlotOnAnyDevice))(0)	false	Completed
P2	3	3	0	Raise(21)+Raise(1)	Refused(MountError::Publish(PublishError::PlacementRefused(NoFreeSlotOnAnyDevice)))(0) Refused(MountError::Publish(PublishError::PlacementRefused(NoFreeSlotOnAnyDevice)))(0)	Refused(PublishError::PlacementRefused(NoFreeSlotOnAnyDevice))(0)	false	Completed
P2	3	3	0	Raise(21)+Raise(2)	Refused(MountError::Publish(PublishError::PlacementRefused(NoFreeSlotOnAnyDevice)))(0) Refused(MountError::Publish(PublishError::PlacementRefused(NoFreeSlotOnAnyDevice)))(0)	Refused(PublishError::PlacementRefused(NoFreeSlotOnAnyDevice))(0)	false	Completed
P2	3	3	0	Raise(21)+Raise(3)	Refused(MountError::Publish(PublishError::PlacementRefused(NoFreeSlotOnAnyDevice)))(0) Refused(MountError::Publish(PublishError::PlacementRefused(NoFreeSlotOnAnyDevice)))(0)	Refused(PublishError::PlacementRefused(NoFreeSlotOnAnyDevice))(0)	false	Completed
P2	3	3	0	Raise(21)+Raise(5)	Refused(MountError::Publish(PublishError::PlacementRefused(NoFreeSlotOnAnyDevice)))(0) Refused(MountError::Publish(PublishError::PlacementRefused(NoFreeSlotOnAnyDevice)))(0)	Refused(PublishError::PlacementRefused(NoFreeSlotOnAnyDevice))(0)	false	Completed
P2	3	3	0	Raise(21)+Raise(8)	Refused(MountError::Publish(PublishError::PlacementRefused(NoFreeSlotOnAnyDevice)))(0) Refused(MountError::Publish(PublishError::PlacementRefused(NoFreeSlotOnAnyDevice)))(0)	Refused(PublishError::PlacementRefused(NoFreeSlotOnAnyDevice))(0)	false	Completed
P2	3	3	0	Raise(21)+Raise(13)	Refused(MountError::Publish(PublishError::PlacementRefused(NoFreeSlotOnAnyDevice)))(0) Refused(MountError::Publish(PublishError::PlacementRefused(NoFreeSlotOnAnyDevice)))(0)	Refused(PublishError::PlacementRefused(NoFreeSlotOnAnyDevice))(0)	false	Completed
P2	3	3	0	Raise(21)+Raise(21)	Refused(MountError::Publish(PublishError::PlacementRefused(NoFreeSlotOnAnyDevice)))(0) Refused(MountError::Publish(PublishError::PlacementRefused(NoFreeSlotOnAnyDevice)))(0)	Refused(PublishError::PlacementRefused(NoFreeSlotOnAnyDevice))(0)	false	Completed
P2	3	3	0	Raise(21)+Raise(34)	Refused(MountError::Publish(PublishError::PlacementRefused(NoFreeSlotOnAnyDevice)))(0) Refused(MountError::Publish(PublishError::PlacementRefused(NoFreeSlotOnAnyDevice)))(0)	Refused(PublishError::PlacementRefused(NoFreeSlotOnAnyDevice))(0)	false	Completed
P2	3	3	0	Raise(34)	Refused(MountError::Publish(PublishError::PlacementRefused(NoFreeSlotOnAnyDevice)))(0)	Refused(PublishError::PlacementRefused(NoFreeSlotOnAnyDevice))(0)	false	Completed
P2	3	3	0	Raise(34)+Overwrite	Refused(MountError::Publish(PublishError::PlacementRefused(NoFreeSlotOnAnyDevice)))(0) Refused(PublishError::PlacementRefused(NoFreeSlotOnAnyDevice))(0)	Refused(PublishError::PlacementRefused(NoFreeSlotOnAnyDevice))(0)	false	Completed
P2	3	3	0	Raise(34)+MountWritable	Refused(MountError::Publish(PublishError::PlacementRefused(NoFreeSlotOnAnyDevice)))(0) Mounted(publishes=3)(50)	Published(23)	true	Completed
P2	3	3	0	Raise(34)+ColdStartRecover	Refused(MountError::Publish(PublishError::PlacementRefused(NoFreeSlotOnAnyDevice)))(0) Recovered(0)	NotApplicable(NoWritableSession)(0)	false	Completed
P2	3	3	0	Raise(34)+Rollback(NewestFloor)	Refused(MountError::Publish(PublishError::PlacementRefused(NoFreeSlotOnAnyDevice)))(0) Mounted(publishes=3)(50)	Published(23)	true	Completed
P2	3	3	0	Raise(34)+Rollback(Ring0)	Refused(MountError::Publish(PublishError::PlacementRefused(NoFreeSlotOnAnyDevice)))(0) Mounted(publishes=3)(50)	Published(23)	true	Completed
P2	3	3	0	Raise(34)+Rollback(Ring1)	Refused(MountError::Publish(PublishError::PlacementRefused(NoFreeSlotOnAnyDevice)))(0) Mounted(publishes=3)(50)	Published(23)	true	Completed
P2	3	3	0	Raise(34)+Rollback(Ring2)	Refused(MountError::Publish(PublishError::PlacementRefused(NoFreeSlotOnAnyDevice)))(0) Mounted(publishes=3)(50)	Published(23)	true	Completed
P2	3	3	0	Raise(34)+Rollback(Ring3)	Refused(MountError::Publish(PublishError::PlacementRefused(NoFreeSlotOnAnyDevice)))(0) Mounted(publishes=3)(50)	Published(23)	true	Completed
P2	3	3	0	Raise(34)+Raise(0)	Refused(MountError::Publish(PublishError::PlacementRefused(NoFreeSlotOnAnyDevice)))(0) Refused(MountError::Publish(PublishError::PlacementRefused(NoFreeSlotOnAnyDevice)))(0)	Refused(PublishError::PlacementRefused(NoFreeSlotOnAnyDevice))(0)	false	Completed
P2	3	3	0	Raise(34)+Raise(1)	Refused(MountError::Publish(PublishError::PlacementRefused(NoFreeSlotOnAnyDevice)))(0) Refused(MountError::Publish(PublishError::PlacementRefused(NoFreeSlotOnAnyDevice)))(0)	Refused(PublishError::PlacementRefused(NoFreeSlotOnAnyDevice))(0)	false	Completed
P2	3	3	0	Raise(34)+Raise(2)	Refused(MountError::Publish(PublishError::PlacementRefused(NoFreeSlotOnAnyDevice)))(0) Refused(MountError::Publish(PublishError::PlacementRefused(NoFreeSlotOnAnyDevice)))(0)	Refused(PublishError::PlacementRefused(NoFreeSlotOnAnyDevice))(0)	false	Completed
P2	3	3	0	Raise(34)+Raise(3)	Refused(MountError::Publish(PublishError::PlacementRefused(NoFreeSlotOnAnyDevice)))(0) Refused(MountError::Publish(PublishError::PlacementRefused(NoFreeSlotOnAnyDevice)))(0)	Refused(PublishError::PlacementRefused(NoFreeSlotOnAnyDevice))(0)	false	Completed
P2	3	3	0	Raise(34)+Raise(5)	Refused(MountError::Publish(PublishError::PlacementRefused(NoFreeSlotOnAnyDevice)))(0) Refused(MountError::Publish(PublishError::PlacementRefused(NoFreeSlotOnAnyDevice)))(0)	Refused(PublishError::PlacementRefused(NoFreeSlotOnAnyDevice))(0)	false	Completed
P2	3	3	0	Raise(34)+Raise(8)	Refused(MountError::Publish(PublishError::PlacementRefused(NoFreeSlotOnAnyDevice)))(0) Refused(MountError::Publish(PublishError::PlacementRefused(NoFreeSlotOnAnyDevice)))(0)	Refused(PublishError::PlacementRefused(NoFreeSlotOnAnyDevice))(0)	false	Completed
P2	3	3	0	Raise(34)+Raise(13)	Refused(MountError::Publish(PublishError::PlacementRefused(NoFreeSlotOnAnyDevice)))(0) Refused(MountError::Publish(PublishError::PlacementRefused(NoFreeSlotOnAnyDevice)))(0)	Refused(PublishError::PlacementRefused(NoFreeSlotOnAnyDevice))(0)	false	Completed
P2	3	3	0	Raise(34)+Raise(21)	Refused(MountError::Publish(PublishError::PlacementRefused(NoFreeSlotOnAnyDevice)))(0) Refused(MountError::Publish(PublishError::PlacementRefused(NoFreeSlotOnAnyDevice)))(0)	Refused(PublishError::PlacementRefused(NoFreeSlotOnAnyDevice))(0)	false	Completed
P2	3	3	0	Raise(34)+Raise(34)	Refused(MountError::Publish(PublishError::PlacementRefused(NoFreeSlotOnAnyDevice)))(0) Refused(MountError::Publish(PublishError::PlacementRefused(NoFreeSlotOnAnyDevice)))(0)	Refused(PublishError::PlacementRefused(NoFreeSlotOnAnyDevice))(0)	false	Completed
# P2 summary: histories=3978 escaped=2127
test w2_probe ... ok

test result: ok. 1 passed; 0 failed; 0 ignored; 0 measured; 1 filtered out; finished in 292.21s

