    Finished `release` profile [optimized + debuginfo] target(s) in 0.00s
     Running tests/w2_probe.rs (target/release/deps/w2_probe-e4357774d7db06d9)

running 1 test
test w2_v1_probe has been running for over 60 seconds
V1[base]	1	0	20	1	MountWritable	Refused(MountError::Publish(PublishError::PlacementRefused(NoFreeSlotOnAnyDevice)))(0) Refused(PublishError::PlacementRefused(NoFreeSlotOnAnyDevice))(0) Mounted(publishes=2)(35) Published(23)	Completed
V1[base]	1	0	20	1	ColdStartRecover	Refused(MountError::Publish(PublishError::PlacementRefused(NoFreeSlotOnAnyDevice)))(0) Refused(PublishError::PlacementRefused(NoFreeSlotOnAnyDevice))(0) Recovered(0) NotApplicable(NoWritableSession)(0)	Completed
V1[base]	1	0	20	1	Rollback(NewestFloor)	Refused(MountError::Publish(PublishError::PlacementRefused(NoFreeSlotOnAnyDevice)))(0) Refused(PublishError::PlacementRefused(NoFreeSlotOnAnyDevice))(0) Mounted(publishes=2)(35) Published(23)	Completed
V1[base]	1	0	20	1	Rollback(Ring0)	Refused(MountError::Publish(PublishError::PlacementRefused(NoFreeSlotOnAnyDevice)))(0) Refused(PublishError::PlacementRefused(NoFreeSlotOnAnyDevice))(0) Mounted(publishes=2)(35) Published(23)	Completed
V1[base]	1	0	20	1	Rollback(Ring1)	Refused(MountError::Publish(PublishError::PlacementRefused(NoFreeSlotOnAnyDevice)))(0) Refused(PublishError::PlacementRefused(NoFreeSlotOnAnyDevice))(0) Mounted(publishes=2)(35) Published(23)	Completed
V1[base]	1	0	20	1	Rollback(Ring2)	Refused(MountError::Publish(PublishError::PlacementRefused(NoFreeSlotOnAnyDevice)))(0) Refused(PublishError::PlacementRefused(NoFreeSlotOnAnyDevice))(0) Mounted(publishes=2)(35) Published(23)	Completed
V1[base]	1	0	20	1	Rollback(Ring3)	Refused(MountError::Publish(PublishError::PlacementRefused(NoFreeSlotOnAnyDevice)))(0) Refused(PublishError::PlacementRefused(NoFreeSlotOnAnyDevice))(0) Mounted(publishes=2)(35) Published(23)	Completed
V1[base]	1	0	20	1	Rollback(Ring4)	Refused(MountError::Publish(PublishError::PlacementRefused(NoFreeSlotOnAnyDevice)))(0) Refused(PublishError::PlacementRefused(NoFreeSlotOnAnyDevice))(0) Mounted(publishes=2)(35) Published(23)	Completed
V1[base]	1	0	20	1	Rollback(Ring5)	Refused(MountError::Publish(PublishError::PlacementRefused(NoFreeSlotOnAnyDevice)))(0) Refused(PublishError::PlacementRefused(NoFreeSlotOnAnyDevice))(0) Mounted(publishes=2)(35) Published(23)	Completed
V1[base]	1	0	20	1	Rollback(Ring6)	Refused(MountError::Publish(PublishError::PlacementRefused(NoFreeSlotOnAnyDevice)))(0) Refused(PublishError::PlacementRefused(NoFreeSlotOnAnyDevice))(0) Mounted(publishes=2)(35) Published(23)	Completed
V1[base]	1	0	20	1	Rollback(Ring7)	Refused(MountError::Publish(PublishError::PlacementRefused(NoFreeSlotOnAnyDevice)))(0) Refused(PublishError::PlacementRefused(NoFreeSlotOnAnyDevice))(0) Mounted(publishes=2)(35) Published(23)	Completed
V1[base]	1	0	20	2	MountWritable	Refused(MountError::Publish(PublishError::PlacementRefused(NoFreeSlotOnAnyDevice)))(0) Refused(PublishError::PlacementRefused(NoFreeSlotOnAnyDevice))(0) Refused(PublishError::PlacementRefused(NoFreeSlotOnAnyDevice))(0) Mounted(publishes=2)(35) Published(23)	Completed
V1[base]	1	0	20	2	ColdStartRecover	Refused(MountError::Publish(PublishError::PlacementRefused(NoFreeSlotOnAnyDevice)))(0) Refused(PublishError::PlacementRefused(NoFreeSlotOnAnyDevice))(0) Refused(PublishError::PlacementRefused(NoFreeSlotOnAnyDevice))(0) Recovered(0) NotApplicable(NoWritableSession)(0)	Completed
V1[base]	1	0	20	2	Rollback(NewestFloor)	Refused(MountError::Publish(PublishError::PlacementRefused(NoFreeSlotOnAnyDevice)))(0) Refused(PublishError::PlacementRefused(NoFreeSlotOnAnyDevice))(0) Refused(PublishError::PlacementRefused(NoFreeSlotOnAnyDevice))(0) Mounted(publishes=2)(35) Published(23)	Completed
V1[base]	1	0	20	2	Rollback(Ring0)	Refused(MountError::Publish(PublishError::PlacementRefused(NoFreeSlotOnAnyDevice)))(0) Refused(PublishError::PlacementRefused(NoFreeSlotOnAnyDevice))(0) Refused(PublishError::PlacementRefused(NoFreeSlotOnAnyDevice))(0) Mounted(publishes=2)(35) Published(23)	Completed
V1[base]	1	0	20	2	Rollback(Ring1)	Refused(MountError::Publish(PublishError::PlacementRefused(NoFreeSlotOnAnyDevice)))(0) Refused(PublishError::PlacementRefused(NoFreeSlotOnAnyDevice))(0) Refused(PublishError::PlacementRefused(NoFreeSlotOnAnyDevice))(0) Mounted(publishes=2)(35) Published(23)	Completed
V1[base]	1	0	20	2	Rollback(Ring2)	Refused(MountError::Publish(PublishError::PlacementRefused(NoFreeSlotOnAnyDevice)))(0) Refused(PublishError::PlacementRefused(NoFreeSlotOnAnyDevice))(0) Refused(PublishError::PlacementRefused(NoFreeSlotOnAnyDevice))(0) Mounted(publishes=2)(35) Published(23)	Completed
V1[base]	1	0	20	2	Rollback(Ring3)	Refused(MountError::Publish(PublishError::PlacementRefused(NoFreeSlotOnAnyDevice)))(0) Refused(PublishError::PlacementRefused(NoFreeSlotOnAnyDevice))(0) Refused(PublishError::PlacementRefused(NoFreeSlotOnAnyDevice))(0) Mounted(publishes=2)(35) Published(23)	Completed
V1[base]	1	0	20	2	Rollback(Ring4)	Refused(MountError::Publish(PublishError::PlacementRefused(NoFreeSlotOnAnyDevice)))(0) Refused(PublishError::PlacementRefused(NoFreeSlotOnAnyDevice))(0) Refused(PublishError::PlacementRefused(NoFreeSlotOnAnyDevice))(0) Mounted(publishes=2)(35) Published(23)	Completed
V1[base]	1	0	20	2	Rollback(Ring5)	Refused(MountError::Publish(PublishError::PlacementRefused(NoFreeSlotOnAnyDevice)))(0) Refused(PublishError::PlacementRefused(NoFreeSlotOnAnyDevice))(0) Refused(PublishError::PlacementRefused(NoFreeSlotOnAnyDevice))(0) Mounted(publishes=2)(35) Published(23)	Completed
V1[base]	1	0	20	2	Rollback(Ring6)	Refused(MountError::Publish(PublishError::PlacementRefused(NoFreeSlotOnAnyDevice)))(0) Refused(PublishError::PlacementRefused(NoFreeSlotOnAnyDevice))(0) Refused(PublishError::PlacementRefused(NoFreeSlotOnAnyDevice))(0) Mounted(publishes=2)(35) Published(23)	Completed
V1[base]	1	0	20	2	Rollback(Ring7)	Refused(MountError::Publish(PublishError::PlacementRefused(NoFreeSlotOnAnyDevice)))(0) Refused(PublishError::PlacementRefused(NoFreeSlotOnAnyDevice))(0) Refused(PublishError::PlacementRefused(NoFreeSlotOnAnyDevice))(0) Mounted(publishes=2)(35) Published(23)	Completed
V1[base]	1	0	20	3	MountWritable	Refused(MountError::Publish(PublishError::PlacementRefused(NoFreeSlotOnAnyDevice)))(0) Refused(PublishError::PlacementRefused(NoFreeSlotOnAnyDevice))(0) Refused(PublishError::PlacementRefused(NoFreeSlotOnAnyDevice))(0) Refused(PublishError::PlacementRefused(NoFreeSlotOnAnyDevice))(0) Mounted(publishes=2)(35) Published(23)	Completed
V1[base]	1	0	20	3	ColdStartRecover	Refused(MountError::Publish(PublishError::PlacementRefused(NoFreeSlotOnAnyDevice)))(0) Refused(PublishError::PlacementRefused(NoFreeSlotOnAnyDevice))(0) Refused(PublishError::PlacementRefused(NoFreeSlotOnAnyDevice))(0) Refused(PublishError::PlacementRefused(NoFreeSlotOnAnyDevice))(0) Recovered(0) NotApplicable(NoWritableSession)(0)	Completed
V1[base]	1	0	20	3	Rollback(NewestFloor)	Refused(MountError::Publish(PublishError::PlacementRefused(NoFreeSlotOnAnyDevice)))(0) Refused(PublishError::PlacementRefused(NoFreeSlotOnAnyDevice))(0) Refused(PublishError::PlacementRefused(NoFreeSlotOnAnyDevice))(0) Refused(PublishError::PlacementRefused(NoFreeSlotOnAnyDevice))(0) Mounted(publishes=2)(35) Published(23)	Completed
V1[base]	1	0	20	3	Rollback(Ring0)	Refused(MountError::Publish(PublishError::PlacementRefused(NoFreeSlotOnAnyDevice)))(0) Refused(PublishError::PlacementRefused(NoFreeSlotOnAnyDevice))(0) Refused(PublishError::PlacementRefused(NoFreeSlotOnAnyDevice))(0) Refused(PublishError::PlacementRefused(NoFreeSlotOnAnyDevice))(0) Mounted(publishes=2)(35) Published(23)	Completed
V1[base]	1	0	20	3	Rollback(Ring1)	Refused(MountError::Publish(PublishError::PlacementRefused(NoFreeSlotOnAnyDevice)))(0) Refused(PublishError::PlacementRefused(NoFreeSlotOnAnyDevice))(0) Refused(PublishError::PlacementRefused(NoFreeSlotOnAnyDevice))(0) Refused(PublishError::PlacementRefused(NoFreeSlotOnAnyDevice))(0) Mounted(publishes=2)(35) Published(23)	Completed
V1[base]	1	0	20	3	Rollback(Ring2)	Refused(MountError::Publish(PublishError::PlacementRefused(NoFreeSlotOnAnyDevice)))(0) Refused(PublishError::PlacementRefused(NoFreeSlotOnAnyDevice))(0) Refused(PublishError::PlacementRefused(NoFreeSlotOnAnyDevice))(0) Refused(PublishError::PlacementRefused(NoFreeSlotOnAnyDevice))(0) Mounted(publishes=2)(35) Published(23)	Completed
V1[base]	1	0	20	3	Rollback(Ring3)	Refused(MountError::Publish(PublishError::PlacementRefused(NoFreeSlotOnAnyDevice)))(0) Refused(PublishError::PlacementRefused(NoFreeSlotOnAnyDevice))(0) Refused(PublishError::PlacementRefused(NoFreeSlotOnAnyDevice))(0) Refused(PublishError::PlacementRefused(NoFreeSlotOnAnyDevice))(0) Mounted(publishes=2)(35) Published(23)	Completed
V1[base]	1	0	20	3	Rollback(Ring4)	Refused(MountError::Publish(PublishError::PlacementRefused(NoFreeSlotOnAnyDevice)))(0) Refused(PublishError::PlacementRefused(NoFreeSlotOnAnyDevice))(0) Refused(PublishError::PlacementRefused(NoFreeSlotOnAnyDevice))(0) Refused(PublishError::PlacementRefused(NoFreeSlotOnAnyDevice))(0) Mounted(publishes=2)(35) Published(23)	Completed
V1[base]	1	0	20	3	Rollback(Ring5)	Refused(MountError::Publish(PublishError::PlacementRefused(NoFreeSlotOnAnyDevice)))(0) Refused(PublishError::PlacementRefused(NoFreeSlotOnAnyDevice))(0) Refused(PublishError::PlacementRefused(NoFreeSlotOnAnyDevice))(0) Refused(PublishError::PlacementRefused(NoFreeSlotOnAnyDevice))(0) Mounted(publishes=2)(35) Published(23)	Completed
V1[base]	1	0	20	3	Rollback(Ring6)	Refused(MountError::Publish(PublishError::PlacementRefused(NoFreeSlotOnAnyDevice)))(0) Refused(PublishError::PlacementRefused(NoFreeSlotOnAnyDevice))(0) Refused(PublishError::PlacementRefused(NoFreeSlotOnAnyDevice))(0) Refused(PublishError::PlacementRefused(NoFreeSlotOnAnyDevice))(0) Mounted(publishes=2)(35) Published(23)	Completed
V1[base]	1	0	20	3	Rollback(Ring7)	Refused(MountError::Publish(PublishError::PlacementRefused(NoFreeSlotOnAnyDevice)))(0) Refused(PublishError::PlacementRefused(NoFreeSlotOnAnyDevice))(0) Refused(PublishError::PlacementRefused(NoFreeSlotOnAnyDevice))(0) Refused(PublishError::PlacementRefused(NoFreeSlotOnAnyDevice))(0) Mounted(publishes=2)(35) Published(23)	Completed
V1[base]	1	0	36	1	MountWritable	Refused(MountError::Publish(PublishError::PlacementRefused(NoFreeSlotOnAnyDevice)))(0) Refused(PublishError::PlacementRefused(NoFreeSlotOnAnyDevice))(0) Mounted(publishes=2)(35) Published(23)	Completed
V1[base]	1	0	36	1	ColdStartRecover	Refused(MountError::Publish(PublishError::PlacementRefused(NoFreeSlotOnAnyDevice)))(0) Refused(PublishError::PlacementRefused(NoFreeSlotOnAnyDevice))(0) Recovered(0) NotApplicable(NoWritableSession)(0)	Completed
V1[base]	1	0	36	1	Rollback(NewestFloor)	Refused(MountError::Publish(PublishError::PlacementRefused(NoFreeSlotOnAnyDevice)))(0) Refused(PublishError::PlacementRefused(NoFreeSlotOnAnyDevice))(0) Mounted(publishes=2)(35) Published(23)	Completed
V1[base]	1	0	36	1	Rollback(Ring0)	Refused(MountError::Publish(PublishError::PlacementRefused(NoFreeSlotOnAnyDevice)))(0) Refused(PublishError::PlacementRefused(NoFreeSlotOnAnyDevice))(0) Mounted(publishes=2)(35) Published(23)	Completed
V1[base]	1	0	36	1	Rollback(Ring1)	Refused(MountError::Publish(PublishError::PlacementRefused(NoFreeSlotOnAnyDevice)))(0) Refused(PublishError::PlacementRefused(NoFreeSlotOnAnyDevice))(0) Mounted(publishes=2)(35) Published(23)	Completed
V1[base]	1	0	36	1	Rollback(Ring2)	Refused(MountError::Publish(PublishError::PlacementRefused(NoFreeSlotOnAnyDevice)))(0) Refused(PublishError::PlacementRefused(NoFreeSlotOnAnyDevice))(0) Mounted(publishes=2)(35) Published(23)	Completed
V1[base]	1	0	36	1	Rollback(Ring3)	Refused(MountError::Publish(PublishError::PlacementRefused(NoFreeSlotOnAnyDevice)))(0) Refused(PublishError::PlacementRefused(NoFreeSlotOnAnyDevice))(0) Mounted(publishes=2)(35) Published(23)	Completed
V1[base]	1	0	36	1	Rollback(Ring4)	Refused(MountError::Publish(PublishError::PlacementRefused(NoFreeSlotOnAnyDevice)))(0) Refused(PublishError::PlacementRefused(NoFreeSlotOnAnyDevice))(0) Mounted(publishes=2)(35) Published(23)	Completed
V1[base]	1	0	36	1	Rollback(Ring5)	Refused(MountError::Publish(PublishError::PlacementRefused(NoFreeSlotOnAnyDevice)))(0) Refused(PublishError::PlacementRefused(NoFreeSlotOnAnyDevice))(0) Mounted(publishes=2)(35) Published(23)	Completed
V1[base]	1	0	36	1	Rollback(Ring6)	Refused(MountError::Publish(PublishError::PlacementRefused(NoFreeSlotOnAnyDevice)))(0) Refused(PublishError::PlacementRefused(NoFreeSlotOnAnyDevice))(0) Mounted(publishes=2)(35) Published(23)	Completed
V1[base]	1	0	36	1	Rollback(Ring7)	Refused(MountError::Publish(PublishError::PlacementRefused(NoFreeSlotOnAnyDevice)))(0) Refused(PublishError::PlacementRefused(NoFreeSlotOnAnyDevice))(0) Mounted(publishes=2)(35) Published(23)	Completed
V1[base]	1	0	36	2	MountWritable	Refused(MountError::Publish(PublishError::PlacementRefused(NoFreeSlotOnAnyDevice)))(0) Refused(PublishError::PlacementRefused(NoFreeSlotOnAnyDevice))(0) Refused(PublishError::PlacementRefused(NoFreeSlotOnAnyDevice))(0) Mounted(publishes=2)(35) Published(23)	Completed
V1[base]	1	0	36	2	ColdStartRecover	Refused(MountError::Publish(PublishError::PlacementRefused(NoFreeSlotOnAnyDevice)))(0) Refused(PublishError::PlacementRefused(NoFreeSlotOnAnyDevice))(0) Refused(PublishError::PlacementRefused(NoFreeSlotOnAnyDevice))(0) Recovered(0) NotApplicable(NoWritableSession)(0)	Completed
V1[base]	1	0	36	2	Rollback(NewestFloor)	Refused(MountError::Publish(PublishError::PlacementRefused(NoFreeSlotOnAnyDevice)))(0) Refused(PublishError::PlacementRefused(NoFreeSlotOnAnyDevice))(0) Refused(PublishError::PlacementRefused(NoFreeSlotOnAnyDevice))(0) Mounted(publishes=2)(35) Published(23)	Completed
V1[base]	1	0	36	2	Rollback(Ring0)	Refused(MountError::Publish(PublishError::PlacementRefused(NoFreeSlotOnAnyDevice)))(0) Refused(PublishError::PlacementRefused(NoFreeSlotOnAnyDevice))(0) Refused(PublishError::PlacementRefused(NoFreeSlotOnAnyDevice))(0) Mounted(publishes=2)(35) Published(23)	Completed
V1[base]	1	0	36	2	Rollback(Ring1)	Refused(MountError::Publish(PublishError::PlacementRefused(NoFreeSlotOnAnyDevice)))(0) Refused(PublishError::PlacementRefused(NoFreeSlotOnAnyDevice))(0) Refused(PublishError::PlacementRefused(NoFreeSlotOnAnyDevice))(0) Mounted(publishes=2)(35) Published(23)	Completed
V1[base]	1	0	36	2	Rollback(Ring2)	Refused(MountError::Publish(PublishError::PlacementRefused(NoFreeSlotOnAnyDevice)))(0) Refused(PublishError::PlacementRefused(NoFreeSlotOnAnyDevice))(0) Refused(PublishError::PlacementRefused(NoFreeSlotOnAnyDevice))(0) Mounted(publishes=2)(35) Published(23)	Completed
V1[base]	1	0	36	2	Rollback(Ring3)	Refused(MountError::Publish(PublishError::PlacementRefused(NoFreeSlotOnAnyDevice)))(0) Refused(PublishError::PlacementRefused(NoFreeSlotOnAnyDevice))(0) Refused(PublishError::PlacementRefused(NoFreeSlotOnAnyDevice))(0) Mounted(publishes=2)(35) Published(23)	Completed
V1[base]	1	0	36	2	Rollback(Ring4)	Refused(MountError::Publish(PublishError::PlacementRefused(NoFreeSlotOnAnyDevice)))(0) Refused(PublishError::PlacementRefused(NoFreeSlotOnAnyDevice))(0) Refused(PublishError::PlacementRefused(NoFreeSlotOnAnyDevice))(0) Mounted(publishes=2)(35) Published(23)	Completed
V1[base]	1	0	36	2	Rollback(Ring5)	Refused(MountError::Publish(PublishError::PlacementRefused(NoFreeSlotOnAnyDevice)))(0) Refused(PublishError::PlacementRefused(NoFreeSlotOnAnyDevice))(0) Refused(PublishError::PlacementRefused(NoFreeSlotOnAnyDevice))(0) Mounted(publishes=2)(35) Published(23)	Completed
V1[base]	1	0	36	2	Rollback(Ring6)	Refused(MountError::Publish(PublishError::PlacementRefused(NoFreeSlotOnAnyDevice)))(0) Refused(PublishError::PlacementRefused(NoFreeSlotOnAnyDevice))(0) Refused(PublishError::PlacementRefused(NoFreeSlotOnAnyDevice))(0) Mounted(publishes=2)(35) Published(23)	Completed
V1[base]	1	0	36	2	Rollback(Ring7)	Refused(MountError::Publish(PublishError::PlacementRefused(NoFreeSlotOnAnyDevice)))(0) Refused(PublishError::PlacementRefused(NoFreeSlotOnAnyDevice))(0) Refused(PublishError::PlacementRefused(NoFreeSlotOnAnyDevice))(0) Mounted(publishes=2)(35) Published(23)	Completed
V1[base]	1	0	36	3	MountWritable	Refused(MountError::Publish(PublishError::PlacementRefused(NoFreeSlotOnAnyDevice)))(0) Refused(PublishError::PlacementRefused(NoFreeSlotOnAnyDevice))(0) Refused(PublishError::PlacementRefused(NoFreeSlotOnAnyDevice))(0) Refused(PublishError::PlacementRefused(NoFreeSlotOnAnyDevice))(0) Mounted(publishes=2)(35) Published(23)	Completed
V1[base]	1	0	36	3	ColdStartRecover	Refused(MountError::Publish(PublishError::PlacementRefused(NoFreeSlotOnAnyDevice)))(0) Refused(PublishError::PlacementRefused(NoFreeSlotOnAnyDevice))(0) Refused(PublishError::PlacementRefused(NoFreeSlotOnAnyDevice))(0) Refused(PublishError::PlacementRefused(NoFreeSlotOnAnyDevice))(0) Recovered(0) NotApplicable(NoWritableSession)(0)	Completed
V1[base]	1	0	36	3	Rollback(NewestFloor)	Refused(MountError::Publish(PublishError::PlacementRefused(NoFreeSlotOnAnyDevice)))(0) Refused(PublishError::PlacementRefused(NoFreeSlotOnAnyDevice))(0) Refused(PublishError::PlacementRefused(NoFreeSlotOnAnyDevice))(0) Refused(PublishError::PlacementRefused(NoFreeSlotOnAnyDevice))(0) Mounted(publishes=2)(35) Published(23)	Completed
V1[base]	1	0	36	3	Rollback(Ring0)	Refused(MountError::Publish(PublishError::PlacementRefused(NoFreeSlotOnAnyDevice)))(0) Refused(PublishError::PlacementRefused(NoFreeSlotOnAnyDevice))(0) Refused(PublishError::PlacementRefused(NoFreeSlotOnAnyDevice))(0) Refused(PublishError::PlacementRefused(NoFreeSlotOnAnyDevice))(0) Mounted(publishes=2)(35) Published(23)	Completed
V1[base]	1	0	36	3	Rollback(Ring1)	Refused(MountError::Publish(PublishError::PlacementRefused(NoFreeSlotOnAnyDevice)))(0) Refused(PublishError::PlacementRefused(NoFreeSlotOnAnyDevice))(0) Refused(PublishError::PlacementRefused(NoFreeSlotOnAnyDevice))(0) Refused(PublishError::PlacementRefused(NoFreeSlotOnAnyDevice))(0) Mounted(publishes=2)(35) Published(23)	Completed
V1[base]	1	0	36	3	Rollback(Ring2)	Refused(MountError::Publish(PublishError::PlacementRefused(NoFreeSlotOnAnyDevice)))(0) Refused(PublishError::PlacementRefused(NoFreeSlotOnAnyDevice))(0) Refused(PublishError::PlacementRefused(NoFreeSlotOnAnyDevice))(0) Refused(PublishError::PlacementRefused(NoFreeSlotOnAnyDevice))(0) Mounted(publishes=2)(35) Published(23)	Completed
V1[base]	1	0	36	3	Rollback(Ring3)	Refused(MountError::Publish(PublishError::PlacementRefused(NoFreeSlotOnAnyDevice)))(0) Refused(PublishError::PlacementRefused(NoFreeSlotOnAnyDevice))(0) Refused(PublishError::PlacementRefused(NoFreeSlotOnAnyDevice))(0) Refused(PublishError::PlacementRefused(NoFreeSlotOnAnyDevice))(0) Mounted(publishes=2)(35) Published(23)	Completed
V1[base]	1	0	36	3	Rollback(Ring4)	Refused(MountError::Publish(PublishError::PlacementRefused(NoFreeSlotOnAnyDevice)))(0) Refused(PublishError::PlacementRefused(NoFreeSlotOnAnyDevice))(0) Refused(PublishError::PlacementRefused(NoFreeSlotOnAnyDevice))(0) Refused(PublishError::PlacementRefused(NoFreeSlotOnAnyDevice))(0) Mounted(publishes=2)(35) Published(23)	Completed
V1[base]	1	0	36	3	Rollback(Ring5)	Refused(MountError::Publish(PublishError::PlacementRefused(NoFreeSlotOnAnyDevice)))(0) Refused(PublishError::PlacementRefused(NoFreeSlotOnAnyDevice))(0) Refused(PublishError::PlacementRefused(NoFreeSlotOnAnyDevice))(0) Refused(PublishError::PlacementRefused(NoFreeSlotOnAnyDevice))(0) Mounted(publishes=2)(35) Published(23)	Completed
V1[base]	1	0	36	3	Rollback(Ring6)	Refused(MountError::Publish(PublishError::PlacementRefused(NoFreeSlotOnAnyDevice)))(0) Refused(PublishError::PlacementRefused(NoFreeSlotOnAnyDevice))(0) Refused(PublishError::PlacementRefused(NoFreeSlotOnAnyDevice))(0) Refused(PublishError::PlacementRefused(NoFreeSlotOnAnyDevice))(0) Mounted(publishes=2)(35) Published(23)	Completed
V1[base]	1	0	36	3	Rollback(Ring7)	Refused(MountError::Publish(PublishError::PlacementRefused(NoFreeSlotOnAnyDevice)))(0) Refused(PublishError::PlacementRefused(NoFreeSlotOnAnyDevice))(0) Refused(PublishError::PlacementRefused(NoFreeSlotOnAnyDevice))(0) Refused(PublishError::PlacementRefused(NoFreeSlotOnAnyDevice))(0) Mounted(publishes=2)(35) Published(23)	Completed
V1[base]	1	1	20	1	MountWritable	Refused(MountError::Publish(PublishError::PlacementRefused(NoFreeSlotOnAnyDevice)))(0) Refused(PublishError::PlacementRefused(NoFreeSlotOnAnyDevice))(0) Mounted(publishes=2)(35) Published(23)	Completed
V1[base]	1	1	20	1	ColdStartRecover	Refused(MountError::Publish(PublishError::PlacementRefused(NoFreeSlotOnAnyDevice)))(0) Refused(PublishError::PlacementRefused(NoFreeSlotOnAnyDevice))(0) Recovered(0) NotApplicable(NoWritableSession)(0)	Completed
V1[base]	1	1	20	1	Rollback(NewestFloor)	Refused(MountError::Publish(PublishError::PlacementRefused(NoFreeSlotOnAnyDevice)))(0) Refused(PublishError::PlacementRefused(NoFreeSlotOnAnyDevice))(0) Mounted(publishes=2)(35) Published(23)	Completed
V1[base]	1	1	20	1	Rollback(Ring0)	Refused(MountError::Publish(PublishError::PlacementRefused(NoFreeSlotOnAnyDevice)))(0) Refused(PublishError::PlacementRefused(NoFreeSlotOnAnyDevice))(0) Mounted(publishes=2)(35) Published(23)	Completed
V1[base]	1	1	20	1	Rollback(Ring1)	Refused(MountError::Publish(PublishError::PlacementRefused(NoFreeSlotOnAnyDevice)))(0) Refused(PublishError::PlacementRefused(NoFreeSlotOnAnyDevice))(0) Mounted(publishes=2)(35) Published(23)	Completed
V1[base]	1	1	20	1	Rollback(Ring2)	Refused(MountError::Publish(PublishError::PlacementRefused(NoFreeSlotOnAnyDevice)))(0) Refused(PublishError::PlacementRefused(NoFreeSlotOnAnyDevice))(0) Mounted(publishes=2)(35) Published(23)	Completed
V1[base]	1	1	20	1	Rollback(Ring3)	Refused(MountError::Publish(PublishError::PlacementRefused(NoFreeSlotOnAnyDevice)))(0) Refused(PublishError::PlacementRefused(NoFreeSlotOnAnyDevice))(0) Mounted(publishes=2)(35) Published(23)	Completed
V1[base]	1	1	20	1	Rollback(Ring4)	Refused(MountError::Publish(PublishError::PlacementRefused(NoFreeSlotOnAnyDevice)))(0) Refused(PublishError::PlacementRefused(NoFreeSlotOnAnyDevice))(0) Mounted(publishes=2)(35) Published(23)	Completed
V1[base]	1	1	20	1	Rollback(Ring5)	Refused(MountError::Publish(PublishError::PlacementRefused(NoFreeSlotOnAnyDevice)))(0) Refused(PublishError::PlacementRefused(NoFreeSlotOnAnyDevice))(0) Mounted(publishes=2)(35) Published(23)	Completed
V1[base]	1	1	20	1	Rollback(Ring6)	Refused(MountError::Publish(PublishError::PlacementRefused(NoFreeSlotOnAnyDevice)))(0) Refused(PublishError::PlacementRefused(NoFreeSlotOnAnyDevice))(0) Mounted(publishes=2)(35) Published(23)	Completed
V1[base]	1	1	20	1	Rollback(Ring7)	Refused(MountError::Publish(PublishError::PlacementRefused(NoFreeSlotOnAnyDevice)))(0) Refused(PublishError::PlacementRefused(NoFreeSlotOnAnyDevice))(0) Mounted(publishes=2)(35) Published(23)	Completed
V1[base]	1	1	20	2	MountWritable	Refused(MountError::Publish(PublishError::PlacementRefused(NoFreeSlotOnAnyDevice)))(0) Refused(PublishError::PlacementRefused(NoFreeSlotOnAnyDevice))(0) Refused(PublishError::PlacementRefused(NoFreeSlotOnAnyDevice))(0) Mounted(publishes=2)(35) Published(23)	Completed
V1[base]	1	1	20	2	ColdStartRecover	Refused(MountError::Publish(PublishError::PlacementRefused(NoFreeSlotOnAnyDevice)))(0) Refused(PublishError::PlacementRefused(NoFreeSlotOnAnyDevice))(0) Refused(PublishError::PlacementRefused(NoFreeSlotOnAnyDevice))(0) Recovered(0) NotApplicable(NoWritableSession)(0)	Completed
V1[base]	1	1	20	2	Rollback(NewestFloor)	Refused(MountError::Publish(PublishError::PlacementRefused(NoFreeSlotOnAnyDevice)))(0) Refused(PublishError::PlacementRefused(NoFreeSlotOnAnyDevice))(0) Refused(PublishError::PlacementRefused(NoFreeSlotOnAnyDevice))(0) Mounted(publishes=2)(35) Published(23)	Completed
V1[base]	1	1	20	2	Rollback(Ring0)	Refused(MountError::Publish(PublishError::PlacementRefused(NoFreeSlotOnAnyDevice)))(0) Refused(PublishError::PlacementRefused(NoFreeSlotOnAnyDevice))(0) Refused(PublishError::PlacementRefused(NoFreeSlotOnAnyDevice))(0) Mounted(publishes=2)(35) Published(23)	Completed
V1[base]	1	1	20	2	Rollback(Ring1)	Refused(MountError::Publish(PublishError::PlacementRefused(NoFreeSlotOnAnyDevice)))(0) Refused(PublishError::PlacementRefused(NoFreeSlotOnAnyDevice))(0) Refused(PublishError::PlacementRefused(NoFreeSlotOnAnyDevice))(0) Mounted(publishes=2)(35) Published(23)	Completed
V1[base]	1	1	20	2	Rollback(Ring2)	Refused(MountError::Publish(PublishError::PlacementRefused(NoFreeSlotOnAnyDevice)))(0) Refused(PublishError::PlacementRefused(NoFreeSlotOnAnyDevice))(0) Refused(PublishError::PlacementRefused(NoFreeSlotOnAnyDevice))(0) Mounted(publishes=2)(35) Published(23)	Completed
V1[base]	1	1	20	2	Rollback(Ring3)	Refused(MountError::Publish(PublishError::PlacementRefused(NoFreeSlotOnAnyDevice)))(0) Refused(PublishError::PlacementRefused(NoFreeSlotOnAnyDevice))(0) Refused(PublishError::PlacementRefused(NoFreeSlotOnAnyDevice))(0) Mounted(publishes=2)(35) Published(23)	Completed
V1[base]	1	1	20	2	Rollback(Ring4)	Refused(MountError::Publish(PublishError::PlacementRefused(NoFreeSlotOnAnyDevice)))(0) Refused(PublishError::PlacementRefused(NoFreeSlotOnAnyDevice))(0) Refused(PublishError::PlacementRefused(NoFreeSlotOnAnyDevice))(0) Mounted(publishes=2)(35) Published(23)	Completed
V1[base]	1	1	20	2	Rollback(Ring5)	Refused(MountError::Publish(PublishError::PlacementRefused(NoFreeSlotOnAnyDevice)))(0) Refused(PublishError::PlacementRefused(NoFreeSlotOnAnyDevice))(0) Refused(PublishError::PlacementRefused(NoFreeSlotOnAnyDevice))(0) Mounted(publishes=2)(35) Published(23)	Completed
V1[base]	1	1	20	2	Rollback(Ring6)	Refused(MountError::Publish(PublishError::PlacementRefused(NoFreeSlotOnAnyDevice)))(0) Refused(PublishError::PlacementRefused(NoFreeSlotOnAnyDevice))(0) Refused(PublishError::PlacementRefused(NoFreeSlotOnAnyDevice))(0) Mounted(publishes=2)(35) Published(23)	Completed
V1[base]	1	1	20	2	Rollback(Ring7)	Refused(MountError::Publish(PublishError::PlacementRefused(NoFreeSlotOnAnyDevice)))(0) Refused(PublishError::PlacementRefused(NoFreeSlotOnAnyDevice))(0) Refused(PublishError::PlacementRefused(NoFreeSlotOnAnyDevice))(0) Mounted(publishes=2)(35) Published(23)	Completed
V1[base]	1	1	20	3	MountWritable	Refused(MountError::Publish(PublishError::PlacementRefused(NoFreeSlotOnAnyDevice)))(0) Refused(PublishError::PlacementRefused(NoFreeSlotOnAnyDevice))(0) Refused(PublishError::PlacementRefused(NoFreeSlotOnAnyDevice))(0) Refused(PublishError::PlacementRefused(NoFreeSlotOnAnyDevice))(0) Mounted(publishes=2)(35) Published(23)	Completed
V1[base]	1	1	20	3	ColdStartRecover	Refused(MountError::Publish(PublishError::PlacementRefused(NoFreeSlotOnAnyDevice)))(0) Refused(PublishError::PlacementRefused(NoFreeSlotOnAnyDevice))(0) Refused(PublishError::PlacementRefused(NoFreeSlotOnAnyDevice))(0) Refused(PublishError::PlacementRefused(NoFreeSlotOnAnyDevice))(0) Recovered(0) NotApplicable(NoWritableSession)(0)	Completed
V1[base]	1	1	20	3	Rollback(NewestFloor)	Refused(MountError::Publish(PublishError::PlacementRefused(NoFreeSlotOnAnyDevice)))(0) Refused(PublishError::PlacementRefused(NoFreeSlotOnAnyDevice))(0) Refused(PublishError::PlacementRefused(NoFreeSlotOnAnyDevice))(0) Refused(PublishError::PlacementRefused(NoFreeSlotOnAnyDevice))(0) Mounted(publishes=2)(35) Published(23)	Completed
V1[base]	1	1	20	3	Rollback(Ring0)	Refused(MountError::Publish(PublishError::PlacementRefused(NoFreeSlotOnAnyDevice)))(0) Refused(PublishError::PlacementRefused(NoFreeSlotOnAnyDevice))(0) Refused(PublishError::PlacementRefused(NoFreeSlotOnAnyDevice))(0) Refused(PublishError::PlacementRefused(NoFreeSlotOnAnyDevice))(0) Mounted(publishes=2)(35) Published(23)	Completed
V1[base]	1	1	20	3	Rollback(Ring1)	Refused(MountError::Publish(PublishError::PlacementRefused(NoFreeSlotOnAnyDevice)))(0) Refused(PublishError::PlacementRefused(NoFreeSlotOnAnyDevice))(0) Refused(PublishError::PlacementRefused(NoFreeSlotOnAnyDevice))(0) Refused(PublishError::PlacementRefused(NoFreeSlotOnAnyDevice))(0) Mounted(publishes=2)(35) Published(23)	Completed
V1[base]	1	1	20	3	Rollback(Ring2)	Refused(MountError::Publish(PublishError::PlacementRefused(NoFreeSlotOnAnyDevice)))(0) Refused(PublishError::PlacementRefused(NoFreeSlotOnAnyDevice))(0) Refused(PublishError::PlacementRefused(NoFreeSlotOnAnyDevice))(0) Refused(PublishError::PlacementRefused(NoFreeSlotOnAnyDevice))(0) Mounted(publishes=2)(35) Published(23)	Completed
V1[base]	1	1	20	3	Rollback(Ring3)	Refused(MountError::Publish(PublishError::PlacementRefused(NoFreeSlotOnAnyDevice)))(0) Refused(PublishError::PlacementRefused(NoFreeSlotOnAnyDevice))(0) Refused(PublishError::PlacementRefused(NoFreeSlotOnAnyDevice))(0) Refused(PublishError::PlacementRefused(NoFreeSlotOnAnyDevice))(0) Mounted(publishes=2)(35) Published(23)	Completed
V1[base]	1	1	20	3	Rollback(Ring4)	Refused(MountError::Publish(PublishError::PlacementRefused(NoFreeSlotOnAnyDevice)))(0) Refused(PublishError::PlacementRefused(NoFreeSlotOnAnyDevice))(0) Refused(PublishError::PlacementRefused(NoFreeSlotOnAnyDevice))(0) Refused(PublishError::PlacementRefused(NoFreeSlotOnAnyDevice))(0) Mounted(publishes=2)(35) Published(23)	Completed
V1[base]	1	1	20	3	Rollback(Ring5)	Refused(MountError::Publish(PublishError::PlacementRefused(NoFreeSlotOnAnyDevice)))(0) Refused(PublishError::PlacementRefused(NoFreeSlotOnAnyDevice))(0) Refused(PublishError::PlacementRefused(NoFreeSlotOnAnyDevice))(0) Refused(PublishError::PlacementRefused(NoFreeSlotOnAnyDevice))(0) Mounted(publishes=2)(35) Published(23)	Completed
V1[base]	1	1	20	3	Rollback(Ring6)	Refused(MountError::Publish(PublishError::PlacementRefused(NoFreeSlotOnAnyDevice)))(0) Refused(PublishError::PlacementRefused(NoFreeSlotOnAnyDevice))(0) Refused(PublishError::PlacementRefused(NoFreeSlotOnAnyDevice))(0) Refused(PublishError::PlacementRefused(NoFreeSlotOnAnyDevice))(0) Mounted(publishes=2)(35) Published(23)	Completed
V1[base]	1	1	20	3	Rollback(Ring7)	Refused(MountError::Publish(PublishError::PlacementRefused(NoFreeSlotOnAnyDevice)))(0) Refused(PublishError::PlacementRefused(NoFreeSlotOnAnyDevice))(0) Refused(PublishError::PlacementRefused(NoFreeSlotOnAnyDevice))(0) Refused(PublishError::PlacementRefused(NoFreeSlotOnAnyDevice))(0) Mounted(publishes=2)(35) Published(23)	Completed
V1[base]	1	1	36	1	MountWritable	Refused(MountError::Publish(PublishError::PlacementRefused(NoFreeSlotOnAnyDevice)))(0) Refused(PublishError::PlacementRefused(NoFreeSlotOnAnyDevice))(0) Mounted(publishes=2)(35) Published(23)	Completed
V1[base]	1	1	36	1	ColdStartRecover	Refused(MountError::Publish(PublishError::PlacementRefused(NoFreeSlotOnAnyDevice)))(0) Refused(PublishError::PlacementRefused(NoFreeSlotOnAnyDevice))(0) Recovered(0) NotApplicable(NoWritableSession)(0)	Completed
V1[base]	1	1	36	1	Rollback(NewestFloor)	Refused(MountError::Publish(PublishError::PlacementRefused(NoFreeSlotOnAnyDevice)))(0) Refused(PublishError::PlacementRefused(NoFreeSlotOnAnyDevice))(0) Mounted(publishes=2)(35) Published(23)	Completed
V1[base]	1	1	36	1	Rollback(Ring0)	Refused(MountError::Publish(PublishError::PlacementRefused(NoFreeSlotOnAnyDevice)))(0) Refused(PublishError::PlacementRefused(NoFreeSlotOnAnyDevice))(0) Mounted(publishes=2)(35) Published(23)	Completed
V1[base]	1	1	36	1	Rollback(Ring1)	Refused(MountError::Publish(PublishError::PlacementRefused(NoFreeSlotOnAnyDevice)))(0) Refused(PublishError::PlacementRefused(NoFreeSlotOnAnyDevice))(0) Mounted(publishes=2)(35) Published(23)	Completed
V1[base]	1	1	36	1	Rollback(Ring2)	Refused(MountError::Publish(PublishError::PlacementRefused(NoFreeSlotOnAnyDevice)))(0) Refused(PublishError::PlacementRefused(NoFreeSlotOnAnyDevice))(0) Mounted(publishes=2)(35) Published(23)	Completed
V1[base]	1	1	36	1	Rollback(Ring3)	Refused(MountError::Publish(PublishError::PlacementRefused(NoFreeSlotOnAnyDevice)))(0) Refused(PublishError::PlacementRefused(NoFreeSlotOnAnyDevice))(0) Mounted(publishes=2)(35) Published(23)	Completed
V1[base]	1	1	36	1	Rollback(Ring4)	Refused(MountError::Publish(PublishError::PlacementRefused(NoFreeSlotOnAnyDevice)))(0) Refused(PublishError::PlacementRefused(NoFreeSlotOnAnyDevice))(0) Mounted(publishes=2)(35) Published(23)	Completed
V1[base]	1	1	36	1	Rollback(Ring5)	Refused(MountError::Publish(PublishError::PlacementRefused(NoFreeSlotOnAnyDevice)))(0) Refused(PublishError::PlacementRefused(NoFreeSlotOnAnyDevice))(0) Mounted(publishes=2)(35) Published(23)	Completed
V1[base]	1	1	36	1	Rollback(Ring6)	Refused(MountError::Publish(PublishError::PlacementRefused(NoFreeSlotOnAnyDevice)))(0) Refused(PublishError::PlacementRefused(NoFreeSlotOnAnyDevice))(0) Mounted(publishes=2)(35) Published(23)	Completed
V1[base]	1	1	36	1	Rollback(Ring7)	Refused(MountError::Publish(PublishError::PlacementRefused(NoFreeSlotOnAnyDevice)))(0) Refused(PublishError::PlacementRefused(NoFreeSlotOnAnyDevice))(0) Mounted(publishes=2)(35) Published(23)	Completed
V1[base]	1	1	36	2	MountWritable	Refused(MountError::Publish(PublishError::PlacementRefused(NoFreeSlotOnAnyDevice)))(0) Refused(PublishError::PlacementRefused(NoFreeSlotOnAnyDevice))(0) Refused(PublishError::PlacementRefused(NoFreeSlotOnAnyDevice))(0) Mounted(publishes=2)(35) Published(23)	Completed
V1[base]	1	1	36	2	ColdStartRecover	Refused(MountError::Publish(PublishError::PlacementRefused(NoFreeSlotOnAnyDevice)))(0) Refused(PublishError::PlacementRefused(NoFreeSlotOnAnyDevice))(0) Refused(PublishError::PlacementRefused(NoFreeSlotOnAnyDevice))(0) Recovered(0) NotApplicable(NoWritableSession)(0)	Completed
V1[base]	1	1	36	2	Rollback(NewestFloor)	Refused(MountError::Publish(PublishError::PlacementRefused(NoFreeSlotOnAnyDevice)))(0) Refused(PublishError::PlacementRefused(NoFreeSlotOnAnyDevice))(0) Refused(PublishError::PlacementRefused(NoFreeSlotOnAnyDevice))(0) Mounted(publishes=2)(35) Published(23)	Completed
V1[base]	1	1	36	2	Rollback(Ring0)	Refused(MountError::Publish(PublishError::PlacementRefused(NoFreeSlotOnAnyDevice)))(0) Refused(PublishError::PlacementRefused(NoFreeSlotOnAnyDevice))(0) Refused(PublishError::PlacementRefused(NoFreeSlotOnAnyDevice))(0) Mounted(publishes=2)(35) Published(23)	Completed
V1[base]	1	1	36	2	Rollback(Ring1)	Refused(MountError::Publish(PublishError::PlacementRefused(NoFreeSlotOnAnyDevice)))(0) Refused(PublishError::PlacementRefused(NoFreeSlotOnAnyDevice))(0) Refused(PublishError::PlacementRefused(NoFreeSlotOnAnyDevice))(0) Mounted(publishes=2)(35) Published(23)	Completed
V1[base]	1	1	36	2	Rollback(Ring2)	Refused(MountError::Publish(PublishError::PlacementRefused(NoFreeSlotOnAnyDevice)))(0) Refused(PublishError::PlacementRefused(NoFreeSlotOnAnyDevice))(0) Refused(PublishError::PlacementRefused(NoFreeSlotOnAnyDevice))(0) Mounted(publishes=2)(35) Published(23)	Completed
V1[base]	1	1	36	2	Rollback(Ring3)	Refused(MountError::Publish(PublishError::PlacementRefused(NoFreeSlotOnAnyDevice)))(0) Refused(PublishError::PlacementRefused(NoFreeSlotOnAnyDevice))(0) Refused(PublishError::PlacementRefused(NoFreeSlotOnAnyDevice))(0) Mounted(publishes=2)(35) Published(23)	Completed
V1[base]	1	1	36	2	Rollback(Ring4)	Refused(MountError::Publish(PublishError::PlacementRefused(NoFreeSlotOnAnyDevice)))(0) Refused(PublishError::PlacementRefused(NoFreeSlotOnAnyDevice))(0) Refused(PublishError::PlacementRefused(NoFreeSlotOnAnyDevice))(0) Mounted(publishes=2)(35) Published(23)	Completed
V1[base]	1	1	36	2	Rollback(Ring5)	Refused(MountError::Publish(PublishError::PlacementRefused(NoFreeSlotOnAnyDevice)))(0) Refused(PublishError::PlacementRefused(NoFreeSlotOnAnyDevice))(0) Refused(PublishError::PlacementRefused(NoFreeSlotOnAnyDevice))(0) Mounted(publishes=2)(35) Published(23)	Completed
V1[base]	1	1	36	2	Rollback(Ring6)	Refused(MountError::Publish(PublishError::PlacementRefused(NoFreeSlotOnAnyDevice)))(0) Refused(PublishError::PlacementRefused(NoFreeSlotOnAnyDevice))(0) Refused(PublishError::PlacementRefused(NoFreeSlotOnAnyDevice))(0) Mounted(publishes=2)(35) Published(23)	Completed
V1[base]	1	1	36	2	Rollback(Ring7)	Refused(MountError::Publish(PublishError::PlacementRefused(NoFreeSlotOnAnyDevice)))(0) Refused(PublishError::PlacementRefused(NoFreeSlotOnAnyDevice))(0) Refused(PublishError::PlacementRefused(NoFreeSlotOnAnyDevice))(0) Mounted(publishes=2)(35) Published(23)	Completed
V1[base]	1	1	36	3	MountWritable	Refused(MountError::Publish(PublishError::PlacementRefused(NoFreeSlotOnAnyDevice)))(0) Refused(PublishError::PlacementRefused(NoFreeSlotOnAnyDevice))(0) Refused(PublishError::PlacementRefused(NoFreeSlotOnAnyDevice))(0) Refused(PublishError::PlacementRefused(NoFreeSlotOnAnyDevice))(0) Mounted(publishes=2)(35) Published(23)	Completed
V1[base]	1	1	36	3	ColdStartRecover	Refused(MountError::Publish(PublishError::PlacementRefused(NoFreeSlotOnAnyDevice)))(0) Refused(PublishError::PlacementRefused(NoFreeSlotOnAnyDevice))(0) Refused(PublishError::PlacementRefused(NoFreeSlotOnAnyDevice))(0) Refused(PublishError::PlacementRefused(NoFreeSlotOnAnyDevice))(0) Recovered(0) NotApplicable(NoWritableSession)(0)	Completed
V1[base]	1	1	36	3	Rollback(NewestFloor)	Refused(MountError::Publish(PublishError::PlacementRefused(NoFreeSlotOnAnyDevice)))(0) Refused(PublishError::PlacementRefused(NoFreeSlotOnAnyDevice))(0) Refused(PublishError::PlacementRefused(NoFreeSlotOnAnyDevice))(0) Refused(PublishError::PlacementRefused(NoFreeSlotOnAnyDevice))(0) Mounted(publishes=2)(35) Published(23)	Completed
V1[base]	1	1	36	3	Rollback(Ring0)	Refused(MountError::Publish(PublishError::PlacementRefused(NoFreeSlotOnAnyDevice)))(0) Refused(PublishError::PlacementRefused(NoFreeSlotOnAnyDevice))(0) Refused(PublishError::PlacementRefused(NoFreeSlotOnAnyDevice))(0) Refused(PublishError::PlacementRefused(NoFreeSlotOnAnyDevice))(0) Mounted(publishes=2)(35) Published(23)	Completed
V1[base]	1	1	36	3	Rollback(Ring1)	Refused(MountError::Publish(PublishError::PlacementRefused(NoFreeSlotOnAnyDevice)))(0) Refused(PublishError::PlacementRefused(NoFreeSlotOnAnyDevice))(0) Refused(PublishError::PlacementRefused(NoFreeSlotOnAnyDevice))(0) Refused(PublishError::PlacementRefused(NoFreeSlotOnAnyDevice))(0) Mounted(publishes=2)(35) Published(23)	Completed
V1[base]	1	1	36	3	Rollback(Ring2)	Refused(MountError::Publish(PublishError::PlacementRefused(NoFreeSlotOnAnyDevice)))(0) Refused(PublishError::PlacementRefused(NoFreeSlotOnAnyDevice))(0) Refused(PublishError::PlacementRefused(NoFreeSlotOnAnyDevice))(0) Refused(PublishError::PlacementRefused(NoFreeSlotOnAnyDevice))(0) Mounted(publishes=2)(35) Published(23)	Completed
V1[base]	1	1	36	3	Rollback(Ring3)	Refused(MountError::Publish(PublishError::PlacementRefused(NoFreeSlotOnAnyDevice)))(0) Refused(PublishError::PlacementRefused(NoFreeSlotOnAnyDevice))(0) Refused(PublishError::PlacementRefused(NoFreeSlotOnAnyDevice))(0) Refused(PublishError::PlacementRefused(NoFreeSlotOnAnyDevice))(0) Mounted(publishes=2)(35) Published(23)	Completed
V1[base]	1	1	36	3	Rollback(Ring4)	Refused(MountError::Publish(PublishError::PlacementRefused(NoFreeSlotOnAnyDevice)))(0) Refused(PublishError::PlacementRefused(NoFreeSlotOnAnyDevice))(0) Refused(PublishError::PlacementRefused(NoFreeSlotOnAnyDevice))(0) Refused(PublishError::PlacementRefused(NoFreeSlotOnAnyDevice))(0) Mounted(publishes=2)(35) Published(23)	Completed
V1[base]	1	1	36	3	Rollback(Ring5)	Refused(MountError::Publish(PublishError::PlacementRefused(NoFreeSlotOnAnyDevice)))(0) Refused(PublishError::PlacementRefused(NoFreeSlotOnAnyDevice))(0) Refused(PublishError::PlacementRefused(NoFreeSlotOnAnyDevice))(0) Refused(PublishError::PlacementRefused(NoFreeSlotOnAnyDevice))(0) Mounted(publishes=2)(35) Published(23)	Completed
V1[base]	1	1	36	3	Rollback(Ring6)	Refused(MountError::Publish(PublishError::PlacementRefused(NoFreeSlotOnAnyDevice)))(0) Refused(PublishError::PlacementRefused(NoFreeSlotOnAnyDevice))(0) Refused(PublishError::PlacementRefused(NoFreeSlotOnAnyDevice))(0) Refused(PublishError::PlacementRefused(NoFreeSlotOnAnyDevice))(0) Mounted(publishes=2)(35) Published(23)	Completed
V1[base]	1	1	36	3	Rollback(Ring7)	Refused(MountError::Publish(PublishError::PlacementRefused(NoFreeSlotOnAnyDevice)))(0) Refused(PublishError::PlacementRefused(NoFreeSlotOnAnyDevice))(0) Refused(PublishError::PlacementRefused(NoFreeSlotOnAnyDevice))(0) Refused(PublishError::PlacementRefused(NoFreeSlotOnAnyDevice))(0) Mounted(publishes=2)(35) Published(23)	Completed
V1[base]	1	2	20	1	MountWritable	Refused(MountError::Publish(PublishError::PlacementRefused(NoFreeSlotOnAnyDevice)))(0) Refused(PublishError::PlacementRefused(NoFreeSlotOnAnyDevice))(0) Mounted(publishes=2)(35) Published(23)	Completed
V1[base]	1	2	20	1	ColdStartRecover	Refused(MountError::Publish(PublishError::PlacementRefused(NoFreeSlotOnAnyDevice)))(0) Refused(PublishError::PlacementRefused(NoFreeSlotOnAnyDevice))(0) Recovered(0) NotApplicable(NoWritableSession)(0)	Completed
V1[base]	1	2	20	1	Rollback(NewestFloor)	Refused(MountError::Publish(PublishError::PlacementRefused(NoFreeSlotOnAnyDevice)))(0) Refused(PublishError::PlacementRefused(NoFreeSlotOnAnyDevice))(0) Mounted(publishes=2)(35) Published(23)	Completed
V1[base]	1	2	20	1	Rollback(Ring0)	Refused(MountError::Publish(PublishError::PlacementRefused(NoFreeSlotOnAnyDevice)))(0) Refused(PublishError::PlacementRefused(NoFreeSlotOnAnyDevice))(0) Mounted(publishes=2)(35) Published(23)	Completed
V1[base]	1	2	20	1	Rollback(Ring1)	Refused(MountError::Publish(PublishError::PlacementRefused(NoFreeSlotOnAnyDevice)))(0) Refused(PublishError::PlacementRefused(NoFreeSlotOnAnyDevice))(0) Mounted(publishes=2)(35) Published(23)	Completed
V1[base]	1	2	20	1	Rollback(Ring2)	Refused(MountError::Publish(PublishError::PlacementRefused(NoFreeSlotOnAnyDevice)))(0) Refused(PublishError::PlacementRefused(NoFreeSlotOnAnyDevice))(0) Mounted(publishes=2)(35) Published(23)	Completed
V1[base]	1	2	20	1	Rollback(Ring3)	Refused(MountError::Publish(PublishError::PlacementRefused(NoFreeSlotOnAnyDevice)))(0) Refused(PublishError::PlacementRefused(NoFreeSlotOnAnyDevice))(0) Mounted(publishes=2)(35) Published(23)	Completed
V1[base]	1	2	20	1	Rollback(Ring4)	Refused(MountError::Publish(PublishError::PlacementRefused(NoFreeSlotOnAnyDevice)))(0) Refused(PublishError::PlacementRefused(NoFreeSlotOnAnyDevice))(0) Mounted(publishes=2)(35) Published(23)	Completed
V1[base]	1	2	20	1	Rollback(Ring5)	Refused(MountError::Publish(PublishError::PlacementRefused(NoFreeSlotOnAnyDevice)))(0) Refused(PublishError::PlacementRefused(NoFreeSlotOnAnyDevice))(0) Mounted(publishes=2)(35) Published(23)	Completed
V1[base]	1	2	20	1	Rollback(Ring6)	Refused(MountError::Publish(PublishError::PlacementRefused(NoFreeSlotOnAnyDevice)))(0) Refused(PublishError::PlacementRefused(NoFreeSlotOnAnyDevice))(0) Mounted(publishes=2)(35) Published(23)	Completed
V1[base]	1	2	20	1	Rollback(Ring7)	Refused(MountError::Publish(PublishError::PlacementRefused(NoFreeSlotOnAnyDevice)))(0) Refused(PublishError::PlacementRefused(NoFreeSlotOnAnyDevice))(0) Mounted(publishes=2)(35) Published(23)	Completed
V1[base]	1	2	20	2	MountWritable	Refused(MountError::Publish(PublishError::PlacementRefused(NoFreeSlotOnAnyDevice)))(0) Refused(PublishError::PlacementRefused(NoFreeSlotOnAnyDevice))(0) Refused(PublishError::PlacementRefused(NoFreeSlotOnAnyDevice))(0) Mounted(publishes=2)(35) Published(23)	Completed
V1[base]	1	2	20	2	ColdStartRecover	Refused(MountError::Publish(PublishError::PlacementRefused(NoFreeSlotOnAnyDevice)))(0) Refused(PublishError::PlacementRefused(NoFreeSlotOnAnyDevice))(0) Refused(PublishError::PlacementRefused(NoFreeSlotOnAnyDevice))(0) Recovered(0) NotApplicable(NoWritableSession)(0)	Completed
V1[base]	1	2	20	2	Rollback(NewestFloor)	Refused(MountError::Publish(PublishError::PlacementRefused(NoFreeSlotOnAnyDevice)))(0) Refused(PublishError::PlacementRefused(NoFreeSlotOnAnyDevice))(0) Refused(PublishError::PlacementRefused(NoFreeSlotOnAnyDevice))(0) Mounted(publishes=2)(35) Published(23)	Completed
V1[base]	1	2	20	2	Rollback(Ring0)	Refused(MountError::Publish(PublishError::PlacementRefused(NoFreeSlotOnAnyDevice)))(0) Refused(PublishError::PlacementRefused(NoFreeSlotOnAnyDevice))(0) Refused(PublishError::PlacementRefused(NoFreeSlotOnAnyDevice))(0) Mounted(publishes=2)(35) Published(23)	Completed
V1[base]	1	2	20	2	Rollback(Ring1)	Refused(MountError::Publish(PublishError::PlacementRefused(NoFreeSlotOnAnyDevice)))(0) Refused(PublishError::PlacementRefused(NoFreeSlotOnAnyDevice))(0) Refused(PublishError::PlacementRefused(NoFreeSlotOnAnyDevice))(0) Mounted(publishes=2)(35) Published(23)	Completed
V1[base]	1	2	20	2	Rollback(Ring2)	Refused(MountError::Publish(PublishError::PlacementRefused(NoFreeSlotOnAnyDevice)))(0) Refused(PublishError::PlacementRefused(NoFreeSlotOnAnyDevice))(0) Refused(PublishError::PlacementRefused(NoFreeSlotOnAnyDevice))(0) Mounted(publishes=2)(35) Published(23)	Completed
V1[base]	1	2	20	2	Rollback(Ring3)	Refused(MountError::Publish(PublishError::PlacementRefused(NoFreeSlotOnAnyDevice)))(0) Refused(PublishError::PlacementRefused(NoFreeSlotOnAnyDevice))(0) Refused(PublishError::PlacementRefused(NoFreeSlotOnAnyDevice))(0) Mounted(publishes=2)(35) Published(23)	Completed
V1[base]	1	2	20	2	Rollback(Ring4)	Refused(MountError::Publish(PublishError::PlacementRefused(NoFreeSlotOnAnyDevice)))(0) Refused(PublishError::PlacementRefused(NoFreeSlotOnAnyDevice))(0) Refused(PublishError::PlacementRefused(NoFreeSlotOnAnyDevice))(0) Mounted(publishes=2)(35) Published(23)	Completed
V1[base]	1	2	20	2	Rollback(Ring5)	Refused(MountError::Publish(PublishError::PlacementRefused(NoFreeSlotOnAnyDevice)))(0) Refused(PublishError::PlacementRefused(NoFreeSlotOnAnyDevice))(0) Refused(PublishError::PlacementRefused(NoFreeSlotOnAnyDevice))(0) Mounted(publishes=2)(35) Published(23)	Completed
V1[base]	1	2	20	2	Rollback(Ring6)	Refused(MountError::Publish(PublishError::PlacementRefused(NoFreeSlotOnAnyDevice)))(0) Refused(PublishError::PlacementRefused(NoFreeSlotOnAnyDevice))(0) Refused(PublishError::PlacementRefused(NoFreeSlotOnAnyDevice))(0) Mounted(publishes=2)(35) Published(23)	Completed
V1[base]	1	2	20	2	Rollback(Ring7)	Refused(MountError::Publish(PublishError::PlacementRefused(NoFreeSlotOnAnyDevice)))(0) Refused(PublishError::PlacementRefused(NoFreeSlotOnAnyDevice))(0) Refused(PublishError::PlacementRefused(NoFreeSlotOnAnyDevice))(0) Mounted(publishes=2)(35) Published(23)	Completed
V1[base]	1	2	20	3	MountWritable	Refused(MountError::Publish(PublishError::PlacementRefused(NoFreeSlotOnAnyDevice)))(0) Refused(PublishError::PlacementRefused(NoFreeSlotOnAnyDevice))(0) Refused(PublishError::PlacementRefused(NoFreeSlotOnAnyDevice))(0) Refused(PublishError::PlacementRefused(NoFreeSlotOnAnyDevice))(0) Mounted(publishes=2)(35) Published(23)	Completed
V1[base]	1	2	20	3	ColdStartRecover	Refused(MountError::Publish(PublishError::PlacementRefused(NoFreeSlotOnAnyDevice)))(0) Refused(PublishError::PlacementRefused(NoFreeSlotOnAnyDevice))(0) Refused(PublishError::PlacementRefused(NoFreeSlotOnAnyDevice))(0) Refused(PublishError::PlacementRefused(NoFreeSlotOnAnyDevice))(0) Recovered(0) NotApplicable(NoWritableSession)(0)	Completed
V1[base]	1	2	20	3	Rollback(NewestFloor)	Refused(MountError::Publish(PublishError::PlacementRefused(NoFreeSlotOnAnyDevice)))(0) Refused(PublishError::PlacementRefused(NoFreeSlotOnAnyDevice))(0) Refused(PublishError::PlacementRefused(NoFreeSlotOnAnyDevice))(0) Refused(PublishError::PlacementRefused(NoFreeSlotOnAnyDevice))(0) Mounted(publishes=2)(35) Published(23)	Completed
V1[base]	1	2	20	3	Rollback(Ring0)	Refused(MountError::Publish(PublishError::PlacementRefused(NoFreeSlotOnAnyDevice)))(0) Refused(PublishError::PlacementRefused(NoFreeSlotOnAnyDevice))(0) Refused(PublishError::PlacementRefused(NoFreeSlotOnAnyDevice))(0) Refused(PublishError::PlacementRefused(NoFreeSlotOnAnyDevice))(0) Mounted(publishes=2)(35) Published(23)	Completed
V1[base]	1	2	20	3	Rollback(Ring1)	Refused(MountError::Publish(PublishError::PlacementRefused(NoFreeSlotOnAnyDevice)))(0) Refused(PublishError::PlacementRefused(NoFreeSlotOnAnyDevice))(0) Refused(PublishError::PlacementRefused(NoFreeSlotOnAnyDevice))(0) Refused(PublishError::PlacementRefused(NoFreeSlotOnAnyDevice))(0) Mounted(publishes=2)(35) Published(23)	Completed
V1[base]	1	2	20	3	Rollback(Ring2)	Refused(MountError::Publish(PublishError::PlacementRefused(NoFreeSlotOnAnyDevice)))(0) Refused(PublishError::PlacementRefused(NoFreeSlotOnAnyDevice))(0) Refused(PublishError::PlacementRefused(NoFreeSlotOnAnyDevice))(0) Refused(PublishError::PlacementRefused(NoFreeSlotOnAnyDevice))(0) Mounted(publishes=2)(35) Published(23)	Completed
V1[base]	1	2	20	3	Rollback(Ring3)	Refused(MountError::Publish(PublishError::PlacementRefused(NoFreeSlotOnAnyDevice)))(0) Refused(PublishError::PlacementRefused(NoFreeSlotOnAnyDevice))(0) Refused(PublishError::PlacementRefused(NoFreeSlotOnAnyDevice))(0) Refused(PublishError::PlacementRefused(NoFreeSlotOnAnyDevice))(0) Mounted(publishes=2)(35) Published(23)	Completed
V1[base]	1	2	20	3	Rollback(Ring4)	Refused(MountError::Publish(PublishError::PlacementRefused(NoFreeSlotOnAnyDevice)))(0) Refused(PublishError::PlacementRefused(NoFreeSlotOnAnyDevice))(0) Refused(PublishError::PlacementRefused(NoFreeSlotOnAnyDevice))(0) Refused(PublishError::PlacementRefused(NoFreeSlotOnAnyDevice))(0) Mounted(publishes=2)(35) Published(23)	Completed
V1[base]	1	2	20	3	Rollback(Ring5)	Refused(MountError::Publish(PublishError::PlacementRefused(NoFreeSlotOnAnyDevice)))(0) Refused(PublishError::PlacementRefused(NoFreeSlotOnAnyDevice))(0) Refused(PublishError::PlacementRefused(NoFreeSlotOnAnyDevice))(0) Refused(PublishError::PlacementRefused(NoFreeSlotOnAnyDevice))(0) Mounted(publishes=2)(35) Published(23)	Completed
V1[base]	1	2	20	3	Rollback(Ring6)	Refused(MountError::Publish(PublishError::PlacementRefused(NoFreeSlotOnAnyDevice)))(0) Refused(PublishError::PlacementRefused(NoFreeSlotOnAnyDevice))(0) Refused(PublishError::PlacementRefused(NoFreeSlotOnAnyDevice))(0) Refused(PublishError::PlacementRefused(NoFreeSlotOnAnyDevice))(0) Mounted(publishes=2)(35) Published(23)	Completed
V1[base]	1	2	20	3	Rollback(Ring7)	Refused(MountError::Publish(PublishError::PlacementRefused(NoFreeSlotOnAnyDevice)))(0) Refused(PublishError::PlacementRefused(NoFreeSlotOnAnyDevice))(0) Refused(PublishError::PlacementRefused(NoFreeSlotOnAnyDevice))(0) Refused(PublishError::PlacementRefused(NoFreeSlotOnAnyDevice))(0) Mounted(publishes=2)(35) Published(23)	Completed
V1[base]	1	2	36	1	MountWritable	Refused(MountError::Publish(PublishError::PlacementRefused(NoFreeSlotOnAnyDevice)))(0) Refused(PublishError::PlacementRefused(NoFreeSlotOnAnyDevice))(0) Mounted(publishes=2)(35) Published(23)	Completed
V1[base]	1	2	36	1	ColdStartRecover	Refused(MountError::Publish(PublishError::PlacementRefused(NoFreeSlotOnAnyDevice)))(0) Refused(PublishError::PlacementRefused(NoFreeSlotOnAnyDevice))(0) Recovered(0) NotApplicable(NoWritableSession)(0)	Completed
V1[base]	1	2	36	1	Rollback(NewestFloor)	Refused(MountError::Publish(PublishError::PlacementRefused(NoFreeSlotOnAnyDevice)))(0) Refused(PublishError::PlacementRefused(NoFreeSlotOnAnyDevice))(0) Mounted(publishes=2)(35) Published(23)	Completed
V1[base]	1	2	36	1	Rollback(Ring0)	Refused(MountError::Publish(PublishError::PlacementRefused(NoFreeSlotOnAnyDevice)))(0) Refused(PublishError::PlacementRefused(NoFreeSlotOnAnyDevice))(0) Mounted(publishes=2)(35) Published(23)	Completed
V1[base]	1	2	36	1	Rollback(Ring1)	Refused(MountError::Publish(PublishError::PlacementRefused(NoFreeSlotOnAnyDevice)))(0) Refused(PublishError::PlacementRefused(NoFreeSlotOnAnyDevice))(0) Mounted(publishes=2)(35) Published(23)	Completed
V1[base]	1	2	36	1	Rollback(Ring2)	Refused(MountError::Publish(PublishError::PlacementRefused(NoFreeSlotOnAnyDevice)))(0) Refused(PublishError::PlacementRefused(NoFreeSlotOnAnyDevice))(0) Mounted(publishes=2)(35) Published(23)	Completed
V1[base]	1	2	36	1	Rollback(Ring3)	Refused(MountError::Publish(PublishError::PlacementRefused(NoFreeSlotOnAnyDevice)))(0) Refused(PublishError::PlacementRefused(NoFreeSlotOnAnyDevice))(0) Mounted(publishes=2)(35) Published(23)	Completed
V1[base]	1	2	36	1	Rollback(Ring4)	Refused(MountError::Publish(PublishError::PlacementRefused(NoFreeSlotOnAnyDevice)))(0) Refused(PublishError::PlacementRefused(NoFreeSlotOnAnyDevice))(0) Mounted(publishes=2)(35) Published(23)	Completed
V1[base]	1	2	36	1	Rollback(Ring5)	Refused(MountError::Publish(PublishError::PlacementRefused(NoFreeSlotOnAnyDevice)))(0) Refused(PublishError::PlacementRefused(NoFreeSlotOnAnyDevice))(0) Mounted(publishes=2)(35) Published(23)	Completed
V1[base]	1	2	36	1	Rollback(Ring6)	Refused(MountError::Publish(PublishError::PlacementRefused(NoFreeSlotOnAnyDevice)))(0) Refused(PublishError::PlacementRefused(NoFreeSlotOnAnyDevice))(0) Mounted(publishes=2)(35) Published(23)	Completed
V1[base]	1	2	36	1	Rollback(Ring7)	Refused(MountError::Publish(PublishError::PlacementRefused(NoFreeSlotOnAnyDevice)))(0) Refused(PublishError::PlacementRefused(NoFreeSlotOnAnyDevice))(0) Mounted(publishes=2)(35) Published(23)	Completed
V1[base]	1	2	36	2	MountWritable	Refused(MountError::Publish(PublishError::PlacementRefused(NoFreeSlotOnAnyDevice)))(0) Refused(PublishError::PlacementRefused(NoFreeSlotOnAnyDevice))(0) Refused(PublishError::PlacementRefused(NoFreeSlotOnAnyDevice))(0) Mounted(publishes=2)(35) Published(23)	Completed
V1[base]	1	2	36	2	ColdStartRecover	Refused(MountError::Publish(PublishError::PlacementRefused(NoFreeSlotOnAnyDevice)))(0) Refused(PublishError::PlacementRefused(NoFreeSlotOnAnyDevice))(0) Refused(PublishError::PlacementRefused(NoFreeSlotOnAnyDevice))(0) Recovered(0) NotApplicable(NoWritableSession)(0)	Completed
V1[base]	1	2	36	2	Rollback(NewestFloor)	Refused(MountError::Publish(PublishError::PlacementRefused(NoFreeSlotOnAnyDevice)))(0) Refused(PublishError::PlacementRefused(NoFreeSlotOnAnyDevice))(0) Refused(PublishError::PlacementRefused(NoFreeSlotOnAnyDevice))(0) Mounted(publishes=2)(35) Published(23)	Completed
V1[base]	1	2	36	2	Rollback(Ring0)	Refused(MountError::Publish(PublishError::PlacementRefused(NoFreeSlotOnAnyDevice)))(0) Refused(PublishError::PlacementRefused(NoFreeSlotOnAnyDevice))(0) Refused(PublishError::PlacementRefused(NoFreeSlotOnAnyDevice))(0) Mounted(publishes=2)(35) Published(23)	Completed
V1[base]	1	2	36	2	Rollback(Ring1)	Refused(MountError::Publish(PublishError::PlacementRefused(NoFreeSlotOnAnyDevice)))(0) Refused(PublishError::PlacementRefused(NoFreeSlotOnAnyDevice))(0) Refused(PublishError::PlacementRefused(NoFreeSlotOnAnyDevice))(0) Mounted(publishes=2)(35) Published(23)	Completed
V1[base]	1	2	36	2	Rollback(Ring2)	Refused(MountError::Publish(PublishError::PlacementRefused(NoFreeSlotOnAnyDevice)))(0) Refused(PublishError::PlacementRefused(NoFreeSlotOnAnyDevice))(0) Refused(PublishError::PlacementRefused(NoFreeSlotOnAnyDevice))(0) Mounted(publishes=2)(35) Published(23)	Completed
V1[base]	1	2	36	2	Rollback(Ring3)	Refused(MountError::Publish(PublishError::PlacementRefused(NoFreeSlotOnAnyDevice)))(0) Refused(PublishError::PlacementRefused(NoFreeSlotOnAnyDevice))(0) Refused(PublishError::PlacementRefused(NoFreeSlotOnAnyDevice))(0) Mounted(publishes=2)(35) Published(23)	Completed
V1[base]	1	2	36	2	Rollback(Ring4)	Refused(MountError::Publish(PublishError::PlacementRefused(NoFreeSlotOnAnyDevice)))(0) Refused(PublishError::PlacementRefused(NoFreeSlotOnAnyDevice))(0) Refused(PublishError::PlacementRefused(NoFreeSlotOnAnyDevice))(0) Mounted(publishes=2)(35) Published(23)	Completed
V1[base]	1	2	36	2	Rollback(Ring5)	Refused(MountError::Publish(PublishError::PlacementRefused(NoFreeSlotOnAnyDevice)))(0) Refused(PublishError::PlacementRefused(NoFreeSlotOnAnyDevice))(0) Refused(PublishError::PlacementRefused(NoFreeSlotOnAnyDevice))(0) Mounted(publishes=2)(35) Published(23)	Completed
V1[base]	1	2	36	2	Rollback(Ring6)	Refused(MountError::Publish(PublishError::PlacementRefused(NoFreeSlotOnAnyDevice)))(0) Refused(PublishError::PlacementRefused(NoFreeSlotOnAnyDevice))(0) Refused(PublishError::PlacementRefused(NoFreeSlotOnAnyDevice))(0) Mounted(publishes=2)(35) Published(23)	Completed
V1[base]	1	2	36	2	Rollback(Ring7)	Refused(MountError::Publish(PublishError::PlacementRefused(NoFreeSlotOnAnyDevice)))(0) Refused(PublishError::PlacementRefused(NoFreeSlotOnAnyDevice))(0) Refused(PublishError::PlacementRefused(NoFreeSlotOnAnyDevice))(0) Mounted(publishes=2)(35) Published(23)	Completed
V1[base]	1	2	36	3	MountWritable	Refused(MountError::Publish(PublishError::PlacementRefused(NoFreeSlotOnAnyDevice)))(0) Refused(PublishError::PlacementRefused(NoFreeSlotOnAnyDevice))(0) Refused(PublishError::PlacementRefused(NoFreeSlotOnAnyDevice))(0) Refused(PublishError::PlacementRefused(NoFreeSlotOnAnyDevice))(0) Mounted(publishes=2)(35) Published(23)	Completed
V1[base]	1	2	36	3	ColdStartRecover	Refused(MountError::Publish(PublishError::PlacementRefused(NoFreeSlotOnAnyDevice)))(0) Refused(PublishError::PlacementRefused(NoFreeSlotOnAnyDevice))(0) Refused(PublishError::PlacementRefused(NoFreeSlotOnAnyDevice))(0) Refused(PublishError::PlacementRefused(NoFreeSlotOnAnyDevice))(0) Recovered(0) NotApplicable(NoWritableSession)(0)	Completed
V1[base]	1	2	36	3	Rollback(NewestFloor)	Refused(MountError::Publish(PublishError::PlacementRefused(NoFreeSlotOnAnyDevice)))(0) Refused(PublishError::PlacementRefused(NoFreeSlotOnAnyDevice))(0) Refused(PublishError::PlacementRefused(NoFreeSlotOnAnyDevice))(0) Refused(PublishError::PlacementRefused(NoFreeSlotOnAnyDevice))(0) Mounted(publishes=2)(35) Published(23)	Completed
V1[base]	1	2	36	3	Rollback(Ring0)	Refused(MountError::Publish(PublishError::PlacementRefused(NoFreeSlotOnAnyDevice)))(0) Refused(PublishError::PlacementRefused(NoFreeSlotOnAnyDevice))(0) Refused(PublishError::PlacementRefused(NoFreeSlotOnAnyDevice))(0) Refused(PublishError::PlacementRefused(NoFreeSlotOnAnyDevice))(0) Mounted(publishes=2)(35) Published(23)	Completed
V1[base]	1	2	36	3	Rollback(Ring1)	Refused(MountError::Publish(PublishError::PlacementRefused(NoFreeSlotOnAnyDevice)))(0) Refused(PublishError::PlacementRefused(NoFreeSlotOnAnyDevice))(0) Refused(PublishError::PlacementRefused(NoFreeSlotOnAnyDevice))(0) Refused(PublishError::PlacementRefused(NoFreeSlotOnAnyDevice))(0) Mounted(publishes=2)(35) Published(23)	Completed
V1[base]	1	2	36	3	Rollback(Ring2)	Refused(MountError::Publish(PublishError::PlacementRefused(NoFreeSlotOnAnyDevice)))(0) Refused(PublishError::PlacementRefused(NoFreeSlotOnAnyDevice))(0) Refused(PublishError::PlacementRefused(NoFreeSlotOnAnyDevice))(0) Refused(PublishError::PlacementRefused(NoFreeSlotOnAnyDevice))(0) Mounted(publishes=2)(35) Published(23)	Completed
V1[base]	1	2	36	3	Rollback(Ring3)	Refused(MountError::Publish(PublishError::PlacementRefused(NoFreeSlotOnAnyDevice)))(0) Refused(PublishError::PlacementRefused(NoFreeSlotOnAnyDevice))(0) Refused(PublishError::PlacementRefused(NoFreeSlotOnAnyDevice))(0) Refused(PublishError::PlacementRefused(NoFreeSlotOnAnyDevice))(0) Mounted(publishes=2)(35) Published(23)	Completed
V1[base]	1	2	36	3	Rollback(Ring4)	Refused(MountError::Publish(PublishError::PlacementRefused(NoFreeSlotOnAnyDevice)))(0) Refused(PublishError::PlacementRefused(NoFreeSlotOnAnyDevice))(0) Refused(PublishError::PlacementRefused(NoFreeSlotOnAnyDevice))(0) Refused(PublishError::PlacementRefused(NoFreeSlotOnAnyDevice))(0) Mounted(publishes=2)(35) Published(23)	Completed
V1[base]	1	2	36	3	Rollback(Ring5)	Refused(MountError::Publish(PublishError::PlacementRefused(NoFreeSlotOnAnyDevice)))(0) Refused(PublishError::PlacementRefused(NoFreeSlotOnAnyDevice))(0) Refused(PublishError::PlacementRefused(NoFreeSlotOnAnyDevice))(0) Refused(PublishError::PlacementRefused(NoFreeSlotOnAnyDevice))(0) Mounted(publishes=2)(35) Published(23)	Completed
V1[base]	1	2	36	3	Rollback(Ring6)	Refused(MountError::Publish(PublishError::PlacementRefused(NoFreeSlotOnAnyDevice)))(0) Refused(PublishError::PlacementRefused(NoFreeSlotOnAnyDevice))(0) Refused(PublishError::PlacementRefused(NoFreeSlotOnAnyDevice))(0) Refused(PublishError::PlacementRefused(NoFreeSlotOnAnyDevice))(0) Mounted(publishes=2)(35) Published(23)	Completed
V1[base]	1	2	36	3	Rollback(Ring7)	Refused(MountError::Publish(PublishError::PlacementRefused(NoFreeSlotOnAnyDevice)))(0) Refused(PublishError::PlacementRefused(NoFreeSlotOnAnyDevice))(0) Refused(PublishError::PlacementRefused(NoFreeSlotOnAnyDevice))(0) Refused(PublishError::PlacementRefused(NoFreeSlotOnAnyDevice))(0) Mounted(publishes=2)(35) Published(23)	Completed
V1[base]	1	3	20	1	MountWritable	RaisedFloor(F=20,publishes=2)(30) Published(23) Mounted(publishes=2)(35) Published(23)	Completed
V1[base]	1	3	20	1	ColdStartRecover	RaisedFloor(F=20,publishes=2)(30) Published(23) Recovered(0) NotApplicable(NoWritableSession)(0)	Completed
V1[base]	1	3	20	1	Rollback(NewestFloor)	RaisedFloor(F=20,publishes=2)(30) Published(23) Mounted(publishes=2)(35) Published(23)	Completed
V1[base]	1	3	20	1	Rollback(Ring0)	RaisedFloor(F=20,publishes=2)(30) Published(23) Mounted(publishes=2)(35) Published(23)	Completed
V1[base]	1	3	20	1	Rollback(Ring1)	RaisedFloor(F=20,publishes=2)(30) Published(23) Mounted(publishes=2)(35) Published(23)	Completed
V1[base]	1	3	20	1	Rollback(Ring2)	RaisedFloor(F=20,publishes=2)(30) Published(23) Mounted(publishes=2)(35) Published(23)	Completed
V1[base]	1	3	20	1	Rollback(Ring3)	RaisedFloor(F=20,publishes=2)(30) Published(23) Mounted(publishes=2)(35) Published(23)	Completed
V1[base]	1	3	20	1	Rollback(Ring4)	RaisedFloor(F=20,publishes=2)(30) Published(23) Mounted(publishes=2)(35) Published(23)	Completed
V1[base]	1	3	20	1	Rollback(Ring5)	RaisedFloor(F=20,publishes=2)(30) Published(23) Mounted(publishes=2)(35) Published(23)	Completed
V1[base]	1	3	20	1	Rollback(Ring6)	RaisedFloor(F=20,publishes=2)(30) Published(23) Mounted(publishes=2)(35) Published(23)	Completed
V1[base]	1	3	20	1	Rollback(Ring7)	RaisedFloor(F=20,publishes=2)(30) Published(23) Mounted(publishes=2)(35) Published(23)	Completed
V1[base]	1	3	20	2	MountWritable	RaisedFloor(F=20,publishes=2)(30) Published(23) Published(23) Mounted(publishes=3)(50) Published(23)	Completed
V1[base]	1	3	20	2	ColdStartRecover	RaisedFloor(F=20,publishes=2)(30) Published(23) Published(23) Recovered(0) NotApplicable(NoWritableSession)(0)	Completed
V1[base]	1	3	20	2	Rollback(NewestFloor)	RaisedFloor(F=20,publishes=2)(30) Published(23) Published(23) Mounted(publishes=3)(50) Published(23)	Completed
V1[base]	1	3	20	2	Rollback(Ring0)	RaisedFloor(F=20,publishes=2)(30) Published(23) Published(23) Mounted(publishes=3)(50) Published(23)	Completed
V1[base]	1	3	20	2	Rollback(Ring1)	RaisedFloor(F=20,publishes=2)(30) Published(23) Published(23) Mounted(publishes=3)(50) Published(23)	Completed
V1[base]	1	3	20	2	Rollback(Ring2)	RaisedFloor(F=20,publishes=2)(30) Published(23) Published(23) Mounted(publishes=3)(50) Published(23)	Completed
V1[base]	1	3	20	2	Rollback(Ring3)	RaisedFloor(F=20,publishes=2)(30) Published(23) Published(23) Mounted(publishes=3)(50) Published(23)	Completed
V1[base]	1	3	20	2	Rollback(Ring4)	RaisedFloor(F=20,publishes=2)(30) Published(23) Published(23) Mounted(publishes=3)(50) Published(23)	Completed
V1[base]	1	3	20	2	Rollback(Ring5)	RaisedFloor(F=20,publishes=2)(30) Published(23) Published(23) Mounted(publishes=3)(50) Published(23)	Completed
V1[base]	1	3	20	2	Rollback(Ring6)	RaisedFloor(F=20,publishes=2)(30) Published(23) Published(23) Mounted(publishes=3)(50) Published(23)	Completed
V1[base]	1	3	20	2	Rollback(Ring7)	RaisedFloor(F=20,publishes=2)(30) Published(23) Published(23) Mounted(publishes=3)(50) Published(23)	Completed
V1[base]	1	3	20	3	MountWritable	RaisedFloor(F=20,publishes=2)(30) Published(23) Published(23) Published(23) Mounted(publishes=2)(35) Published(23)	Completed
V1[base]	1	3	20	3	ColdStartRecover	RaisedFloor(F=20,publishes=2)(30) Published(23) Published(23) Published(23) Recovered(0) NotApplicable(NoWritableSession)(0)	Completed
V1[base]	1	3	20	3	Rollback(NewestFloor)	RaisedFloor(F=20,publishes=2)(30) Published(23) Published(23) Published(23) Mounted(publishes=2)(35) Published(23)	Completed
V1[base]	1	3	20	3	Rollback(Ring0)	RaisedFloor(F=20,publishes=2)(30) Published(23) Published(23) Published(23) Mounted(publishes=2)(35) Published(23)	Completed
V1[base]	1	3	20	3	Rollback(Ring1)	RaisedFloor(F=20,publishes=2)(30) Published(23) Published(23) Published(23) Mounted(publishes=2)(35) Published(23)	Completed
V1[base]	1	3	20	3	Rollback(Ring2)	RaisedFloor(F=20,publishes=2)(30) Published(23) Published(23) Published(23) Mounted(publishes=2)(35) Published(23)	Completed
V1[base]	1	3	20	3	Rollback(Ring3)	RaisedFloor(F=20,publishes=2)(30) Published(23) Published(23) Published(23) Mounted(publishes=2)(35) Published(23)	Completed
V1[base]	1	3	20	3	Rollback(Ring4)	RaisedFloor(F=20,publishes=2)(30) Published(23) Published(23) Published(23) Mounted(publishes=2)(35) Published(23)	Completed
V1[base]	1	3	20	3	Rollback(Ring5)	RaisedFloor(F=20,publishes=2)(30) Published(23) Published(23) Published(23) Mounted(publishes=2)(35) Published(23)	Completed
V1[base]	1	3	20	3	Rollback(Ring6)	RaisedFloor(F=20,publishes=2)(30) Published(23) Published(23) Published(23) Mounted(publishes=2)(35) Published(23)	Completed
V1[base]	1	3	20	3	Rollback(Ring7)	RaisedFloor(F=20,publishes=2)(30) Published(23) Published(23) Published(23) Mounted(publishes=2)(35) Published(23)	Completed
V1[base]	1	3	36	1	MountWritable	RaisedFloor(F=36,publishes=2)(30) Published(23) Mounted(publishes=2)(35) Published(23)	Completed
V1[base]	1	3	36	1	ColdStartRecover	RaisedFloor(F=36,publishes=2)(30) Published(23) Recovered(0) NotApplicable(NoWritableSession)(0)	Completed
V1[base]	1	3	36	1	Rollback(NewestFloor)	RaisedFloor(F=36,publishes=2)(30) Published(23) Mounted(publishes=2)(35) Published(23)	Completed
V1[base]	1	3	36	1	Rollback(Ring0)	RaisedFloor(F=36,publishes=2)(30) Published(23) Mounted(publishes=2)(35) Published(23)	Completed
V1[base]	1	3	36	1	Rollback(Ring1)	RaisedFloor(F=36,publishes=2)(30) Published(23) Mounted(publishes=2)(35) Published(23)	Completed
V1[base]	1	3	36	1	Rollback(Ring2)	RaisedFloor(F=36,publishes=2)(30) Published(23) Mounted(publishes=2)(35) Published(23)	Completed
V1[base]	1	3	36	1	Rollback(Ring3)	RaisedFloor(F=36,publishes=2)(30) Published(23) Mounted(publishes=2)(35) Published(23)	Completed
V1[base]	1	3	36	1	Rollback(Ring4)	RaisedFloor(F=36,publishes=2)(30) Published(23) Mounted(publishes=2)(35) Published(23)	Completed
V1[base]	1	3	36	1	Rollback(Ring5)	RaisedFloor(F=36,publishes=2)(30) Published(23) Mounted(publishes=2)(35) Published(23)	Completed
V1[base]	1	3	36	1	Rollback(Ring6)	RaisedFloor(F=36,publishes=2)(30) Published(23) Mounted(publishes=2)(35) Published(23)	Completed
V1[base]	1	3	36	1	Rollback(Ring7)	RaisedFloor(F=36,publishes=2)(30) Published(23) Mounted(publishes=2)(35) Published(23)	Completed
V1[base]	1	3	36	2	MountWritable	RaisedFloor(F=36,publishes=2)(30) Published(23) Published(23) Mounted(publishes=3)(50) Published(23)	Completed
V1[base]	1	3	36	2	ColdStartRecover	RaisedFloor(F=36,publishes=2)(30) Published(23) Published(23) Recovered(0) NotApplicable(NoWritableSession)(0)	Completed
V1[base]	1	3	36	2	Rollback(NewestFloor)	RaisedFloor(F=36,publishes=2)(30) Published(23) Published(23) Mounted(publishes=3)(50) Published(23)	Completed
V1[base]	1	3	36	2	Rollback(Ring0)	RaisedFloor(F=36,publishes=2)(30) Published(23) Published(23) Mounted(publishes=3)(50) Published(23)	Completed
V1[base]	1	3	36	2	Rollback(Ring1)	RaisedFloor(F=36,publishes=2)(30) Published(23) Published(23) Mounted(publishes=3)(50) Published(23)	Completed
V1[base]	1	3	36	2	Rollback(Ring2)	RaisedFloor(F=36,publishes=2)(30) Published(23) Published(23) Mounted(publishes=3)(50) Published(23)	Completed
V1[base]	1	3	36	2	Rollback(Ring3)	RaisedFloor(F=36,publishes=2)(30) Published(23) Published(23) Mounted(publishes=3)(50) Published(23)	Completed
V1[base]	1	3	36	2	Rollback(Ring4)	RaisedFloor(F=36,publishes=2)(30) Published(23) Published(23) Mounted(publishes=3)(50) Published(23)	Completed
V1[base]	1	3	36	2	Rollback(Ring5)	RaisedFloor(F=36,publishes=2)(30) Published(23) Published(23) Mounted(publishes=3)(50) Published(23)	Completed
V1[base]	1	3	36	2	Rollback(Ring6)	RaisedFloor(F=36,publishes=2)(30) Published(23) Published(23) Mounted(publishes=3)(50) Published(23)	Completed
V1[base]	1	3	36	2	Rollback(Ring7)	RaisedFloor(F=36,publishes=2)(30) Published(23) Published(23) Mounted(publishes=3)(50) Published(23)	Completed
V1[base]	1	3	36	3	MountWritable	RaisedFloor(F=36,publishes=2)(30) Published(23) Published(23) Published(23) Mounted(publishes=2)(35) Published(23)	Completed
V1[base]	1	3	36	3	ColdStartRecover	RaisedFloor(F=36,publishes=2)(30) Published(23) Published(23) Published(23) Recovered(0) NotApplicable(NoWritableSession)(0)	Completed
V1[base]	1	3	36	3	Rollback(NewestFloor)	RaisedFloor(F=36,publishes=2)(30) Published(23) Published(23) Published(23) Mounted(publishes=2)(35) Published(23)	Completed
V1[base]	1	3	36	3	Rollback(Ring0)	RaisedFloor(F=36,publishes=2)(30) Published(23) Published(23) Published(23) Mounted(publishes=2)(35) Published(23)	Completed
V1[base]	1	3	36	3	Rollback(Ring1)	RaisedFloor(F=36,publishes=2)(30) Published(23) Published(23) Published(23) Mounted(publishes=2)(35) Published(23)	Completed
V1[base]	1	3	36	3	Rollback(Ring2)	RaisedFloor(F=36,publishes=2)(30) Published(23) Published(23) Published(23) Mounted(publishes=2)(35) Published(23)	Completed
V1[base]	1	3	36	3	Rollback(Ring3)	RaisedFloor(F=36,publishes=2)(30) Published(23) Published(23) Published(23) Mounted(publishes=2)(35) Published(23)	Completed
V1[base]	1	3	36	3	Rollback(Ring4)	RaisedFloor(F=36,publishes=2)(30) Published(23) Published(23) Published(23) Mounted(publishes=2)(35) Published(23)	Completed
V1[base]	1	3	36	3	Rollback(Ring5)	RaisedFloor(F=36,publishes=2)(30) Published(23) Published(23) Published(23) Mounted(publishes=2)(35) Published(23)	Completed
V1[base]	1	3	36	3	Rollback(Ring6)	RaisedFloor(F=36,publishes=2)(30) Published(23) Published(23) Published(23) Mounted(publishes=2)(35) Published(23)	Completed
V1[base]	1	3	36	3	Rollback(Ring7)	RaisedFloor(F=36,publishes=2)(30) Published(23) Published(23) Published(23) Mounted(publishes=2)(35) Published(23)	Completed
V1[base]	1	4	20	1	MountWritable	Refused(MountError::Publish(PublishError::PlacementRefused(NoFreeSlotOnAnyDevice)))(15) Refused(PublishError::PlacementRefused(NoFreeSlotOnAnyDevice))(0) Mounted(publishes=2)(35) Published(23)	Completed
V1[base]	1	4	20	1	ColdStartRecover	Refused(MountError::Publish(PublishError::PlacementRefused(NoFreeSlotOnAnyDevice)))(15) Refused(PublishError::PlacementRefused(NoFreeSlotOnAnyDevice))(0) Recovered(0) NotApplicable(NoWritableSession)(0)	Completed
V1[base]	1	4	20	1	Rollback(NewestFloor)	Refused(MountError::Publish(PublishError::PlacementRefused(NoFreeSlotOnAnyDevice)))(15) Refused(PublishError::PlacementRefused(NoFreeSlotOnAnyDevice))(0) Mounted(publishes=2)(35) Published(23)	Completed
V1[base]	1	4	20	1	Rollback(Ring0)	Refused(MountError::Publish(PublishError::PlacementRefused(NoFreeSlotOnAnyDevice)))(15) Refused(PublishError::PlacementRefused(NoFreeSlotOnAnyDevice))(0) Mounted(publishes=2)(35) Published(23)	Completed
V1[base]	1	4	20	1	Rollback(Ring1)	Refused(MountError::Publish(PublishError::PlacementRefused(NoFreeSlotOnAnyDevice)))(15) Refused(PublishError::PlacementRefused(NoFreeSlotOnAnyDevice))(0) Mounted(publishes=2)(35) Published(23)	Completed
V1[base]	1	4	20	1	Rollback(Ring2)	Refused(MountError::Publish(PublishError::PlacementRefused(NoFreeSlotOnAnyDevice)))(15) Refused(PublishError::PlacementRefused(NoFreeSlotOnAnyDevice))(0) Mounted(publishes=2)(35) Published(23)	Completed
V1[base]	1	4	20	1	Rollback(Ring3)	Refused(MountError::Publish(PublishError::PlacementRefused(NoFreeSlotOnAnyDevice)))(15) Refused(PublishError::PlacementRefused(NoFreeSlotOnAnyDevice))(0) Mounted(publishes=2)(35) Published(23)	Completed
V1[base]	1	4	20	1	Rollback(Ring4)	Refused(MountError::Publish(PublishError::PlacementRefused(NoFreeSlotOnAnyDevice)))(15) Refused(PublishError::PlacementRefused(NoFreeSlotOnAnyDevice))(0) Mounted(publishes=2)(35) Published(23)	Completed
V1[base]	1	4	20	1	Rollback(Ring5)	Refused(MountError::Publish(PublishError::PlacementRefused(NoFreeSlotOnAnyDevice)))(15) Refused(PublishError::PlacementRefused(NoFreeSlotOnAnyDevice))(0) Mounted(publishes=2)(35) Published(23)	Completed
V1[base]	1	4	20	1	Rollback(Ring6)	Refused(MountError::Publish(PublishError::PlacementRefused(NoFreeSlotOnAnyDevice)))(15) Refused(PublishError::PlacementRefused(NoFreeSlotOnAnyDevice))(0) Mounted(publishes=2)(35) Published(23)	Completed
V1[base]	1	4	20	1	Rollback(Ring7)	Refused(MountError::Publish(PublishError::PlacementRefused(NoFreeSlotOnAnyDevice)))(15) Refused(PublishError::PlacementRefused(NoFreeSlotOnAnyDevice))(0) Mounted(publishes=2)(35) Published(23)	Completed
V1[base]	1	4	20	2	MountWritable	Refused(MountError::Publish(PublishError::PlacementRefused(NoFreeSlotOnAnyDevice)))(15) Refused(PublishError::PlacementRefused(NoFreeSlotOnAnyDevice))(0) Refused(PublishError::PlacementRefused(NoFreeSlotOnAnyDevice))(0) Mounted(publishes=2)(35) Published(23)	Completed
V1[base]	1	4	20	2	ColdStartRecover	Refused(MountError::Publish(PublishError::PlacementRefused(NoFreeSlotOnAnyDevice)))(15) Refused(PublishError::PlacementRefused(NoFreeSlotOnAnyDevice))(0) Refused(PublishError::PlacementRefused(NoFreeSlotOnAnyDevice))(0) Recovered(0) NotApplicable(NoWritableSession)(0)	Completed
V1[base]	1	4	20	2	Rollback(NewestFloor)	Refused(MountError::Publish(PublishError::PlacementRefused(NoFreeSlotOnAnyDevice)))(15) Refused(PublishError::PlacementRefused(NoFreeSlotOnAnyDevice))(0) Refused(PublishError::PlacementRefused(NoFreeSlotOnAnyDevice))(0) Mounted(publishes=2)(35) Published(23)	Completed
V1[base]	1	4	20	2	Rollback(Ring0)	Refused(MountError::Publish(PublishError::PlacementRefused(NoFreeSlotOnAnyDevice)))(15) Refused(PublishError::PlacementRefused(NoFreeSlotOnAnyDevice))(0) Refused(PublishError::PlacementRefused(NoFreeSlotOnAnyDevice))(0) Mounted(publishes=2)(35) Published(23)	Completed
V1[base]	1	4	20	2	Rollback(Ring1)	Refused(MountError::Publish(PublishError::PlacementRefused(NoFreeSlotOnAnyDevice)))(15) Refused(PublishError::PlacementRefused(NoFreeSlotOnAnyDevice))(0) Refused(PublishError::PlacementRefused(NoFreeSlotOnAnyDevice))(0) Mounted(publishes=2)(35) Published(23)	Completed
V1[base]	1	4	20	2	Rollback(Ring2)	Refused(MountError::Publish(PublishError::PlacementRefused(NoFreeSlotOnAnyDevice)))(15) Refused(PublishError::PlacementRefused(NoFreeSlotOnAnyDevice))(0) Refused(PublishError::PlacementRefused(NoFreeSlotOnAnyDevice))(0) Mounted(publishes=2)(35) Published(23)	Completed
V1[base]	1	4	20	2	Rollback(Ring3)	Refused(MountError::Publish(PublishError::PlacementRefused(NoFreeSlotOnAnyDevice)))(15) Refused(PublishError::PlacementRefused(NoFreeSlotOnAnyDevice))(0) Refused(PublishError::PlacementRefused(NoFreeSlotOnAnyDevice))(0) Mounted(publishes=2)(35) Published(23)	Completed
V1[base]	1	4	20	2	Rollback(Ring4)	Refused(MountError::Publish(PublishError::PlacementRefused(NoFreeSlotOnAnyDevice)))(15) Refused(PublishError::PlacementRefused(NoFreeSlotOnAnyDevice))(0) Refused(PublishError::PlacementRefused(NoFreeSlotOnAnyDevice))(0) Mounted(publishes=2)(35) Published(23)	Completed
V1[base]	1	4	20	2	Rollback(Ring5)	Refused(MountError::Publish(PublishError::PlacementRefused(NoFreeSlotOnAnyDevice)))(15) Refused(PublishError::PlacementRefused(NoFreeSlotOnAnyDevice))(0) Refused(PublishError::PlacementRefused(NoFreeSlotOnAnyDevice))(0) Mounted(publishes=2)(35) Published(23)	Completed
V1[base]	1	4	20	2	Rollback(Ring6)	Refused(MountError::Publish(PublishError::PlacementRefused(NoFreeSlotOnAnyDevice)))(15) Refused(PublishError::PlacementRefused(NoFreeSlotOnAnyDevice))(0) Refused(PublishError::PlacementRefused(NoFreeSlotOnAnyDevice))(0) Mounted(publishes=2)(35) Published(23)	Completed
V1[base]	1	4	20	2	Rollback(Ring7)	Refused(MountError::Publish(PublishError::PlacementRefused(NoFreeSlotOnAnyDevice)))(15) Refused(PublishError::PlacementRefused(NoFreeSlotOnAnyDevice))(0) Refused(PublishError::PlacementRefused(NoFreeSlotOnAnyDevice))(0) Mounted(publishes=2)(35) Published(23)	Completed
V1[base]	1	4	20	3	MountWritable	Refused(MountError::Publish(PublishError::PlacementRefused(NoFreeSlotOnAnyDevice)))(15) Refused(PublishError::PlacementRefused(NoFreeSlotOnAnyDevice))(0) Refused(PublishError::PlacementRefused(NoFreeSlotOnAnyDevice))(0) Refused(PublishError::PlacementRefused(NoFreeSlotOnAnyDevice))(0) Mounted(publishes=2)(35) Published(23)	Completed
V1[base]	1	4	20	3	ColdStartRecover	Refused(MountError::Publish(PublishError::PlacementRefused(NoFreeSlotOnAnyDevice)))(15) Refused(PublishError::PlacementRefused(NoFreeSlotOnAnyDevice))(0) Refused(PublishError::PlacementRefused(NoFreeSlotOnAnyDevice))(0) Refused(PublishError::PlacementRefused(NoFreeSlotOnAnyDevice))(0) Recovered(0) NotApplicable(NoWritableSession)(0)	Completed
V1[base]	1	4	20	3	Rollback(NewestFloor)	Refused(MountError::Publish(PublishError::PlacementRefused(NoFreeSlotOnAnyDevice)))(15) Refused(PublishError::PlacementRefused(NoFreeSlotOnAnyDevice))(0) Refused(PublishError::PlacementRefused(NoFreeSlotOnAnyDevice))(0) Refused(PublishError::PlacementRefused(NoFreeSlotOnAnyDevice))(0) Mounted(publishes=2)(35) Published(23)	Completed
V1[base]	1	4	20	3	Rollback(Ring0)	Refused(MountError::Publish(PublishError::PlacementRefused(NoFreeSlotOnAnyDevice)))(15) Refused(PublishError::PlacementRefused(NoFreeSlotOnAnyDevice))(0) Refused(PublishError::PlacementRefused(NoFreeSlotOnAnyDevice))(0) Refused(PublishError::PlacementRefused(NoFreeSlotOnAnyDevice))(0) Mounted(publishes=2)(35) Published(23)	Completed
V1[base]	1	4	20	3	Rollback(Ring1)	Refused(MountError::Publish(PublishError::PlacementRefused(NoFreeSlotOnAnyDevice)))(15) Refused(PublishError::PlacementRefused(NoFreeSlotOnAnyDevice))(0) Refused(PublishError::PlacementRefused(NoFreeSlotOnAnyDevice))(0) Refused(PublishError::PlacementRefused(NoFreeSlotOnAnyDevice))(0) Mounted(publishes=2)(35) Published(23)	Completed
V1[base]	1	4	20	3	Rollback(Ring2)	Refused(MountError::Publish(PublishError::PlacementRefused(NoFreeSlotOnAnyDevice)))(15) Refused(PublishError::PlacementRefused(NoFreeSlotOnAnyDevice))(0) Refused(PublishError::PlacementRefused(NoFreeSlotOnAnyDevice))(0) Refused(PublishError::PlacementRefused(NoFreeSlotOnAnyDevice))(0) Mounted(publishes=2)(35) Published(23)	Completed
V1[base]	1	4	20	3	Rollback(Ring3)	Refused(MountError::Publish(PublishError::PlacementRefused(NoFreeSlotOnAnyDevice)))(15) Refused(PublishError::PlacementRefused(NoFreeSlotOnAnyDevice))(0) Refused(PublishError::PlacementRefused(NoFreeSlotOnAnyDevice))(0) Refused(PublishError::PlacementRefused(NoFreeSlotOnAnyDevice))(0) Mounted(publishes=2)(35) Published(23)	Completed
V1[base]	1	4	20	3	Rollback(Ring4)	Refused(MountError::Publish(PublishError::PlacementRefused(NoFreeSlotOnAnyDevice)))(15) Refused(PublishError::PlacementRefused(NoFreeSlotOnAnyDevice))(0) Refused(PublishError::PlacementRefused(NoFreeSlotOnAnyDevice))(0) Refused(PublishError::PlacementRefused(NoFreeSlotOnAnyDevice))(0) Mounted(publishes=2)(35) Published(23)	Completed
V1[base]	1	4	20	3	Rollback(Ring5)	Refused(MountError::Publish(PublishError::PlacementRefused(NoFreeSlotOnAnyDevice)))(15) Refused(PublishError::PlacementRefused(NoFreeSlotOnAnyDevice))(0) Refused(PublishError::PlacementRefused(NoFreeSlotOnAnyDevice))(0) Refused(PublishError::PlacementRefused(NoFreeSlotOnAnyDevice))(0) Mounted(publishes=2)(35) Published(23)	Completed
V1[base]	1	4	20	3	Rollback(Ring6)	Refused(MountError::Publish(PublishError::PlacementRefused(NoFreeSlotOnAnyDevice)))(15) Refused(PublishError::PlacementRefused(NoFreeSlotOnAnyDevice))(0) Refused(PublishError::PlacementRefused(NoFreeSlotOnAnyDevice))(0) Refused(PublishError::PlacementRefused(NoFreeSlotOnAnyDevice))(0) Mounted(publishes=2)(35) Published(23)	Completed
V1[base]	1	4	20	3	Rollback(Ring7)	Refused(MountError::Publish(PublishError::PlacementRefused(NoFreeSlotOnAnyDevice)))(15) Refused(PublishError::PlacementRefused(NoFreeSlotOnAnyDevice))(0) Refused(PublishError::PlacementRefused(NoFreeSlotOnAnyDevice))(0) Refused(PublishError::PlacementRefused(NoFreeSlotOnAnyDevice))(0) Mounted(publishes=2)(35) Published(23)	Completed
V1[base]	1	4	36	1	MountWritable	Refused(MountError::Publish(PublishError::PlacementRefused(NoFreeSlotOnAnyDevice)))(15) Refused(PublishError::PlacementRefused(NoFreeSlotOnAnyDevice))(0) Mounted(publishes=2)(35) Published(23)	Completed
V1[base]	1	4	36	1	ColdStartRecover	Refused(MountError::Publish(PublishError::PlacementRefused(NoFreeSlotOnAnyDevice)))(15) Refused(PublishError::PlacementRefused(NoFreeSlotOnAnyDevice))(0) Recovered(0) NotApplicable(NoWritableSession)(0)	Completed
V1[base]	1	4	36	1	Rollback(NewestFloor)	Refused(MountError::Publish(PublishError::PlacementRefused(NoFreeSlotOnAnyDevice)))(15) Refused(PublishError::PlacementRefused(NoFreeSlotOnAnyDevice))(0) Mounted(publishes=2)(35) Published(23)	Completed
V1[base]	1	4	36	1	Rollback(Ring0)	Refused(MountError::Publish(PublishError::PlacementRefused(NoFreeSlotOnAnyDevice)))(15) Refused(PublishError::PlacementRefused(NoFreeSlotOnAnyDevice))(0) Mounted(publishes=2)(35) Published(23)	Completed
V1[base]	1	4	36	1	Rollback(Ring1)	Refused(MountError::Publish(PublishError::PlacementRefused(NoFreeSlotOnAnyDevice)))(15) Refused(PublishError::PlacementRefused(NoFreeSlotOnAnyDevice))(0) Mounted(publishes=2)(35) Published(23)	Completed
V1[base]	1	4	36	1	Rollback(Ring2)	Refused(MountError::Publish(PublishError::PlacementRefused(NoFreeSlotOnAnyDevice)))(15) Refused(PublishError::PlacementRefused(NoFreeSlotOnAnyDevice))(0) Mounted(publishes=2)(35) Published(23)	Completed
V1[base]	1	4	36	1	Rollback(Ring3)	Refused(MountError::Publish(PublishError::PlacementRefused(NoFreeSlotOnAnyDevice)))(15) Refused(PublishError::PlacementRefused(NoFreeSlotOnAnyDevice))(0) Mounted(publishes=2)(35) Published(23)	Completed
V1[base]	1	4	36	1	Rollback(Ring4)	Refused(MountError::Publish(PublishError::PlacementRefused(NoFreeSlotOnAnyDevice)))(15) Refused(PublishError::PlacementRefused(NoFreeSlotOnAnyDevice))(0) Mounted(publishes=2)(35) Published(23)	Completed
V1[base]	1	4	36	1	Rollback(Ring5)	Refused(MountError::Publish(PublishError::PlacementRefused(NoFreeSlotOnAnyDevice)))(15) Refused(PublishError::PlacementRefused(NoFreeSlotOnAnyDevice))(0) Mounted(publishes=2)(35) Published(23)	Completed
V1[base]	1	4	36	1	Rollback(Ring6)	Refused(MountError::Publish(PublishError::PlacementRefused(NoFreeSlotOnAnyDevice)))(15) Refused(PublishError::PlacementRefused(NoFreeSlotOnAnyDevice))(0) Mounted(publishes=2)(35) Published(23)	Completed
V1[base]	1	4	36	1	Rollback(Ring7)	Refused(MountError::Publish(PublishError::PlacementRefused(NoFreeSlotOnAnyDevice)))(15) Refused(PublishError::PlacementRefused(NoFreeSlotOnAnyDevice))(0) Mounted(publishes=2)(35) Published(23)	Completed
V1[base]	1	4	36	2	MountWritable	Refused(MountError::Publish(PublishError::PlacementRefused(NoFreeSlotOnAnyDevice)))(15) Refused(PublishError::PlacementRefused(NoFreeSlotOnAnyDevice))(0) Refused(PublishError::PlacementRefused(NoFreeSlotOnAnyDevice))(0) Mounted(publishes=2)(35) Published(23)	Completed
V1[base]	1	4	36	2	ColdStartRecover	Refused(MountError::Publish(PublishError::PlacementRefused(NoFreeSlotOnAnyDevice)))(15) Refused(PublishError::PlacementRefused(NoFreeSlotOnAnyDevice))(0) Refused(PublishError::PlacementRefused(NoFreeSlotOnAnyDevice))(0) Recovered(0) NotApplicable(NoWritableSession)(0)	Completed
V1[base]	1	4	36	2	Rollback(NewestFloor)	Refused(MountError::Publish(PublishError::PlacementRefused(NoFreeSlotOnAnyDevice)))(15) Refused(PublishError::PlacementRefused(NoFreeSlotOnAnyDevice))(0) Refused(PublishError::PlacementRefused(NoFreeSlotOnAnyDevice))(0) Mounted(publishes=2)(35) Published(23)	Completed
V1[base]	1	4	36	2	Rollback(Ring0)	Refused(MountError::Publish(PublishError::PlacementRefused(NoFreeSlotOnAnyDevice)))(15) Refused(PublishError::PlacementRefused(NoFreeSlotOnAnyDevice))(0) Refused(PublishError::PlacementRefused(NoFreeSlotOnAnyDevice))(0) Mounted(publishes=2)(35) Published(23)	Completed
V1[base]	1	4	36	2	Rollback(Ring1)	Refused(MountError::Publish(PublishError::PlacementRefused(NoFreeSlotOnAnyDevice)))(15) Refused(PublishError::PlacementRefused(NoFreeSlotOnAnyDevice))(0) Refused(PublishError::PlacementRefused(NoFreeSlotOnAnyDevice))(0) Mounted(publishes=2)(35) Published(23)	Completed
V1[base]	1	4	36	2	Rollback(Ring2)	Refused(MountError::Publish(PublishError::PlacementRefused(NoFreeSlotOnAnyDevice)))(15) Refused(PublishError::PlacementRefused(NoFreeSlotOnAnyDevice))(0) Refused(PublishError::PlacementRefused(NoFreeSlotOnAnyDevice))(0) Mounted(publishes=2)(35) Published(23)	Completed
V1[base]	1	4	36	2	Rollback(Ring3)	Refused(MountError::Publish(PublishError::PlacementRefused(NoFreeSlotOnAnyDevice)))(15) Refused(PublishError::PlacementRefused(NoFreeSlotOnAnyDevice))(0) Refused(PublishError::PlacementRefused(NoFreeSlotOnAnyDevice))(0) Mounted(publishes=2)(35) Published(23)	Completed
V1[base]	1	4	36	2	Rollback(Ring4)	Refused(MountError::Publish(PublishError::PlacementRefused(NoFreeSlotOnAnyDevice)))(15) Refused(PublishError::PlacementRefused(NoFreeSlotOnAnyDevice))(0) Refused(PublishError::PlacementRefused(NoFreeSlotOnAnyDevice))(0) Mounted(publishes=2)(35) Published(23)	Completed
V1[base]	1	4	36	2	Rollback(Ring5)	Refused(MountError::Publish(PublishError::PlacementRefused(NoFreeSlotOnAnyDevice)))(15) Refused(PublishError::PlacementRefused(NoFreeSlotOnAnyDevice))(0) Refused(PublishError::PlacementRefused(NoFreeSlotOnAnyDevice))(0) Mounted(publishes=2)(35) Published(23)	Completed
V1[base]	1	4	36	2	Rollback(Ring6)	Refused(MountError::Publish(PublishError::PlacementRefused(NoFreeSlotOnAnyDevice)))(15) Refused(PublishError::PlacementRefused(NoFreeSlotOnAnyDevice))(0) Refused(PublishError::PlacementRefused(NoFreeSlotOnAnyDevice))(0) Mounted(publishes=2)(35) Published(23)	Completed
V1[base]	1	4	36	2	Rollback(Ring7)	Refused(MountError::Publish(PublishError::PlacementRefused(NoFreeSlotOnAnyDevice)))(15) Refused(PublishError::PlacementRefused(NoFreeSlotOnAnyDevice))(0) Refused(PublishError::PlacementRefused(NoFreeSlotOnAnyDevice))(0) Mounted(publishes=2)(35) Published(23)	Completed
V1[base]	1	4	36	3	MountWritable	Refused(MountError::Publish(PublishError::PlacementRefused(NoFreeSlotOnAnyDevice)))(15) Refused(PublishError::PlacementRefused(NoFreeSlotOnAnyDevice))(0) Refused(PublishError::PlacementRefused(NoFreeSlotOnAnyDevice))(0) Refused(PublishError::PlacementRefused(NoFreeSlotOnAnyDevice))(0) Mounted(publishes=2)(35) Published(23)	Completed
V1[base]	1	4	36	3	ColdStartRecover	Refused(MountError::Publish(PublishError::PlacementRefused(NoFreeSlotOnAnyDevice)))(15) Refused(PublishError::PlacementRefused(NoFreeSlotOnAnyDevice))(0) Refused(PublishError::PlacementRefused(NoFreeSlotOnAnyDevice))(0) Refused(PublishError::PlacementRefused(NoFreeSlotOnAnyDevice))(0) Recovered(0) NotApplicable(NoWritableSession)(0)	Completed
V1[base]	1	4	36	3	Rollback(NewestFloor)	Refused(MountError::Publish(PublishError::PlacementRefused(NoFreeSlotOnAnyDevice)))(15) Refused(PublishError::PlacementRefused(NoFreeSlotOnAnyDevice))(0) Refused(PublishError::PlacementRefused(NoFreeSlotOnAnyDevice))(0) Refused(PublishError::PlacementRefused(NoFreeSlotOnAnyDevice))(0) Mounted(publishes=2)(35) Published(23)	Completed
V1[base]	1	4	36	3	Rollback(Ring0)	Refused(MountError::Publish(PublishError::PlacementRefused(NoFreeSlotOnAnyDevice)))(15) Refused(PublishError::PlacementRefused(NoFreeSlotOnAnyDevice))(0) Refused(PublishError::PlacementRefused(NoFreeSlotOnAnyDevice))(0) Refused(PublishError::PlacementRefused(NoFreeSlotOnAnyDevice))(0) Mounted(publishes=2)(35) Published(23)	Completed
V1[base]	1	4	36	3	Rollback(Ring1)	Refused(MountError::Publish(PublishError::PlacementRefused(NoFreeSlotOnAnyDevice)))(15) Refused(PublishError::PlacementRefused(NoFreeSlotOnAnyDevice))(0) Refused(PublishError::PlacementRefused(NoFreeSlotOnAnyDevice))(0) Refused(PublishError::PlacementRefused(NoFreeSlotOnAnyDevice))(0) Mounted(publishes=2)(35) Published(23)	Completed
V1[base]	1	4	36	3	Rollback(Ring2)	Refused(MountError::Publish(PublishError::PlacementRefused(NoFreeSlotOnAnyDevice)))(15) Refused(PublishError::PlacementRefused(NoFreeSlotOnAnyDevice))(0) Refused(PublishError::PlacementRefused(NoFreeSlotOnAnyDevice))(0) Refused(PublishError::PlacementRefused(NoFreeSlotOnAnyDevice))(0) Mounted(publishes=2)(35) Published(23)	Completed
V1[base]	1	4	36	3	Rollback(Ring3)	Refused(MountError::Publish(PublishError::PlacementRefused(NoFreeSlotOnAnyDevice)))(15) Refused(PublishError::PlacementRefused(NoFreeSlotOnAnyDevice))(0) Refused(PublishError::PlacementRefused(NoFreeSlotOnAnyDevice))(0) Refused(PublishError::PlacementRefused(NoFreeSlotOnAnyDevice))(0) Mounted(publishes=2)(35) Published(23)	Completed
V1[base]	1	4	36	3	Rollback(Ring4)	Refused(MountError::Publish(PublishError::PlacementRefused(NoFreeSlotOnAnyDevice)))(15) Refused(PublishError::PlacementRefused(NoFreeSlotOnAnyDevice))(0) Refused(PublishError::PlacementRefused(NoFreeSlotOnAnyDevice))(0) Refused(PublishError::PlacementRefused(NoFreeSlotOnAnyDevice))(0) Mounted(publishes=2)(35) Published(23)	Completed
V1[base]	1	4	36	3	Rollback(Ring5)	Refused(MountError::Publish(PublishError::PlacementRefused(NoFreeSlotOnAnyDevice)))(15) Refused(PublishError::PlacementRefused(NoFreeSlotOnAnyDevice))(0) Refused(PublishError::PlacementRefused(NoFreeSlotOnAnyDevice))(0) Refused(PublishError::PlacementRefused(NoFreeSlotOnAnyDevice))(0) Mounted(publishes=2)(35) Published(23)	Completed
V1[base]	1	4	36	3	Rollback(Ring6)	Refused(MountError::Publish(PublishError::PlacementRefused(NoFreeSlotOnAnyDevice)))(15) Refused(PublishError::PlacementRefused(NoFreeSlotOnAnyDevice))(0) Refused(PublishError::PlacementRefused(NoFreeSlotOnAnyDevice))(0) Refused(PublishError::PlacementRefused(NoFreeSlotOnAnyDevice))(0) Mounted(publishes=2)(35) Published(23)	Completed
V1[base]	1	4	36	3	Rollback(Ring7)	Refused(MountError::Publish(PublishError::PlacementRefused(NoFreeSlotOnAnyDevice)))(15) Refused(PublishError::PlacementRefused(NoFreeSlotOnAnyDevice))(0) Refused(PublishError::PlacementRefused(NoFreeSlotOnAnyDevice))(0) Refused(PublishError::PlacementRefused(NoFreeSlotOnAnyDevice))(0) Mounted(publishes=2)(35) Published(23)	Completed
V1[base]	2	0	20	1	MountWritable	Refused(MountError::Publish(PublishError::PlacementRefused(NoFreeSlotOnAnyDevice)))(0) Refused(PublishError::PlacementRefused(NoFreeSlotOnAnyDevice))(0) Mounted(publishes=2)(35) Published(23)	Completed
V1[base]	2	0	20	1	ColdStartRecover	Refused(MountError::Publish(PublishError::PlacementRefused(NoFreeSlotOnAnyDevice)))(0) Refused(PublishError::PlacementRefused(NoFreeSlotOnAnyDevice))(0) Recovered(0) NotApplicable(NoWritableSession)(0)	Completed
V1[base]	2	0	20	1	Rollback(NewestFloor)	Refused(MountError::Publish(PublishError::PlacementRefused(NoFreeSlotOnAnyDevice)))(0) Refused(PublishError::PlacementRefused(NoFreeSlotOnAnyDevice))(0) Mounted(publishes=2)(35) Published(23)	Completed
V1[base]	2	0	20	1	Rollback(Ring0)	Refused(MountError::Publish(PublishError::PlacementRefused(NoFreeSlotOnAnyDevice)))(0) Refused(PublishError::PlacementRefused(NoFreeSlotOnAnyDevice))(0) Mounted(publishes=2)(35) Published(23)	Completed
V1[base]	2	0	20	1	Rollback(Ring1)	Refused(MountError::Publish(PublishError::PlacementRefused(NoFreeSlotOnAnyDevice)))(0) Refused(PublishError::PlacementRefused(NoFreeSlotOnAnyDevice))(0) Mounted(publishes=2)(35) Published(23)	Completed
V1[base]	2	0	20	1	Rollback(Ring2)	Refused(MountError::Publish(PublishError::PlacementRefused(NoFreeSlotOnAnyDevice)))(0) Refused(PublishError::PlacementRefused(NoFreeSlotOnAnyDevice))(0) Mounted(publishes=2)(35) Published(23)	Completed
V1[base]	2	0	20	1	Rollback(Ring3)	Refused(MountError::Publish(PublishError::PlacementRefused(NoFreeSlotOnAnyDevice)))(0) Refused(PublishError::PlacementRefused(NoFreeSlotOnAnyDevice))(0) Mounted(publishes=2)(35) Published(23)	Completed
V1[base]	2	0	20	1	Rollback(Ring4)	Refused(MountError::Publish(PublishError::PlacementRefused(NoFreeSlotOnAnyDevice)))(0) Refused(PublishError::PlacementRefused(NoFreeSlotOnAnyDevice))(0) Mounted(publishes=2)(35) Published(23)	Completed
V1[base]	2	0	20	1	Rollback(Ring5)	Refused(MountError::Publish(PublishError::PlacementRefused(NoFreeSlotOnAnyDevice)))(0) Refused(PublishError::PlacementRefused(NoFreeSlotOnAnyDevice))(0) Mounted(publishes=2)(35) Published(23)	Completed
V1[base]	2	0	20	1	Rollback(Ring6)	Refused(MountError::Publish(PublishError::PlacementRefused(NoFreeSlotOnAnyDevice)))(0) Refused(PublishError::PlacementRefused(NoFreeSlotOnAnyDevice))(0) Mounted(publishes=2)(35) Published(23)	Completed
V1[base]	2	0	20	1	Rollback(Ring7)	Refused(MountError::Publish(PublishError::PlacementRefused(NoFreeSlotOnAnyDevice)))(0) Refused(PublishError::PlacementRefused(NoFreeSlotOnAnyDevice))(0) Mounted(publishes=2)(35) Published(23)	Completed
V1[base]	2	0	20	2	MountWritable	Refused(MountError::Publish(PublishError::PlacementRefused(NoFreeSlotOnAnyDevice)))(0) Refused(PublishError::PlacementRefused(NoFreeSlotOnAnyDevice))(0) Refused(PublishError::PlacementRefused(NoFreeSlotOnAnyDevice))(0) Mounted(publishes=2)(35) Published(23)	Completed
V1[base]	2	0	20	2	ColdStartRecover	Refused(MountError::Publish(PublishError::PlacementRefused(NoFreeSlotOnAnyDevice)))(0) Refused(PublishError::PlacementRefused(NoFreeSlotOnAnyDevice))(0) Refused(PublishError::PlacementRefused(NoFreeSlotOnAnyDevice))(0) Recovered(0) NotApplicable(NoWritableSession)(0)	Completed
V1[base]	2	0	20	2	Rollback(NewestFloor)	Refused(MountError::Publish(PublishError::PlacementRefused(NoFreeSlotOnAnyDevice)))(0) Refused(PublishError::PlacementRefused(NoFreeSlotOnAnyDevice))(0) Refused(PublishError::PlacementRefused(NoFreeSlotOnAnyDevice))(0) Mounted(publishes=2)(35) Published(23)	Completed
V1[base]	2	0	20	2	Rollback(Ring0)	Refused(MountError::Publish(PublishError::PlacementRefused(NoFreeSlotOnAnyDevice)))(0) Refused(PublishError::PlacementRefused(NoFreeSlotOnAnyDevice))(0) Refused(PublishError::PlacementRefused(NoFreeSlotOnAnyDevice))(0) Mounted(publishes=2)(35) Published(23)	Completed
V1[base]	2	0	20	2	Rollback(Ring1)	Refused(MountError::Publish(PublishError::PlacementRefused(NoFreeSlotOnAnyDevice)))(0) Refused(PublishError::PlacementRefused(NoFreeSlotOnAnyDevice))(0) Refused(PublishError::PlacementRefused(NoFreeSlotOnAnyDevice))(0) Mounted(publishes=2)(35) Published(23)	Completed
V1[base]	2	0	20	2	Rollback(Ring2)	Refused(MountError::Publish(PublishError::PlacementRefused(NoFreeSlotOnAnyDevice)))(0) Refused(PublishError::PlacementRefused(NoFreeSlotOnAnyDevice))(0) Refused(PublishError::PlacementRefused(NoFreeSlotOnAnyDevice))(0) Mounted(publishes=2)(35) Published(23)	Completed
V1[base]	2	0	20	2	Rollback(Ring3)	Refused(MountError::Publish(PublishError::PlacementRefused(NoFreeSlotOnAnyDevice)))(0) Refused(PublishError::PlacementRefused(NoFreeSlotOnAnyDevice))(0) Refused(PublishError::PlacementRefused(NoFreeSlotOnAnyDevice))(0) Mounted(publishes=2)(35) Published(23)	Completed
V1[base]	2	0	20	2	Rollback(Ring4)	Refused(MountError::Publish(PublishError::PlacementRefused(NoFreeSlotOnAnyDevice)))(0) Refused(PublishError::PlacementRefused(NoFreeSlotOnAnyDevice))(0) Refused(PublishError::PlacementRefused(NoFreeSlotOnAnyDevice))(0) Mounted(publishes=2)(35) Published(23)	Completed
V1[base]	2	0	20	2	Rollback(Ring5)	Refused(MountError::Publish(PublishError::PlacementRefused(NoFreeSlotOnAnyDevice)))(0) Refused(PublishError::PlacementRefused(NoFreeSlotOnAnyDevice))(0) Refused(PublishError::PlacementRefused(NoFreeSlotOnAnyDevice))(0) Mounted(publishes=2)(35) Published(23)	Completed
V1[base]	2	0	20	2	Rollback(Ring6)	Refused(MountError::Publish(PublishError::PlacementRefused(NoFreeSlotOnAnyDevice)))(0) Refused(PublishError::PlacementRefused(NoFreeSlotOnAnyDevice))(0) Refused(PublishError::PlacementRefused(NoFreeSlotOnAnyDevice))(0) Mounted(publishes=2)(35) Published(23)	Completed
V1[base]	2	0	20	2	Rollback(Ring7)	Refused(MountError::Publish(PublishError::PlacementRefused(NoFreeSlotOnAnyDevice)))(0) Refused(PublishError::PlacementRefused(NoFreeSlotOnAnyDevice))(0) Refused(PublishError::PlacementRefused(NoFreeSlotOnAnyDevice))(0) Mounted(publishes=2)(35) Published(23)	Completed
V1[base]	2	0	20	3	MountWritable	Refused(MountError::Publish(PublishError::PlacementRefused(NoFreeSlotOnAnyDevice)))(0) Refused(PublishError::PlacementRefused(NoFreeSlotOnAnyDevice))(0) Refused(PublishError::PlacementRefused(NoFreeSlotOnAnyDevice))(0) Refused(PublishError::PlacementRefused(NoFreeSlotOnAnyDevice))(0) Mounted(publishes=2)(35) Published(23)	Completed
V1[base]	2	0	20	3	ColdStartRecover	Refused(MountError::Publish(PublishError::PlacementRefused(NoFreeSlotOnAnyDevice)))(0) Refused(PublishError::PlacementRefused(NoFreeSlotOnAnyDevice))(0) Refused(PublishError::PlacementRefused(NoFreeSlotOnAnyDevice))(0) Refused(PublishError::PlacementRefused(NoFreeSlotOnAnyDevice))(0) Recovered(0) NotApplicable(NoWritableSession)(0)	Completed
V1[base]	2	0	20	3	Rollback(NewestFloor)	Refused(MountError::Publish(PublishError::PlacementRefused(NoFreeSlotOnAnyDevice)))(0) Refused(PublishError::PlacementRefused(NoFreeSlotOnAnyDevice))(0) Refused(PublishError::PlacementRefused(NoFreeSlotOnAnyDevice))(0) Refused(PublishError::PlacementRefused(NoFreeSlotOnAnyDevice))(0) Mounted(publishes=2)(35) Published(23)	Completed
V1[base]	2	0	20	3	Rollback(Ring0)	Refused(MountError::Publish(PublishError::PlacementRefused(NoFreeSlotOnAnyDevice)))(0) Refused(PublishError::PlacementRefused(NoFreeSlotOnAnyDevice))(0) Refused(PublishError::PlacementRefused(NoFreeSlotOnAnyDevice))(0) Refused(PublishError::PlacementRefused(NoFreeSlotOnAnyDevice))(0) Mounted(publishes=2)(35) Published(23)	Completed
V1[base]	2	0	20	3	Rollback(Ring1)	Refused(MountError::Publish(PublishError::PlacementRefused(NoFreeSlotOnAnyDevice)))(0) Refused(PublishError::PlacementRefused(NoFreeSlotOnAnyDevice))(0) Refused(PublishError::PlacementRefused(NoFreeSlotOnAnyDevice))(0) Refused(PublishError::PlacementRefused(NoFreeSlotOnAnyDevice))(0) Mounted(publishes=2)(35) Published(23)	Completed
V1[base]	2	0	20	3	Rollback(Ring2)	Refused(MountError::Publish(PublishError::PlacementRefused(NoFreeSlotOnAnyDevice)))(0) Refused(PublishError::PlacementRefused(NoFreeSlotOnAnyDevice))(0) Refused(PublishError::PlacementRefused(NoFreeSlotOnAnyDevice))(0) Refused(PublishError::PlacementRefused(NoFreeSlotOnAnyDevice))(0) Mounted(publishes=2)(35) Published(23)	Completed
V1[base]	2	0	20	3	Rollback(Ring3)	Refused(MountError::Publish(PublishError::PlacementRefused(NoFreeSlotOnAnyDevice)))(0) Refused(PublishError::PlacementRefused(NoFreeSlotOnAnyDevice))(0) Refused(PublishError::PlacementRefused(NoFreeSlotOnAnyDevice))(0) Refused(PublishError::PlacementRefused(NoFreeSlotOnAnyDevice))(0) Mounted(publishes=2)(35) Published(23)	Completed
V1[base]	2	0	20	3	Rollback(Ring4)	Refused(MountError::Publish(PublishError::PlacementRefused(NoFreeSlotOnAnyDevice)))(0) Refused(PublishError::PlacementRefused(NoFreeSlotOnAnyDevice))(0) Refused(PublishError::PlacementRefused(NoFreeSlotOnAnyDevice))(0) Refused(PublishError::PlacementRefused(NoFreeSlotOnAnyDevice))(0) Mounted(publishes=2)(35) Published(23)	Completed
V1[base]	2	0	20	3	Rollback(Ring5)	Refused(MountError::Publish(PublishError::PlacementRefused(NoFreeSlotOnAnyDevice)))(0) Refused(PublishError::PlacementRefused(NoFreeSlotOnAnyDevice))(0) Refused(PublishError::PlacementRefused(NoFreeSlotOnAnyDevice))(0) Refused(PublishError::PlacementRefused(NoFreeSlotOnAnyDevice))(0) Mounted(publishes=2)(35) Published(23)	Completed
V1[base]	2	0	20	3	Rollback(Ring6)	Refused(MountError::Publish(PublishError::PlacementRefused(NoFreeSlotOnAnyDevice)))(0) Refused(PublishError::PlacementRefused(NoFreeSlotOnAnyDevice))(0) Refused(PublishError::PlacementRefused(NoFreeSlotOnAnyDevice))(0) Refused(PublishError::PlacementRefused(NoFreeSlotOnAnyDevice))(0) Mounted(publishes=2)(35) Published(23)	Completed
V1[base]	2	0	20	3	Rollback(Ring7)	Refused(MountError::Publish(PublishError::PlacementRefused(NoFreeSlotOnAnyDevice)))(0) Refused(PublishError::PlacementRefused(NoFreeSlotOnAnyDevice))(0) Refused(PublishError::PlacementRefused(NoFreeSlotOnAnyDevice))(0) Refused(PublishError::PlacementRefused(NoFreeSlotOnAnyDevice))(0) Mounted(publishes=2)(35) Published(23)	Completed
V1[base]	2	0	36	1	MountWritable	Refused(MountError::Publish(PublishError::PlacementRefused(NoFreeSlotOnAnyDevice)))(0) Refused(PublishError::PlacementRefused(NoFreeSlotOnAnyDevice))(0) Mounted(publishes=2)(35) Published(23)	Completed
V1[base]	2	0	36	1	ColdStartRecover	Refused(MountError::Publish(PublishError::PlacementRefused(NoFreeSlotOnAnyDevice)))(0) Refused(PublishError::PlacementRefused(NoFreeSlotOnAnyDevice))(0) Recovered(0) NotApplicable(NoWritableSession)(0)	Completed
V1[base]	2	0	36	1	Rollback(NewestFloor)	Refused(MountError::Publish(PublishError::PlacementRefused(NoFreeSlotOnAnyDevice)))(0) Refused(PublishError::PlacementRefused(NoFreeSlotOnAnyDevice))(0) Mounted(publishes=2)(35) Published(23)	Completed
V1[base]	2	0	36	1	Rollback(Ring0)	Refused(MountError::Publish(PublishError::PlacementRefused(NoFreeSlotOnAnyDevice)))(0) Refused(PublishError::PlacementRefused(NoFreeSlotOnAnyDevice))(0) Mounted(publishes=2)(35) Published(23)	Completed
V1[base]	2	0	36	1	Rollback(Ring1)	Refused(MountError::Publish(PublishError::PlacementRefused(NoFreeSlotOnAnyDevice)))(0) Refused(PublishError::PlacementRefused(NoFreeSlotOnAnyDevice))(0) Mounted(publishes=2)(35) Published(23)	Completed
V1[base]	2	0	36	1	Rollback(Ring2)	Refused(MountError::Publish(PublishError::PlacementRefused(NoFreeSlotOnAnyDevice)))(0) Refused(PublishError::PlacementRefused(NoFreeSlotOnAnyDevice))(0) Mounted(publishes=2)(35) Published(23)	Completed
V1[base]	2	0	36	1	Rollback(Ring3)	Refused(MountError::Publish(PublishError::PlacementRefused(NoFreeSlotOnAnyDevice)))(0) Refused(PublishError::PlacementRefused(NoFreeSlotOnAnyDevice))(0) Mounted(publishes=2)(35) Published(23)	Completed
V1[base]	2	0	36	1	Rollback(Ring4)	Refused(MountError::Publish(PublishError::PlacementRefused(NoFreeSlotOnAnyDevice)))(0) Refused(PublishError::PlacementRefused(NoFreeSlotOnAnyDevice))(0) Mounted(publishes=2)(35) Published(23)	Completed
V1[base]	2	0	36	1	Rollback(Ring5)	Refused(MountError::Publish(PublishError::PlacementRefused(NoFreeSlotOnAnyDevice)))(0) Refused(PublishError::PlacementRefused(NoFreeSlotOnAnyDevice))(0) Mounted(publishes=2)(35) Published(23)	Completed
V1[base]	2	0	36	1	Rollback(Ring6)	Refused(MountError::Publish(PublishError::PlacementRefused(NoFreeSlotOnAnyDevice)))(0) Refused(PublishError::PlacementRefused(NoFreeSlotOnAnyDevice))(0) Mounted(publishes=2)(35) Published(23)	Completed
V1[base]	2	0	36	1	Rollback(Ring7)	Refused(MountError::Publish(PublishError::PlacementRefused(NoFreeSlotOnAnyDevice)))(0) Refused(PublishError::PlacementRefused(NoFreeSlotOnAnyDevice))(0) Mounted(publishes=2)(35) Published(23)	Completed
V1[base]	2	0	36	2	MountWritable	Refused(MountError::Publish(PublishError::PlacementRefused(NoFreeSlotOnAnyDevice)))(0) Refused(PublishError::PlacementRefused(NoFreeSlotOnAnyDevice))(0) Refused(PublishError::PlacementRefused(NoFreeSlotOnAnyDevice))(0) Mounted(publishes=2)(35) Published(23)	Completed
V1[base]	2	0	36	2	ColdStartRecover	Refused(MountError::Publish(PublishError::PlacementRefused(NoFreeSlotOnAnyDevice)))(0) Refused(PublishError::PlacementRefused(NoFreeSlotOnAnyDevice))(0) Refused(PublishError::PlacementRefused(NoFreeSlotOnAnyDevice))(0) Recovered(0) NotApplicable(NoWritableSession)(0)	Completed
V1[base]	2	0	36	2	Rollback(NewestFloor)	Refused(MountError::Publish(PublishError::PlacementRefused(NoFreeSlotOnAnyDevice)))(0) Refused(PublishError::PlacementRefused(NoFreeSlotOnAnyDevice))(0) Refused(PublishError::PlacementRefused(NoFreeSlotOnAnyDevice))(0) Mounted(publishes=2)(35) Published(23)	Completed
V1[base]	2	0	36	2	Rollback(Ring0)	Refused(MountError::Publish(PublishError::PlacementRefused(NoFreeSlotOnAnyDevice)))(0) Refused(PublishError::PlacementRefused(NoFreeSlotOnAnyDevice))(0) Refused(PublishError::PlacementRefused(NoFreeSlotOnAnyDevice))(0) Mounted(publishes=2)(35) Published(23)	Completed
V1[base]	2	0	36	2	Rollback(Ring1)	Refused(MountError::Publish(PublishError::PlacementRefused(NoFreeSlotOnAnyDevice)))(0) Refused(PublishError::PlacementRefused(NoFreeSlotOnAnyDevice))(0) Refused(PublishError::PlacementRefused(NoFreeSlotOnAnyDevice))(0) Mounted(publishes=2)(35) Published(23)	Completed
V1[base]	2	0	36	2	Rollback(Ring2)	Refused(MountError::Publish(PublishError::PlacementRefused(NoFreeSlotOnAnyDevice)))(0) Refused(PublishError::PlacementRefused(NoFreeSlotOnAnyDevice))(0) Refused(PublishError::PlacementRefused(NoFreeSlotOnAnyDevice))(0) Mounted(publishes=2)(35) Published(23)	Completed
V1[base]	2	0	36	2	Rollback(Ring3)	Refused(MountError::Publish(PublishError::PlacementRefused(NoFreeSlotOnAnyDevice)))(0) Refused(PublishError::PlacementRefused(NoFreeSlotOnAnyDevice))(0) Refused(PublishError::PlacementRefused(NoFreeSlotOnAnyDevice))(0) Mounted(publishes=2)(35) Published(23)	Completed
V1[base]	2	0	36	2	Rollback(Ring4)	Refused(MountError::Publish(PublishError::PlacementRefused(NoFreeSlotOnAnyDevice)))(0) Refused(PublishError::PlacementRefused(NoFreeSlotOnAnyDevice))(0) Refused(PublishError::PlacementRefused(NoFreeSlotOnAnyDevice))(0) Mounted(publishes=2)(35) Published(23)	Completed
V1[base]	2	0	36	2	Rollback(Ring5)	Refused(MountError::Publish(PublishError::PlacementRefused(NoFreeSlotOnAnyDevice)))(0) Refused(PublishError::PlacementRefused(NoFreeSlotOnAnyDevice))(0) Refused(PublishError::PlacementRefused(NoFreeSlotOnAnyDevice))(0) Mounted(publishes=2)(35) Published(23)	Completed
V1[base]	2	0	36	2	Rollback(Ring6)	Refused(MountError::Publish(PublishError::PlacementRefused(NoFreeSlotOnAnyDevice)))(0) Refused(PublishError::PlacementRefused(NoFreeSlotOnAnyDevice))(0) Refused(PublishError::PlacementRefused(NoFreeSlotOnAnyDevice))(0) Mounted(publishes=2)(35) Published(23)	Completed
V1[base]	2	0	36	2	Rollback(Ring7)	Refused(MountError::Publish(PublishError::PlacementRefused(NoFreeSlotOnAnyDevice)))(0) Refused(PublishError::PlacementRefused(NoFreeSlotOnAnyDevice))(0) Refused(PublishError::PlacementRefused(NoFreeSlotOnAnyDevice))(0) Mounted(publishes=2)(35) Published(23)	Completed
V1[base]	2	0	36	3	MountWritable	Refused(MountError::Publish(PublishError::PlacementRefused(NoFreeSlotOnAnyDevice)))(0) Refused(PublishError::PlacementRefused(NoFreeSlotOnAnyDevice))(0) Refused(PublishError::PlacementRefused(NoFreeSlotOnAnyDevice))(0) Refused(PublishError::PlacementRefused(NoFreeSlotOnAnyDevice))(0) Mounted(publishes=2)(35) Published(23)	Completed
V1[base]	2	0	36	3	ColdStartRecover	Refused(MountError::Publish(PublishError::PlacementRefused(NoFreeSlotOnAnyDevice)))(0) Refused(PublishError::PlacementRefused(NoFreeSlotOnAnyDevice))(0) Refused(PublishError::PlacementRefused(NoFreeSlotOnAnyDevice))(0) Refused(PublishError::PlacementRefused(NoFreeSlotOnAnyDevice))(0) Recovered(0) NotApplicable(NoWritableSession)(0)	Completed
V1[base]	2	0	36	3	Rollback(NewestFloor)	Refused(MountError::Publish(PublishError::PlacementRefused(NoFreeSlotOnAnyDevice)))(0) Refused(PublishError::PlacementRefused(NoFreeSlotOnAnyDevice))(0) Refused(PublishError::PlacementRefused(NoFreeSlotOnAnyDevice))(0) Refused(PublishError::PlacementRefused(NoFreeSlotOnAnyDevice))(0) Mounted(publishes=2)(35) Published(23)	Completed
V1[base]	2	0	36	3	Rollback(Ring0)	Refused(MountError::Publish(PublishError::PlacementRefused(NoFreeSlotOnAnyDevice)))(0) Refused(PublishError::PlacementRefused(NoFreeSlotOnAnyDevice))(0) Refused(PublishError::PlacementRefused(NoFreeSlotOnAnyDevice))(0) Refused(PublishError::PlacementRefused(NoFreeSlotOnAnyDevice))(0) Mounted(publishes=2)(35) Published(23)	Completed
V1[base]	2	0	36	3	Rollback(Ring1)	Refused(MountError::Publish(PublishError::PlacementRefused(NoFreeSlotOnAnyDevice)))(0) Refused(PublishError::PlacementRefused(NoFreeSlotOnAnyDevice))(0) Refused(PublishError::PlacementRefused(NoFreeSlotOnAnyDevice))(0) Refused(PublishError::PlacementRefused(NoFreeSlotOnAnyDevice))(0) Mounted(publishes=2)(35) Published(23)	Completed
V1[base]	2	0	36	3	Rollback(Ring2)	Refused(MountError::Publish(PublishError::PlacementRefused(NoFreeSlotOnAnyDevice)))(0) Refused(PublishError::PlacementRefused(NoFreeSlotOnAnyDevice))(0) Refused(PublishError::PlacementRefused(NoFreeSlotOnAnyDevice))(0) Refused(PublishError::PlacementRefused(NoFreeSlotOnAnyDevice))(0) Mounted(publishes=2)(35) Published(23)	Completed
V1[base]	2	0	36	3	Rollback(Ring3)	Refused(MountError::Publish(PublishError::PlacementRefused(NoFreeSlotOnAnyDevice)))(0) Refused(PublishError::PlacementRefused(NoFreeSlotOnAnyDevice))(0) Refused(PublishError::PlacementRefused(NoFreeSlotOnAnyDevice))(0) Refused(PublishError::PlacementRefused(NoFreeSlotOnAnyDevice))(0) Mounted(publishes=2)(35) Published(23)	Completed
V1[base]	2	0	36	3	Rollback(Ring4)	Refused(MountError::Publish(PublishError::PlacementRefused(NoFreeSlotOnAnyDevice)))(0) Refused(PublishError::PlacementRefused(NoFreeSlotOnAnyDevice))(0) Refused(PublishError::PlacementRefused(NoFreeSlotOnAnyDevice))(0) Refused(PublishError::PlacementRefused(NoFreeSlotOnAnyDevice))(0) Mounted(publishes=2)(35) Published(23)	Completed
V1[base]	2	0	36	3	Rollback(Ring5)	Refused(MountError::Publish(PublishError::PlacementRefused(NoFreeSlotOnAnyDevice)))(0) Refused(PublishError::PlacementRefused(NoFreeSlotOnAnyDevice))(0) Refused(PublishError::PlacementRefused(NoFreeSlotOnAnyDevice))(0) Refused(PublishError::PlacementRefused(NoFreeSlotOnAnyDevice))(0) Mounted(publishes=2)(35) Published(23)	Completed
V1[base]	2	0	36	3	Rollback(Ring6)	Refused(MountError::Publish(PublishError::PlacementRefused(NoFreeSlotOnAnyDevice)))(0) Refused(PublishError::PlacementRefused(NoFreeSlotOnAnyDevice))(0) Refused(PublishError::PlacementRefused(NoFreeSlotOnAnyDevice))(0) Refused(PublishError::PlacementRefused(NoFreeSlotOnAnyDevice))(0) Mounted(publishes=2)(35) Published(23)	Completed
V1[base]	2	0	36	3	Rollback(Ring7)	Refused(MountError::Publish(PublishError::PlacementRefused(NoFreeSlotOnAnyDevice)))(0) Refused(PublishError::PlacementRefused(NoFreeSlotOnAnyDevice))(0) Refused(PublishError::PlacementRefused(NoFreeSlotOnAnyDevice))(0) Refused(PublishError::PlacementRefused(NoFreeSlotOnAnyDevice))(0) Mounted(publishes=2)(35) Published(23)	Completed
V1[base]	2	1	20	1	MountWritable	Refused(MountError::Publish(PublishError::PlacementRefused(NoFreeSlotOnAnyDevice)))(30) Refused(PublishError::PlacementRefused(NoFreeSlotOnAnyDevice))(0) Mounted(publishes=2)(35) Published(23)	Completed
V1[base]	2	1	20	1	ColdStartRecover	Refused(MountError::Publish(PublishError::PlacementRefused(NoFreeSlotOnAnyDevice)))(30) Refused(PublishError::PlacementRefused(NoFreeSlotOnAnyDevice))(0) Recovered(0) NotApplicable(NoWritableSession)(0)	Completed
V1[base]	2	1	20	1	Rollback(NewestFloor)	Refused(MountError::Publish(PublishError::PlacementRefused(NoFreeSlotOnAnyDevice)))(30) Refused(PublishError::PlacementRefused(NoFreeSlotOnAnyDevice))(0) Mounted(publishes=2)(35) Published(23)	Completed
V1[base]	2	1	20	1	Rollback(Ring0)	Refused(MountError::Publish(PublishError::PlacementRefused(NoFreeSlotOnAnyDevice)))(30) Refused(PublishError::PlacementRefused(NoFreeSlotOnAnyDevice))(0) Mounted(publishes=2)(35) Published(23)	Completed
V1[base]	2	1	20	1	Rollback(Ring1)	Refused(MountError::Publish(PublishError::PlacementRefused(NoFreeSlotOnAnyDevice)))(30) Refused(PublishError::PlacementRefused(NoFreeSlotOnAnyDevice))(0) Mounted(publishes=2)(35) Published(23)	Completed
V1[base]	2	1	20	1	Rollback(Ring2)	Refused(MountError::Publish(PublishError::PlacementRefused(NoFreeSlotOnAnyDevice)))(30) Refused(PublishError::PlacementRefused(NoFreeSlotOnAnyDevice))(0) Mounted(publishes=2)(35) Published(23)	Completed
V1[base]	2	1	20	1	Rollback(Ring3)	Refused(MountError::Publish(PublishError::PlacementRefused(NoFreeSlotOnAnyDevice)))(30) Refused(PublishError::PlacementRefused(NoFreeSlotOnAnyDevice))(0) Mounted(publishes=2)(35) Published(23)	Completed
V1[base]	2	1	20	1	Rollback(Ring4)	Refused(MountError::Publish(PublishError::PlacementRefused(NoFreeSlotOnAnyDevice)))(30) Refused(PublishError::PlacementRefused(NoFreeSlotOnAnyDevice))(0) Mounted(publishes=2)(35) Published(23)	Completed
V1[base]	2	1	20	1	Rollback(Ring5)	Refused(MountError::Publish(PublishError::PlacementRefused(NoFreeSlotOnAnyDevice)))(30) Refused(PublishError::PlacementRefused(NoFreeSlotOnAnyDevice))(0) Mounted(publishes=2)(35) Published(23)	Completed
V1[base]	2	1	20	1	Rollback(Ring6)	Refused(MountError::Publish(PublishError::PlacementRefused(NoFreeSlotOnAnyDevice)))(30) Refused(PublishError::PlacementRefused(NoFreeSlotOnAnyDevice))(0) Mounted(publishes=2)(35) Published(23)	Completed
V1[base]	2	1	20	1	Rollback(Ring7)	Refused(MountError::Publish(PublishError::PlacementRefused(NoFreeSlotOnAnyDevice)))(30) Refused(PublishError::PlacementRefused(NoFreeSlotOnAnyDevice))(0) Mounted(publishes=2)(35) Published(23)	Completed
V1[base]	2	1	20	2	MountWritable	Refused(MountError::Publish(PublishError::PlacementRefused(NoFreeSlotOnAnyDevice)))(30) Refused(PublishError::PlacementRefused(NoFreeSlotOnAnyDevice))(0) Refused(PublishError::PlacementRefused(NoFreeSlotOnAnyDevice))(0) Mounted(publishes=2)(35) Published(23)	Completed
V1[base]	2	1	20	2	ColdStartRecover	Refused(MountError::Publish(PublishError::PlacementRefused(NoFreeSlotOnAnyDevice)))(30) Refused(PublishError::PlacementRefused(NoFreeSlotOnAnyDevice))(0) Refused(PublishError::PlacementRefused(NoFreeSlotOnAnyDevice))(0) Recovered(0) NotApplicable(NoWritableSession)(0)	Completed
V1[base]	2	1	20	2	Rollback(NewestFloor)	Refused(MountError::Publish(PublishError::PlacementRefused(NoFreeSlotOnAnyDevice)))(30) Refused(PublishError::PlacementRefused(NoFreeSlotOnAnyDevice))(0) Refused(PublishError::PlacementRefused(NoFreeSlotOnAnyDevice))(0) Mounted(publishes=2)(35) Published(23)	Completed
V1[base]	2	1	20	2	Rollback(Ring0)	Refused(MountError::Publish(PublishError::PlacementRefused(NoFreeSlotOnAnyDevice)))(30) Refused(PublishError::PlacementRefused(NoFreeSlotOnAnyDevice))(0) Refused(PublishError::PlacementRefused(NoFreeSlotOnAnyDevice))(0) Mounted(publishes=2)(35) Published(23)	Completed
V1[base]	2	1	20	2	Rollback(Ring1)	Refused(MountError::Publish(PublishError::PlacementRefused(NoFreeSlotOnAnyDevice)))(30) Refused(PublishError::PlacementRefused(NoFreeSlotOnAnyDevice))(0) Refused(PublishError::PlacementRefused(NoFreeSlotOnAnyDevice))(0) Mounted(publishes=2)(35) Published(23)	Completed
V1[base]	2	1	20	2	Rollback(Ring2)	Refused(MountError::Publish(PublishError::PlacementRefused(NoFreeSlotOnAnyDevice)))(30) Refused(PublishError::PlacementRefused(NoFreeSlotOnAnyDevice))(0) Refused(PublishError::PlacementRefused(NoFreeSlotOnAnyDevice))(0) Mounted(publishes=2)(35) Published(23)	Completed
V1[base]	2	1	20	2	Rollback(Ring3)	Refused(MountError::Publish(PublishError::PlacementRefused(NoFreeSlotOnAnyDevice)))(30) Refused(PublishError::PlacementRefused(NoFreeSlotOnAnyDevice))(0) Refused(PublishError::PlacementRefused(NoFreeSlotOnAnyDevice))(0) Mounted(publishes=2)(35) Published(23)	Completed
V1[base]	2	1	20	2	Rollback(Ring4)	Refused(MountError::Publish(PublishError::PlacementRefused(NoFreeSlotOnAnyDevice)))(30) Refused(PublishError::PlacementRefused(NoFreeSlotOnAnyDevice))(0) Refused(PublishError::PlacementRefused(NoFreeSlotOnAnyDevice))(0) Mounted(publishes=2)(35) Published(23)	Completed
V1[base]	2	1	20	2	Rollback(Ring5)	Refused(MountError::Publish(PublishError::PlacementRefused(NoFreeSlotOnAnyDevice)))(30) Refused(PublishError::PlacementRefused(NoFreeSlotOnAnyDevice))(0) Refused(PublishError::PlacementRefused(NoFreeSlotOnAnyDevice))(0) Mounted(publishes=2)(35) Published(23)	Completed
V1[base]	2	1	20	2	Rollback(Ring6)	Refused(MountError::Publish(PublishError::PlacementRefused(NoFreeSlotOnAnyDevice)))(30) Refused(PublishError::PlacementRefused(NoFreeSlotOnAnyDevice))(0) Refused(PublishError::PlacementRefused(NoFreeSlotOnAnyDevice))(0) Mounted(publishes=2)(35) Published(23)	Completed
V1[base]	2	1	20	2	Rollback(Ring7)	Refused(MountError::Publish(PublishError::PlacementRefused(NoFreeSlotOnAnyDevice)))(30) Refused(PublishError::PlacementRefused(NoFreeSlotOnAnyDevice))(0) Refused(PublishError::PlacementRefused(NoFreeSlotOnAnyDevice))(0) Mounted(publishes=2)(35) Published(23)	Completed
V1[base]	2	1	20	3	MountWritable	Refused(MountError::Publish(PublishError::PlacementRefused(NoFreeSlotOnAnyDevice)))(30) Refused(PublishError::PlacementRefused(NoFreeSlotOnAnyDevice))(0) Refused(PublishError::PlacementRefused(NoFreeSlotOnAnyDevice))(0) Refused(PublishError::PlacementRefused(NoFreeSlotOnAnyDevice))(0) Mounted(publishes=2)(35) Published(23)	Completed
V1[base]	2	1	20	3	ColdStartRecover	Refused(MountError::Publish(PublishError::PlacementRefused(NoFreeSlotOnAnyDevice)))(30) Refused(PublishError::PlacementRefused(NoFreeSlotOnAnyDevice))(0) Refused(PublishError::PlacementRefused(NoFreeSlotOnAnyDevice))(0) Refused(PublishError::PlacementRefused(NoFreeSlotOnAnyDevice))(0) Recovered(0) NotApplicable(NoWritableSession)(0)	Completed
V1[base]	2	1	20	3	Rollback(NewestFloor)	Refused(MountError::Publish(PublishError::PlacementRefused(NoFreeSlotOnAnyDevice)))(30) Refused(PublishError::PlacementRefused(NoFreeSlotOnAnyDevice))(0) Refused(PublishError::PlacementRefused(NoFreeSlotOnAnyDevice))(0) Refused(PublishError::PlacementRefused(NoFreeSlotOnAnyDevice))(0) Mounted(publishes=2)(35) Published(23)	Completed
V1[base]	2	1	20	3	Rollback(Ring0)	Refused(MountError::Publish(PublishError::PlacementRefused(NoFreeSlotOnAnyDevice)))(30) Refused(PublishError::PlacementRefused(NoFreeSlotOnAnyDevice))(0) Refused(PublishError::PlacementRefused(NoFreeSlotOnAnyDevice))(0) Refused(PublishError::PlacementRefused(NoFreeSlotOnAnyDevice))(0) Mounted(publishes=2)(35) Published(23)	Completed
V1[base]	2	1	20	3	Rollback(Ring1)	Refused(MountError::Publish(PublishError::PlacementRefused(NoFreeSlotOnAnyDevice)))(30) Refused(PublishError::PlacementRefused(NoFreeSlotOnAnyDevice))(0) Refused(PublishError::PlacementRefused(NoFreeSlotOnAnyDevice))(0) Refused(PublishError::PlacementRefused(NoFreeSlotOnAnyDevice))(0) Mounted(publishes=2)(35) Published(23)	Completed
V1[base]	2	1	20	3	Rollback(Ring2)	Refused(MountError::Publish(PublishError::PlacementRefused(NoFreeSlotOnAnyDevice)))(30) Refused(PublishError::PlacementRefused(NoFreeSlotOnAnyDevice))(0) Refused(PublishError::PlacementRefused(NoFreeSlotOnAnyDevice))(0) Refused(PublishError::PlacementRefused(NoFreeSlotOnAnyDevice))(0) Mounted(publishes=2)(35) Published(23)	Completed
V1[base]	2	1	20	3	Rollback(Ring3)	Refused(MountError::Publish(PublishError::PlacementRefused(NoFreeSlotOnAnyDevice)))(30) Refused(PublishError::PlacementRefused(NoFreeSlotOnAnyDevice))(0) Refused(PublishError::PlacementRefused(NoFreeSlotOnAnyDevice))(0) Refused(PublishError::PlacementRefused(NoFreeSlotOnAnyDevice))(0) Mounted(publishes=2)(35) Published(23)	Completed
V1[base]	2	1	20	3	Rollback(Ring4)	Refused(MountError::Publish(PublishError::PlacementRefused(NoFreeSlotOnAnyDevice)))(30) Refused(PublishError::PlacementRefused(NoFreeSlotOnAnyDevice))(0) Refused(PublishError::PlacementRefused(NoFreeSlotOnAnyDevice))(0) Refused(PublishError::PlacementRefused(NoFreeSlotOnAnyDevice))(0) Mounted(publishes=2)(35) Published(23)	Completed
V1[base]	2	1	20	3	Rollback(Ring5)	Refused(MountError::Publish(PublishError::PlacementRefused(NoFreeSlotOnAnyDevice)))(30) Refused(PublishError::PlacementRefused(NoFreeSlotOnAnyDevice))(0) Refused(PublishError::PlacementRefused(NoFreeSlotOnAnyDevice))(0) Refused(PublishError::PlacementRefused(NoFreeSlotOnAnyDevice))(0) Mounted(publishes=2)(35) Published(23)	Completed
V1[base]	2	1	20	3	Rollback(Ring6)	Refused(MountError::Publish(PublishError::PlacementRefused(NoFreeSlotOnAnyDevice)))(30) Refused(PublishError::PlacementRefused(NoFreeSlotOnAnyDevice))(0) Refused(PublishError::PlacementRefused(NoFreeSlotOnAnyDevice))(0) Refused(PublishError::PlacementRefused(NoFreeSlotOnAnyDevice))(0) Mounted(publishes=2)(35) Published(23)	Completed
V1[base]	2	1	20	3	Rollback(Ring7)	Refused(MountError::Publish(PublishError::PlacementRefused(NoFreeSlotOnAnyDevice)))(30) Refused(PublishError::PlacementRefused(NoFreeSlotOnAnyDevice))(0) Refused(PublishError::PlacementRefused(NoFreeSlotOnAnyDevice))(0) Refused(PublishError::PlacementRefused(NoFreeSlotOnAnyDevice))(0) Mounted(publishes=2)(35) Published(23)	Completed
V1[base]	2	1	36	1	MountWritable	Refused(MountError::Publish(PublishError::PlacementRefused(NoFreeSlotOnAnyDevice)))(30) Refused(PublishError::PlacementRefused(NoFreeSlotOnAnyDevice))(0) Mounted(publishes=2)(35) Published(23)	Completed
V1[base]	2	1	36	1	ColdStartRecover	Refused(MountError::Publish(PublishError::PlacementRefused(NoFreeSlotOnAnyDevice)))(30) Refused(PublishError::PlacementRefused(NoFreeSlotOnAnyDevice))(0) Recovered(0) NotApplicable(NoWritableSession)(0)	Completed
V1[base]	2	1	36	1	Rollback(NewestFloor)	Refused(MountError::Publish(PublishError::PlacementRefused(NoFreeSlotOnAnyDevice)))(30) Refused(PublishError::PlacementRefused(NoFreeSlotOnAnyDevice))(0) Mounted(publishes=2)(35) Published(23)	Completed
V1[base]	2	1	36	1	Rollback(Ring0)	Refused(MountError::Publish(PublishError::PlacementRefused(NoFreeSlotOnAnyDevice)))(30) Refused(PublishError::PlacementRefused(NoFreeSlotOnAnyDevice))(0) Mounted(publishes=2)(35) Published(23)	Completed
V1[base]	2	1	36	1	Rollback(Ring1)	Refused(MountError::Publish(PublishError::PlacementRefused(NoFreeSlotOnAnyDevice)))(30) Refused(PublishError::PlacementRefused(NoFreeSlotOnAnyDevice))(0) Mounted(publishes=2)(35) Published(23)	Completed
V1[base]	2	1	36	1	Rollback(Ring2)	Refused(MountError::Publish(PublishError::PlacementRefused(NoFreeSlotOnAnyDevice)))(30) Refused(PublishError::PlacementRefused(NoFreeSlotOnAnyDevice))(0) Mounted(publishes=2)(35) Published(23)	Completed
V1[base]	2	1	36	1	Rollback(Ring3)	Refused(MountError::Publish(PublishError::PlacementRefused(NoFreeSlotOnAnyDevice)))(30) Refused(PublishError::PlacementRefused(NoFreeSlotOnAnyDevice))(0) Mounted(publishes=2)(35) Published(23)	Completed
V1[base]	2	1	36	1	Rollback(Ring4)	Refused(MountError::Publish(PublishError::PlacementRefused(NoFreeSlotOnAnyDevice)))(30) Refused(PublishError::PlacementRefused(NoFreeSlotOnAnyDevice))(0) Mounted(publishes=2)(35) Published(23)	Completed
V1[base]	2	1	36	1	Rollback(Ring5)	Refused(MountError::Publish(PublishError::PlacementRefused(NoFreeSlotOnAnyDevice)))(30) Refused(PublishError::PlacementRefused(NoFreeSlotOnAnyDevice))(0) Mounted(publishes=2)(35) Published(23)	Completed
V1[base]	2	1	36	1	Rollback(Ring6)	Refused(MountError::Publish(PublishError::PlacementRefused(NoFreeSlotOnAnyDevice)))(30) Refused(PublishError::PlacementRefused(NoFreeSlotOnAnyDevice))(0) Mounted(publishes=2)(35) Published(23)	Completed
V1[base]	2	1	36	1	Rollback(Ring7)	Refused(MountError::Publish(PublishError::PlacementRefused(NoFreeSlotOnAnyDevice)))(30) Refused(PublishError::PlacementRefused(NoFreeSlotOnAnyDevice))(0) Mounted(publishes=2)(35) Published(23)	Completed
V1[base]	2	1	36	2	MountWritable	Refused(MountError::Publish(PublishError::PlacementRefused(NoFreeSlotOnAnyDevice)))(30) Refused(PublishError::PlacementRefused(NoFreeSlotOnAnyDevice))(0) Refused(PublishError::PlacementRefused(NoFreeSlotOnAnyDevice))(0) Mounted(publishes=2)(35) Published(23)	Completed
V1[base]	2	1	36	2	ColdStartRecover	Refused(MountError::Publish(PublishError::PlacementRefused(NoFreeSlotOnAnyDevice)))(30) Refused(PublishError::PlacementRefused(NoFreeSlotOnAnyDevice))(0) Refused(PublishError::PlacementRefused(NoFreeSlotOnAnyDevice))(0) Recovered(0) NotApplicable(NoWritableSession)(0)	Completed
V1[base]	2	1	36	2	Rollback(NewestFloor)	Refused(MountError::Publish(PublishError::PlacementRefused(NoFreeSlotOnAnyDevice)))(30) Refused(PublishError::PlacementRefused(NoFreeSlotOnAnyDevice))(0) Refused(PublishError::PlacementRefused(NoFreeSlotOnAnyDevice))(0) Mounted(publishes=2)(35) Published(23)	Completed
V1[base]	2	1	36	2	Rollback(Ring0)	Refused(MountError::Publish(PublishError::PlacementRefused(NoFreeSlotOnAnyDevice)))(30) Refused(PublishError::PlacementRefused(NoFreeSlotOnAnyDevice))(0) Refused(PublishError::PlacementRefused(NoFreeSlotOnAnyDevice))(0) Mounted(publishes=2)(35) Published(23)	Completed
V1[base]	2	1	36	2	Rollback(Ring1)	Refused(MountError::Publish(PublishError::PlacementRefused(NoFreeSlotOnAnyDevice)))(30) Refused(PublishError::PlacementRefused(NoFreeSlotOnAnyDevice))(0) Refused(PublishError::PlacementRefused(NoFreeSlotOnAnyDevice))(0) Mounted(publishes=2)(35) Published(23)	Completed
V1[base]	2	1	36	2	Rollback(Ring2)	Refused(MountError::Publish(PublishError::PlacementRefused(NoFreeSlotOnAnyDevice)))(30) Refused(PublishError::PlacementRefused(NoFreeSlotOnAnyDevice))(0) Refused(PublishError::PlacementRefused(NoFreeSlotOnAnyDevice))(0) Mounted(publishes=2)(35) Published(23)	Completed
V1[base]	2	1	36	2	Rollback(Ring3)	Refused(MountError::Publish(PublishError::PlacementRefused(NoFreeSlotOnAnyDevice)))(30) Refused(PublishError::PlacementRefused(NoFreeSlotOnAnyDevice))(0) Refused(PublishError::PlacementRefused(NoFreeSlotOnAnyDevice))(0) Mounted(publishes=2)(35) Published(23)	Completed
V1[base]	2	1	36	2	Rollback(Ring4)	Refused(MountError::Publish(PublishError::PlacementRefused(NoFreeSlotOnAnyDevice)))(30) Refused(PublishError::PlacementRefused(NoFreeSlotOnAnyDevice))(0) Refused(PublishError::PlacementRefused(NoFreeSlotOnAnyDevice))(0) Mounted(publishes=2)(35) Published(23)	Completed
V1[base]	2	1	36	2	Rollback(Ring5)	Refused(MountError::Publish(PublishError::PlacementRefused(NoFreeSlotOnAnyDevice)))(30) Refused(PublishError::PlacementRefused(NoFreeSlotOnAnyDevice))(0) Refused(PublishError::PlacementRefused(NoFreeSlotOnAnyDevice))(0) Mounted(publishes=2)(35) Published(23)	Completed
V1[base]	2	1	36	2	Rollback(Ring6)	Refused(MountError::Publish(PublishError::PlacementRefused(NoFreeSlotOnAnyDevice)))(30) Refused(PublishError::PlacementRefused(NoFreeSlotOnAnyDevice))(0) Refused(PublishError::PlacementRefused(NoFreeSlotOnAnyDevice))(0) Mounted(publishes=2)(35) Published(23)	Completed
V1[base]	2	1	36	2	Rollback(Ring7)	Refused(MountError::Publish(PublishError::PlacementRefused(NoFreeSlotOnAnyDevice)))(30) Refused(PublishError::PlacementRefused(NoFreeSlotOnAnyDevice))(0) Refused(PublishError::PlacementRefused(NoFreeSlotOnAnyDevice))(0) Mounted(publishes=2)(35) Published(23)	Completed
V1[base]	2	1	36	3	MountWritable	Refused(MountError::Publish(PublishError::PlacementRefused(NoFreeSlotOnAnyDevice)))(30) Refused(PublishError::PlacementRefused(NoFreeSlotOnAnyDevice))(0) Refused(PublishError::PlacementRefused(NoFreeSlotOnAnyDevice))(0) Refused(PublishError::PlacementRefused(NoFreeSlotOnAnyDevice))(0) Mounted(publishes=2)(35) Published(23)	Completed
V1[base]	2	1	36	3	ColdStartRecover	Refused(MountError::Publish(PublishError::PlacementRefused(NoFreeSlotOnAnyDevice)))(30) Refused(PublishError::PlacementRefused(NoFreeSlotOnAnyDevice))(0) Refused(PublishError::PlacementRefused(NoFreeSlotOnAnyDevice))(0) Refused(PublishError::PlacementRefused(NoFreeSlotOnAnyDevice))(0) Recovered(0) NotApplicable(NoWritableSession)(0)	Completed
V1[base]	2	1	36	3	Rollback(NewestFloor)	Refused(MountError::Publish(PublishError::PlacementRefused(NoFreeSlotOnAnyDevice)))(30) Refused(PublishError::PlacementRefused(NoFreeSlotOnAnyDevice))(0) Refused(PublishError::PlacementRefused(NoFreeSlotOnAnyDevice))(0) Refused(PublishError::PlacementRefused(NoFreeSlotOnAnyDevice))(0) Mounted(publishes=2)(35) Published(23)	Completed
V1[base]	2	1	36	3	Rollback(Ring0)	Refused(MountError::Publish(PublishError::PlacementRefused(NoFreeSlotOnAnyDevice)))(30) Refused(PublishError::PlacementRefused(NoFreeSlotOnAnyDevice))(0) Refused(PublishError::PlacementRefused(NoFreeSlotOnAnyDevice))(0) Refused(PublishError::PlacementRefused(NoFreeSlotOnAnyDevice))(0) Mounted(publishes=2)(35) Published(23)	Completed
V1[base]	2	1	36	3	Rollback(Ring1)	Refused(MountError::Publish(PublishError::PlacementRefused(NoFreeSlotOnAnyDevice)))(30) Refused(PublishError::PlacementRefused(NoFreeSlotOnAnyDevice))(0) Refused(PublishError::PlacementRefused(NoFreeSlotOnAnyDevice))(0) Refused(PublishError::PlacementRefused(NoFreeSlotOnAnyDevice))(0) Mounted(publishes=2)(35) Published(23)	Completed
V1[base]	2	1	36	3	Rollback(Ring2)	Refused(MountError::Publish(PublishError::PlacementRefused(NoFreeSlotOnAnyDevice)))(30) Refused(PublishError::PlacementRefused(NoFreeSlotOnAnyDevice))(0) Refused(PublishError::PlacementRefused(NoFreeSlotOnAnyDevice))(0) Refused(PublishError::PlacementRefused(NoFreeSlotOnAnyDevice))(0) Mounted(publishes=2)(35) Published(23)	Completed
V1[base]	2	1	36	3	Rollback(Ring3)	Refused(MountError::Publish(PublishError::PlacementRefused(NoFreeSlotOnAnyDevice)))(30) Refused(PublishError::PlacementRefused(NoFreeSlotOnAnyDevice))(0) Refused(PublishError::PlacementRefused(NoFreeSlotOnAnyDevice))(0) Refused(PublishError::PlacementRefused(NoFreeSlotOnAnyDevice))(0) Mounted(publishes=2)(35) Published(23)	Completed
V1[base]	2	1	36	3	Rollback(Ring4)	Refused(MountError::Publish(PublishError::PlacementRefused(NoFreeSlotOnAnyDevice)))(30) Refused(PublishError::PlacementRefused(NoFreeSlotOnAnyDevice))(0) Refused(PublishError::PlacementRefused(NoFreeSlotOnAnyDevice))(0) Refused(PublishError::PlacementRefused(NoFreeSlotOnAnyDevice))(0) Mounted(publishes=2)(35) Published(23)	Completed
V1[base]	2	1	36	3	Rollback(Ring5)	Refused(MountError::Publish(PublishError::PlacementRefused(NoFreeSlotOnAnyDevice)))(30) Refused(PublishError::PlacementRefused(NoFreeSlotOnAnyDevice))(0) Refused(PublishError::PlacementRefused(NoFreeSlotOnAnyDevice))(0) Refused(PublishError::PlacementRefused(NoFreeSlotOnAnyDevice))(0) Mounted(publishes=2)(35) Published(23)	Completed
V1[base]	2	1	36	3	Rollback(Ring6)	Refused(MountError::Publish(PublishError::PlacementRefused(NoFreeSlotOnAnyDevice)))(30) Refused(PublishError::PlacementRefused(NoFreeSlotOnAnyDevice))(0) Refused(PublishError::PlacementRefused(NoFreeSlotOnAnyDevice))(0) Refused(PublishError::PlacementRefused(NoFreeSlotOnAnyDevice))(0) Mounted(publishes=2)(35) Published(23)	Completed
V1[base]	2	1	36	3	Rollback(Ring7)	Refused(MountError::Publish(PublishError::PlacementRefused(NoFreeSlotOnAnyDevice)))(30) Refused(PublishError::PlacementRefused(NoFreeSlotOnAnyDevice))(0) Refused(PublishError::PlacementRefused(NoFreeSlotOnAnyDevice))(0) Refused(PublishError::PlacementRefused(NoFreeSlotOnAnyDevice))(0) Mounted(publishes=2)(35) Published(23)	Completed
V1[base]	2	2	20	1	MountWritable	Refused(MountError::Publish(PublishError::PlacementRefused(NoFreeSlotOnAnyDevice)))(15) Refused(PublishError::PlacementRefused(NoFreeSlotOnAnyDevice))(0) Mounted(publishes=3)(50) Published(23)	Completed
V1[base]	2	2	20	1	ColdStartRecover	Refused(MountError::Publish(PublishError::PlacementRefused(NoFreeSlotOnAnyDevice)))(15) Refused(PublishError::PlacementRefused(NoFreeSlotOnAnyDevice))(0) Recovered(0) NotApplicable(NoWritableSession)(0)	Completed
V1[base]	2	2	20	1	Rollback(NewestFloor)	Refused(MountError::Publish(PublishError::PlacementRefused(NoFreeSlotOnAnyDevice)))(15) Refused(PublishError::PlacementRefused(NoFreeSlotOnAnyDevice))(0) Mounted(publishes=3)(50) Published(23)	Completed
V1[base]	2	2	20	1	Rollback(Ring0)	Refused(MountError::Publish(PublishError::PlacementRefused(NoFreeSlotOnAnyDevice)))(15) Refused(PublishError::PlacementRefused(NoFreeSlotOnAnyDevice))(0) Mounted(publishes=3)(50) Published(23)	Completed
V1[base]	2	2	20	1	Rollback(Ring1)	Refused(MountError::Publish(PublishError::PlacementRefused(NoFreeSlotOnAnyDevice)))(15) Refused(PublishError::PlacementRefused(NoFreeSlotOnAnyDevice))(0) Mounted(publishes=3)(50) Published(23)	Completed
V1[base]	2	2	20	1	Rollback(Ring2)	Refused(MountError::Publish(PublishError::PlacementRefused(NoFreeSlotOnAnyDevice)))(15) Refused(PublishError::PlacementRefused(NoFreeSlotOnAnyDevice))(0) Mounted(publishes=3)(50) Published(23)	Completed
V1[base]	2	2	20	1	Rollback(Ring3)	Refused(MountError::Publish(PublishError::PlacementRefused(NoFreeSlotOnAnyDevice)))(15) Refused(PublishError::PlacementRefused(NoFreeSlotOnAnyDevice))(0) Mounted(publishes=3)(50) Published(23)	Completed
V1[base]	2	2	20	1	Rollback(Ring4)	Refused(MountError::Publish(PublishError::PlacementRefused(NoFreeSlotOnAnyDevice)))(15) Refused(PublishError::PlacementRefused(NoFreeSlotOnAnyDevice))(0) Mounted(publishes=3)(50) Published(23)	Completed
V1[base]	2	2	20	1	Rollback(Ring5)	Refused(MountError::Publish(PublishError::PlacementRefused(NoFreeSlotOnAnyDevice)))(15) Refused(PublishError::PlacementRefused(NoFreeSlotOnAnyDevice))(0) Mounted(publishes=3)(50) Published(23)	Completed
V1[base]	2	2	20	1	Rollback(Ring6)	Refused(MountError::Publish(PublishError::PlacementRefused(NoFreeSlotOnAnyDevice)))(15) Refused(PublishError::PlacementRefused(NoFreeSlotOnAnyDevice))(0) Mounted(publishes=3)(50) Published(23)	Completed
V1[base]	2	2	20	1	Rollback(Ring7)	Refused(MountError::Publish(PublishError::PlacementRefused(NoFreeSlotOnAnyDevice)))(15) Refused(PublishError::PlacementRefused(NoFreeSlotOnAnyDevice))(0) Mounted(publishes=3)(50) Published(23)	Completed
V1[base]	2	2	20	2	MountWritable	Refused(MountError::Publish(PublishError::PlacementRefused(NoFreeSlotOnAnyDevice)))(15) Refused(PublishError::PlacementRefused(NoFreeSlotOnAnyDevice))(0) Refused(PublishError::PlacementRefused(NoFreeSlotOnAnyDevice))(0) Mounted(publishes=3)(50) Published(23)	Completed
V1[base]	2	2	20	2	ColdStartRecover	Refused(MountError::Publish(PublishError::PlacementRefused(NoFreeSlotOnAnyDevice)))(15) Refused(PublishError::PlacementRefused(NoFreeSlotOnAnyDevice))(0) Refused(PublishError::PlacementRefused(NoFreeSlotOnAnyDevice))(0) Recovered(0) NotApplicable(NoWritableSession)(0)	Completed
V1[base]	2	2	20	2	Rollback(NewestFloor)	Refused(MountError::Publish(PublishError::PlacementRefused(NoFreeSlotOnAnyDevice)))(15) Refused(PublishError::PlacementRefused(NoFreeSlotOnAnyDevice))(0) Refused(PublishError::PlacementRefused(NoFreeSlotOnAnyDevice))(0) Mounted(publishes=3)(50) Published(23)	Completed
V1[base]	2	2	20	2	Rollback(Ring0)	Refused(MountError::Publish(PublishError::PlacementRefused(NoFreeSlotOnAnyDevice)))(15) Refused(PublishError::PlacementRefused(NoFreeSlotOnAnyDevice))(0) Refused(PublishError::PlacementRefused(NoFreeSlotOnAnyDevice))(0) Mounted(publishes=3)(50) Published(23)	Completed
V1[base]	2	2	20	2	Rollback(Ring1)	Refused(MountError::Publish(PublishError::PlacementRefused(NoFreeSlotOnAnyDevice)))(15) Refused(PublishError::PlacementRefused(NoFreeSlotOnAnyDevice))(0) Refused(PublishError::PlacementRefused(NoFreeSlotOnAnyDevice))(0) Mounted(publishes=3)(50) Published(23)	Completed
V1[base]	2	2	20	2	Rollback(Ring2)	Refused(MountError::Publish(PublishError::PlacementRefused(NoFreeSlotOnAnyDevice)))(15) Refused(PublishError::PlacementRefused(NoFreeSlotOnAnyDevice))(0) Refused(PublishError::PlacementRefused(NoFreeSlotOnAnyDevice))(0) Mounted(publishes=3)(50) Published(23)	Completed
V1[base]	2	2	20	2	Rollback(Ring3)	Refused(MountError::Publish(PublishError::PlacementRefused(NoFreeSlotOnAnyDevice)))(15) Refused(PublishError::PlacementRefused(NoFreeSlotOnAnyDevice))(0) Refused(PublishError::PlacementRefused(NoFreeSlotOnAnyDevice))(0) Mounted(publishes=3)(50) Published(23)	Completed
V1[base]	2	2	20	2	Rollback(Ring4)	Refused(MountError::Publish(PublishError::PlacementRefused(NoFreeSlotOnAnyDevice)))(15) Refused(PublishError::PlacementRefused(NoFreeSlotOnAnyDevice))(0) Refused(PublishError::PlacementRefused(NoFreeSlotOnAnyDevice))(0) Mounted(publishes=3)(50) Published(23)	Completed
V1[base]	2	2	20	2	Rollback(Ring5)	Refused(MountError::Publish(PublishError::PlacementRefused(NoFreeSlotOnAnyDevice)))(15) Refused(PublishError::PlacementRefused(NoFreeSlotOnAnyDevice))(0) Refused(PublishError::PlacementRefused(NoFreeSlotOnAnyDevice))(0) Mounted(publishes=3)(50) Published(23)	Completed
V1[base]	2	2	20	2	Rollback(Ring6)	Refused(MountError::Publish(PublishError::PlacementRefused(NoFreeSlotOnAnyDevice)))(15) Refused(PublishError::PlacementRefused(NoFreeSlotOnAnyDevice))(0) Refused(PublishError::PlacementRefused(NoFreeSlotOnAnyDevice))(0) Mounted(publishes=3)(50) Published(23)	Completed
V1[base]	2	2	20	2	Rollback(Ring7)	Refused(MountError::Publish(PublishError::PlacementRefused(NoFreeSlotOnAnyDevice)))(15) Refused(PublishError::PlacementRefused(NoFreeSlotOnAnyDevice))(0) Refused(PublishError::PlacementRefused(NoFreeSlotOnAnyDevice))(0) Mounted(publishes=3)(50) Published(23)	Completed
V1[base]	2	2	20	3	MountWritable	Refused(MountError::Publish(PublishError::PlacementRefused(NoFreeSlotOnAnyDevice)))(15) Refused(PublishError::PlacementRefused(NoFreeSlotOnAnyDevice))(0) Refused(PublishError::PlacementRefused(NoFreeSlotOnAnyDevice))(0) Refused(PublishError::PlacementRefused(NoFreeSlotOnAnyDevice))(0) Mounted(publishes=3)(50) Published(23)	Completed
V1[base]	2	2	20	3	ColdStartRecover	Refused(MountError::Publish(PublishError::PlacementRefused(NoFreeSlotOnAnyDevice)))(15) Refused(PublishError::PlacementRefused(NoFreeSlotOnAnyDevice))(0) Refused(PublishError::PlacementRefused(NoFreeSlotOnAnyDevice))(0) Refused(PublishError::PlacementRefused(NoFreeSlotOnAnyDevice))(0) Recovered(0) NotApplicable(NoWritableSession)(0)	Completed
V1[base]	2	2	20	3	Rollback(NewestFloor)	Refused(MountError::Publish(PublishError::PlacementRefused(NoFreeSlotOnAnyDevice)))(15) Refused(PublishError::PlacementRefused(NoFreeSlotOnAnyDevice))(0) Refused(PublishError::PlacementRefused(NoFreeSlotOnAnyDevice))(0) Refused(PublishError::PlacementRefused(NoFreeSlotOnAnyDevice))(0) Mounted(publishes=3)(50) Published(23)	Completed
V1[base]	2	2	20	3	Rollback(Ring0)	Refused(MountError::Publish(PublishError::PlacementRefused(NoFreeSlotOnAnyDevice)))(15) Refused(PublishError::PlacementRefused(NoFreeSlotOnAnyDevice))(0) Refused(PublishError::PlacementRefused(NoFreeSlotOnAnyDevice))(0) Refused(PublishError::PlacementRefused(NoFreeSlotOnAnyDevice))(0) Mounted(publishes=3)(50) Published(23)	Completed
V1[base]	2	2	20	3	Rollback(Ring1)	Refused(MountError::Publish(PublishError::PlacementRefused(NoFreeSlotOnAnyDevice)))(15) Refused(PublishError::PlacementRefused(NoFreeSlotOnAnyDevice))(0) Refused(PublishError::PlacementRefused(NoFreeSlotOnAnyDevice))(0) Refused(PublishError::PlacementRefused(NoFreeSlotOnAnyDevice))(0) Mounted(publishes=3)(50) Published(23)	Completed
V1[base]	2	2	20	3	Rollback(Ring2)	Refused(MountError::Publish(PublishError::PlacementRefused(NoFreeSlotOnAnyDevice)))(15) Refused(PublishError::PlacementRefused(NoFreeSlotOnAnyDevice))(0) Refused(PublishError::PlacementRefused(NoFreeSlotOnAnyDevice))(0) Refused(PublishError::PlacementRefused(NoFreeSlotOnAnyDevice))(0) Mounted(publishes=3)(50) Published(23)	Completed
V1[base]	2	2	20	3	Rollback(Ring3)	Refused(MountError::Publish(PublishError::PlacementRefused(NoFreeSlotOnAnyDevice)))(15) Refused(PublishError::PlacementRefused(NoFreeSlotOnAnyDevice))(0) Refused(PublishError::PlacementRefused(NoFreeSlotOnAnyDevice))(0) Refused(PublishError::PlacementRefused(NoFreeSlotOnAnyDevice))(0) Mounted(publishes=3)(50) Published(23)	Completed
V1[base]	2	2	20	3	Rollback(Ring4)	Refused(MountError::Publish(PublishError::PlacementRefused(NoFreeSlotOnAnyDevice)))(15) Refused(PublishError::PlacementRefused(NoFreeSlotOnAnyDevice))(0) Refused(PublishError::PlacementRefused(NoFreeSlotOnAnyDevice))(0) Refused(PublishError::PlacementRefused(NoFreeSlotOnAnyDevice))(0) Mounted(publishes=3)(50) Published(23)	Completed
V1[base]	2	2	20	3	Rollback(Ring5)	Refused(MountError::Publish(PublishError::PlacementRefused(NoFreeSlotOnAnyDevice)))(15) Refused(PublishError::PlacementRefused(NoFreeSlotOnAnyDevice))(0) Refused(PublishError::PlacementRefused(NoFreeSlotOnAnyDevice))(0) Refused(PublishError::PlacementRefused(NoFreeSlotOnAnyDevice))(0) Mounted(publishes=3)(50) Published(23)	Completed
V1[base]	2	2	20	3	Rollback(Ring6)	Refused(MountError::Publish(PublishError::PlacementRefused(NoFreeSlotOnAnyDevice)))(15) Refused(PublishError::PlacementRefused(NoFreeSlotOnAnyDevice))(0) Refused(PublishError::PlacementRefused(NoFreeSlotOnAnyDevice))(0) Refused(PublishError::PlacementRefused(NoFreeSlotOnAnyDevice))(0) Mounted(publishes=3)(50) Published(23)	Completed
V1[base]	2	2	20	3	Rollback(Ring7)	Refused(MountError::Publish(PublishError::PlacementRefused(NoFreeSlotOnAnyDevice)))(15) Refused(PublishError::PlacementRefused(NoFreeSlotOnAnyDevice))(0) Refused(PublishError::PlacementRefused(NoFreeSlotOnAnyDevice))(0) Refused(PublishError::PlacementRefused(NoFreeSlotOnAnyDevice))(0) Mounted(publishes=3)(50) Published(23)	Completed
V1[base]	2	2	36	1	MountWritable	Refused(MountError::Publish(PublishError::PlacementRefused(NoFreeSlotOnAnyDevice)))(15) Refused(PublishError::PlacementRefused(NoFreeSlotOnAnyDevice))(0) Mounted(publishes=3)(50) Published(23)	Completed
V1[base]	2	2	36	1	ColdStartRecover	Refused(MountError::Publish(PublishError::PlacementRefused(NoFreeSlotOnAnyDevice)))(15) Refused(PublishError::PlacementRefused(NoFreeSlotOnAnyDevice))(0) Recovered(0) NotApplicable(NoWritableSession)(0)	Completed
V1[base]	2	2	36	1	Rollback(NewestFloor)	Refused(MountError::Publish(PublishError::PlacementRefused(NoFreeSlotOnAnyDevice)))(15) Refused(PublishError::PlacementRefused(NoFreeSlotOnAnyDevice))(0) Mounted(publishes=3)(50) Published(23)	Completed
V1[base]	2	2	36	1	Rollback(Ring0)	Refused(MountError::Publish(PublishError::PlacementRefused(NoFreeSlotOnAnyDevice)))(15) Refused(PublishError::PlacementRefused(NoFreeSlotOnAnyDevice))(0) Mounted(publishes=3)(50) Published(23)	Completed
V1[base]	2	2	36	1	Rollback(Ring1)	Refused(MountError::Publish(PublishError::PlacementRefused(NoFreeSlotOnAnyDevice)))(15) Refused(PublishError::PlacementRefused(NoFreeSlotOnAnyDevice))(0) Mounted(publishes=3)(50) Published(23)	Completed
V1[base]	2	2	36	1	Rollback(Ring2)	Refused(MountError::Publish(PublishError::PlacementRefused(NoFreeSlotOnAnyDevice)))(15) Refused(PublishError::PlacementRefused(NoFreeSlotOnAnyDevice))(0) Mounted(publishes=3)(50) Published(23)	Completed
V1[base]	2	2	36	1	Rollback(Ring3)	Refused(MountError::Publish(PublishError::PlacementRefused(NoFreeSlotOnAnyDevice)))(15) Refused(PublishError::PlacementRefused(NoFreeSlotOnAnyDevice))(0) Mounted(publishes=3)(50) Published(23)	Completed
V1[base]	2	2	36	1	Rollback(Ring4)	Refused(MountError::Publish(PublishError::PlacementRefused(NoFreeSlotOnAnyDevice)))(15) Refused(PublishError::PlacementRefused(NoFreeSlotOnAnyDevice))(0) Mounted(publishes=3)(50) Published(23)	Completed
V1[base]	2	2	36	1	Rollback(Ring5)	Refused(MountError::Publish(PublishError::PlacementRefused(NoFreeSlotOnAnyDevice)))(15) Refused(PublishError::PlacementRefused(NoFreeSlotOnAnyDevice))(0) Mounted(publishes=3)(50) Published(23)	Completed
V1[base]	2	2	36	1	Rollback(Ring6)	Refused(MountError::Publish(PublishError::PlacementRefused(NoFreeSlotOnAnyDevice)))(15) Refused(PublishError::PlacementRefused(NoFreeSlotOnAnyDevice))(0) Mounted(publishes=3)(50) Published(23)	Completed
V1[base]	2	2	36	1	Rollback(Ring7)	Refused(MountError::Publish(PublishError::PlacementRefused(NoFreeSlotOnAnyDevice)))(15) Refused(PublishError::PlacementRefused(NoFreeSlotOnAnyDevice))(0) Mounted(publishes=3)(50) Published(23)	Completed
V1[base]	2	2	36	2	MountWritable	Refused(MountError::Publish(PublishError::PlacementRefused(NoFreeSlotOnAnyDevice)))(15) Refused(PublishError::PlacementRefused(NoFreeSlotOnAnyDevice))(0) Refused(PublishError::PlacementRefused(NoFreeSlotOnAnyDevice))(0) Mounted(publishes=3)(50) Published(23)	Completed
V1[base]	2	2	36	2	ColdStartRecover	Refused(MountError::Publish(PublishError::PlacementRefused(NoFreeSlotOnAnyDevice)))(15) Refused(PublishError::PlacementRefused(NoFreeSlotOnAnyDevice))(0) Refused(PublishError::PlacementRefused(NoFreeSlotOnAnyDevice))(0) Recovered(0) NotApplicable(NoWritableSession)(0)	Completed
V1[base]	2	2	36	2	Rollback(NewestFloor)	Refused(MountError::Publish(PublishError::PlacementRefused(NoFreeSlotOnAnyDevice)))(15) Refused(PublishError::PlacementRefused(NoFreeSlotOnAnyDevice))(0) Refused(PublishError::PlacementRefused(NoFreeSlotOnAnyDevice))(0) Mounted(publishes=3)(50) Published(23)	Completed
V1[base]	2	2	36	2	Rollback(Ring0)	Refused(MountError::Publish(PublishError::PlacementRefused(NoFreeSlotOnAnyDevice)))(15) Refused(PublishError::PlacementRefused(NoFreeSlotOnAnyDevice))(0) Refused(PublishError::PlacementRefused(NoFreeSlotOnAnyDevice))(0) Mounted(publishes=3)(50) Published(23)	Completed
V1[base]	2	2	36	2	Rollback(Ring1)	Refused(MountError::Publish(PublishError::PlacementRefused(NoFreeSlotOnAnyDevice)))(15) Refused(PublishError::PlacementRefused(NoFreeSlotOnAnyDevice))(0) Refused(PublishError::PlacementRefused(NoFreeSlotOnAnyDevice))(0) Mounted(publishes=3)(50) Published(23)	Completed
V1[base]	2	2	36	2	Rollback(Ring2)	Refused(MountError::Publish(PublishError::PlacementRefused(NoFreeSlotOnAnyDevice)))(15) Refused(PublishError::PlacementRefused(NoFreeSlotOnAnyDevice))(0) Refused(PublishError::PlacementRefused(NoFreeSlotOnAnyDevice))(0) Mounted(publishes=3)(50) Published(23)	Completed
V1[base]	2	2	36	2	Rollback(Ring3)	Refused(MountError::Publish(PublishError::PlacementRefused(NoFreeSlotOnAnyDevice)))(15) Refused(PublishError::PlacementRefused(NoFreeSlotOnAnyDevice))(0) Refused(PublishError::PlacementRefused(NoFreeSlotOnAnyDevice))(0) Mounted(publishes=3)(50) Published(23)	Completed
V1[base]	2	2	36	2	Rollback(Ring4)	Refused(MountError::Publish(PublishError::PlacementRefused(NoFreeSlotOnAnyDevice)))(15) Refused(PublishError::PlacementRefused(NoFreeSlotOnAnyDevice))(0) Refused(PublishError::PlacementRefused(NoFreeSlotOnAnyDevice))(0) Mounted(publishes=3)(50) Published(23)	Completed
V1[base]	2	2	36	2	Rollback(Ring5)	Refused(MountError::Publish(PublishError::PlacementRefused(NoFreeSlotOnAnyDevice)))(15) Refused(PublishError::PlacementRefused(NoFreeSlotOnAnyDevice))(0) Refused(PublishError::PlacementRefused(NoFreeSlotOnAnyDevice))(0) Mounted(publishes=3)(50) Published(23)	Completed
V1[base]	2	2	36	2	Rollback(Ring6)	Refused(MountError::Publish(PublishError::PlacementRefused(NoFreeSlotOnAnyDevice)))(15) Refused(PublishError::PlacementRefused(NoFreeSlotOnAnyDevice))(0) Refused(PublishError::PlacementRefused(NoFreeSlotOnAnyDevice))(0) Mounted(publishes=3)(50) Published(23)	Completed
V1[base]	2	2	36	2	Rollback(Ring7)	Refused(MountError::Publish(PublishError::PlacementRefused(NoFreeSlotOnAnyDevice)))(15) Refused(PublishError::PlacementRefused(NoFreeSlotOnAnyDevice))(0) Refused(PublishError::PlacementRefused(NoFreeSlotOnAnyDevice))(0) Mounted(publishes=3)(50) Published(23)	Completed
V1[base]	2	2	36	3	MountWritable	Refused(MountError::Publish(PublishError::PlacementRefused(NoFreeSlotOnAnyDevice)))(15) Refused(PublishError::PlacementRefused(NoFreeSlotOnAnyDevice))(0) Refused(PublishError::PlacementRefused(NoFreeSlotOnAnyDevice))(0) Refused(PublishError::PlacementRefused(NoFreeSlotOnAnyDevice))(0) Mounted(publishes=3)(50) Published(23)	Completed
V1[base]	2	2	36	3	ColdStartRecover	Refused(MountError::Publish(PublishError::PlacementRefused(NoFreeSlotOnAnyDevice)))(15) Refused(PublishError::PlacementRefused(NoFreeSlotOnAnyDevice))(0) Refused(PublishError::PlacementRefused(NoFreeSlotOnAnyDevice))(0) Refused(PublishError::PlacementRefused(NoFreeSlotOnAnyDevice))(0) Recovered(0) NotApplicable(NoWritableSession)(0)	Completed
V1[base]	2	2	36	3	Rollback(NewestFloor)	Refused(MountError::Publish(PublishError::PlacementRefused(NoFreeSlotOnAnyDevice)))(15) Refused(PublishError::PlacementRefused(NoFreeSlotOnAnyDevice))(0) Refused(PublishError::PlacementRefused(NoFreeSlotOnAnyDevice))(0) Refused(PublishError::PlacementRefused(NoFreeSlotOnAnyDevice))(0) Mounted(publishes=3)(50) Published(23)	Completed
V1[base]	2	2	36	3	Rollback(Ring0)	Refused(MountError::Publish(PublishError::PlacementRefused(NoFreeSlotOnAnyDevice)))(15) Refused(PublishError::PlacementRefused(NoFreeSlotOnAnyDevice))(0) Refused(PublishError::PlacementRefused(NoFreeSlotOnAnyDevice))(0) Refused(PublishError::PlacementRefused(NoFreeSlotOnAnyDevice))(0) Mounted(publishes=3)(50) Published(23)	Completed
V1[base]	2	2	36	3	Rollback(Ring1)	Refused(MountError::Publish(PublishError::PlacementRefused(NoFreeSlotOnAnyDevice)))(15) Refused(PublishError::PlacementRefused(NoFreeSlotOnAnyDevice))(0) Refused(PublishError::PlacementRefused(NoFreeSlotOnAnyDevice))(0) Refused(PublishError::PlacementRefused(NoFreeSlotOnAnyDevice))(0) Mounted(publishes=3)(50) Published(23)	Completed
V1[base]	2	2	36	3	Rollback(Ring2)	Refused(MountError::Publish(PublishError::PlacementRefused(NoFreeSlotOnAnyDevice)))(15) Refused(PublishError::PlacementRefused(NoFreeSlotOnAnyDevice))(0) Refused(PublishError::PlacementRefused(NoFreeSlotOnAnyDevice))(0) Refused(PublishError::PlacementRefused(NoFreeSlotOnAnyDevice))(0) Mounted(publishes=3)(50) Published(23)	Completed
V1[base]	2	2	36	3	Rollback(Ring3)	Refused(MountError::Publish(PublishError::PlacementRefused(NoFreeSlotOnAnyDevice)))(15) Refused(PublishError::PlacementRefused(NoFreeSlotOnAnyDevice))(0) Refused(PublishError::PlacementRefused(NoFreeSlotOnAnyDevice))(0) Refused(PublishError::PlacementRefused(NoFreeSlotOnAnyDevice))(0) Mounted(publishes=3)(50) Published(23)	Completed
V1[base]	2	2	36	3	Rollback(Ring4)	Refused(MountError::Publish(PublishError::PlacementRefused(NoFreeSlotOnAnyDevice)))(15) Refused(PublishError::PlacementRefused(NoFreeSlotOnAnyDevice))(0) Refused(PublishError::PlacementRefused(NoFreeSlotOnAnyDevice))(0) Refused(PublishError::PlacementRefused(NoFreeSlotOnAnyDevice))(0) Mounted(publishes=3)(50) Published(23)	Completed
V1[base]	2	2	36	3	Rollback(Ring5)	Refused(MountError::Publish(PublishError::PlacementRefused(NoFreeSlotOnAnyDevice)))(15) Refused(PublishError::PlacementRefused(NoFreeSlotOnAnyDevice))(0) Refused(PublishError::PlacementRefused(NoFreeSlotOnAnyDevice))(0) Refused(PublishError::PlacementRefused(NoFreeSlotOnAnyDevice))(0) Mounted(publishes=3)(50) Published(23)	Completed
V1[base]	2	2	36	3	Rollback(Ring6)	Refused(MountError::Publish(PublishError::PlacementRefused(NoFreeSlotOnAnyDevice)))(15) Refused(PublishError::PlacementRefused(NoFreeSlotOnAnyDevice))(0) Refused(PublishError::PlacementRefused(NoFreeSlotOnAnyDevice))(0) Refused(PublishError::PlacementRefused(NoFreeSlotOnAnyDevice))(0) Mounted(publishes=3)(50) Published(23)	Completed
V1[base]	2	2	36	3	Rollback(Ring7)	Refused(MountError::Publish(PublishError::PlacementRefused(NoFreeSlotOnAnyDevice)))(15) Refused(PublishError::PlacementRefused(NoFreeSlotOnAnyDevice))(0) Refused(PublishError::PlacementRefused(NoFreeSlotOnAnyDevice))(0) Refused(PublishError::PlacementRefused(NoFreeSlotOnAnyDevice))(0) Mounted(publishes=3)(50) Published(23)	Completed
V1[base]	2	3	20	1	MountWritable	Refused(MountError::Publish(PublishError::PlacementRefused(NoFreeSlotOnAnyDevice)))(15) Refused(PublishError::PlacementRefused(NoFreeSlotOnAnyDevice))(0) Mounted(publishes=2)(35) Published(23)	Completed
V1[base]	2	3	20	1	ColdStartRecover	Refused(MountError::Publish(PublishError::PlacementRefused(NoFreeSlotOnAnyDevice)))(15) Refused(PublishError::PlacementRefused(NoFreeSlotOnAnyDevice))(0) Recovered(0) NotApplicable(NoWritableSession)(0)	Completed
V1[base]	2	3	20	1	Rollback(NewestFloor)	Refused(MountError::Publish(PublishError::PlacementRefused(NoFreeSlotOnAnyDevice)))(15) Refused(PublishError::PlacementRefused(NoFreeSlotOnAnyDevice))(0) Mounted(publishes=2)(35) Published(23)	Completed
V1[base]	2	3	20	1	Rollback(Ring0)	Refused(MountError::Publish(PublishError::PlacementRefused(NoFreeSlotOnAnyDevice)))(15) Refused(PublishError::PlacementRefused(NoFreeSlotOnAnyDevice))(0) Mounted(publishes=2)(35) Published(23)	Completed
V1[base]	2	3	20	1	Rollback(Ring1)	Refused(MountError::Publish(PublishError::PlacementRefused(NoFreeSlotOnAnyDevice)))(15) Refused(PublishError::PlacementRefused(NoFreeSlotOnAnyDevice))(0) Mounted(publishes=2)(35) Published(23)	Completed
V1[base]	2	3	20	1	Rollback(Ring2)	Refused(MountError::Publish(PublishError::PlacementRefused(NoFreeSlotOnAnyDevice)))(15) Refused(PublishError::PlacementRefused(NoFreeSlotOnAnyDevice))(0) Mounted(publishes=2)(35) Published(23)	Completed
V1[base]	2	3	20	1	Rollback(Ring3)	Refused(MountError::Publish(PublishError::PlacementRefused(NoFreeSlotOnAnyDevice)))(15) Refused(PublishError::PlacementRefused(NoFreeSlotOnAnyDevice))(0) Mounted(publishes=2)(35) Published(23)	Completed
V1[base]	2	3	20	1	Rollback(Ring4)	Refused(MountError::Publish(PublishError::PlacementRefused(NoFreeSlotOnAnyDevice)))(15) Refused(PublishError::PlacementRefused(NoFreeSlotOnAnyDevice))(0) Mounted(publishes=2)(35) Published(23)	Completed
V1[base]	2	3	20	1	Rollback(Ring5)	Refused(MountError::Publish(PublishError::PlacementRefused(NoFreeSlotOnAnyDevice)))(15) Refused(PublishError::PlacementRefused(NoFreeSlotOnAnyDevice))(0) Mounted(publishes=2)(35) Published(23)	Completed
V1[base]	2	3	20	1	Rollback(Ring6)	Refused(MountError::Publish(PublishError::PlacementRefused(NoFreeSlotOnAnyDevice)))(15) Refused(PublishError::PlacementRefused(NoFreeSlotOnAnyDevice))(0) Mounted(publishes=2)(35) Published(23)	Completed
V1[base]	2	3	20	1	Rollback(Ring7)	Refused(MountError::Publish(PublishError::PlacementRefused(NoFreeSlotOnAnyDevice)))(15) Refused(PublishError::PlacementRefused(NoFreeSlotOnAnyDevice))(0) Mounted(publishes=2)(35) Published(23)	Completed
V1[base]	2	3	20	2	MountWritable	Refused(MountError::Publish(PublishError::PlacementRefused(NoFreeSlotOnAnyDevice)))(15) Refused(PublishError::PlacementRefused(NoFreeSlotOnAnyDevice))(0) Refused(PublishError::PlacementRefused(NoFreeSlotOnAnyDevice))(0) Mounted(publishes=2)(35) Published(23)	Completed
V1[base]	2	3	20	2	ColdStartRecover	Refused(MountError::Publish(PublishError::PlacementRefused(NoFreeSlotOnAnyDevice)))(15) Refused(PublishError::PlacementRefused(NoFreeSlotOnAnyDevice))(0) Refused(PublishError::PlacementRefused(NoFreeSlotOnAnyDevice))(0) Recovered(0) NotApplicable(NoWritableSession)(0)	Completed
V1[base]	2	3	20	2	Rollback(NewestFloor)	Refused(MountError::Publish(PublishError::PlacementRefused(NoFreeSlotOnAnyDevice)))(15) Refused(PublishError::PlacementRefused(NoFreeSlotOnAnyDevice))(0) Refused(PublishError::PlacementRefused(NoFreeSlotOnAnyDevice))(0) Mounted(publishes=2)(35) Published(23)	Completed
V1[base]	2	3	20	2	Rollback(Ring0)	Refused(MountError::Publish(PublishError::PlacementRefused(NoFreeSlotOnAnyDevice)))(15) Refused(PublishError::PlacementRefused(NoFreeSlotOnAnyDevice))(0) Refused(PublishError::PlacementRefused(NoFreeSlotOnAnyDevice))(0) Mounted(publishes=2)(35) Published(23)	Completed
V1[base]	2	3	20	2	Rollback(Ring1)	Refused(MountError::Publish(PublishError::PlacementRefused(NoFreeSlotOnAnyDevice)))(15) Refused(PublishError::PlacementRefused(NoFreeSlotOnAnyDevice))(0) Refused(PublishError::PlacementRefused(NoFreeSlotOnAnyDevice))(0) Mounted(publishes=2)(35) Published(23)	Completed
V1[base]	2	3	20	2	Rollback(Ring2)	Refused(MountError::Publish(PublishError::PlacementRefused(NoFreeSlotOnAnyDevice)))(15) Refused(PublishError::PlacementRefused(NoFreeSlotOnAnyDevice))(0) Refused(PublishError::PlacementRefused(NoFreeSlotOnAnyDevice))(0) Mounted(publishes=2)(35) Published(23)	Completed
V1[base]	2	3	20	2	Rollback(Ring3)	Refused(MountError::Publish(PublishError::PlacementRefused(NoFreeSlotOnAnyDevice)))(15) Refused(PublishError::PlacementRefused(NoFreeSlotOnAnyDevice))(0) Refused(PublishError::PlacementRefused(NoFreeSlotOnAnyDevice))(0) Mounted(publishes=2)(35) Published(23)	Completed
V1[base]	2	3	20	2	Rollback(Ring4)	Refused(MountError::Publish(PublishError::PlacementRefused(NoFreeSlotOnAnyDevice)))(15) Refused(PublishError::PlacementRefused(NoFreeSlotOnAnyDevice))(0) Refused(PublishError::PlacementRefused(NoFreeSlotOnAnyDevice))(0) Mounted(publishes=2)(35) Published(23)	Completed
V1[base]	2	3	20	2	Rollback(Ring5)	Refused(MountError::Publish(PublishError::PlacementRefused(NoFreeSlotOnAnyDevice)))(15) Refused(PublishError::PlacementRefused(NoFreeSlotOnAnyDevice))(0) Refused(PublishError::PlacementRefused(NoFreeSlotOnAnyDevice))(0) Mounted(publishes=2)(35) Published(23)	Completed
V1[base]	2	3	20	2	Rollback(Ring6)	Refused(MountError::Publish(PublishError::PlacementRefused(NoFreeSlotOnAnyDevice)))(15) Refused(PublishError::PlacementRefused(NoFreeSlotOnAnyDevice))(0) Refused(PublishError::PlacementRefused(NoFreeSlotOnAnyDevice))(0) Mounted(publishes=2)(35) Published(23)	Completed
V1[base]	2	3	20	2	Rollback(Ring7)	Refused(MountError::Publish(PublishError::PlacementRefused(NoFreeSlotOnAnyDevice)))(15) Refused(PublishError::PlacementRefused(NoFreeSlotOnAnyDevice))(0) Refused(PublishError::PlacementRefused(NoFreeSlotOnAnyDevice))(0) Mounted(publishes=2)(35) Published(23)	Completed
V1[base]	2	3	20	3	MountWritable	Refused(MountError::Publish(PublishError::PlacementRefused(NoFreeSlotOnAnyDevice)))(15) Refused(PublishError::PlacementRefused(NoFreeSlotOnAnyDevice))(0) Refused(PublishError::PlacementRefused(NoFreeSlotOnAnyDevice))(0) Refused(PublishError::PlacementRefused(NoFreeSlotOnAnyDevice))(0) Mounted(publishes=2)(35) Published(23)	Completed
V1[base]	2	3	20	3	ColdStartRecover	Refused(MountError::Publish(PublishError::PlacementRefused(NoFreeSlotOnAnyDevice)))(15) Refused(PublishError::PlacementRefused(NoFreeSlotOnAnyDevice))(0) Refused(PublishError::PlacementRefused(NoFreeSlotOnAnyDevice))(0) Refused(PublishError::PlacementRefused(NoFreeSlotOnAnyDevice))(0) Recovered(0) NotApplicable(NoWritableSession)(0)	Completed
V1[base]	2	3	20	3	Rollback(NewestFloor)	Refused(MountError::Publish(PublishError::PlacementRefused(NoFreeSlotOnAnyDevice)))(15) Refused(PublishError::PlacementRefused(NoFreeSlotOnAnyDevice))(0) Refused(PublishError::PlacementRefused(NoFreeSlotOnAnyDevice))(0) Refused(PublishError::PlacementRefused(NoFreeSlotOnAnyDevice))(0) Mounted(publishes=2)(35) Published(23)	Completed
V1[base]	2	3	20	3	Rollback(Ring0)	Refused(MountError::Publish(PublishError::PlacementRefused(NoFreeSlotOnAnyDevice)))(15) Refused(PublishError::PlacementRefused(NoFreeSlotOnAnyDevice))(0) Refused(PublishError::PlacementRefused(NoFreeSlotOnAnyDevice))(0) Refused(PublishError::PlacementRefused(NoFreeSlotOnAnyDevice))(0) Mounted(publishes=2)(35) Published(23)	Completed
V1[base]	2	3	20	3	Rollback(Ring1)	Refused(MountError::Publish(PublishError::PlacementRefused(NoFreeSlotOnAnyDevice)))(15) Refused(PublishError::PlacementRefused(NoFreeSlotOnAnyDevice))(0) Refused(PublishError::PlacementRefused(NoFreeSlotOnAnyDevice))(0) Refused(PublishError::PlacementRefused(NoFreeSlotOnAnyDevice))(0) Mounted(publishes=2)(35) Published(23)	Completed
V1[base]	2	3	20	3	Rollback(Ring2)	Refused(MountError::Publish(PublishError::PlacementRefused(NoFreeSlotOnAnyDevice)))(15) Refused(PublishError::PlacementRefused(NoFreeSlotOnAnyDevice))(0) Refused(PublishError::PlacementRefused(NoFreeSlotOnAnyDevice))(0) Refused(PublishError::PlacementRefused(NoFreeSlotOnAnyDevice))(0) Mounted(publishes=2)(35) Published(23)	Completed
V1[base]	2	3	20	3	Rollback(Ring3)	Refused(MountError::Publish(PublishError::PlacementRefused(NoFreeSlotOnAnyDevice)))(15) Refused(PublishError::PlacementRefused(NoFreeSlotOnAnyDevice))(0) Refused(PublishError::PlacementRefused(NoFreeSlotOnAnyDevice))(0) Refused(PublishError::PlacementRefused(NoFreeSlotOnAnyDevice))(0) Mounted(publishes=2)(35) Published(23)	Completed
V1[base]	2	3	20	3	Rollback(Ring4)	Refused(MountError::Publish(PublishError::PlacementRefused(NoFreeSlotOnAnyDevice)))(15) Refused(PublishError::PlacementRefused(NoFreeSlotOnAnyDevice))(0) Refused(PublishError::PlacementRefused(NoFreeSlotOnAnyDevice))(0) Refused(PublishError::PlacementRefused(NoFreeSlotOnAnyDevice))(0) Mounted(publishes=2)(35) Published(23)	Completed
V1[base]	2	3	20	3	Rollback(Ring5)	Refused(MountError::Publish(PublishError::PlacementRefused(NoFreeSlotOnAnyDevice)))(15) Refused(PublishError::PlacementRefused(NoFreeSlotOnAnyDevice))(0) Refused(PublishError::PlacementRefused(NoFreeSlotOnAnyDevice))(0) Refused(PublishError::PlacementRefused(NoFreeSlotOnAnyDevice))(0) Mounted(publishes=2)(35) Published(23)	Completed
V1[base]	2	3	20	3	Rollback(Ring6)	Refused(MountError::Publish(PublishError::PlacementRefused(NoFreeSlotOnAnyDevice)))(15) Refused(PublishError::PlacementRefused(NoFreeSlotOnAnyDevice))(0) Refused(PublishError::PlacementRefused(NoFreeSlotOnAnyDevice))(0) Refused(PublishError::PlacementRefused(NoFreeSlotOnAnyDevice))(0) Mounted(publishes=2)(35) Published(23)	Completed
V1[base]	2	3	20	3	Rollback(Ring7)	Refused(MountError::Publish(PublishError::PlacementRefused(NoFreeSlotOnAnyDevice)))(15) Refused(PublishError::PlacementRefused(NoFreeSlotOnAnyDevice))(0) Refused(PublishError::PlacementRefused(NoFreeSlotOnAnyDevice))(0) Refused(PublishError::PlacementRefused(NoFreeSlotOnAnyDevice))(0) Mounted(publishes=2)(35) Published(23)	Completed
V1[base]	2	3	36	1	MountWritable	Refused(MountError::Publish(PublishError::PlacementRefused(NoFreeSlotOnAnyDevice)))(15) Refused(PublishError::PlacementRefused(NoFreeSlotOnAnyDevice))(0) Mounted(publishes=2)(35) Published(23)	Completed
V1[base]	2	3	36	1	ColdStartRecover	Refused(MountError::Publish(PublishError::PlacementRefused(NoFreeSlotOnAnyDevice)))(15) Refused(PublishError::PlacementRefused(NoFreeSlotOnAnyDevice))(0) Recovered(0) NotApplicable(NoWritableSession)(0)	Completed
V1[base]	2	3	36	1	Rollback(NewestFloor)	Refused(MountError::Publish(PublishError::PlacementRefused(NoFreeSlotOnAnyDevice)))(15) Refused(PublishError::PlacementRefused(NoFreeSlotOnAnyDevice))(0) Mounted(publishes=2)(35) Published(23)	Completed
V1[base]	2	3	36	1	Rollback(Ring0)	Refused(MountError::Publish(PublishError::PlacementRefused(NoFreeSlotOnAnyDevice)))(15) Refused(PublishError::PlacementRefused(NoFreeSlotOnAnyDevice))(0) Mounted(publishes=2)(35) Published(23)	Completed
V1[base]	2	3	36	1	Rollback(Ring1)	Refused(MountError::Publish(PublishError::PlacementRefused(NoFreeSlotOnAnyDevice)))(15) Refused(PublishError::PlacementRefused(NoFreeSlotOnAnyDevice))(0) Mounted(publishes=2)(35) Published(23)	Completed
V1[base]	2	3	36	1	Rollback(Ring2)	Refused(MountError::Publish(PublishError::PlacementRefused(NoFreeSlotOnAnyDevice)))(15) Refused(PublishError::PlacementRefused(NoFreeSlotOnAnyDevice))(0) Mounted(publishes=2)(35) Published(23)	Completed
V1[base]	2	3	36	1	Rollback(Ring3)	Refused(MountError::Publish(PublishError::PlacementRefused(NoFreeSlotOnAnyDevice)))(15) Refused(PublishError::PlacementRefused(NoFreeSlotOnAnyDevice))(0) Mounted(publishes=2)(35) Published(23)	Completed
V1[base]	2	3	36	1	Rollback(Ring4)	Refused(MountError::Publish(PublishError::PlacementRefused(NoFreeSlotOnAnyDevice)))(15) Refused(PublishError::PlacementRefused(NoFreeSlotOnAnyDevice))(0) Mounted(publishes=2)(35) Published(23)	Completed
V1[base]	2	3	36	1	Rollback(Ring5)	Refused(MountError::Publish(PublishError::PlacementRefused(NoFreeSlotOnAnyDevice)))(15) Refused(PublishError::PlacementRefused(NoFreeSlotOnAnyDevice))(0) Mounted(publishes=2)(35) Published(23)	Completed
V1[base]	2	3	36	1	Rollback(Ring6)	Refused(MountError::Publish(PublishError::PlacementRefused(NoFreeSlotOnAnyDevice)))(15) Refused(PublishError::PlacementRefused(NoFreeSlotOnAnyDevice))(0) Mounted(publishes=2)(35) Published(23)	Completed
V1[base]	2	3	36	1	Rollback(Ring7)	Refused(MountError::Publish(PublishError::PlacementRefused(NoFreeSlotOnAnyDevice)))(15) Refused(PublishError::PlacementRefused(NoFreeSlotOnAnyDevice))(0) Mounted(publishes=2)(35) Published(23)	Completed
V1[base]	2	3	36	2	MountWritable	Refused(MountError::Publish(PublishError::PlacementRefused(NoFreeSlotOnAnyDevice)))(15) Refused(PublishError::PlacementRefused(NoFreeSlotOnAnyDevice))(0) Refused(PublishError::PlacementRefused(NoFreeSlotOnAnyDevice))(0) Mounted(publishes=2)(35) Published(23)	Completed
V1[base]	2	3	36	2	ColdStartRecover	Refused(MountError::Publish(PublishError::PlacementRefused(NoFreeSlotOnAnyDevice)))(15) Refused(PublishError::PlacementRefused(NoFreeSlotOnAnyDevice))(0) Refused(PublishError::PlacementRefused(NoFreeSlotOnAnyDevice))(0) Recovered(0) NotApplicable(NoWritableSession)(0)	Completed
V1[base]	2	3	36	2	Rollback(NewestFloor)	Refused(MountError::Publish(PublishError::PlacementRefused(NoFreeSlotOnAnyDevice)))(15) Refused(PublishError::PlacementRefused(NoFreeSlotOnAnyDevice))(0) Refused(PublishError::PlacementRefused(NoFreeSlotOnAnyDevice))(0) Mounted(publishes=2)(35) Published(23)	Completed
V1[base]	2	3	36	2	Rollback(Ring0)	Refused(MountError::Publish(PublishError::PlacementRefused(NoFreeSlotOnAnyDevice)))(15) Refused(PublishError::PlacementRefused(NoFreeSlotOnAnyDevice))(0) Refused(PublishError::PlacementRefused(NoFreeSlotOnAnyDevice))(0) Mounted(publishes=2)(35) Published(23)	Completed
V1[base]	2	3	36	2	Rollback(Ring1)	Refused(MountError::Publish(PublishError::PlacementRefused(NoFreeSlotOnAnyDevice)))(15) Refused(PublishError::PlacementRefused(NoFreeSlotOnAnyDevice))(0) Refused(PublishError::PlacementRefused(NoFreeSlotOnAnyDevice))(0) Mounted(publishes=2)(35) Published(23)	Completed
V1[base]	2	3	36	2	Rollback(Ring2)	Refused(MountError::Publish(PublishError::PlacementRefused(NoFreeSlotOnAnyDevice)))(15) Refused(PublishError::PlacementRefused(NoFreeSlotOnAnyDevice))(0) Refused(PublishError::PlacementRefused(NoFreeSlotOnAnyDevice))(0) Mounted(publishes=2)(35) Published(23)	Completed
V1[base]	2	3	36	2	Rollback(Ring3)	Refused(MountError::Publish(PublishError::PlacementRefused(NoFreeSlotOnAnyDevice)))(15) Refused(PublishError::PlacementRefused(NoFreeSlotOnAnyDevice))(0) Refused(PublishError::PlacementRefused(NoFreeSlotOnAnyDevice))(0) Mounted(publishes=2)(35) Published(23)	Completed
V1[base]	2	3	36	2	Rollback(Ring4)	Refused(MountError::Publish(PublishError::PlacementRefused(NoFreeSlotOnAnyDevice)))(15) Refused(PublishError::PlacementRefused(NoFreeSlotOnAnyDevice))(0) Refused(PublishError::PlacementRefused(NoFreeSlotOnAnyDevice))(0) Mounted(publishes=2)(35) Published(23)	Completed
V1[base]	2	3	36	2	Rollback(Ring5)	Refused(MountError::Publish(PublishError::PlacementRefused(NoFreeSlotOnAnyDevice)))(15) Refused(PublishError::PlacementRefused(NoFreeSlotOnAnyDevice))(0) Refused(PublishError::PlacementRefused(NoFreeSlotOnAnyDevice))(0) Mounted(publishes=2)(35) Published(23)	Completed
V1[base]	2	3	36	2	Rollback(Ring6)	Refused(MountError::Publish(PublishError::PlacementRefused(NoFreeSlotOnAnyDevice)))(15) Refused(PublishError::PlacementRefused(NoFreeSlotOnAnyDevice))(0) Refused(PublishError::PlacementRefused(NoFreeSlotOnAnyDevice))(0) Mounted(publishes=2)(35) Published(23)	Completed
V1[base]	2	3	36	2	Rollback(Ring7)	Refused(MountError::Publish(PublishError::PlacementRefused(NoFreeSlotOnAnyDevice)))(15) Refused(PublishError::PlacementRefused(NoFreeSlotOnAnyDevice))(0) Refused(PublishError::PlacementRefused(NoFreeSlotOnAnyDevice))(0) Mounted(publishes=2)(35) Published(23)	Completed
V1[base]	2	3	36	3	MountWritable	Refused(MountError::Publish(PublishError::PlacementRefused(NoFreeSlotOnAnyDevice)))(15) Refused(PublishError::PlacementRefused(NoFreeSlotOnAnyDevice))(0) Refused(PublishError::PlacementRefused(NoFreeSlotOnAnyDevice))(0) Refused(PublishError::PlacementRefused(NoFreeSlotOnAnyDevice))(0) Mounted(publishes=2)(35) Published(23)	Completed
V1[base]	2	3	36	3	ColdStartRecover	Refused(MountError::Publish(PublishError::PlacementRefused(NoFreeSlotOnAnyDevice)))(15) Refused(PublishError::PlacementRefused(NoFreeSlotOnAnyDevice))(0) Refused(PublishError::PlacementRefused(NoFreeSlotOnAnyDevice))(0) Refused(PublishError::PlacementRefused(NoFreeSlotOnAnyDevice))(0) Recovered(0) NotApplicable(NoWritableSession)(0)	Completed
V1[base]	2	3	36	3	Rollback(NewestFloor)	Refused(MountError::Publish(PublishError::PlacementRefused(NoFreeSlotOnAnyDevice)))(15) Refused(PublishError::PlacementRefused(NoFreeSlotOnAnyDevice))(0) Refused(PublishError::PlacementRefused(NoFreeSlotOnAnyDevice))(0) Refused(PublishError::PlacementRefused(NoFreeSlotOnAnyDevice))(0) Mounted(publishes=2)(35) Published(23)	Completed
V1[base]	2	3	36	3	Rollback(Ring0)	Refused(MountError::Publish(PublishError::PlacementRefused(NoFreeSlotOnAnyDevice)))(15) Refused(PublishError::PlacementRefused(NoFreeSlotOnAnyDevice))(0) Refused(PublishError::PlacementRefused(NoFreeSlotOnAnyDevice))(0) Refused(PublishError::PlacementRefused(NoFreeSlotOnAnyDevice))(0) Mounted(publishes=2)(35) Published(23)	Completed
V1[base]	2	3	36	3	Rollback(Ring1)	Refused(MountError::Publish(PublishError::PlacementRefused(NoFreeSlotOnAnyDevice)))(15) Refused(PublishError::PlacementRefused(NoFreeSlotOnAnyDevice))(0) Refused(PublishError::PlacementRefused(NoFreeSlotOnAnyDevice))(0) Refused(PublishError::PlacementRefused(NoFreeSlotOnAnyDevice))(0) Mounted(publishes=2)(35) Published(23)	Completed
V1[base]	2	3	36	3	Rollback(Ring2)	Refused(MountError::Publish(PublishError::PlacementRefused(NoFreeSlotOnAnyDevice)))(15) Refused(PublishError::PlacementRefused(NoFreeSlotOnAnyDevice))(0) Refused(PublishError::PlacementRefused(NoFreeSlotOnAnyDevice))(0) Refused(PublishError::PlacementRefused(NoFreeSlotOnAnyDevice))(0) Mounted(publishes=2)(35) Published(23)	Completed
V1[base]	2	3	36	3	Rollback(Ring3)	Refused(MountError::Publish(PublishError::PlacementRefused(NoFreeSlotOnAnyDevice)))(15) Refused(PublishError::PlacementRefused(NoFreeSlotOnAnyDevice))(0) Refused(PublishError::PlacementRefused(NoFreeSlotOnAnyDevice))(0) Refused(PublishError::PlacementRefused(NoFreeSlotOnAnyDevice))(0) Mounted(publishes=2)(35) Published(23)	Completed
V1[base]	2	3	36	3	Rollback(Ring4)	Refused(MountError::Publish(PublishError::PlacementRefused(NoFreeSlotOnAnyDevice)))(15) Refused(PublishError::PlacementRefused(NoFreeSlotOnAnyDevice))(0) Refused(PublishError::PlacementRefused(NoFreeSlotOnAnyDevice))(0) Refused(PublishError::PlacementRefused(NoFreeSlotOnAnyDevice))(0) Mounted(publishes=2)(35) Published(23)	Completed
V1[base]	2	3	36	3	Rollback(Ring5)	Refused(MountError::Publish(PublishError::PlacementRefused(NoFreeSlotOnAnyDevice)))(15) Refused(PublishError::PlacementRefused(NoFreeSlotOnAnyDevice))(0) Refused(PublishError::PlacementRefused(NoFreeSlotOnAnyDevice))(0) Refused(PublishError::PlacementRefused(NoFreeSlotOnAnyDevice))(0) Mounted(publishes=2)(35) Published(23)	Completed
V1[base]	2	3	36	3	Rollback(Ring6)	Refused(MountError::Publish(PublishError::PlacementRefused(NoFreeSlotOnAnyDevice)))(15) Refused(PublishError::PlacementRefused(NoFreeSlotOnAnyDevice))(0) Refused(PublishError::PlacementRefused(NoFreeSlotOnAnyDevice))(0) Refused(PublishError::PlacementRefused(NoFreeSlotOnAnyDevice))(0) Mounted(publishes=2)(35) Published(23)	Completed
V1[base]	2	3	36	3	Rollback(Ring7)	Refused(MountError::Publish(PublishError::PlacementRefused(NoFreeSlotOnAnyDevice)))(15) Refused(PublishError::PlacementRefused(NoFreeSlotOnAnyDevice))(0) Refused(PublishError::PlacementRefused(NoFreeSlotOnAnyDevice))(0) Refused(PublishError::PlacementRefused(NoFreeSlotOnAnyDevice))(0) Mounted(publishes=2)(35) Published(23)	Completed
V1[base]	2	4	20	1	MountWritable	Refused(MountError::Publish(PublishError::PlacementRefused(NoFreeSlotOnAnyDevice)))(0) Refused(PublishError::PlacementRefused(NoFreeSlotOnAnyDevice))(0) Mounted(publishes=3)(50) Published(23)	Completed
V1[base]	2	4	20	1	ColdStartRecover	Refused(MountError::Publish(PublishError::PlacementRefused(NoFreeSlotOnAnyDevice)))(0) Refused(PublishError::PlacementRefused(NoFreeSlotOnAnyDevice))(0) Recovered(0) NotApplicable(NoWritableSession)(0)	Completed
V1[base]	2	4	20	1	Rollback(NewestFloor)	Refused(MountError::Publish(PublishError::PlacementRefused(NoFreeSlotOnAnyDevice)))(0) Refused(PublishError::PlacementRefused(NoFreeSlotOnAnyDevice))(0) Mounted(publishes=3)(50) Published(23)	Completed
V1[base]	2	4	20	1	Rollback(Ring0)	Refused(MountError::Publish(PublishError::PlacementRefused(NoFreeSlotOnAnyDevice)))(0) Refused(PublishError::PlacementRefused(NoFreeSlotOnAnyDevice))(0) Mounted(publishes=3)(50) Published(23)	Completed
V1[base]	2	4	20	1	Rollback(Ring1)	Refused(MountError::Publish(PublishError::PlacementRefused(NoFreeSlotOnAnyDevice)))(0) Refused(PublishError::PlacementRefused(NoFreeSlotOnAnyDevice))(0) Mounted(publishes=3)(50) Published(23)	Completed
V1[base]	2	4	20	1	Rollback(Ring2)	Refused(MountError::Publish(PublishError::PlacementRefused(NoFreeSlotOnAnyDevice)))(0) Refused(PublishError::PlacementRefused(NoFreeSlotOnAnyDevice))(0) Mounted(publishes=3)(50) Published(23)	Completed
V1[base]	2	4	20	1	Rollback(Ring3)	Refused(MountError::Publish(PublishError::PlacementRefused(NoFreeSlotOnAnyDevice)))(0) Refused(PublishError::PlacementRefused(NoFreeSlotOnAnyDevice))(0) Mounted(publishes=3)(50) Published(23)	Completed
V1[base]	2	4	20	1	Rollback(Ring4)	Refused(MountError::Publish(PublishError::PlacementRefused(NoFreeSlotOnAnyDevice)))(0) Refused(PublishError::PlacementRefused(NoFreeSlotOnAnyDevice))(0) Mounted(publishes=3)(50) Published(23)	Completed
V1[base]	2	4	20	1	Rollback(Ring5)	Refused(MountError::Publish(PublishError::PlacementRefused(NoFreeSlotOnAnyDevice)))(0) Refused(PublishError::PlacementRefused(NoFreeSlotOnAnyDevice))(0) Mounted(publishes=3)(50) Published(23)	Completed
V1[base]	2	4	20	1	Rollback(Ring6)	Refused(MountError::Publish(PublishError::PlacementRefused(NoFreeSlotOnAnyDevice)))(0) Refused(PublishError::PlacementRefused(NoFreeSlotOnAnyDevice))(0) Mounted(publishes=3)(50) Published(23)	Completed
V1[base]	2	4	20	1	Rollback(Ring7)	Refused(MountError::Publish(PublishError::PlacementRefused(NoFreeSlotOnAnyDevice)))(0) Refused(PublishError::PlacementRefused(NoFreeSlotOnAnyDevice))(0) Mounted(publishes=3)(50) Published(23)	Completed
V1[base]	2	4	20	2	MountWritable	Refused(MountError::Publish(PublishError::PlacementRefused(NoFreeSlotOnAnyDevice)))(0) Refused(PublishError::PlacementRefused(NoFreeSlotOnAnyDevice))(0) Refused(PublishError::PlacementRefused(NoFreeSlotOnAnyDevice))(0) Mounted(publishes=3)(50) Published(23)	Completed
V1[base]	2	4	20	2	ColdStartRecover	Refused(MountError::Publish(PublishError::PlacementRefused(NoFreeSlotOnAnyDevice)))(0) Refused(PublishError::PlacementRefused(NoFreeSlotOnAnyDevice))(0) Refused(PublishError::PlacementRefused(NoFreeSlotOnAnyDevice))(0) Recovered(0) NotApplicable(NoWritableSession)(0)	Completed
V1[base]	2	4	20	2	Rollback(NewestFloor)	Refused(MountError::Publish(PublishError::PlacementRefused(NoFreeSlotOnAnyDevice)))(0) Refused(PublishError::PlacementRefused(NoFreeSlotOnAnyDevice))(0) Refused(PublishError::PlacementRefused(NoFreeSlotOnAnyDevice))(0) Mounted(publishes=3)(50) Published(23)	Completed
V1[base]	2	4	20	2	Rollback(Ring0)	Refused(MountError::Publish(PublishError::PlacementRefused(NoFreeSlotOnAnyDevice)))(0) Refused(PublishError::PlacementRefused(NoFreeSlotOnAnyDevice))(0) Refused(PublishError::PlacementRefused(NoFreeSlotOnAnyDevice))(0) Mounted(publishes=3)(50) Published(23)	Completed
V1[base]	2	4	20	2	Rollback(Ring1)	Refused(MountError::Publish(PublishError::PlacementRefused(NoFreeSlotOnAnyDevice)))(0) Refused(PublishError::PlacementRefused(NoFreeSlotOnAnyDevice))(0) Refused(PublishError::PlacementRefused(NoFreeSlotOnAnyDevice))(0) Mounted(publishes=3)(50) Published(23)	Completed
V1[base]	2	4	20	2	Rollback(Ring2)	Refused(MountError::Publish(PublishError::PlacementRefused(NoFreeSlotOnAnyDevice)))(0) Refused(PublishError::PlacementRefused(NoFreeSlotOnAnyDevice))(0) Refused(PublishError::PlacementRefused(NoFreeSlotOnAnyDevice))(0) Mounted(publishes=3)(50) Published(23)	Completed
V1[base]	2	4	20	2	Rollback(Ring3)	Refused(MountError::Publish(PublishError::PlacementRefused(NoFreeSlotOnAnyDevice)))(0) Refused(PublishError::PlacementRefused(NoFreeSlotOnAnyDevice))(0) Refused(PublishError::PlacementRefused(NoFreeSlotOnAnyDevice))(0) Mounted(publishes=3)(50) Published(23)	Completed
V1[base]	2	4	20	2	Rollback(Ring4)	Refused(MountError::Publish(PublishError::PlacementRefused(NoFreeSlotOnAnyDevice)))(0) Refused(PublishError::PlacementRefused(NoFreeSlotOnAnyDevice))(0) Refused(PublishError::PlacementRefused(NoFreeSlotOnAnyDevice))(0) Mounted(publishes=3)(50) Published(23)	Completed
V1[base]	2	4	20	2	Rollback(Ring5)	Refused(MountError::Publish(PublishError::PlacementRefused(NoFreeSlotOnAnyDevice)))(0) Refused(PublishError::PlacementRefused(NoFreeSlotOnAnyDevice))(0) Refused(PublishError::PlacementRefused(NoFreeSlotOnAnyDevice))(0) Mounted(publishes=3)(50) Published(23)	Completed
V1[base]	2	4	20	2	Rollback(Ring6)	Refused(MountError::Publish(PublishError::PlacementRefused(NoFreeSlotOnAnyDevice)))(0) Refused(PublishError::PlacementRefused(NoFreeSlotOnAnyDevice))(0) Refused(PublishError::PlacementRefused(NoFreeSlotOnAnyDevice))(0) Mounted(publishes=3)(50) Published(23)	Completed
V1[base]	2	4	20	2	Rollback(Ring7)	Refused(MountError::Publish(PublishError::PlacementRefused(NoFreeSlotOnAnyDevice)))(0) Refused(PublishError::PlacementRefused(NoFreeSlotOnAnyDevice))(0) Refused(PublishError::PlacementRefused(NoFreeSlotOnAnyDevice))(0) Mounted(publishes=3)(50) Published(23)	Completed
V1[base]	2	4	20	3	MountWritable	Refused(MountError::Publish(PublishError::PlacementRefused(NoFreeSlotOnAnyDevice)))(0) Refused(PublishError::PlacementRefused(NoFreeSlotOnAnyDevice))(0) Refused(PublishError::PlacementRefused(NoFreeSlotOnAnyDevice))(0) Refused(PublishError::PlacementRefused(NoFreeSlotOnAnyDevice))(0) Mounted(publishes=3)(50) Published(23)	Completed
V1[base]	2	4	20	3	ColdStartRecover	Refused(MountError::Publish(PublishError::PlacementRefused(NoFreeSlotOnAnyDevice)))(0) Refused(PublishError::PlacementRefused(NoFreeSlotOnAnyDevice))(0) Refused(PublishError::PlacementRefused(NoFreeSlotOnAnyDevice))(0) Refused(PublishError::PlacementRefused(NoFreeSlotOnAnyDevice))(0) Recovered(0) NotApplicable(NoWritableSession)(0)	Completed
V1[base]	2	4	20	3	Rollback(NewestFloor)	Refused(MountError::Publish(PublishError::PlacementRefused(NoFreeSlotOnAnyDevice)))(0) Refused(PublishError::PlacementRefused(NoFreeSlotOnAnyDevice))(0) Refused(PublishError::PlacementRefused(NoFreeSlotOnAnyDevice))(0) Refused(PublishError::PlacementRefused(NoFreeSlotOnAnyDevice))(0) Mounted(publishes=3)(50) Published(23)	Completed
V1[base]	2	4	20	3	Rollback(Ring0)	Refused(MountError::Publish(PublishError::PlacementRefused(NoFreeSlotOnAnyDevice)))(0) Refused(PublishError::PlacementRefused(NoFreeSlotOnAnyDevice))(0) Refused(PublishError::PlacementRefused(NoFreeSlotOnAnyDevice))(0) Refused(PublishError::PlacementRefused(NoFreeSlotOnAnyDevice))(0) Mounted(publishes=3)(50) Published(23)	Completed
V1[base]	2	4	20	3	Rollback(Ring1)	Refused(MountError::Publish(PublishError::PlacementRefused(NoFreeSlotOnAnyDevice)))(0) Refused(PublishError::PlacementRefused(NoFreeSlotOnAnyDevice))(0) Refused(PublishError::PlacementRefused(NoFreeSlotOnAnyDevice))(0) Refused(PublishError::PlacementRefused(NoFreeSlotOnAnyDevice))(0) Mounted(publishes=3)(50) Published(23)	Completed
V1[base]	2	4	20	3	Rollback(Ring2)	Refused(MountError::Publish(PublishError::PlacementRefused(NoFreeSlotOnAnyDevice)))(0) Refused(PublishError::PlacementRefused(NoFreeSlotOnAnyDevice))(0) Refused(PublishError::PlacementRefused(NoFreeSlotOnAnyDevice))(0) Refused(PublishError::PlacementRefused(NoFreeSlotOnAnyDevice))(0) Mounted(publishes=3)(50) Published(23)	Completed
V1[base]	2	4	20	3	Rollback(Ring3)	Refused(MountError::Publish(PublishError::PlacementRefused(NoFreeSlotOnAnyDevice)))(0) Refused(PublishError::PlacementRefused(NoFreeSlotOnAnyDevice))(0) Refused(PublishError::PlacementRefused(NoFreeSlotOnAnyDevice))(0) Refused(PublishError::PlacementRefused(NoFreeSlotOnAnyDevice))(0) Mounted(publishes=3)(50) Published(23)	Completed
V1[base]	2	4	20	3	Rollback(Ring4)	Refused(MountError::Publish(PublishError::PlacementRefused(NoFreeSlotOnAnyDevice)))(0) Refused(PublishError::PlacementRefused(NoFreeSlotOnAnyDevice))(0) Refused(PublishError::PlacementRefused(NoFreeSlotOnAnyDevice))(0) Refused(PublishError::PlacementRefused(NoFreeSlotOnAnyDevice))(0) Mounted(publishes=3)(50) Published(23)	Completed
V1[base]	2	4	20	3	Rollback(Ring5)	Refused(MountError::Publish(PublishError::PlacementRefused(NoFreeSlotOnAnyDevice)))(0) Refused(PublishError::PlacementRefused(NoFreeSlotOnAnyDevice))(0) Refused(PublishError::PlacementRefused(NoFreeSlotOnAnyDevice))(0) Refused(PublishError::PlacementRefused(NoFreeSlotOnAnyDevice))(0) Mounted(publishes=3)(50) Published(23)	Completed
V1[base]	2	4	20	3	Rollback(Ring6)	Refused(MountError::Publish(PublishError::PlacementRefused(NoFreeSlotOnAnyDevice)))(0) Refused(PublishError::PlacementRefused(NoFreeSlotOnAnyDevice))(0) Refused(PublishError::PlacementRefused(NoFreeSlotOnAnyDevice))(0) Refused(PublishError::PlacementRefused(NoFreeSlotOnAnyDevice))(0) Mounted(publishes=3)(50) Published(23)	Completed
V1[base]	2	4	20	3	Rollback(Ring7)	Refused(MountError::Publish(PublishError::PlacementRefused(NoFreeSlotOnAnyDevice)))(0) Refused(PublishError::PlacementRefused(NoFreeSlotOnAnyDevice))(0) Refused(PublishError::PlacementRefused(NoFreeSlotOnAnyDevice))(0) Refused(PublishError::PlacementRefused(NoFreeSlotOnAnyDevice))(0) Mounted(publishes=3)(50) Published(23)	Completed
V1[base]	2	4	36	1	MountWritable	Refused(MountError::Publish(PublishError::PlacementRefused(NoFreeSlotOnAnyDevice)))(0) Refused(PublishError::PlacementRefused(NoFreeSlotOnAnyDevice))(0) Mounted(publishes=3)(50) Published(23)	Completed
V1[base]	2	4	36	1	ColdStartRecover	Refused(MountError::Publish(PublishError::PlacementRefused(NoFreeSlotOnAnyDevice)))(0) Refused(PublishError::PlacementRefused(NoFreeSlotOnAnyDevice))(0) Recovered(0) NotApplicable(NoWritableSession)(0)	Completed
V1[base]	2	4	36	1	Rollback(NewestFloor)	Refused(MountError::Publish(PublishError::PlacementRefused(NoFreeSlotOnAnyDevice)))(0) Refused(PublishError::PlacementRefused(NoFreeSlotOnAnyDevice))(0) Mounted(publishes=3)(50) Published(23)	Completed
V1[base]	2	4	36	1	Rollback(Ring0)	Refused(MountError::Publish(PublishError::PlacementRefused(NoFreeSlotOnAnyDevice)))(0) Refused(PublishError::PlacementRefused(NoFreeSlotOnAnyDevice))(0) Mounted(publishes=3)(50) Published(23)	Completed
V1[base]	2	4	36	1	Rollback(Ring1)	Refused(MountError::Publish(PublishError::PlacementRefused(NoFreeSlotOnAnyDevice)))(0) Refused(PublishError::PlacementRefused(NoFreeSlotOnAnyDevice))(0) Mounted(publishes=3)(50) Published(23)	Completed
V1[base]	2	4	36	1	Rollback(Ring2)	Refused(MountError::Publish(PublishError::PlacementRefused(NoFreeSlotOnAnyDevice)))(0) Refused(PublishError::PlacementRefused(NoFreeSlotOnAnyDevice))(0) Mounted(publishes=3)(50) Published(23)	Completed
V1[base]	2	4	36	1	Rollback(Ring3)	Refused(MountError::Publish(PublishError::PlacementRefused(NoFreeSlotOnAnyDevice)))(0) Refused(PublishError::PlacementRefused(NoFreeSlotOnAnyDevice))(0) Mounted(publishes=3)(50) Published(23)	Completed
V1[base]	2	4	36	1	Rollback(Ring4)	Refused(MountError::Publish(PublishError::PlacementRefused(NoFreeSlotOnAnyDevice)))(0) Refused(PublishError::PlacementRefused(NoFreeSlotOnAnyDevice))(0) Mounted(publishes=3)(50) Published(23)	Completed
V1[base]	2	4	36	1	Rollback(Ring5)	Refused(MountError::Publish(PublishError::PlacementRefused(NoFreeSlotOnAnyDevice)))(0) Refused(PublishError::PlacementRefused(NoFreeSlotOnAnyDevice))(0) Mounted(publishes=3)(50) Published(23)	Completed
V1[base]	2	4	36	1	Rollback(Ring6)	Refused(MountError::Publish(PublishError::PlacementRefused(NoFreeSlotOnAnyDevice)))(0) Refused(PublishError::PlacementRefused(NoFreeSlotOnAnyDevice))(0) Mounted(publishes=3)(50) Published(23)	Completed
V1[base]	2	4	36	1	Rollback(Ring7)	Refused(MountError::Publish(PublishError::PlacementRefused(NoFreeSlotOnAnyDevice)))(0) Refused(PublishError::PlacementRefused(NoFreeSlotOnAnyDevice))(0) Mounted(publishes=3)(50) Published(23)	Completed
V1[base]	2	4	36	2	MountWritable	Refused(MountError::Publish(PublishError::PlacementRefused(NoFreeSlotOnAnyDevice)))(0) Refused(PublishError::PlacementRefused(NoFreeSlotOnAnyDevice))(0) Refused(PublishError::PlacementRefused(NoFreeSlotOnAnyDevice))(0) Mounted(publishes=3)(50) Published(23)	Completed
V1[base]	2	4	36	2	ColdStartRecover	Refused(MountError::Publish(PublishError::PlacementRefused(NoFreeSlotOnAnyDevice)))(0) Refused(PublishError::PlacementRefused(NoFreeSlotOnAnyDevice))(0) Refused(PublishError::PlacementRefused(NoFreeSlotOnAnyDevice))(0) Recovered(0) NotApplicable(NoWritableSession)(0)	Completed
V1[base]	2	4	36	2	Rollback(NewestFloor)	Refused(MountError::Publish(PublishError::PlacementRefused(NoFreeSlotOnAnyDevice)))(0) Refused(PublishError::PlacementRefused(NoFreeSlotOnAnyDevice))(0) Refused(PublishError::PlacementRefused(NoFreeSlotOnAnyDevice))(0) Mounted(publishes=3)(50) Published(23)	Completed
V1[base]	2	4	36	2	Rollback(Ring0)	Refused(MountError::Publish(PublishError::PlacementRefused(NoFreeSlotOnAnyDevice)))(0) Refused(PublishError::PlacementRefused(NoFreeSlotOnAnyDevice))(0) Refused(PublishError::PlacementRefused(NoFreeSlotOnAnyDevice))(0) Mounted(publishes=3)(50) Published(23)	Completed
V1[base]	2	4	36	2	Rollback(Ring1)	Refused(MountError::Publish(PublishError::PlacementRefused(NoFreeSlotOnAnyDevice)))(0) Refused(PublishError::PlacementRefused(NoFreeSlotOnAnyDevice))(0) Refused(PublishError::PlacementRefused(NoFreeSlotOnAnyDevice))(0) Mounted(publishes=3)(50) Published(23)	Completed
V1[base]	2	4	36	2	Rollback(Ring2)	Refused(MountError::Publish(PublishError::PlacementRefused(NoFreeSlotOnAnyDevice)))(0) Refused(PublishError::PlacementRefused(NoFreeSlotOnAnyDevice))(0) Refused(PublishError::PlacementRefused(NoFreeSlotOnAnyDevice))(0) Mounted(publishes=3)(50) Published(23)	Completed
V1[base]	2	4	36	2	Rollback(Ring3)	Refused(MountError::Publish(PublishError::PlacementRefused(NoFreeSlotOnAnyDevice)))(0) Refused(PublishError::PlacementRefused(NoFreeSlotOnAnyDevice))(0) Refused(PublishError::PlacementRefused(NoFreeSlotOnAnyDevice))(0) Mounted(publishes=3)(50) Published(23)	Completed
V1[base]	2	4	36	2	Rollback(Ring4)	Refused(MountError::Publish(PublishError::PlacementRefused(NoFreeSlotOnAnyDevice)))(0) Refused(PublishError::PlacementRefused(NoFreeSlotOnAnyDevice))(0) Refused(PublishError::PlacementRefused(NoFreeSlotOnAnyDevice))(0) Mounted(publishes=3)(50) Published(23)	Completed
V1[base]	2	4	36	2	Rollback(Ring5)	Refused(MountError::Publish(PublishError::PlacementRefused(NoFreeSlotOnAnyDevice)))(0) Refused(PublishError::PlacementRefused(NoFreeSlotOnAnyDevice))(0) Refused(PublishError::PlacementRefused(NoFreeSlotOnAnyDevice))(0) Mounted(publishes=3)(50) Published(23)	Completed
V1[base]	2	4	36	2	Rollback(Ring6)	Refused(MountError::Publish(PublishError::PlacementRefused(NoFreeSlotOnAnyDevice)))(0) Refused(PublishError::PlacementRefused(NoFreeSlotOnAnyDevice))(0) Refused(PublishError::PlacementRefused(NoFreeSlotOnAnyDevice))(0) Mounted(publishes=3)(50) Published(23)	Completed
V1[base]	2	4	36	2	Rollback(Ring7)	Refused(MountError::Publish(PublishError::PlacementRefused(NoFreeSlotOnAnyDevice)))(0) Refused(PublishError::PlacementRefused(NoFreeSlotOnAnyDevice))(0) Refused(PublishError::PlacementRefused(NoFreeSlotOnAnyDevice))(0) Mounted(publishes=3)(50) Published(23)	Completed
V1[base]	2	4	36	3	MountWritable	Refused(MountError::Publish(PublishError::PlacementRefused(NoFreeSlotOnAnyDevice)))(0) Refused(PublishError::PlacementRefused(NoFreeSlotOnAnyDevice))(0) Refused(PublishError::PlacementRefused(NoFreeSlotOnAnyDevice))(0) Refused(PublishError::PlacementRefused(NoFreeSlotOnAnyDevice))(0) Mounted(publishes=3)(50) Published(23)	Completed
V1[base]	2	4	36	3	ColdStartRecover	Refused(MountError::Publish(PublishError::PlacementRefused(NoFreeSlotOnAnyDevice)))(0) Refused(PublishError::PlacementRefused(NoFreeSlotOnAnyDevice))(0) Refused(PublishError::PlacementRefused(NoFreeSlotOnAnyDevice))(0) Refused(PublishError::PlacementRefused(NoFreeSlotOnAnyDevice))(0) Recovered(0) NotApplicable(NoWritableSession)(0)	Completed
V1[base]	2	4	36	3	Rollback(NewestFloor)	Refused(MountError::Publish(PublishError::PlacementRefused(NoFreeSlotOnAnyDevice)))(0) Refused(PublishError::PlacementRefused(NoFreeSlotOnAnyDevice))(0) Refused(PublishError::PlacementRefused(NoFreeSlotOnAnyDevice))(0) Refused(PublishError::PlacementRefused(NoFreeSlotOnAnyDevice))(0) Mounted(publishes=3)(50) Published(23)	Completed
V1[base]	2	4	36	3	Rollback(Ring0)	Refused(MountError::Publish(PublishError::PlacementRefused(NoFreeSlotOnAnyDevice)))(0) Refused(PublishError::PlacementRefused(NoFreeSlotOnAnyDevice))(0) Refused(PublishError::PlacementRefused(NoFreeSlotOnAnyDevice))(0) Refused(PublishError::PlacementRefused(NoFreeSlotOnAnyDevice))(0) Mounted(publishes=3)(50) Published(23)	Completed
V1[base]	2	4	36	3	Rollback(Ring1)	Refused(MountError::Publish(PublishError::PlacementRefused(NoFreeSlotOnAnyDevice)))(0) Refused(PublishError::PlacementRefused(NoFreeSlotOnAnyDevice))(0) Refused(PublishError::PlacementRefused(NoFreeSlotOnAnyDevice))(0) Refused(PublishError::PlacementRefused(NoFreeSlotOnAnyDevice))(0) Mounted(publishes=3)(50) Published(23)	Completed
V1[base]	2	4	36	3	Rollback(Ring2)	Refused(MountError::Publish(PublishError::PlacementRefused(NoFreeSlotOnAnyDevice)))(0) Refused(PublishError::PlacementRefused(NoFreeSlotOnAnyDevice))(0) Refused(PublishError::PlacementRefused(NoFreeSlotOnAnyDevice))(0) Refused(PublishError::PlacementRefused(NoFreeSlotOnAnyDevice))(0) Mounted(publishes=3)(50) Published(23)	Completed
V1[base]	2	4	36	3	Rollback(Ring3)	Refused(MountError::Publish(PublishError::PlacementRefused(NoFreeSlotOnAnyDevice)))(0) Refused(PublishError::PlacementRefused(NoFreeSlotOnAnyDevice))(0) Refused(PublishError::PlacementRefused(NoFreeSlotOnAnyDevice))(0) Refused(PublishError::PlacementRefused(NoFreeSlotOnAnyDevice))(0) Mounted(publishes=3)(50) Published(23)	Completed
V1[base]	2	4	36	3	Rollback(Ring4)	Refused(MountError::Publish(PublishError::PlacementRefused(NoFreeSlotOnAnyDevice)))(0) Refused(PublishError::PlacementRefused(NoFreeSlotOnAnyDevice))(0) Refused(PublishError::PlacementRefused(NoFreeSlotOnAnyDevice))(0) Refused(PublishError::PlacementRefused(NoFreeSlotOnAnyDevice))(0) Mounted(publishes=3)(50) Published(23)	Completed
V1[base]	2	4	36	3	Rollback(Ring5)	Refused(MountError::Publish(PublishError::PlacementRefused(NoFreeSlotOnAnyDevice)))(0) Refused(PublishError::PlacementRefused(NoFreeSlotOnAnyDevice))(0) Refused(PublishError::PlacementRefused(NoFreeSlotOnAnyDevice))(0) Refused(PublishError::PlacementRefused(NoFreeSlotOnAnyDevice))(0) Mounted(publishes=3)(50) Published(23)	Completed
V1[base]	2	4	36	3	Rollback(Ring6)	Refused(MountError::Publish(PublishError::PlacementRefused(NoFreeSlotOnAnyDevice)))(0) Refused(PublishError::PlacementRefused(NoFreeSlotOnAnyDevice))(0) Refused(PublishError::PlacementRefused(NoFreeSlotOnAnyDevice))(0) Refused(PublishError::PlacementRefused(NoFreeSlotOnAnyDevice))(0) Mounted(publishes=3)(50) Published(23)	Completed
V1[base]	2	4	36	3	Rollback(Ring7)	Refused(MountError::Publish(PublishError::PlacementRefused(NoFreeSlotOnAnyDevice)))(0) Refused(PublishError::PlacementRefused(NoFreeSlotOnAnyDevice))(0) Refused(PublishError::PlacementRefused(NoFreeSlotOnAnyDevice))(0) Refused(PublishError::PlacementRefused(NoFreeSlotOnAnyDevice))(0) Mounted(publishes=3)(50) Published(23)	Completed
V1[base]	3	0	20	1	MountWritable	Refused(MountError::Publish(PublishError::PlacementRefused(NoFreeSlotOnAnyDevice)))(15) Refused(PublishError::PlacementRefused(NoFreeSlotOnAnyDevice))(0) Mounted(publishes=2)(35) Published(23)	Completed
V1[base]	3	0	20	1	ColdStartRecover	Refused(MountError::Publish(PublishError::PlacementRefused(NoFreeSlotOnAnyDevice)))(15) Refused(PublishError::PlacementRefused(NoFreeSlotOnAnyDevice))(0) Recovered(0) NotApplicable(NoWritableSession)(0)	Completed
V1[base]	3	0	20	1	Rollback(NewestFloor)	Refused(MountError::Publish(PublishError::PlacementRefused(NoFreeSlotOnAnyDevice)))(15) Refused(PublishError::PlacementRefused(NoFreeSlotOnAnyDevice))(0) Mounted(publishes=2)(35) Published(23)	Completed
V1[base]	3	0	20	1	Rollback(Ring0)	Refused(MountError::Publish(PublishError::PlacementRefused(NoFreeSlotOnAnyDevice)))(15) Refused(PublishError::PlacementRefused(NoFreeSlotOnAnyDevice))(0) Mounted(publishes=2)(35) Published(23)	Completed
V1[base]	3	0	20	1	Rollback(Ring1)	Refused(MountError::Publish(PublishError::PlacementRefused(NoFreeSlotOnAnyDevice)))(15) Refused(PublishError::PlacementRefused(NoFreeSlotOnAnyDevice))(0) Mounted(publishes=2)(35) Published(23)	Completed
V1[base]	3	0	20	1	Rollback(Ring2)	Refused(MountError::Publish(PublishError::PlacementRefused(NoFreeSlotOnAnyDevice)))(15) Refused(PublishError::PlacementRefused(NoFreeSlotOnAnyDevice))(0) Mounted(publishes=2)(35) Published(23)	Completed
V1[base]	3	0	20	1	Rollback(Ring3)	Refused(MountError::Publish(PublishError::PlacementRefused(NoFreeSlotOnAnyDevice)))(15) Refused(PublishError::PlacementRefused(NoFreeSlotOnAnyDevice))(0) Mounted(publishes=2)(35) Published(23)	Completed
V1[base]	3	0	20	1	Rollback(Ring4)	Refused(MountError::Publish(PublishError::PlacementRefused(NoFreeSlotOnAnyDevice)))(15) Refused(PublishError::PlacementRefused(NoFreeSlotOnAnyDevice))(0) Mounted(publishes=2)(35) Published(23)	Completed
V1[base]	3	0	20	1	Rollback(Ring5)	Refused(MountError::Publish(PublishError::PlacementRefused(NoFreeSlotOnAnyDevice)))(15) Refused(PublishError::PlacementRefused(NoFreeSlotOnAnyDevice))(0) Mounted(publishes=2)(35) Published(23)	Completed
V1[base]	3	0	20	1	Rollback(Ring6)	Refused(MountError::Publish(PublishError::PlacementRefused(NoFreeSlotOnAnyDevice)))(15) Refused(PublishError::PlacementRefused(NoFreeSlotOnAnyDevice))(0) Mounted(publishes=2)(35) Published(23)	Completed
V1[base]	3	0	20	1	Rollback(Ring7)	Refused(MountError::Publish(PublishError::PlacementRefused(NoFreeSlotOnAnyDevice)))(15) Refused(PublishError::PlacementRefused(NoFreeSlotOnAnyDevice))(0) Mounted(publishes=2)(35) Published(23)	Completed
V1[base]	3	0	20	2	MountWritable	Refused(MountError::Publish(PublishError::PlacementRefused(NoFreeSlotOnAnyDevice)))(15) Refused(PublishError::PlacementRefused(NoFreeSlotOnAnyDevice))(0) Refused(PublishError::PlacementRefused(NoFreeSlotOnAnyDevice))(0) Mounted(publishes=2)(35) Published(23)	Completed
V1[base]	3	0	20	2	ColdStartRecover	Refused(MountError::Publish(PublishError::PlacementRefused(NoFreeSlotOnAnyDevice)))(15) Refused(PublishError::PlacementRefused(NoFreeSlotOnAnyDevice))(0) Refused(PublishError::PlacementRefused(NoFreeSlotOnAnyDevice))(0) Recovered(0) NotApplicable(NoWritableSession)(0)	Completed
V1[base]	3	0	20	2	Rollback(NewestFloor)	Refused(MountError::Publish(PublishError::PlacementRefused(NoFreeSlotOnAnyDevice)))(15) Refused(PublishError::PlacementRefused(NoFreeSlotOnAnyDevice))(0) Refused(PublishError::PlacementRefused(NoFreeSlotOnAnyDevice))(0) Mounted(publishes=2)(35) Published(23)	Completed
V1[base]	3	0	20	2	Rollback(Ring0)	Refused(MountError::Publish(PublishError::PlacementRefused(NoFreeSlotOnAnyDevice)))(15) Refused(PublishError::PlacementRefused(NoFreeSlotOnAnyDevice))(0) Refused(PublishError::PlacementRefused(NoFreeSlotOnAnyDevice))(0) Mounted(publishes=2)(35) Published(23)	Completed
V1[base]	3	0	20	2	Rollback(Ring1)	Refused(MountError::Publish(PublishError::PlacementRefused(NoFreeSlotOnAnyDevice)))(15) Refused(PublishError::PlacementRefused(NoFreeSlotOnAnyDevice))(0) Refused(PublishError::PlacementRefused(NoFreeSlotOnAnyDevice))(0) Mounted(publishes=2)(35) Published(23)	Completed
V1[base]	3	0	20	2	Rollback(Ring2)	Refused(MountError::Publish(PublishError::PlacementRefused(NoFreeSlotOnAnyDevice)))(15) Refused(PublishError::PlacementRefused(NoFreeSlotOnAnyDevice))(0) Refused(PublishError::PlacementRefused(NoFreeSlotOnAnyDevice))(0) Mounted(publishes=2)(35) Published(23)	Completed
V1[base]	3	0	20	2	Rollback(Ring3)	Refused(MountError::Publish(PublishError::PlacementRefused(NoFreeSlotOnAnyDevice)))(15) Refused(PublishError::PlacementRefused(NoFreeSlotOnAnyDevice))(0) Refused(PublishError::PlacementRefused(NoFreeSlotOnAnyDevice))(0) Mounted(publishes=2)(35) Published(23)	Completed
V1[base]	3	0	20	2	Rollback(Ring4)	Refused(MountError::Publish(PublishError::PlacementRefused(NoFreeSlotOnAnyDevice)))(15) Refused(PublishError::PlacementRefused(NoFreeSlotOnAnyDevice))(0) Refused(PublishError::PlacementRefused(NoFreeSlotOnAnyDevice))(0) Mounted(publishes=2)(35) Published(23)	Completed
V1[base]	3	0	20	2	Rollback(Ring5)	Refused(MountError::Publish(PublishError::PlacementRefused(NoFreeSlotOnAnyDevice)))(15) Refused(PublishError::PlacementRefused(NoFreeSlotOnAnyDevice))(0) Refused(PublishError::PlacementRefused(NoFreeSlotOnAnyDevice))(0) Mounted(publishes=2)(35) Published(23)	Completed
V1[base]	3	0	20	2	Rollback(Ring6)	Refused(MountError::Publish(PublishError::PlacementRefused(NoFreeSlotOnAnyDevice)))(15) Refused(PublishError::PlacementRefused(NoFreeSlotOnAnyDevice))(0) Refused(PublishError::PlacementRefused(NoFreeSlotOnAnyDevice))(0) Mounted(publishes=2)(35) Published(23)	Completed
V1[base]	3	0	20	2	Rollback(Ring7)	Refused(MountError::Publish(PublishError::PlacementRefused(NoFreeSlotOnAnyDevice)))(15) Refused(PublishError::PlacementRefused(NoFreeSlotOnAnyDevice))(0) Refused(PublishError::PlacementRefused(NoFreeSlotOnAnyDevice))(0) Mounted(publishes=2)(35) Published(23)	Completed
V1[base]	3	0	20	3	MountWritable	Refused(MountError::Publish(PublishError::PlacementRefused(NoFreeSlotOnAnyDevice)))(15) Refused(PublishError::PlacementRefused(NoFreeSlotOnAnyDevice))(0) Refused(PublishError::PlacementRefused(NoFreeSlotOnAnyDevice))(0) Refused(PublishError::PlacementRefused(NoFreeSlotOnAnyDevice))(0) Mounted(publishes=2)(35) Published(23)	Completed
V1[base]	3	0	20	3	ColdStartRecover	Refused(MountError::Publish(PublishError::PlacementRefused(NoFreeSlotOnAnyDevice)))(15) Refused(PublishError::PlacementRefused(NoFreeSlotOnAnyDevice))(0) Refused(PublishError::PlacementRefused(NoFreeSlotOnAnyDevice))(0) Refused(PublishError::PlacementRefused(NoFreeSlotOnAnyDevice))(0) Recovered(0) NotApplicable(NoWritableSession)(0)	Completed
V1[base]	3	0	20	3	Rollback(NewestFloor)	Refused(MountError::Publish(PublishError::PlacementRefused(NoFreeSlotOnAnyDevice)))(15) Refused(PublishError::PlacementRefused(NoFreeSlotOnAnyDevice))(0) Refused(PublishError::PlacementRefused(NoFreeSlotOnAnyDevice))(0) Refused(PublishError::PlacementRefused(NoFreeSlotOnAnyDevice))(0) Mounted(publishes=2)(35) Published(23)	Completed
V1[base]	3	0	20	3	Rollback(Ring0)	Refused(MountError::Publish(PublishError::PlacementRefused(NoFreeSlotOnAnyDevice)))(15) Refused(PublishError::PlacementRefused(NoFreeSlotOnAnyDevice))(0) Refused(PublishError::PlacementRefused(NoFreeSlotOnAnyDevice))(0) Refused(PublishError::PlacementRefused(NoFreeSlotOnAnyDevice))(0) Mounted(publishes=2)(35) Published(23)	Completed
V1[base]	3	0	20	3	Rollback(Ring1)	Refused(MountError::Publish(PublishError::PlacementRefused(NoFreeSlotOnAnyDevice)))(15) Refused(PublishError::PlacementRefused(NoFreeSlotOnAnyDevice))(0) Refused(PublishError::PlacementRefused(NoFreeSlotOnAnyDevice))(0) Refused(PublishError::PlacementRefused(NoFreeSlotOnAnyDevice))(0) Mounted(publishes=2)(35) Published(23)	Completed
V1[base]	3	0	20	3	Rollback(Ring2)	Refused(MountError::Publish(PublishError::PlacementRefused(NoFreeSlotOnAnyDevice)))(15) Refused(PublishError::PlacementRefused(NoFreeSlotOnAnyDevice))(0) Refused(PublishError::PlacementRefused(NoFreeSlotOnAnyDevice))(0) Refused(PublishError::PlacementRefused(NoFreeSlotOnAnyDevice))(0) Mounted(publishes=2)(35) Published(23)	Completed
V1[base]	3	0	20	3	Rollback(Ring3)	Refused(MountError::Publish(PublishError::PlacementRefused(NoFreeSlotOnAnyDevice)))(15) Refused(PublishError::PlacementRefused(NoFreeSlotOnAnyDevice))(0) Refused(PublishError::PlacementRefused(NoFreeSlotOnAnyDevice))(0) Refused(PublishError::PlacementRefused(NoFreeSlotOnAnyDevice))(0) Mounted(publishes=2)(35) Published(23)	Completed
V1[base]	3	0	20	3	Rollback(Ring4)	Refused(MountError::Publish(PublishError::PlacementRefused(NoFreeSlotOnAnyDevice)))(15) Refused(PublishError::PlacementRefused(NoFreeSlotOnAnyDevice))(0) Refused(PublishError::PlacementRefused(NoFreeSlotOnAnyDevice))(0) Refused(PublishError::PlacementRefused(NoFreeSlotOnAnyDevice))(0) Mounted(publishes=2)(35) Published(23)	Completed
V1[base]	3	0	20	3	Rollback(Ring5)	Refused(MountError::Publish(PublishError::PlacementRefused(NoFreeSlotOnAnyDevice)))(15) Refused(PublishError::PlacementRefused(NoFreeSlotOnAnyDevice))(0) Refused(PublishError::PlacementRefused(NoFreeSlotOnAnyDevice))(0) Refused(PublishError::PlacementRefused(NoFreeSlotOnAnyDevice))(0) Mounted(publishes=2)(35) Published(23)	Completed
V1[base]	3	0	20	3	Rollback(Ring6)	Refused(MountError::Publish(PublishError::PlacementRefused(NoFreeSlotOnAnyDevice)))(15) Refused(PublishError::PlacementRefused(NoFreeSlotOnAnyDevice))(0) Refused(PublishError::PlacementRefused(NoFreeSlotOnAnyDevice))(0) Refused(PublishError::PlacementRefused(NoFreeSlotOnAnyDevice))(0) Mounted(publishes=2)(35) Published(23)	Completed
V1[base]	3	0	20	3	Rollback(Ring7)	Refused(MountError::Publish(PublishError::PlacementRefused(NoFreeSlotOnAnyDevice)))(15) Refused(PublishError::PlacementRefused(NoFreeSlotOnAnyDevice))(0) Refused(PublishError::PlacementRefused(NoFreeSlotOnAnyDevice))(0) Refused(PublishError::PlacementRefused(NoFreeSlotOnAnyDevice))(0) Mounted(publishes=2)(35) Published(23)	Completed
V1[base]	3	0	36	1	MountWritable	Refused(MountError::Publish(PublishError::PlacementRefused(NoFreeSlotOnAnyDevice)))(15) Refused(PublishError::PlacementRefused(NoFreeSlotOnAnyDevice))(0) Mounted(publishes=2)(35) Published(23)	Completed
V1[base]	3	0	36	1	ColdStartRecover	Refused(MountError::Publish(PublishError::PlacementRefused(NoFreeSlotOnAnyDevice)))(15) Refused(PublishError::PlacementRefused(NoFreeSlotOnAnyDevice))(0) Recovered(0) NotApplicable(NoWritableSession)(0)	Completed
V1[base]	3	0	36	1	Rollback(NewestFloor)	Refused(MountError::Publish(PublishError::PlacementRefused(NoFreeSlotOnAnyDevice)))(15) Refused(PublishError::PlacementRefused(NoFreeSlotOnAnyDevice))(0) Mounted(publishes=2)(35) Published(23)	Completed
V1[base]	3	0	36	1	Rollback(Ring0)	Refused(MountError::Publish(PublishError::PlacementRefused(NoFreeSlotOnAnyDevice)))(15) Refused(PublishError::PlacementRefused(NoFreeSlotOnAnyDevice))(0) Mounted(publishes=2)(35) Published(23)	Completed
V1[base]	3	0	36	1	Rollback(Ring1)	Refused(MountError::Publish(PublishError::PlacementRefused(NoFreeSlotOnAnyDevice)))(15) Refused(PublishError::PlacementRefused(NoFreeSlotOnAnyDevice))(0) Mounted(publishes=2)(35) Published(23)	Completed
V1[base]	3	0	36	1	Rollback(Ring2)	Refused(MountError::Publish(PublishError::PlacementRefused(NoFreeSlotOnAnyDevice)))(15) Refused(PublishError::PlacementRefused(NoFreeSlotOnAnyDevice))(0) Mounted(publishes=2)(35) Published(23)	Completed
V1[base]	3	0	36	1	Rollback(Ring3)	Refused(MountError::Publish(PublishError::PlacementRefused(NoFreeSlotOnAnyDevice)))(15) Refused(PublishError::PlacementRefused(NoFreeSlotOnAnyDevice))(0) Mounted(publishes=2)(35) Published(23)	Completed
V1[base]	3	0	36	1	Rollback(Ring4)	Refused(MountError::Publish(PublishError::PlacementRefused(NoFreeSlotOnAnyDevice)))(15) Refused(PublishError::PlacementRefused(NoFreeSlotOnAnyDevice))(0) Mounted(publishes=2)(35) Published(23)	Completed
V1[base]	3	0	36	1	Rollback(Ring5)	Refused(MountError::Publish(PublishError::PlacementRefused(NoFreeSlotOnAnyDevice)))(15) Refused(PublishError::PlacementRefused(NoFreeSlotOnAnyDevice))(0) Mounted(publishes=2)(35) Published(23)	Completed
V1[base]	3	0	36	1	Rollback(Ring6)	Refused(MountError::Publish(PublishError::PlacementRefused(NoFreeSlotOnAnyDevice)))(15) Refused(PublishError::PlacementRefused(NoFreeSlotOnAnyDevice))(0) Mounted(publishes=2)(35) Published(23)	Completed
V1[base]	3	0	36	1	Rollback(Ring7)	Refused(MountError::Publish(PublishError::PlacementRefused(NoFreeSlotOnAnyDevice)))(15) Refused(PublishError::PlacementRefused(NoFreeSlotOnAnyDevice))(0) Mounted(publishes=2)(35) Published(23)	Completed
V1[base]	3	0	36	2	MountWritable	Refused(MountError::Publish(PublishError::PlacementRefused(NoFreeSlotOnAnyDevice)))(15) Refused(PublishError::PlacementRefused(NoFreeSlotOnAnyDevice))(0) Refused(PublishError::PlacementRefused(NoFreeSlotOnAnyDevice))(0) Mounted(publishes=2)(35) Published(23)	Completed
V1[base]	3	0	36	2	ColdStartRecover	Refused(MountError::Publish(PublishError::PlacementRefused(NoFreeSlotOnAnyDevice)))(15) Refused(PublishError::PlacementRefused(NoFreeSlotOnAnyDevice))(0) Refused(PublishError::PlacementRefused(NoFreeSlotOnAnyDevice))(0) Recovered(0) NotApplicable(NoWritableSession)(0)	Completed
V1[base]	3	0	36	2	Rollback(NewestFloor)	Refused(MountError::Publish(PublishError::PlacementRefused(NoFreeSlotOnAnyDevice)))(15) Refused(PublishError::PlacementRefused(NoFreeSlotOnAnyDevice))(0) Refused(PublishError::PlacementRefused(NoFreeSlotOnAnyDevice))(0) Mounted(publishes=2)(35) Published(23)	Completed
V1[base]	3	0	36	2	Rollback(Ring0)	Refused(MountError::Publish(PublishError::PlacementRefused(NoFreeSlotOnAnyDevice)))(15) Refused(PublishError::PlacementRefused(NoFreeSlotOnAnyDevice))(0) Refused(PublishError::PlacementRefused(NoFreeSlotOnAnyDevice))(0) Mounted(publishes=2)(35) Published(23)	Completed
V1[base]	3	0	36	2	Rollback(Ring1)	Refused(MountError::Publish(PublishError::PlacementRefused(NoFreeSlotOnAnyDevice)))(15) Refused(PublishError::PlacementRefused(NoFreeSlotOnAnyDevice))(0) Refused(PublishError::PlacementRefused(NoFreeSlotOnAnyDevice))(0) Mounted(publishes=2)(35) Published(23)	Completed
V1[base]	3	0	36	2	Rollback(Ring2)	Refused(MountError::Publish(PublishError::PlacementRefused(NoFreeSlotOnAnyDevice)))(15) Refused(PublishError::PlacementRefused(NoFreeSlotOnAnyDevice))(0) Refused(PublishError::PlacementRefused(NoFreeSlotOnAnyDevice))(0) Mounted(publishes=2)(35) Published(23)	Completed
V1[base]	3	0	36	2	Rollback(Ring3)	Refused(MountError::Publish(PublishError::PlacementRefused(NoFreeSlotOnAnyDevice)))(15) Refused(PublishError::PlacementRefused(NoFreeSlotOnAnyDevice))(0) Refused(PublishError::PlacementRefused(NoFreeSlotOnAnyDevice))(0) Mounted(publishes=2)(35) Published(23)	Completed
V1[base]	3	0	36	2	Rollback(Ring4)	Refused(MountError::Publish(PublishError::PlacementRefused(NoFreeSlotOnAnyDevice)))(15) Refused(PublishError::PlacementRefused(NoFreeSlotOnAnyDevice))(0) Refused(PublishError::PlacementRefused(NoFreeSlotOnAnyDevice))(0) Mounted(publishes=2)(35) Published(23)	Completed
V1[base]	3	0	36	2	Rollback(Ring5)	Refused(MountError::Publish(PublishError::PlacementRefused(NoFreeSlotOnAnyDevice)))(15) Refused(PublishError::PlacementRefused(NoFreeSlotOnAnyDevice))(0) Refused(PublishError::PlacementRefused(NoFreeSlotOnAnyDevice))(0) Mounted(publishes=2)(35) Published(23)	Completed
V1[base]	3	0	36	2	Rollback(Ring6)	Refused(MountError::Publish(PublishError::PlacementRefused(NoFreeSlotOnAnyDevice)))(15) Refused(PublishError::PlacementRefused(NoFreeSlotOnAnyDevice))(0) Refused(PublishError::PlacementRefused(NoFreeSlotOnAnyDevice))(0) Mounted(publishes=2)(35) Published(23)	Completed
V1[base]	3	0	36	2	Rollback(Ring7)	Refused(MountError::Publish(PublishError::PlacementRefused(NoFreeSlotOnAnyDevice)))(15) Refused(PublishError::PlacementRefused(NoFreeSlotOnAnyDevice))(0) Refused(PublishError::PlacementRefused(NoFreeSlotOnAnyDevice))(0) Mounted(publishes=2)(35) Published(23)	Completed
V1[base]	3	0	36	3	MountWritable	Refused(MountError::Publish(PublishError::PlacementRefused(NoFreeSlotOnAnyDevice)))(15) Refused(PublishError::PlacementRefused(NoFreeSlotOnAnyDevice))(0) Refused(PublishError::PlacementRefused(NoFreeSlotOnAnyDevice))(0) Refused(PublishError::PlacementRefused(NoFreeSlotOnAnyDevice))(0) Mounted(publishes=2)(35) Published(23)	Completed
V1[base]	3	0	36	3	ColdStartRecover	Refused(MountError::Publish(PublishError::PlacementRefused(NoFreeSlotOnAnyDevice)))(15) Refused(PublishError::PlacementRefused(NoFreeSlotOnAnyDevice))(0) Refused(PublishError::PlacementRefused(NoFreeSlotOnAnyDevice))(0) Refused(PublishError::PlacementRefused(NoFreeSlotOnAnyDevice))(0) Recovered(0) NotApplicable(NoWritableSession)(0)	Completed
V1[base]	3	0	36	3	Rollback(NewestFloor)	Refused(MountError::Publish(PublishError::PlacementRefused(NoFreeSlotOnAnyDevice)))(15) Refused(PublishError::PlacementRefused(NoFreeSlotOnAnyDevice))(0) Refused(PublishError::PlacementRefused(NoFreeSlotOnAnyDevice))(0) Refused(PublishError::PlacementRefused(NoFreeSlotOnAnyDevice))(0) Mounted(publishes=2)(35) Published(23)	Completed
V1[base]	3	0	36	3	Rollback(Ring0)	Refused(MountError::Publish(PublishError::PlacementRefused(NoFreeSlotOnAnyDevice)))(15) Refused(PublishError::PlacementRefused(NoFreeSlotOnAnyDevice))(0) Refused(PublishError::PlacementRefused(NoFreeSlotOnAnyDevice))(0) Refused(PublishError::PlacementRefused(NoFreeSlotOnAnyDevice))(0) Mounted(publishes=2)(35) Published(23)	Completed
V1[base]	3	0	36	3	Rollback(Ring1)	Refused(MountError::Publish(PublishError::PlacementRefused(NoFreeSlotOnAnyDevice)))(15) Refused(PublishError::PlacementRefused(NoFreeSlotOnAnyDevice))(0) Refused(PublishError::PlacementRefused(NoFreeSlotOnAnyDevice))(0) Refused(PublishError::PlacementRefused(NoFreeSlotOnAnyDevice))(0) Mounted(publishes=2)(35) Published(23)	Completed
V1[base]	3	0	36	3	Rollback(Ring2)	Refused(MountError::Publish(PublishError::PlacementRefused(NoFreeSlotOnAnyDevice)))(15) Refused(PublishError::PlacementRefused(NoFreeSlotOnAnyDevice))(0) Refused(PublishError::PlacementRefused(NoFreeSlotOnAnyDevice))(0) Refused(PublishError::PlacementRefused(NoFreeSlotOnAnyDevice))(0) Mounted(publishes=2)(35) Published(23)	Completed
V1[base]	3	0	36	3	Rollback(Ring3)	Refused(MountError::Publish(PublishError::PlacementRefused(NoFreeSlotOnAnyDevice)))(15) Refused(PublishError::PlacementRefused(NoFreeSlotOnAnyDevice))(0) Refused(PublishError::PlacementRefused(NoFreeSlotOnAnyDevice))(0) Refused(PublishError::PlacementRefused(NoFreeSlotOnAnyDevice))(0) Mounted(publishes=2)(35) Published(23)	Completed
V1[base]	3	0	36	3	Rollback(Ring4)	Refused(MountError::Publish(PublishError::PlacementRefused(NoFreeSlotOnAnyDevice)))(15) Refused(PublishError::PlacementRefused(NoFreeSlotOnAnyDevice))(0) Refused(PublishError::PlacementRefused(NoFreeSlotOnAnyDevice))(0) Refused(PublishError::PlacementRefused(NoFreeSlotOnAnyDevice))(0) Mounted(publishes=2)(35) Published(23)	Completed
V1[base]	3	0	36	3	Rollback(Ring5)	Refused(MountError::Publish(PublishError::PlacementRefused(NoFreeSlotOnAnyDevice)))(15) Refused(PublishError::PlacementRefused(NoFreeSlotOnAnyDevice))(0) Refused(PublishError::PlacementRefused(NoFreeSlotOnAnyDevice))(0) Refused(PublishError::PlacementRefused(NoFreeSlotOnAnyDevice))(0) Mounted(publishes=2)(35) Published(23)	Completed
V1[base]	3	0	36	3	Rollback(Ring6)	Refused(MountError::Publish(PublishError::PlacementRefused(NoFreeSlotOnAnyDevice)))(15) Refused(PublishError::PlacementRefused(NoFreeSlotOnAnyDevice))(0) Refused(PublishError::PlacementRefused(NoFreeSlotOnAnyDevice))(0) Refused(PublishError::PlacementRefused(NoFreeSlotOnAnyDevice))(0) Mounted(publishes=2)(35) Published(23)	Completed
V1[base]	3	0	36	3	Rollback(Ring7)	Refused(MountError::Publish(PublishError::PlacementRefused(NoFreeSlotOnAnyDevice)))(15) Refused(PublishError::PlacementRefused(NoFreeSlotOnAnyDevice))(0) Refused(PublishError::PlacementRefused(NoFreeSlotOnAnyDevice))(0) Refused(PublishError::PlacementRefused(NoFreeSlotOnAnyDevice))(0) Mounted(publishes=2)(35) Published(23)	Completed
V1[base]	3	1	20	1	MountWritable	Refused(MountError::Publish(PublishError::PlacementRefused(NoFreeSlotOnAnyDevice)))(15) Refused(PublishError::PlacementRefused(NoFreeSlotOnAnyDevice))(0) Mounted(publishes=3)(50) Published(23)	Completed
V1[base]	3	1	20	1	ColdStartRecover	Refused(MountError::Publish(PublishError::PlacementRefused(NoFreeSlotOnAnyDevice)))(15) Refused(PublishError::PlacementRefused(NoFreeSlotOnAnyDevice))(0) Recovered(0) NotApplicable(NoWritableSession)(0)	Completed
V1[base]	3	1	20	1	Rollback(NewestFloor)	Refused(MountError::Publish(PublishError::PlacementRefused(NoFreeSlotOnAnyDevice)))(15) Refused(PublishError::PlacementRefused(NoFreeSlotOnAnyDevice))(0) Mounted(publishes=3)(50) Published(23)	Completed
V1[base]	3	1	20	1	Rollback(Ring0)	Refused(MountError::Publish(PublishError::PlacementRefused(NoFreeSlotOnAnyDevice)))(15) Refused(PublishError::PlacementRefused(NoFreeSlotOnAnyDevice))(0) Mounted(publishes=3)(50) Published(23)	Completed
V1[base]	3	1	20	1	Rollback(Ring1)	Refused(MountError::Publish(PublishError::PlacementRefused(NoFreeSlotOnAnyDevice)))(15) Refused(PublishError::PlacementRefused(NoFreeSlotOnAnyDevice))(0) Mounted(publishes=3)(50) Published(23)	Completed
V1[base]	3	1	20	1	Rollback(Ring2)	Refused(MountError::Publish(PublishError::PlacementRefused(NoFreeSlotOnAnyDevice)))(15) Refused(PublishError::PlacementRefused(NoFreeSlotOnAnyDevice))(0) Mounted(publishes=3)(50) Published(23)	Completed
V1[base]	3	1	20	1	Rollback(Ring3)	Refused(MountError::Publish(PublishError::PlacementRefused(NoFreeSlotOnAnyDevice)))(15) Refused(PublishError::PlacementRefused(NoFreeSlotOnAnyDevice))(0) Mounted(publishes=3)(50) Published(23)	Completed
V1[base]	3	1	20	1	Rollback(Ring4)	Refused(MountError::Publish(PublishError::PlacementRefused(NoFreeSlotOnAnyDevice)))(15) Refused(PublishError::PlacementRefused(NoFreeSlotOnAnyDevice))(0) Mounted(publishes=3)(50) Published(23)	Completed
V1[base]	3	1	20	1	Rollback(Ring5)	Refused(MountError::Publish(PublishError::PlacementRefused(NoFreeSlotOnAnyDevice)))(15) Refused(PublishError::PlacementRefused(NoFreeSlotOnAnyDevice))(0) Mounted(publishes=3)(50) Published(23)	Completed
V1[base]	3	1	20	1	Rollback(Ring6)	Refused(MountError::Publish(PublishError::PlacementRefused(NoFreeSlotOnAnyDevice)))(15) Refused(PublishError::PlacementRefused(NoFreeSlotOnAnyDevice))(0) Mounted(publishes=3)(50) Published(23)	Completed
V1[base]	3	1	20	1	Rollback(Ring7)	Refused(MountError::Publish(PublishError::PlacementRefused(NoFreeSlotOnAnyDevice)))(15) Refused(PublishError::PlacementRefused(NoFreeSlotOnAnyDevice))(0) Mounted(publishes=3)(50) Published(23)	Completed
V1[base]	3	1	20	2	MountWritable	Refused(MountError::Publish(PublishError::PlacementRefused(NoFreeSlotOnAnyDevice)))(15) Refused(PublishError::PlacementRefused(NoFreeSlotOnAnyDevice))(0) Refused(PublishError::PlacementRefused(NoFreeSlotOnAnyDevice))(0) Mounted(publishes=3)(50) Published(23)	Completed
V1[base]	3	1	20	2	ColdStartRecover	Refused(MountError::Publish(PublishError::PlacementRefused(NoFreeSlotOnAnyDevice)))(15) Refused(PublishError::PlacementRefused(NoFreeSlotOnAnyDevice))(0) Refused(PublishError::PlacementRefused(NoFreeSlotOnAnyDevice))(0) Recovered(0) NotApplicable(NoWritableSession)(0)	Completed
V1[base]	3	1	20	2	Rollback(NewestFloor)	Refused(MountError::Publish(PublishError::PlacementRefused(NoFreeSlotOnAnyDevice)))(15) Refused(PublishError::PlacementRefused(NoFreeSlotOnAnyDevice))(0) Refused(PublishError::PlacementRefused(NoFreeSlotOnAnyDevice))(0) Mounted(publishes=3)(50) Published(23)	Completed
V1[base]	3	1	20	2	Rollback(Ring0)	Refused(MountError::Publish(PublishError::PlacementRefused(NoFreeSlotOnAnyDevice)))(15) Refused(PublishError::PlacementRefused(NoFreeSlotOnAnyDevice))(0) Refused(PublishError::PlacementRefused(NoFreeSlotOnAnyDevice))(0) Mounted(publishes=3)(50) Published(23)	Completed
V1[base]	3	1	20	2	Rollback(Ring1)	Refused(MountError::Publish(PublishError::PlacementRefused(NoFreeSlotOnAnyDevice)))(15) Refused(PublishError::PlacementRefused(NoFreeSlotOnAnyDevice))(0) Refused(PublishError::PlacementRefused(NoFreeSlotOnAnyDevice))(0) Mounted(publishes=3)(50) Published(23)	Completed
V1[base]	3	1	20	2	Rollback(Ring2)	Refused(MountError::Publish(PublishError::PlacementRefused(NoFreeSlotOnAnyDevice)))(15) Refused(PublishError::PlacementRefused(NoFreeSlotOnAnyDevice))(0) Refused(PublishError::PlacementRefused(NoFreeSlotOnAnyDevice))(0) Mounted(publishes=3)(50) Published(23)	Completed
V1[base]	3	1	20	2	Rollback(Ring3)	Refused(MountError::Publish(PublishError::PlacementRefused(NoFreeSlotOnAnyDevice)))(15) Refused(PublishError::PlacementRefused(NoFreeSlotOnAnyDevice))(0) Refused(PublishError::PlacementRefused(NoFreeSlotOnAnyDevice))(0) Mounted(publishes=3)(50) Published(23)	Completed
V1[base]	3	1	20	2	Rollback(Ring4)	Refused(MountError::Publish(PublishError::PlacementRefused(NoFreeSlotOnAnyDevice)))(15) Refused(PublishError::PlacementRefused(NoFreeSlotOnAnyDevice))(0) Refused(PublishError::PlacementRefused(NoFreeSlotOnAnyDevice))(0) Mounted(publishes=3)(50) Published(23)	Completed
V1[base]	3	1	20	2	Rollback(Ring5)	Refused(MountError::Publish(PublishError::PlacementRefused(NoFreeSlotOnAnyDevice)))(15) Refused(PublishError::PlacementRefused(NoFreeSlotOnAnyDevice))(0) Refused(PublishError::PlacementRefused(NoFreeSlotOnAnyDevice))(0) Mounted(publishes=3)(50) Published(23)	Completed
V1[base]	3	1	20	2	Rollback(Ring6)	Refused(MountError::Publish(PublishError::PlacementRefused(NoFreeSlotOnAnyDevice)))(15) Refused(PublishError::PlacementRefused(NoFreeSlotOnAnyDevice))(0) Refused(PublishError::PlacementRefused(NoFreeSlotOnAnyDevice))(0) Mounted(publishes=3)(50) Published(23)	Completed
V1[base]	3	1	20	2	Rollback(Ring7)	Refused(MountError::Publish(PublishError::PlacementRefused(NoFreeSlotOnAnyDevice)))(15) Refused(PublishError::PlacementRefused(NoFreeSlotOnAnyDevice))(0) Refused(PublishError::PlacementRefused(NoFreeSlotOnAnyDevice))(0) Mounted(publishes=3)(50) Published(23)	Completed
V1[base]	3	1	20	3	MountWritable	Refused(MountError::Publish(PublishError::PlacementRefused(NoFreeSlotOnAnyDevice)))(15) Refused(PublishError::PlacementRefused(NoFreeSlotOnAnyDevice))(0) Refused(PublishError::PlacementRefused(NoFreeSlotOnAnyDevice))(0) Refused(PublishError::PlacementRefused(NoFreeSlotOnAnyDevice))(0) Mounted(publishes=3)(50) Published(23)	Completed
V1[base]	3	1	20	3	ColdStartRecover	Refused(MountError::Publish(PublishError::PlacementRefused(NoFreeSlotOnAnyDevice)))(15) Refused(PublishError::PlacementRefused(NoFreeSlotOnAnyDevice))(0) Refused(PublishError::PlacementRefused(NoFreeSlotOnAnyDevice))(0) Refused(PublishError::PlacementRefused(NoFreeSlotOnAnyDevice))(0) Recovered(0) NotApplicable(NoWritableSession)(0)	Completed
V1[base]	3	1	20	3	Rollback(NewestFloor)	Refused(MountError::Publish(PublishError::PlacementRefused(NoFreeSlotOnAnyDevice)))(15) Refused(PublishError::PlacementRefused(NoFreeSlotOnAnyDevice))(0) Refused(PublishError::PlacementRefused(NoFreeSlotOnAnyDevice))(0) Refused(PublishError::PlacementRefused(NoFreeSlotOnAnyDevice))(0) Mounted(publishes=3)(50) Published(23)	Completed
V1[base]	3	1	20	3	Rollback(Ring0)	Refused(MountError::Publish(PublishError::PlacementRefused(NoFreeSlotOnAnyDevice)))(15) Refused(PublishError::PlacementRefused(NoFreeSlotOnAnyDevice))(0) Refused(PublishError::PlacementRefused(NoFreeSlotOnAnyDevice))(0) Refused(PublishError::PlacementRefused(NoFreeSlotOnAnyDevice))(0) Mounted(publishes=3)(50) Published(23)	Completed
V1[base]	3	1	20	3	Rollback(Ring1)	Refused(MountError::Publish(PublishError::PlacementRefused(NoFreeSlotOnAnyDevice)))(15) Refused(PublishError::PlacementRefused(NoFreeSlotOnAnyDevice))(0) Refused(PublishError::PlacementRefused(NoFreeSlotOnAnyDevice))(0) Refused(PublishError::PlacementRefused(NoFreeSlotOnAnyDevice))(0) Mounted(publishes=3)(50) Published(23)	Completed
V1[base]	3	1	20	3	Rollback(Ring2)	Refused(MountError::Publish(PublishError::PlacementRefused(NoFreeSlotOnAnyDevice)))(15) Refused(PublishError::PlacementRefused(NoFreeSlotOnAnyDevice))(0) Refused(PublishError::PlacementRefused(NoFreeSlotOnAnyDevice))(0) Refused(PublishError::PlacementRefused(NoFreeSlotOnAnyDevice))(0) Mounted(publishes=3)(50) Published(23)	Completed
V1[base]	3	1	20	3	Rollback(Ring3)	Refused(MountError::Publish(PublishError::PlacementRefused(NoFreeSlotOnAnyDevice)))(15) Refused(PublishError::PlacementRefused(NoFreeSlotOnAnyDevice))(0) Refused(PublishError::PlacementRefused(NoFreeSlotOnAnyDevice))(0) Refused(PublishError::PlacementRefused(NoFreeSlotOnAnyDevice))(0) Mounted(publishes=3)(50) Published(23)	Completed
V1[base]	3	1	20	3	Rollback(Ring4)	Refused(MountError::Publish(PublishError::PlacementRefused(NoFreeSlotOnAnyDevice)))(15) Refused(PublishError::PlacementRefused(NoFreeSlotOnAnyDevice))(0) Refused(PublishError::PlacementRefused(NoFreeSlotOnAnyDevice))(0) Refused(PublishError::PlacementRefused(NoFreeSlotOnAnyDevice))(0) Mounted(publishes=3)(50) Published(23)	Completed
V1[base]	3	1	20	3	Rollback(Ring5)	Refused(MountError::Publish(PublishError::PlacementRefused(NoFreeSlotOnAnyDevice)))(15) Refused(PublishError::PlacementRefused(NoFreeSlotOnAnyDevice))(0) Refused(PublishError::PlacementRefused(NoFreeSlotOnAnyDevice))(0) Refused(PublishError::PlacementRefused(NoFreeSlotOnAnyDevice))(0) Mounted(publishes=3)(50) Published(23)	Completed
V1[base]	3	1	20	3	Rollback(Ring6)	Refused(MountError::Publish(PublishError::PlacementRefused(NoFreeSlotOnAnyDevice)))(15) Refused(PublishError::PlacementRefused(NoFreeSlotOnAnyDevice))(0) Refused(PublishError::PlacementRefused(NoFreeSlotOnAnyDevice))(0) Refused(PublishError::PlacementRefused(NoFreeSlotOnAnyDevice))(0) Mounted(publishes=3)(50) Published(23)	Completed
V1[base]	3	1	20	3	Rollback(Ring7)	Refused(MountError::Publish(PublishError::PlacementRefused(NoFreeSlotOnAnyDevice)))(15) Refused(PublishError::PlacementRefused(NoFreeSlotOnAnyDevice))(0) Refused(PublishError::PlacementRefused(NoFreeSlotOnAnyDevice))(0) Refused(PublishError::PlacementRefused(NoFreeSlotOnAnyDevice))(0) Mounted(publishes=3)(50) Published(23)	Completed
V1[base]	3	1	36	1	MountWritable	Refused(MountError::Publish(PublishError::PlacementRefused(NoFreeSlotOnAnyDevice)))(15) Refused(PublishError::PlacementRefused(NoFreeSlotOnAnyDevice))(0) Mounted(publishes=3)(50) Published(23)	Completed
V1[base]	3	1	36	1	ColdStartRecover	Refused(MountError::Publish(PublishError::PlacementRefused(NoFreeSlotOnAnyDevice)))(15) Refused(PublishError::PlacementRefused(NoFreeSlotOnAnyDevice))(0) Recovered(0) NotApplicable(NoWritableSession)(0)	Completed
V1[base]	3	1	36	1	Rollback(NewestFloor)	Refused(MountError::Publish(PublishError::PlacementRefused(NoFreeSlotOnAnyDevice)))(15) Refused(PublishError::PlacementRefused(NoFreeSlotOnAnyDevice))(0) Mounted(publishes=3)(50) Published(23)	Completed
V1[base]	3	1	36	1	Rollback(Ring0)	Refused(MountError::Publish(PublishError::PlacementRefused(NoFreeSlotOnAnyDevice)))(15) Refused(PublishError::PlacementRefused(NoFreeSlotOnAnyDevice))(0) Mounted(publishes=3)(50) Published(23)	Completed
V1[base]	3	1	36	1	Rollback(Ring1)	Refused(MountError::Publish(PublishError::PlacementRefused(NoFreeSlotOnAnyDevice)))(15) Refused(PublishError::PlacementRefused(NoFreeSlotOnAnyDevice))(0) Mounted(publishes=3)(50) Published(23)	Completed
V1[base]	3	1	36	1	Rollback(Ring2)	Refused(MountError::Publish(PublishError::PlacementRefused(NoFreeSlotOnAnyDevice)))(15) Refused(PublishError::PlacementRefused(NoFreeSlotOnAnyDevice))(0) Mounted(publishes=3)(50) Published(23)	Completed
V1[base]	3	1	36	1	Rollback(Ring3)	Refused(MountError::Publish(PublishError::PlacementRefused(NoFreeSlotOnAnyDevice)))(15) Refused(PublishError::PlacementRefused(NoFreeSlotOnAnyDevice))(0) Mounted(publishes=3)(50) Published(23)	Completed
V1[base]	3	1	36	1	Rollback(Ring4)	Refused(MountError::Publish(PublishError::PlacementRefused(NoFreeSlotOnAnyDevice)))(15) Refused(PublishError::PlacementRefused(NoFreeSlotOnAnyDevice))(0) Mounted(publishes=3)(50) Published(23)	Completed
V1[base]	3	1	36	1	Rollback(Ring5)	Refused(MountError::Publish(PublishError::PlacementRefused(NoFreeSlotOnAnyDevice)))(15) Refused(PublishError::PlacementRefused(NoFreeSlotOnAnyDevice))(0) Mounted(publishes=3)(50) Published(23)	Completed
V1[base]	3	1	36	1	Rollback(Ring6)	Refused(MountError::Publish(PublishError::PlacementRefused(NoFreeSlotOnAnyDevice)))(15) Refused(PublishError::PlacementRefused(NoFreeSlotOnAnyDevice))(0) Mounted(publishes=3)(50) Published(23)	Completed
V1[base]	3	1	36	1	Rollback(Ring7)	Refused(MountError::Publish(PublishError::PlacementRefused(NoFreeSlotOnAnyDevice)))(15) Refused(PublishError::PlacementRefused(NoFreeSlotOnAnyDevice))(0) Mounted(publishes=3)(50) Published(23)	Completed
V1[base]	3	1	36	2	MountWritable	Refused(MountError::Publish(PublishError::PlacementRefused(NoFreeSlotOnAnyDevice)))(15) Refused(PublishError::PlacementRefused(NoFreeSlotOnAnyDevice))(0) Refused(PublishError::PlacementRefused(NoFreeSlotOnAnyDevice))(0) Mounted(publishes=3)(50) Published(23)	Completed
V1[base]	3	1	36	2	ColdStartRecover	Refused(MountError::Publish(PublishError::PlacementRefused(NoFreeSlotOnAnyDevice)))(15) Refused(PublishError::PlacementRefused(NoFreeSlotOnAnyDevice))(0) Refused(PublishError::PlacementRefused(NoFreeSlotOnAnyDevice))(0) Recovered(0) NotApplicable(NoWritableSession)(0)	Completed
V1[base]	3	1	36	2	Rollback(NewestFloor)	Refused(MountError::Publish(PublishError::PlacementRefused(NoFreeSlotOnAnyDevice)))(15) Refused(PublishError::PlacementRefused(NoFreeSlotOnAnyDevice))(0) Refused(PublishError::PlacementRefused(NoFreeSlotOnAnyDevice))(0) Mounted(publishes=3)(50) Published(23)	Completed
V1[base]	3	1	36	2	Rollback(Ring0)	Refused(MountError::Publish(PublishError::PlacementRefused(NoFreeSlotOnAnyDevice)))(15) Refused(PublishError::PlacementRefused(NoFreeSlotOnAnyDevice))(0) Refused(PublishError::PlacementRefused(NoFreeSlotOnAnyDevice))(0) Mounted(publishes=3)(50) Published(23)	Completed
V1[base]	3	1	36	2	Rollback(Ring1)	Refused(MountError::Publish(PublishError::PlacementRefused(NoFreeSlotOnAnyDevice)))(15) Refused(PublishError::PlacementRefused(NoFreeSlotOnAnyDevice))(0) Refused(PublishError::PlacementRefused(NoFreeSlotOnAnyDevice))(0) Mounted(publishes=3)(50) Published(23)	Completed
V1[base]	3	1	36	2	Rollback(Ring2)	Refused(MountError::Publish(PublishError::PlacementRefused(NoFreeSlotOnAnyDevice)))(15) Refused(PublishError::PlacementRefused(NoFreeSlotOnAnyDevice))(0) Refused(PublishError::PlacementRefused(NoFreeSlotOnAnyDevice))(0) Mounted(publishes=3)(50) Published(23)	Completed
V1[base]	3	1	36	2	Rollback(Ring3)	Refused(MountError::Publish(PublishError::PlacementRefused(NoFreeSlotOnAnyDevice)))(15) Refused(PublishError::PlacementRefused(NoFreeSlotOnAnyDevice))(0) Refused(PublishError::PlacementRefused(NoFreeSlotOnAnyDevice))(0) Mounted(publishes=3)(50) Published(23)	Completed
V1[base]	3	1	36	2	Rollback(Ring4)	Refused(MountError::Publish(PublishError::PlacementRefused(NoFreeSlotOnAnyDevice)))(15) Refused(PublishError::PlacementRefused(NoFreeSlotOnAnyDevice))(0) Refused(PublishError::PlacementRefused(NoFreeSlotOnAnyDevice))(0) Mounted(publishes=3)(50) Published(23)	Completed
V1[base]	3	1	36	2	Rollback(Ring5)	Refused(MountError::Publish(PublishError::PlacementRefused(NoFreeSlotOnAnyDevice)))(15) Refused(PublishError::PlacementRefused(NoFreeSlotOnAnyDevice))(0) Refused(PublishError::PlacementRefused(NoFreeSlotOnAnyDevice))(0) Mounted(publishes=3)(50) Published(23)	Completed
V1[base]	3	1	36	2	Rollback(Ring6)	Refused(MountError::Publish(PublishError::PlacementRefused(NoFreeSlotOnAnyDevice)))(15) Refused(PublishError::PlacementRefused(NoFreeSlotOnAnyDevice))(0) Refused(PublishError::PlacementRefused(NoFreeSlotOnAnyDevice))(0) Mounted(publishes=3)(50) Published(23)	Completed
V1[base]	3	1	36	2	Rollback(Ring7)	Refused(MountError::Publish(PublishError::PlacementRefused(NoFreeSlotOnAnyDevice)))(15) Refused(PublishError::PlacementRefused(NoFreeSlotOnAnyDevice))(0) Refused(PublishError::PlacementRefused(NoFreeSlotOnAnyDevice))(0) Mounted(publishes=3)(50) Published(23)	Completed
V1[base]	3	1	36	3	MountWritable	Refused(MountError::Publish(PublishError::PlacementRefused(NoFreeSlotOnAnyDevice)))(15) Refused(PublishError::PlacementRefused(NoFreeSlotOnAnyDevice))(0) Refused(PublishError::PlacementRefused(NoFreeSlotOnAnyDevice))(0) Refused(PublishError::PlacementRefused(NoFreeSlotOnAnyDevice))(0) Mounted(publishes=3)(50) Published(23)	Completed
V1[base]	3	1	36	3	ColdStartRecover	Refused(MountError::Publish(PublishError::PlacementRefused(NoFreeSlotOnAnyDevice)))(15) Refused(PublishError::PlacementRefused(NoFreeSlotOnAnyDevice))(0) Refused(PublishError::PlacementRefused(NoFreeSlotOnAnyDevice))(0) Refused(PublishError::PlacementRefused(NoFreeSlotOnAnyDevice))(0) Recovered(0) NotApplicable(NoWritableSession)(0)	Completed
V1[base]	3	1	36	3	Rollback(NewestFloor)	Refused(MountError::Publish(PublishError::PlacementRefused(NoFreeSlotOnAnyDevice)))(15) Refused(PublishError::PlacementRefused(NoFreeSlotOnAnyDevice))(0) Refused(PublishError::PlacementRefused(NoFreeSlotOnAnyDevice))(0) Refused(PublishError::PlacementRefused(NoFreeSlotOnAnyDevice))(0) Mounted(publishes=3)(50) Published(23)	Completed
V1[base]	3	1	36	3	Rollback(Ring0)	Refused(MountError::Publish(PublishError::PlacementRefused(NoFreeSlotOnAnyDevice)))(15) Refused(PublishError::PlacementRefused(NoFreeSlotOnAnyDevice))(0) Refused(PublishError::PlacementRefused(NoFreeSlotOnAnyDevice))(0) Refused(PublishError::PlacementRefused(NoFreeSlotOnAnyDevice))(0) Mounted(publishes=3)(50) Published(23)	Completed
V1[base]	3	1	36	3	Rollback(Ring1)	Refused(MountError::Publish(PublishError::PlacementRefused(NoFreeSlotOnAnyDevice)))(15) Refused(PublishError::PlacementRefused(NoFreeSlotOnAnyDevice))(0) Refused(PublishError::PlacementRefused(NoFreeSlotOnAnyDevice))(0) Refused(PublishError::PlacementRefused(NoFreeSlotOnAnyDevice))(0) Mounted(publishes=3)(50) Published(23)	Completed
V1[base]	3	1	36	3	Rollback(Ring2)	Refused(MountError::Publish(PublishError::PlacementRefused(NoFreeSlotOnAnyDevice)))(15) Refused(PublishError::PlacementRefused(NoFreeSlotOnAnyDevice))(0) Refused(PublishError::PlacementRefused(NoFreeSlotOnAnyDevice))(0) Refused(PublishError::PlacementRefused(NoFreeSlotOnAnyDevice))(0) Mounted(publishes=3)(50) Published(23)	Completed
V1[base]	3	1	36	3	Rollback(Ring3)	Refused(MountError::Publish(PublishError::PlacementRefused(NoFreeSlotOnAnyDevice)))(15) Refused(PublishError::PlacementRefused(NoFreeSlotOnAnyDevice))(0) Refused(PublishError::PlacementRefused(NoFreeSlotOnAnyDevice))(0) Refused(PublishError::PlacementRefused(NoFreeSlotOnAnyDevice))(0) Mounted(publishes=3)(50) Published(23)	Completed
V1[base]	3	1	36	3	Rollback(Ring4)	Refused(MountError::Publish(PublishError::PlacementRefused(NoFreeSlotOnAnyDevice)))(15) Refused(PublishError::PlacementRefused(NoFreeSlotOnAnyDevice))(0) Refused(PublishError::PlacementRefused(NoFreeSlotOnAnyDevice))(0) Refused(PublishError::PlacementRefused(NoFreeSlotOnAnyDevice))(0) Mounted(publishes=3)(50) Published(23)	Completed
V1[base]	3	1	36	3	Rollback(Ring5)	Refused(MountError::Publish(PublishError::PlacementRefused(NoFreeSlotOnAnyDevice)))(15) Refused(PublishError::PlacementRefused(NoFreeSlotOnAnyDevice))(0) Refused(PublishError::PlacementRefused(NoFreeSlotOnAnyDevice))(0) Refused(PublishError::PlacementRefused(NoFreeSlotOnAnyDevice))(0) Mounted(publishes=3)(50) Published(23)	Completed
V1[base]	3	1	36	3	Rollback(Ring6)	Refused(MountError::Publish(PublishError::PlacementRefused(NoFreeSlotOnAnyDevice)))(15) Refused(PublishError::PlacementRefused(NoFreeSlotOnAnyDevice))(0) Refused(PublishError::PlacementRefused(NoFreeSlotOnAnyDevice))(0) Refused(PublishError::PlacementRefused(NoFreeSlotOnAnyDevice))(0) Mounted(publishes=3)(50) Published(23)	Completed
V1[base]	3	1	36	3	Rollback(Ring7)	Refused(MountError::Publish(PublishError::PlacementRefused(NoFreeSlotOnAnyDevice)))(15) Refused(PublishError::PlacementRefused(NoFreeSlotOnAnyDevice))(0) Refused(PublishError::PlacementRefused(NoFreeSlotOnAnyDevice))(0) Refused(PublishError::PlacementRefused(NoFreeSlotOnAnyDevice))(0) Mounted(publishes=3)(50) Published(23)	Completed
V1[base]	3	2	20	1	MountWritable	Refused(MountError::Publish(PublishError::PlacementRefused(NoFreeSlotOnAnyDevice)))(0) Refused(PublishError::PlacementRefused(NoFreeSlotOnAnyDevice))(0) Mounted(publishes=2)(35) Published(23)	Completed
V1[base]	3	2	20	1	ColdStartRecover	Refused(MountError::Publish(PublishError::PlacementRefused(NoFreeSlotOnAnyDevice)))(0) Refused(PublishError::PlacementRefused(NoFreeSlotOnAnyDevice))(0) Recovered(0) NotApplicable(NoWritableSession)(0)	Completed
V1[base]	3	2	20	1	Rollback(NewestFloor)	Refused(MountError::Publish(PublishError::PlacementRefused(NoFreeSlotOnAnyDevice)))(0) Refused(PublishError::PlacementRefused(NoFreeSlotOnAnyDevice))(0) Mounted(publishes=2)(35) Published(23)	Completed
V1[base]	3	2	20	1	Rollback(Ring0)	Refused(MountError::Publish(PublishError::PlacementRefused(NoFreeSlotOnAnyDevice)))(0) Refused(PublishError::PlacementRefused(NoFreeSlotOnAnyDevice))(0) Mounted(publishes=2)(35) Published(23)	Completed
V1[base]	3	2	20	1	Rollback(Ring1)	Refused(MountError::Publish(PublishError::PlacementRefused(NoFreeSlotOnAnyDevice)))(0) Refused(PublishError::PlacementRefused(NoFreeSlotOnAnyDevice))(0) Mounted(publishes=2)(35) Published(23)	Completed
V1[base]	3	2	20	1	Rollback(Ring2)	Refused(MountError::Publish(PublishError::PlacementRefused(NoFreeSlotOnAnyDevice)))(0) Refused(PublishError::PlacementRefused(NoFreeSlotOnAnyDevice))(0) Mounted(publishes=2)(35) Published(23)	Completed
V1[base]	3	2	20	1	Rollback(Ring3)	Refused(MountError::Publish(PublishError::PlacementRefused(NoFreeSlotOnAnyDevice)))(0) Refused(PublishError::PlacementRefused(NoFreeSlotOnAnyDevice))(0) Mounted(publishes=2)(35) Published(23)	Completed
V1[base]	3	2	20	1	Rollback(Ring4)	Refused(MountError::Publish(PublishError::PlacementRefused(NoFreeSlotOnAnyDevice)))(0) Refused(PublishError::PlacementRefused(NoFreeSlotOnAnyDevice))(0) Mounted(publishes=2)(35) Published(23)	Completed
V1[base]	3	2	20	1	Rollback(Ring5)	Refused(MountError::Publish(PublishError::PlacementRefused(NoFreeSlotOnAnyDevice)))(0) Refused(PublishError::PlacementRefused(NoFreeSlotOnAnyDevice))(0) Mounted(publishes=2)(35) Published(23)	Completed
V1[base]	3	2	20	1	Rollback(Ring6)	Refused(MountError::Publish(PublishError::PlacementRefused(NoFreeSlotOnAnyDevice)))(0) Refused(PublishError::PlacementRefused(NoFreeSlotOnAnyDevice))(0) Mounted(publishes=2)(35) Published(23)	Completed
V1[base]	3	2	20	1	Rollback(Ring7)	Refused(MountError::Publish(PublishError::PlacementRefused(NoFreeSlotOnAnyDevice)))(0) Refused(PublishError::PlacementRefused(NoFreeSlotOnAnyDevice))(0) Mounted(publishes=2)(35) Published(23)	Completed
V1[base]	3	2	20	2	MountWritable	Refused(MountError::Publish(PublishError::PlacementRefused(NoFreeSlotOnAnyDevice)))(0) Refused(PublishError::PlacementRefused(NoFreeSlotOnAnyDevice))(0) Refused(PublishError::PlacementRefused(NoFreeSlotOnAnyDevice))(0) Mounted(publishes=2)(35) Published(23)	Completed
V1[base]	3	2	20	2	ColdStartRecover	Refused(MountError::Publish(PublishError::PlacementRefused(NoFreeSlotOnAnyDevice)))(0) Refused(PublishError::PlacementRefused(NoFreeSlotOnAnyDevice))(0) Refused(PublishError::PlacementRefused(NoFreeSlotOnAnyDevice))(0) Recovered(0) NotApplicable(NoWritableSession)(0)	Completed
V1[base]	3	2	20	2	Rollback(NewestFloor)	Refused(MountError::Publish(PublishError::PlacementRefused(NoFreeSlotOnAnyDevice)))(0) Refused(PublishError::PlacementRefused(NoFreeSlotOnAnyDevice))(0) Refused(PublishError::PlacementRefused(NoFreeSlotOnAnyDevice))(0) Mounted(publishes=2)(35) Published(23)	Completed
V1[base]	3	2	20	2	Rollback(Ring0)	Refused(MountError::Publish(PublishError::PlacementRefused(NoFreeSlotOnAnyDevice)))(0) Refused(PublishError::PlacementRefused(NoFreeSlotOnAnyDevice))(0) Refused(PublishError::PlacementRefused(NoFreeSlotOnAnyDevice))(0) Mounted(publishes=2)(35) Published(23)	Completed
V1[base]	3	2	20	2	Rollback(Ring1)	Refused(MountError::Publish(PublishError::PlacementRefused(NoFreeSlotOnAnyDevice)))(0) Refused(PublishError::PlacementRefused(NoFreeSlotOnAnyDevice))(0) Refused(PublishError::PlacementRefused(NoFreeSlotOnAnyDevice))(0) Mounted(publishes=2)(35) Published(23)	Completed
V1[base]	3	2	20	2	Rollback(Ring2)	Refused(MountError::Publish(PublishError::PlacementRefused(NoFreeSlotOnAnyDevice)))(0) Refused(PublishError::PlacementRefused(NoFreeSlotOnAnyDevice))(0) Refused(PublishError::PlacementRefused(NoFreeSlotOnAnyDevice))(0) Mounted(publishes=2)(35) Published(23)	Completed
V1[base]	3	2	20	2	Rollback(Ring3)	Refused(MountError::Publish(PublishError::PlacementRefused(NoFreeSlotOnAnyDevice)))(0) Refused(PublishError::PlacementRefused(NoFreeSlotOnAnyDevice))(0) Refused(PublishError::PlacementRefused(NoFreeSlotOnAnyDevice))(0) Mounted(publishes=2)(35) Published(23)	Completed
V1[base]	3	2	20	2	Rollback(Ring4)	Refused(MountError::Publish(PublishError::PlacementRefused(NoFreeSlotOnAnyDevice)))(0) Refused(PublishError::PlacementRefused(NoFreeSlotOnAnyDevice))(0) Refused(PublishError::PlacementRefused(NoFreeSlotOnAnyDevice))(0) Mounted(publishes=2)(35) Published(23)	Completed
V1[base]	3	2	20	2	Rollback(Ring5)	Refused(MountError::Publish(PublishError::PlacementRefused(NoFreeSlotOnAnyDevice)))(0) Refused(PublishError::PlacementRefused(NoFreeSlotOnAnyDevice))(0) Refused(PublishError::PlacementRefused(NoFreeSlotOnAnyDevice))(0) Mounted(publishes=2)(35) Published(23)	Completed
V1[base]	3	2	20	2	Rollback(Ring6)	Refused(MountError::Publish(PublishError::PlacementRefused(NoFreeSlotOnAnyDevice)))(0) Refused(PublishError::PlacementRefused(NoFreeSlotOnAnyDevice))(0) Refused(PublishError::PlacementRefused(NoFreeSlotOnAnyDevice))(0) Mounted(publishes=2)(35) Published(23)	Completed
V1[base]	3	2	20	2	Rollback(Ring7)	Refused(MountError::Publish(PublishError::PlacementRefused(NoFreeSlotOnAnyDevice)))(0) Refused(PublishError::PlacementRefused(NoFreeSlotOnAnyDevice))(0) Refused(PublishError::PlacementRefused(NoFreeSlotOnAnyDevice))(0) Mounted(publishes=2)(35) Published(23)	Completed
V1[base]	3	2	20	3	MountWritable	Refused(MountError::Publish(PublishError::PlacementRefused(NoFreeSlotOnAnyDevice)))(0) Refused(PublishError::PlacementRefused(NoFreeSlotOnAnyDevice))(0) Refused(PublishError::PlacementRefused(NoFreeSlotOnAnyDevice))(0) Refused(PublishError::PlacementRefused(NoFreeSlotOnAnyDevice))(0) Mounted(publishes=2)(35) Published(23)	Completed
V1[base]	3	2	20	3	ColdStartRecover	Refused(MountError::Publish(PublishError::PlacementRefused(NoFreeSlotOnAnyDevice)))(0) Refused(PublishError::PlacementRefused(NoFreeSlotOnAnyDevice))(0) Refused(PublishError::PlacementRefused(NoFreeSlotOnAnyDevice))(0) Refused(PublishError::PlacementRefused(NoFreeSlotOnAnyDevice))(0) Recovered(0) NotApplicable(NoWritableSession)(0)	Completed
V1[base]	3	2	20	3	Rollback(NewestFloor)	Refused(MountError::Publish(PublishError::PlacementRefused(NoFreeSlotOnAnyDevice)))(0) Refused(PublishError::PlacementRefused(NoFreeSlotOnAnyDevice))(0) Refused(PublishError::PlacementRefused(NoFreeSlotOnAnyDevice))(0) Refused(PublishError::PlacementRefused(NoFreeSlotOnAnyDevice))(0) Mounted(publishes=2)(35) Published(23)	Completed
V1[base]	3	2	20	3	Rollback(Ring0)	Refused(MountError::Publish(PublishError::PlacementRefused(NoFreeSlotOnAnyDevice)))(0) Refused(PublishError::PlacementRefused(NoFreeSlotOnAnyDevice))(0) Refused(PublishError::PlacementRefused(NoFreeSlotOnAnyDevice))(0) Refused(PublishError::PlacementRefused(NoFreeSlotOnAnyDevice))(0) Mounted(publishes=2)(35) Published(23)	Completed
V1[base]	3	2	20	3	Rollback(Ring1)	Refused(MountError::Publish(PublishError::PlacementRefused(NoFreeSlotOnAnyDevice)))(0) Refused(PublishError::PlacementRefused(NoFreeSlotOnAnyDevice))(0) Refused(PublishError::PlacementRefused(NoFreeSlotOnAnyDevice))(0) Refused(PublishError::PlacementRefused(NoFreeSlotOnAnyDevice))(0) Mounted(publishes=2)(35) Published(23)	Completed
V1[base]	3	2	20	3	Rollback(Ring2)	Refused(MountError::Publish(PublishError::PlacementRefused(NoFreeSlotOnAnyDevice)))(0) Refused(PublishError::PlacementRefused(NoFreeSlotOnAnyDevice))(0) Refused(PublishError::PlacementRefused(NoFreeSlotOnAnyDevice))(0) Refused(PublishError::PlacementRefused(NoFreeSlotOnAnyDevice))(0) Mounted(publishes=2)(35) Published(23)	Completed
V1[base]	3	2	20	3	Rollback(Ring3)	Refused(MountError::Publish(PublishError::PlacementRefused(NoFreeSlotOnAnyDevice)))(0) Refused(PublishError::PlacementRefused(NoFreeSlotOnAnyDevice))(0) Refused(PublishError::PlacementRefused(NoFreeSlotOnAnyDevice))(0) Refused(PublishError::PlacementRefused(NoFreeSlotOnAnyDevice))(0) Mounted(publishes=2)(35) Published(23)	Completed
V1[base]	3	2	20	3	Rollback(Ring4)	Refused(MountError::Publish(PublishError::PlacementRefused(NoFreeSlotOnAnyDevice)))(0) Refused(PublishError::PlacementRefused(NoFreeSlotOnAnyDevice))(0) Refused(PublishError::PlacementRefused(NoFreeSlotOnAnyDevice))(0) Refused(PublishError::PlacementRefused(NoFreeSlotOnAnyDevice))(0) Mounted(publishes=2)(35) Published(23)	Completed
V1[base]	3	2	20	3	Rollback(Ring5)	Refused(MountError::Publish(PublishError::PlacementRefused(NoFreeSlotOnAnyDevice)))(0) Refused(PublishError::PlacementRefused(NoFreeSlotOnAnyDevice))(0) Refused(PublishError::PlacementRefused(NoFreeSlotOnAnyDevice))(0) Refused(PublishError::PlacementRefused(NoFreeSlotOnAnyDevice))(0) Mounted(publishes=2)(35) Published(23)	Completed
V1[base]	3	2	20	3	Rollback(Ring6)	Refused(MountError::Publish(PublishError::PlacementRefused(NoFreeSlotOnAnyDevice)))(0) Refused(PublishError::PlacementRefused(NoFreeSlotOnAnyDevice))(0) Refused(PublishError::PlacementRefused(NoFreeSlotOnAnyDevice))(0) Refused(PublishError::PlacementRefused(NoFreeSlotOnAnyDevice))(0) Mounted(publishes=2)(35) Published(23)	Completed
V1[base]	3	2	20	3	Rollback(Ring7)	Refused(MountError::Publish(PublishError::PlacementRefused(NoFreeSlotOnAnyDevice)))(0) Refused(PublishError::PlacementRefused(NoFreeSlotOnAnyDevice))(0) Refused(PublishError::PlacementRefused(NoFreeSlotOnAnyDevice))(0) Refused(PublishError::PlacementRefused(NoFreeSlotOnAnyDevice))(0) Mounted(publishes=2)(35) Published(23)	Completed
V1[base]	3	2	36	1	MountWritable	Refused(MountError::Publish(PublishError::PlacementRefused(NoFreeSlotOnAnyDevice)))(0) Refused(PublishError::PlacementRefused(NoFreeSlotOnAnyDevice))(0) Mounted(publishes=2)(35) Published(23)	Completed
V1[base]	3	2	36	1	ColdStartRecover	Refused(MountError::Publish(PublishError::PlacementRefused(NoFreeSlotOnAnyDevice)))(0) Refused(PublishError::PlacementRefused(NoFreeSlotOnAnyDevice))(0) Recovered(0) NotApplicable(NoWritableSession)(0)	Completed
V1[base]	3	2	36	1	Rollback(NewestFloor)	Refused(MountError::Publish(PublishError::PlacementRefused(NoFreeSlotOnAnyDevice)))(0) Refused(PublishError::PlacementRefused(NoFreeSlotOnAnyDevice))(0) Mounted(publishes=2)(35) Published(23)	Completed
V1[base]	3	2	36	1	Rollback(Ring0)	Refused(MountError::Publish(PublishError::PlacementRefused(NoFreeSlotOnAnyDevice)))(0) Refused(PublishError::PlacementRefused(NoFreeSlotOnAnyDevice))(0) Mounted(publishes=2)(35) Published(23)	Completed
V1[base]	3	2	36	1	Rollback(Ring1)	Refused(MountError::Publish(PublishError::PlacementRefused(NoFreeSlotOnAnyDevice)))(0) Refused(PublishError::PlacementRefused(NoFreeSlotOnAnyDevice))(0) Mounted(publishes=2)(35) Published(23)	Completed
V1[base]	3	2	36	1	Rollback(Ring2)	Refused(MountError::Publish(PublishError::PlacementRefused(NoFreeSlotOnAnyDevice)))(0) Refused(PublishError::PlacementRefused(NoFreeSlotOnAnyDevice))(0) Mounted(publishes=2)(35) Published(23)	Completed
V1[base]	3	2	36	1	Rollback(Ring3)	Refused(MountError::Publish(PublishError::PlacementRefused(NoFreeSlotOnAnyDevice)))(0) Refused(PublishError::PlacementRefused(NoFreeSlotOnAnyDevice))(0) Mounted(publishes=2)(35) Published(23)	Completed
V1[base]	3	2	36	1	Rollback(Ring4)	Refused(MountError::Publish(PublishError::PlacementRefused(NoFreeSlotOnAnyDevice)))(0) Refused(PublishError::PlacementRefused(NoFreeSlotOnAnyDevice))(0) Mounted(publishes=2)(35) Published(23)	Completed
V1[base]	3	2	36	1	Rollback(Ring5)	Refused(MountError::Publish(PublishError::PlacementRefused(NoFreeSlotOnAnyDevice)))(0) Refused(PublishError::PlacementRefused(NoFreeSlotOnAnyDevice))(0) Mounted(publishes=2)(35) Published(23)	Completed
V1[base]	3	2	36	1	Rollback(Ring6)	Refused(MountError::Publish(PublishError::PlacementRefused(NoFreeSlotOnAnyDevice)))(0) Refused(PublishError::PlacementRefused(NoFreeSlotOnAnyDevice))(0) Mounted(publishes=2)(35) Published(23)	Completed
V1[base]	3	2	36	1	Rollback(Ring7)	Refused(MountError::Publish(PublishError::PlacementRefused(NoFreeSlotOnAnyDevice)))(0) Refused(PublishError::PlacementRefused(NoFreeSlotOnAnyDevice))(0) Mounted(publishes=2)(35) Published(23)	Completed
V1[base]	3	2	36	2	MountWritable	Refused(MountError::Publish(PublishError::PlacementRefused(NoFreeSlotOnAnyDevice)))(0) Refused(PublishError::PlacementRefused(NoFreeSlotOnAnyDevice))(0) Refused(PublishError::PlacementRefused(NoFreeSlotOnAnyDevice))(0) Mounted(publishes=2)(35) Published(23)	Completed
V1[base]	3	2	36	2	ColdStartRecover	Refused(MountError::Publish(PublishError::PlacementRefused(NoFreeSlotOnAnyDevice)))(0) Refused(PublishError::PlacementRefused(NoFreeSlotOnAnyDevice))(0) Refused(PublishError::PlacementRefused(NoFreeSlotOnAnyDevice))(0) Recovered(0) NotApplicable(NoWritableSession)(0)	Completed
V1[base]	3	2	36	2	Rollback(NewestFloor)	Refused(MountError::Publish(PublishError::PlacementRefused(NoFreeSlotOnAnyDevice)))(0) Refused(PublishError::PlacementRefused(NoFreeSlotOnAnyDevice))(0) Refused(PublishError::PlacementRefused(NoFreeSlotOnAnyDevice))(0) Mounted(publishes=2)(35) Published(23)	Completed
V1[base]	3	2	36	2	Rollback(Ring0)	Refused(MountError::Publish(PublishError::PlacementRefused(NoFreeSlotOnAnyDevice)))(0) Refused(PublishError::PlacementRefused(NoFreeSlotOnAnyDevice))(0) Refused(PublishError::PlacementRefused(NoFreeSlotOnAnyDevice))(0) Mounted(publishes=2)(35) Published(23)	Completed
V1[base]	3	2	36	2	Rollback(Ring1)	Refused(MountError::Publish(PublishError::PlacementRefused(NoFreeSlotOnAnyDevice)))(0) Refused(PublishError::PlacementRefused(NoFreeSlotOnAnyDevice))(0) Refused(PublishError::PlacementRefused(NoFreeSlotOnAnyDevice))(0) Mounted(publishes=2)(35) Published(23)	Completed
V1[base]	3	2	36	2	Rollback(Ring2)	Refused(MountError::Publish(PublishError::PlacementRefused(NoFreeSlotOnAnyDevice)))(0) Refused(PublishError::PlacementRefused(NoFreeSlotOnAnyDevice))(0) Refused(PublishError::PlacementRefused(NoFreeSlotOnAnyDevice))(0) Mounted(publishes=2)(35) Published(23)	Completed
V1[base]	3	2	36	2	Rollback(Ring3)	Refused(MountError::Publish(PublishError::PlacementRefused(NoFreeSlotOnAnyDevice)))(0) Refused(PublishError::PlacementRefused(NoFreeSlotOnAnyDevice))(0) Refused(PublishError::PlacementRefused(NoFreeSlotOnAnyDevice))(0) Mounted(publishes=2)(35) Published(23)	Completed
V1[base]	3	2	36	2	Rollback(Ring4)	Refused(MountError::Publish(PublishError::PlacementRefused(NoFreeSlotOnAnyDevice)))(0) Refused(PublishError::PlacementRefused(NoFreeSlotOnAnyDevice))(0) Refused(PublishError::PlacementRefused(NoFreeSlotOnAnyDevice))(0) Mounted(publishes=2)(35) Published(23)	Completed
V1[base]	3	2	36	2	Rollback(Ring5)	Refused(MountError::Publish(PublishError::PlacementRefused(NoFreeSlotOnAnyDevice)))(0) Refused(PublishError::PlacementRefused(NoFreeSlotOnAnyDevice))(0) Refused(PublishError::PlacementRefused(NoFreeSlotOnAnyDevice))(0) Mounted(publishes=2)(35) Published(23)	Completed
V1[base]	3	2	36	2	Rollback(Ring6)	Refused(MountError::Publish(PublishError::PlacementRefused(NoFreeSlotOnAnyDevice)))(0) Refused(PublishError::PlacementRefused(NoFreeSlotOnAnyDevice))(0) Refused(PublishError::PlacementRefused(NoFreeSlotOnAnyDevice))(0) Mounted(publishes=2)(35) Published(23)	Completed
V1[base]	3	2	36	2	Rollback(Ring7)	Refused(MountError::Publish(PublishError::PlacementRefused(NoFreeSlotOnAnyDevice)))(0) Refused(PublishError::PlacementRefused(NoFreeSlotOnAnyDevice))(0) Refused(PublishError::PlacementRefused(NoFreeSlotOnAnyDevice))(0) Mounted(publishes=2)(35) Published(23)	Completed
V1[base]	3	2	36	3	MountWritable	Refused(MountError::Publish(PublishError::PlacementRefused(NoFreeSlotOnAnyDevice)))(0) Refused(PublishError::PlacementRefused(NoFreeSlotOnAnyDevice))(0) Refused(PublishError::PlacementRefused(NoFreeSlotOnAnyDevice))(0) Refused(PublishError::PlacementRefused(NoFreeSlotOnAnyDevice))(0) Mounted(publishes=2)(35) Published(23)	Completed
V1[base]	3	2	36	3	ColdStartRecover	Refused(MountError::Publish(PublishError::PlacementRefused(NoFreeSlotOnAnyDevice)))(0) Refused(PublishError::PlacementRefused(NoFreeSlotOnAnyDevice))(0) Refused(PublishError::PlacementRefused(NoFreeSlotOnAnyDevice))(0) Refused(PublishError::PlacementRefused(NoFreeSlotOnAnyDevice))(0) Recovered(0) NotApplicable(NoWritableSession)(0)	Completed
V1[base]	3	2	36	3	Rollback(NewestFloor)	Refused(MountError::Publish(PublishError::PlacementRefused(NoFreeSlotOnAnyDevice)))(0) Refused(PublishError::PlacementRefused(NoFreeSlotOnAnyDevice))(0) Refused(PublishError::PlacementRefused(NoFreeSlotOnAnyDevice))(0) Refused(PublishError::PlacementRefused(NoFreeSlotOnAnyDevice))(0) Mounted(publishes=2)(35) Published(23)	Completed
V1[base]	3	2	36	3	Rollback(Ring0)	Refused(MountError::Publish(PublishError::PlacementRefused(NoFreeSlotOnAnyDevice)))(0) Refused(PublishError::PlacementRefused(NoFreeSlotOnAnyDevice))(0) Refused(PublishError::PlacementRefused(NoFreeSlotOnAnyDevice))(0) Refused(PublishError::PlacementRefused(NoFreeSlotOnAnyDevice))(0) Mounted(publishes=2)(35) Published(23)	Completed
V1[base]	3	2	36	3	Rollback(Ring1)	Refused(MountError::Publish(PublishError::PlacementRefused(NoFreeSlotOnAnyDevice)))(0) Refused(PublishError::PlacementRefused(NoFreeSlotOnAnyDevice))(0) Refused(PublishError::PlacementRefused(NoFreeSlotOnAnyDevice))(0) Refused(PublishError::PlacementRefused(NoFreeSlotOnAnyDevice))(0) Mounted(publishes=2)(35) Published(23)	Completed
V1[base]	3	2	36	3	Rollback(Ring2)	Refused(MountError::Publish(PublishError::PlacementRefused(NoFreeSlotOnAnyDevice)))(0) Refused(PublishError::PlacementRefused(NoFreeSlotOnAnyDevice))(0) Refused(PublishError::PlacementRefused(NoFreeSlotOnAnyDevice))(0) Refused(PublishError::PlacementRefused(NoFreeSlotOnAnyDevice))(0) Mounted(publishes=2)(35) Published(23)	Completed
V1[base]	3	2	36	3	Rollback(Ring3)	Refused(MountError::Publish(PublishError::PlacementRefused(NoFreeSlotOnAnyDevice)))(0) Refused(PublishError::PlacementRefused(NoFreeSlotOnAnyDevice))(0) Refused(PublishError::PlacementRefused(NoFreeSlotOnAnyDevice))(0) Refused(PublishError::PlacementRefused(NoFreeSlotOnAnyDevice))(0) Mounted(publishes=2)(35) Published(23)	Completed
V1[base]	3	2	36	3	Rollback(Ring4)	Refused(MountError::Publish(PublishError::PlacementRefused(NoFreeSlotOnAnyDevice)))(0) Refused(PublishError::PlacementRefused(NoFreeSlotOnAnyDevice))(0) Refused(PublishError::PlacementRefused(NoFreeSlotOnAnyDevice))(0) Refused(PublishError::PlacementRefused(NoFreeSlotOnAnyDevice))(0) Mounted(publishes=2)(35) Published(23)	Completed
V1[base]	3	2	36	3	Rollback(Ring5)	Refused(MountError::Publish(PublishError::PlacementRefused(NoFreeSlotOnAnyDevice)))(0) Refused(PublishError::PlacementRefused(NoFreeSlotOnAnyDevice))(0) Refused(PublishError::PlacementRefused(NoFreeSlotOnAnyDevice))(0) Refused(PublishError::PlacementRefused(NoFreeSlotOnAnyDevice))(0) Mounted(publishes=2)(35) Published(23)	Completed
V1[base]	3	2	36	3	Rollback(Ring6)	Refused(MountError::Publish(PublishError::PlacementRefused(NoFreeSlotOnAnyDevice)))(0) Refused(PublishError::PlacementRefused(NoFreeSlotOnAnyDevice))(0) Refused(PublishError::PlacementRefused(NoFreeSlotOnAnyDevice))(0) Refused(PublishError::PlacementRefused(NoFreeSlotOnAnyDevice))(0) Mounted(publishes=2)(35) Published(23)	Completed
V1[base]	3	2	36	3	Rollback(Ring7)	Refused(MountError::Publish(PublishError::PlacementRefused(NoFreeSlotOnAnyDevice)))(0) Refused(PublishError::PlacementRefused(NoFreeSlotOnAnyDevice))(0) Refused(PublishError::PlacementRefused(NoFreeSlotOnAnyDevice))(0) Refused(PublishError::PlacementRefused(NoFreeSlotOnAnyDevice))(0) Mounted(publishes=2)(35) Published(23)	Completed
V1[base]	3	3	20	1	MountWritable	Refused(MountError::Publish(PublishError::PlacementRefused(NoFreeSlotOnAnyDevice)))(0) Refused(PublishError::PlacementRefused(NoFreeSlotOnAnyDevice))(0) Mounted(publishes=3)(50) Published(23)	Completed
V1[base]	3	3	20	1	ColdStartRecover	Refused(MountError::Publish(PublishError::PlacementRefused(NoFreeSlotOnAnyDevice)))(0) Refused(PublishError::PlacementRefused(NoFreeSlotOnAnyDevice))(0) Recovered(0) NotApplicable(NoWritableSession)(0)	Completed
V1[base]	3	3	20	1	Rollback(NewestFloor)	Refused(MountError::Publish(PublishError::PlacementRefused(NoFreeSlotOnAnyDevice)))(0) Refused(PublishError::PlacementRefused(NoFreeSlotOnAnyDevice))(0) Mounted(publishes=3)(50) Published(23)	Completed
V1[base]	3	3	20	1	Rollback(Ring0)	Refused(MountError::Publish(PublishError::PlacementRefused(NoFreeSlotOnAnyDevice)))(0) Refused(PublishError::PlacementRefused(NoFreeSlotOnAnyDevice))(0) Mounted(publishes=3)(50) Published(23)	Completed
V1[base]	3	3	20	1	Rollback(Ring1)	Refused(MountError::Publish(PublishError::PlacementRefused(NoFreeSlotOnAnyDevice)))(0) Refused(PublishError::PlacementRefused(NoFreeSlotOnAnyDevice))(0) Mounted(publishes=3)(50) Published(23)	Completed
V1[base]	3	3	20	1	Rollback(Ring2)	Refused(MountError::Publish(PublishError::PlacementRefused(NoFreeSlotOnAnyDevice)))(0) Refused(PublishError::PlacementRefused(NoFreeSlotOnAnyDevice))(0) Mounted(publishes=3)(50) Published(23)	Completed
V1[base]	3	3	20	1	Rollback(Ring3)	Refused(MountError::Publish(PublishError::PlacementRefused(NoFreeSlotOnAnyDevice)))(0) Refused(PublishError::PlacementRefused(NoFreeSlotOnAnyDevice))(0) Mounted(publishes=3)(50) Published(23)	Completed
V1[base]	3	3	20	1	Rollback(Ring4)	Refused(MountError::Publish(PublishError::PlacementRefused(NoFreeSlotOnAnyDevice)))(0) Refused(PublishError::PlacementRefused(NoFreeSlotOnAnyDevice))(0) Mounted(publishes=3)(50) Published(23)	Completed
V1[base]	3	3	20	1	Rollback(Ring5)	Refused(MountError::Publish(PublishError::PlacementRefused(NoFreeSlotOnAnyDevice)))(0) Refused(PublishError::PlacementRefused(NoFreeSlotOnAnyDevice))(0) Mounted(publishes=3)(50) Published(23)	Completed
V1[base]	3	3	20	1	Rollback(Ring6)	Refused(MountError::Publish(PublishError::PlacementRefused(NoFreeSlotOnAnyDevice)))(0) Refused(PublishError::PlacementRefused(NoFreeSlotOnAnyDevice))(0) Mounted(publishes=3)(50) Published(23)	Completed
V1[base]	3	3	20	1	Rollback(Ring7)	Refused(MountError::Publish(PublishError::PlacementRefused(NoFreeSlotOnAnyDevice)))(0) Refused(PublishError::PlacementRefused(NoFreeSlotOnAnyDevice))(0) Mounted(publishes=3)(50) Published(23)	Completed
V1[base]	3	3	20	2	MountWritable	Refused(MountError::Publish(PublishError::PlacementRefused(NoFreeSlotOnAnyDevice)))(0) Refused(PublishError::PlacementRefused(NoFreeSlotOnAnyDevice))(0) Refused(PublishError::PlacementRefused(NoFreeSlotOnAnyDevice))(0) Mounted(publishes=3)(50) Published(23)	Completed
V1[base]	3	3	20	2	ColdStartRecover	Refused(MountError::Publish(PublishError::PlacementRefused(NoFreeSlotOnAnyDevice)))(0) Refused(PublishError::PlacementRefused(NoFreeSlotOnAnyDevice))(0) Refused(PublishError::PlacementRefused(NoFreeSlotOnAnyDevice))(0) Recovered(0) NotApplicable(NoWritableSession)(0)	Completed
V1[base]	3	3	20	2	Rollback(NewestFloor)	Refused(MountError::Publish(PublishError::PlacementRefused(NoFreeSlotOnAnyDevice)))(0) Refused(PublishError::PlacementRefused(NoFreeSlotOnAnyDevice))(0) Refused(PublishError::PlacementRefused(NoFreeSlotOnAnyDevice))(0) Mounted(publishes=3)(50) Published(23)	Completed
V1[base]	3	3	20	2	Rollback(Ring0)	Refused(MountError::Publish(PublishError::PlacementRefused(NoFreeSlotOnAnyDevice)))(0) Refused(PublishError::PlacementRefused(NoFreeSlotOnAnyDevice))(0) Refused(PublishError::PlacementRefused(NoFreeSlotOnAnyDevice))(0) Mounted(publishes=3)(50) Published(23)	Completed
V1[base]	3	3	20	2	Rollback(Ring1)	Refused(MountError::Publish(PublishError::PlacementRefused(NoFreeSlotOnAnyDevice)))(0) Refused(PublishError::PlacementRefused(NoFreeSlotOnAnyDevice))(0) Refused(PublishError::PlacementRefused(NoFreeSlotOnAnyDevice))(0) Mounted(publishes=3)(50) Published(23)	Completed
V1[base]	3	3	20	2	Rollback(Ring2)	Refused(MountError::Publish(PublishError::PlacementRefused(NoFreeSlotOnAnyDevice)))(0) Refused(PublishError::PlacementRefused(NoFreeSlotOnAnyDevice))(0) Refused(PublishError::PlacementRefused(NoFreeSlotOnAnyDevice))(0) Mounted(publishes=3)(50) Published(23)	Completed
V1[base]	3	3	20	2	Rollback(Ring3)	Refused(MountError::Publish(PublishError::PlacementRefused(NoFreeSlotOnAnyDevice)))(0) Refused(PublishError::PlacementRefused(NoFreeSlotOnAnyDevice))(0) Refused(PublishError::PlacementRefused(NoFreeSlotOnAnyDevice))(0) Mounted(publishes=3)(50) Published(23)	Completed
V1[base]	3	3	20	2	Rollback(Ring4)	Refused(MountError::Publish(PublishError::PlacementRefused(NoFreeSlotOnAnyDevice)))(0) Refused(PublishError::PlacementRefused(NoFreeSlotOnAnyDevice))(0) Refused(PublishError::PlacementRefused(NoFreeSlotOnAnyDevice))(0) Mounted(publishes=3)(50) Published(23)	Completed
V1[base]	3	3	20	2	Rollback(Ring5)	Refused(MountError::Publish(PublishError::PlacementRefused(NoFreeSlotOnAnyDevice)))(0) Refused(PublishError::PlacementRefused(NoFreeSlotOnAnyDevice))(0) Refused(PublishError::PlacementRefused(NoFreeSlotOnAnyDevice))(0) Mounted(publishes=3)(50) Published(23)	Completed
V1[base]	3	3	20	2	Rollback(Ring6)	Refused(MountError::Publish(PublishError::PlacementRefused(NoFreeSlotOnAnyDevice)))(0) Refused(PublishError::PlacementRefused(NoFreeSlotOnAnyDevice))(0) Refused(PublishError::PlacementRefused(NoFreeSlotOnAnyDevice))(0) Mounted(publishes=3)(50) Published(23)	Completed
V1[base]	3	3	20	2	Rollback(Ring7)	Refused(MountError::Publish(PublishError::PlacementRefused(NoFreeSlotOnAnyDevice)))(0) Refused(PublishError::PlacementRefused(NoFreeSlotOnAnyDevice))(0) Refused(PublishError::PlacementRefused(NoFreeSlotOnAnyDevice))(0) Mounted(publishes=3)(50) Published(23)	Completed
V1[base]	3	3	20	3	MountWritable	Refused(MountError::Publish(PublishError::PlacementRefused(NoFreeSlotOnAnyDevice)))(0) Refused(PublishError::PlacementRefused(NoFreeSlotOnAnyDevice))(0) Refused(PublishError::PlacementRefused(NoFreeSlotOnAnyDevice))(0) Refused(PublishError::PlacementRefused(NoFreeSlotOnAnyDevice))(0) Mounted(publishes=3)(50) Published(23)	Completed
V1[base]	3	3	20	3	ColdStartRecover	Refused(MountError::Publish(PublishError::PlacementRefused(NoFreeSlotOnAnyDevice)))(0) Refused(PublishError::PlacementRefused(NoFreeSlotOnAnyDevice))(0) Refused(PublishError::PlacementRefused(NoFreeSlotOnAnyDevice))(0) Refused(PublishError::PlacementRefused(NoFreeSlotOnAnyDevice))(0) Recovered(0) NotApplicable(NoWritableSession)(0)	Completed
V1[base]	3	3	20	3	Rollback(NewestFloor)	Refused(MountError::Publish(PublishError::PlacementRefused(NoFreeSlotOnAnyDevice)))(0) Refused(PublishError::PlacementRefused(NoFreeSlotOnAnyDevice))(0) Refused(PublishError::PlacementRefused(NoFreeSlotOnAnyDevice))(0) Refused(PublishError::PlacementRefused(NoFreeSlotOnAnyDevice))(0) Mounted(publishes=3)(50) Published(23)	Completed
V1[base]	3	3	20	3	Rollback(Ring0)	Refused(MountError::Publish(PublishError::PlacementRefused(NoFreeSlotOnAnyDevice)))(0) Refused(PublishError::PlacementRefused(NoFreeSlotOnAnyDevice))(0) Refused(PublishError::PlacementRefused(NoFreeSlotOnAnyDevice))(0) Refused(PublishError::PlacementRefused(NoFreeSlotOnAnyDevice))(0) Mounted(publishes=3)(50) Published(23)	Completed
V1[base]	3	3	20	3	Rollback(Ring1)	Refused(MountError::Publish(PublishError::PlacementRefused(NoFreeSlotOnAnyDevice)))(0) Refused(PublishError::PlacementRefused(NoFreeSlotOnAnyDevice))(0) Refused(PublishError::PlacementRefused(NoFreeSlotOnAnyDevice))(0) Refused(PublishError::PlacementRefused(NoFreeSlotOnAnyDevice))(0) Mounted(publishes=3)(50) Published(23)	Completed
V1[base]	3	3	20	3	Rollback(Ring2)	Refused(MountError::Publish(PublishError::PlacementRefused(NoFreeSlotOnAnyDevice)))(0) Refused(PublishError::PlacementRefused(NoFreeSlotOnAnyDevice))(0) Refused(PublishError::PlacementRefused(NoFreeSlotOnAnyDevice))(0) Refused(PublishError::PlacementRefused(NoFreeSlotOnAnyDevice))(0) Mounted(publishes=3)(50) Published(23)	Completed
V1[base]	3	3	20	3	Rollback(Ring3)	Refused(MountError::Publish(PublishError::PlacementRefused(NoFreeSlotOnAnyDevice)))(0) Refused(PublishError::PlacementRefused(NoFreeSlotOnAnyDevice))(0) Refused(PublishError::PlacementRefused(NoFreeSlotOnAnyDevice))(0) Refused(PublishError::PlacementRefused(NoFreeSlotOnAnyDevice))(0) Mounted(publishes=3)(50) Published(23)	Completed
V1[base]	3	3	20	3	Rollback(Ring4)	Refused(MountError::Publish(PublishError::PlacementRefused(NoFreeSlotOnAnyDevice)))(0) Refused(PublishError::PlacementRefused(NoFreeSlotOnAnyDevice))(0) Refused(PublishError::PlacementRefused(NoFreeSlotOnAnyDevice))(0) Refused(PublishError::PlacementRefused(NoFreeSlotOnAnyDevice))(0) Mounted(publishes=3)(50) Published(23)	Completed
V1[base]	3	3	20	3	Rollback(Ring5)	Refused(MountError::Publish(PublishError::PlacementRefused(NoFreeSlotOnAnyDevice)))(0) Refused(PublishError::PlacementRefused(NoFreeSlotOnAnyDevice))(0) Refused(PublishError::PlacementRefused(NoFreeSlotOnAnyDevice))(0) Refused(PublishError::PlacementRefused(NoFreeSlotOnAnyDevice))(0) Mounted(publishes=3)(50) Published(23)	Completed
V1[base]	3	3	20	3	Rollback(Ring6)	Refused(MountError::Publish(PublishError::PlacementRefused(NoFreeSlotOnAnyDevice)))(0) Refused(PublishError::PlacementRefused(NoFreeSlotOnAnyDevice))(0) Refused(PublishError::PlacementRefused(NoFreeSlotOnAnyDevice))(0) Refused(PublishError::PlacementRefused(NoFreeSlotOnAnyDevice))(0) Mounted(publishes=3)(50) Published(23)	Completed
V1[base]	3	3	20	3	Rollback(Ring7)	Refused(MountError::Publish(PublishError::PlacementRefused(NoFreeSlotOnAnyDevice)))(0) Refused(PublishError::PlacementRefused(NoFreeSlotOnAnyDevice))(0) Refused(PublishError::PlacementRefused(NoFreeSlotOnAnyDevice))(0) Refused(PublishError::PlacementRefused(NoFreeSlotOnAnyDevice))(0) Mounted(publishes=3)(50) Published(23)	Completed
V1[base]	3	3	36	1	MountWritable	Refused(MountError::Publish(PublishError::PlacementRefused(NoFreeSlotOnAnyDevice)))(0) Refused(PublishError::PlacementRefused(NoFreeSlotOnAnyDevice))(0) Mounted(publishes=3)(50) Published(23)	Completed
V1[base]	3	3	36	1	ColdStartRecover	Refused(MountError::Publish(PublishError::PlacementRefused(NoFreeSlotOnAnyDevice)))(0) Refused(PublishError::PlacementRefused(NoFreeSlotOnAnyDevice))(0) Recovered(0) NotApplicable(NoWritableSession)(0)	Completed
V1[base]	3	3	36	1	Rollback(NewestFloor)	Refused(MountError::Publish(PublishError::PlacementRefused(NoFreeSlotOnAnyDevice)))(0) Refused(PublishError::PlacementRefused(NoFreeSlotOnAnyDevice))(0) Mounted(publishes=3)(50) Published(23)	Completed
V1[base]	3	3	36	1	Rollback(Ring0)	Refused(MountError::Publish(PublishError::PlacementRefused(NoFreeSlotOnAnyDevice)))(0) Refused(PublishError::PlacementRefused(NoFreeSlotOnAnyDevice))(0) Mounted(publishes=3)(50) Published(23)	Completed
V1[base]	3	3	36	1	Rollback(Ring1)	Refused(MountError::Publish(PublishError::PlacementRefused(NoFreeSlotOnAnyDevice)))(0) Refused(PublishError::PlacementRefused(NoFreeSlotOnAnyDevice))(0) Mounted(publishes=3)(50) Published(23)	Completed
V1[base]	3	3	36	1	Rollback(Ring2)	Refused(MountError::Publish(PublishError::PlacementRefused(NoFreeSlotOnAnyDevice)))(0) Refused(PublishError::PlacementRefused(NoFreeSlotOnAnyDevice))(0) Mounted(publishes=3)(50) Published(23)	Completed
V1[base]	3	3	36	1	Rollback(Ring3)	Refused(MountError::Publish(PublishError::PlacementRefused(NoFreeSlotOnAnyDevice)))(0) Refused(PublishError::PlacementRefused(NoFreeSlotOnAnyDevice))(0) Mounted(publishes=3)(50) Published(23)	Completed
V1[base]	3	3	36	1	Rollback(Ring4)	Refused(MountError::Publish(PublishError::PlacementRefused(NoFreeSlotOnAnyDevice)))(0) Refused(PublishError::PlacementRefused(NoFreeSlotOnAnyDevice))(0) Mounted(publishes=3)(50) Published(23)	Completed
V1[base]	3	3	36	1	Rollback(Ring5)	Refused(MountError::Publish(PublishError::PlacementRefused(NoFreeSlotOnAnyDevice)))(0) Refused(PublishError::PlacementRefused(NoFreeSlotOnAnyDevice))(0) Mounted(publishes=3)(50) Published(23)	Completed
V1[base]	3	3	36	1	Rollback(Ring6)	Refused(MountError::Publish(PublishError::PlacementRefused(NoFreeSlotOnAnyDevice)))(0) Refused(PublishError::PlacementRefused(NoFreeSlotOnAnyDevice))(0) Mounted(publishes=3)(50) Published(23)	Completed
V1[base]	3	3	36	1	Rollback(Ring7)	Refused(MountError::Publish(PublishError::PlacementRefused(NoFreeSlotOnAnyDevice)))(0) Refused(PublishError::PlacementRefused(NoFreeSlotOnAnyDevice))(0) Mounted(publishes=3)(50) Published(23)	Completed
V1[base]	3	3	36	2	MountWritable	Refused(MountError::Publish(PublishError::PlacementRefused(NoFreeSlotOnAnyDevice)))(0) Refused(PublishError::PlacementRefused(NoFreeSlotOnAnyDevice))(0) Refused(PublishError::PlacementRefused(NoFreeSlotOnAnyDevice))(0) Mounted(publishes=3)(50) Published(23)	Completed
V1[base]	3	3	36	2	ColdStartRecover	Refused(MountError::Publish(PublishError::PlacementRefused(NoFreeSlotOnAnyDevice)))(0) Refused(PublishError::PlacementRefused(NoFreeSlotOnAnyDevice))(0) Refused(PublishError::PlacementRefused(NoFreeSlotOnAnyDevice))(0) Recovered(0) NotApplicable(NoWritableSession)(0)	Completed
V1[base]	3	3	36	2	Rollback(NewestFloor)	Refused(MountError::Publish(PublishError::PlacementRefused(NoFreeSlotOnAnyDevice)))(0) Refused(PublishError::PlacementRefused(NoFreeSlotOnAnyDevice))(0) Refused(PublishError::PlacementRefused(NoFreeSlotOnAnyDevice))(0) Mounted(publishes=3)(50) Published(23)	Completed
V1[base]	3	3	36	2	Rollback(Ring0)	Refused(MountError::Publish(PublishError::PlacementRefused(NoFreeSlotOnAnyDevice)))(0) Refused(PublishError::PlacementRefused(NoFreeSlotOnAnyDevice))(0) Refused(PublishError::PlacementRefused(NoFreeSlotOnAnyDevice))(0) Mounted(publishes=3)(50) Published(23)	Completed
V1[base]	3	3	36	2	Rollback(Ring1)	Refused(MountError::Publish(PublishError::PlacementRefused(NoFreeSlotOnAnyDevice)))(0) Refused(PublishError::PlacementRefused(NoFreeSlotOnAnyDevice))(0) Refused(PublishError::PlacementRefused(NoFreeSlotOnAnyDevice))(0) Mounted(publishes=3)(50) Published(23)	Completed
V1[base]	3	3	36	2	Rollback(Ring2)	Refused(MountError::Publish(PublishError::PlacementRefused(NoFreeSlotOnAnyDevice)))(0) Refused(PublishError::PlacementRefused(NoFreeSlotOnAnyDevice))(0) Refused(PublishError::PlacementRefused(NoFreeSlotOnAnyDevice))(0) Mounted(publishes=3)(50) Published(23)	Completed
V1[base]	3	3	36	2	Rollback(Ring3)	Refused(MountError::Publish(PublishError::PlacementRefused(NoFreeSlotOnAnyDevice)))(0) Refused(PublishError::PlacementRefused(NoFreeSlotOnAnyDevice))(0) Refused(PublishError::PlacementRefused(NoFreeSlotOnAnyDevice))(0) Mounted(publishes=3)(50) Published(23)	Completed
V1[base]	3	3	36	2	Rollback(Ring4)	Refused(MountError::Publish(PublishError::PlacementRefused(NoFreeSlotOnAnyDevice)))(0) Refused(PublishError::PlacementRefused(NoFreeSlotOnAnyDevice))(0) Refused(PublishError::PlacementRefused(NoFreeSlotOnAnyDevice))(0) Mounted(publishes=3)(50) Published(23)	Completed
V1[base]	3	3	36	2	Rollback(Ring5)	Refused(MountError::Publish(PublishError::PlacementRefused(NoFreeSlotOnAnyDevice)))(0) Refused(PublishError::PlacementRefused(NoFreeSlotOnAnyDevice))(0) Refused(PublishError::PlacementRefused(NoFreeSlotOnAnyDevice))(0) Mounted(publishes=3)(50) Published(23)	Completed
V1[base]	3	3	36	2	Rollback(Ring6)	Refused(MountError::Publish(PublishError::PlacementRefused(NoFreeSlotOnAnyDevice)))(0) Refused(PublishError::PlacementRefused(NoFreeSlotOnAnyDevice))(0) Refused(PublishError::PlacementRefused(NoFreeSlotOnAnyDevice))(0) Mounted(publishes=3)(50) Published(23)	Completed
V1[base]	3	3	36	2	Rollback(Ring7)	Refused(MountError::Publish(PublishError::PlacementRefused(NoFreeSlotOnAnyDevice)))(0) Refused(PublishError::PlacementRefused(NoFreeSlotOnAnyDevice))(0) Refused(PublishError::PlacementRefused(NoFreeSlotOnAnyDevice))(0) Mounted(publishes=3)(50) Published(23)	Completed
V1[base]	3	3	36	3	MountWritable	Refused(MountError::Publish(PublishError::PlacementRefused(NoFreeSlotOnAnyDevice)))(0) Refused(PublishError::PlacementRefused(NoFreeSlotOnAnyDevice))(0) Refused(PublishError::PlacementRefused(NoFreeSlotOnAnyDevice))(0) Refused(PublishError::PlacementRefused(NoFreeSlotOnAnyDevice))(0) Mounted(publishes=3)(50) Published(23)	Completed
V1[base]	3	3	36	3	ColdStartRecover	Refused(MountError::Publish(PublishError::PlacementRefused(NoFreeSlotOnAnyDevice)))(0) Refused(PublishError::PlacementRefused(NoFreeSlotOnAnyDevice))(0) Refused(PublishError::PlacementRefused(NoFreeSlotOnAnyDevice))(0) Refused(PublishError::PlacementRefused(NoFreeSlotOnAnyDevice))(0) Recovered(0) NotApplicable(NoWritableSession)(0)	Completed
V1[base]	3	3	36	3	Rollback(NewestFloor)	Refused(MountError::Publish(PublishError::PlacementRefused(NoFreeSlotOnAnyDevice)))(0) Refused(PublishError::PlacementRefused(NoFreeSlotOnAnyDevice))(0) Refused(PublishError::PlacementRefused(NoFreeSlotOnAnyDevice))(0) Refused(PublishError::PlacementRefused(NoFreeSlotOnAnyDevice))(0) Mounted(publishes=3)(50) Published(23)	Completed
V1[base]	3	3	36	3	Rollback(Ring0)	Refused(MountError::Publish(PublishError::PlacementRefused(NoFreeSlotOnAnyDevice)))(0) Refused(PublishError::PlacementRefused(NoFreeSlotOnAnyDevice))(0) Refused(PublishError::PlacementRefused(NoFreeSlotOnAnyDevice))(0) Refused(PublishError::PlacementRefused(NoFreeSlotOnAnyDevice))(0) Mounted(publishes=3)(50) Published(23)	Completed
V1[base]	3	3	36	3	Rollback(Ring1)	Refused(MountError::Publish(PublishError::PlacementRefused(NoFreeSlotOnAnyDevice)))(0) Refused(PublishError::PlacementRefused(NoFreeSlotOnAnyDevice))(0) Refused(PublishError::PlacementRefused(NoFreeSlotOnAnyDevice))(0) Refused(PublishError::PlacementRefused(NoFreeSlotOnAnyDevice))(0) Mounted(publishes=3)(50) Published(23)	Completed
V1[base]	3	3	36	3	Rollback(Ring2)	Refused(MountError::Publish(PublishError::PlacementRefused(NoFreeSlotOnAnyDevice)))(0) Refused(PublishError::PlacementRefused(NoFreeSlotOnAnyDevice))(0) Refused(PublishError::PlacementRefused(NoFreeSlotOnAnyDevice))(0) Refused(PublishError::PlacementRefused(NoFreeSlotOnAnyDevice))(0) Mounted(publishes=3)(50) Published(23)	Completed
V1[base]	3	3	36	3	Rollback(Ring3)	Refused(MountError::Publish(PublishError::PlacementRefused(NoFreeSlotOnAnyDevice)))(0) Refused(PublishError::PlacementRefused(NoFreeSlotOnAnyDevice))(0) Refused(PublishError::PlacementRefused(NoFreeSlotOnAnyDevice))(0) Refused(PublishError::PlacementRefused(NoFreeSlotOnAnyDevice))(0) Mounted(publishes=3)(50) Published(23)	Completed
V1[base]	3	3	36	3	Rollback(Ring4)	Refused(MountError::Publish(PublishError::PlacementRefused(NoFreeSlotOnAnyDevice)))(0) Refused(PublishError::PlacementRefused(NoFreeSlotOnAnyDevice))(0) Refused(PublishError::PlacementRefused(NoFreeSlotOnAnyDevice))(0) Refused(PublishError::PlacementRefused(NoFreeSlotOnAnyDevice))(0) Mounted(publishes=3)(50) Published(23)	Completed
V1[base]	3	3	36	3	Rollback(Ring5)	Refused(MountError::Publish(PublishError::PlacementRefused(NoFreeSlotOnAnyDevice)))(0) Refused(PublishError::PlacementRefused(NoFreeSlotOnAnyDevice))(0) Refused(PublishError::PlacementRefused(NoFreeSlotOnAnyDevice))(0) Refused(PublishError::PlacementRefused(NoFreeSlotOnAnyDevice))(0) Mounted(publishes=3)(50) Published(23)	Completed
V1[base]	3	3	36	3	Rollback(Ring6)	Refused(MountError::Publish(PublishError::PlacementRefused(NoFreeSlotOnAnyDevice)))(0) Refused(PublishError::PlacementRefused(NoFreeSlotOnAnyDevice))(0) Refused(PublishError::PlacementRefused(NoFreeSlotOnAnyDevice))(0) Refused(PublishError::PlacementRefused(NoFreeSlotOnAnyDevice))(0) Mounted(publishes=3)(50) Published(23)	Completed
V1[base]	3	3	36	3	Rollback(Ring7)	Refused(MountError::Publish(PublishError::PlacementRefused(NoFreeSlotOnAnyDevice)))(0) Refused(PublishError::PlacementRefused(NoFreeSlotOnAnyDevice))(0) Refused(PublishError::PlacementRefused(NoFreeSlotOnAnyDevice))(0) Refused(PublishError::PlacementRefused(NoFreeSlotOnAnyDevice))(0) Mounted(publishes=3)(50) Published(23)	Completed
V1[base]	3	4	20	1	MountWritable	RaisedFloor(F=20,publishes=2)(30) Published(23) Mounted(publishes=2)(35) Published(23)	Completed
V1[base]	3	4	20	1	ColdStartRecover	RaisedFloor(F=20,publishes=2)(30) Published(23) Recovered(0) NotApplicable(NoWritableSession)(0)	Completed
V1[base]	3	4	20	1	Rollback(NewestFloor)	RaisedFloor(F=20,publishes=2)(30) Published(23) Mounted(publishes=2)(35) Published(23)	Completed
V1[base]	3	4	20	1	Rollback(Ring0)	RaisedFloor(F=20,publishes=2)(30) Published(23) Mounted(publishes=2)(35) Published(23)	Completed
V1[base]	3	4	20	1	Rollback(Ring1)	RaisedFloor(F=20,publishes=2)(30) Published(23) Mounted(publishes=2)(35) Published(23)	Completed
V1[base]	3	4	20	1	Rollback(Ring2)	RaisedFloor(F=20,publishes=2)(30) Published(23) Mounted(publishes=2)(35) Published(23)	Completed
V1[base]	3	4	20	1	Rollback(Ring3)	RaisedFloor(F=20,publishes=2)(30) Published(23) Mounted(publishes=2)(35) Published(23)	Completed
V1[base]	3	4	20	1	Rollback(Ring4)	RaisedFloor(F=20,publishes=2)(30) Published(23) Mounted(publishes=2)(35) Published(23)	Completed
V1[base]	3	4	20	1	Rollback(Ring5)	RaisedFloor(F=20,publishes=2)(30) Published(23) Mounted(publishes=2)(35) Published(23)	Completed
V1[base]	3	4	20	1	Rollback(Ring6)	RaisedFloor(F=20,publishes=2)(30) Published(23) Mounted(publishes=2)(35) Published(23)	Completed
V1[base]	3	4	20	1	Rollback(Ring7)	RaisedFloor(F=20,publishes=2)(30) Published(23) Mounted(publishes=2)(35) Published(23)	Completed
V1[base]	3	4	20	2	MountWritable	RaisedFloor(F=20,publishes=2)(30) Published(23) Published(23) Mounted(publishes=2)(35) Published(23)	Completed
V1[base]	3	4	20	2	ColdStartRecover	RaisedFloor(F=20,publishes=2)(30) Published(23) Published(23) Recovered(0) NotApplicable(NoWritableSession)(0)	Completed
V1[base]	3	4	20	2	Rollback(NewestFloor)	RaisedFloor(F=20,publishes=2)(30) Published(23) Published(23) Mounted(publishes=2)(35) Published(23)	Completed
V1[base]	3	4	20	2	Rollback(Ring0)	RaisedFloor(F=20,publishes=2)(30) Published(23) Published(23) Mounted(publishes=2)(35) Published(23)	Completed
V1[base]	3	4	20	2	Rollback(Ring1)	RaisedFloor(F=20,publishes=2)(30) Published(23) Published(23) Mounted(publishes=2)(35) Published(23)	Completed
V1[base]	3	4	20	2	Rollback(Ring2)	RaisedFloor(F=20,publishes=2)(30) Published(23) Published(23) Mounted(publishes=2)(35) Published(23)	Completed
V1[base]	3	4	20	2	Rollback(Ring3)	RaisedFloor(F=20,publishes=2)(30) Published(23) Published(23) Mounted(publishes=2)(35) Published(23)	Completed
V1[base]	3	4	20	2	Rollback(Ring4)	RaisedFloor(F=20,publishes=2)(30) Published(23) Published(23) Mounted(publishes=2)(35) Published(23)	Completed
V1[base]	3	4	20	2	Rollback(Ring5)	RaisedFloor(F=20,publishes=2)(30) Published(23) Published(23) Mounted(publishes=2)(35) Published(23)	Completed
V1[base]	3	4	20	2	Rollback(Ring6)	RaisedFloor(F=20,publishes=2)(30) Published(23) Published(23) Mounted(publishes=2)(35) Published(23)	Completed
V1[base]	3	4	20	2	Rollback(Ring7)	RaisedFloor(F=20,publishes=2)(30) Published(23) Published(23) Mounted(publishes=2)(35) Published(23)	Completed
V1[base]	3	4	20	3	MountWritable	RaisedFloor(F=20,publishes=2)(30) Published(23) Published(23) Published(23) Mounted(publishes=3)(50) Published(23)	Completed
V1[base]	3	4	20	3	ColdStartRecover	RaisedFloor(F=20,publishes=2)(30) Published(23) Published(23) Published(23) Recovered(0) NotApplicable(NoWritableSession)(0)	Completed
V1[base]	3	4	20	3	Rollback(NewestFloor)	RaisedFloor(F=20,publishes=2)(30) Published(23) Published(23) Published(23) Mounted(publishes=3)(50) Published(23)	Completed
V1[base]	3	4	20	3	Rollback(Ring0)	RaisedFloor(F=20,publishes=2)(30) Published(23) Published(23) Published(23) Mounted(publishes=3)(50) Published(23)	Completed
V1[base]	3	4	20	3	Rollback(Ring1)	RaisedFloor(F=20,publishes=2)(30) Published(23) Published(23) Published(23) Mounted(publishes=3)(50) Published(23)	Completed
V1[base]	3	4	20	3	Rollback(Ring2)	RaisedFloor(F=20,publishes=2)(30) Published(23) Published(23) Published(23) Mounted(publishes=3)(50) Published(23)	Completed
V1[base]	3	4	20	3	Rollback(Ring3)	RaisedFloor(F=20,publishes=2)(30) Published(23) Published(23) Published(23) Mounted(publishes=3)(50) Published(23)	Completed
V1[base]	3	4	20	3	Rollback(Ring4)	RaisedFloor(F=20,publishes=2)(30) Published(23) Published(23) Published(23) Mounted(publishes=3)(50) Published(23)	Completed
V1[base]	3	4	20	3	Rollback(Ring5)	RaisedFloor(F=20,publishes=2)(30) Published(23) Published(23) Published(23) Mounted(publishes=3)(50) Published(23)	Completed
V1[base]	3	4	20	3	Rollback(Ring6)	RaisedFloor(F=20,publishes=2)(30) Published(23) Published(23) Published(23) Mounted(publishes=3)(50) Published(23)	Completed
V1[base]	3	4	20	3	Rollback(Ring7)	RaisedFloor(F=20,publishes=2)(30) Published(23) Published(23) Published(23) Mounted(publishes=3)(50) Published(23)	Completed
V1[base]	3	4	36	1	MountWritable	RaisedFloor(F=36,publishes=2)(30) Published(23) Mounted(publishes=2)(35) Published(23)	Completed
V1[base]	3	4	36	1	ColdStartRecover	RaisedFloor(F=36,publishes=2)(30) Published(23) Recovered(0) NotApplicable(NoWritableSession)(0)	Completed
V1[base]	3	4	36	1	Rollback(NewestFloor)	RaisedFloor(F=36,publishes=2)(30) Published(23) Mounted(publishes=2)(35) Published(23)	Completed
V1[base]	3	4	36	1	Rollback(Ring0)	RaisedFloor(F=36,publishes=2)(30) Published(23) Mounted(publishes=2)(35) Published(23)	Completed
V1[base]	3	4	36	1	Rollback(Ring1)	RaisedFloor(F=36,publishes=2)(30) Published(23) Mounted(publishes=2)(35) Published(23)	Completed
V1[base]	3	4	36	1	Rollback(Ring2)	RaisedFloor(F=36,publishes=2)(30) Published(23) Mounted(publishes=2)(35) Published(23)	Completed
V1[base]	3	4	36	1	Rollback(Ring3)	RaisedFloor(F=36,publishes=2)(30) Published(23) Mounted(publishes=2)(35) Published(23)	Completed
V1[base]	3	4	36	1	Rollback(Ring4)	RaisedFloor(F=36,publishes=2)(30) Published(23) Mounted(publishes=2)(35) Published(23)	Completed
V1[base]	3	4	36	1	Rollback(Ring5)	RaisedFloor(F=36,publishes=2)(30) Published(23) Mounted(publishes=2)(35) Published(23)	Completed
V1[base]	3	4	36	1	Rollback(Ring6)	RaisedFloor(F=36,publishes=2)(30) Published(23) Mounted(publishes=2)(35) Published(23)	Completed
V1[base]	3	4	36	1	Rollback(Ring7)	RaisedFloor(F=36,publishes=2)(30) Published(23) Mounted(publishes=2)(35) Published(23)	Completed
V1[base]	3	4	36	2	MountWritable	RaisedFloor(F=36,publishes=2)(30) Published(23) Published(23) Mounted(publishes=2)(35) Published(23)	Completed
V1[base]	3	4	36	2	ColdStartRecover	RaisedFloor(F=36,publishes=2)(30) Published(23) Published(23) Recovered(0) NotApplicable(NoWritableSession)(0)	Completed
V1[base]	3	4	36	2	Rollback(NewestFloor)	RaisedFloor(F=36,publishes=2)(30) Published(23) Published(23) Mounted(publishes=2)(35) Published(23)	Completed
V1[base]	3	4	36	2	Rollback(Ring0)	RaisedFloor(F=36,publishes=2)(30) Published(23) Published(23) Mounted(publishes=2)(35) Published(23)	Completed
V1[base]	3	4	36	2	Rollback(Ring1)	RaisedFloor(F=36,publishes=2)(30) Published(23) Published(23) Mounted(publishes=2)(35) Published(23)	Completed
V1[base]	3	4	36	2	Rollback(Ring2)	RaisedFloor(F=36,publishes=2)(30) Published(23) Published(23) Mounted(publishes=2)(35) Published(23)	Completed
V1[base]	3	4	36	2	Rollback(Ring3)	RaisedFloor(F=36,publishes=2)(30) Published(23) Published(23) Mounted(publishes=2)(35) Published(23)	Completed
V1[base]	3	4	36	2	Rollback(Ring4)	RaisedFloor(F=36,publishes=2)(30) Published(23) Published(23) Mounted(publishes=2)(35) Published(23)	Completed
V1[base]	3	4	36	2	Rollback(Ring5)	RaisedFloor(F=36,publishes=2)(30) Published(23) Published(23) Mounted(publishes=2)(35) Published(23)	Completed
V1[base]	3	4	36	2	Rollback(Ring6)	RaisedFloor(F=36,publishes=2)(30) Published(23) Published(23) Mounted(publishes=2)(35) Published(23)	Completed
V1[base]	3	4	36	2	Rollback(Ring7)	RaisedFloor(F=36,publishes=2)(30) Published(23) Published(23) Mounted(publishes=2)(35) Published(23)	Completed
V1[base]	3	4	36	3	MountWritable	RaisedFloor(F=36,publishes=2)(30) Published(23) Published(23) Published(23) Mounted(publishes=3)(50) Published(23)	Completed
V1[base]	3	4	36	3	ColdStartRecover	RaisedFloor(F=36,publishes=2)(30) Published(23) Published(23) Published(23) Recovered(0) NotApplicable(NoWritableSession)(0)	Completed
V1[base]	3	4	36	3	Rollback(NewestFloor)	RaisedFloor(F=36,publishes=2)(30) Published(23) Published(23) Published(23) Mounted(publishes=3)(50) Published(23)	Completed
V1[base]	3	4	36	3	Rollback(Ring0)	RaisedFloor(F=36,publishes=2)(30) Published(23) Published(23) Published(23) Mounted(publishes=3)(50) Published(23)	Completed
V1[base]	3	4	36	3	Rollback(Ring1)	RaisedFloor(F=36,publishes=2)(30) Published(23) Published(23) Published(23) Mounted(publishes=3)(50) Published(23)	Completed
V1[base]	3	4	36	3	Rollback(Ring2)	RaisedFloor(F=36,publishes=2)(30) Published(23) Published(23) Published(23) Mounted(publishes=3)(50) Published(23)	Completed
V1[base]	3	4	36	3	Rollback(Ring3)	RaisedFloor(F=36,publishes=2)(30) Published(23) Published(23) Published(23) Mounted(publishes=3)(50) Published(23)	Completed
V1[base]	3	4	36	3	Rollback(Ring4)	RaisedFloor(F=36,publishes=2)(30) Published(23) Published(23) Published(23) Mounted(publishes=3)(50) Published(23)	Completed
V1[base]	3	4	36	3	Rollback(Ring5)	RaisedFloor(F=36,publishes=2)(30) Published(23) Published(23) Published(23) Mounted(publishes=3)(50) Published(23)	Completed
V1[base]	3	4	36	3	Rollback(Ring6)	RaisedFloor(F=36,publishes=2)(30) Published(23) Published(23) Published(23) Mounted(publishes=3)(50) Published(23)	Completed
V1[base]	3	4	36	3	Rollback(Ring7)	RaisedFloor(F=36,publishes=2)(30) Published(23) Published(23) Published(23) Mounted(publishes=3)(50) Published(23)	Completed
test w2_v1_probe ... ok

test result: ok. 1 passed; 0 failed; 0 ignored; 0 measured; 1 filtered out; finished in 72.26s

