fault	arm	suffix	steps	final_mount	readback	violated	isolated_per_device	isolated_by_check	isolated_at_mount	free_minus_allocatable	check_reads	check_read_bytes	switches	reads_refused	check_events
F4-rot-both	N3-iso-recompute	OFFFFFF	O:ok F:noop F:noop F:noop F:noop F:noop F:noop	ok	same	I-2.1,I-4.8,I-7.4	[2, 2]	4	0	[0, 0]	7	163840	0	0	t1@50182:released-and-isolated
F4-rot-both	N3-iso-recompute	OFFFFFO	O:ok F:noop F:noop F:noop F:noop F:noop O:ok	ok	same	I-2.1,I-4.8,I-7.4	[2, 2]	4	0	[0, 0]	13	294912	0	0	t1@50182:released-and-isolated
F4-rot-both	N3-iso-recompute	OFFFFMF	O:ok F:noop F:noop F:noop F:noop M:ok F:noop	ok	same	I-2.1,I-4.8,I-7.4	[0, 0]	4	0	[0, 0]	13	262144	0	0	t1@50182:released-and-isolated
F4-rot-both	N3-iso-recompute	OFFFFFM	O:ok F:noop F:noop F:noop F:noop F:noop M:ok	ok	same	I-2.1,I-4.8,I-7.4	[0, 0]	4	0	[0, 0]	13	262144	0	0	t1@50182:released-and-isolated
F4-rot-both	N3-iso-recompute	OFFFFOF	O:ok F:noop F:noop F:noop F:noop O:ok F:ok(F=3,reclaimed=1)	ok	same	I-2.1,I-4.8,I-7.4	[2, 2]	4	0	[0, 0]	17	360448	0	0	t1@50182:released-and-isolated
F4-rot-both	N3-iso-recompute	OFFFFMO	O:ok F:noop F:noop F:noop F:noop M:ok O:ok	ok	same	I-2.1,I-4.8,I-7.4	[0, 0]	4	0	[0, 0]	19	393216	0	0	t1@50182:released-and-isolated
F4-rot-both	N3-iso-recompute	OFFFFOM	O:ok F:noop F:noop F:noop F:noop O:ok M:ok	ok	same	I-2.1,I-4.8,I-7.4	[0, 0]	4	0	[0, 0]	17	360448	0	0	t1@50182:released-and-isolated
F4-rot-both	N3-iso-recompute	OFFFFMM	O:ok F:noop F:noop F:noop F:noop M:ok M:ok	ok	same	I-2.1,I-4.8,I-7.4	[0, 0]	4	0	[0, 0]	19	360448	0	0	t1@50182:released-and-isolated
F4-rot-both	N3-iso-recompute	OFFFFOO	O:ok F:noop F:noop F:noop F:noop O:ok O:ok	ok	same	I-2.1,I-4.8,I-7.4	[2, 2]	4	0	[0, 0]	19	425984	0	0	t1@50182:released-and-isolated
F4-rot-both	N3-iso-recompute	OFFFMFF	O:ok F:noop F:noop F:noop M:ok F:noop F:noop	ok	same	I-2.1,I-4.8,I-7.4	[0, 0]	4	0	[0, 0]	13	262144	0	0	t1@50182:released-and-isolated
F4-rot-both	N3-iso-recompute	OFFFMFO	O:ok F:noop F:noop F:noop M:ok F:noop O:ok	ok	same	I-2.1,I-4.8,I-7.4	[0, 0]	4	0	[0, 0]	19	393216	0	0	t1@50182:released-and-isolated
F4-rot-both	N3-iso-recompute	OFFFMFM	O:ok F:noop F:noop F:noop M:ok F:noop M:ok	ok	same	I-2.1,I-4.8,I-7.4	[0, 0]	4	0	[0, 0]	19	360448	0	0	t1@50182:released-and-isolated
F4-rot-both	N3-iso-recompute	OFFFMMF	O:ok F:noop F:noop F:noop M:ok M:ok F:noop	ok	same	I-2.1,I-4.8,I-7.4	[0, 0]	4	0	[0, 0]	19	360448	0	0	t1@50182:released-and-isolated
F4-rot-both	N3-iso-recompute	OFFFMOF	O:ok F:noop F:noop F:noop M:ok O:ok F:ok(F=3,reclaimed=1)	ok	same	I-2.1,I-4.8,I-7.4	[0, 0]	4	0	[0, 0]	23	458752	0	0	t1@50182:released-and-isolated
F4-rot-both	N3-iso-recompute	OFFFMMO	O:ok F:noop F:noop F:noop M:ok M:ok O:ok	ok	same	I-2.1,I-4.8,I-7.4	[0, 0]	4	0	[0, 0]	25	491520	0	0	t1@50182:released-and-isolated
F4-rot-both	N3-iso-recompute	OFFFMMM	O:ok F:noop F:noop F:noop M:ok M:ok M:ok	ok	same	I-2.1,I-4.8,I-7.4	[0, 0]	4	0	[0, 0]	25	458752	0	0	t1@50182:released-and-isolated
F4-rot-both	N3-iso-recompute	OFFFOFF	O:ok F:noop F:noop F:noop O:ok F:ok(F=3,reclaimed=1) F:noop	ok	same	I-2.1,I-4.8,I-7.4	[2, 2]	4	0	[0, 0]	17	360448	0	0	t1@50182:released-and-isolated
F4-rot-both	N3-iso-recompute	OFFFMOM	O:ok F:noop F:noop F:noop M:ok O:ok M:ok	ok	same	I-2.1,I-4.8,I-7.4	[0, 0]	4	0	[0, 0]	23	458752	0	0	t1@50182:released-and-isolated
F4-rot-both	N3-iso-recompute	OFFFMOO	O:ok F:noop F:noop F:noop M:ok O:ok O:ok	ok	same	I-2.1,I-4.8,I-7.4	[0, 0]	4	0	[0, 0]	25	524288	0	0	t1@50182:released-and-isolated
F4-rot-both	N3-iso-recompute	OFFFOFM	O:ok F:noop F:noop F:noop O:ok F:ok(F=3,reclaimed=1) M:ok	ok	same	I-2.1,I-4.8,I-7.4	[0, 0]	4	0	[0, 0]	23	458752	0	0	t1@50182:released-and-isolated
F4-rot-both	N3-iso-recompute	OFFFOFO	O:ok F:noop F:noop F:noop O:ok F:ok(F=3,reclaimed=1) O:ok	ok	same	I-2.1,I-4.8,I-7.4	[2, 2]	4	0	[0, 0]	23	491520	0	0	t1@50182:released-and-isolated
F4-rot-both	N3-iso-recompute	OFFFOMF	O:ok F:noop F:noop F:noop O:ok M:ok F:ok(F=3,reclaimed=1)	ok	same	I-2.1,I-4.8,I-7.4	[0, 0]	4	0	[0, 0]	23	458752	0	0	t1@50182:released-and-isolated
F4-rot-both	N3-iso-recompute	OFFFOMO	O:ok F:noop F:noop F:noop O:ok M:ok O:ok	ok	same	I-2.1,I-4.8,I-7.4	[0, 0]	4	0	[0, 0]	23	491520	0	0	t1@50182:released-and-isolated
F4-rot-both	N3-iso-recompute	OFFFOMM	O:ok F:noop F:noop F:noop O:ok M:ok M:ok	ok	same	I-2.1,I-4.8,I-7.4	[0, 0]	4	0	[0, 0]	23	458752	0	0	t1@50182:released-and-isolated
F4-rot-both	N3-iso-recompute	OFFFOOF	O:ok F:noop F:noop F:noop O:ok O:ok F:ok(F=6,reclaimed=18)	ok	same	I-2.1,I-4.8,I-7.4	[2, 2]	4	0	[0, 0]	23	491520	0	0	t1@50182:released-and-isolated
F4-rot-both	N3-iso-recompute	OFFFOOO	O:ok F:noop F:noop F:noop O:ok O:ok O:ok	ok	same	I-2.1,I-4.8,I-7.4	[2, 2]	4	0	[0, 0]	25	557056	0	0	t1@50182:released-and-isolated
F4-rot-both	N3-iso-recompute	OFFFOOM	O:ok F:noop F:noop F:noop O:ok O:ok M:ok	ok	same	I-2.1,I-4.8,I-7.4	[0, 0]	4	0	[0, 0]	23	491520	0	0	t1@50182:released-and-isolated
F4-rot-both	N3-iso-recompute	OFFMFFF	O:ok F:noop F:noop M:ok F:noop F:noop F:noop	ok	same	I-2.1,I-4.8,I-7.4	[0, 0]	4	0	[0, 0]	13	262144	0	0	t1@50182:released-and-isolated
F4-rot-both	N3-iso-recompute	OFFMFFM	O:ok F:noop F:noop M:ok F:noop F:noop M:ok	ok	same	I-2.1,I-4.8,I-7.4	[0, 0]	4	0	[0, 0]	19	360448	0	0	t1@50182:released-and-isolated
F4-rot-both	N3-iso-recompute	OFFMFFO	O:ok F:noop F:noop M:ok F:noop F:noop O:ok	ok	same	I-2.1,I-4.8,I-7.4	[0, 0]	4	0	[0, 0]	19	393216	0	0	t1@50182:released-and-isolated
F4-rot-both	N3-iso-recompute	OFFMFMF	O:ok F:noop F:noop M:ok F:noop M:ok F:noop	ok	same	I-2.1,I-4.8,I-7.4	[0, 0]	4	0	[0, 0]	19	360448	0	0	t1@50182:released-and-isolated
F4-rot-both	N3-iso-recompute	OFFMFMM	O:ok F:noop F:noop M:ok F:noop M:ok M:ok	ok	same	I-2.1,I-4.8,I-7.4	[0, 0]	4	0	[0, 0]	25	458752	0	0	t1@50182:released-and-isolated
F4-rot-both	N3-iso-recompute	OFFMFOF	O:ok F:noop F:noop M:ok F:noop O:ok F:ok(F=3,reclaimed=1)	ok	same	I-2.1,I-4.8,I-7.4	[0, 0]	4	0	[0, 0]	23	458752	0	0	t1@50182:released-and-isolated
F4-rot-both	N3-iso-recompute	OFFMFMO	O:ok F:noop F:noop M:ok F:noop M:ok O:ok	ok	same	I-2.1,I-4.8,I-7.4	[0, 0]	4	0	[0, 0]	25	491520	0	0	t1@50182:released-and-isolated
F4-rot-both	N3-iso-recompute	OFFMFOM	O:ok F:noop F:noop M:ok F:noop O:ok M:ok	ok	same	I-2.1,I-4.8,I-7.4	[0, 0]	4	0	[0, 0]	23	458752	0	0	t1@50182:released-and-isolated
F4-rot-both	N3-iso-recompute	OFFMFOO	O:ok F:noop F:noop M:ok F:noop O:ok O:ok	ok	same	I-2.1,I-4.8,I-7.4	[0, 0]	4	0	[0, 0]	25	524288	0	0	t1@50182:released-and-isolated
F4-rot-both	N3-iso-recompute	OFFMMFF	O:ok F:noop F:noop M:ok M:ok F:noop F:noop	ok	same	I-2.1,I-4.8,I-7.4	[0, 0]	4	0	[0, 0]	19	360448	0	0	t1@50182:released-and-isolated
F4-rot-both	N3-iso-recompute	OFFMMFO	O:ok F:noop F:noop M:ok M:ok F:noop O:ok	ok	same	I-2.1,I-4.8,I-7.4	[0, 0]	4	0	[0, 0]	25	491520	0	0	t1@50182:released-and-isolated
F4-rot-both	N3-iso-recompute	OFFMMFM	O:ok F:noop F:noop M:ok M:ok F:noop M:ok	ok	same	I-2.1,I-4.8,I-7.4	[0, 0]	4	0	[0, 0]	25	458752	0	0	t1@50182:released-and-isolated
F4-rot-both	N3-iso-recompute	OFFMMMF	O:ok F:noop F:noop M:ok M:ok M:ok F:noop	ok	same	I-2.1,I-4.8,I-7.4	[0, 0]	4	0	[0, 0]	25	458752	0	0	t1@50182:released-and-isolated
F4-rot-both	N3-iso-recompute	OFFMMOF	O:ok F:noop F:noop M:ok M:ok O:ok F:ok(F=3,reclaimed=1)	ok	same	I-2.1,I-4.8,I-7.4	[0, 0]	4	0	[0, 0]	29	557056	0	0	t1@50182:released-and-isolated
F4-rot-both	N3-iso-recompute	OFFMMMO	O:ok F:noop F:noop M:ok M:ok M:ok O:ok	ok	same	I-2.1,I-4.8,I-7.4	[0, 0]	4	0	[0, 0]	31	589824	0	0	t1@50182:released-and-isolated
F4-rot-both	N3-iso-recompute	OFFMMMM	O:ok F:noop F:noop M:ok M:ok M:ok M:ok	ok	same	I-2.1,I-4.8,I-7.4	[0, 0]	4	0	[0, 0]	31	557056	0	0	t1@50182:released-and-isolated
F4-rot-both	N3-iso-recompute	OFFMMOM	O:ok F:noop F:noop M:ok M:ok O:ok M:ok	ok	same	I-2.1,I-4.8,I-7.4	[0, 0]	4	0	[0, 0]	29	557056	0	0	t1@50182:released-and-isolated
F4-rot-both	N3-iso-recompute	OFFMOFF	O:ok F:noop F:noop M:ok O:ok F:ok(F=3,reclaimed=1) F:noop	ok	same	I-2.1,I-4.8,I-7.4	[0, 0]	4	0	[0, 0]	23	458752	0	0	t1@50182:released-and-isolated
F4-rot-both	N3-iso-recompute	OFFMOFO	O:ok F:noop F:noop M:ok O:ok F:ok(F=3,reclaimed=1) O:ok	ok	same	I-2.1,I-4.8,I-7.4	[0, 0]	4	0	[0, 0]	29	589824	0	0	t1@50182:released-and-isolated
F4-rot-both	N3-iso-recompute	OFFMMOO	O:ok F:noop F:noop M:ok M:ok O:ok O:ok	ok	same	I-2.1,I-4.8,I-7.4	[0, 0]	4	0	[0, 0]	31	622592	0	0	t1@50182:released-and-isolated
F4-rot-both	N3-iso-recompute	OFFMOFM	O:ok F:noop F:noop M:ok O:ok F:ok(F=3,reclaimed=1) M:ok	ok	same	I-2.1,I-4.8,I-7.4	[0, 0]	4	0	[0, 0]	29	557056	0	0	t1@50182:released-and-isolated
F4-rot-both	N3-iso-recompute	OFFMOOF	O:ok F:noop F:noop M:ok O:ok O:ok F:ok(F=6,reclaimed=18)	ok	same	I-2.1,I-4.8,I-7.4	[0, 0]	4	0	[0, 0]	29	589824	0	0	t1@50182:released-and-isolated
F4-rot-both	N3-iso-recompute	OFFMOMF	O:ok F:noop F:noop M:ok O:ok M:ok F:ok(F=3,reclaimed=1)	ok	same	I-2.1,I-4.8,I-7.4	[0, 0]	4	0	[0, 0]	29	557056	0	0	t1@50182:released-and-isolated
F4-rot-both	N3-iso-recompute	OFFMOMO	O:ok F:noop F:noop M:ok O:ok M:ok O:ok	ok	same	I-2.1,I-4.8,I-7.4	[0, 0]	4	0	[0, 0]	29	589824	0	0	t1@50182:released-and-isolated
F4-rot-both	N3-iso-recompute	OFFMOMM	O:ok F:noop F:noop M:ok O:ok M:ok M:ok	ok	same	I-2.1,I-4.8,I-7.4	[0, 0]	4	0	[0, 0]	29	557056	0	0	t1@50182:released-and-isolated
F4-rot-both	N3-iso-recompute	OFFOFFF	O:ok F:noop F:noop O:ok F:ok(F=3,reclaimed=1) F:noop F:noop	ok	same	I-2.1,I-4.8,I-7.4	[2, 2]	4	0	[0, 0]	17	360448	0	0	t1@50182:released-and-isolated
F4-rot-both	N3-iso-recompute	OFFMOOO	O:ok F:noop F:noop M:ok O:ok O:ok O:ok	ok	same	I-2.1,I-4.8,I-7.4	[0, 0]	4	0	[0, 0]	31	655360	0	0	t1@50182:released-and-isolated
F4-rot-both	N3-iso-recompute	OFFMOOM	O:ok F:noop F:noop M:ok O:ok O:ok M:ok	ok	same	I-2.1,I-4.8,I-7.4	[0, 0]	4	0	[0, 0]	29	589824	0	0	t1@50182:released-and-isolated
F4-rot-both	N3-iso-recompute	OFFOFFM	O:ok F:noop F:noop O:ok F:ok(F=3,reclaimed=1) F:noop M:ok	ok	same	I-2.1,I-4.8,I-7.4	[0, 0]	4	0	[0, 0]	23	458752	0	0	t1@50182:released-and-isolated
F4-rot-both	N3-iso-recompute	OFFOFFO	O:ok F:noop F:noop O:ok F:ok(F=3,reclaimed=1) F:noop O:ok	ok	same	I-2.1,I-4.8,I-7.4	[2, 2]	4	0	[0, 0]	23	491520	0	0	t1@50182:released-and-isolated
F4-rot-both	N3-iso-recompute	OFFOFMF	O:ok F:noop F:noop O:ok F:ok(F=3,reclaimed=1) M:ok F:noop	ok	same	I-2.1,I-4.8,I-7.4	[0, 0]	4	0	[0, 0]	23	458752	0	0	t1@50182:released-and-isolated
F4-rot-both	N3-iso-recompute	OFFOFMO	O:ok F:noop F:noop O:ok F:ok(F=3,reclaimed=1) M:ok O:ok	ok	same	I-2.1,I-4.8,I-7.4	[0, 0]	4	0	[0, 0]	29	589824	0	0	t1@50182:released-and-isolated
F4-rot-both	N3-iso-recompute	OFFOFMM	O:ok F:noop F:noop O:ok F:ok(F=3,reclaimed=1) M:ok M:ok	ok	same	I-2.1,I-4.8,I-7.4	[0, 0]	4	0	[0, 0]	29	557056	0	0	t1@50182:released-and-isolated
F4-rot-both	N3-iso-recompute	OFFOFOF	O:ok F:noop F:noop O:ok F:ok(F=3,reclaimed=1) O:ok F:ok(F=6,reclaimed=17)	ok	same	I-2.1,I-4.8,I-7.4	[2, 2]	4	0	[0, 0]	27	557056	0	0	t1@50182:released-and-isolated
F4-rot-both	N3-iso-recompute	OFFOFOO	O:ok F:noop F:noop O:ok F:ok(F=3,reclaimed=1) O:ok O:ok	ok	same	I-2.1,I-4.8,I-7.4	[2, 2]	4	0	[0, 0]	29	622592	0	0	t1@50182:released-and-isolated
F4-rot-both	N3-iso-recompute	OFFOFOM	O:ok F:noop F:noop O:ok F:ok(F=3,reclaimed=1) O:ok M:ok	ok	same	I-2.1,I-4.8,I-7.4	[0, 0]	4	0	[0, 0]	27	557056	0	0	t1@50182:released-and-isolated
F4-rot-both	N3-iso-recompute	OFFOMFF	O:ok F:noop F:noop O:ok M:ok F:ok(F=3,reclaimed=1) F:noop	ok	same	I-2.1,I-4.8,I-7.4	[0, 0]	4	0	[0, 0]	23	458752	0	0	t1@50182:released-and-isolated
F4-rot-both	N3-iso-recompute	OFFOMFM	O:ok F:noop F:noop O:ok M:ok F:ok(F=3,reclaimed=1) M:ok	ok	same	I-2.1,I-4.8,I-7.4	[0, 0]	4	0	[0, 0]	29	557056	0	0	t1@50182:released-and-isolated
F4-rot-both	N3-iso-recompute	OFFOMFO	O:ok F:noop F:noop O:ok M:ok F:ok(F=3,reclaimed=1) O:ok	ok	same	I-2.1,I-4.8,I-7.4	[0, 0]	4	0	[0, 0]	29	589824	0	0	t1@50182:released-and-isolated
F4-rot-both	N3-iso-recompute	OFFOMMF	O:ok F:noop F:noop O:ok M:ok M:ok F:ok(F=3,reclaimed=1)	ok	same	I-2.1,I-4.8,I-7.4	[0, 0]	4	0	[0, 0]	29	557056	0	0	t1@50182:released-and-isolated
F4-rot-both	N3-iso-recompute	OFFOMMM	O:ok F:noop F:noop O:ok M:ok M:ok M:ok	ok	same	I-2.1,I-4.8,I-7.4	[0, 0]	4	0	[0, 0]	29	557056	0	0	t1@50182:released-and-isolated
F4-rot-both	N3-iso-recompute	OFFOMMO	O:ok F:noop F:noop O:ok M:ok M:ok O:ok	ok	same	I-2.1,I-4.8,I-7.4	[0, 0]	4	0	[0, 0]	29	589824	0	0	t1@50182:released-and-isolated
F4-rot-both	N3-iso-recompute	OFFOMOF	O:ok F:noop F:noop O:ok M:ok O:ok F:ok(F=6,reclaimed=18)	ok	same	I-2.1,I-4.8,I-7.4	[0, 0]	4	0	[0, 0]	27	557056	0	0	t1@50182:released-and-isolated
F4-rot-both	N3-iso-recompute	OFFOMOM	O:ok F:noop F:noop O:ok M:ok O:ok M:ok	ok	same	I-2.1,I-4.8,I-7.4	[0, 0]	4	0	[0, 0]	27	557056	0	0	t1@50182:released-and-isolated
F4-rot-both	N3-iso-recompute	OFFOMOO	O:ok F:noop F:noop O:ok M:ok O:ok O:ok	ok	same	I-2.1,I-4.8,I-7.4	[0, 0]	4	0	[0, 0]	29	622592	0	0	t1@50182:released-and-isolated
F4-rot-both	N3-iso-recompute	OFFOOFF	O:ok F:noop F:noop O:ok O:ok F:ok(F=6,reclaimed=18) F:noop	ok	same	I-2.1,I-4.8,I-7.4	[2, 2]	4	0	[0, 0]	23	491520	0	0	t1@50182:released-and-isolated
F4-rot-both	N3-iso-recompute	OFFOOFM	O:ok F:noop F:noop O:ok O:ok F:ok(F=6,reclaimed=18) M:ok	ok	same	I-2.1,I-4.8,I-7.4	[0, 0]	4	0	[0, 0]	27	557056	0	0	t1@50182:released-and-isolated
F4-rot-both	N3-iso-recompute	OFFOOFO	O:ok F:noop F:noop O:ok O:ok F:ok(F=6,reclaimed=18) O:ok	ok	same	I-2.1,I-4.8,I-7.4	[2, 2]	4	0	[0, 0]	29	622592	0	0	t1@50182:released-and-isolated
F4-rot-both	N3-iso-recompute	OFFOOMF	O:ok F:noop F:noop O:ok O:ok M:ok F:ok(F=6,reclaimed=18)	ok	same	I-2.1,I-4.8,I-7.4	[0, 0]	4	0	[0, 0]	27	557056	0	0	t1@50182:released-and-isolated
F4-rot-both	N3-iso-recompute	OFFOOOF	O:ok F:noop F:noop O:ok O:ok O:ok F:ok(F=7,reclaimed=26)	ok	same	-	[2, 2]	4	0	[2, 2]	31	655360	0	0	t1@50182:released-and-isolated
F4-rot-both	N3-iso-recompute	OFFOOMO	O:ok F:noop F:noop O:ok O:ok M:ok O:ok	ok	same	I-2.1,I-4.8,I-7.4	[0, 0]	4	0	[0, 0]	29	622592	0	0	t1@50182:released-and-isolated
F4-rot-both	N3-iso-recompute	OFFOOMM	O:ok F:noop F:noop O:ok O:ok M:ok M:ok	ok	same	I-2.1,I-4.8,I-7.4	[0, 0]	4	0	[0, 0]	27	557056	0	0	t1@50182:released-and-isolated
F4-rot-both	N3-iso-recompute	OFFOOOM	O:ok F:noop F:noop O:ok O:ok O:ok M:ok	ok	same	I-2.1,I-4.8,I-7.4	[0, 0]	4	0	[0, 0]	31	655360	0	0	t1@50182:released-and-isolated
F4-rot-both	N3-iso-recompute	OFFOOOO	O:ok F:noop F:noop O:ok O:ok O:ok O:ok	ok	same	I-2.1,I-4.8,I-7.4	[2, 2]	4	0	[0, 0]	31	688128	0	0	t1@50182:released-and-isolated
F4-rot-both	N3-iso-recompute	OFMFFFF	O:ok F:noop M:ok F:noop F:noop F:noop F:noop	ok	same	I-2.1,I-4.8,I-7.4	[0, 0]	4	0	[0, 0]	13	262144	0	0	t1@50182:released-and-isolated
F4-rot-both	N3-iso-recompute	OFMFFFM	O:ok F:noop M:ok F:noop F:noop F:noop M:ok	ok	same	I-2.1,I-4.8,I-7.4	[0, 0]	4	0	[0, 0]	19	360448	0	0	t1@50182:released-and-isolated
F4-rot-both	N3-iso-recompute	OFMFFFO	O:ok F:noop M:ok F:noop F:noop F:noop O:ok	ok	same	I-2.1,I-4.8,I-7.4	[0, 0]	4	0	[0, 0]	19	393216	0	0	t1@50182:released-and-isolated
F4-rot-both	N3-iso-recompute	OFMFFMF	O:ok F:noop M:ok F:noop F:noop M:ok F:noop	ok	same	I-2.1,I-4.8,I-7.4	[0, 0]	4	0	[0, 0]	19	360448	0	0	t1@50182:released-and-isolated
F4-rot-both	N3-iso-recompute	OFMFFOF	O:ok F:noop M:ok F:noop F:noop O:ok F:ok(F=3,reclaimed=1)	ok	same	I-2.1,I-4.8,I-7.4	[0, 0]	4	0	[0, 0]	23	458752	0	0	t1@50182:released-and-isolated
F4-rot-both	N3-iso-recompute	OFMFFMO	O:ok F:noop M:ok F:noop F:noop M:ok O:ok	ok	same	I-2.1,I-4.8,I-7.4	[0, 0]	4	0	[0, 0]	25	491520	0	0	t1@50182:released-and-isolated
F4-rot-both	N3-iso-recompute	OFMFFMM	O:ok F:noop M:ok F:noop F:noop M:ok M:ok	ok	same	I-2.1,I-4.8,I-7.4	[0, 0]	4	0	[0, 0]	25	458752	0	0	t1@50182:released-and-isolated
F4-rot-both	N3-iso-recompute	OFMFFOO	O:ok F:noop M:ok F:noop F:noop O:ok O:ok	ok	same	I-2.1,I-4.8,I-7.4	[0, 0]	4	0	[0, 0]	25	524288	0	0	t1@50182:released-and-isolated
F4-rot-both	N3-iso-recompute	OFMFFOM	O:ok F:noop M:ok F:noop F:noop O:ok M:ok	ok	same	I-2.1,I-4.8,I-7.4	[0, 0]	4	0	[0, 0]	23	458752	0	0	t1@50182:released-and-isolated
F4-rot-both	N3-iso-recompute	OFMFMFF	O:ok F:noop M:ok F:noop M:ok F:noop F:noop	ok	same	I-2.1,I-4.8,I-7.4	[0, 0]	4	0	[0, 0]	19	360448	0	0	t1@50182:released-and-isolated
F4-rot-both	N3-iso-recompute	OFMFMFM	O:ok F:noop M:ok F:noop M:ok F:noop M:ok	ok	same	I-2.1,I-4.8,I-7.4	[0, 0]	4	0	[0, 0]	25	458752	0	0	t1@50182:released-and-isolated
F4-rot-both	N3-iso-recompute	OFMFMFO	O:ok F:noop M:ok F:noop M:ok F:noop O:ok	ok	same	I-2.1,I-4.8,I-7.4	[0, 0]	4	0	[0, 0]	25	491520	0	0	t1@50182:released-and-isolated
F4-rot-both	N3-iso-recompute	OFMFMMF	O:ok F:noop M:ok F:noop M:ok M:ok F:noop	ok	same	I-2.1,I-4.8,I-7.4	[0, 0]	4	0	[0, 0]	25	458752	0	0	t1@50182:released-and-isolated
F4-rot-both	N3-iso-recompute	OFMFMMM	O:ok F:noop M:ok F:noop M:ok M:ok M:ok	ok	same	I-2.1,I-4.8,I-7.4	[0, 0]	4	0	[0, 0]	31	557056	0	0	t1@50182:released-and-isolated
F4-rot-both	N3-iso-recompute	OFMFMMO	O:ok F:noop M:ok F:noop M:ok M:ok O:ok	ok	same	I-2.1,I-4.8,I-7.4	[0, 0]	4	0	[0, 0]	31	589824	0	0	t1@50182:released-and-isolated
F4-rot-both	N3-iso-recompute	OFMFMOF	O:ok F:noop M:ok F:noop M:ok O:ok F:ok(F=3,reclaimed=1)	ok	same	I-2.1,I-4.8,I-7.4	[0, 0]	4	0	[0, 0]	29	557056	0	0	t1@50182:released-and-isolated
F4-rot-both	N3-iso-recompute	OFMFOFF	O:ok F:noop M:ok F:noop O:ok F:ok(F=3,reclaimed=1) F:noop	ok	same	I-2.1,I-4.8,I-7.4	[0, 0]	4	0	[0, 0]	23	458752	0	0	t1@50182:released-and-isolated
F4-rot-both	N3-iso-recompute	OFMFMOM	O:ok F:noop M:ok F:noop M:ok O:ok M:ok	ok	same	I-2.1,I-4.8,I-7.4	[0, 0]	4	0	[0, 0]	29	557056	0	0	t1@50182:released-and-isolated
F4-rot-both	N3-iso-recompute	OFMFMOO	O:ok F:noop M:ok F:noop M:ok O:ok O:ok	ok	same	I-2.1,I-4.8,I-7.4	[0, 0]	4	0	[0, 0]	31	622592	0	0	t1@50182:released-and-isolated
F4-rot-both	N3-iso-recompute	OFMFOFO	O:ok F:noop M:ok F:noop O:ok F:ok(F=3,reclaimed=1) O:ok	ok	same	I-2.1,I-4.8,I-7.4	[0, 0]	4	0	[0, 0]	29	589824	0	0	t1@50182:released-and-isolated
F4-rot-both	N3-iso-recompute	OFMFOFM	O:ok F:noop M:ok F:noop O:ok F:ok(F=3,reclaimed=1) M:ok	ok	same	I-2.1,I-4.8,I-7.4	[0, 0]	4	0	[0, 0]	29	557056	0	0	t1@50182:released-and-isolated
F4-rot-both	N3-iso-recompute	OFMFOMF	O:ok F:noop M:ok F:noop O:ok M:ok F:ok(F=3,reclaimed=1)	ok	same	I-2.1,I-4.8,I-7.4	[0, 0]	4	0	[0, 0]	29	557056	0	0	t1@50182:released-and-isolated
F4-rot-both	N3-iso-recompute	OFMFOMM	O:ok F:noop M:ok F:noop O:ok M:ok M:ok	ok	same	I-2.1,I-4.8,I-7.4	[0, 0]	4	0	[0, 0]	29	557056	0	0	t1@50182:released-and-isolated
F4-rot-both	N3-iso-recompute	OFMFOOF	O:ok F:noop M:ok F:noop O:ok O:ok F:ok(F=6,reclaimed=18)	ok	same	I-2.1,I-4.8,I-7.4	[0, 0]	4	0	[0, 0]	29	589824	0	0	t1@50182:released-and-isolated
F4-rot-both	N3-iso-recompute	OFMFOMO	O:ok F:noop M:ok F:noop O:ok M:ok O:ok	ok	same	I-2.1,I-4.8,I-7.4	[0, 0]	4	0	[0, 0]	29	589824	0	0	t1@50182:released-and-isolated
F4-rot-both	N3-iso-recompute	OFMFOOO	O:ok F:noop M:ok F:noop O:ok O:ok O:ok	ok	same	I-2.1,I-4.8,I-7.4	[0, 0]	4	0	[0, 0]	31	655360	0	0	t1@50182:released-and-isolated
F4-rot-both	N3-iso-recompute	OFMFOOM	O:ok F:noop M:ok F:noop O:ok O:ok M:ok	ok	same	I-2.1,I-4.8,I-7.4	[0, 0]	4	0	[0, 0]	29	589824	0	0	t1@50182:released-and-isolated
F4-rot-both	N3-iso-recompute	OFMMFFF	O:ok F:noop M:ok M:ok F:noop F:noop F:noop	ok	same	I-2.1,I-4.8,I-7.4	[0, 0]	4	0	[0, 0]	19	360448	0	0	t1@50182:released-and-isolated
F4-rot-both	N3-iso-recompute	OFMMFFO	O:ok F:noop M:ok M:ok F:noop F:noop O:ok	ok	same	I-2.1,I-4.8,I-7.4	[0, 0]	4	0	[0, 0]	25	491520	0	0	t1@50182:released-and-isolated
F4-rot-both	N3-iso-recompute	OFMMFFM	O:ok F:noop M:ok M:ok F:noop F:noop M:ok	ok	same	I-2.1,I-4.8,I-7.4	[0, 0]	4	0	[0, 0]	25	458752	0	0	t1@50182:released-and-isolated
F4-rot-both	N3-iso-recompute	OFMMFMF	O:ok F:noop M:ok M:ok F:noop M:ok F:noop	ok	same	I-2.1,I-4.8,I-7.4	[0, 0]	4	0	[0, 0]	25	458752	0	0	t1@50182:released-and-isolated
F4-rot-both	N3-iso-recompute	OFMMFOF	O:ok F:noop M:ok M:ok F:noop O:ok F:ok(F=3,reclaimed=1)	ok	same	I-2.1,I-4.8,I-7.4	[0, 0]	4	0	[0, 0]	29	557056	0	0	t1@50182:released-and-isolated
F4-rot-both	N3-iso-recompute	OFMMFMO	O:ok F:noop M:ok M:ok F:noop M:ok O:ok	ok	same	I-2.1,I-4.8,I-7.4	[0, 0]	4	0	[0, 0]	31	589824	0	0	t1@50182:released-and-isolated
F4-rot-both	N3-iso-recompute	OFMMFMM	O:ok F:noop M:ok M:ok F:noop M:ok M:ok	ok	same	I-2.1,I-4.8,I-7.4	[0, 0]	4	0	[0, 0]	31	557056	0	0	t1@50182:released-and-isolated
F4-rot-both	N3-iso-recompute	OFMMFOM	O:ok F:noop M:ok M:ok F:noop O:ok M:ok	ok	same	I-2.1,I-4.8,I-7.4	[0, 0]	4	0	[0, 0]	29	557056	0	0	t1@50182:released-and-isolated
F4-rot-both	N3-iso-recompute	OFMMFOO	O:ok F:noop M:ok M:ok F:noop O:ok O:ok	ok	same	I-2.1,I-4.8,I-7.4	[0, 0]	4	0	[0, 0]	31	622592	0	0	t1@50182:released-and-isolated
F4-rot-both	N3-iso-recompute	OFMMMFF	O:ok F:noop M:ok M:ok M:ok F:noop F:noop	ok	same	I-2.1,I-4.8,I-7.4	[0, 0]	4	0	[0, 0]	25	458752	0	0	t1@50182:released-and-isolated
F4-rot-both	N3-iso-recompute	OFMMMFO	O:ok F:noop M:ok M:ok M:ok F:noop O:ok	ok	same	I-2.1,I-4.8,I-7.4	[0, 0]	4	0	[0, 0]	31	589824	0	0	t1@50182:released-and-isolated
F4-rot-both	N3-iso-recompute	OFMMMFM	O:ok F:noop M:ok M:ok M:ok F:noop M:ok	ok	same	I-2.1,I-4.8,I-7.4	[0, 0]	4	0	[0, 0]	31	557056	0	0	t1@50182:released-and-isolated
F4-rot-both	N3-iso-recompute	OFMMMMF	O:ok F:noop M:ok M:ok M:ok M:ok F:noop	ok	same	I-2.1,I-4.8,I-7.4	[0, 0]	4	0	[0, 0]	31	557056	0	0	t1@50182:released-and-isolated
F4-rot-both	N3-iso-recompute	OFMMMOF	O:ok F:noop M:ok M:ok M:ok O:ok F:ok(F=3,reclaimed=1)	ok	same	I-2.1,I-4.8,I-7.4	[0, 0]	4	0	[0, 0]	35	655360	0	0	t1@50182:released-and-isolated
F4-rot-both	N3-iso-recompute	OFMMMMO	O:ok F:noop M:ok M:ok M:ok M:ok O:ok	ok	same	I-2.1,I-4.8,I-7.4	[0, 0]	4	0	[0, 0]	37	688128	0	0	t1@50182:released-and-isolated
F4-rot-both	N3-iso-recompute	OFMMMMM	O:ok F:noop M:ok M:ok M:ok M:ok M:ok	ok	same	I-2.1,I-4.8,I-7.4	[0, 0]	4	0	[0, 0]	37	655360	0	0	t1@50182:released-and-isolated
F4-rot-both	N3-iso-recompute	OFMMOFF	O:ok F:noop M:ok M:ok O:ok F:ok(F=3,reclaimed=1) F:noop	ok	same	I-2.1,I-4.8,I-7.4	[0, 0]	4	0	[0, 0]	29	557056	0	0	t1@50182:released-and-isolated
F4-rot-both	N3-iso-recompute	OFMMMOO	O:ok F:noop M:ok M:ok M:ok O:ok O:ok	ok	same	I-2.1,I-4.8,I-7.4	[0, 0]	4	0	[0, 0]	37	720896	0	0	t1@50182:released-and-isolated
F4-rot-both	N3-iso-recompute	OFMMMOM	O:ok F:noop M:ok M:ok M:ok O:ok M:ok	ok	same	I-2.1,I-4.8,I-7.4	[0, 0]	4	0	[0, 0]	35	655360	0	0	t1@50182:released-and-isolated
F4-rot-both	N3-iso-recompute	OFMMOFM	O:ok F:noop M:ok M:ok O:ok F:ok(F=3,reclaimed=1) M:ok	ok	same	I-2.1,I-4.8,I-7.4	[0, 0]	4	0	[0, 0]	35	655360	0	0	t1@50182:released-and-isolated
F4-rot-both	N3-iso-recompute	OFMMOFO	O:ok F:noop M:ok M:ok O:ok F:ok(F=3,reclaimed=1) O:ok	ok	same	I-2.1,I-4.8,I-7.4	[0, 0]	4	0	[0, 0]	35	688128	0	0	t1@50182:released-and-isolated
F4-rot-both	N3-iso-recompute	OFMMOMF	O:ok F:noop M:ok M:ok O:ok M:ok F:ok(F=3,reclaimed=1)	ok	same	I-2.1,I-4.8,I-7.4	[0, 0]	4	0	[0, 0]	35	655360	0	0	t1@50182:released-and-isolated
F4-rot-both	N3-iso-recompute	OFMMOMO	O:ok F:noop M:ok M:ok O:ok M:ok O:ok	ok	same	I-2.1,I-4.8,I-7.4	[0, 0]	4	0	[0, 0]	35	688128	0	0	t1@50182:released-and-isolated
F4-rot-both	N3-iso-recompute	OFMMOMM	O:ok F:noop M:ok M:ok O:ok M:ok M:ok	ok	same	I-2.1,I-4.8,I-7.4	[0, 0]	4	0	[0, 0]	35	655360	0	0	t1@50182:released-and-isolated
F4-rot-both	N3-iso-recompute	OFMMOOF	O:ok F:noop M:ok M:ok O:ok O:ok F:ok(F=6,reclaimed=18)	ok	same	I-2.1,I-4.8,I-7.4	[0, 0]	4	0	[0, 0]	35	688128	0	0	t1@50182:released-and-isolated
F4-rot-both	N3-iso-recompute	OFMOFFF	O:ok F:noop M:ok O:ok F:ok(F=3,reclaimed=1) F:noop F:noop	ok	same	I-2.1,I-4.8,I-7.4	[0, 0]	4	0	[0, 0]	23	458752	0	0	t1@50182:released-and-isolated
F4-rot-both	N3-iso-recompute	OFMMOOO	O:ok F:noop M:ok M:ok O:ok O:ok O:ok	ok	same	I-2.1,I-4.8,I-7.4	[0, 0]	4	0	[0, 0]	37	753664	0	0	t1@50182:released-and-isolated
F4-rot-both	N3-iso-recompute	OFMMOOM	O:ok F:noop M:ok M:ok O:ok O:ok M:ok	ok	same	I-2.1,I-4.8,I-7.4	[0, 0]	4	0	[0, 0]	35	688128	0	0	t1@50182:released-and-isolated
F4-rot-both	N3-iso-recompute	OFMOFFM	O:ok F:noop M:ok O:ok F:ok(F=3,reclaimed=1) F:noop M:ok	ok	same	I-2.1,I-4.8,I-7.4	[0, 0]	4	0	[0, 0]	29	557056	0	0	t1@50182:released-and-isolated
F4-rot-both	N3-iso-recompute	OFMOFFO	O:ok F:noop M:ok O:ok F:ok(F=3,reclaimed=1) F:noop O:ok	ok	same	I-2.1,I-4.8,I-7.4	[0, 0]	4	0	[0, 0]	29	589824	0	0	t1@50182:released-and-isolated
F4-rot-both	N3-iso-recompute	OFMOFMF	O:ok F:noop M:ok O:ok F:ok(F=3,reclaimed=1) M:ok F:noop	ok	same	I-2.1,I-4.8,I-7.4	[0, 0]	4	0	[0, 0]	29	557056	0	0	t1@50182:released-and-isolated
F4-rot-both	N3-iso-recompute	OFMOFMM	O:ok F:noop M:ok O:ok F:ok(F=3,reclaimed=1) M:ok M:ok	ok	same	I-2.1,I-4.8,I-7.4	[0, 0]	4	0	[0, 0]	35	655360	0	0	t1@50182:released-and-isolated
F4-rot-both	N3-iso-recompute	OFMOFOF	O:ok F:noop M:ok O:ok F:ok(F=3,reclaimed=1) O:ok F:ok(F=6,reclaimed=17)	ok	same	I-2.1,I-4.8,I-7.4	[0, 0]	4	0	[0, 0]	33	655360	0	0	t1@50182:released-and-isolated
F4-rot-both	N3-iso-recompute	OFMOFMO	O:ok F:noop M:ok O:ok F:ok(F=3,reclaimed=1) M:ok O:ok	ok	same	I-2.1,I-4.8,I-7.4	[0, 0]	4	0	[0, 0]	35	688128	0	0	t1@50182:released-and-isolated
F4-rot-both	N3-iso-recompute	OFMOFOO	O:ok F:noop M:ok O:ok F:ok(F=3,reclaimed=1) O:ok O:ok	ok	same	I-2.1,I-4.8,I-7.4	[0, 0]	4	0	[0, 0]	35	720896	0	0	t1@50182:released-and-isolated
F4-rot-both	N3-iso-recompute	OFMOFOM	O:ok F:noop M:ok O:ok F:ok(F=3,reclaimed=1) O:ok M:ok	ok	same	I-2.1,I-4.8,I-7.4	[0, 0]	4	0	[0, 0]	33	655360	0	0	t1@50182:released-and-isolated
F4-rot-both	N3-iso-recompute	OFMOMFF	O:ok F:noop M:ok O:ok M:ok F:ok(F=3,reclaimed=1) F:noop	ok	same	I-2.1,I-4.8,I-7.4	[0, 0]	4	0	[0, 0]	29	557056	0	0	t1@50182:released-and-isolated
F4-rot-both	N3-iso-recompute	OFMOMFO	O:ok F:noop M:ok O:ok M:ok F:ok(F=3,reclaimed=1) O:ok	ok	same	I-2.1,I-4.8,I-7.4	[0, 0]	4	0	[0, 0]	35	688128	0	0	t1@50182:released-and-isolated
F4-rot-both	N3-iso-recompute	OFMOMFM	O:ok F:noop M:ok O:ok M:ok F:ok(F=3,reclaimed=1) M:ok	ok	same	I-2.1,I-4.8,I-7.4	[0, 0]	4	0	[0, 0]	35	655360	0	0	t1@50182:released-and-isolated
F4-rot-both	N3-iso-recompute	OFMOMMF	O:ok F:noop M:ok O:ok M:ok M:ok F:ok(F=3,reclaimed=1)	ok	same	I-2.1,I-4.8,I-7.4	[0, 0]	4	0	[0, 0]	35	655360	0	0	t1@50182:released-and-isolated
F4-rot-both	N3-iso-recompute	OFMOMOF	O:ok F:noop M:ok O:ok M:ok O:ok F:ok(F=6,reclaimed=18)	ok	same	I-2.1,I-4.8,I-7.4	[0, 0]	4	0	[0, 0]	33	655360	0	0	t1@50182:released-and-isolated
F4-rot-both	N3-iso-recompute	OFMOMMM	O:ok F:noop M:ok O:ok M:ok M:ok M:ok	ok	same	I-2.1,I-4.8,I-7.4	[0, 0]	4	0	[0, 0]	35	655360	0	0	t1@50182:released-and-isolated
F4-rot-both	N3-iso-recompute	OFMOMMO	O:ok F:noop M:ok O:ok M:ok M:ok O:ok	ok	same	I-2.1,I-4.8,I-7.4	[0, 0]	4	0	[0, 0]	35	688128	0	0	t1@50182:released-and-isolated
F4-rot-both	N3-iso-recompute	OFMOMOM	O:ok F:noop M:ok O:ok M:ok O:ok M:ok	ok	same	I-2.1,I-4.8,I-7.4	[0, 0]	4	0	[0, 0]	33	655360	0	0	t1@50182:released-and-isolated
F4-rot-both	N3-iso-recompute	OFMOOFF	O:ok F:noop M:ok O:ok O:ok F:ok(F=6,reclaimed=18) F:noop	ok	same	I-2.1,I-4.8,I-7.4	[0, 0]	4	0	[0, 0]	29	589824	0	0	t1@50182:released-and-isolated
F4-rot-both	N3-iso-recompute	OFMOOFO	O:ok F:noop M:ok O:ok O:ok F:ok(F=6,reclaimed=18) O:ok	ok	same	I-2.1,I-4.8,I-7.4	[0, 0]	4	0	[0, 0]	35	720896	0	0	t1@50182:released-and-isolated
F4-rot-both	N3-iso-recompute	OFMOMOO	O:ok F:noop M:ok O:ok M:ok O:ok O:ok	ok	same	I-2.1,I-4.8,I-7.4	[0, 0]	4	0	[0, 0]	35	720896	0	0	t1@50182:released-and-isolated
F4-rot-both	N3-iso-recompute	OFMOOFM	O:ok F:noop M:ok O:ok O:ok F:ok(F=6,reclaimed=18) M:ok	ok	same	I-2.1,I-4.8,I-7.4	[0, 0]	4	0	[0, 0]	33	655360	0	0	t1@50182:released-and-isolated
F4-rot-both	N3-iso-recompute	OFMOOOF	O:ok F:noop M:ok O:ok O:ok O:ok F:ok(F=7,reclaimed=26)	ok	same	-	[0, 0]	4	0	[0, 0]	37	753664	0	0	t1@50182:released-and-isolated
F4-rot-both	N3-iso-recompute	OFMOOMF	O:ok F:noop M:ok O:ok O:ok M:ok F:ok(F=6,reclaimed=18)	ok	same	I-2.1,I-4.8,I-7.4	[0, 0]	4	0	[0, 0]	33	655360	0	0	t1@50182:released-and-isolated
F4-rot-both	N3-iso-recompute	OFMOOMO	O:ok F:noop M:ok O:ok O:ok M:ok O:ok	ok	same	I-2.1,I-4.8,I-7.4	[0, 0]	4	0	[0, 0]	35	720896	0	0	t1@50182:released-and-isolated
F4-rot-both	N3-iso-recompute	OFMOOMM	O:ok F:noop M:ok O:ok O:ok M:ok M:ok	ok	same	I-2.1,I-4.8,I-7.4	[0, 0]	4	0	[0, 0]	33	655360	0	0	t1@50182:released-and-isolated
F4-rot-both	N3-iso-recompute	OFOFFFF	O:ok F:noop O:ok F:ok(F=3,reclaimed=1) F:noop F:noop F:noop	ok	same	I-2.1,I-4.8,I-7.4	[2, 2]	4	0	[0, 0]	17	360448	0	0	t1@50182:released-and-isolated
F4-rot-both	N3-iso-recompute	OFMOOOO	O:ok F:noop M:ok O:ok O:ok O:ok O:ok	ok	same	I-2.1,I-4.8,I-7.4	[0, 0]	4	0	[0, 0]	37	786432	0	0	t1@50182:released-and-isolated
F4-rot-both	N3-iso-recompute	OFOFFFM	O:ok F:noop O:ok F:ok(F=3,reclaimed=1) F:noop F:noop M:ok	ok	same	I-2.1,I-4.8,I-7.4	[0, 0]	4	0	[0, 0]	23	458752	0	0	t1@50182:released-and-isolated
F4-rot-both	N3-iso-recompute	OFMOOOM	O:ok F:noop M:ok O:ok O:ok O:ok M:ok	ok	same	I-2.1,I-4.8,I-7.4	[0, 0]	4	0	[0, 0]	37	753664	0	0	t1@50182:released-and-isolated
F4-rot-both	N3-iso-recompute	OFOFFFO	O:ok F:noop O:ok F:ok(F=3,reclaimed=1) F:noop F:noop O:ok	ok	same	I-2.1,I-4.8,I-7.4	[2, 2]	4	0	[0, 0]	23	491520	0	0	t1@50182:released-and-isolated
F4-rot-both	N3-iso-recompute	OFOFFMF	O:ok F:noop O:ok F:ok(F=3,reclaimed=1) F:noop M:ok F:noop	ok	same	I-2.1,I-4.8,I-7.4	[0, 0]	4	0	[0, 0]	23	458752	0	0	t1@50182:released-and-isolated
F4-rot-both	N3-iso-recompute	OFOFFMO	O:ok F:noop O:ok F:ok(F=3,reclaimed=1) F:noop M:ok O:ok	ok	same	I-2.1,I-4.8,I-7.4	[0, 0]	4	0	[0, 0]	29	589824	0	0	t1@50182:released-and-isolated
F4-rot-both	N3-iso-recompute	OFOFFMM	O:ok F:noop O:ok F:ok(F=3,reclaimed=1) F:noop M:ok M:ok	ok	same	I-2.1,I-4.8,I-7.4	[0, 0]	4	0	[0, 0]	29	557056	0	0	t1@50182:released-and-isolated
F4-rot-both	N3-iso-recompute	OFOFFOF	O:ok F:noop O:ok F:ok(F=3,reclaimed=1) F:noop O:ok F:ok(F=6,reclaimed=17)	ok	same	I-2.1,I-4.8,I-7.4	[2, 2]	4	0	[0, 0]	27	557056	0	0	t1@50182:released-and-isolated
F4-rot-both	N3-iso-recompute	OFOFFOO	O:ok F:noop O:ok F:ok(F=3,reclaimed=1) F:noop O:ok O:ok	ok	same	I-2.1,I-4.8,I-7.4	[2, 2]	4	0	[0, 0]	29	622592	0	0	t1@50182:released-and-isolated
F4-rot-both	N3-iso-recompute	OFOFFOM	O:ok F:noop O:ok F:ok(F=3,reclaimed=1) F:noop O:ok M:ok	ok	same	I-2.1,I-4.8,I-7.4	[0, 0]	4	0	[0, 0]	27	557056	0	0	t1@50182:released-and-isolated
F4-rot-both	N3-iso-recompute	OFOFMFF	O:ok F:noop O:ok F:ok(F=3,reclaimed=1) M:ok F:noop F:noop	ok	same	I-2.1,I-4.8,I-7.4	[0, 0]	4	0	[0, 0]	23	458752	0	0	t1@50182:released-and-isolated
F4-rot-both	N3-iso-recompute	OFOFMFM	O:ok F:noop O:ok F:ok(F=3,reclaimed=1) M:ok F:noop M:ok	ok	same	I-2.1,I-4.8,I-7.4	[0, 0]	4	0	[0, 0]	29	557056	0	0	t1@50182:released-and-isolated
F4-rot-both	N3-iso-recompute	OFOFMFO	O:ok F:noop O:ok F:ok(F=3,reclaimed=1) M:ok F:noop O:ok	ok	same	I-2.1,I-4.8,I-7.4	[0, 0]	4	0	[0, 0]	29	589824	0	0	t1@50182:released-and-isolated
F4-rot-both	N3-iso-recompute	OFOFMMF	O:ok F:noop O:ok F:ok(F=3,reclaimed=1) M:ok M:ok F:noop	ok	same	I-2.1,I-4.8,I-7.4	[0, 0]	4	0	[0, 0]	29	557056	0	0	t1@50182:released-and-isolated
F4-rot-both	N3-iso-recompute	OFOFMMM	O:ok F:noop O:ok F:ok(F=3,reclaimed=1) M:ok M:ok M:ok	ok	same	I-2.1,I-4.8,I-7.4	[0, 0]	4	0	[0, 0]	35	655360	0	0	t1@50182:released-and-isolated
F4-rot-both	N3-iso-recompute	OFOFMMO	O:ok F:noop O:ok F:ok(F=3,reclaimed=1) M:ok M:ok O:ok	ok	same	I-2.1,I-4.8,I-7.4	[0, 0]	4	0	[0, 0]	35	688128	0	0	t1@50182:released-and-isolated
F4-rot-both	N3-iso-recompute	OFOFMOF	O:ok F:noop O:ok F:ok(F=3,reclaimed=1) M:ok O:ok F:ok(F=6,reclaimed=17)	ok	same	I-2.1,I-4.8,I-7.4	[0, 0]	4	0	[0, 0]	33	655360	0	0	t1@50182:released-and-isolated
F4-rot-both	N3-iso-recompute	OFOFMOM	O:ok F:noop O:ok F:ok(F=3,reclaimed=1) M:ok O:ok M:ok	ok	same	I-2.1,I-4.8,I-7.4	[0, 0]	4	0	[0, 0]	33	655360	0	0	t1@50182:released-and-isolated
F4-rot-both	N3-iso-recompute	OFOFOFF	O:ok F:noop O:ok F:ok(F=3,reclaimed=1) O:ok F:ok(F=6,reclaimed=17) F:noop	ok	same	I-2.1,I-4.8,I-7.4	[2, 2]	4	0	[0, 0]	27	557056	0	0	t1@50182:released-and-isolated
F4-rot-both	N3-iso-recompute	OFOFMOO	O:ok F:noop O:ok F:ok(F=3,reclaimed=1) M:ok O:ok O:ok	ok	same	I-2.1,I-4.8,I-7.4	[0, 0]	4	0	[0, 0]	35	720896	0	0	t1@50182:released-and-isolated
F4-rot-both	N3-iso-recompute	OFOFOFM	O:ok F:noop O:ok F:ok(F=3,reclaimed=1) O:ok F:ok(F=6,reclaimed=17) M:ok	ok	same	I-2.1,I-4.8,I-7.4	[0, 0]	4	0	[0, 0]	33	655360	0	0	t1@50182:released-and-isolated
F4-rot-both	N3-iso-recompute	OFOFOFO	O:ok F:noop O:ok F:ok(F=3,reclaimed=1) O:ok F:ok(F=6,reclaimed=17) O:ok	ok	same	I-2.1,I-4.8,I-7.4	[2, 2]	4	0	[0, 0]	33	688128	0	0	t1@50182:released-and-isolated
F4-rot-both	N3-iso-recompute	OFOFOMF	O:ok F:noop O:ok F:ok(F=3,reclaimed=1) O:ok M:ok F:ok(F=6,reclaimed=17)	ok	same	I-2.1,I-4.8,I-7.4	[0, 0]	4	0	[0, 0]	33	655360	0	0	t1@50182:released-and-isolated
F4-rot-both	N3-iso-recompute	OFOFOOF	O:ok F:noop O:ok F:ok(F=3,reclaimed=1) O:ok O:ok F:ok(F=7,reclaimed=25)	ok	same	-	[2, 2]	4	0	[2, 2]	33	688128	0	0	t1@50182:released-and-isolated
F4-rot-both	N3-iso-recompute	OFOFOMO	O:ok F:noop O:ok F:ok(F=3,reclaimed=1) O:ok M:ok O:ok	ok	same	I-2.1,I-4.8,I-7.4	[0, 0]	4	0	[0, 0]	33	688128	0	0	t1@50182:released-and-isolated
F4-rot-both	N3-iso-recompute	OFOFOMM	O:ok F:noop O:ok F:ok(F=3,reclaimed=1) O:ok M:ok M:ok	ok	same	I-2.1,I-4.8,I-7.4	[0, 0]	4	0	[0, 0]	33	655360	0	0	t1@50182:released-and-isolated
F4-rot-both	N3-iso-recompute	OFOFOOO	O:ok F:noop O:ok F:ok(F=3,reclaimed=1) O:ok O:ok O:ok	ok	same	I-2.1,I-4.8,I-7.4	[2, 2]	4	0	[0, 0]	35	753664	0	0	t1@50182:released-and-isolated
F4-rot-both	N3-iso-recompute	OFOFOOM	O:ok F:noop O:ok F:ok(F=3,reclaimed=1) O:ok O:ok M:ok	ok	same	I-2.1,I-4.8,I-7.4	[0, 0]	4	0	[0, 0]	33	688128	0	0	t1@50182:released-and-isolated
F4-rot-both	N3-iso-recompute	OFOMFFF	O:ok F:noop O:ok M:ok F:ok(F=3,reclaimed=1) F:noop F:noop	ok	same	I-2.1,I-4.8,I-7.4	[0, 0]	4	0	[0, 0]	23	458752	0	0	t1@50182:released-and-isolated
F4-rot-both	N3-iso-recompute	OFOMFFM	O:ok F:noop O:ok M:ok F:ok(F=3,reclaimed=1) F:noop M:ok	ok	same	I-2.1,I-4.8,I-7.4	[0, 0]	4	0	[0, 0]	29	557056	0	0	t1@50182:released-and-isolated
F4-rot-both	N3-iso-recompute	OFOMFFO	O:ok F:noop O:ok M:ok F:ok(F=3,reclaimed=1) F:noop O:ok	ok	same	I-2.1,I-4.8,I-7.4	[0, 0]	4	0	[0, 0]	29	589824	0	0	t1@50182:released-and-isolated
F4-rot-both	N3-iso-recompute	OFOMFMF	O:ok F:noop O:ok M:ok F:ok(F=3,reclaimed=1) M:ok F:noop	ok	same	I-2.1,I-4.8,I-7.4	[0, 0]	4	0	[0, 0]	29	557056	0	0	t1@50182:released-and-isolated
F4-rot-both	N3-iso-recompute	OFOMFMO	O:ok F:noop O:ok M:ok F:ok(F=3,reclaimed=1) M:ok O:ok	ok	same	I-2.1,I-4.8,I-7.4	[0, 0]	4	0	[0, 0]	35	688128	0	0	t1@50182:released-and-isolated
F4-rot-both	N3-iso-recompute	OFOMFMM	O:ok F:noop O:ok M:ok F:ok(F=3,reclaimed=1) M:ok M:ok	ok	same	I-2.1,I-4.8,I-7.4	[0, 0]	4	0	[0, 0]	35	655360	0	0	t1@50182:released-and-isolated
F4-rot-both	N3-iso-recompute	OFOMFOF	O:ok F:noop O:ok M:ok F:ok(F=3,reclaimed=1) O:ok F:ok(F=6,reclaimed=17)	ok	same	I-2.1,I-4.8,I-7.4	[0, 0]	4	0	[0, 0]	33	655360	0	0	t1@50182:released-and-isolated
F4-rot-both	N3-iso-recompute	OFOMFOM	O:ok F:noop O:ok M:ok F:ok(F=3,reclaimed=1) O:ok M:ok	ok	same	I-2.1,I-4.8,I-7.4	[0, 0]	4	0	[0, 0]	33	655360	0	0	t1@50182:released-and-isolated
F4-rot-both	N3-iso-recompute	OFOMFOO	O:ok F:noop O:ok M:ok F:ok(F=3,reclaimed=1) O:ok O:ok	ok	same	I-2.1,I-4.8,I-7.4	[0, 0]	4	0	[0, 0]	35	720896	0	0	t1@50182:released-and-isolated
F4-rot-both	N3-iso-recompute	OFOMMFF	O:ok F:noop O:ok M:ok M:ok F:ok(F=3,reclaimed=1) F:noop	ok	same	I-2.1,I-4.8,I-7.4	[0, 0]	4	0	[0, 0]	29	557056	0	0	t1@50182:released-and-isolated
F4-rot-both	N3-iso-recompute	OFOMMFM	O:ok F:noop O:ok M:ok M:ok F:ok(F=3,reclaimed=1) M:ok	ok	same	I-2.1,I-4.8,I-7.4	[0, 0]	4	0	[0, 0]	35	655360	0	0	t1@50182:released-and-isolated
F4-rot-both	N3-iso-recompute	OFOMMFO	O:ok F:noop O:ok M:ok M:ok F:ok(F=3,reclaimed=1) O:ok	ok	same	I-2.1,I-4.8,I-7.4	[0, 0]	4	0	[0, 0]	35	688128	0	0	t1@50182:released-and-isolated
F4-rot-both	N3-iso-recompute	OFOMMMF	O:ok F:noop O:ok M:ok M:ok M:ok F:ok(F=3,reclaimed=1)	ok	same	I-2.1,I-4.8,I-7.4	[0, 0]	4	0	[0, 0]	35	655360	0	0	t1@50182:released-and-isolated
F4-rot-both	N3-iso-recompute	OFOMMMM	O:ok F:noop O:ok M:ok M:ok M:ok M:ok	ok	same	I-2.1,I-4.8,I-7.4	[0, 0]	4	0	[0, 0]	35	655360	0	0	t1@50182:released-and-isolated
F4-rot-both	N3-iso-recompute	OFOMMOF	O:ok F:noop O:ok M:ok M:ok O:ok F:ok(F=6,reclaimed=18)	ok	same	I-2.1,I-4.8,I-7.4	[0, 0]	4	0	[0, 0]	33	655360	0	0	t1@50182:released-and-isolated
F4-rot-both	N3-iso-recompute	OFOMMMO	O:ok F:noop O:ok M:ok M:ok M:ok O:ok	ok	same	I-2.1,I-4.8,I-7.4	[0, 0]	4	0	[0, 0]	35	688128	0	0	t1@50182:released-and-isolated
F4-rot-both	N3-iso-recompute	OFOMMOO	O:ok F:noop O:ok M:ok M:ok O:ok O:ok	ok	same	I-2.1,I-4.8,I-7.4	[0, 0]	4	0	[0, 0]	35	720896	0	0	t1@50182:released-and-isolated
F4-rot-both	N3-iso-recompute	OFOMMOM	O:ok F:noop O:ok M:ok M:ok O:ok M:ok	ok	same	I-2.1,I-4.8,I-7.4	[0, 0]	4	0	[0, 0]	33	655360	0	0	t1@50182:released-and-isolated
F4-rot-both	N3-iso-recompute	OFOMOFF	O:ok F:noop O:ok M:ok O:ok F:ok(F=6,reclaimed=18) F:noop	ok	same	I-2.1,I-4.8,I-7.4	[0, 0]	4	0	[0, 0]	27	557056	0	0	t1@50182:released-and-isolated
F4-rot-both	N3-iso-recompute	OFOMOFO	O:ok F:noop O:ok M:ok O:ok F:ok(F=6,reclaimed=18) O:ok	ok	same	I-2.1,I-4.8,I-7.4	[0, 0]	4	0	[0, 0]	33	688128	0	0	t1@50182:released-and-isolated
F4-rot-both	N3-iso-recompute	OFOMOFM	O:ok F:noop O:ok M:ok O:ok F:ok(F=6,reclaimed=18) M:ok	ok	same	I-2.1,I-4.8,I-7.4	[0, 0]	4	0	[0, 0]	33	655360	0	0	t1@50182:released-and-isolated
F4-rot-both	N3-iso-recompute	OFOMOMF	O:ok F:noop O:ok M:ok O:ok M:ok F:ok(F=6,reclaimed=18)	ok	same	I-2.1,I-4.8,I-7.4	[0, 0]	4	0	[0, 0]	33	655360	0	0	t1@50182:released-and-isolated
F4-rot-both	N3-iso-recompute	OFOMOOF	O:ok F:noop O:ok M:ok O:ok O:ok F:ok(F=7,reclaimed=26)	ok	same	-	[0, 0]	4	0	[0, 0]	33	688128	0	0	t1@50182:released-and-isolated
F4-rot-both	N3-iso-recompute	OFOMOMM	O:ok F:noop O:ok M:ok O:ok M:ok M:ok	ok	same	I-2.1,I-4.8,I-7.4	[0, 0]	4	0	[0, 0]	33	655360	0	0	t1@50182:released-and-isolated
F4-rot-both	N3-iso-recompute	OFOMOMO	O:ok F:noop O:ok M:ok O:ok M:ok O:ok	ok	same	I-2.1,I-4.8,I-7.4	[0, 0]	4	0	[0, 0]	33	688128	0	0	t1@50182:released-and-isolated
F4-rot-both	N3-iso-recompute	OFOMOOM	O:ok F:noop O:ok M:ok O:ok O:ok M:ok	ok	same	I-2.1,I-4.8,I-7.4	[0, 0]	4	0	[0, 0]	33	688128	0	0	t1@50182:released-and-isolated
F4-rot-both	N3-iso-recompute	OFOOFFF	O:ok F:noop O:ok O:ok F:ok(F=6,reclaimed=18) F:noop F:noop	ok	same	I-2.1,I-4.8,I-7.4	[2, 2]	4	0	[0, 0]	23	491520	0	0	t1@50182:released-and-isolated
F4-rot-both	N3-iso-recompute	OFOOFFO	O:ok F:noop O:ok O:ok F:ok(F=6,reclaimed=18) F:noop O:ok	ok	same	I-2.1,I-4.8,I-7.4	[2, 2]	4	0	[0, 0]	29	622592	0	0	t1@50182:released-and-isolated
F4-rot-both	N3-iso-recompute	OFOMOOO	O:ok F:noop O:ok M:ok O:ok O:ok O:ok	ok	same	I-2.1,I-4.8,I-7.4	[0, 0]	4	0	[0, 0]	35	753664	0	0	t1@50182:released-and-isolated
F4-rot-both	N3-iso-recompute	OFOOFFM	O:ok F:noop O:ok O:ok F:ok(F=6,reclaimed=18) F:noop M:ok	ok	same	I-2.1,I-4.8,I-7.4	[0, 0]	4	0	[0, 0]	27	557056	0	0	t1@50182:released-and-isolated
F4-rot-both	N3-iso-recompute	OFOOFMF	O:ok F:noop O:ok O:ok F:ok(F=6,reclaimed=18) M:ok F:noop	ok	same	I-2.1,I-4.8,I-7.4	[0, 0]	4	0	[0, 0]	27	557056	0	0	t1@50182:released-and-isolated
F4-rot-both	N3-iso-recompute	OFOOFOF	O:ok F:noop O:ok O:ok F:ok(F=6,reclaimed=18) O:ok F:ok(F=7,reclaimed=8)	ok	same	-	[2, 2]	4	0	[2, 2]	33	688128	0	0	t1@50182:released-and-isolated
F4-rot-both	N3-iso-recompute	OFOOFMO	O:ok F:noop O:ok O:ok F:ok(F=6,reclaimed=18) M:ok O:ok	ok	same	I-2.1,I-4.8,I-7.4	[0, 0]	4	0	[0, 0]	33	688128	0	0	t1@50182:released-and-isolated
F4-rot-both	N3-iso-recompute	OFOOFMM	O:ok F:noop O:ok O:ok F:ok(F=6,reclaimed=18) M:ok M:ok	ok	same	I-2.1,I-4.8,I-7.4	[0, 0]	4	0	[0, 0]	33	655360	0	0	t1@50182:released-and-isolated
F4-rot-both	N3-iso-recompute	OFOOFOO	O:ok F:noop O:ok O:ok F:ok(F=6,reclaimed=18) O:ok O:ok	ok	same	I-2.1,I-4.8,I-7.4	[2, 2]	4	0	[0, 0]	35	753664	0	0	t1@50182:released-and-isolated
F4-rot-both	N3-iso-recompute	OFOOFOM	O:ok F:noop O:ok O:ok F:ok(F=6,reclaimed=18) O:ok M:ok	ok	same	I-2.1,I-4.8,I-7.4	[0, 0]	4	0	[0, 0]	33	688128	0	0	t1@50182:released-and-isolated
F4-rot-both	N3-iso-recompute	OFOOMFF	O:ok F:noop O:ok O:ok M:ok F:ok(F=6,reclaimed=18) F:noop	ok	same	I-2.1,I-4.8,I-7.4	[0, 0]	4	0	[0, 0]	27	557056	0	0	t1@50182:released-and-isolated
F4-rot-both	N3-iso-recompute	OFOOMFM	O:ok F:noop O:ok O:ok M:ok F:ok(F=6,reclaimed=18) M:ok	ok	same	I-2.1,I-4.8,I-7.4	[0, 0]	4	0	[0, 0]	33	655360	0	0	t1@50182:released-and-isolated
F4-rot-both	N3-iso-recompute	OFOOMFO	O:ok F:noop O:ok O:ok M:ok F:ok(F=6,reclaimed=18) O:ok	ok	same	I-2.1,I-4.8,I-7.4	[0, 0]	4	0	[0, 0]	33	688128	0	0	t1@50182:released-and-isolated
F4-rot-both	N3-iso-recompute	OFOOMMF	O:ok F:noop O:ok O:ok M:ok M:ok F:ok(F=6,reclaimed=18)	ok	same	I-2.1,I-4.8,I-7.4	[0, 0]	4	0	[0, 0]	33	655360	0	0	t1@50182:released-and-isolated
F4-rot-both	N3-iso-recompute	OFOOMMM	O:ok F:noop O:ok O:ok M:ok M:ok M:ok	ok	same	I-2.1,I-4.8,I-7.4	[0, 0]	4	0	[0, 0]	33	655360	0	0	t1@50182:released-and-isolated
F4-rot-both	N3-iso-recompute	OFOOMMO	O:ok F:noop O:ok O:ok M:ok M:ok O:ok	ok	same	I-2.1,I-4.8,I-7.4	[0, 0]	4	0	[0, 0]	33	688128	0	0	t1@50182:released-and-isolated
F4-rot-both	N3-iso-recompute	OFOOMOF	O:ok F:noop O:ok O:ok M:ok O:ok F:ok(F=7,reclaimed=26)	ok	same	-	[0, 0]	4	0	[0, 0]	33	688128	0	0	t1@50182:released-and-isolated
F4-rot-both	N3-iso-recompute	OFOOOFF	O:ok F:noop O:ok O:ok O:ok F:ok(F=7,reclaimed=26) F:noop	ok	same	-	[2, 2]	4	0	[2, 2]	31	655360	0	0	t1@50182:released-and-isolated
F4-rot-both	N3-iso-recompute	OFOOMOM	O:ok F:noop O:ok O:ok M:ok O:ok M:ok	ok	same	I-2.1,I-4.8,I-7.4	[0, 0]	4	0	[0, 0]	33	688128	0	0	t1@50182:released-and-isolated
F4-rot-both	N3-iso-recompute	OFOOMOO	O:ok F:noop O:ok O:ok M:ok O:ok O:ok	ok	same	I-2.1,I-4.8,I-7.4	[0, 0]	4	0	[0, 0]	35	753664	0	0	t1@50182:released-and-isolated
F4-rot-both	N3-iso-recompute	OFOOOFM	O:ok F:noop O:ok O:ok O:ok F:ok(F=7,reclaimed=26) M:ok	ok	same	-	[0, 0]	4	0	[0, 0]	37	753664	0	0	t1@50182:released-and-isolated
F4-rot-both	N3-iso-recompute	OFOOOFO	O:ok F:noop O:ok O:ok O:ok F:ok(F=7,reclaimed=26) O:ok	ok	same	-	[2, 2]	4	0	[2, 2]	37	786432	0	0	t1@50182:released-and-isolated
F4-rot-both	N3-iso-recompute	OFOOOMF	O:ok F:noop O:ok O:ok O:ok M:ok F:ok(F=7,reclaimed=26)	ok	same	-	[0, 0]	4	0	[0, 0]	37	753664	0	0	t1@50182:released-and-isolated
F4-rot-both	N3-iso-recompute	OFOOOMM	O:ok F:noop O:ok O:ok O:ok M:ok M:ok	ok	same	I-2.1,I-4.8,I-7.4	[0, 0]	4	0	[0, 0]	37	753664	0	0	t1@50182:released-and-isolated
F4-rot-both	N3-iso-recompute	OFOOOOF	O:ok F:noop O:ok O:ok O:ok O:ok F:ok(F=8,reclaimed=34)	ok	same	-	[2, 2]	4	0	[2, 2]	35	753664	0	0	t1@50182:released-and-isolated
F4-rot-both	N3-iso-recompute	OFOOOMO	O:ok F:noop O:ok O:ok O:ok M:ok O:ok	ok	same	I-2.1,I-4.8,I-7.4	[0, 0]	4	0	[0, 0]	37	786432	0	0	t1@50182:released-and-isolated
F4-rot-both	N3-iso-recompute	OFOOOOM	O:ok F:noop O:ok O:ok O:ok O:ok M:ok	ok	same	I-2.1,I-4.8,I-7.4	[0, 0]	4	0	[0, 0]	35	753664	0	0	t1@50182:released-and-isolated
F4-rot-both	N3-iso-recompute	OFOOOOO	O:ok F:noop O:ok O:ok O:ok O:ok O:ok	ok	same	I-2.1,I-4.8,I-7.4	[2, 2]	4	0	[0, 0]	37	819200	0	0	t1@50182:released-and-isolated
F4-rot-both	N3-iso-recompute	OMFFFFF	O:ok M:ok F:noop F:noop F:noop F:noop F:noop	ok	same	I-2.1,I-4.8,I-7.4	[0, 0]	4	0	[0, 0]	13	262144	0	0	t1@50182:released-and-isolated
F4-rot-both	N3-iso-recompute	OMFFFFM	O:ok M:ok F:noop F:noop F:noop F:noop M:ok	ok	same	I-2.1,I-4.8,I-7.4	[0, 0]	4	0	[0, 0]	19	360448	0	0	t1@50182:released-and-isolated
F4-rot-both	N3-iso-recompute	OMFFFFO	O:ok M:ok F:noop F:noop F:noop F:noop O:ok	ok	same	I-2.1,I-4.8,I-7.4	[0, 0]	4	0	[0, 0]	19	393216	0	0	t1@50182:released-and-isolated
F4-rot-both	N3-iso-recompute	OMFFFMF	O:ok M:ok F:noop F:noop F:noop M:ok F:noop	ok	same	I-2.1,I-4.8,I-7.4	[0, 0]	4	0	[0, 0]	19	360448	0	0	t1@50182:released-and-isolated
F4-rot-both	N3-iso-recompute	OMFFFMM	O:ok M:ok F:noop F:noop F:noop M:ok M:ok	ok	same	I-2.1,I-4.8,I-7.4	[0, 0]	4	0	[0, 0]	25	458752	0	0	t1@50182:released-and-isolated
F4-rot-both	N3-iso-recompute	OMFFFOF	O:ok M:ok F:noop F:noop F:noop O:ok F:ok(F=3,reclaimed=1)	ok	same	I-2.1,I-4.8,I-7.4	[0, 0]	4	0	[0, 0]	23	458752	0	0	t1@50182:released-and-isolated
F4-rot-both	N3-iso-recompute	OMFFFMO	O:ok M:ok F:noop F:noop F:noop M:ok O:ok	ok	same	I-2.1,I-4.8,I-7.4	[0, 0]	4	0	[0, 0]	25	491520	0	0	t1@50182:released-and-isolated
F4-rot-both	N3-iso-recompute	OMFFFOM	O:ok M:ok F:noop F:noop F:noop O:ok M:ok	ok	same	I-2.1,I-4.8,I-7.4	[0, 0]	4	0	[0, 0]	23	458752	0	0	t1@50182:released-and-isolated
F4-rot-both	N3-iso-recompute	OMFFFOO	O:ok M:ok F:noop F:noop F:noop O:ok O:ok	ok	same	I-2.1,I-4.8,I-7.4	[0, 0]	4	0	[0, 0]	25	524288	0	0	t1@50182:released-and-isolated
F4-rot-both	N3-iso-recompute	OMFFMFF	O:ok M:ok F:noop F:noop M:ok F:noop F:noop	ok	same	I-2.1,I-4.8,I-7.4	[0, 0]	4	0	[0, 0]	19	360448	0	0	t1@50182:released-and-isolated
F4-rot-both	N3-iso-recompute	OMFFMFO	O:ok M:ok F:noop F:noop M:ok F:noop O:ok	ok	same	I-2.1,I-4.8,I-7.4	[0, 0]	4	0	[0, 0]	25	491520	0	0	t1@50182:released-and-isolated
F4-rot-both	N3-iso-recompute	OMFFMFM	O:ok M:ok F:noop F:noop M:ok F:noop M:ok	ok	same	I-2.1,I-4.8,I-7.4	[0, 0]	4	0	[0, 0]	25	458752	0	0	t1@50182:released-and-isolated
F4-rot-both	N3-iso-recompute	OMFFMMF	O:ok M:ok F:noop F:noop M:ok M:ok F:noop	ok	same	I-2.1,I-4.8,I-7.4	[0, 0]	4	0	[0, 0]	25	458752	0	0	t1@50182:released-and-isolated
F4-rot-both	N3-iso-recompute	OMFFMOF	O:ok M:ok F:noop F:noop M:ok O:ok F:ok(F=3,reclaimed=1)	ok	same	I-2.1,I-4.8,I-7.4	[0, 0]	4	0	[0, 0]	29	557056	0	0	t1@50182:released-and-isolated
F4-rot-both	N3-iso-recompute	OMFFMMO	O:ok M:ok F:noop F:noop M:ok M:ok O:ok	ok	same	I-2.1,I-4.8,I-7.4	[0, 0]	4	0	[0, 0]	31	589824	0	0	t1@50182:released-and-isolated
F4-rot-both	N3-iso-recompute	OMFFMMM	O:ok M:ok F:noop F:noop M:ok M:ok M:ok	ok	same	I-2.1,I-4.8,I-7.4	[0, 0]	4	0	[0, 0]	31	557056	0	0	t1@50182:released-and-isolated
F4-rot-both	N3-iso-recompute	OMFFOFF	O:ok M:ok F:noop F:noop O:ok F:ok(F=3,reclaimed=1) F:noop	ok	same	I-2.1,I-4.8,I-7.4	[0, 0]	4	0	[0, 0]	23	458752	0	0	t1@50182:released-and-isolated
F4-rot-both	N3-iso-recompute	OMFFMOO	O:ok M:ok F:noop F:noop M:ok O:ok O:ok	ok	same	I-2.1,I-4.8,I-7.4	[0, 0]	4	0	[0, 0]	31	622592	0	0	t1@50182:released-and-isolated
F4-rot-both	N3-iso-recompute	OMFFMOM	O:ok M:ok F:noop F:noop M:ok O:ok M:ok	ok	same	I-2.1,I-4.8,I-7.4	[0, 0]	4	0	[0, 0]	29	557056	0	0	t1@50182:released-and-isolated
F4-rot-both	N3-iso-recompute	OMFFOFM	O:ok M:ok F:noop F:noop O:ok F:ok(F=3,reclaimed=1) M:ok	ok	same	I-2.1,I-4.8,I-7.4	[0, 0]	4	0	[0, 0]	29	557056	0	0	t1@50182:released-and-isolated
F4-rot-both	N3-iso-recompute	OMFFOFO	O:ok M:ok F:noop F:noop O:ok F:ok(F=3,reclaimed=1) O:ok	ok	same	I-2.1,I-4.8,I-7.4	[0, 0]	4	0	[0, 0]	29	589824	0	0	t1@50182:released-and-isolated
F4-rot-both	N3-iso-recompute	OMFFOMF	O:ok M:ok F:noop F:noop O:ok M:ok F:ok(F=3,reclaimed=1)	ok	same	I-2.1,I-4.8,I-7.4	[0, 0]	4	0	[0, 0]	29	557056	0	0	t1@50182:released-and-isolated
F4-rot-both	N3-iso-recompute	OMFFOMO	O:ok M:ok F:noop F:noop O:ok M:ok O:ok	ok	same	I-2.1,I-4.8,I-7.4	[0, 0]	4	0	[0, 0]	29	589824	0	0	t1@50182:released-and-isolated
F4-rot-both	N3-iso-recompute	OMFFOMM	O:ok M:ok F:noop F:noop O:ok M:ok M:ok	ok	same	I-2.1,I-4.8,I-7.4	[0, 0]	4	0	[0, 0]	29	557056	0	0	t1@50182:released-and-isolated
F4-rot-both	N3-iso-recompute	OMFFOOF	O:ok M:ok F:noop F:noop O:ok O:ok F:ok(F=6,reclaimed=18)	ok	same	I-2.1,I-4.8,I-7.4	[0, 0]	4	0	[0, 0]	29	589824	0	0	t1@50182:released-and-isolated
F4-rot-both	N3-iso-recompute	OMFFOOO	O:ok M:ok F:noop F:noop O:ok O:ok O:ok	ok	same	I-2.1,I-4.8,I-7.4	[0, 0]	4	0	[0, 0]	31	655360	0	0	t1@50182:released-and-isolated
F4-rot-both	N3-iso-recompute	OMFFOOM	O:ok M:ok F:noop F:noop O:ok O:ok M:ok	ok	same	I-2.1,I-4.8,I-7.4	[0, 0]	4	0	[0, 0]	29	589824	0	0	t1@50182:released-and-isolated
F4-rot-both	N3-iso-recompute	OMFMFFF	O:ok M:ok F:noop M:ok F:noop F:noop F:noop	ok	same	I-2.1,I-4.8,I-7.4	[0, 0]	4	0	[0, 0]	19	360448	0	0	t1@50182:released-and-isolated
F4-rot-both	N3-iso-recompute	OMFMFFM	O:ok M:ok F:noop M:ok F:noop F:noop M:ok	ok	same	I-2.1,I-4.8,I-7.4	[0, 0]	4	0	[0, 0]	25	458752	0	0	t1@50182:released-and-isolated
F4-rot-both	N3-iso-recompute	OMFMFFO	O:ok M:ok F:noop M:ok F:noop F:noop O:ok	ok	same	I-2.1,I-4.8,I-7.4	[0, 0]	4	0	[0, 0]	25	491520	0	0	t1@50182:released-and-isolated
F4-rot-both	N3-iso-recompute	OMFMFMF	O:ok M:ok F:noop M:ok F:noop M:ok F:noop	ok	same	I-2.1,I-4.8,I-7.4	[0, 0]	4	0	[0, 0]	25	458752	0	0	t1@50182:released-and-isolated
F4-rot-both	N3-iso-recompute	OMFMFMM	O:ok M:ok F:noop M:ok F:noop M:ok M:ok	ok	same	I-2.1,I-4.8,I-7.4	[0, 0]	4	0	[0, 0]	31	557056	0	0	t1@50182:released-and-isolated
F4-rot-both	N3-iso-recompute	OMFMFOF	O:ok M:ok F:noop M:ok F:noop O:ok F:ok(F=3,reclaimed=1)	ok	same	I-2.1,I-4.8,I-7.4	[0, 0]	4	0	[0, 0]	29	557056	0	0	t1@50182:released-and-isolated
F4-rot-both	N3-iso-recompute	OMFMFMO	O:ok M:ok F:noop M:ok F:noop M:ok O:ok	ok	same	I-2.1,I-4.8,I-7.4	[0, 0]	4	0	[0, 0]	31	589824	0	0	t1@50182:released-and-isolated
F4-rot-both	N3-iso-recompute	OMFMFOO	O:ok M:ok F:noop M:ok F:noop O:ok O:ok	ok	same	I-2.1,I-4.8,I-7.4	[0, 0]	4	0	[0, 0]	31	622592	0	0	t1@50182:released-and-isolated
F4-rot-both	N3-iso-recompute	OMFMFOM	O:ok M:ok F:noop M:ok F:noop O:ok M:ok	ok	same	I-2.1,I-4.8,I-7.4	[0, 0]	4	0	[0, 0]	29	557056	0	0	t1@50182:released-and-isolated
F4-rot-both	N3-iso-recompute	OMFMMFF	O:ok M:ok F:noop M:ok M:ok F:noop F:noop	ok	same	I-2.1,I-4.8,I-7.4	[0, 0]	4	0	[0, 0]	25	458752	0	0	t1@50182:released-and-isolated
F4-rot-both	N3-iso-recompute	OMFMMFM	O:ok M:ok F:noop M:ok M:ok F:noop M:ok	ok	same	I-2.1,I-4.8,I-7.4	[0, 0]	4	0	[0, 0]	31	557056	0	0	t1@50182:released-and-isolated
F4-rot-both	N3-iso-recompute	OMFMMFO	O:ok M:ok F:noop M:ok M:ok F:noop O:ok	ok	same	I-2.1,I-4.8,I-7.4	[0, 0]	4	0	[0, 0]	31	589824	0	0	t1@50182:released-and-isolated
F4-rot-both	N3-iso-recompute	OMFMMMF	O:ok M:ok F:noop M:ok M:ok M:ok F:noop	ok	same	I-2.1,I-4.8,I-7.4	[0, 0]	4	0	[0, 0]	31	557056	0	0	t1@50182:released-and-isolated
F4-rot-both	N3-iso-recompute	OMFMMOF	O:ok M:ok F:noop M:ok M:ok O:ok F:ok(F=3,reclaimed=1)	ok	same	I-2.1,I-4.8,I-7.4	[0, 0]	4	0	[0, 0]	35	655360	0	0	t1@50182:released-and-isolated
F4-rot-both	N3-iso-recompute	OMFMMMO	O:ok M:ok F:noop M:ok M:ok M:ok O:ok	ok	same	I-2.1,I-4.8,I-7.4	[0, 0]	4	0	[0, 0]	37	688128	0	0	t1@50182:released-and-isolated
F4-rot-both	N3-iso-recompute	OMFMMMM	O:ok M:ok F:noop M:ok M:ok M:ok M:ok	ok	same	I-2.1,I-4.8,I-7.4	[0, 0]	4	0	[0, 0]	37	655360	0	0	t1@50182:released-and-isolated
F4-rot-both	N3-iso-recompute	OMFMMOM	O:ok M:ok F:noop M:ok M:ok O:ok M:ok	ok	same	I-2.1,I-4.8,I-7.4	[0, 0]	4	0	[0, 0]	35	655360	0	0	t1@50182:released-and-isolated
F4-rot-both	N3-iso-recompute	OMFMMOO	O:ok M:ok F:noop M:ok M:ok O:ok O:ok	ok	same	I-2.1,I-4.8,I-7.4	[0, 0]	4	0	[0, 0]	37	720896	0	0	t1@50182:released-and-isolated
F4-rot-both	N3-iso-recompute	OMFMOFF	O:ok M:ok F:noop M:ok O:ok F:ok(F=3,reclaimed=1) F:noop	ok	same	I-2.1,I-4.8,I-7.4	[0, 0]	4	0	[0, 0]	29	557056	0	0	t1@50182:released-and-isolated
F4-rot-both	N3-iso-recompute	OMFMOFO	O:ok M:ok F:noop M:ok O:ok F:ok(F=3,reclaimed=1) O:ok	ok	same	I-2.1,I-4.8,I-7.4	[0, 0]	4	0	[0, 0]	35	688128	0	0	t1@50182:released-and-isolated
F4-rot-both	N3-iso-recompute	OMFMOFM	O:ok M:ok F:noop M:ok O:ok F:ok(F=3,reclaimed=1) M:ok	ok	same	I-2.1,I-4.8,I-7.4	[0, 0]	4	0	[0, 0]	35	655360	0	0	t1@50182:released-and-isolated
F4-rot-both	N3-iso-recompute	OMFMOOF	O:ok M:ok F:noop M:ok O:ok O:ok F:ok(F=6,reclaimed=18)	ok	same	I-2.1,I-4.8,I-7.4	[0, 0]	4	0	[0, 0]	35	688128	0	0	t1@50182:released-and-isolated
F4-rot-both	N3-iso-recompute	OMFMOMF	O:ok M:ok F:noop M:ok O:ok M:ok F:ok(F=3,reclaimed=1)	ok	same	I-2.1,I-4.8,I-7.4	[0, 0]	4	0	[0, 0]	35	655360	0	0	t1@50182:released-and-isolated
F4-rot-both	N3-iso-recompute	OMFMOMO	O:ok M:ok F:noop M:ok O:ok M:ok O:ok	ok	same	I-2.1,I-4.8,I-7.4	[0, 0]	4	0	[0, 0]	35	688128	0	0	t1@50182:released-and-isolated
F4-rot-both	N3-iso-recompute	OMFMOMM	O:ok M:ok F:noop M:ok O:ok M:ok M:ok	ok	same	I-2.1,I-4.8,I-7.4	[0, 0]	4	0	[0, 0]	35	655360	0	0	t1@50182:released-and-isolated
F4-rot-both	N3-iso-recompute	OMFOFFF	O:ok M:ok F:noop O:ok F:ok(F=3,reclaimed=1) F:noop F:noop	ok	same	I-2.1,I-4.8,I-7.4	[0, 0]	4	0	[0, 0]	23	458752	0	0	t1@50182:released-and-isolated
F4-rot-both	N3-iso-recompute	OMFMOOO	O:ok M:ok F:noop M:ok O:ok O:ok O:ok	ok	same	I-2.1,I-4.8,I-7.4	[0, 0]	4	0	[0, 0]	37	753664	0	0	t1@50182:released-and-isolated
F4-rot-both	N3-iso-recompute	OMFOFFM	O:ok M:ok F:noop O:ok F:ok(F=3,reclaimed=1) F:noop M:ok	ok	same	I-2.1,I-4.8,I-7.4	[0, 0]	4	0	[0, 0]	29	557056	0	0	t1@50182:released-and-isolated
F4-rot-both	N3-iso-recompute	OMFMOOM	O:ok M:ok F:noop M:ok O:ok O:ok M:ok	ok	same	I-2.1,I-4.8,I-7.4	[0, 0]	4	0	[0, 0]	35	688128	0	0	t1@50182:released-and-isolated
F4-rot-both	N3-iso-recompute	OMFOFFO	O:ok M:ok F:noop O:ok F:ok(F=3,reclaimed=1) F:noop O:ok	ok	same	I-2.1,I-4.8,I-7.4	[0, 0]	4	0	[0, 0]	29	589824	0	0	t1@50182:released-and-isolated
F4-rot-both	N3-iso-recompute	OMFOFMF	O:ok M:ok F:noop O:ok F:ok(F=3,reclaimed=1) M:ok F:noop	ok	same	I-2.1,I-4.8,I-7.4	[0, 0]	4	0	[0, 0]	29	557056	0	0	t1@50182:released-and-isolated
F4-rot-both	N3-iso-recompute	OMFOFMO	O:ok M:ok F:noop O:ok F:ok(F=3,reclaimed=1) M:ok O:ok	ok	same	I-2.1,I-4.8,I-7.4	[0, 0]	4	0	[0, 0]	35	688128	0	0	t1@50182:released-and-isolated
F4-rot-both	N3-iso-recompute	OMFOFMM	O:ok M:ok F:noop O:ok F:ok(F=3,reclaimed=1) M:ok M:ok	ok	same	I-2.1,I-4.8,I-7.4	[0, 0]	4	0	[0, 0]	35	655360	0	0	t1@50182:released-and-isolated
F4-rot-both	N3-iso-recompute	OMFOFOF	O:ok M:ok F:noop O:ok F:ok(F=3,reclaimed=1) O:ok F:ok(F=6,reclaimed=17)	ok	same	I-2.1,I-4.8,I-7.4	[0, 0]	4	0	[0, 0]	33	655360	0	0	t1@50182:released-and-isolated
F4-rot-both	N3-iso-recompute	OMFOFOO	O:ok M:ok F:noop O:ok F:ok(F=3,reclaimed=1) O:ok O:ok	ok	same	I-2.1,I-4.8,I-7.4	[0, 0]	4	0	[0, 0]	35	720896	0	0	t1@50182:released-and-isolated
F4-rot-both	N3-iso-recompute	OMFOFOM	O:ok M:ok F:noop O:ok F:ok(F=3,reclaimed=1) O:ok M:ok	ok	same	I-2.1,I-4.8,I-7.4	[0, 0]	4	0	[0, 0]	33	655360	0	0	t1@50182:released-and-isolated
F4-rot-both	N3-iso-recompute	OMFOMFF	O:ok M:ok F:noop O:ok M:ok F:ok(F=3,reclaimed=1) F:noop	ok	same	I-2.1,I-4.8,I-7.4	[0, 0]	4	0	[0, 0]	29	557056	0	0	t1@50182:released-and-isolated
F4-rot-both	N3-iso-recompute	OMFOMFM	O:ok M:ok F:noop O:ok M:ok F:ok(F=3,reclaimed=1) M:ok	ok	same	I-2.1,I-4.8,I-7.4	[0, 0]	4	0	[0, 0]	35	655360	0	0	t1@50182:released-and-isolated
F4-rot-both	N3-iso-recompute	OMFOMFO	O:ok M:ok F:noop O:ok M:ok F:ok(F=3,reclaimed=1) O:ok	ok	same	I-2.1,I-4.8,I-7.4	[0, 0]	4	0	[0, 0]	35	688128	0	0	t1@50182:released-and-isolated
F4-rot-both	N3-iso-recompute	OMFOMMF	O:ok M:ok F:noop O:ok M:ok M:ok F:ok(F=3,reclaimed=1)	ok	same	I-2.1,I-4.8,I-7.4	[0, 0]	4	0	[0, 0]	35	655360	0	0	t1@50182:released-and-isolated
F4-rot-both	N3-iso-recompute	OMFOMMM	O:ok M:ok F:noop O:ok M:ok M:ok M:ok	ok	same	I-2.1,I-4.8,I-7.4	[0, 0]	4	0	[0, 0]	35	655360	0	0	t1@50182:released-and-isolated
F4-rot-both	N3-iso-recompute	OMFOMMO	O:ok M:ok F:noop O:ok M:ok M:ok O:ok	ok	same	I-2.1,I-4.8,I-7.4	[0, 0]	4	0	[0, 0]	35	688128	0	0	t1@50182:released-and-isolated
F4-rot-both	N3-iso-recompute	OMFOMOF	O:ok M:ok F:noop O:ok M:ok O:ok F:ok(F=6,reclaimed=18)	ok	same	I-2.1,I-4.8,I-7.4	[0, 0]	4	0	[0, 0]	33	655360	0	0	t1@50182:released-and-isolated
F4-rot-both	N3-iso-recompute	OMFOMOO	O:ok M:ok F:noop O:ok M:ok O:ok O:ok	ok	same	I-2.1,I-4.8,I-7.4	[0, 0]	4	0	[0, 0]	35	720896	0	0	t1@50182:released-and-isolated
F4-rot-both	N3-iso-recompute	OMFOMOM	O:ok M:ok F:noop O:ok M:ok O:ok M:ok	ok	same	I-2.1,I-4.8,I-7.4	[0, 0]	4	0	[0, 0]	33	655360	0	0	t1@50182:released-and-isolated
F4-rot-both	N3-iso-recompute	OMFOOFF	O:ok M:ok F:noop O:ok O:ok F:ok(F=6,reclaimed=18) F:noop	ok	same	I-2.1,I-4.8,I-7.4	[0, 0]	4	0	[0, 0]	29	589824	0	0	t1@50182:released-and-isolated
F4-rot-both	N3-iso-recompute	OMFOOFM	O:ok M:ok F:noop O:ok O:ok F:ok(F=6,reclaimed=18) M:ok	ok	same	I-2.1,I-4.8,I-7.4	[0, 0]	4	0	[0, 0]	33	655360	0	0	t1@50182:released-and-isolated
F4-rot-both	N3-iso-recompute	OMFOOFO	O:ok M:ok F:noop O:ok O:ok F:ok(F=6,reclaimed=18) O:ok	ok	same	I-2.1,I-4.8,I-7.4	[0, 0]	4	0	[0, 0]	35	720896	0	0	t1@50182:released-and-isolated
F4-rot-both	N3-iso-recompute	OMFOOMF	O:ok M:ok F:noop O:ok O:ok M:ok F:ok(F=6,reclaimed=18)	ok	same	I-2.1,I-4.8,I-7.4	[0, 0]	4	0	[0, 0]	33	655360	0	0	t1@50182:released-and-isolated
F4-rot-both	N3-iso-recompute	OMFOOOF	O:ok M:ok F:noop O:ok O:ok O:ok F:ok(F=7,reclaimed=26)	ok	same	-	[0, 0]	4	0	[0, 0]	37	753664	0	0	t1@50182:released-and-isolated
F4-rot-both	N3-iso-recompute	OMFOOMM	O:ok M:ok F:noop O:ok O:ok M:ok M:ok	ok	same	I-2.1,I-4.8,I-7.4	[0, 0]	4	0	[0, 0]	33	655360	0	0	t1@50182:released-and-isolated
F4-rot-both	N3-iso-recompute	OMFOOMO	O:ok M:ok F:noop O:ok O:ok M:ok O:ok	ok	same	I-2.1,I-4.8,I-7.4	[0, 0]	4	0	[0, 0]	35	720896	0	0	t1@50182:released-and-isolated
F4-rot-both	N3-iso-recompute	OMFOOOM	O:ok M:ok F:noop O:ok O:ok O:ok M:ok	ok	same	I-2.1,I-4.8,I-7.4	[0, 0]	4	0	[0, 0]	37	753664	0	0	t1@50182:released-and-isolated
F4-rot-both	N3-iso-recompute	OMFOOOO	O:ok M:ok F:noop O:ok O:ok O:ok O:ok	ok	same	I-2.1,I-4.8,I-7.4	[0, 0]	4	0	[0, 0]	37	786432	0	0	t1@50182:released-and-isolated
F4-rot-both	N3-iso-recompute	OMMFFFF	O:ok M:ok M:ok F:noop F:noop F:noop F:noop	ok	same	I-2.1,I-4.8,I-7.4	[0, 0]	4	0	[0, 0]	19	360448	0	0	t1@50182:released-and-isolated
F4-rot-both	N3-iso-recompute	OMMFFFO	O:ok M:ok M:ok F:noop F:noop F:noop O:ok	ok	same	I-2.1,I-4.8,I-7.4	[0, 0]	4	0	[0, 0]	25	491520	0	0	t1@50182:released-and-isolated
F4-rot-both	N3-iso-recompute	OMMFFFM	O:ok M:ok M:ok F:noop F:noop F:noop M:ok	ok	same	I-2.1,I-4.8,I-7.4	[0, 0]	4	0	[0, 0]	25	458752	0	0	t1@50182:released-and-isolated
F4-rot-both	N3-iso-recompute	OMMFFMF	O:ok M:ok M:ok F:noop F:noop M:ok F:noop	ok	same	I-2.1,I-4.8,I-7.4	[0, 0]	4	0	[0, 0]	25	458752	0	0	t1@50182:released-and-isolated
F4-rot-both	N3-iso-recompute	OMMFFOF	O:ok M:ok M:ok F:noop F:noop O:ok F:ok(F=3,reclaimed=1)	ok	same	I-2.1,I-4.8,I-7.4	[0, 0]	4	0	[0, 0]	29	557056	0	0	t1@50182:released-and-isolated
F4-rot-both	N3-iso-recompute	OMMFFMO	O:ok M:ok M:ok F:noop F:noop M:ok O:ok	ok	same	I-2.1,I-4.8,I-7.4	[0, 0]	4	0	[0, 0]	31	589824	0	0	t1@50182:released-and-isolated
F4-rot-both	N3-iso-recompute	OMMFFMM	O:ok M:ok M:ok F:noop F:noop M:ok M:ok	ok	same	I-2.1,I-4.8,I-7.4	[0, 0]	4	0	[0, 0]	31	557056	0	0	t1@50182:released-and-isolated
F4-rot-both	N3-iso-recompute	OMMFFOO	O:ok M:ok M:ok F:noop F:noop O:ok O:ok	ok	same	I-2.1,I-4.8,I-7.4	[0, 0]	4	0	[0, 0]	31	622592	0	0	t1@50182:released-and-isolated
F4-rot-both	N3-iso-recompute	OMMFFOM	O:ok M:ok M:ok F:noop F:noop O:ok M:ok	ok	same	I-2.1,I-4.8,I-7.4	[0, 0]	4	0	[0, 0]	29	557056	0	0	t1@50182:released-and-isolated
F4-rot-both	N3-iso-recompute	OMMFMFF	O:ok M:ok M:ok F:noop M:ok F:noop F:noop	ok	same	I-2.1,I-4.8,I-7.4	[0, 0]	4	0	[0, 0]	25	458752	0	0	t1@50182:released-and-isolated
F4-rot-both	N3-iso-recompute	OMMFMFM	O:ok M:ok M:ok F:noop M:ok F:noop M:ok	ok	same	I-2.1,I-4.8,I-7.4	[0, 0]	4	0	[0, 0]	31	557056	0	0	t1@50182:released-and-isolated
F4-rot-both	N3-iso-recompute	OMMFMFO	O:ok M:ok M:ok F:noop M:ok F:noop O:ok	ok	same	I-2.1,I-4.8,I-7.4	[0, 0]	4	0	[0, 0]	31	589824	0	0	t1@50182:released-and-isolated
F4-rot-both	N3-iso-recompute	OMMFMMF	O:ok M:ok M:ok F:noop M:ok M:ok F:noop	ok	same	I-2.1,I-4.8,I-7.4	[0, 0]	4	0	[0, 0]	31	557056	0	0	t1@50182:released-and-isolated
F4-rot-both	N3-iso-recompute	OMMFMMO	O:ok M:ok M:ok F:noop M:ok M:ok O:ok	ok	same	I-2.1,I-4.8,I-7.4	[0, 0]	4	0	[0, 0]	37	688128	0	0	t1@50182:released-and-isolated
F4-rot-both	N3-iso-recompute	OMMFMMM	O:ok M:ok M:ok F:noop M:ok M:ok M:ok	ok	same	I-2.1,I-4.8,I-7.4	[0, 0]	4	0	[0, 0]	37	655360	0	0	t1@50182:released-and-isolated
F4-rot-both	N3-iso-recompute	OMMFMOF	O:ok M:ok M:ok F:noop M:ok O:ok F:ok(F=3,reclaimed=1)	ok	same	I-2.1,I-4.8,I-7.4	[0, 0]	4	0	[0, 0]	35	655360	0	0	t1@50182:released-and-isolated
F4-rot-both	N3-iso-recompute	OMMFOFF	O:ok M:ok M:ok F:noop O:ok F:ok(F=3,reclaimed=1) F:noop	ok	same	I-2.1,I-4.8,I-7.4	[0, 0]	4	0	[0, 0]	29	557056	0	0	t1@50182:released-and-isolated
F4-rot-both	N3-iso-recompute	OMMFMOO	O:ok M:ok M:ok F:noop M:ok O:ok O:ok	ok	same	I-2.1,I-4.8,I-7.4	[0, 0]	4	0	[0, 0]	37	720896	0	0	t1@50182:released-and-isolated
F4-rot-both	N3-iso-recompute	OMMFMOM	O:ok M:ok M:ok F:noop M:ok O:ok M:ok	ok	same	I-2.1,I-4.8,I-7.4	[0, 0]	4	0	[0, 0]	35	655360	0	0	t1@50182:released-and-isolated
F4-rot-both	N3-iso-recompute	OMMFOFO	O:ok M:ok M:ok F:noop O:ok F:ok(F=3,reclaimed=1) O:ok	ok	same	I-2.1,I-4.8,I-7.4	[0, 0]	4	0	[0, 0]	35	688128	0	0	t1@50182:released-and-isolated
F4-rot-both	N3-iso-recompute	OMMFOFM	O:ok M:ok M:ok F:noop O:ok F:ok(F=3,reclaimed=1) M:ok	ok	same	I-2.1,I-4.8,I-7.4	[0, 0]	4	0	[0, 0]	35	655360	0	0	t1@50182:released-and-isolated
F4-rot-both	N3-iso-recompute	OMMFOMF	O:ok M:ok M:ok F:noop O:ok M:ok F:ok(F=3,reclaimed=1)	ok	same	I-2.1,I-4.8,I-7.4	[0, 0]	4	0	[0, 0]	35	655360	0	0	t1@50182:released-and-isolated
F4-rot-both	N3-iso-recompute	OMMFOMM	O:ok M:ok M:ok F:noop O:ok M:ok M:ok	ok	same	I-2.1,I-4.8,I-7.4	[0, 0]	4	0	[0, 0]	35	655360	0	0	t1@50182:released-and-isolated
F4-rot-both	N3-iso-recompute	OMMFOMO	O:ok M:ok M:ok F:noop O:ok M:ok O:ok	ok	same	I-2.1,I-4.8,I-7.4	[0, 0]	4	0	[0, 0]	35	688128	0	0	t1@50182:released-and-isolated
F4-rot-both	N3-iso-recompute	OMMFOOF	O:ok M:ok M:ok F:noop O:ok O:ok F:ok(F=6,reclaimed=18)	ok	same	I-2.1,I-4.8,I-7.4	[0, 0]	4	0	[0, 0]	35	688128	0	0	t1@50182:released-and-isolated
F4-rot-both	N3-iso-recompute	OMMFOOO	O:ok M:ok M:ok F:noop O:ok O:ok O:ok	ok	same	I-2.1,I-4.8,I-7.4	[0, 0]	4	0	[0, 0]	37	753664	0	0	t1@50182:released-and-isolated
F4-rot-both	N3-iso-recompute	OMMFOOM	O:ok M:ok M:ok F:noop O:ok O:ok M:ok	ok	same	I-2.1,I-4.8,I-7.4	[0, 0]	4	0	[0, 0]	35	688128	0	0	t1@50182:released-and-isolated
F4-rot-both	N3-iso-recompute	OMMMFFF	O:ok M:ok M:ok M:ok F:noop F:noop F:noop	ok	same	I-2.1,I-4.8,I-7.4	[0, 0]	4	0	[0, 0]	25	458752	0	0	t1@50182:released-and-isolated
F4-rot-both	N3-iso-recompute	OMMMFFO	O:ok M:ok M:ok M:ok F:noop F:noop O:ok	ok	same	I-2.1,I-4.8,I-7.4	[0, 0]	4	0	[0, 0]	31	589824	0	0	t1@50182:released-and-isolated
F4-rot-both	N3-iso-recompute	OMMMFFM	O:ok M:ok M:ok M:ok F:noop F:noop M:ok	ok	same	I-2.1,I-4.8,I-7.4	[0, 0]	4	0	[0, 0]	31	557056	0	0	t1@50182:released-and-isolated
F4-rot-both	N3-iso-recompute	OMMMFMF	O:ok M:ok M:ok M:ok F:noop M:ok F:noop	ok	same	I-2.1,I-4.8,I-7.4	[0, 0]	4	0	[0, 0]	31	557056	0	0	t1@50182:released-and-isolated
F4-rot-both	N3-iso-recompute	OMMMFOF	O:ok M:ok M:ok M:ok F:noop O:ok F:ok(F=3,reclaimed=1)	ok	same	I-2.1,I-4.8,I-7.4	[0, 0]	4	0	[0, 0]	35	655360	0	0	t1@50182:released-and-isolated
F4-rot-both	N3-iso-recompute	OMMMFMO	O:ok M:ok M:ok M:ok F:noop M:ok O:ok	ok	same	I-2.1,I-4.8,I-7.4	[0, 0]	4	0	[0, 0]	37	688128	0	0	t1@50182:released-and-isolated
F4-rot-both	N3-iso-recompute	OMMMFOM	O:ok M:ok M:ok M:ok F:noop O:ok M:ok	ok	same	I-2.1,I-4.8,I-7.4	[0, 0]	4	0	[0, 0]	35	655360	0	0	t1@50182:released-and-isolated
F4-rot-both	N3-iso-recompute	OMMMFMM	O:ok M:ok M:ok M:ok F:noop M:ok M:ok	ok	same	I-2.1,I-4.8,I-7.4	[0, 0]	4	0	[0, 0]	37	655360	0	0	t1@50182:released-and-isolated
F4-rot-both	N3-iso-recompute	OMMMFOO	O:ok M:ok M:ok M:ok F:noop O:ok O:ok	ok	same	I-2.1,I-4.8,I-7.4	[0, 0]	4	0	[0, 0]	37	720896	0	0	t1@50182:released-and-isolated
F4-rot-both	N3-iso-recompute	OMMMMFF	O:ok M:ok M:ok M:ok M:ok F:noop F:noop	ok	same	I-2.1,I-4.8,I-7.4	[0, 0]	4	0	[0, 0]	31	557056	0	0	t1@50182:released-and-isolated
F4-rot-both	N3-iso-recompute	OMMMMFO	O:ok M:ok M:ok M:ok M:ok F:noop O:ok	ok	same	I-2.1,I-4.8,I-7.4	[0, 0]	4	0	[0, 0]	37	688128	0	0	t1@50182:released-and-isolated
F4-rot-both	N3-iso-recompute	OMMMMFM	O:ok M:ok M:ok M:ok M:ok F:noop M:ok	ok	same	I-2.1,I-4.8,I-7.4	[0, 0]	4	0	[0, 0]	37	655360	0	0	t1@50182:released-and-isolated
F4-rot-both	N3-iso-recompute	OMMMMMF	O:ok M:ok M:ok M:ok M:ok M:ok F:noop	ok	same	I-2.1,I-4.8,I-7.4	[0, 0]	4	0	[0, 0]	37	655360	0	0	t1@50182:released-and-isolated
F4-rot-both	N3-iso-recompute	OMMMMOF	O:ok M:ok M:ok M:ok M:ok O:ok F:ok(F=3,reclaimed=1)	ok	same	I-2.1,I-4.8,I-7.4	[0, 0]	4	0	[0, 0]	41	753664	0	0	t1@50182:released-and-isolated
F4-rot-both	N3-iso-recompute	OMMMMMO	O:ok M:ok M:ok M:ok M:ok M:ok O:ok	ok	same	I-2.1,I-4.8,I-7.4	[0, 0]	4	0	[0, 0]	43	786432	0	0	t1@50182:released-and-isolated
F4-rot-both	N3-iso-recompute	OMMMMMM	O:ok M:ok M:ok M:ok M:ok M:ok M:ok	ok	same	I-2.1,I-3.1,I-4.8,I-7.4	[0, 0]	4	0	[0, 0]	43	753664	0	0	t1@50182:released-and-isolated
F4-rot-both	N3-iso-recompute	OMMMOFF	O:ok M:ok M:ok M:ok O:ok F:ok(F=3,reclaimed=1) F:noop	ok	same	I-2.1,I-4.8,I-7.4	[0, 0]	4	0	[0, 0]	35	655360	0	0	t1@50182:released-and-isolated
F4-rot-both	N3-iso-recompute	OMMMMOO	O:ok M:ok M:ok M:ok M:ok O:ok O:ok	ok	same	I-2.1,I-4.8,I-7.4	[0, 0]	4	0	[0, 0]	43	819200	0	0	t1@50182:released-and-isolated
F4-rot-both	N3-iso-recompute	OMMMMOM	O:ok M:ok M:ok M:ok M:ok O:ok M:ok	ok	same	I-2.1,I-4.8,I-7.4	[0, 0]	4	0	[0, 0]	41	753664	0	0	t1@50182:released-and-isolated
F4-rot-both	N3-iso-recompute	OMMMOFM	O:ok M:ok M:ok M:ok O:ok F:ok(F=3,reclaimed=1) M:ok	ok	same	I-2.1,I-4.8,I-7.4	[0, 0]	4	0	[0, 0]	41	753664	0	0	t1@50182:released-and-isolated
F4-rot-both	N3-iso-recompute	OMMMOFO	O:ok M:ok M:ok M:ok O:ok F:ok(F=3,reclaimed=1) O:ok	ok	same	I-2.1,I-4.8,I-7.4	[0, 0]	4	0	[0, 0]	41	786432	0	0	t1@50182:released-and-isolated
F4-rot-both	N3-iso-recompute	OMMMOMF	O:ok M:ok M:ok M:ok O:ok M:ok F:ok(F=3,reclaimed=1)	ok	same	I-2.1,I-4.8,I-7.4	[0, 0]	4	0	[0, 0]	41	753664	0	0	t1@50182:released-and-isolated
F4-rot-both	N3-iso-recompute	OMMMOMM	O:ok M:ok M:ok M:ok O:ok M:ok M:ok	ok	same	I-2.1,I-4.8,I-7.4	[0, 0]	4	0	[0, 0]	41	753664	0	0	t1@50182:released-and-isolated
F4-rot-both	N3-iso-recompute	OMMMOMO	O:ok M:ok M:ok M:ok O:ok M:ok O:ok	ok	same	I-2.1,I-4.8,I-7.4	[0, 0]	4	0	[0, 0]	41	786432	0	0	t1@50182:released-and-isolated
F4-rot-both	N3-iso-recompute	OMMMOOF	O:ok M:ok M:ok M:ok O:ok O:ok F:ok(F=6,reclaimed=18)	ok	same	I-2.1,I-4.8,I-7.4	[0, 0]	4	0	[0, 0]	41	786432	0	0	t1@50182:released-and-isolated
F4-rot-both	N3-iso-recompute	OMMOFFF	O:ok M:ok M:ok O:ok F:ok(F=3,reclaimed=1) F:noop F:noop	ok	same	I-2.1,I-4.8,I-7.4	[0, 0]	4	0	[0, 0]	29	557056	0	0	t1@50182:released-and-isolated
F4-rot-both	N3-iso-recompute	OMMMOOO	O:ok M:ok M:ok M:ok O:ok O:ok O:ok	ok	same	I-2.1,I-4.8,I-7.4	[0, 0]	4	0	[0, 0]	43	851968	0	0	t1@50182:released-and-isolated
F4-rot-both	N3-iso-recompute	OMMMOOM	O:ok M:ok M:ok M:ok O:ok O:ok M:ok	ok	same	I-2.1,I-4.8,I-7.4	[0, 0]	4	0	[0, 0]	41	786432	0	0	t1@50182:released-and-isolated
F4-rot-both	N3-iso-recompute	OMMOFFO	O:ok M:ok M:ok O:ok F:ok(F=3,reclaimed=1) F:noop O:ok	ok	same	I-2.1,I-4.8,I-7.4	[0, 0]	4	0	[0, 0]	35	688128	0	0	t1@50182:released-and-isolated
F4-rot-both	N3-iso-recompute	OMMOFFM	O:ok M:ok M:ok O:ok F:ok(F=3,reclaimed=1) F:noop M:ok	ok	same	I-2.1,I-4.8,I-7.4	[0, 0]	4	0	[0, 0]	35	655360	0	0	t1@50182:released-and-isolated
F4-rot-both	N3-iso-recompute	OMMOFMF	O:ok M:ok M:ok O:ok F:ok(F=3,reclaimed=1) M:ok F:noop	ok	same	I-2.1,I-4.8,I-7.4	[0, 0]	4	0	[0, 0]	35	655360	0	0	t1@50182:released-and-isolated
F4-rot-both	N3-iso-recompute	OMMOFMM	O:ok M:ok M:ok O:ok F:ok(F=3,reclaimed=1) M:ok M:ok	ok	same	I-2.1,I-4.8,I-7.4	[0, 0]	4	0	[0, 0]	41	753664	0	0	t1@50182:released-and-isolated
F4-rot-both	N3-iso-recompute	OMMOFOF	O:ok M:ok M:ok O:ok F:ok(F=3,reclaimed=1) O:ok F:ok(F=6,reclaimed=17)	ok	same	I-2.1,I-4.8,I-7.4	[0, 0]	4	0	[0, 0]	39	753664	0	0	t1@50182:released-and-isolated
F4-rot-both	N3-iso-recompute	OMMOFMO	O:ok M:ok M:ok O:ok F:ok(F=3,reclaimed=1) M:ok O:ok	ok	same	I-2.1,I-4.8,I-7.4	[0, 0]	4	0	[0, 0]	41	786432	0	0	t1@50182:released-and-isolated
F4-rot-both	N3-iso-recompute	OMMOFOO	O:ok M:ok M:ok O:ok F:ok(F=3,reclaimed=1) O:ok O:ok	ok	same	I-2.1,I-4.8,I-7.4	[0, 0]	4	0	[0, 0]	41	819200	0	0	t1@50182:released-and-isolated
F4-rot-both	N3-iso-recompute	OMMOFOM	O:ok M:ok M:ok O:ok F:ok(F=3,reclaimed=1) O:ok M:ok	ok	same	I-2.1,I-4.8,I-7.4	[0, 0]	4	0	[0, 0]	39	753664	0	0	t1@50182:released-and-isolated
F4-rot-both	N3-iso-recompute	OMMOMFF	O:ok M:ok M:ok O:ok M:ok F:ok(F=3,reclaimed=1) F:noop	ok	same	I-2.1,I-4.8,I-7.4	[0, 0]	4	0	[0, 0]	35	655360	0	0	t1@50182:released-and-isolated
F4-rot-both	N3-iso-recompute	OMMOMFM	O:ok M:ok M:ok O:ok M:ok F:ok(F=3,reclaimed=1) M:ok	ok	same	I-2.1,I-4.8,I-7.4	[0, 0]	4	0	[0, 0]	41	753664	0	0	t1@50182:released-and-isolated
F4-rot-both	N3-iso-recompute	OMMOMFO	O:ok M:ok M:ok O:ok M:ok F:ok(F=3,reclaimed=1) O:ok	ok	same	I-2.1,I-4.8,I-7.4	[0, 0]	4	0	[0, 0]	41	786432	0	0	t1@50182:released-and-isolated
F4-rot-both	N3-iso-recompute	OMMOMMF	O:ok M:ok M:ok O:ok M:ok M:ok F:ok(F=3,reclaimed=1)	ok	same	I-2.1,I-4.8,I-7.4	[0, 0]	4	0	[0, 0]	41	753664	0	0	t1@50182:released-and-isolated
F4-rot-both	N3-iso-recompute	OMMOMOF	O:ok M:ok M:ok O:ok M:ok O:ok F:ok(F=6,reclaimed=18)	ok	same	I-2.1,I-4.8,I-7.4	[0, 0]	4	0	[0, 0]	39	753664	0	0	t1@50182:released-and-isolated
F4-rot-both	N3-iso-recompute	OMMOMMM	O:ok M:ok M:ok O:ok M:ok M:ok M:ok	ok	same	I-2.1,I-4.8,I-7.4	[0, 0]	4	0	[0, 0]	41	753664	0	0	t1@50182:released-and-isolated
F4-rot-both	N3-iso-recompute	OMMOMMO	O:ok M:ok M:ok O:ok M:ok M:ok O:ok	ok	same	I-2.1,I-4.8,I-7.4	[0, 0]	4	0	[0, 0]	41	786432	0	0	t1@50182:released-and-isolated
F4-rot-both	N3-iso-recompute	OMMOMOM	O:ok M:ok M:ok O:ok M:ok O:ok M:ok	ok	same	I-2.1,I-4.8,I-7.4	[0, 0]	4	0	[0, 0]	39	753664	0	0	t1@50182:released-and-isolated
F4-rot-both	N3-iso-recompute	OMMOOFF	O:ok M:ok M:ok O:ok O:ok F:ok(F=6,reclaimed=18) F:noop	ok	same	I-2.1,I-4.8,I-7.4	[0, 0]	4	0	[0, 0]	35	688128	0	0	t1@50182:released-and-isolated
F4-rot-both	N3-iso-recompute	OMMOMOO	O:ok M:ok M:ok O:ok M:ok O:ok O:ok	ok	same	I-2.1,I-4.8,I-7.4	[0, 0]	4	0	[0, 0]	41	819200	0	0	t1@50182:released-and-isolated
F4-rot-both	N3-iso-recompute	OMMOOFM	O:ok M:ok M:ok O:ok O:ok F:ok(F=6,reclaimed=18) M:ok	ok	same	I-2.1,I-4.8,I-7.4	[0, 0]	4	0	[0, 0]	39	753664	0	0	t1@50182:released-and-isolated
F4-rot-both	N3-iso-recompute	OMMOOFO	O:ok M:ok M:ok O:ok O:ok F:ok(F=6,reclaimed=18) O:ok	ok	same	I-2.1,I-4.8,I-7.4	[0, 0]	4	0	[0, 0]	41	819200	0	0	t1@50182:released-and-isolated
F4-rot-both	N3-iso-recompute	OMMOOMF	O:ok M:ok M:ok O:ok O:ok M:ok F:ok(F=6,reclaimed=18)	ok	same	I-2.1,I-4.8,I-7.4	[0, 0]	4	0	[0, 0]	39	753664	0	0	t1@50182:released-and-isolated
F4-rot-both	N3-iso-recompute	OMMOOOF	O:ok M:ok M:ok O:ok O:ok O:ok F:ok(F=7,reclaimed=26)	ok	same	-	[0, 0]	4	0	[0, 0]	43	851968	0	0	t1@50182:released-and-isolated
F4-rot-both	N3-iso-recompute	OMMOOMO	O:ok M:ok M:ok O:ok O:ok M:ok O:ok	ok	same	I-2.1,I-4.8,I-7.4	[0, 0]	4	0	[0, 0]	41	819200	0	0	t1@50182:released-and-isolated
F4-rot-both	N3-iso-recompute	OMMOOMM	O:ok M:ok M:ok O:ok O:ok M:ok M:ok	ok	same	I-2.1,I-4.8,I-7.4	[0, 0]	4	0	[0, 0]	39	753664	0	0	t1@50182:released-and-isolated
F4-rot-both	N3-iso-recompute	OMOFFFF	O:ok M:ok O:ok F:ok(F=3,reclaimed=1) F:noop F:noop F:noop	ok	same	I-2.1,I-4.8,I-7.4	[0, 0]	4	0	[0, 0]	23	458752	0	0	t1@50182:released-and-isolated
F4-rot-both	N3-iso-recompute	OMMOOOO	O:ok M:ok M:ok O:ok O:ok O:ok O:ok	ok	same	I-2.1,I-4.8,I-7.4	[0, 0]	4	0	[0, 0]	43	884736	0	0	t1@50182:released-and-isolated
F4-rot-both	N3-iso-recompute	OMMOOOM	O:ok M:ok M:ok O:ok O:ok O:ok M:ok	ok	same	I-2.1,I-4.8,I-7.4	[0, 0]	4	0	[0, 0]	43	851968	0	0	t1@50182:released-and-isolated
F4-rot-both	N3-iso-recompute	OMOFFFM	O:ok M:ok O:ok F:ok(F=3,reclaimed=1) F:noop F:noop M:ok	ok	same	I-2.1,I-4.8,I-7.4	[0, 0]	4	0	[0, 0]	29	557056	0	0	t1@50182:released-and-isolated
F4-rot-both	N3-iso-recompute	OMOFFFO	O:ok M:ok O:ok F:ok(F=3,reclaimed=1) F:noop F:noop O:ok	ok	same	I-2.1,I-4.8,I-7.4	[0, 0]	4	0	[0, 0]	29	589824	0	0	t1@50182:released-and-isolated
F4-rot-both	N3-iso-recompute	OMOFFMF	O:ok M:ok O:ok F:ok(F=3,reclaimed=1) F:noop M:ok F:noop	ok	same	I-2.1,I-4.8,I-7.4	[0, 0]	4	0	[0, 0]	29	557056	0	0	t1@50182:released-and-isolated
F4-rot-both	N3-iso-recompute	OMOFFMO	O:ok M:ok O:ok F:ok(F=3,reclaimed=1) F:noop M:ok O:ok	ok	same	I-2.1,I-4.8,I-7.4	[0, 0]	4	0	[0, 0]	35	688128	0	0	t1@50182:released-and-isolated
F4-rot-both	N3-iso-recompute	OMOFFMM	O:ok M:ok O:ok F:ok(F=3,reclaimed=1) F:noop M:ok M:ok	ok	same	I-2.1,I-4.8,I-7.4	[0, 0]	4	0	[0, 0]	35	655360	0	0	t1@50182:released-and-isolated
F4-rot-both	N3-iso-recompute	OMOFFOF	O:ok M:ok O:ok F:ok(F=3,reclaimed=1) F:noop O:ok F:ok(F=6,reclaimed=17)	ok	same	I-2.1,I-4.8,I-7.4	[0, 0]	4	0	[0, 0]	33	655360	0	0	t1@50182:released-and-isolated
F4-rot-both	N3-iso-recompute	OMOFFOM	O:ok M:ok O:ok F:ok(F=3,reclaimed=1) F:noop O:ok M:ok	ok	same	I-2.1,I-4.8,I-7.4	[0, 0]	4	0	[0, 0]	33	655360	0	0	t1@50182:released-and-isolated
F4-rot-both	N3-iso-recompute	OMOFFOO	O:ok M:ok O:ok F:ok(F=3,reclaimed=1) F:noop O:ok O:ok	ok	same	I-2.1,I-4.8,I-7.4	[0, 0]	4	0	[0, 0]	35	720896	0	0	t1@50182:released-and-isolated
F4-rot-both	N3-iso-recompute	OMOFMFF	O:ok M:ok O:ok F:ok(F=3,reclaimed=1) M:ok F:noop F:noop	ok	same	I-2.1,I-4.8,I-7.4	[0, 0]	4	0	[0, 0]	29	557056	0	0	t1@50182:released-and-isolated
F4-rot-both	N3-iso-recompute	OMOFMFM	O:ok M:ok O:ok F:ok(F=3,reclaimed=1) M:ok F:noop M:ok	ok	same	I-2.1,I-4.8,I-7.4	[0, 0]	4	0	[0, 0]	35	655360	0	0	t1@50182:released-and-isolated
F4-rot-both	N3-iso-recompute	OMOFMFO	O:ok M:ok O:ok F:ok(F=3,reclaimed=1) M:ok F:noop O:ok	ok	same	I-2.1,I-4.8,I-7.4	[0, 0]	4	0	[0, 0]	35	688128	0	0	t1@50182:released-and-isolated
F4-rot-both	N3-iso-recompute	OMOFMMF	O:ok M:ok O:ok F:ok(F=3,reclaimed=1) M:ok M:ok F:noop	ok	same	I-2.1,I-4.8,I-7.4	[0, 0]	4	0	[0, 0]	35	655360	0	0	t1@50182:released-and-isolated
F4-rot-both	N3-iso-recompute	OMOFMMM	O:ok M:ok O:ok F:ok(F=3,reclaimed=1) M:ok M:ok M:ok	ok	same	I-2.1,I-4.8,I-7.4	[0, 0]	4	0	[0, 0]	41	753664	0	0	t1@50182:released-and-isolated
F4-rot-both	N3-iso-recompute	OMOFMOF	O:ok M:ok O:ok F:ok(F=3,reclaimed=1) M:ok O:ok F:ok(F=6,reclaimed=17)	ok	same	I-2.1,I-4.8,I-7.4	[0, 0]	4	0	[0, 0]	39	753664	0	0	t1@50182:released-and-isolated
F4-rot-both	N3-iso-recompute	OMOFMMO	O:ok M:ok O:ok F:ok(F=3,reclaimed=1) M:ok M:ok O:ok	ok	same	I-2.1,I-4.8,I-7.4	[0, 0]	4	0	[0, 0]	41	786432	0	0	t1@50182:released-and-isolated
F4-rot-both	N3-iso-recompute	OMOFMOM	O:ok M:ok O:ok F:ok(F=3,reclaimed=1) M:ok O:ok M:ok	ok	same	I-2.1,I-4.8,I-7.4	[0, 0]	4	0	[0, 0]	39	753664	0	0	t1@50182:released-and-isolated
F4-rot-both	N3-iso-recompute	OMOFMOO	O:ok M:ok O:ok F:ok(F=3,reclaimed=1) M:ok O:ok O:ok	ok	same	I-2.1,I-4.8,I-7.4	[0, 0]	4	0	[0, 0]	41	819200	0	0	t1@50182:released-and-isolated
F4-rot-both	N3-iso-recompute	OMOFOFF	O:ok M:ok O:ok F:ok(F=3,reclaimed=1) O:ok F:ok(F=6,reclaimed=17) F:noop	ok	same	I-2.1,I-4.8,I-7.4	[0, 0]	4	0	[0, 0]	33	655360	0	0	t1@50182:released-and-isolated
F4-rot-both	N3-iso-recompute	OMOFOFO	O:ok M:ok O:ok F:ok(F=3,reclaimed=1) O:ok F:ok(F=6,reclaimed=17) O:ok	ok	same	I-2.1,I-4.8,I-7.4	[0, 0]	4	0	[0, 0]	39	786432	0	0	t1@50182:released-and-isolated
F4-rot-both	N3-iso-recompute	OMOFOFM	O:ok M:ok O:ok F:ok(F=3,reclaimed=1) O:ok F:ok(F=6,reclaimed=17) M:ok	ok	same	I-2.1,I-4.8,I-7.4	[0, 0]	4	0	[0, 0]	39	753664	0	0	t1@50182:released-and-isolated
F4-rot-both	N3-iso-recompute	OMOFOMF	O:ok M:ok O:ok F:ok(F=3,reclaimed=1) O:ok M:ok F:ok(F=6,reclaimed=17)	ok	same	I-2.1,I-4.8,I-7.4	[0, 0]	4	0	[0, 0]	39	753664	0	0	t1@50182:released-and-isolated
F4-rot-both	N3-iso-recompute	OMOFOOF	O:ok M:ok O:ok F:ok(F=3,reclaimed=1) O:ok O:ok F:ok(F=7,reclaimed=25)	ok	same	-	[0, 0]	4	0	[0, 0]	39	786432	0	0	t1@50182:released-and-isolated
F4-rot-both	N3-iso-recompute	OMOFOMO	O:ok M:ok O:ok F:ok(F=3,reclaimed=1) O:ok M:ok O:ok	ok	same	I-2.1,I-4.8,I-7.4	[0, 0]	4	0	[0, 0]	39	786432	0	0	t1@50182:released-and-isolated
F4-rot-both	N3-iso-recompute	OMOFOMM	O:ok M:ok O:ok F:ok(F=3,reclaimed=1) O:ok M:ok M:ok	ok	same	I-2.1,I-4.8,I-7.4	[0, 0]	4	0	[0, 0]	39	753664	0	0	t1@50182:released-and-isolated
F4-rot-both	N3-iso-recompute	OMOFOOM	O:ok M:ok O:ok F:ok(F=3,reclaimed=1) O:ok O:ok M:ok	ok	same	I-2.1,I-4.8,I-7.4	[0, 0]	4	0	[0, 0]	39	786432	0	0	t1@50182:released-and-isolated
F4-rot-both	N3-iso-recompute	OMOFOOO	O:ok M:ok O:ok F:ok(F=3,reclaimed=1) O:ok O:ok O:ok	ok	same	I-2.1,I-4.8,I-7.4	[0, 0]	4	0	[0, 0]	41	851968	0	0	t1@50182:released-and-isolated
F4-rot-both	N3-iso-recompute	OMOMFFF	O:ok M:ok O:ok M:ok F:ok(F=3,reclaimed=1) F:noop F:noop	ok	same	I-2.1,I-4.8,I-7.4	[0, 0]	4	0	[0, 0]	29	557056	0	0	t1@50182:released-and-isolated
F4-rot-both	N3-iso-recompute	OMOMFFO	O:ok M:ok O:ok M:ok F:ok(F=3,reclaimed=1) F:noop O:ok	ok	same	I-2.1,I-4.8,I-7.4	[0, 0]	4	0	[0, 0]	35	688128	0	0	t1@50182:released-and-isolated
F4-rot-both	N3-iso-recompute	OMOMFFM	O:ok M:ok O:ok M:ok F:ok(F=3,reclaimed=1) F:noop M:ok	ok	same	I-2.1,I-4.8,I-7.4	[0, 0]	4	0	[0, 0]	35	655360	0	0	t1@50182:released-and-isolated
F4-rot-both	N3-iso-recompute	OMOMFMF	O:ok M:ok O:ok M:ok F:ok(F=3,reclaimed=1) M:ok F:noop	ok	same	I-2.1,I-4.8,I-7.4	[0, 0]	4	0	[0, 0]	35	655360	0	0	t1@50182:released-and-isolated
F4-rot-both	N3-iso-recompute	OMOMFOF	O:ok M:ok O:ok M:ok F:ok(F=3,reclaimed=1) O:ok F:ok(F=6,reclaimed=17)	ok	same	I-2.1,I-4.8,I-7.4	[0, 0]	4	0	[0, 0]	39	753664	0	0	t1@50182:released-and-isolated
F4-rot-both	N3-iso-recompute	OMOMFMO	O:ok M:ok O:ok M:ok F:ok(F=3,reclaimed=1) M:ok O:ok	ok	same	I-2.1,I-4.8,I-7.4	[0, 0]	4	0	[0, 0]	41	786432	0	0	t1@50182:released-and-isolated
F4-rot-both	N3-iso-recompute	OMOMFMM	O:ok M:ok O:ok M:ok F:ok(F=3,reclaimed=1) M:ok M:ok	ok	same	I-2.1,I-4.8,I-7.4	[0, 0]	4	0	[0, 0]	41	753664	0	0	t1@50182:released-and-isolated
F4-rot-both	N3-iso-recompute	OMOMFOM	O:ok M:ok O:ok M:ok F:ok(F=3,reclaimed=1) O:ok M:ok	ok	same	I-2.1,I-4.8,I-7.4	[0, 0]	4	0	[0, 0]	39	753664	0	0	t1@50182:released-and-isolated
F4-rot-both	N3-iso-recompute	OMOMFOO	O:ok M:ok O:ok M:ok F:ok(F=3,reclaimed=1) O:ok O:ok	ok	same	I-2.1,I-4.8,I-7.4	[0, 0]	4	0	[0, 0]	41	819200	0	0	t1@50182:released-and-isolated
F4-rot-both	N3-iso-recompute	OMOMMFF	O:ok M:ok O:ok M:ok M:ok F:ok(F=3,reclaimed=1) F:noop	ok	same	I-2.1,I-4.8,I-7.4	[0, 0]	4	0	[0, 0]	35	655360	0	0	t1@50182:released-and-isolated
F4-rot-both	N3-iso-recompute	OMOMMFM	O:ok M:ok O:ok M:ok M:ok F:ok(F=3,reclaimed=1) M:ok	ok	same	I-2.1,I-4.8,I-7.4	[0, 0]	4	0	[0, 0]	41	753664	0	0	t1@50182:released-and-isolated
F4-rot-both	N3-iso-recompute	OMOMMFO	O:ok M:ok O:ok M:ok M:ok F:ok(F=3,reclaimed=1) O:ok	ok	same	I-2.1,I-4.8,I-7.4	[0, 0]	4	0	[0, 0]	41	786432	0	0	t1@50182:released-and-isolated
F4-rot-both	N3-iso-recompute	OMOMMMF	O:ok M:ok O:ok M:ok M:ok M:ok F:ok(F=3,reclaimed=1)	ok	same	I-2.1,I-4.8,I-7.4	[0, 0]	4	0	[0, 0]	41	753664	0	0	t1@50182:released-and-isolated
F4-rot-both	N3-iso-recompute	OMOMMMM	O:ok M:ok O:ok M:ok M:ok M:ok M:ok	ok	same	I-2.1,I-4.8,I-7.4	[0, 0]	4	0	[0, 0]	41	753664	0	0	t1@50182:released-and-isolated
F4-rot-both	N3-iso-recompute	OMOMMMO	O:ok M:ok O:ok M:ok M:ok M:ok O:ok	ok	same	I-2.1,I-4.8,I-7.4	[0, 0]	4	0	[0, 0]	41	786432	0	0	t1@50182:released-and-isolated
F4-rot-both	N3-iso-recompute	OMOMMOF	O:ok M:ok O:ok M:ok M:ok O:ok F:ok(F=6,reclaimed=18)	ok	same	I-2.1,I-4.8,I-7.4	[0, 0]	4	0	[0, 0]	39	753664	0	0	t1@50182:released-and-isolated
F4-rot-both	N3-iso-recompute	OMOMMOM	O:ok M:ok O:ok M:ok M:ok O:ok M:ok	ok	same	I-2.1,I-4.8,I-7.4	[0, 0]	4	0	[0, 0]	39	753664	0	0	t1@50182:released-and-isolated
F4-rot-both	N3-iso-recompute	OMOMOFF	O:ok M:ok O:ok M:ok O:ok F:ok(F=6,reclaimed=18) F:noop	ok	same	I-2.1,I-4.8,I-7.4	[0, 0]	4	0	[0, 0]	33	655360	0	0	t1@50182:released-and-isolated
F4-rot-both	N3-iso-recompute	OMOMMOO	O:ok M:ok O:ok M:ok M:ok O:ok O:ok	ok	same	I-2.1,I-4.8,I-7.4	[0, 0]	4	0	[0, 0]	41	819200	0	0	t1@50182:released-and-isolated
F4-rot-both	N3-iso-recompute	OMOMOFO	O:ok M:ok O:ok M:ok O:ok F:ok(F=6,reclaimed=18) O:ok	ok	same	I-2.1,I-4.8,I-7.4	[0, 0]	4	0	[0, 0]	39	786432	0	0	t1@50182:released-and-isolated
F4-rot-both	N3-iso-recompute	OMOMOFM	O:ok M:ok O:ok M:ok O:ok F:ok(F=6,reclaimed=18) M:ok	ok	same	I-2.1,I-4.8,I-7.4	[0, 0]	4	0	[0, 0]	39	753664	0	0	t1@50182:released-and-isolated
F4-rot-both	N3-iso-recompute	OMOMOMF	O:ok M:ok O:ok M:ok O:ok M:ok F:ok(F=6,reclaimed=18)	ok	same	I-2.1,I-4.8,I-7.4	[0, 0]	4	0	[0, 0]	39	753664	0	0	t1@50182:released-and-isolated
F4-rot-both	N3-iso-recompute	OMOMOMM	O:ok M:ok O:ok M:ok O:ok M:ok M:ok	ok	same	I-2.1,I-4.8,I-7.4	[0, 0]	4	0	[0, 0]	39	753664	0	0	t1@50182:released-and-isolated
F4-rot-both	N3-iso-recompute	OMOMOOF	O:ok M:ok O:ok M:ok O:ok O:ok F:ok(F=7,reclaimed=26)	ok	same	-	[0, 0]	4	0	[0, 0]	39	786432	0	0	t1@50182:released-and-isolated
F4-rot-both	N3-iso-recompute	OMOMOMO	O:ok M:ok O:ok M:ok O:ok M:ok O:ok	ok	same	I-2.1,I-4.8,I-7.4	[0, 0]	4	0	[0, 0]	39	786432	0	0	t1@50182:released-and-isolated
F4-rot-both	N3-iso-recompute	OMOMOOM	O:ok M:ok O:ok M:ok O:ok O:ok M:ok	ok	same	I-2.1,I-4.8,I-7.4	[0, 0]	4	0	[0, 0]	39	786432	0	0	t1@50182:released-and-isolated
F4-rot-both	N3-iso-recompute	OMOMOOO	O:ok M:ok O:ok M:ok O:ok O:ok O:ok	ok	same	I-2.1,I-4.8,I-7.4	[0, 0]	4	0	[0, 0]	41	851968	0	0	t1@50182:released-and-isolated
F4-rot-both	N3-iso-recompute	OMOOFFF	O:ok M:ok O:ok O:ok F:ok(F=6,reclaimed=18) F:noop F:noop	ok	same	I-2.1,I-4.8,I-7.4	[0, 0]	4	0	[0, 0]	29	589824	0	0	t1@50182:released-and-isolated
F4-rot-both	N3-iso-recompute	OMOOFFM	O:ok M:ok O:ok O:ok F:ok(F=6,reclaimed=18) F:noop M:ok	ok	same	I-2.1,I-4.8,I-7.4	[0, 0]	4	0	[0, 0]	33	655360	0	0	t1@50182:released-and-isolated
F4-rot-both	N3-iso-recompute	OMOOFFO	O:ok M:ok O:ok O:ok F:ok(F=6,reclaimed=18) F:noop O:ok	ok	same	I-2.1,I-4.8,I-7.4	[0, 0]	4	0	[0, 0]	35	720896	0	0	t1@50182:released-and-isolated
F4-rot-both	N3-iso-recompute	OMOOFMF	O:ok M:ok O:ok O:ok F:ok(F=6,reclaimed=18) M:ok F:noop	ok	same	I-2.1,I-4.8,I-7.4	[0, 0]	4	0	[0, 0]	33	655360	0	0	t1@50182:released-and-isolated
F4-rot-both	N3-iso-recompute	OMOOFMM	O:ok M:ok O:ok O:ok F:ok(F=6,reclaimed=18) M:ok M:ok	ok	same	I-2.1,I-4.8,I-7.4	[0, 0]	4	0	[0, 0]	39	753664	0	0	t1@50182:released-and-isolated
F4-rot-both	N3-iso-recompute	OMOOFOF	O:ok M:ok O:ok O:ok F:ok(F=6,reclaimed=18) O:ok F:ok(F=7,reclaimed=8)	ok	same	-	[0, 0]	4	0	[0, 0]	39	786432	0	0	t1@50182:released-and-isolated
F4-rot-both	N3-iso-recompute	OMOOFMO	O:ok M:ok O:ok O:ok F:ok(F=6,reclaimed=18) M:ok O:ok	ok	same	I-2.1,I-4.8,I-7.4	[0, 0]	4	0	[0, 0]	39	786432	0	0	t1@50182:released-and-isolated
F4-rot-both	N3-iso-recompute	OMOOFOM	O:ok M:ok O:ok O:ok F:ok(F=6,reclaimed=18) O:ok M:ok	ok	same	I-2.1,I-4.8,I-7.4	[0, 0]	4	0	[0, 0]	39	786432	0	0	t1@50182:released-and-isolated
F4-rot-both	N3-iso-recompute	OMOOFOO	O:ok M:ok O:ok O:ok F:ok(F=6,reclaimed=18) O:ok O:ok	ok	same	I-2.1,I-4.8,I-7.4	[0, 0]	4	0	[0, 0]	41	851968	0	0	t1@50182:released-and-isolated
F4-rot-both	N3-iso-recompute	OMOOMFF	O:ok M:ok O:ok O:ok M:ok F:ok(F=6,reclaimed=18) F:noop	ok	same	I-2.1,I-4.8,I-7.4	[0, 0]	4	0	[0, 0]	33	655360	0	0	t1@50182:released-and-isolated
F4-rot-both	N3-iso-recompute	OMOOMFM	O:ok M:ok O:ok O:ok M:ok F:ok(F=6,reclaimed=18) M:ok	ok	same	I-2.1,I-4.8,I-7.4	[0, 0]	4	0	[0, 0]	39	753664	0	0	t1@50182:released-and-isolated
F4-rot-both	N3-iso-recompute	OMOOMFO	O:ok M:ok O:ok O:ok M:ok F:ok(F=6,reclaimed=18) O:ok	ok	same	I-2.1,I-4.8,I-7.4	[0, 0]	4	0	[0, 0]	39	786432	0	0	t1@50182:released-and-isolated
F4-rot-both	N3-iso-recompute	OMOOMMF	O:ok M:ok O:ok O:ok M:ok M:ok F:ok(F=6,reclaimed=18)	ok	same	I-2.1,I-4.8,I-7.4	[0, 0]	4	0	[0, 0]	39	753664	0	0	t1@50182:released-and-isolated
F4-rot-both	N3-iso-recompute	OMOOMOF	O:ok M:ok O:ok O:ok M:ok O:ok F:ok(F=7,reclaimed=26)	ok	same	-	[0, 0]	4	0	[0, 0]	39	786432	0	0	t1@50182:released-and-isolated
F4-rot-both	N3-iso-recompute	OMOOMMM	O:ok M:ok O:ok O:ok M:ok M:ok M:ok	ok	same	I-2.1,I-4.8,I-7.4	[0, 0]	4	0	[0, 0]	39	753664	0	0	t1@50182:released-and-isolated
F4-rot-both	N3-iso-recompute	OMOOMMO	O:ok M:ok O:ok O:ok M:ok M:ok O:ok	ok	same	I-2.1,I-4.8,I-7.4	[0, 0]	4	0	[0, 0]	39	786432	0	0	t1@50182:released-and-isolated
F4-rot-both	N3-iso-recompute	OMOOOFF	O:ok M:ok O:ok O:ok O:ok F:ok(F=7,reclaimed=26) F:noop	ok	same	-	[0, 0]	4	0	[0, 0]	37	753664	0	0	t1@50182:released-and-isolated
F4-rot-both	N3-iso-recompute	OMOOMOM	O:ok M:ok O:ok O:ok M:ok O:ok M:ok	ok	same	I-2.1,I-4.8,I-7.4	[0, 0]	4	0	[0, 0]	39	786432	0	0	t1@50182:released-and-isolated
F4-rot-both	N3-iso-recompute	OMOOMOO	O:ok M:ok O:ok O:ok M:ok O:ok O:ok	ok	same	I-2.1,I-4.8,I-7.4	[0, 0]	4	0	[0, 0]	41	851968	0	0	t1@50182:released-and-isolated
F4-rot-both	N3-iso-recompute	OMOOOFM	O:ok M:ok O:ok O:ok O:ok F:ok(F=7,reclaimed=26) M:ok	ok	same	-	[0, 0]	4	0	[0, 0]	43	851968	0	0	t1@50182:released-and-isolated
F4-rot-both	N3-iso-recompute	OMOOOFO	O:ok M:ok O:ok O:ok O:ok F:ok(F=7,reclaimed=26) O:ok	ok	same	-	[0, 0]	4	0	[0, 0]	43	884736	0	0	t1@50182:released-and-isolated
F4-rot-both	N3-iso-recompute	OMOOOMF	O:ok M:ok O:ok O:ok O:ok M:ok F:ok(F=7,reclaimed=26)	ok	same	-	[0, 0]	4	0	[0, 0]	43	851968	0	0	t1@50182:released-and-isolated
F4-rot-both	N3-iso-recompute	OMOOOMO	O:ok M:ok O:ok O:ok O:ok M:ok O:ok	ok	same	I-2.1,I-4.8,I-7.4	[0, 0]	4	0	[0, 0]	43	884736	0	0	t1@50182:released-and-isolated
F4-rot-both	N3-iso-recompute	OMOOOMM	O:ok M:ok O:ok O:ok O:ok M:ok M:ok	ok	same	I-2.1,I-4.8,I-7.4	[0, 0]	4	0	[0, 0]	43	851968	0	0	t1@50182:released-and-isolated
F4-rot-both	N3-iso-recompute	OMOOOOF	O:ok M:ok O:ok O:ok O:ok O:ok F:ok(F=11,reclaimed=47)	ok	same	-	[0, 0]	4	0	[0, 0]	41	851968	0	0	t1@50182:released-and-isolated
F4-rot-both	N3-iso-recompute	OOFFFFF	O:ok O:ok F:ok(F=3,reclaimed=1) F:noop F:noop F:noop F:noop	ok	same	I-2.1,I-4.8,I-7.4	[2, 2]	4	0	[0, 0]	17	360448	0	0	t1@50182:released-and-isolated
F4-rot-both	N3-iso-recompute	OMOOOOO	O:ok M:ok O:ok O:ok O:ok O:ok O:ok	ok	same	I-2.1,I-4.8,I-7.4	[0, 0]	4	0	[0, 0]	43	917504	0	0	t1@50182:released-and-isolated
F4-rot-both	N3-iso-recompute	OMOOOOM	O:ok M:ok O:ok O:ok O:ok O:ok M:ok	ok	same	I-2.1,I-4.8,I-7.4	[0, 0]	4	0	[0, 0]	41	851968	0	0	t1@50182:released-and-isolated
F4-rot-both	N3-iso-recompute	OOFFFFM	O:ok O:ok F:ok(F=3,reclaimed=1) F:noop F:noop F:noop M:ok	ok	same	I-2.1,I-4.8,I-7.4	[0, 0]	4	0	[0, 0]	23	458752	0	0	t1@50182:released-and-isolated
F4-rot-both	N3-iso-recompute	OOFFFFO	O:ok O:ok F:ok(F=3,reclaimed=1) F:noop F:noop F:noop O:ok	ok	same	I-2.1,I-4.8,I-7.4	[2, 2]	4	0	[0, 0]	23	491520	0	0	t1@50182:released-and-isolated
F4-rot-both	N3-iso-recompute	OOFFFMF	O:ok O:ok F:ok(F=3,reclaimed=1) F:noop F:noop M:ok F:noop	ok	same	I-2.1,I-4.8,I-7.4	[0, 0]	4	0	[0, 0]	23	458752	0	0	t1@50182:released-and-isolated
F4-rot-both	N3-iso-recompute	OOFFFMM	O:ok O:ok F:ok(F=3,reclaimed=1) F:noop F:noop M:ok M:ok	ok	same	I-2.1,I-4.8,I-7.4	[0, 0]	4	0	[0, 0]	29	557056	0	0	t1@50182:released-and-isolated
F4-rot-both	N3-iso-recompute	OOFFFOF	O:ok O:ok F:ok(F=3,reclaimed=1) F:noop F:noop O:ok F:ok(F=6,reclaimed=17)	ok	same	I-2.1,I-4.8,I-7.4	[2, 2]	4	0	[0, 0]	27	557056	0	0	t1@50182:released-and-isolated
F4-rot-both	N3-iso-recompute	OOFFFMO	O:ok O:ok F:ok(F=3,reclaimed=1) F:noop F:noop M:ok O:ok	ok	same	I-2.1,I-4.8,I-7.4	[0, 0]	4	0	[0, 0]	29	589824	0	0	t1@50182:released-and-isolated
F4-rot-both	N3-iso-recompute	OOFFFOM	O:ok O:ok F:ok(F=3,reclaimed=1) F:noop F:noop O:ok M:ok	ok	same	I-2.1,I-4.8,I-7.4	[0, 0]	4	0	[0, 0]	27	557056	0	0	t1@50182:released-and-isolated
F4-rot-both	N3-iso-recompute	OOFFFOO	O:ok O:ok F:ok(F=3,reclaimed=1) F:noop F:noop O:ok O:ok	ok	same	I-2.1,I-4.8,I-7.4	[2, 2]	4	0	[0, 0]	29	622592	0	0	t1@50182:released-and-isolated
F4-rot-both	N3-iso-recompute	OOFFMFF	O:ok O:ok F:ok(F=3,reclaimed=1) F:noop M:ok F:noop F:noop	ok	same	I-2.1,I-4.8,I-7.4	[0, 0]	4	0	[0, 0]	23	458752	0	0	t1@50182:released-and-isolated
F4-rot-both	N3-iso-recompute	OOFFMFM	O:ok O:ok F:ok(F=3,reclaimed=1) F:noop M:ok F:noop M:ok	ok	same	I-2.1,I-4.8,I-7.4	[0, 0]	4	0	[0, 0]	29	557056	0	0	t1@50182:released-and-isolated
F4-rot-both	N3-iso-recompute	OOFFMFO	O:ok O:ok F:ok(F=3,reclaimed=1) F:noop M:ok F:noop O:ok	ok	same	I-2.1,I-4.8,I-7.4	[0, 0]	4	0	[0, 0]	29	589824	0	0	t1@50182:released-and-isolated
F4-rot-both	N3-iso-recompute	OOFFMMF	O:ok O:ok F:ok(F=3,reclaimed=1) F:noop M:ok M:ok F:noop	ok	same	I-2.1,I-4.8,I-7.4	[0, 0]	4	0	[0, 0]	29	557056	0	0	t1@50182:released-and-isolated
F4-rot-both	N3-iso-recompute	OOFFMOF	O:ok O:ok F:ok(F=3,reclaimed=1) F:noop M:ok O:ok F:ok(F=6,reclaimed=17)	ok	same	I-2.1,I-4.8,I-7.4	[0, 0]	4	0	[0, 0]	33	655360	0	0	t1@50182:released-and-isolated
F4-rot-both	N3-iso-recompute	OOFFMMM	O:ok O:ok F:ok(F=3,reclaimed=1) F:noop M:ok M:ok M:ok	ok	same	I-2.1,I-4.8,I-7.4	[0, 0]	4	0	[0, 0]	35	655360	0	0	t1@50182:released-and-isolated
F4-rot-both	N3-iso-recompute	OOFFMMO	O:ok O:ok F:ok(F=3,reclaimed=1) F:noop M:ok M:ok O:ok	ok	same	I-2.1,I-4.8,I-7.4	[0, 0]	4	0	[0, 0]	35	688128	0	0	t1@50182:released-and-isolated
F4-rot-both	N3-iso-recompute	OOFFMOM	O:ok O:ok F:ok(F=3,reclaimed=1) F:noop M:ok O:ok M:ok	ok	same	I-2.1,I-4.8,I-7.4	[0, 0]	4	0	[0, 0]	33	655360	0	0	t1@50182:released-and-isolated
F4-rot-both	N3-iso-recompute	OOFFOFF	O:ok O:ok F:ok(F=3,reclaimed=1) F:noop O:ok F:ok(F=6,reclaimed=17) F:noop	ok	same	I-2.1,I-4.8,I-7.4	[2, 2]	4	0	[0, 0]	27	557056	0	0	t1@50182:released-and-isolated
F4-rot-both	N3-iso-recompute	OOFFMOO	O:ok O:ok F:ok(F=3,reclaimed=1) F:noop M:ok O:ok O:ok	ok	same	I-2.1,I-4.8,I-7.4	[0, 0]	4	0	[0, 0]	35	720896	0	0	t1@50182:released-and-isolated
F4-rot-both	N3-iso-recompute	OOFFOFO	O:ok O:ok F:ok(F=3,reclaimed=1) F:noop O:ok F:ok(F=6,reclaimed=17) O:ok	ok	same	I-2.1,I-4.8,I-7.4	[2, 2]	4	0	[0, 0]	33	688128	0	0	t1@50182:released-and-isolated
F4-rot-both	N3-iso-recompute	OOFFOFM	O:ok O:ok F:ok(F=3,reclaimed=1) F:noop O:ok F:ok(F=6,reclaimed=17) M:ok	ok	same	I-2.1,I-4.8,I-7.4	[0, 0]	4	0	[0, 0]	33	655360	0	0	t1@50182:released-and-isolated
F4-rot-both	N3-iso-recompute	OOFFOOF	O:ok O:ok F:ok(F=3,reclaimed=1) F:noop O:ok O:ok F:ok(F=7,reclaimed=25)	ok	same	-	[2, 2]	4	0	[2, 2]	33	688128	0	0	t1@50182:released-and-isolated
F4-rot-both	N3-iso-recompute	OOFFOMF	O:ok O:ok F:ok(F=3,reclaimed=1) F:noop O:ok M:ok F:ok(F=6,reclaimed=17)	ok	same	I-2.1,I-4.8,I-7.4	[0, 0]	4	0	[0, 0]	33	655360	0	0	t1@50182:released-and-isolated
F4-rot-both	N3-iso-recompute	OOFFOMO	O:ok O:ok F:ok(F=3,reclaimed=1) F:noop O:ok M:ok O:ok	ok	same	I-2.1,I-4.8,I-7.4	[0, 0]	4	0	[0, 0]	33	688128	0	0	t1@50182:released-and-isolated
F4-rot-both	N3-iso-recompute	OOFFOMM	O:ok O:ok F:ok(F=3,reclaimed=1) F:noop O:ok M:ok M:ok	ok	same	I-2.1,I-4.8,I-7.4	[0, 0]	4	0	[0, 0]	33	655360	0	0	t1@50182:released-and-isolated
F4-rot-both	N3-iso-recompute	OOFFOOO	O:ok O:ok F:ok(F=3,reclaimed=1) F:noop O:ok O:ok O:ok	ok	same	I-2.1,I-4.8,I-7.4	[2, 2]	4	0	[0, 0]	35	753664	0	0	t1@50182:released-and-isolated
F4-rot-both	N3-iso-recompute	OOFFOOM	O:ok O:ok F:ok(F=3,reclaimed=1) F:noop O:ok O:ok M:ok	ok	same	I-2.1,I-4.8,I-7.4	[0, 0]	4	0	[0, 0]	33	688128	0	0	t1@50182:released-and-isolated
F4-rot-both	N3-iso-recompute	OOFMFFF	O:ok O:ok F:ok(F=3,reclaimed=1) M:ok F:noop F:noop F:noop	ok	same	I-2.1,I-4.8,I-7.4	[0, 0]	4	0	[0, 0]	23	458752	0	0	t1@50182:released-and-isolated
F4-rot-both	N3-iso-recompute	OOFMFFM	O:ok O:ok F:ok(F=3,reclaimed=1) M:ok F:noop F:noop M:ok	ok	same	I-2.1,I-4.8,I-7.4	[0, 0]	4	0	[0, 0]	29	557056	0	0	t1@50182:released-and-isolated
F4-rot-both	N3-iso-recompute	OOFMFFO	O:ok O:ok F:ok(F=3,reclaimed=1) M:ok F:noop F:noop O:ok	ok	same	I-2.1,I-4.8,I-7.4	[0, 0]	4	0	[0, 0]	29	589824	0	0	t1@50182:released-and-isolated
F4-rot-both	N3-iso-recompute	OOFMFMF	O:ok O:ok F:ok(F=3,reclaimed=1) M:ok F:noop M:ok F:noop	ok	same	I-2.1,I-4.8,I-7.4	[0, 0]	4	0	[0, 0]	29	557056	0	0	t1@50182:released-and-isolated
F4-rot-both	N3-iso-recompute	OOFMFMM	O:ok O:ok F:ok(F=3,reclaimed=1) M:ok F:noop M:ok M:ok	ok	same	I-2.1,I-4.8,I-7.4	[0, 0]	4	0	[0, 0]	35	655360	0	0	t1@50182:released-and-isolated
F4-rot-both	N3-iso-recompute	OOFMFMO	O:ok O:ok F:ok(F=3,reclaimed=1) M:ok F:noop M:ok O:ok	ok	same	I-2.1,I-4.8,I-7.4	[0, 0]	4	0	[0, 0]	35	688128	0	0	t1@50182:released-and-isolated
F4-rot-both	N3-iso-recompute	OOFMFOF	O:ok O:ok F:ok(F=3,reclaimed=1) M:ok F:noop O:ok F:ok(F=6,reclaimed=17)	ok	same	I-2.1,I-4.8,I-7.4	[0, 0]	4	0	[0, 0]	33	655360	0	0	t1@50182:released-and-isolated
F4-rot-both	N3-iso-recompute	OOFMFOO	O:ok O:ok F:ok(F=3,reclaimed=1) M:ok F:noop O:ok O:ok	ok	same	I-2.1,I-4.8,I-7.4	[0, 0]	4	0	[0, 0]	35	720896	0	0	t1@50182:released-and-isolated
F4-rot-both	N3-iso-recompute	OOFMFOM	O:ok O:ok F:ok(F=3,reclaimed=1) M:ok F:noop O:ok M:ok	ok	same	I-2.1,I-4.8,I-7.4	[0, 0]	4	0	[0, 0]	33	655360	0	0	t1@50182:released-and-isolated
F4-rot-both	N3-iso-recompute	OOFMMFF	O:ok O:ok F:ok(F=3,reclaimed=1) M:ok M:ok F:noop F:noop	ok	same	I-2.1,I-4.8,I-7.4	[0, 0]	4	0	[0, 0]	29	557056	0	0	t1@50182:released-and-isolated
F4-rot-both	N3-iso-recompute	OOFMMFM	O:ok O:ok F:ok(F=3,reclaimed=1) M:ok M:ok F:noop M:ok	ok	same	I-2.1,I-4.8,I-7.4	[0, 0]	4	0	[0, 0]	35	655360	0	0	t1@50182:released-and-isolated
F4-rot-both	N3-iso-recompute	OOFMMFO	O:ok O:ok F:ok(F=3,reclaimed=1) M:ok M:ok F:noop O:ok	ok	same	I-2.1,I-4.8,I-7.4	[0, 0]	4	0	[0, 0]	35	688128	0	0	t1@50182:released-and-isolated
F4-rot-both	N3-iso-recompute	OOFMMMF	O:ok O:ok F:ok(F=3,reclaimed=1) M:ok M:ok M:ok F:noop	ok	same	I-2.1,I-4.8,I-7.4	[0, 0]	4	0	[0, 0]	35	655360	0	0	t1@50182:released-and-isolated
F4-rot-both	N3-iso-recompute	OOFMMMM	O:ok O:ok F:ok(F=3,reclaimed=1) M:ok M:ok M:ok M:ok	ok	same	I-2.1,I-4.8,I-7.4	[0, 0]	4	0	[0, 0]	41	753664	0	0	t1@50182:released-and-isolated
F4-rot-both	N3-iso-recompute	OOFMMOF	O:ok O:ok F:ok(F=3,reclaimed=1) M:ok M:ok O:ok F:ok(F=6,reclaimed=17)	ok	same	I-2.1,I-4.8,I-7.4	[0, 0]	4	0	[0, 0]	39	753664	0	0	t1@50182:released-and-isolated
F4-rot-both	N3-iso-recompute	OOFMMMO	O:ok O:ok F:ok(F=3,reclaimed=1) M:ok M:ok M:ok O:ok	ok	same	I-2.1,I-4.8,I-7.4	[0, 0]	4	0	[0, 0]	41	786432	0	0	t1@50182:released-and-isolated
F4-rot-both	N3-iso-recompute	OOFMMOM	O:ok O:ok F:ok(F=3,reclaimed=1) M:ok M:ok O:ok M:ok	ok	same	I-2.1,I-4.8,I-7.4	[0, 0]	4	0	[0, 0]	39	753664	0	0	t1@50182:released-and-isolated
F4-rot-both	N3-iso-recompute	OOFMMOO	O:ok O:ok F:ok(F=3,reclaimed=1) M:ok M:ok O:ok O:ok	ok	same	I-2.1,I-4.8,I-7.4	[0, 0]	4	0	[0, 0]	41	819200	0	0	t1@50182:released-and-isolated
F4-rot-both	N3-iso-recompute	OOFMOFF	O:ok O:ok F:ok(F=3,reclaimed=1) M:ok O:ok F:ok(F=6,reclaimed=17) F:noop	ok	same	I-2.1,I-4.8,I-7.4	[0, 0]	4	0	[0, 0]	33	655360	0	0	t1@50182:released-and-isolated
F4-rot-both	N3-iso-recompute	OOFMOFO	O:ok O:ok F:ok(F=3,reclaimed=1) M:ok O:ok F:ok(F=6,reclaimed=17) O:ok	ok	same	I-2.1,I-4.8,I-7.4	[0, 0]	4	0	[0, 0]	39	786432	0	0	t1@50182:released-and-isolated
F4-rot-both	N3-iso-recompute	OOFMOFM	O:ok O:ok F:ok(F=3,reclaimed=1) M:ok O:ok F:ok(F=6,reclaimed=17) M:ok	ok	same	I-2.1,I-4.8,I-7.4	[0, 0]	4	0	[0, 0]	39	753664	0	0	t1@50182:released-and-isolated
F4-rot-both	N3-iso-recompute	OOFMOMF	O:ok O:ok F:ok(F=3,reclaimed=1) M:ok O:ok M:ok F:ok(F=6,reclaimed=17)	ok	same	I-2.1,I-4.8,I-7.4	[0, 0]	4	0	[0, 0]	39	753664	0	0	t1@50182:released-and-isolated
F4-rot-both	N3-iso-recompute	OOFMOOF	O:ok O:ok F:ok(F=3,reclaimed=1) M:ok O:ok O:ok F:ok(F=7,reclaimed=25)	ok	same	-	[0, 0]	4	0	[0, 0]	39	786432	0	0	t1@50182:released-and-isolated
F4-rot-both	N3-iso-recompute	OOFMOMO	O:ok O:ok F:ok(F=3,reclaimed=1) M:ok O:ok M:ok O:ok	ok	same	I-2.1,I-4.8,I-7.4	[0, 0]	4	0	[0, 0]	39	786432	0	0	t1@50182:released-and-isolated
F4-rot-both	N3-iso-recompute	OOFMOMM	O:ok O:ok F:ok(F=3,reclaimed=1) M:ok O:ok M:ok M:ok	ok	same	I-2.1,I-4.8,I-7.4	[0, 0]	4	0	[0, 0]	39	753664	0	0	t1@50182:released-and-isolated
F4-rot-both	N3-iso-recompute	OOFMOOM	O:ok O:ok F:ok(F=3,reclaimed=1) M:ok O:ok O:ok M:ok	ok	same	I-2.1,I-4.8,I-7.4	[0, 0]	4	0	[0, 0]	39	786432	0	0	t1@50182:released-and-isolated
F4-rot-both	N3-iso-recompute	OOFOFFF	O:ok O:ok F:ok(F=3,reclaimed=1) O:ok F:ok(F=6,reclaimed=17) F:noop F:noop	ok	same	I-2.1,I-4.8,I-7.4	[2, 2]	4	0	[0, 0]	27	557056	0	0	t1@50182:released-and-isolated
F4-rot-both	N3-iso-recompute	OOFMOOO	O:ok O:ok F:ok(F=3,reclaimed=1) M:ok O:ok O:ok O:ok	ok	same	I-2.1,I-4.8,I-7.4	[0, 0]	4	0	[0, 0]	41	851968	0	0	t1@50182:released-and-isolated
F4-rot-both	N3-iso-recompute	OOFOFFM	O:ok O:ok F:ok(F=3,reclaimed=1) O:ok F:ok(F=6,reclaimed=17) F:noop M:ok	ok	same	I-2.1,I-4.8,I-7.4	[0, 0]	4	0	[0, 0]	33	655360	0	0	t1@50182:released-and-isolated
F4-rot-both	N3-iso-recompute	OOFOFFO	O:ok O:ok F:ok(F=3,reclaimed=1) O:ok F:ok(F=6,reclaimed=17) F:noop O:ok	ok	same	I-2.1,I-4.8,I-7.4	[2, 2]	4	0	[0, 0]	33	688128	0	0	t1@50182:released-and-isolated
F4-rot-both	N3-iso-recompute	OOFOFMF	O:ok O:ok F:ok(F=3,reclaimed=1) O:ok F:ok(F=6,reclaimed=17) M:ok F:noop	ok	same	I-2.1,I-4.8,I-7.4	[0, 0]	4	0	[0, 0]	33	655360	0	0	t1@50182:released-and-isolated
F4-rot-both	N3-iso-recompute	OOFOFMO	O:ok O:ok F:ok(F=3,reclaimed=1) O:ok F:ok(F=6,reclaimed=17) M:ok O:ok	ok	same	I-2.1,I-4.8,I-7.4	[0, 0]	4	0	[0, 0]	39	786432	0	0	t1@50182:released-and-isolated
F4-rot-both	N3-iso-recompute	OOFOFMM	O:ok O:ok F:ok(F=3,reclaimed=1) O:ok F:ok(F=6,reclaimed=17) M:ok M:ok	ok	same	I-2.1,I-4.8,I-7.4	[0, 0]	4	0	[0, 0]	39	753664	0	0	t1@50182:released-and-isolated
F4-rot-both	N3-iso-recompute	OOFOFOF	O:ok O:ok F:ok(F=3,reclaimed=1) O:ok F:ok(F=6,reclaimed=17) O:ok F:ok(F=7,reclaimed=8)	ok	same	-	[2, 2]	4	0	[2, 2]	37	753664	0	0	t1@50182:released-and-isolated
F4-rot-both	N3-iso-recompute	OOFOFOO	O:ok O:ok F:ok(F=3,reclaimed=1) O:ok F:ok(F=6,reclaimed=17) O:ok O:ok	ok	same	I-2.1,I-4.8,I-7.4	[2, 2]	4	0	[0, 0]	39	819200	0	0	t1@50182:released-and-isolated
F4-rot-both	N3-iso-recompute	OOFOFOM	O:ok O:ok F:ok(F=3,reclaimed=1) O:ok F:ok(F=6,reclaimed=17) O:ok M:ok	ok	same	I-2.1,I-4.8,I-7.4	[0, 0]	4	0	[0, 0]	37	753664	0	0	t1@50182:released-and-isolated
F4-rot-both	N3-iso-recompute	OOFOMFF	O:ok O:ok F:ok(F=3,reclaimed=1) O:ok M:ok F:ok(F=6,reclaimed=17) F:noop	ok	same	I-2.1,I-4.8,I-7.4	[0, 0]	4	0	[0, 0]	33	655360	0	0	t1@50182:released-and-isolated
F4-rot-both	N3-iso-recompute	OOFOMFM	O:ok O:ok F:ok(F=3,reclaimed=1) O:ok M:ok F:ok(F=6,reclaimed=17) M:ok	ok	same	I-2.1,I-4.8,I-7.4	[0, 0]	4	0	[0, 0]	39	753664	0	0	t1@50182:released-and-isolated
F4-rot-both	N3-iso-recompute	OOFOMFO	O:ok O:ok F:ok(F=3,reclaimed=1) O:ok M:ok F:ok(F=6,reclaimed=17) O:ok	ok	same	I-2.1,I-4.8,I-7.4	[0, 0]	4	0	[0, 0]	39	786432	0	0	t1@50182:released-and-isolated
F4-rot-both	N3-iso-recompute	OOFOMMF	O:ok O:ok F:ok(F=3,reclaimed=1) O:ok M:ok M:ok F:ok(F=6,reclaimed=17)	ok	same	I-2.1,I-4.8,I-7.4	[0, 0]	4	0	[0, 0]	39	753664	0	0	t1@50182:released-and-isolated
F4-rot-both	N3-iso-recompute	OOFOMMM	O:ok O:ok F:ok(F=3,reclaimed=1) O:ok M:ok M:ok M:ok	ok	same	I-2.1,I-4.8,I-7.4	[0, 0]	4	0	[0, 0]	39	753664	0	0	t1@50182:released-and-isolated
F4-rot-both	N3-iso-recompute	OOFOMMO	O:ok O:ok F:ok(F=3,reclaimed=1) O:ok M:ok M:ok O:ok	ok	same	I-2.1,I-4.8,I-7.4	[0, 0]	4	0	[0, 0]	39	786432	0	0	t1@50182:released-and-isolated
F4-rot-both	N3-iso-recompute	OOFOMOF	O:ok O:ok F:ok(F=3,reclaimed=1) O:ok M:ok O:ok F:ok(F=7,reclaimed=25)	ok	same	-	[0, 0]	4	0	[0, 0]	37	753664	0	0	t1@50182:released-and-isolated
F4-rot-both	N3-iso-recompute	OOFOMOM	O:ok O:ok F:ok(F=3,reclaimed=1) O:ok M:ok O:ok M:ok	ok	same	I-2.1,I-4.8,I-7.4	[0, 0]	4	0	[0, 0]	37	753664	0	0	t1@50182:released-and-isolated
F4-rot-both	N3-iso-recompute	OOFOMOO	O:ok O:ok F:ok(F=3,reclaimed=1) O:ok M:ok O:ok O:ok	ok	same	I-2.1,I-4.8,I-7.4	[0, 0]	4	0	[0, 0]	39	819200	0	0	t1@50182:released-and-isolated
F4-rot-both	N3-iso-recompute	OOFOOFF	O:ok O:ok F:ok(F=3,reclaimed=1) O:ok O:ok F:ok(F=7,reclaimed=25) F:noop	ok	same	-	[2, 2]	4	0	[2, 2]	33	688128	0	0	t1@50182:released-and-isolated
F4-rot-both	N3-iso-recompute	OOFOOFM	O:ok O:ok F:ok(F=3,reclaimed=1) O:ok O:ok F:ok(F=7,reclaimed=25) M:ok	ok	same	-	[0, 0]	4	0	[0, 0]	37	753664	0	0	t1@50182:released-and-isolated
F4-rot-both	N3-iso-recompute	OOFOOFO	O:ok O:ok F:ok(F=3,reclaimed=1) O:ok O:ok F:ok(F=7,reclaimed=25) O:ok	ok	same	-	[2, 2]	4	0	[2, 2]	39	819200	0	0	t1@50182:released-and-isolated
F4-rot-both	N3-iso-recompute	OOFOOMF	O:ok O:ok F:ok(F=3,reclaimed=1) O:ok O:ok M:ok F:ok(F=7,reclaimed=25)	ok	same	-	[0, 0]	4	0	[0, 0]	37	753664	0	0	t1@50182:released-and-isolated
F4-rot-both	N3-iso-recompute	OOFOOOF	O:ok O:ok F:ok(F=3,reclaimed=1) O:ok O:ok O:ok F:ok(F=8,reclaimed=33)	ok	same	-	[2, 2]	4	0	[2, 2]	41	851968	0	0	t1@50182:released-and-isolated
F4-rot-both	N3-iso-recompute	OOFOOMM	O:ok O:ok F:ok(F=3,reclaimed=1) O:ok O:ok M:ok M:ok	ok	same	I-2.1,I-4.8,I-7.4	[0, 0]	4	0	[0, 0]	37	753664	0	0	t1@50182:released-and-isolated
F4-rot-both	N3-iso-recompute	OOFOOMO	O:ok O:ok F:ok(F=3,reclaimed=1) O:ok O:ok M:ok O:ok	ok	same	I-2.1,I-4.8,I-7.4	[0, 0]	4	0	[0, 0]	39	819200	0	0	t1@50182:released-and-isolated
F4-rot-both	N3-iso-recompute	OOFOOOM	O:ok O:ok F:ok(F=3,reclaimed=1) O:ok O:ok O:ok M:ok	ok	same	I-2.1,I-4.8,I-7.4	[0, 0]	4	0	[0, 0]	41	851968	0	0	t1@50182:released-and-isolated
F4-rot-both	N3-iso-recompute	OOFOOOO	O:ok O:ok F:ok(F=3,reclaimed=1) O:ok O:ok O:ok O:ok	ok	same	I-2.1,I-4.8,I-7.4	[2, 2]	4	0	[0, 0]	41	884736	0	0	t1@50182:released-and-isolated
F4-rot-both	N3-iso-recompute	OOMFFFF	O:ok O:ok M:ok F:ok(F=3,reclaimed=1) F:noop F:noop F:noop	ok	same	I-2.1,I-4.8,I-7.4	[0, 0]	4	0	[0, 0]	23	458752	0	0	t1@50182:released-and-isolated
F4-rot-both	N3-iso-recompute	OOMFFFO	O:ok O:ok M:ok F:ok(F=3,reclaimed=1) F:noop F:noop O:ok	ok	same	I-2.1,I-4.8,I-7.4	[0, 0]	4	0	[0, 0]	29	589824	0	0	t1@50182:released-and-isolated
F4-rot-both	N3-iso-recompute	OOMFFFM	O:ok O:ok M:ok F:ok(F=3,reclaimed=1) F:noop F:noop M:ok	ok	same	I-2.1,I-4.8,I-7.4	[0, 0]	4	0	[0, 0]	29	557056	0	0	t1@50182:released-and-isolated
F4-rot-both	N3-iso-recompute	OOMFFMF	O:ok O:ok M:ok F:ok(F=3,reclaimed=1) F:noop M:ok F:noop	ok	same	I-2.1,I-4.8,I-7.4	[0, 0]	4	0	[0, 0]	29	557056	0	0	t1@50182:released-and-isolated
F4-rot-both	N3-iso-recompute	OOMFFOF	O:ok O:ok M:ok F:ok(F=3,reclaimed=1) F:noop O:ok F:ok(F=6,reclaimed=17)	ok	same	I-2.1,I-4.8,I-7.4	[0, 0]	4	0	[0, 0]	33	655360	0	0	t1@50182:released-and-isolated
F4-rot-both	N3-iso-recompute	OOMFFMO	O:ok O:ok M:ok F:ok(F=3,reclaimed=1) F:noop M:ok O:ok	ok	same	I-2.1,I-4.8,I-7.4	[0, 0]	4	0	[0, 0]	35	688128	0	0	t1@50182:released-and-isolated
F4-rot-both	N3-iso-recompute	OOMFFMM	O:ok O:ok M:ok F:ok(F=3,reclaimed=1) F:noop M:ok M:ok	ok	same	I-2.1,I-4.8,I-7.4	[0, 0]	4	0	[0, 0]	35	655360	0	0	t1@50182:released-and-isolated
F4-rot-both	N3-iso-recompute	OOMFFOO	O:ok O:ok M:ok F:ok(F=3,reclaimed=1) F:noop O:ok O:ok	ok	same	I-2.1,I-4.8,I-7.4	[0, 0]	4	0	[0, 0]	35	720896	0	0	t1@50182:released-and-isolated
F4-rot-both	N3-iso-recompute	OOMFFOM	O:ok O:ok M:ok F:ok(F=3,reclaimed=1) F:noop O:ok M:ok	ok	same	I-2.1,I-4.8,I-7.4	[0, 0]	4	0	[0, 0]	33	655360	0	0	t1@50182:released-and-isolated
F4-rot-both	N3-iso-recompute	OOMFMFF	O:ok O:ok M:ok F:ok(F=3,reclaimed=1) M:ok F:noop F:noop	ok	same	I-2.1,I-4.8,I-7.4	[0, 0]	4	0	[0, 0]	29	557056	0	0	t1@50182:released-and-isolated
F4-rot-both	N3-iso-recompute	OOMFMFM	O:ok O:ok M:ok F:ok(F=3,reclaimed=1) M:ok F:noop M:ok	ok	same	I-2.1,I-4.8,I-7.4	[0, 0]	4	0	[0, 0]	35	655360	0	0	t1@50182:released-and-isolated
F4-rot-both	N3-iso-recompute	OOMFMFO	O:ok O:ok M:ok F:ok(F=3,reclaimed=1) M:ok F:noop O:ok	ok	same	I-2.1,I-4.8,I-7.4	[0, 0]	4	0	[0, 0]	35	688128	0	0	t1@50182:released-and-isolated
F4-rot-both	N3-iso-recompute	OOMFMMF	O:ok O:ok M:ok F:ok(F=3,reclaimed=1) M:ok M:ok F:noop	ok	same	I-2.1,I-4.8,I-7.4	[0, 0]	4	0	[0, 0]	35	655360	0	0	t1@50182:released-and-isolated
F4-rot-both	N3-iso-recompute	OOMFMMM	O:ok O:ok M:ok F:ok(F=3,reclaimed=1) M:ok M:ok M:ok	ok	same	I-2.1,I-4.8,I-7.4	[0, 0]	4	0	[0, 0]	41	753664	0	0	t1@50182:released-and-isolated
F4-rot-both	N3-iso-recompute	OOMFMMO	O:ok O:ok M:ok F:ok(F=3,reclaimed=1) M:ok M:ok O:ok	ok	same	I-2.1,I-4.8,I-7.4	[0, 0]	4	0	[0, 0]	41	786432	0	0	t1@50182:released-and-isolated
F4-rot-both	N3-iso-recompute	OOMFMOF	O:ok O:ok M:ok F:ok(F=3,reclaimed=1) M:ok O:ok F:ok(F=6,reclaimed=17)	ok	same	I-2.1,I-4.8,I-7.4	[0, 0]	4	0	[0, 0]	39	753664	0	0	t1@50182:released-and-isolated
F4-rot-both	N3-iso-recompute	OOMFOFF	O:ok O:ok M:ok F:ok(F=3,reclaimed=1) O:ok F:ok(F=6,reclaimed=17) F:noop	ok	same	I-2.1,I-4.8,I-7.4	[0, 0]	4	0	[0, 0]	33	655360	0	0	t1@50182:released-and-isolated
F4-rot-both	N3-iso-recompute	OOMFMOM	O:ok O:ok M:ok F:ok(F=3,reclaimed=1) M:ok O:ok M:ok	ok	same	I-2.1,I-4.8,I-7.4	[0, 0]	4	0	[0, 0]	39	753664	0	0	t1@50182:released-and-isolated
F4-rot-both	N3-iso-recompute	OOMFMOO	O:ok O:ok M:ok F:ok(F=3,reclaimed=1) M:ok O:ok O:ok	ok	same	I-2.1,I-4.8,I-7.4	[0, 0]	4	0	[0, 0]	41	819200	0	0	t1@50182:released-and-isolated
F4-rot-both	N3-iso-recompute	OOMFOFM	O:ok O:ok M:ok F:ok(F=3,reclaimed=1) O:ok F:ok(F=6,reclaimed=17) M:ok	ok	same	I-2.1,I-4.8,I-7.4	[0, 0]	4	0	[0, 0]	39	753664	0	0	t1@50182:released-and-isolated
F4-rot-both	N3-iso-recompute	OOMFOFO	O:ok O:ok M:ok F:ok(F=3,reclaimed=1) O:ok F:ok(F=6,reclaimed=17) O:ok	ok	same	I-2.1,I-4.8,I-7.4	[0, 0]	4	0	[0, 0]	39	786432	0	0	t1@50182:released-and-isolated
F4-rot-both	N3-iso-recompute	OOMFOMF	O:ok O:ok M:ok F:ok(F=3,reclaimed=1) O:ok M:ok F:ok(F=6,reclaimed=17)	ok	same	I-2.1,I-4.8,I-7.4	[0, 0]	4	0	[0, 0]	39	753664	0	0	t1@50182:released-and-isolated
F4-rot-both	N3-iso-recompute	OOMFOMM	O:ok O:ok M:ok F:ok(F=3,reclaimed=1) O:ok M:ok M:ok	ok	same	I-2.1,I-4.8,I-7.4	[0, 0]	4	0	[0, 0]	39	753664	0	0	t1@50182:released-and-isolated
F4-rot-both	N3-iso-recompute	OOMFOOF	O:ok O:ok M:ok F:ok(F=3,reclaimed=1) O:ok O:ok F:ok(F=7,reclaimed=25)	ok	same	-	[0, 0]	4	0	[0, 0]	39	786432	0	0	t1@50182:released-and-isolated
F4-rot-both	N3-iso-recompute	OOMFOMO	O:ok O:ok M:ok F:ok(F=3,reclaimed=1) O:ok M:ok O:ok	ok	same	I-2.1,I-4.8,I-7.4	[0, 0]	4	0	[0, 0]	39	786432	0	0	t1@50182:released-and-isolated
F4-rot-both	N3-iso-recompute	OOMFOOM	O:ok O:ok M:ok F:ok(F=3,reclaimed=1) O:ok O:ok M:ok	ok	same	I-2.1,I-4.8,I-7.4	[0, 0]	4	0	[0, 0]	39	786432	0	0	t1@50182:released-and-isolated
F4-rot-both	N3-iso-recompute	OOMFOOO	O:ok O:ok M:ok F:ok(F=3,reclaimed=1) O:ok O:ok O:ok	ok	same	I-2.1,I-4.8,I-7.4	[0, 0]	4	0	[0, 0]	41	851968	0	0	t1@50182:released-and-isolated
F4-rot-both	N3-iso-recompute	OOMMFFF	O:ok O:ok M:ok M:ok F:ok(F=3,reclaimed=1) F:noop F:noop	ok	same	I-2.1,I-4.8,I-7.4	[0, 0]	4	0	[0, 0]	29	557056	0	0	t1@50182:released-and-isolated
F4-rot-both	N3-iso-recompute	OOMMFFO	O:ok O:ok M:ok M:ok F:ok(F=3,reclaimed=1) F:noop O:ok	ok	same	I-2.1,I-4.8,I-7.4	[0, 0]	4	0	[0, 0]	35	688128	0	0	t1@50182:released-and-isolated
F4-rot-both	N3-iso-recompute	OOMMFFM	O:ok O:ok M:ok M:ok F:ok(F=3,reclaimed=1) F:noop M:ok	ok	same	I-2.1,I-4.8,I-7.4	[0, 0]	4	0	[0, 0]	35	655360	0	0	t1@50182:released-and-isolated
F4-rot-both	N3-iso-recompute	OOMMFMF	O:ok O:ok M:ok M:ok F:ok(F=3,reclaimed=1) M:ok F:noop	ok	same	I-2.1,I-4.8,I-7.4	[0, 0]	4	0	[0, 0]	35	655360	0	0	t1@50182:released-and-isolated
F4-rot-both	N3-iso-recompute	OOMMFOF	O:ok O:ok M:ok M:ok F:ok(F=3,reclaimed=1) O:ok F:ok(F=6,reclaimed=17)	ok	same	I-2.1,I-4.8,I-7.4	[0, 0]	4	0	[0, 0]	39	753664	0	0	t1@50182:released-and-isolated
F4-rot-both	N3-iso-recompute	OOMMFMM	O:ok O:ok M:ok M:ok F:ok(F=3,reclaimed=1) M:ok M:ok	ok	same	I-2.1,I-4.8,I-7.4	[0, 0]	4	0	[0, 0]	41	753664	0	0	t1@50182:released-and-isolated
F4-rot-both	N3-iso-recompute	OOMMFMO	O:ok O:ok M:ok M:ok F:ok(F=3,reclaimed=1) M:ok O:ok	ok	same	I-2.1,I-4.8,I-7.4	[0, 0]	4	0	[0, 0]	41	786432	0	0	t1@50182:released-and-isolated
F4-rot-both	N3-iso-recompute	OOMMFOM	O:ok O:ok M:ok M:ok F:ok(F=3,reclaimed=1) O:ok M:ok	ok	same	I-2.1,I-4.8,I-7.4	[0, 0]	4	0	[0, 0]	39	753664	0	0	t1@50182:released-and-isolated
F4-rot-both	N3-iso-recompute	OOMMFOO	O:ok O:ok M:ok M:ok F:ok(F=3,reclaimed=1) O:ok O:ok	ok	same	I-2.1,I-4.8,I-7.4	[0, 0]	4	0	[0, 0]	41	819200	0	0	t1@50182:released-and-isolated
F4-rot-both	N3-iso-recompute	OOMMMFF	O:ok O:ok M:ok M:ok M:ok F:ok(F=3,reclaimed=1) F:noop	ok	same	I-2.1,I-4.8,I-7.4	[0, 0]	4	0	[0, 0]	35	655360	0	0	t1@50182:released-and-isolated
F4-rot-both	N3-iso-recompute	OOMMMFO	O:ok O:ok M:ok M:ok M:ok F:ok(F=3,reclaimed=1) O:ok	ok	same	I-2.1,I-4.8,I-7.4	[0, 0]	4	0	[0, 0]	41	786432	0	0	t1@50182:released-and-isolated
F4-rot-both	N3-iso-recompute	OOMMMFM	O:ok O:ok M:ok M:ok M:ok F:ok(F=3,reclaimed=1) M:ok	ok	same	I-2.1,I-4.8,I-7.4	[0, 0]	4	0	[0, 0]	41	753664	0	0	t1@50182:released-and-isolated
F4-rot-both	N3-iso-recompute	OOMMMMF	O:ok O:ok M:ok M:ok M:ok M:ok F:ok(F=3,reclaimed=1)	ok	same	I-2.1,I-4.8,I-7.4	[0, 0]	4	0	[0, 0]	41	753664	0	0	t1@50182:released-and-isolated
F4-rot-both	N3-iso-recompute	OOMMMOF	O:ok O:ok M:ok M:ok M:ok O:ok F:ok(F=6,reclaimed=18)	ok	same	I-2.1,I-4.8,I-7.4	[0, 0]	4	0	[0, 0]	39	753664	0	0	t1@50182:released-and-isolated
F4-rot-both	N3-iso-recompute	OOMMMMO	O:ok O:ok M:ok M:ok M:ok M:ok O:ok	ok	same	I-2.1,I-4.8,I-7.4	[0, 0]	4	0	[0, 0]	41	786432	0	0	t1@50182:released-and-isolated
F4-rot-both	N3-iso-recompute	OOMMMMM	O:ok O:ok M:ok M:ok M:ok M:ok M:ok	ok	same	I-2.1,I-4.8,I-7.4	[0, 0]	4	0	[0, 0]	41	753664	0	0	t1@50182:released-and-isolated
F4-rot-both	N3-iso-recompute	OOMMOFF	O:ok O:ok M:ok M:ok O:ok F:ok(F=6,reclaimed=18) F:noop	ok	same	I-2.1,I-4.8,I-7.4	[0, 0]	4	0	[0, 0]	33	655360	0	0	t1@50182:released-and-isolated
F4-rot-both	N3-iso-recompute	OOMMMOO	O:ok O:ok M:ok M:ok M:ok O:ok O:ok	ok	same	I-2.1,I-4.8,I-7.4	[0, 0]	4	0	[0, 0]	41	819200	0	0	t1@50182:released-and-isolated
F4-rot-both	N3-iso-recompute	OOMMOFM	O:ok O:ok M:ok M:ok O:ok F:ok(F=6,reclaimed=18) M:ok	ok	same	I-2.1,I-4.8,I-7.4	[0, 0]	4	0	[0, 0]	39	753664	0	0	t1@50182:released-and-isolated
F4-rot-both	N3-iso-recompute	OOMMMOM	O:ok O:ok M:ok M:ok M:ok O:ok M:ok	ok	same	I-2.1,I-4.8,I-7.4	[0, 0]	4	0	[0, 0]	39	753664	0	0	t1@50182:released-and-isolated
F4-rot-both	N3-iso-recompute	OOMMOFO	O:ok O:ok M:ok M:ok O:ok F:ok(F=6,reclaimed=18) O:ok	ok	same	I-2.1,I-4.8,I-7.4	[0, 0]	4	0	[0, 0]	39	786432	0	0	t1@50182:released-and-isolated
F4-rot-both	N3-iso-recompute	OOMMOMF	O:ok O:ok M:ok M:ok O:ok M:ok F:ok(F=6,reclaimed=18)	ok	same	I-2.1,I-4.8,I-7.4	[0, 0]	4	0	[0, 0]	39	753664	0	0	t1@50182:released-and-isolated
F4-rot-both	N3-iso-recompute	OOMMOMO	O:ok O:ok M:ok M:ok O:ok M:ok O:ok	ok	same	I-2.1,I-4.8,I-7.4	[0, 0]	4	0	[0, 0]	39	786432	0	0	t1@50182:released-and-isolated
F4-rot-both	N3-iso-recompute	OOMMOMM	O:ok O:ok M:ok M:ok O:ok M:ok M:ok	ok	same	I-2.1,I-4.8,I-7.4	[0, 0]	4	0	[0, 0]	39	753664	0	0	t1@50182:released-and-isolated
F4-rot-both	N3-iso-recompute	OOMMOOF	O:ok O:ok M:ok M:ok O:ok O:ok F:ok(F=7,reclaimed=26)	ok	same	-	[0, 0]	4	0	[0, 0]	39	786432	0	0	t1@50182:released-and-isolated
F4-rot-both	N3-iso-recompute	OOMOFFF	O:ok O:ok M:ok O:ok F:ok(F=6,reclaimed=18) F:noop F:noop	ok	same	I-2.1,I-4.8,I-7.4	[0, 0]	4	0	[0, 0]	27	557056	0	0	t1@50182:released-and-isolated
F4-rot-both	N3-iso-recompute	OOMMOOO	O:ok O:ok M:ok M:ok O:ok O:ok O:ok	ok	same	I-2.1,I-4.8,I-7.4	[0, 0]	4	0	[0, 0]	41	851968	0	0	t1@50182:released-and-isolated
F4-rot-both	N3-iso-recompute	OOMMOOM	O:ok O:ok M:ok M:ok O:ok O:ok M:ok	ok	same	I-2.1,I-4.8,I-7.4	[0, 0]	4	0	[0, 0]	39	786432	0	0	t1@50182:released-and-isolated
F4-rot-both	N3-iso-recompute	OOMOFFM	O:ok O:ok M:ok O:ok F:ok(F=6,reclaimed=18) F:noop M:ok	ok	same	I-2.1,I-4.8,I-7.4	[0, 0]	4	0	[0, 0]	33	655360	0	0	t1@50182:released-and-isolated
F4-rot-both	N3-iso-recompute	OOMOFFO	O:ok O:ok M:ok O:ok F:ok(F=6,reclaimed=18) F:noop O:ok	ok	same	I-2.1,I-4.8,I-7.4	[0, 0]	4	0	[0, 0]	33	688128	0	0	t1@50182:released-and-isolated
F4-rot-both	N3-iso-recompute	OOMOFMF	O:ok O:ok M:ok O:ok F:ok(F=6,reclaimed=18) M:ok F:noop	ok	same	I-2.1,I-4.8,I-7.4	[0, 0]	4	0	[0, 0]	33	655360	0	0	t1@50182:released-and-isolated
F4-rot-both	N3-iso-recompute	OOMOFMM	O:ok O:ok M:ok O:ok F:ok(F=6,reclaimed=18) M:ok M:ok	ok	same	I-2.1,I-4.8,I-7.4	[0, 0]	4	0	[0, 0]	39	753664	0	0	t1@50182:released-and-isolated
F4-rot-both	N3-iso-recompute	OOMOFOF	O:ok O:ok M:ok O:ok F:ok(F=6,reclaimed=18) O:ok F:ok(F=7,reclaimed=8)	ok	same	-	[0, 0]	4	0	[0, 0]	37	753664	0	0	t1@50182:released-and-isolated
F4-rot-both	N3-iso-recompute	OOMOFMO	O:ok O:ok M:ok O:ok F:ok(F=6,reclaimed=18) M:ok O:ok	ok	same	I-2.1,I-4.8,I-7.4	[0, 0]	4	0	[0, 0]	39	786432	0	0	t1@50182:released-and-isolated
F4-rot-both	N3-iso-recompute	OOMOFOM	O:ok O:ok M:ok O:ok F:ok(F=6,reclaimed=18) O:ok M:ok	ok	same	I-2.1,I-4.8,I-7.4	[0, 0]	4	0	[0, 0]	37	753664	0	0	t1@50182:released-and-isolated
F4-rot-both	N3-iso-recompute	OOMOFOO	O:ok O:ok M:ok O:ok F:ok(F=6,reclaimed=18) O:ok O:ok	ok	same	I-2.1,I-4.8,I-7.4	[0, 0]	4	0	[0, 0]	39	819200	0	0	t1@50182:released-and-isolated
F4-rot-both	N3-iso-recompute	OOMOMFF	O:ok O:ok M:ok O:ok M:ok F:ok(F=6,reclaimed=18) F:noop	ok	same	I-2.1,I-4.8,I-7.4	[0, 0]	4	0	[0, 0]	33	655360	0	0	t1@50182:released-and-isolated
F4-rot-both	N3-iso-recompute	OOMOMFO	O:ok O:ok M:ok O:ok M:ok F:ok(F=6,reclaimed=18) O:ok	ok	same	I-2.1,I-4.8,I-7.4	[0, 0]	4	0	[0, 0]	39	786432	0	0	t1@50182:released-and-isolated
F4-rot-both	N3-iso-recompute	OOMOMFM	O:ok O:ok M:ok O:ok M:ok F:ok(F=6,reclaimed=18) M:ok	ok	same	I-2.1,I-4.8,I-7.4	[0, 0]	4	0	[0, 0]	39	753664	0	0	t1@50182:released-and-isolated
F4-rot-both	N3-iso-recompute	OOMOMMF	O:ok O:ok M:ok O:ok M:ok M:ok F:ok(F=6,reclaimed=18)	ok	same	I-2.1,I-4.8,I-7.4	[0, 0]	4	0	[0, 0]	39	753664	0	0	t1@50182:released-and-isolated
F4-rot-both	N3-iso-recompute	OOMOMOF	O:ok O:ok M:ok O:ok M:ok O:ok F:ok(F=7,reclaimed=26)	ok	same	-	[0, 0]	4	0	[0, 0]	37	753664	0	0	t1@50182:released-and-isolated
F4-rot-both	N3-iso-recompute	OOMOMMO	O:ok O:ok M:ok O:ok M:ok M:ok O:ok	ok	same	I-2.1,I-4.8,I-7.4	[0, 0]	4	0	[0, 0]	39	786432	0	0	t1@50182:released-and-isolated
F4-rot-both	N3-iso-recompute	OOMOMMM	O:ok O:ok M:ok O:ok M:ok M:ok M:ok	ok	same	I-2.1,I-4.8,I-7.4	[0, 0]	4	0	[0, 0]	39	753664	0	0	t1@50182:released-and-isolated
F4-rot-both	N3-iso-recompute	OOMOMOM	O:ok O:ok M:ok O:ok M:ok O:ok M:ok	ok	same	I-2.1,I-4.8,I-7.4	[0, 0]	4	0	[0, 0]	37	753664	0	0	t1@50182:released-and-isolated
F4-rot-both	N3-iso-recompute	OOMOOFF	O:ok O:ok M:ok O:ok O:ok F:ok(F=7,reclaimed=26) F:noop	ok	same	-	[0, 0]	4	0	[0, 0]	33	688128	0	0	t1@50182:released-and-isolated
F4-rot-both	N3-iso-recompute	OOMOOFO	O:ok O:ok M:ok O:ok O:ok F:ok(F=7,reclaimed=26) O:ok	ok	same	-	[0, 0]	4	0	[0, 0]	39	819200	0	0	t1@50182:released-and-isolated
F4-rot-both	N3-iso-recompute	OOMOMOO	O:ok O:ok M:ok O:ok M:ok O:ok O:ok	ok	same	I-2.1,I-4.8,I-7.4	[0, 0]	4	0	[0, 0]	39	819200	0	0	t1@50182:released-and-isolated
F4-rot-both	N3-iso-recompute	OOMOOFM	O:ok O:ok M:ok O:ok O:ok F:ok(F=7,reclaimed=26) M:ok	ok	same	-	[0, 0]	4	0	[0, 0]	37	753664	0	0	t1@50182:released-and-isolated
F4-rot-both	N3-iso-recompute	OOMOOOF	O:ok O:ok M:ok O:ok O:ok O:ok F:ok(F=8,reclaimed=34)	ok	same	-	[0, 0]	4	0	[0, 0]	41	851968	0	0	t1@50182:released-and-isolated
F4-rot-both	N3-iso-recompute	OOMOOMF	O:ok O:ok M:ok O:ok O:ok M:ok F:ok(F=7,reclaimed=26)	ok	same	-	[0, 0]	4	0	[0, 0]	37	753664	0	0	t1@50182:released-and-isolated
F4-rot-both	N3-iso-recompute	OOMOOMO	O:ok O:ok M:ok O:ok O:ok M:ok O:ok	ok	same	I-2.1,I-4.8,I-7.4	[0, 0]	4	0	[0, 0]	39	819200	0	0	t1@50182:released-and-isolated
F4-rot-both	N3-iso-recompute	OOMOOMM	O:ok O:ok M:ok O:ok O:ok M:ok M:ok	ok	same	I-2.1,I-4.8,I-7.4	[0, 0]	4	0	[0, 0]	37	753664	0	0	t1@50182:released-and-isolated
F4-rot-both	N3-iso-recompute	OOOFFFF	O:ok O:ok O:ok F:ok(F=6,reclaimed=18) F:noop F:noop F:noop	ok	same	I-2.1,I-4.8,I-7.4	[2, 2]	4	0	[0, 0]	23	491520	0	0	t1@50182:released-and-isolated
F4-rot-both	N3-iso-recompute	OOMOOOO	O:ok O:ok M:ok O:ok O:ok O:ok O:ok	ok	same	I-2.1,I-4.8,I-7.4	[0, 0]	4	0	[0, 0]	41	884736	0	0	t1@50182:released-and-isolated
F4-rot-both	N3-iso-recompute	OOOFFFM	O:ok O:ok O:ok F:ok(F=6,reclaimed=18) F:noop F:noop M:ok	ok	same	I-2.1,I-4.8,I-7.4	[0, 0]	4	0	[0, 0]	27	557056	0	0	t1@50182:released-and-isolated
F4-rot-both	N3-iso-recompute	OOMOOOM	O:ok O:ok M:ok O:ok O:ok O:ok M:ok	ok	same	I-2.1,I-4.8,I-7.4	[0, 0]	4	0	[0, 0]	41	851968	0	0	t1@50182:released-and-isolated
F4-rot-both	N3-iso-recompute	OOOFFFO	O:ok O:ok O:ok F:ok(F=6,reclaimed=18) F:noop F:noop O:ok	ok	same	I-2.1,I-4.8,I-7.4	[2, 2]	4	0	[0, 0]	29	622592	0	0	t1@50182:released-and-isolated
F4-rot-both	N3-iso-recompute	OOOFFMF	O:ok O:ok O:ok F:ok(F=6,reclaimed=18) F:noop M:ok F:noop	ok	same	I-2.1,I-4.8,I-7.4	[0, 0]	4	0	[0, 0]	27	557056	0	0	t1@50182:released-and-isolated
F4-rot-both	N3-iso-recompute	OOOFFMO	O:ok O:ok O:ok F:ok(F=6,reclaimed=18) F:noop M:ok O:ok	ok	same	I-2.1,I-4.8,I-7.4	[0, 0]	4	0	[0, 0]	33	688128	0	0	t1@50182:released-and-isolated
F4-rot-both	N3-iso-recompute	OOOFFMM	O:ok O:ok O:ok F:ok(F=6,reclaimed=18) F:noop M:ok M:ok	ok	same	I-2.1,I-4.8,I-7.4	[0, 0]	4	0	[0, 0]	33	655360	0	0	t1@50182:released-and-isolated
F4-rot-both	N3-iso-recompute	OOOFFOF	O:ok O:ok O:ok F:ok(F=6,reclaimed=18) F:noop O:ok F:ok(F=7,reclaimed=8)	ok	same	-	[2, 2]	4	0	[2, 2]	33	688128	0	0	t1@50182:released-and-isolated
F4-rot-both	N3-iso-recompute	OOOFFOO	O:ok O:ok O:ok F:ok(F=6,reclaimed=18) F:noop O:ok O:ok	ok	same	I-2.1,I-4.8,I-7.4	[2, 2]	4	0	[0, 0]	35	753664	0	0	t1@50182:released-and-isolated
F4-rot-both	N3-iso-recompute	OOOFFOM	O:ok O:ok O:ok F:ok(F=6,reclaimed=18) F:noop O:ok M:ok	ok	same	I-2.1,I-4.8,I-7.4	[0, 0]	4	0	[0, 0]	33	688128	0	0	t1@50182:released-and-isolated
F4-rot-both	N3-iso-recompute	OOOFMFF	O:ok O:ok O:ok F:ok(F=6,reclaimed=18) M:ok F:noop F:noop	ok	same	I-2.1,I-4.8,I-7.4	[0, 0]	4	0	[0, 0]	27	557056	0	0	t1@50182:released-and-isolated
F4-rot-both	N3-iso-recompute	OOOFMFM	O:ok O:ok O:ok F:ok(F=6,reclaimed=18) M:ok F:noop M:ok	ok	same	I-2.1,I-4.8,I-7.4	[0, 0]	4	0	[0, 0]	33	655360	0	0	t1@50182:released-and-isolated
F4-rot-both	N3-iso-recompute	OOOFMFO	O:ok O:ok O:ok F:ok(F=6,reclaimed=18) M:ok F:noop O:ok	ok	same	I-2.1,I-4.8,I-7.4	[0, 0]	4	0	[0, 0]	33	688128	0	0	t1@50182:released-and-isolated
F4-rot-both	N3-iso-recompute	OOOFMMF	O:ok O:ok O:ok F:ok(F=6,reclaimed=18) M:ok M:ok F:noop	ok	same	I-2.1,I-4.8,I-7.4	[0, 0]	4	0	[0, 0]	33	655360	0	0	t1@50182:released-and-isolated
F4-rot-both	N3-iso-recompute	OOOFMMM	O:ok O:ok O:ok F:ok(F=6,reclaimed=18) M:ok M:ok M:ok	ok	same	I-2.1,I-4.8,I-7.4	[0, 0]	4	0	[0, 0]	39	753664	0	0	t1@50182:released-and-isolated
F4-rot-both	N3-iso-recompute	OOOFMMO	O:ok O:ok O:ok F:ok(F=6,reclaimed=18) M:ok M:ok O:ok	ok	same	I-2.1,I-4.8,I-7.4	[0, 0]	4	0	[0, 0]	39	786432	0	0	t1@50182:released-and-isolated
F4-rot-both	N3-iso-recompute	OOOFMOF	O:ok O:ok O:ok F:ok(F=6,reclaimed=18) M:ok O:ok F:ok(F=7,reclaimed=8)	ok	same	-	[0, 0]	4	0	[0, 0]	37	753664	0	0	t1@50182:released-and-isolated
F4-rot-both	N3-iso-recompute	OOOFMOO	O:ok O:ok O:ok F:ok(F=6,reclaimed=18) M:ok O:ok O:ok	ok	same	I-2.1,I-4.8,I-7.4	[0, 0]	4	0	[0, 0]	39	819200	0	0	t1@50182:released-and-isolated
F4-rot-both	N3-iso-recompute	OOOFMOM	O:ok O:ok O:ok F:ok(F=6,reclaimed=18) M:ok O:ok M:ok	ok	same	I-2.1,I-4.8,I-7.4	[0, 0]	4	0	[0, 0]	37	753664	0	0	t1@50182:released-and-isolated
F4-rot-both	N3-iso-recompute	OOOFOFF	O:ok O:ok O:ok F:ok(F=6,reclaimed=18) O:ok F:ok(F=7,reclaimed=8) F:noop	ok	same	-	[2, 2]	4	0	[2, 2]	33	688128	0	0	t1@50182:released-and-isolated
F4-rot-both	N3-iso-recompute	OOOFOFM	O:ok O:ok O:ok F:ok(F=6,reclaimed=18) O:ok F:ok(F=7,reclaimed=8) M:ok	ok	same	-	[0, 0]	4	0	[0, 0]	37	753664	0	0	t1@50182:released-and-isolated
F4-rot-both	N3-iso-recompute	OOOFOFO	O:ok O:ok O:ok F:ok(F=6,reclaimed=18) O:ok F:ok(F=7,reclaimed=8) O:ok	ok	same	-	[2, 2]	4	0	[2, 2]	39	819200	0	0	t1@50182:released-and-isolated
F4-rot-both	N3-iso-recompute	OOOFOMF	O:ok O:ok O:ok F:ok(F=6,reclaimed=18) O:ok M:ok F:ok(F=7,reclaimed=8)	ok	same	-	[0, 0]	4	0	[0, 0]	37	753664	0	0	t1@50182:released-and-isolated
F4-rot-both	N3-iso-recompute	OOOFOOF	O:ok O:ok O:ok F:ok(F=6,reclaimed=18) O:ok O:ok F:ok(F=8,reclaimed=16)	ok	same	-	[2, 2]	4	0	[2, 2]	41	851968	0	0	t1@50182:released-and-isolated
F4-rot-both	N3-iso-recompute	OOOFOMM	O:ok O:ok O:ok F:ok(F=6,reclaimed=18) O:ok M:ok M:ok	ok	same	I-2.1,I-4.8,I-7.4	[0, 0]	4	0	[0, 0]	37	753664	0	0	t1@50182:released-and-isolated
F4-rot-both	N3-iso-recompute	OOOFOMO	O:ok O:ok O:ok F:ok(F=6,reclaimed=18) O:ok M:ok O:ok	ok	same	I-2.1,I-4.8,I-7.4	[0, 0]	4	0	[0, 0]	39	819200	0	0	t1@50182:released-and-isolated
F4-rot-both	N3-iso-recompute	OOOFOOM	O:ok O:ok O:ok F:ok(F=6,reclaimed=18) O:ok O:ok M:ok	ok	same	I-2.1,I-4.8,I-7.4	[0, 0]	4	0	[0, 0]	41	851968	0	0	t1@50182:released-and-isolated
F4-rot-both	N3-iso-recompute	OOOFOOO	O:ok O:ok O:ok F:ok(F=6,reclaimed=18) O:ok O:ok O:ok	ok	same	I-2.1,I-4.8,I-7.4	[2, 2]	4	0	[0, 0]	41	884736	0	0	t1@50182:released-and-isolated
F4-rot-both	N3-iso-recompute	OOOMFFF	O:ok O:ok O:ok M:ok F:ok(F=6,reclaimed=18) F:noop F:noop	ok	same	I-2.1,I-4.8,I-7.4	[0, 0]	4	0	[0, 0]	27	557056	0	0	t1@50182:released-and-isolated
F4-rot-both	N3-iso-recompute	OOOMFFO	O:ok O:ok O:ok M:ok F:ok(F=6,reclaimed=18) F:noop O:ok	ok	same	I-2.1,I-4.8,I-7.4	[0, 0]	4	0	[0, 0]	33	688128	0	0	t1@50182:released-and-isolated
F4-rot-both	N3-iso-recompute	OOOMFFM	O:ok O:ok O:ok M:ok F:ok(F=6,reclaimed=18) F:noop M:ok	ok	same	I-2.1,I-4.8,I-7.4	[0, 0]	4	0	[0, 0]	33	655360	0	0	t1@50182:released-and-isolated
F4-rot-both	N3-iso-recompute	OOOMFMF	O:ok O:ok O:ok M:ok F:ok(F=6,reclaimed=18) M:ok F:noop	ok	same	I-2.1,I-4.8,I-7.4	[0, 0]	4	0	[0, 0]	33	655360	0	0	t1@50182:released-and-isolated
F4-rot-both	N3-iso-recompute	OOOMFOF	O:ok O:ok O:ok M:ok F:ok(F=6,reclaimed=18) O:ok F:ok(F=7,reclaimed=8)	ok	same	-	[0, 0]	4	0	[0, 0]	37	753664	0	0	t1@50182:released-and-isolated
F4-rot-both	N3-iso-recompute	OOOMFMM	O:ok O:ok O:ok M:ok F:ok(F=6,reclaimed=18) M:ok M:ok	ok	same	I-2.1,I-4.8,I-7.4	[0, 0]	4	0	[0, 0]	39	753664	0	0	t1@50182:released-and-isolated
F4-rot-both	N3-iso-recompute	OOOMFMO	O:ok O:ok O:ok M:ok F:ok(F=6,reclaimed=18) M:ok O:ok	ok	same	I-2.1,I-4.8,I-7.4	[0, 0]	4	0	[0, 0]	39	786432	0	0	t1@50182:released-and-isolated
F4-rot-both	N3-iso-recompute	OOOMFOO	O:ok O:ok O:ok M:ok F:ok(F=6,reclaimed=18) O:ok O:ok	ok	same	I-2.1,I-4.8,I-7.4	[0, 0]	4	0	[0, 0]	39	819200	0	0	t1@50182:released-and-isolated
F4-rot-both	N3-iso-recompute	OOOMFOM	O:ok O:ok O:ok M:ok F:ok(F=6,reclaimed=18) O:ok M:ok	ok	same	I-2.1,I-4.8,I-7.4	[0, 0]	4	0	[0, 0]	37	753664	0	0	t1@50182:released-and-isolated
F4-rot-both	N3-iso-recompute	OOOMMFF	O:ok O:ok O:ok M:ok M:ok F:ok(F=6,reclaimed=18) F:noop	ok	same	I-2.1,I-4.8,I-7.4	[0, 0]	4	0	[0, 0]	33	655360	0	0	t1@50182:released-and-isolated
F4-rot-both	N3-iso-recompute	OOOMMFM	O:ok O:ok O:ok M:ok M:ok F:ok(F=6,reclaimed=18) M:ok	ok	same	I-2.1,I-4.8,I-7.4	[0, 0]	4	0	[0, 0]	39	753664	0	0	t1@50182:released-and-isolated
F4-rot-both	N3-iso-recompute	OOOMMFO	O:ok O:ok O:ok M:ok M:ok F:ok(F=6,reclaimed=18) O:ok	ok	same	I-2.1,I-4.8,I-7.4	[0, 0]	4	0	[0, 0]	39	786432	0	0	t1@50182:released-and-isolated
F4-rot-both	N3-iso-recompute	OOOMMMF	O:ok O:ok O:ok M:ok M:ok M:ok F:ok(F=6,reclaimed=18)	ok	same	I-2.1,I-4.8,I-7.4	[0, 0]	4	0	[0, 0]	39	753664	0	0	t1@50182:released-and-isolated
F4-rot-both	N3-iso-recompute	OOOMMMM	O:ok O:ok O:ok M:ok M:ok M:ok M:ok	ok	same	I-2.1,I-4.8,I-7.4	[0, 0]	4	0	[0, 0]	39	753664	0	0	t1@50182:released-and-isolated
F4-rot-both	N3-iso-recompute	OOOMMMO	O:ok O:ok O:ok M:ok M:ok M:ok O:ok	ok	same	I-2.1,I-4.8,I-7.4	[0, 0]	4	0	[0, 0]	39	786432	0	0	t1@50182:released-and-isolated
F4-rot-both	N3-iso-recompute	OOOMMOF	O:ok O:ok O:ok M:ok M:ok O:ok F:ok(F=7,reclaimed=26)	ok	same	-	[0, 0]	4	0	[0, 0]	37	753664	0	0	t1@50182:released-and-isolated
F4-rot-both	N3-iso-recompute	OOOMOFF	O:ok O:ok O:ok M:ok O:ok F:ok(F=7,reclaimed=26) F:noop	ok	same	-	[0, 0]	4	0	[0, 0]	33	688128	0	0	t1@50182:released-and-isolated
F4-rot-both	N3-iso-recompute	OOOMMOO	O:ok O:ok O:ok M:ok M:ok O:ok O:ok	ok	same	I-2.1,I-4.8,I-7.4	[0, 0]	4	0	[0, 0]	39	819200	0	0	t1@50182:released-and-isolated
F4-rot-both	N3-iso-recompute	OOOMMOM	O:ok O:ok O:ok M:ok M:ok O:ok M:ok	ok	same	I-2.1,I-4.8,I-7.4	[0, 0]	4	0	[0, 0]	37	753664	0	0	t1@50182:released-and-isolated
F4-rot-both	N3-iso-recompute	OOOMOFO	O:ok O:ok O:ok M:ok O:ok F:ok(F=7,reclaimed=26) O:ok	ok	same	-	[0, 0]	4	0	[0, 0]	39	819200	0	0	t1@50182:released-and-isolated
F4-rot-both	N3-iso-recompute	OOOMOFM	O:ok O:ok O:ok M:ok O:ok F:ok(F=7,reclaimed=26) M:ok	ok	same	-	[0, 0]	4	0	[0, 0]	37	753664	0	0	t1@50182:released-and-isolated
F4-rot-both	N3-iso-recompute	OOOMOMF	O:ok O:ok O:ok M:ok O:ok M:ok F:ok(F=7,reclaimed=26)	ok	same	-	[0, 0]	4	0	[0, 0]	37	753664	0	0	t1@50182:released-and-isolated
F4-rot-both	N3-iso-recompute	OOOMOMM	O:ok O:ok O:ok M:ok O:ok M:ok M:ok	ok	same	I-2.1,I-4.8,I-7.4	[0, 0]	4	0	[0, 0]	37	753664	0	0	t1@50182:released-and-isolated
F4-rot-both	N3-iso-recompute	OOOMOOF	O:ok O:ok O:ok M:ok O:ok O:ok F:ok(F=8,reclaimed=34)	ok	same	-	[0, 0]	4	0	[0, 0]	41	851968	0	0	t1@50182:released-and-isolated
F4-rot-both	N3-iso-recompute	OOOMOMO	O:ok O:ok O:ok M:ok O:ok M:ok O:ok	ok	same	I-2.1,I-4.8,I-7.4	[0, 0]	4	0	[0, 0]	39	819200	0	0	t1@50182:released-and-isolated
F4-rot-both	N3-iso-recompute	OOOMOOO	O:ok O:ok O:ok M:ok O:ok O:ok O:ok	ok	same	I-2.1,I-4.8,I-7.4	[0, 0]	4	0	[0, 0]	41	884736	0	0	t1@50182:released-and-isolated
F4-rot-both	N3-iso-recompute	OOOMOOM	O:ok O:ok O:ok M:ok O:ok O:ok M:ok	ok	same	I-2.1,I-4.8,I-7.4	[0, 0]	4	0	[0, 0]	41	851968	0	0	t1@50182:released-and-isolated
F4-rot-both	N3-iso-recompute	OOOOFFF	O:ok O:ok O:ok O:ok F:ok(F=7,reclaimed=26) F:noop F:noop	ok	same	-	[2, 2]	4	0	[2, 2]	31	655360	0	0	t1@50182:released-and-isolated
F4-rot-both	N3-iso-recompute	OOOOFFM	O:ok O:ok O:ok O:ok F:ok(F=7,reclaimed=26) F:noop M:ok	ok	same	-	[0, 0]	4	0	[0, 0]	37	753664	0	0	t1@50182:released-and-isolated
F4-rot-both	N3-iso-recompute	OOOOFFO	O:ok O:ok O:ok O:ok F:ok(F=7,reclaimed=26) F:noop O:ok	ok	same	-	[2, 2]	4	0	[2, 2]	37	786432	0	0	t1@50182:released-and-isolated
F4-rot-both	N3-iso-recompute	OOOOFMF	O:ok O:ok O:ok O:ok F:ok(F=7,reclaimed=26) M:ok F:noop	ok	same	-	[0, 0]	4	0	[0, 0]	37	753664	0	0	t1@50182:released-and-isolated
F4-rot-both	N3-iso-recompute	OOOOFMM	O:ok O:ok O:ok O:ok F:ok(F=7,reclaimed=26) M:ok M:ok	ok	same	-	[0, 0]	4	0	[0, 0]	43	851968	0	0	t1@50182:released-and-isolated
F4-rot-both	N3-iso-recompute	OOOOFMO	O:ok O:ok O:ok O:ok F:ok(F=7,reclaimed=26) M:ok O:ok	ok	same	-	[0, 0]	4	0	[0, 0]	43	884736	0	0	t1@50182:released-and-isolated
F4-rot-both	N3-iso-recompute	OOOOFOF	O:ok O:ok O:ok O:ok F:ok(F=7,reclaimed=26) O:ok F:ok(F=8,reclaimed=8)	ok	same	-	[2, 2]	4	0	[2, 2]	41	851968	0	0	t1@50182:released-and-isolated
F4-rot-both	N3-iso-recompute	OOOOFOM	O:ok O:ok O:ok O:ok F:ok(F=7,reclaimed=26) O:ok M:ok	ok	same	-	[0, 0]	4	0	[0, 0]	41	851968	0	0	t1@50182:released-and-isolated
F4-rot-both	N3-iso-recompute	OOOOFOO	O:ok O:ok O:ok O:ok F:ok(F=7,reclaimed=26) O:ok O:ok	ok	same	-	[2, 2]	4	0	[2, 2]	43	917504	0	0	t1@50182:released-and-isolated
F4-rot-both	N3-iso-recompute	OOOOMFF	O:ok O:ok O:ok O:ok M:ok F:ok(F=7,reclaimed=26) F:noop	ok	same	-	[0, 0]	4	0	[0, 0]	37	753664	0	0	t1@50182:released-and-isolated
F4-rot-both	N3-iso-recompute	OOOOMFM	O:ok O:ok O:ok O:ok M:ok F:ok(F=7,reclaimed=26) M:ok	ok	same	-	[0, 0]	4	0	[0, 0]	43	851968	0	0	t1@50182:released-and-isolated
F4-rot-both	N3-iso-recompute	OOOOMFO	O:ok O:ok O:ok O:ok M:ok F:ok(F=7,reclaimed=26) O:ok	ok	same	-	[0, 0]	4	0	[0, 0]	43	884736	0	0	t1@50182:released-and-isolated
F4-rot-both	N3-iso-recompute	OOOOMMF	O:ok O:ok O:ok O:ok M:ok M:ok F:ok(F=7,reclaimed=26)	ok	same	-	[0, 0]	4	0	[0, 0]	43	851968	0	0	t1@50182:released-and-isolated
F4-rot-both	N3-iso-recompute	OOOOMMO	O:ok O:ok O:ok O:ok M:ok M:ok O:ok	ok	same	I-2.1,I-4.8,I-7.4	[0, 0]	4	0	[0, 0]	43	884736	0	0	t1@50182:released-and-isolated
F4-rot-both	N3-iso-recompute	OOOOMOF	O:ok O:ok O:ok O:ok M:ok O:ok F:ok(F=8,reclaimed=34)	ok	same	-	[0, 0]	4	0	[0, 0]	41	851968	0	0	t1@50182:released-and-isolated
F4-rot-both	N3-iso-recompute	OOOOMMM	O:ok O:ok O:ok O:ok M:ok M:ok M:ok	ok	same	I-2.1,I-4.8,I-7.4	[0, 0]	4	0	[0, 0]	43	851968	0	0	t1@50182:released-and-isolated
F4-rot-both	N3-iso-recompute	OOOOOFF	O:ok O:ok O:ok O:ok O:ok F:ok(F=8,reclaimed=34) F:noop	ok	same	-	[2, 2]	4	0	[2, 2]	35	753664	0	0	t1@50182:released-and-isolated
F4-rot-both	N3-iso-recompute	OOOOMOM	O:ok O:ok O:ok O:ok M:ok O:ok M:ok	ok	same	I-2.1,I-4.8,I-7.4	[0, 0]	4	0	[0, 0]	41	851968	0	0	t1@50182:released-and-isolated
F4-rot-both	N3-iso-recompute	OOOOOFM	O:ok O:ok O:ok O:ok O:ok F:ok(F=8,reclaimed=34) M:ok	ok	same	-	[0, 0]	4	0	[0, 0]	41	851968	0	0	t1@50182:released-and-isolated
F4-rot-both	N3-iso-recompute	OOOOMOO	O:ok O:ok O:ok O:ok M:ok O:ok O:ok	ok	same	I-2.1,I-4.8,I-7.4	[0, 0]	4	0	[0, 0]	43	917504	0	0	t1@50182:released-and-isolated
F4-rot-both	N3-iso-recompute	OOOOOFO	O:ok O:ok O:ok O:ok O:ok F:ok(F=8,reclaimed=34) O:ok	ok	same	-	[2, 2]	4	0	[2, 2]	41	884736	0	0	t1@50182:released-and-isolated
F4-rot-both	N3-iso-recompute	OOOOOMF	O:ok O:ok O:ok O:ok O:ok M:ok F:ok(F=8,reclaimed=34)	ok	same	-	[0, 0]	4	0	[0, 0]	41	851968	0	0	t1@50182:released-and-isolated
F4-rot-both	N3-iso-recompute	OOOOOMO	O:ok O:ok O:ok O:ok O:ok M:ok O:ok	ok	same	I-2.1,I-4.8,I-7.4	[0, 0]	4	0	[0, 0]	41	884736	0	0	t1@50182:released-and-isolated
F4-rot-both	N3-iso-recompute	OOOOOMM	O:ok O:ok O:ok O:ok O:ok M:ok M:ok	ok	same	I-2.1,I-4.8,I-7.4	[0, 0]	4	0	[0, 0]	41	851968	0	0	t1@50182:released-and-isolated
F4-rot-both	N3-iso-recompute	OOOOOOF	O:ok O:ok O:ok O:ok O:ok O:ok F:ok(F=9,reclaimed=42)	ok	same	-	[2, 2]	4	0	[2, 2]	41	884736	0	0	t1@50182:released-and-isolated
F4-rot-both	N3-iso-recompute	OOOOOOO	O:ok O:ok O:ok O:ok O:ok O:ok O:ok	ok	same	I-2.1,I-4.8,I-7.4	[2, 2]	4	0	[0, 0]	43	950272	0	0	t1@50182:released-and-isolated
F4-rot-both	N3-iso-recompute	OOOOOOM	O:ok O:ok O:ok O:ok O:ok O:ok M:ok	ok	same	I-2.1,I-4.8,I-7.4	[0, 0]	4	0	[0, 0]	41	884736	0	0	t1@50182:released-and-isolated
