fault	arm	suffix	steps	final_mount	readback	violated	isolated_per_device	isolated_by_check	isolated_at_mount	free_minus_allocatable	check_reads	check_read_bytes	switches	reads_refused	check_events
F6-map-bug-live-instance-table	N3-keep-allocated	OFFFFFF	O:ok F:noop F:noop F:noop F:noop F:noop F:noop	ok	same	-	[0, 0]	0	0	[0, 0]	7	163840	0	0	t1@50304:record-kept-allocated
F6-map-bug-live-instance-table	N3-keep-allocated	OFFFFMF	O:ok F:noop F:noop F:noop F:noop M:ok F:noop	ok	same	-	[0, 0]	0	0	[0, 0]	13	262144	0	0	t1@50304:record-kept-allocated
F6-map-bug-live-instance-table	N3-keep-allocated	OFFFFFO	O:ok F:noop F:noop F:noop F:noop F:noop O:ok	ok	same	-	[0, 0]	0	0	[0, 0]	13	294912	0	0	t1@50304:record-kept-allocated
F6-map-bug-live-instance-table	N3-keep-allocated	OFFFFFM	O:ok F:noop F:noop F:noop F:noop F:noop M:ok	ok	same	-	[0, 0]	0	0	[0, 0]	13	262144	0	0	t1@50304:record-kept-allocated
F6-map-bug-live-instance-table	N3-keep-allocated	OFFFFOF	O:ok F:noop F:noop F:noop F:noop O:ok F:ok(F=3,reclaimed=1)	ok	same	-	[0, 0]	0	0	[0, 0]	17	360448	0	0	t1@50304:record-kept-allocated
F6-map-bug-live-instance-table	N3-keep-allocated	OFFFFMM	O:ok F:noop F:noop F:noop F:noop M:ok M:ok	ok	same	-	[0, 0]	0	0	[0, 0]	19	360448	0	0	t1@50304:record-kept-allocated
F6-map-bug-live-instance-table	N3-keep-allocated	OFFFFMO	O:ok F:noop F:noop F:noop F:noop M:ok O:ok	ok	same	-	[0, 0]	0	0	[0, 0]	19	393216	0	0	t1@50304:record-kept-allocated
F6-map-bug-live-instance-table	N3-keep-allocated	OFFFFOM	O:ok F:noop F:noop F:noop F:noop O:ok M:ok	ok	same	-	[0, 0]	0	0	[0, 0]	17	360448	0	0	t1@50304:record-kept-allocated
F6-map-bug-live-instance-table	N3-keep-allocated	OFFFFOO	O:ok F:noop F:noop F:noop F:noop O:ok O:ok	ok	same	-	[0, 0]	0	0	[0, 0]	19	425984	0	0	t1@50304:record-kept-allocated
F6-map-bug-live-instance-table	N3-keep-allocated	OFFFMFF	O:ok F:noop F:noop F:noop M:ok F:noop F:noop	ok	same	-	[0, 0]	0	0	[0, 0]	13	262144	0	0	t1@50304:record-kept-allocated
F6-map-bug-live-instance-table	N3-keep-allocated	OFFFMFM	O:ok F:noop F:noop F:noop M:ok F:noop M:ok	ok	same	-	[0, 0]	0	0	[0, 0]	19	360448	0	0	t1@50304:record-kept-allocated
F6-map-bug-live-instance-table	N3-keep-allocated	OFFFMFO	O:ok F:noop F:noop F:noop M:ok F:noop O:ok	ok	same	-	[0, 0]	0	0	[0, 0]	19	393216	0	0	t1@50304:record-kept-allocated
F6-map-bug-live-instance-table	N3-keep-allocated	OFFFMMF	O:ok F:noop F:noop F:noop M:ok M:ok F:noop	ok	same	-	[0, 0]	0	0	[0, 0]	19	360448	0	0	t1@50304:record-kept-allocated
F6-map-bug-live-instance-table	N3-keep-allocated	OFFFMMM	O:ok F:noop F:noop F:noop M:ok M:ok M:ok	ok	same	-	[0, 0]	0	0	[0, 0]	25	458752	0	0	t1@50304:record-kept-allocated
F6-map-bug-live-instance-table	N3-keep-allocated	OFFFMOO	O:ok F:noop F:noop F:noop M:ok O:ok O:ok	ok	same	-	[0, 0]	0	0	[0, 0]	25	524288	0	0	t1@50304:record-kept-allocated
F6-map-bug-live-instance-table	N3-keep-allocated	OFFFMOF	O:ok F:noop F:noop F:noop M:ok O:ok F:ok(F=3,reclaimed=1)	ok	same	-	[0, 0]	0	0	[0, 0]	23	458752	0	0	t1@50304:record-kept-allocated
F6-map-bug-live-instance-table	N3-keep-allocated	OFFFMOM	O:ok F:noop F:noop F:noop M:ok O:ok M:ok	ok	same	-	[0, 0]	0	0	[0, 0]	23	458752	0	0	t1@50304:record-kept-allocated
F6-map-bug-live-instance-table	N3-keep-allocated	OFFFMMO	O:ok F:noop F:noop F:noop M:ok M:ok O:ok	ok	same	-	[0, 0]	0	0	[0, 0]	25	491520	0	0	t1@50304:record-kept-allocated
F6-map-bug-live-instance-table	N3-keep-allocated	OFFFOFF	O:ok F:noop F:noop F:noop O:ok F:ok(F=3,reclaimed=1) F:noop	ok	same	-	[0, 0]	0	0	[0, 0]	17	360448	0	0	t1@50304:record-kept-allocated
F6-map-bug-live-instance-table	N3-keep-allocated	OFFFOFO	O:ok F:noop F:noop F:noop O:ok F:ok(F=3,reclaimed=1) O:ok	ok	same	-	[0, 0]	0	0	[0, 0]	23	491520	0	0	t1@50304:record-kept-allocated
F6-map-bug-live-instance-table	N3-keep-allocated	OFFFOFM	O:ok F:noop F:noop F:noop O:ok F:ok(F=3,reclaimed=1) M:ok	ok	same	-	[0, 0]	0	0	[0, 0]	23	458752	0	0	t1@50304:record-kept-allocated
F6-map-bug-live-instance-table	N3-keep-allocated	OFFFOMF	O:ok F:noop F:noop F:noop O:ok M:ok F:ok(F=3,reclaimed=1)	ok	same	-	[0, 0]	0	0	[0, 0]	23	458752	0	0	t1@50304:record-kept-allocated
F6-map-bug-live-instance-table	N3-keep-allocated	OFFFOOF	O:ok F:noop F:noop F:noop O:ok O:ok F:ok(F=6,reclaimed=18)	ok	same	-	[0, 0]	0	0	[0, 0]	23	491520	0	0	t1@50304:record-kept-allocated
F6-map-bug-live-instance-table	N3-keep-allocated	OFFFOOM	O:ok F:noop F:noop F:noop O:ok O:ok M:ok	ok	same	-	[0, 0]	0	0	[0, 0]	23	491520	0	0	t1@50304:record-kept-allocated
F6-map-bug-live-instance-table	N3-keep-allocated	OFFFOMO	O:ok F:noop F:noop F:noop O:ok M:ok O:ok	ok	same	-	[0, 0]	0	0	[0, 0]	23	491520	0	0	t1@50304:record-kept-allocated
F6-map-bug-live-instance-table	N3-keep-allocated	OFFFOMM	O:ok F:noop F:noop F:noop O:ok M:ok M:ok	ok	same	-	[0, 0]	0	0	[0, 0]	23	458752	0	0	t1@50304:record-kept-allocated
F6-map-bug-live-instance-table	N3-keep-allocated	OFFFOOO	O:ok F:noop F:noop F:noop O:ok O:ok O:ok	ok	same	-	[0, 0]	0	0	[0, 0]	25	557056	0	0	t1@50304:record-kept-allocated
F6-map-bug-live-instance-table	N3-keep-allocated	OFFMFFF	O:ok F:noop F:noop M:ok F:noop F:noop F:noop	ok	same	-	[0, 0]	0	0	[0, 0]	13	262144	0	0	t1@50304:record-kept-allocated
F6-map-bug-live-instance-table	N3-keep-allocated	OFFMFFO	O:ok F:noop F:noop M:ok F:noop F:noop O:ok	ok	same	-	[0, 0]	0	0	[0, 0]	19	393216	0	0	t1@50304:record-kept-allocated
F6-map-bug-live-instance-table	N3-keep-allocated	OFFMFFM	O:ok F:noop F:noop M:ok F:noop F:noop M:ok	ok	same	-	[0, 0]	0	0	[0, 0]	19	360448	0	0	t1@50304:record-kept-allocated
F6-map-bug-live-instance-table	N3-keep-allocated	OFFMFMF	O:ok F:noop F:noop M:ok F:noop M:ok F:noop	ok	same	-	[0, 0]	0	0	[0, 0]	19	360448	0	0	t1@50304:record-kept-allocated
F6-map-bug-live-instance-table	N3-keep-allocated	OFFMFOF	O:ok F:noop F:noop M:ok F:noop O:ok F:ok(F=3,reclaimed=1)	ok	same	-	[0, 0]	0	0	[0, 0]	23	458752	0	0	t1@50304:record-kept-allocated
F6-map-bug-live-instance-table	N3-keep-allocated	OFFMFMO	O:ok F:noop F:noop M:ok F:noop M:ok O:ok	ok	same	-	[0, 0]	0	0	[0, 0]	25	491520	0	0	t1@50304:record-kept-allocated
F6-map-bug-live-instance-table	N3-keep-allocated	OFFMFOM	O:ok F:noop F:noop M:ok F:noop O:ok M:ok	ok	same	-	[0, 0]	0	0	[0, 0]	23	458752	0	0	t1@50304:record-kept-allocated
F6-map-bug-live-instance-table	N3-keep-allocated	OFFMFMM	O:ok F:noop F:noop M:ok F:noop M:ok M:ok	ok	same	-	[0, 0]	0	0	[0, 0]	25	458752	0	0	t1@50304:record-kept-allocated
F6-map-bug-live-instance-table	N3-keep-allocated	OFFMFOO	O:ok F:noop F:noop M:ok F:noop O:ok O:ok	ok	same	-	[0, 0]	0	0	[0, 0]	25	524288	0	0	t1@50304:record-kept-allocated
F6-map-bug-live-instance-table	N3-keep-allocated	OFFMMFM	O:ok F:noop F:noop M:ok M:ok F:noop M:ok	ok	same	-	[0, 0]	0	0	[0, 0]	25	458752	0	0	t1@50304:record-kept-allocated
F6-map-bug-live-instance-table	N3-keep-allocated	OFFMMFF	O:ok F:noop F:noop M:ok M:ok F:noop F:noop	ok	same	-	[0, 0]	0	0	[0, 0]	19	360448	0	0	t1@50304:record-kept-allocated
F6-map-bug-live-instance-table	N3-keep-allocated	OFFMMFO	O:ok F:noop F:noop M:ok M:ok F:noop O:ok	ok	same	-	[0, 0]	0	0	[0, 0]	25	491520	0	0	t1@50304:record-kept-allocated
F6-map-bug-live-instance-table	N3-keep-allocated	OFFMMMF	O:ok F:noop F:noop M:ok M:ok M:ok F:noop	ok	same	-	[0, 0]	0	0	[0, 0]	25	458752	0	0	t1@50304:record-kept-allocated
F6-map-bug-live-instance-table	N3-keep-allocated	OFFMMMO	O:ok F:noop F:noop M:ok M:ok M:ok O:ok	ok	same	-	[0, 0]	0	0	[0, 0]	31	589824	0	0	t1@50304:record-kept-allocated
F6-map-bug-live-instance-table	N3-keep-allocated	OFFMMMM	O:ok F:noop F:noop M:ok M:ok M:ok M:ok	ok	same	-	[0, 0]	0	0	[0, 0]	31	557056	0	0	t1@50304:record-kept-allocated
F6-map-bug-live-instance-table	N3-keep-allocated	OFFMMOF	O:ok F:noop F:noop M:ok M:ok O:ok F:ok(F=3,reclaimed=1)	ok	same	-	[0, 0]	0	0	[0, 0]	29	557056	0	0	t1@50304:record-kept-allocated
F6-map-bug-live-instance-table	N3-keep-allocated	OFFMOFF	O:ok F:noop F:noop M:ok O:ok F:ok(F=3,reclaimed=1) F:noop	ok	same	-	[0, 0]	0	0	[0, 0]	23	458752	0	0	t1@50304:record-kept-allocated
F6-map-bug-live-instance-table	N3-keep-allocated	OFFMMOO	O:ok F:noop F:noop M:ok M:ok O:ok O:ok	ok	same	-	[0, 0]	0	0	[0, 0]	31	622592	0	0	t1@50304:record-kept-allocated
F6-map-bug-live-instance-table	N3-keep-allocated	OFFMMOM	O:ok F:noop F:noop M:ok M:ok O:ok M:ok	ok	same	-	[0, 0]	0	0	[0, 0]	29	557056	0	0	t1@50304:record-kept-allocated
F6-map-bug-live-instance-table	N3-keep-allocated	OFFMOFM	O:ok F:noop F:noop M:ok O:ok F:ok(F=3,reclaimed=1) M:ok	ok	same	-	[0, 0]	0	0	[0, 0]	29	557056	0	0	t1@50304:record-kept-allocated
F6-map-bug-live-instance-table	N3-keep-allocated	OFFMOFO	O:ok F:noop F:noop M:ok O:ok F:ok(F=3,reclaimed=1) O:ok	ok	same	-	[0, 0]	0	0	[0, 0]	29	589824	0	0	t1@50304:record-kept-allocated
F6-map-bug-live-instance-table	N3-keep-allocated	OFFMOMF	O:ok F:noop F:noop M:ok O:ok M:ok F:ok(F=3,reclaimed=1)	ok	same	-	[0, 0]	0	0	[0, 0]	29	557056	0	0	t1@50304:record-kept-allocated
F6-map-bug-live-instance-table	N3-keep-allocated	OFFMOMM	O:ok F:noop F:noop M:ok O:ok M:ok M:ok	ok	same	-	[0, 0]	0	0	[0, 0]	29	557056	0	0	t1@50304:record-kept-allocated
F6-map-bug-live-instance-table	N3-keep-allocated	OFFMOMO	O:ok F:noop F:noop M:ok O:ok M:ok O:ok	ok	same	-	[0, 0]	0	0	[0, 0]	29	589824	0	0	t1@50304:record-kept-allocated
F6-map-bug-live-instance-table	N3-keep-allocated	OFFMOOF	O:ok F:noop F:noop M:ok O:ok O:ok F:ok(F=6,reclaimed=18)	ok	same	-	[0, 0]	0	0	[0, 0]	29	589824	0	0	t1@50304:record-kept-allocated
F6-map-bug-live-instance-table	N3-keep-allocated	OFFMOOM	O:ok F:noop F:noop M:ok O:ok O:ok M:ok	ok	same	-	[0, 0]	0	0	[0, 0]	29	589824	0	0	t1@50304:record-kept-allocated
F6-map-bug-live-instance-table	N3-keep-allocated	OFFMOOO	O:ok F:noop F:noop M:ok O:ok O:ok O:ok	ok	same	-	[0, 0]	0	0	[0, 0]	31	655360	0	0	t1@50304:record-kept-allocated
F6-map-bug-live-instance-table	N3-keep-allocated	OFFOFFF	O:ok F:noop F:noop O:ok F:ok(F=3,reclaimed=1) F:noop F:noop	ok	same	-	[0, 0]	0	0	[0, 0]	17	360448	0	0	t1@50304:record-kept-allocated
F6-map-bug-live-instance-table	N3-keep-allocated	OFFOFMF	O:ok F:noop F:noop O:ok F:ok(F=3,reclaimed=1) M:ok F:noop	ok	same	-	[0, 0]	0	0	[0, 0]	23	458752	0	0	t1@50304:record-kept-allocated
F6-map-bug-live-instance-table	N3-keep-allocated	OFFOFFO	O:ok F:noop F:noop O:ok F:ok(F=3,reclaimed=1) F:noop O:ok	ok	same	-	[0, 0]	0	0	[0, 0]	23	491520	0	0	t1@50304:record-kept-allocated
F6-map-bug-live-instance-table	N3-keep-allocated	OFFOFFM	O:ok F:noop F:noop O:ok F:ok(F=3,reclaimed=1) F:noop M:ok	ok	same	-	[0, 0]	0	0	[0, 0]	23	458752	0	0	t1@50304:record-kept-allocated
F6-map-bug-live-instance-table	N3-keep-allocated	OFFOFMM	O:ok F:noop F:noop O:ok F:ok(F=3,reclaimed=1) M:ok M:ok	ok	same	-	[0, 0]	0	0	[0, 0]	29	557056	0	0	t1@50304:record-kept-allocated
F6-map-bug-live-instance-table	N3-keep-allocated	OFFOFOF	O:ok F:noop F:noop O:ok F:ok(F=3,reclaimed=1) O:ok F:ok(F=6,reclaimed=17)	ok	same	-	[0, 0]	0	0	[0, 0]	27	557056	0	0	t1@50304:record-kept-allocated
F6-map-bug-live-instance-table	N3-keep-allocated	OFFOFMO	O:ok F:noop F:noop O:ok F:ok(F=3,reclaimed=1) M:ok O:ok	ok	same	-	[0, 0]	0	0	[0, 0]	29	589824	0	0	t1@50304:record-kept-allocated
F6-map-bug-live-instance-table	N3-keep-allocated	OFFOFOM	O:ok F:noop F:noop O:ok F:ok(F=3,reclaimed=1) O:ok M:ok	ok	same	-	[0, 0]	0	0	[0, 0]	27	557056	0	0	t1@50304:record-kept-allocated
F6-map-bug-live-instance-table	N3-keep-allocated	OFFOFOO	O:ok F:noop F:noop O:ok F:ok(F=3,reclaimed=1) O:ok O:ok	ok	same	-	[0, 0]	0	0	[0, 0]	29	622592	0	0	t1@50304:record-kept-allocated
F6-map-bug-live-instance-table	N3-keep-allocated	OFFOMFF	O:ok F:noop F:noop O:ok M:ok F:ok(F=3,reclaimed=1) F:noop	ok	same	-	[0, 0]	0	0	[0, 0]	23	458752	0	0	t1@50304:record-kept-allocated
F6-map-bug-live-instance-table	N3-keep-allocated	OFFOMFM	O:ok F:noop F:noop O:ok M:ok F:ok(F=3,reclaimed=1) M:ok	ok	same	-	[0, 0]	0	0	[0, 0]	29	557056	0	0	t1@50304:record-kept-allocated
F6-map-bug-live-instance-table	N3-keep-allocated	OFFOMFO	O:ok F:noop F:noop O:ok M:ok F:ok(F=3,reclaimed=1) O:ok	ok	same	-	[0, 0]	0	0	[0, 0]	29	589824	0	0	t1@50304:record-kept-allocated
F6-map-bug-live-instance-table	N3-keep-allocated	OFFOMMF	O:ok F:noop F:noop O:ok M:ok M:ok F:ok(F=3,reclaimed=1)	ok	same	-	[0, 0]	0	0	[0, 0]	29	557056	0	0	t1@50304:record-kept-allocated
F6-map-bug-live-instance-table	N3-keep-allocated	OFFOMOF	O:ok F:noop F:noop O:ok M:ok O:ok F:ok(F=6,reclaimed=18)	ok	same	-	[0, 0]	0	0	[0, 0]	27	557056	0	0	t1@50304:record-kept-allocated
F6-map-bug-live-instance-table	N3-keep-allocated	OFFOMOM	O:ok F:noop F:noop O:ok M:ok O:ok M:ok	ok	same	-	[0, 0]	0	0	[0, 0]	27	557056	0	0	t1@50304:record-kept-allocated
F6-map-bug-live-instance-table	N3-keep-allocated	OFFOMMO	O:ok F:noop F:noop O:ok M:ok M:ok O:ok	ok	same	-	[0, 0]	0	0	[0, 0]	29	589824	0	0	t1@50304:record-kept-allocated
F6-map-bug-live-instance-table	N3-keep-allocated	OFFOMMM	O:ok F:noop F:noop O:ok M:ok M:ok M:ok	ok	same	-	[0, 0]	0	0	[0, 0]	29	557056	0	0	t1@50304:record-kept-allocated
F6-map-bug-live-instance-table	N3-keep-allocated	OFFOMOO	O:ok F:noop F:noop O:ok M:ok O:ok O:ok	ok	same	-	[0, 0]	0	0	[0, 0]	29	622592	0	0	t1@50304:record-kept-allocated
F6-map-bug-live-instance-table	N3-keep-allocated	OFFOOFF	O:ok F:noop F:noop O:ok O:ok F:ok(F=6,reclaimed=18) F:noop	ok	same	-	[0, 0]	0	0	[0, 0]	23	491520	0	0	t1@50304:record-kept-allocated
F6-map-bug-live-instance-table	N3-keep-allocated	OFFOOFO	O:ok F:noop F:noop O:ok O:ok F:ok(F=6,reclaimed=18) O:ok	ok	same	-	[0, 0]	0	0	[0, 0]	29	622592	0	0	t1@50304:record-kept-allocated
F6-map-bug-live-instance-table	N3-keep-allocated	OFFOOFM	O:ok F:noop F:noop O:ok O:ok F:ok(F=6,reclaimed=18) M:ok	ok	same	-	[0, 0]	0	0	[0, 0]	27	557056	0	0	t1@50304:record-kept-allocated
F6-map-bug-live-instance-table	N3-keep-allocated	OFFOOMF	O:ok F:noop F:noop O:ok O:ok M:ok F:ok(F=6,reclaimed=18)	ok	same	-	[0, 0]	0	0	[0, 0]	27	557056	0	0	t1@50304:record-kept-allocated
F6-map-bug-live-instance-table	N3-keep-allocated	OFFOOOF	O:ok F:noop F:noop O:ok O:ok O:ok F:ok(F=7,reclaimed=25)	ok	same	I-3.1	[0, 0]	0	0	[0, 0]	31	655360	0	0	t1@50304:record-kept-allocated
F6-map-bug-live-instance-table	N3-keep-allocated	OFFOOMO	O:ok F:noop F:noop O:ok O:ok M:ok O:ok	ok	same	-	[0, 0]	0	0	[0, 0]	29	622592	0	0	t1@50304:record-kept-allocated
F6-map-bug-live-instance-table	N3-keep-allocated	OFFOOMM	O:ok F:noop F:noop O:ok O:ok M:ok M:ok	ok	same	-	[0, 0]	0	0	[0, 0]	27	557056	0	0	t1@50304:record-kept-allocated
F6-map-bug-live-instance-table	N3-keep-allocated	OFFOOOM	O:ok F:noop F:noop O:ok O:ok O:ok M:ok	ok	same	-	[0, 0]	0	0	[0, 0]	31	655360	0	0	t1@50304:record-kept-allocated
F6-map-bug-live-instance-table	N3-keep-allocated	OFFOOOO	O:ok F:noop F:noop O:ok O:ok O:ok O:ok	ok	same	-	[0, 0]	0	0	[0, 0]	31	688128	0	0	t1@50304:record-kept-allocated
F6-map-bug-live-instance-table	N3-keep-allocated	OFMFFFF	O:ok F:noop M:ok F:noop F:noop F:noop F:noop	ok	same	-	[0, 0]	0	0	[0, 0]	13	262144	0	0	t1@50304:record-kept-allocated
F6-map-bug-live-instance-table	N3-keep-allocated	OFMFFFM	O:ok F:noop M:ok F:noop F:noop F:noop M:ok	ok	same	-	[0, 0]	0	0	[0, 0]	19	360448	0	0	t1@50304:record-kept-allocated
F6-map-bug-live-instance-table	N3-keep-allocated	OFMFFFO	O:ok F:noop M:ok F:noop F:noop F:noop O:ok	ok	same	-	[0, 0]	0	0	[0, 0]	19	393216	0	0	t1@50304:record-kept-allocated
F6-map-bug-live-instance-table	N3-keep-allocated	OFMFFMF	O:ok F:noop M:ok F:noop F:noop M:ok F:noop	ok	same	-	[0, 0]	0	0	[0, 0]	19	360448	0	0	t1@50304:record-kept-allocated
F6-map-bug-live-instance-table	N3-keep-allocated	OFMFFMM	O:ok F:noop M:ok F:noop F:noop M:ok M:ok	ok	same	-	[0, 0]	0	0	[0, 0]	25	458752	0	0	t1@50304:record-kept-allocated
F6-map-bug-live-instance-table	N3-keep-allocated	OFMFFOO	O:ok F:noop M:ok F:noop F:noop O:ok O:ok	ok	same	-	[0, 0]	0	0	[0, 0]	25	524288	0	0	t1@50304:record-kept-allocated
F6-map-bug-live-instance-table	N3-keep-allocated	OFMFFOM	O:ok F:noop M:ok F:noop F:noop O:ok M:ok	ok	same	-	[0, 0]	0	0	[0, 0]	23	458752	0	0	t1@50304:record-kept-allocated
F6-map-bug-live-instance-table	N3-keep-allocated	OFMFFOF	O:ok F:noop M:ok F:noop F:noop O:ok F:ok(F=3,reclaimed=1)	ok	same	-	[0, 0]	0	0	[0, 0]	23	458752	0	0	t1@50304:record-kept-allocated
F6-map-bug-live-instance-table	N3-keep-allocated	OFMFFMO	O:ok F:noop M:ok F:noop F:noop M:ok O:ok	ok	same	-	[0, 0]	0	0	[0, 0]	25	491520	0	0	t1@50304:record-kept-allocated
F6-map-bug-live-instance-table	N3-keep-allocated	OFMFMFO	O:ok F:noop M:ok F:noop M:ok F:noop O:ok	ok	same	-	[0, 0]	0	0	[0, 0]	25	491520	0	0	t1@50304:record-kept-allocated
F6-map-bug-live-instance-table	N3-keep-allocated	OFMFMFF	O:ok F:noop M:ok F:noop M:ok F:noop F:noop	ok	same	-	[0, 0]	0	0	[0, 0]	19	360448	0	0	t1@50304:record-kept-allocated
F6-map-bug-live-instance-table	N3-keep-allocated	OFMFMFM	O:ok F:noop M:ok F:noop M:ok F:noop M:ok	ok	same	-	[0, 0]	0	0	[0, 0]	25	458752	0	0	t1@50304:record-kept-allocated
F6-map-bug-live-instance-table	N3-keep-allocated	OFMFMMF	O:ok F:noop M:ok F:noop M:ok M:ok F:noop	ok	same	-	[0, 0]	0	0	[0, 0]	25	458752	0	0	t1@50304:record-kept-allocated
F6-map-bug-live-instance-table	N3-keep-allocated	OFMFMOF	O:ok F:noop M:ok F:noop M:ok O:ok F:ok(F=3,reclaimed=1)	ok	same	-	[0, 0]	0	0	[0, 0]	29	557056	0	0	t1@50304:record-kept-allocated
F6-map-bug-live-instance-table	N3-keep-allocated	OFMFMMM	O:ok F:noop M:ok F:noop M:ok M:ok M:ok	ok	same	-	[0, 0]	0	0	[0, 0]	31	557056	0	0	t1@50304:record-kept-allocated
F6-map-bug-live-instance-table	N3-keep-allocated	OFMFMOM	O:ok F:noop M:ok F:noop M:ok O:ok M:ok	ok	same	-	[0, 0]	0	0	[0, 0]	29	557056	0	0	t1@50304:record-kept-allocated
F6-map-bug-live-instance-table	N3-keep-allocated	OFMFMMO	O:ok F:noop M:ok F:noop M:ok M:ok O:ok	ok	same	-	[0, 0]	0	0	[0, 0]	31	589824	0	0	t1@50304:record-kept-allocated
F6-map-bug-live-instance-table	N3-keep-allocated	OFMFOFF	O:ok F:noop M:ok F:noop O:ok F:ok(F=3,reclaimed=1) F:noop	ok	same	-	[0, 0]	0	0	[0, 0]	23	458752	0	0	t1@50304:record-kept-allocated
F6-map-bug-live-instance-table	N3-keep-allocated	OFMFOFO	O:ok F:noop M:ok F:noop O:ok F:ok(F=3,reclaimed=1) O:ok	ok	same	-	[0, 0]	0	0	[0, 0]	29	589824	0	0	t1@50304:record-kept-allocated
F6-map-bug-live-instance-table	N3-keep-allocated	OFMFMOO	O:ok F:noop M:ok F:noop M:ok O:ok O:ok	ok	same	-	[0, 0]	0	0	[0, 0]	31	622592	0	0	t1@50304:record-kept-allocated
F6-map-bug-live-instance-table	N3-keep-allocated	OFMFOFM	O:ok F:noop M:ok F:noop O:ok F:ok(F=3,reclaimed=1) M:ok	ok	same	-	[0, 0]	0	0	[0, 0]	29	557056	0	0	t1@50304:record-kept-allocated
F6-map-bug-live-instance-table	N3-keep-allocated	OFMFOMF	O:ok F:noop M:ok F:noop O:ok M:ok F:ok(F=3,reclaimed=1)	ok	same	-	[0, 0]	0	0	[0, 0]	29	557056	0	0	t1@50304:record-kept-allocated
F6-map-bug-live-instance-table	N3-keep-allocated	OFMFOOF	O:ok F:noop M:ok F:noop O:ok O:ok F:ok(F=6,reclaimed=18)	ok	same	-	[0, 0]	0	0	[0, 0]	29	589824	0	0	t1@50304:record-kept-allocated
F6-map-bug-live-instance-table	N3-keep-allocated	OFMFOOM	O:ok F:noop M:ok F:noop O:ok O:ok M:ok	ok	same	-	[0, 0]	0	0	[0, 0]	29	589824	0	0	t1@50304:record-kept-allocated
F6-map-bug-live-instance-table	N3-keep-allocated	OFMFOMO	O:ok F:noop M:ok F:noop O:ok M:ok O:ok	ok	same	-	[0, 0]	0	0	[0, 0]	29	589824	0	0	t1@50304:record-kept-allocated
F6-map-bug-live-instance-table	N3-keep-allocated	OFMFOMM	O:ok F:noop M:ok F:noop O:ok M:ok M:ok	ok	same	-	[0, 0]	0	0	[0, 0]	29	557056	0	0	t1@50304:record-kept-allocated
F6-map-bug-live-instance-table	N3-keep-allocated	OFMMFFO	O:ok F:noop M:ok M:ok F:noop F:noop O:ok	ok	same	-	[0, 0]	0	0	[0, 0]	25	491520	0	0	t1@50304:record-kept-allocated
F6-map-bug-live-instance-table	N3-keep-allocated	OFMFOOO	O:ok F:noop M:ok F:noop O:ok O:ok O:ok	ok	same	-	[0, 0]	0	0	[0, 0]	31	655360	0	0	t1@50304:record-kept-allocated
F6-map-bug-live-instance-table	N3-keep-allocated	OFMMFFF	O:ok F:noop M:ok M:ok F:noop F:noop F:noop	ok	same	-	[0, 0]	0	0	[0, 0]	19	360448	0	0	t1@50304:record-kept-allocated
F6-map-bug-live-instance-table	N3-keep-allocated	OFMMFFM	O:ok F:noop M:ok M:ok F:noop F:noop M:ok	ok	same	-	[0, 0]	0	0	[0, 0]	25	458752	0	0	t1@50304:record-kept-allocated
F6-map-bug-live-instance-table	N3-keep-allocated	OFMMFMF	O:ok F:noop M:ok M:ok F:noop M:ok F:noop	ok	same	-	[0, 0]	0	0	[0, 0]	25	458752	0	0	t1@50304:record-kept-allocated
F6-map-bug-live-instance-table	N3-keep-allocated	OFMMFMO	O:ok F:noop M:ok M:ok F:noop M:ok O:ok	ok	same	-	[0, 0]	0	0	[0, 0]	31	589824	0	0	t1@50304:record-kept-allocated
F6-map-bug-live-instance-table	N3-keep-allocated	OFMMFMM	O:ok F:noop M:ok M:ok F:noop M:ok M:ok	ok	same	-	[0, 0]	0	0	[0, 0]	31	557056	0	0	t1@50304:record-kept-allocated
F6-map-bug-live-instance-table	N3-keep-allocated	OFMMFOO	O:ok F:noop M:ok M:ok F:noop O:ok O:ok	ok	same	-	[0, 0]	0	0	[0, 0]	31	622592	0	0	t1@50304:record-kept-allocated
F6-map-bug-live-instance-table	N3-keep-allocated	OFMMMFF	O:ok F:noop M:ok M:ok M:ok F:noop F:noop	ok	same	-	[0, 0]	0	0	[0, 0]	25	458752	0	0	t1@50304:record-kept-allocated
F6-map-bug-live-instance-table	N3-keep-allocated	OFMMFOF	O:ok F:noop M:ok M:ok F:noop O:ok F:ok(F=3,reclaimed=1)	ok	same	-	[0, 0]	0	0	[0, 0]	29	557056	0	0	t1@50304:record-kept-allocated
F6-map-bug-live-instance-table	N3-keep-allocated	OFMMFOM	O:ok F:noop M:ok M:ok F:noop O:ok M:ok	ok	same	-	[0, 0]	0	0	[0, 0]	29	557056	0	0	t1@50304:record-kept-allocated
F6-map-bug-live-instance-table	N3-keep-allocated	OFMMMFO	O:ok F:noop M:ok M:ok M:ok F:noop O:ok	ok	same	-	[0, 0]	0	0	[0, 0]	31	589824	0	0	t1@50304:record-kept-allocated
F6-map-bug-live-instance-table	N3-keep-allocated	OFMMMFM	O:ok F:noop M:ok M:ok M:ok F:noop M:ok	ok	same	-	[0, 0]	0	0	[0, 0]	31	557056	0	0	t1@50304:record-kept-allocated
F6-map-bug-live-instance-table	N3-keep-allocated	OFMMMMM	O:ok F:noop M:ok M:ok M:ok M:ok M:ok	ok	same	-	[0, 0]	0	0	[0, 0]	37	655360	0	0	t1@50304:record-kept-allocated
F6-map-bug-live-instance-table	N3-keep-allocated	OFMMMMF	O:ok F:noop M:ok M:ok M:ok M:ok F:noop	ok	same	-	[0, 0]	0	0	[0, 0]	31	557056	0	0	t1@50304:record-kept-allocated
F6-map-bug-live-instance-table	N3-keep-allocated	OFMMMOF	O:ok F:noop M:ok M:ok M:ok O:ok F:ok(F=3,reclaimed=1)	ok	same	-	[0, 0]	0	0	[0, 0]	35	655360	0	0	t1@50304:record-kept-allocated
F6-map-bug-live-instance-table	N3-keep-allocated	OFMMMOO	O:ok F:noop M:ok M:ok M:ok O:ok O:ok	ok	same	-	[0, 0]	0	0	[0, 0]	37	720896	0	0	t1@50304:record-kept-allocated
F6-map-bug-live-instance-table	N3-keep-allocated	OFMMMMO	O:ok F:noop M:ok M:ok M:ok M:ok O:ok	ok	same	-	[0, 0]	0	0	[0, 0]	37	688128	0	0	t1@50304:record-kept-allocated
F6-map-bug-live-instance-table	N3-keep-allocated	OFMMMOM	O:ok F:noop M:ok M:ok M:ok O:ok M:ok	ok	same	-	[0, 0]	0	0	[0, 0]	35	655360	0	0	t1@50304:record-kept-allocated
F6-map-bug-live-instance-table	N3-keep-allocated	OFMMOFF	O:ok F:noop M:ok M:ok O:ok F:ok(F=3,reclaimed=1) F:noop	ok	same	-	[0, 0]	0	0	[0, 0]	29	557056	0	0	t1@50304:record-kept-allocated
F6-map-bug-live-instance-table	N3-keep-allocated	OFMMOFO	O:ok F:noop M:ok M:ok O:ok F:ok(F=3,reclaimed=1) O:ok	ok	same	-	[0, 0]	0	0	[0, 0]	35	688128	0	0	t1@50304:record-kept-allocated
F6-map-bug-live-instance-table	N3-keep-allocated	OFMMOFM	O:ok F:noop M:ok M:ok O:ok F:ok(F=3,reclaimed=1) M:ok	ok	same	-	[0, 0]	0	0	[0, 0]	35	655360	0	0	t1@50304:record-kept-allocated
F6-map-bug-live-instance-table	N3-keep-allocated	OFMMOMF	O:ok F:noop M:ok M:ok O:ok M:ok F:ok(F=3,reclaimed=1)	ok	same	-	[0, 0]	0	0	[0, 0]	35	655360	0	0	t1@50304:record-kept-allocated
F6-map-bug-live-instance-table	N3-keep-allocated	OFMMOOF	O:ok F:noop M:ok M:ok O:ok O:ok F:ok(F=6,reclaimed=18)	ok	same	-	[0, 0]	0	0	[0, 0]	35	688128	0	0	t1@50304:record-kept-allocated
F6-map-bug-live-instance-table	N3-keep-allocated	OFMMOMO	O:ok F:noop M:ok M:ok O:ok M:ok O:ok	ok	same	-	[0, 0]	0	0	[0, 0]	35	688128	0	0	t1@50304:record-kept-allocated
F6-map-bug-live-instance-table	N3-keep-allocated	OFMMOOM	O:ok F:noop M:ok M:ok O:ok O:ok M:ok	ok	same	-	[0, 0]	0	0	[0, 0]	35	688128	0	0	t1@50304:record-kept-allocated
F6-map-bug-live-instance-table	N3-keep-allocated	OFMMOMM	O:ok F:noop M:ok M:ok O:ok M:ok M:ok	ok	same	-	[0, 0]	0	0	[0, 0]	35	655360	0	0	t1@50304:record-kept-allocated
F6-map-bug-live-instance-table	N3-keep-allocated	OFMMOOO	O:ok F:noop M:ok M:ok O:ok O:ok O:ok	ok	same	-	[0, 0]	0	0	[0, 0]	37	753664	0	0	t1@50304:record-kept-allocated
F6-map-bug-live-instance-table	N3-keep-allocated	OFMOFFF	O:ok F:noop M:ok O:ok F:ok(F=3,reclaimed=1) F:noop F:noop	ok	same	-	[0, 0]	0	0	[0, 0]	23	458752	0	0	t1@50304:record-kept-allocated
F6-map-bug-live-instance-table	N3-keep-allocated	OFMOFFO	O:ok F:noop M:ok O:ok F:ok(F=3,reclaimed=1) F:noop O:ok	ok	same	-	[0, 0]	0	0	[0, 0]	29	589824	0	0	t1@50304:record-kept-allocated
F6-map-bug-live-instance-table	N3-keep-allocated	OFMOFFM	O:ok F:noop M:ok O:ok F:ok(F=3,reclaimed=1) F:noop M:ok	ok	same	-	[0, 0]	0	0	[0, 0]	29	557056	0	0	t1@50304:record-kept-allocated
F6-map-bug-live-instance-table	N3-keep-allocated	OFMOFMO	O:ok F:noop M:ok O:ok F:ok(F=3,reclaimed=1) M:ok O:ok	ok	same	-	[0, 0]	0	0	[0, 0]	35	688128	0	0	t1@50304:record-kept-allocated
F6-map-bug-live-instance-table	N3-keep-allocated	OFMOFMF	O:ok F:noop M:ok O:ok F:ok(F=3,reclaimed=1) M:ok F:noop	ok	same	-	[0, 0]	0	0	[0, 0]	29	557056	0	0	t1@50304:record-kept-allocated
F6-map-bug-live-instance-table	N3-keep-allocated	OFMOFMM	O:ok F:noop M:ok O:ok F:ok(F=3,reclaimed=1) M:ok M:ok	ok	same	-	[0, 0]	0	0	[0, 0]	35	655360	0	0	t1@50304:record-kept-allocated
F6-map-bug-live-instance-table	N3-keep-allocated	OFMOFOF	O:ok F:noop M:ok O:ok F:ok(F=3,reclaimed=1) O:ok F:ok(F=6,reclaimed=17)	ok	same	-	[0, 0]	0	0	[0, 0]	33	655360	0	0	t1@50304:record-kept-allocated
F6-map-bug-live-instance-table	N3-keep-allocated	OFMOFOO	O:ok F:noop M:ok O:ok F:ok(F=3,reclaimed=1) O:ok O:ok	ok	same	-	[0, 0]	0	0	[0, 0]	35	720896	0	0	t1@50304:record-kept-allocated
F6-map-bug-live-instance-table	N3-keep-allocated	OFMOFOM	O:ok F:noop M:ok O:ok F:ok(F=3,reclaimed=1) O:ok M:ok	ok	same	-	[0, 0]	0	0	[0, 0]	33	655360	0	0	t1@50304:record-kept-allocated
F6-map-bug-live-instance-table	N3-keep-allocated	OFMOMFF	O:ok F:noop M:ok O:ok M:ok F:ok(F=3,reclaimed=1) F:noop	ok	same	-	[0, 0]	0	0	[0, 0]	29	557056	0	0	t1@50304:record-kept-allocated
F6-map-bug-live-instance-table	N3-keep-allocated	OFMOMFO	O:ok F:noop M:ok O:ok M:ok F:ok(F=3,reclaimed=1) O:ok	ok	same	-	[0, 0]	0	0	[0, 0]	35	688128	0	0	t1@50304:record-kept-allocated
F6-map-bug-live-instance-table	N3-keep-allocated	OFMOMFM	O:ok F:noop M:ok O:ok M:ok F:ok(F=3,reclaimed=1) M:ok	ok	same	-	[0, 0]	0	0	[0, 0]	35	655360	0	0	t1@50304:record-kept-allocated
F6-map-bug-live-instance-table	N3-keep-allocated	OFMOMMF	O:ok F:noop M:ok O:ok M:ok M:ok F:ok(F=3,reclaimed=1)	ok	same	-	[0, 0]	0	0	[0, 0]	35	655360	0	0	t1@50304:record-kept-allocated
F6-map-bug-live-instance-table	N3-keep-allocated	OFMOMOF	O:ok F:noop M:ok O:ok M:ok O:ok F:ok(F=6,reclaimed=18)	ok	same	-	[0, 0]	0	0	[0, 0]	33	655360	0	0	t1@50304:record-kept-allocated
F6-map-bug-live-instance-table	N3-keep-allocated	OFMOMMO	O:ok F:noop M:ok O:ok M:ok M:ok O:ok	ok	same	-	[0, 0]	0	0	[0, 0]	35	688128	0	0	t1@50304:record-kept-allocated
F6-map-bug-live-instance-table	N3-keep-allocated	OFMOMMM	O:ok F:noop M:ok O:ok M:ok M:ok M:ok	ok	same	-	[0, 0]	0	0	[0, 0]	35	655360	0	0	t1@50304:record-kept-allocated
F6-map-bug-live-instance-table	N3-keep-allocated	OFMOOFF	O:ok F:noop M:ok O:ok O:ok F:ok(F=6,reclaimed=18) F:noop	ok	same	-	[0, 0]	0	0	[0, 0]	29	589824	0	0	t1@50304:record-kept-allocated
F6-map-bug-live-instance-table	N3-keep-allocated	OFMOMOO	O:ok F:noop M:ok O:ok M:ok O:ok O:ok	ok	same	-	[0, 0]	0	0	[0, 0]	35	720896	0	0	t1@50304:record-kept-allocated
F6-map-bug-live-instance-table	N3-keep-allocated	OFMOMOM	O:ok F:noop M:ok O:ok M:ok O:ok M:ok	ok	same	-	[0, 0]	0	0	[0, 0]	33	655360	0	0	t1@50304:record-kept-allocated
F6-map-bug-live-instance-table	N3-keep-allocated	OFMOOFM	O:ok F:noop M:ok O:ok O:ok F:ok(F=6,reclaimed=18) M:ok	ok	same	-	[0, 0]	0	0	[0, 0]	33	655360	0	0	t1@50304:record-kept-allocated
F6-map-bug-live-instance-table	N3-keep-allocated	OFMOOFO	O:ok F:noop M:ok O:ok O:ok F:ok(F=6,reclaimed=18) O:ok	ok	same	-	[0, 0]	0	0	[0, 0]	35	720896	0	0	t1@50304:record-kept-allocated
F6-map-bug-live-instance-table	N3-keep-allocated	OFMOOMF	O:ok F:noop M:ok O:ok O:ok M:ok F:ok(F=6,reclaimed=18)	ok	same	-	[0, 0]	0	0	[0, 0]	33	655360	0	0	t1@50304:record-kept-allocated
F6-map-bug-live-instance-table	N3-keep-allocated	OFMOOMM	O:ok F:noop M:ok O:ok O:ok M:ok M:ok	ok	same	-	[0, 0]	0	0	[0, 0]	33	655360	0	0	t1@50304:record-kept-allocated
F6-map-bug-live-instance-table	N3-keep-allocated	OFMOOOF	O:ok F:noop M:ok O:ok O:ok O:ok F:ok(F=7,reclaimed=25)	ok	same	I-3.1	[0, 0]	0	0	[0, 0]	37	753664	0	0	t1@50304:record-kept-allocated
F6-map-bug-live-instance-table	N3-keep-allocated	OFMOOMO	O:ok F:noop M:ok O:ok O:ok M:ok O:ok	ok	same	-	[0, 0]	0	0	[0, 0]	35	720896	0	0	t1@50304:record-kept-allocated
F6-map-bug-live-instance-table	N3-keep-allocated	OFMOOOO	O:ok F:noop M:ok O:ok O:ok O:ok O:ok	ok	same	-	[0, 0]	0	0	[0, 0]	37	786432	0	0	t1@50304:record-kept-allocated
F6-map-bug-live-instance-table	N3-keep-allocated	OFMOOOM	O:ok F:noop M:ok O:ok O:ok O:ok M:ok	ok	same	-	[0, 0]	0	0	[0, 0]	37	753664	0	0	t1@50304:record-kept-allocated
F6-map-bug-live-instance-table	N3-keep-allocated	OFOFFFF	O:ok F:noop O:ok F:ok(F=3,reclaimed=1) F:noop F:noop F:noop	ok	same	-	[0, 0]	0	0	[0, 0]	17	360448	0	0	t1@50304:record-kept-allocated
F6-map-bug-live-instance-table	N3-keep-allocated	OFOFFFM	O:ok F:noop O:ok F:ok(F=3,reclaimed=1) F:noop F:noop M:ok	ok	same	-	[0, 0]	0	0	[0, 0]	23	458752	0	0	t1@50304:record-kept-allocated
F6-map-bug-live-instance-table	N3-keep-allocated	OFOFFFO	O:ok F:noop O:ok F:ok(F=3,reclaimed=1) F:noop F:noop O:ok	ok	same	-	[0, 0]	0	0	[0, 0]	23	491520	0	0	t1@50304:record-kept-allocated
F6-map-bug-live-instance-table	N3-keep-allocated	OFOFFMF	O:ok F:noop O:ok F:ok(F=3,reclaimed=1) F:noop M:ok F:noop	ok	same	-	[0, 0]	0	0	[0, 0]	23	458752	0	0	t1@50304:record-kept-allocated
F6-map-bug-live-instance-table	N3-keep-allocated	OFOFFMM	O:ok F:noop O:ok F:ok(F=3,reclaimed=1) F:noop M:ok M:ok	ok	same	-	[0, 0]	0	0	[0, 0]	29	557056	0	0	t1@50304:record-kept-allocated
F6-map-bug-live-instance-table	N3-keep-allocated	OFOFFOF	O:ok F:noop O:ok F:ok(F=3,reclaimed=1) F:noop O:ok F:ok(F=6,reclaimed=17)	ok	same	-	[0, 0]	0	0	[0, 0]	27	557056	0	0	t1@50304:record-kept-allocated
F6-map-bug-live-instance-table	N3-keep-allocated	OFOFFMO	O:ok F:noop O:ok F:ok(F=3,reclaimed=1) F:noop M:ok O:ok	ok	same	-	[0, 0]	0	0	[0, 0]	29	589824	0	0	t1@50304:record-kept-allocated
F6-map-bug-live-instance-table	N3-keep-allocated	OFOFFOO	O:ok F:noop O:ok F:ok(F=3,reclaimed=1) F:noop O:ok O:ok	ok	same	-	[0, 0]	0	0	[0, 0]	29	622592	0	0	t1@50304:record-kept-allocated
F6-map-bug-live-instance-table	N3-keep-allocated	OFOFFOM	O:ok F:noop O:ok F:ok(F=3,reclaimed=1) F:noop O:ok M:ok	ok	same	-	[0, 0]	0	0	[0, 0]	27	557056	0	0	t1@50304:record-kept-allocated
F6-map-bug-live-instance-table	N3-keep-allocated	OFOFMFF	O:ok F:noop O:ok F:ok(F=3,reclaimed=1) M:ok F:noop F:noop	ok	same	-	[0, 0]	0	0	[0, 0]	23	458752	0	0	t1@50304:record-kept-allocated
F6-map-bug-live-instance-table	N3-keep-allocated	OFOFMFM	O:ok F:noop O:ok F:ok(F=3,reclaimed=1) M:ok F:noop M:ok	ok	same	-	[0, 0]	0	0	[0, 0]	29	557056	0	0	t1@50304:record-kept-allocated
F6-map-bug-live-instance-table	N3-keep-allocated	OFOFMFO	O:ok F:noop O:ok F:ok(F=3,reclaimed=1) M:ok F:noop O:ok	ok	same	-	[0, 0]	0	0	[0, 0]	29	589824	0	0	t1@50304:record-kept-allocated
F6-map-bug-live-instance-table	N3-keep-allocated	OFOFMMO	O:ok F:noop O:ok F:ok(F=3,reclaimed=1) M:ok M:ok O:ok	ok	same	-	[0, 0]	0	0	[0, 0]	35	688128	0	0	t1@50304:record-kept-allocated
F6-map-bug-live-instance-table	N3-keep-allocated	OFOFMMF	O:ok F:noop O:ok F:ok(F=3,reclaimed=1) M:ok M:ok F:noop	ok	same	-	[0, 0]	0	0	[0, 0]	29	557056	0	0	t1@50304:record-kept-allocated
F6-map-bug-live-instance-table	N3-keep-allocated	OFOFMMM	O:ok F:noop O:ok F:ok(F=3,reclaimed=1) M:ok M:ok M:ok	ok	same	-	[0, 0]	0	0	[0, 0]	35	655360	0	0	t1@50304:record-kept-allocated
F6-map-bug-live-instance-table	N3-keep-allocated	OFOFMOF	O:ok F:noop O:ok F:ok(F=3,reclaimed=1) M:ok O:ok F:ok(F=6,reclaimed=17)	ok	same	-	[0, 0]	0	0	[0, 0]	33	655360	0	0	t1@50304:record-kept-allocated
F6-map-bug-live-instance-table	N3-keep-allocated	OFOFMOO	O:ok F:noop O:ok F:ok(F=3,reclaimed=1) M:ok O:ok O:ok	ok	same	-	[0, 0]	0	0	[0, 0]	35	720896	0	0	t1@50304:record-kept-allocated
F6-map-bug-live-instance-table	N3-keep-allocated	OFOFOFF	O:ok F:noop O:ok F:ok(F=3,reclaimed=1) O:ok F:ok(F=6,reclaimed=17) F:noop	ok	same	-	[0, 0]	0	0	[0, 0]	27	557056	0	0	t1@50304:record-kept-allocated
F6-map-bug-live-instance-table	N3-keep-allocated	OFOFMOM	O:ok F:noop O:ok F:ok(F=3,reclaimed=1) M:ok O:ok M:ok	ok	same	-	[0, 0]	0	0	[0, 0]	33	655360	0	0	t1@50304:record-kept-allocated
F6-map-bug-live-instance-table	N3-keep-allocated	OFOFOFO	O:ok F:noop O:ok F:ok(F=3,reclaimed=1) O:ok F:ok(F=6,reclaimed=17) O:ok	ok	same	-	[0, 0]	0	0	[0, 0]	33	688128	0	0	t1@50304:record-kept-allocated
F6-map-bug-live-instance-table	N3-keep-allocated	OFOFOFM	O:ok F:noop O:ok F:ok(F=3,reclaimed=1) O:ok F:ok(F=6,reclaimed=17) M:ok	ok	same	-	[0, 0]	0	0	[0, 0]	33	655360	0	0	t1@50304:record-kept-allocated
F6-map-bug-live-instance-table	N3-keep-allocated	OFOFOMF	O:ok F:noop O:ok F:ok(F=3,reclaimed=1) O:ok M:ok F:ok(F=6,reclaimed=17)	ok	same	-	[0, 0]	0	0	[0, 0]	33	655360	0	0	t1@50304:record-kept-allocated
F6-map-bug-live-instance-table	N3-keep-allocated	OFOFOMM	O:ok F:noop O:ok F:ok(F=3,reclaimed=1) O:ok M:ok M:ok	ok	same	-	[0, 0]	0	0	[0, 0]	33	655360	0	0	t1@50304:record-kept-allocated
F6-map-bug-live-instance-table	N3-keep-allocated	OFOFOMO	O:ok F:noop O:ok F:ok(F=3,reclaimed=1) O:ok M:ok O:ok	ok	same	-	[0, 0]	0	0	[0, 0]	33	688128	0	0	t1@50304:record-kept-allocated
F6-map-bug-live-instance-table	N3-keep-allocated	OFOFOOF	O:ok F:noop O:ok F:ok(F=3,reclaimed=1) O:ok O:ok F:ok(F=7,reclaimed=24)	ok	same	I-3.1	[0, 0]	0	0	[0, 0]	33	688128	0	0	t1@50304:record-kept-allocated
F6-map-bug-live-instance-table	N3-keep-allocated	OFOFOOO	O:ok F:noop O:ok F:ok(F=3,reclaimed=1) O:ok O:ok O:ok	ok	same	-	[0, 0]	0	0	[0, 0]	35	753664	0	0	t1@50304:record-kept-allocated
F6-map-bug-live-instance-table	N3-keep-allocated	OFOFOOM	O:ok F:noop O:ok F:ok(F=3,reclaimed=1) O:ok O:ok M:ok	ok	same	-	[0, 0]	0	0	[0, 0]	33	688128	0	0	t1@50304:record-kept-allocated
F6-map-bug-live-instance-table	N3-keep-allocated	OFOMFFF	O:ok F:noop O:ok M:ok F:ok(F=3,reclaimed=1) F:noop F:noop	ok	same	-	[0, 0]	0	0	[0, 0]	23	458752	0	0	t1@50304:record-kept-allocated
F6-map-bug-live-instance-table	N3-keep-allocated	OFOMFFM	O:ok F:noop O:ok M:ok F:ok(F=3,reclaimed=1) F:noop M:ok	ok	same	-	[0, 0]	0	0	[0, 0]	29	557056	0	0	t1@50304:record-kept-allocated
F6-map-bug-live-instance-table	N3-keep-allocated	OFOMFFO	O:ok F:noop O:ok M:ok F:ok(F=3,reclaimed=1) F:noop O:ok	ok	same	-	[0, 0]	0	0	[0, 0]	29	589824	0	0	t1@50304:record-kept-allocated
F6-map-bug-live-instance-table	N3-keep-allocated	OFOMFMF	O:ok F:noop O:ok M:ok F:ok(F=3,reclaimed=1) M:ok F:noop	ok	same	-	[0, 0]	0	0	[0, 0]	29	557056	0	0	t1@50304:record-kept-allocated
F6-map-bug-live-instance-table	N3-keep-allocated	OFOMFMO	O:ok F:noop O:ok M:ok F:ok(F=3,reclaimed=1) M:ok O:ok	ok	same	-	[0, 0]	0	0	[0, 0]	35	688128	0	0	t1@50304:record-kept-allocated
F6-map-bug-live-instance-table	N3-keep-allocated	OFOMFMM	O:ok F:noop O:ok M:ok F:ok(F=3,reclaimed=1) M:ok M:ok	ok	same	-	[0, 0]	0	0	[0, 0]	35	655360	0	0	t1@50304:record-kept-allocated
F6-map-bug-live-instance-table	N3-keep-allocated	OFOMFOF	O:ok F:noop O:ok M:ok F:ok(F=3,reclaimed=1) O:ok F:ok(F=6,reclaimed=17)	ok	same	-	[0, 0]	0	0	[0, 0]	33	655360	0	0	t1@50304:record-kept-allocated
F6-map-bug-live-instance-table	N3-keep-allocated	OFOMFOO	O:ok F:noop O:ok M:ok F:ok(F=3,reclaimed=1) O:ok O:ok	ok	same	-	[0, 0]	0	0	[0, 0]	35	720896	0	0	t1@50304:record-kept-allocated
F6-map-bug-live-instance-table	N3-keep-allocated	OFOMFOM	O:ok F:noop O:ok M:ok F:ok(F=3,reclaimed=1) O:ok M:ok	ok	same	-	[0, 0]	0	0	[0, 0]	33	655360	0	0	t1@50304:record-kept-allocated
F6-map-bug-live-instance-table	N3-keep-allocated	OFOMMFF	O:ok F:noop O:ok M:ok M:ok F:ok(F=3,reclaimed=1) F:noop	ok	same	-	[0, 0]	0	0	[0, 0]	29	557056	0	0	t1@50304:record-kept-allocated
F6-map-bug-live-instance-table	N3-keep-allocated	OFOMMFO	O:ok F:noop O:ok M:ok M:ok F:ok(F=3,reclaimed=1) O:ok	ok	same	-	[0, 0]	0	0	[0, 0]	35	688128	0	0	t1@50304:record-kept-allocated
F6-map-bug-live-instance-table	N3-keep-allocated	OFOMMFM	O:ok F:noop O:ok M:ok M:ok F:ok(F=3,reclaimed=1) M:ok	ok	same	-	[0, 0]	0	0	[0, 0]	35	655360	0	0	t1@50304:record-kept-allocated
F6-map-bug-live-instance-table	N3-keep-allocated	OFOMMMF	O:ok F:noop O:ok M:ok M:ok M:ok F:ok(F=3,reclaimed=1)	ok	same	-	[0, 0]	0	0	[0, 0]	35	655360	0	0	t1@50304:record-kept-allocated
F6-map-bug-live-instance-table	N3-keep-allocated	OFOMMMM	O:ok F:noop O:ok M:ok M:ok M:ok M:ok	ok	same	-	[0, 0]	0	0	[0, 0]	35	655360	0	0	t1@50304:record-kept-allocated
F6-map-bug-live-instance-table	N3-keep-allocated	OFOMMOF	O:ok F:noop O:ok M:ok M:ok O:ok F:ok(F=6,reclaimed=18)	ok	same	-	[0, 0]	0	0	[0, 0]	33	655360	0	0	t1@50304:record-kept-allocated
F6-map-bug-live-instance-table	N3-keep-allocated	OFOMMMO	O:ok F:noop O:ok M:ok M:ok M:ok O:ok	ok	same	-	[0, 0]	0	0	[0, 0]	35	688128	0	0	t1@50304:record-kept-allocated
F6-map-bug-live-instance-table	N3-keep-allocated	OFOMMOM	O:ok F:noop O:ok M:ok M:ok O:ok M:ok	ok	same	-	[0, 0]	0	0	[0, 0]	33	655360	0	0	t1@50304:record-kept-allocated
F6-map-bug-live-instance-table	N3-keep-allocated	OFOMOFF	O:ok F:noop O:ok M:ok O:ok F:ok(F=6,reclaimed=18) F:noop	ok	same	-	[0, 0]	0	0	[0, 0]	27	557056	0	0	t1@50304:record-kept-allocated
F6-map-bug-live-instance-table	N3-keep-allocated	OFOMOFO	O:ok F:noop O:ok M:ok O:ok F:ok(F=6,reclaimed=18) O:ok	ok	same	-	[0, 0]	0	0	[0, 0]	33	688128	0	0	t1@50304:record-kept-allocated
F6-map-bug-live-instance-table	N3-keep-allocated	OFOMMOO	O:ok F:noop O:ok M:ok M:ok O:ok O:ok	ok	same	-	[0, 0]	0	0	[0, 0]	35	720896	0	0	t1@50304:record-kept-allocated
F6-map-bug-live-instance-table	N3-keep-allocated	OFOMOFM	O:ok F:noop O:ok M:ok O:ok F:ok(F=6,reclaimed=18) M:ok	ok	same	-	[0, 0]	0	0	[0, 0]	33	655360	0	0	t1@50304:record-kept-allocated
F6-map-bug-live-instance-table	N3-keep-allocated	OFOMOMF	O:ok F:noop O:ok M:ok O:ok M:ok F:ok(F=6,reclaimed=18)	ok	same	-	[0, 0]	0	0	[0, 0]	33	655360	0	0	t1@50304:record-kept-allocated
F6-map-bug-live-instance-table	N3-keep-allocated	OFOMOOF	O:ok F:noop O:ok M:ok O:ok O:ok F:ok(F=7,reclaimed=25)	ok	same	I-3.1	[0, 0]	0	0	[0, 0]	33	688128	0	0	t1@50304:record-kept-allocated
F6-map-bug-live-instance-table	N3-keep-allocated	OFOMOOM	O:ok F:noop O:ok M:ok O:ok O:ok M:ok	ok	same	-	[0, 0]	0	0	[0, 0]	33	688128	0	0	t1@50304:record-kept-allocated
F6-map-bug-live-instance-table	N3-keep-allocated	OFOMOMO	O:ok F:noop O:ok M:ok O:ok M:ok O:ok	ok	same	-	[0, 0]	0	0	[0, 0]	33	688128	0	0	t1@50304:record-kept-allocated
F6-map-bug-live-instance-table	N3-keep-allocated	OFOMOMM	O:ok F:noop O:ok M:ok O:ok M:ok M:ok	ok	same	-	[0, 0]	0	0	[0, 0]	33	655360	0	0	t1@50304:record-kept-allocated
F6-map-bug-live-instance-table	N3-keep-allocated	OFOMOOO	O:ok F:noop O:ok M:ok O:ok O:ok O:ok	ok	same	-	[0, 0]	0	0	[0, 0]	35	753664	0	0	t1@50304:record-kept-allocated
F6-map-bug-live-instance-table	N3-keep-allocated	OFOOFFF	O:ok F:noop O:ok O:ok F:ok(F=6,reclaimed=18) F:noop F:noop	ok	same	-	[0, 0]	0	0	[0, 0]	23	491520	0	0	t1@50304:record-kept-allocated
F6-map-bug-live-instance-table	N3-keep-allocated	OFOOFFO	O:ok F:noop O:ok O:ok F:ok(F=6,reclaimed=18) F:noop O:ok	ok	same	-	[0, 0]	0	0	[0, 0]	29	622592	0	0	t1@50304:record-kept-allocated
F6-map-bug-live-instance-table	N3-keep-allocated	OFOOFFM	O:ok F:noop O:ok O:ok F:ok(F=6,reclaimed=18) F:noop M:ok	ok	same	-	[0, 0]	0	0	[0, 0]	27	557056	0	0	t1@50304:record-kept-allocated
F6-map-bug-live-instance-table	N3-keep-allocated	OFOOFMF	O:ok F:noop O:ok O:ok F:ok(F=6,reclaimed=18) M:ok F:noop	ok	same	-	[0, 0]	0	0	[0, 0]	27	557056	0	0	t1@50304:record-kept-allocated
F6-map-bug-live-instance-table	N3-keep-allocated	OFOOFOF	O:ok F:noop O:ok O:ok F:ok(F=6,reclaimed=18) O:ok F:ok(F=7,reclaimed=7)	ok	same	I-3.1	[0, 0]	0	0	[0, 0]	33	688128	0	0	t1@50304:record-kept-allocated
F6-map-bug-live-instance-table	N3-keep-allocated	OFOOFMO	O:ok F:noop O:ok O:ok F:ok(F=6,reclaimed=18) M:ok O:ok	ok	same	-	[0, 0]	0	0	[0, 0]	33	688128	0	0	t1@50304:record-kept-allocated
F6-map-bug-live-instance-table	N3-keep-allocated	OFOOFMM	O:ok F:noop O:ok O:ok F:ok(F=6,reclaimed=18) M:ok M:ok	ok	same	-	[0, 0]	0	0	[0, 0]	33	655360	0	0	t1@50304:record-kept-allocated
F6-map-bug-live-instance-table	N3-keep-allocated	OFOOFOO	O:ok F:noop O:ok O:ok F:ok(F=6,reclaimed=18) O:ok O:ok	ok	same	-	[0, 0]	0	0	[0, 0]	35	753664	0	0	t1@50304:record-kept-allocated
F6-map-bug-live-instance-table	N3-keep-allocated	OFOOFOM	O:ok F:noop O:ok O:ok F:ok(F=6,reclaimed=18) O:ok M:ok	ok	same	-	[0, 0]	0	0	[0, 0]	33	688128	0	0	t1@50304:record-kept-allocated
F6-map-bug-live-instance-table	N3-keep-allocated	OFOOMFF	O:ok F:noop O:ok O:ok M:ok F:ok(F=6,reclaimed=18) F:noop	ok	same	-	[0, 0]	0	0	[0, 0]	27	557056	0	0	t1@50304:record-kept-allocated
F6-map-bug-live-instance-table	N3-keep-allocated	OFOOMFM	O:ok F:noop O:ok O:ok M:ok F:ok(F=6,reclaimed=18) M:ok	ok	same	-	[0, 0]	0	0	[0, 0]	33	655360	0	0	t1@50304:record-kept-allocated
F6-map-bug-live-instance-table	N3-keep-allocated	OFOOMFO	O:ok F:noop O:ok O:ok M:ok F:ok(F=6,reclaimed=18) O:ok	ok	same	-	[0, 0]	0	0	[0, 0]	33	688128	0	0	t1@50304:record-kept-allocated
F6-map-bug-live-instance-table	N3-keep-allocated	OFOOMMF	O:ok F:noop O:ok O:ok M:ok M:ok F:ok(F=6,reclaimed=18)	ok	same	-	[0, 0]	0	0	[0, 0]	33	655360	0	0	t1@50304:record-kept-allocated
F6-map-bug-live-instance-table	N3-keep-allocated	OFOOMMO	O:ok F:noop O:ok O:ok M:ok M:ok O:ok	ok	same	-	[0, 0]	0	0	[0, 0]	33	688128	0	0	t1@50304:record-kept-allocated
F6-map-bug-live-instance-table	N3-keep-allocated	OFOOMMM	O:ok F:noop O:ok O:ok M:ok M:ok M:ok	ok	same	-	[0, 0]	0	0	[0, 0]	33	655360	0	0	t1@50304:record-kept-allocated
F6-map-bug-live-instance-table	N3-keep-allocated	OFOOMOF	O:ok F:noop O:ok O:ok M:ok O:ok F:ok(F=7,reclaimed=25)	ok	same	I-3.1	[0, 0]	0	0	[0, 0]	33	688128	0	0	t1@50304:record-kept-allocated
F6-map-bug-live-instance-table	N3-keep-allocated	OFOOOFF	O:ok F:noop O:ok O:ok O:ok F:ok(F=7,reclaimed=25) F:noop	ok	same	I-3.1	[0, 0]	0	0	[0, 0]	31	655360	0	0	t1@50304:record-kept-allocated
F6-map-bug-live-instance-table	N3-keep-allocated	OFOOMOO	O:ok F:noop O:ok O:ok M:ok O:ok O:ok	ok	same	-	[0, 0]	0	0	[0, 0]	35	753664	0	0	t1@50304:record-kept-allocated
F6-map-bug-live-instance-table	N3-keep-allocated	OFOOMOM	O:ok F:noop O:ok O:ok M:ok O:ok M:ok	ok	same	-	[0, 0]	0	0	[0, 0]	33	688128	0	0	t1@50304:record-kept-allocated
F6-map-bug-live-instance-table	N3-keep-allocated	OFOOOFO	O:ok F:noop O:ok O:ok O:ok F:ok(F=7,reclaimed=25) O:ok	ok	same	I-3.1	[0, 0]	0	0	[0, 0]	37	786432	0	0	t1@50304:record-kept-allocated
F6-map-bug-live-instance-table	N3-keep-allocated	OFOOOFM	O:ok F:noop O:ok O:ok O:ok F:ok(F=7,reclaimed=25) M:ok	ok	same	I-3.1	[0, 0]	0	0	[0, 0]	37	753664	0	0	t1@50304:record-kept-allocated
F6-map-bug-live-instance-table	N3-keep-allocated	OFOOOMF	O:ok F:noop O:ok O:ok O:ok M:ok F:ok(F=7,reclaimed=25)	ok	same	I-3.1	[0, 0]	0	0	[0, 0]	37	753664	0	0	t1@50304:record-kept-allocated
F6-map-bug-live-instance-table	N3-keep-allocated	OFOOOMM	O:ok F:noop O:ok O:ok O:ok M:ok M:ok	ok	same	-	[0, 0]	0	0	[0, 0]	37	753664	0	0	t1@50304:record-kept-allocated
F6-map-bug-live-instance-table	N3-keep-allocated	OFOOOOF	O:ok F:noop O:ok O:ok O:ok O:ok F:ok(F=8,reclaimed=33)	ok	same	I-3.1	[0, 0]	0	0	[0, 0]	35	753664	0	0	t1@50304:record-kept-allocated
F6-map-bug-live-instance-table	N3-keep-allocated	OFOOOMO	O:ok F:noop O:ok O:ok O:ok M:ok O:ok	ok	same	-	[0, 0]	0	0	[0, 0]	37	786432	0	0	t1@50304:record-kept-allocated
F6-map-bug-live-instance-table	N3-keep-allocated	OFOOOOO	O:ok F:noop O:ok O:ok O:ok O:ok O:ok	ok	same	-	[0, 0]	0	0	[0, 0]	37	819200	0	0	t1@50304:record-kept-allocated
F6-map-bug-live-instance-table	N3-keep-allocated	OFOOOOM	O:ok F:noop O:ok O:ok O:ok O:ok M:ok	ok	same	-	[0, 0]	0	0	[0, 0]	35	753664	0	0	t1@50304:record-kept-allocated
F6-map-bug-live-instance-table	N3-keep-allocated	OMFFFFF	O:ok M:ok F:noop F:noop F:noop F:noop F:noop	ok	same	-	[0, 0]	0	0	[0, 0]	13	262144	0	0	t1@50304:record-kept-allocated
F6-map-bug-live-instance-table	N3-keep-allocated	OMFFFFO	O:ok M:ok F:noop F:noop F:noop F:noop O:ok	ok	same	-	[0, 0]	0	0	[0, 0]	19	393216	0	0	t1@50304:record-kept-allocated
F6-map-bug-live-instance-table	N3-keep-allocated	OMFFFFM	O:ok M:ok F:noop F:noop F:noop F:noop M:ok	ok	same	-	[0, 0]	0	0	[0, 0]	19	360448	0	0	t1@50304:record-kept-allocated
F6-map-bug-live-instance-table	N3-keep-allocated	OMFFFMF	O:ok M:ok F:noop F:noop F:noop M:ok F:noop	ok	same	-	[0, 0]	0	0	[0, 0]	19	360448	0	0	t1@50304:record-kept-allocated
F6-map-bug-live-instance-table	N3-keep-allocated	OMFFFOF	O:ok M:ok F:noop F:noop F:noop O:ok F:ok(F=3,reclaimed=1)	ok	same	-	[0, 0]	0	0	[0, 0]	23	458752	0	0	t1@50304:record-kept-allocated
F6-map-bug-live-instance-table	N3-keep-allocated	OMFFFMO	O:ok M:ok F:noop F:noop F:noop M:ok O:ok	ok	same	-	[0, 0]	0	0	[0, 0]	25	491520	0	0	t1@50304:record-kept-allocated
F6-map-bug-live-instance-table	N3-keep-allocated	OMFFFOM	O:ok M:ok F:noop F:noop F:noop O:ok M:ok	ok	same	-	[0, 0]	0	0	[0, 0]	23	458752	0	0	t1@50304:record-kept-allocated
F6-map-bug-live-instance-table	N3-keep-allocated	OMFFFMM	O:ok M:ok F:noop F:noop F:noop M:ok M:ok	ok	same	-	[0, 0]	0	0	[0, 0]	25	458752	0	0	t1@50304:record-kept-allocated
F6-map-bug-live-instance-table	N3-keep-allocated	OMFFFOO	O:ok M:ok F:noop F:noop F:noop O:ok O:ok	ok	same	-	[0, 0]	0	0	[0, 0]	25	524288	0	0	t1@50304:record-kept-allocated
F6-map-bug-live-instance-table	N3-keep-allocated	OMFFMFF	O:ok M:ok F:noop F:noop M:ok F:noop F:noop	ok	same	-	[0, 0]	0	0	[0, 0]	19	360448	0	0	t1@50304:record-kept-allocated
F6-map-bug-live-instance-table	N3-keep-allocated	OMFFMFO	O:ok M:ok F:noop F:noop M:ok F:noop O:ok	ok	same	-	[0, 0]	0	0	[0, 0]	25	491520	0	0	t1@50304:record-kept-allocated
F6-map-bug-live-instance-table	N3-keep-allocated	OMFFMFM	O:ok M:ok F:noop F:noop M:ok F:noop M:ok	ok	same	-	[0, 0]	0	0	[0, 0]	25	458752	0	0	t1@50304:record-kept-allocated
F6-map-bug-live-instance-table	N3-keep-allocated	OMFFMMF	O:ok M:ok F:noop F:noop M:ok M:ok F:noop	ok	same	-	[0, 0]	0	0	[0, 0]	25	458752	0	0	t1@50304:record-kept-allocated
F6-map-bug-live-instance-table	N3-keep-allocated	OMFFMOM	O:ok M:ok F:noop F:noop M:ok O:ok M:ok	ok	same	-	[0, 0]	0	0	[0, 0]	29	557056	0	0	t1@50304:record-kept-allocated
F6-map-bug-live-instance-table	N3-keep-allocated	OMFFMOF	O:ok M:ok F:noop F:noop M:ok O:ok F:ok(F=3,reclaimed=1)	ok	same	-	[0, 0]	0	0	[0, 0]	29	557056	0	0	t1@50304:record-kept-allocated
F6-map-bug-live-instance-table	N3-keep-allocated	OMFFMMO	O:ok M:ok F:noop F:noop M:ok M:ok O:ok	ok	same	-	[0, 0]	0	0	[0, 0]	31	589824	0	0	t1@50304:record-kept-allocated
F6-map-bug-live-instance-table	N3-keep-allocated	OMFFMMM	O:ok M:ok F:noop F:noop M:ok M:ok M:ok	ok	same	-	[0, 0]	0	0	[0, 0]	31	557056	0	0	t1@50304:record-kept-allocated
F6-map-bug-live-instance-table	N3-keep-allocated	OMFFOFF	O:ok M:ok F:noop F:noop O:ok F:ok(F=3,reclaimed=1) F:noop	ok	same	-	[0, 0]	0	0	[0, 0]	23	458752	0	0	t1@50304:record-kept-allocated
F6-map-bug-live-instance-table	N3-keep-allocated	OMFFMOO	O:ok M:ok F:noop F:noop M:ok O:ok O:ok	ok	same	-	[0, 0]	0	0	[0, 0]	31	622592	0	0	t1@50304:record-kept-allocated
F6-map-bug-live-instance-table	N3-keep-allocated	OMFFOFO	O:ok M:ok F:noop F:noop O:ok F:ok(F=3,reclaimed=1) O:ok	ok	same	-	[0, 0]	0	0	[0, 0]	29	589824	0	0	t1@50304:record-kept-allocated
F6-map-bug-live-instance-table	N3-keep-allocated	OMFFOFM	O:ok M:ok F:noop F:noop O:ok F:ok(F=3,reclaimed=1) M:ok	ok	same	-	[0, 0]	0	0	[0, 0]	29	557056	0	0	t1@50304:record-kept-allocated
F6-map-bug-live-instance-table	N3-keep-allocated	OMFFOMF	O:ok M:ok F:noop F:noop O:ok M:ok F:ok(F=3,reclaimed=1)	ok	same	-	[0, 0]	0	0	[0, 0]	29	557056	0	0	t1@50304:record-kept-allocated
F6-map-bug-live-instance-table	N3-keep-allocated	OMFFOMM	O:ok M:ok F:noop F:noop O:ok M:ok M:ok	ok	same	-	[0, 0]	0	0	[0, 0]	29	557056	0	0	t1@50304:record-kept-allocated
F6-map-bug-live-instance-table	N3-keep-allocated	OMFFOOF	O:ok M:ok F:noop F:noop O:ok O:ok F:ok(F=6,reclaimed=18)	ok	same	-	[0, 0]	0	0	[0, 0]	29	589824	0	0	t1@50304:record-kept-allocated
F6-map-bug-live-instance-table	N3-keep-allocated	OMFFOOO	O:ok M:ok F:noop F:noop O:ok O:ok O:ok	ok	same	-	[0, 0]	0	0	[0, 0]	31	655360	0	0	t1@50304:record-kept-allocated
F6-map-bug-live-instance-table	N3-keep-allocated	OMFFOMO	O:ok M:ok F:noop F:noop O:ok M:ok O:ok	ok	same	-	[0, 0]	0	0	[0, 0]	29	589824	0	0	t1@50304:record-kept-allocated
F6-map-bug-live-instance-table	N3-keep-allocated	OMFFOOM	O:ok M:ok F:noop F:noop O:ok O:ok M:ok	ok	same	-	[0, 0]	0	0	[0, 0]	29	589824	0	0	t1@50304:record-kept-allocated
F6-map-bug-live-instance-table	N3-keep-allocated	OMFMFFF	O:ok M:ok F:noop M:ok F:noop F:noop F:noop	ok	same	-	[0, 0]	0	0	[0, 0]	19	360448	0	0	t1@50304:record-kept-allocated
F6-map-bug-live-instance-table	N3-keep-allocated	OMFMFFO	O:ok M:ok F:noop M:ok F:noop F:noop O:ok	ok	same	-	[0, 0]	0	0	[0, 0]	25	491520	0	0	t1@50304:record-kept-allocated
F6-map-bug-live-instance-table	N3-keep-allocated	OMFMFMF	O:ok M:ok F:noop M:ok F:noop M:ok F:noop	ok	same	-	[0, 0]	0	0	[0, 0]	25	458752	0	0	t1@50304:record-kept-allocated
F6-map-bug-live-instance-table	N3-keep-allocated	OMFMFFM	O:ok M:ok F:noop M:ok F:noop F:noop M:ok	ok	same	-	[0, 0]	0	0	[0, 0]	25	458752	0	0	t1@50304:record-kept-allocated
F6-map-bug-live-instance-table	N3-keep-allocated	OMFMFMM	O:ok M:ok F:noop M:ok F:noop M:ok M:ok	ok	same	-	[0, 0]	0	0	[0, 0]	31	557056	0	0	t1@50304:record-kept-allocated
F6-map-bug-live-instance-table	N3-keep-allocated	OMFMFMO	O:ok M:ok F:noop M:ok F:noop M:ok O:ok	ok	same	-	[0, 0]	0	0	[0, 0]	31	589824	0	0	t1@50304:record-kept-allocated
F6-map-bug-live-instance-table	N3-keep-allocated	OMFMFOM	O:ok M:ok F:noop M:ok F:noop O:ok M:ok	ok	same	-	[0, 0]	0	0	[0, 0]	29	557056	0	0	t1@50304:record-kept-allocated
F6-map-bug-live-instance-table	N3-keep-allocated	OMFMFOF	O:ok M:ok F:noop M:ok F:noop O:ok F:ok(F=3,reclaimed=1)	ok	same	-	[0, 0]	0	0	[0, 0]	29	557056	0	0	t1@50304:record-kept-allocated
F6-map-bug-live-instance-table	N3-keep-allocated	OMFMFOO	O:ok M:ok F:noop M:ok F:noop O:ok O:ok	ok	same	-	[0, 0]	0	0	[0, 0]	31	622592	0	0	t1@50304:record-kept-allocated
F6-map-bug-live-instance-table	N3-keep-allocated	OMFMMFF	O:ok M:ok F:noop M:ok M:ok F:noop F:noop	ok	same	-	[0, 0]	0	0	[0, 0]	25	458752	0	0	t1@50304:record-kept-allocated
F6-map-bug-live-instance-table	N3-keep-allocated	OMFMMFM	O:ok M:ok F:noop M:ok M:ok F:noop M:ok	ok	same	-	[0, 0]	0	0	[0, 0]	31	557056	0	0	t1@50304:record-kept-allocated
F6-map-bug-live-instance-table	N3-keep-allocated	OMFMMFO	O:ok M:ok F:noop M:ok M:ok F:noop O:ok	ok	same	-	[0, 0]	0	0	[0, 0]	31	589824	0	0	t1@50304:record-kept-allocated
F6-map-bug-live-instance-table	N3-keep-allocated	OMFMMMF	O:ok M:ok F:noop M:ok M:ok M:ok F:noop	ok	same	-	[0, 0]	0	0	[0, 0]	31	557056	0	0	t1@50304:record-kept-allocated
F6-map-bug-live-instance-table	N3-keep-allocated	OMFMMMO	O:ok M:ok F:noop M:ok M:ok M:ok O:ok	ok	same	-	[0, 0]	0	0	[0, 0]	37	688128	0	0	t1@50304:record-kept-allocated
F6-map-bug-live-instance-table	N3-keep-allocated	OMFMMMM	O:ok M:ok F:noop M:ok M:ok M:ok M:ok	ok	same	-	[0, 0]	0	0	[0, 0]	37	655360	0	0	t1@50304:record-kept-allocated
F6-map-bug-live-instance-table	N3-keep-allocated	OMFMMOF	O:ok M:ok F:noop M:ok M:ok O:ok F:ok(F=3,reclaimed=1)	ok	same	-	[0, 0]	0	0	[0, 0]	35	655360	0	0	t1@50304:record-kept-allocated
F6-map-bug-live-instance-table	N3-keep-allocated	OMFMMOM	O:ok M:ok F:noop M:ok M:ok O:ok M:ok	ok	same	-	[0, 0]	0	0	[0, 0]	35	655360	0	0	t1@50304:record-kept-allocated
F6-map-bug-live-instance-table	N3-keep-allocated	OMFMOFF	O:ok M:ok F:noop M:ok O:ok F:ok(F=3,reclaimed=1) F:noop	ok	same	-	[0, 0]	0	0	[0, 0]	29	557056	0	0	t1@50304:record-kept-allocated
F6-map-bug-live-instance-table	N3-keep-allocated	OMFMMOO	O:ok M:ok F:noop M:ok M:ok O:ok O:ok	ok	same	-	[0, 0]	0	0	[0, 0]	37	720896	0	0	t1@50304:record-kept-allocated
F6-map-bug-live-instance-table	N3-keep-allocated	OMFMOFM	O:ok M:ok F:noop M:ok O:ok F:ok(F=3,reclaimed=1) M:ok	ok	same	-	[0, 0]	0	0	[0, 0]	35	655360	0	0	t1@50304:record-kept-allocated
F6-map-bug-live-instance-table	N3-keep-allocated	OMFMOFO	O:ok M:ok F:noop M:ok O:ok F:ok(F=3,reclaimed=1) O:ok	ok	same	-	[0, 0]	0	0	[0, 0]	35	688128	0	0	t1@50304:record-kept-allocated
F6-map-bug-live-instance-table	N3-keep-allocated	OMFMOOF	O:ok M:ok F:noop M:ok O:ok O:ok F:ok(F=6,reclaimed=18)	ok	same	-	[0, 0]	0	0	[0, 0]	35	688128	0	0	t1@50304:record-kept-allocated
F6-map-bug-live-instance-table	N3-keep-allocated	OMFMOMF	O:ok M:ok F:noop M:ok O:ok M:ok F:ok(F=3,reclaimed=1)	ok	same	-	[0, 0]	0	0	[0, 0]	35	655360	0	0	t1@50304:record-kept-allocated
F6-map-bug-live-instance-table	N3-keep-allocated	OMFMOMO	O:ok M:ok F:noop M:ok O:ok M:ok O:ok	ok	same	-	[0, 0]	0	0	[0, 0]	35	688128	0	0	t1@50304:record-kept-allocated
F6-map-bug-live-instance-table	N3-keep-allocated	OMFMOMM	O:ok M:ok F:noop M:ok O:ok M:ok M:ok	ok	same	-	[0, 0]	0	0	[0, 0]	35	655360	0	0	t1@50304:record-kept-allocated
F6-map-bug-live-instance-table	N3-keep-allocated	OMFMOOM	O:ok M:ok F:noop M:ok O:ok O:ok M:ok	ok	same	-	[0, 0]	0	0	[0, 0]	35	688128	0	0	t1@50304:record-kept-allocated
F6-map-bug-live-instance-table	N3-keep-allocated	OMFOFFF	O:ok M:ok F:noop O:ok F:ok(F=3,reclaimed=1) F:noop F:noop	ok	same	-	[0, 0]	0	0	[0, 0]	23	458752	0	0	t1@50304:record-kept-allocated
F6-map-bug-live-instance-table	N3-keep-allocated	OMFMOOO	O:ok M:ok F:noop M:ok O:ok O:ok O:ok	ok	same	-	[0, 0]	0	0	[0, 0]	37	753664	0	0	t1@50304:record-kept-allocated
F6-map-bug-live-instance-table	N3-keep-allocated	OMFOFFM	O:ok M:ok F:noop O:ok F:ok(F=3,reclaimed=1) F:noop M:ok	ok	same	-	[0, 0]	0	0	[0, 0]	29	557056	0	0	t1@50304:record-kept-allocated
F6-map-bug-live-instance-table	N3-keep-allocated	OMFOFFO	O:ok M:ok F:noop O:ok F:ok(F=3,reclaimed=1) F:noop O:ok	ok	same	-	[0, 0]	0	0	[0, 0]	29	589824	0	0	t1@50304:record-kept-allocated
F6-map-bug-live-instance-table	N3-keep-allocated	OMFOFMF	O:ok M:ok F:noop O:ok F:ok(F=3,reclaimed=1) M:ok F:noop	ok	same	-	[0, 0]	0	0	[0, 0]	29	557056	0	0	t1@50304:record-kept-allocated
F6-map-bug-live-instance-table	N3-keep-allocated	OMFOFMM	O:ok M:ok F:noop O:ok F:ok(F=3,reclaimed=1) M:ok M:ok	ok	same	-	[0, 0]	0	0	[0, 0]	35	655360	0	0	t1@50304:record-kept-allocated
F6-map-bug-live-instance-table	N3-keep-allocated	OMFOFOF	O:ok M:ok F:noop O:ok F:ok(F=3,reclaimed=1) O:ok F:ok(F=6,reclaimed=17)	ok	same	-	[0, 0]	0	0	[0, 0]	33	655360	0	0	t1@50304:record-kept-allocated
F6-map-bug-live-instance-table	N3-keep-allocated	OMFOFOM	O:ok M:ok F:noop O:ok F:ok(F=3,reclaimed=1) O:ok M:ok	ok	same	-	[0, 0]	0	0	[0, 0]	33	655360	0	0	t1@50304:record-kept-allocated
F6-map-bug-live-instance-table	N3-keep-allocated	OMFOFMO	O:ok M:ok F:noop O:ok F:ok(F=3,reclaimed=1) M:ok O:ok	ok	same	-	[0, 0]	0	0	[0, 0]	35	688128	0	0	t1@50304:record-kept-allocated
F6-map-bug-live-instance-table	N3-keep-allocated	OMFOFOO	O:ok M:ok F:noop O:ok F:ok(F=3,reclaimed=1) O:ok O:ok	ok	same	-	[0, 0]	0	0	[0, 0]	35	720896	0	0	t1@50304:record-kept-allocated
F6-map-bug-live-instance-table	N3-keep-allocated	OMFOMFF	O:ok M:ok F:noop O:ok M:ok F:ok(F=3,reclaimed=1) F:noop	ok	same	-	[0, 0]	0	0	[0, 0]	29	557056	0	0	t1@50304:record-kept-allocated
F6-map-bug-live-instance-table	N3-keep-allocated	OMFOMFO	O:ok M:ok F:noop O:ok M:ok F:ok(F=3,reclaimed=1) O:ok	ok	same	-	[0, 0]	0	0	[0, 0]	35	688128	0	0	t1@50304:record-kept-allocated
F6-map-bug-live-instance-table	N3-keep-allocated	OMFOMFM	O:ok M:ok F:noop O:ok M:ok F:ok(F=3,reclaimed=1) M:ok	ok	same	-	[0, 0]	0	0	[0, 0]	35	655360	0	0	t1@50304:record-kept-allocated
F6-map-bug-live-instance-table	N3-keep-allocated	OMFOMMF	O:ok M:ok F:noop O:ok M:ok M:ok F:ok(F=3,reclaimed=1)	ok	same	-	[0, 0]	0	0	[0, 0]	35	655360	0	0	t1@50304:record-kept-allocated
F6-map-bug-live-instance-table	N3-keep-allocated	OMFOMMM	O:ok M:ok F:noop O:ok M:ok M:ok M:ok	ok	same	-	[0, 0]	0	0	[0, 0]	35	655360	0	0	t1@50304:record-kept-allocated
F6-map-bug-live-instance-table	N3-keep-allocated	OMFOMOO	O:ok M:ok F:noop O:ok M:ok O:ok O:ok	ok	same	-	[0, 0]	0	0	[0, 0]	35	720896	0	0	t1@50304:record-kept-allocated
F6-map-bug-live-instance-table	N3-keep-allocated	OMFOMMO	O:ok M:ok F:noop O:ok M:ok M:ok O:ok	ok	same	-	[0, 0]	0	0	[0, 0]	35	688128	0	0	t1@50304:record-kept-allocated
F6-map-bug-live-instance-table	N3-keep-allocated	OMFOMOF	O:ok M:ok F:noop O:ok M:ok O:ok F:ok(F=6,reclaimed=18)	ok	same	-	[0, 0]	0	0	[0, 0]	33	655360	0	0	t1@50304:record-kept-allocated
F6-map-bug-live-instance-table	N3-keep-allocated	OMFOMOM	O:ok M:ok F:noop O:ok M:ok O:ok M:ok	ok	same	-	[0, 0]	0	0	[0, 0]	33	655360	0	0	t1@50304:record-kept-allocated
F6-map-bug-live-instance-table	N3-keep-allocated	OMFOOFF	O:ok M:ok F:noop O:ok O:ok F:ok(F=6,reclaimed=18) F:noop	ok	same	-	[0, 0]	0	0	[0, 0]	29	589824	0	0	t1@50304:record-kept-allocated
F6-map-bug-live-instance-table	N3-keep-allocated	OMFOOFO	O:ok M:ok F:noop O:ok O:ok F:ok(F=6,reclaimed=18) O:ok	ok	same	-	[0, 0]	0	0	[0, 0]	35	720896	0	0	t1@50304:record-kept-allocated
F6-map-bug-live-instance-table	N3-keep-allocated	OMFOOFM	O:ok M:ok F:noop O:ok O:ok F:ok(F=6,reclaimed=18) M:ok	ok	same	-	[0, 0]	0	0	[0, 0]	33	655360	0	0	t1@50304:record-kept-allocated
F6-map-bug-live-instance-table	N3-keep-allocated	OMFOOMF	O:ok M:ok F:noop O:ok O:ok M:ok F:ok(F=6,reclaimed=18)	ok	same	-	[0, 0]	0	0	[0, 0]	33	655360	0	0	t1@50304:record-kept-allocated
F6-map-bug-live-instance-table	N3-keep-allocated	OMFOOMM	O:ok M:ok F:noop O:ok O:ok M:ok M:ok	ok	same	-	[0, 0]	0	0	[0, 0]	33	655360	0	0	t1@50304:record-kept-allocated
F6-map-bug-live-instance-table	N3-keep-allocated	OMFOOMO	O:ok M:ok F:noop O:ok O:ok M:ok O:ok	ok	same	-	[0, 0]	0	0	[0, 0]	35	720896	0	0	t1@50304:record-kept-allocated
F6-map-bug-live-instance-table	N3-keep-allocated	OMFOOOF	O:ok M:ok F:noop O:ok O:ok O:ok F:ok(F=7,reclaimed=25)	ok	same	I-3.1	[0, 0]	0	0	[0, 0]	37	753664	0	0	t1@50304:record-kept-allocated
F6-map-bug-live-instance-table	N3-keep-allocated	OMFOOOM	O:ok M:ok F:noop O:ok O:ok O:ok M:ok	ok	same	-	[0, 0]	0	0	[0, 0]	37	753664	0	0	t1@50304:record-kept-allocated
F6-map-bug-live-instance-table	N3-keep-allocated	OMFOOOO	O:ok M:ok F:noop O:ok O:ok O:ok O:ok	ok	same	-	[0, 0]	0	0	[0, 0]	37	786432	0	0	t1@50304:record-kept-allocated
F6-map-bug-live-instance-table	N3-keep-allocated	OMMFFFF	O:ok M:ok M:ok F:noop F:noop F:noop F:noop	ok	same	-	[0, 0]	0	0	[0, 0]	19	360448	0	0	t1@50304:record-kept-allocated
F6-map-bug-live-instance-table	N3-keep-allocated	OMMFFFO	O:ok M:ok M:ok F:noop F:noop F:noop O:ok	ok	same	-	[0, 0]	0	0	[0, 0]	25	491520	0	0	t1@50304:record-kept-allocated
F6-map-bug-live-instance-table	N3-keep-allocated	OMMFFMF	O:ok M:ok M:ok F:noop F:noop M:ok F:noop	ok	same	-	[0, 0]	0	0	[0, 0]	25	458752	0	0	t1@50304:record-kept-allocated
F6-map-bug-live-instance-table	N3-keep-allocated	OMMFFFM	O:ok M:ok M:ok F:noop F:noop F:noop M:ok	ok	same	-	[0, 0]	0	0	[0, 0]	25	458752	0	0	t1@50304:record-kept-allocated
F6-map-bug-live-instance-table	N3-keep-allocated	OMMFFMO	O:ok M:ok M:ok F:noop F:noop M:ok O:ok	ok	same	-	[0, 0]	0	0	[0, 0]	31	589824	0	0	t1@50304:record-kept-allocated
F6-map-bug-live-instance-table	N3-keep-allocated	OMMFFMM	O:ok M:ok M:ok F:noop F:noop M:ok M:ok	ok	same	-	[0, 0]	0	0	[0, 0]	31	557056	0	0	t1@50304:record-kept-allocated
F6-map-bug-live-instance-table	N3-keep-allocated	OMMFFOF	O:ok M:ok M:ok F:noop F:noop O:ok F:ok(F=3,reclaimed=1)	ok	same	-	[0, 0]	0	0	[0, 0]	29	557056	0	0	t1@50304:record-kept-allocated
F6-map-bug-live-instance-table	N3-keep-allocated	OMMFFOM	O:ok M:ok M:ok F:noop F:noop O:ok M:ok	ok	same	-	[0, 0]	0	0	[0, 0]	29	557056	0	0	t1@50304:record-kept-allocated
F6-map-bug-live-instance-table	N3-keep-allocated	OMMFFOO	O:ok M:ok M:ok F:noop F:noop O:ok O:ok	ok	same	-	[0, 0]	0	0	[0, 0]	31	622592	0	0	t1@50304:record-kept-allocated
F6-map-bug-live-instance-table	N3-keep-allocated	OMMFMFF	O:ok M:ok M:ok F:noop M:ok F:noop F:noop	ok	same	-	[0, 0]	0	0	[0, 0]	25	458752	0	0	t1@50304:record-kept-allocated
F6-map-bug-live-instance-table	N3-keep-allocated	OMMFMFM	O:ok M:ok M:ok F:noop M:ok F:noop M:ok	ok	same	-	[0, 0]	0	0	[0, 0]	31	557056	0	0	t1@50304:record-kept-allocated
F6-map-bug-live-instance-table	N3-keep-allocated	OMMFMFO	O:ok M:ok M:ok F:noop M:ok F:noop O:ok	ok	same	-	[0, 0]	0	0	[0, 0]	31	589824	0	0	t1@50304:record-kept-allocated
F6-map-bug-live-instance-table	N3-keep-allocated	OMMFMMF	O:ok M:ok M:ok F:noop M:ok M:ok F:noop	ok	same	-	[0, 0]	0	0	[0, 0]	31	557056	0	0	t1@50304:record-kept-allocated
F6-map-bug-live-instance-table	N3-keep-allocated	OMMFMOF	O:ok M:ok M:ok F:noop M:ok O:ok F:ok(F=3,reclaimed=1)	ok	same	-	[0, 0]	0	0	[0, 0]	35	655360	0	0	t1@50304:record-kept-allocated
F6-map-bug-live-instance-table	N3-keep-allocated	OMMFMMO	O:ok M:ok M:ok F:noop M:ok M:ok O:ok	ok	same	-	[0, 0]	0	0	[0, 0]	37	688128	0	0	t1@50304:record-kept-allocated
F6-map-bug-live-instance-table	N3-keep-allocated	OMMFMMM	O:ok M:ok M:ok F:noop M:ok M:ok M:ok	ok	same	-	[0, 0]	0	0	[0, 0]	37	655360	0	0	t1@50304:record-kept-allocated
F6-map-bug-live-instance-table	N3-keep-allocated	OMMFMOM	O:ok M:ok M:ok F:noop M:ok O:ok M:ok	ok	same	-	[0, 0]	0	0	[0, 0]	35	655360	0	0	t1@50304:record-kept-allocated
F6-map-bug-live-instance-table	N3-keep-allocated	OMMFOFF	O:ok M:ok M:ok F:noop O:ok F:ok(F=3,reclaimed=1) F:noop	ok	same	-	[0, 0]	0	0	[0, 0]	29	557056	0	0	t1@50304:record-kept-allocated
F6-map-bug-live-instance-table	N3-keep-allocated	OMMFOFO	O:ok M:ok M:ok F:noop O:ok F:ok(F=3,reclaimed=1) O:ok	ok	same	-	[0, 0]	0	0	[0, 0]	35	688128	0	0	t1@50304:record-kept-allocated
F6-map-bug-live-instance-table	N3-keep-allocated	OMMFMOO	O:ok M:ok M:ok F:noop M:ok O:ok O:ok	ok	same	-	[0, 0]	0	0	[0, 0]	37	720896	0	0	t1@50304:record-kept-allocated
F6-map-bug-live-instance-table	N3-keep-allocated	OMMFOFM	O:ok M:ok M:ok F:noop O:ok F:ok(F=3,reclaimed=1) M:ok	ok	same	-	[0, 0]	0	0	[0, 0]	35	655360	0	0	t1@50304:record-kept-allocated
F6-map-bug-live-instance-table	N3-keep-allocated	OMMFOOF	O:ok M:ok M:ok F:noop O:ok O:ok F:ok(F=6,reclaimed=18)	ok	same	-	[0, 0]	0	0	[0, 0]	35	688128	0	0	t1@50304:record-kept-allocated
F6-map-bug-live-instance-table	N3-keep-allocated	OMMFOMO	O:ok M:ok M:ok F:noop O:ok M:ok O:ok	ok	same	-	[0, 0]	0	0	[0, 0]	35	688128	0	0	t1@50304:record-kept-allocated
F6-map-bug-live-instance-table	N3-keep-allocated	OMMFOMM	O:ok M:ok M:ok F:noop O:ok M:ok M:ok	ok	same	-	[0, 0]	0	0	[0, 0]	35	655360	0	0	t1@50304:record-kept-allocated
F6-map-bug-live-instance-table	N3-keep-allocated	OMMFOMF	O:ok M:ok M:ok F:noop O:ok M:ok F:ok(F=3,reclaimed=1)	ok	same	-	[0, 0]	0	0	[0, 0]	35	655360	0	0	t1@50304:record-kept-allocated
F6-map-bug-live-instance-table	N3-keep-allocated	OMMFOOO	O:ok M:ok M:ok F:noop O:ok O:ok O:ok	ok	same	-	[0, 0]	0	0	[0, 0]	37	753664	0	0	t1@50304:record-kept-allocated
F6-map-bug-live-instance-table	N3-keep-allocated	OMMFOOM	O:ok M:ok M:ok F:noop O:ok O:ok M:ok	ok	same	-	[0, 0]	0	0	[0, 0]	35	688128	0	0	t1@50304:record-kept-allocated
F6-map-bug-live-instance-table	N3-keep-allocated	OMMMFFF	O:ok M:ok M:ok M:ok F:noop F:noop F:noop	ok	same	-	[0, 0]	0	0	[0, 0]	25	458752	0	0	t1@50304:record-kept-allocated
F6-map-bug-live-instance-table	N3-keep-allocated	OMMMFFM	O:ok M:ok M:ok M:ok F:noop F:noop M:ok	ok	same	-	[0, 0]	0	0	[0, 0]	31	557056	0	0	t1@50304:record-kept-allocated
F6-map-bug-live-instance-table	N3-keep-allocated	OMMMFFO	O:ok M:ok M:ok M:ok F:noop F:noop O:ok	ok	same	-	[0, 0]	0	0	[0, 0]	31	589824	0	0	t1@50304:record-kept-allocated
F6-map-bug-live-instance-table	N3-keep-allocated	OMMMFMF	O:ok M:ok M:ok M:ok F:noop M:ok F:noop	ok	same	-	[0, 0]	0	0	[0, 0]	31	557056	0	0	t1@50304:record-kept-allocated
F6-map-bug-live-instance-table	N3-keep-allocated	OMMMFMM	O:ok M:ok M:ok M:ok F:noop M:ok M:ok	ok	same	-	[0, 0]	0	0	[0, 0]	37	655360	0	0	t1@50304:record-kept-allocated
F6-map-bug-live-instance-table	N3-keep-allocated	OMMMFMO	O:ok M:ok M:ok M:ok F:noop M:ok O:ok	ok	same	-	[0, 0]	0	0	[0, 0]	37	688128	0	0	t1@50304:record-kept-allocated
F6-map-bug-live-instance-table	N3-keep-allocated	OMMMFOF	O:ok M:ok M:ok M:ok F:noop O:ok F:ok(F=3,reclaimed=1)	ok	same	-	[0, 0]	0	0	[0, 0]	35	655360	0	0	t1@50304:record-kept-allocated
F6-map-bug-live-instance-table	N3-keep-allocated	OMMMFOM	O:ok M:ok M:ok M:ok F:noop O:ok M:ok	ok	same	-	[0, 0]	0	0	[0, 0]	35	655360	0	0	t1@50304:record-kept-allocated
F6-map-bug-live-instance-table	N3-keep-allocated	OMMMFOO	O:ok M:ok M:ok M:ok F:noop O:ok O:ok	ok	same	-	[0, 0]	0	0	[0, 0]	37	720896	0	0	t1@50304:record-kept-allocated
F6-map-bug-live-instance-table	N3-keep-allocated	OMMMMFF	O:ok M:ok M:ok M:ok M:ok F:noop F:noop	ok	same	-	[0, 0]	0	0	[0, 0]	31	557056	0	0	t1@50304:record-kept-allocated
F6-map-bug-live-instance-table	N3-keep-allocated	OMMMMFO	O:ok M:ok M:ok M:ok M:ok F:noop O:ok	ok	same	-	[0, 0]	0	0	[0, 0]	37	688128	0	0	t1@50304:record-kept-allocated
F6-map-bug-live-instance-table	N3-keep-allocated	OMMMMFM	O:ok M:ok M:ok M:ok M:ok F:noop M:ok	ok	same	-	[0, 0]	0	0	[0, 0]	37	655360	0	0	t1@50304:record-kept-allocated
F6-map-bug-live-instance-table	N3-keep-allocated	OMMMMMM	O:ok M:ok M:ok M:ok M:ok M:ok M:ok	ok	same	I-3.1	[0, 0]	0	0	[0, 0]	43	753664	0	0	t1@50304:record-kept-allocated
F6-map-bug-live-instance-table	N3-keep-allocated	OMMMMMF	O:ok M:ok M:ok M:ok M:ok M:ok F:noop	ok	same	-	[0, 0]	0	0	[0, 0]	37	655360	0	0	t1@50304:record-kept-allocated
F6-map-bug-live-instance-table	N3-keep-allocated	OMMMMOF	O:ok M:ok M:ok M:ok M:ok O:ok F:ok(F=3,reclaimed=1)	ok	same	-	[0, 0]	0	0	[0, 0]	41	753664	0	0	t1@50304:record-kept-allocated
F6-map-bug-live-instance-table	N3-keep-allocated	OMMMMMO	O:ok M:ok M:ok M:ok M:ok M:ok O:ok	ok	same	-	[0, 0]	0	0	[0, 0]	43	786432	0	0	t1@50304:record-kept-allocated
F6-map-bug-live-instance-table	N3-keep-allocated	OMMMMOO	O:ok M:ok M:ok M:ok M:ok O:ok O:ok	ok	same	-	[0, 0]	0	0	[0, 0]	43	819200	0	0	t1@50304:record-kept-allocated
F6-map-bug-live-instance-table	N3-keep-allocated	OMMMMOM	O:ok M:ok M:ok M:ok M:ok O:ok M:ok	ok	same	-	[0, 0]	0	0	[0, 0]	41	753664	0	0	t1@50304:record-kept-allocated
F6-map-bug-live-instance-table	N3-keep-allocated	OMMMOFO	O:ok M:ok M:ok M:ok O:ok F:ok(F=3,reclaimed=1) O:ok	ok	same	-	[0, 0]	0	0	[0, 0]	41	786432	0	0	t1@50304:record-kept-allocated
F6-map-bug-live-instance-table	N3-keep-allocated	OMMMOFF	O:ok M:ok M:ok M:ok O:ok F:ok(F=3,reclaimed=1) F:noop	ok	same	-	[0, 0]	0	0	[0, 0]	35	655360	0	0	t1@50304:record-kept-allocated
F6-map-bug-live-instance-table	N3-keep-allocated	OMMMOMF	O:ok M:ok M:ok M:ok O:ok M:ok F:ok(F=3,reclaimed=1)	ok	same	-	[0, 0]	0	0	[0, 0]	41	753664	0	0	t1@50304:record-kept-allocated
F6-map-bug-live-instance-table	N3-keep-allocated	OMMMOFM	O:ok M:ok M:ok M:ok O:ok F:ok(F=3,reclaimed=1) M:ok	ok	same	-	[0, 0]	0	0	[0, 0]	41	753664	0	0	t1@50304:record-kept-allocated
F6-map-bug-live-instance-table	N3-keep-allocated	OMMMOMM	O:ok M:ok M:ok M:ok O:ok M:ok M:ok	ok	same	-	[0, 0]	0	0	[0, 0]	41	753664	0	0	t1@50304:record-kept-allocated
F6-map-bug-live-instance-table	N3-keep-allocated	OMMMOMO	O:ok M:ok M:ok M:ok O:ok M:ok O:ok	ok	same	-	[0, 0]	0	0	[0, 0]	41	786432	0	0	t1@50304:record-kept-allocated
F6-map-bug-live-instance-table	N3-keep-allocated	OMMMOOF	O:ok M:ok M:ok M:ok O:ok O:ok F:ok(F=6,reclaimed=18)	ok	same	-	[0, 0]	0	0	[0, 0]	41	786432	0	0	t1@50304:record-kept-allocated
F6-map-bug-live-instance-table	N3-keep-allocated	OMMMOOM	O:ok M:ok M:ok M:ok O:ok O:ok M:ok	ok	same	-	[0, 0]	0	0	[0, 0]	41	786432	0	0	t1@50304:record-kept-allocated
F6-map-bug-live-instance-table	N3-keep-allocated	OMMMOOO	O:ok M:ok M:ok M:ok O:ok O:ok O:ok	ok	same	-	[0, 0]	0	0	[0, 0]	43	851968	0	0	t1@50304:record-kept-allocated
F6-map-bug-live-instance-table	N3-keep-allocated	OMMOFFF	O:ok M:ok M:ok O:ok F:ok(F=3,reclaimed=1) F:noop F:noop	ok	same	-	[0, 0]	0	0	[0, 0]	29	557056	0	0	t1@50304:record-kept-allocated
F6-map-bug-live-instance-table	N3-keep-allocated	OMMOFFM	O:ok M:ok M:ok O:ok F:ok(F=3,reclaimed=1) F:noop M:ok	ok	same	-	[0, 0]	0	0	[0, 0]	35	655360	0	0	t1@50304:record-kept-allocated
F6-map-bug-live-instance-table	N3-keep-allocated	OMMOFFO	O:ok M:ok M:ok O:ok F:ok(F=3,reclaimed=1) F:noop O:ok	ok	same	-	[0, 0]	0	0	[0, 0]	35	688128	0	0	t1@50304:record-kept-allocated
F6-map-bug-live-instance-table	N3-keep-allocated	OMMOFMF	O:ok M:ok M:ok O:ok F:ok(F=3,reclaimed=1) M:ok F:noop	ok	same	-	[0, 0]	0	0	[0, 0]	35	655360	0	0	t1@50304:record-kept-allocated
F6-map-bug-live-instance-table	N3-keep-allocated	OMMOFMM	O:ok M:ok M:ok O:ok F:ok(F=3,reclaimed=1) M:ok M:ok	ok	same	-	[0, 0]	0	0	[0, 0]	41	753664	0	0	t1@50304:record-kept-allocated
F6-map-bug-live-instance-table	N3-keep-allocated	OMMOFOF	O:ok M:ok M:ok O:ok F:ok(F=3,reclaimed=1) O:ok F:ok(F=6,reclaimed=17)	ok	same	-	[0, 0]	0	0	[0, 0]	39	753664	0	0	t1@50304:record-kept-allocated
F6-map-bug-live-instance-table	N3-keep-allocated	OMMOFMO	O:ok M:ok M:ok O:ok F:ok(F=3,reclaimed=1) M:ok O:ok	ok	same	-	[0, 0]	0	0	[0, 0]	41	786432	0	0	t1@50304:record-kept-allocated
F6-map-bug-live-instance-table	N3-keep-allocated	OMMOFOO	O:ok M:ok M:ok O:ok F:ok(F=3,reclaimed=1) O:ok O:ok	ok	same	-	[0, 0]	0	0	[0, 0]	41	819200	0	0	t1@50304:record-kept-allocated
F6-map-bug-live-instance-table	N3-keep-allocated	OMMOFOM	O:ok M:ok M:ok O:ok F:ok(F=3,reclaimed=1) O:ok M:ok	ok	same	-	[0, 0]	0	0	[0, 0]	39	753664	0	0	t1@50304:record-kept-allocated
F6-map-bug-live-instance-table	N3-keep-allocated	OMMOMFF	O:ok M:ok M:ok O:ok M:ok F:ok(F=3,reclaimed=1) F:noop	ok	same	-	[0, 0]	0	0	[0, 0]	35	655360	0	0	t1@50304:record-kept-allocated
F6-map-bug-live-instance-table	N3-keep-allocated	OMMOMFM	O:ok M:ok M:ok O:ok M:ok F:ok(F=3,reclaimed=1) M:ok	ok	same	-	[0, 0]	0	0	[0, 0]	41	753664	0	0	t1@50304:record-kept-allocated
F6-map-bug-live-instance-table	N3-keep-allocated	OMMOMFO	O:ok M:ok M:ok O:ok M:ok F:ok(F=3,reclaimed=1) O:ok	ok	same	-	[0, 0]	0	0	[0, 0]	41	786432	0	0	t1@50304:record-kept-allocated
F6-map-bug-live-instance-table	N3-keep-allocated	OMMOMMO	O:ok M:ok M:ok O:ok M:ok M:ok O:ok	ok	same	-	[0, 0]	0	0	[0, 0]	41	786432	0	0	t1@50304:record-kept-allocated
F6-map-bug-live-instance-table	N3-keep-allocated	OMMOMMF	O:ok M:ok M:ok O:ok M:ok M:ok F:ok(F=3,reclaimed=1)	ok	same	-	[0, 0]	0	0	[0, 0]	41	753664	0	0	t1@50304:record-kept-allocated
F6-map-bug-live-instance-table	N3-keep-allocated	OMMOMMM	O:ok M:ok M:ok O:ok M:ok M:ok M:ok	ok	same	-	[0, 0]	0	0	[0, 0]	41	753664	0	0	t1@50304:record-kept-allocated
F6-map-bug-live-instance-table	N3-keep-allocated	OMMOMOF	O:ok M:ok M:ok O:ok M:ok O:ok F:ok(F=6,reclaimed=18)	ok	same	-	[0, 0]	0	0	[0, 0]	39	753664	0	0	t1@50304:record-kept-allocated
F6-map-bug-live-instance-table	N3-keep-allocated	OMMOOFF	O:ok M:ok M:ok O:ok O:ok F:ok(F=6,reclaimed=18) F:noop	ok	same	-	[0, 0]	0	0	[0, 0]	35	688128	0	0	t1@50304:record-kept-allocated
F6-map-bug-live-instance-table	N3-keep-allocated	OMMOMOO	O:ok M:ok M:ok O:ok M:ok O:ok O:ok	ok	same	-	[0, 0]	0	0	[0, 0]	41	819200	0	0	t1@50304:record-kept-allocated
F6-map-bug-live-instance-table	N3-keep-allocated	OMMOMOM	O:ok M:ok M:ok O:ok M:ok O:ok M:ok	ok	same	-	[0, 0]	0	0	[0, 0]	39	753664	0	0	t1@50304:record-kept-allocated
F6-map-bug-live-instance-table	N3-keep-allocated	OMMOOFM	O:ok M:ok M:ok O:ok O:ok F:ok(F=6,reclaimed=18) M:ok	ok	same	-	[0, 0]	0	0	[0, 0]	39	753664	0	0	t1@50304:record-kept-allocated
F6-map-bug-live-instance-table	N3-keep-allocated	OMMOOFO	O:ok M:ok M:ok O:ok O:ok F:ok(F=6,reclaimed=18) O:ok	ok	same	-	[0, 0]	0	0	[0, 0]	41	819200	0	0	t1@50304:record-kept-allocated
F6-map-bug-live-instance-table	N3-keep-allocated	OMMOOMF	O:ok M:ok M:ok O:ok O:ok M:ok F:ok(F=6,reclaimed=18)	ok	same	-	[0, 0]	0	0	[0, 0]	39	753664	0	0	t1@50304:record-kept-allocated
F6-map-bug-live-instance-table	N3-keep-allocated	OMMOOMO	O:ok M:ok M:ok O:ok O:ok M:ok O:ok	ok	same	-	[0, 0]	0	0	[0, 0]	41	819200	0	0	t1@50304:record-kept-allocated
F6-map-bug-live-instance-table	N3-keep-allocated	OMMOOMM	O:ok M:ok M:ok O:ok O:ok M:ok M:ok	ok	same	-	[0, 0]	0	0	[0, 0]	39	753664	0	0	t1@50304:record-kept-allocated
F6-map-bug-live-instance-table	N3-keep-allocated	OMMOOOF	O:ok M:ok M:ok O:ok O:ok O:ok F:ok(F=7,reclaimed=25)	ok	same	I-3.1	[0, 0]	0	0	[0, 0]	43	851968	0	0	t1@50304:record-kept-allocated
F6-map-bug-live-instance-table	N3-keep-allocated	OMMOOOM	O:ok M:ok M:ok O:ok O:ok O:ok M:ok	ok	same	-	[0, 0]	0	0	[0, 0]	43	851968	0	0	t1@50304:record-kept-allocated
F6-map-bug-live-instance-table	N3-keep-allocated	OMMOOOO	O:ok M:ok M:ok O:ok O:ok O:ok O:ok	ok	same	-	[0, 0]	0	0	[0, 0]	43	884736	0	0	t1@50304:record-kept-allocated
F6-map-bug-live-instance-table	N3-keep-allocated	OMOFFFF	O:ok M:ok O:ok F:ok(F=3,reclaimed=1) F:noop F:noop F:noop	ok	same	-	[0, 0]	0	0	[0, 0]	23	458752	0	0	t1@50304:record-kept-allocated
F6-map-bug-live-instance-table	N3-keep-allocated	OMOFFFM	O:ok M:ok O:ok F:ok(F=3,reclaimed=1) F:noop F:noop M:ok	ok	same	-	[0, 0]	0	0	[0, 0]	29	557056	0	0	t1@50304:record-kept-allocated
F6-map-bug-live-instance-table	N3-keep-allocated	OMOFFFO	O:ok M:ok O:ok F:ok(F=3,reclaimed=1) F:noop F:noop O:ok	ok	same	-	[0, 0]	0	0	[0, 0]	29	589824	0	0	t1@50304:record-kept-allocated
F6-map-bug-live-instance-table	N3-keep-allocated	OMOFFMF	O:ok M:ok O:ok F:ok(F=3,reclaimed=1) F:noop M:ok F:noop	ok	same	-	[0, 0]	0	0	[0, 0]	29	557056	0	0	t1@50304:record-kept-allocated
F6-map-bug-live-instance-table	N3-keep-allocated	OMOFFMO	O:ok M:ok O:ok F:ok(F=3,reclaimed=1) F:noop M:ok O:ok	ok	same	-	[0, 0]	0	0	[0, 0]	35	688128	0	0	t1@50304:record-kept-allocated
F6-map-bug-live-instance-table	N3-keep-allocated	OMOFFMM	O:ok M:ok O:ok F:ok(F=3,reclaimed=1) F:noop M:ok M:ok	ok	same	-	[0, 0]	0	0	[0, 0]	35	655360	0	0	t1@50304:record-kept-allocated
F6-map-bug-live-instance-table	N3-keep-allocated	OMOFFOF	O:ok M:ok O:ok F:ok(F=3,reclaimed=1) F:noop O:ok F:ok(F=6,reclaimed=17)	ok	same	-	[0, 0]	0	0	[0, 0]	33	655360	0	0	t1@50304:record-kept-allocated
F6-map-bug-live-instance-table	N3-keep-allocated	OMOFFOM	O:ok M:ok O:ok F:ok(F=3,reclaimed=1) F:noop O:ok M:ok	ok	same	-	[0, 0]	0	0	[0, 0]	33	655360	0	0	t1@50304:record-kept-allocated
F6-map-bug-live-instance-table	N3-keep-allocated	OMOFFOO	O:ok M:ok O:ok F:ok(F=3,reclaimed=1) F:noop O:ok O:ok	ok	same	-	[0, 0]	0	0	[0, 0]	35	720896	0	0	t1@50304:record-kept-allocated
F6-map-bug-live-instance-table	N3-keep-allocated	OMOFMFF	O:ok M:ok O:ok F:ok(F=3,reclaimed=1) M:ok F:noop F:noop	ok	same	-	[0, 0]	0	0	[0, 0]	29	557056	0	0	t1@50304:record-kept-allocated
F6-map-bug-live-instance-table	N3-keep-allocated	OMOFMFM	O:ok M:ok O:ok F:ok(F=3,reclaimed=1) M:ok F:noop M:ok	ok	same	-	[0, 0]	0	0	[0, 0]	35	655360	0	0	t1@50304:record-kept-allocated
F6-map-bug-live-instance-table	N3-keep-allocated	OMOFMFO	O:ok M:ok O:ok F:ok(F=3,reclaimed=1) M:ok F:noop O:ok	ok	same	-	[0, 0]	0	0	[0, 0]	35	688128	0	0	t1@50304:record-kept-allocated
F6-map-bug-live-instance-table	N3-keep-allocated	OMOFMMO	O:ok M:ok O:ok F:ok(F=3,reclaimed=1) M:ok M:ok O:ok	ok	same	-	[0, 0]	0	0	[0, 0]	41	786432	0	0	t1@50304:record-kept-allocated
F6-map-bug-live-instance-table	N3-keep-allocated	OMOFMMF	O:ok M:ok O:ok F:ok(F=3,reclaimed=1) M:ok M:ok F:noop	ok	same	-	[0, 0]	0	0	[0, 0]	35	655360	0	0	t1@50304:record-kept-allocated
F6-map-bug-live-instance-table	N3-keep-allocated	OMOFMMM	O:ok M:ok O:ok F:ok(F=3,reclaimed=1) M:ok M:ok M:ok	ok	same	-	[0, 0]	0	0	[0, 0]	41	753664	0	0	t1@50304:record-kept-allocated
F6-map-bug-live-instance-table	N3-keep-allocated	OMOFMOF	O:ok M:ok O:ok F:ok(F=3,reclaimed=1) M:ok O:ok F:ok(F=6,reclaimed=17)	ok	same	-	[0, 0]	0	0	[0, 0]	39	753664	0	0	t1@50304:record-kept-allocated
F6-map-bug-live-instance-table	N3-keep-allocated	OMOFMOO	O:ok M:ok O:ok F:ok(F=3,reclaimed=1) M:ok O:ok O:ok	ok	same	-	[0, 0]	0	0	[0, 0]	41	819200	0	0	t1@50304:record-kept-allocated
F6-map-bug-live-instance-table	N3-keep-allocated	OMOFOFF	O:ok M:ok O:ok F:ok(F=3,reclaimed=1) O:ok F:ok(F=6,reclaimed=17) F:noop	ok	same	-	[0, 0]	0	0	[0, 0]	33	655360	0	0	t1@50304:record-kept-allocated
F6-map-bug-live-instance-table	N3-keep-allocated	OMOFMOM	O:ok M:ok O:ok F:ok(F=3,reclaimed=1) M:ok O:ok M:ok	ok	same	-	[0, 0]	0	0	[0, 0]	39	753664	0	0	t1@50304:record-kept-allocated
F6-map-bug-live-instance-table	N3-keep-allocated	OMOFOFO	O:ok M:ok O:ok F:ok(F=3,reclaimed=1) O:ok F:ok(F=6,reclaimed=17) O:ok	ok	same	-	[0, 0]	0	0	[0, 0]	39	786432	0	0	t1@50304:record-kept-allocated
F6-map-bug-live-instance-table	N3-keep-allocated	OMOFOFM	O:ok M:ok O:ok F:ok(F=3,reclaimed=1) O:ok F:ok(F=6,reclaimed=17) M:ok	ok	same	-	[0, 0]	0	0	[0, 0]	39	753664	0	0	t1@50304:record-kept-allocated
F6-map-bug-live-instance-table	N3-keep-allocated	OMOFOMF	O:ok M:ok O:ok F:ok(F=3,reclaimed=1) O:ok M:ok F:ok(F=6,reclaimed=17)	ok	same	-	[0, 0]	0	0	[0, 0]	39	753664	0	0	t1@50304:record-kept-allocated
F6-map-bug-live-instance-table	N3-keep-allocated	OMOFOMM	O:ok M:ok O:ok F:ok(F=3,reclaimed=1) O:ok M:ok M:ok	ok	same	-	[0, 0]	0	0	[0, 0]	39	753664	0	0	t1@50304:record-kept-allocated
F6-map-bug-live-instance-table	N3-keep-allocated	OMOFOOO	O:ok M:ok O:ok F:ok(F=3,reclaimed=1) O:ok O:ok O:ok	ok	same	-	[0, 0]	0	0	[0, 0]	41	851968	0	0	t1@50304:record-kept-allocated
F6-map-bug-live-instance-table	N3-keep-allocated	OMOFOOF	O:ok M:ok O:ok F:ok(F=3,reclaimed=1) O:ok O:ok F:ok(F=7,reclaimed=24)	ok	same	I-3.1	[0, 0]	0	0	[0, 0]	39	786432	0	0	t1@50304:record-kept-allocated
F6-map-bug-live-instance-table	N3-keep-allocated	OMOFOMO	O:ok M:ok O:ok F:ok(F=3,reclaimed=1) O:ok M:ok O:ok	ok	same	-	[0, 0]	0	0	[0, 0]	39	786432	0	0	t1@50304:record-kept-allocated
F6-map-bug-live-instance-table	N3-keep-allocated	OMOFOOM	O:ok M:ok O:ok F:ok(F=3,reclaimed=1) O:ok O:ok M:ok	ok	same	-	[0, 0]	0	0	[0, 0]	39	786432	0	0	t1@50304:record-kept-allocated
F6-map-bug-live-instance-table	N3-keep-allocated	OMOMFFF	O:ok M:ok O:ok M:ok F:ok(F=3,reclaimed=1) F:noop F:noop	ok	same	-	[0, 0]	0	0	[0, 0]	29	557056	0	0	t1@50304:record-kept-allocated
F6-map-bug-live-instance-table	N3-keep-allocated	OMOMFMF	O:ok M:ok O:ok M:ok F:ok(F=3,reclaimed=1) M:ok F:noop	ok	same	-	[0, 0]	0	0	[0, 0]	35	655360	0	0	t1@50304:record-kept-allocated
F6-map-bug-live-instance-table	N3-keep-allocated	OMOMFFO	O:ok M:ok O:ok M:ok F:ok(F=3,reclaimed=1) F:noop O:ok	ok	same	-	[0, 0]	0	0	[0, 0]	35	688128	0	0	t1@50304:record-kept-allocated
F6-map-bug-live-instance-table	N3-keep-allocated	OMOMFFM	O:ok M:ok O:ok M:ok F:ok(F=3,reclaimed=1) F:noop M:ok	ok	same	-	[0, 0]	0	0	[0, 0]	35	655360	0	0	t1@50304:record-kept-allocated
F6-map-bug-live-instance-table	N3-keep-allocated	OMOMFOF	O:ok M:ok O:ok M:ok F:ok(F=3,reclaimed=1) O:ok F:ok(F=6,reclaimed=17)	ok	same	-	[0, 0]	0	0	[0, 0]	39	753664	0	0	t1@50304:record-kept-allocated
F6-map-bug-live-instance-table	N3-keep-allocated	OMOMFOM	O:ok M:ok O:ok M:ok F:ok(F=3,reclaimed=1) O:ok M:ok	ok	same	-	[0, 0]	0	0	[0, 0]	39	753664	0	0	t1@50304:record-kept-allocated
F6-map-bug-live-instance-table	N3-keep-allocated	OMOMFMO	O:ok M:ok O:ok M:ok F:ok(F=3,reclaimed=1) M:ok O:ok	ok	same	-	[0, 0]	0	0	[0, 0]	41	786432	0	0	t1@50304:record-kept-allocated
F6-map-bug-live-instance-table	N3-keep-allocated	OMOMFMM	O:ok M:ok O:ok M:ok F:ok(F=3,reclaimed=1) M:ok M:ok	ok	same	-	[0, 0]	0	0	[0, 0]	41	753664	0	0	t1@50304:record-kept-allocated
F6-map-bug-live-instance-table	N3-keep-allocated	OMOMFOO	O:ok M:ok O:ok M:ok F:ok(F=3,reclaimed=1) O:ok O:ok	ok	same	-	[0, 0]	0	0	[0, 0]	41	819200	0	0	t1@50304:record-kept-allocated
F6-map-bug-live-instance-table	N3-keep-allocated	OMOMMFO	O:ok M:ok O:ok M:ok M:ok F:ok(F=3,reclaimed=1) O:ok	ok	same	-	[0, 0]	0	0	[0, 0]	41	786432	0	0	t1@50304:record-kept-allocated
F6-map-bug-live-instance-table	N3-keep-allocated	OMOMMFF	O:ok M:ok O:ok M:ok M:ok F:ok(F=3,reclaimed=1) F:noop	ok	same	-	[0, 0]	0	0	[0, 0]	35	655360	0	0	t1@50304:record-kept-allocated
F6-map-bug-live-instance-table	N3-keep-allocated	OMOMMFM	O:ok M:ok O:ok M:ok M:ok F:ok(F=3,reclaimed=1) M:ok	ok	same	-	[0, 0]	0	0	[0, 0]	41	753664	0	0	t1@50304:record-kept-allocated
F6-map-bug-live-instance-table	N3-keep-allocated	OMOMMOF	O:ok M:ok O:ok M:ok M:ok O:ok F:ok(F=6,reclaimed=18)	ok	same	-	[0, 0]	0	0	[0, 0]	39	753664	0	0	t1@50304:record-kept-allocated
F6-map-bug-live-instance-table	N3-keep-allocated	OMOMMMO	O:ok M:ok O:ok M:ok M:ok M:ok O:ok	ok	same	-	[0, 0]	0	0	[0, 0]	41	786432	0	0	t1@50304:record-kept-allocated
F6-map-bug-live-instance-table	N3-keep-allocated	OMOMMMF	O:ok M:ok O:ok M:ok M:ok M:ok F:ok(F=3,reclaimed=1)	ok	same	-	[0, 0]	0	0	[0, 0]	41	753664	0	0	t1@50304:record-kept-allocated
F6-map-bug-live-instance-table	N3-keep-allocated	OMOMMMM	O:ok M:ok O:ok M:ok M:ok M:ok M:ok	ok	same	-	[0, 0]	0	0	[0, 0]	41	753664	0	0	t1@50304:record-kept-allocated
F6-map-bug-live-instance-table	N3-keep-allocated	OMOMOFF	O:ok M:ok O:ok M:ok O:ok F:ok(F=6,reclaimed=18) F:noop	ok	same	-	[0, 0]	0	0	[0, 0]	33	655360	0	0	t1@50304:record-kept-allocated
F6-map-bug-live-instance-table	N3-keep-allocated	OMOMMOO	O:ok M:ok O:ok M:ok M:ok O:ok O:ok	ok	same	-	[0, 0]	0	0	[0, 0]	41	819200	0	0	t1@50304:record-kept-allocated
F6-map-bug-live-instance-table	N3-keep-allocated	OMOMOFM	O:ok M:ok O:ok M:ok O:ok F:ok(F=6,reclaimed=18) M:ok	ok	same	-	[0, 0]	0	0	[0, 0]	39	753664	0	0	t1@50304:record-kept-allocated
F6-map-bug-live-instance-table	N3-keep-allocated	OMOMMOM	O:ok M:ok O:ok M:ok M:ok O:ok M:ok	ok	same	-	[0, 0]	0	0	[0, 0]	39	753664	0	0	t1@50304:record-kept-allocated
F6-map-bug-live-instance-table	N3-keep-allocated	OMOMOFO	O:ok M:ok O:ok M:ok O:ok F:ok(F=6,reclaimed=18) O:ok	ok	same	-	[0, 0]	0	0	[0, 0]	39	786432	0	0	t1@50304:record-kept-allocated
F6-map-bug-live-instance-table	N3-keep-allocated	OMOMOMO	O:ok M:ok O:ok M:ok O:ok M:ok O:ok	ok	same	-	[0, 0]	0	0	[0, 0]	39	786432	0	0	t1@50304:record-kept-allocated
F6-map-bug-live-instance-table	N3-keep-allocated	OMOMOMF	O:ok M:ok O:ok M:ok O:ok M:ok F:ok(F=6,reclaimed=18)	ok	same	-	[0, 0]	0	0	[0, 0]	39	753664	0	0	t1@50304:record-kept-allocated
F6-map-bug-live-instance-table	N3-keep-allocated	OMOMOMM	O:ok M:ok O:ok M:ok O:ok M:ok M:ok	ok	same	-	[0, 0]	0	0	[0, 0]	39	753664	0	0	t1@50304:record-kept-allocated
F6-map-bug-live-instance-table	N3-keep-allocated	OMOMOOF	O:ok M:ok O:ok M:ok O:ok O:ok F:ok(F=7,reclaimed=25)	ok	same	I-3.1	[0, 0]	0	0	[0, 0]	39	786432	0	0	t1@50304:record-kept-allocated
F6-map-bug-live-instance-table	N3-keep-allocated	OMOOFFF	O:ok M:ok O:ok O:ok F:ok(F=6,reclaimed=18) F:noop F:noop	ok	same	-	[0, 0]	0	0	[0, 0]	29	589824	0	0	t1@50304:record-kept-allocated
F6-map-bug-live-instance-table	N3-keep-allocated	OMOMOOO	O:ok M:ok O:ok M:ok O:ok O:ok O:ok	ok	same	-	[0, 0]	0	0	[0, 0]	41	851968	0	0	t1@50304:record-kept-allocated
F6-map-bug-live-instance-table	N3-keep-allocated	OMOMOOM	O:ok M:ok O:ok M:ok O:ok O:ok M:ok	ok	same	-	[0, 0]	0	0	[0, 0]	39	786432	0	0	t1@50304:record-kept-allocated
F6-map-bug-live-instance-table	N3-keep-allocated	OMOOFFM	O:ok M:ok O:ok O:ok F:ok(F=6,reclaimed=18) F:noop M:ok	ok	same	-	[0, 0]	0	0	[0, 0]	33	655360	0	0	t1@50304:record-kept-allocated
F6-map-bug-live-instance-table	N3-keep-allocated	OMOOFFO	O:ok M:ok O:ok O:ok F:ok(F=6,reclaimed=18) F:noop O:ok	ok	same	-	[0, 0]	0	0	[0, 0]	35	720896	0	0	t1@50304:record-kept-allocated
F6-map-bug-live-instance-table	N3-keep-allocated	OMOOFMF	O:ok M:ok O:ok O:ok F:ok(F=6,reclaimed=18) M:ok F:noop	ok	same	-	[0, 0]	0	0	[0, 0]	33	655360	0	0	t1@50304:record-kept-allocated
F6-map-bug-live-instance-table	N3-keep-allocated	OMOOFMM	O:ok M:ok O:ok O:ok F:ok(F=6,reclaimed=18) M:ok M:ok	ok	same	-	[0, 0]	0	0	[0, 0]	39	753664	0	0	t1@50304:record-kept-allocated
F6-map-bug-live-instance-table	N3-keep-allocated	OMOOFMO	O:ok M:ok O:ok O:ok F:ok(F=6,reclaimed=18) M:ok O:ok	ok	same	-	[0, 0]	0	0	[0, 0]	39	786432	0	0	t1@50304:record-kept-allocated
F6-map-bug-live-instance-table	N3-keep-allocated	OMOOFOF	O:ok M:ok O:ok O:ok F:ok(F=6,reclaimed=18) O:ok F:ok(F=7,reclaimed=7)	ok	same	I-3.1	[0, 0]	0	0	[0, 0]	39	786432	0	0	t1@50304:record-kept-allocated
F6-map-bug-live-instance-table	N3-keep-allocated	OMOOFOO	O:ok M:ok O:ok O:ok F:ok(F=6,reclaimed=18) O:ok O:ok	ok	same	-	[0, 0]	0	0	[0, 0]	41	851968	0	0	t1@50304:record-kept-allocated
F6-map-bug-live-instance-table	N3-keep-allocated	OMOOFOM	O:ok M:ok O:ok O:ok F:ok(F=6,reclaimed=18) O:ok M:ok	ok	same	-	[0, 0]	0	0	[0, 0]	39	786432	0	0	t1@50304:record-kept-allocated
F6-map-bug-live-instance-table	N3-keep-allocated	OMOOMFF	O:ok M:ok O:ok O:ok M:ok F:ok(F=6,reclaimed=18) F:noop	ok	same	-	[0, 0]	0	0	[0, 0]	33	655360	0	0	t1@50304:record-kept-allocated
F6-map-bug-live-instance-table	N3-keep-allocated	OMOOMFO	O:ok M:ok O:ok O:ok M:ok F:ok(F=6,reclaimed=18) O:ok	ok	same	-	[0, 0]	0	0	[0, 0]	39	786432	0	0	t1@50304:record-kept-allocated
F6-map-bug-live-instance-table	N3-keep-allocated	OMOOMFM	O:ok M:ok O:ok O:ok M:ok F:ok(F=6,reclaimed=18) M:ok	ok	same	-	[0, 0]	0	0	[0, 0]	39	753664	0	0	t1@50304:record-kept-allocated
F6-map-bug-live-instance-table	N3-keep-allocated	OMOOMMF	O:ok M:ok O:ok O:ok M:ok M:ok F:ok(F=6,reclaimed=18)	ok	same	-	[0, 0]	0	0	[0, 0]	39	753664	0	0	t1@50304:record-kept-allocated
F6-map-bug-live-instance-table	N3-keep-allocated	OMOOMOF	O:ok M:ok O:ok O:ok M:ok O:ok F:ok(F=7,reclaimed=25)	ok	same	I-3.1	[0, 0]	0	0	[0, 0]	39	786432	0	0	t1@50304:record-kept-allocated
F6-map-bug-live-instance-table	N3-keep-allocated	OMOOMMM	O:ok M:ok O:ok O:ok M:ok M:ok M:ok	ok	same	-	[0, 0]	0	0	[0, 0]	39	753664	0	0	t1@50304:record-kept-allocated
F6-map-bug-live-instance-table	N3-keep-allocated	OMOOMMO	O:ok M:ok O:ok O:ok M:ok M:ok O:ok	ok	same	-	[0, 0]	0	0	[0, 0]	39	786432	0	0	t1@50304:record-kept-allocated
F6-map-bug-live-instance-table	N3-keep-allocated	OMOOMOM	O:ok M:ok O:ok O:ok M:ok O:ok M:ok	ok	same	-	[0, 0]	0	0	[0, 0]	39	786432	0	0	t1@50304:record-kept-allocated
F6-map-bug-live-instance-table	N3-keep-allocated	OMOOOFF	O:ok M:ok O:ok O:ok O:ok F:ok(F=7,reclaimed=25) F:noop	ok	same	I-3.1	[0, 0]	0	0	[0, 0]	37	753664	0	0	t1@50304:record-kept-allocated
F6-map-bug-live-instance-table	N3-keep-allocated	OMOOOFO	O:ok M:ok O:ok O:ok O:ok F:ok(F=7,reclaimed=25) O:ok	ok	same	I-3.1	[0, 0]	0	0	[0, 0]	43	884736	0	0	t1@50304:record-kept-allocated
F6-map-bug-live-instance-table	N3-keep-allocated	OMOOMOO	O:ok M:ok O:ok O:ok M:ok O:ok O:ok	ok	same	-	[0, 0]	0	0	[0, 0]	41	851968	0	0	t1@50304:record-kept-allocated
F6-map-bug-live-instance-table	N3-keep-allocated	OMOOOFM	O:ok M:ok O:ok O:ok O:ok F:ok(F=7,reclaimed=25) M:ok	ok	same	I-3.1	[0, 0]	0	0	[0, 0]	43	851968	0	0	t1@50304:record-kept-allocated
F6-map-bug-live-instance-table	N3-keep-allocated	OMOOOOF	O:ok M:ok O:ok O:ok O:ok O:ok F:ok(F=11,reclaimed=46)	ok	same	I-3.1	[0, 0]	0	0	[0, 0]	41	851968	0	0	t1@50304:record-kept-allocated
F6-map-bug-live-instance-table	N3-keep-allocated	OMOOOMO	O:ok M:ok O:ok O:ok O:ok M:ok O:ok	ok	same	-	[0, 0]	0	0	[0, 0]	43	884736	0	0	t1@50304:record-kept-allocated
F6-map-bug-live-instance-table	N3-keep-allocated	OMOOOMF	O:ok M:ok O:ok O:ok O:ok M:ok F:ok(F=7,reclaimed=25)	ok	same	I-3.1	[0, 0]	0	0	[0, 0]	43	851968	0	0	t1@50304:record-kept-allocated
F6-map-bug-live-instance-table	N3-keep-allocated	OMOOOMM	O:ok M:ok O:ok O:ok O:ok M:ok M:ok	ok	same	-	[0, 0]	0	0	[0, 0]	43	851968	0	0	t1@50304:record-kept-allocated
F6-map-bug-live-instance-table	N3-keep-allocated	OMOOOOM	O:ok M:ok O:ok O:ok O:ok O:ok M:ok	ok	same	-	[0, 0]	0	0	[0, 0]	41	851968	0	0	t1@50304:record-kept-allocated
F6-map-bug-live-instance-table	N3-keep-allocated	OMOOOOO	O:ok M:ok O:ok O:ok O:ok O:ok O:ok	ok	same	-	[0, 0]	0	0	[0, 0]	43	917504	0	0	t1@50304:record-kept-allocated
F6-map-bug-live-instance-table	N3-keep-allocated	OOFFFFF	O:ok O:ok F:ok(F=3,reclaimed=1) F:noop F:noop F:noop F:noop	ok	same	-	[0, 0]	0	0	[0, 0]	17	360448	0	0	t1@50304:record-kept-allocated
F6-map-bug-live-instance-table	N3-keep-allocated	OOFFFFO	O:ok O:ok F:ok(F=3,reclaimed=1) F:noop F:noop F:noop O:ok	ok	same	-	[0, 0]	0	0	[0, 0]	23	491520	0	0	t1@50304:record-kept-allocated
F6-map-bug-live-instance-table	N3-keep-allocated	OOFFFFM	O:ok O:ok F:ok(F=3,reclaimed=1) F:noop F:noop F:noop M:ok	ok	same	-	[0, 0]	0	0	[0, 0]	23	458752	0	0	t1@50304:record-kept-allocated
F6-map-bug-live-instance-table	N3-keep-allocated	OOFFFMF	O:ok O:ok F:ok(F=3,reclaimed=1) F:noop F:noop M:ok F:noop	ok	same	-	[0, 0]	0	0	[0, 0]	23	458752	0	0	t1@50304:record-kept-allocated
F6-map-bug-live-instance-table	N3-keep-allocated	OOFFFMO	O:ok O:ok F:ok(F=3,reclaimed=1) F:noop F:noop M:ok O:ok	ok	same	-	[0, 0]	0	0	[0, 0]	29	589824	0	0	t1@50304:record-kept-allocated
F6-map-bug-live-instance-table	N3-keep-allocated	OOFFFMM	O:ok O:ok F:ok(F=3,reclaimed=1) F:noop F:noop M:ok M:ok	ok	same	-	[0, 0]	0	0	[0, 0]	29	557056	0	0	t1@50304:record-kept-allocated
F6-map-bug-live-instance-table	N3-keep-allocated	OOFFFOF	O:ok O:ok F:ok(F=3,reclaimed=1) F:noop F:noop O:ok F:ok(F=6,reclaimed=17)	ok	same	-	[0, 0]	0	0	[0, 0]	27	557056	0	0	t1@50304:record-kept-allocated
F6-map-bug-live-instance-table	N3-keep-allocated	OOFFFOM	O:ok O:ok F:ok(F=3,reclaimed=1) F:noop F:noop O:ok M:ok	ok	same	-	[0, 0]	0	0	[0, 0]	27	557056	0	0	t1@50304:record-kept-allocated
F6-map-bug-live-instance-table	N3-keep-allocated	OOFFFOO	O:ok O:ok F:ok(F=3,reclaimed=1) F:noop F:noop O:ok O:ok	ok	same	-	[0, 0]	0	0	[0, 0]	29	622592	0	0	t1@50304:record-kept-allocated
F6-map-bug-live-instance-table	N3-keep-allocated	OOFFMFF	O:ok O:ok F:ok(F=3,reclaimed=1) F:noop M:ok F:noop F:noop	ok	same	-	[0, 0]	0	0	[0, 0]	23	458752	0	0	t1@50304:record-kept-allocated
F6-map-bug-live-instance-table	N3-keep-allocated	OOFFMFO	O:ok O:ok F:ok(F=3,reclaimed=1) F:noop M:ok F:noop O:ok	ok	same	-	[0, 0]	0	0	[0, 0]	29	589824	0	0	t1@50304:record-kept-allocated
F6-map-bug-live-instance-table	N3-keep-allocated	OOFFMFM	O:ok O:ok F:ok(F=3,reclaimed=1) F:noop M:ok F:noop M:ok	ok	same	-	[0, 0]	0	0	[0, 0]	29	557056	0	0	t1@50304:record-kept-allocated
F6-map-bug-live-instance-table	N3-keep-allocated	OOFFMMF	O:ok O:ok F:ok(F=3,reclaimed=1) F:noop M:ok M:ok F:noop	ok	same	-	[0, 0]	0	0	[0, 0]	29	557056	0	0	t1@50304:record-kept-allocated
F6-map-bug-live-instance-table	N3-keep-allocated	OOFFMOF	O:ok O:ok F:ok(F=3,reclaimed=1) F:noop M:ok O:ok F:ok(F=6,reclaimed=17)	ok	same	-	[0, 0]	0	0	[0, 0]	33	655360	0	0	t1@50304:record-kept-allocated
F6-map-bug-live-instance-table	N3-keep-allocated	OOFFMMO	O:ok O:ok F:ok(F=3,reclaimed=1) F:noop M:ok M:ok O:ok	ok	same	-	[0, 0]	0	0	[0, 0]	35	688128	0	0	t1@50304:record-kept-allocated
F6-map-bug-live-instance-table	N3-keep-allocated	OOFFMMM	O:ok O:ok F:ok(F=3,reclaimed=1) F:noop M:ok M:ok M:ok	ok	same	-	[0, 0]	0	0	[0, 0]	35	655360	0	0	t1@50304:record-kept-allocated
F6-map-bug-live-instance-table	N3-keep-allocated	OOFFOFF	O:ok O:ok F:ok(F=3,reclaimed=1) F:noop O:ok F:ok(F=6,reclaimed=17) F:noop	ok	same	-	[0, 0]	0	0	[0, 0]	27	557056	0	0	t1@50304:record-kept-allocated
F6-map-bug-live-instance-table	N3-keep-allocated	OOFFMOO	O:ok O:ok F:ok(F=3,reclaimed=1) F:noop M:ok O:ok O:ok	ok	same	-	[0, 0]	0	0	[0, 0]	35	720896	0	0	t1@50304:record-kept-allocated
F6-map-bug-live-instance-table	N3-keep-allocated	OOFFMOM	O:ok O:ok F:ok(F=3,reclaimed=1) F:noop M:ok O:ok M:ok	ok	same	-	[0, 0]	0	0	[0, 0]	33	655360	0	0	t1@50304:record-kept-allocated
F6-map-bug-live-instance-table	N3-keep-allocated	OOFFOFM	O:ok O:ok F:ok(F=3,reclaimed=1) F:noop O:ok F:ok(F=6,reclaimed=17) M:ok	ok	same	-	[0, 0]	0	0	[0, 0]	33	655360	0	0	t1@50304:record-kept-allocated
F6-map-bug-live-instance-table	N3-keep-allocated	OOFFOFO	O:ok O:ok F:ok(F=3,reclaimed=1) F:noop O:ok F:ok(F=6,reclaimed=17) O:ok	ok	same	-	[0, 0]	0	0	[0, 0]	33	688128	0	0	t1@50304:record-kept-allocated
F6-map-bug-live-instance-table	N3-keep-allocated	OOFFOMF	O:ok O:ok F:ok(F=3,reclaimed=1) F:noop O:ok M:ok F:ok(F=6,reclaimed=17)	ok	same	-	[0, 0]	0	0	[0, 0]	33	655360	0	0	t1@50304:record-kept-allocated
F6-map-bug-live-instance-table	N3-keep-allocated	OOFFOOF	O:ok O:ok F:ok(F=3,reclaimed=1) F:noop O:ok O:ok F:ok(F=7,reclaimed=24)	ok	same	I-3.1	[0, 0]	0	0	[0, 0]	33	688128	0	0	t1@50304:record-kept-allocated
F6-map-bug-live-instance-table	N3-keep-allocated	OOFFOMO	O:ok O:ok F:ok(F=3,reclaimed=1) F:noop O:ok M:ok O:ok	ok	same	-	[0, 0]	0	0	[0, 0]	33	688128	0	0	t1@50304:record-kept-allocated
F6-map-bug-live-instance-table	N3-keep-allocated	OOFFOMM	O:ok O:ok F:ok(F=3,reclaimed=1) F:noop O:ok M:ok M:ok	ok	same	-	[0, 0]	0	0	[0, 0]	33	655360	0	0	t1@50304:record-kept-allocated
F6-map-bug-live-instance-table	N3-keep-allocated	OOFFOOM	O:ok O:ok F:ok(F=3,reclaimed=1) F:noop O:ok O:ok M:ok	ok	same	-	[0, 0]	0	0	[0, 0]	33	688128	0	0	t1@50304:record-kept-allocated
F6-map-bug-live-instance-table	N3-keep-allocated	OOFFOOO	O:ok O:ok F:ok(F=3,reclaimed=1) F:noop O:ok O:ok O:ok	ok	same	-	[0, 0]	0	0	[0, 0]	35	753664	0	0	t1@50304:record-kept-allocated
F6-map-bug-live-instance-table	N3-keep-allocated	OOFMFFF	O:ok O:ok F:ok(F=3,reclaimed=1) M:ok F:noop F:noop F:noop	ok	same	-	[0, 0]	0	0	[0, 0]	23	458752	0	0	t1@50304:record-kept-allocated
F6-map-bug-live-instance-table	N3-keep-allocated	OOFMFFO	O:ok O:ok F:ok(F=3,reclaimed=1) M:ok F:noop F:noop O:ok	ok	same	-	[0, 0]	0	0	[0, 0]	29	589824	0	0	t1@50304:record-kept-allocated
F6-map-bug-live-instance-table	N3-keep-allocated	OOFMFFM	O:ok O:ok F:ok(F=3,reclaimed=1) M:ok F:noop F:noop M:ok	ok	same	-	[0, 0]	0	0	[0, 0]	29	557056	0	0	t1@50304:record-kept-allocated
F6-map-bug-live-instance-table	N3-keep-allocated	OOFMFMF	O:ok O:ok F:ok(F=3,reclaimed=1) M:ok F:noop M:ok F:noop	ok	same	-	[0, 0]	0	0	[0, 0]	29	557056	0	0	t1@50304:record-kept-allocated
F6-map-bug-live-instance-table	N3-keep-allocated	OOFMFMM	O:ok O:ok F:ok(F=3,reclaimed=1) M:ok F:noop M:ok M:ok	ok	same	-	[0, 0]	0	0	[0, 0]	35	655360	0	0	t1@50304:record-kept-allocated
F6-map-bug-live-instance-table	N3-keep-allocated	OOFMFMO	O:ok O:ok F:ok(F=3,reclaimed=1) M:ok F:noop M:ok O:ok	ok	same	-	[0, 0]	0	0	[0, 0]	35	688128	0	0	t1@50304:record-kept-allocated
F6-map-bug-live-instance-table	N3-keep-allocated	OOFMFOF	O:ok O:ok F:ok(F=3,reclaimed=1) M:ok F:noop O:ok F:ok(F=6,reclaimed=17)	ok	same	-	[0, 0]	0	0	[0, 0]	33	655360	0	0	t1@50304:record-kept-allocated
F6-map-bug-live-instance-table	N3-keep-allocated	OOFMFOO	O:ok O:ok F:ok(F=3,reclaimed=1) M:ok F:noop O:ok O:ok	ok	same	-	[0, 0]	0	0	[0, 0]	35	720896	0	0	t1@50304:record-kept-allocated
F6-map-bug-live-instance-table	N3-keep-allocated	OOFMFOM	O:ok O:ok F:ok(F=3,reclaimed=1) M:ok F:noop O:ok M:ok	ok	same	-	[0, 0]	0	0	[0, 0]	33	655360	0	0	t1@50304:record-kept-allocated
F6-map-bug-live-instance-table	N3-keep-allocated	OOFMMFF	O:ok O:ok F:ok(F=3,reclaimed=1) M:ok M:ok F:noop F:noop	ok	same	-	[0, 0]	0	0	[0, 0]	29	557056	0	0	t1@50304:record-kept-allocated
F6-map-bug-live-instance-table	N3-keep-allocated	OOFMMFO	O:ok O:ok F:ok(F=3,reclaimed=1) M:ok M:ok F:noop O:ok	ok	same	-	[0, 0]	0	0	[0, 0]	35	688128	0	0	t1@50304:record-kept-allocated
F6-map-bug-live-instance-table	N3-keep-allocated	OOFMMMF	O:ok O:ok F:ok(F=3,reclaimed=1) M:ok M:ok M:ok F:noop	ok	same	-	[0, 0]	0	0	[0, 0]	35	655360	0	0	t1@50304:record-kept-allocated
F6-map-bug-live-instance-table	N3-keep-allocated	OOFMMFM	O:ok O:ok F:ok(F=3,reclaimed=1) M:ok M:ok F:noop M:ok	ok	same	-	[0, 0]	0	0	[0, 0]	35	655360	0	0	t1@50304:record-kept-allocated
F6-map-bug-live-instance-table	N3-keep-allocated	OOFMMMM	O:ok O:ok F:ok(F=3,reclaimed=1) M:ok M:ok M:ok M:ok	ok	same	-	[0, 0]	0	0	[0, 0]	41	753664	0	0	t1@50304:record-kept-allocated
F6-map-bug-live-instance-table	N3-keep-allocated	OOFMMMO	O:ok O:ok F:ok(F=3,reclaimed=1) M:ok M:ok M:ok O:ok	ok	same	-	[0, 0]	0	0	[0, 0]	41	786432	0	0	t1@50304:record-kept-allocated
F6-map-bug-live-instance-table	N3-keep-allocated	OOFMMOF	O:ok O:ok F:ok(F=3,reclaimed=1) M:ok M:ok O:ok F:ok(F=6,reclaimed=17)	ok	same	-	[0, 0]	0	0	[0, 0]	39	753664	0	0	t1@50304:record-kept-allocated
F6-map-bug-live-instance-table	N3-keep-allocated	OOFMMOM	O:ok O:ok F:ok(F=3,reclaimed=1) M:ok M:ok O:ok M:ok	ok	same	-	[0, 0]	0	0	[0, 0]	39	753664	0	0	t1@50304:record-kept-allocated
F6-map-bug-live-instance-table	N3-keep-allocated	OOFMOFF	O:ok O:ok F:ok(F=3,reclaimed=1) M:ok O:ok F:ok(F=6,reclaimed=17) F:noop	ok	same	-	[0, 0]	0	0	[0, 0]	33	655360	0	0	t1@50304:record-kept-allocated
F6-map-bug-live-instance-table	N3-keep-allocated	OOFMOFO	O:ok O:ok F:ok(F=3,reclaimed=1) M:ok O:ok F:ok(F=6,reclaimed=17) O:ok	ok	same	-	[0, 0]	0	0	[0, 0]	39	786432	0	0	t1@50304:record-kept-allocated
F6-map-bug-live-instance-table	N3-keep-allocated	OOFMMOO	O:ok O:ok F:ok(F=3,reclaimed=1) M:ok M:ok O:ok O:ok	ok	same	-	[0, 0]	0	0	[0, 0]	41	819200	0	0	t1@50304:record-kept-allocated
F6-map-bug-live-instance-table	N3-keep-allocated	OOFMOFM	O:ok O:ok F:ok(F=3,reclaimed=1) M:ok O:ok F:ok(F=6,reclaimed=17) M:ok	ok	same	-	[0, 0]	0	0	[0, 0]	39	753664	0	0	t1@50304:record-kept-allocated
F6-map-bug-live-instance-table	N3-keep-allocated	OOFMOOF	O:ok O:ok F:ok(F=3,reclaimed=1) M:ok O:ok O:ok F:ok(F=7,reclaimed=24)	ok	same	I-3.1	[0, 0]	0	0	[0, 0]	39	786432	0	0	t1@50304:record-kept-allocated
F6-map-bug-live-instance-table	N3-keep-allocated	OOFMOMF	O:ok O:ok F:ok(F=3,reclaimed=1) M:ok O:ok M:ok F:ok(F=6,reclaimed=17)	ok	same	-	[0, 0]	0	0	[0, 0]	39	753664	0	0	t1@50304:record-kept-allocated
F6-map-bug-live-instance-table	N3-keep-allocated	OOFMOMO	O:ok O:ok F:ok(F=3,reclaimed=1) M:ok O:ok M:ok O:ok	ok	same	-	[0, 0]	0	0	[0, 0]	39	786432	0	0	t1@50304:record-kept-allocated
F6-map-bug-live-instance-table	N3-keep-allocated	OOFMOMM	O:ok O:ok F:ok(F=3,reclaimed=1) M:ok O:ok M:ok M:ok	ok	same	-	[0, 0]	0	0	[0, 0]	39	753664	0	0	t1@50304:record-kept-allocated
F6-map-bug-live-instance-table	N3-keep-allocated	OOFOFFF	O:ok O:ok F:ok(F=3,reclaimed=1) O:ok F:ok(F=6,reclaimed=17) F:noop F:noop	ok	same	-	[0, 0]	0	0	[0, 0]	27	557056	0	0	t1@50304:record-kept-allocated
F6-map-bug-live-instance-table	N3-keep-allocated	OOFOFFM	O:ok O:ok F:ok(F=3,reclaimed=1) O:ok F:ok(F=6,reclaimed=17) F:noop M:ok	ok	same	-	[0, 0]	0	0	[0, 0]	33	655360	0	0	t1@50304:record-kept-allocated
F6-map-bug-live-instance-table	N3-keep-allocated	OOFMOOO	O:ok O:ok F:ok(F=3,reclaimed=1) M:ok O:ok O:ok O:ok	ok	same	-	[0, 0]	0	0	[0, 0]	41	851968	0	0	t1@50304:record-kept-allocated
F6-map-bug-live-instance-table	N3-keep-allocated	OOFMOOM	O:ok O:ok F:ok(F=3,reclaimed=1) M:ok O:ok O:ok M:ok	ok	same	-	[0, 0]	0	0	[0, 0]	39	786432	0	0	t1@50304:record-kept-allocated
F6-map-bug-live-instance-table	N3-keep-allocated	OOFOFFO	O:ok O:ok F:ok(F=3,reclaimed=1) O:ok F:ok(F=6,reclaimed=17) F:noop O:ok	ok	same	-	[0, 0]	0	0	[0, 0]	33	688128	0	0	t1@50304:record-kept-allocated
F6-map-bug-live-instance-table	N3-keep-allocated	OOFOFMO	O:ok O:ok F:ok(F=3,reclaimed=1) O:ok F:ok(F=6,reclaimed=17) M:ok O:ok	ok	same	-	[0, 0]	0	0	[0, 0]	39	786432	0	0	t1@50304:record-kept-allocated
F6-map-bug-live-instance-table	N3-keep-allocated	OOFOFMF	O:ok O:ok F:ok(F=3,reclaimed=1) O:ok F:ok(F=6,reclaimed=17) M:ok F:noop	ok	same	-	[0, 0]	0	0	[0, 0]	33	655360	0	0	t1@50304:record-kept-allocated
F6-map-bug-live-instance-table	N3-keep-allocated	OOFOFMM	O:ok O:ok F:ok(F=3,reclaimed=1) O:ok F:ok(F=6,reclaimed=17) M:ok M:ok	ok	same	-	[0, 0]	0	0	[0, 0]	39	753664	0	0	t1@50304:record-kept-allocated
F6-map-bug-live-instance-table	N3-keep-allocated	OOFOFOF	O:ok O:ok F:ok(F=3,reclaimed=1) O:ok F:ok(F=6,reclaimed=17) O:ok F:ok(F=7,reclaimed=7)	ok	same	I-3.1	[0, 0]	0	0	[0, 0]	37	753664	0	0	t1@50304:record-kept-allocated
F6-map-bug-live-instance-table	N3-keep-allocated	OOFOFOO	O:ok O:ok F:ok(F=3,reclaimed=1) O:ok F:ok(F=6,reclaimed=17) O:ok O:ok	ok	same	-	[0, 0]	0	0	[0, 0]	39	819200	0	0	t1@50304:record-kept-allocated
F6-map-bug-live-instance-table	N3-keep-allocated	OOFOMFF	O:ok O:ok F:ok(F=3,reclaimed=1) O:ok M:ok F:ok(F=6,reclaimed=17) F:noop	ok	same	-	[0, 0]	0	0	[0, 0]	33	655360	0	0	t1@50304:record-kept-allocated
F6-map-bug-live-instance-table	N3-keep-allocated	OOFOFOM	O:ok O:ok F:ok(F=3,reclaimed=1) O:ok F:ok(F=6,reclaimed=17) O:ok M:ok	ok	same	-	[0, 0]	0	0	[0, 0]	37	753664	0	0	t1@50304:record-kept-allocated
F6-map-bug-live-instance-table	N3-keep-allocated	OOFOMFO	O:ok O:ok F:ok(F=3,reclaimed=1) O:ok M:ok F:ok(F=6,reclaimed=17) O:ok	ok	same	-	[0, 0]	0	0	[0, 0]	39	786432	0	0	t1@50304:record-kept-allocated
F6-map-bug-live-instance-table	N3-keep-allocated	OOFOMFM	O:ok O:ok F:ok(F=3,reclaimed=1) O:ok M:ok F:ok(F=6,reclaimed=17) M:ok	ok	same	-	[0, 0]	0	0	[0, 0]	39	753664	0	0	t1@50304:record-kept-allocated
F6-map-bug-live-instance-table	N3-keep-allocated	OOFOMMF	O:ok O:ok F:ok(F=3,reclaimed=1) O:ok M:ok M:ok F:ok(F=6,reclaimed=17)	ok	same	-	[0, 0]	0	0	[0, 0]	39	753664	0	0	t1@50304:record-kept-allocated
F6-map-bug-live-instance-table	N3-keep-allocated	OOFOMMM	O:ok O:ok F:ok(F=3,reclaimed=1) O:ok M:ok M:ok M:ok	ok	same	-	[0, 0]	0	0	[0, 0]	39	753664	0	0	t1@50304:record-kept-allocated
F6-map-bug-live-instance-table	N3-keep-allocated	OOFOMOF	O:ok O:ok F:ok(F=3,reclaimed=1) O:ok M:ok O:ok F:ok(F=7,reclaimed=24)	ok	same	I-3.1	[0, 0]	0	0	[0, 0]	37	753664	0	0	t1@50304:record-kept-allocated
F6-map-bug-live-instance-table	N3-keep-allocated	OOFOMOO	O:ok O:ok F:ok(F=3,reclaimed=1) O:ok M:ok O:ok O:ok	ok	same	-	[0, 0]	0	0	[0, 0]	39	819200	0	0	t1@50304:record-kept-allocated
F6-map-bug-live-instance-table	N3-keep-allocated	OOFOMOM	O:ok O:ok F:ok(F=3,reclaimed=1) O:ok M:ok O:ok M:ok	ok	same	-	[0, 0]	0	0	[0, 0]	37	753664	0	0	t1@50304:record-kept-allocated
F6-map-bug-live-instance-table	N3-keep-allocated	OOFOMMO	O:ok O:ok F:ok(F=3,reclaimed=1) O:ok M:ok M:ok O:ok	ok	same	-	[0, 0]	0	0	[0, 0]	39	786432	0	0	t1@50304:record-kept-allocated
F6-map-bug-live-instance-table	N3-keep-allocated	OOFOOFO	O:ok O:ok F:ok(F=3,reclaimed=1) O:ok O:ok F:ok(F=7,reclaimed=24) O:ok	ok	same	I-3.1	[0, 0]	0	0	[0, 0]	39	819200	0	0	t1@50304:record-kept-allocated
F6-map-bug-live-instance-table	N3-keep-allocated	OOFOOFF	O:ok O:ok F:ok(F=3,reclaimed=1) O:ok O:ok F:ok(F=7,reclaimed=24) F:noop	ok	same	I-3.1	[0, 0]	0	0	[0, 0]	33	688128	0	0	t1@50304:record-kept-allocated
F6-map-bug-live-instance-table	N3-keep-allocated	OOFOOFM	O:ok O:ok F:ok(F=3,reclaimed=1) O:ok O:ok F:ok(F=7,reclaimed=24) M:ok	ok	same	I-3.1	[0, 0]	0	0	[0, 0]	37	753664	0	0	t1@50304:record-kept-allocated
F6-map-bug-live-instance-table	N3-keep-allocated	OOFOOMF	O:ok O:ok F:ok(F=3,reclaimed=1) O:ok O:ok M:ok F:ok(F=7,reclaimed=24)	ok	same	I-3.1	[0, 0]	0	0	[0, 0]	37	753664	0	0	t1@50304:record-kept-allocated
F6-map-bug-live-instance-table	N3-keep-allocated	OOFOOOF	O:ok O:ok F:ok(F=3,reclaimed=1) O:ok O:ok O:ok F:ok(F=8,reclaimed=32)	ok	same	I-3.1	[0, 0]	0	0	[0, 0]	41	851968	0	0	t1@50304:record-kept-allocated
F6-map-bug-live-instance-table	N3-keep-allocated	OOFOOMO	O:ok O:ok F:ok(F=3,reclaimed=1) O:ok O:ok M:ok O:ok	ok	same	-	[0, 0]	0	0	[0, 0]	39	819200	0	0	t1@50304:record-kept-allocated
F6-map-bug-live-instance-table	N3-keep-allocated	OOFOOMM	O:ok O:ok F:ok(F=3,reclaimed=1) O:ok O:ok M:ok M:ok	ok	same	-	[0, 0]	0	0	[0, 0]	37	753664	0	0	t1@50304:record-kept-allocated
F6-map-bug-live-instance-table	N3-keep-allocated	OOFOOOM	O:ok O:ok F:ok(F=3,reclaimed=1) O:ok O:ok O:ok M:ok	ok	same	-	[0, 0]	0	0	[0, 0]	41	851968	0	0	t1@50304:record-kept-allocated
F6-map-bug-live-instance-table	N3-keep-allocated	OOFOOOO	O:ok O:ok F:ok(F=3,reclaimed=1) O:ok O:ok O:ok O:ok	ok	same	-	[0, 0]	0	0	[0, 0]	41	884736	0	0	t1@50304:record-kept-allocated
F6-map-bug-live-instance-table	N3-keep-allocated	OOMFFFF	O:ok O:ok M:ok F:ok(F=3,reclaimed=1) F:noop F:noop F:noop	ok	same	-	[0, 0]	0	0	[0, 0]	23	458752	0	0	t1@50304:record-kept-allocated
F6-map-bug-live-instance-table	N3-keep-allocated	OOMFFFM	O:ok O:ok M:ok F:ok(F=3,reclaimed=1) F:noop F:noop M:ok	ok	same	-	[0, 0]	0	0	[0, 0]	29	557056	0	0	t1@50304:record-kept-allocated
F6-map-bug-live-instance-table	N3-keep-allocated	OOMFFFO	O:ok O:ok M:ok F:ok(F=3,reclaimed=1) F:noop F:noop O:ok	ok	same	-	[0, 0]	0	0	[0, 0]	29	589824	0	0	t1@50304:record-kept-allocated
F6-map-bug-live-instance-table	N3-keep-allocated	OOMFFMF	O:ok O:ok M:ok F:ok(F=3,reclaimed=1) F:noop M:ok F:noop	ok	same	-	[0, 0]	0	0	[0, 0]	29	557056	0	0	t1@50304:record-kept-allocated
F6-map-bug-live-instance-table	N3-keep-allocated	OOMFFOF	O:ok O:ok M:ok F:ok(F=3,reclaimed=1) F:noop O:ok F:ok(F=6,reclaimed=17)	ok	same	-	[0, 0]	0	0	[0, 0]	33	655360	0	0	t1@50304:record-kept-allocated
F6-map-bug-live-instance-table	N3-keep-allocated	OOMFFMO	O:ok O:ok M:ok F:ok(F=3,reclaimed=1) F:noop M:ok O:ok	ok	same	-	[0, 0]	0	0	[0, 0]	35	688128	0	0	t1@50304:record-kept-allocated
F6-map-bug-live-instance-table	N3-keep-allocated	OOMFFMM	O:ok O:ok M:ok F:ok(F=3,reclaimed=1) F:noop M:ok M:ok	ok	same	-	[0, 0]	0	0	[0, 0]	35	655360	0	0	t1@50304:record-kept-allocated
F6-map-bug-live-instance-table	N3-keep-allocated	OOMFFOM	O:ok O:ok M:ok F:ok(F=3,reclaimed=1) F:noop O:ok M:ok	ok	same	-	[0, 0]	0	0	[0, 0]	33	655360	0	0	t1@50304:record-kept-allocated
F6-map-bug-live-instance-table	N3-keep-allocated	OOMFFOO	O:ok O:ok M:ok F:ok(F=3,reclaimed=1) F:noop O:ok O:ok	ok	same	-	[0, 0]	0	0	[0, 0]	35	720896	0	0	t1@50304:record-kept-allocated
F6-map-bug-live-instance-table	N3-keep-allocated	OOMFMFF	O:ok O:ok M:ok F:ok(F=3,reclaimed=1) M:ok F:noop F:noop	ok	same	-	[0, 0]	0	0	[0, 0]	29	557056	0	0	t1@50304:record-kept-allocated
F6-map-bug-live-instance-table	N3-keep-allocated	OOMFMFM	O:ok O:ok M:ok F:ok(F=3,reclaimed=1) M:ok F:noop M:ok	ok	same	-	[0, 0]	0	0	[0, 0]	35	655360	0	0	t1@50304:record-kept-allocated
F6-map-bug-live-instance-table	N3-keep-allocated	OOMFMFO	O:ok O:ok M:ok F:ok(F=3,reclaimed=1) M:ok F:noop O:ok	ok	same	-	[0, 0]	0	0	[0, 0]	35	688128	0	0	t1@50304:record-kept-allocated
F6-map-bug-live-instance-table	N3-keep-allocated	OOMFMOF	O:ok O:ok M:ok F:ok(F=3,reclaimed=1) M:ok O:ok F:ok(F=6,reclaimed=17)	ok	same	-	[0, 0]	0	0	[0, 0]	39	753664	0	0	t1@50304:record-kept-allocated
F6-map-bug-live-instance-table	N3-keep-allocated	OOMFMMF	O:ok O:ok M:ok F:ok(F=3,reclaimed=1) M:ok M:ok F:noop	ok	same	-	[0, 0]	0	0	[0, 0]	35	655360	0	0	t1@50304:record-kept-allocated
F6-map-bug-live-instance-table	N3-keep-allocated	OOMFMMO	O:ok O:ok M:ok F:ok(F=3,reclaimed=1) M:ok M:ok O:ok	ok	same	-	[0, 0]	0	0	[0, 0]	41	786432	0	0	t1@50304:record-kept-allocated
F6-map-bug-live-instance-table	N3-keep-allocated	OOMFMMM	O:ok O:ok M:ok F:ok(F=3,reclaimed=1) M:ok M:ok M:ok	ok	same	-	[0, 0]	0	0	[0, 0]	41	753664	0	0	t1@50304:record-kept-allocated
F6-map-bug-live-instance-table	N3-keep-allocated	OOMFOFF	O:ok O:ok M:ok F:ok(F=3,reclaimed=1) O:ok F:ok(F=6,reclaimed=17) F:noop	ok	same	-	[0, 0]	0	0	[0, 0]	33	655360	0	0	t1@50304:record-kept-allocated
F6-map-bug-live-instance-table	N3-keep-allocated	OOMFMOO	O:ok O:ok M:ok F:ok(F=3,reclaimed=1) M:ok O:ok O:ok	ok	same	-	[0, 0]	0	0	[0, 0]	41	819200	0	0	t1@50304:record-kept-allocated
F6-map-bug-live-instance-table	N3-keep-allocated	OOMFOFM	O:ok O:ok M:ok F:ok(F=3,reclaimed=1) O:ok F:ok(F=6,reclaimed=17) M:ok	ok	same	-	[0, 0]	0	0	[0, 0]	39	753664	0	0	t1@50304:record-kept-allocated
F6-map-bug-live-instance-table	N3-keep-allocated	OOMFMOM	O:ok O:ok M:ok F:ok(F=3,reclaimed=1) M:ok O:ok M:ok	ok	same	-	[0, 0]	0	0	[0, 0]	39	753664	0	0	t1@50304:record-kept-allocated
F6-map-bug-live-instance-table	N3-keep-allocated	OOMFOFO	O:ok O:ok M:ok F:ok(F=3,reclaimed=1) O:ok F:ok(F=6,reclaimed=17) O:ok	ok	same	-	[0, 0]	0	0	[0, 0]	39	786432	0	0	t1@50304:record-kept-allocated
F6-map-bug-live-instance-table	N3-keep-allocated	OOMFOMO	O:ok O:ok M:ok F:ok(F=3,reclaimed=1) O:ok M:ok O:ok	ok	same	-	[0, 0]	0	0	[0, 0]	39	786432	0	0	t1@50304:record-kept-allocated
F6-map-bug-live-instance-table	N3-keep-allocated	OOMFOMF	O:ok O:ok M:ok F:ok(F=3,reclaimed=1) O:ok M:ok F:ok(F=6,reclaimed=17)	ok	same	-	[0, 0]	0	0	[0, 0]	39	753664	0	0	t1@50304:record-kept-allocated
F6-map-bug-live-instance-table	N3-keep-allocated	OOMFOMM	O:ok O:ok M:ok F:ok(F=3,reclaimed=1) O:ok M:ok M:ok	ok	same	-	[0, 0]	0	0	[0, 0]	39	753664	0	0	t1@50304:record-kept-allocated
F6-map-bug-live-instance-table	N3-keep-allocated	OOMFOOF	O:ok O:ok M:ok F:ok(F=3,reclaimed=1) O:ok O:ok F:ok(F=7,reclaimed=24)	ok	same	I-3.1	[0, 0]	0	0	[0, 0]	39	786432	0	0	t1@50304:record-kept-allocated
F6-map-bug-live-instance-table	N3-keep-allocated	OOMFOOO	O:ok O:ok M:ok F:ok(F=3,reclaimed=1) O:ok O:ok O:ok	ok	same	-	[0, 0]	0	0	[0, 0]	41	851968	0	0	t1@50304:record-kept-allocated
F6-map-bug-live-instance-table	N3-keep-allocated	OOMMFFF	O:ok O:ok M:ok M:ok F:ok(F=3,reclaimed=1) F:noop F:noop	ok	same	-	[0, 0]	0	0	[0, 0]	29	557056	0	0	t1@50304:record-kept-allocated
F6-map-bug-live-instance-table	N3-keep-allocated	OOMFOOM	O:ok O:ok M:ok F:ok(F=3,reclaimed=1) O:ok O:ok M:ok	ok	same	-	[0, 0]	0	0	[0, 0]	39	786432	0	0	t1@50304:record-kept-allocated
F6-map-bug-live-instance-table	N3-keep-allocated	OOMMFFM	O:ok O:ok M:ok M:ok F:ok(F=3,reclaimed=1) F:noop M:ok	ok	same	-	[0, 0]	0	0	[0, 0]	35	655360	0	0	t1@50304:record-kept-allocated
F6-map-bug-live-instance-table	N3-keep-allocated	OOMMFFO	O:ok O:ok M:ok M:ok F:ok(F=3,reclaimed=1) F:noop O:ok	ok	same	-	[0, 0]	0	0	[0, 0]	35	688128	0	0	t1@50304:record-kept-allocated
F6-map-bug-live-instance-table	N3-keep-allocated	OOMMFMF	O:ok O:ok M:ok M:ok F:ok(F=3,reclaimed=1) M:ok F:noop	ok	same	-	[0, 0]	0	0	[0, 0]	35	655360	0	0	t1@50304:record-kept-allocated
F6-map-bug-live-instance-table	N3-keep-allocated	OOMMFMM	O:ok O:ok M:ok M:ok F:ok(F=3,reclaimed=1) M:ok M:ok	ok	same	-	[0, 0]	0	0	[0, 0]	41	753664	0	0	t1@50304:record-kept-allocated
F6-map-bug-live-instance-table	N3-keep-allocated	OOMMFOF	O:ok O:ok M:ok M:ok F:ok(F=3,reclaimed=1) O:ok F:ok(F=6,reclaimed=17)	ok	same	-	[0, 0]	0	0	[0, 0]	39	753664	0	0	t1@50304:record-kept-allocated
F6-map-bug-live-instance-table	N3-keep-allocated	OOMMFMO	O:ok O:ok M:ok M:ok F:ok(F=3,reclaimed=1) M:ok O:ok	ok	same	-	[0, 0]	0	0	[0, 0]	41	786432	0	0	t1@50304:record-kept-allocated
F6-map-bug-live-instance-table	N3-keep-allocated	OOMMFOM	O:ok O:ok M:ok M:ok F:ok(F=3,reclaimed=1) O:ok M:ok	ok	same	-	[0, 0]	0	0	[0, 0]	39	753664	0	0	t1@50304:record-kept-allocated
F6-map-bug-live-instance-table	N3-keep-allocated	OOMMFOO	O:ok O:ok M:ok M:ok F:ok(F=3,reclaimed=1) O:ok O:ok	ok	same	-	[0, 0]	0	0	[0, 0]	41	819200	0	0	t1@50304:record-kept-allocated
F6-map-bug-live-instance-table	N3-keep-allocated	OOMMMFM	O:ok O:ok M:ok M:ok M:ok F:ok(F=3,reclaimed=1) M:ok	ok	same	-	[0, 0]	0	0	[0, 0]	41	753664	0	0	t1@50304:record-kept-allocated
F6-map-bug-live-instance-table	N3-keep-allocated	OOMMMFF	O:ok O:ok M:ok M:ok M:ok F:ok(F=3,reclaimed=1) F:noop	ok	same	-	[0, 0]	0	0	[0, 0]	35	655360	0	0	t1@50304:record-kept-allocated
F6-map-bug-live-instance-table	N3-keep-allocated	OOMMMFO	O:ok O:ok M:ok M:ok M:ok F:ok(F=3,reclaimed=1) O:ok	ok	same	-	[0, 0]	0	0	[0, 0]	41	786432	0	0	t1@50304:record-kept-allocated
F6-map-bug-live-instance-table	N3-keep-allocated	OOMMMMF	O:ok O:ok M:ok M:ok M:ok M:ok F:ok(F=3,reclaimed=1)	ok	same	-	[0, 0]	0	0	[0, 0]	41	753664	0	0	t1@50304:record-kept-allocated
F6-map-bug-live-instance-table	N3-keep-allocated	OOMMMOF	O:ok O:ok M:ok M:ok M:ok O:ok F:ok(F=6,reclaimed=18)	ok	same	-	[0, 0]	0	0	[0, 0]	39	753664	0	0	t1@50304:record-kept-allocated
F6-map-bug-live-instance-table	N3-keep-allocated	OOMMMMO	O:ok O:ok M:ok M:ok M:ok M:ok O:ok	ok	same	-	[0, 0]	0	0	[0, 0]	41	786432	0	0	t1@50304:record-kept-allocated
F6-map-bug-live-instance-table	N3-keep-allocated	OOMMMOM	O:ok O:ok M:ok M:ok M:ok O:ok M:ok	ok	same	-	[0, 0]	0	0	[0, 0]	39	753664	0	0	t1@50304:record-kept-allocated
F6-map-bug-live-instance-table	N3-keep-allocated	OOMMMMM	O:ok O:ok M:ok M:ok M:ok M:ok M:ok	ok	same	-	[0, 0]	0	0	[0, 0]	41	753664	0	0	t1@50304:record-kept-allocated
F6-map-bug-live-instance-table	N3-keep-allocated	OOMMOFO	O:ok O:ok M:ok M:ok O:ok F:ok(F=6,reclaimed=18) O:ok	ok	same	-	[0, 0]	0	0	[0, 0]	39	786432	0	0	t1@50304:record-kept-allocated
F6-map-bug-live-instance-table	N3-keep-allocated	OOMMMOO	O:ok O:ok M:ok M:ok M:ok O:ok O:ok	ok	same	-	[0, 0]	0	0	[0, 0]	41	819200	0	0	t1@50304:record-kept-allocated
F6-map-bug-live-instance-table	N3-keep-allocated	OOMMOFF	O:ok O:ok M:ok M:ok O:ok F:ok(F=6,reclaimed=18) F:noop	ok	same	-	[0, 0]	0	0	[0, 0]	33	655360	0	0	t1@50304:record-kept-allocated
F6-map-bug-live-instance-table	N3-keep-allocated	OOMMOFM	O:ok O:ok M:ok M:ok O:ok F:ok(F=6,reclaimed=18) M:ok	ok	same	-	[0, 0]	0	0	[0, 0]	39	753664	0	0	t1@50304:record-kept-allocated
F6-map-bug-live-instance-table	N3-keep-allocated	OOMMOMO	O:ok O:ok M:ok M:ok O:ok M:ok O:ok	ok	same	-	[0, 0]	0	0	[0, 0]	39	786432	0	0	t1@50304:record-kept-allocated
F6-map-bug-live-instance-table	N3-keep-allocated	OOMMOMF	O:ok O:ok M:ok M:ok O:ok M:ok F:ok(F=6,reclaimed=18)	ok	same	-	[0, 0]	0	0	[0, 0]	39	753664	0	0	t1@50304:record-kept-allocated
F6-map-bug-live-instance-table	N3-keep-allocated	OOMMOMM	O:ok O:ok M:ok M:ok O:ok M:ok M:ok	ok	same	-	[0, 0]	0	0	[0, 0]	39	753664	0	0	t1@50304:record-kept-allocated
F6-map-bug-live-instance-table	N3-keep-allocated	OOMMOOF	O:ok O:ok M:ok M:ok O:ok O:ok F:ok(F=7,reclaimed=25)	ok	same	I-3.1	[0, 0]	0	0	[0, 0]	39	786432	0	0	t1@50304:record-kept-allocated
F6-map-bug-live-instance-table	N3-keep-allocated	OOMOFFF	O:ok O:ok M:ok O:ok F:ok(F=6,reclaimed=18) F:noop F:noop	ok	same	-	[0, 0]	0	0	[0, 0]	27	557056	0	0	t1@50304:record-kept-allocated
F6-map-bug-live-instance-table	N3-keep-allocated	OOMMOOO	O:ok O:ok M:ok M:ok O:ok O:ok O:ok	ok	same	-	[0, 0]	0	0	[0, 0]	41	851968	0	0	t1@50304:record-kept-allocated
F6-map-bug-live-instance-table	N3-keep-allocated	OOMOFFM	O:ok O:ok M:ok O:ok F:ok(F=6,reclaimed=18) F:noop M:ok	ok	same	-	[0, 0]	0	0	[0, 0]	33	655360	0	0	t1@50304:record-kept-allocated
F6-map-bug-live-instance-table	N3-keep-allocated	OOMMOOM	O:ok O:ok M:ok M:ok O:ok O:ok M:ok	ok	same	-	[0, 0]	0	0	[0, 0]	39	786432	0	0	t1@50304:record-kept-allocated
F6-map-bug-live-instance-table	N3-keep-allocated	OOMOFFO	O:ok O:ok M:ok O:ok F:ok(F=6,reclaimed=18) F:noop O:ok	ok	same	-	[0, 0]	0	0	[0, 0]	33	688128	0	0	t1@50304:record-kept-allocated
F6-map-bug-live-instance-table	N3-keep-allocated	OOMOFMF	O:ok O:ok M:ok O:ok F:ok(F=6,reclaimed=18) M:ok F:noop	ok	same	-	[0, 0]	0	0	[0, 0]	33	655360	0	0	t1@50304:record-kept-allocated
F6-map-bug-live-instance-table	N3-keep-allocated	OOMOFMM	O:ok O:ok M:ok O:ok F:ok(F=6,reclaimed=18) M:ok M:ok	ok	same	-	[0, 0]	0	0	[0, 0]	39	753664	0	0	t1@50304:record-kept-allocated
F6-map-bug-live-instance-table	N3-keep-allocated	OOMOFMO	O:ok O:ok M:ok O:ok F:ok(F=6,reclaimed=18) M:ok O:ok	ok	same	-	[0, 0]	0	0	[0, 0]	39	786432	0	0	t1@50304:record-kept-allocated
F6-map-bug-live-instance-table	N3-keep-allocated	OOMOFOF	O:ok O:ok M:ok O:ok F:ok(F=6,reclaimed=18) O:ok F:ok(F=7,reclaimed=7)	ok	same	I-3.1	[0, 0]	0	0	[0, 0]	37	753664	0	0	t1@50304:record-kept-allocated
F6-map-bug-live-instance-table	N3-keep-allocated	OOMOFOM	O:ok O:ok M:ok O:ok F:ok(F=6,reclaimed=18) O:ok M:ok	ok	same	-	[0, 0]	0	0	[0, 0]	37	753664	0	0	t1@50304:record-kept-allocated
F6-map-bug-live-instance-table	N3-keep-allocated	OOMOFOO	O:ok O:ok M:ok O:ok F:ok(F=6,reclaimed=18) O:ok O:ok	ok	same	-	[0, 0]	0	0	[0, 0]	39	819200	0	0	t1@50304:record-kept-allocated
F6-map-bug-live-instance-table	N3-keep-allocated	OOMOMFF	O:ok O:ok M:ok O:ok M:ok F:ok(F=6,reclaimed=18) F:noop	ok	same	-	[0, 0]	0	0	[0, 0]	33	655360	0	0	t1@50304:record-kept-allocated
F6-map-bug-live-instance-table	N3-keep-allocated	OOMOMFO	O:ok O:ok M:ok O:ok M:ok F:ok(F=6,reclaimed=18) O:ok	ok	same	-	[0, 0]	0	0	[0, 0]	39	786432	0	0	t1@50304:record-kept-allocated
F6-map-bug-live-instance-table	N3-keep-allocated	OOMOMMF	O:ok O:ok M:ok O:ok M:ok M:ok F:ok(F=6,reclaimed=18)	ok	same	-	[0, 0]	0	0	[0, 0]	39	753664	0	0	t1@50304:record-kept-allocated
F6-map-bug-live-instance-table	N3-keep-allocated	OOMOMFM	O:ok O:ok M:ok O:ok M:ok F:ok(F=6,reclaimed=18) M:ok	ok	same	-	[0, 0]	0	0	[0, 0]	39	753664	0	0	t1@50304:record-kept-allocated
F6-map-bug-live-instance-table	N3-keep-allocated	OOMOMMO	O:ok O:ok M:ok O:ok M:ok M:ok O:ok	ok	same	-	[0, 0]	0	0	[0, 0]	39	786432	0	0	t1@50304:record-kept-allocated
F6-map-bug-live-instance-table	N3-keep-allocated	OOMOMOF	O:ok O:ok M:ok O:ok M:ok O:ok F:ok(F=7,reclaimed=25)	ok	same	I-3.1	[0, 0]	0	0	[0, 0]	37	753664	0	0	t1@50304:record-kept-allocated
F6-map-bug-live-instance-table	N3-keep-allocated	OOMOMOM	O:ok O:ok M:ok O:ok M:ok O:ok M:ok	ok	same	-	[0, 0]	0	0	[0, 0]	37	753664	0	0	t1@50304:record-kept-allocated
F6-map-bug-live-instance-table	N3-keep-allocated	OOMOMMM	O:ok O:ok M:ok O:ok M:ok M:ok M:ok	ok	same	-	[0, 0]	0	0	[0, 0]	39	753664	0	0	t1@50304:record-kept-allocated
F6-map-bug-live-instance-table	N3-keep-allocated	OOMOOFF	O:ok O:ok M:ok O:ok O:ok F:ok(F=7,reclaimed=25) F:noop	ok	same	I-3.1	[0, 0]	0	0	[0, 0]	33	688128	0	0	t1@50304:record-kept-allocated
F6-map-bug-live-instance-table	N3-keep-allocated	OOMOOFM	O:ok O:ok M:ok O:ok O:ok F:ok(F=7,reclaimed=25) M:ok	ok	same	I-3.1	[0, 0]	0	0	[0, 0]	37	753664	0	0	t1@50304:record-kept-allocated
F6-map-bug-live-instance-table	N3-keep-allocated	OOMOOFO	O:ok O:ok M:ok O:ok O:ok F:ok(F=7,reclaimed=25) O:ok	ok	same	I-3.1	[0, 0]	0	0	[0, 0]	39	819200	0	0	t1@50304:record-kept-allocated
F6-map-bug-live-instance-table	N3-keep-allocated	OOMOMOO	O:ok O:ok M:ok O:ok M:ok O:ok O:ok	ok	same	-	[0, 0]	0	0	[0, 0]	39	819200	0	0	t1@50304:record-kept-allocated
F6-map-bug-live-instance-table	N3-keep-allocated	OOMOOOF	O:ok O:ok M:ok O:ok O:ok O:ok F:ok(F=8,reclaimed=33)	ok	same	I-3.1	[0, 0]	0	0	[0, 0]	41	851968	0	0	t1@50304:record-kept-allocated
F6-map-bug-live-instance-table	N3-keep-allocated	OOMOOMF	O:ok O:ok M:ok O:ok O:ok M:ok F:ok(F=7,reclaimed=25)	ok	same	I-3.1	[0, 0]	0	0	[0, 0]	37	753664	0	0	t1@50304:record-kept-allocated
F6-map-bug-live-instance-table	N3-keep-allocated	OOMOOMO	O:ok O:ok M:ok O:ok O:ok M:ok O:ok	ok	same	-	[0, 0]	0	0	[0, 0]	39	819200	0	0	t1@50304:record-kept-allocated
F6-map-bug-live-instance-table	N3-keep-allocated	OOMOOMM	O:ok O:ok M:ok O:ok O:ok M:ok M:ok	ok	same	-	[0, 0]	0	0	[0, 0]	37	753664	0	0	t1@50304:record-kept-allocated
F6-map-bug-live-instance-table	N3-keep-allocated	OOOFFFM	O:ok O:ok O:ok F:ok(F=6,reclaimed=18) F:noop F:noop M:ok	ok	same	-	[0, 0]	0	0	[0, 0]	27	557056	0	0	t1@50304:record-kept-allocated
F6-map-bug-live-instance-table	N3-keep-allocated	OOOFFFF	O:ok O:ok O:ok F:ok(F=6,reclaimed=18) F:noop F:noop F:noop	ok	same	-	[0, 0]	0	0	[0, 0]	23	491520	0	0	t1@50304:record-kept-allocated
F6-map-bug-live-instance-table	N3-keep-allocated	OOMOOOO	O:ok O:ok M:ok O:ok O:ok O:ok O:ok	ok	same	-	[0, 0]	0	0	[0, 0]	41	884736	0	0	t1@50304:record-kept-allocated
F6-map-bug-live-instance-table	N3-keep-allocated	OOMOOOM	O:ok O:ok M:ok O:ok O:ok O:ok M:ok	ok	same	-	[0, 0]	0	0	[0, 0]	41	851968	0	0	t1@50304:record-kept-allocated
F6-map-bug-live-instance-table	N3-keep-allocated	OOOFFFO	O:ok O:ok O:ok F:ok(F=6,reclaimed=18) F:noop F:noop O:ok	ok	same	-	[0, 0]	0	0	[0, 0]	29	622592	0	0	t1@50304:record-kept-allocated
F6-map-bug-live-instance-table	N3-keep-allocated	OOOFFMF	O:ok O:ok O:ok F:ok(F=6,reclaimed=18) F:noop M:ok F:noop	ok	same	-	[0, 0]	0	0	[0, 0]	27	557056	0	0	t1@50304:record-kept-allocated
F6-map-bug-live-instance-table	N3-keep-allocated	OOOFFMO	O:ok O:ok O:ok F:ok(F=6,reclaimed=18) F:noop M:ok O:ok	ok	same	-	[0, 0]	0	0	[0, 0]	33	688128	0	0	t1@50304:record-kept-allocated
F6-map-bug-live-instance-table	N3-keep-allocated	OOOFFMM	O:ok O:ok O:ok F:ok(F=6,reclaimed=18) F:noop M:ok M:ok	ok	same	-	[0, 0]	0	0	[0, 0]	33	655360	0	0	t1@50304:record-kept-allocated
F6-map-bug-live-instance-table	N3-keep-allocated	OOOFFOF	O:ok O:ok O:ok F:ok(F=6,reclaimed=18) F:noop O:ok F:ok(F=7,reclaimed=7)	ok	same	I-3.1	[0, 0]	0	0	[0, 0]	33	688128	0	0	t1@50304:record-kept-allocated
F6-map-bug-live-instance-table	N3-keep-allocated	OOOFFOO	O:ok O:ok O:ok F:ok(F=6,reclaimed=18) F:noop O:ok O:ok	ok	same	-	[0, 0]	0	0	[0, 0]	35	753664	0	0	t1@50304:record-kept-allocated
F6-map-bug-live-instance-table	N3-keep-allocated	OOOFFOM	O:ok O:ok O:ok F:ok(F=6,reclaimed=18) F:noop O:ok M:ok	ok	same	-	[0, 0]	0	0	[0, 0]	33	688128	0	0	t1@50304:record-kept-allocated
F6-map-bug-live-instance-table	N3-keep-allocated	OOOFMFF	O:ok O:ok O:ok F:ok(F=6,reclaimed=18) M:ok F:noop F:noop	ok	same	-	[0, 0]	0	0	[0, 0]	27	557056	0	0	t1@50304:record-kept-allocated
F6-map-bug-live-instance-table	N3-keep-allocated	OOOFMFM	O:ok O:ok O:ok F:ok(F=6,reclaimed=18) M:ok F:noop M:ok	ok	same	-	[0, 0]	0	0	[0, 0]	33	655360	0	0	t1@50304:record-kept-allocated
F6-map-bug-live-instance-table	N3-keep-allocated	OOOFMFO	O:ok O:ok O:ok F:ok(F=6,reclaimed=18) M:ok F:noop O:ok	ok	same	-	[0, 0]	0	0	[0, 0]	33	688128	0	0	t1@50304:record-kept-allocated
F6-map-bug-live-instance-table	N3-keep-allocated	OOOFMMF	O:ok O:ok O:ok F:ok(F=6,reclaimed=18) M:ok M:ok F:noop	ok	same	-	[0, 0]	0	0	[0, 0]	33	655360	0	0	t1@50304:record-kept-allocated
F6-map-bug-live-instance-table	N3-keep-allocated	OOOFMMM	O:ok O:ok O:ok F:ok(F=6,reclaimed=18) M:ok M:ok M:ok	ok	same	-	[0, 0]	0	0	[0, 0]	39	753664	0	0	t1@50304:record-kept-allocated
F6-map-bug-live-instance-table	N3-keep-allocated	OOOFMOF	O:ok O:ok O:ok F:ok(F=6,reclaimed=18) M:ok O:ok F:ok(F=7,reclaimed=7)	ok	same	I-3.1	[0, 0]	0	0	[0, 0]	37	753664	0	0	t1@50304:record-kept-allocated
F6-map-bug-live-instance-table	N3-keep-allocated	OOOFMMO	O:ok O:ok O:ok F:ok(F=6,reclaimed=18) M:ok M:ok O:ok	ok	same	-	[0, 0]	0	0	[0, 0]	39	786432	0	0	t1@50304:record-kept-allocated
F6-map-bug-live-instance-table	N3-keep-allocated	OOOFMOO	O:ok O:ok O:ok F:ok(F=6,reclaimed=18) M:ok O:ok O:ok	ok	same	-	[0, 0]	0	0	[0, 0]	39	819200	0	0	t1@50304:record-kept-allocated
F6-map-bug-live-instance-table	N3-keep-allocated	OOOFOFF	O:ok O:ok O:ok F:ok(F=6,reclaimed=18) O:ok F:ok(F=7,reclaimed=7) F:noop	ok	same	I-3.1	[0, 0]	0	0	[0, 0]	33	688128	0	0	t1@50304:record-kept-allocated
F6-map-bug-live-instance-table	N3-keep-allocated	OOOFOFM	O:ok O:ok O:ok F:ok(F=6,reclaimed=18) O:ok F:ok(F=7,reclaimed=7) M:ok	ok	same	I-3.1	[0, 0]	0	0	[0, 0]	37	753664	0	0	t1@50304:record-kept-allocated
F6-map-bug-live-instance-table	N3-keep-allocated	OOOFMOM	O:ok O:ok O:ok F:ok(F=6,reclaimed=18) M:ok O:ok M:ok	ok	same	-	[0, 0]	0	0	[0, 0]	37	753664	0	0	t1@50304:record-kept-allocated
F6-map-bug-live-instance-table	N3-keep-allocated	OOOFOFO	O:ok O:ok O:ok F:ok(F=6,reclaimed=18) O:ok F:ok(F=7,reclaimed=7) O:ok	ok	same	I-3.1	[0, 0]	0	0	[0, 0]	39	819200	0	0	t1@50304:record-kept-allocated
F6-map-bug-live-instance-table	N3-keep-allocated	OOOFOMF	O:ok O:ok O:ok F:ok(F=6,reclaimed=18) O:ok M:ok F:ok(F=7,reclaimed=7)	ok	same	I-3.1	[0, 0]	0	0	[0, 0]	37	753664	0	0	t1@50304:record-kept-allocated
F6-map-bug-live-instance-table	N3-keep-allocated	OOOFOMM	O:ok O:ok O:ok F:ok(F=6,reclaimed=18) O:ok M:ok M:ok	ok	same	-	[0, 0]	0	0	[0, 0]	37	753664	0	0	t1@50304:record-kept-allocated
F6-map-bug-live-instance-table	N3-keep-allocated	OOOFOMO	O:ok O:ok O:ok F:ok(F=6,reclaimed=18) O:ok M:ok O:ok	ok	same	-	[0, 0]	0	0	[0, 0]	39	819200	0	0	t1@50304:record-kept-allocated
F6-map-bug-live-instance-table	N3-keep-allocated	OOOFOOF	O:ok O:ok O:ok F:ok(F=6,reclaimed=18) O:ok O:ok F:ok(F=8,reclaimed=15)	ok	same	I-3.1	[0, 0]	0	0	[0, 0]	41	851968	0	0	t1@50304:record-kept-allocated
F6-map-bug-live-instance-table	N3-keep-allocated	OOOFOOM	O:ok O:ok O:ok F:ok(F=6,reclaimed=18) O:ok O:ok M:ok	ok	same	-	[0, 0]	0	0	[0, 0]	41	851968	0	0	t1@50304:record-kept-allocated
F6-map-bug-live-instance-table	N3-keep-allocated	OOOFOOO	O:ok O:ok O:ok F:ok(F=6,reclaimed=18) O:ok O:ok O:ok	ok	same	-	[0, 0]	0	0	[0, 0]	41	884736	0	0	t1@50304:record-kept-allocated
F6-map-bug-live-instance-table	N3-keep-allocated	OOOMFFF	O:ok O:ok O:ok M:ok F:ok(F=6,reclaimed=18) F:noop F:noop	ok	same	-	[0, 0]	0	0	[0, 0]	27	557056	0	0	t1@50304:record-kept-allocated
F6-map-bug-live-instance-table	N3-keep-allocated	OOOMFFO	O:ok O:ok O:ok M:ok F:ok(F=6,reclaimed=18) F:noop O:ok	ok	same	-	[0, 0]	0	0	[0, 0]	33	688128	0	0	t1@50304:record-kept-allocated
F6-map-bug-live-instance-table	N3-keep-allocated	OOOMFFM	O:ok O:ok O:ok M:ok F:ok(F=6,reclaimed=18) F:noop M:ok	ok	same	-	[0, 0]	0	0	[0, 0]	33	655360	0	0	t1@50304:record-kept-allocated
F6-map-bug-live-instance-table	N3-keep-allocated	OOOMFMF	O:ok O:ok O:ok M:ok F:ok(F=6,reclaimed=18) M:ok F:noop	ok	same	-	[0, 0]	0	0	[0, 0]	33	655360	0	0	t1@50304:record-kept-allocated
F6-map-bug-live-instance-table	N3-keep-allocated	OOOMFOF	O:ok O:ok O:ok M:ok F:ok(F=6,reclaimed=18) O:ok F:ok(F=7,reclaimed=7)	ok	same	I-3.1	[0, 0]	0	0	[0, 0]	37	753664	0	0	t1@50304:record-kept-allocated
F6-map-bug-live-instance-table	N3-keep-allocated	OOOMFMO	O:ok O:ok O:ok M:ok F:ok(F=6,reclaimed=18) M:ok O:ok	ok	same	-	[0, 0]	0	0	[0, 0]	39	786432	0	0	t1@50304:record-kept-allocated
F6-map-bug-live-instance-table	N3-keep-allocated	OOOMFOM	O:ok O:ok O:ok M:ok F:ok(F=6,reclaimed=18) O:ok M:ok	ok	same	-	[0, 0]	0	0	[0, 0]	37	753664	0	0	t1@50304:record-kept-allocated
F6-map-bug-live-instance-table	N3-keep-allocated	OOOMFMM	O:ok O:ok O:ok M:ok F:ok(F=6,reclaimed=18) M:ok M:ok	ok	same	-	[0, 0]	0	0	[0, 0]	39	753664	0	0	t1@50304:record-kept-allocated
F6-map-bug-live-instance-table	N3-keep-allocated	OOOMFOO	O:ok O:ok O:ok M:ok F:ok(F=6,reclaimed=18) O:ok O:ok	ok	same	-	[0, 0]	0	0	[0, 0]	39	819200	0	0	t1@50304:record-kept-allocated
F6-map-bug-live-instance-table	N3-keep-allocated	OOOMMFO	O:ok O:ok O:ok M:ok M:ok F:ok(F=6,reclaimed=18) O:ok	ok	same	-	[0, 0]	0	0	[0, 0]	39	786432	0	0	t1@50304:record-kept-allocated
F6-map-bug-live-instance-table	N3-keep-allocated	OOOMMFF	O:ok O:ok O:ok M:ok M:ok F:ok(F=6,reclaimed=18) F:noop	ok	same	-	[0, 0]	0	0	[0, 0]	33	655360	0	0	t1@50304:record-kept-allocated
F6-map-bug-live-instance-table	N3-keep-allocated	OOOMMFM	O:ok O:ok O:ok M:ok M:ok F:ok(F=6,reclaimed=18) M:ok	ok	same	-	[0, 0]	0	0	[0, 0]	39	753664	0	0	t1@50304:record-kept-allocated
F6-map-bug-live-instance-table	N3-keep-allocated	OOOMMMF	O:ok O:ok O:ok M:ok M:ok M:ok F:ok(F=6,reclaimed=18)	ok	same	-	[0, 0]	0	0	[0, 0]	39	753664	0	0	t1@50304:record-kept-allocated
F6-map-bug-live-instance-table	N3-keep-allocated	OOOMMMO	O:ok O:ok O:ok M:ok M:ok M:ok O:ok	ok	same	-	[0, 0]	0	0	[0, 0]	39	786432	0	0	t1@50304:record-kept-allocated
F6-map-bug-live-instance-table	N3-keep-allocated	OOOMMOF	O:ok O:ok O:ok M:ok M:ok O:ok F:ok(F=7,reclaimed=25)	ok	same	I-3.1	[0, 0]	0	0	[0, 0]	37	753664	0	0	t1@50304:record-kept-allocated
F6-map-bug-live-instance-table	N3-keep-allocated	OOOMMMM	O:ok O:ok O:ok M:ok M:ok M:ok M:ok	ok	same	-	[0, 0]	0	0	[0, 0]	39	753664	0	0	t1@50304:record-kept-allocated
F6-map-bug-live-instance-table	N3-keep-allocated	OOOMOFF	O:ok O:ok O:ok M:ok O:ok F:ok(F=7,reclaimed=25) F:noop	ok	same	I-3.1	[0, 0]	0	0	[0, 0]	33	688128	0	0	t1@50304:record-kept-allocated
F6-map-bug-live-instance-table	N3-keep-allocated	OOOMMOM	O:ok O:ok O:ok M:ok M:ok O:ok M:ok	ok	same	-	[0, 0]	0	0	[0, 0]	37	753664	0	0	t1@50304:record-kept-allocated
F6-map-bug-live-instance-table	N3-keep-allocated	OOOMMOO	O:ok O:ok O:ok M:ok M:ok O:ok O:ok	ok	same	-	[0, 0]	0	0	[0, 0]	39	819200	0	0	t1@50304:record-kept-allocated
F6-map-bug-live-instance-table	N3-keep-allocated	OOOMOFM	O:ok O:ok O:ok M:ok O:ok F:ok(F=7,reclaimed=25) M:ok	ok	same	I-3.1	[0, 0]	0	0	[0, 0]	37	753664	0	0	t1@50304:record-kept-allocated
F6-map-bug-live-instance-table	N3-keep-allocated	OOOMOFO	O:ok O:ok O:ok M:ok O:ok F:ok(F=7,reclaimed=25) O:ok	ok	same	I-3.1	[0, 0]	0	0	[0, 0]	39	819200	0	0	t1@50304:record-kept-allocated
F6-map-bug-live-instance-table	N3-keep-allocated	OOOMOMF	O:ok O:ok O:ok M:ok O:ok M:ok F:ok(F=7,reclaimed=25)	ok	same	I-3.1	[0, 0]	0	0	[0, 0]	37	753664	0	0	t1@50304:record-kept-allocated
F6-map-bug-live-instance-table	N3-keep-allocated	OOOMOMM	O:ok O:ok O:ok M:ok O:ok M:ok M:ok	ok	same	-	[0, 0]	0	0	[0, 0]	37	753664	0	0	t1@50304:record-kept-allocated
F6-map-bug-live-instance-table	N3-keep-allocated	OOOMOMO	O:ok O:ok O:ok M:ok O:ok M:ok O:ok	ok	same	-	[0, 0]	0	0	[0, 0]	39	819200	0	0	t1@50304:record-kept-allocated
F6-map-bug-live-instance-table	N3-keep-allocated	OOOMOOF	O:ok O:ok O:ok M:ok O:ok O:ok F:ok(F=8,reclaimed=33)	ok	same	I-3.1	[0, 0]	0	0	[0, 0]	41	851968	0	0	t1@50304:record-kept-allocated
F6-map-bug-live-instance-table	N3-keep-allocated	OOOOFFF	O:ok O:ok O:ok O:ok F:ok(F=7,reclaimed=25) F:noop F:noop	ok	same	I-3.1	[0, 0]	0	0	[0, 0]	31	655360	0	0	t1@50304:record-kept-allocated
F6-map-bug-live-instance-table	N3-keep-allocated	OOOMOOO	O:ok O:ok O:ok M:ok O:ok O:ok O:ok	ok	same	-	[0, 0]	0	0	[0, 0]	41	884736	0	0	t1@50304:record-kept-allocated
F6-map-bug-live-instance-table	N3-keep-allocated	OOOOFFM	O:ok O:ok O:ok O:ok F:ok(F=7,reclaimed=25) F:noop M:ok	ok	same	I-3.1	[0, 0]	0	0	[0, 0]	37	753664	0	0	t1@50304:record-kept-allocated
F6-map-bug-live-instance-table	N3-keep-allocated	OOOMOOM	O:ok O:ok O:ok M:ok O:ok O:ok M:ok	ok	same	-	[0, 0]	0	0	[0, 0]	41	851968	0	0	t1@50304:record-kept-allocated
F6-map-bug-live-instance-table	N3-keep-allocated	OOOOFFO	O:ok O:ok O:ok O:ok F:ok(F=7,reclaimed=25) F:noop O:ok	ok	same	I-3.1	[0, 0]	0	0	[0, 0]	37	786432	0	0	t1@50304:record-kept-allocated
F6-map-bug-live-instance-table	N3-keep-allocated	OOOOFMF	O:ok O:ok O:ok O:ok F:ok(F=7,reclaimed=25) M:ok F:noop	ok	same	I-3.1	[0, 0]	0	0	[0, 0]	37	753664	0	0	t1@50304:record-kept-allocated
F6-map-bug-live-instance-table	N3-keep-allocated	OOOOFMO	O:ok O:ok O:ok O:ok F:ok(F=7,reclaimed=25) M:ok O:ok	ok	same	I-3.1	[0, 0]	0	0	[0, 0]	43	884736	0	0	t1@50304:record-kept-allocated
F6-map-bug-live-instance-table	N3-keep-allocated	OOOOFMM	O:ok O:ok O:ok O:ok F:ok(F=7,reclaimed=25) M:ok M:ok	ok	same	I-3.1	[0, 0]	0	0	[0, 0]	43	851968	0	0	t1@50304:record-kept-allocated
F6-map-bug-live-instance-table	N3-keep-allocated	OOOOFOF	O:ok O:ok O:ok O:ok F:ok(F=7,reclaimed=25) O:ok F:ok(F=8,reclaimed=8)	ok	same	I-3.1	[0, 0]	0	0	[0, 0]	41	851968	0	0	t1@50304:record-kept-allocated
F6-map-bug-live-instance-table	N3-keep-allocated	OOOOFOO	O:ok O:ok O:ok O:ok F:ok(F=7,reclaimed=25) O:ok O:ok	ok	same	I-3.1	[0, 0]	0	0	[0, 0]	43	917504	0	0	t1@50304:record-kept-allocated
F6-map-bug-live-instance-table	N3-keep-allocated	OOOOFOM	O:ok O:ok O:ok O:ok F:ok(F=7,reclaimed=25) O:ok M:ok	ok	same	I-3.1	[0, 0]	0	0	[0, 0]	41	851968	0	0	t1@50304:record-kept-allocated
F6-map-bug-live-instance-table	N3-keep-allocated	OOOOMFF	O:ok O:ok O:ok O:ok M:ok F:ok(F=7,reclaimed=25) F:noop	ok	same	I-3.1	[0, 0]	0	0	[0, 0]	37	753664	0	0	t1@50304:record-kept-allocated
F6-map-bug-live-instance-table	N3-keep-allocated	OOOOMFO	O:ok O:ok O:ok O:ok M:ok F:ok(F=7,reclaimed=25) O:ok	ok	same	I-3.1	[0, 0]	0	0	[0, 0]	43	884736	0	0	t1@50304:record-kept-allocated
F6-map-bug-live-instance-table	N3-keep-allocated	OOOOMMM	O:ok O:ok O:ok O:ok M:ok M:ok M:ok	ok	same	-	[0, 0]	0	0	[0, 0]	43	851968	0	0	t1@50304:record-kept-allocated
F6-map-bug-live-instance-table	N3-keep-allocated	OOOOMMF	O:ok O:ok O:ok O:ok M:ok M:ok F:ok(F=7,reclaimed=25)	ok	same	I-3.1	[0, 0]	0	0	[0, 0]	43	851968	0	0	t1@50304:record-kept-allocated
F6-map-bug-live-instance-table	N3-keep-allocated	OOOOMFM	O:ok O:ok O:ok O:ok M:ok F:ok(F=7,reclaimed=25) M:ok	ok	same	I-3.1	[0, 0]	0	0	[0, 0]	43	851968	0	0	t1@50304:record-kept-allocated
F6-map-bug-live-instance-table	N3-keep-allocated	OOOOMOF	O:ok O:ok O:ok O:ok M:ok O:ok F:ok(F=8,reclaimed=33)	ok	same	I-3.1	[0, 0]	0	0	[0, 0]	41	851968	0	0	t1@50304:record-kept-allocated
F6-map-bug-live-instance-table	N3-keep-allocated	OOOOMOO	O:ok O:ok O:ok O:ok M:ok O:ok O:ok	ok	same	-	[0, 0]	0	0	[0, 0]	43	917504	0	0	t1@50304:record-kept-allocated
F6-map-bug-live-instance-table	N3-keep-allocated	OOOOMMO	O:ok O:ok O:ok O:ok M:ok M:ok O:ok	ok	same	-	[0, 0]	0	0	[0, 0]	43	884736	0	0	t1@50304:record-kept-allocated
F6-map-bug-live-instance-table	N3-keep-allocated	OOOOMOM	O:ok O:ok O:ok O:ok M:ok O:ok M:ok	ok	same	-	[0, 0]	0	0	[0, 0]	41	851968	0	0	t1@50304:record-kept-allocated
F6-map-bug-live-instance-table	N3-keep-allocated	OOOOOFF	O:ok O:ok O:ok O:ok O:ok F:ok(F=8,reclaimed=33) F:noop	ok	same	I-3.1	[0, 0]	0	0	[0, 0]	35	753664	0	0	t1@50304:record-kept-allocated
F6-map-bug-live-instance-table	N3-keep-allocated	OOOOOFM	O:ok O:ok O:ok O:ok O:ok F:ok(F=8,reclaimed=33) M:ok	ok	same	I-3.1	[0, 0]	0	0	[0, 0]	41	851968	0	0	t1@50304:record-kept-allocated
F6-map-bug-live-instance-table	N3-keep-allocated	OOOOOFO	O:ok O:ok O:ok O:ok O:ok F:ok(F=8,reclaimed=33) O:ok	ok	same	I-3.1	[0, 0]	0	0	[0, 0]	41	884736	0	0	t1@50304:record-kept-allocated
F6-map-bug-live-instance-table	N3-keep-allocated	OOOOOMF	O:ok O:ok O:ok O:ok O:ok M:ok F:ok(F=8,reclaimed=33)	ok	same	I-3.1	[0, 0]	0	0	[0, 0]	41	851968	0	0	t1@50304:record-kept-allocated
F6-map-bug-live-instance-table	N3-keep-allocated	OOOOOMO	O:ok O:ok O:ok O:ok O:ok M:ok O:ok	ok	same	-	[0, 0]	0	0	[0, 0]	41	884736	0	0	t1@50304:record-kept-allocated
F6-map-bug-live-instance-table	N3-keep-allocated	OOOOOMM	O:ok O:ok O:ok O:ok O:ok M:ok M:ok	ok	same	-	[0, 0]	0	0	[0, 0]	41	851968	0	0	t1@50304:record-kept-allocated
F6-map-bug-live-instance-table	N3-keep-allocated	OOOOOOF	O:ok O:ok O:ok O:ok O:ok O:ok F:ok(F=9,reclaimed=41)	ok	same	I-3.1	[0, 0]	0	0	[0, 0]	41	884736	0	0	t1@50304:record-kept-allocated
F6-map-bug-live-instance-table	N3-keep-allocated	OOOOOOO	O:ok O:ok O:ok O:ok O:ok O:ok O:ok	ok	same	-	[0, 0]	0	0	[0, 0]	43	950272	0	0	t1@50304:record-kept-allocated
F6-map-bug-live-instance-table	N3-keep-allocated	OOOOOOM	O:ok O:ok O:ok O:ok O:ok O:ok M:ok	ok	same	-	[0, 0]	0	0	[0, 0]	41	884736	0	0	t1@50304:record-kept-allocated
