fault	arm	suffix	steps	final_mount	readback	violated	isolated_per_device	isolated_by_check	isolated_at_mount	free_minus_allocatable	check_reads	check_read_bytes	switches	reads_refused	check_events
F3-latent-eio-dev0	N1A-every-isoBad-mem	OFFFFFO	O:ok F:noop F:noop F:noop F:noop F:noop O:ok	ok	same	-	[2, 0]	2	0	[0, 0]	24	524288	0	1	t1@50182:released-and-isolated
F3-latent-eio-dev0	N1A-every-isoBad-mem	OFFFFFF	O:ok F:noop F:noop F:noop F:noop F:noop F:noop	ok	same	-	[2, 0]	2	0	[0, 0]	12	262144	0	1	t1@50182:released-and-isolated
F3-latent-eio-dev0	N1A-every-isoBad-mem	OFFFFOF	O:ok F:noop F:noop F:noop F:noop O:ok F:ok(F=3,reclaimed=1)	ok	same	-	[2, 0]	2	0	[0, 0]	32	655360	0	1	t1@50182:released-and-isolated
F3-latent-eio-dev0	N1A-every-isoBad-mem	OFFFFOM	O:ok F:noop F:noop F:noop F:noop O:ok M:ok	ok	same	-	[0, 0]	2	0	[0, 0]	32	655360	0	1	t1@50182:released-and-isolated
F3-latent-eio-dev0	N1A-every-isoBad-mem	OFFFFFM	O:ok F:noop F:noop F:noop F:noop F:noop M:ok	ok	same	-	[0, 0]	2	0	[0, 0]	24	458752	0	1	t1@50182:released-and-isolated
F3-latent-eio-dev0	N1A-every-isoBad-mem	OFFFFMO	O:ok F:noop F:noop F:noop F:noop M:ok O:ok	ok	same	-	[0, 0]	2	0	[0, 0]	36	720896	0	1	t1@50182:released-and-isolated
F3-latent-eio-dev0	N1A-every-isoBad-mem	OFFFFMF	O:ok F:noop F:noop F:noop F:noop M:ok F:noop	ok	same	-	[0, 0]	2	0	[0, 0]	24	458752	0	1	t1@50182:released-and-isolated
F3-latent-eio-dev0	N1A-every-isoBad-mem	OFFFFMM	O:ok F:noop F:noop F:noop F:noop M:ok M:ok	ok	same	-	[0, 0]	2	0	[0, 0]	36	655360	0	1	t1@50182:released-and-isolated
F3-latent-eio-dev0	N1A-every-isoBad-mem	OFFFFOO	O:ok F:noop F:noop F:noop F:noop O:ok O:ok	ok	same	-	[2, 0]	2	0	[0, 0]	36	786432	0	1	t1@50182:released-and-isolated
F3-latent-eio-dev0	N1A-every-isoBad-mem	OFFFMFF	O:ok F:noop F:noop F:noop M:ok F:noop F:noop	ok	same	-	[0, 0]	2	0	[0, 0]	24	458752	0	1	t1@50182:released-and-isolated
F3-latent-eio-dev0	N1A-every-isoBad-mem	OFFFMFO	O:ok F:noop F:noop F:noop M:ok F:noop O:ok	ok	same	-	[0, 0]	2	0	[0, 0]	36	720896	0	1	t1@50182:released-and-isolated
F3-latent-eio-dev0	N1A-every-isoBad-mem	OFFFMFM	O:ok F:noop F:noop F:noop M:ok F:noop M:ok	ok	same	-	[0, 0]	2	0	[0, 0]	36	655360	0	1	t1@50182:released-and-isolated
F3-latent-eio-dev0	N1A-every-isoBad-mem	OFFFMMF	O:ok F:noop F:noop F:noop M:ok M:ok F:noop	ok	same	-	[0, 0]	2	0	[0, 0]	36	655360	0	1	t1@50182:released-and-isolated
F3-latent-eio-dev0	N1A-every-isoBad-mem	OFFFMMO	O:ok F:noop F:noop F:noop M:ok M:ok O:ok	ok	same	-	[0, 0]	2	0	[0, 0]	48	917504	0	1	t1@50182:released-and-isolated
F3-latent-eio-dev0	N1A-every-isoBad-mem	OFFFMMM	O:ok F:noop F:noop F:noop M:ok M:ok M:ok	ok	same	-	[0, 0]	2	0	[0, 0]	48	851968	0	1	t1@50182:released-and-isolated
F3-latent-eio-dev0	N1A-every-isoBad-mem	OFFFMOF	O:ok F:noop F:noop F:noop M:ok O:ok F:ok(F=3,reclaimed=1)	ok	same	-	[0, 0]	2	0	[0, 0]	44	851968	0	1	t1@50182:released-and-isolated
F3-latent-eio-dev0	N1A-every-isoBad-mem	OFFFMOM	O:ok F:noop F:noop F:noop M:ok O:ok M:ok	ok	same	-	[0, 0]	2	0	[0, 0]	44	851968	0	1	t1@50182:released-and-isolated
F3-latent-eio-dev0	N1A-every-isoBad-mem	OFFFMOO	O:ok F:noop F:noop F:noop M:ok O:ok O:ok	ok	same	-	[0, 0]	2	0	[0, 0]	48	983040	0	1	t1@50182:released-and-isolated
F3-latent-eio-dev0	N1A-every-isoBad-mem	OFFFOFO	O:ok F:noop F:noop F:noop O:ok F:ok(F=3,reclaimed=1) O:ok	ok	same	-	[2, 0]	2	0	[0, 0]	44	917504	0	1	t1@50182:released-and-isolated
F3-latent-eio-dev0	N1A-every-isoBad-mem	OFFFOFF	O:ok F:noop F:noop F:noop O:ok F:ok(F=3,reclaimed=1) F:noop	ok	same	-	[2, 0]	2	0	[0, 0]	32	655360	0	1	t1@50182:released-and-isolated
F3-latent-eio-dev0	N1A-every-isoBad-mem	OFFFOMF	O:ok F:noop F:noop F:noop O:ok M:ok F:ok(F=3,reclaimed=1)	ok	same	-	[0, 0]	2	0	[0, 0]	44	851968	0	1	t1@50182:released-and-isolated
F3-latent-eio-dev0	N1A-every-isoBad-mem	OFFFOFM	O:ok F:noop F:noop F:noop O:ok F:ok(F=3,reclaimed=1) M:ok	ok	same	-	[0, 0]	2	0	[0, 0]	44	851968	0	1	t1@50182:released-and-isolated
F3-latent-eio-dev0	N1A-every-isoBad-mem	OFFFOOF	O:ok F:noop F:noop F:noop O:ok O:ok F:ok(F=6,reclaimed=18)	ok	same	-	[2, 0]	2	0	[0, 0]	44	917504	0	1	t1@50182:released-and-isolated
F3-latent-eio-dev0	N1A-every-isoBad-mem	OFFFOMO	O:ok F:noop F:noop F:noop O:ok M:ok O:ok	ok	same	-	[0, 0]	2	0	[0, 0]	44	917504	0	1	t1@50182:released-and-isolated
F3-latent-eio-dev0	N1A-every-isoBad-mem	OFFFOOO	O:ok F:noop F:noop F:noop O:ok O:ok O:ok	ok	same	-	[2, 0]	2	0	[0, 0]	48	1048576	0	1	t1@50182:released-and-isolated
F3-latent-eio-dev0	N1A-every-isoBad-mem	OFFFOOM	O:ok F:noop F:noop F:noop O:ok O:ok M:ok	ok	same	-	[0, 0]	2	0	[0, 0]	44	917504	0	1	t1@50182:released-and-isolated
F3-latent-eio-dev0	N1A-every-isoBad-mem	OFFMFFF	O:ok F:noop F:noop M:ok F:noop F:noop F:noop	ok	same	-	[0, 0]	2	0	[0, 0]	24	458752	0	1	t1@50182:released-and-isolated
F3-latent-eio-dev0	N1A-every-isoBad-mem	OFFFOMM	O:ok F:noop F:noop F:noop O:ok M:ok M:ok	ok	same	-	[0, 0]	2	0	[0, 0]	44	851968	0	1	t1@50182:released-and-isolated
F3-latent-eio-dev0	N1A-every-isoBad-mem	OFFMFFM	O:ok F:noop F:noop M:ok F:noop F:noop M:ok	ok	same	-	[0, 0]	2	0	[0, 0]	36	655360	0	1	t1@50182:released-and-isolated
F3-latent-eio-dev0	N1A-every-isoBad-mem	OFFMFFO	O:ok F:noop F:noop M:ok F:noop F:noop O:ok	ok	same	-	[0, 0]	2	0	[0, 0]	36	720896	0	1	t1@50182:released-and-isolated
F3-latent-eio-dev0	N1A-every-isoBad-mem	OFFMFOF	O:ok F:noop F:noop M:ok F:noop O:ok F:ok(F=3,reclaimed=1)	ok	same	-	[0, 0]	2	0	[0, 0]	44	851968	0	1	t1@50182:released-and-isolated
F3-latent-eio-dev0	N1A-every-isoBad-mem	OFFMFMO	O:ok F:noop F:noop M:ok F:noop M:ok O:ok	ok	same	-	[0, 0]	2	0	[0, 0]	48	917504	0	1	t1@50182:released-and-isolated
F3-latent-eio-dev0	N1A-every-isoBad-mem	OFFMFMF	O:ok F:noop F:noop M:ok F:noop M:ok F:noop	ok	same	-	[0, 0]	2	0	[0, 0]	36	655360	0	1	t1@50182:released-and-isolated
F3-latent-eio-dev0	N1A-every-isoBad-mem	OFFMFMM	O:ok F:noop F:noop M:ok F:noop M:ok M:ok	ok	same	-	[0, 0]	2	0	[0, 0]	48	851968	0	1	t1@50182:released-and-isolated
F3-latent-eio-dev0	N1A-every-isoBad-mem	OFFMFOM	O:ok F:noop F:noop M:ok F:noop O:ok M:ok	ok	same	-	[0, 0]	2	0	[0, 0]	44	851968	0	1	t1@50182:released-and-isolated
F3-latent-eio-dev0	N1A-every-isoBad-mem	OFFMFOO	O:ok F:noop F:noop M:ok F:noop O:ok O:ok	ok	same	-	[0, 0]	2	0	[0, 0]	48	983040	0	1	t1@50182:released-and-isolated
F3-latent-eio-dev0	N1A-every-isoBad-mem	OFFMMFO	O:ok F:noop F:noop M:ok M:ok F:noop O:ok	ok	same	-	[0, 0]	2	0	[0, 0]	48	917504	0	1	t1@50182:released-and-isolated
F3-latent-eio-dev0	N1A-every-isoBad-mem	OFFMMFF	O:ok F:noop F:noop M:ok M:ok F:noop F:noop	ok	same	-	[0, 0]	2	0	[0, 0]	36	655360	0	1	t1@50182:released-and-isolated
F3-latent-eio-dev0	N1A-every-isoBad-mem	OFFMMFM	O:ok F:noop F:noop M:ok M:ok F:noop M:ok	ok	same	-	[0, 0]	2	0	[0, 0]	48	851968	0	1	t1@50182:released-and-isolated
F3-latent-eio-dev0	N1A-every-isoBad-mem	OFFMMMO	O:ok F:noop F:noop M:ok M:ok M:ok O:ok	ok	same	-	[0, 0]	2	0	[0, 0]	60	1114112	0	1	t1@50182:released-and-isolated
F3-latent-eio-dev0	N1A-every-isoBad-mem	OFFMMMF	O:ok F:noop F:noop M:ok M:ok M:ok F:noop	ok	same	-	[0, 0]	2	0	[0, 0]	48	851968	0	1	t1@50182:released-and-isolated
F3-latent-eio-dev0	N1A-every-isoBad-mem	OFFMMOO	O:ok F:noop F:noop M:ok M:ok O:ok O:ok	ok	same	-	[0, 0]	2	0	[0, 0]	60	1179648	0	1	t1@50182:released-and-isolated
F3-latent-eio-dev0	N1A-every-isoBad-mem	OFFMMMM	O:ok F:noop F:noop M:ok M:ok M:ok M:ok	ok	same	-	[0, 0]	2	0	[0, 0]	60	1048576	0	1	t1@50182:released-and-isolated
F3-latent-eio-dev0	N1A-every-isoBad-mem	OFFMOFF	O:ok F:noop F:noop M:ok O:ok F:ok(F=3,reclaimed=1) F:noop	ok	same	-	[0, 0]	2	0	[0, 0]	44	851968	0	1	t1@50182:released-and-isolated
F3-latent-eio-dev0	N1A-every-isoBad-mem	OFFMMOF	O:ok F:noop F:noop M:ok M:ok O:ok F:ok(F=3,reclaimed=1)	ok	same	-	[0, 0]	2	0	[0, 0]	56	1048576	0	1	t1@50182:released-and-isolated
F3-latent-eio-dev0	N1A-every-isoBad-mem	OFFMMOM	O:ok F:noop F:noop M:ok M:ok O:ok M:ok	ok	same	-	[0, 0]	2	0	[0, 0]	56	1048576	0	1	t1@50182:released-and-isolated
F3-latent-eio-dev0	N1A-every-isoBad-mem	OFFMOFM	O:ok F:noop F:noop M:ok O:ok F:ok(F=3,reclaimed=1) M:ok	ok	same	-	[0, 0]	2	0	[0, 0]	56	1048576	0	1	t1@50182:released-and-isolated
F3-latent-eio-dev0	N1A-every-isoBad-mem	OFFMOFO	O:ok F:noop F:noop M:ok O:ok F:ok(F=3,reclaimed=1) O:ok	ok	same	-	[0, 0]	2	0	[0, 0]	56	1114112	0	1	t1@50182:released-and-isolated
F3-latent-eio-dev0	N1A-every-isoBad-mem	OFFMOMF	O:ok F:noop F:noop M:ok O:ok M:ok F:ok(F=3,reclaimed=1)	ok	same	-	[0, 0]	2	0	[0, 0]	56	1048576	0	1	t1@50182:released-and-isolated
F3-latent-eio-dev0	N1A-every-isoBad-mem	OFFMOOF	O:ok F:noop F:noop M:ok O:ok O:ok F:ok(F=6,reclaimed=18)	ok	same	-	[0, 0]	2	0	[0, 0]	56	1114112	0	1	t1@50182:released-and-isolated
F3-latent-eio-dev0	N1A-every-isoBad-mem	OFFOFFF	O:ok F:noop F:noop O:ok F:ok(F=3,reclaimed=1) F:noop F:noop	ok	same	-	[2, 0]	2	0	[0, 0]	32	655360	0	1	t1@50182:released-and-isolated
F3-latent-eio-dev0	N1A-every-isoBad-mem	OFFMOMO	O:ok F:noop F:noop M:ok O:ok M:ok O:ok	ok	same	-	[0, 0]	2	0	[0, 0]	56	1114112	0	1	t1@50182:released-and-isolated
F3-latent-eio-dev0	N1A-every-isoBad-mem	OFFOFFM	O:ok F:noop F:noop O:ok F:ok(F=3,reclaimed=1) F:noop M:ok	ok	same	-	[0, 0]	2	0	[0, 0]	44	851968	0	1	t1@50182:released-and-isolated
F3-latent-eio-dev0	N1A-every-isoBad-mem	OFFOFFO	O:ok F:noop F:noop O:ok F:ok(F=3,reclaimed=1) F:noop O:ok	ok	same	-	[2, 0]	2	0	[0, 0]	44	917504	0	1	t1@50182:released-and-isolated
F3-latent-eio-dev0	N1A-every-isoBad-mem	OFFMOMM	O:ok F:noop F:noop M:ok O:ok M:ok M:ok	ok	same	-	[0, 0]	2	0	[0, 0]	56	1048576	0	1	t1@50182:released-and-isolated
F3-latent-eio-dev0	N1A-every-isoBad-mem	OFFMOOO	O:ok F:noop F:noop M:ok O:ok O:ok O:ok	ok	same	-	[0, 0]	2	0	[0, 0]	60	1245184	0	1	t1@50182:released-and-isolated
F3-latent-eio-dev0	N1A-every-isoBad-mem	OFFMOOM	O:ok F:noop F:noop M:ok O:ok O:ok M:ok	ok	same	-	[0, 0]	2	0	[0, 0]	56	1114112	0	1	t1@50182:released-and-isolated
F3-latent-eio-dev0	N1A-every-isoBad-mem	OFFOFOM	O:ok F:noop F:noop O:ok F:ok(F=3,reclaimed=1) O:ok M:ok	ok	same	-	[0, 0]	2	0	[0, 0]	52	1048576	0	1	t1@50182:released-and-isolated
F3-latent-eio-dev0	N1A-every-isoBad-mem	OFFOFOO	O:ok F:noop F:noop O:ok F:ok(F=3,reclaimed=1) O:ok O:ok	ok	same	-	[2, 0]	2	0	[0, 0]	56	1179648	0	1	t1@50182:released-and-isolated
F3-latent-eio-dev0	N1A-every-isoBad-mem	OFFOMFM	O:ok F:noop F:noop O:ok M:ok F:ok(F=3,reclaimed=1) M:ok	ok	same	-	[0, 0]	2	0	[0, 0]	56	1048576	0	1	t1@50182:released-and-isolated
F3-latent-eio-dev0	N1A-every-isoBad-mem	OFFOFMO	O:ok F:noop F:noop O:ok F:ok(F=3,reclaimed=1) M:ok O:ok	ok	same	-	[0, 0]	2	0	[0, 0]	56	1114112	0	1	t1@50182:released-and-isolated
F3-latent-eio-dev0	N1A-every-isoBad-mem	OFFOFMF	O:ok F:noop F:noop O:ok F:ok(F=3,reclaimed=1) M:ok F:noop	ok	same	-	[0, 0]	2	0	[0, 0]	44	851968	0	1	t1@50182:released-and-isolated
F3-latent-eio-dev0	N1A-every-isoBad-mem	OFFOFOF	O:ok F:noop F:noop O:ok F:ok(F=3,reclaimed=1) O:ok F:ok(F=6,reclaimed=17)	ok	same	-	[2, 0]	2	0	[0, 0]	52	1048576	0	1	t1@50182:released-and-isolated
F3-latent-eio-dev0	N1A-every-isoBad-mem	OFFOFMM	O:ok F:noop F:noop O:ok F:ok(F=3,reclaimed=1) M:ok M:ok	ok	same	-	[0, 0]	2	0	[0, 0]	56	1048576	0	1	t1@50182:released-and-isolated
F3-latent-eio-dev0	N1A-every-isoBad-mem	OFFOMFF	O:ok F:noop F:noop O:ok M:ok F:ok(F=3,reclaimed=1) F:noop	ok	same	-	[0, 0]	2	0	[0, 0]	44	851968	0	1	t1@50182:released-and-isolated
F3-latent-eio-dev0	N1A-every-isoBad-mem	OFFOMFO	O:ok F:noop F:noop O:ok M:ok F:ok(F=3,reclaimed=1) O:ok	ok	same	-	[0, 0]	2	0	[0, 0]	56	1114112	0	1	t1@50182:released-and-isolated
F3-latent-eio-dev0	N1A-every-isoBad-mem	OFFOOFF	O:ok F:noop F:noop O:ok O:ok F:ok(F=6,reclaimed=18) F:noop	ok	same	-	[2, 0]	2	0	[0, 0]	44	917504	0	1	t1@50182:released-and-isolated
F3-latent-eio-dev0	N1A-every-isoBad-mem	OFFOMOO	O:ok F:noop F:noop O:ok M:ok O:ok O:ok	ok	same	-	[0, 0]	2	0	[0, 0]	56	1179648	0	1	t1@50182:released-and-isolated
F3-latent-eio-dev0	N1A-every-isoBad-mem	OFFOMOF	O:ok F:noop F:noop O:ok M:ok O:ok F:ok(F=6,reclaimed=18)	ok	same	-	[0, 0]	2	0	[0, 0]	52	1048576	0	1	t1@50182:released-and-isolated
F3-latent-eio-dev0	N1A-every-isoBad-mem	OFFOMOM	O:ok F:noop F:noop O:ok M:ok O:ok M:ok	ok	same	-	[0, 0]	2	0	[0, 0]	52	1048576	0	1	t1@50182:released-and-isolated
F3-latent-eio-dev0	N1A-every-isoBad-mem	OFFOMMF	O:ok F:noop F:noop O:ok M:ok M:ok F:ok(F=3,reclaimed=1)	ok	same	-	[0, 0]	2	0	[0, 0]	56	1048576	0	1	t1@50182:released-and-isolated
F3-latent-eio-dev0	N1A-every-isoBad-mem	OFFOOFO	O:ok F:noop F:noop O:ok O:ok F:ok(F=6,reclaimed=18) O:ok	ok	same	-	[2, 0]	2	0	[0, 0]	56	1179648	0	1	t1@50182:released-and-isolated
F3-latent-eio-dev0	N1A-every-isoBad-mem	OFFOMMM	O:ok F:noop F:noop O:ok M:ok M:ok M:ok	ok	same	-	[0, 0]	2	0	[0, 0]	56	1048576	0	1	t1@50182:released-and-isolated
F3-latent-eio-dev0	N1A-every-isoBad-mem	OFFOMMO	O:ok F:noop F:noop O:ok M:ok M:ok O:ok	ok	same	-	[0, 0]	2	0	[0, 0]	56	1114112	0	1	t1@50182:released-and-isolated
F3-latent-eio-dev0	N1A-every-isoBad-mem	OFFOOFM	O:ok F:noop F:noop O:ok O:ok F:ok(F=6,reclaimed=18) M:ok	ok	same	-	[0, 0]	2	0	[0, 0]	52	1048576	0	1	t1@50182:released-and-isolated
F3-latent-eio-dev0	N1A-every-isoBad-mem	OFFOOOF	O:ok F:noop F:noop O:ok O:ok O:ok F:ok(F=7,reclaimed=26)	ok	same	-	[2, 0]	2	0	[2, 0]	60	1245184	0	1	t1@50182:released-and-isolated
F3-latent-eio-dev0	N1A-every-isoBad-mem	OFFOOOO	O:ok F:noop F:noop O:ok O:ok O:ok O:ok	ok	same	-	[2, 0]	2	0	[0, 0]	60	1310720	0	1	t1@50182:released-and-isolated
F3-latent-eio-dev0	N1A-every-isoBad-mem	OFFOOMF	O:ok F:noop F:noop O:ok O:ok M:ok F:ok(F=6,reclaimed=18)	ok	same	-	[0, 0]	2	0	[0, 0]	52	1048576	0	1	t1@50182:released-and-isolated
F3-latent-eio-dev0	N1A-every-isoBad-mem	OFFOOMO	O:ok F:noop F:noop O:ok O:ok M:ok O:ok	ok	same	-	[0, 0]	2	0	[0, 0]	56	1179648	0	1	t1@50182:released-and-isolated
F3-latent-eio-dev0	N1A-every-isoBad-mem	OFFOOMM	O:ok F:noop F:noop O:ok O:ok M:ok M:ok	ok	same	-	[0, 0]	2	0	[0, 0]	52	1048576	0	1	t1@50182:released-and-isolated
F3-latent-eio-dev0	N1A-every-isoBad-mem	OFMFFFF	O:ok F:noop M:ok F:noop F:noop F:noop F:noop	ok	same	-	[0, 0]	2	0	[0, 0]	24	458752	0	1	t1@50182:released-and-isolated
F3-latent-eio-dev0	N1A-every-isoBad-mem	OFFOOOM	O:ok F:noop F:noop O:ok O:ok O:ok M:ok	ok	same	-	[0, 0]	2	0	[0, 0]	60	1245184	0	1	t1@50182:released-and-isolated
F3-latent-eio-dev0	N1A-every-isoBad-mem	OFMFFFO	O:ok F:noop M:ok F:noop F:noop F:noop O:ok	ok	same	-	[0, 0]	2	0	[0, 0]	36	720896	0	1	t1@50182:released-and-isolated
F3-latent-eio-dev0	N1A-every-isoBad-mem	OFMFFMO	O:ok F:noop M:ok F:noop F:noop M:ok O:ok	ok	same	-	[0, 0]	2	0	[0, 0]	48	917504	0	1	t1@50182:released-and-isolated
F3-latent-eio-dev0	N1A-every-isoBad-mem	OFMFFOF	O:ok F:noop M:ok F:noop F:noop O:ok F:ok(F=3,reclaimed=1)	ok	same	-	[0, 0]	2	0	[0, 0]	44	851968	0	1	t1@50182:released-and-isolated
F3-latent-eio-dev0	N1A-every-isoBad-mem	OFMFFOO	O:ok F:noop M:ok F:noop F:noop O:ok O:ok	ok	same	-	[0, 0]	2	0	[0, 0]	48	983040	0	1	t1@50182:released-and-isolated
F3-latent-eio-dev0	N1A-every-isoBad-mem	OFMFFFM	O:ok F:noop M:ok F:noop F:noop F:noop M:ok	ok	same	-	[0, 0]	2	0	[0, 0]	36	655360	0	1	t1@50182:released-and-isolated
F3-latent-eio-dev0	N1A-every-isoBad-mem	OFMFFMF	O:ok F:noop M:ok F:noop F:noop M:ok F:noop	ok	same	-	[0, 0]	2	0	[0, 0]	36	655360	0	1	t1@50182:released-and-isolated
F3-latent-eio-dev0	N1A-every-isoBad-mem	OFMFFOM	O:ok F:noop M:ok F:noop F:noop O:ok M:ok	ok	same	-	[0, 0]	2	0	[0, 0]	44	851968	0	1	t1@50182:released-and-isolated
F3-latent-eio-dev0	N1A-every-isoBad-mem	OFMFFMM	O:ok F:noop M:ok F:noop F:noop M:ok M:ok	ok	same	-	[0, 0]	2	0	[0, 0]	48	851968	0	1	t1@50182:released-and-isolated
F3-latent-eio-dev0	N1A-every-isoBad-mem	OFMFMOF	O:ok F:noop M:ok F:noop M:ok O:ok F:ok(F=3,reclaimed=1)	ok	same	-	[0, 0]	2	0	[0, 0]	56	1048576	0	1	t1@50182:released-and-isolated
F3-latent-eio-dev0	N1A-every-isoBad-mem	OFMFMFM	O:ok F:noop M:ok F:noop M:ok F:noop M:ok	ok	same	-	[0, 0]	2	0	[0, 0]	48	851968	0	1	t1@50182:released-and-isolated
F3-latent-eio-dev0	N1A-every-isoBad-mem	OFMFMMO	O:ok F:noop M:ok F:noop M:ok M:ok O:ok	ok	same	-	[0, 0]	2	0	[0, 0]	60	1114112	0	1	t1@50182:released-and-isolated
F3-latent-eio-dev0	N1A-every-isoBad-mem	OFMFMFF	O:ok F:noop M:ok F:noop M:ok F:noop F:noop	ok	same	-	[0, 0]	2	0	[0, 0]	36	655360	0	1	t1@50182:released-and-isolated
F3-latent-eio-dev0	N1A-every-isoBad-mem	OFMFMMF	O:ok F:noop M:ok F:noop M:ok M:ok F:noop	ok	same	-	[0, 0]	2	0	[0, 0]	48	851968	0	1	t1@50182:released-and-isolated
F3-latent-eio-dev0	N1A-every-isoBad-mem	OFMFMFO	O:ok F:noop M:ok F:noop M:ok F:noop O:ok	ok	same	-	[0, 0]	2	0	[0, 0]	48	917504	0	1	t1@50182:released-and-isolated
F3-latent-eio-dev0	N1A-every-isoBad-mem	OFMFMMM	O:ok F:noop M:ok F:noop M:ok M:ok M:ok	ok	same	-	[0, 0]	2	0	[0, 0]	60	1048576	0	1	t1@50182:released-and-isolated
F3-latent-eio-dev0	N1A-every-isoBad-mem	OFMFMOM	O:ok F:noop M:ok F:noop M:ok O:ok M:ok	ok	same	-	[0, 0]	2	0	[0, 0]	56	1048576	0	1	t1@50182:released-and-isolated
F3-latent-eio-dev0	N1A-every-isoBad-mem	OFMFOFO	O:ok F:noop M:ok F:noop O:ok F:ok(F=3,reclaimed=1) O:ok	ok	same	-	[0, 0]	2	0	[0, 0]	56	1114112	0	1	t1@50182:released-and-isolated
F3-latent-eio-dev0	N1A-every-isoBad-mem	OFMFOFF	O:ok F:noop M:ok F:noop O:ok F:ok(F=3,reclaimed=1) F:noop	ok	same	-	[0, 0]	2	0	[0, 0]	44	851968	0	1	t1@50182:released-and-isolated
F3-latent-eio-dev0	N1A-every-isoBad-mem	OFMFMOO	O:ok F:noop M:ok F:noop M:ok O:ok O:ok	ok	same	-	[0, 0]	2	0	[0, 0]	60	1179648	0	1	t1@50182:released-and-isolated
F3-latent-eio-dev0	N1A-every-isoBad-mem	OFMFOMM	O:ok F:noop M:ok F:noop O:ok M:ok M:ok	ok	same	-	[0, 0]	2	0	[0, 0]	56	1048576	0	1	t1@50182:released-and-isolated
F3-latent-eio-dev0	N1A-every-isoBad-mem	OFMFOFM	O:ok F:noop M:ok F:noop O:ok F:ok(F=3,reclaimed=1) M:ok	ok	same	-	[0, 0]	2	0	[0, 0]	56	1048576	0	1	t1@50182:released-and-isolated
F3-latent-eio-dev0	N1A-every-isoBad-mem	OFMFOMF	O:ok F:noop M:ok F:noop O:ok M:ok F:ok(F=3,reclaimed=1)	ok	same	-	[0, 0]	2	0	[0, 0]	56	1048576	0	1	t1@50182:released-and-isolated
F3-latent-eio-dev0	N1A-every-isoBad-mem	OFMFOMO	O:ok F:noop M:ok F:noop O:ok M:ok O:ok	ok	same	-	[0, 0]	2	0	[0, 0]	56	1114112	0	1	t1@50182:released-and-isolated
F3-latent-eio-dev0	N1A-every-isoBad-mem	OFMFOOO	O:ok F:noop M:ok F:noop O:ok O:ok O:ok	ok	same	-	[0, 0]	2	0	[0, 0]	60	1245184	0	1	t1@50182:released-and-isolated
F3-latent-eio-dev0	N1A-every-isoBad-mem	OFMFOOF	O:ok F:noop M:ok F:noop O:ok O:ok F:ok(F=6,reclaimed=18)	ok	same	-	[0, 0]	2	0	[0, 0]	56	1114112	0	1	t1@50182:released-and-isolated
F3-latent-eio-dev0	N1A-every-isoBad-mem	OFMFOOM	O:ok F:noop M:ok F:noop O:ok O:ok M:ok	ok	same	-	[0, 0]	2	0	[0, 0]	56	1114112	0	1	t1@50182:released-and-isolated
F3-latent-eio-dev0	N1A-every-isoBad-mem	OFMMFFF	O:ok F:noop M:ok M:ok F:noop F:noop F:noop	ok	same	-	[0, 0]	2	0	[0, 0]	36	655360	0	1	t1@50182:released-and-isolated
F3-latent-eio-dev0	N1A-every-isoBad-mem	OFMMFFO	O:ok F:noop M:ok M:ok F:noop F:noop O:ok	ok	same	-	[0, 0]	2	0	[0, 0]	48	917504	0	1	t1@50182:released-and-isolated
F3-latent-eio-dev0	N1A-every-isoBad-mem	OFMMFOM	O:ok F:noop M:ok M:ok F:noop O:ok M:ok	ok	same	-	[0, 0]	2	0	[0, 0]	56	1048576	0	1	t1@50182:released-and-isolated
F3-latent-eio-dev0	N1A-every-isoBad-mem	OFMMFMF	O:ok F:noop M:ok M:ok F:noop M:ok F:noop	ok	same	-	[0, 0]	2	0	[0, 0]	48	851968	0	1	t1@50182:released-and-isolated
F3-latent-eio-dev0	N1A-every-isoBad-mem	OFMMFFM	O:ok F:noop M:ok M:ok F:noop F:noop M:ok	ok	same	-	[0, 0]	2	0	[0, 0]	48	851968	0	1	t1@50182:released-and-isolated
F3-latent-eio-dev0	N1A-every-isoBad-mem	OFMMFMO	O:ok F:noop M:ok M:ok F:noop M:ok O:ok	ok	same	-	[0, 0]	2	0	[0, 0]	60	1114112	0	1	t1@50182:released-and-isolated
F3-latent-eio-dev0	N1A-every-isoBad-mem	OFMMFOF	O:ok F:noop M:ok M:ok F:noop O:ok F:ok(F=3,reclaimed=1)	ok	same	-	[0, 0]	2	0	[0, 0]	56	1048576	0	1	t1@50182:released-and-isolated
F3-latent-eio-dev0	N1A-every-isoBad-mem	OFMMFMM	O:ok F:noop M:ok M:ok F:noop M:ok M:ok	ok	same	-	[0, 0]	2	0	[0, 0]	60	1048576	0	1	t1@50182:released-and-isolated
F3-latent-eio-dev0	N1A-every-isoBad-mem	OFMMFOO	O:ok F:noop M:ok M:ok F:noop O:ok O:ok	ok	same	-	[0, 0]	2	0	[0, 0]	60	1179648	0	1	t1@50182:released-and-isolated
F3-latent-eio-dev0	N1A-every-isoBad-mem	OFMMMFM	O:ok F:noop M:ok M:ok M:ok F:noop M:ok	ok	same	-	[0, 0]	2	0	[0, 0]	60	1048576	0	1	t1@50182:released-and-isolated
F3-latent-eio-dev0	N1A-every-isoBad-mem	OFMMMFF	O:ok F:noop M:ok M:ok M:ok F:noop F:noop	ok	same	-	[0, 0]	2	0	[0, 0]	48	851968	0	1	t1@50182:released-and-isolated
F3-latent-eio-dev0	N1A-every-isoBad-mem	OFMMMFO	O:ok F:noop M:ok M:ok M:ok F:noop O:ok	ok	same	-	[0, 0]	2	0	[0, 0]	60	1114112	0	1	t1@50182:released-and-isolated
F3-latent-eio-dev0	N1A-every-isoBad-mem	OFMMMMF	O:ok F:noop M:ok M:ok M:ok M:ok F:noop	ok	same	-	[0, 0]	2	0	[0, 0]	60	1048576	0	1	t1@50182:released-and-isolated
F3-latent-eio-dev0	N1A-every-isoBad-mem	OFMMMMM	O:ok F:noop M:ok M:ok M:ok M:ok M:ok	ok	same	-	[0, 0]	2	0	[0, 0]	72	1245184	0	1	t1@50182:released-and-isolated
F3-latent-eio-dev0	N1A-every-isoBad-mem	OFMMMOF	O:ok F:noop M:ok M:ok M:ok O:ok F:ok(F=3,reclaimed=1)	ok	same	-	[0, 0]	2	0	[0, 0]	68	1245184	0	1	t1@50182:released-and-isolated
F3-latent-eio-dev0	N1A-every-isoBad-mem	OFMMMMO	O:ok F:noop M:ok M:ok M:ok M:ok O:ok	ok	same	-	[0, 0]	2	0	[0, 0]	72	1310720	0	1	t1@50182:released-and-isolated
F3-latent-eio-dev0	N1A-every-isoBad-mem	OFMMMOM	O:ok F:noop M:ok M:ok M:ok O:ok M:ok	ok	same	-	[0, 0]	2	0	[0, 0]	68	1245184	0	1	t1@50182:released-and-isolated
F3-latent-eio-dev0	N1A-every-isoBad-mem	OFMMOFF	O:ok F:noop M:ok M:ok O:ok F:ok(F=3,reclaimed=1) F:noop	ok	same	-	[0, 0]	2	0	[0, 0]	56	1048576	0	1	t1@50182:released-and-isolated
F3-latent-eio-dev0	N1A-every-isoBad-mem	OFMMMOO	O:ok F:noop M:ok M:ok M:ok O:ok O:ok	ok	same	-	[0, 0]	2	0	[0, 0]	72	1376256	0	1	t1@50182:released-and-isolated
F3-latent-eio-dev0	N1A-every-isoBad-mem	OFMMOFO	O:ok F:noop M:ok M:ok O:ok F:ok(F=3,reclaimed=1) O:ok	ok	same	-	[0, 0]	2	0	[0, 0]	68	1310720	0	1	t1@50182:released-and-isolated
F3-latent-eio-dev0	N1A-every-isoBad-mem	OFMMOFM	O:ok F:noop M:ok M:ok O:ok F:ok(F=3,reclaimed=1) M:ok	ok	same	-	[0, 0]	2	0	[0, 0]	68	1245184	0	1	t1@50182:released-and-isolated
F3-latent-eio-dev0	N1A-every-isoBad-mem	OFMMOMF	O:ok F:noop M:ok M:ok O:ok M:ok F:ok(F=3,reclaimed=1)	ok	same	-	[0, 0]	2	0	[0, 0]	68	1245184	0	1	t1@50182:released-and-isolated
F3-latent-eio-dev0	N1A-every-isoBad-mem	OFMMOMO	O:ok F:noop M:ok M:ok O:ok M:ok O:ok	ok	same	-	[0, 0]	2	0	[0, 0]	68	1310720	0	1	t1@50182:released-and-isolated
F3-latent-eio-dev0	N1A-every-isoBad-mem	OFMOFFF	O:ok F:noop M:ok O:ok F:ok(F=3,reclaimed=1) F:noop F:noop	ok	same	-	[0, 0]	2	0	[0, 0]	44	851968	0	1	t1@50182:released-and-isolated
F3-latent-eio-dev0	N1A-every-isoBad-mem	OFMMOMM	O:ok F:noop M:ok M:ok O:ok M:ok M:ok	ok	same	-	[0, 0]	2	0	[0, 0]	68	1245184	0	1	t1@50182:released-and-isolated
F3-latent-eio-dev0	N1A-every-isoBad-mem	OFMMOOM	O:ok F:noop M:ok M:ok O:ok O:ok M:ok	ok	same	-	[0, 0]	2	0	[0, 0]	68	1310720	0	1	t1@50182:released-and-isolated
F3-latent-eio-dev0	N1A-every-isoBad-mem	OFMMOOF	O:ok F:noop M:ok M:ok O:ok O:ok F:ok(F=6,reclaimed=18)	ok	same	-	[0, 0]	2	0	[0, 0]	68	1310720	0	1	t1@50182:released-and-isolated
F3-latent-eio-dev0	N1A-every-isoBad-mem	OFMMOOO	O:ok F:noop M:ok M:ok O:ok O:ok O:ok	ok	same	-	[0, 0]	2	0	[0, 0]	72	1441792	0	1	t1@50182:released-and-isolated
F3-latent-eio-dev0	N1A-every-isoBad-mem	OFMOFFO	O:ok F:noop M:ok O:ok F:ok(F=3,reclaimed=1) F:noop O:ok	ok	same	-	[0, 0]	2	0	[0, 0]	56	1114112	0	1	t1@50182:released-and-isolated
F3-latent-eio-dev0	N1A-every-isoBad-mem	OFMOFFM	O:ok F:noop M:ok O:ok F:ok(F=3,reclaimed=1) F:noop M:ok	ok	same	-	[0, 0]	2	0	[0, 0]	56	1048576	0	1	t1@50182:released-and-isolated
F3-latent-eio-dev0	N1A-every-isoBad-mem	OFMOFMF	O:ok F:noop M:ok O:ok F:ok(F=3,reclaimed=1) M:ok F:noop	ok	same	-	[0, 0]	2	0	[0, 0]	56	1048576	0	1	t1@50182:released-and-isolated
F3-latent-eio-dev0	N1A-every-isoBad-mem	OFMOFMO	O:ok F:noop M:ok O:ok F:ok(F=3,reclaimed=1) M:ok O:ok	ok	same	-	[0, 0]	2	0	[0, 0]	68	1310720	0	1	t1@50182:released-and-isolated
F3-latent-eio-dev0	N1A-every-isoBad-mem	OFMOFOF	O:ok F:noop M:ok O:ok F:ok(F=3,reclaimed=1) O:ok F:ok(F=6,reclaimed=17)	ok	same	-	[0, 0]	2	0	[0, 0]	64	1245184	0	1	t1@50182:released-and-isolated
F3-latent-eio-dev0	N1A-every-isoBad-mem	OFMOFMM	O:ok F:noop M:ok O:ok F:ok(F=3,reclaimed=1) M:ok M:ok	ok	same	-	[0, 0]	2	0	[0, 0]	68	1245184	0	1	t1@50182:released-and-isolated
F3-latent-eio-dev0	N1A-every-isoBad-mem	OFMOMFF	O:ok F:noop M:ok O:ok M:ok F:ok(F=3,reclaimed=1) F:noop	ok	same	-	[0, 0]	2	0	[0, 0]	56	1048576	0	1	t1@50182:released-and-isolated
F3-latent-eio-dev0	N1A-every-isoBad-mem	OFMOFOM	O:ok F:noop M:ok O:ok F:ok(F=3,reclaimed=1) O:ok M:ok	ok	same	-	[0, 0]	2	0	[0, 0]	64	1245184	0	1	t1@50182:released-and-isolated
F3-latent-eio-dev0	N1A-every-isoBad-mem	OFMOFOO	O:ok F:noop M:ok O:ok F:ok(F=3,reclaimed=1) O:ok O:ok	ok	same	-	[0, 0]	2	0	[0, 0]	68	1376256	0	1	t1@50182:released-and-isolated
F3-latent-eio-dev0	N1A-every-isoBad-mem	OFMOMFO	O:ok F:noop M:ok O:ok M:ok F:ok(F=3,reclaimed=1) O:ok	ok	same	-	[0, 0]	2	0	[0, 0]	68	1310720	0	1	t1@50182:released-and-isolated
F3-latent-eio-dev0	N1A-every-isoBad-mem	OFMOMFM	O:ok F:noop M:ok O:ok M:ok F:ok(F=3,reclaimed=1) M:ok	ok	same	-	[0, 0]	2	0	[0, 0]	68	1245184	0	1	t1@50182:released-and-isolated
F3-latent-eio-dev0	N1A-every-isoBad-mem	OFMOMMF	O:ok F:noop M:ok O:ok M:ok M:ok F:ok(F=3,reclaimed=1)	ok	same	-	[0, 0]	2	0	[0, 0]	68	1245184	0	1	t1@50182:released-and-isolated
F3-latent-eio-dev0	N1A-every-isoBad-mem	OFMOMMM	O:ok F:noop M:ok O:ok M:ok M:ok M:ok	ok	same	-	[0, 0]	2	0	[0, 0]	68	1245184	0	1	t1@50182:released-and-isolated
F3-latent-eio-dev0	N1A-every-isoBad-mem	OFMOMOF	O:ok F:noop M:ok O:ok M:ok O:ok F:ok(F=6,reclaimed=18)	ok	same	-	[0, 0]	2	0	[0, 0]	64	1245184	0	1	t1@50182:released-and-isolated
F3-latent-eio-dev0	N1A-every-isoBad-mem	OFMOMMO	O:ok F:noop M:ok O:ok M:ok M:ok O:ok	ok	same	-	[0, 0]	2	0	[0, 0]	68	1310720	0	1	t1@50182:released-and-isolated
F3-latent-eio-dev0	N1A-every-isoBad-mem	OFMOOFF	O:ok F:noop M:ok O:ok O:ok F:ok(F=6,reclaimed=18) F:noop	ok	same	-	[0, 0]	2	0	[0, 0]	56	1114112	0	1	t1@50182:released-and-isolated
F3-latent-eio-dev0	N1A-every-isoBad-mem	OFMOOFO	O:ok F:noop M:ok O:ok O:ok F:ok(F=6,reclaimed=18) O:ok	ok	same	-	[0, 0]	2	0	[0, 0]	68	1376256	0	1	t1@50182:released-and-isolated
F3-latent-eio-dev0	N1A-every-isoBad-mem	OFMOMOO	O:ok F:noop M:ok O:ok M:ok O:ok O:ok	ok	same	-	[0, 0]	2	0	[0, 0]	68	1376256	0	1	t1@50182:released-and-isolated
F3-latent-eio-dev0	N1A-every-isoBad-mem	OFMOOFM	O:ok F:noop M:ok O:ok O:ok F:ok(F=6,reclaimed=18) M:ok	ok	same	-	[0, 0]	2	0	[0, 0]	64	1245184	0	1	t1@50182:released-and-isolated
F3-latent-eio-dev0	N1A-every-isoBad-mem	OFMOOMO	O:ok F:noop M:ok O:ok O:ok M:ok O:ok	ok	same	-	[0, 0]	2	0	[0, 0]	68	1376256	0	1	t1@50182:released-and-isolated
F3-latent-eio-dev0	N1A-every-isoBad-mem	OFOFFFF	O:ok F:noop O:ok F:ok(F=3,reclaimed=1) F:noop F:noop F:noop	ok	same	-	[2, 0]	2	0	[0, 0]	32	655360	0	1	t1@50182:released-and-isolated
F3-latent-eio-dev0	N1A-every-isoBad-mem	OFMOOMM	O:ok F:noop M:ok O:ok O:ok M:ok M:ok	ok	same	-	[0, 0]	2	0	[0, 0]	64	1245184	0	1	t1@50182:released-and-isolated
F3-latent-eio-dev0	N1A-every-isoBad-mem	OFMOMOM	O:ok F:noop M:ok O:ok M:ok O:ok M:ok	ok	same	-	[0, 0]	2	0	[0, 0]	64	1245184	0	1	t1@50182:released-and-isolated
F3-latent-eio-dev0	N1A-every-isoBad-mem	OFMOOMF	O:ok F:noop M:ok O:ok O:ok M:ok F:ok(F=6,reclaimed=18)	ok	same	-	[0, 0]	2	0	[0, 0]	64	1245184	0	1	t1@50182:released-and-isolated
F3-latent-eio-dev0	N1A-every-isoBad-mem	OFMOOOF	O:ok F:noop M:ok O:ok O:ok O:ok F:ok(F=7,reclaimed=26)	ok	same	-	[0, 0]	2	0	[0, 0]	72	1441792	0	1	t1@50182:released-and-isolated
F3-latent-eio-dev0	N1A-every-isoBad-mem	OFMOOOO	O:ok F:noop M:ok O:ok O:ok O:ok O:ok	ok	same	-	[0, 0]	2	0	[0, 0]	72	1507328	0	1	t1@50182:released-and-isolated
F3-latent-eio-dev0	N1A-every-isoBad-mem	OFMOOOM	O:ok F:noop M:ok O:ok O:ok O:ok M:ok	ok	same	-	[0, 0]	2	0	[0, 0]	72	1441792	0	1	t1@50182:released-and-isolated
F3-latent-eio-dev0	N1A-every-isoBad-mem	OFOFFFO	O:ok F:noop O:ok F:ok(F=3,reclaimed=1) F:noop F:noop O:ok	ok	same	-	[2, 0]	2	0	[0, 0]	44	917504	0	1	t1@50182:released-and-isolated
F3-latent-eio-dev0	N1A-every-isoBad-mem	OFOFFOF	O:ok F:noop O:ok F:ok(F=3,reclaimed=1) F:noop O:ok F:ok(F=6,reclaimed=17)	ok	same	-	[2, 0]	2	0	[0, 0]	52	1048576	0	1	t1@50182:released-and-isolated
F3-latent-eio-dev0	N1A-every-isoBad-mem	OFOFFFM	O:ok F:noop O:ok F:ok(F=3,reclaimed=1) F:noop F:noop M:ok	ok	same	-	[0, 0]	2	0	[0, 0]	44	851968	0	1	t1@50182:released-and-isolated
F3-latent-eio-dev0	N1A-every-isoBad-mem	OFOFFMF	O:ok F:noop O:ok F:ok(F=3,reclaimed=1) F:noop M:ok F:noop	ok	same	-	[0, 0]	2	0	[0, 0]	44	851968	0	1	t1@50182:released-and-isolated
F3-latent-eio-dev0	N1A-every-isoBad-mem	OFOFFOM	O:ok F:noop O:ok F:ok(F=3,reclaimed=1) F:noop O:ok M:ok	ok	same	-	[0, 0]	2	0	[0, 0]	52	1048576	0	1	t1@50182:released-and-isolated
F3-latent-eio-dev0	N1A-every-isoBad-mem	OFOFFOO	O:ok F:noop O:ok F:ok(F=3,reclaimed=1) F:noop O:ok O:ok	ok	same	-	[2, 0]	2	0	[0, 0]	56	1179648	0	1	t1@50182:released-and-isolated
F3-latent-eio-dev0	N1A-every-isoBad-mem	OFOFFMO	O:ok F:noop O:ok F:ok(F=3,reclaimed=1) F:noop M:ok O:ok	ok	same	-	[0, 0]	2	0	[0, 0]	56	1114112	0	1	t1@50182:released-and-isolated
F3-latent-eio-dev0	N1A-every-isoBad-mem	OFOFMFF	O:ok F:noop O:ok F:ok(F=3,reclaimed=1) M:ok F:noop F:noop	ok	same	-	[0, 0]	2	0	[0, 0]	44	851968	0	1	t1@50182:released-and-isolated
F3-latent-eio-dev0	N1A-every-isoBad-mem	OFOFFMM	O:ok F:noop O:ok F:ok(F=3,reclaimed=1) F:noop M:ok M:ok	ok	same	-	[0, 0]	2	0	[0, 0]	56	1048576	0	1	t1@50182:released-and-isolated
F3-latent-eio-dev0	N1A-every-isoBad-mem	OFOFMFM	O:ok F:noop O:ok F:ok(F=3,reclaimed=1) M:ok F:noop M:ok	ok	same	-	[0, 0]	2	0	[0, 0]	56	1048576	0	1	t1@50182:released-and-isolated
F3-latent-eio-dev0	N1A-every-isoBad-mem	OFOFMFO	O:ok F:noop O:ok F:ok(F=3,reclaimed=1) M:ok F:noop O:ok	ok	same	-	[0, 0]	2	0	[0, 0]	56	1114112	0	1	t1@50182:released-and-isolated
F3-latent-eio-dev0	N1A-every-isoBad-mem	OFOFMMO	O:ok F:noop O:ok F:ok(F=3,reclaimed=1) M:ok M:ok O:ok	ok	same	-	[0, 0]	2	0	[0, 0]	68	1310720	0	1	t1@50182:released-and-isolated
F3-latent-eio-dev0	N1A-every-isoBad-mem	OFOFMMF	O:ok F:noop O:ok F:ok(F=3,reclaimed=1) M:ok M:ok F:noop	ok	same	-	[0, 0]	2	0	[0, 0]	56	1048576	0	1	t1@50182:released-and-isolated
F3-latent-eio-dev0	N1A-every-isoBad-mem	OFOFOFF	O:ok F:noop O:ok F:ok(F=3,reclaimed=1) O:ok F:ok(F=6,reclaimed=17) F:noop	ok	same	-	[2, 0]	2	0	[0, 0]	52	1048576	0	1	t1@50182:released-and-isolated
F3-latent-eio-dev0	N1A-every-isoBad-mem	OFOFOFM	O:ok F:noop O:ok F:ok(F=3,reclaimed=1) O:ok F:ok(F=6,reclaimed=17) M:ok	ok	same	-	[0, 0]	2	0	[0, 0]	64	1245184	0	1	t1@50182:released-and-isolated
F3-latent-eio-dev0	N1A-every-isoBad-mem	OFOFMOF	O:ok F:noop O:ok F:ok(F=3,reclaimed=1) M:ok O:ok F:ok(F=6,reclaimed=17)	ok	same	-	[0, 0]	2	0	[0, 0]	64	1245184	0	1	t1@50182:released-and-isolated
F3-latent-eio-dev0	N1A-every-isoBad-mem	OFOFMOM	O:ok F:noop O:ok F:ok(F=3,reclaimed=1) M:ok O:ok M:ok	ok	same	-	[0, 0]	2	0	[0, 0]	64	1245184	0	1	t1@50182:released-and-isolated
F3-latent-eio-dev0	N1A-every-isoBad-mem	OFOFMMM	O:ok F:noop O:ok F:ok(F=3,reclaimed=1) M:ok M:ok M:ok	ok	same	-	[0, 0]	2	0	[0, 0]	68	1245184	0	1	t1@50182:released-and-isolated
F3-latent-eio-dev0	N1A-every-isoBad-mem	OFOFOFO	O:ok F:noop O:ok F:ok(F=3,reclaimed=1) O:ok F:ok(F=6,reclaimed=17) O:ok	ok	same	-	[2, 0]	2	0	[0, 0]	64	1310720	0	1	t1@50182:released-and-isolated
F3-latent-eio-dev0	N1A-every-isoBad-mem	OFOFMOO	O:ok F:noop O:ok F:ok(F=3,reclaimed=1) M:ok O:ok O:ok	ok	same	-	[0, 0]	2	0	[0, 0]	68	1376256	0	1	t1@50182:released-and-isolated
F3-latent-eio-dev0	N1A-every-isoBad-mem	OFOFOOM	O:ok F:noop O:ok F:ok(F=3,reclaimed=1) O:ok O:ok M:ok	ok	same	-	[0, 0]	2	0	[0, 0]	64	1310720	0	1	t1@50182:released-and-isolated
F3-latent-eio-dev0	N1A-every-isoBad-mem	OFOFOMO	O:ok F:noop O:ok F:ok(F=3,reclaimed=1) O:ok M:ok O:ok	ok	same	-	[0, 0]	2	0	[0, 0]	64	1310720	0	1	t1@50182:released-and-isolated
F3-latent-eio-dev0	N1A-every-isoBad-mem	OFOFOMM	O:ok F:noop O:ok F:ok(F=3,reclaimed=1) O:ok M:ok M:ok	ok	same	-	[0, 0]	2	0	[0, 0]	64	1245184	0	1	t1@50182:released-and-isolated
F3-latent-eio-dev0	N1A-every-isoBad-mem	OFOFOOF	O:ok F:noop O:ok F:ok(F=3,reclaimed=1) O:ok O:ok F:ok(F=7,reclaimed=25)	ok	same	-	[2, 0]	2	0	[2, 0]	64	1310720	0	1	t1@50182:released-and-isolated
F3-latent-eio-dev0	N1A-every-isoBad-mem	OFOFOMF	O:ok F:noop O:ok F:ok(F=3,reclaimed=1) O:ok M:ok F:ok(F=6,reclaimed=17)	ok	same	-	[0, 0]	2	0	[0, 0]	64	1245184	0	1	t1@50182:released-and-isolated
F3-latent-eio-dev0	N1A-every-isoBad-mem	OFOFOOO	O:ok F:noop O:ok F:ok(F=3,reclaimed=1) O:ok O:ok O:ok	ok	same	-	[2, 0]	2	0	[0, 0]	68	1441792	0	1	t1@50182:released-and-isolated
F3-latent-eio-dev0	N1A-every-isoBad-mem	OFOMFFF	O:ok F:noop O:ok M:ok F:ok(F=3,reclaimed=1) F:noop F:noop	ok	same	-	[0, 0]	2	0	[0, 0]	44	851968	0	1	t1@50182:released-and-isolated
F3-latent-eio-dev0	N1A-every-isoBad-mem	OFOMFFO	O:ok F:noop O:ok M:ok F:ok(F=3,reclaimed=1) F:noop O:ok	ok	same	-	[0, 0]	2	0	[0, 0]	56	1114112	0	1	t1@50182:released-and-isolated
F3-latent-eio-dev0	N1A-every-isoBad-mem	OFOMFOF	O:ok F:noop O:ok M:ok F:ok(F=3,reclaimed=1) O:ok F:ok(F=6,reclaimed=17)	ok	same	-	[0, 0]	2	0	[0, 0]	64	1245184	0	1	t1@50182:released-and-isolated
F3-latent-eio-dev0	N1A-every-isoBad-mem	OFOMFFM	O:ok F:noop O:ok M:ok F:ok(F=3,reclaimed=1) F:noop M:ok	ok	same	-	[0, 0]	2	0	[0, 0]	56	1048576	0	1	t1@50182:released-and-isolated
F3-latent-eio-dev0	N1A-every-isoBad-mem	OFOMFMM	O:ok F:noop O:ok M:ok F:ok(F=3,reclaimed=1) M:ok M:ok	ok	same	-	[0, 0]	2	0	[0, 0]	68	1245184	0	1	t1@50182:released-and-isolated
F3-latent-eio-dev0	N1A-every-isoBad-mem	OFOMFOM	O:ok F:noop O:ok M:ok F:ok(F=3,reclaimed=1) O:ok M:ok	ok	same	-	[0, 0]	2	0	[0, 0]	64	1245184	0	1	t1@50182:released-and-isolated
F3-latent-eio-dev0	N1A-every-isoBad-mem	OFOMFMF	O:ok F:noop O:ok M:ok F:ok(F=3,reclaimed=1) M:ok F:noop	ok	same	-	[0, 0]	2	0	[0, 0]	56	1048576	0	1	t1@50182:released-and-isolated
F3-latent-eio-dev0	N1A-every-isoBad-mem	OFOMFMO	O:ok F:noop O:ok M:ok F:ok(F=3,reclaimed=1) M:ok O:ok	ok	same	-	[0, 0]	2	0	[0, 0]	68	1310720	0	1	t1@50182:released-and-isolated
F3-latent-eio-dev0	N1A-every-isoBad-mem	OFOMFOO	O:ok F:noop O:ok M:ok F:ok(F=3,reclaimed=1) O:ok O:ok	ok	same	-	[0, 0]	2	0	[0, 0]	68	1376256	0	1	t1@50182:released-and-isolated
F3-latent-eio-dev0	N1A-every-isoBad-mem	OFOMMFF	O:ok F:noop O:ok M:ok M:ok F:ok(F=3,reclaimed=1) F:noop	ok	same	-	[0, 0]	2	0	[0, 0]	56	1048576	0	1	t1@50182:released-and-isolated
F3-latent-eio-dev0	N1A-every-isoBad-mem	OFOMMFM	O:ok F:noop O:ok M:ok M:ok F:ok(F=3,reclaimed=1) M:ok	ok	same	-	[0, 0]	2	0	[0, 0]	68	1245184	0	1	t1@50182:released-and-isolated
F3-latent-eio-dev0	N1A-every-isoBad-mem	OFOMMMF	O:ok F:noop O:ok M:ok M:ok M:ok F:ok(F=3,reclaimed=1)	ok	same	-	[0, 0]	2	0	[0, 0]	68	1245184	0	1	t1@50182:released-and-isolated
F3-latent-eio-dev0	N1A-every-isoBad-mem	OFOMMMO	O:ok F:noop O:ok M:ok M:ok M:ok O:ok	ok	same	-	[0, 0]	2	0	[0, 0]	68	1310720	0	1	t1@50182:released-and-isolated
F3-latent-eio-dev0	N1A-every-isoBad-mem	OFOMMFO	O:ok F:noop O:ok M:ok M:ok F:ok(F=3,reclaimed=1) O:ok	ok	same	-	[0, 0]	2	0	[0, 0]	68	1310720	0	1	t1@50182:released-and-isolated
F3-latent-eio-dev0	N1A-every-isoBad-mem	OFOMMOF	O:ok F:noop O:ok M:ok M:ok O:ok F:ok(F=6,reclaimed=18)	ok	same	-	[0, 0]	2	0	[0, 0]	64	1245184	0	1	t1@50182:released-and-isolated
F3-latent-eio-dev0	N1A-every-isoBad-mem	OFOMMOO	O:ok F:noop O:ok M:ok M:ok O:ok O:ok	ok	same	-	[0, 0]	2	0	[0, 0]	68	1376256	0	1	t1@50182:released-and-isolated
F3-latent-eio-dev0	N1A-every-isoBad-mem	OFOMMMM	O:ok F:noop O:ok M:ok M:ok M:ok M:ok	ok	same	-	[0, 0]	2	0	[0, 0]	68	1245184	0	1	t1@50182:released-and-isolated
F3-latent-eio-dev0	N1A-every-isoBad-mem	OFOMOFF	O:ok F:noop O:ok M:ok O:ok F:ok(F=6,reclaimed=18) F:noop	ok	same	-	[0, 0]	2	0	[0, 0]	52	1048576	0	1	t1@50182:released-and-isolated
F3-latent-eio-dev0	N1A-every-isoBad-mem	OFOMMOM	O:ok F:noop O:ok M:ok M:ok O:ok M:ok	ok	same	-	[0, 0]	2	0	[0, 0]	64	1245184	0	1	t1@50182:released-and-isolated
F3-latent-eio-dev0	N1A-every-isoBad-mem	OFOMOFO	O:ok F:noop O:ok M:ok O:ok F:ok(F=6,reclaimed=18) O:ok	ok	same	-	[0, 0]	2	0	[0, 0]	64	1310720	0	1	t1@50182:released-and-isolated
F3-latent-eio-dev0	N1A-every-isoBad-mem	OFOMOFM	O:ok F:noop O:ok M:ok O:ok F:ok(F=6,reclaimed=18) M:ok	ok	same	-	[0, 0]	2	0	[0, 0]	64	1245184	0	1	t1@50182:released-and-isolated
F3-latent-eio-dev0	N1A-every-isoBad-mem	OFOMOMO	O:ok F:noop O:ok M:ok O:ok M:ok O:ok	ok	same	-	[0, 0]	2	0	[0, 0]	64	1310720	0	1	t1@50182:released-and-isolated
F3-latent-eio-dev0	N1A-every-isoBad-mem	OFOOFFF	O:ok F:noop O:ok O:ok F:ok(F=6,reclaimed=18) F:noop F:noop	ok	same	-	[2, 0]	2	0	[0, 0]	44	917504	0	1	t1@50182:released-and-isolated
F3-latent-eio-dev0	N1A-every-isoBad-mem	OFOMOMF	O:ok F:noop O:ok M:ok O:ok M:ok F:ok(F=6,reclaimed=18)	ok	same	-	[0, 0]	2	0	[0, 0]	64	1245184	0	1	t1@50182:released-and-isolated
F3-latent-eio-dev0	N1A-every-isoBad-mem	OFOMOMM	O:ok F:noop O:ok M:ok O:ok M:ok M:ok	ok	same	-	[0, 0]	2	0	[0, 0]	64	1245184	0	1	t1@50182:released-and-isolated
F3-latent-eio-dev0	N1A-every-isoBad-mem	OFOOFFM	O:ok F:noop O:ok O:ok F:ok(F=6,reclaimed=18) F:noop M:ok	ok	same	-	[0, 0]	2	0	[0, 0]	52	1048576	0	1	t1@50182:released-and-isolated
F3-latent-eio-dev0	N1A-every-isoBad-mem	OFOOFFO	O:ok F:noop O:ok O:ok F:ok(F=6,reclaimed=18) F:noop O:ok	ok	same	-	[2, 0]	2	0	[0, 0]	56	1179648	0	1	t1@50182:released-and-isolated
F3-latent-eio-dev0	N1A-every-isoBad-mem	OFOMOOF	O:ok F:noop O:ok M:ok O:ok O:ok F:ok(F=7,reclaimed=26)	ok	same	-	[0, 0]	2	0	[0, 0]	64	1310720	0	1	t1@50182:released-and-isolated
F3-latent-eio-dev0	N1A-every-isoBad-mem	OFOMOOO	O:ok F:noop O:ok M:ok O:ok O:ok O:ok	ok	same	-	[0, 0]	2	0	[0, 0]	68	1441792	0	1	t1@50182:released-and-isolated
F3-latent-eio-dev0	N1A-every-isoBad-mem	OFOMOOM	O:ok F:noop O:ok M:ok O:ok O:ok M:ok	ok	same	-	[0, 0]	2	0	[0, 0]	64	1310720	0	1	t1@50182:released-and-isolated
F3-latent-eio-dev0	N1A-every-isoBad-mem	OFOOFMF	O:ok F:noop O:ok O:ok F:ok(F=6,reclaimed=18) M:ok F:noop	ok	same	-	[0, 0]	2	0	[0, 0]	52	1048576	0	1	t1@50182:released-and-isolated
F3-latent-eio-dev0	N1A-every-isoBad-mem	OFOOFMO	O:ok F:noop O:ok O:ok F:ok(F=6,reclaimed=18) M:ok O:ok	ok	same	-	[0, 0]	2	0	[0, 0]	64	1310720	0	1	t1@50182:released-and-isolated
F3-latent-eio-dev0	N1A-every-isoBad-mem	OFOOFOO	O:ok F:noop O:ok O:ok F:ok(F=6,reclaimed=18) O:ok O:ok	ok	same	-	[2, 0]	2	0	[0, 0]	68	1441792	0	1	t1@50182:released-and-isolated
F3-latent-eio-dev0	N1A-every-isoBad-mem	OFOOFOF	O:ok F:noop O:ok O:ok F:ok(F=6,reclaimed=18) O:ok F:ok(F=7,reclaimed=8)	ok	same	-	[2, 0]	2	0	[2, 0]	64	1310720	0	1	t1@50182:released-and-isolated
F3-latent-eio-dev0	N1A-every-isoBad-mem	OFOOFOM	O:ok F:noop O:ok O:ok F:ok(F=6,reclaimed=18) O:ok M:ok	ok	same	-	[0, 0]	2	0	[0, 0]	64	1310720	0	1	t1@50182:released-and-isolated
F3-latent-eio-dev0	N1A-every-isoBad-mem	OFOOMFF	O:ok F:noop O:ok O:ok M:ok F:ok(F=6,reclaimed=18) F:noop	ok	same	-	[0, 0]	2	0	[0, 0]	52	1048576	0	1	t1@50182:released-and-isolated
F3-latent-eio-dev0	N1A-every-isoBad-mem	OFOOMFO	O:ok F:noop O:ok O:ok M:ok F:ok(F=6,reclaimed=18) O:ok	ok	same	-	[0, 0]	2	0	[0, 0]	64	1310720	0	1	t1@50182:released-and-isolated
F3-latent-eio-dev0	N1A-every-isoBad-mem	OFOOFMM	O:ok F:noop O:ok O:ok F:ok(F=6,reclaimed=18) M:ok M:ok	ok	same	-	[0, 0]	2	0	[0, 0]	64	1245184	0	1	t1@50182:released-and-isolated
F3-latent-eio-dev0	N1A-every-isoBad-mem	OFOOMFM	O:ok F:noop O:ok O:ok M:ok F:ok(F=6,reclaimed=18) M:ok	ok	same	-	[0, 0]	2	0	[0, 0]	64	1245184	0	1	t1@50182:released-and-isolated
F3-latent-eio-dev0	N1A-every-isoBad-mem	OFOOMMF	O:ok F:noop O:ok O:ok M:ok M:ok F:ok(F=6,reclaimed=18)	ok	same	-	[0, 0]	2	0	[0, 0]	64	1245184	0	1	t1@50182:released-and-isolated
F3-latent-eio-dev0	N1A-every-isoBad-mem	OFOOMOF	O:ok F:noop O:ok O:ok M:ok O:ok F:ok(F=7,reclaimed=26)	ok	same	-	[0, 0]	2	0	[0, 0]	64	1310720	0	1	t1@50182:released-and-isolated
F3-latent-eio-dev0	N1A-every-isoBad-mem	OFOOMOM	O:ok F:noop O:ok O:ok M:ok O:ok M:ok	ok	same	-	[0, 0]	2	0	[0, 0]	64	1310720	0	1	t1@50182:released-and-isolated
F3-latent-eio-dev0	N1A-every-isoBad-mem	OFOOOFF	O:ok F:noop O:ok O:ok O:ok F:ok(F=7,reclaimed=26) F:noop	ok	same	-	[2, 0]	2	0	[2, 0]	60	1245184	0	1	t1@50182:released-and-isolated
F3-latent-eio-dev0	N1A-every-isoBad-mem	OFOOMOO	O:ok F:noop O:ok O:ok M:ok O:ok O:ok	ok	same	-	[0, 0]	2	0	[0, 0]	68	1441792	0	1	t1@50182:released-and-isolated
F3-latent-eio-dev0	N1A-every-isoBad-mem	OFOOMMO	O:ok F:noop O:ok O:ok M:ok M:ok O:ok	ok	same	-	[0, 0]	2	0	[0, 0]	64	1310720	0	1	t1@50182:released-and-isolated
F3-latent-eio-dev0	N1A-every-isoBad-mem	OFOOOFM	O:ok F:noop O:ok O:ok O:ok F:ok(F=7,reclaimed=26) M:ok	ok	same	-	[0, 0]	2	0	[0, 0]	72	1441792	0	1	t1@50182:released-and-isolated
F3-latent-eio-dev0	N1A-every-isoBad-mem	OFOOOFO	O:ok F:noop O:ok O:ok O:ok F:ok(F=7,reclaimed=26) O:ok	ok	same	-	[2, 0]	2	0	[2, 0]	72	1507328	0	1	t1@50182:released-and-isolated
F3-latent-eio-dev0	N1A-every-isoBad-mem	OFOOMMM	O:ok F:noop O:ok O:ok M:ok M:ok M:ok	ok	same	-	[0, 0]	2	0	[0, 0]	64	1245184	0	1	t1@50182:released-and-isolated
F3-latent-eio-dev0	N1A-every-isoBad-mem	OFOOOMF	O:ok F:noop O:ok O:ok O:ok M:ok F:ok(F=7,reclaimed=26)	ok	same	-	[0, 0]	2	0	[0, 0]	72	1441792	0	1	t1@50182:released-and-isolated
F3-latent-eio-dev0	N1A-every-isoBad-mem	OFOOOOF	O:ok F:noop O:ok O:ok O:ok O:ok F:ok(F=8,reclaimed=34)	ok	same	-	[2, 0]	2	0	[2, 0]	68	1441792	0	1	t1@50182:released-and-isolated
F3-latent-eio-dev0	N1A-every-isoBad-mem	OFOOOOO	O:ok F:noop O:ok O:ok O:ok O:ok O:ok	ok	same	-	[2, 0]	2	0	[0, 0]	72	1572864	0	1	t1@50182:released-and-isolated
F3-latent-eio-dev0	N1A-every-isoBad-mem	OFOOOOM	O:ok F:noop O:ok O:ok O:ok O:ok M:ok	ok	same	-	[0, 0]	2	0	[0, 0]	68	1441792	0	1	t1@50182:released-and-isolated
F3-latent-eio-dev0	N1A-every-isoBad-mem	OMFFFFF	O:ok M:ok F:noop F:noop F:noop F:noop F:noop	ok	same	-	[0, 0]	2	0	[0, 0]	24	458752	0	1	t1@50182:released-and-isolated
F3-latent-eio-dev0	N1A-every-isoBad-mem	OMFFFFO	O:ok M:ok F:noop F:noop F:noop F:noop O:ok	ok	same	-	[0, 0]	2	0	[0, 0]	36	720896	0	1	t1@50182:released-and-isolated
F3-latent-eio-dev0	N1A-every-isoBad-mem	OFOOOMO	O:ok F:noop O:ok O:ok O:ok M:ok O:ok	ok	same	-	[0, 0]	2	0	[0, 0]	72	1507328	0	1	t1@50182:released-and-isolated
F3-latent-eio-dev0	N1A-every-isoBad-mem	OFOOOMM	O:ok F:noop O:ok O:ok O:ok M:ok M:ok	ok	same	-	[0, 0]	2	0	[0, 0]	72	1441792	0	1	t1@50182:released-and-isolated
F3-latent-eio-dev0	N1A-every-isoBad-mem	OMFFFFM	O:ok M:ok F:noop F:noop F:noop F:noop M:ok	ok	same	-	[0, 0]	2	0	[0, 0]	36	655360	0	1	t1@50182:released-and-isolated
F3-latent-eio-dev0	N1A-every-isoBad-mem	OMFFFOF	O:ok M:ok F:noop F:noop F:noop O:ok F:ok(F=3,reclaimed=1)	ok	same	-	[0, 0]	2	0	[0, 0]	44	851968	0	1	t1@50182:released-and-isolated
F3-latent-eio-dev0	N1A-every-isoBad-mem	OMFFFOM	O:ok M:ok F:noop F:noop F:noop O:ok M:ok	ok	same	-	[0, 0]	2	0	[0, 0]	44	851968	0	1	t1@50182:released-and-isolated
F3-latent-eio-dev0	N1A-every-isoBad-mem	OMFFFOO	O:ok M:ok F:noop F:noop F:noop O:ok O:ok	ok	same	-	[0, 0]	2	0	[0, 0]	48	983040	0	1	t1@50182:released-and-isolated
F3-latent-eio-dev0	N1A-every-isoBad-mem	OMFFFMO	O:ok M:ok F:noop F:noop F:noop M:ok O:ok	ok	same	-	[0, 0]	2	0	[0, 0]	48	917504	0	1	t1@50182:released-and-isolated
F3-latent-eio-dev0	N1A-every-isoBad-mem	OMFFFMF	O:ok M:ok F:noop F:noop F:noop M:ok F:noop	ok	same	-	[0, 0]	2	0	[0, 0]	36	655360	0	1	t1@50182:released-and-isolated
F3-latent-eio-dev0	N1A-every-isoBad-mem	OMFFFMM	O:ok M:ok F:noop F:noop F:noop M:ok M:ok	ok	same	-	[0, 0]	2	0	[0, 0]	48	851968	0	1	t1@50182:released-and-isolated
F3-latent-eio-dev0	N1A-every-isoBad-mem	OMFFMFF	O:ok M:ok F:noop F:noop M:ok F:noop F:noop	ok	same	-	[0, 0]	2	0	[0, 0]	36	655360	0	1	t1@50182:released-and-isolated
F3-latent-eio-dev0	N1A-every-isoBad-mem	OMFFMFO	O:ok M:ok F:noop F:noop M:ok F:noop O:ok	ok	same	-	[0, 0]	2	0	[0, 0]	48	917504	0	1	t1@50182:released-and-isolated
F3-latent-eio-dev0	N1A-every-isoBad-mem	OMFFMMF	O:ok M:ok F:noop F:noop M:ok M:ok F:noop	ok	same	-	[0, 0]	2	0	[0, 0]	48	851968	0	1	t1@50182:released-and-isolated
F3-latent-eio-dev0	N1A-every-isoBad-mem	OMFFMOO	O:ok M:ok F:noop F:noop M:ok O:ok O:ok	ok	same	-	[0, 0]	2	0	[0, 0]	60	1179648	0	1	t1@50182:released-and-isolated
F3-latent-eio-dev0	N1A-every-isoBad-mem	OMFFMFM	O:ok M:ok F:noop F:noop M:ok F:noop M:ok	ok	same	-	[0, 0]	2	0	[0, 0]	48	851968	0	1	t1@50182:released-and-isolated
F3-latent-eio-dev0	N1A-every-isoBad-mem	OMFFMMM	O:ok M:ok F:noop F:noop M:ok M:ok M:ok	ok	same	-	[0, 0]	2	0	[0, 0]	60	1048576	0	1	t1@50182:released-and-isolated
F3-latent-eio-dev0	N1A-every-isoBad-mem	OMFFMOF	O:ok M:ok F:noop F:noop M:ok O:ok F:ok(F=3,reclaimed=1)	ok	same	-	[0, 0]	2	0	[0, 0]	56	1048576	0	1	t1@50182:released-and-isolated
F3-latent-eio-dev0	N1A-every-isoBad-mem	OMFFMMO	O:ok M:ok F:noop F:noop M:ok M:ok O:ok	ok	same	-	[0, 0]	2	0	[0, 0]	60	1114112	0	1	t1@50182:released-and-isolated
F3-latent-eio-dev0	N1A-every-isoBad-mem	OMFFMOM	O:ok M:ok F:noop F:noop M:ok O:ok M:ok	ok	same	-	[0, 0]	2	0	[0, 0]	56	1048576	0	1	t1@50182:released-and-isolated
F3-latent-eio-dev0	N1A-every-isoBad-mem	OMFFOFF	O:ok M:ok F:noop F:noop O:ok F:ok(F=3,reclaimed=1) F:noop	ok	same	-	[0, 0]	2	0	[0, 0]	44	851968	0	1	t1@50182:released-and-isolated
F3-latent-eio-dev0	N1A-every-isoBad-mem	OMFFOFO	O:ok M:ok F:noop F:noop O:ok F:ok(F=3,reclaimed=1) O:ok	ok	same	-	[0, 0]	2	0	[0, 0]	56	1114112	0	1	t1@50182:released-and-isolated
F3-latent-eio-dev0	N1A-every-isoBad-mem	OMFFOOO	O:ok M:ok F:noop F:noop O:ok O:ok O:ok	ok	same	-	[0, 0]	2	0	[0, 0]	60	1245184	0	1	t1@50182:released-and-isolated
F3-latent-eio-dev0	N1A-every-isoBad-mem	OMFFOOF	O:ok M:ok F:noop F:noop O:ok O:ok F:ok(F=6,reclaimed=18)	ok	same	-	[0, 0]	2	0	[0, 0]	56	1114112	0	1	t1@50182:released-and-isolated
F3-latent-eio-dev0	N1A-every-isoBad-mem	OMFFOOM	O:ok M:ok F:noop F:noop O:ok O:ok M:ok	ok	same	-	[0, 0]	2	0	[0, 0]	56	1114112	0	1	t1@50182:released-and-isolated
F3-latent-eio-dev0	N1A-every-isoBad-mem	OMFFOFM	O:ok M:ok F:noop F:noop O:ok F:ok(F=3,reclaimed=1) M:ok	ok	same	-	[0, 0]	2	0	[0, 0]	56	1048576	0	1	t1@50182:released-and-isolated
F3-latent-eio-dev0	N1A-every-isoBad-mem	OMFFOMO	O:ok M:ok F:noop F:noop O:ok M:ok O:ok	ok	same	-	[0, 0]	2	0	[0, 0]	56	1114112	0	1	t1@50182:released-and-isolated
F3-latent-eio-dev0	N1A-every-isoBad-mem	OMFFOMF	O:ok M:ok F:noop F:noop O:ok M:ok F:ok(F=3,reclaimed=1)	ok	same	-	[0, 0]	2	0	[0, 0]	56	1048576	0	1	t1@50182:released-and-isolated
F3-latent-eio-dev0	N1A-every-isoBad-mem	OMFFOMM	O:ok M:ok F:noop F:noop O:ok M:ok M:ok	ok	same	-	[0, 0]	2	0	[0, 0]	56	1048576	0	1	t1@50182:released-and-isolated
F3-latent-eio-dev0	N1A-every-isoBad-mem	OMFMFFO	O:ok M:ok F:noop M:ok F:noop F:noop O:ok	ok	same	-	[0, 0]	2	0	[0, 0]	48	917504	0	1	t1@50182:released-and-isolated
F3-latent-eio-dev0	N1A-every-isoBad-mem	OMFMFFM	O:ok M:ok F:noop M:ok F:noop F:noop M:ok	ok	same	-	[0, 0]	2	0	[0, 0]	48	851968	0	1	t1@50182:released-and-isolated
F3-latent-eio-dev0	N1A-every-isoBad-mem	OMFMFFF	O:ok M:ok F:noop M:ok F:noop F:noop F:noop	ok	same	-	[0, 0]	2	0	[0, 0]	36	655360	0	1	t1@50182:released-and-isolated
F3-latent-eio-dev0	N1A-every-isoBad-mem	OMFMFOF	O:ok M:ok F:noop M:ok F:noop O:ok F:ok(F=3,reclaimed=1)	ok	same	-	[0, 0]	2	0	[0, 0]	56	1048576	0	1	t1@50182:released-and-isolated
F3-latent-eio-dev0	N1A-every-isoBad-mem	OMFMFMO	O:ok M:ok F:noop M:ok F:noop M:ok O:ok	ok	same	-	[0, 0]	2	0	[0, 0]	60	1114112	0	1	t1@50182:released-and-isolated
F3-latent-eio-dev0	N1A-every-isoBad-mem	OMFMFMM	O:ok M:ok F:noop M:ok F:noop M:ok M:ok	ok	same	-	[0, 0]	2	0	[0, 0]	60	1048576	0	1	t1@50182:released-and-isolated
F3-latent-eio-dev0	N1A-every-isoBad-mem	OMFMFMF	O:ok M:ok F:noop M:ok F:noop M:ok F:noop	ok	same	-	[0, 0]	2	0	[0, 0]	48	851968	0	1	t1@50182:released-and-isolated
F3-latent-eio-dev0	N1A-every-isoBad-mem	OMFMFOM	O:ok M:ok F:noop M:ok F:noop O:ok M:ok	ok	same	-	[0, 0]	2	0	[0, 0]	56	1048576	0	1	t1@50182:released-and-isolated
F3-latent-eio-dev0	N1A-every-isoBad-mem	OMFMMFF	O:ok M:ok F:noop M:ok M:ok F:noop F:noop	ok	same	-	[0, 0]	2	0	[0, 0]	48	851968	0	1	t1@50182:released-and-isolated
F3-latent-eio-dev0	N1A-every-isoBad-mem	OMFMFOO	O:ok M:ok F:noop M:ok F:noop O:ok O:ok	ok	same	-	[0, 0]	2	0	[0, 0]	60	1179648	0	1	t1@50182:released-and-isolated
F3-latent-eio-dev0	N1A-every-isoBad-mem	OMFMMFO	O:ok M:ok F:noop M:ok M:ok F:noop O:ok	ok	same	-	[0, 0]	2	0	[0, 0]	60	1114112	0	1	t1@50182:released-and-isolated
F3-latent-eio-dev0	N1A-every-isoBad-mem	OMFMMMO	O:ok M:ok F:noop M:ok M:ok M:ok O:ok	ok	same	-	[0, 0]	2	0	[0, 0]	72	1310720	0	1	t1@50182:released-and-isolated
F3-latent-eio-dev0	N1A-every-isoBad-mem	OMFMMFM	O:ok M:ok F:noop M:ok M:ok F:noop M:ok	ok	same	-	[0, 0]	2	0	[0, 0]	60	1048576	0	1	t1@50182:released-and-isolated
F3-latent-eio-dev0	N1A-every-isoBad-mem	OMFMMOF	O:ok M:ok F:noop M:ok M:ok O:ok F:ok(F=3,reclaimed=1)	ok	same	-	[0, 0]	2	0	[0, 0]	68	1245184	0	1	t1@50182:released-and-isolated
F3-latent-eio-dev0	N1A-every-isoBad-mem	OMFMMMM	O:ok M:ok F:noop M:ok M:ok M:ok M:ok	ok	same	-	[0, 0]	2	0	[0, 0]	72	1245184	0	1	t1@50182:released-and-isolated
F3-latent-eio-dev0	N1A-every-isoBad-mem	OMFMOFF	O:ok M:ok F:noop M:ok O:ok F:ok(F=3,reclaimed=1) F:noop	ok	same	-	[0, 0]	2	0	[0, 0]	56	1048576	0	1	t1@50182:released-and-isolated
F3-latent-eio-dev0	N1A-every-isoBad-mem	OMFMMMF	O:ok M:ok F:noop M:ok M:ok M:ok F:noop	ok	same	-	[0, 0]	2	0	[0, 0]	60	1048576	0	1	t1@50182:released-and-isolated
F3-latent-eio-dev0	N1A-every-isoBad-mem	OMFMMOO	O:ok M:ok F:noop M:ok M:ok O:ok O:ok	ok	same	-	[0, 0]	2	0	[0, 0]	72	1376256	0	1	t1@50182:released-and-isolated
F3-latent-eio-dev0	N1A-every-isoBad-mem	OMFMMOM	O:ok M:ok F:noop M:ok M:ok O:ok M:ok	ok	same	-	[0, 0]	2	0	[0, 0]	68	1245184	0	1	t1@50182:released-and-isolated
F3-latent-eio-dev0	N1A-every-isoBad-mem	OMFMOOF	O:ok M:ok F:noop M:ok O:ok O:ok F:ok(F=6,reclaimed=18)	ok	same	-	[0, 0]	2	0	[0, 0]	68	1310720	0	1	t1@50182:released-and-isolated
F3-latent-eio-dev0	N1A-every-isoBad-mem	OMFMOFM	O:ok M:ok F:noop M:ok O:ok F:ok(F=3,reclaimed=1) M:ok	ok	same	-	[0, 0]	2	0	[0, 0]	68	1245184	0	1	t1@50182:released-and-isolated
F3-latent-eio-dev0	N1A-every-isoBad-mem	OMFMOMM	O:ok M:ok F:noop M:ok O:ok M:ok M:ok	ok	same	-	[0, 0]	2	0	[0, 0]	68	1245184	0	1	t1@50182:released-and-isolated
F3-latent-eio-dev0	N1A-every-isoBad-mem	OMFMOFO	O:ok M:ok F:noop M:ok O:ok F:ok(F=3,reclaimed=1) O:ok	ok	same	-	[0, 0]	2	0	[0, 0]	68	1310720	0	1	t1@50182:released-and-isolated
F3-latent-eio-dev0	N1A-every-isoBad-mem	OMFMOMF	O:ok M:ok F:noop M:ok O:ok M:ok F:ok(F=3,reclaimed=1)	ok	same	-	[0, 0]	2	0	[0, 0]	68	1245184	0	1	t1@50182:released-and-isolated
F3-latent-eio-dev0	N1A-every-isoBad-mem	OMFMOMO	O:ok M:ok F:noop M:ok O:ok M:ok O:ok	ok	same	-	[0, 0]	2	0	[0, 0]	68	1310720	0	1	t1@50182:released-and-isolated
F3-latent-eio-dev0	N1A-every-isoBad-mem	OMFOFFF	O:ok M:ok F:noop O:ok F:ok(F=3,reclaimed=1) F:noop F:noop	ok	same	-	[0, 0]	2	0	[0, 0]	44	851968	0	1	t1@50182:released-and-isolated
F3-latent-eio-dev0	N1A-every-isoBad-mem	OMFMOOM	O:ok M:ok F:noop M:ok O:ok O:ok M:ok	ok	same	-	[0, 0]	2	0	[0, 0]	68	1310720	0	1	t1@50182:released-and-isolated
F3-latent-eio-dev0	N1A-every-isoBad-mem	OMFMOOO	O:ok M:ok F:noop M:ok O:ok O:ok O:ok	ok	same	-	[0, 0]	2	0	[0, 0]	72	1441792	0	1	t1@50182:released-and-isolated
F3-latent-eio-dev0	N1A-every-isoBad-mem	OMFOFFO	O:ok M:ok F:noop O:ok F:ok(F=3,reclaimed=1) F:noop O:ok	ok	same	-	[0, 0]	2	0	[0, 0]	56	1114112	0	1	t1@50182:released-and-isolated
F3-latent-eio-dev0	N1A-every-isoBad-mem	OMFOFMM	O:ok M:ok F:noop O:ok F:ok(F=3,reclaimed=1) M:ok M:ok	ok	same	-	[0, 0]	2	0	[0, 0]	68	1245184	0	1	t1@50182:released-and-isolated
F3-latent-eio-dev0	N1A-every-isoBad-mem	OMFOFFM	O:ok M:ok F:noop O:ok F:ok(F=3,reclaimed=1) F:noop M:ok	ok	same	-	[0, 0]	2	0	[0, 0]	56	1048576	0	1	t1@50182:released-and-isolated
F3-latent-eio-dev0	N1A-every-isoBad-mem	OMFOFMF	O:ok M:ok F:noop O:ok F:ok(F=3,reclaimed=1) M:ok F:noop	ok	same	-	[0, 0]	2	0	[0, 0]	56	1048576	0	1	t1@50182:released-and-isolated
F3-latent-eio-dev0	N1A-every-isoBad-mem	OMFOFMO	O:ok M:ok F:noop O:ok F:ok(F=3,reclaimed=1) M:ok O:ok	ok	same	-	[0, 0]	2	0	[0, 0]	68	1310720	0	1	t1@50182:released-and-isolated
F3-latent-eio-dev0	N1A-every-isoBad-mem	OMFOFOF	O:ok M:ok F:noop O:ok F:ok(F=3,reclaimed=1) O:ok F:ok(F=6,reclaimed=17)	ok	same	-	[0, 0]	2	0	[0, 0]	64	1245184	0	1	t1@50182:released-and-isolated
F3-latent-eio-dev0	N1A-every-isoBad-mem	OMFOFOO	O:ok M:ok F:noop O:ok F:ok(F=3,reclaimed=1) O:ok O:ok	ok	same	-	[0, 0]	2	0	[0, 0]	68	1376256	0	1	t1@50182:released-and-isolated
F3-latent-eio-dev0	N1A-every-isoBad-mem	OMFOFOM	O:ok M:ok F:noop O:ok F:ok(F=3,reclaimed=1) O:ok M:ok	ok	same	-	[0, 0]	2	0	[0, 0]	64	1245184	0	1	t1@50182:released-and-isolated
F3-latent-eio-dev0	N1A-every-isoBad-mem	OMFOMFF	O:ok M:ok F:noop O:ok M:ok F:ok(F=3,reclaimed=1) F:noop	ok	same	-	[0, 0]	2	0	[0, 0]	56	1048576	0	1	t1@50182:released-and-isolated
F3-latent-eio-dev0	N1A-every-isoBad-mem	OMFOMFO	O:ok M:ok F:noop O:ok M:ok F:ok(F=3,reclaimed=1) O:ok	ok	same	-	[0, 0]	2	0	[0, 0]	68	1310720	0	1	t1@50182:released-and-isolated
F3-latent-eio-dev0	N1A-every-isoBad-mem	OMFOMFM	O:ok M:ok F:noop O:ok M:ok F:ok(F=3,reclaimed=1) M:ok	ok	same	-	[0, 0]	2	0	[0, 0]	68	1245184	0	1	t1@50182:released-and-isolated
F3-latent-eio-dev0	N1A-every-isoBad-mem	OMFOMOF	O:ok M:ok F:noop O:ok M:ok O:ok F:ok(F=6,reclaimed=18)	ok	same	-	[0, 0]	2	0	[0, 0]	64	1245184	0	1	t1@50182:released-and-isolated
F3-latent-eio-dev0	N1A-every-isoBad-mem	OMFOMMM	O:ok M:ok F:noop O:ok M:ok M:ok M:ok	ok	same	-	[0, 0]	2	0	[0, 0]	68	1245184	0	1	t1@50182:released-and-isolated
F3-latent-eio-dev0	N1A-every-isoBad-mem	OMFOMMF	O:ok M:ok F:noop O:ok M:ok M:ok F:ok(F=3,reclaimed=1)	ok	same	-	[0, 0]	2	0	[0, 0]	68	1245184	0	1	t1@50182:released-and-isolated
F3-latent-eio-dev0	N1A-every-isoBad-mem	OMFOMMO	O:ok M:ok F:noop O:ok M:ok M:ok O:ok	ok	same	-	[0, 0]	2	0	[0, 0]	68	1310720	0	1	t1@50182:released-and-isolated
F3-latent-eio-dev0	N1A-every-isoBad-mem	OMFOOFF	O:ok M:ok F:noop O:ok O:ok F:ok(F=6,reclaimed=18) F:noop	ok	same	-	[0, 0]	2	0	[0, 0]	56	1114112	0	1	t1@50182:released-and-isolated
F3-latent-eio-dev0	N1A-every-isoBad-mem	OMFOMOO	O:ok M:ok F:noop O:ok M:ok O:ok O:ok	ok	same	-	[0, 0]	2	0	[0, 0]	68	1376256	0	1	t1@50182:released-and-isolated
F3-latent-eio-dev0	N1A-every-isoBad-mem	OMFOOFO	O:ok M:ok F:noop O:ok O:ok F:ok(F=6,reclaimed=18) O:ok	ok	same	-	[0, 0]	2	0	[0, 0]	68	1376256	0	1	t1@50182:released-and-isolated
F3-latent-eio-dev0	N1A-every-isoBad-mem	OMFOOMF	O:ok M:ok F:noop O:ok O:ok M:ok F:ok(F=6,reclaimed=18)	ok	same	-	[0, 0]	2	0	[0, 0]	64	1245184	0	1	t1@50182:released-and-isolated
F3-latent-eio-dev0	N1A-every-isoBad-mem	OMFOOFM	O:ok M:ok F:noop O:ok O:ok F:ok(F=6,reclaimed=18) M:ok	ok	same	-	[0, 0]	2	0	[0, 0]	64	1245184	0	1	t1@50182:released-and-isolated
F3-latent-eio-dev0	N1A-every-isoBad-mem	OMFOMOM	O:ok M:ok F:noop O:ok M:ok O:ok M:ok	ok	same	-	[0, 0]	2	0	[0, 0]	64	1245184	0	1	t1@50182:released-and-isolated
F3-latent-eio-dev0	N1A-every-isoBad-mem	OMFOOOO	O:ok M:ok F:noop O:ok O:ok O:ok O:ok	ok	same	-	[0, 0]	2	0	[0, 0]	72	1507328	0	1	t1@50182:released-and-isolated
F3-latent-eio-dev0	N1A-every-isoBad-mem	OMFOOMO	O:ok M:ok F:noop O:ok O:ok M:ok O:ok	ok	same	-	[0, 0]	2	0	[0, 0]	68	1376256	0	1	t1@50182:released-and-isolated
F3-latent-eio-dev0	N1A-every-isoBad-mem	OMFOOOF	O:ok M:ok F:noop O:ok O:ok O:ok F:ok(F=7,reclaimed=26)	ok	same	-	[0, 0]	2	0	[0, 0]	72	1441792	0	1	t1@50182:released-and-isolated
F3-latent-eio-dev0	N1A-every-isoBad-mem	OMFOOOM	O:ok M:ok F:noop O:ok O:ok O:ok M:ok	ok	same	-	[0, 0]	2	0	[0, 0]	72	1441792	0	1	t1@50182:released-and-isolated
F3-latent-eio-dev0	N1A-every-isoBad-mem	OMFOOMM	O:ok M:ok F:noop O:ok O:ok M:ok M:ok	ok	same	-	[0, 0]	2	0	[0, 0]	64	1245184	0	1	t1@50182:released-and-isolated
F3-latent-eio-dev0	N1A-every-isoBad-mem	OMMFFFO	O:ok M:ok M:ok F:noop F:noop F:noop O:ok	ok	same	-	[0, 0]	2	0	[0, 0]	48	917504	0	1	t1@50182:released-and-isolated
F3-latent-eio-dev0	N1A-every-isoBad-mem	OMMFFFF	O:ok M:ok M:ok F:noop F:noop F:noop F:noop	ok	same	-	[0, 0]	2	0	[0, 0]	36	655360	0	1	t1@50182:released-and-isolated
F3-latent-eio-dev0	N1A-every-isoBad-mem	OMMFFMM	O:ok M:ok M:ok F:noop F:noop M:ok M:ok	ok	same	-	[0, 0]	2	0	[0, 0]	60	1048576	0	1	t1@50182:released-and-isolated
F3-latent-eio-dev0	N1A-every-isoBad-mem	OMMFFMO	O:ok M:ok M:ok F:noop F:noop M:ok O:ok	ok	same	-	[0, 0]	2	0	[0, 0]	60	1114112	0	1	t1@50182:released-and-isolated
F3-latent-eio-dev0	N1A-every-isoBad-mem	OMMFFOF	O:ok M:ok M:ok F:noop F:noop O:ok F:ok(F=3,reclaimed=1)	ok	same	-	[0, 0]	2	0	[0, 0]	56	1048576	0	1	t1@50182:released-and-isolated
F3-latent-eio-dev0	N1A-every-isoBad-mem	OMMFFFM	O:ok M:ok M:ok F:noop F:noop F:noop M:ok	ok	same	-	[0, 0]	2	0	[0, 0]	48	851968	0	1	t1@50182:released-and-isolated
F3-latent-eio-dev0	N1A-every-isoBad-mem	OMMFFMF	O:ok M:ok M:ok F:noop F:noop M:ok F:noop	ok	same	-	[0, 0]	2	0	[0, 0]	48	851968	0	1	t1@50182:released-and-isolated
F3-latent-eio-dev0	N1A-every-isoBad-mem	OMMFFOM	O:ok M:ok M:ok F:noop F:noop O:ok M:ok	ok	same	-	[0, 0]	2	0	[0, 0]	56	1048576	0	1	t1@50182:released-and-isolated
F3-latent-eio-dev0	N1A-every-isoBad-mem	OMMFFOO	O:ok M:ok M:ok F:noop F:noop O:ok O:ok	ok	same	-	[0, 0]	2	0	[0, 0]	60	1179648	0	1	t1@50182:released-and-isolated
F3-latent-eio-dev0	N1A-every-isoBad-mem	OMMFMFM	O:ok M:ok M:ok F:noop M:ok F:noop M:ok	ok	same	-	[0, 0]	2	0	[0, 0]	60	1048576	0	1	t1@50182:released-and-isolated
F3-latent-eio-dev0	N1A-every-isoBad-mem	OMMFMMO	O:ok M:ok M:ok F:noop M:ok M:ok O:ok	ok	same	-	[0, 0]	2	0	[0, 0]	72	1310720	0	1	t1@50182:released-and-isolated
F3-latent-eio-dev0	N1A-every-isoBad-mem	OMMFMFF	O:ok M:ok M:ok F:noop M:ok F:noop F:noop	ok	same	-	[0, 0]	2	0	[0, 0]	48	851968	0	1	t1@50182:released-and-isolated
F3-latent-eio-dev0	N1A-every-isoBad-mem	OMMFMFO	O:ok M:ok M:ok F:noop M:ok F:noop O:ok	ok	same	-	[0, 0]	2	0	[0, 0]	60	1114112	0	1	t1@50182:released-and-isolated
F3-latent-eio-dev0	N1A-every-isoBad-mem	OMMFMMM	O:ok M:ok M:ok F:noop M:ok M:ok M:ok	ok	same	-	[0, 0]	2	0	[0, 0]	72	1245184	0	1	t1@50182:released-and-isolated
F3-latent-eio-dev0	N1A-every-isoBad-mem	OMMFMMF	O:ok M:ok M:ok F:noop M:ok M:ok F:noop	ok	same	-	[0, 0]	2	0	[0, 0]	60	1048576	0	1	t1@50182:released-and-isolated
F3-latent-eio-dev0	N1A-every-isoBad-mem	OMMFMOM	O:ok M:ok M:ok F:noop M:ok O:ok M:ok	ok	same	-	[0, 0]	2	0	[0, 0]	68	1245184	0	1	t1@50182:released-and-isolated
F3-latent-eio-dev0	N1A-every-isoBad-mem	OMMFMOF	O:ok M:ok M:ok F:noop M:ok O:ok F:ok(F=3,reclaimed=1)	ok	same	-	[0, 0]	2	0	[0, 0]	68	1245184	0	1	t1@50182:released-and-isolated
F3-latent-eio-dev0	N1A-every-isoBad-mem	OMMFMOO	O:ok M:ok M:ok F:noop M:ok O:ok O:ok	ok	same	-	[0, 0]	2	0	[0, 0]	72	1376256	0	1	t1@50182:released-and-isolated
F3-latent-eio-dev0	N1A-every-isoBad-mem	OMMFOFF	O:ok M:ok M:ok F:noop O:ok F:ok(F=3,reclaimed=1) F:noop	ok	same	-	[0, 0]	2	0	[0, 0]	56	1048576	0	1	t1@50182:released-and-isolated
F3-latent-eio-dev0	N1A-every-isoBad-mem	OMMFOFO	O:ok M:ok M:ok F:noop O:ok F:ok(F=3,reclaimed=1) O:ok	ok	same	-	[0, 0]	2	0	[0, 0]	68	1310720	0	1	t1@50182:released-and-isolated
F3-latent-eio-dev0	N1A-every-isoBad-mem	OMMFOFM	O:ok M:ok M:ok F:noop O:ok F:ok(F=3,reclaimed=1) M:ok	ok	same	-	[0, 0]	2	0	[0, 0]	68	1245184	0	1	t1@50182:released-and-isolated
F3-latent-eio-dev0	N1A-every-isoBad-mem	OMMFOMO	O:ok M:ok M:ok F:noop O:ok M:ok O:ok	ok	same	-	[0, 0]	2	0	[0, 0]	68	1310720	0	1	t1@50182:released-and-isolated
F3-latent-eio-dev0	N1A-every-isoBad-mem	OMMFOMF	O:ok M:ok M:ok F:noop O:ok M:ok F:ok(F=3,reclaimed=1)	ok	same	-	[0, 0]	2	0	[0, 0]	68	1245184	0	1	t1@50182:released-and-isolated
F3-latent-eio-dev0	N1A-every-isoBad-mem	OMMFOMM	O:ok M:ok M:ok F:noop O:ok M:ok M:ok	ok	same	-	[0, 0]	2	0	[0, 0]	68	1245184	0	1	t1@50182:released-and-isolated
F3-latent-eio-dev0	N1A-every-isoBad-mem	OMMFOOF	O:ok M:ok M:ok F:noop O:ok O:ok F:ok(F=6,reclaimed=18)	ok	same	-	[0, 0]	2	0	[0, 0]	68	1310720	0	1	t1@50182:released-and-isolated
F3-latent-eio-dev0	N1A-every-isoBad-mem	OMMFOOM	O:ok M:ok M:ok F:noop O:ok O:ok M:ok	ok	same	-	[0, 0]	2	0	[0, 0]	68	1310720	0	1	t1@50182:released-and-isolated
F3-latent-eio-dev0	N1A-every-isoBad-mem	OMMFOOO	O:ok M:ok M:ok F:noop O:ok O:ok O:ok	ok	same	-	[0, 0]	2	0	[0, 0]	72	1441792	0	1	t1@50182:released-and-isolated
F3-latent-eio-dev0	N1A-every-isoBad-mem	OMMMFFF	O:ok M:ok M:ok M:ok F:noop F:noop F:noop	ok	same	-	[0, 0]	2	0	[0, 0]	48	851968	0	1	t1@50182:released-and-isolated
F3-latent-eio-dev0	N1A-every-isoBad-mem	OMMMFFM	O:ok M:ok M:ok M:ok F:noop F:noop M:ok	ok	same	-	[0, 0]	2	0	[0, 0]	60	1048576	0	1	t1@50182:released-and-isolated
F3-latent-eio-dev0	N1A-every-isoBad-mem	OMMMFOF	O:ok M:ok M:ok M:ok F:noop O:ok F:ok(F=3,reclaimed=1)	ok	same	-	[0, 0]	2	0	[0, 0]	68	1245184	0	1	t1@50182:released-and-isolated
F3-latent-eio-dev0	N1A-every-isoBad-mem	OMMMFOM	O:ok M:ok M:ok M:ok F:noop O:ok M:ok	ok	same	-	[0, 0]	2	0	[0, 0]	68	1245184	0	1	t1@50182:released-and-isolated
F3-latent-eio-dev0	N1A-every-isoBad-mem	OMMMFMO	O:ok M:ok M:ok M:ok F:noop M:ok O:ok	ok	same	-	[0, 0]	2	0	[0, 0]	72	1310720	0	1	t1@50182:released-and-isolated
F3-latent-eio-dev0	N1A-every-isoBad-mem	OMMMFMM	O:ok M:ok M:ok M:ok F:noop M:ok M:ok	ok	same	-	[0, 0]	2	0	[0, 0]	72	1245184	0	1	t1@50182:released-and-isolated
F3-latent-eio-dev0	N1A-every-isoBad-mem	OMMMFFO	O:ok M:ok M:ok M:ok F:noop F:noop O:ok	ok	same	-	[0, 0]	2	0	[0, 0]	60	1114112	0	1	t1@50182:released-and-isolated
F3-latent-eio-dev0	N1A-every-isoBad-mem	OMMMFMF	O:ok M:ok M:ok M:ok F:noop M:ok F:noop	ok	same	-	[0, 0]	2	0	[0, 0]	60	1048576	0	1	t1@50182:released-and-isolated
F3-latent-eio-dev0	N1A-every-isoBad-mem	OMMMFOO	O:ok M:ok M:ok M:ok F:noop O:ok O:ok	ok	same	-	[0, 0]	2	0	[0, 0]	72	1376256	0	1	t1@50182:released-and-isolated
F3-latent-eio-dev0	N1A-every-isoBad-mem	OMMMMFF	O:ok M:ok M:ok M:ok M:ok F:noop F:noop	ok	same	-	[0, 0]	2	0	[0, 0]	60	1048576	0	1	t1@50182:released-and-isolated
F3-latent-eio-dev0	N1A-every-isoBad-mem	OMMMMFO	O:ok M:ok M:ok M:ok M:ok F:noop O:ok	ok	same	-	[0, 0]	2	0	[0, 0]	72	1310720	0	1	t1@50182:released-and-isolated
F3-latent-eio-dev0	N1A-every-isoBad-mem	OMMMMMF	O:ok M:ok M:ok M:ok M:ok M:ok F:noop	ok	same	-	[0, 0]	2	0	[0, 0]	72	1245184	0	1	t1@50182:released-and-isolated
F3-latent-eio-dev0	N1A-every-isoBad-mem	OMMMMFM	O:ok M:ok M:ok M:ok M:ok F:noop M:ok	ok	same	-	[0, 0]	2	0	[0, 0]	72	1245184	0	1	t1@50182:released-and-isolated
F3-latent-eio-dev0	N1A-every-isoBad-mem	OMMMMMO	O:ok M:ok M:ok M:ok M:ok M:ok O:ok	ok	same	-	[0, 0]	2	0	[0, 0]	84	1507328	0	1	t1@50182:released-and-isolated
F3-latent-eio-dev0	N1A-every-isoBad-mem	OMMMMOF	O:ok M:ok M:ok M:ok M:ok O:ok F:ok(F=3,reclaimed=1)	ok	same	-	[0, 0]	2	0	[0, 0]	80	1441792	0	1	t1@50182:released-and-isolated
F3-latent-eio-dev0	N1A-every-isoBad-mem	OMMMMMM	O:ok M:ok M:ok M:ok M:ok M:ok M:ok	ok	same	I-3.1	[0, 0]	2	0	[0, 0]	84	1441792	0	1	t1@50182:released-and-isolated
F3-latent-eio-dev0	N1A-every-isoBad-mem	OMMMMOM	O:ok M:ok M:ok M:ok M:ok O:ok M:ok	ok	same	-	[0, 0]	2	0	[0, 0]	80	1441792	0	1	t1@50182:released-and-isolated
F3-latent-eio-dev0	N1A-every-isoBad-mem	OMMMMOO	O:ok M:ok M:ok M:ok M:ok O:ok O:ok	ok	same	-	[0, 0]	2	0	[0, 0]	84	1572864	0	1	t1@50182:released-and-isolated
F3-latent-eio-dev0	N1A-every-isoBad-mem	OMMMOFF	O:ok M:ok M:ok M:ok O:ok F:ok(F=3,reclaimed=1) F:noop	ok	same	-	[0, 0]	2	0	[0, 0]	68	1245184	0	1	t1@50182:released-and-isolated
F3-latent-eio-dev0	N1A-every-isoBad-mem	OMMMOFM	O:ok M:ok M:ok M:ok O:ok F:ok(F=3,reclaimed=1) M:ok	ok	same	-	[0, 0]	2	0	[0, 0]	80	1441792	0	1	t1@50182:released-and-isolated
F3-latent-eio-dev0	N1A-every-isoBad-mem	OMMMOFO	O:ok M:ok M:ok M:ok O:ok F:ok(F=3,reclaimed=1) O:ok	ok	same	-	[0, 0]	2	0	[0, 0]	80	1507328	0	1	t1@50182:released-and-isolated
F3-latent-eio-dev0	N1A-every-isoBad-mem	OMMMOOF	O:ok M:ok M:ok M:ok O:ok O:ok F:ok(F=6,reclaimed=18)	ok	same	-	[0, 0]	2	0	[0, 0]	80	1507328	0	1	t1@50182:released-and-isolated
F3-latent-eio-dev0	N1A-every-isoBad-mem	OMMMOMF	O:ok M:ok M:ok M:ok O:ok M:ok F:ok(F=3,reclaimed=1)	ok	same	-	[0, 0]	2	0	[0, 0]	80	1441792	0	1	t1@50182:released-and-isolated
F3-latent-eio-dev0	N1A-every-isoBad-mem	OMMOFFF	O:ok M:ok M:ok O:ok F:ok(F=3,reclaimed=1) F:noop F:noop	ok	same	-	[0, 0]	2	0	[0, 0]	56	1048576	0	1	t1@50182:released-and-isolated
F3-latent-eio-dev0	N1A-every-isoBad-mem	OMMMOOO	O:ok M:ok M:ok M:ok O:ok O:ok O:ok	ok	same	-	[0, 0]	2	0	[0, 0]	84	1638400	0	1	t1@50182:released-and-isolated
F3-latent-eio-dev0	N1A-every-isoBad-mem	OMMMOMM	O:ok M:ok M:ok M:ok O:ok M:ok M:ok	ok	same	-	[0, 0]	2	0	[0, 0]	80	1441792	0	1	t1@50182:released-and-isolated
F3-latent-eio-dev0	N1A-every-isoBad-mem	OMMMOMO	O:ok M:ok M:ok M:ok O:ok M:ok O:ok	ok	same	-	[0, 0]	2	0	[0, 0]	80	1507328	0	1	t1@50182:released-and-isolated
F3-latent-eio-dev0	N1A-every-isoBad-mem	OMMOFFM	O:ok M:ok M:ok O:ok F:ok(F=3,reclaimed=1) F:noop M:ok	ok	same	-	[0, 0]	2	0	[0, 0]	68	1245184	0	1	t1@50182:released-and-isolated
F3-latent-eio-dev0	N1A-every-isoBad-mem	OMMMOOM	O:ok M:ok M:ok M:ok O:ok O:ok M:ok	ok	same	-	[0, 0]	2	0	[0, 0]	80	1507328	0	1	t1@50182:released-and-isolated
F3-latent-eio-dev0	N1A-every-isoBad-mem	OMMOFMF	O:ok M:ok M:ok O:ok F:ok(F=3,reclaimed=1) M:ok F:noop	ok	same	-	[0, 0]	2	0	[0, 0]	68	1245184	0	1	t1@50182:released-and-isolated
F3-latent-eio-dev0	N1A-every-isoBad-mem	OMMOFFO	O:ok M:ok M:ok O:ok F:ok(F=3,reclaimed=1) F:noop O:ok	ok	same	-	[0, 0]	2	0	[0, 0]	68	1310720	0	1	t1@50182:released-and-isolated
F3-latent-eio-dev0	N1A-every-isoBad-mem	OMMOFOF	O:ok M:ok M:ok O:ok F:ok(F=3,reclaimed=1) O:ok F:ok(F=6,reclaimed=17)	ok	same	-	[0, 0]	2	0	[0, 0]	76	1441792	0	1	t1@50182:released-and-isolated
F3-latent-eio-dev0	N1A-every-isoBad-mem	OMMOFMM	O:ok M:ok M:ok O:ok F:ok(F=3,reclaimed=1) M:ok M:ok	ok	same	-	[0, 0]	2	0	[0, 0]	80	1441792	0	1	t1@50182:released-and-isolated
F3-latent-eio-dev0	N1A-every-isoBad-mem	OMMOFOM	O:ok M:ok M:ok O:ok F:ok(F=3,reclaimed=1) O:ok M:ok	ok	same	-	[0, 0]	2	0	[0, 0]	76	1441792	0	1	t1@50182:released-and-isolated
F3-latent-eio-dev0	N1A-every-isoBad-mem	OMMOFMO	O:ok M:ok M:ok O:ok F:ok(F=3,reclaimed=1) M:ok O:ok	ok	same	-	[0, 0]	2	0	[0, 0]	80	1507328	0	1	t1@50182:released-and-isolated
F3-latent-eio-dev0	N1A-every-isoBad-mem	OMMOMFF	O:ok M:ok M:ok O:ok M:ok F:ok(F=3,reclaimed=1) F:noop	ok	same	-	[0, 0]	2	0	[0, 0]	68	1245184	0	1	t1@50182:released-and-isolated
F3-latent-eio-dev0	N1A-every-isoBad-mem	OMMOFOO	O:ok M:ok M:ok O:ok F:ok(F=3,reclaimed=1) O:ok O:ok	ok	same	-	[0, 0]	2	0	[0, 0]	80	1572864	0	1	t1@50182:released-and-isolated
F3-latent-eio-dev0	N1A-every-isoBad-mem	OMMOMFO	O:ok M:ok M:ok O:ok M:ok F:ok(F=3,reclaimed=1) O:ok	ok	same	-	[0, 0]	2	0	[0, 0]	80	1507328	0	1	t1@50182:released-and-isolated
F3-latent-eio-dev0	N1A-every-isoBad-mem	OMMOMFM	O:ok M:ok M:ok O:ok M:ok F:ok(F=3,reclaimed=1) M:ok	ok	same	-	[0, 0]	2	0	[0, 0]	80	1441792	0	1	t1@50182:released-and-isolated
F3-latent-eio-dev0	N1A-every-isoBad-mem	OMMOMMF	O:ok M:ok M:ok O:ok M:ok M:ok F:ok(F=3,reclaimed=1)	ok	same	-	[0, 0]	2	0	[0, 0]	80	1441792	0	1	t1@50182:released-and-isolated
F3-latent-eio-dev0	N1A-every-isoBad-mem	OMMOMOF	O:ok M:ok M:ok O:ok M:ok O:ok F:ok(F=6,reclaimed=18)	ok	same	-	[0, 0]	2	0	[0, 0]	76	1441792	0	1	t1@50182:released-and-isolated
F3-latent-eio-dev0	N1A-every-isoBad-mem	OMMOMMM	O:ok M:ok M:ok O:ok M:ok M:ok M:ok	ok	same	-	[0, 0]	2	0	[0, 0]	80	1441792	0	1	t1@50182:released-and-isolated
F3-latent-eio-dev0	N1A-every-isoBad-mem	OMMOMMO	O:ok M:ok M:ok O:ok M:ok M:ok O:ok	ok	same	-	[0, 0]	2	0	[0, 0]	80	1507328	0	1	t1@50182:released-and-isolated
F3-latent-eio-dev0	N1A-every-isoBad-mem	OMMOMOM	O:ok M:ok M:ok O:ok M:ok O:ok M:ok	ok	same	-	[0, 0]	2	0	[0, 0]	76	1441792	0	1	t1@50182:released-and-isolated
F3-latent-eio-dev0	N1A-every-isoBad-mem	OMMOOFF	O:ok M:ok M:ok O:ok O:ok F:ok(F=6,reclaimed=18) F:noop	ok	same	-	[0, 0]	2	0	[0, 0]	68	1310720	0	1	t1@50182:released-and-isolated
F3-latent-eio-dev0	N1A-every-isoBad-mem	OMMOMOO	O:ok M:ok M:ok O:ok M:ok O:ok O:ok	ok	same	-	[0, 0]	2	0	[0, 0]	80	1572864	0	1	t1@50182:released-and-isolated
F3-latent-eio-dev0	N1A-every-isoBad-mem	OMMOOOF	O:ok M:ok M:ok O:ok O:ok O:ok F:ok(F=7,reclaimed=26)	ok	same	-	[0, 0]	2	0	[0, 0]	84	1638400	0	1	t1@50182:released-and-isolated
F3-latent-eio-dev0	N1A-every-isoBad-mem	OMMOOFO	O:ok M:ok M:ok O:ok O:ok F:ok(F=6,reclaimed=18) O:ok	ok	same	-	[0, 0]	2	0	[0, 0]	80	1572864	0	1	t1@50182:released-and-isolated
F3-latent-eio-dev0	N1A-every-isoBad-mem	OMMOOMM	O:ok M:ok M:ok O:ok O:ok M:ok M:ok	ok	same	-	[0, 0]	2	0	[0, 0]	76	1441792	0	1	t1@50182:released-and-isolated
F3-latent-eio-dev0	N1A-every-isoBad-mem	OMMOOMF	O:ok M:ok M:ok O:ok O:ok M:ok F:ok(F=6,reclaimed=18)	ok	same	-	[0, 0]	2	0	[0, 0]	76	1441792	0	1	t1@50182:released-and-isolated
F3-latent-eio-dev0	N1A-every-isoBad-mem	OMMOOFM	O:ok M:ok M:ok O:ok O:ok F:ok(F=6,reclaimed=18) M:ok	ok	same	-	[0, 0]	2	0	[0, 0]	76	1441792	0	1	t1@50182:released-and-isolated
F3-latent-eio-dev0	N1A-every-isoBad-mem	OMMOOMO	O:ok M:ok M:ok O:ok O:ok M:ok O:ok	ok	same	-	[0, 0]	2	0	[0, 0]	80	1572864	0	1	t1@50182:released-and-isolated
F3-latent-eio-dev0	N1A-every-isoBad-mem	OMMOOOM	O:ok M:ok M:ok O:ok O:ok O:ok M:ok	ok	same	-	[0, 0]	2	0	[0, 0]	84	1638400	0	1	t1@50182:released-and-isolated
F3-latent-eio-dev0	N1A-every-isoBad-mem	OMMOOOO	O:ok M:ok M:ok O:ok O:ok O:ok O:ok	ok	same	-	[0, 0]	2	0	[0, 0]	84	1703936	0	1	t1@50182:released-and-isolated
F3-latent-eio-dev0	N1A-every-isoBad-mem	OMOFFFF	O:ok M:ok O:ok F:ok(F=3,reclaimed=1) F:noop F:noop F:noop	ok	same	-	[0, 0]	2	0	[0, 0]	44	851968	0	1	t1@50182:released-and-isolated
F3-latent-eio-dev0	N1A-every-isoBad-mem	OMOFFMF	O:ok M:ok O:ok F:ok(F=3,reclaimed=1) F:noop M:ok F:noop	ok	same	-	[0, 0]	2	0	[0, 0]	56	1048576	0	1	t1@50182:released-and-isolated
F3-latent-eio-dev0	N1A-every-isoBad-mem	OMOFFFM	O:ok M:ok O:ok F:ok(F=3,reclaimed=1) F:noop F:noop M:ok	ok	same	-	[0, 0]	2	0	[0, 0]	56	1048576	0	1	t1@50182:released-and-isolated
F3-latent-eio-dev0	N1A-every-isoBad-mem	OMOFFFO	O:ok M:ok O:ok F:ok(F=3,reclaimed=1) F:noop F:noop O:ok	ok	same	-	[0, 0]	2	0	[0, 0]	56	1114112	0	1	t1@50182:released-and-isolated
F3-latent-eio-dev0	N1A-every-isoBad-mem	OMOFFMO	O:ok M:ok O:ok F:ok(F=3,reclaimed=1) F:noop M:ok O:ok	ok	same	-	[0, 0]	2	0	[0, 0]	68	1310720	0	1	t1@50182:released-and-isolated
F3-latent-eio-dev0	N1A-every-isoBad-mem	OMOFFMM	O:ok M:ok O:ok F:ok(F=3,reclaimed=1) F:noop M:ok M:ok	ok	same	-	[0, 0]	2	0	[0, 0]	68	1245184	0	1	t1@50182:released-and-isolated
F3-latent-eio-dev0	N1A-every-isoBad-mem	OMOFFOF	O:ok M:ok O:ok F:ok(F=3,reclaimed=1) F:noop O:ok F:ok(F=6,reclaimed=17)	ok	same	-	[0, 0]	2	0	[0, 0]	64	1245184	0	1	t1@50182:released-and-isolated
F3-latent-eio-dev0	N1A-every-isoBad-mem	OMOFFOM	O:ok M:ok O:ok F:ok(F=3,reclaimed=1) F:noop O:ok M:ok	ok	same	-	[0, 0]	2	0	[0, 0]	64	1245184	0	1	t1@50182:released-and-isolated
F3-latent-eio-dev0	N1A-every-isoBad-mem	OMOFFOO	O:ok M:ok O:ok F:ok(F=3,reclaimed=1) F:noop O:ok O:ok	ok	same	-	[0, 0]	2	0	[0, 0]	68	1376256	0	1	t1@50182:released-and-isolated
F3-latent-eio-dev0	N1A-every-isoBad-mem	OMOFMMF	O:ok M:ok O:ok F:ok(F=3,reclaimed=1) M:ok M:ok F:noop	ok	same	-	[0, 0]	2	0	[0, 0]	68	1245184	0	1	t1@50182:released-and-isolated
F3-latent-eio-dev0	N1A-every-isoBad-mem	OMOFMFF	O:ok M:ok O:ok F:ok(F=3,reclaimed=1) M:ok F:noop F:noop	ok	same	-	[0, 0]	2	0	[0, 0]	56	1048576	0	1	t1@50182:released-and-isolated
F3-latent-eio-dev0	N1A-every-isoBad-mem	OMOFMFM	O:ok M:ok O:ok F:ok(F=3,reclaimed=1) M:ok F:noop M:ok	ok	same	-	[0, 0]	2	0	[0, 0]	68	1245184	0	1	t1@50182:released-and-isolated
F3-latent-eio-dev0	N1A-every-isoBad-mem	OMOFMFO	O:ok M:ok O:ok F:ok(F=3,reclaimed=1) M:ok F:noop O:ok	ok	same	-	[0, 0]	2	0	[0, 0]	68	1310720	0	1	t1@50182:released-and-isolated
F3-latent-eio-dev0	N1A-every-isoBad-mem	OMOFMOF	O:ok M:ok O:ok F:ok(F=3,reclaimed=1) M:ok O:ok F:ok(F=6,reclaimed=17)	ok	same	-	[0, 0]	2	0	[0, 0]	76	1441792	0	1	t1@50182:released-and-isolated
F3-latent-eio-dev0	N1A-every-isoBad-mem	OMOFMMO	O:ok M:ok O:ok F:ok(F=3,reclaimed=1) M:ok M:ok O:ok	ok	same	-	[0, 0]	2	0	[0, 0]	80	1507328	0	1	t1@50182:released-and-isolated
F3-latent-eio-dev0	N1A-every-isoBad-mem	OMOFOFF	O:ok M:ok O:ok F:ok(F=3,reclaimed=1) O:ok F:ok(F=6,reclaimed=17) F:noop	ok	same	-	[0, 0]	2	0	[0, 0]	64	1245184	0	1	t1@50182:released-and-isolated
F3-latent-eio-dev0	N1A-every-isoBad-mem	OMOFOFO	O:ok M:ok O:ok F:ok(F=3,reclaimed=1) O:ok F:ok(F=6,reclaimed=17) O:ok	ok	same	-	[0, 0]	2	0	[0, 0]	76	1507328	0	1	t1@50182:released-and-isolated
F3-latent-eio-dev0	N1A-every-isoBad-mem	OMOFMMM	O:ok M:ok O:ok F:ok(F=3,reclaimed=1) M:ok M:ok M:ok	ok	same	-	[0, 0]	2	0	[0, 0]	80	1441792	0	1	t1@50182:released-and-isolated
F3-latent-eio-dev0	N1A-every-isoBad-mem	OMOFMOM	O:ok M:ok O:ok F:ok(F=3,reclaimed=1) M:ok O:ok M:ok	ok	same	-	[0, 0]	2	0	[0, 0]	76	1441792	0	1	t1@50182:released-and-isolated
F3-latent-eio-dev0	N1A-every-isoBad-mem	OMOFOFM	O:ok M:ok O:ok F:ok(F=3,reclaimed=1) O:ok F:ok(F=6,reclaimed=17) M:ok	ok	same	-	[0, 0]	2	0	[0, 0]	76	1441792	0	1	t1@50182:released-and-isolated
F3-latent-eio-dev0	N1A-every-isoBad-mem	OMOFMOO	O:ok M:ok O:ok F:ok(F=3,reclaimed=1) M:ok O:ok O:ok	ok	same	-	[0, 0]	2	0	[0, 0]	80	1572864	0	1	t1@50182:released-and-isolated
F3-latent-eio-dev0	N1A-every-isoBad-mem	OMOFOMF	O:ok M:ok O:ok F:ok(F=3,reclaimed=1) O:ok M:ok F:ok(F=6,reclaimed=17)	ok	same	-	[0, 0]	2	0	[0, 0]	76	1441792	0	1	t1@50182:released-and-isolated
F3-latent-eio-dev0	N1A-every-isoBad-mem	OMOFOOM	O:ok M:ok O:ok F:ok(F=3,reclaimed=1) O:ok O:ok M:ok	ok	same	-	[0, 0]	2	0	[0, 0]	76	1507328	0	1	t1@50182:released-and-isolated
F3-latent-eio-dev0	N1A-every-isoBad-mem	OMOFOOF	O:ok M:ok O:ok F:ok(F=3,reclaimed=1) O:ok O:ok F:ok(F=7,reclaimed=25)	ok	same	-	[0, 0]	2	0	[0, 0]	76	1507328	0	1	t1@50182:released-and-isolated
F3-latent-eio-dev0	N1A-every-isoBad-mem	OMOFOMO	O:ok M:ok O:ok F:ok(F=3,reclaimed=1) O:ok M:ok O:ok	ok	same	-	[0, 0]	2	0	[0, 0]	76	1507328	0	1	t1@50182:released-and-isolated
F3-latent-eio-dev0	N1A-every-isoBad-mem	OMOFOMM	O:ok M:ok O:ok F:ok(F=3,reclaimed=1) O:ok M:ok M:ok	ok	same	-	[0, 0]	2	0	[0, 0]	76	1441792	0	1	t1@50182:released-and-isolated
F3-latent-eio-dev0	N1A-every-isoBad-mem	OMOFOOO	O:ok M:ok O:ok F:ok(F=3,reclaimed=1) O:ok O:ok O:ok	ok	same	-	[0, 0]	2	0	[0, 0]	80	1638400	0	1	t1@50182:released-and-isolated
F3-latent-eio-dev0	N1A-every-isoBad-mem	OMOMFFM	O:ok M:ok O:ok M:ok F:ok(F=3,reclaimed=1) F:noop M:ok	ok	same	-	[0, 0]	2	0	[0, 0]	68	1245184	0	1	t1@50182:released-and-isolated
F3-latent-eio-dev0	N1A-every-isoBad-mem	OMOMFFF	O:ok M:ok O:ok M:ok F:ok(F=3,reclaimed=1) F:noop F:noop	ok	same	-	[0, 0]	2	0	[0, 0]	56	1048576	0	1	t1@50182:released-and-isolated
F3-latent-eio-dev0	N1A-every-isoBad-mem	OMOMFFO	O:ok M:ok O:ok M:ok F:ok(F=3,reclaimed=1) F:noop O:ok	ok	same	-	[0, 0]	2	0	[0, 0]	68	1310720	0	1	t1@50182:released-and-isolated
F3-latent-eio-dev0	N1A-every-isoBad-mem	OMOMFMO	O:ok M:ok O:ok M:ok F:ok(F=3,reclaimed=1) M:ok O:ok	ok	same	-	[0, 0]	2	0	[0, 0]	80	1507328	0	1	t1@50182:released-and-isolated
F3-latent-eio-dev0	N1A-every-isoBad-mem	OMOMFOF	O:ok M:ok O:ok M:ok F:ok(F=3,reclaimed=1) O:ok F:ok(F=6,reclaimed=17)	ok	same	-	[0, 0]	2	0	[0, 0]	76	1441792	0	1	t1@50182:released-and-isolated
F3-latent-eio-dev0	N1A-every-isoBad-mem	OMOMFOO	O:ok M:ok O:ok M:ok F:ok(F=3,reclaimed=1) O:ok O:ok	ok	same	-	[0, 0]	2	0	[0, 0]	80	1572864	0	1	t1@50182:released-and-isolated
F3-latent-eio-dev0	N1A-every-isoBad-mem	OMOMFMF	O:ok M:ok O:ok M:ok F:ok(F=3,reclaimed=1) M:ok F:noop	ok	same	-	[0, 0]	2	0	[0, 0]	68	1245184	0	1	t1@50182:released-and-isolated
F3-latent-eio-dev0	N1A-every-isoBad-mem	OMOMFOM	O:ok M:ok O:ok M:ok F:ok(F=3,reclaimed=1) O:ok M:ok	ok	same	-	[0, 0]	2	0	[0, 0]	76	1441792	0	1	t1@50182:released-and-isolated
F3-latent-eio-dev0	N1A-every-isoBad-mem	OMOMMFF	O:ok M:ok O:ok M:ok M:ok F:ok(F=3,reclaimed=1) F:noop	ok	same	-	[0, 0]	2	0	[0, 0]	68	1245184	0	1	t1@50182:released-and-isolated
F3-latent-eio-dev0	N1A-every-isoBad-mem	OMOMFMM	O:ok M:ok O:ok M:ok F:ok(F=3,reclaimed=1) M:ok M:ok	ok	same	-	[0, 0]	2	0	[0, 0]	80	1441792	0	1	t1@50182:released-and-isolated
F3-latent-eio-dev0	N1A-every-isoBad-mem	OMOMMFM	O:ok M:ok O:ok M:ok M:ok F:ok(F=3,reclaimed=1) M:ok	ok	same	-	[0, 0]	2	0	[0, 0]	80	1441792	0	1	t1@50182:released-and-isolated
F3-latent-eio-dev0	N1A-every-isoBad-mem	OMOMMMF	O:ok M:ok O:ok M:ok M:ok M:ok F:ok(F=3,reclaimed=1)	ok	same	-	[0, 0]	2	0	[0, 0]	80	1441792	0	1	t1@50182:released-and-isolated
F3-latent-eio-dev0	N1A-every-isoBad-mem	OMOMMFO	O:ok M:ok O:ok M:ok M:ok F:ok(F=3,reclaimed=1) O:ok	ok	same	-	[0, 0]	2	0	[0, 0]	80	1507328	0	1	t1@50182:released-and-isolated
F3-latent-eio-dev0	N1A-every-isoBad-mem	OMOMMMM	O:ok M:ok O:ok M:ok M:ok M:ok M:ok	ok	same	-	[0, 0]	2	0	[0, 0]	80	1441792	0	1	t1@50182:released-and-isolated
F3-latent-eio-dev0	N1A-every-isoBad-mem	OMOMMOO	O:ok M:ok O:ok M:ok M:ok O:ok O:ok	ok	same	-	[0, 0]	2	0	[0, 0]	80	1572864	0	1	t1@50182:released-and-isolated
F3-latent-eio-dev0	N1A-every-isoBad-mem	OMOMMOF	O:ok M:ok O:ok M:ok M:ok O:ok F:ok(F=6,reclaimed=18)	ok	same	-	[0, 0]	2	0	[0, 0]	76	1441792	0	1	t1@50182:released-and-isolated
F3-latent-eio-dev0	N1A-every-isoBad-mem	OMOMMMO	O:ok M:ok O:ok M:ok M:ok M:ok O:ok	ok	same	-	[0, 0]	2	0	[0, 0]	80	1507328	0	1	t1@50182:released-and-isolated
F3-latent-eio-dev0	N1A-every-isoBad-mem	OMOMMOM	O:ok M:ok O:ok M:ok M:ok O:ok M:ok	ok	same	-	[0, 0]	2	0	[0, 0]	76	1441792	0	1	t1@50182:released-and-isolated
F3-latent-eio-dev0	N1A-every-isoBad-mem	OMOMOFF	O:ok M:ok O:ok M:ok O:ok F:ok(F=6,reclaimed=18) F:noop	ok	same	-	[0, 0]	2	0	[0, 0]	64	1245184	0	1	t1@50182:released-and-isolated
F3-latent-eio-dev0	N1A-every-isoBad-mem	OMOMOFO	O:ok M:ok O:ok M:ok O:ok F:ok(F=6,reclaimed=18) O:ok	ok	same	-	[0, 0]	2	0	[0, 0]	76	1507328	0	1	t1@50182:released-and-isolated
F3-latent-eio-dev0	N1A-every-isoBad-mem	OMOMOFM	O:ok M:ok O:ok M:ok O:ok F:ok(F=6,reclaimed=18) M:ok	ok	same	-	[0, 0]	2	0	[0, 0]	76	1441792	0	1	t1@50182:released-and-isolated
F3-latent-eio-dev0	N1A-every-isoBad-mem	OMOMOMF	O:ok M:ok O:ok M:ok O:ok M:ok F:ok(F=6,reclaimed=18)	ok	same	-	[0, 0]	2	0	[0, 0]	76	1441792	0	1	t1@50182:released-and-isolated
F3-latent-eio-dev0	N1A-every-isoBad-mem	OMOMOMM	O:ok M:ok O:ok M:ok O:ok M:ok M:ok	ok	same	-	[0, 0]	2	0	[0, 0]	76	1441792	0	1	t1@50182:released-and-isolated
F3-latent-eio-dev0	N1A-every-isoBad-mem	OMOMOMO	O:ok M:ok O:ok M:ok O:ok M:ok O:ok	ok	same	-	[0, 0]	2	0	[0, 0]	76	1507328	0	1	t1@50182:released-and-isolated
F3-latent-eio-dev0	N1A-every-isoBad-mem	OMOMOOO	O:ok M:ok O:ok M:ok O:ok O:ok O:ok	ok	same	-	[0, 0]	2	0	[0, 0]	80	1638400	0	1	t1@50182:released-and-isolated
F3-latent-eio-dev0	N1A-every-isoBad-mem	OMOOFFF	O:ok M:ok O:ok O:ok F:ok(F=6,reclaimed=18) F:noop F:noop	ok	same	-	[0, 0]	2	0	[0, 0]	56	1114112	0	1	t1@50182:released-and-isolated
F3-latent-eio-dev0	N1A-every-isoBad-mem	OMOMOOF	O:ok M:ok O:ok M:ok O:ok O:ok F:ok(F=7,reclaimed=26)	ok	same	-	[0, 0]	2	0	[0, 0]	76	1507328	0	1	t1@50182:released-and-isolated
F3-latent-eio-dev0	N1A-every-isoBad-mem	OMOOFFO	O:ok M:ok O:ok O:ok F:ok(F=6,reclaimed=18) F:noop O:ok	ok	same	-	[0, 0]	2	0	[0, 0]	68	1376256	0	1	t1@50182:released-and-isolated
F3-latent-eio-dev0	N1A-every-isoBad-mem	OMOOFFM	O:ok M:ok O:ok O:ok F:ok(F=6,reclaimed=18) F:noop M:ok	ok	same	-	[0, 0]	2	0	[0, 0]	64	1245184	0	1	t1@50182:released-and-isolated
F3-latent-eio-dev0	N1A-every-isoBad-mem	OMOOFMF	O:ok M:ok O:ok O:ok F:ok(F=6,reclaimed=18) M:ok F:noop	ok	same	-	[0, 0]	2	0	[0, 0]	64	1245184	0	1	t1@50182:released-and-isolated
F3-latent-eio-dev0	N1A-every-isoBad-mem	OMOMOOM	O:ok M:ok O:ok M:ok O:ok O:ok M:ok	ok	same	-	[0, 0]	2	0	[0, 0]	76	1507328	0	1	t1@50182:released-and-isolated
F3-latent-eio-dev0	N1A-every-isoBad-mem	OMOOFOF	O:ok M:ok O:ok O:ok F:ok(F=6,reclaimed=18) O:ok F:ok(F=7,reclaimed=8)	ok	same	-	[0, 0]	2	0	[0, 0]	76	1507328	0	1	t1@50182:released-and-isolated
F3-latent-eio-dev0	N1A-every-isoBad-mem	OMOOFMO	O:ok M:ok O:ok O:ok F:ok(F=6,reclaimed=18) M:ok O:ok	ok	same	-	[0, 0]	2	0	[0, 0]	76	1507328	0	1	t1@50182:released-and-isolated
F3-latent-eio-dev0	N1A-every-isoBad-mem	OMOOFOM	O:ok M:ok O:ok O:ok F:ok(F=6,reclaimed=18) O:ok M:ok	ok	same	-	[0, 0]	2	0	[0, 0]	76	1507328	0	1	t1@50182:released-and-isolated
F3-latent-eio-dev0	N1A-every-isoBad-mem	OMOOMFF	O:ok M:ok O:ok O:ok M:ok F:ok(F=6,reclaimed=18) F:noop	ok	same	-	[0, 0]	2	0	[0, 0]	64	1245184	0	1	t1@50182:released-and-isolated
F3-latent-eio-dev0	N1A-every-isoBad-mem	OMOOFOO	O:ok M:ok O:ok O:ok F:ok(F=6,reclaimed=18) O:ok O:ok	ok	same	-	[0, 0]	2	0	[0, 0]	80	1638400	0	1	t1@50182:released-and-isolated
F3-latent-eio-dev0	N1A-every-isoBad-mem	OMOOFMM	O:ok M:ok O:ok O:ok F:ok(F=6,reclaimed=18) M:ok M:ok	ok	same	-	[0, 0]	2	0	[0, 0]	76	1441792	0	1	t1@50182:released-and-isolated
F3-latent-eio-dev0	N1A-every-isoBad-mem	OMOOMFM	O:ok M:ok O:ok O:ok M:ok F:ok(F=6,reclaimed=18) M:ok	ok	same	-	[0, 0]	2	0	[0, 0]	76	1441792	0	1	t1@50182:released-and-isolated
F3-latent-eio-dev0	N1A-every-isoBad-mem	OMOOMMO	O:ok M:ok O:ok O:ok M:ok M:ok O:ok	ok	same	-	[0, 0]	2	0	[0, 0]	76	1507328	0	1	t1@50182:released-and-isolated
F3-latent-eio-dev0	N1A-every-isoBad-mem	OMOOMMF	O:ok M:ok O:ok O:ok M:ok M:ok F:ok(F=6,reclaimed=18)	ok	same	-	[0, 0]	2	0	[0, 0]	76	1441792	0	1	t1@50182:released-and-isolated
F3-latent-eio-dev0	N1A-every-isoBad-mem	OMOOMOF	O:ok M:ok O:ok O:ok M:ok O:ok F:ok(F=7,reclaimed=26)	ok	same	-	[0, 0]	2	0	[0, 0]	76	1507328	0	1	t1@50182:released-and-isolated
F3-latent-eio-dev0	N1A-every-isoBad-mem	OMOOMOO	O:ok M:ok O:ok O:ok M:ok O:ok O:ok	ok	same	-	[0, 0]	2	0	[0, 0]	80	1638400	0	1	t1@50182:released-and-isolated
F3-latent-eio-dev0	N1A-every-isoBad-mem	OMOOMFO	O:ok M:ok O:ok O:ok M:ok F:ok(F=6,reclaimed=18) O:ok	ok	same	-	[0, 0]	2	0	[0, 0]	76	1507328	0	1	t1@50182:released-and-isolated
F3-latent-eio-dev0	N1A-every-isoBad-mem	OMOOOFF	O:ok M:ok O:ok O:ok O:ok F:ok(F=7,reclaimed=26) F:noop	ok	same	-	[0, 0]	2	0	[0, 0]	72	1441792	0	1	t1@50182:released-and-isolated
F3-latent-eio-dev0	N1A-every-isoBad-mem	OMOOMMM	O:ok M:ok O:ok O:ok M:ok M:ok M:ok	ok	same	-	[0, 0]	2	0	[0, 0]	76	1441792	0	1	t1@50182:released-and-isolated
F3-latent-eio-dev0	N1A-every-isoBad-mem	OMOOMOM	O:ok M:ok O:ok O:ok M:ok O:ok M:ok	ok	same	-	[0, 0]	2	0	[0, 0]	76	1507328	0	1	t1@50182:released-and-isolated
F3-latent-eio-dev0	N1A-every-isoBad-mem	OMOOOFO	O:ok M:ok O:ok O:ok O:ok F:ok(F=7,reclaimed=26) O:ok	ok	same	-	[0, 0]	2	0	[0, 0]	84	1703936	0	1	t1@50182:released-and-isolated
F3-latent-eio-dev0	N1A-every-isoBad-mem	OMOOOFM	O:ok M:ok O:ok O:ok O:ok F:ok(F=7,reclaimed=26) M:ok	ok	same	-	[0, 0]	2	0	[0, 0]	84	1638400	0	1	t1@50182:released-and-isolated
F3-latent-eio-dev0	N1A-every-isoBad-mem	OMOOOMF	O:ok M:ok O:ok O:ok O:ok M:ok F:ok(F=7,reclaimed=26)	ok	same	-	[0, 0]	2	0	[0, 0]	84	1638400	0	1	t1@50182:released-and-isolated
F3-latent-eio-dev0	N1A-every-isoBad-mem	OMOOOOO	O:ok M:ok O:ok O:ok O:ok O:ok O:ok	ok	same	-	[0, 0]	2	0	[0, 0]	84	1769472	0	1	t1@50182:released-and-isolated
F3-latent-eio-dev0	N1A-every-isoBad-mem	OMOOOOF	O:ok M:ok O:ok O:ok O:ok O:ok F:ok(F=11,reclaimed=47)	ok	same	-	[0, 0]	2	0	[0, 0]	80	1638400	0	1	t1@50182:released-and-isolated
F3-latent-eio-dev0	N1A-every-isoBad-mem	OOFFFFM	O:ok O:ok F:ok(F=3,reclaimed=1) F:noop F:noop F:noop M:ok	ok	same	-	[0, 0]	2	0	[0, 0]	44	851968	0	1	t1@50182:released-and-isolated
F3-latent-eio-dev0	N1A-every-isoBad-mem	OOFFFFF	O:ok O:ok F:ok(F=3,reclaimed=1) F:noop F:noop F:noop F:noop	ok	same	-	[2, 0]	2	0	[0, 0]	32	655360	0	1	t1@50182:released-and-isolated
F3-latent-eio-dev0	N1A-every-isoBad-mem	OOFFFFO	O:ok O:ok F:ok(F=3,reclaimed=1) F:noop F:noop F:noop O:ok	ok	same	-	[2, 0]	2	0	[0, 0]	44	917504	0	1	t1@50182:released-and-isolated
F3-latent-eio-dev0	N1A-every-isoBad-mem	OMOOOMM	O:ok M:ok O:ok O:ok O:ok M:ok M:ok	ok	same	-	[0, 0]	2	0	[0, 0]	84	1638400	0	1	t1@50182:released-and-isolated
F3-latent-eio-dev0	N1A-every-isoBad-mem	OMOOOMO	O:ok M:ok O:ok O:ok O:ok M:ok O:ok	ok	same	-	[0, 0]	2	0	[0, 0]	84	1703936	0	1	t1@50182:released-and-isolated
F3-latent-eio-dev0	N1A-every-isoBad-mem	OOFFFMF	O:ok O:ok F:ok(F=3,reclaimed=1) F:noop F:noop M:ok F:noop	ok	same	-	[0, 0]	2	0	[0, 0]	44	851968	0	1	t1@50182:released-and-isolated
F3-latent-eio-dev0	N1A-every-isoBad-mem	OMOOOOM	O:ok M:ok O:ok O:ok O:ok O:ok M:ok	ok	same	-	[0, 0]	2	0	[0, 0]	80	1638400	0	1	t1@50182:released-and-isolated
F3-latent-eio-dev0	N1A-every-isoBad-mem	OOFFFMO	O:ok O:ok F:ok(F=3,reclaimed=1) F:noop F:noop M:ok O:ok	ok	same	-	[0, 0]	2	0	[0, 0]	56	1114112	0	1	t1@50182:released-and-isolated
F3-latent-eio-dev0	N1A-every-isoBad-mem	OOFFFOO	O:ok O:ok F:ok(F=3,reclaimed=1) F:noop F:noop O:ok O:ok	ok	same	-	[2, 0]	2	0	[0, 0]	56	1179648	0	1	t1@50182:released-and-isolated
F3-latent-eio-dev0	N1A-every-isoBad-mem	OOFFFOF	O:ok O:ok F:ok(F=3,reclaimed=1) F:noop F:noop O:ok F:ok(F=6,reclaimed=17)	ok	same	-	[2, 0]	2	0	[0, 0]	52	1048576	0	1	t1@50182:released-and-isolated
F3-latent-eio-dev0	N1A-every-isoBad-mem	OOFFMFF	O:ok O:ok F:ok(F=3,reclaimed=1) F:noop M:ok F:noop F:noop	ok	same	-	[0, 0]	2	0	[0, 0]	44	851968	0	1	t1@50182:released-and-isolated
F3-latent-eio-dev0	N1A-every-isoBad-mem	OOFFFOM	O:ok O:ok F:ok(F=3,reclaimed=1) F:noop F:noop O:ok M:ok	ok	same	-	[0, 0]	2	0	[0, 0]	52	1048576	0	1	t1@50182:released-and-isolated
F3-latent-eio-dev0	N1A-every-isoBad-mem	OOFFMFM	O:ok O:ok F:ok(F=3,reclaimed=1) F:noop M:ok F:noop M:ok	ok	same	-	[0, 0]	2	0	[0, 0]	56	1048576	0	1	t1@50182:released-and-isolated
F3-latent-eio-dev0	N1A-every-isoBad-mem	OOFFFMM	O:ok O:ok F:ok(F=3,reclaimed=1) F:noop F:noop M:ok M:ok	ok	same	-	[0, 0]	2	0	[0, 0]	56	1048576	0	1	t1@50182:released-and-isolated
F3-latent-eio-dev0	N1A-every-isoBad-mem	OOFFMFO	O:ok O:ok F:ok(F=3,reclaimed=1) F:noop M:ok F:noop O:ok	ok	same	-	[0, 0]	2	0	[0, 0]	56	1114112	0	1	t1@50182:released-and-isolated
F3-latent-eio-dev0	N1A-every-isoBad-mem	OOFFMMO	O:ok O:ok F:ok(F=3,reclaimed=1) F:noop M:ok M:ok O:ok	ok	same	-	[0, 0]	2	0	[0, 0]	68	1310720	0	1	t1@50182:released-and-isolated
F3-latent-eio-dev0	N1A-every-isoBad-mem	OOFFMMF	O:ok O:ok F:ok(F=3,reclaimed=1) F:noop M:ok M:ok F:noop	ok	same	-	[0, 0]	2	0	[0, 0]	56	1048576	0	1	t1@50182:released-and-isolated
F3-latent-eio-dev0	N1A-every-isoBad-mem	OOFFMMM	O:ok O:ok F:ok(F=3,reclaimed=1) F:noop M:ok M:ok M:ok	ok	same	-	[0, 0]	2	0	[0, 0]	68	1245184	0	1	t1@50182:released-and-isolated
F3-latent-eio-dev0	N1A-every-isoBad-mem	OOFFMOO	O:ok O:ok F:ok(F=3,reclaimed=1) F:noop M:ok O:ok O:ok	ok	same	-	[0, 0]	2	0	[0, 0]	68	1376256	0	1	t1@50182:released-and-isolated
F3-latent-eio-dev0	N1A-every-isoBad-mem	OOFFMOF	O:ok O:ok F:ok(F=3,reclaimed=1) F:noop M:ok O:ok F:ok(F=6,reclaimed=17)	ok	same	-	[0, 0]	2	0	[0, 0]	64	1245184	0	1	t1@50182:released-and-isolated
F3-latent-eio-dev0	N1A-every-isoBad-mem	OOFFOFO	O:ok O:ok F:ok(F=3,reclaimed=1) F:noop O:ok F:ok(F=6,reclaimed=17) O:ok	ok	same	-	[2, 0]	2	0	[0, 0]	64	1310720	0	1	t1@50182:released-and-isolated
F3-latent-eio-dev0	N1A-every-isoBad-mem	OOFFOFF	O:ok O:ok F:ok(F=3,reclaimed=1) F:noop O:ok F:ok(F=6,reclaimed=17) F:noop	ok	same	-	[2, 0]	2	0	[0, 0]	52	1048576	0	1	t1@50182:released-and-isolated
F3-latent-eio-dev0	N1A-every-isoBad-mem	OOFFMOM	O:ok O:ok F:ok(F=3,reclaimed=1) F:noop M:ok O:ok M:ok	ok	same	-	[0, 0]	2	0	[0, 0]	64	1245184	0	1	t1@50182:released-and-isolated
F3-latent-eio-dev0	N1A-every-isoBad-mem	OOFFOFM	O:ok O:ok F:ok(F=3,reclaimed=1) F:noop O:ok F:ok(F=6,reclaimed=17) M:ok	ok	same	-	[0, 0]	2	0	[0, 0]	64	1245184	0	1	t1@50182:released-and-isolated
F3-latent-eio-dev0	N1A-every-isoBad-mem	OOFFOMF	O:ok O:ok F:ok(F=3,reclaimed=1) F:noop O:ok M:ok F:ok(F=6,reclaimed=17)	ok	same	-	[0, 0]	2	0	[0, 0]	64	1245184	0	1	t1@50182:released-and-isolated
F3-latent-eio-dev0	N1A-every-isoBad-mem	OOFFOMM	O:ok O:ok F:ok(F=3,reclaimed=1) F:noop O:ok M:ok M:ok	ok	same	-	[0, 0]	2	0	[0, 0]	64	1245184	0	1	t1@50182:released-and-isolated
F3-latent-eio-dev0	N1A-every-isoBad-mem	OOFFOOM	O:ok O:ok F:ok(F=3,reclaimed=1) F:noop O:ok O:ok M:ok	ok	same	-	[0, 0]	2	0	[0, 0]	64	1310720	0	1	t1@50182:released-and-isolated
F3-latent-eio-dev0	N1A-every-isoBad-mem	OOFFOMO	O:ok O:ok F:ok(F=3,reclaimed=1) F:noop O:ok M:ok O:ok	ok	same	-	[0, 0]	2	0	[0, 0]	64	1310720	0	1	t1@50182:released-and-isolated
F3-latent-eio-dev0	N1A-every-isoBad-mem	OOFFOOF	O:ok O:ok F:ok(F=3,reclaimed=1) F:noop O:ok O:ok F:ok(F=7,reclaimed=25)	ok	same	-	[2, 0]	2	0	[2, 0]	64	1310720	0	1	t1@50182:released-and-isolated
F3-latent-eio-dev0	N1A-every-isoBad-mem	OOFMFFF	O:ok O:ok F:ok(F=3,reclaimed=1) M:ok F:noop F:noop F:noop	ok	same	-	[0, 0]	2	0	[0, 0]	44	851968	0	1	t1@50182:released-and-isolated
F3-latent-eio-dev0	N1A-every-isoBad-mem	OOFFOOO	O:ok O:ok F:ok(F=3,reclaimed=1) F:noop O:ok O:ok O:ok	ok	same	-	[2, 0]	2	0	[0, 0]	68	1441792	0	1	t1@50182:released-and-isolated
F3-latent-eio-dev0	N1A-every-isoBad-mem	OOFMFFO	O:ok O:ok F:ok(F=3,reclaimed=1) M:ok F:noop F:noop O:ok	ok	same	-	[0, 0]	2	0	[0, 0]	56	1114112	0	1	t1@50182:released-and-isolated
F3-latent-eio-dev0	N1A-every-isoBad-mem	OOFMFFM	O:ok O:ok F:ok(F=3,reclaimed=1) M:ok F:noop F:noop M:ok	ok	same	-	[0, 0]	2	0	[0, 0]	56	1048576	0	1	t1@50182:released-and-isolated
F3-latent-eio-dev0	N1A-every-isoBad-mem	OOFMFMF	O:ok O:ok F:ok(F=3,reclaimed=1) M:ok F:noop M:ok F:noop	ok	same	-	[0, 0]	2	0	[0, 0]	56	1048576	0	1	t1@50182:released-and-isolated
F3-latent-eio-dev0	N1A-every-isoBad-mem	OOFMFOO	O:ok O:ok F:ok(F=3,reclaimed=1) M:ok F:noop O:ok O:ok	ok	same	-	[0, 0]	2	0	[0, 0]	68	1376256	0	1	t1@50182:released-and-isolated
F3-latent-eio-dev0	N1A-every-isoBad-mem	OOFMFMO	O:ok O:ok F:ok(F=3,reclaimed=1) M:ok F:noop M:ok O:ok	ok	same	-	[0, 0]	2	0	[0, 0]	68	1310720	0	1	t1@50182:released-and-isolated
F3-latent-eio-dev0	N1A-every-isoBad-mem	OOFMMFM	O:ok O:ok F:ok(F=3,reclaimed=1) M:ok M:ok F:noop M:ok	ok	same	-	[0, 0]	2	0	[0, 0]	68	1245184	0	1	t1@50182:released-and-isolated
F3-latent-eio-dev0	N1A-every-isoBad-mem	OOFMFOF	O:ok O:ok F:ok(F=3,reclaimed=1) M:ok F:noop O:ok F:ok(F=6,reclaimed=17)	ok	same	-	[0, 0]	2	0	[0, 0]	64	1245184	0	1	t1@50182:released-and-isolated
F3-latent-eio-dev0	N1A-every-isoBad-mem	OOFMMFF	O:ok O:ok F:ok(F=3,reclaimed=1) M:ok M:ok F:noop F:noop	ok	same	-	[0, 0]	2	0	[0, 0]	56	1048576	0	1	t1@50182:released-and-isolated
F3-latent-eio-dev0	N1A-every-isoBad-mem	OOFMFMM	O:ok O:ok F:ok(F=3,reclaimed=1) M:ok F:noop M:ok M:ok	ok	same	-	[0, 0]	2	0	[0, 0]	68	1245184	0	1	t1@50182:released-and-isolated
F3-latent-eio-dev0	N1A-every-isoBad-mem	OOFMFOM	O:ok O:ok F:ok(F=3,reclaimed=1) M:ok F:noop O:ok M:ok	ok	same	-	[0, 0]	2	0	[0, 0]	64	1245184	0	1	t1@50182:released-and-isolated
F3-latent-eio-dev0	N1A-every-isoBad-mem	OOFMMMO	O:ok O:ok F:ok(F=3,reclaimed=1) M:ok M:ok M:ok O:ok	ok	same	-	[0, 0]	2	0	[0, 0]	80	1507328	0	1	t1@50182:released-and-isolated
F3-latent-eio-dev0	N1A-every-isoBad-mem	OOFMMOO	O:ok O:ok F:ok(F=3,reclaimed=1) M:ok M:ok O:ok O:ok	ok	same	-	[0, 0]	2	0	[0, 0]	80	1572864	0	1	t1@50182:released-and-isolated
F3-latent-eio-dev0	N1A-every-isoBad-mem	OOFMMFO	O:ok O:ok F:ok(F=3,reclaimed=1) M:ok M:ok F:noop O:ok	ok	same	-	[0, 0]	2	0	[0, 0]	68	1310720	0	1	t1@50182:released-and-isolated
F3-latent-eio-dev0	N1A-every-isoBad-mem	OOFMMOF	O:ok O:ok F:ok(F=3,reclaimed=1) M:ok M:ok O:ok F:ok(F=6,reclaimed=17)	ok	same	-	[0, 0]	2	0	[0, 0]	76	1441792	0	1	t1@50182:released-and-isolated
F3-latent-eio-dev0	N1A-every-isoBad-mem	OOFMMMF	O:ok O:ok F:ok(F=3,reclaimed=1) M:ok M:ok M:ok F:noop	ok	same	-	[0, 0]	2	0	[0, 0]	68	1245184	0	1	t1@50182:released-and-isolated
F3-latent-eio-dev0	N1A-every-isoBad-mem	OOFMMOM	O:ok O:ok F:ok(F=3,reclaimed=1) M:ok M:ok O:ok M:ok	ok	same	-	[0, 0]	2	0	[0, 0]	76	1441792	0	1	t1@50182:released-and-isolated
F3-latent-eio-dev0	N1A-every-isoBad-mem	OOFMOFF	O:ok O:ok F:ok(F=3,reclaimed=1) M:ok O:ok F:ok(F=6,reclaimed=17) F:noop	ok	same	-	[0, 0]	2	0	[0, 0]	64	1245184	0	1	t1@50182:released-and-isolated
F3-latent-eio-dev0	N1A-every-isoBad-mem	OOFMOFM	O:ok O:ok F:ok(F=3,reclaimed=1) M:ok O:ok F:ok(F=6,reclaimed=17) M:ok	ok	same	-	[0, 0]	2	0	[0, 0]	76	1441792	0	1	t1@50182:released-and-isolated
F3-latent-eio-dev0	N1A-every-isoBad-mem	OOFMOFO	O:ok O:ok F:ok(F=3,reclaimed=1) M:ok O:ok F:ok(F=6,reclaimed=17) O:ok	ok	same	-	[0, 0]	2	0	[0, 0]	76	1507328	0	1	t1@50182:released-and-isolated
F3-latent-eio-dev0	N1A-every-isoBad-mem	OOFMMMM	O:ok O:ok F:ok(F=3,reclaimed=1) M:ok M:ok M:ok M:ok	ok	same	-	[0, 0]	2	0	[0, 0]	80	1441792	0	1	t1@50182:released-and-isolated
F3-latent-eio-dev0	N1A-every-isoBad-mem	OOFMOMO	O:ok O:ok F:ok(F=3,reclaimed=1) M:ok O:ok M:ok O:ok	ok	same	-	[0, 0]	2	0	[0, 0]	76	1507328	0	1	t1@50182:released-and-isolated
F3-latent-eio-dev0	N1A-every-isoBad-mem	OOFOFFF	O:ok O:ok F:ok(F=3,reclaimed=1) O:ok F:ok(F=6,reclaimed=17) F:noop F:noop	ok	same	-	[2, 0]	2	0	[0, 0]	52	1048576	0	1	t1@50182:released-and-isolated
F3-latent-eio-dev0	N1A-every-isoBad-mem	OOFMOOF	O:ok O:ok F:ok(F=3,reclaimed=1) M:ok O:ok O:ok F:ok(F=7,reclaimed=25)	ok	same	-	[0, 0]	2	0	[0, 0]	76	1507328	0	1	t1@50182:released-and-isolated
F3-latent-eio-dev0	N1A-every-isoBad-mem	OOFMOMM	O:ok O:ok F:ok(F=3,reclaimed=1) M:ok O:ok M:ok M:ok	ok	same	-	[0, 0]	2	0	[0, 0]	76	1441792	0	1	t1@50182:released-and-isolated
F3-latent-eio-dev0	N1A-every-isoBad-mem	OOFMOMF	O:ok O:ok F:ok(F=3,reclaimed=1) M:ok O:ok M:ok F:ok(F=6,reclaimed=17)	ok	same	-	[0, 0]	2	0	[0, 0]	76	1441792	0	1	t1@50182:released-and-isolated
F3-latent-eio-dev0	N1A-every-isoBad-mem	OOFOFFM	O:ok O:ok F:ok(F=3,reclaimed=1) O:ok F:ok(F=6,reclaimed=17) F:noop M:ok	ok	same	-	[0, 0]	2	0	[0, 0]	64	1245184	0	1	t1@50182:released-and-isolated
F3-latent-eio-dev0	N1A-every-isoBad-mem	OOFMOOO	O:ok O:ok F:ok(F=3,reclaimed=1) M:ok O:ok O:ok O:ok	ok	same	-	[0, 0]	2	0	[0, 0]	80	1638400	0	1	t1@50182:released-and-isolated
F3-latent-eio-dev0	N1A-every-isoBad-mem	OOFMOOM	O:ok O:ok F:ok(F=3,reclaimed=1) M:ok O:ok O:ok M:ok	ok	same	-	[0, 0]	2	0	[0, 0]	76	1507328	0	1	t1@50182:released-and-isolated
F3-latent-eio-dev0	N1A-every-isoBad-mem	OOFOFFO	O:ok O:ok F:ok(F=3,reclaimed=1) O:ok F:ok(F=6,reclaimed=17) F:noop O:ok	ok	same	-	[2, 0]	2	0	[0, 0]	64	1310720	0	1	t1@50182:released-and-isolated
F3-latent-eio-dev0	N1A-every-isoBad-mem	OOFOFOO	O:ok O:ok F:ok(F=3,reclaimed=1) O:ok F:ok(F=6,reclaimed=17) O:ok O:ok	ok	same	-	[2, 0]	2	0	[0, 0]	76	1572864	0	1	t1@50182:released-and-isolated
F3-latent-eio-dev0	N1A-every-isoBad-mem	OOFOFOF	O:ok O:ok F:ok(F=3,reclaimed=1) O:ok F:ok(F=6,reclaimed=17) O:ok F:ok(F=7,reclaimed=8)	ok	same	-	[2, 0]	2	0	[2, 0]	72	1441792	0	1	t1@50182:released-and-isolated
F3-latent-eio-dev0	N1A-every-isoBad-mem	OOFOFMM	O:ok O:ok F:ok(F=3,reclaimed=1) O:ok F:ok(F=6,reclaimed=17) M:ok M:ok	ok	same	-	[0, 0]	2	0	[0, 0]	76	1441792	0	1	t1@50182:released-and-isolated
F3-latent-eio-dev0	N1A-every-isoBad-mem	OOFOFOM	O:ok O:ok F:ok(F=3,reclaimed=1) O:ok F:ok(F=6,reclaimed=17) O:ok M:ok	ok	same	-	[0, 0]	2	0	[0, 0]	72	1441792	0	1	t1@50182:released-and-isolated
F3-latent-eio-dev0	N1A-every-isoBad-mem	OOFOFMF	O:ok O:ok F:ok(F=3,reclaimed=1) O:ok F:ok(F=6,reclaimed=17) M:ok F:noop	ok	same	-	[0, 0]	2	0	[0, 0]	64	1245184	0	1	t1@50182:released-and-isolated
F3-latent-eio-dev0	N1A-every-isoBad-mem	OOFOFMO	O:ok O:ok F:ok(F=3,reclaimed=1) O:ok F:ok(F=6,reclaimed=17) M:ok O:ok	ok	same	-	[0, 0]	2	0	[0, 0]	76	1507328	0	1	t1@50182:released-and-isolated
F3-latent-eio-dev0	N1A-every-isoBad-mem	OOFOMFF	O:ok O:ok F:ok(F=3,reclaimed=1) O:ok M:ok F:ok(F=6,reclaimed=17) F:noop	ok	same	-	[0, 0]	2	0	[0, 0]	64	1245184	0	1	t1@50182:released-and-isolated
F3-latent-eio-dev0	N1A-every-isoBad-mem	OOFOMFO	O:ok O:ok F:ok(F=3,reclaimed=1) O:ok M:ok F:ok(F=6,reclaimed=17) O:ok	ok	same	-	[0, 0]	2	0	[0, 0]	76	1507328	0	1	t1@50182:released-and-isolated
F3-latent-eio-dev0	N1A-every-isoBad-mem	OOFOMFM	O:ok O:ok F:ok(F=3,reclaimed=1) O:ok M:ok F:ok(F=6,reclaimed=17) M:ok	ok	same	-	[0, 0]	2	0	[0, 0]	76	1441792	0	1	t1@50182:released-and-isolated
F3-latent-eio-dev0	N1A-every-isoBad-mem	OOFOMOF	O:ok O:ok F:ok(F=3,reclaimed=1) O:ok M:ok O:ok F:ok(F=7,reclaimed=25)	ok	same	-	[0, 0]	2	0	[0, 0]	72	1441792	0	1	t1@50182:released-and-isolated
F3-latent-eio-dev0	N1A-every-isoBad-mem	OOFOMMO	O:ok O:ok F:ok(F=3,reclaimed=1) O:ok M:ok M:ok O:ok	ok	same	-	[0, 0]	2	0	[0, 0]	76	1507328	0	1	t1@50182:released-and-isolated
F3-latent-eio-dev0	N1A-every-isoBad-mem	OOFOMMF	O:ok O:ok F:ok(F=3,reclaimed=1) O:ok M:ok M:ok F:ok(F=6,reclaimed=17)	ok	same	-	[0, 0]	2	0	[0, 0]	76	1441792	0	1	t1@50182:released-and-isolated
F3-latent-eio-dev0	N1A-every-isoBad-mem	OOFOOFF	O:ok O:ok F:ok(F=3,reclaimed=1) O:ok O:ok F:ok(F=7,reclaimed=25) F:noop	ok	same	-	[2, 0]	2	0	[2, 0]	64	1310720	0	1	t1@50182:released-and-isolated
F3-latent-eio-dev0	N1A-every-isoBad-mem	OOFOMMM	O:ok O:ok F:ok(F=3,reclaimed=1) O:ok M:ok M:ok M:ok	ok	same	-	[0, 0]	2	0	[0, 0]	76	1441792	0	1	t1@50182:released-and-isolated
F3-latent-eio-dev0	N1A-every-isoBad-mem	OOFOMOM	O:ok O:ok F:ok(F=3,reclaimed=1) O:ok M:ok O:ok M:ok	ok	same	-	[0, 0]	2	0	[0, 0]	72	1441792	0	1	t1@50182:released-and-isolated
F3-latent-eio-dev0	N1A-every-isoBad-mem	OOFOOFO	O:ok O:ok F:ok(F=3,reclaimed=1) O:ok O:ok F:ok(F=7,reclaimed=25) O:ok	ok	same	-	[2, 0]	2	0	[2, 0]	76	1572864	0	1	t1@50182:released-and-isolated
F3-latent-eio-dev0	N1A-every-isoBad-mem	OOFOOFM	O:ok O:ok F:ok(F=3,reclaimed=1) O:ok O:ok F:ok(F=7,reclaimed=25) M:ok	ok	same	-	[0, 0]	2	0	[0, 0]	72	1441792	0	1	t1@50182:released-and-isolated
F3-latent-eio-dev0	N1A-every-isoBad-mem	OOFOMOO	O:ok O:ok F:ok(F=3,reclaimed=1) O:ok M:ok O:ok O:ok	ok	same	-	[0, 0]	2	0	[0, 0]	76	1572864	0	1	t1@50182:released-and-isolated
F3-latent-eio-dev0	N1A-every-isoBad-mem	OOFOOMO	O:ok O:ok F:ok(F=3,reclaimed=1) O:ok O:ok M:ok O:ok	ok	same	-	[0, 0]	2	0	[0, 0]	76	1572864	0	1	t1@50182:released-and-isolated
F3-latent-eio-dev0	N1A-every-isoBad-mem	OOFOOOO	O:ok O:ok F:ok(F=3,reclaimed=1) O:ok O:ok O:ok O:ok	ok	same	-	[2, 0]	2	0	[0, 0]	80	1703936	0	1	t1@50182:released-and-isolated
F3-latent-eio-dev0	N1A-every-isoBad-mem	OOFOOOF	O:ok O:ok F:ok(F=3,reclaimed=1) O:ok O:ok O:ok F:ok(F=8,reclaimed=33)	ok	same	-	[2, 0]	2	0	[2, 0]	80	1638400	0	1	t1@50182:released-and-isolated
F3-latent-eio-dev0	N1A-every-isoBad-mem	OOFOOMF	O:ok O:ok F:ok(F=3,reclaimed=1) O:ok O:ok M:ok F:ok(F=7,reclaimed=25)	ok	same	-	[0, 0]	2	0	[0, 0]	72	1441792	0	1	t1@50182:released-and-isolated
F3-latent-eio-dev0	N1A-every-isoBad-mem	OOFOOMM	O:ok O:ok F:ok(F=3,reclaimed=1) O:ok O:ok M:ok M:ok	ok	same	-	[0, 0]	2	0	[0, 0]	72	1441792	0	1	t1@50182:released-and-isolated
F3-latent-eio-dev0	N1A-every-isoBad-mem	OOFOOOM	O:ok O:ok F:ok(F=3,reclaimed=1) O:ok O:ok O:ok M:ok	ok	same	-	[0, 0]	2	0	[0, 0]	80	1638400	0	1	t1@50182:released-and-isolated
F3-latent-eio-dev0	N1A-every-isoBad-mem	OOMFFFO	O:ok O:ok M:ok F:ok(F=3,reclaimed=1) F:noop F:noop O:ok	ok	same	-	[0, 0]	2	0	[0, 0]	56	1114112	0	1	t1@50182:released-and-isolated
F3-latent-eio-dev0	N1A-every-isoBad-mem	OOMFFFF	O:ok O:ok M:ok F:ok(F=3,reclaimed=1) F:noop F:noop F:noop	ok	same	-	[0, 0]	2	0	[0, 0]	44	851968	0	1	t1@50182:released-and-isolated
F3-latent-eio-dev0	N1A-every-isoBad-mem	OOMFFFM	O:ok O:ok M:ok F:ok(F=3,reclaimed=1) F:noop F:noop M:ok	ok	same	-	[0, 0]	2	0	[0, 0]	56	1048576	0	1	t1@50182:released-and-isolated
F3-latent-eio-dev0	N1A-every-isoBad-mem	OOMFFMF	O:ok O:ok M:ok F:ok(F=3,reclaimed=1) F:noop M:ok F:noop	ok	same	-	[0, 0]	2	0	[0, 0]	56	1048576	0	1	t1@50182:released-and-isolated
F3-latent-eio-dev0	N1A-every-isoBad-mem	OOMFFMO	O:ok O:ok M:ok F:ok(F=3,reclaimed=1) F:noop M:ok O:ok	ok	same	-	[0, 0]	2	0	[0, 0]	68	1310720	0	1	t1@50182:released-and-isolated
F3-latent-eio-dev0	N1A-every-isoBad-mem	OOMFFOO	O:ok O:ok M:ok F:ok(F=3,reclaimed=1) F:noop O:ok O:ok	ok	same	-	[0, 0]	2	0	[0, 0]	68	1376256	0	1	t1@50182:released-and-isolated
F3-latent-eio-dev0	N1A-every-isoBad-mem	OOMFFMM	O:ok O:ok M:ok F:ok(F=3,reclaimed=1) F:noop M:ok M:ok	ok	same	-	[0, 0]	2	0	[0, 0]	68	1245184	0	1	t1@50182:released-and-isolated
F3-latent-eio-dev0	N1A-every-isoBad-mem	OOMFFOF	O:ok O:ok M:ok F:ok(F=3,reclaimed=1) F:noop O:ok F:ok(F=6,reclaimed=17)	ok	same	-	[0, 0]	2	0	[0, 0]	64	1245184	0	1	t1@50182:released-and-isolated
F3-latent-eio-dev0	N1A-every-isoBad-mem	OOMFMFF	O:ok O:ok M:ok F:ok(F=3,reclaimed=1) M:ok F:noop F:noop	ok	same	-	[0, 0]	2	0	[0, 0]	56	1048576	0	1	t1@50182:released-and-isolated
F3-latent-eio-dev0	N1A-every-isoBad-mem	OOMFFOM	O:ok O:ok M:ok F:ok(F=3,reclaimed=1) F:noop O:ok M:ok	ok	same	-	[0, 0]	2	0	[0, 0]	64	1245184	0	1	t1@50182:released-and-isolated
F3-latent-eio-dev0	N1A-every-isoBad-mem	OOMFMFO	O:ok O:ok M:ok F:ok(F=3,reclaimed=1) M:ok F:noop O:ok	ok	same	-	[0, 0]	2	0	[0, 0]	68	1310720	0	1	t1@50182:released-and-isolated
F3-latent-eio-dev0	N1A-every-isoBad-mem	OOMFMFM	O:ok O:ok M:ok F:ok(F=3,reclaimed=1) M:ok F:noop M:ok	ok	same	-	[0, 0]	2	0	[0, 0]	68	1245184	0	1	t1@50182:released-and-isolated
F3-latent-eio-dev0	N1A-every-isoBad-mem	OOMFMMM	O:ok O:ok M:ok F:ok(F=3,reclaimed=1) M:ok M:ok M:ok	ok	same	-	[0, 0]	2	0	[0, 0]	80	1441792	0	1	t1@50182:released-and-isolated
F3-latent-eio-dev0	N1A-every-isoBad-mem	OOMFMMF	O:ok O:ok M:ok F:ok(F=3,reclaimed=1) M:ok M:ok F:noop	ok	same	-	[0, 0]	2	0	[0, 0]	68	1245184	0	1	t1@50182:released-and-isolated
F3-latent-eio-dev0	N1A-every-isoBad-mem	OOMFMOO	O:ok O:ok M:ok F:ok(F=3,reclaimed=1) M:ok O:ok O:ok	ok	same	-	[0, 0]	2	0	[0, 0]	80	1572864	0	1	t1@50182:released-and-isolated
F3-latent-eio-dev0	N1A-every-isoBad-mem	OOMFMOF	O:ok O:ok M:ok F:ok(F=3,reclaimed=1) M:ok O:ok F:ok(F=6,reclaimed=17)	ok	same	-	[0, 0]	2	0	[0, 0]	76	1441792	0	1	t1@50182:released-and-isolated
F3-latent-eio-dev0	N1A-every-isoBad-mem	OOMFMMO	O:ok O:ok M:ok F:ok(F=3,reclaimed=1) M:ok M:ok O:ok	ok	same	-	[0, 0]	2	0	[0, 0]	80	1507328	0	1	t1@50182:released-and-isolated
F3-latent-eio-dev0	N1A-every-isoBad-mem	OOMFOFO	O:ok O:ok M:ok F:ok(F=3,reclaimed=1) O:ok F:ok(F=6,reclaimed=17) O:ok	ok	same	-	[0, 0]	2	0	[0, 0]	76	1507328	0	1	t1@50182:released-and-isolated
F3-latent-eio-dev0	N1A-every-isoBad-mem	OOMFMOM	O:ok O:ok M:ok F:ok(F=3,reclaimed=1) M:ok O:ok M:ok	ok	same	-	[0, 0]	2	0	[0, 0]	76	1441792	0	1	t1@50182:released-and-isolated
F3-latent-eio-dev0	N1A-every-isoBad-mem	OOMFOFF	O:ok O:ok M:ok F:ok(F=3,reclaimed=1) O:ok F:ok(F=6,reclaimed=17) F:noop	ok	same	-	[0, 0]	2	0	[0, 0]	64	1245184	0	1	t1@50182:released-and-isolated
F3-latent-eio-dev0	N1A-every-isoBad-mem	OOMFOMF	O:ok O:ok M:ok F:ok(F=3,reclaimed=1) O:ok M:ok F:ok(F=6,reclaimed=17)	ok	same	-	[0, 0]	2	0	[0, 0]	76	1441792	0	1	t1@50182:released-and-isolated
F3-latent-eio-dev0	N1A-every-isoBad-mem	OOMFOFM	O:ok O:ok M:ok F:ok(F=3,reclaimed=1) O:ok F:ok(F=6,reclaimed=17) M:ok	ok	same	-	[0, 0]	2	0	[0, 0]	76	1441792	0	1	t1@50182:released-and-isolated
F3-latent-eio-dev0	N1A-every-isoBad-mem	OOMFOOF	O:ok O:ok M:ok F:ok(F=3,reclaimed=1) O:ok O:ok F:ok(F=7,reclaimed=25)	ok	same	-	[0, 0]	2	0	[0, 0]	76	1507328	0	1	t1@50182:released-and-isolated
F3-latent-eio-dev0	N1A-every-isoBad-mem	OOMFOMO	O:ok O:ok M:ok F:ok(F=3,reclaimed=1) O:ok M:ok O:ok	ok	same	-	[0, 0]	2	0	[0, 0]	76	1507328	0	1	t1@50182:released-and-isolated
F3-latent-eio-dev0	N1A-every-isoBad-mem	OOMFOMM	O:ok O:ok M:ok F:ok(F=3,reclaimed=1) O:ok M:ok M:ok	ok	same	-	[0, 0]	2	0	[0, 0]	76	1441792	0	1	t1@50182:released-and-isolated
F3-latent-eio-dev0	N1A-every-isoBad-mem	OOMFOOM	O:ok O:ok M:ok F:ok(F=3,reclaimed=1) O:ok O:ok M:ok	ok	same	-	[0, 0]	2	0	[0, 0]	76	1507328	0	1	t1@50182:released-and-isolated
F3-latent-eio-dev0	N1A-every-isoBad-mem	OOMFOOO	O:ok O:ok M:ok F:ok(F=3,reclaimed=1) O:ok O:ok O:ok	ok	same	-	[0, 0]	2	0	[0, 0]	80	1638400	0	1	t1@50182:released-and-isolated
F3-latent-eio-dev0	N1A-every-isoBad-mem	OOMMFFF	O:ok O:ok M:ok M:ok F:ok(F=3,reclaimed=1) F:noop F:noop	ok	same	-	[0, 0]	2	0	[0, 0]	56	1048576	0	1	t1@50182:released-and-isolated
F3-latent-eio-dev0	N1A-every-isoBad-mem	OOMMFMF	O:ok O:ok M:ok M:ok F:ok(F=3,reclaimed=1) M:ok F:noop	ok	same	-	[0, 0]	2	0	[0, 0]	68	1245184	0	1	t1@50182:released-and-isolated
F3-latent-eio-dev0	N1A-every-isoBad-mem	OOMMFOF	O:ok O:ok M:ok M:ok F:ok(F=3,reclaimed=1) O:ok F:ok(F=6,reclaimed=17)	ok	same	-	[0, 0]	2	0	[0, 0]	76	1441792	0	1	t1@50182:released-and-isolated
F3-latent-eio-dev0	N1A-every-isoBad-mem	OOMMFMM	O:ok O:ok M:ok M:ok F:ok(F=3,reclaimed=1) M:ok M:ok	ok	same	-	[0, 0]	2	0	[0, 0]	80	1441792	0	1	t1@50182:released-and-isolated
F3-latent-eio-dev0	N1A-every-isoBad-mem	OOMMFFM	O:ok O:ok M:ok M:ok F:ok(F=3,reclaimed=1) F:noop M:ok	ok	same	-	[0, 0]	2	0	[0, 0]	68	1245184	0	1	t1@50182:released-and-isolated
F3-latent-eio-dev0	N1A-every-isoBad-mem	OOMMFFO	O:ok O:ok M:ok M:ok F:ok(F=3,reclaimed=1) F:noop O:ok	ok	same	-	[0, 0]	2	0	[0, 0]	68	1310720	0	1	t1@50182:released-and-isolated
F3-latent-eio-dev0	N1A-every-isoBad-mem	OOMMFOM	O:ok O:ok M:ok M:ok F:ok(F=3,reclaimed=1) O:ok M:ok	ok	same	-	[0, 0]	2	0	[0, 0]	76	1441792	0	1	t1@50182:released-and-isolated
F3-latent-eio-dev0	N1A-every-isoBad-mem	OOMMFMO	O:ok O:ok M:ok M:ok F:ok(F=3,reclaimed=1) M:ok O:ok	ok	same	-	[0, 0]	2	0	[0, 0]	80	1507328	0	1	t1@50182:released-and-isolated
F3-latent-eio-dev0	N1A-every-isoBad-mem	OOMMFOO	O:ok O:ok M:ok M:ok F:ok(F=3,reclaimed=1) O:ok O:ok	ok	same	-	[0, 0]	2	0	[0, 0]	80	1572864	0	1	t1@50182:released-and-isolated
F3-latent-eio-dev0	N1A-every-isoBad-mem	OOMMMFF	O:ok O:ok M:ok M:ok M:ok F:ok(F=3,reclaimed=1) F:noop	ok	same	-	[0, 0]	2	0	[0, 0]	68	1245184	0	1	t1@50182:released-and-isolated
F3-latent-eio-dev0	N1A-every-isoBad-mem	OOMMMFO	O:ok O:ok M:ok M:ok M:ok F:ok(F=3,reclaimed=1) O:ok	ok	same	-	[0, 0]	2	0	[0, 0]	80	1507328	0	1	t1@50182:released-and-isolated
F3-latent-eio-dev0	N1A-every-isoBad-mem	OOMMMFM	O:ok O:ok M:ok M:ok M:ok F:ok(F=3,reclaimed=1) M:ok	ok	same	-	[0, 0]	2	0	[0, 0]	80	1441792	0	1	t1@50182:released-and-isolated
F3-latent-eio-dev0	N1A-every-isoBad-mem	OOMMMMF	O:ok O:ok M:ok M:ok M:ok M:ok F:ok(F=3,reclaimed=1)	ok	same	-	[0, 0]	2	0	[0, 0]	80	1441792	0	1	t1@50182:released-and-isolated
F3-latent-eio-dev0	N1A-every-isoBad-mem	OOMMMMM	O:ok O:ok M:ok M:ok M:ok M:ok M:ok	ok	same	-	[0, 0]	2	0	[0, 0]	80	1441792	0	1	t1@50182:released-and-isolated
F3-latent-eio-dev0	N1A-every-isoBad-mem	OOMMMMO	O:ok O:ok M:ok M:ok M:ok M:ok O:ok	ok	same	-	[0, 0]	2	0	[0, 0]	80	1507328	0	1	t1@50182:released-and-isolated
F3-latent-eio-dev0	N1A-every-isoBad-mem	OOMMMOM	O:ok O:ok M:ok M:ok M:ok O:ok M:ok	ok	same	-	[0, 0]	2	0	[0, 0]	76	1441792	0	1	t1@50182:released-and-isolated
F3-latent-eio-dev0	N1A-every-isoBad-mem	OOMMMOF	O:ok O:ok M:ok M:ok M:ok O:ok F:ok(F=6,reclaimed=18)	ok	same	-	[0, 0]	2	0	[0, 0]	76	1441792	0	1	t1@50182:released-and-isolated
F3-latent-eio-dev0	N1A-every-isoBad-mem	OOMMOFF	O:ok O:ok M:ok M:ok O:ok F:ok(F=6,reclaimed=18) F:noop	ok	same	-	[0, 0]	2	0	[0, 0]	64	1245184	0	1	t1@50182:released-and-isolated
F3-latent-eio-dev0	N1A-every-isoBad-mem	OOMMMOO	O:ok O:ok M:ok M:ok M:ok O:ok O:ok	ok	same	-	[0, 0]	2	0	[0, 0]	80	1572864	0	1	t1@50182:released-and-isolated
F3-latent-eio-dev0	N1A-every-isoBad-mem	OOMMOOF	O:ok O:ok M:ok M:ok O:ok O:ok F:ok(F=7,reclaimed=26)	ok	same	-	[0, 0]	2	0	[0, 0]	76	1507328	0	1	t1@50182:released-and-isolated
F3-latent-eio-dev0	N1A-every-isoBad-mem	OOMMOFO	O:ok O:ok M:ok M:ok O:ok F:ok(F=6,reclaimed=18) O:ok	ok	same	-	[0, 0]	2	0	[0, 0]	76	1507328	0	1	t1@50182:released-and-isolated
F3-latent-eio-dev0	N1A-every-isoBad-mem	OOMMOFM	O:ok O:ok M:ok M:ok O:ok F:ok(F=6,reclaimed=18) M:ok	ok	same	-	[0, 0]	2	0	[0, 0]	76	1441792	0	1	t1@50182:released-and-isolated
F3-latent-eio-dev0	N1A-every-isoBad-mem	OOMMOMF	O:ok O:ok M:ok M:ok O:ok M:ok F:ok(F=6,reclaimed=18)	ok	same	-	[0, 0]	2	0	[0, 0]	76	1441792	0	1	t1@50182:released-and-isolated
F3-latent-eio-dev0	N1A-every-isoBad-mem	OOMMOMO	O:ok O:ok M:ok M:ok O:ok M:ok O:ok	ok	same	-	[0, 0]	2	0	[0, 0]	76	1507328	0	1	t1@50182:released-and-isolated
F3-latent-eio-dev0	N1A-every-isoBad-mem	OOMMOMM	O:ok O:ok M:ok M:ok O:ok M:ok M:ok	ok	same	-	[0, 0]	2	0	[0, 0]	76	1441792	0	1	t1@50182:released-and-isolated
F3-latent-eio-dev0	N1A-every-isoBad-mem	OOMOFFO	O:ok O:ok M:ok O:ok F:ok(F=6,reclaimed=18) F:noop O:ok	ok	same	-	[0, 0]	2	0	[0, 0]	64	1310720	0	1	t1@50182:released-and-isolated
F3-latent-eio-dev0	N1A-every-isoBad-mem	OOMOFFF	O:ok O:ok M:ok O:ok F:ok(F=6,reclaimed=18) F:noop F:noop	ok	same	-	[0, 0]	2	0	[0, 0]	52	1048576	0	1	t1@50182:released-and-isolated
F3-latent-eio-dev0	N1A-every-isoBad-mem	OOMMOOO	O:ok O:ok M:ok M:ok O:ok O:ok O:ok	ok	same	-	[0, 0]	2	0	[0, 0]	80	1638400	0	1	t1@50182:released-and-isolated
F3-latent-eio-dev0	N1A-every-isoBad-mem	OOMMOOM	O:ok O:ok M:ok M:ok O:ok O:ok M:ok	ok	same	-	[0, 0]	2	0	[0, 0]	76	1507328	0	1	t1@50182:released-and-isolated
F3-latent-eio-dev0	N1A-every-isoBad-mem	OOMOFFM	O:ok O:ok M:ok O:ok F:ok(F=6,reclaimed=18) F:noop M:ok	ok	same	-	[0, 0]	2	0	[0, 0]	64	1245184	0	1	t1@50182:released-and-isolated
F3-latent-eio-dev0	N1A-every-isoBad-mem	OOMOFMO	O:ok O:ok M:ok O:ok F:ok(F=6,reclaimed=18) M:ok O:ok	ok	same	-	[0, 0]	2	0	[0, 0]	76	1507328	0	1	t1@50182:released-and-isolated
F3-latent-eio-dev0	N1A-every-isoBad-mem	OOMOFMF	O:ok O:ok M:ok O:ok F:ok(F=6,reclaimed=18) M:ok F:noop	ok	same	-	[0, 0]	2	0	[0, 0]	64	1245184	0	1	t1@50182:released-and-isolated
F3-latent-eio-dev0	N1A-every-isoBad-mem	OOMOFMM	O:ok O:ok M:ok O:ok F:ok(F=6,reclaimed=18) M:ok M:ok	ok	same	-	[0, 0]	2	0	[0, 0]	76	1441792	0	1	t1@50182:released-and-isolated
F3-latent-eio-dev0	N1A-every-isoBad-mem	OOMOFOF	O:ok O:ok M:ok O:ok F:ok(F=6,reclaimed=18) O:ok F:ok(F=7,reclaimed=8)	ok	same	-	[0, 0]	2	0	[0, 0]	72	1441792	0	1	t1@50182:released-and-isolated
F3-latent-eio-dev0	N1A-every-isoBad-mem	OOMOFOO	O:ok O:ok M:ok O:ok F:ok(F=6,reclaimed=18) O:ok O:ok	ok	same	-	[0, 0]	2	0	[0, 0]	76	1572864	0	1	t1@50182:released-and-isolated
F3-latent-eio-dev0	N1A-every-isoBad-mem	OOMOMFF	O:ok O:ok M:ok O:ok M:ok F:ok(F=6,reclaimed=18) F:noop	ok	same	-	[0, 0]	2	0	[0, 0]	64	1245184	0	1	t1@50182:released-and-isolated
F3-latent-eio-dev0	N1A-every-isoBad-mem	OOMOFOM	O:ok O:ok M:ok O:ok F:ok(F=6,reclaimed=18) O:ok M:ok	ok	same	-	[0, 0]	2	0	[0, 0]	72	1441792	0	1	t1@50182:released-and-isolated
F3-latent-eio-dev0	N1A-every-isoBad-mem	OOMOMFM	O:ok O:ok M:ok O:ok M:ok F:ok(F=6,reclaimed=18) M:ok	ok	same	-	[0, 0]	2	0	[0, 0]	76	1441792	0	1	t1@50182:released-and-isolated
F3-latent-eio-dev0	N1A-every-isoBad-mem	OOMOMFO	O:ok O:ok M:ok O:ok M:ok F:ok(F=6,reclaimed=18) O:ok	ok	same	-	[0, 0]	2	0	[0, 0]	76	1507328	0	1	t1@50182:released-and-isolated
F3-latent-eio-dev0	N1A-every-isoBad-mem	OOMOMMF	O:ok O:ok M:ok O:ok M:ok M:ok F:ok(F=6,reclaimed=18)	ok	same	-	[0, 0]	2	0	[0, 0]	76	1441792	0	1	t1@50182:released-and-isolated
F3-latent-eio-dev0	N1A-every-isoBad-mem	OOMOMMM	O:ok O:ok M:ok O:ok M:ok M:ok M:ok	ok	same	-	[0, 0]	2	0	[0, 0]	76	1441792	0	1	t1@50182:released-and-isolated
F3-latent-eio-dev0	N1A-every-isoBad-mem	OOMOOFF	O:ok O:ok M:ok O:ok O:ok F:ok(F=7,reclaimed=26) F:noop	ok	same	-	[0, 0]	2	0	[0, 0]	64	1310720	0	1	t1@50182:released-and-isolated
F3-latent-eio-dev0	N1A-every-isoBad-mem	OOMOMOF	O:ok O:ok M:ok O:ok M:ok O:ok F:ok(F=7,reclaimed=26)	ok	same	-	[0, 0]	2	0	[0, 0]	72	1441792	0	1	t1@50182:released-and-isolated
F3-latent-eio-dev0	N1A-every-isoBad-mem	OOMOMOO	O:ok O:ok M:ok O:ok M:ok O:ok O:ok	ok	same	-	[0, 0]	2	0	[0, 0]	76	1572864	0	1	t1@50182:released-and-isolated
F3-latent-eio-dev0	N1A-every-isoBad-mem	OOMOMMO	O:ok O:ok M:ok O:ok M:ok M:ok O:ok	ok	same	-	[0, 0]	2	0	[0, 0]	76	1507328	0	1	t1@50182:released-and-isolated
F3-latent-eio-dev0	N1A-every-isoBad-mem	OOMOOFM	O:ok O:ok M:ok O:ok O:ok F:ok(F=7,reclaimed=26) M:ok	ok	same	-	[0, 0]	2	0	[0, 0]	72	1441792	0	1	t1@50182:released-and-isolated
F3-latent-eio-dev0	N1A-every-isoBad-mem	OOMOMOM	O:ok O:ok M:ok O:ok M:ok O:ok M:ok	ok	same	-	[0, 0]	2	0	[0, 0]	72	1441792	0	1	t1@50182:released-and-isolated
F3-latent-eio-dev0	N1A-every-isoBad-mem	OOMOOFO	O:ok O:ok M:ok O:ok O:ok F:ok(F=7,reclaimed=26) O:ok	ok	same	-	[0, 0]	2	0	[0, 0]	76	1572864	0	1	t1@50182:released-and-isolated
F3-latent-eio-dev0	N1A-every-isoBad-mem	OOMOOMF	O:ok O:ok M:ok O:ok O:ok M:ok F:ok(F=7,reclaimed=26)	ok	same	-	[0, 0]	2	0	[0, 0]	72	1441792	0	1	t1@50182:released-and-isolated
F3-latent-eio-dev0	N1A-every-isoBad-mem	OOMOOOF	O:ok O:ok M:ok O:ok O:ok O:ok F:ok(F=8,reclaimed=34)	ok	same	-	[0, 0]	2	0	[0, 0]	80	1638400	0	1	t1@50182:released-and-isolated
F3-latent-eio-dev0	N1A-every-isoBad-mem	OOOFFFF	O:ok O:ok O:ok F:ok(F=6,reclaimed=18) F:noop F:noop F:noop	ok	same	-	[2, 0]	2	0	[0, 0]	44	917504	0	1	t1@50182:released-and-isolated
F3-latent-eio-dev0	N1A-every-isoBad-mem	OOOFFFM	O:ok O:ok O:ok F:ok(F=6,reclaimed=18) F:noop F:noop M:ok	ok	same	-	[0, 0]	2	0	[0, 0]	52	1048576	0	1	t1@50182:released-and-isolated
F3-latent-eio-dev0	N1A-every-isoBad-mem	OOMOOOO	O:ok O:ok M:ok O:ok O:ok O:ok O:ok	ok	same	-	[0, 0]	2	0	[0, 0]	80	1703936	0	1	t1@50182:released-and-isolated
F3-latent-eio-dev0	N1A-every-isoBad-mem	OOMOOMM	O:ok O:ok M:ok O:ok O:ok M:ok M:ok	ok	same	-	[0, 0]	2	0	[0, 0]	72	1441792	0	1	t1@50182:released-and-isolated
F3-latent-eio-dev0	N1A-every-isoBad-mem	OOMOOMO	O:ok O:ok M:ok O:ok O:ok M:ok O:ok	ok	same	-	[0, 0]	2	0	[0, 0]	76	1572864	0	1	t1@50182:released-and-isolated
F3-latent-eio-dev0	N1A-every-isoBad-mem	OOMOOOM	O:ok O:ok M:ok O:ok O:ok O:ok M:ok	ok	same	-	[0, 0]	2	0	[0, 0]	80	1638400	0	1	t1@50182:released-and-isolated
F3-latent-eio-dev0	N1A-every-isoBad-mem	OOOFFMF	O:ok O:ok O:ok F:ok(F=6,reclaimed=18) F:noop M:ok F:noop	ok	same	-	[0, 0]	2	0	[0, 0]	52	1048576	0	1	t1@50182:released-and-isolated
F3-latent-eio-dev0	N1A-every-isoBad-mem	OOOFFFO	O:ok O:ok O:ok F:ok(F=6,reclaimed=18) F:noop F:noop O:ok	ok	same	-	[2, 0]	2	0	[0, 0]	56	1179648	0	1	t1@50182:released-and-isolated
F3-latent-eio-dev0	N1A-every-isoBad-mem	OOOFFMM	O:ok O:ok O:ok F:ok(F=6,reclaimed=18) F:noop M:ok M:ok	ok	same	-	[0, 0]	2	0	[0, 0]	64	1245184	0	1	t1@50182:released-and-isolated
F3-latent-eio-dev0	N1A-every-isoBad-mem	OOOFFOF	O:ok O:ok O:ok F:ok(F=6,reclaimed=18) F:noop O:ok F:ok(F=7,reclaimed=8)	ok	same	-	[2, 0]	2	0	[2, 0]	64	1310720	0	1	t1@50182:released-and-isolated
F3-latent-eio-dev0	N1A-every-isoBad-mem	OOOFFMO	O:ok O:ok O:ok F:ok(F=6,reclaimed=18) F:noop M:ok O:ok	ok	same	-	[0, 0]	2	0	[0, 0]	64	1310720	0	1	t1@50182:released-and-isolated
F3-latent-eio-dev0	N1A-every-isoBad-mem	OOOFFOO	O:ok O:ok O:ok F:ok(F=6,reclaimed=18) F:noop O:ok O:ok	ok	same	-	[2, 0]	2	0	[0, 0]	68	1441792	0	1	t1@50182:released-and-isolated
F3-latent-eio-dev0	N1A-every-isoBad-mem	OOOFMFM	O:ok O:ok O:ok F:ok(F=6,reclaimed=18) M:ok F:noop M:ok	ok	same	-	[0, 0]	2	0	[0, 0]	64	1245184	0	1	t1@50182:released-and-isolated
F3-latent-eio-dev0	N1A-every-isoBad-mem	OOOFFOM	O:ok O:ok O:ok F:ok(F=6,reclaimed=18) F:noop O:ok M:ok	ok	same	-	[0, 0]	2	0	[0, 0]	64	1310720	0	1	t1@50182:released-and-isolated
F3-latent-eio-dev0	N1A-every-isoBad-mem	OOOFMFO	O:ok O:ok O:ok F:ok(F=6,reclaimed=18) M:ok F:noop O:ok	ok	same	-	[0, 0]	2	0	[0, 0]	64	1310720	0	1	t1@50182:released-and-isolated
F3-latent-eio-dev0	N1A-every-isoBad-mem	OOOFMFF	O:ok O:ok O:ok F:ok(F=6,reclaimed=18) M:ok F:noop F:noop	ok	same	-	[0, 0]	2	0	[0, 0]	52	1048576	0	1	t1@50182:released-and-isolated
F3-latent-eio-dev0	N1A-every-isoBad-mem	OOOFOFF	O:ok O:ok O:ok F:ok(F=6,reclaimed=18) O:ok F:ok(F=7,reclaimed=8) F:noop	ok	same	-	[2, 0]	2	0	[2, 0]	64	1310720	0	1	t1@50182:released-and-isolated
F3-latent-eio-dev0	N1A-every-isoBad-mem	OOOFMOM	O:ok O:ok O:ok F:ok(F=6,reclaimed=18) M:ok O:ok M:ok	ok	same	-	[0, 0]	2	0	[0, 0]	72	1441792	0	1	t1@50182:released-and-isolated
F3-latent-eio-dev0	N1A-every-isoBad-mem	OOOFMMO	O:ok O:ok O:ok F:ok(F=6,reclaimed=18) M:ok M:ok O:ok	ok	same	-	[0, 0]	2	0	[0, 0]	76	1507328	0	1	t1@50182:released-and-isolated
F3-latent-eio-dev0	N1A-every-isoBad-mem	OOOFOFM	O:ok O:ok O:ok F:ok(F=6,reclaimed=18) O:ok F:ok(F=7,reclaimed=8) M:ok	ok	same	-	[0, 0]	2	0	[0, 0]	72	1441792	0	1	t1@50182:released-and-isolated
F3-latent-eio-dev0	N1A-every-isoBad-mem	OOOFMOO	O:ok O:ok O:ok F:ok(F=6,reclaimed=18) M:ok O:ok O:ok	ok	same	-	[0, 0]	2	0	[0, 0]	76	1572864	0	1	t1@50182:released-and-isolated
F3-latent-eio-dev0	N1A-every-isoBad-mem	OOOFMOF	O:ok O:ok O:ok F:ok(F=6,reclaimed=18) M:ok O:ok F:ok(F=7,reclaimed=8)	ok	same	-	[0, 0]	2	0	[0, 0]	72	1441792	0	1	t1@50182:released-and-isolated
F3-latent-eio-dev0	N1A-every-isoBad-mem	OOOFMMF	O:ok O:ok O:ok F:ok(F=6,reclaimed=18) M:ok M:ok F:noop	ok	same	-	[0, 0]	2	0	[0, 0]	64	1245184	0	1	t1@50182:released-and-isolated
F3-latent-eio-dev0	N1A-every-isoBad-mem	OOOFMMM	O:ok O:ok O:ok F:ok(F=6,reclaimed=18) M:ok M:ok M:ok	ok	same	-	[0, 0]	2	0	[0, 0]	76	1441792	0	1	t1@50182:released-and-isolated
F3-latent-eio-dev0	N1A-every-isoBad-mem	OOOFOFO	O:ok O:ok O:ok F:ok(F=6,reclaimed=18) O:ok F:ok(F=7,reclaimed=8) O:ok	ok	same	-	[2, 0]	2	0	[2, 0]	76	1572864	0	1	t1@50182:released-and-isolated
F3-latent-eio-dev0	N1A-every-isoBad-mem	OOOFOOF	O:ok O:ok O:ok F:ok(F=6,reclaimed=18) O:ok O:ok F:ok(F=8,reclaimed=16)	ok	same	-	[2, 0]	2	0	[2, 0]	80	1638400	0	1	t1@50182:released-and-isolated
F3-latent-eio-dev0	N1A-every-isoBad-mem	OOOFOMO	O:ok O:ok O:ok F:ok(F=6,reclaimed=18) O:ok M:ok O:ok	ok	same	-	[0, 0]	2	0	[0, 0]	76	1572864	0	1	t1@50182:released-and-isolated
F3-latent-eio-dev0	N1A-every-isoBad-mem	OOOFOMM	O:ok O:ok O:ok F:ok(F=6,reclaimed=18) O:ok M:ok M:ok	ok	same	-	[0, 0]	2	0	[0, 0]	72	1441792	0	1	t1@50182:released-and-isolated
F3-latent-eio-dev0	N1A-every-isoBad-mem	OOOFOOO	O:ok O:ok O:ok F:ok(F=6,reclaimed=18) O:ok O:ok O:ok	ok	same	-	[2, 0]	2	0	[0, 0]	80	1703936	0	1	t1@50182:released-and-isolated
F3-latent-eio-dev0	N1A-every-isoBad-mem	OOOFOMF	O:ok O:ok O:ok F:ok(F=6,reclaimed=18) O:ok M:ok F:ok(F=7,reclaimed=8)	ok	same	-	[0, 0]	2	0	[0, 0]	72	1441792	0	1	t1@50182:released-and-isolated
F3-latent-eio-dev0	N1A-every-isoBad-mem	OOOFOOM	O:ok O:ok O:ok F:ok(F=6,reclaimed=18) O:ok O:ok M:ok	ok	same	-	[0, 0]	2	0	[0, 0]	80	1638400	0	1	t1@50182:released-and-isolated
F3-latent-eio-dev0	N1A-every-isoBad-mem	OOOMFFO	O:ok O:ok O:ok M:ok F:ok(F=6,reclaimed=18) F:noop O:ok	ok	same	-	[0, 0]	2	0	[0, 0]	64	1310720	0	1	t1@50182:released-and-isolated
F3-latent-eio-dev0	N1A-every-isoBad-mem	OOOMFFM	O:ok O:ok O:ok M:ok F:ok(F=6,reclaimed=18) F:noop M:ok	ok	same	-	[0, 0]	2	0	[0, 0]	64	1245184	0	1	t1@50182:released-and-isolated
F3-latent-eio-dev0	N1A-every-isoBad-mem	OOOMFFF	O:ok O:ok O:ok M:ok F:ok(F=6,reclaimed=18) F:noop F:noop	ok	same	-	[0, 0]	2	0	[0, 0]	52	1048576	0	1	t1@50182:released-and-isolated
F3-latent-eio-dev0	N1A-every-isoBad-mem	OOOMFMF	O:ok O:ok O:ok M:ok F:ok(F=6,reclaimed=18) M:ok F:noop	ok	same	-	[0, 0]	2	0	[0, 0]	64	1245184	0	1	t1@50182:released-and-isolated
F3-latent-eio-dev0	N1A-every-isoBad-mem	OOOMFOF	O:ok O:ok O:ok M:ok F:ok(F=6,reclaimed=18) O:ok F:ok(F=7,reclaimed=8)	ok	same	-	[0, 0]	2	0	[0, 0]	72	1441792	0	1	t1@50182:released-and-isolated
F3-latent-eio-dev0	N1A-every-isoBad-mem	OOOMFMM	O:ok O:ok O:ok M:ok F:ok(F=6,reclaimed=18) M:ok M:ok	ok	same	-	[0, 0]	2	0	[0, 0]	76	1441792	0	1	t1@50182:released-and-isolated
F3-latent-eio-dev0	N1A-every-isoBad-mem	OOOMFMO	O:ok O:ok O:ok M:ok F:ok(F=6,reclaimed=18) M:ok O:ok	ok	same	-	[0, 0]	2	0	[0, 0]	76	1507328	0	1	t1@50182:released-and-isolated
F3-latent-eio-dev0	N1A-every-isoBad-mem	OOOMFOO	O:ok O:ok O:ok M:ok F:ok(F=6,reclaimed=18) O:ok O:ok	ok	same	-	[0, 0]	2	0	[0, 0]	76	1572864	0	1	t1@50182:released-and-isolated
F3-latent-eio-dev0	N1A-every-isoBad-mem	OOOMFOM	O:ok O:ok O:ok M:ok F:ok(F=6,reclaimed=18) O:ok M:ok	ok	same	-	[0, 0]	2	0	[0, 0]	72	1441792	0	1	t1@50182:released-and-isolated
F3-latent-eio-dev0	N1A-every-isoBad-mem	OOOMMFF	O:ok O:ok O:ok M:ok M:ok F:ok(F=6,reclaimed=18) F:noop	ok	same	-	[0, 0]	2	0	[0, 0]	64	1245184	0	1	t1@50182:released-and-isolated
F3-latent-eio-dev0	N1A-every-isoBad-mem	OOOMMFO	O:ok O:ok O:ok M:ok M:ok F:ok(F=6,reclaimed=18) O:ok	ok	same	-	[0, 0]	2	0	[0, 0]	76	1507328	0	1	t1@50182:released-and-isolated
F3-latent-eio-dev0	N1A-every-isoBad-mem	OOOMMMF	O:ok O:ok O:ok M:ok M:ok M:ok F:ok(F=6,reclaimed=18)	ok	same	-	[0, 0]	2	0	[0, 0]	76	1441792	0	1	t1@50182:released-and-isolated
F3-latent-eio-dev0	N1A-every-isoBad-mem	OOOMMMM	O:ok O:ok O:ok M:ok M:ok M:ok M:ok	ok	same	-	[0, 0]	2	0	[0, 0]	76	1441792	0	1	t1@50182:released-and-isolated
F3-latent-eio-dev0	N1A-every-isoBad-mem	OOOMMFM	O:ok O:ok O:ok M:ok M:ok F:ok(F=6,reclaimed=18) M:ok	ok	same	-	[0, 0]	2	0	[0, 0]	76	1441792	0	1	t1@50182:released-and-isolated
F3-latent-eio-dev0	N1A-every-isoBad-mem	OOOMOFF	O:ok O:ok O:ok M:ok O:ok F:ok(F=7,reclaimed=26) F:noop	ok	same	-	[0, 0]	2	0	[0, 0]	64	1310720	0	1	t1@50182:released-and-isolated
F3-latent-eio-dev0	N1A-every-isoBad-mem	OOOMMMO	O:ok O:ok O:ok M:ok M:ok M:ok O:ok	ok	same	-	[0, 0]	2	0	[0, 0]	76	1507328	0	1	t1@50182:released-and-isolated
F3-latent-eio-dev0	N1A-every-isoBad-mem	OOOMMOF	O:ok O:ok O:ok M:ok M:ok O:ok F:ok(F=7,reclaimed=26)	ok	same	-	[0, 0]	2	0	[0, 0]	72	1441792	0	1	t1@50182:released-and-isolated
F3-latent-eio-dev0	N1A-every-isoBad-mem	OOOMOFM	O:ok O:ok O:ok M:ok O:ok F:ok(F=7,reclaimed=26) M:ok	ok	same	-	[0, 0]	2	0	[0, 0]	72	1441792	0	1	t1@50182:released-and-isolated
F3-latent-eio-dev0	N1A-every-isoBad-mem	OOOMMOO	O:ok O:ok O:ok M:ok M:ok O:ok O:ok	ok	same	-	[0, 0]	2	0	[0, 0]	76	1572864	0	1	t1@50182:released-and-isolated
F3-latent-eio-dev0	N1A-every-isoBad-mem	OOOMMOM	O:ok O:ok O:ok M:ok M:ok O:ok M:ok	ok	same	-	[0, 0]	2	0	[0, 0]	72	1441792	0	1	t1@50182:released-and-isolated
F3-latent-eio-dev0	N1A-every-isoBad-mem	OOOMOFO	O:ok O:ok O:ok M:ok O:ok F:ok(F=7,reclaimed=26) O:ok	ok	same	-	[0, 0]	2	0	[0, 0]	76	1572864	0	1	t1@50182:released-and-isolated
F3-latent-eio-dev0	N1A-every-isoBad-mem	OOOMOMM	O:ok O:ok O:ok M:ok O:ok M:ok M:ok	ok	same	-	[0, 0]	2	0	[0, 0]	72	1441792	0	1	t1@50182:released-and-isolated
F3-latent-eio-dev0	N1A-every-isoBad-mem	OOOMOOF	O:ok O:ok O:ok M:ok O:ok O:ok F:ok(F=8,reclaimed=34)	ok	same	-	[0, 0]	2	0	[0, 0]	80	1638400	0	1	t1@50182:released-and-isolated
F3-latent-eio-dev0	N1A-every-isoBad-mem	OOOMOOM	O:ok O:ok O:ok M:ok O:ok O:ok M:ok	ok	same	-	[0, 0]	2	0	[0, 0]	80	1638400	0	1	t1@50182:released-and-isolated
F3-latent-eio-dev0	N1A-every-isoBad-mem	OOOMOOO	O:ok O:ok O:ok M:ok O:ok O:ok O:ok	ok	same	-	[0, 0]	2	0	[0, 0]	80	1703936	0	1	t1@50182:released-and-isolated
F3-latent-eio-dev0	N1A-every-isoBad-mem	OOOMOMF	O:ok O:ok O:ok M:ok O:ok M:ok F:ok(F=7,reclaimed=26)	ok	same	-	[0, 0]	2	0	[0, 0]	72	1441792	0	1	t1@50182:released-and-isolated
F3-latent-eio-dev0	N1A-every-isoBad-mem	OOOMOMO	O:ok O:ok O:ok M:ok O:ok M:ok O:ok	ok	same	-	[0, 0]	2	0	[0, 0]	76	1572864	0	1	t1@50182:released-and-isolated
F3-latent-eio-dev0	N1A-every-isoBad-mem	OOOOFFM	O:ok O:ok O:ok O:ok F:ok(F=7,reclaimed=26) F:noop M:ok	ok	same	-	[0, 0]	2	0	[0, 0]	72	1441792	0	1	t1@50182:released-and-isolated
F3-latent-eio-dev0	N1A-every-isoBad-mem	OOOOFFF	O:ok O:ok O:ok O:ok F:ok(F=7,reclaimed=26) F:noop F:noop	ok	same	-	[2, 0]	2	0	[2, 0]	60	1245184	0	1	t1@50182:released-and-isolated
F3-latent-eio-dev0	N1A-every-isoBad-mem	OOOOFFO	O:ok O:ok O:ok O:ok F:ok(F=7,reclaimed=26) F:noop O:ok	ok	same	-	[2, 0]	2	0	[2, 0]	72	1507328	0	1	t1@50182:released-and-isolated
F3-latent-eio-dev0	N1A-every-isoBad-mem	OOOOFMF	O:ok O:ok O:ok O:ok F:ok(F=7,reclaimed=26) M:ok F:noop	ok	same	-	[0, 0]	2	0	[0, 0]	72	1441792	0	1	t1@50182:released-and-isolated
F3-latent-eio-dev0	N1A-every-isoBad-mem	OOOOFMM	O:ok O:ok O:ok O:ok F:ok(F=7,reclaimed=26) M:ok M:ok	ok	same	-	[0, 0]	2	0	[0, 0]	84	1638400	0	1	t1@50182:released-and-isolated
F3-latent-eio-dev0	N1A-every-isoBad-mem	OOOOFOO	O:ok O:ok O:ok O:ok F:ok(F=7,reclaimed=26) O:ok O:ok	ok	same	-	[2, 0]	2	0	[2, 0]	84	1769472	0	1	t1@50182:released-and-isolated
F3-latent-eio-dev0	N1A-every-isoBad-mem	OOOOFMO	O:ok O:ok O:ok O:ok F:ok(F=7,reclaimed=26) M:ok O:ok	ok	same	-	[0, 0]	2	0	[0, 0]	84	1703936	0	1	t1@50182:released-and-isolated
F3-latent-eio-dev0	N1A-every-isoBad-mem	OOOOFOF	O:ok O:ok O:ok O:ok F:ok(F=7,reclaimed=26) O:ok F:ok(F=8,reclaimed=8)	ok	same	-	[2, 0]	2	0	[2, 0]	80	1638400	0	1	t1@50182:released-and-isolated
F3-latent-eio-dev0	N1A-every-isoBad-mem	OOOOFOM	O:ok O:ok O:ok O:ok F:ok(F=7,reclaimed=26) O:ok M:ok	ok	same	-	[0, 0]	2	0	[0, 0]	80	1638400	0	1	t1@50182:released-and-isolated
F3-latent-eio-dev0	N1A-every-isoBad-mem	OOOOMFM	O:ok O:ok O:ok O:ok M:ok F:ok(F=7,reclaimed=26) M:ok	ok	same	-	[0, 0]	2	0	[0, 0]	84	1638400	0	1	t1@50182:released-and-isolated
F3-latent-eio-dev0	N1A-every-isoBad-mem	OOOOMFO	O:ok O:ok O:ok O:ok M:ok F:ok(F=7,reclaimed=26) O:ok	ok	same	-	[0, 0]	2	0	[0, 0]	84	1703936	0	1	t1@50182:released-and-isolated
F3-latent-eio-dev0	N1A-every-isoBad-mem	OOOOMFF	O:ok O:ok O:ok O:ok M:ok F:ok(F=7,reclaimed=26) F:noop	ok	same	-	[0, 0]	2	0	[0, 0]	72	1441792	0	1	t1@50182:released-and-isolated
F3-latent-eio-dev0	N1A-every-isoBad-mem	OOOOMMF	O:ok O:ok O:ok O:ok M:ok M:ok F:ok(F=7,reclaimed=26)	ok	same	-	[0, 0]	2	0	[0, 0]	84	1638400	0	1	t1@50182:released-and-isolated
F3-latent-eio-dev0	N1A-every-isoBad-mem	OOOOMOO	O:ok O:ok O:ok O:ok M:ok O:ok O:ok	ok	same	-	[0, 0]	2	0	[0, 0]	84	1769472	0	1	t1@50182:released-and-isolated
F3-latent-eio-dev0	N1A-every-isoBad-mem	OOOOMMM	O:ok O:ok O:ok O:ok M:ok M:ok M:ok	ok	same	-	[0, 0]	2	0	[0, 0]	84	1638400	0	1	t1@50182:released-and-isolated
F3-latent-eio-dev0	N1A-every-isoBad-mem	OOOOOFF	O:ok O:ok O:ok O:ok O:ok F:ok(F=8,reclaimed=34) F:noop	ok	same	-	[2, 0]	2	0	[2, 0]	68	1441792	0	1	t1@50182:released-and-isolated
F3-latent-eio-dev0	N1A-every-isoBad-mem	OOOOMOF	O:ok O:ok O:ok O:ok M:ok O:ok F:ok(F=8,reclaimed=34)	ok	same	-	[0, 0]	2	0	[0, 0]	80	1638400	0	1	t1@50182:released-and-isolated
F3-latent-eio-dev0	N1A-every-isoBad-mem	OOOOMMO	O:ok O:ok O:ok O:ok M:ok M:ok O:ok	ok	same	-	[0, 0]	2	0	[0, 0]	84	1703936	0	1	t1@50182:released-and-isolated
F3-latent-eio-dev0	N1A-every-isoBad-mem	OOOOMOM	O:ok O:ok O:ok O:ok M:ok O:ok M:ok	ok	same	-	[0, 0]	2	0	[0, 0]	80	1638400	0	1	t1@50182:released-and-isolated
F3-latent-eio-dev0	N1A-every-isoBad-mem	OOOOOFO	O:ok O:ok O:ok O:ok O:ok F:ok(F=8,reclaimed=34) O:ok	ok	same	-	[2, 0]	2	0	[2, 0]	80	1703936	0	1	t1@50182:released-and-isolated
F3-latent-eio-dev0	N1A-every-isoBad-mem	OOOOOFM	O:ok O:ok O:ok O:ok O:ok F:ok(F=8,reclaimed=34) M:ok	ok	same	-	[0, 0]	2	0	[0, 0]	80	1638400	0	1	t1@50182:released-and-isolated
F3-latent-eio-dev0	N1A-every-isoBad-mem	OOOOOMF	O:ok O:ok O:ok O:ok O:ok M:ok F:ok(F=8,reclaimed=34)	ok	same	-	[0, 0]	2	0	[0, 0]	80	1638400	0	1	t1@50182:released-and-isolated
F3-latent-eio-dev0	N1A-every-isoBad-mem	OOOOOOF	O:ok O:ok O:ok O:ok O:ok O:ok F:ok(F=9,reclaimed=42)	ok	same	-	[2, 0]	2	0	[2, 0]	80	1703936	0	1	t1@50182:released-and-isolated
F3-latent-eio-dev0	N1A-every-isoBad-mem	OOOOOMO	O:ok O:ok O:ok O:ok O:ok M:ok O:ok	ok	same	-	[0, 0]	2	0	[0, 0]	80	1703936	0	1	t1@50182:released-and-isolated
F3-latent-eio-dev0	N1A-every-isoBad-mem	OOOOOMM	O:ok O:ok O:ok O:ok O:ok M:ok M:ok	ok	same	-	[0, 0]	2	0	[0, 0]	80	1638400	0	1	t1@50182:released-and-isolated
F3-latent-eio-dev0	N1A-every-isoBad-mem	OOOOOOM	O:ok O:ok O:ok O:ok O:ok O:ok M:ok	ok	same	-	[0, 0]	2	0	[0, 0]	80	1703936	0	1	t1@50182:released-and-isolated
F3-latent-eio-dev0	N1A-every-isoBad-mem	OOOOOOO	O:ok O:ok O:ok O:ok O:ok O:ok O:ok	ok	same	-	[2, 0]	2	0	[0, 0]	84	1835008	0	1	t1@50182:released-and-isolated
