fault	arm	suffix	steps	final_mount	readback	violated	isolated_per_device	isolated_by_check	isolated_at_mount	free_minus_allocatable	check_reads	check_read_bytes	switches	reads_refused	check_events
F4-rot-both	N3-iso-persisted	OFFFFFF	O:ok F:noop F:noop F:noop F:noop F:noop F:noop	ok	same	I-2.1,I-4.8,I-7.4	[2, 2]	4	0	[0, 0]	7	163840	0	0	t1@50182:released-and-isolated
F4-rot-both	N3-iso-persisted	OFFFFFO	O:ok F:noop F:noop F:noop F:noop F:noop O:ok	ok	same	I-2.1,I-4.8,I-7.4	[2, 2]	4	0	[0, 0]	13	294912	0	0	t1@50182:released-and-isolated
F4-rot-both	N3-iso-persisted	OFFFFFM	O:ok F:noop F:noop F:noop F:noop F:noop M:ok	ok	same	I-2.1,I-4.8,I-7.4	[2, 2]	4	0	[0, 0]	13	262144	0	0	t1@50182:released-and-isolated
F4-rot-both	N3-iso-persisted	OFFFFMF	O:ok F:noop F:noop F:noop F:noop M:ok F:noop	ok	same	I-2.1,I-4.8,I-7.4	[2, 2]	4	0	[0, 0]	13	262144	0	0	t1@50182:released-and-isolated
F4-rot-both	N3-iso-persisted	OFFFFOF	O:ok F:noop F:noop F:noop F:noop O:ok F:ok(F=3,reclaimed=1)	ok	same	I-2.1,I-4.8,I-7.4	[2, 2]	4	0	[0, 0]	17	360448	0	0	t1@50182:released-and-isolated
F4-rot-both	N3-iso-persisted	OFFFFMO	O:ok F:noop F:noop F:noop F:noop M:ok O:ok	ok	same	I-2.1,I-4.8,I-7.4	[2, 2]	4	0	[0, 0]	19	393216	0	0	t1@50182:released-and-isolated
F4-rot-both	N3-iso-persisted	OFFFFOM	O:ok F:noop F:noop F:noop F:noop O:ok M:ok	ok	same	I-2.1,I-4.8,I-7.4	[2, 2]	4	0	[0, 0]	17	360448	0	0	t1@50182:released-and-isolated
F4-rot-both	N3-iso-persisted	OFFFFMM	O:ok F:noop F:noop F:noop F:noop M:ok M:ok	ok	same	I-2.1,I-4.8,I-7.4	[2, 2]	4	0	[0, 0]	19	360448	0	0	t1@50182:released-and-isolated
F4-rot-both	N3-iso-persisted	OFFFFOO	O:ok F:noop F:noop F:noop F:noop O:ok O:ok	ok	same	I-2.1,I-4.8,I-7.4	[2, 2]	4	0	[0, 0]	19	425984	0	0	t1@50182:released-and-isolated
F4-rot-both	N3-iso-persisted	OFFFMFF	O:ok F:noop F:noop F:noop M:ok F:noop F:noop	ok	same	I-2.1,I-4.8,I-7.4	[2, 2]	4	0	[0, 0]	13	262144	0	0	t1@50182:released-and-isolated
F4-rot-both	N3-iso-persisted	OFFFMFO	O:ok F:noop F:noop F:noop M:ok F:noop O:ok	ok	same	I-2.1,I-4.8,I-7.4	[2, 2]	4	0	[0, 0]	19	393216	0	0	t1@50182:released-and-isolated
F4-rot-both	N3-iso-persisted	OFFFMFM	O:ok F:noop F:noop F:noop M:ok F:noop M:ok	ok	same	I-2.1,I-4.8,I-7.4	[2, 2]	4	0	[0, 0]	19	360448	0	0	t1@50182:released-and-isolated
F4-rot-both	N3-iso-persisted	OFFFMMF	O:ok F:noop F:noop F:noop M:ok M:ok F:noop	ok	same	I-2.1,I-4.8,I-7.4	[2, 2]	4	0	[0, 0]	19	360448	0	0	t1@50182:released-and-isolated
F4-rot-both	N3-iso-persisted	OFFFMOF	O:ok F:noop F:noop F:noop M:ok O:ok F:ok(F=3,reclaimed=1)	ok	same	I-2.1,I-4.8,I-7.4	[2, 2]	4	0	[0, 0]	23	458752	0	0	t1@50182:released-and-isolated
F4-rot-both	N3-iso-persisted	OFFFMMO	O:ok F:noop F:noop F:noop M:ok M:ok O:ok	ok	same	I-2.1,I-4.8,I-7.4	[2, 2]	4	0	[0, 0]	25	491520	0	0	t1@50182:released-and-isolated
F4-rot-both	N3-iso-persisted	OFFFMMM	O:ok F:noop F:noop F:noop M:ok M:ok M:ok	ok	same	I-2.1,I-4.8,I-7.4	[2, 2]	4	0	[0, 0]	25	458752	0	0	t1@50182:released-and-isolated
F4-rot-both	N3-iso-persisted	OFFFOFF	O:ok F:noop F:noop F:noop O:ok F:ok(F=3,reclaimed=1) F:noop	ok	same	I-2.1,I-4.8,I-7.4	[2, 2]	4	0	[0, 0]	17	360448	0	0	t1@50182:released-and-isolated
F4-rot-both	N3-iso-persisted	OFFFMOM	O:ok F:noop F:noop F:noop M:ok O:ok M:ok	ok	same	I-2.1,I-4.8,I-7.4	[2, 2]	4	0	[0, 0]	23	458752	0	0	t1@50182:released-and-isolated
F4-rot-both	N3-iso-persisted	OFFFMOO	O:ok F:noop F:noop F:noop M:ok O:ok O:ok	ok	same	I-2.1,I-4.8,I-7.4	[2, 2]	4	0	[0, 0]	25	524288	0	0	t1@50182:released-and-isolated
F4-rot-both	N3-iso-persisted	OFFFOFM	O:ok F:noop F:noop F:noop O:ok F:ok(F=3,reclaimed=1) M:ok	ok	same	I-2.1,I-4.8,I-7.4	[2, 2]	4	0	[0, 0]	23	458752	0	0	t1@50182:released-and-isolated
F4-rot-both	N3-iso-persisted	OFFFOFO	O:ok F:noop F:noop F:noop O:ok F:ok(F=3,reclaimed=1) O:ok	ok	same	I-2.1,I-4.8,I-7.4	[2, 2]	4	0	[0, 0]	23	491520	0	0	t1@50182:released-and-isolated
F4-rot-both	N3-iso-persisted	OFFFOMF	O:ok F:noop F:noop F:noop O:ok M:ok F:ok(F=3,reclaimed=1)	ok	same	I-2.1,I-4.8,I-7.4	[2, 2]	4	0	[0, 0]	23	458752	0	0	t1@50182:released-and-isolated
F4-rot-both	N3-iso-persisted	OFFFOMO	O:ok F:noop F:noop F:noop O:ok M:ok O:ok	ok	same	I-2.1,I-4.8,I-7.4	[2, 2]	4	0	[0, 0]	23	491520	0	0	t1@50182:released-and-isolated
F4-rot-both	N3-iso-persisted	OFFFOMM	O:ok F:noop F:noop F:noop O:ok M:ok M:ok	ok	same	I-2.1,I-4.8,I-7.4	[2, 2]	4	0	[0, 0]	23	458752	0	0	t1@50182:released-and-isolated
F4-rot-both	N3-iso-persisted	OFFFOOF	O:ok F:noop F:noop F:noop O:ok O:ok F:ok(F=6,reclaimed=18)	ok	same	I-2.1,I-4.8,I-7.4	[2, 2]	4	0	[0, 0]	23	491520	0	0	t1@50182:released-and-isolated
F4-rot-both	N3-iso-persisted	OFFFOOO	O:ok F:noop F:noop F:noop O:ok O:ok O:ok	ok	same	I-2.1,I-4.8,I-7.4	[2, 2]	4	0	[0, 0]	25	557056	0	0	t1@50182:released-and-isolated
F4-rot-both	N3-iso-persisted	OFFFOOM	O:ok F:noop F:noop F:noop O:ok O:ok M:ok	ok	same	I-2.1,I-4.8,I-7.4	[2, 2]	4	0	[0, 0]	23	491520	0	0	t1@50182:released-and-isolated
F4-rot-both	N3-iso-persisted	OFFMFFF	O:ok F:noop F:noop M:ok F:noop F:noop F:noop	ok	same	I-2.1,I-4.8,I-7.4	[2, 2]	4	0	[0, 0]	13	262144	0	0	t1@50182:released-and-isolated
F4-rot-both	N3-iso-persisted	OFFMFFM	O:ok F:noop F:noop M:ok F:noop F:noop M:ok	ok	same	I-2.1,I-4.8,I-7.4	[2, 2]	4	0	[0, 0]	19	360448	0	0	t1@50182:released-and-isolated
F4-rot-both	N3-iso-persisted	OFFMFFO	O:ok F:noop F:noop M:ok F:noop F:noop O:ok	ok	same	I-2.1,I-4.8,I-7.4	[2, 2]	4	0	[0, 0]	19	393216	0	0	t1@50182:released-and-isolated
F4-rot-both	N3-iso-persisted	OFFMFMF	O:ok F:noop F:noop M:ok F:noop M:ok F:noop	ok	same	I-2.1,I-4.8,I-7.4	[2, 2]	4	0	[0, 0]	19	360448	0	0	t1@50182:released-and-isolated
F4-rot-both	N3-iso-persisted	OFFMFMM	O:ok F:noop F:noop M:ok F:noop M:ok M:ok	ok	same	I-2.1,I-4.8,I-7.4	[2, 2]	4	0	[0, 0]	25	458752	0	0	t1@50182:released-and-isolated
F4-rot-both	N3-iso-persisted	OFFMFOF	O:ok F:noop F:noop M:ok F:noop O:ok F:ok(F=3,reclaimed=1)	ok	same	I-2.1,I-4.8,I-7.4	[2, 2]	4	0	[0, 0]	23	458752	0	0	t1@50182:released-and-isolated
F4-rot-both	N3-iso-persisted	OFFMFMO	O:ok F:noop F:noop M:ok F:noop M:ok O:ok	ok	same	I-2.1,I-4.8,I-7.4	[2, 2]	4	0	[0, 0]	25	491520	0	0	t1@50182:released-and-isolated
F4-rot-both	N3-iso-persisted	OFFMFOM	O:ok F:noop F:noop M:ok F:noop O:ok M:ok	ok	same	I-2.1,I-4.8,I-7.4	[2, 2]	4	0	[0, 0]	23	458752	0	0	t1@50182:released-and-isolated
F4-rot-both	N3-iso-persisted	OFFMFOO	O:ok F:noop F:noop M:ok F:noop O:ok O:ok	ok	same	I-2.1,I-4.8,I-7.4	[2, 2]	4	0	[0, 0]	25	524288	0	0	t1@50182:released-and-isolated
F4-rot-both	N3-iso-persisted	OFFMMFF	O:ok F:noop F:noop M:ok M:ok F:noop F:noop	ok	same	I-2.1,I-4.8,I-7.4	[2, 2]	4	0	[0, 0]	19	360448	0	0	t1@50182:released-and-isolated
F4-rot-both	N3-iso-persisted	OFFMMFO	O:ok F:noop F:noop M:ok M:ok F:noop O:ok	ok	same	I-2.1,I-4.8,I-7.4	[2, 2]	4	0	[0, 0]	25	491520	0	0	t1@50182:released-and-isolated
F4-rot-both	N3-iso-persisted	OFFMMFM	O:ok F:noop F:noop M:ok M:ok F:noop M:ok	ok	same	I-2.1,I-4.8,I-7.4	[2, 2]	4	0	[0, 0]	25	458752	0	0	t1@50182:released-and-isolated
F4-rot-both	N3-iso-persisted	OFFMMMF	O:ok F:noop F:noop M:ok M:ok M:ok F:noop	ok	same	I-2.1,I-4.8,I-7.4	[2, 2]	4	0	[0, 0]	25	458752	0	0	t1@50182:released-and-isolated
F4-rot-both	N3-iso-persisted	OFFMMOF	O:ok F:noop F:noop M:ok M:ok O:ok F:ok(F=3,reclaimed=1)	ok	same	I-2.1,I-4.8,I-7.4	[2, 2]	4	0	[0, 0]	29	557056	0	0	t1@50182:released-and-isolated
F4-rot-both	N3-iso-persisted	OFFMMMO	O:ok F:noop F:noop M:ok M:ok M:ok O:ok	ok	same	I-2.1,I-4.8,I-7.4	[2, 2]	4	0	[0, 0]	31	589824	0	0	t1@50182:released-and-isolated
F4-rot-both	N3-iso-persisted	OFFMMMM	O:ok F:noop F:noop M:ok M:ok M:ok M:ok	ok	same	I-2.1,I-4.8,I-7.4	[2, 2]	4	0	[0, 0]	31	557056	0	0	t1@50182:released-and-isolated
F4-rot-both	N3-iso-persisted	OFFMMOM	O:ok F:noop F:noop M:ok M:ok O:ok M:ok	ok	same	I-2.1,I-4.8,I-7.4	[2, 2]	4	0	[0, 0]	29	557056	0	0	t1@50182:released-and-isolated
F4-rot-both	N3-iso-persisted	OFFMOFF	O:ok F:noop F:noop M:ok O:ok F:ok(F=3,reclaimed=1) F:noop	ok	same	I-2.1,I-4.8,I-7.4	[2, 2]	4	0	[0, 0]	23	458752	0	0	t1@50182:released-and-isolated
F4-rot-both	N3-iso-persisted	OFFMOFO	O:ok F:noop F:noop M:ok O:ok F:ok(F=3,reclaimed=1) O:ok	ok	same	I-2.1,I-4.8,I-7.4	[2, 2]	4	0	[0, 0]	29	589824	0	0	t1@50182:released-and-isolated
F4-rot-both	N3-iso-persisted	OFFMMOO	O:ok F:noop F:noop M:ok M:ok O:ok O:ok	ok	same	I-2.1,I-4.8,I-7.4	[2, 2]	4	0	[0, 0]	31	622592	0	0	t1@50182:released-and-isolated
F4-rot-both	N3-iso-persisted	OFFMOFM	O:ok F:noop F:noop M:ok O:ok F:ok(F=3,reclaimed=1) M:ok	ok	same	I-2.1,I-4.8,I-7.4	[2, 2]	4	0	[0, 0]	29	557056	0	0	t1@50182:released-and-isolated
F4-rot-both	N3-iso-persisted	OFFMOOF	O:ok F:noop F:noop M:ok O:ok O:ok F:ok(F=6,reclaimed=18)	ok	same	I-2.1,I-4.8,I-7.4	[2, 2]	4	0	[0, 0]	29	589824	0	0	t1@50182:released-and-isolated
F4-rot-both	N3-iso-persisted	OFFMOMF	O:ok F:noop F:noop M:ok O:ok M:ok F:ok(F=3,reclaimed=1)	ok	same	I-2.1,I-4.8,I-7.4	[2, 2]	4	0	[0, 0]	29	557056	0	0	t1@50182:released-and-isolated
F4-rot-both	N3-iso-persisted	OFFMOMO	O:ok F:noop F:noop M:ok O:ok M:ok O:ok	ok	same	I-2.1,I-4.8,I-7.4	[2, 2]	4	0	[0, 0]	29	589824	0	0	t1@50182:released-and-isolated
F4-rot-both	N3-iso-persisted	OFFMOMM	O:ok F:noop F:noop M:ok O:ok M:ok M:ok	ok	same	I-2.1,I-4.8,I-7.4	[2, 2]	4	0	[0, 0]	29	557056	0	0	t1@50182:released-and-isolated
F4-rot-both	N3-iso-persisted	OFFOFFF	O:ok F:noop F:noop O:ok F:ok(F=3,reclaimed=1) F:noop F:noop	ok	same	I-2.1,I-4.8,I-7.4	[2, 2]	4	0	[0, 0]	17	360448	0	0	t1@50182:released-and-isolated
F4-rot-both	N3-iso-persisted	OFFMOOO	O:ok F:noop F:noop M:ok O:ok O:ok O:ok	ok	same	I-2.1,I-4.8,I-7.4	[2, 2]	4	0	[0, 0]	31	655360	0	0	t1@50182:released-and-isolated
F4-rot-both	N3-iso-persisted	OFFMOOM	O:ok F:noop F:noop M:ok O:ok O:ok M:ok	ok	same	I-2.1,I-4.8,I-7.4	[2, 2]	4	0	[0, 0]	29	589824	0	0	t1@50182:released-and-isolated
F4-rot-both	N3-iso-persisted	OFFOFFM	O:ok F:noop F:noop O:ok F:ok(F=3,reclaimed=1) F:noop M:ok	ok	same	I-2.1,I-4.8,I-7.4	[2, 2]	4	0	[0, 0]	23	458752	0	0	t1@50182:released-and-isolated
F4-rot-both	N3-iso-persisted	OFFOFFO	O:ok F:noop F:noop O:ok F:ok(F=3,reclaimed=1) F:noop O:ok	ok	same	I-2.1,I-4.8,I-7.4	[2, 2]	4	0	[0, 0]	23	491520	0	0	t1@50182:released-and-isolated
F4-rot-both	N3-iso-persisted	OFFOFMF	O:ok F:noop F:noop O:ok F:ok(F=3,reclaimed=1) M:ok F:noop	ok	same	I-2.1,I-4.8,I-7.4	[2, 2]	4	0	[0, 0]	23	458752	0	0	t1@50182:released-and-isolated
F4-rot-both	N3-iso-persisted	OFFOFMO	O:ok F:noop F:noop O:ok F:ok(F=3,reclaimed=1) M:ok O:ok	ok	same	I-2.1,I-4.8,I-7.4	[2, 2]	4	0	[0, 0]	29	589824	0	0	t1@50182:released-and-isolated
F4-rot-both	N3-iso-persisted	OFFOFMM	O:ok F:noop F:noop O:ok F:ok(F=3,reclaimed=1) M:ok M:ok	ok	same	I-2.1,I-4.8,I-7.4	[2, 2]	4	0	[0, 0]	29	557056	0	0	t1@50182:released-and-isolated
F4-rot-both	N3-iso-persisted	OFFOFOF	O:ok F:noop F:noop O:ok F:ok(F=3,reclaimed=1) O:ok F:ok(F=6,reclaimed=17)	ok	same	I-2.1,I-4.8,I-7.4	[2, 2]	4	0	[0, 0]	27	557056	0	0	t1@50182:released-and-isolated
F4-rot-both	N3-iso-persisted	OFFOFOO	O:ok F:noop F:noop O:ok F:ok(F=3,reclaimed=1) O:ok O:ok	ok	same	I-2.1,I-4.8,I-7.4	[2, 2]	4	0	[0, 0]	29	622592	0	0	t1@50182:released-and-isolated
F4-rot-both	N3-iso-persisted	OFFOFOM	O:ok F:noop F:noop O:ok F:ok(F=3,reclaimed=1) O:ok M:ok	ok	same	I-2.1,I-4.8,I-7.4	[2, 2]	4	0	[0, 0]	27	557056	0	0	t1@50182:released-and-isolated
F4-rot-both	N3-iso-persisted	OFFOMFF	O:ok F:noop F:noop O:ok M:ok F:ok(F=3,reclaimed=1) F:noop	ok	same	I-2.1,I-4.8,I-7.4	[2, 2]	4	0	[0, 0]	23	458752	0	0	t1@50182:released-and-isolated
F4-rot-both	N3-iso-persisted	OFFOMFM	O:ok F:noop F:noop O:ok M:ok F:ok(F=3,reclaimed=1) M:ok	ok	same	I-2.1,I-4.8,I-7.4	[2, 2]	4	0	[0, 0]	29	557056	0	0	t1@50182:released-and-isolated
F4-rot-both	N3-iso-persisted	OFFOMFO	O:ok F:noop F:noop O:ok M:ok F:ok(F=3,reclaimed=1) O:ok	ok	same	I-2.1,I-4.8,I-7.4	[2, 2]	4	0	[0, 0]	29	589824	0	0	t1@50182:released-and-isolated
F4-rot-both	N3-iso-persisted	OFFOMMF	O:ok F:noop F:noop O:ok M:ok M:ok F:ok(F=3,reclaimed=1)	ok	same	I-2.1,I-4.8,I-7.4	[2, 2]	4	0	[0, 0]	29	557056	0	0	t1@50182:released-and-isolated
F4-rot-both	N3-iso-persisted	OFFOMMM	O:ok F:noop F:noop O:ok M:ok M:ok M:ok	ok	same	I-2.1,I-4.8,I-7.4	[2, 2]	4	0	[0, 0]	29	557056	0	0	t1@50182:released-and-isolated
F4-rot-both	N3-iso-persisted	OFFOMMO	O:ok F:noop F:noop O:ok M:ok M:ok O:ok	ok	same	I-2.1,I-4.8,I-7.4	[2, 2]	4	0	[0, 0]	29	589824	0	0	t1@50182:released-and-isolated
F4-rot-both	N3-iso-persisted	OFFOMOF	O:ok F:noop F:noop O:ok M:ok O:ok F:ok(F=6,reclaimed=18)	ok	same	I-2.1,I-4.8,I-7.4	[2, 2]	4	0	[0, 0]	27	557056	0	0	t1@50182:released-and-isolated
F4-rot-both	N3-iso-persisted	OFFOMOM	O:ok F:noop F:noop O:ok M:ok O:ok M:ok	ok	same	I-2.1,I-4.8,I-7.4	[2, 2]	4	0	[0, 0]	27	557056	0	0	t1@50182:released-and-isolated
F4-rot-both	N3-iso-persisted	OFFOMOO	O:ok F:noop F:noop O:ok M:ok O:ok O:ok	ok	same	I-2.1,I-4.8,I-7.4	[2, 2]	4	0	[0, 0]	29	622592	0	0	t1@50182:released-and-isolated
F4-rot-both	N3-iso-persisted	OFFOOFF	O:ok F:noop F:noop O:ok O:ok F:ok(F=6,reclaimed=18) F:noop	ok	same	I-2.1,I-4.8,I-7.4	[2, 2]	4	0	[0, 0]	23	491520	0	0	t1@50182:released-and-isolated
F4-rot-both	N3-iso-persisted	OFFOOFM	O:ok F:noop F:noop O:ok O:ok F:ok(F=6,reclaimed=18) M:ok	ok	same	I-2.1,I-4.8,I-7.4	[2, 2]	4	0	[0, 0]	27	557056	0	0	t1@50182:released-and-isolated
F4-rot-both	N3-iso-persisted	OFFOOFO	O:ok F:noop F:noop O:ok O:ok F:ok(F=6,reclaimed=18) O:ok	ok	same	I-2.1,I-4.8,I-7.4	[2, 2]	4	0	[0, 0]	29	622592	0	0	t1@50182:released-and-isolated
F4-rot-both	N3-iso-persisted	OFFOOMF	O:ok F:noop F:noop O:ok O:ok M:ok F:ok(F=6,reclaimed=18)	ok	same	I-2.1,I-4.8,I-7.4	[2, 2]	4	0	[0, 0]	27	557056	0	0	t1@50182:released-and-isolated
F4-rot-both	N3-iso-persisted	OFFOOMM	O:ok F:noop F:noop O:ok O:ok M:ok M:ok	ok	same	I-2.1,I-4.8,I-7.4	[2, 2]	4	0	[0, 0]	27	557056	0	0	t1@50182:released-and-isolated
F4-rot-both	N3-iso-persisted	OFFOOMO	O:ok F:noop F:noop O:ok O:ok M:ok O:ok	ok	same	I-2.1,I-4.8,I-7.4	[2, 2]	4	0	[0, 0]	29	622592	0	0	t1@50182:released-and-isolated
F4-rot-both	N3-iso-persisted	OFFOOOF	O:ok F:noop F:noop O:ok O:ok O:ok F:ok(F=7,reclaimed=26)	ok	same	-	[2, 2]	4	0	[2, 2]	31	655360	0	0	t1@50182:released-and-isolated
F4-rot-both	N3-iso-persisted	OFFOOOO	O:ok F:noop F:noop O:ok O:ok O:ok O:ok	ok	same	I-2.1,I-4.8,I-7.4	[2, 2]	4	0	[0, 0]	31	688128	0	0	t1@50182:released-and-isolated
F4-rot-both	N3-iso-persisted	OFFOOOM	O:ok F:noop F:noop O:ok O:ok O:ok M:ok	ok	same	I-2.1,I-4.8,I-7.4	[2, 2]	4	0	[0, 0]	31	655360	0	0	t1@50182:released-and-isolated
F4-rot-both	N3-iso-persisted	OFMFFFF	O:ok F:noop M:ok F:noop F:noop F:noop F:noop	ok	same	I-2.1,I-4.8,I-7.4	[2, 2]	4	0	[0, 0]	13	262144	0	0	t1@50182:released-and-isolated
F4-rot-both	N3-iso-persisted	OFMFFFM	O:ok F:noop M:ok F:noop F:noop F:noop M:ok	ok	same	I-2.1,I-4.8,I-7.4	[2, 2]	4	0	[0, 0]	19	360448	0	0	t1@50182:released-and-isolated
F4-rot-both	N3-iso-persisted	OFMFFFO	O:ok F:noop M:ok F:noop F:noop F:noop O:ok	ok	same	I-2.1,I-4.8,I-7.4	[2, 2]	4	0	[0, 0]	19	393216	0	0	t1@50182:released-and-isolated
F4-rot-both	N3-iso-persisted	OFMFFMF	O:ok F:noop M:ok F:noop F:noop M:ok F:noop	ok	same	I-2.1,I-4.8,I-7.4	[2, 2]	4	0	[0, 0]	19	360448	0	0	t1@50182:released-and-isolated
F4-rot-both	N3-iso-persisted	OFMFFOF	O:ok F:noop M:ok F:noop F:noop O:ok F:ok(F=3,reclaimed=1)	ok	same	I-2.1,I-4.8,I-7.4	[2, 2]	4	0	[0, 0]	23	458752	0	0	t1@50182:released-and-isolated
F4-rot-both	N3-iso-persisted	OFMFFMM	O:ok F:noop M:ok F:noop F:noop M:ok M:ok	ok	same	I-2.1,I-4.8,I-7.4	[2, 2]	4	0	[0, 0]	25	458752	0	0	t1@50182:released-and-isolated
F4-rot-both	N3-iso-persisted	OFMFFMO	O:ok F:noop M:ok F:noop F:noop M:ok O:ok	ok	same	I-2.1,I-4.8,I-7.4	[2, 2]	4	0	[0, 0]	25	491520	0	0	t1@50182:released-and-isolated
F4-rot-both	N3-iso-persisted	OFMFFOM	O:ok F:noop M:ok F:noop F:noop O:ok M:ok	ok	same	I-2.1,I-4.8,I-7.4	[2, 2]	4	0	[0, 0]	23	458752	0	0	t1@50182:released-and-isolated
F4-rot-both	N3-iso-persisted	OFMFFOO	O:ok F:noop M:ok F:noop F:noop O:ok O:ok	ok	same	I-2.1,I-4.8,I-7.4	[2, 2]	4	0	[0, 0]	25	524288	0	0	t1@50182:released-and-isolated
F4-rot-both	N3-iso-persisted	OFMFMFF	O:ok F:noop M:ok F:noop M:ok F:noop F:noop	ok	same	I-2.1,I-4.8,I-7.4	[2, 2]	4	0	[0, 0]	19	360448	0	0	t1@50182:released-and-isolated
F4-rot-both	N3-iso-persisted	OFMFMFO	O:ok F:noop M:ok F:noop M:ok F:noop O:ok	ok	same	I-2.1,I-4.8,I-7.4	[2, 2]	4	0	[0, 0]	25	491520	0	0	t1@50182:released-and-isolated
F4-rot-both	N3-iso-persisted	OFMFMFM	O:ok F:noop M:ok F:noop M:ok F:noop M:ok	ok	same	I-2.1,I-4.8,I-7.4	[2, 2]	4	0	[0, 0]	25	458752	0	0	t1@50182:released-and-isolated
F4-rot-both	N3-iso-persisted	OFMFMMF	O:ok F:noop M:ok F:noop M:ok M:ok F:noop	ok	same	I-2.1,I-4.8,I-7.4	[2, 2]	4	0	[0, 0]	25	458752	0	0	t1@50182:released-and-isolated
F4-rot-both	N3-iso-persisted	OFMFMOF	O:ok F:noop M:ok F:noop M:ok O:ok F:ok(F=3,reclaimed=1)	ok	same	I-2.1,I-4.8,I-7.4	[2, 2]	4	0	[0, 0]	29	557056	0	0	t1@50182:released-and-isolated
F4-rot-both	N3-iso-persisted	OFMFMMO	O:ok F:noop M:ok F:noop M:ok M:ok O:ok	ok	same	I-2.1,I-4.8,I-7.4	[2, 2]	4	0	[0, 0]	31	589824	0	0	t1@50182:released-and-isolated
F4-rot-both	N3-iso-persisted	OFMFMMM	O:ok F:noop M:ok F:noop M:ok M:ok M:ok	ok	same	I-2.1,I-4.8,I-7.4	[2, 2]	4	0	[0, 0]	31	557056	0	0	t1@50182:released-and-isolated
F4-rot-both	N3-iso-persisted	OFMFOFF	O:ok F:noop M:ok F:noop O:ok F:ok(F=3,reclaimed=1) F:noop	ok	same	I-2.1,I-4.8,I-7.4	[2, 2]	4	0	[0, 0]	23	458752	0	0	t1@50182:released-and-isolated
F4-rot-both	N3-iso-persisted	OFMFMOO	O:ok F:noop M:ok F:noop M:ok O:ok O:ok	ok	same	I-2.1,I-4.8,I-7.4	[2, 2]	4	0	[0, 0]	31	622592	0	0	t1@50182:released-and-isolated
F4-rot-both	N3-iso-persisted	OFMFMOM	O:ok F:noop M:ok F:noop M:ok O:ok M:ok	ok	same	I-2.1,I-4.8,I-7.4	[2, 2]	4	0	[0, 0]	29	557056	0	0	t1@50182:released-and-isolated
F4-rot-both	N3-iso-persisted	OFMFOFM	O:ok F:noop M:ok F:noop O:ok F:ok(F=3,reclaimed=1) M:ok	ok	same	I-2.1,I-4.8,I-7.4	[2, 2]	4	0	[0, 0]	29	557056	0	0	t1@50182:released-and-isolated
F4-rot-both	N3-iso-persisted	OFMFOFO	O:ok F:noop M:ok F:noop O:ok F:ok(F=3,reclaimed=1) O:ok	ok	same	I-2.1,I-4.8,I-7.4	[2, 2]	4	0	[0, 0]	29	589824	0	0	t1@50182:released-and-isolated
F4-rot-both	N3-iso-persisted	OFMFOMF	O:ok F:noop M:ok F:noop O:ok M:ok F:ok(F=3,reclaimed=1)	ok	same	I-2.1,I-4.8,I-7.4	[2, 2]	4	0	[0, 0]	29	557056	0	0	t1@50182:released-and-isolated
F4-rot-both	N3-iso-persisted	OFMFOMO	O:ok F:noop M:ok F:noop O:ok M:ok O:ok	ok	same	I-2.1,I-4.8,I-7.4	[2, 2]	4	0	[0, 0]	29	589824	0	0	t1@50182:released-and-isolated
F4-rot-both	N3-iso-persisted	OFMFOMM	O:ok F:noop M:ok F:noop O:ok M:ok M:ok	ok	same	I-2.1,I-4.8,I-7.4	[2, 2]	4	0	[0, 0]	29	557056	0	0	t1@50182:released-and-isolated
F4-rot-both	N3-iso-persisted	OFMFOOF	O:ok F:noop M:ok F:noop O:ok O:ok F:ok(F=6,reclaimed=18)	ok	same	I-2.1,I-4.8,I-7.4	[2, 2]	4	0	[0, 0]	29	589824	0	0	t1@50182:released-and-isolated
F4-rot-both	N3-iso-persisted	OFMFOOO	O:ok F:noop M:ok F:noop O:ok O:ok O:ok	ok	same	I-2.1,I-4.8,I-7.4	[2, 2]	4	0	[0, 0]	31	655360	0	0	t1@50182:released-and-isolated
F4-rot-both	N3-iso-persisted	OFMFOOM	O:ok F:noop M:ok F:noop O:ok O:ok M:ok	ok	same	I-2.1,I-4.8,I-7.4	[2, 2]	4	0	[0, 0]	29	589824	0	0	t1@50182:released-and-isolated
F4-rot-both	N3-iso-persisted	OFMMFFF	O:ok F:noop M:ok M:ok F:noop F:noop F:noop	ok	same	I-2.1,I-4.8,I-7.4	[2, 2]	4	0	[0, 0]	19	360448	0	0	t1@50182:released-and-isolated
F4-rot-both	N3-iso-persisted	OFMMFFM	O:ok F:noop M:ok M:ok F:noop F:noop M:ok	ok	same	I-2.1,I-4.8,I-7.4	[2, 2]	4	0	[0, 0]	25	458752	0	0	t1@50182:released-and-isolated
F4-rot-both	N3-iso-persisted	OFMMFFO	O:ok F:noop M:ok M:ok F:noop F:noop O:ok	ok	same	I-2.1,I-4.8,I-7.4	[2, 2]	4	0	[0, 0]	25	491520	0	0	t1@50182:released-and-isolated
F4-rot-both	N3-iso-persisted	OFMMFMF	O:ok F:noop M:ok M:ok F:noop M:ok F:noop	ok	same	I-2.1,I-4.8,I-7.4	[2, 2]	4	0	[0, 0]	25	458752	0	0	t1@50182:released-and-isolated
F4-rot-both	N3-iso-persisted	OFMMFMM	O:ok F:noop M:ok M:ok F:noop M:ok M:ok	ok	same	I-2.1,I-4.8,I-7.4	[2, 2]	4	0	[0, 0]	31	557056	0	0	t1@50182:released-and-isolated
F4-rot-both	N3-iso-persisted	OFMMFOF	O:ok F:noop M:ok M:ok F:noop O:ok F:ok(F=3,reclaimed=1)	ok	same	I-2.1,I-4.8,I-7.4	[2, 2]	4	0	[0, 0]	29	557056	0	0	t1@50182:released-and-isolated
F4-rot-both	N3-iso-persisted	OFMMFMO	O:ok F:noop M:ok M:ok F:noop M:ok O:ok	ok	same	I-2.1,I-4.8,I-7.4	[2, 2]	4	0	[0, 0]	31	589824	0	0	t1@50182:released-and-isolated
F4-rot-both	N3-iso-persisted	OFMMFOM	O:ok F:noop M:ok M:ok F:noop O:ok M:ok	ok	same	I-2.1,I-4.8,I-7.4	[2, 2]	4	0	[0, 0]	29	557056	0	0	t1@50182:released-and-isolated
F4-rot-both	N3-iso-persisted	OFMMFOO	O:ok F:noop M:ok M:ok F:noop O:ok O:ok	ok	same	I-2.1,I-4.8,I-7.4	[2, 2]	4	0	[0, 0]	31	622592	0	0	t1@50182:released-and-isolated
F4-rot-both	N3-iso-persisted	OFMMMFF	O:ok F:noop M:ok M:ok M:ok F:noop F:noop	ok	same	I-2.1,I-4.8,I-7.4	[2, 2]	4	0	[0, 0]	25	458752	0	0	t1@50182:released-and-isolated
F4-rot-both	N3-iso-persisted	OFMMMFO	O:ok F:noop M:ok M:ok M:ok F:noop O:ok	ok	same	I-2.1,I-4.8,I-7.4	[2, 2]	4	0	[0, 0]	31	589824	0	0	t1@50182:released-and-isolated
F4-rot-both	N3-iso-persisted	OFMMMFM	O:ok F:noop M:ok M:ok M:ok F:noop M:ok	ok	same	I-2.1,I-4.8,I-7.4	[2, 2]	4	0	[0, 0]	31	557056	0	0	t1@50182:released-and-isolated
F4-rot-both	N3-iso-persisted	OFMMMMF	O:ok F:noop M:ok M:ok M:ok M:ok F:noop	ok	same	I-2.1,I-4.8,I-7.4	[2, 2]	4	0	[0, 0]	31	557056	0	0	t1@50182:released-and-isolated
F4-rot-both	N3-iso-persisted	OFMMMOF	O:ok F:noop M:ok M:ok M:ok O:ok F:ok(F=3,reclaimed=1)	ok	same	I-2.1,I-4.8,I-7.4	[2, 2]	4	0	[0, 0]	35	655360	0	0	t1@50182:released-and-isolated
F4-rot-both	N3-iso-persisted	OFMMMMO	O:ok F:noop M:ok M:ok M:ok M:ok O:ok	ok	same	I-2.1,I-4.8,I-7.4	[2, 2]	4	0	[0, 0]	37	688128	0	0	t1@50182:released-and-isolated
F4-rot-both	N3-iso-persisted	OFMMMMM	O:ok F:noop M:ok M:ok M:ok M:ok M:ok	ok	same	I-2.1,I-4.8,I-7.4	[2, 2]	4	0	[0, 0]	37	655360	0	0	t1@50182:released-and-isolated
F4-rot-both	N3-iso-persisted	OFMMMOM	O:ok F:noop M:ok M:ok M:ok O:ok M:ok	ok	same	I-2.1,I-4.8,I-7.4	[2, 2]	4	0	[0, 0]	35	655360	0	0	t1@50182:released-and-isolated
F4-rot-both	N3-iso-persisted	OFMMOFF	O:ok F:noop M:ok M:ok O:ok F:ok(F=3,reclaimed=1) F:noop	ok	same	I-2.1,I-4.8,I-7.4	[2, 2]	4	0	[0, 0]	29	557056	0	0	t1@50182:released-and-isolated
F4-rot-both	N3-iso-persisted	OFMMOFO	O:ok F:noop M:ok M:ok O:ok F:ok(F=3,reclaimed=1) O:ok	ok	same	I-2.1,I-4.8,I-7.4	[2, 2]	4	0	[0, 0]	35	688128	0	0	t1@50182:released-and-isolated
F4-rot-both	N3-iso-persisted	OFMMMOO	O:ok F:noop M:ok M:ok M:ok O:ok O:ok	ok	same	I-2.1,I-4.8,I-7.4	[2, 2]	4	0	[0, 0]	37	720896	0	0	t1@50182:released-and-isolated
F4-rot-both	N3-iso-persisted	OFMMOFM	O:ok F:noop M:ok M:ok O:ok F:ok(F=3,reclaimed=1) M:ok	ok	same	I-2.1,I-4.8,I-7.4	[2, 2]	4	0	[0, 0]	35	655360	0	0	t1@50182:released-and-isolated
F4-rot-both	N3-iso-persisted	OFMMOOF	O:ok F:noop M:ok M:ok O:ok O:ok F:ok(F=6,reclaimed=18)	ok	same	I-2.1,I-4.8,I-7.4	[2, 2]	4	0	[0, 0]	35	688128	0	0	t1@50182:released-and-isolated
F4-rot-both	N3-iso-persisted	OFMMOMO	O:ok F:noop M:ok M:ok O:ok M:ok O:ok	ok	same	I-2.1,I-4.8,I-7.4	[2, 2]	4	0	[0, 0]	35	688128	0	0	t1@50182:released-and-isolated
F4-rot-both	N3-iso-persisted	OFMMOMF	O:ok F:noop M:ok M:ok O:ok M:ok F:ok(F=3,reclaimed=1)	ok	same	I-2.1,I-4.8,I-7.4	[2, 2]	4	0	[0, 0]	35	655360	0	0	t1@50182:released-and-isolated
F4-rot-both	N3-iso-persisted	OFMMOMM	O:ok F:noop M:ok M:ok O:ok M:ok M:ok	ok	same	I-2.1,I-4.8,I-7.4	[2, 2]	4	0	[0, 0]	35	655360	0	0	t1@50182:released-and-isolated
F4-rot-both	N3-iso-persisted	OFMOFFF	O:ok F:noop M:ok O:ok F:ok(F=3,reclaimed=1) F:noop F:noop	ok	same	I-2.1,I-4.8,I-7.4	[2, 2]	4	0	[0, 0]	23	458752	0	0	t1@50182:released-and-isolated
F4-rot-both	N3-iso-persisted	OFMMOOM	O:ok F:noop M:ok M:ok O:ok O:ok M:ok	ok	same	I-2.1,I-4.8,I-7.4	[2, 2]	4	0	[0, 0]	35	688128	0	0	t1@50182:released-and-isolated
F4-rot-both	N3-iso-persisted	OFMMOOO	O:ok F:noop M:ok M:ok O:ok O:ok O:ok	ok	same	I-2.1,I-4.8,I-7.4	[2, 2]	4	0	[0, 0]	37	753664	0	0	t1@50182:released-and-isolated
F4-rot-both	N3-iso-persisted	OFMOFFM	O:ok F:noop M:ok O:ok F:ok(F=3,reclaimed=1) F:noop M:ok	ok	same	I-2.1,I-4.8,I-7.4	[2, 2]	4	0	[0, 0]	29	557056	0	0	t1@50182:released-and-isolated
F4-rot-both	N3-iso-persisted	OFMOFFO	O:ok F:noop M:ok O:ok F:ok(F=3,reclaimed=1) F:noop O:ok	ok	same	I-2.1,I-4.8,I-7.4	[2, 2]	4	0	[0, 0]	29	589824	0	0	t1@50182:released-and-isolated
F4-rot-both	N3-iso-persisted	OFMOFMF	O:ok F:noop M:ok O:ok F:ok(F=3,reclaimed=1) M:ok F:noop	ok	same	I-2.1,I-4.8,I-7.4	[2, 2]	4	0	[0, 0]	29	557056	0	0	t1@50182:released-and-isolated
F4-rot-both	N3-iso-persisted	OFMOFMO	O:ok F:noop M:ok O:ok F:ok(F=3,reclaimed=1) M:ok O:ok	ok	same	I-2.1,I-4.8,I-7.4	[2, 2]	4	0	[0, 0]	35	688128	0	0	t1@50182:released-and-isolated
F4-rot-both	N3-iso-persisted	OFMOFMM	O:ok F:noop M:ok O:ok F:ok(F=3,reclaimed=1) M:ok M:ok	ok	same	I-2.1,I-4.8,I-7.4	[2, 2]	4	0	[0, 0]	35	655360	0	0	t1@50182:released-and-isolated
F4-rot-both	N3-iso-persisted	OFMOFOF	O:ok F:noop M:ok O:ok F:ok(F=3,reclaimed=1) O:ok F:ok(F=6,reclaimed=17)	ok	same	I-2.1,I-4.8,I-7.4	[2, 2]	4	0	[0, 0]	33	655360	0	0	t1@50182:released-and-isolated
F4-rot-both	N3-iso-persisted	OFMOFOO	O:ok F:noop M:ok O:ok F:ok(F=3,reclaimed=1) O:ok O:ok	ok	same	I-2.1,I-4.8,I-7.4	[2, 2]	4	0	[0, 0]	35	720896	0	0	t1@50182:released-and-isolated
F4-rot-both	N3-iso-persisted	OFMOFOM	O:ok F:noop M:ok O:ok F:ok(F=3,reclaimed=1) O:ok M:ok	ok	same	I-2.1,I-4.8,I-7.4	[2, 2]	4	0	[0, 0]	33	655360	0	0	t1@50182:released-and-isolated
F4-rot-both	N3-iso-persisted	OFMOMFF	O:ok F:noop M:ok O:ok M:ok F:ok(F=3,reclaimed=1) F:noop	ok	same	I-2.1,I-4.8,I-7.4	[2, 2]	4	0	[0, 0]	29	557056	0	0	t1@50182:released-and-isolated
F4-rot-both	N3-iso-persisted	OFMOMFM	O:ok F:noop M:ok O:ok M:ok F:ok(F=3,reclaimed=1) M:ok	ok	same	I-2.1,I-4.8,I-7.4	[2, 2]	4	0	[0, 0]	35	655360	0	0	t1@50182:released-and-isolated
F4-rot-both	N3-iso-persisted	OFMOMFO	O:ok F:noop M:ok O:ok M:ok F:ok(F=3,reclaimed=1) O:ok	ok	same	I-2.1,I-4.8,I-7.4	[2, 2]	4	0	[0, 0]	35	688128	0	0	t1@50182:released-and-isolated
F4-rot-both	N3-iso-persisted	OFMOMMF	O:ok F:noop M:ok O:ok M:ok M:ok F:ok(F=3,reclaimed=1)	ok	same	I-2.1,I-4.8,I-7.4	[2, 2]	4	0	[0, 0]	35	655360	0	0	t1@50182:released-and-isolated
F4-rot-both	N3-iso-persisted	OFMOMMM	O:ok F:noop M:ok O:ok M:ok M:ok M:ok	ok	same	I-2.1,I-4.8,I-7.4	[2, 2]	4	0	[0, 0]	35	655360	0	0	t1@50182:released-and-isolated
F4-rot-both	N3-iso-persisted	OFMOMOF	O:ok F:noop M:ok O:ok M:ok O:ok F:ok(F=6,reclaimed=18)	ok	same	I-2.1,I-4.8,I-7.4	[2, 2]	4	0	[0, 0]	33	655360	0	0	t1@50182:released-and-isolated
F4-rot-both	N3-iso-persisted	OFMOMMO	O:ok F:noop M:ok O:ok M:ok M:ok O:ok	ok	same	I-2.1,I-4.8,I-7.4	[2, 2]	4	0	[0, 0]	35	688128	0	0	t1@50182:released-and-isolated
F4-rot-both	N3-iso-persisted	OFMOMOO	O:ok F:noop M:ok O:ok M:ok O:ok O:ok	ok	same	I-2.1,I-4.8,I-7.4	[2, 2]	4	0	[0, 0]	35	720896	0	0	t1@50182:released-and-isolated
F4-rot-both	N3-iso-persisted	OFMOMOM	O:ok F:noop M:ok O:ok M:ok O:ok M:ok	ok	same	I-2.1,I-4.8,I-7.4	[2, 2]	4	0	[0, 0]	33	655360	0	0	t1@50182:released-and-isolated
F4-rot-both	N3-iso-persisted	OFMOOFF	O:ok F:noop M:ok O:ok O:ok F:ok(F=6,reclaimed=18) F:noop	ok	same	I-2.1,I-4.8,I-7.4	[2, 2]	4	0	[0, 0]	29	589824	0	0	t1@50182:released-and-isolated
F4-rot-both	N3-iso-persisted	OFMOOFO	O:ok F:noop M:ok O:ok O:ok F:ok(F=6,reclaimed=18) O:ok	ok	same	I-2.1,I-4.8,I-7.4	[2, 2]	4	0	[0, 0]	35	720896	0	0	t1@50182:released-and-isolated
F4-rot-both	N3-iso-persisted	OFMOOFM	O:ok F:noop M:ok O:ok O:ok F:ok(F=6,reclaimed=18) M:ok	ok	same	I-2.1,I-4.8,I-7.4	[2, 2]	4	0	[0, 0]	33	655360	0	0	t1@50182:released-and-isolated
F4-rot-both	N3-iso-persisted	OFMOOMF	O:ok F:noop M:ok O:ok O:ok M:ok F:ok(F=6,reclaimed=18)	ok	same	I-2.1,I-4.8,I-7.4	[2, 2]	4	0	[0, 0]	33	655360	0	0	t1@50182:released-and-isolated
F4-rot-both	N3-iso-persisted	OFMOOOF	O:ok F:noop M:ok O:ok O:ok O:ok F:ok(F=7,reclaimed=26)	ok	same	-	[2, 2]	4	0	[2, 2]	37	753664	0	0	t1@50182:released-and-isolated
F4-rot-both	N3-iso-persisted	OFMOOMM	O:ok F:noop M:ok O:ok O:ok M:ok M:ok	ok	same	I-2.1,I-4.8,I-7.4	[2, 2]	4	0	[0, 0]	33	655360	0	0	t1@50182:released-and-isolated
F4-rot-both	N3-iso-persisted	OFMOOMO	O:ok F:noop M:ok O:ok O:ok M:ok O:ok	ok	same	I-2.1,I-4.8,I-7.4	[2, 2]	4	0	[0, 0]	35	720896	0	0	t1@50182:released-and-isolated
F4-rot-both	N3-iso-persisted	OFMOOOM	O:ok F:noop M:ok O:ok O:ok O:ok M:ok	ok	same	I-2.1,I-4.8,I-7.4	[2, 2]	4	0	[0, 0]	37	753664	0	0	t1@50182:released-and-isolated
F4-rot-both	N3-iso-persisted	OFOFFFF	O:ok F:noop O:ok F:ok(F=3,reclaimed=1) F:noop F:noop F:noop	ok	same	I-2.1,I-4.8,I-7.4	[2, 2]	4	0	[0, 0]	17	360448	0	0	t1@50182:released-and-isolated
F4-rot-both	N3-iso-persisted	OFOFFFO	O:ok F:noop O:ok F:ok(F=3,reclaimed=1) F:noop F:noop O:ok	ok	same	I-2.1,I-4.8,I-7.4	[2, 2]	4	0	[0, 0]	23	491520	0	0	t1@50182:released-and-isolated
F4-rot-both	N3-iso-persisted	OFMOOOO	O:ok F:noop M:ok O:ok O:ok O:ok O:ok	ok	same	I-2.1,I-4.8,I-7.4	[2, 2]	4	0	[0, 0]	37	786432	0	0	t1@50182:released-and-isolated
F4-rot-both	N3-iso-persisted	OFOFFFM	O:ok F:noop O:ok F:ok(F=3,reclaimed=1) F:noop F:noop M:ok	ok	same	I-2.1,I-4.8,I-7.4	[2, 2]	4	0	[0, 0]	23	458752	0	0	t1@50182:released-and-isolated
F4-rot-both	N3-iso-persisted	OFOFFMF	O:ok F:noop O:ok F:ok(F=3,reclaimed=1) F:noop M:ok F:noop	ok	same	I-2.1,I-4.8,I-7.4	[2, 2]	4	0	[0, 0]	23	458752	0	0	t1@50182:released-and-isolated
F4-rot-both	N3-iso-persisted	OFOFFOF	O:ok F:noop O:ok F:ok(F=3,reclaimed=1) F:noop O:ok F:ok(F=6,reclaimed=17)	ok	same	I-2.1,I-4.8,I-7.4	[2, 2]	4	0	[0, 0]	27	557056	0	0	t1@50182:released-and-isolated
F4-rot-both	N3-iso-persisted	OFOFFMO	O:ok F:noop O:ok F:ok(F=3,reclaimed=1) F:noop M:ok O:ok	ok	same	I-2.1,I-4.8,I-7.4	[2, 2]	4	0	[0, 0]	29	589824	0	0	t1@50182:released-and-isolated
F4-rot-both	N3-iso-persisted	OFOFFMM	O:ok F:noop O:ok F:ok(F=3,reclaimed=1) F:noop M:ok M:ok	ok	same	I-2.1,I-4.8,I-7.4	[2, 2]	4	0	[0, 0]	29	557056	0	0	t1@50182:released-and-isolated
F4-rot-both	N3-iso-persisted	OFOFFOO	O:ok F:noop O:ok F:ok(F=3,reclaimed=1) F:noop O:ok O:ok	ok	same	I-2.1,I-4.8,I-7.4	[2, 2]	4	0	[0, 0]	29	622592	0	0	t1@50182:released-and-isolated
F4-rot-both	N3-iso-persisted	OFOFFOM	O:ok F:noop O:ok F:ok(F=3,reclaimed=1) F:noop O:ok M:ok	ok	same	I-2.1,I-4.8,I-7.4	[2, 2]	4	0	[0, 0]	27	557056	0	0	t1@50182:released-and-isolated
F4-rot-both	N3-iso-persisted	OFOFMFF	O:ok F:noop O:ok F:ok(F=3,reclaimed=1) M:ok F:noop F:noop	ok	same	I-2.1,I-4.8,I-7.4	[2, 2]	4	0	[0, 0]	23	458752	0	0	t1@50182:released-and-isolated
F4-rot-both	N3-iso-persisted	OFOFMFM	O:ok F:noop O:ok F:ok(F=3,reclaimed=1) M:ok F:noop M:ok	ok	same	I-2.1,I-4.8,I-7.4	[2, 2]	4	0	[0, 0]	29	557056	0	0	t1@50182:released-and-isolated
F4-rot-both	N3-iso-persisted	OFOFMFO	O:ok F:noop O:ok F:ok(F=3,reclaimed=1) M:ok F:noop O:ok	ok	same	I-2.1,I-4.8,I-7.4	[2, 2]	4	0	[0, 0]	29	589824	0	0	t1@50182:released-and-isolated
F4-rot-both	N3-iso-persisted	OFOFMMF	O:ok F:noop O:ok F:ok(F=3,reclaimed=1) M:ok M:ok F:noop	ok	same	I-2.1,I-4.8,I-7.4	[2, 2]	4	0	[0, 0]	29	557056	0	0	t1@50182:released-and-isolated
F4-rot-both	N3-iso-persisted	OFOFMMM	O:ok F:noop O:ok F:ok(F=3,reclaimed=1) M:ok M:ok M:ok	ok	same	I-2.1,I-4.8,I-7.4	[2, 2]	4	0	[0, 0]	35	655360	0	0	t1@50182:released-and-isolated
F4-rot-both	N3-iso-persisted	OFOFMMO	O:ok F:noop O:ok F:ok(F=3,reclaimed=1) M:ok M:ok O:ok	ok	same	I-2.1,I-4.8,I-7.4	[2, 2]	4	0	[0, 0]	35	688128	0	0	t1@50182:released-and-isolated
F4-rot-both	N3-iso-persisted	OFOFMOF	O:ok F:noop O:ok F:ok(F=3,reclaimed=1) M:ok O:ok F:ok(F=6,reclaimed=17)	ok	same	I-2.1,I-4.8,I-7.4	[2, 2]	4	0	[0, 0]	33	655360	0	0	t1@50182:released-and-isolated
F4-rot-both	N3-iso-persisted	OFOFOFF	O:ok F:noop O:ok F:ok(F=3,reclaimed=1) O:ok F:ok(F=6,reclaimed=17) F:noop	ok	same	I-2.1,I-4.8,I-7.4	[2, 2]	4	0	[0, 0]	27	557056	0	0	t1@50182:released-and-isolated
F4-rot-both	N3-iso-persisted	OFOFMOM	O:ok F:noop O:ok F:ok(F=3,reclaimed=1) M:ok O:ok M:ok	ok	same	I-2.1,I-4.8,I-7.4	[2, 2]	4	0	[0, 0]	33	655360	0	0	t1@50182:released-and-isolated
F4-rot-both	N3-iso-persisted	OFOFMOO	O:ok F:noop O:ok F:ok(F=3,reclaimed=1) M:ok O:ok O:ok	ok	same	I-2.1,I-4.8,I-7.4	[2, 2]	4	0	[0, 0]	35	720896	0	0	t1@50182:released-and-isolated
F4-rot-both	N3-iso-persisted	OFOFOFM	O:ok F:noop O:ok F:ok(F=3,reclaimed=1) O:ok F:ok(F=6,reclaimed=17) M:ok	ok	same	I-2.1,I-4.8,I-7.4	[2, 2]	4	0	[0, 0]	33	655360	0	0	t1@50182:released-and-isolated
F4-rot-both	N3-iso-persisted	OFOFOFO	O:ok F:noop O:ok F:ok(F=3,reclaimed=1) O:ok F:ok(F=6,reclaimed=17) O:ok	ok	same	I-2.1,I-4.8,I-7.4	[2, 2]	4	0	[0, 0]	33	688128	0	0	t1@50182:released-and-isolated
F4-rot-both	N3-iso-persisted	OFOFOMF	O:ok F:noop O:ok F:ok(F=3,reclaimed=1) O:ok M:ok F:ok(F=6,reclaimed=17)	ok	same	I-2.1,I-4.8,I-7.4	[2, 2]	4	0	[0, 0]	33	655360	0	0	t1@50182:released-and-isolated
F4-rot-both	N3-iso-persisted	OFOFOMM	O:ok F:noop O:ok F:ok(F=3,reclaimed=1) O:ok M:ok M:ok	ok	same	I-2.1,I-4.8,I-7.4	[2, 2]	4	0	[0, 0]	33	655360	0	0	t1@50182:released-and-isolated
F4-rot-both	N3-iso-persisted	OFOFOOF	O:ok F:noop O:ok F:ok(F=3,reclaimed=1) O:ok O:ok F:ok(F=7,reclaimed=25)	ok	same	-	[2, 2]	4	0	[2, 2]	33	688128	0	0	t1@50182:released-and-isolated
F4-rot-both	N3-iso-persisted	OFOFOMO	O:ok F:noop O:ok F:ok(F=3,reclaimed=1) O:ok M:ok O:ok	ok	same	I-2.1,I-4.8,I-7.4	[2, 2]	4	0	[0, 0]	33	688128	0	0	t1@50182:released-and-isolated
F4-rot-both	N3-iso-persisted	OFOFOOM	O:ok F:noop O:ok F:ok(F=3,reclaimed=1) O:ok O:ok M:ok	ok	same	I-2.1,I-4.8,I-7.4	[2, 2]	4	0	[0, 0]	33	688128	0	0	t1@50182:released-and-isolated
F4-rot-both	N3-iso-persisted	OFOFOOO	O:ok F:noop O:ok F:ok(F=3,reclaimed=1) O:ok O:ok O:ok	ok	same	I-2.1,I-4.8,I-7.4	[2, 2]	4	0	[0, 0]	35	753664	0	0	t1@50182:released-and-isolated
F4-rot-both	N3-iso-persisted	OFOMFFF	O:ok F:noop O:ok M:ok F:ok(F=3,reclaimed=1) F:noop F:noop	ok	same	I-2.1,I-4.8,I-7.4	[2, 2]	4	0	[0, 0]	23	458752	0	0	t1@50182:released-and-isolated
F4-rot-both	N3-iso-persisted	OFOMFFM	O:ok F:noop O:ok M:ok F:ok(F=3,reclaimed=1) F:noop M:ok	ok	same	I-2.1,I-4.8,I-7.4	[2, 2]	4	0	[0, 0]	29	557056	0	0	t1@50182:released-and-isolated
F4-rot-both	N3-iso-persisted	OFOMFFO	O:ok F:noop O:ok M:ok F:ok(F=3,reclaimed=1) F:noop O:ok	ok	same	I-2.1,I-4.8,I-7.4	[2, 2]	4	0	[0, 0]	29	589824	0	0	t1@50182:released-and-isolated
F4-rot-both	N3-iso-persisted	OFOMFMF	O:ok F:noop O:ok M:ok F:ok(F=3,reclaimed=1) M:ok F:noop	ok	same	I-2.1,I-4.8,I-7.4	[2, 2]	4	0	[0, 0]	29	557056	0	0	t1@50182:released-and-isolated
F4-rot-both	N3-iso-persisted	OFOMFOF	O:ok F:noop O:ok M:ok F:ok(F=3,reclaimed=1) O:ok F:ok(F=6,reclaimed=17)	ok	same	I-2.1,I-4.8,I-7.4	[2, 2]	4	0	[0, 0]	33	655360	0	0	t1@50182:released-and-isolated
F4-rot-both	N3-iso-persisted	OFOMFMM	O:ok F:noop O:ok M:ok F:ok(F=3,reclaimed=1) M:ok M:ok	ok	same	I-2.1,I-4.8,I-7.4	[2, 2]	4	0	[0, 0]	35	655360	0	0	t1@50182:released-and-isolated
F4-rot-both	N3-iso-persisted	OFOMFMO	O:ok F:noop O:ok M:ok F:ok(F=3,reclaimed=1) M:ok O:ok	ok	same	I-2.1,I-4.8,I-7.4	[2, 2]	4	0	[0, 0]	35	688128	0	0	t1@50182:released-and-isolated
F4-rot-both	N3-iso-persisted	OFOMFOM	O:ok F:noop O:ok M:ok F:ok(F=3,reclaimed=1) O:ok M:ok	ok	same	I-2.1,I-4.8,I-7.4	[2, 2]	4	0	[0, 0]	33	655360	0	0	t1@50182:released-and-isolated
F4-rot-both	N3-iso-persisted	OFOMFOO	O:ok F:noop O:ok M:ok F:ok(F=3,reclaimed=1) O:ok O:ok	ok	same	I-2.1,I-4.8,I-7.4	[2, 2]	4	0	[0, 0]	35	720896	0	0	t1@50182:released-and-isolated
F4-rot-both	N3-iso-persisted	OFOMMFF	O:ok F:noop O:ok M:ok M:ok F:ok(F=3,reclaimed=1) F:noop	ok	same	I-2.1,I-4.8,I-7.4	[2, 2]	4	0	[0, 0]	29	557056	0	0	t1@50182:released-and-isolated
F4-rot-both	N3-iso-persisted	OFOMMFO	O:ok F:noop O:ok M:ok M:ok F:ok(F=3,reclaimed=1) O:ok	ok	same	I-2.1,I-4.8,I-7.4	[2, 2]	4	0	[0, 0]	35	688128	0	0	t1@50182:released-and-isolated
F4-rot-both	N3-iso-persisted	OFOMMFM	O:ok F:noop O:ok M:ok M:ok F:ok(F=3,reclaimed=1) M:ok	ok	same	I-2.1,I-4.8,I-7.4	[2, 2]	4	0	[0, 0]	35	655360	0	0	t1@50182:released-and-isolated
F4-rot-both	N3-iso-persisted	OFOMMMF	O:ok F:noop O:ok M:ok M:ok M:ok F:ok(F=3,reclaimed=1)	ok	same	I-2.1,I-4.8,I-7.4	[2, 2]	4	0	[0, 0]	35	655360	0	0	t1@50182:released-and-isolated
F4-rot-both	N3-iso-persisted	OFOMMOF	O:ok F:noop O:ok M:ok M:ok O:ok F:ok(F=6,reclaimed=18)	ok	same	I-2.1,I-4.8,I-7.4	[2, 2]	4	0	[0, 0]	33	655360	0	0	t1@50182:released-and-isolated
F4-rot-both	N3-iso-persisted	OFOMMMO	O:ok F:noop O:ok M:ok M:ok M:ok O:ok	ok	same	I-2.1,I-4.8,I-7.4	[2, 2]	4	0	[0, 0]	35	688128	0	0	t1@50182:released-and-isolated
F4-rot-both	N3-iso-persisted	OFOMMMM	O:ok F:noop O:ok M:ok M:ok M:ok M:ok	ok	same	I-2.1,I-4.8,I-7.4	[2, 2]	4	0	[0, 0]	35	655360	0	0	t1@50182:released-and-isolated
F4-rot-both	N3-iso-persisted	OFOMOFF	O:ok F:noop O:ok M:ok O:ok F:ok(F=6,reclaimed=18) F:noop	ok	same	I-2.1,I-4.8,I-7.4	[2, 2]	4	0	[0, 0]	27	557056	0	0	t1@50182:released-and-isolated
F4-rot-both	N3-iso-persisted	OFOMMOO	O:ok F:noop O:ok M:ok M:ok O:ok O:ok	ok	same	I-2.1,I-4.8,I-7.4	[2, 2]	4	0	[0, 0]	35	720896	0	0	t1@50182:released-and-isolated
F4-rot-both	N3-iso-persisted	OFOMMOM	O:ok F:noop O:ok M:ok M:ok O:ok M:ok	ok	same	I-2.1,I-4.8,I-7.4	[2, 2]	4	0	[0, 0]	33	655360	0	0	t1@50182:released-and-isolated
F4-rot-both	N3-iso-persisted	OFOMOFM	O:ok F:noop O:ok M:ok O:ok F:ok(F=6,reclaimed=18) M:ok	ok	same	I-2.1,I-4.8,I-7.4	[2, 2]	4	0	[0, 0]	33	655360	0	0	t1@50182:released-and-isolated
F4-rot-both	N3-iso-persisted	OFOMOFO	O:ok F:noop O:ok M:ok O:ok F:ok(F=6,reclaimed=18) O:ok	ok	same	I-2.1,I-4.8,I-7.4	[2, 2]	4	0	[0, 0]	33	688128	0	0	t1@50182:released-and-isolated
F4-rot-both	N3-iso-persisted	OFOMOMF	O:ok F:noop O:ok M:ok O:ok M:ok F:ok(F=6,reclaimed=18)	ok	same	I-2.1,I-4.8,I-7.4	[2, 2]	4	0	[0, 0]	33	655360	0	0	t1@50182:released-and-isolated
F4-rot-both	N3-iso-persisted	OFOMOMO	O:ok F:noop O:ok M:ok O:ok M:ok O:ok	ok	same	I-2.1,I-4.8,I-7.4	[2, 2]	4	0	[0, 0]	33	688128	0	0	t1@50182:released-and-isolated
F4-rot-both	N3-iso-persisted	OFOMOMM	O:ok F:noop O:ok M:ok O:ok M:ok M:ok	ok	same	I-2.1,I-4.8,I-7.4	[2, 2]	4	0	[0, 0]	33	655360	0	0	t1@50182:released-and-isolated
F4-rot-both	N3-iso-persisted	OFOMOOF	O:ok F:noop O:ok M:ok O:ok O:ok F:ok(F=7,reclaimed=26)	ok	same	-	[2, 2]	4	0	[2, 2]	33	688128	0	0	t1@50182:released-and-isolated
F4-rot-both	N3-iso-persisted	OFOOFFF	O:ok F:noop O:ok O:ok F:ok(F=6,reclaimed=18) F:noop F:noop	ok	same	I-2.1,I-4.8,I-7.4	[2, 2]	4	0	[0, 0]	23	491520	0	0	t1@50182:released-and-isolated
F4-rot-both	N3-iso-persisted	OFOMOOO	O:ok F:noop O:ok M:ok O:ok O:ok O:ok	ok	same	I-2.1,I-4.8,I-7.4	[2, 2]	4	0	[0, 0]	35	753664	0	0	t1@50182:released-and-isolated
F4-rot-both	N3-iso-persisted	OFOMOOM	O:ok F:noop O:ok M:ok O:ok O:ok M:ok	ok	same	I-2.1,I-4.8,I-7.4	[2, 2]	4	0	[0, 0]	33	688128	0	0	t1@50182:released-and-isolated
F4-rot-both	N3-iso-persisted	OFOOFFO	O:ok F:noop O:ok O:ok F:ok(F=6,reclaimed=18) F:noop O:ok	ok	same	I-2.1,I-4.8,I-7.4	[2, 2]	4	0	[0, 0]	29	622592	0	0	t1@50182:released-and-isolated
F4-rot-both	N3-iso-persisted	OFOOFFM	O:ok F:noop O:ok O:ok F:ok(F=6,reclaimed=18) F:noop M:ok	ok	same	I-2.1,I-4.8,I-7.4	[2, 2]	4	0	[0, 0]	27	557056	0	0	t1@50182:released-and-isolated
F4-rot-both	N3-iso-persisted	OFOOFMF	O:ok F:noop O:ok O:ok F:ok(F=6,reclaimed=18) M:ok F:noop	ok	same	I-2.1,I-4.8,I-7.4	[2, 2]	4	0	[0, 0]	27	557056	0	0	t1@50182:released-and-isolated
F4-rot-both	N3-iso-persisted	OFOOFMM	O:ok F:noop O:ok O:ok F:ok(F=6,reclaimed=18) M:ok M:ok	ok	same	I-2.1,I-4.8,I-7.4	[2, 2]	4	0	[0, 0]	33	655360	0	0	t1@50182:released-and-isolated
F4-rot-both	N3-iso-persisted	OFOOFOF	O:ok F:noop O:ok O:ok F:ok(F=6,reclaimed=18) O:ok F:ok(F=7,reclaimed=8)	ok	same	-	[2, 2]	4	0	[2, 2]	33	688128	0	0	t1@50182:released-and-isolated
F4-rot-both	N3-iso-persisted	OFOOFMO	O:ok F:noop O:ok O:ok F:ok(F=6,reclaimed=18) M:ok O:ok	ok	same	I-2.1,I-4.8,I-7.4	[2, 2]	4	0	[0, 0]	33	688128	0	0	t1@50182:released-and-isolated
F4-rot-both	N3-iso-persisted	OFOOFOM	O:ok F:noop O:ok O:ok F:ok(F=6,reclaimed=18) O:ok M:ok	ok	same	I-2.1,I-4.8,I-7.4	[2, 2]	4	0	[0, 0]	33	688128	0	0	t1@50182:released-and-isolated
F4-rot-both	N3-iso-persisted	OFOOFOO	O:ok F:noop O:ok O:ok F:ok(F=6,reclaimed=18) O:ok O:ok	ok	same	I-2.1,I-4.8,I-7.4	[2, 2]	4	0	[0, 0]	35	753664	0	0	t1@50182:released-and-isolated
F4-rot-both	N3-iso-persisted	OFOOMFF	O:ok F:noop O:ok O:ok M:ok F:ok(F=6,reclaimed=18) F:noop	ok	same	I-2.1,I-4.8,I-7.4	[2, 2]	4	0	[0, 0]	27	557056	0	0	t1@50182:released-and-isolated
F4-rot-both	N3-iso-persisted	OFOOMFM	O:ok F:noop O:ok O:ok M:ok F:ok(F=6,reclaimed=18) M:ok	ok	same	I-2.1,I-4.8,I-7.4	[2, 2]	4	0	[0, 0]	33	655360	0	0	t1@50182:released-and-isolated
F4-rot-both	N3-iso-persisted	OFOOMFO	O:ok F:noop O:ok O:ok M:ok F:ok(F=6,reclaimed=18) O:ok	ok	same	I-2.1,I-4.8,I-7.4	[2, 2]	4	0	[0, 0]	33	688128	0	0	t1@50182:released-and-isolated
F4-rot-both	N3-iso-persisted	OFOOMMF	O:ok F:noop O:ok O:ok M:ok M:ok F:ok(F=6,reclaimed=18)	ok	same	I-2.1,I-4.8,I-7.4	[2, 2]	4	0	[0, 0]	33	655360	0	0	t1@50182:released-and-isolated
F4-rot-both	N3-iso-persisted	OFOOMMM	O:ok F:noop O:ok O:ok M:ok M:ok M:ok	ok	same	I-2.1,I-4.8,I-7.4	[2, 2]	4	0	[0, 0]	33	655360	0	0	t1@50182:released-and-isolated
F4-rot-both	N3-iso-persisted	OFOOMMO	O:ok F:noop O:ok O:ok M:ok M:ok O:ok	ok	same	I-2.1,I-4.8,I-7.4	[2, 2]	4	0	[0, 0]	33	688128	0	0	t1@50182:released-and-isolated
F4-rot-both	N3-iso-persisted	OFOOMOF	O:ok F:noop O:ok O:ok M:ok O:ok F:ok(F=7,reclaimed=26)	ok	same	-	[2, 2]	4	0	[2, 2]	33	688128	0	0	t1@50182:released-and-isolated
F4-rot-both	N3-iso-persisted	OFOOMOM	O:ok F:noop O:ok O:ok M:ok O:ok M:ok	ok	same	I-2.1,I-4.8,I-7.4	[2, 2]	4	0	[0, 0]	33	688128	0	0	t1@50182:released-and-isolated
F4-rot-both	N3-iso-persisted	OFOOOFF	O:ok F:noop O:ok O:ok O:ok F:ok(F=7,reclaimed=26) F:noop	ok	same	-	[2, 2]	4	0	[2, 2]	31	655360	0	0	t1@50182:released-and-isolated
F4-rot-both	N3-iso-persisted	OFOOMOO	O:ok F:noop O:ok O:ok M:ok O:ok O:ok	ok	same	I-2.1,I-4.8,I-7.4	[2, 2]	4	0	[0, 0]	35	753664	0	0	t1@50182:released-and-isolated
F4-rot-both	N3-iso-persisted	OFOOOFM	O:ok F:noop O:ok O:ok O:ok F:ok(F=7,reclaimed=26) M:ok	ok	same	-	[2, 2]	4	0	[2, 2]	37	753664	0	0	t1@50182:released-and-isolated
F4-rot-both	N3-iso-persisted	OFOOOFO	O:ok F:noop O:ok O:ok O:ok F:ok(F=7,reclaimed=26) O:ok	ok	same	-	[2, 2]	4	0	[2, 2]	37	786432	0	0	t1@50182:released-and-isolated
F4-rot-both	N3-iso-persisted	OFOOOMF	O:ok F:noop O:ok O:ok O:ok M:ok F:ok(F=7,reclaimed=26)	ok	same	-	[2, 2]	4	0	[2, 2]	37	753664	0	0	t1@50182:released-and-isolated
F4-rot-both	N3-iso-persisted	OFOOOOF	O:ok F:noop O:ok O:ok O:ok O:ok F:ok(F=8,reclaimed=34)	ok	same	-	[2, 2]	4	0	[2, 2]	35	753664	0	0	t1@50182:released-and-isolated
F4-rot-both	N3-iso-persisted	OFOOOMO	O:ok F:noop O:ok O:ok O:ok M:ok O:ok	ok	same	I-2.1,I-4.8,I-7.4	[2, 2]	4	0	[0, 0]	37	786432	0	0	t1@50182:released-and-isolated
F4-rot-both	N3-iso-persisted	OFOOOMM	O:ok F:noop O:ok O:ok O:ok M:ok M:ok	ok	same	I-2.1,I-4.8,I-7.4	[2, 2]	4	0	[0, 0]	37	753664	0	0	t1@50182:released-and-isolated
F4-rot-both	N3-iso-persisted	OFOOOOO	O:ok F:noop O:ok O:ok O:ok O:ok O:ok	ok	same	I-2.1,I-4.8,I-7.4	[2, 2]	4	0	[0, 0]	37	819200	0	0	t1@50182:released-and-isolated
F4-rot-both	N3-iso-persisted	OFOOOOM	O:ok F:noop O:ok O:ok O:ok O:ok M:ok	ok	same	I-2.1,I-4.8,I-7.4	[2, 2]	4	0	[0, 0]	35	753664	0	0	t1@50182:released-and-isolated
F4-rot-both	N3-iso-persisted	OMFFFFF	O:ok M:ok F:noop F:noop F:noop F:noop F:noop	ok	same	I-2.1,I-4.8,I-7.4	[2, 2]	4	0	[0, 0]	13	262144	0	0	t1@50182:released-and-isolated
F4-rot-both	N3-iso-persisted	OMFFFFM	O:ok M:ok F:noop F:noop F:noop F:noop M:ok	ok	same	I-2.1,I-4.8,I-7.4	[2, 2]	4	0	[0, 0]	19	360448	0	0	t1@50182:released-and-isolated
F4-rot-both	N3-iso-persisted	OMFFFFO	O:ok M:ok F:noop F:noop F:noop F:noop O:ok	ok	same	I-2.1,I-4.8,I-7.4	[2, 2]	4	0	[0, 0]	19	393216	0	0	t1@50182:released-and-isolated
F4-rot-both	N3-iso-persisted	OMFFFMF	O:ok M:ok F:noop F:noop F:noop M:ok F:noop	ok	same	I-2.1,I-4.8,I-7.4	[2, 2]	4	0	[0, 0]	19	360448	0	0	t1@50182:released-and-isolated
F4-rot-both	N3-iso-persisted	OMFFFMO	O:ok M:ok F:noop F:noop F:noop M:ok O:ok	ok	same	I-2.1,I-4.8,I-7.4	[2, 2]	4	0	[0, 0]	25	491520	0	0	t1@50182:released-and-isolated
F4-rot-both	N3-iso-persisted	OMFFFMM	O:ok M:ok F:noop F:noop F:noop M:ok M:ok	ok	same	I-2.1,I-4.8,I-7.4	[2, 2]	4	0	[0, 0]	25	458752	0	0	t1@50182:released-and-isolated
F4-rot-both	N3-iso-persisted	OMFFFOF	O:ok M:ok F:noop F:noop F:noop O:ok F:ok(F=3,reclaimed=1)	ok	same	I-2.1,I-4.8,I-7.4	[2, 2]	4	0	[0, 0]	23	458752	0	0	t1@50182:released-and-isolated
F4-rot-both	N3-iso-persisted	OMFFFOO	O:ok M:ok F:noop F:noop F:noop O:ok O:ok	ok	same	I-2.1,I-4.8,I-7.4	[2, 2]	4	0	[0, 0]	25	524288	0	0	t1@50182:released-and-isolated
F4-rot-both	N3-iso-persisted	OMFFFOM	O:ok M:ok F:noop F:noop F:noop O:ok M:ok	ok	same	I-2.1,I-4.8,I-7.4	[2, 2]	4	0	[0, 0]	23	458752	0	0	t1@50182:released-and-isolated
F4-rot-both	N3-iso-persisted	OMFFMFF	O:ok M:ok F:noop F:noop M:ok F:noop F:noop	ok	same	I-2.1,I-4.8,I-7.4	[2, 2]	4	0	[0, 0]	19	360448	0	0	t1@50182:released-and-isolated
F4-rot-both	N3-iso-persisted	OMFFMFM	O:ok M:ok F:noop F:noop M:ok F:noop M:ok	ok	same	I-2.1,I-4.8,I-7.4	[2, 2]	4	0	[0, 0]	25	458752	0	0	t1@50182:released-and-isolated
F4-rot-both	N3-iso-persisted	OMFFMFO	O:ok M:ok F:noop F:noop M:ok F:noop O:ok	ok	same	I-2.1,I-4.8,I-7.4	[2, 2]	4	0	[0, 0]	25	491520	0	0	t1@50182:released-and-isolated
F4-rot-both	N3-iso-persisted	OMFFMMF	O:ok M:ok F:noop F:noop M:ok M:ok F:noop	ok	same	I-2.1,I-4.8,I-7.4	[2, 2]	4	0	[0, 0]	25	458752	0	0	t1@50182:released-and-isolated
F4-rot-both	N3-iso-persisted	OMFFMMM	O:ok M:ok F:noop F:noop M:ok M:ok M:ok	ok	same	I-2.1,I-4.8,I-7.4	[2, 2]	4	0	[0, 0]	31	557056	0	0	t1@50182:released-and-isolated
F4-rot-both	N3-iso-persisted	OMFFMOF	O:ok M:ok F:noop F:noop M:ok O:ok F:ok(F=3,reclaimed=1)	ok	same	I-2.1,I-4.8,I-7.4	[2, 2]	4	0	[0, 0]	29	557056	0	0	t1@50182:released-and-isolated
F4-rot-both	N3-iso-persisted	OMFFMMO	O:ok M:ok F:noop F:noop M:ok M:ok O:ok	ok	same	I-2.1,I-4.8,I-7.4	[2, 2]	4	0	[0, 0]	31	589824	0	0	t1@50182:released-and-isolated
F4-rot-both	N3-iso-persisted	OMFFMOM	O:ok M:ok F:noop F:noop M:ok O:ok M:ok	ok	same	I-2.1,I-4.8,I-7.4	[2, 2]	4	0	[0, 0]	29	557056	0	0	t1@50182:released-and-isolated
F4-rot-both	N3-iso-persisted	OMFFMOO	O:ok M:ok F:noop F:noop M:ok O:ok O:ok	ok	same	I-2.1,I-4.8,I-7.4	[2, 2]	4	0	[0, 0]	31	622592	0	0	t1@50182:released-and-isolated
F4-rot-both	N3-iso-persisted	OMFFOFF	O:ok M:ok F:noop F:noop O:ok F:ok(F=3,reclaimed=1) F:noop	ok	same	I-2.1,I-4.8,I-7.4	[2, 2]	4	0	[0, 0]	23	458752	0	0	t1@50182:released-and-isolated
F4-rot-both	N3-iso-persisted	OMFFOFO	O:ok M:ok F:noop F:noop O:ok F:ok(F=3,reclaimed=1) O:ok	ok	same	I-2.1,I-4.8,I-7.4	[2, 2]	4	0	[0, 0]	29	589824	0	0	t1@50182:released-and-isolated
F4-rot-both	N3-iso-persisted	OMFFOFM	O:ok M:ok F:noop F:noop O:ok F:ok(F=3,reclaimed=1) M:ok	ok	same	I-2.1,I-4.8,I-7.4	[2, 2]	4	0	[0, 0]	29	557056	0	0	t1@50182:released-and-isolated
F4-rot-both	N3-iso-persisted	OMFFOMF	O:ok M:ok F:noop F:noop O:ok M:ok F:ok(F=3,reclaimed=1)	ok	same	I-2.1,I-4.8,I-7.4	[2, 2]	4	0	[0, 0]	29	557056	0	0	t1@50182:released-and-isolated
F4-rot-both	N3-iso-persisted	OMFFOOF	O:ok M:ok F:noop F:noop O:ok O:ok F:ok(F=6,reclaimed=18)	ok	same	I-2.1,I-4.8,I-7.4	[2, 2]	4	0	[0, 0]	29	589824	0	0	t1@50182:released-and-isolated
F4-rot-both	N3-iso-persisted	OMFFOMO	O:ok M:ok F:noop F:noop O:ok M:ok O:ok	ok	same	I-2.1,I-4.8,I-7.4	[2, 2]	4	0	[0, 0]	29	589824	0	0	t1@50182:released-and-isolated
F4-rot-both	N3-iso-persisted	OMFFOMM	O:ok M:ok F:noop F:noop O:ok M:ok M:ok	ok	same	I-2.1,I-4.8,I-7.4	[2, 2]	4	0	[0, 0]	29	557056	0	0	t1@50182:released-and-isolated
F4-rot-both	N3-iso-persisted	OMFFOOM	O:ok M:ok F:noop F:noop O:ok O:ok M:ok	ok	same	I-2.1,I-4.8,I-7.4	[2, 2]	4	0	[0, 0]	29	589824	0	0	t1@50182:released-and-isolated
F4-rot-both	N3-iso-persisted	OMFFOOO	O:ok M:ok F:noop F:noop O:ok O:ok O:ok	ok	same	I-2.1,I-4.8,I-7.4	[2, 2]	4	0	[0, 0]	31	655360	0	0	t1@50182:released-and-isolated
F4-rot-both	N3-iso-persisted	OMFMFFF	O:ok M:ok F:noop M:ok F:noop F:noop F:noop	ok	same	I-2.1,I-4.8,I-7.4	[2, 2]	4	0	[0, 0]	19	360448	0	0	t1@50182:released-and-isolated
F4-rot-both	N3-iso-persisted	OMFMFFO	O:ok M:ok F:noop M:ok F:noop F:noop O:ok	ok	same	I-2.1,I-4.8,I-7.4	[2, 2]	4	0	[0, 0]	25	491520	0	0	t1@50182:released-and-isolated
F4-rot-both	N3-iso-persisted	OMFMFFM	O:ok M:ok F:noop M:ok F:noop F:noop M:ok	ok	same	I-2.1,I-4.8,I-7.4	[2, 2]	4	0	[0, 0]	25	458752	0	0	t1@50182:released-and-isolated
F4-rot-both	N3-iso-persisted	OMFMFMF	O:ok M:ok F:noop M:ok F:noop M:ok F:noop	ok	same	I-2.1,I-4.8,I-7.4	[2, 2]	4	0	[0, 0]	25	458752	0	0	t1@50182:released-and-isolated
F4-rot-both	N3-iso-persisted	OMFMFOF	O:ok M:ok F:noop M:ok F:noop O:ok F:ok(F=3,reclaimed=1)	ok	same	I-2.1,I-4.8,I-7.4	[2, 2]	4	0	[0, 0]	29	557056	0	0	t1@50182:released-and-isolated
F4-rot-both	N3-iso-persisted	OMFMFMO	O:ok M:ok F:noop M:ok F:noop M:ok O:ok	ok	same	I-2.1,I-4.8,I-7.4	[2, 2]	4	0	[0, 0]	31	589824	0	0	t1@50182:released-and-isolated
F4-rot-both	N3-iso-persisted	OMFMFMM	O:ok M:ok F:noop M:ok F:noop M:ok M:ok	ok	same	I-2.1,I-4.8,I-7.4	[2, 2]	4	0	[0, 0]	31	557056	0	0	t1@50182:released-and-isolated
F4-rot-both	N3-iso-persisted	OMFMFOM	O:ok M:ok F:noop M:ok F:noop O:ok M:ok	ok	same	I-2.1,I-4.8,I-7.4	[2, 2]	4	0	[0, 0]	29	557056	0	0	t1@50182:released-and-isolated
F4-rot-both	N3-iso-persisted	OMFMFOO	O:ok M:ok F:noop M:ok F:noop O:ok O:ok	ok	same	I-2.1,I-4.8,I-7.4	[2, 2]	4	0	[0, 0]	31	622592	0	0	t1@50182:released-and-isolated
F4-rot-both	N3-iso-persisted	OMFMMFF	O:ok M:ok F:noop M:ok M:ok F:noop F:noop	ok	same	I-2.1,I-4.8,I-7.4	[2, 2]	4	0	[0, 0]	25	458752	0	0	t1@50182:released-and-isolated
F4-rot-both	N3-iso-persisted	OMFMMFM	O:ok M:ok F:noop M:ok M:ok F:noop M:ok	ok	same	I-2.1,I-4.8,I-7.4	[2, 2]	4	0	[0, 0]	31	557056	0	0	t1@50182:released-and-isolated
F4-rot-both	N3-iso-persisted	OMFMMFO	O:ok M:ok F:noop M:ok M:ok F:noop O:ok	ok	same	I-2.1,I-4.8,I-7.4	[2, 2]	4	0	[0, 0]	31	589824	0	0	t1@50182:released-and-isolated
F4-rot-both	N3-iso-persisted	OMFMMMF	O:ok M:ok F:noop M:ok M:ok M:ok F:noop	ok	same	I-2.1,I-4.8,I-7.4	[2, 2]	4	0	[0, 0]	31	557056	0	0	t1@50182:released-and-isolated
F4-rot-both	N3-iso-persisted	OMFMMMM	O:ok M:ok F:noop M:ok M:ok M:ok M:ok	ok	same	I-2.1,I-4.8,I-7.4	[2, 2]	4	0	[0, 0]	37	655360	0	0	t1@50182:released-and-isolated
F4-rot-both	N3-iso-persisted	OMFMMMO	O:ok M:ok F:noop M:ok M:ok M:ok O:ok	ok	same	I-2.1,I-4.8,I-7.4	[2, 2]	4	0	[0, 0]	37	688128	0	0	t1@50182:released-and-isolated
F4-rot-both	N3-iso-persisted	OMFMMOF	O:ok M:ok F:noop M:ok M:ok O:ok F:ok(F=3,reclaimed=1)	ok	same	I-2.1,I-4.8,I-7.4	[2, 2]	4	0	[0, 0]	35	655360	0	0	t1@50182:released-and-isolated
F4-rot-both	N3-iso-persisted	OMFMOFF	O:ok M:ok F:noop M:ok O:ok F:ok(F=3,reclaimed=1) F:noop	ok	same	I-2.1,I-4.8,I-7.4	[2, 2]	4	0	[0, 0]	29	557056	0	0	t1@50182:released-and-isolated
F4-rot-both	N3-iso-persisted	OMFMMOM	O:ok M:ok F:noop M:ok M:ok O:ok M:ok	ok	same	I-2.1,I-4.8,I-7.4	[2, 2]	4	0	[0, 0]	35	655360	0	0	t1@50182:released-and-isolated
F4-rot-both	N3-iso-persisted	OMFMMOO	O:ok M:ok F:noop M:ok M:ok O:ok O:ok	ok	same	I-2.1,I-4.8,I-7.4	[2, 2]	4	0	[0, 0]	37	720896	0	0	t1@50182:released-and-isolated
F4-rot-both	N3-iso-persisted	OMFMOFM	O:ok M:ok F:noop M:ok O:ok F:ok(F=3,reclaimed=1) M:ok	ok	same	I-2.1,I-4.8,I-7.4	[2, 2]	4	0	[0, 0]	35	655360	0	0	t1@50182:released-and-isolated
F4-rot-both	N3-iso-persisted	OMFMOFO	O:ok M:ok F:noop M:ok O:ok F:ok(F=3,reclaimed=1) O:ok	ok	same	I-2.1,I-4.8,I-7.4	[2, 2]	4	0	[0, 0]	35	688128	0	0	t1@50182:released-and-isolated
F4-rot-both	N3-iso-persisted	OMFMOMF	O:ok M:ok F:noop M:ok O:ok M:ok F:ok(F=3,reclaimed=1)	ok	same	I-2.1,I-4.8,I-7.4	[2, 2]	4	0	[0, 0]	35	655360	0	0	t1@50182:released-and-isolated
F4-rot-both	N3-iso-persisted	OMFMOMM	O:ok M:ok F:noop M:ok O:ok M:ok M:ok	ok	same	I-2.1,I-4.8,I-7.4	[2, 2]	4	0	[0, 0]	35	655360	0	0	t1@50182:released-and-isolated
F4-rot-both	N3-iso-persisted	OMFMOOF	O:ok M:ok F:noop M:ok O:ok O:ok F:ok(F=6,reclaimed=18)	ok	same	I-2.1,I-4.8,I-7.4	[2, 2]	4	0	[0, 0]	35	688128	0	0	t1@50182:released-and-isolated
F4-rot-both	N3-iso-persisted	OMFMOMO	O:ok M:ok F:noop M:ok O:ok M:ok O:ok	ok	same	I-2.1,I-4.8,I-7.4	[2, 2]	4	0	[0, 0]	35	688128	0	0	t1@50182:released-and-isolated
F4-rot-both	N3-iso-persisted	OMFMOOO	O:ok M:ok F:noop M:ok O:ok O:ok O:ok	ok	same	I-2.1,I-4.8,I-7.4	[2, 2]	4	0	[0, 0]	37	753664	0	0	t1@50182:released-and-isolated
F4-rot-both	N3-iso-persisted	OMFMOOM	O:ok M:ok F:noop M:ok O:ok O:ok M:ok	ok	same	I-2.1,I-4.8,I-7.4	[2, 2]	4	0	[0, 0]	35	688128	0	0	t1@50182:released-and-isolated
F4-rot-both	N3-iso-persisted	OMFOFFF	O:ok M:ok F:noop O:ok F:ok(F=3,reclaimed=1) F:noop F:noop	ok	same	I-2.1,I-4.8,I-7.4	[2, 2]	4	0	[0, 0]	23	458752	0	0	t1@50182:released-and-isolated
F4-rot-both	N3-iso-persisted	OMFOFFO	O:ok M:ok F:noop O:ok F:ok(F=3,reclaimed=1) F:noop O:ok	ok	same	I-2.1,I-4.8,I-7.4	[2, 2]	4	0	[0, 0]	29	589824	0	0	t1@50182:released-and-isolated
F4-rot-both	N3-iso-persisted	OMFOFFM	O:ok M:ok F:noop O:ok F:ok(F=3,reclaimed=1) F:noop M:ok	ok	same	I-2.1,I-4.8,I-7.4	[2, 2]	4	0	[0, 0]	29	557056	0	0	t1@50182:released-and-isolated
F4-rot-both	N3-iso-persisted	OMFOFMF	O:ok M:ok F:noop O:ok F:ok(F=3,reclaimed=1) M:ok F:noop	ok	same	I-2.1,I-4.8,I-7.4	[2, 2]	4	0	[0, 0]	29	557056	0	0	t1@50182:released-and-isolated
F4-rot-both	N3-iso-persisted	OMFOFOF	O:ok M:ok F:noop O:ok F:ok(F=3,reclaimed=1) O:ok F:ok(F=6,reclaimed=17)	ok	same	I-2.1,I-4.8,I-7.4	[2, 2]	4	0	[0, 0]	33	655360	0	0	t1@50182:released-and-isolated
F4-rot-both	N3-iso-persisted	OMFOFMM	O:ok M:ok F:noop O:ok F:ok(F=3,reclaimed=1) M:ok M:ok	ok	same	I-2.1,I-4.8,I-7.4	[2, 2]	4	0	[0, 0]	35	655360	0	0	t1@50182:released-and-isolated
F4-rot-both	N3-iso-persisted	OMFOFMO	O:ok M:ok F:noop O:ok F:ok(F=3,reclaimed=1) M:ok O:ok	ok	same	I-2.1,I-4.8,I-7.4	[2, 2]	4	0	[0, 0]	35	688128	0	0	t1@50182:released-and-isolated
F4-rot-both	N3-iso-persisted	OMFOFOM	O:ok M:ok F:noop O:ok F:ok(F=3,reclaimed=1) O:ok M:ok	ok	same	I-2.1,I-4.8,I-7.4	[2, 2]	4	0	[0, 0]	33	655360	0	0	t1@50182:released-and-isolated
F4-rot-both	N3-iso-persisted	OMFOFOO	O:ok M:ok F:noop O:ok F:ok(F=3,reclaimed=1) O:ok O:ok	ok	same	I-2.1,I-4.8,I-7.4	[2, 2]	4	0	[0, 0]	35	720896	0	0	t1@50182:released-and-isolated
F4-rot-both	N3-iso-persisted	OMFOMFF	O:ok M:ok F:noop O:ok M:ok F:ok(F=3,reclaimed=1) F:noop	ok	same	I-2.1,I-4.8,I-7.4	[2, 2]	4	0	[0, 0]	29	557056	0	0	t1@50182:released-and-isolated
F4-rot-both	N3-iso-persisted	OMFOMFO	O:ok M:ok F:noop O:ok M:ok F:ok(F=3,reclaimed=1) O:ok	ok	same	I-2.1,I-4.8,I-7.4	[2, 2]	4	0	[0, 0]	35	688128	0	0	t1@50182:released-and-isolated
F4-rot-both	N3-iso-persisted	OMFOMFM	O:ok M:ok F:noop O:ok M:ok F:ok(F=3,reclaimed=1) M:ok	ok	same	I-2.1,I-4.8,I-7.4	[2, 2]	4	0	[0, 0]	35	655360	0	0	t1@50182:released-and-isolated
F4-rot-both	N3-iso-persisted	OMFOMMF	O:ok M:ok F:noop O:ok M:ok M:ok F:ok(F=3,reclaimed=1)	ok	same	I-2.1,I-4.8,I-7.4	[2, 2]	4	0	[0, 0]	35	655360	0	0	t1@50182:released-and-isolated
F4-rot-both	N3-iso-persisted	OMFOMOF	O:ok M:ok F:noop O:ok M:ok O:ok F:ok(F=6,reclaimed=18)	ok	same	I-2.1,I-4.8,I-7.4	[2, 2]	4	0	[0, 0]	33	655360	0	0	t1@50182:released-and-isolated
F4-rot-both	N3-iso-persisted	OMFOMMO	O:ok M:ok F:noop O:ok M:ok M:ok O:ok	ok	same	I-2.1,I-4.8,I-7.4	[2, 2]	4	0	[0, 0]	35	688128	0	0	t1@50182:released-and-isolated
F4-rot-both	N3-iso-persisted	OMFOMMM	O:ok M:ok F:noop O:ok M:ok M:ok M:ok	ok	same	I-2.1,I-4.8,I-7.4	[2, 2]	4	0	[0, 0]	35	655360	0	0	t1@50182:released-and-isolated
F4-rot-both	N3-iso-persisted	OMFOOFF	O:ok M:ok F:noop O:ok O:ok F:ok(F=6,reclaimed=18) F:noop	ok	same	I-2.1,I-4.8,I-7.4	[2, 2]	4	0	[0, 0]	29	589824	0	0	t1@50182:released-and-isolated
F4-rot-both	N3-iso-persisted	OMFOMOO	O:ok M:ok F:noop O:ok M:ok O:ok O:ok	ok	same	I-2.1,I-4.8,I-7.4	[2, 2]	4	0	[0, 0]	35	720896	0	0	t1@50182:released-and-isolated
F4-rot-both	N3-iso-persisted	OMFOOFM	O:ok M:ok F:noop O:ok O:ok F:ok(F=6,reclaimed=18) M:ok	ok	same	I-2.1,I-4.8,I-7.4	[2, 2]	4	0	[0, 0]	33	655360	0	0	t1@50182:released-and-isolated
F4-rot-both	N3-iso-persisted	OMFOMOM	O:ok M:ok F:noop O:ok M:ok O:ok M:ok	ok	same	I-2.1,I-4.8,I-7.4	[2, 2]	4	0	[0, 0]	33	655360	0	0	t1@50182:released-and-isolated
F4-rot-both	N3-iso-persisted	OMFOOFO	O:ok M:ok F:noop O:ok O:ok F:ok(F=6,reclaimed=18) O:ok	ok	same	I-2.1,I-4.8,I-7.4	[2, 2]	4	0	[0, 0]	35	720896	0	0	t1@50182:released-and-isolated
F4-rot-both	N3-iso-persisted	OMFOOMF	O:ok M:ok F:noop O:ok O:ok M:ok F:ok(F=6,reclaimed=18)	ok	same	I-2.1,I-4.8,I-7.4	[2, 2]	4	0	[0, 0]	33	655360	0	0	t1@50182:released-and-isolated
F4-rot-both	N3-iso-persisted	OMFOOMO	O:ok M:ok F:noop O:ok O:ok M:ok O:ok	ok	same	I-2.1,I-4.8,I-7.4	[2, 2]	4	0	[0, 0]	35	720896	0	0	t1@50182:released-and-isolated
F4-rot-both	N3-iso-persisted	OMFOOMM	O:ok M:ok F:noop O:ok O:ok M:ok M:ok	ok	same	I-2.1,I-4.8,I-7.4	[2, 2]	4	0	[0, 0]	33	655360	0	0	t1@50182:released-and-isolated
F4-rot-both	N3-iso-persisted	OMFOOOF	O:ok M:ok F:noop O:ok O:ok O:ok F:ok(F=7,reclaimed=26)	ok	same	-	[2, 2]	4	0	[2, 2]	37	753664	0	0	t1@50182:released-and-isolated
F4-rot-both	N3-iso-persisted	OMFOOOO	O:ok M:ok F:noop O:ok O:ok O:ok O:ok	ok	same	I-2.1,I-4.8,I-7.4	[2, 2]	4	0	[0, 0]	37	786432	0	0	t1@50182:released-and-isolated
F4-rot-both	N3-iso-persisted	OMFOOOM	O:ok M:ok F:noop O:ok O:ok O:ok M:ok	ok	same	I-2.1,I-4.8,I-7.4	[2, 2]	4	0	[0, 0]	37	753664	0	0	t1@50182:released-and-isolated
F4-rot-both	N3-iso-persisted	OMMFFFF	O:ok M:ok M:ok F:noop F:noop F:noop F:noop	ok	same	I-2.1,I-4.8,I-7.4	[2, 2]	4	0	[0, 0]	19	360448	0	0	t1@50182:released-and-isolated
F4-rot-both	N3-iso-persisted	OMMFFFM	O:ok M:ok M:ok F:noop F:noop F:noop M:ok	ok	same	I-2.1,I-4.8,I-7.4	[2, 2]	4	0	[0, 0]	25	458752	0	0	t1@50182:released-and-isolated
F4-rot-both	N3-iso-persisted	OMMFFFO	O:ok M:ok M:ok F:noop F:noop F:noop O:ok	ok	same	I-2.1,I-4.8,I-7.4	[2, 2]	4	0	[0, 0]	25	491520	0	0	t1@50182:released-and-isolated
F4-rot-both	N3-iso-persisted	OMMFFMF	O:ok M:ok M:ok F:noop F:noop M:ok F:noop	ok	same	I-2.1,I-4.8,I-7.4	[2, 2]	4	0	[0, 0]	25	458752	0	0	t1@50182:released-and-isolated
F4-rot-both	N3-iso-persisted	OMMFFMM	O:ok M:ok M:ok F:noop F:noop M:ok M:ok	ok	same	I-2.1,I-4.8,I-7.4	[2, 2]	4	0	[0, 0]	31	557056	0	0	t1@50182:released-and-isolated
F4-rot-both	N3-iso-persisted	OMMFFMO	O:ok M:ok M:ok F:noop F:noop M:ok O:ok	ok	same	I-2.1,I-4.8,I-7.4	[2, 2]	4	0	[0, 0]	31	589824	0	0	t1@50182:released-and-isolated
F4-rot-both	N3-iso-persisted	OMMFFOF	O:ok M:ok M:ok F:noop F:noop O:ok F:ok(F=3,reclaimed=1)	ok	same	I-2.1,I-4.8,I-7.4	[2, 2]	4	0	[0, 0]	29	557056	0	0	t1@50182:released-and-isolated
F4-rot-both	N3-iso-persisted	OMMFFOO	O:ok M:ok M:ok F:noop F:noop O:ok O:ok	ok	same	I-2.1,I-4.8,I-7.4	[2, 2]	4	0	[0, 0]	31	622592	0	0	t1@50182:released-and-isolated
F4-rot-both	N3-iso-persisted	OMMFFOM	O:ok M:ok M:ok F:noop F:noop O:ok M:ok	ok	same	I-2.1,I-4.8,I-7.4	[2, 2]	4	0	[0, 0]	29	557056	0	0	t1@50182:released-and-isolated
F4-rot-both	N3-iso-persisted	OMMFMFF	O:ok M:ok M:ok F:noop M:ok F:noop F:noop	ok	same	I-2.1,I-4.8,I-7.4	[2, 2]	4	0	[0, 0]	25	458752	0	0	t1@50182:released-and-isolated
F4-rot-both	N3-iso-persisted	OMMFMFO	O:ok M:ok M:ok F:noop M:ok F:noop O:ok	ok	same	I-2.1,I-4.8,I-7.4	[2, 2]	4	0	[0, 0]	31	589824	0	0	t1@50182:released-and-isolated
F4-rot-both	N3-iso-persisted	OMMFMFM	O:ok M:ok M:ok F:noop M:ok F:noop M:ok	ok	same	I-2.1,I-4.8,I-7.4	[2, 2]	4	0	[0, 0]	31	557056	0	0	t1@50182:released-and-isolated
F4-rot-both	N3-iso-persisted	OMMFMMF	O:ok M:ok M:ok F:noop M:ok M:ok F:noop	ok	same	I-2.1,I-4.8,I-7.4	[2, 2]	4	0	[0, 0]	31	557056	0	0	t1@50182:released-and-isolated
F4-rot-both	N3-iso-persisted	OMMFMOF	O:ok M:ok M:ok F:noop M:ok O:ok F:ok(F=3,reclaimed=1)	ok	same	I-2.1,I-4.8,I-7.4	[2, 2]	4	0	[0, 0]	35	655360	0	0	t1@50182:released-and-isolated
F4-rot-both	N3-iso-persisted	OMMFMMM	O:ok M:ok M:ok F:noop M:ok M:ok M:ok	ok	same	I-2.1,I-4.8,I-7.4	[2, 2]	4	0	[0, 0]	37	655360	0	0	t1@50182:released-and-isolated
F4-rot-both	N3-iso-persisted	OMMFMMO	O:ok M:ok M:ok F:noop M:ok M:ok O:ok	ok	same	I-2.1,I-4.8,I-7.4	[2, 2]	4	0	[0, 0]	37	688128	0	0	t1@50182:released-and-isolated
F4-rot-both	N3-iso-persisted	OMMFMOM	O:ok M:ok M:ok F:noop M:ok O:ok M:ok	ok	same	I-2.1,I-4.8,I-7.4	[2, 2]	4	0	[0, 0]	35	655360	0	0	t1@50182:released-and-isolated
F4-rot-both	N3-iso-persisted	OMMFOFF	O:ok M:ok M:ok F:noop O:ok F:ok(F=3,reclaimed=1) F:noop	ok	same	I-2.1,I-4.8,I-7.4	[2, 2]	4	0	[0, 0]	29	557056	0	0	t1@50182:released-and-isolated
F4-rot-both	N3-iso-persisted	OMMFOFO	O:ok M:ok M:ok F:noop O:ok F:ok(F=3,reclaimed=1) O:ok	ok	same	I-2.1,I-4.8,I-7.4	[2, 2]	4	0	[0, 0]	35	688128	0	0	t1@50182:released-and-isolated
F4-rot-both	N3-iso-persisted	OMMFMOO	O:ok M:ok M:ok F:noop M:ok O:ok O:ok	ok	same	I-2.1,I-4.8,I-7.4	[2, 2]	4	0	[0, 0]	37	720896	0	0	t1@50182:released-and-isolated
F4-rot-both	N3-iso-persisted	OMMFOFM	O:ok M:ok M:ok F:noop O:ok F:ok(F=3,reclaimed=1) M:ok	ok	same	I-2.1,I-4.8,I-7.4	[2, 2]	4	0	[0, 0]	35	655360	0	0	t1@50182:released-and-isolated
F4-rot-both	N3-iso-persisted	OMMFOOF	O:ok M:ok M:ok F:noop O:ok O:ok F:ok(F=6,reclaimed=18)	ok	same	I-2.1,I-4.8,I-7.4	[2, 2]	4	0	[0, 0]	35	688128	0	0	t1@50182:released-and-isolated
F4-rot-both	N3-iso-persisted	OMMFOMO	O:ok M:ok M:ok F:noop O:ok M:ok O:ok	ok	same	I-2.1,I-4.8,I-7.4	[2, 2]	4	0	[0, 0]	35	688128	0	0	t1@50182:released-and-isolated
F4-rot-both	N3-iso-persisted	OMMFOMF	O:ok M:ok M:ok F:noop O:ok M:ok F:ok(F=3,reclaimed=1)	ok	same	I-2.1,I-4.8,I-7.4	[2, 2]	4	0	[0, 0]	35	655360	0	0	t1@50182:released-and-isolated
F4-rot-both	N3-iso-persisted	OMMFOMM	O:ok M:ok M:ok F:noop O:ok M:ok M:ok	ok	same	I-2.1,I-4.8,I-7.4	[2, 2]	4	0	[0, 0]	35	655360	0	0	t1@50182:released-and-isolated
F4-rot-both	N3-iso-persisted	OMMFOOM	O:ok M:ok M:ok F:noop O:ok O:ok M:ok	ok	same	I-2.1,I-4.8,I-7.4	[2, 2]	4	0	[0, 0]	35	688128	0	0	t1@50182:released-and-isolated
F4-rot-both	N3-iso-persisted	OMMFOOO	O:ok M:ok M:ok F:noop O:ok O:ok O:ok	ok	same	I-2.1,I-4.8,I-7.4	[2, 2]	4	0	[0, 0]	37	753664	0	0	t1@50182:released-and-isolated
F4-rot-both	N3-iso-persisted	OMMMFFF	O:ok M:ok M:ok M:ok F:noop F:noop F:noop	ok	same	I-2.1,I-4.8,I-7.4	[2, 2]	4	0	[0, 0]	25	458752	0	0	t1@50182:released-and-isolated
F4-rot-both	N3-iso-persisted	OMMMFFM	O:ok M:ok M:ok M:ok F:noop F:noop M:ok	ok	same	I-2.1,I-4.8,I-7.4	[2, 2]	4	0	[0, 0]	31	557056	0	0	t1@50182:released-and-isolated
F4-rot-both	N3-iso-persisted	OMMMFFO	O:ok M:ok M:ok M:ok F:noop F:noop O:ok	ok	same	I-2.1,I-4.8,I-7.4	[2, 2]	4	0	[0, 0]	31	589824	0	0	t1@50182:released-and-isolated
F4-rot-both	N3-iso-persisted	OMMMFMF	O:ok M:ok M:ok M:ok F:noop M:ok F:noop	ok	same	I-2.1,I-4.8,I-7.4	[2, 2]	4	0	[0, 0]	31	557056	0	0	t1@50182:released-and-isolated
F4-rot-both	N3-iso-persisted	OMMMFMO	O:ok M:ok M:ok M:ok F:noop M:ok O:ok	ok	same	I-2.1,I-4.8,I-7.4	[2, 2]	4	0	[0, 0]	37	688128	0	0	t1@50182:released-and-isolated
F4-rot-both	N3-iso-persisted	OMMMFMM	O:ok M:ok M:ok M:ok F:noop M:ok M:ok	ok	same	I-2.1,I-4.8,I-7.4	[2, 2]	4	0	[0, 0]	37	655360	0	0	t1@50182:released-and-isolated
F4-rot-both	N3-iso-persisted	OMMMFOF	O:ok M:ok M:ok M:ok F:noop O:ok F:ok(F=3,reclaimed=1)	ok	same	I-2.1,I-4.8,I-7.4	[2, 2]	4	0	[0, 0]	35	655360	0	0	t1@50182:released-and-isolated
F4-rot-both	N3-iso-persisted	OMMMFOO	O:ok M:ok M:ok M:ok F:noop O:ok O:ok	ok	same	I-2.1,I-4.8,I-7.4	[2, 2]	4	0	[0, 0]	37	720896	0	0	t1@50182:released-and-isolated
F4-rot-both	N3-iso-persisted	OMMMFOM	O:ok M:ok M:ok M:ok F:noop O:ok M:ok	ok	same	I-2.1,I-4.8,I-7.4	[2, 2]	4	0	[0, 0]	35	655360	0	0	t1@50182:released-and-isolated
F4-rot-both	N3-iso-persisted	OMMMMFF	O:ok M:ok M:ok M:ok M:ok F:noop F:noop	ok	same	I-2.1,I-4.8,I-7.4	[2, 2]	4	0	[0, 0]	31	557056	0	0	t1@50182:released-and-isolated
F4-rot-both	N3-iso-persisted	OMMMMFM	O:ok M:ok M:ok M:ok M:ok F:noop M:ok	ok	same	I-2.1,I-4.8,I-7.4	[2, 2]	4	0	[0, 0]	37	655360	0	0	t1@50182:released-and-isolated
F4-rot-both	N3-iso-persisted	OMMMMFO	O:ok M:ok M:ok M:ok M:ok F:noop O:ok	ok	same	I-2.1,I-4.8,I-7.4	[2, 2]	4	0	[0, 0]	37	688128	0	0	t1@50182:released-and-isolated
F4-rot-both	N3-iso-persisted	OMMMMMF	O:ok M:ok M:ok M:ok M:ok M:ok F:noop	ok	same	I-2.1,I-4.8,I-7.4	[2, 2]	4	0	[0, 0]	37	655360	0	0	t1@50182:released-and-isolated
F4-rot-both	N3-iso-persisted	OMMMMMM	O:ok M:ok M:ok M:ok M:ok M:ok M:ok	ok	same	I-2.1,I-3.1,I-4.8,I-7.4	[2, 2]	4	0	[0, 0]	43	753664	0	0	t1@50182:released-and-isolated
F4-rot-both	N3-iso-persisted	OMMMMOF	O:ok M:ok M:ok M:ok M:ok O:ok F:ok(F=3,reclaimed=1)	ok	same	I-2.1,I-4.8,I-7.4	[2, 2]	4	0	[0, 0]	41	753664	0	0	t1@50182:released-and-isolated
F4-rot-both	N3-iso-persisted	OMMMMMO	O:ok M:ok M:ok M:ok M:ok M:ok O:ok	ok	same	I-2.1,I-4.8,I-7.4	[2, 2]	4	0	[0, 0]	43	786432	0	0	t1@50182:released-and-isolated
F4-rot-both	N3-iso-persisted	OMMMMOO	O:ok M:ok M:ok M:ok M:ok O:ok O:ok	ok	same	I-2.1,I-4.8,I-7.4	[2, 2]	4	0	[0, 0]	43	819200	0	0	t1@50182:released-and-isolated
F4-rot-both	N3-iso-persisted	OMMMMOM	O:ok M:ok M:ok M:ok M:ok O:ok M:ok	ok	same	I-2.1,I-4.8,I-7.4	[2, 2]	4	0	[0, 0]	41	753664	0	0	t1@50182:released-and-isolated
F4-rot-both	N3-iso-persisted	OMMMOFF	O:ok M:ok M:ok M:ok O:ok F:ok(F=3,reclaimed=1) F:noop	ok	same	I-2.1,I-4.8,I-7.4	[2, 2]	4	0	[0, 0]	35	655360	0	0	t1@50182:released-and-isolated
F4-rot-both	N3-iso-persisted	OMMMOFO	O:ok M:ok M:ok M:ok O:ok F:ok(F=3,reclaimed=1) O:ok	ok	same	I-2.1,I-4.8,I-7.4	[2, 2]	4	0	[0, 0]	41	786432	0	0	t1@50182:released-and-isolated
F4-rot-both	N3-iso-persisted	OMMMOFM	O:ok M:ok M:ok M:ok O:ok F:ok(F=3,reclaimed=1) M:ok	ok	same	I-2.1,I-4.8,I-7.4	[2, 2]	4	0	[0, 0]	41	753664	0	0	t1@50182:released-and-isolated
F4-rot-both	N3-iso-persisted	OMMMOMF	O:ok M:ok M:ok M:ok O:ok M:ok F:ok(F=3,reclaimed=1)	ok	same	I-2.1,I-4.8,I-7.4	[2, 2]	4	0	[0, 0]	41	753664	0	0	t1@50182:released-and-isolated
F4-rot-both	N3-iso-persisted	OMMMOOF	O:ok M:ok M:ok M:ok O:ok O:ok F:ok(F=6,reclaimed=18)	ok	same	I-2.1,I-4.8,I-7.4	[2, 2]	4	0	[0, 0]	41	786432	0	0	t1@50182:released-and-isolated
F4-rot-both	N3-iso-persisted	OMMMOMO	O:ok M:ok M:ok M:ok O:ok M:ok O:ok	ok	same	I-2.1,I-4.8,I-7.4	[2, 2]	4	0	[0, 0]	41	786432	0	0	t1@50182:released-and-isolated
F4-rot-both	N3-iso-persisted	OMMMOOM	O:ok M:ok M:ok M:ok O:ok O:ok M:ok	ok	same	I-2.1,I-4.8,I-7.4	[2, 2]	4	0	[0, 0]	41	786432	0	0	t1@50182:released-and-isolated
F4-rot-both	N3-iso-persisted	OMMMOMM	O:ok M:ok M:ok M:ok O:ok M:ok M:ok	ok	same	I-2.1,I-4.8,I-7.4	[2, 2]	4	0	[0, 0]	41	753664	0	0	t1@50182:released-and-isolated
F4-rot-both	N3-iso-persisted	OMMOFFF	O:ok M:ok M:ok O:ok F:ok(F=3,reclaimed=1) F:noop F:noop	ok	same	I-2.1,I-4.8,I-7.4	[2, 2]	4	0	[0, 0]	29	557056	0	0	t1@50182:released-and-isolated
F4-rot-both	N3-iso-persisted	OMMOFFO	O:ok M:ok M:ok O:ok F:ok(F=3,reclaimed=1) F:noop O:ok	ok	same	I-2.1,I-4.8,I-7.4	[2, 2]	4	0	[0, 0]	35	688128	0	0	t1@50182:released-and-isolated
F4-rot-both	N3-iso-persisted	OMMMOOO	O:ok M:ok M:ok M:ok O:ok O:ok O:ok	ok	same	I-2.1,I-4.8,I-7.4	[2, 2]	4	0	[0, 0]	43	851968	0	0	t1@50182:released-and-isolated
F4-rot-both	N3-iso-persisted	OMMOFFM	O:ok M:ok M:ok O:ok F:ok(F=3,reclaimed=1) F:noop M:ok	ok	same	I-2.1,I-4.8,I-7.4	[2, 2]	4	0	[0, 0]	35	655360	0	0	t1@50182:released-and-isolated
F4-rot-both	N3-iso-persisted	OMMOFOF	O:ok M:ok M:ok O:ok F:ok(F=3,reclaimed=1) O:ok F:ok(F=6,reclaimed=17)	ok	same	I-2.1,I-4.8,I-7.4	[2, 2]	4	0	[0, 0]	39	753664	0	0	t1@50182:released-and-isolated
F4-rot-both	N3-iso-persisted	OMMOFMF	O:ok M:ok M:ok O:ok F:ok(F=3,reclaimed=1) M:ok F:noop	ok	same	I-2.1,I-4.8,I-7.4	[2, 2]	4	0	[0, 0]	35	655360	0	0	t1@50182:released-and-isolated
F4-rot-both	N3-iso-persisted	OMMOFMO	O:ok M:ok M:ok O:ok F:ok(F=3,reclaimed=1) M:ok O:ok	ok	same	I-2.1,I-4.8,I-7.4	[2, 2]	4	0	[0, 0]	41	786432	0	0	t1@50182:released-and-isolated
F4-rot-both	N3-iso-persisted	OMMOFMM	O:ok M:ok M:ok O:ok F:ok(F=3,reclaimed=1) M:ok M:ok	ok	same	I-2.1,I-4.8,I-7.4	[2, 2]	4	0	[0, 0]	41	753664	0	0	t1@50182:released-and-isolated
F4-rot-both	N3-iso-persisted	OMMOFOO	O:ok M:ok M:ok O:ok F:ok(F=3,reclaimed=1) O:ok O:ok	ok	same	I-2.1,I-4.8,I-7.4	[2, 2]	4	0	[0, 0]	41	819200	0	0	t1@50182:released-and-isolated
F4-rot-both	N3-iso-persisted	OMMOFOM	O:ok M:ok M:ok O:ok F:ok(F=3,reclaimed=1) O:ok M:ok	ok	same	I-2.1,I-4.8,I-7.4	[2, 2]	4	0	[0, 0]	39	753664	0	0	t1@50182:released-and-isolated
F4-rot-both	N3-iso-persisted	OMMOMFF	O:ok M:ok M:ok O:ok M:ok F:ok(F=3,reclaimed=1) F:noop	ok	same	I-2.1,I-4.8,I-7.4	[2, 2]	4	0	[0, 0]	35	655360	0	0	t1@50182:released-and-isolated
F4-rot-both	N3-iso-persisted	OMMOMFM	O:ok M:ok M:ok O:ok M:ok F:ok(F=3,reclaimed=1) M:ok	ok	same	I-2.1,I-4.8,I-7.4	[2, 2]	4	0	[0, 0]	41	753664	0	0	t1@50182:released-and-isolated
F4-rot-both	N3-iso-persisted	OMMOMFO	O:ok M:ok M:ok O:ok M:ok F:ok(F=3,reclaimed=1) O:ok	ok	same	I-2.1,I-4.8,I-7.4	[2, 2]	4	0	[0, 0]	41	786432	0	0	t1@50182:released-and-isolated
F4-rot-both	N3-iso-persisted	OMMOMMF	O:ok M:ok M:ok O:ok M:ok M:ok F:ok(F=3,reclaimed=1)	ok	same	I-2.1,I-4.8,I-7.4	[2, 2]	4	0	[0, 0]	41	753664	0	0	t1@50182:released-and-isolated
F4-rot-both	N3-iso-persisted	OMMOMMO	O:ok M:ok M:ok O:ok M:ok M:ok O:ok	ok	same	I-2.1,I-4.8,I-7.4	[2, 2]	4	0	[0, 0]	41	786432	0	0	t1@50182:released-and-isolated
F4-rot-both	N3-iso-persisted	OMMOMMM	O:ok M:ok M:ok O:ok M:ok M:ok M:ok	ok	same	I-2.1,I-4.8,I-7.4	[2, 2]	4	0	[0, 0]	41	753664	0	0	t1@50182:released-and-isolated
F4-rot-both	N3-iso-persisted	OMMOMOF	O:ok M:ok M:ok O:ok M:ok O:ok F:ok(F=6,reclaimed=18)	ok	same	I-2.1,I-4.8,I-7.4	[2, 2]	4	0	[0, 0]	39	753664	0	0	t1@50182:released-and-isolated
F4-rot-both	N3-iso-persisted	OMMOOFF	O:ok M:ok M:ok O:ok O:ok F:ok(F=6,reclaimed=18) F:noop	ok	same	I-2.1,I-4.8,I-7.4	[2, 2]	4	0	[0, 0]	35	688128	0	0	t1@50182:released-and-isolated
F4-rot-both	N3-iso-persisted	OMMOMOO	O:ok M:ok M:ok O:ok M:ok O:ok O:ok	ok	same	I-2.1,I-4.8,I-7.4	[2, 2]	4	0	[0, 0]	41	819200	0	0	t1@50182:released-and-isolated
F4-rot-both	N3-iso-persisted	OMMOMOM	O:ok M:ok M:ok O:ok M:ok O:ok M:ok	ok	same	I-2.1,I-4.8,I-7.4	[2, 2]	4	0	[0, 0]	39	753664	0	0	t1@50182:released-and-isolated
F4-rot-both	N3-iso-persisted	OMMOOFO	O:ok M:ok M:ok O:ok O:ok F:ok(F=6,reclaimed=18) O:ok	ok	same	I-2.1,I-4.8,I-7.4	[2, 2]	4	0	[0, 0]	41	819200	0	0	t1@50182:released-and-isolated
F4-rot-both	N3-iso-persisted	OMMOOFM	O:ok M:ok M:ok O:ok O:ok F:ok(F=6,reclaimed=18) M:ok	ok	same	I-2.1,I-4.8,I-7.4	[2, 2]	4	0	[0, 0]	39	753664	0	0	t1@50182:released-and-isolated
F4-rot-both	N3-iso-persisted	OMMOOMF	O:ok M:ok M:ok O:ok O:ok M:ok F:ok(F=6,reclaimed=18)	ok	same	I-2.1,I-4.8,I-7.4	[2, 2]	4	0	[0, 0]	39	753664	0	0	t1@50182:released-and-isolated
F4-rot-both	N3-iso-persisted	OMMOOMM	O:ok M:ok M:ok O:ok O:ok M:ok M:ok	ok	same	I-2.1,I-4.8,I-7.4	[2, 2]	4	0	[0, 0]	39	753664	0	0	t1@50182:released-and-isolated
F4-rot-both	N3-iso-persisted	OMMOOOF	O:ok M:ok M:ok O:ok O:ok O:ok F:ok(F=7,reclaimed=26)	ok	same	-	[2, 2]	4	0	[2, 2]	43	851968	0	0	t1@50182:released-and-isolated
F4-rot-both	N3-iso-persisted	OMMOOMO	O:ok M:ok M:ok O:ok O:ok M:ok O:ok	ok	same	I-2.1,I-4.8,I-7.4	[2, 2]	4	0	[0, 0]	41	819200	0	0	t1@50182:released-and-isolated
F4-rot-both	N3-iso-persisted	OMMOOOO	O:ok M:ok M:ok O:ok O:ok O:ok O:ok	ok	same	I-2.1,I-4.8,I-7.4	[2, 2]	4	0	[0, 0]	43	884736	0	0	t1@50182:released-and-isolated
F4-rot-both	N3-iso-persisted	OMMOOOM	O:ok M:ok M:ok O:ok O:ok O:ok M:ok	ok	same	I-2.1,I-4.8,I-7.4	[2, 2]	4	0	[0, 0]	43	851968	0	0	t1@50182:released-and-isolated
F4-rot-both	N3-iso-persisted	OMOFFFF	O:ok M:ok O:ok F:ok(F=3,reclaimed=1) F:noop F:noop F:noop	ok	same	I-2.1,I-4.8,I-7.4	[2, 2]	4	0	[0, 0]	23	458752	0	0	t1@50182:released-and-isolated
F4-rot-both	N3-iso-persisted	OMOFFFM	O:ok M:ok O:ok F:ok(F=3,reclaimed=1) F:noop F:noop M:ok	ok	same	I-2.1,I-4.8,I-7.4	[2, 2]	4	0	[0, 0]	29	557056	0	0	t1@50182:released-and-isolated
F4-rot-both	N3-iso-persisted	OMOFFFO	O:ok M:ok O:ok F:ok(F=3,reclaimed=1) F:noop F:noop O:ok	ok	same	I-2.1,I-4.8,I-7.4	[2, 2]	4	0	[0, 0]	29	589824	0	0	t1@50182:released-and-isolated
F4-rot-both	N3-iso-persisted	OMOFFMF	O:ok M:ok O:ok F:ok(F=3,reclaimed=1) F:noop M:ok F:noop	ok	same	I-2.1,I-4.8,I-7.4	[2, 2]	4	0	[0, 0]	29	557056	0	0	t1@50182:released-and-isolated
F4-rot-both	N3-iso-persisted	OMOFFMO	O:ok M:ok O:ok F:ok(F=3,reclaimed=1) F:noop M:ok O:ok	ok	same	I-2.1,I-4.8,I-7.4	[2, 2]	4	0	[0, 0]	35	688128	0	0	t1@50182:released-and-isolated
F4-rot-both	N3-iso-persisted	OMOFFMM	O:ok M:ok O:ok F:ok(F=3,reclaimed=1) F:noop M:ok M:ok	ok	same	I-2.1,I-4.8,I-7.4	[2, 2]	4	0	[0, 0]	35	655360	0	0	t1@50182:released-and-isolated
F4-rot-both	N3-iso-persisted	OMOFFOF	O:ok M:ok O:ok F:ok(F=3,reclaimed=1) F:noop O:ok F:ok(F=6,reclaimed=17)	ok	same	I-2.1,I-4.8,I-7.4	[2, 2]	4	0	[0, 0]	33	655360	0	0	t1@50182:released-and-isolated
F4-rot-both	N3-iso-persisted	OMOFFOM	O:ok M:ok O:ok F:ok(F=3,reclaimed=1) F:noop O:ok M:ok	ok	same	I-2.1,I-4.8,I-7.4	[2, 2]	4	0	[0, 0]	33	655360	0	0	t1@50182:released-and-isolated
F4-rot-both	N3-iso-persisted	OMOFFOO	O:ok M:ok O:ok F:ok(F=3,reclaimed=1) F:noop O:ok O:ok	ok	same	I-2.1,I-4.8,I-7.4	[2, 2]	4	0	[0, 0]	35	720896	0	0	t1@50182:released-and-isolated
F4-rot-both	N3-iso-persisted	OMOFMFF	O:ok M:ok O:ok F:ok(F=3,reclaimed=1) M:ok F:noop F:noop	ok	same	I-2.1,I-4.8,I-7.4	[2, 2]	4	0	[0, 0]	29	557056	0	0	t1@50182:released-and-isolated
F4-rot-both	N3-iso-persisted	OMOFMFM	O:ok M:ok O:ok F:ok(F=3,reclaimed=1) M:ok F:noop M:ok	ok	same	I-2.1,I-4.8,I-7.4	[2, 2]	4	0	[0, 0]	35	655360	0	0	t1@50182:released-and-isolated
F4-rot-both	N3-iso-persisted	OMOFMFO	O:ok M:ok O:ok F:ok(F=3,reclaimed=1) M:ok F:noop O:ok	ok	same	I-2.1,I-4.8,I-7.4	[2, 2]	4	0	[0, 0]	35	688128	0	0	t1@50182:released-and-isolated
F4-rot-both	N3-iso-persisted	OMOFMMF	O:ok M:ok O:ok F:ok(F=3,reclaimed=1) M:ok M:ok F:noop	ok	same	I-2.1,I-4.8,I-7.4	[2, 2]	4	0	[0, 0]	35	655360	0	0	t1@50182:released-and-isolated
F4-rot-both	N3-iso-persisted	OMOFMOF	O:ok M:ok O:ok F:ok(F=3,reclaimed=1) M:ok O:ok F:ok(F=6,reclaimed=17)	ok	same	I-2.1,I-4.8,I-7.4	[2, 2]	4	0	[0, 0]	39	753664	0	0	t1@50182:released-and-isolated
F4-rot-both	N3-iso-persisted	OMOFMMO	O:ok M:ok O:ok F:ok(F=3,reclaimed=1) M:ok M:ok O:ok	ok	same	I-2.1,I-4.8,I-7.4	[2, 2]	4	0	[0, 0]	41	786432	0	0	t1@50182:released-and-isolated
F4-rot-both	N3-iso-persisted	OMOFMMM	O:ok M:ok O:ok F:ok(F=3,reclaimed=1) M:ok M:ok M:ok	ok	same	I-2.1,I-4.8,I-7.4	[2, 2]	4	0	[0, 0]	41	753664	0	0	t1@50182:released-and-isolated
F4-rot-both	N3-iso-persisted	OMOFMOO	O:ok M:ok O:ok F:ok(F=3,reclaimed=1) M:ok O:ok O:ok	ok	same	I-2.1,I-4.8,I-7.4	[2, 2]	4	0	[0, 0]	41	819200	0	0	t1@50182:released-and-isolated
F4-rot-both	N3-iso-persisted	OMOFOFF	O:ok M:ok O:ok F:ok(F=3,reclaimed=1) O:ok F:ok(F=6,reclaimed=17) F:noop	ok	same	I-2.1,I-4.8,I-7.4	[2, 2]	4	0	[0, 0]	33	655360	0	0	t1@50182:released-and-isolated
F4-rot-both	N3-iso-persisted	OMOFMOM	O:ok M:ok O:ok F:ok(F=3,reclaimed=1) M:ok O:ok M:ok	ok	same	I-2.1,I-4.8,I-7.4	[2, 2]	4	0	[0, 0]	39	753664	0	0	t1@50182:released-and-isolated
F4-rot-both	N3-iso-persisted	OMOFOFM	O:ok M:ok O:ok F:ok(F=3,reclaimed=1) O:ok F:ok(F=6,reclaimed=17) M:ok	ok	same	I-2.1,I-4.8,I-7.4	[2, 2]	4	0	[0, 0]	39	753664	0	0	t1@50182:released-and-isolated
F4-rot-both	N3-iso-persisted	OMOFOFO	O:ok M:ok O:ok F:ok(F=3,reclaimed=1) O:ok F:ok(F=6,reclaimed=17) O:ok	ok	same	I-2.1,I-4.8,I-7.4	[2, 2]	4	0	[0, 0]	39	786432	0	0	t1@50182:released-and-isolated
F4-rot-both	N3-iso-persisted	OMOFOMF	O:ok M:ok O:ok F:ok(F=3,reclaimed=1) O:ok M:ok F:ok(F=6,reclaimed=17)	ok	same	I-2.1,I-4.8,I-7.4	[2, 2]	4	0	[0, 0]	39	753664	0	0	t1@50182:released-and-isolated
F4-rot-both	N3-iso-persisted	OMOFOMO	O:ok M:ok O:ok F:ok(F=3,reclaimed=1) O:ok M:ok O:ok	ok	same	I-2.1,I-4.8,I-7.4	[2, 2]	4	0	[0, 0]	39	786432	0	0	t1@50182:released-and-isolated
F4-rot-both	N3-iso-persisted	OMOFOMM	O:ok M:ok O:ok F:ok(F=3,reclaimed=1) O:ok M:ok M:ok	ok	same	I-2.1,I-4.8,I-7.4	[2, 2]	4	0	[0, 0]	39	753664	0	0	t1@50182:released-and-isolated
F4-rot-both	N3-iso-persisted	OMOFOOF	O:ok M:ok O:ok F:ok(F=3,reclaimed=1) O:ok O:ok F:ok(F=7,reclaimed=25)	ok	same	-	[2, 2]	4	0	[2, 2]	39	786432	0	0	t1@50182:released-and-isolated
F4-rot-both	N3-iso-persisted	OMOFOOO	O:ok M:ok O:ok F:ok(F=3,reclaimed=1) O:ok O:ok O:ok	ok	same	I-2.1,I-4.8,I-7.4	[2, 2]	4	0	[0, 0]	41	851968	0	0	t1@50182:released-and-isolated
F4-rot-both	N3-iso-persisted	OMOFOOM	O:ok M:ok O:ok F:ok(F=3,reclaimed=1) O:ok O:ok M:ok	ok	same	I-2.1,I-4.8,I-7.4	[2, 2]	4	0	[0, 0]	39	786432	0	0	t1@50182:released-and-isolated
F4-rot-both	N3-iso-persisted	OMOMFFF	O:ok M:ok O:ok M:ok F:ok(F=3,reclaimed=1) F:noop F:noop	ok	same	I-2.1,I-4.8,I-7.4	[2, 2]	4	0	[0, 0]	29	557056	0	0	t1@50182:released-and-isolated
F4-rot-both	N3-iso-persisted	OMOMFFO	O:ok M:ok O:ok M:ok F:ok(F=3,reclaimed=1) F:noop O:ok	ok	same	I-2.1,I-4.8,I-7.4	[2, 2]	4	0	[0, 0]	35	688128	0	0	t1@50182:released-and-isolated
F4-rot-both	N3-iso-persisted	OMOMFFM	O:ok M:ok O:ok M:ok F:ok(F=3,reclaimed=1) F:noop M:ok	ok	same	I-2.1,I-4.8,I-7.4	[2, 2]	4	0	[0, 0]	35	655360	0	0	t1@50182:released-and-isolated
F4-rot-both	N3-iso-persisted	OMOMFMF	O:ok M:ok O:ok M:ok F:ok(F=3,reclaimed=1) M:ok F:noop	ok	same	I-2.1,I-4.8,I-7.4	[2, 2]	4	0	[0, 0]	35	655360	0	0	t1@50182:released-and-isolated
F4-rot-both	N3-iso-persisted	OMOMFMM	O:ok M:ok O:ok M:ok F:ok(F=3,reclaimed=1) M:ok M:ok	ok	same	I-2.1,I-4.8,I-7.4	[2, 2]	4	0	[0, 0]	41	753664	0	0	t1@50182:released-and-isolated
F4-rot-both	N3-iso-persisted	OMOMFOF	O:ok M:ok O:ok M:ok F:ok(F=3,reclaimed=1) O:ok F:ok(F=6,reclaimed=17)	ok	same	I-2.1,I-4.8,I-7.4	[2, 2]	4	0	[0, 0]	39	753664	0	0	t1@50182:released-and-isolated
F4-rot-both	N3-iso-persisted	OMOMFMO	O:ok M:ok O:ok M:ok F:ok(F=3,reclaimed=1) M:ok O:ok	ok	same	I-2.1,I-4.8,I-7.4	[2, 2]	4	0	[0, 0]	41	786432	0	0	t1@50182:released-and-isolated
F4-rot-both	N3-iso-persisted	OMOMFOM	O:ok M:ok O:ok M:ok F:ok(F=3,reclaimed=1) O:ok M:ok	ok	same	I-2.1,I-4.8,I-7.4	[2, 2]	4	0	[0, 0]	39	753664	0	0	t1@50182:released-and-isolated
F4-rot-both	N3-iso-persisted	OMOMFOO	O:ok M:ok O:ok M:ok F:ok(F=3,reclaimed=1) O:ok O:ok	ok	same	I-2.1,I-4.8,I-7.4	[2, 2]	4	0	[0, 0]	41	819200	0	0	t1@50182:released-and-isolated
F4-rot-both	N3-iso-persisted	OMOMMFF	O:ok M:ok O:ok M:ok M:ok F:ok(F=3,reclaimed=1) F:noop	ok	same	I-2.1,I-4.8,I-7.4	[2, 2]	4	0	[0, 0]	35	655360	0	0	t1@50182:released-and-isolated
F4-rot-both	N3-iso-persisted	OMOMMFO	O:ok M:ok O:ok M:ok M:ok F:ok(F=3,reclaimed=1) O:ok	ok	same	I-2.1,I-4.8,I-7.4	[2, 2]	4	0	[0, 0]	41	786432	0	0	t1@50182:released-and-isolated
F4-rot-both	N3-iso-persisted	OMOMMFM	O:ok M:ok O:ok M:ok M:ok F:ok(F=3,reclaimed=1) M:ok	ok	same	I-2.1,I-4.8,I-7.4	[2, 2]	4	0	[0, 0]	41	753664	0	0	t1@50182:released-and-isolated
F4-rot-both	N3-iso-persisted	OMOMMMF	O:ok M:ok O:ok M:ok M:ok M:ok F:ok(F=3,reclaimed=1)	ok	same	I-2.1,I-4.8,I-7.4	[2, 2]	4	0	[0, 0]	41	753664	0	0	t1@50182:released-and-isolated
F4-rot-both	N3-iso-persisted	OMOMMOF	O:ok M:ok O:ok M:ok M:ok O:ok F:ok(F=6,reclaimed=18)	ok	same	I-2.1,I-4.8,I-7.4	[2, 2]	4	0	[0, 0]	39	753664	0	0	t1@50182:released-and-isolated
F4-rot-both	N3-iso-persisted	OMOMMMO	O:ok M:ok O:ok M:ok M:ok M:ok O:ok	ok	same	I-2.1,I-4.8,I-7.4	[2, 2]	4	0	[0, 0]	41	786432	0	0	t1@50182:released-and-isolated
F4-rot-both	N3-iso-persisted	OMOMMMM	O:ok M:ok O:ok M:ok M:ok M:ok M:ok	ok	same	I-2.1,I-4.8,I-7.4	[2, 2]	4	0	[0, 0]	41	753664	0	0	t1@50182:released-and-isolated
F4-rot-both	N3-iso-persisted	OMOMMOM	O:ok M:ok O:ok M:ok M:ok O:ok M:ok	ok	same	I-2.1,I-4.8,I-7.4	[2, 2]	4	0	[0, 0]	39	753664	0	0	t1@50182:released-and-isolated
F4-rot-both	N3-iso-persisted	OMOMOFF	O:ok M:ok O:ok M:ok O:ok F:ok(F=6,reclaimed=18) F:noop	ok	same	I-2.1,I-4.8,I-7.4	[2, 2]	4	0	[0, 0]	33	655360	0	0	t1@50182:released-and-isolated
F4-rot-both	N3-iso-persisted	OMOMOFO	O:ok M:ok O:ok M:ok O:ok F:ok(F=6,reclaimed=18) O:ok	ok	same	I-2.1,I-4.8,I-7.4	[2, 2]	4	0	[0, 0]	39	786432	0	0	t1@50182:released-and-isolated
F4-rot-both	N3-iso-persisted	OMOMMOO	O:ok M:ok O:ok M:ok M:ok O:ok O:ok	ok	same	I-2.1,I-4.8,I-7.4	[2, 2]	4	0	[0, 0]	41	819200	0	0	t1@50182:released-and-isolated
F4-rot-both	N3-iso-persisted	OMOMOFM	O:ok M:ok O:ok M:ok O:ok F:ok(F=6,reclaimed=18) M:ok	ok	same	I-2.1,I-4.8,I-7.4	[2, 2]	4	0	[0, 0]	39	753664	0	0	t1@50182:released-and-isolated
F4-rot-both	N3-iso-persisted	OMOMOOF	O:ok M:ok O:ok M:ok O:ok O:ok F:ok(F=7,reclaimed=26)	ok	same	-	[2, 2]	4	0	[2, 2]	39	786432	0	0	t1@50182:released-and-isolated
F4-rot-both	N3-iso-persisted	OMOMOMF	O:ok M:ok O:ok M:ok O:ok M:ok F:ok(F=6,reclaimed=18)	ok	same	I-2.1,I-4.8,I-7.4	[2, 2]	4	0	[0, 0]	39	753664	0	0	t1@50182:released-and-isolated
F4-rot-both	N3-iso-persisted	OMOMOMO	O:ok M:ok O:ok M:ok O:ok M:ok O:ok	ok	same	I-2.1,I-4.8,I-7.4	[2, 2]	4	0	[0, 0]	39	786432	0	0	t1@50182:released-and-isolated
F4-rot-both	N3-iso-persisted	OMOMOMM	O:ok M:ok O:ok M:ok O:ok M:ok M:ok	ok	same	I-2.1,I-4.8,I-7.4	[2, 2]	4	0	[0, 0]	39	753664	0	0	t1@50182:released-and-isolated
F4-rot-both	N3-iso-persisted	OMOOFFF	O:ok M:ok O:ok O:ok F:ok(F=6,reclaimed=18) F:noop F:noop	ok	same	I-2.1,I-4.8,I-7.4	[2, 2]	4	0	[0, 0]	29	589824	0	0	t1@50182:released-and-isolated
F4-rot-both	N3-iso-persisted	OMOMOOO	O:ok M:ok O:ok M:ok O:ok O:ok O:ok	ok	same	I-2.1,I-4.8,I-7.4	[2, 2]	4	0	[0, 0]	41	851968	0	0	t1@50182:released-and-isolated
F4-rot-both	N3-iso-persisted	OMOOFFM	O:ok M:ok O:ok O:ok F:ok(F=6,reclaimed=18) F:noop M:ok	ok	same	I-2.1,I-4.8,I-7.4	[2, 2]	4	0	[0, 0]	33	655360	0	0	t1@50182:released-and-isolated
F4-rot-both	N3-iso-persisted	OMOMOOM	O:ok M:ok O:ok M:ok O:ok O:ok M:ok	ok	same	I-2.1,I-4.8,I-7.4	[2, 2]	4	0	[0, 0]	39	786432	0	0	t1@50182:released-and-isolated
F4-rot-both	N3-iso-persisted	OMOOFFO	O:ok M:ok O:ok O:ok F:ok(F=6,reclaimed=18) F:noop O:ok	ok	same	I-2.1,I-4.8,I-7.4	[2, 2]	4	0	[0, 0]	35	720896	0	0	t1@50182:released-and-isolated
F4-rot-both	N3-iso-persisted	OMOOFMF	O:ok M:ok O:ok O:ok F:ok(F=6,reclaimed=18) M:ok F:noop	ok	same	I-2.1,I-4.8,I-7.4	[2, 2]	4	0	[0, 0]	33	655360	0	0	t1@50182:released-and-isolated
F4-rot-both	N3-iso-persisted	OMOOFMO	O:ok M:ok O:ok O:ok F:ok(F=6,reclaimed=18) M:ok O:ok	ok	same	I-2.1,I-4.8,I-7.4	[2, 2]	4	0	[0, 0]	39	786432	0	0	t1@50182:released-and-isolated
F4-rot-both	N3-iso-persisted	OMOOFMM	O:ok M:ok O:ok O:ok F:ok(F=6,reclaimed=18) M:ok M:ok	ok	same	I-2.1,I-4.8,I-7.4	[2, 2]	4	0	[0, 0]	39	753664	0	0	t1@50182:released-and-isolated
F4-rot-both	N3-iso-persisted	OMOOFOF	O:ok M:ok O:ok O:ok F:ok(F=6,reclaimed=18) O:ok F:ok(F=7,reclaimed=8)	ok	same	-	[2, 2]	4	0	[2, 2]	39	786432	0	0	t1@50182:released-and-isolated
F4-rot-both	N3-iso-persisted	OMOOFOO	O:ok M:ok O:ok O:ok F:ok(F=6,reclaimed=18) O:ok O:ok	ok	same	I-2.1,I-4.8,I-7.4	[2, 2]	4	0	[0, 0]	41	851968	0	0	t1@50182:released-and-isolated
F4-rot-both	N3-iso-persisted	OMOOFOM	O:ok M:ok O:ok O:ok F:ok(F=6,reclaimed=18) O:ok M:ok	ok	same	I-2.1,I-4.8,I-7.4	[2, 2]	4	0	[0, 0]	39	786432	0	0	t1@50182:released-and-isolated
F4-rot-both	N3-iso-persisted	OMOOMFF	O:ok M:ok O:ok O:ok M:ok F:ok(F=6,reclaimed=18) F:noop	ok	same	I-2.1,I-4.8,I-7.4	[2, 2]	4	0	[0, 0]	33	655360	0	0	t1@50182:released-and-isolated
F4-rot-both	N3-iso-persisted	OMOOMFM	O:ok M:ok O:ok O:ok M:ok F:ok(F=6,reclaimed=18) M:ok	ok	same	I-2.1,I-4.8,I-7.4	[2, 2]	4	0	[0, 0]	39	753664	0	0	t1@50182:released-and-isolated
F4-rot-both	N3-iso-persisted	OMOOMFO	O:ok M:ok O:ok O:ok M:ok F:ok(F=6,reclaimed=18) O:ok	ok	same	I-2.1,I-4.8,I-7.4	[2, 2]	4	0	[0, 0]	39	786432	0	0	t1@50182:released-and-isolated
F4-rot-both	N3-iso-persisted	OMOOMMF	O:ok M:ok O:ok O:ok M:ok M:ok F:ok(F=6,reclaimed=18)	ok	same	I-2.1,I-4.8,I-7.4	[2, 2]	4	0	[0, 0]	39	753664	0	0	t1@50182:released-and-isolated
F4-rot-both	N3-iso-persisted	OMOOMMM	O:ok M:ok O:ok O:ok M:ok M:ok M:ok	ok	same	I-2.1,I-4.8,I-7.4	[2, 2]	4	0	[0, 0]	39	753664	0	0	t1@50182:released-and-isolated
F4-rot-both	N3-iso-persisted	OMOOMOF	O:ok M:ok O:ok O:ok M:ok O:ok F:ok(F=7,reclaimed=26)	ok	same	-	[2, 2]	4	0	[2, 2]	39	786432	0	0	t1@50182:released-and-isolated
F4-rot-both	N3-iso-persisted	OMOOMMO	O:ok M:ok O:ok O:ok M:ok M:ok O:ok	ok	same	I-2.1,I-4.8,I-7.4	[2, 2]	4	0	[0, 0]	39	786432	0	0	t1@50182:released-and-isolated
F4-rot-both	N3-iso-persisted	OMOOMOM	O:ok M:ok O:ok O:ok M:ok O:ok M:ok	ok	same	I-2.1,I-4.8,I-7.4	[2, 2]	4	0	[0, 0]	39	786432	0	0	t1@50182:released-and-isolated
F4-rot-both	N3-iso-persisted	OMOOMOO	O:ok M:ok O:ok O:ok M:ok O:ok O:ok	ok	same	I-2.1,I-4.8,I-7.4	[2, 2]	4	0	[0, 0]	41	851968	0	0	t1@50182:released-and-isolated
F4-rot-both	N3-iso-persisted	OMOOOFF	O:ok M:ok O:ok O:ok O:ok F:ok(F=7,reclaimed=26) F:noop	ok	same	-	[2, 2]	4	0	[2, 2]	37	753664	0	0	t1@50182:released-and-isolated
F4-rot-both	N3-iso-persisted	OMOOOFM	O:ok M:ok O:ok O:ok O:ok F:ok(F=7,reclaimed=26) M:ok	ok	same	-	[2, 2]	4	0	[2, 2]	43	851968	0	0	t1@50182:released-and-isolated
F4-rot-both	N3-iso-persisted	OMOOOFO	O:ok M:ok O:ok O:ok O:ok F:ok(F=7,reclaimed=26) O:ok	ok	same	-	[2, 2]	4	0	[2, 2]	43	884736	0	0	t1@50182:released-and-isolated
F4-rot-both	N3-iso-persisted	OMOOOMF	O:ok M:ok O:ok O:ok O:ok M:ok F:ok(F=7,reclaimed=26)	ok	same	-	[2, 2]	4	0	[2, 2]	43	851968	0	0	t1@50182:released-and-isolated
F4-rot-both	N3-iso-persisted	OMOOOOF	O:ok M:ok O:ok O:ok O:ok O:ok F:ok(F=11,reclaimed=47)	ok	same	-	[2, 2]	4	0	[2, 2]	41	851968	0	0	t1@50182:released-and-isolated
F4-rot-both	N3-iso-persisted	OMOOOMM	O:ok M:ok O:ok O:ok O:ok M:ok M:ok	ok	same	I-2.1,I-4.8,I-7.4	[2, 2]	4	0	[0, 0]	43	851968	0	0	t1@50182:released-and-isolated
F4-rot-both	N3-iso-persisted	OMOOOMO	O:ok M:ok O:ok O:ok O:ok M:ok O:ok	ok	same	I-2.1,I-4.8,I-7.4	[2, 2]	4	0	[0, 0]	43	884736	0	0	t1@50182:released-and-isolated
F4-rot-both	N3-iso-persisted	OMOOOOM	O:ok M:ok O:ok O:ok O:ok O:ok M:ok	ok	same	I-2.1,I-4.8,I-7.4	[2, 2]	4	0	[0, 0]	41	851968	0	0	t1@50182:released-and-isolated
F4-rot-both	N3-iso-persisted	OMOOOOO	O:ok M:ok O:ok O:ok O:ok O:ok O:ok	ok	same	I-2.1,I-4.8,I-7.4	[2, 2]	4	0	[0, 0]	43	917504	0	0	t1@50182:released-and-isolated
F4-rot-both	N3-iso-persisted	OOFFFFF	O:ok O:ok F:ok(F=3,reclaimed=1) F:noop F:noop F:noop F:noop	ok	same	I-2.1,I-4.8,I-7.4	[2, 2]	4	0	[0, 0]	17	360448	0	0	t1@50182:released-and-isolated
F4-rot-both	N3-iso-persisted	OOFFFFO	O:ok O:ok F:ok(F=3,reclaimed=1) F:noop F:noop F:noop O:ok	ok	same	I-2.1,I-4.8,I-7.4	[2, 2]	4	0	[0, 0]	23	491520	0	0	t1@50182:released-and-isolated
F4-rot-both	N3-iso-persisted	OOFFFFM	O:ok O:ok F:ok(F=3,reclaimed=1) F:noop F:noop F:noop M:ok	ok	same	I-2.1,I-4.8,I-7.4	[2, 2]	4	0	[0, 0]	23	458752	0	0	t1@50182:released-and-isolated
F4-rot-both	N3-iso-persisted	OOFFFOF	O:ok O:ok F:ok(F=3,reclaimed=1) F:noop F:noop O:ok F:ok(F=6,reclaimed=17)	ok	same	I-2.1,I-4.8,I-7.4	[2, 2]	4	0	[0, 0]	27	557056	0	0	t1@50182:released-and-isolated
F4-rot-both	N3-iso-persisted	OOFFFMF	O:ok O:ok F:ok(F=3,reclaimed=1) F:noop F:noop M:ok F:noop	ok	same	I-2.1,I-4.8,I-7.4	[2, 2]	4	0	[0, 0]	23	458752	0	0	t1@50182:released-and-isolated
F4-rot-both	N3-iso-persisted	OOFFFMO	O:ok O:ok F:ok(F=3,reclaimed=1) F:noop F:noop M:ok O:ok	ok	same	I-2.1,I-4.8,I-7.4	[2, 2]	4	0	[0, 0]	29	589824	0	0	t1@50182:released-and-isolated
F4-rot-both	N3-iso-persisted	OOFFFMM	O:ok O:ok F:ok(F=3,reclaimed=1) F:noop F:noop M:ok M:ok	ok	same	I-2.1,I-4.8,I-7.4	[2, 2]	4	0	[0, 0]	29	557056	0	0	t1@50182:released-and-isolated
F4-rot-both	N3-iso-persisted	OOFFFOO	O:ok O:ok F:ok(F=3,reclaimed=1) F:noop F:noop O:ok O:ok	ok	same	I-2.1,I-4.8,I-7.4	[2, 2]	4	0	[0, 0]	29	622592	0	0	t1@50182:released-and-isolated
F4-rot-both	N3-iso-persisted	OOFFFOM	O:ok O:ok F:ok(F=3,reclaimed=1) F:noop F:noop O:ok M:ok	ok	same	I-2.1,I-4.8,I-7.4	[2, 2]	4	0	[0, 0]	27	557056	0	0	t1@50182:released-and-isolated
F4-rot-both	N3-iso-persisted	OOFFMFF	O:ok O:ok F:ok(F=3,reclaimed=1) F:noop M:ok F:noop F:noop	ok	same	I-2.1,I-4.8,I-7.4	[2, 2]	4	0	[0, 0]	23	458752	0	0	t1@50182:released-and-isolated
F4-rot-both	N3-iso-persisted	OOFFMFM	O:ok O:ok F:ok(F=3,reclaimed=1) F:noop M:ok F:noop M:ok	ok	same	I-2.1,I-4.8,I-7.4	[2, 2]	4	0	[0, 0]	29	557056	0	0	t1@50182:released-and-isolated
F4-rot-both	N3-iso-persisted	OOFFMFO	O:ok O:ok F:ok(F=3,reclaimed=1) F:noop M:ok F:noop O:ok	ok	same	I-2.1,I-4.8,I-7.4	[2, 2]	4	0	[0, 0]	29	589824	0	0	t1@50182:released-and-isolated
F4-rot-both	N3-iso-persisted	OOFFMMF	O:ok O:ok F:ok(F=3,reclaimed=1) F:noop M:ok M:ok F:noop	ok	same	I-2.1,I-4.8,I-7.4	[2, 2]	4	0	[0, 0]	29	557056	0	0	t1@50182:released-and-isolated
F4-rot-both	N3-iso-persisted	OOFFMMM	O:ok O:ok F:ok(F=3,reclaimed=1) F:noop M:ok M:ok M:ok	ok	same	I-2.1,I-4.8,I-7.4	[2, 2]	4	0	[0, 0]	35	655360	0	0	t1@50182:released-and-isolated
F4-rot-both	N3-iso-persisted	OOFFMMO	O:ok O:ok F:ok(F=3,reclaimed=1) F:noop M:ok M:ok O:ok	ok	same	I-2.1,I-4.8,I-7.4	[2, 2]	4	0	[0, 0]	35	688128	0	0	t1@50182:released-and-isolated
F4-rot-both	N3-iso-persisted	OOFFMOF	O:ok O:ok F:ok(F=3,reclaimed=1) F:noop M:ok O:ok F:ok(F=6,reclaimed=17)	ok	same	I-2.1,I-4.8,I-7.4	[2, 2]	4	0	[0, 0]	33	655360	0	0	t1@50182:released-and-isolated
F4-rot-both	N3-iso-persisted	OOFFOFF	O:ok O:ok F:ok(F=3,reclaimed=1) F:noop O:ok F:ok(F=6,reclaimed=17) F:noop	ok	same	I-2.1,I-4.8,I-7.4	[2, 2]	4	0	[0, 0]	27	557056	0	0	t1@50182:released-and-isolated
F4-rot-both	N3-iso-persisted	OOFFMOO	O:ok O:ok F:ok(F=3,reclaimed=1) F:noop M:ok O:ok O:ok	ok	same	I-2.1,I-4.8,I-7.4	[2, 2]	4	0	[0, 0]	35	720896	0	0	t1@50182:released-and-isolated
F4-rot-both	N3-iso-persisted	OOFFMOM	O:ok O:ok F:ok(F=3,reclaimed=1) F:noop M:ok O:ok M:ok	ok	same	I-2.1,I-4.8,I-7.4	[2, 2]	4	0	[0, 0]	33	655360	0	0	t1@50182:released-and-isolated
F4-rot-both	N3-iso-persisted	OOFFOFM	O:ok O:ok F:ok(F=3,reclaimed=1) F:noop O:ok F:ok(F=6,reclaimed=17) M:ok	ok	same	I-2.1,I-4.8,I-7.4	[2, 2]	4	0	[0, 0]	33	655360	0	0	t1@50182:released-and-isolated
F4-rot-both	N3-iso-persisted	OOFFOFO	O:ok O:ok F:ok(F=3,reclaimed=1) F:noop O:ok F:ok(F=6,reclaimed=17) O:ok	ok	same	I-2.1,I-4.8,I-7.4	[2, 2]	4	0	[0, 0]	33	688128	0	0	t1@50182:released-and-isolated
F4-rot-both	N3-iso-persisted	OOFFOMF	O:ok O:ok F:ok(F=3,reclaimed=1) F:noop O:ok M:ok F:ok(F=6,reclaimed=17)	ok	same	I-2.1,I-4.8,I-7.4	[2, 2]	4	0	[0, 0]	33	655360	0	0	t1@50182:released-and-isolated
F4-rot-both	N3-iso-persisted	OOFFOMM	O:ok O:ok F:ok(F=3,reclaimed=1) F:noop O:ok M:ok M:ok	ok	same	I-2.1,I-4.8,I-7.4	[2, 2]	4	0	[0, 0]	33	655360	0	0	t1@50182:released-and-isolated
F4-rot-both	N3-iso-persisted	OOFFOOF	O:ok O:ok F:ok(F=3,reclaimed=1) F:noop O:ok O:ok F:ok(F=7,reclaimed=25)	ok	same	-	[2, 2]	4	0	[2, 2]	33	688128	0	0	t1@50182:released-and-isolated
F4-rot-both	N3-iso-persisted	OOFFOMO	O:ok O:ok F:ok(F=3,reclaimed=1) F:noop O:ok M:ok O:ok	ok	same	I-2.1,I-4.8,I-7.4	[2, 2]	4	0	[0, 0]	33	688128	0	0	t1@50182:released-and-isolated
F4-rot-both	N3-iso-persisted	OOFFOOM	O:ok O:ok F:ok(F=3,reclaimed=1) F:noop O:ok O:ok M:ok	ok	same	I-2.1,I-4.8,I-7.4	[2, 2]	4	0	[0, 0]	33	688128	0	0	t1@50182:released-and-isolated
F4-rot-both	N3-iso-persisted	OOFFOOO	O:ok O:ok F:ok(F=3,reclaimed=1) F:noop O:ok O:ok O:ok	ok	same	I-2.1,I-4.8,I-7.4	[2, 2]	4	0	[0, 0]	35	753664	0	0	t1@50182:released-and-isolated
F4-rot-both	N3-iso-persisted	OOFMFFF	O:ok O:ok F:ok(F=3,reclaimed=1) M:ok F:noop F:noop F:noop	ok	same	I-2.1,I-4.8,I-7.4	[2, 2]	4	0	[0, 0]	23	458752	0	0	t1@50182:released-and-isolated
F4-rot-both	N3-iso-persisted	OOFMFFM	O:ok O:ok F:ok(F=3,reclaimed=1) M:ok F:noop F:noop M:ok	ok	same	I-2.1,I-4.8,I-7.4	[2, 2]	4	0	[0, 0]	29	557056	0	0	t1@50182:released-and-isolated
F4-rot-both	N3-iso-persisted	OOFMFFO	O:ok O:ok F:ok(F=3,reclaimed=1) M:ok F:noop F:noop O:ok	ok	same	I-2.1,I-4.8,I-7.4	[2, 2]	4	0	[0, 0]	29	589824	0	0	t1@50182:released-and-isolated
F4-rot-both	N3-iso-persisted	OOFMFMF	O:ok O:ok F:ok(F=3,reclaimed=1) M:ok F:noop M:ok F:noop	ok	same	I-2.1,I-4.8,I-7.4	[2, 2]	4	0	[0, 0]	29	557056	0	0	t1@50182:released-and-isolated
F4-rot-both	N3-iso-persisted	OOFMFMM	O:ok O:ok F:ok(F=3,reclaimed=1) M:ok F:noop M:ok M:ok	ok	same	I-2.1,I-4.8,I-7.4	[2, 2]	4	0	[0, 0]	35	655360	0	0	t1@50182:released-and-isolated
F4-rot-both	N3-iso-persisted	OOFMFMO	O:ok O:ok F:ok(F=3,reclaimed=1) M:ok F:noop M:ok O:ok	ok	same	I-2.1,I-4.8,I-7.4	[2, 2]	4	0	[0, 0]	35	688128	0	0	t1@50182:released-and-isolated
F4-rot-both	N3-iso-persisted	OOFMFOF	O:ok O:ok F:ok(F=3,reclaimed=1) M:ok F:noop O:ok F:ok(F=6,reclaimed=17)	ok	same	I-2.1,I-4.8,I-7.4	[2, 2]	4	0	[0, 0]	33	655360	0	0	t1@50182:released-and-isolated
F4-rot-both	N3-iso-persisted	OOFMFOM	O:ok O:ok F:ok(F=3,reclaimed=1) M:ok F:noop O:ok M:ok	ok	same	I-2.1,I-4.8,I-7.4	[2, 2]	4	0	[0, 0]	33	655360	0	0	t1@50182:released-and-isolated
F4-rot-both	N3-iso-persisted	OOFMFOO	O:ok O:ok F:ok(F=3,reclaimed=1) M:ok F:noop O:ok O:ok	ok	same	I-2.1,I-4.8,I-7.4	[2, 2]	4	0	[0, 0]	35	720896	0	0	t1@50182:released-and-isolated
F4-rot-both	N3-iso-persisted	OOFMMFF	O:ok O:ok F:ok(F=3,reclaimed=1) M:ok M:ok F:noop F:noop	ok	same	I-2.1,I-4.8,I-7.4	[2, 2]	4	0	[0, 0]	29	557056	0	0	t1@50182:released-and-isolated
F4-rot-both	N3-iso-persisted	OOFMMFM	O:ok O:ok F:ok(F=3,reclaimed=1) M:ok M:ok F:noop M:ok	ok	same	I-2.1,I-4.8,I-7.4	[2, 2]	4	0	[0, 0]	35	655360	0	0	t1@50182:released-and-isolated
F4-rot-both	N3-iso-persisted	OOFMMFO	O:ok O:ok F:ok(F=3,reclaimed=1) M:ok M:ok F:noop O:ok	ok	same	I-2.1,I-4.8,I-7.4	[2, 2]	4	0	[0, 0]	35	688128	0	0	t1@50182:released-and-isolated
F4-rot-both	N3-iso-persisted	OOFMMMF	O:ok O:ok F:ok(F=3,reclaimed=1) M:ok M:ok M:ok F:noop	ok	same	I-2.1,I-4.8,I-7.4	[2, 2]	4	0	[0, 0]	35	655360	0	0	t1@50182:released-and-isolated
F4-rot-both	N3-iso-persisted	OOFMMMM	O:ok O:ok F:ok(F=3,reclaimed=1) M:ok M:ok M:ok M:ok	ok	same	I-2.1,I-4.8,I-7.4	[2, 2]	4	0	[0, 0]	41	753664	0	0	t1@50182:released-and-isolated
F4-rot-both	N3-iso-persisted	OOFMMOF	O:ok O:ok F:ok(F=3,reclaimed=1) M:ok M:ok O:ok F:ok(F=6,reclaimed=17)	ok	same	I-2.1,I-4.8,I-7.4	[2, 2]	4	0	[0, 0]	39	753664	0	0	t1@50182:released-and-isolated
F4-rot-both	N3-iso-persisted	OOFMMMO	O:ok O:ok F:ok(F=3,reclaimed=1) M:ok M:ok M:ok O:ok	ok	same	I-2.1,I-4.8,I-7.4	[2, 2]	4	0	[0, 0]	41	786432	0	0	t1@50182:released-and-isolated
F4-rot-both	N3-iso-persisted	OOFMMOM	O:ok O:ok F:ok(F=3,reclaimed=1) M:ok M:ok O:ok M:ok	ok	same	I-2.1,I-4.8,I-7.4	[2, 2]	4	0	[0, 0]	39	753664	0	0	t1@50182:released-and-isolated
F4-rot-both	N3-iso-persisted	OOFMOFF	O:ok O:ok F:ok(F=3,reclaimed=1) M:ok O:ok F:ok(F=6,reclaimed=17) F:noop	ok	same	I-2.1,I-4.8,I-7.4	[2, 2]	4	0	[0, 0]	33	655360	0	0	t1@50182:released-and-isolated
F4-rot-both	N3-iso-persisted	OOFMMOO	O:ok O:ok F:ok(F=3,reclaimed=1) M:ok M:ok O:ok O:ok	ok	same	I-2.1,I-4.8,I-7.4	[2, 2]	4	0	[0, 0]	41	819200	0	0	t1@50182:released-and-isolated
F4-rot-both	N3-iso-persisted	OOFMOFM	O:ok O:ok F:ok(F=3,reclaimed=1) M:ok O:ok F:ok(F=6,reclaimed=17) M:ok	ok	same	I-2.1,I-4.8,I-7.4	[2, 2]	4	0	[0, 0]	39	753664	0	0	t1@50182:released-and-isolated
F4-rot-both	N3-iso-persisted	OOFMOFO	O:ok O:ok F:ok(F=3,reclaimed=1) M:ok O:ok F:ok(F=6,reclaimed=17) O:ok	ok	same	I-2.1,I-4.8,I-7.4	[2, 2]	4	0	[0, 0]	39	786432	0	0	t1@50182:released-and-isolated
F4-rot-both	N3-iso-persisted	OOFMOMF	O:ok O:ok F:ok(F=3,reclaimed=1) M:ok O:ok M:ok F:ok(F=6,reclaimed=17)	ok	same	I-2.1,I-4.8,I-7.4	[2, 2]	4	0	[0, 0]	39	753664	0	0	t1@50182:released-and-isolated
F4-rot-both	N3-iso-persisted	OOFMOMO	O:ok O:ok F:ok(F=3,reclaimed=1) M:ok O:ok M:ok O:ok	ok	same	I-2.1,I-4.8,I-7.4	[2, 2]	4	0	[0, 0]	39	786432	0	0	t1@50182:released-and-isolated
F4-rot-both	N3-iso-persisted	OOFMOMM	O:ok O:ok F:ok(F=3,reclaimed=1) M:ok O:ok M:ok M:ok	ok	same	I-2.1,I-4.8,I-7.4	[2, 2]	4	0	[0, 0]	39	753664	0	0	t1@50182:released-and-isolated
F4-rot-both	N3-iso-persisted	OOFMOOF	O:ok O:ok F:ok(F=3,reclaimed=1) M:ok O:ok O:ok F:ok(F=7,reclaimed=25)	ok	same	-	[2, 2]	4	0	[2, 2]	39	786432	0	0	t1@50182:released-and-isolated
F4-rot-both	N3-iso-persisted	OOFOFFF	O:ok O:ok F:ok(F=3,reclaimed=1) O:ok F:ok(F=6,reclaimed=17) F:noop F:noop	ok	same	I-2.1,I-4.8,I-7.4	[2, 2]	4	0	[0, 0]	27	557056	0	0	t1@50182:released-and-isolated
F4-rot-both	N3-iso-persisted	OOFMOOO	O:ok O:ok F:ok(F=3,reclaimed=1) M:ok O:ok O:ok O:ok	ok	same	I-2.1,I-4.8,I-7.4	[2, 2]	4	0	[0, 0]	41	851968	0	0	t1@50182:released-and-isolated
F4-rot-both	N3-iso-persisted	OOFMOOM	O:ok O:ok F:ok(F=3,reclaimed=1) M:ok O:ok O:ok M:ok	ok	same	I-2.1,I-4.8,I-7.4	[2, 2]	4	0	[0, 0]	39	786432	0	0	t1@50182:released-and-isolated
F4-rot-both	N3-iso-persisted	OOFOFFM	O:ok O:ok F:ok(F=3,reclaimed=1) O:ok F:ok(F=6,reclaimed=17) F:noop M:ok	ok	same	I-2.1,I-4.8,I-7.4	[2, 2]	4	0	[0, 0]	33	655360	0	0	t1@50182:released-and-isolated
F4-rot-both	N3-iso-persisted	OOFOFFO	O:ok O:ok F:ok(F=3,reclaimed=1) O:ok F:ok(F=6,reclaimed=17) F:noop O:ok	ok	same	I-2.1,I-4.8,I-7.4	[2, 2]	4	0	[0, 0]	33	688128	0	0	t1@50182:released-and-isolated
F4-rot-both	N3-iso-persisted	OOFOFMF	O:ok O:ok F:ok(F=3,reclaimed=1) O:ok F:ok(F=6,reclaimed=17) M:ok F:noop	ok	same	I-2.1,I-4.8,I-7.4	[2, 2]	4	0	[0, 0]	33	655360	0	0	t1@50182:released-and-isolated
F4-rot-both	N3-iso-persisted	OOFOFMO	O:ok O:ok F:ok(F=3,reclaimed=1) O:ok F:ok(F=6,reclaimed=17) M:ok O:ok	ok	same	I-2.1,I-4.8,I-7.4	[2, 2]	4	0	[0, 0]	39	786432	0	0	t1@50182:released-and-isolated
F4-rot-both	N3-iso-persisted	OOFOFMM	O:ok O:ok F:ok(F=3,reclaimed=1) O:ok F:ok(F=6,reclaimed=17) M:ok M:ok	ok	same	I-2.1,I-4.8,I-7.4	[2, 2]	4	0	[0, 0]	39	753664	0	0	t1@50182:released-and-isolated
F4-rot-both	N3-iso-persisted	OOFOFOF	O:ok O:ok F:ok(F=3,reclaimed=1) O:ok F:ok(F=6,reclaimed=17) O:ok F:ok(F=7,reclaimed=8)	ok	same	-	[2, 2]	4	0	[2, 2]	37	753664	0	0	t1@50182:released-and-isolated
F4-rot-both	N3-iso-persisted	OOFOFOO	O:ok O:ok F:ok(F=3,reclaimed=1) O:ok F:ok(F=6,reclaimed=17) O:ok O:ok	ok	same	I-2.1,I-4.8,I-7.4	[2, 2]	4	0	[0, 0]	39	819200	0	0	t1@50182:released-and-isolated
F4-rot-both	N3-iso-persisted	OOFOFOM	O:ok O:ok F:ok(F=3,reclaimed=1) O:ok F:ok(F=6,reclaimed=17) O:ok M:ok	ok	same	I-2.1,I-4.8,I-7.4	[2, 2]	4	0	[0, 0]	37	753664	0	0	t1@50182:released-and-isolated
F4-rot-both	N3-iso-persisted	OOFOMFF	O:ok O:ok F:ok(F=3,reclaimed=1) O:ok M:ok F:ok(F=6,reclaimed=17) F:noop	ok	same	I-2.1,I-4.8,I-7.4	[2, 2]	4	0	[0, 0]	33	655360	0	0	t1@50182:released-and-isolated
F4-rot-both	N3-iso-persisted	OOFOMFM	O:ok O:ok F:ok(F=3,reclaimed=1) O:ok M:ok F:ok(F=6,reclaimed=17) M:ok	ok	same	I-2.1,I-4.8,I-7.4	[2, 2]	4	0	[0, 0]	39	753664	0	0	t1@50182:released-and-isolated
F4-rot-both	N3-iso-persisted	OOFOMFO	O:ok O:ok F:ok(F=3,reclaimed=1) O:ok M:ok F:ok(F=6,reclaimed=17) O:ok	ok	same	I-2.1,I-4.8,I-7.4	[2, 2]	4	0	[0, 0]	39	786432	0	0	t1@50182:released-and-isolated
F4-rot-both	N3-iso-persisted	OOFOMMF	O:ok O:ok F:ok(F=3,reclaimed=1) O:ok M:ok M:ok F:ok(F=6,reclaimed=17)	ok	same	I-2.1,I-4.8,I-7.4	[2, 2]	4	0	[0, 0]	39	753664	0	0	t1@50182:released-and-isolated
F4-rot-both	N3-iso-persisted	OOFOMMM	O:ok O:ok F:ok(F=3,reclaimed=1) O:ok M:ok M:ok M:ok	ok	same	I-2.1,I-4.8,I-7.4	[2, 2]	4	0	[0, 0]	39	753664	0	0	t1@50182:released-and-isolated
F4-rot-both	N3-iso-persisted	OOFOMOF	O:ok O:ok F:ok(F=3,reclaimed=1) O:ok M:ok O:ok F:ok(F=7,reclaimed=25)	ok	same	-	[2, 2]	4	0	[2, 2]	37	753664	0	0	t1@50182:released-and-isolated
F4-rot-both	N3-iso-persisted	OOFOMMO	O:ok O:ok F:ok(F=3,reclaimed=1) O:ok M:ok M:ok O:ok	ok	same	I-2.1,I-4.8,I-7.4	[2, 2]	4	0	[0, 0]	39	786432	0	0	t1@50182:released-and-isolated
F4-rot-both	N3-iso-persisted	OOFOMOM	O:ok O:ok F:ok(F=3,reclaimed=1) O:ok M:ok O:ok M:ok	ok	same	I-2.1,I-4.8,I-7.4	[2, 2]	4	0	[0, 0]	37	753664	0	0	t1@50182:released-and-isolated
F4-rot-both	N3-iso-persisted	OOFOMOO	O:ok O:ok F:ok(F=3,reclaimed=1) O:ok M:ok O:ok O:ok	ok	same	I-2.1,I-4.8,I-7.4	[2, 2]	4	0	[0, 0]	39	819200	0	0	t1@50182:released-and-isolated
F4-rot-both	N3-iso-persisted	OOFOOFF	O:ok O:ok F:ok(F=3,reclaimed=1) O:ok O:ok F:ok(F=7,reclaimed=25) F:noop	ok	same	-	[2, 2]	4	0	[2, 2]	33	688128	0	0	t1@50182:released-and-isolated
F4-rot-both	N3-iso-persisted	OOFOOFO	O:ok O:ok F:ok(F=3,reclaimed=1) O:ok O:ok F:ok(F=7,reclaimed=25) O:ok	ok	same	-	[2, 2]	4	0	[2, 2]	39	819200	0	0	t1@50182:released-and-isolated
F4-rot-both	N3-iso-persisted	OOFOOFM	O:ok O:ok F:ok(F=3,reclaimed=1) O:ok O:ok F:ok(F=7,reclaimed=25) M:ok	ok	same	-	[2, 2]	4	0	[2, 2]	37	753664	0	0	t1@50182:released-and-isolated
F4-rot-both	N3-iso-persisted	OOFOOMF	O:ok O:ok F:ok(F=3,reclaimed=1) O:ok O:ok M:ok F:ok(F=7,reclaimed=25)	ok	same	-	[2, 2]	4	0	[2, 2]	37	753664	0	0	t1@50182:released-and-isolated
F4-rot-both	N3-iso-persisted	OOFOOOF	O:ok O:ok F:ok(F=3,reclaimed=1) O:ok O:ok O:ok F:ok(F=8,reclaimed=33)	ok	same	-	[2, 2]	4	0	[2, 2]	41	851968	0	0	t1@50182:released-and-isolated
F4-rot-both	N3-iso-persisted	OOFOOMM	O:ok O:ok F:ok(F=3,reclaimed=1) O:ok O:ok M:ok M:ok	ok	same	I-2.1,I-4.8,I-7.4	[2, 2]	4	0	[0, 0]	37	753664	0	0	t1@50182:released-and-isolated
F4-rot-both	N3-iso-persisted	OOFOOMO	O:ok O:ok F:ok(F=3,reclaimed=1) O:ok O:ok M:ok O:ok	ok	same	I-2.1,I-4.8,I-7.4	[2, 2]	4	0	[0, 0]	39	819200	0	0	t1@50182:released-and-isolated
F4-rot-both	N3-iso-persisted	OOFOOOM	O:ok O:ok F:ok(F=3,reclaimed=1) O:ok O:ok O:ok M:ok	ok	same	I-2.1,I-4.8,I-7.4	[2, 2]	4	0	[0, 0]	41	851968	0	0	t1@50182:released-and-isolated
F4-rot-both	N3-iso-persisted	OOFOOOO	O:ok O:ok F:ok(F=3,reclaimed=1) O:ok O:ok O:ok O:ok	ok	same	I-2.1,I-4.8,I-7.4	[2, 2]	4	0	[0, 0]	41	884736	0	0	t1@50182:released-and-isolated
F4-rot-both	N3-iso-persisted	OOMFFFF	O:ok O:ok M:ok F:ok(F=3,reclaimed=1) F:noop F:noop F:noop	ok	same	I-2.1,I-4.8,I-7.4	[2, 2]	4	0	[0, 0]	23	458752	0	0	t1@50182:released-and-isolated
F4-rot-both	N3-iso-persisted	OOMFFFO	O:ok O:ok M:ok F:ok(F=3,reclaimed=1) F:noop F:noop O:ok	ok	same	I-2.1,I-4.8,I-7.4	[2, 2]	4	0	[0, 0]	29	589824	0	0	t1@50182:released-and-isolated
F4-rot-both	N3-iso-persisted	OOMFFFM	O:ok O:ok M:ok F:ok(F=3,reclaimed=1) F:noop F:noop M:ok	ok	same	I-2.1,I-4.8,I-7.4	[2, 2]	4	0	[0, 0]	29	557056	0	0	t1@50182:released-and-isolated
F4-rot-both	N3-iso-persisted	OOMFFMF	O:ok O:ok M:ok F:ok(F=3,reclaimed=1) F:noop M:ok F:noop	ok	same	I-2.1,I-4.8,I-7.4	[2, 2]	4	0	[0, 0]	29	557056	0	0	t1@50182:released-and-isolated
F4-rot-both	N3-iso-persisted	OOMFFOF	O:ok O:ok M:ok F:ok(F=3,reclaimed=1) F:noop O:ok F:ok(F=6,reclaimed=17)	ok	same	I-2.1,I-4.8,I-7.4	[2, 2]	4	0	[0, 0]	33	655360	0	0	t1@50182:released-and-isolated
F4-rot-both	N3-iso-persisted	OOMFFMO	O:ok O:ok M:ok F:ok(F=3,reclaimed=1) F:noop M:ok O:ok	ok	same	I-2.1,I-4.8,I-7.4	[2, 2]	4	0	[0, 0]	35	688128	0	0	t1@50182:released-and-isolated
F4-rot-both	N3-iso-persisted	OOMFFMM	O:ok O:ok M:ok F:ok(F=3,reclaimed=1) F:noop M:ok M:ok	ok	same	I-2.1,I-4.8,I-7.4	[2, 2]	4	0	[0, 0]	35	655360	0	0	t1@50182:released-and-isolated
F4-rot-both	N3-iso-persisted	OOMFFOO	O:ok O:ok M:ok F:ok(F=3,reclaimed=1) F:noop O:ok O:ok	ok	same	I-2.1,I-4.8,I-7.4	[2, 2]	4	0	[0, 0]	35	720896	0	0	t1@50182:released-and-isolated
F4-rot-both	N3-iso-persisted	OOMFFOM	O:ok O:ok M:ok F:ok(F=3,reclaimed=1) F:noop O:ok M:ok	ok	same	I-2.1,I-4.8,I-7.4	[2, 2]	4	0	[0, 0]	33	655360	0	0	t1@50182:released-and-isolated
F4-rot-both	N3-iso-persisted	OOMFMFF	O:ok O:ok M:ok F:ok(F=3,reclaimed=1) M:ok F:noop F:noop	ok	same	I-2.1,I-4.8,I-7.4	[2, 2]	4	0	[0, 0]	29	557056	0	0	t1@50182:released-and-isolated
F4-rot-both	N3-iso-persisted	OOMFMFM	O:ok O:ok M:ok F:ok(F=3,reclaimed=1) M:ok F:noop M:ok	ok	same	I-2.1,I-4.8,I-7.4	[2, 2]	4	0	[0, 0]	35	655360	0	0	t1@50182:released-and-isolated
F4-rot-both	N3-iso-persisted	OOMFMFO	O:ok O:ok M:ok F:ok(F=3,reclaimed=1) M:ok F:noop O:ok	ok	same	I-2.1,I-4.8,I-7.4	[2, 2]	4	0	[0, 0]	35	688128	0	0	t1@50182:released-and-isolated
F4-rot-both	N3-iso-persisted	OOMFMMF	O:ok O:ok M:ok F:ok(F=3,reclaimed=1) M:ok M:ok F:noop	ok	same	I-2.1,I-4.8,I-7.4	[2, 2]	4	0	[0, 0]	35	655360	0	0	t1@50182:released-and-isolated
F4-rot-both	N3-iso-persisted	OOMFMMM	O:ok O:ok M:ok F:ok(F=3,reclaimed=1) M:ok M:ok M:ok	ok	same	I-2.1,I-4.8,I-7.4	[2, 2]	4	0	[0, 0]	41	753664	0	0	t1@50182:released-and-isolated
F4-rot-both	N3-iso-persisted	OOMFMMO	O:ok O:ok M:ok F:ok(F=3,reclaimed=1) M:ok M:ok O:ok	ok	same	I-2.1,I-4.8,I-7.4	[2, 2]	4	0	[0, 0]	41	786432	0	0	t1@50182:released-and-isolated
F4-rot-both	N3-iso-persisted	OOMFMOF	O:ok O:ok M:ok F:ok(F=3,reclaimed=1) M:ok O:ok F:ok(F=6,reclaimed=17)	ok	same	I-2.1,I-4.8,I-7.4	[2, 2]	4	0	[0, 0]	39	753664	0	0	t1@50182:released-and-isolated
F4-rot-both	N3-iso-persisted	OOMFOFF	O:ok O:ok M:ok F:ok(F=3,reclaimed=1) O:ok F:ok(F=6,reclaimed=17) F:noop	ok	same	I-2.1,I-4.8,I-7.4	[2, 2]	4	0	[0, 0]	33	655360	0	0	t1@50182:released-and-isolated
F4-rot-both	N3-iso-persisted	OOMFMOM	O:ok O:ok M:ok F:ok(F=3,reclaimed=1) M:ok O:ok M:ok	ok	same	I-2.1,I-4.8,I-7.4	[2, 2]	4	0	[0, 0]	39	753664	0	0	t1@50182:released-and-isolated
F4-rot-both	N3-iso-persisted	OOMFMOO	O:ok O:ok M:ok F:ok(F=3,reclaimed=1) M:ok O:ok O:ok	ok	same	I-2.1,I-4.8,I-7.4	[2, 2]	4	0	[0, 0]	41	819200	0	0	t1@50182:released-and-isolated
F4-rot-both	N3-iso-persisted	OOMFOFO	O:ok O:ok M:ok F:ok(F=3,reclaimed=1) O:ok F:ok(F=6,reclaimed=17) O:ok	ok	same	I-2.1,I-4.8,I-7.4	[2, 2]	4	0	[0, 0]	39	786432	0	0	t1@50182:released-and-isolated
F4-rot-both	N3-iso-persisted	OOMFOFM	O:ok O:ok M:ok F:ok(F=3,reclaimed=1) O:ok F:ok(F=6,reclaimed=17) M:ok	ok	same	I-2.1,I-4.8,I-7.4	[2, 2]	4	0	[0, 0]	39	753664	0	0	t1@50182:released-and-isolated
F4-rot-both	N3-iso-persisted	OOMFOMF	O:ok O:ok M:ok F:ok(F=3,reclaimed=1) O:ok M:ok F:ok(F=6,reclaimed=17)	ok	same	I-2.1,I-4.8,I-7.4	[2, 2]	4	0	[0, 0]	39	753664	0	0	t1@50182:released-and-isolated
F4-rot-both	N3-iso-persisted	OOMFOMM	O:ok O:ok M:ok F:ok(F=3,reclaimed=1) O:ok M:ok M:ok	ok	same	I-2.1,I-4.8,I-7.4	[2, 2]	4	0	[0, 0]	39	753664	0	0	t1@50182:released-and-isolated
F4-rot-both	N3-iso-persisted	OOMFOOF	O:ok O:ok M:ok F:ok(F=3,reclaimed=1) O:ok O:ok F:ok(F=7,reclaimed=25)	ok	same	-	[2, 2]	4	0	[2, 2]	39	786432	0	0	t1@50182:released-and-isolated
F4-rot-both	N3-iso-persisted	OOMFOMO	O:ok O:ok M:ok F:ok(F=3,reclaimed=1) O:ok M:ok O:ok	ok	same	I-2.1,I-4.8,I-7.4	[2, 2]	4	0	[0, 0]	39	786432	0	0	t1@50182:released-and-isolated
F4-rot-both	N3-iso-persisted	OOMFOOO	O:ok O:ok M:ok F:ok(F=3,reclaimed=1) O:ok O:ok O:ok	ok	same	I-2.1,I-4.8,I-7.4	[2, 2]	4	0	[0, 0]	41	851968	0	0	t1@50182:released-and-isolated
F4-rot-both	N3-iso-persisted	OOMFOOM	O:ok O:ok M:ok F:ok(F=3,reclaimed=1) O:ok O:ok M:ok	ok	same	I-2.1,I-4.8,I-7.4	[2, 2]	4	0	[0, 0]	39	786432	0	0	t1@50182:released-and-isolated
F4-rot-both	N3-iso-persisted	OOMMFFF	O:ok O:ok M:ok M:ok F:ok(F=3,reclaimed=1) F:noop F:noop	ok	same	I-2.1,I-4.8,I-7.4	[2, 2]	4	0	[0, 0]	29	557056	0	0	t1@50182:released-and-isolated
F4-rot-both	N3-iso-persisted	OOMMFFM	O:ok O:ok M:ok M:ok F:ok(F=3,reclaimed=1) F:noop M:ok	ok	same	I-2.1,I-4.8,I-7.4	[2, 2]	4	0	[0, 0]	35	655360	0	0	t1@50182:released-and-isolated
F4-rot-both	N3-iso-persisted	OOMMFFO	O:ok O:ok M:ok M:ok F:ok(F=3,reclaimed=1) F:noop O:ok	ok	same	I-2.1,I-4.8,I-7.4	[2, 2]	4	0	[0, 0]	35	688128	0	0	t1@50182:released-and-isolated
F4-rot-both	N3-iso-persisted	OOMMFMF	O:ok O:ok M:ok M:ok F:ok(F=3,reclaimed=1) M:ok F:noop	ok	same	I-2.1,I-4.8,I-7.4	[2, 2]	4	0	[0, 0]	35	655360	0	0	t1@50182:released-and-isolated
F4-rot-both	N3-iso-persisted	OOMMFMM	O:ok O:ok M:ok M:ok F:ok(F=3,reclaimed=1) M:ok M:ok	ok	same	I-2.1,I-4.8,I-7.4	[2, 2]	4	0	[0, 0]	41	753664	0	0	t1@50182:released-and-isolated
F4-rot-both	N3-iso-persisted	OOMMFOF	O:ok O:ok M:ok M:ok F:ok(F=3,reclaimed=1) O:ok F:ok(F=6,reclaimed=17)	ok	same	I-2.1,I-4.8,I-7.4	[2, 2]	4	0	[0, 0]	39	753664	0	0	t1@50182:released-and-isolated
F4-rot-both	N3-iso-persisted	OOMMFMO	O:ok O:ok M:ok M:ok F:ok(F=3,reclaimed=1) M:ok O:ok	ok	same	I-2.1,I-4.8,I-7.4	[2, 2]	4	0	[0, 0]	41	786432	0	0	t1@50182:released-and-isolated
F4-rot-both	N3-iso-persisted	OOMMFOM	O:ok O:ok M:ok M:ok F:ok(F=3,reclaimed=1) O:ok M:ok	ok	same	I-2.1,I-4.8,I-7.4	[2, 2]	4	0	[0, 0]	39	753664	0	0	t1@50182:released-and-isolated
F4-rot-both	N3-iso-persisted	OOMMFOO	O:ok O:ok M:ok M:ok F:ok(F=3,reclaimed=1) O:ok O:ok	ok	same	I-2.1,I-4.8,I-7.4	[2, 2]	4	0	[0, 0]	41	819200	0	0	t1@50182:released-and-isolated
F4-rot-both	N3-iso-persisted	OOMMMFF	O:ok O:ok M:ok M:ok M:ok F:ok(F=3,reclaimed=1) F:noop	ok	same	I-2.1,I-4.8,I-7.4	[2, 2]	4	0	[0, 0]	35	655360	0	0	t1@50182:released-and-isolated
F4-rot-both	N3-iso-persisted	OOMMMFO	O:ok O:ok M:ok M:ok M:ok F:ok(F=3,reclaimed=1) O:ok	ok	same	I-2.1,I-4.8,I-7.4	[2, 2]	4	0	[0, 0]	41	786432	0	0	t1@50182:released-and-isolated
F4-rot-both	N3-iso-persisted	OOMMMFM	O:ok O:ok M:ok M:ok M:ok F:ok(F=3,reclaimed=1) M:ok	ok	same	I-2.1,I-4.8,I-7.4	[2, 2]	4	0	[0, 0]	41	753664	0	0	t1@50182:released-and-isolated
F4-rot-both	N3-iso-persisted	OOMMMMF	O:ok O:ok M:ok M:ok M:ok M:ok F:ok(F=3,reclaimed=1)	ok	same	I-2.1,I-4.8,I-7.4	[2, 2]	4	0	[0, 0]	41	753664	0	0	t1@50182:released-and-isolated
F4-rot-both	N3-iso-persisted	OOMMMOF	O:ok O:ok M:ok M:ok M:ok O:ok F:ok(F=6,reclaimed=18)	ok	same	I-2.1,I-4.8,I-7.4	[2, 2]	4	0	[0, 0]	39	753664	0	0	t1@50182:released-and-isolated
F4-rot-both	N3-iso-persisted	OOMMMMO	O:ok O:ok M:ok M:ok M:ok M:ok O:ok	ok	same	I-2.1,I-4.8,I-7.4	[2, 2]	4	0	[0, 0]	41	786432	0	0	t1@50182:released-and-isolated
F4-rot-both	N3-iso-persisted	OOMMMMM	O:ok O:ok M:ok M:ok M:ok M:ok M:ok	ok	same	I-2.1,I-4.8,I-7.4	[2, 2]	4	0	[0, 0]	41	753664	0	0	t1@50182:released-and-isolated
F4-rot-both	N3-iso-persisted	OOMMOFF	O:ok O:ok M:ok M:ok O:ok F:ok(F=6,reclaimed=18) F:noop	ok	same	I-2.1,I-4.8,I-7.4	[2, 2]	4	0	[0, 0]	33	655360	0	0	t1@50182:released-and-isolated
F4-rot-both	N3-iso-persisted	OOMMMOO	O:ok O:ok M:ok M:ok M:ok O:ok O:ok	ok	same	I-2.1,I-4.8,I-7.4	[2, 2]	4	0	[0, 0]	41	819200	0	0	t1@50182:released-and-isolated
F4-rot-both	N3-iso-persisted	OOMMMOM	O:ok O:ok M:ok M:ok M:ok O:ok M:ok	ok	same	I-2.1,I-4.8,I-7.4	[2, 2]	4	0	[0, 0]	39	753664	0	0	t1@50182:released-and-isolated
F4-rot-both	N3-iso-persisted	OOMMOFM	O:ok O:ok M:ok M:ok O:ok F:ok(F=6,reclaimed=18) M:ok	ok	same	I-2.1,I-4.8,I-7.4	[2, 2]	4	0	[0, 0]	39	753664	0	0	t1@50182:released-and-isolated
F4-rot-both	N3-iso-persisted	OOMMOFO	O:ok O:ok M:ok M:ok O:ok F:ok(F=6,reclaimed=18) O:ok	ok	same	I-2.1,I-4.8,I-7.4	[2, 2]	4	0	[0, 0]	39	786432	0	0	t1@50182:released-and-isolated
F4-rot-both	N3-iso-persisted	OOMMOMF	O:ok O:ok M:ok M:ok O:ok M:ok F:ok(F=6,reclaimed=18)	ok	same	I-2.1,I-4.8,I-7.4	[2, 2]	4	0	[0, 0]	39	753664	0	0	t1@50182:released-and-isolated
F4-rot-both	N3-iso-persisted	OOMMOMO	O:ok O:ok M:ok M:ok O:ok M:ok O:ok	ok	same	I-2.1,I-4.8,I-7.4	[2, 2]	4	0	[0, 0]	39	786432	0	0	t1@50182:released-and-isolated
F4-rot-both	N3-iso-persisted	OOMMOMM	O:ok O:ok M:ok M:ok O:ok M:ok M:ok	ok	same	I-2.1,I-4.8,I-7.4	[2, 2]	4	0	[0, 0]	39	753664	0	0	t1@50182:released-and-isolated
F4-rot-both	N3-iso-persisted	OOMMOOF	O:ok O:ok M:ok M:ok O:ok O:ok F:ok(F=7,reclaimed=26)	ok	same	-	[2, 2]	4	0	[2, 2]	39	786432	0	0	t1@50182:released-and-isolated
F4-rot-both	N3-iso-persisted	OOMMOOM	O:ok O:ok M:ok M:ok O:ok O:ok M:ok	ok	same	I-2.1,I-4.8,I-7.4	[2, 2]	4	0	[0, 0]	39	786432	0	0	t1@50182:released-and-isolated
F4-rot-both	N3-iso-persisted	OOMMOOO	O:ok O:ok M:ok M:ok O:ok O:ok O:ok	ok	same	I-2.1,I-4.8,I-7.4	[2, 2]	4	0	[0, 0]	41	851968	0	0	t1@50182:released-and-isolated
F4-rot-both	N3-iso-persisted	OOMOFFF	O:ok O:ok M:ok O:ok F:ok(F=6,reclaimed=18) F:noop F:noop	ok	same	I-2.1,I-4.8,I-7.4	[2, 2]	4	0	[0, 0]	27	557056	0	0	t1@50182:released-and-isolated
F4-rot-both	N3-iso-persisted	OOMOFFM	O:ok O:ok M:ok O:ok F:ok(F=6,reclaimed=18) F:noop M:ok	ok	same	I-2.1,I-4.8,I-7.4	[2, 2]	4	0	[0, 0]	33	655360	0	0	t1@50182:released-and-isolated
F4-rot-both	N3-iso-persisted	OOMOFFO	O:ok O:ok M:ok O:ok F:ok(F=6,reclaimed=18) F:noop O:ok	ok	same	I-2.1,I-4.8,I-7.4	[2, 2]	4	0	[0, 0]	33	688128	0	0	t1@50182:released-and-isolated
F4-rot-both	N3-iso-persisted	OOMOFMF	O:ok O:ok M:ok O:ok F:ok(F=6,reclaimed=18) M:ok F:noop	ok	same	I-2.1,I-4.8,I-7.4	[2, 2]	4	0	[0, 0]	33	655360	0	0	t1@50182:released-and-isolated
F4-rot-both	N3-iso-persisted	OOMOFMM	O:ok O:ok M:ok O:ok F:ok(F=6,reclaimed=18) M:ok M:ok	ok	same	I-2.1,I-4.8,I-7.4	[2, 2]	4	0	[0, 0]	39	753664	0	0	t1@50182:released-and-isolated
F4-rot-both	N3-iso-persisted	OOMOFMO	O:ok O:ok M:ok O:ok F:ok(F=6,reclaimed=18) M:ok O:ok	ok	same	I-2.1,I-4.8,I-7.4	[2, 2]	4	0	[0, 0]	39	786432	0	0	t1@50182:released-and-isolated
F4-rot-both	N3-iso-persisted	OOMOFOF	O:ok O:ok M:ok O:ok F:ok(F=6,reclaimed=18) O:ok F:ok(F=7,reclaimed=8)	ok	same	-	[2, 2]	4	0	[2, 2]	37	753664	0	0	t1@50182:released-and-isolated
F4-rot-both	N3-iso-persisted	OOMOFOO	O:ok O:ok M:ok O:ok F:ok(F=6,reclaimed=18) O:ok O:ok	ok	same	I-2.1,I-4.8,I-7.4	[2, 2]	4	0	[0, 0]	39	819200	0	0	t1@50182:released-and-isolated
F4-rot-both	N3-iso-persisted	OOMOFOM	O:ok O:ok M:ok O:ok F:ok(F=6,reclaimed=18) O:ok M:ok	ok	same	I-2.1,I-4.8,I-7.4	[2, 2]	4	0	[0, 0]	37	753664	0	0	t1@50182:released-and-isolated
F4-rot-both	N3-iso-persisted	OOMOMFF	O:ok O:ok M:ok O:ok M:ok F:ok(F=6,reclaimed=18) F:noop	ok	same	I-2.1,I-4.8,I-7.4	[2, 2]	4	0	[0, 0]	33	655360	0	0	t1@50182:released-and-isolated
F4-rot-both	N3-iso-persisted	OOMOMFM	O:ok O:ok M:ok O:ok M:ok F:ok(F=6,reclaimed=18) M:ok	ok	same	I-2.1,I-4.8,I-7.4	[2, 2]	4	0	[0, 0]	39	753664	0	0	t1@50182:released-and-isolated
F4-rot-both	N3-iso-persisted	OOMOMFO	O:ok O:ok M:ok O:ok M:ok F:ok(F=6,reclaimed=18) O:ok	ok	same	I-2.1,I-4.8,I-7.4	[2, 2]	4	0	[0, 0]	39	786432	0	0	t1@50182:released-and-isolated
F4-rot-both	N3-iso-persisted	OOMOMMF	O:ok O:ok M:ok O:ok M:ok M:ok F:ok(F=6,reclaimed=18)	ok	same	I-2.1,I-4.8,I-7.4	[2, 2]	4	0	[0, 0]	39	753664	0	0	t1@50182:released-and-isolated
F4-rot-both	N3-iso-persisted	OOMOMOF	O:ok O:ok M:ok O:ok M:ok O:ok F:ok(F=7,reclaimed=26)	ok	same	-	[2, 2]	4	0	[2, 2]	37	753664	0	0	t1@50182:released-and-isolated
F4-rot-both	N3-iso-persisted	OOMOMMO	O:ok O:ok M:ok O:ok M:ok M:ok O:ok	ok	same	I-2.1,I-4.8,I-7.4	[2, 2]	4	0	[0, 0]	39	786432	0	0	t1@50182:released-and-isolated
F4-rot-both	N3-iso-persisted	OOMOMMM	O:ok O:ok M:ok O:ok M:ok M:ok M:ok	ok	same	I-2.1,I-4.8,I-7.4	[2, 2]	4	0	[0, 0]	39	753664	0	0	t1@50182:released-and-isolated
F4-rot-both	N3-iso-persisted	OOMOMOM	O:ok O:ok M:ok O:ok M:ok O:ok M:ok	ok	same	I-2.1,I-4.8,I-7.4	[2, 2]	4	0	[0, 0]	37	753664	0	0	t1@50182:released-and-isolated
F4-rot-both	N3-iso-persisted	OOMOOFF	O:ok O:ok M:ok O:ok O:ok F:ok(F=7,reclaimed=26) F:noop	ok	same	-	[2, 2]	4	0	[2, 2]	33	688128	0	0	t1@50182:released-and-isolated
F4-rot-both	N3-iso-persisted	OOMOMOO	O:ok O:ok M:ok O:ok M:ok O:ok O:ok	ok	same	I-2.1,I-4.8,I-7.4	[2, 2]	4	0	[0, 0]	39	819200	0	0	t1@50182:released-and-isolated
F4-rot-both	N3-iso-persisted	OOMOOFO	O:ok O:ok M:ok O:ok O:ok F:ok(F=7,reclaimed=26) O:ok	ok	same	-	[2, 2]	4	0	[2, 2]	39	819200	0	0	t1@50182:released-and-isolated
F4-rot-both	N3-iso-persisted	OOMOOFM	O:ok O:ok M:ok O:ok O:ok F:ok(F=7,reclaimed=26) M:ok	ok	same	-	[2, 2]	4	0	[2, 2]	37	753664	0	0	t1@50182:released-and-isolated
F4-rot-both	N3-iso-persisted	OOMOOOF	O:ok O:ok M:ok O:ok O:ok O:ok F:ok(F=8,reclaimed=34)	ok	same	-	[2, 2]	4	0	[2, 2]	41	851968	0	0	t1@50182:released-and-isolated
F4-rot-both	N3-iso-persisted	OOMOOMF	O:ok O:ok M:ok O:ok O:ok M:ok F:ok(F=7,reclaimed=26)	ok	same	-	[2, 2]	4	0	[2, 2]	37	753664	0	0	t1@50182:released-and-isolated
F4-rot-both	N3-iso-persisted	OOMOOMO	O:ok O:ok M:ok O:ok O:ok M:ok O:ok	ok	same	I-2.1,I-4.8,I-7.4	[2, 2]	4	0	[0, 0]	39	819200	0	0	t1@50182:released-and-isolated
F4-rot-both	N3-iso-persisted	OOMOOMM	O:ok O:ok M:ok O:ok O:ok M:ok M:ok	ok	same	I-2.1,I-4.8,I-7.4	[2, 2]	4	0	[0, 0]	37	753664	0	0	t1@50182:released-and-isolated
F4-rot-both	N3-iso-persisted	OOOFFFF	O:ok O:ok O:ok F:ok(F=6,reclaimed=18) F:noop F:noop F:noop	ok	same	I-2.1,I-4.8,I-7.4	[2, 2]	4	0	[0, 0]	23	491520	0	0	t1@50182:released-and-isolated
F4-rot-both	N3-iso-persisted	OOMOOOO	O:ok O:ok M:ok O:ok O:ok O:ok O:ok	ok	same	I-2.1,I-4.8,I-7.4	[2, 2]	4	0	[0, 0]	41	884736	0	0	t1@50182:released-and-isolated
F4-rot-both	N3-iso-persisted	OOOFFFM	O:ok O:ok O:ok F:ok(F=6,reclaimed=18) F:noop F:noop M:ok	ok	same	I-2.1,I-4.8,I-7.4	[2, 2]	4	0	[0, 0]	27	557056	0	0	t1@50182:released-and-isolated
F4-rot-both	N3-iso-persisted	OOMOOOM	O:ok O:ok M:ok O:ok O:ok O:ok M:ok	ok	same	I-2.1,I-4.8,I-7.4	[2, 2]	4	0	[0, 0]	41	851968	0	0	t1@50182:released-and-isolated
F4-rot-both	N3-iso-persisted	OOOFFFO	O:ok O:ok O:ok F:ok(F=6,reclaimed=18) F:noop F:noop O:ok	ok	same	I-2.1,I-4.8,I-7.4	[2, 2]	4	0	[0, 0]	29	622592	0	0	t1@50182:released-and-isolated
F4-rot-both	N3-iso-persisted	OOOFFMF	O:ok O:ok O:ok F:ok(F=6,reclaimed=18) F:noop M:ok F:noop	ok	same	I-2.1,I-4.8,I-7.4	[2, 2]	4	0	[0, 0]	27	557056	0	0	t1@50182:released-and-isolated
F4-rot-both	N3-iso-persisted	OOOFFMO	O:ok O:ok O:ok F:ok(F=6,reclaimed=18) F:noop M:ok O:ok	ok	same	I-2.1,I-4.8,I-7.4	[2, 2]	4	0	[0, 0]	33	688128	0	0	t1@50182:released-and-isolated
F4-rot-both	N3-iso-persisted	OOOFFMM	O:ok O:ok O:ok F:ok(F=6,reclaimed=18) F:noop M:ok M:ok	ok	same	I-2.1,I-4.8,I-7.4	[2, 2]	4	0	[0, 0]	33	655360	0	0	t1@50182:released-and-isolated
F4-rot-both	N3-iso-persisted	OOOFFOF	O:ok O:ok O:ok F:ok(F=6,reclaimed=18) F:noop O:ok F:ok(F=7,reclaimed=8)	ok	same	-	[2, 2]	4	0	[2, 2]	33	688128	0	0	t1@50182:released-and-isolated
F4-rot-both	N3-iso-persisted	OOOFFOO	O:ok O:ok O:ok F:ok(F=6,reclaimed=18) F:noop O:ok O:ok	ok	same	I-2.1,I-4.8,I-7.4	[2, 2]	4	0	[0, 0]	35	753664	0	0	t1@50182:released-and-isolated
F4-rot-both	N3-iso-persisted	OOOFFOM	O:ok O:ok O:ok F:ok(F=6,reclaimed=18) F:noop O:ok M:ok	ok	same	I-2.1,I-4.8,I-7.4	[2, 2]	4	0	[0, 0]	33	688128	0	0	t1@50182:released-and-isolated
F4-rot-both	N3-iso-persisted	OOOFMFF	O:ok O:ok O:ok F:ok(F=6,reclaimed=18) M:ok F:noop F:noop	ok	same	I-2.1,I-4.8,I-7.4	[2, 2]	4	0	[0, 0]	27	557056	0	0	t1@50182:released-and-isolated
F4-rot-both	N3-iso-persisted	OOOFMFM	O:ok O:ok O:ok F:ok(F=6,reclaimed=18) M:ok F:noop M:ok	ok	same	I-2.1,I-4.8,I-7.4	[2, 2]	4	0	[0, 0]	33	655360	0	0	t1@50182:released-and-isolated
F4-rot-both	N3-iso-persisted	OOOFMFO	O:ok O:ok O:ok F:ok(F=6,reclaimed=18) M:ok F:noop O:ok	ok	same	I-2.1,I-4.8,I-7.4	[2, 2]	4	0	[0, 0]	33	688128	0	0	t1@50182:released-and-isolated
F4-rot-both	N3-iso-persisted	OOOFMMF	O:ok O:ok O:ok F:ok(F=6,reclaimed=18) M:ok M:ok F:noop	ok	same	I-2.1,I-4.8,I-7.4	[2, 2]	4	0	[0, 0]	33	655360	0	0	t1@50182:released-and-isolated
F4-rot-both	N3-iso-persisted	OOOFMMM	O:ok O:ok O:ok F:ok(F=6,reclaimed=18) M:ok M:ok M:ok	ok	same	I-2.1,I-4.8,I-7.4	[2, 2]	4	0	[0, 0]	39	753664	0	0	t1@50182:released-and-isolated
F4-rot-both	N3-iso-persisted	OOOFMMO	O:ok O:ok O:ok F:ok(F=6,reclaimed=18) M:ok M:ok O:ok	ok	same	I-2.1,I-4.8,I-7.4	[2, 2]	4	0	[0, 0]	39	786432	0	0	t1@50182:released-and-isolated
F4-rot-both	N3-iso-persisted	OOOFMOF	O:ok O:ok O:ok F:ok(F=6,reclaimed=18) M:ok O:ok F:ok(F=7,reclaimed=8)	ok	same	-	[2, 2]	4	0	[2, 2]	37	753664	0	0	t1@50182:released-and-isolated
F4-rot-both	N3-iso-persisted	OOOFMOO	O:ok O:ok O:ok F:ok(F=6,reclaimed=18) M:ok O:ok O:ok	ok	same	I-2.1,I-4.8,I-7.4	[2, 2]	4	0	[0, 0]	39	819200	0	0	t1@50182:released-and-isolated
F4-rot-both	N3-iso-persisted	OOOFMOM	O:ok O:ok O:ok F:ok(F=6,reclaimed=18) M:ok O:ok M:ok	ok	same	I-2.1,I-4.8,I-7.4	[2, 2]	4	0	[0, 0]	37	753664	0	0	t1@50182:released-and-isolated
F4-rot-both	N3-iso-persisted	OOOFOFF	O:ok O:ok O:ok F:ok(F=6,reclaimed=18) O:ok F:ok(F=7,reclaimed=8) F:noop	ok	same	-	[2, 2]	4	0	[2, 2]	33	688128	0	0	t1@50182:released-and-isolated
F4-rot-both	N3-iso-persisted	OOOFOFM	O:ok O:ok O:ok F:ok(F=6,reclaimed=18) O:ok F:ok(F=7,reclaimed=8) M:ok	ok	same	-	[2, 2]	4	0	[2, 2]	37	753664	0	0	t1@50182:released-and-isolated
F4-rot-both	N3-iso-persisted	OOOFOFO	O:ok O:ok O:ok F:ok(F=6,reclaimed=18) O:ok F:ok(F=7,reclaimed=8) O:ok	ok	same	-	[2, 2]	4	0	[2, 2]	39	819200	0	0	t1@50182:released-and-isolated
F4-rot-both	N3-iso-persisted	OOOFOMF	O:ok O:ok O:ok F:ok(F=6,reclaimed=18) O:ok M:ok F:ok(F=7,reclaimed=8)	ok	same	-	[2, 2]	4	0	[2, 2]	37	753664	0	0	t1@50182:released-and-isolated
F4-rot-both	N3-iso-persisted	OOOFOOF	O:ok O:ok O:ok F:ok(F=6,reclaimed=18) O:ok O:ok F:ok(F=8,reclaimed=16)	ok	same	-	[2, 2]	4	0	[2, 2]	41	851968	0	0	t1@50182:released-and-isolated
F4-rot-both	N3-iso-persisted	OOOFOMO	O:ok O:ok O:ok F:ok(F=6,reclaimed=18) O:ok M:ok O:ok	ok	same	I-2.1,I-4.8,I-7.4	[2, 2]	4	0	[0, 0]	39	819200	0	0	t1@50182:released-and-isolated
F4-rot-both	N3-iso-persisted	OOOFOMM	O:ok O:ok O:ok F:ok(F=6,reclaimed=18) O:ok M:ok M:ok	ok	same	I-2.1,I-4.8,I-7.4	[2, 2]	4	0	[0, 0]	37	753664	0	0	t1@50182:released-and-isolated
F4-rot-both	N3-iso-persisted	OOOFOOM	O:ok O:ok O:ok F:ok(F=6,reclaimed=18) O:ok O:ok M:ok	ok	same	I-2.1,I-4.8,I-7.4	[2, 2]	4	0	[0, 0]	41	851968	0	0	t1@50182:released-and-isolated
F4-rot-both	N3-iso-persisted	OOOFOOO	O:ok O:ok O:ok F:ok(F=6,reclaimed=18) O:ok O:ok O:ok	ok	same	I-2.1,I-4.8,I-7.4	[2, 2]	4	0	[0, 0]	41	884736	0	0	t1@50182:released-and-isolated
F4-rot-both	N3-iso-persisted	OOOMFFF	O:ok O:ok O:ok M:ok F:ok(F=6,reclaimed=18) F:noop F:noop	ok	same	I-2.1,I-4.8,I-7.4	[2, 2]	4	0	[0, 0]	27	557056	0	0	t1@50182:released-and-isolated
F4-rot-both	N3-iso-persisted	OOOMFFO	O:ok O:ok O:ok M:ok F:ok(F=6,reclaimed=18) F:noop O:ok	ok	same	I-2.1,I-4.8,I-7.4	[2, 2]	4	0	[0, 0]	33	688128	0	0	t1@50182:released-and-isolated
F4-rot-both	N3-iso-persisted	OOOMFFM	O:ok O:ok O:ok M:ok F:ok(F=6,reclaimed=18) F:noop M:ok	ok	same	I-2.1,I-4.8,I-7.4	[2, 2]	4	0	[0, 0]	33	655360	0	0	t1@50182:released-and-isolated
F4-rot-both	N3-iso-persisted	OOOMFMF	O:ok O:ok O:ok M:ok F:ok(F=6,reclaimed=18) M:ok F:noop	ok	same	I-2.1,I-4.8,I-7.4	[2, 2]	4	0	[0, 0]	33	655360	0	0	t1@50182:released-and-isolated
F4-rot-both	N3-iso-persisted	OOOMFOF	O:ok O:ok O:ok M:ok F:ok(F=6,reclaimed=18) O:ok F:ok(F=7,reclaimed=8)	ok	same	-	[2, 2]	4	0	[2, 2]	37	753664	0	0	t1@50182:released-and-isolated
F4-rot-both	N3-iso-persisted	OOOMFMO	O:ok O:ok O:ok M:ok F:ok(F=6,reclaimed=18) M:ok O:ok	ok	same	I-2.1,I-4.8,I-7.4	[2, 2]	4	0	[0, 0]	39	786432	0	0	t1@50182:released-and-isolated
F4-rot-both	N3-iso-persisted	OOOMFMM	O:ok O:ok O:ok M:ok F:ok(F=6,reclaimed=18) M:ok M:ok	ok	same	I-2.1,I-4.8,I-7.4	[2, 2]	4	0	[0, 0]	39	753664	0	0	t1@50182:released-and-isolated
F4-rot-both	N3-iso-persisted	OOOMFOO	O:ok O:ok O:ok M:ok F:ok(F=6,reclaimed=18) O:ok O:ok	ok	same	I-2.1,I-4.8,I-7.4	[2, 2]	4	0	[0, 0]	39	819200	0	0	t1@50182:released-and-isolated
F4-rot-both	N3-iso-persisted	OOOMFOM	O:ok O:ok O:ok M:ok F:ok(F=6,reclaimed=18) O:ok M:ok	ok	same	I-2.1,I-4.8,I-7.4	[2, 2]	4	0	[0, 0]	37	753664	0	0	t1@50182:released-and-isolated
F4-rot-both	N3-iso-persisted	OOOMMFF	O:ok O:ok O:ok M:ok M:ok F:ok(F=6,reclaimed=18) F:noop	ok	same	I-2.1,I-4.8,I-7.4	[2, 2]	4	0	[0, 0]	33	655360	0	0	t1@50182:released-and-isolated
F4-rot-both	N3-iso-persisted	OOOMMFM	O:ok O:ok O:ok M:ok M:ok F:ok(F=6,reclaimed=18) M:ok	ok	same	I-2.1,I-4.8,I-7.4	[2, 2]	4	0	[0, 0]	39	753664	0	0	t1@50182:released-and-isolated
F4-rot-both	N3-iso-persisted	OOOMMFO	O:ok O:ok O:ok M:ok M:ok F:ok(F=6,reclaimed=18) O:ok	ok	same	I-2.1,I-4.8,I-7.4	[2, 2]	4	0	[0, 0]	39	786432	0	0	t1@50182:released-and-isolated
F4-rot-both	N3-iso-persisted	OOOMMMF	O:ok O:ok O:ok M:ok M:ok M:ok F:ok(F=6,reclaimed=18)	ok	same	I-2.1,I-4.8,I-7.4	[2, 2]	4	0	[0, 0]	39	753664	0	0	t1@50182:released-and-isolated
F4-rot-both	N3-iso-persisted	OOOMMMO	O:ok O:ok O:ok M:ok M:ok M:ok O:ok	ok	same	I-2.1,I-4.8,I-7.4	[2, 2]	4	0	[0, 0]	39	786432	0	0	t1@50182:released-and-isolated
F4-rot-both	N3-iso-persisted	OOOMMMM	O:ok O:ok O:ok M:ok M:ok M:ok M:ok	ok	same	I-2.1,I-4.8,I-7.4	[2, 2]	4	0	[0, 0]	39	753664	0	0	t1@50182:released-and-isolated
F4-rot-both	N3-iso-persisted	OOOMMOF	O:ok O:ok O:ok M:ok M:ok O:ok F:ok(F=7,reclaimed=26)	ok	same	-	[2, 2]	4	0	[2, 2]	37	753664	0	0	t1@50182:released-and-isolated
F4-rot-both	N3-iso-persisted	OOOMOFF	O:ok O:ok O:ok M:ok O:ok F:ok(F=7,reclaimed=26) F:noop	ok	same	-	[2, 2]	4	0	[2, 2]	33	688128	0	0	t1@50182:released-and-isolated
F4-rot-both	N3-iso-persisted	OOOMMOO	O:ok O:ok O:ok M:ok M:ok O:ok O:ok	ok	same	I-2.1,I-4.8,I-7.4	[2, 2]	4	0	[0, 0]	39	819200	0	0	t1@50182:released-and-isolated
F4-rot-both	N3-iso-persisted	OOOMMOM	O:ok O:ok O:ok M:ok M:ok O:ok M:ok	ok	same	I-2.1,I-4.8,I-7.4	[2, 2]	4	0	[0, 0]	37	753664	0	0	t1@50182:released-and-isolated
F4-rot-both	N3-iso-persisted	OOOMOFO	O:ok O:ok O:ok M:ok O:ok F:ok(F=7,reclaimed=26) O:ok	ok	same	-	[2, 2]	4	0	[2, 2]	39	819200	0	0	t1@50182:released-and-isolated
F4-rot-both	N3-iso-persisted	OOOMOFM	O:ok O:ok O:ok M:ok O:ok F:ok(F=7,reclaimed=26) M:ok	ok	same	-	[2, 2]	4	0	[2, 2]	37	753664	0	0	t1@50182:released-and-isolated
F4-rot-both	N3-iso-persisted	OOOMOMF	O:ok O:ok O:ok M:ok O:ok M:ok F:ok(F=7,reclaimed=26)	ok	same	-	[2, 2]	4	0	[2, 2]	37	753664	0	0	t1@50182:released-and-isolated
F4-rot-both	N3-iso-persisted	OOOMOMM	O:ok O:ok O:ok M:ok O:ok M:ok M:ok	ok	same	I-2.1,I-4.8,I-7.4	[2, 2]	4	0	[0, 0]	37	753664	0	0	t1@50182:released-and-isolated
F4-rot-both	N3-iso-persisted	OOOMOOF	O:ok O:ok O:ok M:ok O:ok O:ok F:ok(F=8,reclaimed=34)	ok	same	-	[2, 2]	4	0	[2, 2]	41	851968	0	0	t1@50182:released-and-isolated
F4-rot-both	N3-iso-persisted	OOOMOMO	O:ok O:ok O:ok M:ok O:ok M:ok O:ok	ok	same	I-2.1,I-4.8,I-7.4	[2, 2]	4	0	[0, 0]	39	819200	0	0	t1@50182:released-and-isolated
F4-rot-both	N3-iso-persisted	OOOMOOM	O:ok O:ok O:ok M:ok O:ok O:ok M:ok	ok	same	I-2.1,I-4.8,I-7.4	[2, 2]	4	0	[0, 0]	41	851968	0	0	t1@50182:released-and-isolated
F4-rot-both	N3-iso-persisted	OOOMOOO	O:ok O:ok O:ok M:ok O:ok O:ok O:ok	ok	same	I-2.1,I-4.8,I-7.4	[2, 2]	4	0	[0, 0]	41	884736	0	0	t1@50182:released-and-isolated
F4-rot-both	N3-iso-persisted	OOOOFFF	O:ok O:ok O:ok O:ok F:ok(F=7,reclaimed=26) F:noop F:noop	ok	same	-	[2, 2]	4	0	[2, 2]	31	655360	0	0	t1@50182:released-and-isolated
F4-rot-both	N3-iso-persisted	OOOOFFM	O:ok O:ok O:ok O:ok F:ok(F=7,reclaimed=26) F:noop M:ok	ok	same	-	[2, 2]	4	0	[2, 2]	37	753664	0	0	t1@50182:released-and-isolated
F4-rot-both	N3-iso-persisted	OOOOFFO	O:ok O:ok O:ok O:ok F:ok(F=7,reclaimed=26) F:noop O:ok	ok	same	-	[2, 2]	4	0	[2, 2]	37	786432	0	0	t1@50182:released-and-isolated
F4-rot-both	N3-iso-persisted	OOOOFMF	O:ok O:ok O:ok O:ok F:ok(F=7,reclaimed=26) M:ok F:noop	ok	same	-	[2, 2]	4	0	[2, 2]	37	753664	0	0	t1@50182:released-and-isolated
F4-rot-both	N3-iso-persisted	OOOOFMO	O:ok O:ok O:ok O:ok F:ok(F=7,reclaimed=26) M:ok O:ok	ok	same	-	[2, 2]	4	0	[2, 2]	43	884736	0	0	t1@50182:released-and-isolated
F4-rot-both	N3-iso-persisted	OOOOFMM	O:ok O:ok O:ok O:ok F:ok(F=7,reclaimed=26) M:ok M:ok	ok	same	-	[2, 2]	4	0	[2, 2]	43	851968	0	0	t1@50182:released-and-isolated
F4-rot-both	N3-iso-persisted	OOOOFOF	O:ok O:ok O:ok O:ok F:ok(F=7,reclaimed=26) O:ok F:ok(F=8,reclaimed=8)	ok	same	-	[2, 2]	4	0	[2, 2]	41	851968	0	0	t1@50182:released-and-isolated
F4-rot-both	N3-iso-persisted	OOOOFOM	O:ok O:ok O:ok O:ok F:ok(F=7,reclaimed=26) O:ok M:ok	ok	same	-	[2, 2]	4	0	[2, 2]	41	851968	0	0	t1@50182:released-and-isolated
F4-rot-both	N3-iso-persisted	OOOOFOO	O:ok O:ok O:ok O:ok F:ok(F=7,reclaimed=26) O:ok O:ok	ok	same	-	[2, 2]	4	0	[2, 2]	43	917504	0	0	t1@50182:released-and-isolated
F4-rot-both	N3-iso-persisted	OOOOMFF	O:ok O:ok O:ok O:ok M:ok F:ok(F=7,reclaimed=26) F:noop	ok	same	-	[2, 2]	4	0	[2, 2]	37	753664	0	0	t1@50182:released-and-isolated
F4-rot-both	N3-iso-persisted	OOOOMFM	O:ok O:ok O:ok O:ok M:ok F:ok(F=7,reclaimed=26) M:ok	ok	same	-	[2, 2]	4	0	[2, 2]	43	851968	0	0	t1@50182:released-and-isolated
F4-rot-both	N3-iso-persisted	OOOOMFO	O:ok O:ok O:ok O:ok M:ok F:ok(F=7,reclaimed=26) O:ok	ok	same	-	[2, 2]	4	0	[2, 2]	43	884736	0	0	t1@50182:released-and-isolated
F4-rot-both	N3-iso-persisted	OOOOMMF	O:ok O:ok O:ok O:ok M:ok M:ok F:ok(F=7,reclaimed=26)	ok	same	-	[2, 2]	4	0	[2, 2]	43	851968	0	0	t1@50182:released-and-isolated
F4-rot-both	N3-iso-persisted	OOOOMOF	O:ok O:ok O:ok O:ok M:ok O:ok F:ok(F=8,reclaimed=34)	ok	same	-	[2, 2]	4	0	[2, 2]	41	851968	0	0	t1@50182:released-and-isolated
F4-rot-both	N3-iso-persisted	OOOOMMM	O:ok O:ok O:ok O:ok M:ok M:ok M:ok	ok	same	I-2.1,I-4.8,I-7.4	[2, 2]	4	0	[0, 0]	43	851968	0	0	t1@50182:released-and-isolated
F4-rot-both	N3-iso-persisted	OOOOMMO	O:ok O:ok O:ok O:ok M:ok M:ok O:ok	ok	same	I-2.1,I-4.8,I-7.4	[2, 2]	4	0	[0, 0]	43	884736	0	0	t1@50182:released-and-isolated
F4-rot-both	N3-iso-persisted	OOOOOFF	O:ok O:ok O:ok O:ok O:ok F:ok(F=8,reclaimed=34) F:noop	ok	same	-	[2, 2]	4	0	[2, 2]	35	753664	0	0	t1@50182:released-and-isolated
F4-rot-both	N3-iso-persisted	OOOOMOO	O:ok O:ok O:ok O:ok M:ok O:ok O:ok	ok	same	I-2.1,I-4.8,I-7.4	[2, 2]	4	0	[0, 0]	43	917504	0	0	t1@50182:released-and-isolated
F4-rot-both	N3-iso-persisted	OOOOMOM	O:ok O:ok O:ok O:ok M:ok O:ok M:ok	ok	same	I-2.1,I-4.8,I-7.4	[2, 2]	4	0	[0, 0]	41	851968	0	0	t1@50182:released-and-isolated
F4-rot-both	N3-iso-persisted	OOOOOFM	O:ok O:ok O:ok O:ok O:ok F:ok(F=8,reclaimed=34) M:ok	ok	same	-	[2, 2]	4	0	[2, 2]	41	851968	0	0	t1@50182:released-and-isolated
F4-rot-both	N3-iso-persisted	OOOOOFO	O:ok O:ok O:ok O:ok O:ok F:ok(F=8,reclaimed=34) O:ok	ok	same	-	[2, 2]	4	0	[2, 2]	41	884736	0	0	t1@50182:released-and-isolated
F4-rot-both	N3-iso-persisted	OOOOOMF	O:ok O:ok O:ok O:ok O:ok M:ok F:ok(F=8,reclaimed=34)	ok	same	-	[2, 2]	4	0	[2, 2]	41	851968	0	0	t1@50182:released-and-isolated
F4-rot-both	N3-iso-persisted	OOOOOMO	O:ok O:ok O:ok O:ok O:ok M:ok O:ok	ok	same	I-2.1,I-4.8,I-7.4	[2, 2]	4	0	[0, 0]	41	884736	0	0	t1@50182:released-and-isolated
F4-rot-both	N3-iso-persisted	OOOOOMM	O:ok O:ok O:ok O:ok O:ok M:ok M:ok	ok	same	I-2.1,I-4.8,I-7.4	[2, 2]	4	0	[0, 0]	41	851968	0	0	t1@50182:released-and-isolated
F4-rot-both	N3-iso-persisted	OOOOOOF	O:ok O:ok O:ok O:ok O:ok O:ok F:ok(F=9,reclaimed=42)	ok	same	-	[2, 2]	4	0	[2, 2]	41	884736	0	0	t1@50182:released-and-isolated
F4-rot-both	N3-iso-persisted	OOOOOOO	O:ok O:ok O:ok O:ok O:ok O:ok O:ok	ok	same	I-2.1,I-4.8,I-7.4	[2, 2]	4	0	[0, 0]	43	950272	0	0	t1@50182:released-and-isolated
F4-rot-both	N3-iso-persisted	OOOOOOM	O:ok O:ok O:ok O:ok O:ok O:ok M:ok	ok	same	I-2.1,I-4.8,I-7.4	[2, 2]	4	0	[0, 0]	41	884736	0	0	t1@50182:released-and-isolated
