fault	arm	suffix	steps	final_mount	readback	violated	isolated_per_device	isolated_by_check	isolated_at_mount	free_minus_allocatable	check_reads	check_read_bytes	switches	reads_refused	check_events
F4-rot-both	N1A-any-isoAll-mem	OFFFFFO	O:ok F:noop F:noop F:noop F:noop F:noop O:ok	ok	same	I-2.1,I-4.8,I-7.4	[2, 2]	4	0	[0, 0]	13	294912	0	0	t1@50182:released-and-isolated
F4-rot-both	N1A-any-isoAll-mem	OFFFFFF	O:ok F:noop F:noop F:noop F:noop F:noop F:noop	ok	same	I-2.1,I-4.8,I-7.4	[2, 2]	4	0	[0, 0]	7	163840	0	0	t1@50182:released-and-isolated
F4-rot-both	N1A-any-isoAll-mem	OFFFFFM	O:ok F:noop F:noop F:noop F:noop F:noop M:ok	ok	same	I-2.1,I-4.8,I-7.4	[0, 0]	4	0	[0, 0]	13	262144	0	0	t1@50182:released-and-isolated
F4-rot-both	N1A-any-isoAll-mem	OFFFFMF	O:ok F:noop F:noop F:noop F:noop M:ok F:noop	ok	same	I-2.1,I-4.8,I-7.4	[0, 0]	4	0	[0, 0]	13	262144	0	0	t1@50182:released-and-isolated
F4-rot-both	N1A-any-isoAll-mem	OFFFFOF	O:ok F:noop F:noop F:noop F:noop O:ok F:ok(F=3,reclaimed=1)	ok	same	I-2.1,I-4.8,I-7.4	[2, 2]	4	0	[0, 0]	17	360448	0	0	t1@50182:released-and-isolated
F4-rot-both	N1A-any-isoAll-mem	OFFFFMO	O:ok F:noop F:noop F:noop F:noop M:ok O:ok	ok	same	I-2.1,I-4.8,I-7.4	[0, 0]	4	0	[0, 0]	19	393216	0	0	t1@50182:released-and-isolated
F4-rot-both	N1A-any-isoAll-mem	OFFFFMM	O:ok F:noop F:noop F:noop F:noop M:ok M:ok	ok	same	I-2.1,I-4.8,I-7.4	[0, 0]	4	0	[0, 0]	19	360448	0	0	t1@50182:released-and-isolated
F4-rot-both	N1A-any-isoAll-mem	OFFFFOM	O:ok F:noop F:noop F:noop F:noop O:ok M:ok	ok	same	I-2.1,I-4.8,I-7.4	[0, 0]	4	0	[0, 0]	17	360448	0	0	t1@50182:released-and-isolated
F4-rot-both	N1A-any-isoAll-mem	OFFFFOO	O:ok F:noop F:noop F:noop F:noop O:ok O:ok	ok	same	I-2.1,I-4.8,I-7.4	[2, 2]	4	0	[0, 0]	19	425984	0	0	t1@50182:released-and-isolated
F4-rot-both	N1A-any-isoAll-mem	OFFFMFO	O:ok F:noop F:noop F:noop M:ok F:noop O:ok	ok	same	I-2.1,I-4.8,I-7.4	[0, 0]	4	0	[0, 0]	19	393216	0	0	t1@50182:released-and-isolated
F4-rot-both	N1A-any-isoAll-mem	OFFFMFF	O:ok F:noop F:noop F:noop M:ok F:noop F:noop	ok	same	I-2.1,I-4.8,I-7.4	[0, 0]	4	0	[0, 0]	13	262144	0	0	t1@50182:released-and-isolated
F4-rot-both	N1A-any-isoAll-mem	OFFFMFM	O:ok F:noop F:noop F:noop M:ok F:noop M:ok	ok	same	I-2.1,I-4.8,I-7.4	[0, 0]	4	0	[0, 0]	19	360448	0	0	t1@50182:released-and-isolated
F4-rot-both	N1A-any-isoAll-mem	OFFFMOF	O:ok F:noop F:noop F:noop M:ok O:ok F:ok(F=3,reclaimed=1)	ok	same	I-2.1,I-4.8,I-7.4	[0, 0]	4	0	[0, 0]	23	458752	0	0	t1@50182:released-and-isolated
F4-rot-both	N1A-any-isoAll-mem	OFFFMMF	O:ok F:noop F:noop F:noop M:ok M:ok F:noop	ok	same	I-2.1,I-4.8,I-7.4	[0, 0]	4	0	[0, 0]	19	360448	0	0	t1@50182:released-and-isolated
F4-rot-both	N1A-any-isoAll-mem	OFFFMMO	O:ok F:noop F:noop F:noop M:ok M:ok O:ok	ok	same	I-2.1,I-4.8,I-7.4	[0, 0]	4	0	[0, 0]	25	491520	0	0	t1@50182:released-and-isolated
F4-rot-both	N1A-any-isoAll-mem	OFFFMMM	O:ok F:noop F:noop F:noop M:ok M:ok M:ok	ok	same	I-2.1,I-4.8,I-7.4	[0, 0]	4	0	[0, 0]	25	458752	0	0	t1@50182:released-and-isolated
F4-rot-both	N1A-any-isoAll-mem	OFFFOFF	O:ok F:noop F:noop F:noop O:ok F:ok(F=3,reclaimed=1) F:noop	ok	same	I-2.1,I-4.8,I-7.4	[2, 2]	4	0	[0, 0]	17	360448	0	0	t1@50182:released-and-isolated
F4-rot-both	N1A-any-isoAll-mem	OFFFMOO	O:ok F:noop F:noop F:noop M:ok O:ok O:ok	ok	same	I-2.1,I-4.8,I-7.4	[0, 0]	4	0	[0, 0]	25	524288	0	0	t1@50182:released-and-isolated
F4-rot-both	N1A-any-isoAll-mem	OFFFMOM	O:ok F:noop F:noop F:noop M:ok O:ok M:ok	ok	same	I-2.1,I-4.8,I-7.4	[0, 0]	4	0	[0, 0]	23	458752	0	0	t1@50182:released-and-isolated
F4-rot-both	N1A-any-isoAll-mem	OFFFOFO	O:ok F:noop F:noop F:noop O:ok F:ok(F=3,reclaimed=1) O:ok	ok	same	I-2.1,I-4.8,I-7.4	[2, 2]	4	0	[0, 0]	23	491520	0	0	t1@50182:released-and-isolated
F4-rot-both	N1A-any-isoAll-mem	OFFFOFM	O:ok F:noop F:noop F:noop O:ok F:ok(F=3,reclaimed=1) M:ok	ok	same	I-2.1,I-4.8,I-7.4	[0, 0]	4	0	[0, 0]	23	458752	0	0	t1@50182:released-and-isolated
F4-rot-both	N1A-any-isoAll-mem	OFFFOMF	O:ok F:noop F:noop F:noop O:ok M:ok F:ok(F=3,reclaimed=1)	ok	same	I-2.1,I-4.8,I-7.4	[0, 0]	4	0	[0, 0]	23	458752	0	0	t1@50182:released-and-isolated
F4-rot-both	N1A-any-isoAll-mem	OFFFOMO	O:ok F:noop F:noop F:noop O:ok M:ok O:ok	ok	same	I-2.1,I-4.8,I-7.4	[0, 0]	4	0	[0, 0]	23	491520	0	0	t1@50182:released-and-isolated
F4-rot-both	N1A-any-isoAll-mem	OFFFOMM	O:ok F:noop F:noop F:noop O:ok M:ok M:ok	ok	same	I-2.1,I-4.8,I-7.4	[0, 0]	4	0	[0, 0]	23	458752	0	0	t1@50182:released-and-isolated
F4-rot-both	N1A-any-isoAll-mem	OFFFOOF	O:ok F:noop F:noop F:noop O:ok O:ok F:ok(F=6,reclaimed=18)	ok	same	I-2.1,I-4.8,I-7.4	[2, 2]	4	0	[0, 0]	23	491520	0	0	t1@50182:released-and-isolated
F4-rot-both	N1A-any-isoAll-mem	OFFFOOM	O:ok F:noop F:noop F:noop O:ok O:ok M:ok	ok	same	I-2.1,I-4.8,I-7.4	[0, 0]	4	0	[0, 0]	23	491520	0	0	t1@50182:released-and-isolated
F4-rot-both	N1A-any-isoAll-mem	OFFFOOO	O:ok F:noop F:noop F:noop O:ok O:ok O:ok	ok	same	I-2.1,I-4.8,I-7.4	[2, 2]	4	0	[0, 0]	25	557056	0	0	t1@50182:released-and-isolated
F4-rot-both	N1A-any-isoAll-mem	OFFMFFF	O:ok F:noop F:noop M:ok F:noop F:noop F:noop	ok	same	I-2.1,I-4.8,I-7.4	[0, 0]	4	0	[0, 0]	13	262144	0	0	t1@50182:released-and-isolated
F4-rot-both	N1A-any-isoAll-mem	OFFMFFO	O:ok F:noop F:noop M:ok F:noop F:noop O:ok	ok	same	I-2.1,I-4.8,I-7.4	[0, 0]	4	0	[0, 0]	19	393216	0	0	t1@50182:released-and-isolated
F4-rot-both	N1A-any-isoAll-mem	OFFMFFM	O:ok F:noop F:noop M:ok F:noop F:noop M:ok	ok	same	I-2.1,I-4.8,I-7.4	[0, 0]	4	0	[0, 0]	19	360448	0	0	t1@50182:released-and-isolated
F4-rot-both	N1A-any-isoAll-mem	OFFMFMF	O:ok F:noop F:noop M:ok F:noop M:ok F:noop	ok	same	I-2.1,I-4.8,I-7.4	[0, 0]	4	0	[0, 0]	19	360448	0	0	t1@50182:released-and-isolated
F4-rot-both	N1A-any-isoAll-mem	OFFMFMM	O:ok F:noop F:noop M:ok F:noop M:ok M:ok	ok	same	I-2.1,I-4.8,I-7.4	[0, 0]	4	0	[0, 0]	25	458752	0	0	t1@50182:released-and-isolated
F4-rot-both	N1A-any-isoAll-mem	OFFMFMO	O:ok F:noop F:noop M:ok F:noop M:ok O:ok	ok	same	I-2.1,I-4.8,I-7.4	[0, 0]	4	0	[0, 0]	25	491520	0	0	t1@50182:released-and-isolated
F4-rot-both	N1A-any-isoAll-mem	OFFMFOF	O:ok F:noop F:noop M:ok F:noop O:ok F:ok(F=3,reclaimed=1)	ok	same	I-2.1,I-4.8,I-7.4	[0, 0]	4	0	[0, 0]	23	458752	0	0	t1@50182:released-and-isolated
F4-rot-both	N1A-any-isoAll-mem	OFFMFOM	O:ok F:noop F:noop M:ok F:noop O:ok M:ok	ok	same	I-2.1,I-4.8,I-7.4	[0, 0]	4	0	[0, 0]	23	458752	0	0	t1@50182:released-and-isolated
F4-rot-both	N1A-any-isoAll-mem	OFFMFOO	O:ok F:noop F:noop M:ok F:noop O:ok O:ok	ok	same	I-2.1,I-4.8,I-7.4	[0, 0]	4	0	[0, 0]	25	524288	0	0	t1@50182:released-and-isolated
F4-rot-both	N1A-any-isoAll-mem	OFFMMFF	O:ok F:noop F:noop M:ok M:ok F:noop F:noop	ok	same	I-2.1,I-4.8,I-7.4	[0, 0]	4	0	[0, 0]	19	360448	0	0	t1@50182:released-and-isolated
F4-rot-both	N1A-any-isoAll-mem	OFFMMFO	O:ok F:noop F:noop M:ok M:ok F:noop O:ok	ok	same	I-2.1,I-4.8,I-7.4	[0, 0]	4	0	[0, 0]	25	491520	0	0	t1@50182:released-and-isolated
F4-rot-both	N1A-any-isoAll-mem	OFFMMFM	O:ok F:noop F:noop M:ok M:ok F:noop M:ok	ok	same	I-2.1,I-4.8,I-7.4	[0, 0]	4	0	[0, 0]	25	458752	0	0	t1@50182:released-and-isolated
F4-rot-both	N1A-any-isoAll-mem	OFFMMMF	O:ok F:noop F:noop M:ok M:ok M:ok F:noop	ok	same	I-2.1,I-4.8,I-7.4	[0, 0]	4	0	[0, 0]	25	458752	0	0	t1@50182:released-and-isolated
F4-rot-both	N1A-any-isoAll-mem	OFFMMMO	O:ok F:noop F:noop M:ok M:ok M:ok O:ok	ok	same	I-2.1,I-4.8,I-7.4	[0, 0]	4	0	[0, 0]	31	589824	0	0	t1@50182:released-and-isolated
F4-rot-both	N1A-any-isoAll-mem	OFFMMOF	O:ok F:noop F:noop M:ok M:ok O:ok F:ok(F=3,reclaimed=1)	ok	same	I-2.1,I-4.8,I-7.4	[0, 0]	4	0	[0, 0]	29	557056	0	0	t1@50182:released-and-isolated
F4-rot-both	N1A-any-isoAll-mem	OFFMMMM	O:ok F:noop F:noop M:ok M:ok M:ok M:ok	ok	same	I-2.1,I-4.8,I-7.4	[0, 0]	4	0	[0, 0]	31	557056	0	0	t1@50182:released-and-isolated
F4-rot-both	N1A-any-isoAll-mem	OFFMMOO	O:ok F:noop F:noop M:ok M:ok O:ok O:ok	ok	same	I-2.1,I-4.8,I-7.4	[0, 0]	4	0	[0, 0]	31	622592	0	0	t1@50182:released-and-isolated
F4-rot-both	N1A-any-isoAll-mem	OFFMOFF	O:ok F:noop F:noop M:ok O:ok F:ok(F=3,reclaimed=1) F:noop	ok	same	I-2.1,I-4.8,I-7.4	[0, 0]	4	0	[0, 0]	23	458752	0	0	t1@50182:released-and-isolated
F4-rot-both	N1A-any-isoAll-mem	OFFMMOM	O:ok F:noop F:noop M:ok M:ok O:ok M:ok	ok	same	I-2.1,I-4.8,I-7.4	[0, 0]	4	0	[0, 0]	29	557056	0	0	t1@50182:released-and-isolated
F4-rot-both	N1A-any-isoAll-mem	OFFMOFM	O:ok F:noop F:noop M:ok O:ok F:ok(F=3,reclaimed=1) M:ok	ok	same	I-2.1,I-4.8,I-7.4	[0, 0]	4	0	[0, 0]	29	557056	0	0	t1@50182:released-and-isolated
F4-rot-both	N1A-any-isoAll-mem	OFFMOFO	O:ok F:noop F:noop M:ok O:ok F:ok(F=3,reclaimed=1) O:ok	ok	same	I-2.1,I-4.8,I-7.4	[0, 0]	4	0	[0, 0]	29	589824	0	0	t1@50182:released-and-isolated
F4-rot-both	N1A-any-isoAll-mem	OFFMOMF	O:ok F:noop F:noop M:ok O:ok M:ok F:ok(F=3,reclaimed=1)	ok	same	I-2.1,I-4.8,I-7.4	[0, 0]	4	0	[0, 0]	29	557056	0	0	t1@50182:released-and-isolated
F4-rot-both	N1A-any-isoAll-mem	OFFMOMO	O:ok F:noop F:noop M:ok O:ok M:ok O:ok	ok	same	I-2.1,I-4.8,I-7.4	[0, 0]	4	0	[0, 0]	29	589824	0	0	t1@50182:released-and-isolated
F4-rot-both	N1A-any-isoAll-mem	OFFMOMM	O:ok F:noop F:noop M:ok O:ok M:ok M:ok	ok	same	I-2.1,I-4.8,I-7.4	[0, 0]	4	0	[0, 0]	29	557056	0	0	t1@50182:released-and-isolated
F4-rot-both	N1A-any-isoAll-mem	OFFMOOF	O:ok F:noop F:noop M:ok O:ok O:ok F:ok(F=6,reclaimed=18)	ok	same	I-2.1,I-4.8,I-7.4	[0, 0]	4	0	[0, 0]	29	589824	0	0	t1@50182:released-and-isolated
F4-rot-both	N1A-any-isoAll-mem	OFFMOOM	O:ok F:noop F:noop M:ok O:ok O:ok M:ok	ok	same	I-2.1,I-4.8,I-7.4	[0, 0]	4	0	[0, 0]	29	589824	0	0	t1@50182:released-and-isolated
F4-rot-both	N1A-any-isoAll-mem	OFFOFFF	O:ok F:noop F:noop O:ok F:ok(F=3,reclaimed=1) F:noop F:noop	ok	same	I-2.1,I-4.8,I-7.4	[2, 2]	4	0	[0, 0]	17	360448	0	0	t1@50182:released-and-isolated
F4-rot-both	N1A-any-isoAll-mem	OFFMOOO	O:ok F:noop F:noop M:ok O:ok O:ok O:ok	ok	same	I-2.1,I-4.8,I-7.4	[0, 0]	4	0	[0, 0]	31	655360	0	0	t1@50182:released-and-isolated
F4-rot-both	N1A-any-isoAll-mem	OFFOFFM	O:ok F:noop F:noop O:ok F:ok(F=3,reclaimed=1) F:noop M:ok	ok	same	I-2.1,I-4.8,I-7.4	[0, 0]	4	0	[0, 0]	23	458752	0	0	t1@50182:released-and-isolated
F4-rot-both	N1A-any-isoAll-mem	OFFOFFO	O:ok F:noop F:noop O:ok F:ok(F=3,reclaimed=1) F:noop O:ok	ok	same	I-2.1,I-4.8,I-7.4	[2, 2]	4	0	[0, 0]	23	491520	0	0	t1@50182:released-and-isolated
F4-rot-both	N1A-any-isoAll-mem	OFFOFMM	O:ok F:noop F:noop O:ok F:ok(F=3,reclaimed=1) M:ok M:ok	ok	same	I-2.1,I-4.8,I-7.4	[0, 0]	4	0	[0, 0]	29	557056	0	0	t1@50182:released-and-isolated
F4-rot-both	N1A-any-isoAll-mem	OFFOFMF	O:ok F:noop F:noop O:ok F:ok(F=3,reclaimed=1) M:ok F:noop	ok	same	I-2.1,I-4.8,I-7.4	[0, 0]	4	0	[0, 0]	23	458752	0	0	t1@50182:released-and-isolated
F4-rot-both	N1A-any-isoAll-mem	OFFOFOF	O:ok F:noop F:noop O:ok F:ok(F=3,reclaimed=1) O:ok F:ok(F=6,reclaimed=17)	ok	same	I-2.1,I-4.8,I-7.4	[2, 2]	4	0	[0, 0]	27	557056	0	0	t1@50182:released-and-isolated
F4-rot-both	N1A-any-isoAll-mem	OFFOFMO	O:ok F:noop F:noop O:ok F:ok(F=3,reclaimed=1) M:ok O:ok	ok	same	I-2.1,I-4.8,I-7.4	[0, 0]	4	0	[0, 0]	29	589824	0	0	t1@50182:released-and-isolated
F4-rot-both	N1A-any-isoAll-mem	OFFOFOM	O:ok F:noop F:noop O:ok F:ok(F=3,reclaimed=1) O:ok M:ok	ok	same	I-2.1,I-4.8,I-7.4	[0, 0]	4	0	[0, 0]	27	557056	0	0	t1@50182:released-and-isolated
F4-rot-both	N1A-any-isoAll-mem	OFFOFOO	O:ok F:noop F:noop O:ok F:ok(F=3,reclaimed=1) O:ok O:ok	ok	same	I-2.1,I-4.8,I-7.4	[2, 2]	4	0	[0, 0]	29	622592	0	0	t1@50182:released-and-isolated
F4-rot-both	N1A-any-isoAll-mem	OFFOMFF	O:ok F:noop F:noop O:ok M:ok F:ok(F=3,reclaimed=1) F:noop	ok	same	I-2.1,I-4.8,I-7.4	[0, 0]	4	0	[0, 0]	23	458752	0	0	t1@50182:released-and-isolated
F4-rot-both	N1A-any-isoAll-mem	OFFOMFO	O:ok F:noop F:noop O:ok M:ok F:ok(F=3,reclaimed=1) O:ok	ok	same	I-2.1,I-4.8,I-7.4	[0, 0]	4	0	[0, 0]	29	589824	0	0	t1@50182:released-and-isolated
F4-rot-both	N1A-any-isoAll-mem	OFFOMFM	O:ok F:noop F:noop O:ok M:ok F:ok(F=3,reclaimed=1) M:ok	ok	same	I-2.1,I-4.8,I-7.4	[0, 0]	4	0	[0, 0]	29	557056	0	0	t1@50182:released-and-isolated
F4-rot-both	N1A-any-isoAll-mem	OFFOMMF	O:ok F:noop F:noop O:ok M:ok M:ok F:ok(F=3,reclaimed=1)	ok	same	I-2.1,I-4.8,I-7.4	[0, 0]	4	0	[0, 0]	29	557056	0	0	t1@50182:released-and-isolated
F4-rot-both	N1A-any-isoAll-mem	OFFOMOF	O:ok F:noop F:noop O:ok M:ok O:ok F:ok(F=6,reclaimed=18)	ok	same	I-2.1,I-4.8,I-7.4	[0, 0]	4	0	[0, 0]	27	557056	0	0	t1@50182:released-and-isolated
F4-rot-both	N1A-any-isoAll-mem	OFFOMOM	O:ok F:noop F:noop O:ok M:ok O:ok M:ok	ok	same	I-2.1,I-4.8,I-7.4	[0, 0]	4	0	[0, 0]	27	557056	0	0	t1@50182:released-and-isolated
F4-rot-both	N1A-any-isoAll-mem	OFFOMMM	O:ok F:noop F:noop O:ok M:ok M:ok M:ok	ok	same	I-2.1,I-4.8,I-7.4	[0, 0]	4	0	[0, 0]	29	557056	0	0	t1@50182:released-and-isolated
F4-rot-both	N1A-any-isoAll-mem	OFFOMMO	O:ok F:noop F:noop O:ok M:ok M:ok O:ok	ok	same	I-2.1,I-4.8,I-7.4	[0, 0]	4	0	[0, 0]	29	589824	0	0	t1@50182:released-and-isolated
F4-rot-both	N1A-any-isoAll-mem	OFFOOFF	O:ok F:noop F:noop O:ok O:ok F:ok(F=6,reclaimed=18) F:noop	ok	same	I-2.1,I-4.8,I-7.4	[2, 2]	4	0	[0, 0]	23	491520	0	0	t1@50182:released-and-isolated
F4-rot-both	N1A-any-isoAll-mem	OFFOMOO	O:ok F:noop F:noop O:ok M:ok O:ok O:ok	ok	same	I-2.1,I-4.8,I-7.4	[0, 0]	4	0	[0, 0]	29	622592	0	0	t1@50182:released-and-isolated
F4-rot-both	N1A-any-isoAll-mem	OFFOOFO	O:ok F:noop F:noop O:ok O:ok F:ok(F=6,reclaimed=18) O:ok	ok	same	I-2.1,I-4.8,I-7.4	[2, 2]	4	0	[0, 0]	29	622592	0	0	t1@50182:released-and-isolated
F4-rot-both	N1A-any-isoAll-mem	OFFOOFM	O:ok F:noop F:noop O:ok O:ok F:ok(F=6,reclaimed=18) M:ok	ok	same	I-2.1,I-4.8,I-7.4	[0, 0]	4	0	[0, 0]	27	557056	0	0	t1@50182:released-and-isolated
F4-rot-both	N1A-any-isoAll-mem	OFFOOMF	O:ok F:noop F:noop O:ok O:ok M:ok F:ok(F=6,reclaimed=18)	ok	same	I-2.1,I-4.8,I-7.4	[0, 0]	4	0	[0, 0]	27	557056	0	0	t1@50182:released-and-isolated
F4-rot-both	N1A-any-isoAll-mem	OFFOOMM	O:ok F:noop F:noop O:ok O:ok M:ok M:ok	ok	same	I-2.1,I-4.8,I-7.4	[0, 0]	4	0	[0, 0]	27	557056	0	0	t1@50182:released-and-isolated
F4-rot-both	N1A-any-isoAll-mem	OFFOOMO	O:ok F:noop F:noop O:ok O:ok M:ok O:ok	ok	same	I-2.1,I-4.8,I-7.4	[0, 0]	4	0	[0, 0]	29	622592	0	0	t1@50182:released-and-isolated
F4-rot-both	N1A-any-isoAll-mem	OFFOOOF	O:ok F:noop F:noop O:ok O:ok O:ok F:ok(F=7,reclaimed=26)	ok	same	-	[2, 2]	4	0	[2, 2]	31	655360	0	0	t1@50182:released-and-isolated
F4-rot-both	N1A-any-isoAll-mem	OFFOOOO	O:ok F:noop F:noop O:ok O:ok O:ok O:ok	ok	same	I-2.1,I-4.8,I-7.4	[2, 2]	4	0	[0, 0]	31	688128	0	0	t1@50182:released-and-isolated
F4-rot-both	N1A-any-isoAll-mem	OFFOOOM	O:ok F:noop F:noop O:ok O:ok O:ok M:ok	ok	same	I-2.1,I-4.8,I-7.4	[0, 0]	4	0	[0, 0]	31	655360	0	0	t1@50182:released-and-isolated
F4-rot-both	N1A-any-isoAll-mem	OFMFFFF	O:ok F:noop M:ok F:noop F:noop F:noop F:noop	ok	same	I-2.1,I-4.8,I-7.4	[0, 0]	4	0	[0, 0]	13	262144	0	0	t1@50182:released-and-isolated
F4-rot-both	N1A-any-isoAll-mem	OFMFFFM	O:ok F:noop M:ok F:noop F:noop F:noop M:ok	ok	same	I-2.1,I-4.8,I-7.4	[0, 0]	4	0	[0, 0]	19	360448	0	0	t1@50182:released-and-isolated
F4-rot-both	N1A-any-isoAll-mem	OFMFFFO	O:ok F:noop M:ok F:noop F:noop F:noop O:ok	ok	same	I-2.1,I-4.8,I-7.4	[0, 0]	4	0	[0, 0]	19	393216	0	0	t1@50182:released-and-isolated
F4-rot-both	N1A-any-isoAll-mem	OFMFFMF	O:ok F:noop M:ok F:noop F:noop M:ok F:noop	ok	same	I-2.1,I-4.8,I-7.4	[0, 0]	4	0	[0, 0]	19	360448	0	0	t1@50182:released-and-isolated
F4-rot-both	N1A-any-isoAll-mem	OFMFFOF	O:ok F:noop M:ok F:noop F:noop O:ok F:ok(F=3,reclaimed=1)	ok	same	I-2.1,I-4.8,I-7.4	[0, 0]	4	0	[0, 0]	23	458752	0	0	t1@50182:released-and-isolated
F4-rot-both	N1A-any-isoAll-mem	OFMFFMO	O:ok F:noop M:ok F:noop F:noop M:ok O:ok	ok	same	I-2.1,I-4.8,I-7.4	[0, 0]	4	0	[0, 0]	25	491520	0	0	t1@50182:released-and-isolated
F4-rot-both	N1A-any-isoAll-mem	OFMFFOM	O:ok F:noop M:ok F:noop F:noop O:ok M:ok	ok	same	I-2.1,I-4.8,I-7.4	[0, 0]	4	0	[0, 0]	23	458752	0	0	t1@50182:released-and-isolated
F4-rot-both	N1A-any-isoAll-mem	OFMFFMM	O:ok F:noop M:ok F:noop F:noop M:ok M:ok	ok	same	I-2.1,I-4.8,I-7.4	[0, 0]	4	0	[0, 0]	25	458752	0	0	t1@50182:released-and-isolated
F4-rot-both	N1A-any-isoAll-mem	OFMFFOO	O:ok F:noop M:ok F:noop F:noop O:ok O:ok	ok	same	I-2.1,I-4.8,I-7.4	[0, 0]	4	0	[0, 0]	25	524288	0	0	t1@50182:released-and-isolated
F4-rot-both	N1A-any-isoAll-mem	OFMFMFO	O:ok F:noop M:ok F:noop M:ok F:noop O:ok	ok	same	I-2.1,I-4.8,I-7.4	[0, 0]	4	0	[0, 0]	25	491520	0	0	t1@50182:released-and-isolated
F4-rot-both	N1A-any-isoAll-mem	OFMFMFF	O:ok F:noop M:ok F:noop M:ok F:noop F:noop	ok	same	I-2.1,I-4.8,I-7.4	[0, 0]	4	0	[0, 0]	19	360448	0	0	t1@50182:released-and-isolated
F4-rot-both	N1A-any-isoAll-mem	OFMFMFM	O:ok F:noop M:ok F:noop M:ok F:noop M:ok	ok	same	I-2.1,I-4.8,I-7.4	[0, 0]	4	0	[0, 0]	25	458752	0	0	t1@50182:released-and-isolated
F4-rot-both	N1A-any-isoAll-mem	OFMFMMF	O:ok F:noop M:ok F:noop M:ok M:ok F:noop	ok	same	I-2.1,I-4.8,I-7.4	[0, 0]	4	0	[0, 0]	25	458752	0	0	t1@50182:released-and-isolated
F4-rot-both	N1A-any-isoAll-mem	OFMFMMM	O:ok F:noop M:ok F:noop M:ok M:ok M:ok	ok	same	I-2.1,I-4.8,I-7.4	[0, 0]	4	0	[0, 0]	31	557056	0	0	t1@50182:released-and-isolated
F4-rot-both	N1A-any-isoAll-mem	OFMFMMO	O:ok F:noop M:ok F:noop M:ok M:ok O:ok	ok	same	I-2.1,I-4.8,I-7.4	[0, 0]	4	0	[0, 0]	31	589824	0	0	t1@50182:released-and-isolated
F4-rot-both	N1A-any-isoAll-mem	OFMFMOF	O:ok F:noop M:ok F:noop M:ok O:ok F:ok(F=3,reclaimed=1)	ok	same	I-2.1,I-4.8,I-7.4	[0, 0]	4	0	[0, 0]	29	557056	0	0	t1@50182:released-and-isolated
F4-rot-both	N1A-any-isoAll-mem	OFMFMOO	O:ok F:noop M:ok F:noop M:ok O:ok O:ok	ok	same	I-2.1,I-4.8,I-7.4	[0, 0]	4	0	[0, 0]	31	622592	0	0	t1@50182:released-and-isolated
F4-rot-both	N1A-any-isoAll-mem	OFMFMOM	O:ok F:noop M:ok F:noop M:ok O:ok M:ok	ok	same	I-2.1,I-4.8,I-7.4	[0, 0]	4	0	[0, 0]	29	557056	0	0	t1@50182:released-and-isolated
F4-rot-both	N1A-any-isoAll-mem	OFMFOFM	O:ok F:noop M:ok F:noop O:ok F:ok(F=3,reclaimed=1) M:ok	ok	same	I-2.1,I-4.8,I-7.4	[0, 0]	4	0	[0, 0]	29	557056	0	0	t1@50182:released-and-isolated
F4-rot-both	N1A-any-isoAll-mem	OFMFOFF	O:ok F:noop M:ok F:noop O:ok F:ok(F=3,reclaimed=1) F:noop	ok	same	I-2.1,I-4.8,I-7.4	[0, 0]	4	0	[0, 0]	23	458752	0	0	t1@50182:released-and-isolated
F4-rot-both	N1A-any-isoAll-mem	OFMFOFO	O:ok F:noop M:ok F:noop O:ok F:ok(F=3,reclaimed=1) O:ok	ok	same	I-2.1,I-4.8,I-7.4	[0, 0]	4	0	[0, 0]	29	589824	0	0	t1@50182:released-and-isolated
F4-rot-both	N1A-any-isoAll-mem	OFMFOMF	O:ok F:noop M:ok F:noop O:ok M:ok F:ok(F=3,reclaimed=1)	ok	same	I-2.1,I-4.8,I-7.4	[0, 0]	4	0	[0, 0]	29	557056	0	0	t1@50182:released-and-isolated
F4-rot-both	N1A-any-isoAll-mem	OFMFOOF	O:ok F:noop M:ok F:noop O:ok O:ok F:ok(F=6,reclaimed=18)	ok	same	I-2.1,I-4.8,I-7.4	[0, 0]	4	0	[0, 0]	29	589824	0	0	t1@50182:released-and-isolated
F4-rot-both	N1A-any-isoAll-mem	OFMFOMM	O:ok F:noop M:ok F:noop O:ok M:ok M:ok	ok	same	I-2.1,I-4.8,I-7.4	[0, 0]	4	0	[0, 0]	29	557056	0	0	t1@50182:released-and-isolated
F4-rot-both	N1A-any-isoAll-mem	OFMFOMO	O:ok F:noop M:ok F:noop O:ok M:ok O:ok	ok	same	I-2.1,I-4.8,I-7.4	[0, 0]	4	0	[0, 0]	29	589824	0	0	t1@50182:released-and-isolated
F4-rot-both	N1A-any-isoAll-mem	OFMFOOO	O:ok F:noop M:ok F:noop O:ok O:ok O:ok	ok	same	I-2.1,I-4.8,I-7.4	[0, 0]	4	0	[0, 0]	31	655360	0	0	t1@50182:released-and-isolated
F4-rot-both	N1A-any-isoAll-mem	OFMFOOM	O:ok F:noop M:ok F:noop O:ok O:ok M:ok	ok	same	I-2.1,I-4.8,I-7.4	[0, 0]	4	0	[0, 0]	29	589824	0	0	t1@50182:released-and-isolated
F4-rot-both	N1A-any-isoAll-mem	OFMMFFF	O:ok F:noop M:ok M:ok F:noop F:noop F:noop	ok	same	I-2.1,I-4.8,I-7.4	[0, 0]	4	0	[0, 0]	19	360448	0	0	t1@50182:released-and-isolated
F4-rot-both	N1A-any-isoAll-mem	OFMMFFO	O:ok F:noop M:ok M:ok F:noop F:noop O:ok	ok	same	I-2.1,I-4.8,I-7.4	[0, 0]	4	0	[0, 0]	25	491520	0	0	t1@50182:released-and-isolated
F4-rot-both	N1A-any-isoAll-mem	OFMMFMF	O:ok F:noop M:ok M:ok F:noop M:ok F:noop	ok	same	I-2.1,I-4.8,I-7.4	[0, 0]	4	0	[0, 0]	25	458752	0	0	t1@50182:released-and-isolated
F4-rot-both	N1A-any-isoAll-mem	OFMMFFM	O:ok F:noop M:ok M:ok F:noop F:noop M:ok	ok	same	I-2.1,I-4.8,I-7.4	[0, 0]	4	0	[0, 0]	25	458752	0	0	t1@50182:released-and-isolated
F4-rot-both	N1A-any-isoAll-mem	OFMMFOF	O:ok F:noop M:ok M:ok F:noop O:ok F:ok(F=3,reclaimed=1)	ok	same	I-2.1,I-4.8,I-7.4	[0, 0]	4	0	[0, 0]	29	557056	0	0	t1@50182:released-and-isolated
F4-rot-both	N1A-any-isoAll-mem	OFMMFMO	O:ok F:noop M:ok M:ok F:noop M:ok O:ok	ok	same	I-2.1,I-4.8,I-7.4	[0, 0]	4	0	[0, 0]	31	589824	0	0	t1@50182:released-and-isolated
F4-rot-both	N1A-any-isoAll-mem	OFMMFMM	O:ok F:noop M:ok M:ok F:noop M:ok M:ok	ok	same	I-2.1,I-4.8,I-7.4	[0, 0]	4	0	[0, 0]	31	557056	0	0	t1@50182:released-and-isolated
F4-rot-both	N1A-any-isoAll-mem	OFMMFOM	O:ok F:noop M:ok M:ok F:noop O:ok M:ok	ok	same	I-2.1,I-4.8,I-7.4	[0, 0]	4	0	[0, 0]	29	557056	0	0	t1@50182:released-and-isolated
F4-rot-both	N1A-any-isoAll-mem	OFMMFOO	O:ok F:noop M:ok M:ok F:noop O:ok O:ok	ok	same	I-2.1,I-4.8,I-7.4	[0, 0]	4	0	[0, 0]	31	622592	0	0	t1@50182:released-and-isolated
F4-rot-both	N1A-any-isoAll-mem	OFMMMFO	O:ok F:noop M:ok M:ok M:ok F:noop O:ok	ok	same	I-2.1,I-4.8,I-7.4	[0, 0]	4	0	[0, 0]	31	589824	0	0	t1@50182:released-and-isolated
F4-rot-both	N1A-any-isoAll-mem	OFMMMFF	O:ok F:noop M:ok M:ok M:ok F:noop F:noop	ok	same	I-2.1,I-4.8,I-7.4	[0, 0]	4	0	[0, 0]	25	458752	0	0	t1@50182:released-and-isolated
F4-rot-both	N1A-any-isoAll-mem	OFMMMFM	O:ok F:noop M:ok M:ok M:ok F:noop M:ok	ok	same	I-2.1,I-4.8,I-7.4	[0, 0]	4	0	[0, 0]	31	557056	0	0	t1@50182:released-and-isolated
F4-rot-both	N1A-any-isoAll-mem	OFMMMMF	O:ok F:noop M:ok M:ok M:ok M:ok F:noop	ok	same	I-2.1,I-4.8,I-7.4	[0, 0]	4	0	[0, 0]	31	557056	0	0	t1@50182:released-and-isolated
F4-rot-both	N1A-any-isoAll-mem	OFMMMMM	O:ok F:noop M:ok M:ok M:ok M:ok M:ok	ok	same	I-2.1,I-4.8,I-7.4	[0, 0]	4	0	[0, 0]	37	655360	0	0	t1@50182:released-and-isolated
F4-rot-both	N1A-any-isoAll-mem	OFMMMOF	O:ok F:noop M:ok M:ok M:ok O:ok F:ok(F=3,reclaimed=1)	ok	same	I-2.1,I-4.8,I-7.4	[0, 0]	4	0	[0, 0]	35	655360	0	0	t1@50182:released-and-isolated
F4-rot-both	N1A-any-isoAll-mem	OFMMMMO	O:ok F:noop M:ok M:ok M:ok M:ok O:ok	ok	same	I-2.1,I-4.8,I-7.4	[0, 0]	4	0	[0, 0]	37	688128	0	0	t1@50182:released-and-isolated
F4-rot-both	N1A-any-isoAll-mem	OFMMOFF	O:ok F:noop M:ok M:ok O:ok F:ok(F=3,reclaimed=1) F:noop	ok	same	I-2.1,I-4.8,I-7.4	[0, 0]	4	0	[0, 0]	29	557056	0	0	t1@50182:released-and-isolated
F4-rot-both	N1A-any-isoAll-mem	OFMMMOO	O:ok F:noop M:ok M:ok M:ok O:ok O:ok	ok	same	I-2.1,I-4.8,I-7.4	[0, 0]	4	0	[0, 0]	37	720896	0	0	t1@50182:released-and-isolated
F4-rot-both	N1A-any-isoAll-mem	OFMMMOM	O:ok F:noop M:ok M:ok M:ok O:ok M:ok	ok	same	I-2.1,I-4.8,I-7.4	[0, 0]	4	0	[0, 0]	35	655360	0	0	t1@50182:released-and-isolated
F4-rot-both	N1A-any-isoAll-mem	OFMMOFM	O:ok F:noop M:ok M:ok O:ok F:ok(F=3,reclaimed=1) M:ok	ok	same	I-2.1,I-4.8,I-7.4	[0, 0]	4	0	[0, 0]	35	655360	0	0	t1@50182:released-and-isolated
F4-rot-both	N1A-any-isoAll-mem	OFMMOFO	O:ok F:noop M:ok M:ok O:ok F:ok(F=3,reclaimed=1) O:ok	ok	same	I-2.1,I-4.8,I-7.4	[0, 0]	4	0	[0, 0]	35	688128	0	0	t1@50182:released-and-isolated
F4-rot-both	N1A-any-isoAll-mem	OFMMOMF	O:ok F:noop M:ok M:ok O:ok M:ok F:ok(F=3,reclaimed=1)	ok	same	I-2.1,I-4.8,I-7.4	[0, 0]	4	0	[0, 0]	35	655360	0	0	t1@50182:released-and-isolated
F4-rot-both	N1A-any-isoAll-mem	OFMMOMO	O:ok F:noop M:ok M:ok O:ok M:ok O:ok	ok	same	I-2.1,I-4.8,I-7.4	[0, 0]	4	0	[0, 0]	35	688128	0	0	t1@50182:released-and-isolated
F4-rot-both	N1A-any-isoAll-mem	OFMMOMM	O:ok F:noop M:ok M:ok O:ok M:ok M:ok	ok	same	I-2.1,I-4.8,I-7.4	[0, 0]	4	0	[0, 0]	35	655360	0	0	t1@50182:released-and-isolated
F4-rot-both	N1A-any-isoAll-mem	OFMMOOF	O:ok F:noop M:ok M:ok O:ok O:ok F:ok(F=6,reclaimed=18)	ok	same	I-2.1,I-4.8,I-7.4	[0, 0]	4	0	[0, 0]	35	688128	0	0	t1@50182:released-and-isolated
F4-rot-both	N1A-any-isoAll-mem	OFMOFFF	O:ok F:noop M:ok O:ok F:ok(F=3,reclaimed=1) F:noop F:noop	ok	same	I-2.1,I-4.8,I-7.4	[0, 0]	4	0	[0, 0]	23	458752	0	0	t1@50182:released-and-isolated
F4-rot-both	N1A-any-isoAll-mem	OFMMOOO	O:ok F:noop M:ok M:ok O:ok O:ok O:ok	ok	same	I-2.1,I-4.8,I-7.4	[0, 0]	4	0	[0, 0]	37	753664	0	0	t1@50182:released-and-isolated
F4-rot-both	N1A-any-isoAll-mem	OFMMOOM	O:ok F:noop M:ok M:ok O:ok O:ok M:ok	ok	same	I-2.1,I-4.8,I-7.4	[0, 0]	4	0	[0, 0]	35	688128	0	0	t1@50182:released-and-isolated
F4-rot-both	N1A-any-isoAll-mem	OFMOFFM	O:ok F:noop M:ok O:ok F:ok(F=3,reclaimed=1) F:noop M:ok	ok	same	I-2.1,I-4.8,I-7.4	[0, 0]	4	0	[0, 0]	29	557056	0	0	t1@50182:released-and-isolated
F4-rot-both	N1A-any-isoAll-mem	OFMOFFO	O:ok F:noop M:ok O:ok F:ok(F=3,reclaimed=1) F:noop O:ok	ok	same	I-2.1,I-4.8,I-7.4	[0, 0]	4	0	[0, 0]	29	589824	0	0	t1@50182:released-and-isolated
F4-rot-both	N1A-any-isoAll-mem	OFMOFMF	O:ok F:noop M:ok O:ok F:ok(F=3,reclaimed=1) M:ok F:noop	ok	same	I-2.1,I-4.8,I-7.4	[0, 0]	4	0	[0, 0]	29	557056	0	0	t1@50182:released-and-isolated
F4-rot-both	N1A-any-isoAll-mem	OFMOFMM	O:ok F:noop M:ok O:ok F:ok(F=3,reclaimed=1) M:ok M:ok	ok	same	I-2.1,I-4.8,I-7.4	[0, 0]	4	0	[0, 0]	35	655360	0	0	t1@50182:released-and-isolated
F4-rot-both	N1A-any-isoAll-mem	OFMOFOF	O:ok F:noop M:ok O:ok F:ok(F=3,reclaimed=1) O:ok F:ok(F=6,reclaimed=17)	ok	same	I-2.1,I-4.8,I-7.4	[0, 0]	4	0	[0, 0]	33	655360	0	0	t1@50182:released-and-isolated
F4-rot-both	N1A-any-isoAll-mem	OFMOFMO	O:ok F:noop M:ok O:ok F:ok(F=3,reclaimed=1) M:ok O:ok	ok	same	I-2.1,I-4.8,I-7.4	[0, 0]	4	0	[0, 0]	35	688128	0	0	t1@50182:released-and-isolated
F4-rot-both	N1A-any-isoAll-mem	OFMOFOM	O:ok F:noop M:ok O:ok F:ok(F=3,reclaimed=1) O:ok M:ok	ok	same	I-2.1,I-4.8,I-7.4	[0, 0]	4	0	[0, 0]	33	655360	0	0	t1@50182:released-and-isolated
F4-rot-both	N1A-any-isoAll-mem	OFMOFOO	O:ok F:noop M:ok O:ok F:ok(F=3,reclaimed=1) O:ok O:ok	ok	same	I-2.1,I-4.8,I-7.4	[0, 0]	4	0	[0, 0]	35	720896	0	0	t1@50182:released-and-isolated
F4-rot-both	N1A-any-isoAll-mem	OFMOMFF	O:ok F:noop M:ok O:ok M:ok F:ok(F=3,reclaimed=1) F:noop	ok	same	I-2.1,I-4.8,I-7.4	[0, 0]	4	0	[0, 0]	29	557056	0	0	t1@50182:released-and-isolated
F4-rot-both	N1A-any-isoAll-mem	OFMOMFM	O:ok F:noop M:ok O:ok M:ok F:ok(F=3,reclaimed=1) M:ok	ok	same	I-2.1,I-4.8,I-7.4	[0, 0]	4	0	[0, 0]	35	655360	0	0	t1@50182:released-and-isolated
F4-rot-both	N1A-any-isoAll-mem	OFMOMFO	O:ok F:noop M:ok O:ok M:ok F:ok(F=3,reclaimed=1) O:ok	ok	same	I-2.1,I-4.8,I-7.4	[0, 0]	4	0	[0, 0]	35	688128	0	0	t1@50182:released-and-isolated
F4-rot-both	N1A-any-isoAll-mem	OFMOMMF	O:ok F:noop M:ok O:ok M:ok M:ok F:ok(F=3,reclaimed=1)	ok	same	I-2.1,I-4.8,I-7.4	[0, 0]	4	0	[0, 0]	35	655360	0	0	t1@50182:released-and-isolated
F4-rot-both	N1A-any-isoAll-mem	OFMOMOF	O:ok F:noop M:ok O:ok M:ok O:ok F:ok(F=6,reclaimed=18)	ok	same	I-2.1,I-4.8,I-7.4	[0, 0]	4	0	[0, 0]	33	655360	0	0	t1@50182:released-and-isolated
F4-rot-both	N1A-any-isoAll-mem	OFMOMMM	O:ok F:noop M:ok O:ok M:ok M:ok M:ok	ok	same	I-2.1,I-4.8,I-7.4	[0, 0]	4	0	[0, 0]	35	655360	0	0	t1@50182:released-and-isolated
F4-rot-both	N1A-any-isoAll-mem	OFMOMMO	O:ok F:noop M:ok O:ok M:ok M:ok O:ok	ok	same	I-2.1,I-4.8,I-7.4	[0, 0]	4	0	[0, 0]	35	688128	0	0	t1@50182:released-and-isolated
F4-rot-both	N1A-any-isoAll-mem	OFMOMOM	O:ok F:noop M:ok O:ok M:ok O:ok M:ok	ok	same	I-2.1,I-4.8,I-7.4	[0, 0]	4	0	[0, 0]	33	655360	0	0	t1@50182:released-and-isolated
F4-rot-both	N1A-any-isoAll-mem	OFMOOFO	O:ok F:noop M:ok O:ok O:ok F:ok(F=6,reclaimed=18) O:ok	ok	same	I-2.1,I-4.8,I-7.4	[0, 0]	4	0	[0, 0]	35	720896	0	0	t1@50182:released-and-isolated
F4-rot-both	N1A-any-isoAll-mem	OFMOOFF	O:ok F:noop M:ok O:ok O:ok F:ok(F=6,reclaimed=18) F:noop	ok	same	I-2.1,I-4.8,I-7.4	[0, 0]	4	0	[0, 0]	29	589824	0	0	t1@50182:released-and-isolated
F4-rot-both	N1A-any-isoAll-mem	OFMOOFM	O:ok F:noop M:ok O:ok O:ok F:ok(F=6,reclaimed=18) M:ok	ok	same	I-2.1,I-4.8,I-7.4	[0, 0]	4	0	[0, 0]	33	655360	0	0	t1@50182:released-and-isolated
F4-rot-both	N1A-any-isoAll-mem	OFMOMOO	O:ok F:noop M:ok O:ok M:ok O:ok O:ok	ok	same	I-2.1,I-4.8,I-7.4	[0, 0]	4	0	[0, 0]	35	720896	0	0	t1@50182:released-and-isolated
F4-rot-both	N1A-any-isoAll-mem	OFMOOMF	O:ok F:noop M:ok O:ok O:ok M:ok F:ok(F=6,reclaimed=18)	ok	same	I-2.1,I-4.8,I-7.4	[0, 0]	4	0	[0, 0]	33	655360	0	0	t1@50182:released-and-isolated
F4-rot-both	N1A-any-isoAll-mem	OFMOOOF	O:ok F:noop M:ok O:ok O:ok O:ok F:ok(F=7,reclaimed=26)	ok	same	-	[0, 0]	4	0	[0, 0]	37	753664	0	0	t1@50182:released-and-isolated
F4-rot-both	N1A-any-isoAll-mem	OFMOOMO	O:ok F:noop M:ok O:ok O:ok M:ok O:ok	ok	same	I-2.1,I-4.8,I-7.4	[0, 0]	4	0	[0, 0]	35	720896	0	0	t1@50182:released-and-isolated
F4-rot-both	N1A-any-isoAll-mem	OFMOOOM	O:ok F:noop M:ok O:ok O:ok O:ok M:ok	ok	same	I-2.1,I-4.8,I-7.4	[0, 0]	4	0	[0, 0]	37	753664	0	0	t1@50182:released-and-isolated
F4-rot-both	N1A-any-isoAll-mem	OFMOOMM	O:ok F:noop M:ok O:ok O:ok M:ok M:ok	ok	same	I-2.1,I-4.8,I-7.4	[0, 0]	4	0	[0, 0]	33	655360	0	0	t1@50182:released-and-isolated
F4-rot-both	N1A-any-isoAll-mem	OFOFFFF	O:ok F:noop O:ok F:ok(F=3,reclaimed=1) F:noop F:noop F:noop	ok	same	I-2.1,I-4.8,I-7.4	[2, 2]	4	0	[0, 0]	17	360448	0	0	t1@50182:released-and-isolated
F4-rot-both	N1A-any-isoAll-mem	OFMOOOO	O:ok F:noop M:ok O:ok O:ok O:ok O:ok	ok	same	I-2.1,I-4.8,I-7.4	[0, 0]	4	0	[0, 0]	37	786432	0	0	t1@50182:released-and-isolated
F4-rot-both	N1A-any-isoAll-mem	OFOFFFO	O:ok F:noop O:ok F:ok(F=3,reclaimed=1) F:noop F:noop O:ok	ok	same	I-2.1,I-4.8,I-7.4	[2, 2]	4	0	[0, 0]	23	491520	0	0	t1@50182:released-and-isolated
F4-rot-both	N1A-any-isoAll-mem	OFOFFFM	O:ok F:noop O:ok F:ok(F=3,reclaimed=1) F:noop F:noop M:ok	ok	same	I-2.1,I-4.8,I-7.4	[0, 0]	4	0	[0, 0]	23	458752	0	0	t1@50182:released-and-isolated
F4-rot-both	N1A-any-isoAll-mem	OFOFFMF	O:ok F:noop O:ok F:ok(F=3,reclaimed=1) F:noop M:ok F:noop	ok	same	I-2.1,I-4.8,I-7.4	[0, 0]	4	0	[0, 0]	23	458752	0	0	t1@50182:released-and-isolated
F4-rot-both	N1A-any-isoAll-mem	OFOFFMM	O:ok F:noop O:ok F:ok(F=3,reclaimed=1) F:noop M:ok M:ok	ok	same	I-2.1,I-4.8,I-7.4	[0, 0]	4	0	[0, 0]	29	557056	0	0	t1@50182:released-and-isolated
F4-rot-both	N1A-any-isoAll-mem	OFOFFOF	O:ok F:noop O:ok F:ok(F=3,reclaimed=1) F:noop O:ok F:ok(F=6,reclaimed=17)	ok	same	I-2.1,I-4.8,I-7.4	[2, 2]	4	0	[0, 0]	27	557056	0	0	t1@50182:released-and-isolated
F4-rot-both	N1A-any-isoAll-mem	OFOFFMO	O:ok F:noop O:ok F:ok(F=3,reclaimed=1) F:noop M:ok O:ok	ok	same	I-2.1,I-4.8,I-7.4	[0, 0]	4	0	[0, 0]	29	589824	0	0	t1@50182:released-and-isolated
F4-rot-both	N1A-any-isoAll-mem	OFOFFOM	O:ok F:noop O:ok F:ok(F=3,reclaimed=1) F:noop O:ok M:ok	ok	same	I-2.1,I-4.8,I-7.4	[0, 0]	4	0	[0, 0]	27	557056	0	0	t1@50182:released-and-isolated
F4-rot-both	N1A-any-isoAll-mem	OFOFFOO	O:ok F:noop O:ok F:ok(F=3,reclaimed=1) F:noop O:ok O:ok	ok	same	I-2.1,I-4.8,I-7.4	[2, 2]	4	0	[0, 0]	29	622592	0	0	t1@50182:released-and-isolated
F4-rot-both	N1A-any-isoAll-mem	OFOFMFF	O:ok F:noop O:ok F:ok(F=3,reclaimed=1) M:ok F:noop F:noop	ok	same	I-2.1,I-4.8,I-7.4	[0, 0]	4	0	[0, 0]	23	458752	0	0	t1@50182:released-and-isolated
F4-rot-both	N1A-any-isoAll-mem	OFOFMFM	O:ok F:noop O:ok F:ok(F=3,reclaimed=1) M:ok F:noop M:ok	ok	same	I-2.1,I-4.8,I-7.4	[0, 0]	4	0	[0, 0]	29	557056	0	0	t1@50182:released-and-isolated
F4-rot-both	N1A-any-isoAll-mem	OFOFMFO	O:ok F:noop O:ok F:ok(F=3,reclaimed=1) M:ok F:noop O:ok	ok	same	I-2.1,I-4.8,I-7.4	[0, 0]	4	0	[0, 0]	29	589824	0	0	t1@50182:released-and-isolated
F4-rot-both	N1A-any-isoAll-mem	OFOFMMF	O:ok F:noop O:ok F:ok(F=3,reclaimed=1) M:ok M:ok F:noop	ok	same	I-2.1,I-4.8,I-7.4	[0, 0]	4	0	[0, 0]	29	557056	0	0	t1@50182:released-and-isolated
F4-rot-both	N1A-any-isoAll-mem	OFOFMMO	O:ok F:noop O:ok F:ok(F=3,reclaimed=1) M:ok M:ok O:ok	ok	same	I-2.1,I-4.8,I-7.4	[0, 0]	4	0	[0, 0]	35	688128	0	0	t1@50182:released-and-isolated
F4-rot-both	N1A-any-isoAll-mem	OFOFMMM	O:ok F:noop O:ok F:ok(F=3,reclaimed=1) M:ok M:ok M:ok	ok	same	I-2.1,I-4.8,I-7.4	[0, 0]	4	0	[0, 0]	35	655360	0	0	t1@50182:released-and-isolated
F4-rot-both	N1A-any-isoAll-mem	OFOFMOF	O:ok F:noop O:ok F:ok(F=3,reclaimed=1) M:ok O:ok F:ok(F=6,reclaimed=17)	ok	same	I-2.1,I-4.8,I-7.4	[0, 0]	4	0	[0, 0]	33	655360	0	0	t1@50182:released-and-isolated
F4-rot-both	N1A-any-isoAll-mem	OFOFMOM	O:ok F:noop O:ok F:ok(F=3,reclaimed=1) M:ok O:ok M:ok	ok	same	I-2.1,I-4.8,I-7.4	[0, 0]	4	0	[0, 0]	33	655360	0	0	t1@50182:released-and-isolated
F4-rot-both	N1A-any-isoAll-mem	OFOFMOO	O:ok F:noop O:ok F:ok(F=3,reclaimed=1) M:ok O:ok O:ok	ok	same	I-2.1,I-4.8,I-7.4	[0, 0]	4	0	[0, 0]	35	720896	0	0	t1@50182:released-and-isolated
F4-rot-both	N1A-any-isoAll-mem	OFOFOFF	O:ok F:noop O:ok F:ok(F=3,reclaimed=1) O:ok F:ok(F=6,reclaimed=17) F:noop	ok	same	I-2.1,I-4.8,I-7.4	[2, 2]	4	0	[0, 0]	27	557056	0	0	t1@50182:released-and-isolated
F4-rot-both	N1A-any-isoAll-mem	OFOFOFO	O:ok F:noop O:ok F:ok(F=3,reclaimed=1) O:ok F:ok(F=6,reclaimed=17) O:ok	ok	same	I-2.1,I-4.8,I-7.4	[2, 2]	4	0	[0, 0]	33	688128	0	0	t1@50182:released-and-isolated
F4-rot-both	N1A-any-isoAll-mem	OFOFOFM	O:ok F:noop O:ok F:ok(F=3,reclaimed=1) O:ok F:ok(F=6,reclaimed=17) M:ok	ok	same	I-2.1,I-4.8,I-7.4	[0, 0]	4	0	[0, 0]	33	655360	0	0	t1@50182:released-and-isolated
F4-rot-both	N1A-any-isoAll-mem	OFOFOMF	O:ok F:noop O:ok F:ok(F=3,reclaimed=1) O:ok M:ok F:ok(F=6,reclaimed=17)	ok	same	I-2.1,I-4.8,I-7.4	[0, 0]	4	0	[0, 0]	33	655360	0	0	t1@50182:released-and-isolated
F4-rot-both	N1A-any-isoAll-mem	OFOFOOF	O:ok F:noop O:ok F:ok(F=3,reclaimed=1) O:ok O:ok F:ok(F=7,reclaimed=25)	ok	same	-	[2, 2]	4	0	[2, 2]	33	688128	0	0	t1@50182:released-and-isolated
F4-rot-both	N1A-any-isoAll-mem	OFOFOMO	O:ok F:noop O:ok F:ok(F=3,reclaimed=1) O:ok M:ok O:ok	ok	same	I-2.1,I-4.8,I-7.4	[0, 0]	4	0	[0, 0]	33	688128	0	0	t1@50182:released-and-isolated
F4-rot-both	N1A-any-isoAll-mem	OFOFOMM	O:ok F:noop O:ok F:ok(F=3,reclaimed=1) O:ok M:ok M:ok	ok	same	I-2.1,I-4.8,I-7.4	[0, 0]	4	0	[0, 0]	33	655360	0	0	t1@50182:released-and-isolated
F4-rot-both	N1A-any-isoAll-mem	OFOFOOM	O:ok F:noop O:ok F:ok(F=3,reclaimed=1) O:ok O:ok M:ok	ok	same	I-2.1,I-4.8,I-7.4	[0, 0]	4	0	[0, 0]	33	688128	0	0	t1@50182:released-and-isolated
F4-rot-both	N1A-any-isoAll-mem	OFOFOOO	O:ok F:noop O:ok F:ok(F=3,reclaimed=1) O:ok O:ok O:ok	ok	same	I-2.1,I-4.8,I-7.4	[2, 2]	4	0	[0, 0]	35	753664	0	0	t1@50182:released-and-isolated
F4-rot-both	N1A-any-isoAll-mem	OFOMFFF	O:ok F:noop O:ok M:ok F:ok(F=3,reclaimed=1) F:noop F:noop	ok	same	I-2.1,I-4.8,I-7.4	[0, 0]	4	0	[0, 0]	23	458752	0	0	t1@50182:released-and-isolated
F4-rot-both	N1A-any-isoAll-mem	OFOMFFM	O:ok F:noop O:ok M:ok F:ok(F=3,reclaimed=1) F:noop M:ok	ok	same	I-2.1,I-4.8,I-7.4	[0, 0]	4	0	[0, 0]	29	557056	0	0	t1@50182:released-and-isolated
F4-rot-both	N1A-any-isoAll-mem	OFOMFFO	O:ok F:noop O:ok M:ok F:ok(F=3,reclaimed=1) F:noop O:ok	ok	same	I-2.1,I-4.8,I-7.4	[0, 0]	4	0	[0, 0]	29	589824	0	0	t1@50182:released-and-isolated
F4-rot-both	N1A-any-isoAll-mem	OFOMFMF	O:ok F:noop O:ok M:ok F:ok(F=3,reclaimed=1) M:ok F:noop	ok	same	I-2.1,I-4.8,I-7.4	[0, 0]	4	0	[0, 0]	29	557056	0	0	t1@50182:released-and-isolated
F4-rot-both	N1A-any-isoAll-mem	OFOMFMM	O:ok F:noop O:ok M:ok F:ok(F=3,reclaimed=1) M:ok M:ok	ok	same	I-2.1,I-4.8,I-7.4	[0, 0]	4	0	[0, 0]	35	655360	0	0	t1@50182:released-and-isolated
F4-rot-both	N1A-any-isoAll-mem	OFOMFMO	O:ok F:noop O:ok M:ok F:ok(F=3,reclaimed=1) M:ok O:ok	ok	same	I-2.1,I-4.8,I-7.4	[0, 0]	4	0	[0, 0]	35	688128	0	0	t1@50182:released-and-isolated
F4-rot-both	N1A-any-isoAll-mem	OFOMFOF	O:ok F:noop O:ok M:ok F:ok(F=3,reclaimed=1) O:ok F:ok(F=6,reclaimed=17)	ok	same	I-2.1,I-4.8,I-7.4	[0, 0]	4	0	[0, 0]	33	655360	0	0	t1@50182:released-and-isolated
F4-rot-both	N1A-any-isoAll-mem	OFOMFOM	O:ok F:noop O:ok M:ok F:ok(F=3,reclaimed=1) O:ok M:ok	ok	same	I-2.1,I-4.8,I-7.4	[0, 0]	4	0	[0, 0]	33	655360	0	0	t1@50182:released-and-isolated
F4-rot-both	N1A-any-isoAll-mem	OFOMFOO	O:ok F:noop O:ok M:ok F:ok(F=3,reclaimed=1) O:ok O:ok	ok	same	I-2.1,I-4.8,I-7.4	[0, 0]	4	0	[0, 0]	35	720896	0	0	t1@50182:released-and-isolated
F4-rot-both	N1A-any-isoAll-mem	OFOMMFF	O:ok F:noop O:ok M:ok M:ok F:ok(F=3,reclaimed=1) F:noop	ok	same	I-2.1,I-4.8,I-7.4	[0, 0]	4	0	[0, 0]	29	557056	0	0	t1@50182:released-and-isolated
F4-rot-both	N1A-any-isoAll-mem	OFOMMFM	O:ok F:noop O:ok M:ok M:ok F:ok(F=3,reclaimed=1) M:ok	ok	same	I-2.1,I-4.8,I-7.4	[0, 0]	4	0	[0, 0]	35	655360	0	0	t1@50182:released-and-isolated
F4-rot-both	N1A-any-isoAll-mem	OFOMMFO	O:ok F:noop O:ok M:ok M:ok F:ok(F=3,reclaimed=1) O:ok	ok	same	I-2.1,I-4.8,I-7.4	[0, 0]	4	0	[0, 0]	35	688128	0	0	t1@50182:released-and-isolated
F4-rot-both	N1A-any-isoAll-mem	OFOMMMM	O:ok F:noop O:ok M:ok M:ok M:ok M:ok	ok	same	I-2.1,I-4.8,I-7.4	[0, 0]	4	0	[0, 0]	35	655360	0	0	t1@50182:released-and-isolated
F4-rot-both	N1A-any-isoAll-mem	OFOMMMF	O:ok F:noop O:ok M:ok M:ok M:ok F:ok(F=3,reclaimed=1)	ok	same	I-2.1,I-4.8,I-7.4	[0, 0]	4	0	[0, 0]	35	655360	0	0	t1@50182:released-and-isolated
F4-rot-both	N1A-any-isoAll-mem	OFOMMMO	O:ok F:noop O:ok M:ok M:ok M:ok O:ok	ok	same	I-2.1,I-4.8,I-7.4	[0, 0]	4	0	[0, 0]	35	688128	0	0	t1@50182:released-and-isolated
F4-rot-both	N1A-any-isoAll-mem	OFOMMOF	O:ok F:noop O:ok M:ok M:ok O:ok F:ok(F=6,reclaimed=18)	ok	same	I-2.1,I-4.8,I-7.4	[0, 0]	4	0	[0, 0]	33	655360	0	0	t1@50182:released-and-isolated
F4-rot-both	N1A-any-isoAll-mem	OFOMMOM	O:ok F:noop O:ok M:ok M:ok O:ok M:ok	ok	same	I-2.1,I-4.8,I-7.4	[0, 0]	4	0	[0, 0]	33	655360	0	0	t1@50182:released-and-isolated
F4-rot-both	N1A-any-isoAll-mem	OFOMOFF	O:ok F:noop O:ok M:ok O:ok F:ok(F=6,reclaimed=18) F:noop	ok	same	I-2.1,I-4.8,I-7.4	[0, 0]	4	0	[0, 0]	27	557056	0	0	t1@50182:released-and-isolated
F4-rot-both	N1A-any-isoAll-mem	OFOMMOO	O:ok F:noop O:ok M:ok M:ok O:ok O:ok	ok	same	I-2.1,I-4.8,I-7.4	[0, 0]	4	0	[0, 0]	35	720896	0	0	t1@50182:released-and-isolated
F4-rot-both	N1A-any-isoAll-mem	OFOMOFO	O:ok F:noop O:ok M:ok O:ok F:ok(F=6,reclaimed=18) O:ok	ok	same	I-2.1,I-4.8,I-7.4	[0, 0]	4	0	[0, 0]	33	688128	0	0	t1@50182:released-and-isolated
F4-rot-both	N1A-any-isoAll-mem	OFOMOFM	O:ok F:noop O:ok M:ok O:ok F:ok(F=6,reclaimed=18) M:ok	ok	same	I-2.1,I-4.8,I-7.4	[0, 0]	4	0	[0, 0]	33	655360	0	0	t1@50182:released-and-isolated
F4-rot-both	N1A-any-isoAll-mem	OFOMOMF	O:ok F:noop O:ok M:ok O:ok M:ok F:ok(F=6,reclaimed=18)	ok	same	I-2.1,I-4.8,I-7.4	[0, 0]	4	0	[0, 0]	33	655360	0	0	t1@50182:released-and-isolated
F4-rot-both	N1A-any-isoAll-mem	OFOMOMM	O:ok F:noop O:ok M:ok O:ok M:ok M:ok	ok	same	I-2.1,I-4.8,I-7.4	[0, 0]	4	0	[0, 0]	33	655360	0	0	t1@50182:released-and-isolated
F4-rot-both	N1A-any-isoAll-mem	OFOMOOF	O:ok F:noop O:ok M:ok O:ok O:ok F:ok(F=7,reclaimed=26)	ok	same	-	[0, 0]	4	0	[0, 0]	33	688128	0	0	t1@50182:released-and-isolated
F4-rot-both	N1A-any-isoAll-mem	OFOMOOM	O:ok F:noop O:ok M:ok O:ok O:ok M:ok	ok	same	I-2.1,I-4.8,I-7.4	[0, 0]	4	0	[0, 0]	33	688128	0	0	t1@50182:released-and-isolated
F4-rot-both	N1A-any-isoAll-mem	OFOMOMO	O:ok F:noop O:ok M:ok O:ok M:ok O:ok	ok	same	I-2.1,I-4.8,I-7.4	[0, 0]	4	0	[0, 0]	33	688128	0	0	t1@50182:released-and-isolated
F4-rot-both	N1A-any-isoAll-mem	OFOMOOO	O:ok F:noop O:ok M:ok O:ok O:ok O:ok	ok	same	I-2.1,I-4.8,I-7.4	[0, 0]	4	0	[0, 0]	35	753664	0	0	t1@50182:released-and-isolated
F4-rot-both	N1A-any-isoAll-mem	OFOOFFF	O:ok F:noop O:ok O:ok F:ok(F=6,reclaimed=18) F:noop F:noop	ok	same	I-2.1,I-4.8,I-7.4	[2, 2]	4	0	[0, 0]	23	491520	0	0	t1@50182:released-and-isolated
F4-rot-both	N1A-any-isoAll-mem	OFOOFMF	O:ok F:noop O:ok O:ok F:ok(F=6,reclaimed=18) M:ok F:noop	ok	same	I-2.1,I-4.8,I-7.4	[0, 0]	4	0	[0, 0]	27	557056	0	0	t1@50182:released-and-isolated
F4-rot-both	N1A-any-isoAll-mem	OFOOFFO	O:ok F:noop O:ok O:ok F:ok(F=6,reclaimed=18) F:noop O:ok	ok	same	I-2.1,I-4.8,I-7.4	[2, 2]	4	0	[0, 0]	29	622592	0	0	t1@50182:released-and-isolated
F4-rot-both	N1A-any-isoAll-mem	OFOOFFM	O:ok F:noop O:ok O:ok F:ok(F=6,reclaimed=18) F:noop M:ok	ok	same	I-2.1,I-4.8,I-7.4	[0, 0]	4	0	[0, 0]	27	557056	0	0	t1@50182:released-and-isolated
F4-rot-both	N1A-any-isoAll-mem	OFOOFMO	O:ok F:noop O:ok O:ok F:ok(F=6,reclaimed=18) M:ok O:ok	ok	same	I-2.1,I-4.8,I-7.4	[0, 0]	4	0	[0, 0]	33	688128	0	0	t1@50182:released-and-isolated
F4-rot-both	N1A-any-isoAll-mem	OFOOFOM	O:ok F:noop O:ok O:ok F:ok(F=6,reclaimed=18) O:ok M:ok	ok	same	I-2.1,I-4.8,I-7.4	[0, 0]	4	0	[0, 0]	33	688128	0	0	t1@50182:released-and-isolated
F4-rot-both	N1A-any-isoAll-mem	OFOOFOF	O:ok F:noop O:ok O:ok F:ok(F=6,reclaimed=18) O:ok F:ok(F=7,reclaimed=8)	ok	same	-	[2, 2]	4	0	[2, 2]	33	688128	0	0	t1@50182:released-and-isolated
F4-rot-both	N1A-any-isoAll-mem	OFOOFMM	O:ok F:noop O:ok O:ok F:ok(F=6,reclaimed=18) M:ok M:ok	ok	same	I-2.1,I-4.8,I-7.4	[0, 0]	4	0	[0, 0]	33	655360	0	0	t1@50182:released-and-isolated
F4-rot-both	N1A-any-isoAll-mem	OFOOFOO	O:ok F:noop O:ok O:ok F:ok(F=6,reclaimed=18) O:ok O:ok	ok	same	I-2.1,I-4.8,I-7.4	[2, 2]	4	0	[0, 0]	35	753664	0	0	t1@50182:released-and-isolated
F4-rot-both	N1A-any-isoAll-mem	OFOOMFF	O:ok F:noop O:ok O:ok M:ok F:ok(F=6,reclaimed=18) F:noop	ok	same	I-2.1,I-4.8,I-7.4	[0, 0]	4	0	[0, 0]	27	557056	0	0	t1@50182:released-and-isolated
F4-rot-both	N1A-any-isoAll-mem	OFOOMFM	O:ok F:noop O:ok O:ok M:ok F:ok(F=6,reclaimed=18) M:ok	ok	same	I-2.1,I-4.8,I-7.4	[0, 0]	4	0	[0, 0]	33	655360	0	0	t1@50182:released-and-isolated
F4-rot-both	N1A-any-isoAll-mem	OFOOMFO	O:ok F:noop O:ok O:ok M:ok F:ok(F=6,reclaimed=18) O:ok	ok	same	I-2.1,I-4.8,I-7.4	[0, 0]	4	0	[0, 0]	33	688128	0	0	t1@50182:released-and-isolated
F4-rot-both	N1A-any-isoAll-mem	OFOOMMF	O:ok F:noop O:ok O:ok M:ok M:ok F:ok(F=6,reclaimed=18)	ok	same	I-2.1,I-4.8,I-7.4	[0, 0]	4	0	[0, 0]	33	655360	0	0	t1@50182:released-and-isolated
F4-rot-both	N1A-any-isoAll-mem	OFOOMMO	O:ok F:noop O:ok O:ok M:ok M:ok O:ok	ok	same	I-2.1,I-4.8,I-7.4	[0, 0]	4	0	[0, 0]	33	688128	0	0	t1@50182:released-and-isolated
F4-rot-both	N1A-any-isoAll-mem	OFOOMMM	O:ok F:noop O:ok O:ok M:ok M:ok M:ok	ok	same	I-2.1,I-4.8,I-7.4	[0, 0]	4	0	[0, 0]	33	655360	0	0	t1@50182:released-and-isolated
F4-rot-both	N1A-any-isoAll-mem	OFOOMOF	O:ok F:noop O:ok O:ok M:ok O:ok F:ok(F=7,reclaimed=26)	ok	same	-	[0, 0]	4	0	[0, 0]	33	688128	0	0	t1@50182:released-and-isolated
F4-rot-both	N1A-any-isoAll-mem	OFOOMOM	O:ok F:noop O:ok O:ok M:ok O:ok M:ok	ok	same	I-2.1,I-4.8,I-7.4	[0, 0]	4	0	[0, 0]	33	688128	0	0	t1@50182:released-and-isolated
F4-rot-both	N1A-any-isoAll-mem	OFOOMOO	O:ok F:noop O:ok O:ok M:ok O:ok O:ok	ok	same	I-2.1,I-4.8,I-7.4	[0, 0]	4	0	[0, 0]	35	753664	0	0	t1@50182:released-and-isolated
F4-rot-both	N1A-any-isoAll-mem	OFOOOFF	O:ok F:noop O:ok O:ok O:ok F:ok(F=7,reclaimed=26) F:noop	ok	same	-	[2, 2]	4	0	[2, 2]	31	655360	0	0	t1@50182:released-and-isolated
F4-rot-both	N1A-any-isoAll-mem	OFOOOFO	O:ok F:noop O:ok O:ok O:ok F:ok(F=7,reclaimed=26) O:ok	ok	same	-	[2, 2]	4	0	[2, 2]	37	786432	0	0	t1@50182:released-and-isolated
F4-rot-both	N1A-any-isoAll-mem	OFOOOFM	O:ok F:noop O:ok O:ok O:ok F:ok(F=7,reclaimed=26) M:ok	ok	same	-	[0, 0]	4	0	[0, 0]	37	753664	0	0	t1@50182:released-and-isolated
F4-rot-both	N1A-any-isoAll-mem	OFOOOMO	O:ok F:noop O:ok O:ok O:ok M:ok O:ok	ok	same	I-2.1,I-4.8,I-7.4	[0, 0]	4	0	[0, 0]	37	786432	0	0	t1@50182:released-and-isolated
F4-rot-both	N1A-any-isoAll-mem	OFOOOMF	O:ok F:noop O:ok O:ok O:ok M:ok F:ok(F=7,reclaimed=26)	ok	same	-	[0, 0]	4	0	[0, 0]	37	753664	0	0	t1@50182:released-and-isolated
F4-rot-both	N1A-any-isoAll-mem	OFOOOOF	O:ok F:noop O:ok O:ok O:ok O:ok F:ok(F=8,reclaimed=34)	ok	same	-	[2, 2]	4	0	[2, 2]	35	753664	0	0	t1@50182:released-and-isolated
F4-rot-both	N1A-any-isoAll-mem	OFOOOMM	O:ok F:noop O:ok O:ok O:ok M:ok M:ok	ok	same	I-2.1,I-4.8,I-7.4	[0, 0]	4	0	[0, 0]	37	753664	0	0	t1@50182:released-and-isolated
F4-rot-both	N1A-any-isoAll-mem	OFOOOOM	O:ok F:noop O:ok O:ok O:ok O:ok M:ok	ok	same	I-2.1,I-4.8,I-7.4	[0, 0]	4	0	[0, 0]	35	753664	0	0	t1@50182:released-and-isolated
F4-rot-both	N1A-any-isoAll-mem	OMFFFFF	O:ok M:ok F:noop F:noop F:noop F:noop F:noop	ok	same	I-2.1,I-4.8,I-7.4	[0, 0]	4	0	[0, 0]	13	262144	0	0	t1@50182:released-and-isolated
F4-rot-both	N1A-any-isoAll-mem	OFOOOOO	O:ok F:noop O:ok O:ok O:ok O:ok O:ok	ok	same	I-2.1,I-4.8,I-7.4	[2, 2]	4	0	[0, 0]	37	819200	0	0	t1@50182:released-and-isolated
F4-rot-both	N1A-any-isoAll-mem	OMFFFMF	O:ok M:ok F:noop F:noop F:noop M:ok F:noop	ok	same	I-2.1,I-4.8,I-7.4	[0, 0]	4	0	[0, 0]	19	360448	0	0	t1@50182:released-and-isolated
F4-rot-both	N1A-any-isoAll-mem	OMFFFFO	O:ok M:ok F:noop F:noop F:noop F:noop O:ok	ok	same	I-2.1,I-4.8,I-7.4	[0, 0]	4	0	[0, 0]	19	393216	0	0	t1@50182:released-and-isolated
F4-rot-both	N1A-any-isoAll-mem	OMFFFFM	O:ok M:ok F:noop F:noop F:noop F:noop M:ok	ok	same	I-2.1,I-4.8,I-7.4	[0, 0]	4	0	[0, 0]	19	360448	0	0	t1@50182:released-and-isolated
F4-rot-both	N1A-any-isoAll-mem	OMFFFMM	O:ok M:ok F:noop F:noop F:noop M:ok M:ok	ok	same	I-2.1,I-4.8,I-7.4	[0, 0]	4	0	[0, 0]	25	458752	0	0	t1@50182:released-and-isolated
F4-rot-both	N1A-any-isoAll-mem	OMFFFOF	O:ok M:ok F:noop F:noop F:noop O:ok F:ok(F=3,reclaimed=1)	ok	same	I-2.1,I-4.8,I-7.4	[0, 0]	4	0	[0, 0]	23	458752	0	0	t1@50182:released-and-isolated
F4-rot-both	N1A-any-isoAll-mem	OMFFFMO	O:ok M:ok F:noop F:noop F:noop M:ok O:ok	ok	same	I-2.1,I-4.8,I-7.4	[0, 0]	4	0	[0, 0]	25	491520	0	0	t1@50182:released-and-isolated
F4-rot-both	N1A-any-isoAll-mem	OMFFFOM	O:ok M:ok F:noop F:noop F:noop O:ok M:ok	ok	same	I-2.1,I-4.8,I-7.4	[0, 0]	4	0	[0, 0]	23	458752	0	0	t1@50182:released-and-isolated
F4-rot-both	N1A-any-isoAll-mem	OMFFFOO	O:ok M:ok F:noop F:noop F:noop O:ok O:ok	ok	same	I-2.1,I-4.8,I-7.4	[0, 0]	4	0	[0, 0]	25	524288	0	0	t1@50182:released-and-isolated
F4-rot-both	N1A-any-isoAll-mem	OMFFMFF	O:ok M:ok F:noop F:noop M:ok F:noop F:noop	ok	same	I-2.1,I-4.8,I-7.4	[0, 0]	4	0	[0, 0]	19	360448	0	0	t1@50182:released-and-isolated
F4-rot-both	N1A-any-isoAll-mem	OMFFMFO	O:ok M:ok F:noop F:noop M:ok F:noop O:ok	ok	same	I-2.1,I-4.8,I-7.4	[0, 0]	4	0	[0, 0]	25	491520	0	0	t1@50182:released-and-isolated
F4-rot-both	N1A-any-isoAll-mem	OMFFMFM	O:ok M:ok F:noop F:noop M:ok F:noop M:ok	ok	same	I-2.1,I-4.8,I-7.4	[0, 0]	4	0	[0, 0]	25	458752	0	0	t1@50182:released-and-isolated
F4-rot-both	N1A-any-isoAll-mem	OMFFMMF	O:ok M:ok F:noop F:noop M:ok M:ok F:noop	ok	same	I-2.1,I-4.8,I-7.4	[0, 0]	4	0	[0, 0]	25	458752	0	0	t1@50182:released-and-isolated
F4-rot-both	N1A-any-isoAll-mem	OMFFMOF	O:ok M:ok F:noop F:noop M:ok O:ok F:ok(F=3,reclaimed=1)	ok	same	I-2.1,I-4.8,I-7.4	[0, 0]	4	0	[0, 0]	29	557056	0	0	t1@50182:released-and-isolated
F4-rot-both	N1A-any-isoAll-mem	OMFFMMM	O:ok M:ok F:noop F:noop M:ok M:ok M:ok	ok	same	I-2.1,I-4.8,I-7.4	[0, 0]	4	0	[0, 0]	31	557056	0	0	t1@50182:released-and-isolated
F4-rot-both	N1A-any-isoAll-mem	OMFFMMO	O:ok M:ok F:noop F:noop M:ok M:ok O:ok	ok	same	I-2.1,I-4.8,I-7.4	[0, 0]	4	0	[0, 0]	31	589824	0	0	t1@50182:released-and-isolated
F4-rot-both	N1A-any-isoAll-mem	OMFFMOM	O:ok M:ok F:noop F:noop M:ok O:ok M:ok	ok	same	I-2.1,I-4.8,I-7.4	[0, 0]	4	0	[0, 0]	29	557056	0	0	t1@50182:released-and-isolated
F4-rot-both	N1A-any-isoAll-mem	OMFFOFF	O:ok M:ok F:noop F:noop O:ok F:ok(F=3,reclaimed=1) F:noop	ok	same	I-2.1,I-4.8,I-7.4	[0, 0]	4	0	[0, 0]	23	458752	0	0	t1@50182:released-and-isolated
F4-rot-both	N1A-any-isoAll-mem	OMFFOFM	O:ok M:ok F:noop F:noop O:ok F:ok(F=3,reclaimed=1) M:ok	ok	same	I-2.1,I-4.8,I-7.4	[0, 0]	4	0	[0, 0]	29	557056	0	0	t1@50182:released-and-isolated
F4-rot-both	N1A-any-isoAll-mem	OMFFMOO	O:ok M:ok F:noop F:noop M:ok O:ok O:ok	ok	same	I-2.1,I-4.8,I-7.4	[0, 0]	4	0	[0, 0]	31	622592	0	0	t1@50182:released-and-isolated
F4-rot-both	N1A-any-isoAll-mem	OMFFOMF	O:ok M:ok F:noop F:noop O:ok M:ok F:ok(F=3,reclaimed=1)	ok	same	I-2.1,I-4.8,I-7.4	[0, 0]	4	0	[0, 0]	29	557056	0	0	t1@50182:released-and-isolated
F4-rot-both	N1A-any-isoAll-mem	OMFFOFO	O:ok M:ok F:noop F:noop O:ok F:ok(F=3,reclaimed=1) O:ok	ok	same	I-2.1,I-4.8,I-7.4	[0, 0]	4	0	[0, 0]	29	589824	0	0	t1@50182:released-and-isolated
F4-rot-both	N1A-any-isoAll-mem	OMFFOOF	O:ok M:ok F:noop F:noop O:ok O:ok F:ok(F=6,reclaimed=18)	ok	same	I-2.1,I-4.8,I-7.4	[0, 0]	4	0	[0, 0]	29	589824	0	0	t1@50182:released-and-isolated
F4-rot-both	N1A-any-isoAll-mem	OMFFOMM	O:ok M:ok F:noop F:noop O:ok M:ok M:ok	ok	same	I-2.1,I-4.8,I-7.4	[0, 0]	4	0	[0, 0]	29	557056	0	0	t1@50182:released-and-isolated
F4-rot-both	N1A-any-isoAll-mem	OMFFOMO	O:ok M:ok F:noop F:noop O:ok M:ok O:ok	ok	same	I-2.1,I-4.8,I-7.4	[0, 0]	4	0	[0, 0]	29	589824	0	0	t1@50182:released-and-isolated
F4-rot-both	N1A-any-isoAll-mem	OMFFOOO	O:ok M:ok F:noop F:noop O:ok O:ok O:ok	ok	same	I-2.1,I-4.8,I-7.4	[0, 0]	4	0	[0, 0]	31	655360	0	0	t1@50182:released-and-isolated
F4-rot-both	N1A-any-isoAll-mem	OMFMFFF	O:ok M:ok F:noop M:ok F:noop F:noop F:noop	ok	same	I-2.1,I-4.8,I-7.4	[0, 0]	4	0	[0, 0]	19	360448	0	0	t1@50182:released-and-isolated
F4-rot-both	N1A-any-isoAll-mem	OMFFOOM	O:ok M:ok F:noop F:noop O:ok O:ok M:ok	ok	same	I-2.1,I-4.8,I-7.4	[0, 0]	4	0	[0, 0]	29	589824	0	0	t1@50182:released-and-isolated
F4-rot-both	N1A-any-isoAll-mem	OMFMFFO	O:ok M:ok F:noop M:ok F:noop F:noop O:ok	ok	same	I-2.1,I-4.8,I-7.4	[0, 0]	4	0	[0, 0]	25	491520	0	0	t1@50182:released-and-isolated
F4-rot-both	N1A-any-isoAll-mem	OMFMFMF	O:ok M:ok F:noop M:ok F:noop M:ok F:noop	ok	same	I-2.1,I-4.8,I-7.4	[0, 0]	4	0	[0, 0]	25	458752	0	0	t1@50182:released-and-isolated
F4-rot-both	N1A-any-isoAll-mem	OMFMFFM	O:ok M:ok F:noop M:ok F:noop F:noop M:ok	ok	same	I-2.1,I-4.8,I-7.4	[0, 0]	4	0	[0, 0]	25	458752	0	0	t1@50182:released-and-isolated
F4-rot-both	N1A-any-isoAll-mem	OMFMFMM	O:ok M:ok F:noop M:ok F:noop M:ok M:ok	ok	same	I-2.1,I-4.8,I-7.4	[0, 0]	4	0	[0, 0]	31	557056	0	0	t1@50182:released-and-isolated
F4-rot-both	N1A-any-isoAll-mem	OMFMFMO	O:ok M:ok F:noop M:ok F:noop M:ok O:ok	ok	same	I-2.1,I-4.8,I-7.4	[0, 0]	4	0	[0, 0]	31	589824	0	0	t1@50182:released-and-isolated
F4-rot-both	N1A-any-isoAll-mem	OMFMFOF	O:ok M:ok F:noop M:ok F:noop O:ok F:ok(F=3,reclaimed=1)	ok	same	I-2.1,I-4.8,I-7.4	[0, 0]	4	0	[0, 0]	29	557056	0	0	t1@50182:released-and-isolated
F4-rot-both	N1A-any-isoAll-mem	OMFMFOM	O:ok M:ok F:noop M:ok F:noop O:ok M:ok	ok	same	I-2.1,I-4.8,I-7.4	[0, 0]	4	0	[0, 0]	29	557056	0	0	t1@50182:released-and-isolated
F4-rot-both	N1A-any-isoAll-mem	OMFMFOO	O:ok M:ok F:noop M:ok F:noop O:ok O:ok	ok	same	I-2.1,I-4.8,I-7.4	[0, 0]	4	0	[0, 0]	31	622592	0	0	t1@50182:released-and-isolated
F4-rot-both	N1A-any-isoAll-mem	OMFMMFF	O:ok M:ok F:noop M:ok M:ok F:noop F:noop	ok	same	I-2.1,I-4.8,I-7.4	[0, 0]	4	0	[0, 0]	25	458752	0	0	t1@50182:released-and-isolated
F4-rot-both	N1A-any-isoAll-mem	OMFMMFM	O:ok M:ok F:noop M:ok M:ok F:noop M:ok	ok	same	I-2.1,I-4.8,I-7.4	[0, 0]	4	0	[0, 0]	31	557056	0	0	t1@50182:released-and-isolated
F4-rot-both	N1A-any-isoAll-mem	OMFMMFO	O:ok M:ok F:noop M:ok M:ok F:noop O:ok	ok	same	I-2.1,I-4.8,I-7.4	[0, 0]	4	0	[0, 0]	31	589824	0	0	t1@50182:released-and-isolated
F4-rot-both	N1A-any-isoAll-mem	OMFMMMF	O:ok M:ok F:noop M:ok M:ok M:ok F:noop	ok	same	I-2.1,I-4.8,I-7.4	[0, 0]	4	0	[0, 0]	31	557056	0	0	t1@50182:released-and-isolated
F4-rot-both	N1A-any-isoAll-mem	OMFMMMM	O:ok M:ok F:noop M:ok M:ok M:ok M:ok	ok	same	I-2.1,I-4.8,I-7.4	[0, 0]	4	0	[0, 0]	37	655360	0	0	t1@50182:released-and-isolated
F4-rot-both	N1A-any-isoAll-mem	OMFMMMO	O:ok M:ok F:noop M:ok M:ok M:ok O:ok	ok	same	I-2.1,I-4.8,I-7.4	[0, 0]	4	0	[0, 0]	37	688128	0	0	t1@50182:released-and-isolated
F4-rot-both	N1A-any-isoAll-mem	OMFMMOF	O:ok M:ok F:noop M:ok M:ok O:ok F:ok(F=3,reclaimed=1)	ok	same	I-2.1,I-4.8,I-7.4	[0, 0]	4	0	[0, 0]	35	655360	0	0	t1@50182:released-and-isolated
F4-rot-both	N1A-any-isoAll-mem	OMFMMOO	O:ok M:ok F:noop M:ok M:ok O:ok O:ok	ok	same	I-2.1,I-4.8,I-7.4	[0, 0]	4	0	[0, 0]	37	720896	0	0	t1@50182:released-and-isolated
F4-rot-both	N1A-any-isoAll-mem	OMFMMOM	O:ok M:ok F:noop M:ok M:ok O:ok M:ok	ok	same	I-2.1,I-4.8,I-7.4	[0, 0]	4	0	[0, 0]	35	655360	0	0	t1@50182:released-and-isolated
F4-rot-both	N1A-any-isoAll-mem	OMFMOFF	O:ok M:ok F:noop M:ok O:ok F:ok(F=3,reclaimed=1) F:noop	ok	same	I-2.1,I-4.8,I-7.4	[0, 0]	4	0	[0, 0]	29	557056	0	0	t1@50182:released-and-isolated
F4-rot-both	N1A-any-isoAll-mem	OMFMOFO	O:ok M:ok F:noop M:ok O:ok F:ok(F=3,reclaimed=1) O:ok	ok	same	I-2.1,I-4.8,I-7.4	[0, 0]	4	0	[0, 0]	35	688128	0	0	t1@50182:released-and-isolated
F4-rot-both	N1A-any-isoAll-mem	OMFMOMF	O:ok M:ok F:noop M:ok O:ok M:ok F:ok(F=3,reclaimed=1)	ok	same	I-2.1,I-4.8,I-7.4	[0, 0]	4	0	[0, 0]	35	655360	0	0	t1@50182:released-and-isolated
F4-rot-both	N1A-any-isoAll-mem	OMFMOFM	O:ok M:ok F:noop M:ok O:ok F:ok(F=3,reclaimed=1) M:ok	ok	same	I-2.1,I-4.8,I-7.4	[0, 0]	4	0	[0, 0]	35	655360	0	0	t1@50182:released-and-isolated
F4-rot-both	N1A-any-isoAll-mem	OMFMOMM	O:ok M:ok F:noop M:ok O:ok M:ok M:ok	ok	same	I-2.1,I-4.8,I-7.4	[0, 0]	4	0	[0, 0]	35	655360	0	0	t1@50182:released-and-isolated
F4-rot-both	N1A-any-isoAll-mem	OMFMOOF	O:ok M:ok F:noop M:ok O:ok O:ok F:ok(F=6,reclaimed=18)	ok	same	I-2.1,I-4.8,I-7.4	[0, 0]	4	0	[0, 0]	35	688128	0	0	t1@50182:released-and-isolated
F4-rot-both	N1A-any-isoAll-mem	OMFMOOM	O:ok M:ok F:noop M:ok O:ok O:ok M:ok	ok	same	I-2.1,I-4.8,I-7.4	[0, 0]	4	0	[0, 0]	35	688128	0	0	t1@50182:released-and-isolated
F4-rot-both	N1A-any-isoAll-mem	OMFMOMO	O:ok M:ok F:noop M:ok O:ok M:ok O:ok	ok	same	I-2.1,I-4.8,I-7.4	[0, 0]	4	0	[0, 0]	35	688128	0	0	t1@50182:released-and-isolated
F4-rot-both	N1A-any-isoAll-mem	OMFMOOO	O:ok M:ok F:noop M:ok O:ok O:ok O:ok	ok	same	I-2.1,I-4.8,I-7.4	[0, 0]	4	0	[0, 0]	37	753664	0	0	t1@50182:released-and-isolated
F4-rot-both	N1A-any-isoAll-mem	OMFOFFF	O:ok M:ok F:noop O:ok F:ok(F=3,reclaimed=1) F:noop F:noop	ok	same	I-2.1,I-4.8,I-7.4	[0, 0]	4	0	[0, 0]	23	458752	0	0	t1@50182:released-and-isolated
F4-rot-both	N1A-any-isoAll-mem	OMFOFFO	O:ok M:ok F:noop O:ok F:ok(F=3,reclaimed=1) F:noop O:ok	ok	same	I-2.1,I-4.8,I-7.4	[0, 0]	4	0	[0, 0]	29	589824	0	0	t1@50182:released-and-isolated
F4-rot-both	N1A-any-isoAll-mem	OMFOFFM	O:ok M:ok F:noop O:ok F:ok(F=3,reclaimed=1) F:noop M:ok	ok	same	I-2.1,I-4.8,I-7.4	[0, 0]	4	0	[0, 0]	29	557056	0	0	t1@50182:released-and-isolated
F4-rot-both	N1A-any-isoAll-mem	OMFOFMF	O:ok M:ok F:noop O:ok F:ok(F=3,reclaimed=1) M:ok F:noop	ok	same	I-2.1,I-4.8,I-7.4	[0, 0]	4	0	[0, 0]	29	557056	0	0	t1@50182:released-and-isolated
F4-rot-both	N1A-any-isoAll-mem	OMFOFOF	O:ok M:ok F:noop O:ok F:ok(F=3,reclaimed=1) O:ok F:ok(F=6,reclaimed=17)	ok	same	I-2.1,I-4.8,I-7.4	[0, 0]	4	0	[0, 0]	33	655360	0	0	t1@50182:released-and-isolated
F4-rot-both	N1A-any-isoAll-mem	OMFOFMO	O:ok M:ok F:noop O:ok F:ok(F=3,reclaimed=1) M:ok O:ok	ok	same	I-2.1,I-4.8,I-7.4	[0, 0]	4	0	[0, 0]	35	688128	0	0	t1@50182:released-and-isolated
F4-rot-both	N1A-any-isoAll-mem	OMFOFMM	O:ok M:ok F:noop O:ok F:ok(F=3,reclaimed=1) M:ok M:ok	ok	same	I-2.1,I-4.8,I-7.4	[0, 0]	4	0	[0, 0]	35	655360	0	0	t1@50182:released-and-isolated
F4-rot-both	N1A-any-isoAll-mem	OMFOFOM	O:ok M:ok F:noop O:ok F:ok(F=3,reclaimed=1) O:ok M:ok	ok	same	I-2.1,I-4.8,I-7.4	[0, 0]	4	0	[0, 0]	33	655360	0	0	t1@50182:released-and-isolated
F4-rot-both	N1A-any-isoAll-mem	OMFOFOO	O:ok M:ok F:noop O:ok F:ok(F=3,reclaimed=1) O:ok O:ok	ok	same	I-2.1,I-4.8,I-7.4	[0, 0]	4	0	[0, 0]	35	720896	0	0	t1@50182:released-and-isolated
F4-rot-both	N1A-any-isoAll-mem	OMFOMFF	O:ok M:ok F:noop O:ok M:ok F:ok(F=3,reclaimed=1) F:noop	ok	same	I-2.1,I-4.8,I-7.4	[0, 0]	4	0	[0, 0]	29	557056	0	0	t1@50182:released-and-isolated
F4-rot-both	N1A-any-isoAll-mem	OMFOMFO	O:ok M:ok F:noop O:ok M:ok F:ok(F=3,reclaimed=1) O:ok	ok	same	I-2.1,I-4.8,I-7.4	[0, 0]	4	0	[0, 0]	35	688128	0	0	t1@50182:released-and-isolated
F4-rot-both	N1A-any-isoAll-mem	OMFOMFM	O:ok M:ok F:noop O:ok M:ok F:ok(F=3,reclaimed=1) M:ok	ok	same	I-2.1,I-4.8,I-7.4	[0, 0]	4	0	[0, 0]	35	655360	0	0	t1@50182:released-and-isolated
F4-rot-both	N1A-any-isoAll-mem	OMFOMMF	O:ok M:ok F:noop O:ok M:ok M:ok F:ok(F=3,reclaimed=1)	ok	same	I-2.1,I-4.8,I-7.4	[0, 0]	4	0	[0, 0]	35	655360	0	0	t1@50182:released-and-isolated
F4-rot-both	N1A-any-isoAll-mem	OMFOMMM	O:ok M:ok F:noop O:ok M:ok M:ok M:ok	ok	same	I-2.1,I-4.8,I-7.4	[0, 0]	4	0	[0, 0]	35	655360	0	0	t1@50182:released-and-isolated
F4-rot-both	N1A-any-isoAll-mem	OMFOMOF	O:ok M:ok F:noop O:ok M:ok O:ok F:ok(F=6,reclaimed=18)	ok	same	I-2.1,I-4.8,I-7.4	[0, 0]	4	0	[0, 0]	33	655360	0	0	t1@50182:released-and-isolated
F4-rot-both	N1A-any-isoAll-mem	OMFOMMO	O:ok M:ok F:noop O:ok M:ok M:ok O:ok	ok	same	I-2.1,I-4.8,I-7.4	[0, 0]	4	0	[0, 0]	35	688128	0	0	t1@50182:released-and-isolated
F4-rot-both	N1A-any-isoAll-mem	OMFOMOO	O:ok M:ok F:noop O:ok M:ok O:ok O:ok	ok	same	I-2.1,I-4.8,I-7.4	[0, 0]	4	0	[0, 0]	35	720896	0	0	t1@50182:released-and-isolated
F4-rot-both	N1A-any-isoAll-mem	OMFOMOM	O:ok M:ok F:noop O:ok M:ok O:ok M:ok	ok	same	I-2.1,I-4.8,I-7.4	[0, 0]	4	0	[0, 0]	33	655360	0	0	t1@50182:released-and-isolated
F4-rot-both	N1A-any-isoAll-mem	OMFOOFF	O:ok M:ok F:noop O:ok O:ok F:ok(F=6,reclaimed=18) F:noop	ok	same	I-2.1,I-4.8,I-7.4	[0, 0]	4	0	[0, 0]	29	589824	0	0	t1@50182:released-and-isolated
F4-rot-both	N1A-any-isoAll-mem	OMFOOFM	O:ok M:ok F:noop O:ok O:ok F:ok(F=6,reclaimed=18) M:ok	ok	same	I-2.1,I-4.8,I-7.4	[0, 0]	4	0	[0, 0]	33	655360	0	0	t1@50182:released-and-isolated
F4-rot-both	N1A-any-isoAll-mem	OMFOOFO	O:ok M:ok F:noop O:ok O:ok F:ok(F=6,reclaimed=18) O:ok	ok	same	I-2.1,I-4.8,I-7.4	[0, 0]	4	0	[0, 0]	35	720896	0	0	t1@50182:released-and-isolated
F4-rot-both	N1A-any-isoAll-mem	OMFOOMF	O:ok M:ok F:noop O:ok O:ok M:ok F:ok(F=6,reclaimed=18)	ok	same	I-2.1,I-4.8,I-7.4	[0, 0]	4	0	[0, 0]	33	655360	0	0	t1@50182:released-and-isolated
F4-rot-both	N1A-any-isoAll-mem	OMFOOMO	O:ok M:ok F:noop O:ok O:ok M:ok O:ok	ok	same	I-2.1,I-4.8,I-7.4	[0, 0]	4	0	[0, 0]	35	720896	0	0	t1@50182:released-and-isolated
F4-rot-both	N1A-any-isoAll-mem	OMFOOMM	O:ok M:ok F:noop O:ok O:ok M:ok M:ok	ok	same	I-2.1,I-4.8,I-7.4	[0, 0]	4	0	[0, 0]	33	655360	0	0	t1@50182:released-and-isolated
F4-rot-both	N1A-any-isoAll-mem	OMFOOOF	O:ok M:ok F:noop O:ok O:ok O:ok F:ok(F=7,reclaimed=26)	ok	same	-	[0, 0]	4	0	[0, 0]	37	753664	0	0	t1@50182:released-and-isolated
F4-rot-both	N1A-any-isoAll-mem	OMFOOOM	O:ok M:ok F:noop O:ok O:ok O:ok M:ok	ok	same	I-2.1,I-4.8,I-7.4	[0, 0]	4	0	[0, 0]	37	753664	0	0	t1@50182:released-and-isolated
F4-rot-both	N1A-any-isoAll-mem	OMFOOOO	O:ok M:ok F:noop O:ok O:ok O:ok O:ok	ok	same	I-2.1,I-4.8,I-7.4	[0, 0]	4	0	[0, 0]	37	786432	0	0	t1@50182:released-and-isolated
F4-rot-both	N1A-any-isoAll-mem	OMMFFFF	O:ok M:ok M:ok F:noop F:noop F:noop F:noop	ok	same	I-2.1,I-4.8,I-7.4	[0, 0]	4	0	[0, 0]	19	360448	0	0	t1@50182:released-and-isolated
F4-rot-both	N1A-any-isoAll-mem	OMMFFFM	O:ok M:ok M:ok F:noop F:noop F:noop M:ok	ok	same	I-2.1,I-4.8,I-7.4	[0, 0]	4	0	[0, 0]	25	458752	0	0	t1@50182:released-and-isolated
F4-rot-both	N1A-any-isoAll-mem	OMMFFFO	O:ok M:ok M:ok F:noop F:noop F:noop O:ok	ok	same	I-2.1,I-4.8,I-7.4	[0, 0]	4	0	[0, 0]	25	491520	0	0	t1@50182:released-and-isolated
F4-rot-both	N1A-any-isoAll-mem	OMMFFMF	O:ok M:ok M:ok F:noop F:noop M:ok F:noop	ok	same	I-2.1,I-4.8,I-7.4	[0, 0]	4	0	[0, 0]	25	458752	0	0	t1@50182:released-and-isolated
F4-rot-both	N1A-any-isoAll-mem	OMMFFMO	O:ok M:ok M:ok F:noop F:noop M:ok O:ok	ok	same	I-2.1,I-4.8,I-7.4	[0, 0]	4	0	[0, 0]	31	589824	0	0	t1@50182:released-and-isolated
F4-rot-both	N1A-any-isoAll-mem	OMMFFOF	O:ok M:ok M:ok F:noop F:noop O:ok F:ok(F=3,reclaimed=1)	ok	same	I-2.1,I-4.8,I-7.4	[0, 0]	4	0	[0, 0]	29	557056	0	0	t1@50182:released-and-isolated
F4-rot-both	N1A-any-isoAll-mem	OMMFFMM	O:ok M:ok M:ok F:noop F:noop M:ok M:ok	ok	same	I-2.1,I-4.8,I-7.4	[0, 0]	4	0	[0, 0]	31	557056	0	0	t1@50182:released-and-isolated
F4-rot-both	N1A-any-isoAll-mem	OMMFFOM	O:ok M:ok M:ok F:noop F:noop O:ok M:ok	ok	same	I-2.1,I-4.8,I-7.4	[0, 0]	4	0	[0, 0]	29	557056	0	0	t1@50182:released-and-isolated
F4-rot-both	N1A-any-isoAll-mem	OMMFFOO	O:ok M:ok M:ok F:noop F:noop O:ok O:ok	ok	same	I-2.1,I-4.8,I-7.4	[0, 0]	4	0	[0, 0]	31	622592	0	0	t1@50182:released-and-isolated
F4-rot-both	N1A-any-isoAll-mem	OMMFMFF	O:ok M:ok M:ok F:noop M:ok F:noop F:noop	ok	same	I-2.1,I-4.8,I-7.4	[0, 0]	4	0	[0, 0]	25	458752	0	0	t1@50182:released-and-isolated
F4-rot-both	N1A-any-isoAll-mem	OMMFMFM	O:ok M:ok M:ok F:noop M:ok F:noop M:ok	ok	same	I-2.1,I-4.8,I-7.4	[0, 0]	4	0	[0, 0]	31	557056	0	0	t1@50182:released-and-isolated
F4-rot-both	N1A-any-isoAll-mem	OMMFMFO	O:ok M:ok M:ok F:noop M:ok F:noop O:ok	ok	same	I-2.1,I-4.8,I-7.4	[0, 0]	4	0	[0, 0]	31	589824	0	0	t1@50182:released-and-isolated
F4-rot-both	N1A-any-isoAll-mem	OMMFMMM	O:ok M:ok M:ok F:noop M:ok M:ok M:ok	ok	same	I-2.1,I-4.8,I-7.4	[0, 0]	4	0	[0, 0]	37	655360	0	0	t1@50182:released-and-isolated
F4-rot-both	N1A-any-isoAll-mem	OMMFMMF	O:ok M:ok M:ok F:noop M:ok M:ok F:noop	ok	same	I-2.1,I-4.8,I-7.4	[0, 0]	4	0	[0, 0]	31	557056	0	0	t1@50182:released-and-isolated
F4-rot-both	N1A-any-isoAll-mem	OMMFMMO	O:ok M:ok M:ok F:noop M:ok M:ok O:ok	ok	same	I-2.1,I-4.8,I-7.4	[0, 0]	4	0	[0, 0]	37	688128	0	0	t1@50182:released-and-isolated
F4-rot-both	N1A-any-isoAll-mem	OMMFMOF	O:ok M:ok M:ok F:noop M:ok O:ok F:ok(F=3,reclaimed=1)	ok	same	I-2.1,I-4.8,I-7.4	[0, 0]	4	0	[0, 0]	35	655360	0	0	t1@50182:released-and-isolated
F4-rot-both	N1A-any-isoAll-mem	OMMFMOO	O:ok M:ok M:ok F:noop M:ok O:ok O:ok	ok	same	I-2.1,I-4.8,I-7.4	[0, 0]	4	0	[0, 0]	37	720896	0	0	t1@50182:released-and-isolated
F4-rot-both	N1A-any-isoAll-mem	OMMFMOM	O:ok M:ok M:ok F:noop M:ok O:ok M:ok	ok	same	I-2.1,I-4.8,I-7.4	[0, 0]	4	0	[0, 0]	35	655360	0	0	t1@50182:released-and-isolated
F4-rot-both	N1A-any-isoAll-mem	OMMFOFF	O:ok M:ok M:ok F:noop O:ok F:ok(F=3,reclaimed=1) F:noop	ok	same	I-2.1,I-4.8,I-7.4	[0, 0]	4	0	[0, 0]	29	557056	0	0	t1@50182:released-and-isolated
F4-rot-both	N1A-any-isoAll-mem	OMMFOFO	O:ok M:ok M:ok F:noop O:ok F:ok(F=3,reclaimed=1) O:ok	ok	same	I-2.1,I-4.8,I-7.4	[0, 0]	4	0	[0, 0]	35	688128	0	0	t1@50182:released-and-isolated
F4-rot-both	N1A-any-isoAll-mem	OMMFOFM	O:ok M:ok M:ok F:noop O:ok F:ok(F=3,reclaimed=1) M:ok	ok	same	I-2.1,I-4.8,I-7.4	[0, 0]	4	0	[0, 0]	35	655360	0	0	t1@50182:released-and-isolated
F4-rot-both	N1A-any-isoAll-mem	OMMFOMF	O:ok M:ok M:ok F:noop O:ok M:ok F:ok(F=3,reclaimed=1)	ok	same	I-2.1,I-4.8,I-7.4	[0, 0]	4	0	[0, 0]	35	655360	0	0	t1@50182:released-and-isolated
F4-rot-both	N1A-any-isoAll-mem	OMMFOMM	O:ok M:ok M:ok F:noop O:ok M:ok M:ok	ok	same	I-2.1,I-4.8,I-7.4	[0, 0]	4	0	[0, 0]	35	655360	0	0	t1@50182:released-and-isolated
F4-rot-both	N1A-any-isoAll-mem	OMMFOOF	O:ok M:ok M:ok F:noop O:ok O:ok F:ok(F=6,reclaimed=18)	ok	same	I-2.1,I-4.8,I-7.4	[0, 0]	4	0	[0, 0]	35	688128	0	0	t1@50182:released-and-isolated
F4-rot-both	N1A-any-isoAll-mem	OMMFOMO	O:ok M:ok M:ok F:noop O:ok M:ok O:ok	ok	same	I-2.1,I-4.8,I-7.4	[0, 0]	4	0	[0, 0]	35	688128	0	0	t1@50182:released-and-isolated
F4-rot-both	N1A-any-isoAll-mem	OMMFOOM	O:ok M:ok M:ok F:noop O:ok O:ok M:ok	ok	same	I-2.1,I-4.8,I-7.4	[0, 0]	4	0	[0, 0]	35	688128	0	0	t1@50182:released-and-isolated
F4-rot-both	N1A-any-isoAll-mem	OMMMFFO	O:ok M:ok M:ok M:ok F:noop F:noop O:ok	ok	same	I-2.1,I-4.8,I-7.4	[0, 0]	4	0	[0, 0]	31	589824	0	0	t1@50182:released-and-isolated
F4-rot-both	N1A-any-isoAll-mem	OMMFOOO	O:ok M:ok M:ok F:noop O:ok O:ok O:ok	ok	same	I-2.1,I-4.8,I-7.4	[0, 0]	4	0	[0, 0]	37	753664	0	0	t1@50182:released-and-isolated
F4-rot-both	N1A-any-isoAll-mem	OMMMFFM	O:ok M:ok M:ok M:ok F:noop F:noop M:ok	ok	same	I-2.1,I-4.8,I-7.4	[0, 0]	4	0	[0, 0]	31	557056	0	0	t1@50182:released-and-isolated
F4-rot-both	N1A-any-isoAll-mem	OMMMFFF	O:ok M:ok M:ok M:ok F:noop F:noop F:noop	ok	same	I-2.1,I-4.8,I-7.4	[0, 0]	4	0	[0, 0]	25	458752	0	0	t1@50182:released-and-isolated
F4-rot-both	N1A-any-isoAll-mem	OMMMFMO	O:ok M:ok M:ok M:ok F:noop M:ok O:ok	ok	same	I-2.1,I-4.8,I-7.4	[0, 0]	4	0	[0, 0]	37	688128	0	0	t1@50182:released-and-isolated
F4-rot-both	N1A-any-isoAll-mem	OMMMFOF	O:ok M:ok M:ok M:ok F:noop O:ok F:ok(F=3,reclaimed=1)	ok	same	I-2.1,I-4.8,I-7.4	[0, 0]	4	0	[0, 0]	35	655360	0	0	t1@50182:released-and-isolated
F4-rot-both	N1A-any-isoAll-mem	OMMMFMF	O:ok M:ok M:ok M:ok F:noop M:ok F:noop	ok	same	I-2.1,I-4.8,I-7.4	[0, 0]	4	0	[0, 0]	31	557056	0	0	t1@50182:released-and-isolated
F4-rot-both	N1A-any-isoAll-mem	OMMMFMM	O:ok M:ok M:ok M:ok F:noop M:ok M:ok	ok	same	I-2.1,I-4.8,I-7.4	[0, 0]	4	0	[0, 0]	37	655360	0	0	t1@50182:released-and-isolated
F4-rot-both	N1A-any-isoAll-mem	OMMMFOO	O:ok M:ok M:ok M:ok F:noop O:ok O:ok	ok	same	I-2.1,I-4.8,I-7.4	[0, 0]	4	0	[0, 0]	37	720896	0	0	t1@50182:released-and-isolated
F4-rot-both	N1A-any-isoAll-mem	OMMMFOM	O:ok M:ok M:ok M:ok F:noop O:ok M:ok	ok	same	I-2.1,I-4.8,I-7.4	[0, 0]	4	0	[0, 0]	35	655360	0	0	t1@50182:released-and-isolated
F4-rot-both	N1A-any-isoAll-mem	OMMMMFF	O:ok M:ok M:ok M:ok M:ok F:noop F:noop	ok	same	I-2.1,I-4.8,I-7.4	[0, 0]	4	0	[0, 0]	31	557056	0	0	t1@50182:released-and-isolated
F4-rot-both	N1A-any-isoAll-mem	OMMMMFM	O:ok M:ok M:ok M:ok M:ok F:noop M:ok	ok	same	I-2.1,I-4.8,I-7.4	[0, 0]	4	0	[0, 0]	37	655360	0	0	t1@50182:released-and-isolated
F4-rot-both	N1A-any-isoAll-mem	OMMMMFO	O:ok M:ok M:ok M:ok M:ok F:noop O:ok	ok	same	I-2.1,I-4.8,I-7.4	[0, 0]	4	0	[0, 0]	37	688128	0	0	t1@50182:released-and-isolated
F4-rot-both	N1A-any-isoAll-mem	OMMMMMM	O:ok M:ok M:ok M:ok M:ok M:ok M:ok	ok	same	I-2.1,I-3.1,I-4.8,I-7.4	[0, 0]	4	0	[0, 0]	43	753664	0	0	t1@50182:released-and-isolated
F4-rot-both	N1A-any-isoAll-mem	OMMMMMF	O:ok M:ok M:ok M:ok M:ok M:ok F:noop	ok	same	I-2.1,I-4.8,I-7.4	[0, 0]	4	0	[0, 0]	37	655360	0	0	t1@50182:released-and-isolated
F4-rot-both	N1A-any-isoAll-mem	OMMMMOF	O:ok M:ok M:ok M:ok M:ok O:ok F:ok(F=3,reclaimed=1)	ok	same	I-2.1,I-4.8,I-7.4	[0, 0]	4	0	[0, 0]	41	753664	0	0	t1@50182:released-and-isolated
F4-rot-both	N1A-any-isoAll-mem	OMMMMMO	O:ok M:ok M:ok M:ok M:ok M:ok O:ok	ok	same	I-2.1,I-4.8,I-7.4	[0, 0]	4	0	[0, 0]	43	786432	0	0	t1@50182:released-and-isolated
F4-rot-both	N1A-any-isoAll-mem	OMMMMOM	O:ok M:ok M:ok M:ok M:ok O:ok M:ok	ok	same	I-2.1,I-4.8,I-7.4	[0, 0]	4	0	[0, 0]	41	753664	0	0	t1@50182:released-and-isolated
F4-rot-both	N1A-any-isoAll-mem	OMMMMOO	O:ok M:ok M:ok M:ok M:ok O:ok O:ok	ok	same	I-2.1,I-4.8,I-7.4	[0, 0]	4	0	[0, 0]	43	819200	0	0	t1@50182:released-and-isolated
F4-rot-both	N1A-any-isoAll-mem	OMMMOFO	O:ok M:ok M:ok M:ok O:ok F:ok(F=3,reclaimed=1) O:ok	ok	same	I-2.1,I-4.8,I-7.4	[0, 0]	4	0	[0, 0]	41	786432	0	0	t1@50182:released-and-isolated
F4-rot-both	N1A-any-isoAll-mem	OMMMOFF	O:ok M:ok M:ok M:ok O:ok F:ok(F=3,reclaimed=1) F:noop	ok	same	I-2.1,I-4.8,I-7.4	[0, 0]	4	0	[0, 0]	35	655360	0	0	t1@50182:released-and-isolated
F4-rot-both	N1A-any-isoAll-mem	OMMMOMF	O:ok M:ok M:ok M:ok O:ok M:ok F:ok(F=3,reclaimed=1)	ok	same	I-2.1,I-4.8,I-7.4	[0, 0]	4	0	[0, 0]	41	753664	0	0	t1@50182:released-and-isolated
F4-rot-both	N1A-any-isoAll-mem	OMMMOFM	O:ok M:ok M:ok M:ok O:ok F:ok(F=3,reclaimed=1) M:ok	ok	same	I-2.1,I-4.8,I-7.4	[0, 0]	4	0	[0, 0]	41	753664	0	0	t1@50182:released-and-isolated
F4-rot-both	N1A-any-isoAll-mem	OMMMOMO	O:ok M:ok M:ok M:ok O:ok M:ok O:ok	ok	same	I-2.1,I-4.8,I-7.4	[0, 0]	4	0	[0, 0]	41	786432	0	0	t1@50182:released-and-isolated
F4-rot-both	N1A-any-isoAll-mem	OMMMOOF	O:ok M:ok M:ok M:ok O:ok O:ok F:ok(F=6,reclaimed=18)	ok	same	I-2.1,I-4.8,I-7.4	[0, 0]	4	0	[0, 0]	41	786432	0	0	t1@50182:released-and-isolated
F4-rot-both	N1A-any-isoAll-mem	OMMMOMM	O:ok M:ok M:ok M:ok O:ok M:ok M:ok	ok	same	I-2.1,I-4.8,I-7.4	[0, 0]	4	0	[0, 0]	41	753664	0	0	t1@50182:released-and-isolated
F4-rot-both	N1A-any-isoAll-mem	OMMMOOM	O:ok M:ok M:ok M:ok O:ok O:ok M:ok	ok	same	I-2.1,I-4.8,I-7.4	[0, 0]	4	0	[0, 0]	41	786432	0	0	t1@50182:released-and-isolated
F4-rot-both	N1A-any-isoAll-mem	OMMOFFF	O:ok M:ok M:ok O:ok F:ok(F=3,reclaimed=1) F:noop F:noop	ok	same	I-2.1,I-4.8,I-7.4	[0, 0]	4	0	[0, 0]	29	557056	0	0	t1@50182:released-and-isolated
F4-rot-both	N1A-any-isoAll-mem	OMMMOOO	O:ok M:ok M:ok M:ok O:ok O:ok O:ok	ok	same	I-2.1,I-4.8,I-7.4	[0, 0]	4	0	[0, 0]	43	851968	0	0	t1@50182:released-and-isolated
F4-rot-both	N1A-any-isoAll-mem	OMMOFFM	O:ok M:ok M:ok O:ok F:ok(F=3,reclaimed=1) F:noop M:ok	ok	same	I-2.1,I-4.8,I-7.4	[0, 0]	4	0	[0, 0]	35	655360	0	0	t1@50182:released-and-isolated
F4-rot-both	N1A-any-isoAll-mem	OMMOFFO	O:ok M:ok M:ok O:ok F:ok(F=3,reclaimed=1) F:noop O:ok	ok	same	I-2.1,I-4.8,I-7.4	[0, 0]	4	0	[0, 0]	35	688128	0	0	t1@50182:released-and-isolated
F4-rot-both	N1A-any-isoAll-mem	OMMOFMF	O:ok M:ok M:ok O:ok F:ok(F=3,reclaimed=1) M:ok F:noop	ok	same	I-2.1,I-4.8,I-7.4	[0, 0]	4	0	[0, 0]	35	655360	0	0	t1@50182:released-and-isolated
F4-rot-both	N1A-any-isoAll-mem	OMMOFMO	O:ok M:ok M:ok O:ok F:ok(F=3,reclaimed=1) M:ok O:ok	ok	same	I-2.1,I-4.8,I-7.4	[0, 0]	4	0	[0, 0]	41	786432	0	0	t1@50182:released-and-isolated
F4-rot-both	N1A-any-isoAll-mem	OMMOFMM	O:ok M:ok M:ok O:ok F:ok(F=3,reclaimed=1) M:ok M:ok	ok	same	I-2.1,I-4.8,I-7.4	[0, 0]	4	0	[0, 0]	41	753664	0	0	t1@50182:released-and-isolated
F4-rot-both	N1A-any-isoAll-mem	OMMOFOF	O:ok M:ok M:ok O:ok F:ok(F=3,reclaimed=1) O:ok F:ok(F=6,reclaimed=17)	ok	same	I-2.1,I-4.8,I-7.4	[0, 0]	4	0	[0, 0]	39	753664	0	0	t1@50182:released-and-isolated
F4-rot-both	N1A-any-isoAll-mem	OMMOFOO	O:ok M:ok M:ok O:ok F:ok(F=3,reclaimed=1) O:ok O:ok	ok	same	I-2.1,I-4.8,I-7.4	[0, 0]	4	0	[0, 0]	41	819200	0	0	t1@50182:released-and-isolated
F4-rot-both	N1A-any-isoAll-mem	OMMOFOM	O:ok M:ok M:ok O:ok F:ok(F=3,reclaimed=1) O:ok M:ok	ok	same	I-2.1,I-4.8,I-7.4	[0, 0]	4	0	[0, 0]	39	753664	0	0	t1@50182:released-and-isolated
F4-rot-both	N1A-any-isoAll-mem	OMMOMFF	O:ok M:ok M:ok O:ok M:ok F:ok(F=3,reclaimed=1) F:noop	ok	same	I-2.1,I-4.8,I-7.4	[0, 0]	4	0	[0, 0]	35	655360	0	0	t1@50182:released-and-isolated
F4-rot-both	N1A-any-isoAll-mem	OMMOMFM	O:ok M:ok M:ok O:ok M:ok F:ok(F=3,reclaimed=1) M:ok	ok	same	I-2.1,I-4.8,I-7.4	[0, 0]	4	0	[0, 0]	41	753664	0	0	t1@50182:released-and-isolated
F4-rot-both	N1A-any-isoAll-mem	OMMOMFO	O:ok M:ok M:ok O:ok M:ok F:ok(F=3,reclaimed=1) O:ok	ok	same	I-2.1,I-4.8,I-7.4	[0, 0]	4	0	[0, 0]	41	786432	0	0	t1@50182:released-and-isolated
F4-rot-both	N1A-any-isoAll-mem	OMMOMMF	O:ok M:ok M:ok O:ok M:ok M:ok F:ok(F=3,reclaimed=1)	ok	same	I-2.1,I-4.8,I-7.4	[0, 0]	4	0	[0, 0]	41	753664	0	0	t1@50182:released-and-isolated
F4-rot-both	N1A-any-isoAll-mem	OMMOMMM	O:ok M:ok M:ok O:ok M:ok M:ok M:ok	ok	same	I-2.1,I-4.8,I-7.4	[0, 0]	4	0	[0, 0]	41	753664	0	0	t1@50182:released-and-isolated
F4-rot-both	N1A-any-isoAll-mem	OMMOMOF	O:ok M:ok M:ok O:ok M:ok O:ok F:ok(F=6,reclaimed=18)	ok	same	I-2.1,I-4.8,I-7.4	[0, 0]	4	0	[0, 0]	39	753664	0	0	t1@50182:released-and-isolated
F4-rot-both	N1A-any-isoAll-mem	OMMOMMO	O:ok M:ok M:ok O:ok M:ok M:ok O:ok	ok	same	I-2.1,I-4.8,I-7.4	[0, 0]	4	0	[0, 0]	41	786432	0	0	t1@50182:released-and-isolated
F4-rot-both	N1A-any-isoAll-mem	OMMOMOM	O:ok M:ok M:ok O:ok M:ok O:ok M:ok	ok	same	I-2.1,I-4.8,I-7.4	[0, 0]	4	0	[0, 0]	39	753664	0	0	t1@50182:released-and-isolated
F4-rot-both	N1A-any-isoAll-mem	OMMOMOO	O:ok M:ok M:ok O:ok M:ok O:ok O:ok	ok	same	I-2.1,I-4.8,I-7.4	[0, 0]	4	0	[0, 0]	41	819200	0	0	t1@50182:released-and-isolated
F4-rot-both	N1A-any-isoAll-mem	OMMOOFF	O:ok M:ok M:ok O:ok O:ok F:ok(F=6,reclaimed=18) F:noop	ok	same	I-2.1,I-4.8,I-7.4	[0, 0]	4	0	[0, 0]	35	688128	0	0	t1@50182:released-and-isolated
F4-rot-both	N1A-any-isoAll-mem	OMMOOFO	O:ok M:ok M:ok O:ok O:ok F:ok(F=6,reclaimed=18) O:ok	ok	same	I-2.1,I-4.8,I-7.4	[0, 0]	4	0	[0, 0]	41	819200	0	0	t1@50182:released-and-isolated
F4-rot-both	N1A-any-isoAll-mem	OMMOOFM	O:ok M:ok M:ok O:ok O:ok F:ok(F=6,reclaimed=18) M:ok	ok	same	I-2.1,I-4.8,I-7.4	[0, 0]	4	0	[0, 0]	39	753664	0	0	t1@50182:released-and-isolated
F4-rot-both	N1A-any-isoAll-mem	OMMOOMF	O:ok M:ok M:ok O:ok O:ok M:ok F:ok(F=6,reclaimed=18)	ok	same	I-2.1,I-4.8,I-7.4	[0, 0]	4	0	[0, 0]	39	753664	0	0	t1@50182:released-and-isolated
F4-rot-both	N1A-any-isoAll-mem	OMMOOMM	O:ok M:ok M:ok O:ok O:ok M:ok M:ok	ok	same	I-2.1,I-4.8,I-7.4	[0, 0]	4	0	[0, 0]	39	753664	0	0	t1@50182:released-and-isolated
F4-rot-both	N1A-any-isoAll-mem	OMMOOOF	O:ok M:ok M:ok O:ok O:ok O:ok F:ok(F=7,reclaimed=26)	ok	same	-	[0, 0]	4	0	[0, 0]	43	851968	0	0	t1@50182:released-and-isolated
F4-rot-both	N1A-any-isoAll-mem	OMMOOMO	O:ok M:ok M:ok O:ok O:ok M:ok O:ok	ok	same	I-2.1,I-4.8,I-7.4	[0, 0]	4	0	[0, 0]	41	819200	0	0	t1@50182:released-and-isolated
F4-rot-both	N1A-any-isoAll-mem	OMMOOOM	O:ok M:ok M:ok O:ok O:ok O:ok M:ok	ok	same	I-2.1,I-4.8,I-7.4	[0, 0]	4	0	[0, 0]	43	851968	0	0	t1@50182:released-and-isolated
F4-rot-both	N1A-any-isoAll-mem	OMMOOOO	O:ok M:ok M:ok O:ok O:ok O:ok O:ok	ok	same	I-2.1,I-4.8,I-7.4	[0, 0]	4	0	[0, 0]	43	884736	0	0	t1@50182:released-and-isolated
F4-rot-both	N1A-any-isoAll-mem	OMOFFFF	O:ok M:ok O:ok F:ok(F=3,reclaimed=1) F:noop F:noop F:noop	ok	same	I-2.1,I-4.8,I-7.4	[0, 0]	4	0	[0, 0]	23	458752	0	0	t1@50182:released-and-isolated
F4-rot-both	N1A-any-isoAll-mem	OMOFFFO	O:ok M:ok O:ok F:ok(F=3,reclaimed=1) F:noop F:noop O:ok	ok	same	I-2.1,I-4.8,I-7.4	[0, 0]	4	0	[0, 0]	29	589824	0	0	t1@50182:released-and-isolated
F4-rot-both	N1A-any-isoAll-mem	OMOFFFM	O:ok M:ok O:ok F:ok(F=3,reclaimed=1) F:noop F:noop M:ok	ok	same	I-2.1,I-4.8,I-7.4	[0, 0]	4	0	[0, 0]	29	557056	0	0	t1@50182:released-and-isolated
F4-rot-both	N1A-any-isoAll-mem	OMOFFMF	O:ok M:ok O:ok F:ok(F=3,reclaimed=1) F:noop M:ok F:noop	ok	same	I-2.1,I-4.8,I-7.4	[0, 0]	4	0	[0, 0]	29	557056	0	0	t1@50182:released-and-isolated
F4-rot-both	N1A-any-isoAll-mem	OMOFFMO	O:ok M:ok O:ok F:ok(F=3,reclaimed=1) F:noop M:ok O:ok	ok	same	I-2.1,I-4.8,I-7.4	[0, 0]	4	0	[0, 0]	35	688128	0	0	t1@50182:released-and-isolated
F4-rot-both	N1A-any-isoAll-mem	OMOFFOF	O:ok M:ok O:ok F:ok(F=3,reclaimed=1) F:noop O:ok F:ok(F=6,reclaimed=17)	ok	same	I-2.1,I-4.8,I-7.4	[0, 0]	4	0	[0, 0]	33	655360	0	0	t1@50182:released-and-isolated
F4-rot-both	N1A-any-isoAll-mem	OMOFFMM	O:ok M:ok O:ok F:ok(F=3,reclaimed=1) F:noop M:ok M:ok	ok	same	I-2.1,I-4.8,I-7.4	[0, 0]	4	0	[0, 0]	35	655360	0	0	t1@50182:released-and-isolated
F4-rot-both	N1A-any-isoAll-mem	OMOFFOO	O:ok M:ok O:ok F:ok(F=3,reclaimed=1) F:noop O:ok O:ok	ok	same	I-2.1,I-4.8,I-7.4	[0, 0]	4	0	[0, 0]	35	720896	0	0	t1@50182:released-and-isolated
F4-rot-both	N1A-any-isoAll-mem	OMOFFOM	O:ok M:ok O:ok F:ok(F=3,reclaimed=1) F:noop O:ok M:ok	ok	same	I-2.1,I-4.8,I-7.4	[0, 0]	4	0	[0, 0]	33	655360	0	0	t1@50182:released-and-isolated
F4-rot-both	N1A-any-isoAll-mem	OMOFMFF	O:ok M:ok O:ok F:ok(F=3,reclaimed=1) M:ok F:noop F:noop	ok	same	I-2.1,I-4.8,I-7.4	[0, 0]	4	0	[0, 0]	29	557056	0	0	t1@50182:released-and-isolated
F4-rot-both	N1A-any-isoAll-mem	OMOFMFM	O:ok M:ok O:ok F:ok(F=3,reclaimed=1) M:ok F:noop M:ok	ok	same	I-2.1,I-4.8,I-7.4	[0, 0]	4	0	[0, 0]	35	655360	0	0	t1@50182:released-and-isolated
F4-rot-both	N1A-any-isoAll-mem	OMOFMFO	O:ok M:ok O:ok F:ok(F=3,reclaimed=1) M:ok F:noop O:ok	ok	same	I-2.1,I-4.8,I-7.4	[0, 0]	4	0	[0, 0]	35	688128	0	0	t1@50182:released-and-isolated
F4-rot-both	N1A-any-isoAll-mem	OMOFMMF	O:ok M:ok O:ok F:ok(F=3,reclaimed=1) M:ok M:ok F:noop	ok	same	I-2.1,I-4.8,I-7.4	[0, 0]	4	0	[0, 0]	35	655360	0	0	t1@50182:released-and-isolated
F4-rot-both	N1A-any-isoAll-mem	OMOFMMO	O:ok M:ok O:ok F:ok(F=3,reclaimed=1) M:ok M:ok O:ok	ok	same	I-2.1,I-4.8,I-7.4	[0, 0]	4	0	[0, 0]	41	786432	0	0	t1@50182:released-and-isolated
F4-rot-both	N1A-any-isoAll-mem	OMOFMMM	O:ok M:ok O:ok F:ok(F=3,reclaimed=1) M:ok M:ok M:ok	ok	same	I-2.1,I-4.8,I-7.4	[0, 0]	4	0	[0, 0]	41	753664	0	0	t1@50182:released-and-isolated
F4-rot-both	N1A-any-isoAll-mem	OMOFMOF	O:ok M:ok O:ok F:ok(F=3,reclaimed=1) M:ok O:ok F:ok(F=6,reclaimed=17)	ok	same	I-2.1,I-4.8,I-7.4	[0, 0]	4	0	[0, 0]	39	753664	0	0	t1@50182:released-and-isolated
F4-rot-both	N1A-any-isoAll-mem	OMOFOFF	O:ok M:ok O:ok F:ok(F=3,reclaimed=1) O:ok F:ok(F=6,reclaimed=17) F:noop	ok	same	I-2.1,I-4.8,I-7.4	[0, 0]	4	0	[0, 0]	33	655360	0	0	t1@50182:released-and-isolated
F4-rot-both	N1A-any-isoAll-mem	OMOFMOO	O:ok M:ok O:ok F:ok(F=3,reclaimed=1) M:ok O:ok O:ok	ok	same	I-2.1,I-4.8,I-7.4	[0, 0]	4	0	[0, 0]	41	819200	0	0	t1@50182:released-and-isolated
F4-rot-both	N1A-any-isoAll-mem	OMOFMOM	O:ok M:ok O:ok F:ok(F=3,reclaimed=1) M:ok O:ok M:ok	ok	same	I-2.1,I-4.8,I-7.4	[0, 0]	4	0	[0, 0]	39	753664	0	0	t1@50182:released-and-isolated
F4-rot-both	N1A-any-isoAll-mem	OMOFOFM	O:ok M:ok O:ok F:ok(F=3,reclaimed=1) O:ok F:ok(F=6,reclaimed=17) M:ok	ok	same	I-2.1,I-4.8,I-7.4	[0, 0]	4	0	[0, 0]	39	753664	0	0	t1@50182:released-and-isolated
F4-rot-both	N1A-any-isoAll-mem	OMOFOFO	O:ok M:ok O:ok F:ok(F=3,reclaimed=1) O:ok F:ok(F=6,reclaimed=17) O:ok	ok	same	I-2.1,I-4.8,I-7.4	[0, 0]	4	0	[0, 0]	39	786432	0	0	t1@50182:released-and-isolated
F4-rot-both	N1A-any-isoAll-mem	OMOFOMF	O:ok M:ok O:ok F:ok(F=3,reclaimed=1) O:ok M:ok F:ok(F=6,reclaimed=17)	ok	same	I-2.1,I-4.8,I-7.4	[0, 0]	4	0	[0, 0]	39	753664	0	0	t1@50182:released-and-isolated
F4-rot-both	N1A-any-isoAll-mem	OMOFOMM	O:ok M:ok O:ok F:ok(F=3,reclaimed=1) O:ok M:ok M:ok	ok	same	I-2.1,I-4.8,I-7.4	[0, 0]	4	0	[0, 0]	39	753664	0	0	t1@50182:released-and-isolated
F4-rot-both	N1A-any-isoAll-mem	OMOFOOF	O:ok M:ok O:ok F:ok(F=3,reclaimed=1) O:ok O:ok F:ok(F=7,reclaimed=25)	ok	same	-	[0, 0]	4	0	[0, 0]	39	786432	0	0	t1@50182:released-and-isolated
F4-rot-both	N1A-any-isoAll-mem	OMOFOMO	O:ok M:ok O:ok F:ok(F=3,reclaimed=1) O:ok M:ok O:ok	ok	same	I-2.1,I-4.8,I-7.4	[0, 0]	4	0	[0, 0]	39	786432	0	0	t1@50182:released-and-isolated
F4-rot-both	N1A-any-isoAll-mem	OMOFOOM	O:ok M:ok O:ok F:ok(F=3,reclaimed=1) O:ok O:ok M:ok	ok	same	I-2.1,I-4.8,I-7.4	[0, 0]	4	0	[0, 0]	39	786432	0	0	t1@50182:released-and-isolated
F4-rot-both	N1A-any-isoAll-mem	OMOFOOO	O:ok M:ok O:ok F:ok(F=3,reclaimed=1) O:ok O:ok O:ok	ok	same	I-2.1,I-4.8,I-7.4	[0, 0]	4	0	[0, 0]	41	851968	0	0	t1@50182:released-and-isolated
F4-rot-both	N1A-any-isoAll-mem	OMOMFFM	O:ok M:ok O:ok M:ok F:ok(F=3,reclaimed=1) F:noop M:ok	ok	same	I-2.1,I-4.8,I-7.4	[0, 0]	4	0	[0, 0]	35	655360	0	0	t1@50182:released-and-isolated
F4-rot-both	N1A-any-isoAll-mem	OMOMFFF	O:ok M:ok O:ok M:ok F:ok(F=3,reclaimed=1) F:noop F:noop	ok	same	I-2.1,I-4.8,I-7.4	[0, 0]	4	0	[0, 0]	29	557056	0	0	t1@50182:released-and-isolated
F4-rot-both	N1A-any-isoAll-mem	OMOMFFO	O:ok M:ok O:ok M:ok F:ok(F=3,reclaimed=1) F:noop O:ok	ok	same	I-2.1,I-4.8,I-7.4	[0, 0]	4	0	[0, 0]	35	688128	0	0	t1@50182:released-and-isolated
F4-rot-both	N1A-any-isoAll-mem	OMOMFMM	O:ok M:ok O:ok M:ok F:ok(F=3,reclaimed=1) M:ok M:ok	ok	same	I-2.1,I-4.8,I-7.4	[0, 0]	4	0	[0, 0]	41	753664	0	0	t1@50182:released-and-isolated
F4-rot-both	N1A-any-isoAll-mem	OMOMFMF	O:ok M:ok O:ok M:ok F:ok(F=3,reclaimed=1) M:ok F:noop	ok	same	I-2.1,I-4.8,I-7.4	[0, 0]	4	0	[0, 0]	35	655360	0	0	t1@50182:released-and-isolated
F4-rot-both	N1A-any-isoAll-mem	OMOMFMO	O:ok M:ok O:ok M:ok F:ok(F=3,reclaimed=1) M:ok O:ok	ok	same	I-2.1,I-4.8,I-7.4	[0, 0]	4	0	[0, 0]	41	786432	0	0	t1@50182:released-and-isolated
F4-rot-both	N1A-any-isoAll-mem	OMOMFOF	O:ok M:ok O:ok M:ok F:ok(F=3,reclaimed=1) O:ok F:ok(F=6,reclaimed=17)	ok	same	I-2.1,I-4.8,I-7.4	[0, 0]	4	0	[0, 0]	39	753664	0	0	t1@50182:released-and-isolated
F4-rot-both	N1A-any-isoAll-mem	OMOMFOM	O:ok M:ok O:ok M:ok F:ok(F=3,reclaimed=1) O:ok M:ok	ok	same	I-2.1,I-4.8,I-7.4	[0, 0]	4	0	[0, 0]	39	753664	0	0	t1@50182:released-and-isolated
F4-rot-both	N1A-any-isoAll-mem	OMOMFOO	O:ok M:ok O:ok M:ok F:ok(F=3,reclaimed=1) O:ok O:ok	ok	same	I-2.1,I-4.8,I-7.4	[0, 0]	4	0	[0, 0]	41	819200	0	0	t1@50182:released-and-isolated
F4-rot-both	N1A-any-isoAll-mem	OMOMMFF	O:ok M:ok O:ok M:ok M:ok F:ok(F=3,reclaimed=1) F:noop	ok	same	I-2.1,I-4.8,I-7.4	[0, 0]	4	0	[0, 0]	35	655360	0	0	t1@50182:released-and-isolated
F4-rot-both	N1A-any-isoAll-mem	OMOMMFM	O:ok M:ok O:ok M:ok M:ok F:ok(F=3,reclaimed=1) M:ok	ok	same	I-2.1,I-4.8,I-7.4	[0, 0]	4	0	[0, 0]	41	753664	0	0	t1@50182:released-and-isolated
F4-rot-both	N1A-any-isoAll-mem	OMOMMFO	O:ok M:ok O:ok M:ok M:ok F:ok(F=3,reclaimed=1) O:ok	ok	same	I-2.1,I-4.8,I-7.4	[0, 0]	4	0	[0, 0]	41	786432	0	0	t1@50182:released-and-isolated
F4-rot-both	N1A-any-isoAll-mem	OMOMMMF	O:ok M:ok O:ok M:ok M:ok M:ok F:ok(F=3,reclaimed=1)	ok	same	I-2.1,I-4.8,I-7.4	[0, 0]	4	0	[0, 0]	41	753664	0	0	t1@50182:released-and-isolated
F4-rot-both	N1A-any-isoAll-mem	OMOMMOF	O:ok M:ok O:ok M:ok M:ok O:ok F:ok(F=6,reclaimed=18)	ok	same	I-2.1,I-4.8,I-7.4	[0, 0]	4	0	[0, 0]	39	753664	0	0	t1@50182:released-and-isolated
F4-rot-both	N1A-any-isoAll-mem	OMOMMMM	O:ok M:ok O:ok M:ok M:ok M:ok M:ok	ok	same	I-2.1,I-4.8,I-7.4	[0, 0]	4	0	[0, 0]	41	753664	0	0	t1@50182:released-and-isolated
F4-rot-both	N1A-any-isoAll-mem	OMOMMMO	O:ok M:ok O:ok M:ok M:ok M:ok O:ok	ok	same	I-2.1,I-4.8,I-7.4	[0, 0]	4	0	[0, 0]	41	786432	0	0	t1@50182:released-and-isolated
F4-rot-both	N1A-any-isoAll-mem	OMOMOFF	O:ok M:ok O:ok M:ok O:ok F:ok(F=6,reclaimed=18) F:noop	ok	same	I-2.1,I-4.8,I-7.4	[0, 0]	4	0	[0, 0]	33	655360	0	0	t1@50182:released-and-isolated
F4-rot-both	N1A-any-isoAll-mem	OMOMMOO	O:ok M:ok O:ok M:ok M:ok O:ok O:ok	ok	same	I-2.1,I-4.8,I-7.4	[0, 0]	4	0	[0, 0]	41	819200	0	0	t1@50182:released-and-isolated
F4-rot-both	N1A-any-isoAll-mem	OMOMOFM	O:ok M:ok O:ok M:ok O:ok F:ok(F=6,reclaimed=18) M:ok	ok	same	I-2.1,I-4.8,I-7.4	[0, 0]	4	0	[0, 0]	39	753664	0	0	t1@50182:released-and-isolated
F4-rot-both	N1A-any-isoAll-mem	OMOMMOM	O:ok M:ok O:ok M:ok M:ok O:ok M:ok	ok	same	I-2.1,I-4.8,I-7.4	[0, 0]	4	0	[0, 0]	39	753664	0	0	t1@50182:released-and-isolated
F4-rot-both	N1A-any-isoAll-mem	OMOMOFO	O:ok M:ok O:ok M:ok O:ok F:ok(F=6,reclaimed=18) O:ok	ok	same	I-2.1,I-4.8,I-7.4	[0, 0]	4	0	[0, 0]	39	786432	0	0	t1@50182:released-and-isolated
F4-rot-both	N1A-any-isoAll-mem	OMOMOMF	O:ok M:ok O:ok M:ok O:ok M:ok F:ok(F=6,reclaimed=18)	ok	same	I-2.1,I-4.8,I-7.4	[0, 0]	4	0	[0, 0]	39	753664	0	0	t1@50182:released-and-isolated
F4-rot-both	N1A-any-isoAll-mem	OMOMOOF	O:ok M:ok O:ok M:ok O:ok O:ok F:ok(F=7,reclaimed=26)	ok	same	-	[0, 0]	4	0	[0, 0]	39	786432	0	0	t1@50182:released-and-isolated
F4-rot-both	N1A-any-isoAll-mem	OMOMOMO	O:ok M:ok O:ok M:ok O:ok M:ok O:ok	ok	same	I-2.1,I-4.8,I-7.4	[0, 0]	4	0	[0, 0]	39	786432	0	0	t1@50182:released-and-isolated
F4-rot-both	N1A-any-isoAll-mem	OMOMOOM	O:ok M:ok O:ok M:ok O:ok O:ok M:ok	ok	same	I-2.1,I-4.8,I-7.4	[0, 0]	4	0	[0, 0]	39	786432	0	0	t1@50182:released-and-isolated
F4-rot-both	N1A-any-isoAll-mem	OMOMOMM	O:ok M:ok O:ok M:ok O:ok M:ok M:ok	ok	same	I-2.1,I-4.8,I-7.4	[0, 0]	4	0	[0, 0]	39	753664	0	0	t1@50182:released-and-isolated
F4-rot-both	N1A-any-isoAll-mem	OMOMOOO	O:ok M:ok O:ok M:ok O:ok O:ok O:ok	ok	same	I-2.1,I-4.8,I-7.4	[0, 0]	4	0	[0, 0]	41	851968	0	0	t1@50182:released-and-isolated
F4-rot-both	N1A-any-isoAll-mem	OMOOFFF	O:ok M:ok O:ok O:ok F:ok(F=6,reclaimed=18) F:noop F:noop	ok	same	I-2.1,I-4.8,I-7.4	[0, 0]	4	0	[0, 0]	29	589824	0	0	t1@50182:released-and-isolated
F4-rot-both	N1A-any-isoAll-mem	OMOOFFO	O:ok M:ok O:ok O:ok F:ok(F=6,reclaimed=18) F:noop O:ok	ok	same	I-2.1,I-4.8,I-7.4	[0, 0]	4	0	[0, 0]	35	720896	0	0	t1@50182:released-and-isolated
F4-rot-both	N1A-any-isoAll-mem	OMOOFFM	O:ok M:ok O:ok O:ok F:ok(F=6,reclaimed=18) F:noop M:ok	ok	same	I-2.1,I-4.8,I-7.4	[0, 0]	4	0	[0, 0]	33	655360	0	0	t1@50182:released-and-isolated
F4-rot-both	N1A-any-isoAll-mem	OMOOFMF	O:ok M:ok O:ok O:ok F:ok(F=6,reclaimed=18) M:ok F:noop	ok	same	I-2.1,I-4.8,I-7.4	[0, 0]	4	0	[0, 0]	33	655360	0	0	t1@50182:released-and-isolated
F4-rot-both	N1A-any-isoAll-mem	OMOOFOF	O:ok M:ok O:ok O:ok F:ok(F=6,reclaimed=18) O:ok F:ok(F=7,reclaimed=8)	ok	same	-	[0, 0]	4	0	[0, 0]	39	786432	0	0	t1@50182:released-and-isolated
F4-rot-both	N1A-any-isoAll-mem	OMOOFMO	O:ok M:ok O:ok O:ok F:ok(F=6,reclaimed=18) M:ok O:ok	ok	same	I-2.1,I-4.8,I-7.4	[0, 0]	4	0	[0, 0]	39	786432	0	0	t1@50182:released-and-isolated
F4-rot-both	N1A-any-isoAll-mem	OMOOFMM	O:ok M:ok O:ok O:ok F:ok(F=6,reclaimed=18) M:ok M:ok	ok	same	I-2.1,I-4.8,I-7.4	[0, 0]	4	0	[0, 0]	39	753664	0	0	t1@50182:released-and-isolated
F4-rot-both	N1A-any-isoAll-mem	OMOOFOM	O:ok M:ok O:ok O:ok F:ok(F=6,reclaimed=18) O:ok M:ok	ok	same	I-2.1,I-4.8,I-7.4	[0, 0]	4	0	[0, 0]	39	786432	0	0	t1@50182:released-and-isolated
F4-rot-both	N1A-any-isoAll-mem	OMOOFOO	O:ok M:ok O:ok O:ok F:ok(F=6,reclaimed=18) O:ok O:ok	ok	same	I-2.1,I-4.8,I-7.4	[0, 0]	4	0	[0, 0]	41	851968	0	0	t1@50182:released-and-isolated
F4-rot-both	N1A-any-isoAll-mem	OMOOMFF	O:ok M:ok O:ok O:ok M:ok F:ok(F=6,reclaimed=18) F:noop	ok	same	I-2.1,I-4.8,I-7.4	[0, 0]	4	0	[0, 0]	33	655360	0	0	t1@50182:released-and-isolated
F4-rot-both	N1A-any-isoAll-mem	OMOOMFM	O:ok M:ok O:ok O:ok M:ok F:ok(F=6,reclaimed=18) M:ok	ok	same	I-2.1,I-4.8,I-7.4	[0, 0]	4	0	[0, 0]	39	753664	0	0	t1@50182:released-and-isolated
F4-rot-both	N1A-any-isoAll-mem	OMOOMFO	O:ok M:ok O:ok O:ok M:ok F:ok(F=6,reclaimed=18) O:ok	ok	same	I-2.1,I-4.8,I-7.4	[0, 0]	4	0	[0, 0]	39	786432	0	0	t1@50182:released-and-isolated
F4-rot-both	N1A-any-isoAll-mem	OMOOMMF	O:ok M:ok O:ok O:ok M:ok M:ok F:ok(F=6,reclaimed=18)	ok	same	I-2.1,I-4.8,I-7.4	[0, 0]	4	0	[0, 0]	39	753664	0	0	t1@50182:released-and-isolated
F4-rot-both	N1A-any-isoAll-mem	OMOOMMM	O:ok M:ok O:ok O:ok M:ok M:ok M:ok	ok	same	I-2.1,I-4.8,I-7.4	[0, 0]	4	0	[0, 0]	39	753664	0	0	t1@50182:released-and-isolated
F4-rot-both	N1A-any-isoAll-mem	OMOOMMO	O:ok M:ok O:ok O:ok M:ok M:ok O:ok	ok	same	I-2.1,I-4.8,I-7.4	[0, 0]	4	0	[0, 0]	39	786432	0	0	t1@50182:released-and-isolated
F4-rot-both	N1A-any-isoAll-mem	OMOOMOF	O:ok M:ok O:ok O:ok M:ok O:ok F:ok(F=7,reclaimed=26)	ok	same	-	[0, 0]	4	0	[0, 0]	39	786432	0	0	t1@50182:released-and-isolated
F4-rot-both	N1A-any-isoAll-mem	OMOOMOM	O:ok M:ok O:ok O:ok M:ok O:ok M:ok	ok	same	I-2.1,I-4.8,I-7.4	[0, 0]	4	0	[0, 0]	39	786432	0	0	t1@50182:released-and-isolated
F4-rot-both	N1A-any-isoAll-mem	OMOOOFF	O:ok M:ok O:ok O:ok O:ok F:ok(F=7,reclaimed=26) F:noop	ok	same	-	[0, 0]	4	0	[0, 0]	37	753664	0	0	t1@50182:released-and-isolated
F4-rot-both	N1A-any-isoAll-mem	OMOOMOO	O:ok M:ok O:ok O:ok M:ok O:ok O:ok	ok	same	I-2.1,I-4.8,I-7.4	[0, 0]	4	0	[0, 0]	41	851968	0	0	t1@50182:released-and-isolated
F4-rot-both	N1A-any-isoAll-mem	OMOOOFM	O:ok M:ok O:ok O:ok O:ok F:ok(F=7,reclaimed=26) M:ok	ok	same	-	[0, 0]	4	0	[0, 0]	43	851968	0	0	t1@50182:released-and-isolated
F4-rot-both	N1A-any-isoAll-mem	OMOOOFO	O:ok M:ok O:ok O:ok O:ok F:ok(F=7,reclaimed=26) O:ok	ok	same	-	[0, 0]	4	0	[0, 0]	43	884736	0	0	t1@50182:released-and-isolated
F4-rot-both	N1A-any-isoAll-mem	OMOOOMF	O:ok M:ok O:ok O:ok O:ok M:ok F:ok(F=7,reclaimed=26)	ok	same	-	[0, 0]	4	0	[0, 0]	43	851968	0	0	t1@50182:released-and-isolated
F4-rot-both	N1A-any-isoAll-mem	OMOOOMO	O:ok M:ok O:ok O:ok O:ok M:ok O:ok	ok	same	I-2.1,I-4.8,I-7.4	[0, 0]	4	0	[0, 0]	43	884736	0	0	t1@50182:released-and-isolated
F4-rot-both	N1A-any-isoAll-mem	OMOOOMM	O:ok M:ok O:ok O:ok O:ok M:ok M:ok	ok	same	I-2.1,I-4.8,I-7.4	[0, 0]	4	0	[0, 0]	43	851968	0	0	t1@50182:released-and-isolated
F4-rot-both	N1A-any-isoAll-mem	OMOOOOF	O:ok M:ok O:ok O:ok O:ok O:ok F:ok(F=11,reclaimed=47)	ok	same	-	[0, 0]	4	0	[0, 0]	41	851968	0	0	t1@50182:released-and-isolated
F4-rot-both	N1A-any-isoAll-mem	OOFFFFF	O:ok O:ok F:ok(F=3,reclaimed=1) F:noop F:noop F:noop F:noop	ok	same	I-2.1,I-4.8,I-7.4	[2, 2]	4	0	[0, 0]	17	360448	0	0	t1@50182:released-and-isolated
F4-rot-both	N1A-any-isoAll-mem	OMOOOOO	O:ok M:ok O:ok O:ok O:ok O:ok O:ok	ok	same	I-2.1,I-4.8,I-7.4	[0, 0]	4	0	[0, 0]	43	917504	0	0	t1@50182:released-and-isolated
F4-rot-both	N1A-any-isoAll-mem	OMOOOOM	O:ok M:ok O:ok O:ok O:ok O:ok M:ok	ok	same	I-2.1,I-4.8,I-7.4	[0, 0]	4	0	[0, 0]	41	851968	0	0	t1@50182:released-and-isolated
F4-rot-both	N1A-any-isoAll-mem	OOFFFFM	O:ok O:ok F:ok(F=3,reclaimed=1) F:noop F:noop F:noop M:ok	ok	same	I-2.1,I-4.8,I-7.4	[0, 0]	4	0	[0, 0]	23	458752	0	0	t1@50182:released-and-isolated
F4-rot-both	N1A-any-isoAll-mem	OOFFFFO	O:ok O:ok F:ok(F=3,reclaimed=1) F:noop F:noop F:noop O:ok	ok	same	I-2.1,I-4.8,I-7.4	[2, 2]	4	0	[0, 0]	23	491520	0	0	t1@50182:released-and-isolated
F4-rot-both	N1A-any-isoAll-mem	OOFFFMF	O:ok O:ok F:ok(F=3,reclaimed=1) F:noop F:noop M:ok F:noop	ok	same	I-2.1,I-4.8,I-7.4	[0, 0]	4	0	[0, 0]	23	458752	0	0	t1@50182:released-and-isolated
F4-rot-both	N1A-any-isoAll-mem	OOFFFMM	O:ok O:ok F:ok(F=3,reclaimed=1) F:noop F:noop M:ok M:ok	ok	same	I-2.1,I-4.8,I-7.4	[0, 0]	4	0	[0, 0]	29	557056	0	0	t1@50182:released-and-isolated
F4-rot-both	N1A-any-isoAll-mem	OOFFFOF	O:ok O:ok F:ok(F=3,reclaimed=1) F:noop F:noop O:ok F:ok(F=6,reclaimed=17)	ok	same	I-2.1,I-4.8,I-7.4	[2, 2]	4	0	[0, 0]	27	557056	0	0	t1@50182:released-and-isolated
F4-rot-both	N1A-any-isoAll-mem	OOFFFMO	O:ok O:ok F:ok(F=3,reclaimed=1) F:noop F:noop M:ok O:ok	ok	same	I-2.1,I-4.8,I-7.4	[0, 0]	4	0	[0, 0]	29	589824	0	0	t1@50182:released-and-isolated
F4-rot-both	N1A-any-isoAll-mem	OOFFFOO	O:ok O:ok F:ok(F=3,reclaimed=1) F:noop F:noop O:ok O:ok	ok	same	I-2.1,I-4.8,I-7.4	[2, 2]	4	0	[0, 0]	29	622592	0	0	t1@50182:released-and-isolated
F4-rot-both	N1A-any-isoAll-mem	OOFFFOM	O:ok O:ok F:ok(F=3,reclaimed=1) F:noop F:noop O:ok M:ok	ok	same	I-2.1,I-4.8,I-7.4	[0, 0]	4	0	[0, 0]	27	557056	0	0	t1@50182:released-and-isolated
F4-rot-both	N1A-any-isoAll-mem	OOFFMFF	O:ok O:ok F:ok(F=3,reclaimed=1) F:noop M:ok F:noop F:noop	ok	same	I-2.1,I-4.8,I-7.4	[0, 0]	4	0	[0, 0]	23	458752	0	0	t1@50182:released-and-isolated
F4-rot-both	N1A-any-isoAll-mem	OOFFMFM	O:ok O:ok F:ok(F=3,reclaimed=1) F:noop M:ok F:noop M:ok	ok	same	I-2.1,I-4.8,I-7.4	[0, 0]	4	0	[0, 0]	29	557056	0	0	t1@50182:released-and-isolated
F4-rot-both	N1A-any-isoAll-mem	OOFFMFO	O:ok O:ok F:ok(F=3,reclaimed=1) F:noop M:ok F:noop O:ok	ok	same	I-2.1,I-4.8,I-7.4	[0, 0]	4	0	[0, 0]	29	589824	0	0	t1@50182:released-and-isolated
F4-rot-both	N1A-any-isoAll-mem	OOFFMMF	O:ok O:ok F:ok(F=3,reclaimed=1) F:noop M:ok M:ok F:noop	ok	same	I-2.1,I-4.8,I-7.4	[0, 0]	4	0	[0, 0]	29	557056	0	0	t1@50182:released-and-isolated
F4-rot-both	N1A-any-isoAll-mem	OOFFMMO	O:ok O:ok F:ok(F=3,reclaimed=1) F:noop M:ok M:ok O:ok	ok	same	I-2.1,I-4.8,I-7.4	[0, 0]	4	0	[0, 0]	35	688128	0	0	t1@50182:released-and-isolated
F4-rot-both	N1A-any-isoAll-mem	OOFFMMM	O:ok O:ok F:ok(F=3,reclaimed=1) F:noop M:ok M:ok M:ok	ok	same	I-2.1,I-4.8,I-7.4	[0, 0]	4	0	[0, 0]	35	655360	0	0	t1@50182:released-and-isolated
F4-rot-both	N1A-any-isoAll-mem	OOFFMOF	O:ok O:ok F:ok(F=3,reclaimed=1) F:noop M:ok O:ok F:ok(F=6,reclaimed=17)	ok	same	I-2.1,I-4.8,I-7.4	[0, 0]	4	0	[0, 0]	33	655360	0	0	t1@50182:released-and-isolated
F4-rot-both	N1A-any-isoAll-mem	OOFFMOM	O:ok O:ok F:ok(F=3,reclaimed=1) F:noop M:ok O:ok M:ok	ok	same	I-2.1,I-4.8,I-7.4	[0, 0]	4	0	[0, 0]	33	655360	0	0	t1@50182:released-and-isolated
F4-rot-both	N1A-any-isoAll-mem	OOFFOFF	O:ok O:ok F:ok(F=3,reclaimed=1) F:noop O:ok F:ok(F=6,reclaimed=17) F:noop	ok	same	I-2.1,I-4.8,I-7.4	[2, 2]	4	0	[0, 0]	27	557056	0	0	t1@50182:released-and-isolated
F4-rot-both	N1A-any-isoAll-mem	OOFFMOO	O:ok O:ok F:ok(F=3,reclaimed=1) F:noop M:ok O:ok O:ok	ok	same	I-2.1,I-4.8,I-7.4	[0, 0]	4	0	[0, 0]	35	720896	0	0	t1@50182:released-and-isolated
F4-rot-both	N1A-any-isoAll-mem	OOFFOFM	O:ok O:ok F:ok(F=3,reclaimed=1) F:noop O:ok F:ok(F=6,reclaimed=17) M:ok	ok	same	I-2.1,I-4.8,I-7.4	[0, 0]	4	0	[0, 0]	33	655360	0	0	t1@50182:released-and-isolated
F4-rot-both	N1A-any-isoAll-mem	OOFFOFO	O:ok O:ok F:ok(F=3,reclaimed=1) F:noop O:ok F:ok(F=6,reclaimed=17) O:ok	ok	same	I-2.1,I-4.8,I-7.4	[2, 2]	4	0	[0, 0]	33	688128	0	0	t1@50182:released-and-isolated
F4-rot-both	N1A-any-isoAll-mem	OOFFOOF	O:ok O:ok F:ok(F=3,reclaimed=1) F:noop O:ok O:ok F:ok(F=7,reclaimed=25)	ok	same	-	[2, 2]	4	0	[2, 2]	33	688128	0	0	t1@50182:released-and-isolated
F4-rot-both	N1A-any-isoAll-mem	OOFFOMF	O:ok O:ok F:ok(F=3,reclaimed=1) F:noop O:ok M:ok F:ok(F=6,reclaimed=17)	ok	same	I-2.1,I-4.8,I-7.4	[0, 0]	4	0	[0, 0]	33	655360	0	0	t1@50182:released-and-isolated
F4-rot-both	N1A-any-isoAll-mem	OOFFOMO	O:ok O:ok F:ok(F=3,reclaimed=1) F:noop O:ok M:ok O:ok	ok	same	I-2.1,I-4.8,I-7.4	[0, 0]	4	0	[0, 0]	33	688128	0	0	t1@50182:released-and-isolated
F4-rot-both	N1A-any-isoAll-mem	OOFFOMM	O:ok O:ok F:ok(F=3,reclaimed=1) F:noop O:ok M:ok M:ok	ok	same	I-2.1,I-4.8,I-7.4	[0, 0]	4	0	[0, 0]	33	655360	0	0	t1@50182:released-and-isolated
F4-rot-both	N1A-any-isoAll-mem	OOFFOOO	O:ok O:ok F:ok(F=3,reclaimed=1) F:noop O:ok O:ok O:ok	ok	same	I-2.1,I-4.8,I-7.4	[2, 2]	4	0	[0, 0]	35	753664	0	0	t1@50182:released-and-isolated
F4-rot-both	N1A-any-isoAll-mem	OOFFOOM	O:ok O:ok F:ok(F=3,reclaimed=1) F:noop O:ok O:ok M:ok	ok	same	I-2.1,I-4.8,I-7.4	[0, 0]	4	0	[0, 0]	33	688128	0	0	t1@50182:released-and-isolated
F4-rot-both	N1A-any-isoAll-mem	OOFMFFF	O:ok O:ok F:ok(F=3,reclaimed=1) M:ok F:noop F:noop F:noop	ok	same	I-2.1,I-4.8,I-7.4	[0, 0]	4	0	[0, 0]	23	458752	0	0	t1@50182:released-and-isolated
F4-rot-both	N1A-any-isoAll-mem	OOFMFFM	O:ok O:ok F:ok(F=3,reclaimed=1) M:ok F:noop F:noop M:ok	ok	same	I-2.1,I-4.8,I-7.4	[0, 0]	4	0	[0, 0]	29	557056	0	0	t1@50182:released-and-isolated
F4-rot-both	N1A-any-isoAll-mem	OOFMFFO	O:ok O:ok F:ok(F=3,reclaimed=1) M:ok F:noop F:noop O:ok	ok	same	I-2.1,I-4.8,I-7.4	[0, 0]	4	0	[0, 0]	29	589824	0	0	t1@50182:released-and-isolated
F4-rot-both	N1A-any-isoAll-mem	OOFMFMF	O:ok O:ok F:ok(F=3,reclaimed=1) M:ok F:noop M:ok F:noop	ok	same	I-2.1,I-4.8,I-7.4	[0, 0]	4	0	[0, 0]	29	557056	0	0	t1@50182:released-and-isolated
F4-rot-both	N1A-any-isoAll-mem	OOFMFMM	O:ok O:ok F:ok(F=3,reclaimed=1) M:ok F:noop M:ok M:ok	ok	same	I-2.1,I-4.8,I-7.4	[0, 0]	4	0	[0, 0]	35	655360	0	0	t1@50182:released-and-isolated
F4-rot-both	N1A-any-isoAll-mem	OOFMFMO	O:ok O:ok F:ok(F=3,reclaimed=1) M:ok F:noop M:ok O:ok	ok	same	I-2.1,I-4.8,I-7.4	[0, 0]	4	0	[0, 0]	35	688128	0	0	t1@50182:released-and-isolated
F4-rot-both	N1A-any-isoAll-mem	OOFMFOF	O:ok O:ok F:ok(F=3,reclaimed=1) M:ok F:noop O:ok F:ok(F=6,reclaimed=17)	ok	same	I-2.1,I-4.8,I-7.4	[0, 0]	4	0	[0, 0]	33	655360	0	0	t1@50182:released-and-isolated
F4-rot-both	N1A-any-isoAll-mem	OOFMFOO	O:ok O:ok F:ok(F=3,reclaimed=1) M:ok F:noop O:ok O:ok	ok	same	I-2.1,I-4.8,I-7.4	[0, 0]	4	0	[0, 0]	35	720896	0	0	t1@50182:released-and-isolated
F4-rot-both	N1A-any-isoAll-mem	OOFMFOM	O:ok O:ok F:ok(F=3,reclaimed=1) M:ok F:noop O:ok M:ok	ok	same	I-2.1,I-4.8,I-7.4	[0, 0]	4	0	[0, 0]	33	655360	0	0	t1@50182:released-and-isolated
F4-rot-both	N1A-any-isoAll-mem	OOFMMFF	O:ok O:ok F:ok(F=3,reclaimed=1) M:ok M:ok F:noop F:noop	ok	same	I-2.1,I-4.8,I-7.4	[0, 0]	4	0	[0, 0]	29	557056	0	0	t1@50182:released-and-isolated
F4-rot-both	N1A-any-isoAll-mem	OOFMMFO	O:ok O:ok F:ok(F=3,reclaimed=1) M:ok M:ok F:noop O:ok	ok	same	I-2.1,I-4.8,I-7.4	[0, 0]	4	0	[0, 0]	35	688128	0	0	t1@50182:released-and-isolated
F4-rot-both	N1A-any-isoAll-mem	OOFMMFM	O:ok O:ok F:ok(F=3,reclaimed=1) M:ok M:ok F:noop M:ok	ok	same	I-2.1,I-4.8,I-7.4	[0, 0]	4	0	[0, 0]	35	655360	0	0	t1@50182:released-and-isolated
F4-rot-both	N1A-any-isoAll-mem	OOFMMMF	O:ok O:ok F:ok(F=3,reclaimed=1) M:ok M:ok M:ok F:noop	ok	same	I-2.1,I-4.8,I-7.4	[0, 0]	4	0	[0, 0]	35	655360	0	0	t1@50182:released-and-isolated
F4-rot-both	N1A-any-isoAll-mem	OOFMMMM	O:ok O:ok F:ok(F=3,reclaimed=1) M:ok M:ok M:ok M:ok	ok	same	I-2.1,I-4.8,I-7.4	[0, 0]	4	0	[0, 0]	41	753664	0	0	t1@50182:released-and-isolated
F4-rot-both	N1A-any-isoAll-mem	OOFMMOF	O:ok O:ok F:ok(F=3,reclaimed=1) M:ok M:ok O:ok F:ok(F=6,reclaimed=17)	ok	same	I-2.1,I-4.8,I-7.4	[0, 0]	4	0	[0, 0]	39	753664	0	0	t1@50182:released-and-isolated
F4-rot-both	N1A-any-isoAll-mem	OOFMMMO	O:ok O:ok F:ok(F=3,reclaimed=1) M:ok M:ok M:ok O:ok	ok	same	I-2.1,I-4.8,I-7.4	[0, 0]	4	0	[0, 0]	41	786432	0	0	t1@50182:released-and-isolated
F4-rot-both	N1A-any-isoAll-mem	OOFMMOM	O:ok O:ok F:ok(F=3,reclaimed=1) M:ok M:ok O:ok M:ok	ok	same	I-2.1,I-4.8,I-7.4	[0, 0]	4	0	[0, 0]	39	753664	0	0	t1@50182:released-and-isolated
F4-rot-both	N1A-any-isoAll-mem	OOFMMOO	O:ok O:ok F:ok(F=3,reclaimed=1) M:ok M:ok O:ok O:ok	ok	same	I-2.1,I-4.8,I-7.4	[0, 0]	4	0	[0, 0]	41	819200	0	0	t1@50182:released-and-isolated
F4-rot-both	N1A-any-isoAll-mem	OOFMOFF	O:ok O:ok F:ok(F=3,reclaimed=1) M:ok O:ok F:ok(F=6,reclaimed=17) F:noop	ok	same	I-2.1,I-4.8,I-7.4	[0, 0]	4	0	[0, 0]	33	655360	0	0	t1@50182:released-and-isolated
F4-rot-both	N1A-any-isoAll-mem	OOFMOFO	O:ok O:ok F:ok(F=3,reclaimed=1) M:ok O:ok F:ok(F=6,reclaimed=17) O:ok	ok	same	I-2.1,I-4.8,I-7.4	[0, 0]	4	0	[0, 0]	39	786432	0	0	t1@50182:released-and-isolated
F4-rot-both	N1A-any-isoAll-mem	OOFMOFM	O:ok O:ok F:ok(F=3,reclaimed=1) M:ok O:ok F:ok(F=6,reclaimed=17) M:ok	ok	same	I-2.1,I-4.8,I-7.4	[0, 0]	4	0	[0, 0]	39	753664	0	0	t1@50182:released-and-isolated
F4-rot-both	N1A-any-isoAll-mem	OOFMOMF	O:ok O:ok F:ok(F=3,reclaimed=1) M:ok O:ok M:ok F:ok(F=6,reclaimed=17)	ok	same	I-2.1,I-4.8,I-7.4	[0, 0]	4	0	[0, 0]	39	753664	0	0	t1@50182:released-and-isolated
F4-rot-both	N1A-any-isoAll-mem	OOFMOOF	O:ok O:ok F:ok(F=3,reclaimed=1) M:ok O:ok O:ok F:ok(F=7,reclaimed=25)	ok	same	-	[0, 0]	4	0	[0, 0]	39	786432	0	0	t1@50182:released-and-isolated
F4-rot-both	N1A-any-isoAll-mem	OOFMOMO	O:ok O:ok F:ok(F=3,reclaimed=1) M:ok O:ok M:ok O:ok	ok	same	I-2.1,I-4.8,I-7.4	[0, 0]	4	0	[0, 0]	39	786432	0	0	t1@50182:released-and-isolated
F4-rot-both	N1A-any-isoAll-mem	OOFMOMM	O:ok O:ok F:ok(F=3,reclaimed=1) M:ok O:ok M:ok M:ok	ok	same	I-2.1,I-4.8,I-7.4	[0, 0]	4	0	[0, 0]	39	753664	0	0	t1@50182:released-and-isolated
F4-rot-both	N1A-any-isoAll-mem	OOFMOOM	O:ok O:ok F:ok(F=3,reclaimed=1) M:ok O:ok O:ok M:ok	ok	same	I-2.1,I-4.8,I-7.4	[0, 0]	4	0	[0, 0]	39	786432	0	0	t1@50182:released-and-isolated
F4-rot-both	N1A-any-isoAll-mem	OOFOFFF	O:ok O:ok F:ok(F=3,reclaimed=1) O:ok F:ok(F=6,reclaimed=17) F:noop F:noop	ok	same	I-2.1,I-4.8,I-7.4	[2, 2]	4	0	[0, 0]	27	557056	0	0	t1@50182:released-and-isolated
F4-rot-both	N1A-any-isoAll-mem	OOFMOOO	O:ok O:ok F:ok(F=3,reclaimed=1) M:ok O:ok O:ok O:ok	ok	same	I-2.1,I-4.8,I-7.4	[0, 0]	4	0	[0, 0]	41	851968	0	0	t1@50182:released-and-isolated
F4-rot-both	N1A-any-isoAll-mem	OOFOFFM	O:ok O:ok F:ok(F=3,reclaimed=1) O:ok F:ok(F=6,reclaimed=17) F:noop M:ok	ok	same	I-2.1,I-4.8,I-7.4	[0, 0]	4	0	[0, 0]	33	655360	0	0	t1@50182:released-and-isolated
F4-rot-both	N1A-any-isoAll-mem	OOFOFFO	O:ok O:ok F:ok(F=3,reclaimed=1) O:ok F:ok(F=6,reclaimed=17) F:noop O:ok	ok	same	I-2.1,I-4.8,I-7.4	[2, 2]	4	0	[0, 0]	33	688128	0	0	t1@50182:released-and-isolated
F4-rot-both	N1A-any-isoAll-mem	OOFOFMF	O:ok O:ok F:ok(F=3,reclaimed=1) O:ok F:ok(F=6,reclaimed=17) M:ok F:noop	ok	same	I-2.1,I-4.8,I-7.4	[0, 0]	4	0	[0, 0]	33	655360	0	0	t1@50182:released-and-isolated
F4-rot-both	N1A-any-isoAll-mem	OOFOFMO	O:ok O:ok F:ok(F=3,reclaimed=1) O:ok F:ok(F=6,reclaimed=17) M:ok O:ok	ok	same	I-2.1,I-4.8,I-7.4	[0, 0]	4	0	[0, 0]	39	786432	0	0	t1@50182:released-and-isolated
F4-rot-both	N1A-any-isoAll-mem	OOFOFMM	O:ok O:ok F:ok(F=3,reclaimed=1) O:ok F:ok(F=6,reclaimed=17) M:ok M:ok	ok	same	I-2.1,I-4.8,I-7.4	[0, 0]	4	0	[0, 0]	39	753664	0	0	t1@50182:released-and-isolated
F4-rot-both	N1A-any-isoAll-mem	OOFOFOF	O:ok O:ok F:ok(F=3,reclaimed=1) O:ok F:ok(F=6,reclaimed=17) O:ok F:ok(F=7,reclaimed=8)	ok	same	-	[2, 2]	4	0	[2, 2]	37	753664	0	0	t1@50182:released-and-isolated
F4-rot-both	N1A-any-isoAll-mem	OOFOFOM	O:ok O:ok F:ok(F=3,reclaimed=1) O:ok F:ok(F=6,reclaimed=17) O:ok M:ok	ok	same	I-2.1,I-4.8,I-7.4	[0, 0]	4	0	[0, 0]	37	753664	0	0	t1@50182:released-and-isolated
F4-rot-both	N1A-any-isoAll-mem	OOFOFOO	O:ok O:ok F:ok(F=3,reclaimed=1) O:ok F:ok(F=6,reclaimed=17) O:ok O:ok	ok	same	I-2.1,I-4.8,I-7.4	[2, 2]	4	0	[0, 0]	39	819200	0	0	t1@50182:released-and-isolated
F4-rot-both	N1A-any-isoAll-mem	OOFOMFF	O:ok O:ok F:ok(F=3,reclaimed=1) O:ok M:ok F:ok(F=6,reclaimed=17) F:noop	ok	same	I-2.1,I-4.8,I-7.4	[0, 0]	4	0	[0, 0]	33	655360	0	0	t1@50182:released-and-isolated
F4-rot-both	N1A-any-isoAll-mem	OOFOMFO	O:ok O:ok F:ok(F=3,reclaimed=1) O:ok M:ok F:ok(F=6,reclaimed=17) O:ok	ok	same	I-2.1,I-4.8,I-7.4	[0, 0]	4	0	[0, 0]	39	786432	0	0	t1@50182:released-and-isolated
F4-rot-both	N1A-any-isoAll-mem	OOFOMFM	O:ok O:ok F:ok(F=3,reclaimed=1) O:ok M:ok F:ok(F=6,reclaimed=17) M:ok	ok	same	I-2.1,I-4.8,I-7.4	[0, 0]	4	0	[0, 0]	39	753664	0	0	t1@50182:released-and-isolated
F4-rot-both	N1A-any-isoAll-mem	OOFOMMF	O:ok O:ok F:ok(F=3,reclaimed=1) O:ok M:ok M:ok F:ok(F=6,reclaimed=17)	ok	same	I-2.1,I-4.8,I-7.4	[0, 0]	4	0	[0, 0]	39	753664	0	0	t1@50182:released-and-isolated
F4-rot-both	N1A-any-isoAll-mem	OOFOMMM	O:ok O:ok F:ok(F=3,reclaimed=1) O:ok M:ok M:ok M:ok	ok	same	I-2.1,I-4.8,I-7.4	[0, 0]	4	0	[0, 0]	39	753664	0	0	t1@50182:released-and-isolated
F4-rot-both	N1A-any-isoAll-mem	OOFOMOF	O:ok O:ok F:ok(F=3,reclaimed=1) O:ok M:ok O:ok F:ok(F=7,reclaimed=25)	ok	same	-	[0, 0]	4	0	[0, 0]	37	753664	0	0	t1@50182:released-and-isolated
F4-rot-both	N1A-any-isoAll-mem	OOFOMMO	O:ok O:ok F:ok(F=3,reclaimed=1) O:ok M:ok M:ok O:ok	ok	same	I-2.1,I-4.8,I-7.4	[0, 0]	4	0	[0, 0]	39	786432	0	0	t1@50182:released-and-isolated
F4-rot-both	N1A-any-isoAll-mem	OOFOMOM	O:ok O:ok F:ok(F=3,reclaimed=1) O:ok M:ok O:ok M:ok	ok	same	I-2.1,I-4.8,I-7.4	[0, 0]	4	0	[0, 0]	37	753664	0	0	t1@50182:released-and-isolated
F4-rot-both	N1A-any-isoAll-mem	OOFOMOO	O:ok O:ok F:ok(F=3,reclaimed=1) O:ok M:ok O:ok O:ok	ok	same	I-2.1,I-4.8,I-7.4	[0, 0]	4	0	[0, 0]	39	819200	0	0	t1@50182:released-and-isolated
F4-rot-both	N1A-any-isoAll-mem	OOFOOFF	O:ok O:ok F:ok(F=3,reclaimed=1) O:ok O:ok F:ok(F=7,reclaimed=25) F:noop	ok	same	-	[2, 2]	4	0	[2, 2]	33	688128	0	0	t1@50182:released-and-isolated
F4-rot-both	N1A-any-isoAll-mem	OOFOOFO	O:ok O:ok F:ok(F=3,reclaimed=1) O:ok O:ok F:ok(F=7,reclaimed=25) O:ok	ok	same	-	[2, 2]	4	0	[2, 2]	39	819200	0	0	t1@50182:released-and-isolated
F4-rot-both	N1A-any-isoAll-mem	OOFOOFM	O:ok O:ok F:ok(F=3,reclaimed=1) O:ok O:ok F:ok(F=7,reclaimed=25) M:ok	ok	same	-	[0, 0]	4	0	[0, 0]	37	753664	0	0	t1@50182:released-and-isolated
F4-rot-both	N1A-any-isoAll-mem	OOFOOMF	O:ok O:ok F:ok(F=3,reclaimed=1) O:ok O:ok M:ok F:ok(F=7,reclaimed=25)	ok	same	-	[0, 0]	4	0	[0, 0]	37	753664	0	0	t1@50182:released-and-isolated
F4-rot-both	N1A-any-isoAll-mem	OOFOOOF	O:ok O:ok F:ok(F=3,reclaimed=1) O:ok O:ok O:ok F:ok(F=8,reclaimed=33)	ok	same	-	[2, 2]	4	0	[2, 2]	41	851968	0	0	t1@50182:released-and-isolated
F4-rot-both	N1A-any-isoAll-mem	OOFOOMO	O:ok O:ok F:ok(F=3,reclaimed=1) O:ok O:ok M:ok O:ok	ok	same	I-2.1,I-4.8,I-7.4	[0, 0]	4	0	[0, 0]	39	819200	0	0	t1@50182:released-and-isolated
F4-rot-both	N1A-any-isoAll-mem	OOFOOMM	O:ok O:ok F:ok(F=3,reclaimed=1) O:ok O:ok M:ok M:ok	ok	same	I-2.1,I-4.8,I-7.4	[0, 0]	4	0	[0, 0]	37	753664	0	0	t1@50182:released-and-isolated
F4-rot-both	N1A-any-isoAll-mem	OOFOOOM	O:ok O:ok F:ok(F=3,reclaimed=1) O:ok O:ok O:ok M:ok	ok	same	I-2.1,I-4.8,I-7.4	[0, 0]	4	0	[0, 0]	41	851968	0	0	t1@50182:released-and-isolated
F4-rot-both	N1A-any-isoAll-mem	OOFOOOO	O:ok O:ok F:ok(F=3,reclaimed=1) O:ok O:ok O:ok O:ok	ok	same	I-2.1,I-4.8,I-7.4	[2, 2]	4	0	[0, 0]	41	884736	0	0	t1@50182:released-and-isolated
F4-rot-both	N1A-any-isoAll-mem	OOMFFFF	O:ok O:ok M:ok F:ok(F=3,reclaimed=1) F:noop F:noop F:noop	ok	same	I-2.1,I-4.8,I-7.4	[0, 0]	4	0	[0, 0]	23	458752	0	0	t1@50182:released-and-isolated
F4-rot-both	N1A-any-isoAll-mem	OOMFFFM	O:ok O:ok M:ok F:ok(F=3,reclaimed=1) F:noop F:noop M:ok	ok	same	I-2.1,I-4.8,I-7.4	[0, 0]	4	0	[0, 0]	29	557056	0	0	t1@50182:released-and-isolated
F4-rot-both	N1A-any-isoAll-mem	OOMFFFO	O:ok O:ok M:ok F:ok(F=3,reclaimed=1) F:noop F:noop O:ok	ok	same	I-2.1,I-4.8,I-7.4	[0, 0]	4	0	[0, 0]	29	589824	0	0	t1@50182:released-and-isolated
F4-rot-both	N1A-any-isoAll-mem	OOMFFMF	O:ok O:ok M:ok F:ok(F=3,reclaimed=1) F:noop M:ok F:noop	ok	same	I-2.1,I-4.8,I-7.4	[0, 0]	4	0	[0, 0]	29	557056	0	0	t1@50182:released-and-isolated
F4-rot-both	N1A-any-isoAll-mem	OOMFFMO	O:ok O:ok M:ok F:ok(F=3,reclaimed=1) F:noop M:ok O:ok	ok	same	I-2.1,I-4.8,I-7.4	[0, 0]	4	0	[0, 0]	35	688128	0	0	t1@50182:released-and-isolated
F4-rot-both	N1A-any-isoAll-mem	OOMFFMM	O:ok O:ok M:ok F:ok(F=3,reclaimed=1) F:noop M:ok M:ok	ok	same	I-2.1,I-4.8,I-7.4	[0, 0]	4	0	[0, 0]	35	655360	0	0	t1@50182:released-and-isolated
F4-rot-both	N1A-any-isoAll-mem	OOMFFOF	O:ok O:ok M:ok F:ok(F=3,reclaimed=1) F:noop O:ok F:ok(F=6,reclaimed=17)	ok	same	I-2.1,I-4.8,I-7.4	[0, 0]	4	0	[0, 0]	33	655360	0	0	t1@50182:released-and-isolated
F4-rot-both	N1A-any-isoAll-mem	OOMFFOM	O:ok O:ok M:ok F:ok(F=3,reclaimed=1) F:noop O:ok M:ok	ok	same	I-2.1,I-4.8,I-7.4	[0, 0]	4	0	[0, 0]	33	655360	0	0	t1@50182:released-and-isolated
F4-rot-both	N1A-any-isoAll-mem	OOMFFOO	O:ok O:ok M:ok F:ok(F=3,reclaimed=1) F:noop O:ok O:ok	ok	same	I-2.1,I-4.8,I-7.4	[0, 0]	4	0	[0, 0]	35	720896	0	0	t1@50182:released-and-isolated
F4-rot-both	N1A-any-isoAll-mem	OOMFMFF	O:ok O:ok M:ok F:ok(F=3,reclaimed=1) M:ok F:noop F:noop	ok	same	I-2.1,I-4.8,I-7.4	[0, 0]	4	0	[0, 0]	29	557056	0	0	t1@50182:released-and-isolated
F4-rot-both	N1A-any-isoAll-mem	OOMFMFM	O:ok O:ok M:ok F:ok(F=3,reclaimed=1) M:ok F:noop M:ok	ok	same	I-2.1,I-4.8,I-7.4	[0, 0]	4	0	[0, 0]	35	655360	0	0	t1@50182:released-and-isolated
F4-rot-both	N1A-any-isoAll-mem	OOMFMFO	O:ok O:ok M:ok F:ok(F=3,reclaimed=1) M:ok F:noop O:ok	ok	same	I-2.1,I-4.8,I-7.4	[0, 0]	4	0	[0, 0]	35	688128	0	0	t1@50182:released-and-isolated
F4-rot-both	N1A-any-isoAll-mem	OOMFMMF	O:ok O:ok M:ok F:ok(F=3,reclaimed=1) M:ok M:ok F:noop	ok	same	I-2.1,I-4.8,I-7.4	[0, 0]	4	0	[0, 0]	35	655360	0	0	t1@50182:released-and-isolated
F4-rot-both	N1A-any-isoAll-mem	OOMFMMO	O:ok O:ok M:ok F:ok(F=3,reclaimed=1) M:ok M:ok O:ok	ok	same	I-2.1,I-4.8,I-7.4	[0, 0]	4	0	[0, 0]	41	786432	0	0	t1@50182:released-and-isolated
F4-rot-both	N1A-any-isoAll-mem	OOMFMMM	O:ok O:ok M:ok F:ok(F=3,reclaimed=1) M:ok M:ok M:ok	ok	same	I-2.1,I-4.8,I-7.4	[0, 0]	4	0	[0, 0]	41	753664	0	0	t1@50182:released-and-isolated
F4-rot-both	N1A-any-isoAll-mem	OOMFMOF	O:ok O:ok M:ok F:ok(F=3,reclaimed=1) M:ok O:ok F:ok(F=6,reclaimed=17)	ok	same	I-2.1,I-4.8,I-7.4	[0, 0]	4	0	[0, 0]	39	753664	0	0	t1@50182:released-and-isolated
F4-rot-both	N1A-any-isoAll-mem	OOMFOFF	O:ok O:ok M:ok F:ok(F=3,reclaimed=1) O:ok F:ok(F=6,reclaimed=17) F:noop	ok	same	I-2.1,I-4.8,I-7.4	[0, 0]	4	0	[0, 0]	33	655360	0	0	t1@50182:released-and-isolated
F4-rot-both	N1A-any-isoAll-mem	OOMFMOO	O:ok O:ok M:ok F:ok(F=3,reclaimed=1) M:ok O:ok O:ok	ok	same	I-2.1,I-4.8,I-7.4	[0, 0]	4	0	[0, 0]	41	819200	0	0	t1@50182:released-and-isolated
F4-rot-both	N1A-any-isoAll-mem	OOMFMOM	O:ok O:ok M:ok F:ok(F=3,reclaimed=1) M:ok O:ok M:ok	ok	same	I-2.1,I-4.8,I-7.4	[0, 0]	4	0	[0, 0]	39	753664	0	0	t1@50182:released-and-isolated
F4-rot-both	N1A-any-isoAll-mem	OOMFOFM	O:ok O:ok M:ok F:ok(F=3,reclaimed=1) O:ok F:ok(F=6,reclaimed=17) M:ok	ok	same	I-2.1,I-4.8,I-7.4	[0, 0]	4	0	[0, 0]	39	753664	0	0	t1@50182:released-and-isolated
F4-rot-both	N1A-any-isoAll-mem	OOMFOFO	O:ok O:ok M:ok F:ok(F=3,reclaimed=1) O:ok F:ok(F=6,reclaimed=17) O:ok	ok	same	I-2.1,I-4.8,I-7.4	[0, 0]	4	0	[0, 0]	39	786432	0	0	t1@50182:released-and-isolated
F4-rot-both	N1A-any-isoAll-mem	OOMFOMF	O:ok O:ok M:ok F:ok(F=3,reclaimed=1) O:ok M:ok F:ok(F=6,reclaimed=17)	ok	same	I-2.1,I-4.8,I-7.4	[0, 0]	4	0	[0, 0]	39	753664	0	0	t1@50182:released-and-isolated
F4-rot-both	N1A-any-isoAll-mem	OOMFOMM	O:ok O:ok M:ok F:ok(F=3,reclaimed=1) O:ok M:ok M:ok	ok	same	I-2.1,I-4.8,I-7.4	[0, 0]	4	0	[0, 0]	39	753664	0	0	t1@50182:released-and-isolated
F4-rot-both	N1A-any-isoAll-mem	OOMFOMO	O:ok O:ok M:ok F:ok(F=3,reclaimed=1) O:ok M:ok O:ok	ok	same	I-2.1,I-4.8,I-7.4	[0, 0]	4	0	[0, 0]	39	786432	0	0	t1@50182:released-and-isolated
F4-rot-both	N1A-any-isoAll-mem	OOMFOOF	O:ok O:ok M:ok F:ok(F=3,reclaimed=1) O:ok O:ok F:ok(F=7,reclaimed=25)	ok	same	-	[0, 0]	4	0	[0, 0]	39	786432	0	0	t1@50182:released-and-isolated
F4-rot-both	N1A-any-isoAll-mem	OOMFOOM	O:ok O:ok M:ok F:ok(F=3,reclaimed=1) O:ok O:ok M:ok	ok	same	I-2.1,I-4.8,I-7.4	[0, 0]	4	0	[0, 0]	39	786432	0	0	t1@50182:released-and-isolated
F4-rot-both	N1A-any-isoAll-mem	OOMFOOO	O:ok O:ok M:ok F:ok(F=3,reclaimed=1) O:ok O:ok O:ok	ok	same	I-2.1,I-4.8,I-7.4	[0, 0]	4	0	[0, 0]	41	851968	0	0	t1@50182:released-and-isolated
F4-rot-both	N1A-any-isoAll-mem	OOMMFFF	O:ok O:ok M:ok M:ok F:ok(F=3,reclaimed=1) F:noop F:noop	ok	same	I-2.1,I-4.8,I-7.4	[0, 0]	4	0	[0, 0]	29	557056	0	0	t1@50182:released-and-isolated
F4-rot-both	N1A-any-isoAll-mem	OOMMFFM	O:ok O:ok M:ok M:ok F:ok(F=3,reclaimed=1) F:noop M:ok	ok	same	I-2.1,I-4.8,I-7.4	[0, 0]	4	0	[0, 0]	35	655360	0	0	t1@50182:released-and-isolated
F4-rot-both	N1A-any-isoAll-mem	OOMMFFO	O:ok O:ok M:ok M:ok F:ok(F=3,reclaimed=1) F:noop O:ok	ok	same	I-2.1,I-4.8,I-7.4	[0, 0]	4	0	[0, 0]	35	688128	0	0	t1@50182:released-and-isolated
F4-rot-both	N1A-any-isoAll-mem	OOMMFMF	O:ok O:ok M:ok M:ok F:ok(F=3,reclaimed=1) M:ok F:noop	ok	same	I-2.1,I-4.8,I-7.4	[0, 0]	4	0	[0, 0]	35	655360	0	0	t1@50182:released-and-isolated
F4-rot-both	N1A-any-isoAll-mem	OOMMFMM	O:ok O:ok M:ok M:ok F:ok(F=3,reclaimed=1) M:ok M:ok	ok	same	I-2.1,I-4.8,I-7.4	[0, 0]	4	0	[0, 0]	41	753664	0	0	t1@50182:released-and-isolated
F4-rot-both	N1A-any-isoAll-mem	OOMMFMO	O:ok O:ok M:ok M:ok F:ok(F=3,reclaimed=1) M:ok O:ok	ok	same	I-2.1,I-4.8,I-7.4	[0, 0]	4	0	[0, 0]	41	786432	0	0	t1@50182:released-and-isolated
F4-rot-both	N1A-any-isoAll-mem	OOMMFOF	O:ok O:ok M:ok M:ok F:ok(F=3,reclaimed=1) O:ok F:ok(F=6,reclaimed=17)	ok	same	I-2.1,I-4.8,I-7.4	[0, 0]	4	0	[0, 0]	39	753664	0	0	t1@50182:released-and-isolated
F4-rot-both	N1A-any-isoAll-mem	OOMMFOO	O:ok O:ok M:ok M:ok F:ok(F=3,reclaimed=1) O:ok O:ok	ok	same	I-2.1,I-4.8,I-7.4	[0, 0]	4	0	[0, 0]	41	819200	0	0	t1@50182:released-and-isolated
F4-rot-both	N1A-any-isoAll-mem	OOMMFOM	O:ok O:ok M:ok M:ok F:ok(F=3,reclaimed=1) O:ok M:ok	ok	same	I-2.1,I-4.8,I-7.4	[0, 0]	4	0	[0, 0]	39	753664	0	0	t1@50182:released-and-isolated
F4-rot-both	N1A-any-isoAll-mem	OOMMMFF	O:ok O:ok M:ok M:ok M:ok F:ok(F=3,reclaimed=1) F:noop	ok	same	I-2.1,I-4.8,I-7.4	[0, 0]	4	0	[0, 0]	35	655360	0	0	t1@50182:released-and-isolated
F4-rot-both	N1A-any-isoAll-mem	OOMMMFM	O:ok O:ok M:ok M:ok M:ok F:ok(F=3,reclaimed=1) M:ok	ok	same	I-2.1,I-4.8,I-7.4	[0, 0]	4	0	[0, 0]	41	753664	0	0	t1@50182:released-and-isolated
F4-rot-both	N1A-any-isoAll-mem	OOMMMFO	O:ok O:ok M:ok M:ok M:ok F:ok(F=3,reclaimed=1) O:ok	ok	same	I-2.1,I-4.8,I-7.4	[0, 0]	4	0	[0, 0]	41	786432	0	0	t1@50182:released-and-isolated
F4-rot-both	N1A-any-isoAll-mem	OOMMMMF	O:ok O:ok M:ok M:ok M:ok M:ok F:ok(F=3,reclaimed=1)	ok	same	I-2.1,I-4.8,I-7.4	[0, 0]	4	0	[0, 0]	41	753664	0	0	t1@50182:released-and-isolated
F4-rot-both	N1A-any-isoAll-mem	OOMMMMM	O:ok O:ok M:ok M:ok M:ok M:ok M:ok	ok	same	I-2.1,I-4.8,I-7.4	[0, 0]	4	0	[0, 0]	41	753664	0	0	t1@50182:released-and-isolated
F4-rot-both	N1A-any-isoAll-mem	OOMMMOF	O:ok O:ok M:ok M:ok M:ok O:ok F:ok(F=6,reclaimed=18)	ok	same	I-2.1,I-4.8,I-7.4	[0, 0]	4	0	[0, 0]	39	753664	0	0	t1@50182:released-and-isolated
F4-rot-both	N1A-any-isoAll-mem	OOMMMMO	O:ok O:ok M:ok M:ok M:ok M:ok O:ok	ok	same	I-2.1,I-4.8,I-7.4	[0, 0]	4	0	[0, 0]	41	786432	0	0	t1@50182:released-and-isolated
F4-rot-both	N1A-any-isoAll-mem	OOMMMOM	O:ok O:ok M:ok M:ok M:ok O:ok M:ok	ok	same	I-2.1,I-4.8,I-7.4	[0, 0]	4	0	[0, 0]	39	753664	0	0	t1@50182:released-and-isolated
F4-rot-both	N1A-any-isoAll-mem	OOMMMOO	O:ok O:ok M:ok M:ok M:ok O:ok O:ok	ok	same	I-2.1,I-4.8,I-7.4	[0, 0]	4	0	[0, 0]	41	819200	0	0	t1@50182:released-and-isolated
F4-rot-both	N1A-any-isoAll-mem	OOMMOFF	O:ok O:ok M:ok M:ok O:ok F:ok(F=6,reclaimed=18) F:noop	ok	same	I-2.1,I-4.8,I-7.4	[0, 0]	4	0	[0, 0]	33	655360	0	0	t1@50182:released-and-isolated
F4-rot-both	N1A-any-isoAll-mem	OOMMOFO	O:ok O:ok M:ok M:ok O:ok F:ok(F=6,reclaimed=18) O:ok	ok	same	I-2.1,I-4.8,I-7.4	[0, 0]	4	0	[0, 0]	39	786432	0	0	t1@50182:released-and-isolated
F4-rot-both	N1A-any-isoAll-mem	OOMMOFM	O:ok O:ok M:ok M:ok O:ok F:ok(F=6,reclaimed=18) M:ok	ok	same	I-2.1,I-4.8,I-7.4	[0, 0]	4	0	[0, 0]	39	753664	0	0	t1@50182:released-and-isolated
F4-rot-both	N1A-any-isoAll-mem	OOMMOMF	O:ok O:ok M:ok M:ok O:ok M:ok F:ok(F=6,reclaimed=18)	ok	same	I-2.1,I-4.8,I-7.4	[0, 0]	4	0	[0, 0]	39	753664	0	0	t1@50182:released-and-isolated
F4-rot-both	N1A-any-isoAll-mem	OOMMOOF	O:ok O:ok M:ok M:ok O:ok O:ok F:ok(F=7,reclaimed=26)	ok	same	-	[0, 0]	4	0	[0, 0]	39	786432	0	0	t1@50182:released-and-isolated
F4-rot-both	N1A-any-isoAll-mem	OOMMOMO	O:ok O:ok M:ok M:ok O:ok M:ok O:ok	ok	same	I-2.1,I-4.8,I-7.4	[0, 0]	4	0	[0, 0]	39	786432	0	0	t1@50182:released-and-isolated
F4-rot-both	N1A-any-isoAll-mem	OOMMOMM	O:ok O:ok M:ok M:ok O:ok M:ok M:ok	ok	same	I-2.1,I-4.8,I-7.4	[0, 0]	4	0	[0, 0]	39	753664	0	0	t1@50182:released-and-isolated
F4-rot-both	N1A-any-isoAll-mem	OOMMOOM	O:ok O:ok M:ok M:ok O:ok O:ok M:ok	ok	same	I-2.1,I-4.8,I-7.4	[0, 0]	4	0	[0, 0]	39	786432	0	0	t1@50182:released-and-isolated
F4-rot-both	N1A-any-isoAll-mem	OOMOFFF	O:ok O:ok M:ok O:ok F:ok(F=6,reclaimed=18) F:noop F:noop	ok	same	I-2.1,I-4.8,I-7.4	[0, 0]	4	0	[0, 0]	27	557056	0	0	t1@50182:released-and-isolated
F4-rot-both	N1A-any-isoAll-mem	OOMMOOO	O:ok O:ok M:ok M:ok O:ok O:ok O:ok	ok	same	I-2.1,I-4.8,I-7.4	[0, 0]	4	0	[0, 0]	41	851968	0	0	t1@50182:released-and-isolated
F4-rot-both	N1A-any-isoAll-mem	OOMOFFM	O:ok O:ok M:ok O:ok F:ok(F=6,reclaimed=18) F:noop M:ok	ok	same	I-2.1,I-4.8,I-7.4	[0, 0]	4	0	[0, 0]	33	655360	0	0	t1@50182:released-and-isolated
F4-rot-both	N1A-any-isoAll-mem	OOMOFFO	O:ok O:ok M:ok O:ok F:ok(F=6,reclaimed=18) F:noop O:ok	ok	same	I-2.1,I-4.8,I-7.4	[0, 0]	4	0	[0, 0]	33	688128	0	0	t1@50182:released-and-isolated
F4-rot-both	N1A-any-isoAll-mem	OOMOFMF	O:ok O:ok M:ok O:ok F:ok(F=6,reclaimed=18) M:ok F:noop	ok	same	I-2.1,I-4.8,I-7.4	[0, 0]	4	0	[0, 0]	33	655360	0	0	t1@50182:released-and-isolated
F4-rot-both	N1A-any-isoAll-mem	OOMOFMO	O:ok O:ok M:ok O:ok F:ok(F=6,reclaimed=18) M:ok O:ok	ok	same	I-2.1,I-4.8,I-7.4	[0, 0]	4	0	[0, 0]	39	786432	0	0	t1@50182:released-and-isolated
F4-rot-both	N1A-any-isoAll-mem	OOMOFMM	O:ok O:ok M:ok O:ok F:ok(F=6,reclaimed=18) M:ok M:ok	ok	same	I-2.1,I-4.8,I-7.4	[0, 0]	4	0	[0, 0]	39	753664	0	0	t1@50182:released-and-isolated
F4-rot-both	N1A-any-isoAll-mem	OOMOFOF	O:ok O:ok M:ok O:ok F:ok(F=6,reclaimed=18) O:ok F:ok(F=7,reclaimed=8)	ok	same	-	[0, 0]	4	0	[0, 0]	37	753664	0	0	t1@50182:released-and-isolated
F4-rot-both	N1A-any-isoAll-mem	OOMOFOO	O:ok O:ok M:ok O:ok F:ok(F=6,reclaimed=18) O:ok O:ok	ok	same	I-2.1,I-4.8,I-7.4	[0, 0]	4	0	[0, 0]	39	819200	0	0	t1@50182:released-and-isolated
F4-rot-both	N1A-any-isoAll-mem	OOMOFOM	O:ok O:ok M:ok O:ok F:ok(F=6,reclaimed=18) O:ok M:ok	ok	same	I-2.1,I-4.8,I-7.4	[0, 0]	4	0	[0, 0]	37	753664	0	0	t1@50182:released-and-isolated
F4-rot-both	N1A-any-isoAll-mem	OOMOMFF	O:ok O:ok M:ok O:ok M:ok F:ok(F=6,reclaimed=18) F:noop	ok	same	I-2.1,I-4.8,I-7.4	[0, 0]	4	0	[0, 0]	33	655360	0	0	t1@50182:released-and-isolated
F4-rot-both	N1A-any-isoAll-mem	OOMOMFM	O:ok O:ok M:ok O:ok M:ok F:ok(F=6,reclaimed=18) M:ok	ok	same	I-2.1,I-4.8,I-7.4	[0, 0]	4	0	[0, 0]	39	753664	0	0	t1@50182:released-and-isolated
F4-rot-both	N1A-any-isoAll-mem	OOMOMFO	O:ok O:ok M:ok O:ok M:ok F:ok(F=6,reclaimed=18) O:ok	ok	same	I-2.1,I-4.8,I-7.4	[0, 0]	4	0	[0, 0]	39	786432	0	0	t1@50182:released-and-isolated
F4-rot-both	N1A-any-isoAll-mem	OOMOMMF	O:ok O:ok M:ok O:ok M:ok M:ok F:ok(F=6,reclaimed=18)	ok	same	I-2.1,I-4.8,I-7.4	[0, 0]	4	0	[0, 0]	39	753664	0	0	t1@50182:released-and-isolated
F4-rot-both	N1A-any-isoAll-mem	OOMOMMM	O:ok O:ok M:ok O:ok M:ok M:ok M:ok	ok	same	I-2.1,I-4.8,I-7.4	[0, 0]	4	0	[0, 0]	39	753664	0	0	t1@50182:released-and-isolated
F4-rot-both	N1A-any-isoAll-mem	OOMOMMO	O:ok O:ok M:ok O:ok M:ok M:ok O:ok	ok	same	I-2.1,I-4.8,I-7.4	[0, 0]	4	0	[0, 0]	39	786432	0	0	t1@50182:released-and-isolated
F4-rot-both	N1A-any-isoAll-mem	OOMOMOF	O:ok O:ok M:ok O:ok M:ok O:ok F:ok(F=7,reclaimed=26)	ok	same	-	[0, 0]	4	0	[0, 0]	37	753664	0	0	t1@50182:released-and-isolated
F4-rot-both	N1A-any-isoAll-mem	OOMOOFF	O:ok O:ok M:ok O:ok O:ok F:ok(F=7,reclaimed=26) F:noop	ok	same	-	[0, 0]	4	0	[0, 0]	33	688128	0	0	t1@50182:released-and-isolated
F4-rot-both	N1A-any-isoAll-mem	OOMOMOO	O:ok O:ok M:ok O:ok M:ok O:ok O:ok	ok	same	I-2.1,I-4.8,I-7.4	[0, 0]	4	0	[0, 0]	39	819200	0	0	t1@50182:released-and-isolated
F4-rot-both	N1A-any-isoAll-mem	OOMOMOM	O:ok O:ok M:ok O:ok M:ok O:ok M:ok	ok	same	I-2.1,I-4.8,I-7.4	[0, 0]	4	0	[0, 0]	37	753664	0	0	t1@50182:released-and-isolated
F4-rot-both	N1A-any-isoAll-mem	OOMOOFO	O:ok O:ok M:ok O:ok O:ok F:ok(F=7,reclaimed=26) O:ok	ok	same	-	[0, 0]	4	0	[0, 0]	39	819200	0	0	t1@50182:released-and-isolated
F4-rot-both	N1A-any-isoAll-mem	OOMOOFM	O:ok O:ok M:ok O:ok O:ok F:ok(F=7,reclaimed=26) M:ok	ok	same	-	[0, 0]	4	0	[0, 0]	37	753664	0	0	t1@50182:released-and-isolated
F4-rot-both	N1A-any-isoAll-mem	OOMOOMF	O:ok O:ok M:ok O:ok O:ok M:ok F:ok(F=7,reclaimed=26)	ok	same	-	[0, 0]	4	0	[0, 0]	37	753664	0	0	t1@50182:released-and-isolated
F4-rot-both	N1A-any-isoAll-mem	OOMOOMM	O:ok O:ok M:ok O:ok O:ok M:ok M:ok	ok	same	I-2.1,I-4.8,I-7.4	[0, 0]	4	0	[0, 0]	37	753664	0	0	t1@50182:released-and-isolated
F4-rot-both	N1A-any-isoAll-mem	OOMOOOF	O:ok O:ok M:ok O:ok O:ok O:ok F:ok(F=8,reclaimed=34)	ok	same	-	[0, 0]	4	0	[0, 0]	41	851968	0	0	t1@50182:released-and-isolated
F4-rot-both	N1A-any-isoAll-mem	OOMOOMO	O:ok O:ok M:ok O:ok O:ok M:ok O:ok	ok	same	I-2.1,I-4.8,I-7.4	[0, 0]	4	0	[0, 0]	39	819200	0	0	t1@50182:released-and-isolated
F4-rot-both	N1A-any-isoAll-mem	OOMOOOO	O:ok O:ok M:ok O:ok O:ok O:ok O:ok	ok	same	I-2.1,I-4.8,I-7.4	[0, 0]	4	0	[0, 0]	41	884736	0	0	t1@50182:released-and-isolated
F4-rot-both	N1A-any-isoAll-mem	OOMOOOM	O:ok O:ok M:ok O:ok O:ok O:ok M:ok	ok	same	I-2.1,I-4.8,I-7.4	[0, 0]	4	0	[0, 0]	41	851968	0	0	t1@50182:released-and-isolated
F4-rot-both	N1A-any-isoAll-mem	OOOFFFF	O:ok O:ok O:ok F:ok(F=6,reclaimed=18) F:noop F:noop F:noop	ok	same	I-2.1,I-4.8,I-7.4	[2, 2]	4	0	[0, 0]	23	491520	0	0	t1@50182:released-and-isolated
F4-rot-both	N1A-any-isoAll-mem	OOOFFFM	O:ok O:ok O:ok F:ok(F=6,reclaimed=18) F:noop F:noop M:ok	ok	same	I-2.1,I-4.8,I-7.4	[0, 0]	4	0	[0, 0]	27	557056	0	0	t1@50182:released-and-isolated
F4-rot-both	N1A-any-isoAll-mem	OOOFFFO	O:ok O:ok O:ok F:ok(F=6,reclaimed=18) F:noop F:noop O:ok	ok	same	I-2.1,I-4.8,I-7.4	[2, 2]	4	0	[0, 0]	29	622592	0	0	t1@50182:released-and-isolated
F4-rot-both	N1A-any-isoAll-mem	OOOFFMF	O:ok O:ok O:ok F:ok(F=6,reclaimed=18) F:noop M:ok F:noop	ok	same	I-2.1,I-4.8,I-7.4	[0, 0]	4	0	[0, 0]	27	557056	0	0	t1@50182:released-and-isolated
F4-rot-both	N1A-any-isoAll-mem	OOOFFMM	O:ok O:ok O:ok F:ok(F=6,reclaimed=18) F:noop M:ok M:ok	ok	same	I-2.1,I-4.8,I-7.4	[0, 0]	4	0	[0, 0]	33	655360	0	0	t1@50182:released-and-isolated
F4-rot-both	N1A-any-isoAll-mem	OOOFFMO	O:ok O:ok O:ok F:ok(F=6,reclaimed=18) F:noop M:ok O:ok	ok	same	I-2.1,I-4.8,I-7.4	[0, 0]	4	0	[0, 0]	33	688128	0	0	t1@50182:released-and-isolated
F4-rot-both	N1A-any-isoAll-mem	OOOFFOF	O:ok O:ok O:ok F:ok(F=6,reclaimed=18) F:noop O:ok F:ok(F=7,reclaimed=8)	ok	same	-	[2, 2]	4	0	[2, 2]	33	688128	0	0	t1@50182:released-and-isolated
F4-rot-both	N1A-any-isoAll-mem	OOOFFOM	O:ok O:ok O:ok F:ok(F=6,reclaimed=18) F:noop O:ok M:ok	ok	same	I-2.1,I-4.8,I-7.4	[0, 0]	4	0	[0, 0]	33	688128	0	0	t1@50182:released-and-isolated
F4-rot-both	N1A-any-isoAll-mem	OOOFFOO	O:ok O:ok O:ok F:ok(F=6,reclaimed=18) F:noop O:ok O:ok	ok	same	I-2.1,I-4.8,I-7.4	[2, 2]	4	0	[0, 0]	35	753664	0	0	t1@50182:released-and-isolated
F4-rot-both	N1A-any-isoAll-mem	OOOFMFF	O:ok O:ok O:ok F:ok(F=6,reclaimed=18) M:ok F:noop F:noop	ok	same	I-2.1,I-4.8,I-7.4	[0, 0]	4	0	[0, 0]	27	557056	0	0	t1@50182:released-and-isolated
F4-rot-both	N1A-any-isoAll-mem	OOOFMFM	O:ok O:ok O:ok F:ok(F=6,reclaimed=18) M:ok F:noop M:ok	ok	same	I-2.1,I-4.8,I-7.4	[0, 0]	4	0	[0, 0]	33	655360	0	0	t1@50182:released-and-isolated
F4-rot-both	N1A-any-isoAll-mem	OOOFMFO	O:ok O:ok O:ok F:ok(F=6,reclaimed=18) M:ok F:noop O:ok	ok	same	I-2.1,I-4.8,I-7.4	[0, 0]	4	0	[0, 0]	33	688128	0	0	t1@50182:released-and-isolated
F4-rot-both	N1A-any-isoAll-mem	OOOFMMF	O:ok O:ok O:ok F:ok(F=6,reclaimed=18) M:ok M:ok F:noop	ok	same	I-2.1,I-4.8,I-7.4	[0, 0]	4	0	[0, 0]	33	655360	0	0	t1@50182:released-and-isolated
F4-rot-both	N1A-any-isoAll-mem	OOOFMMM	O:ok O:ok O:ok F:ok(F=6,reclaimed=18) M:ok M:ok M:ok	ok	same	I-2.1,I-4.8,I-7.4	[0, 0]	4	0	[0, 0]	39	753664	0	0	t1@50182:released-and-isolated
F4-rot-both	N1A-any-isoAll-mem	OOOFMMO	O:ok O:ok O:ok F:ok(F=6,reclaimed=18) M:ok M:ok O:ok	ok	same	I-2.1,I-4.8,I-7.4	[0, 0]	4	0	[0, 0]	39	786432	0	0	t1@50182:released-and-isolated
F4-rot-both	N1A-any-isoAll-mem	OOOFMOF	O:ok O:ok O:ok F:ok(F=6,reclaimed=18) M:ok O:ok F:ok(F=7,reclaimed=8)	ok	same	-	[0, 0]	4	0	[0, 0]	37	753664	0	0	t1@50182:released-and-isolated
F4-rot-both	N1A-any-isoAll-mem	OOOFMOM	O:ok O:ok O:ok F:ok(F=6,reclaimed=18) M:ok O:ok M:ok	ok	same	I-2.1,I-4.8,I-7.4	[0, 0]	4	0	[0, 0]	37	753664	0	0	t1@50182:released-and-isolated
F4-rot-both	N1A-any-isoAll-mem	OOOFOFF	O:ok O:ok O:ok F:ok(F=6,reclaimed=18) O:ok F:ok(F=7,reclaimed=8) F:noop	ok	same	-	[2, 2]	4	0	[2, 2]	33	688128	0	0	t1@50182:released-and-isolated
F4-rot-both	N1A-any-isoAll-mem	OOOFMOO	O:ok O:ok O:ok F:ok(F=6,reclaimed=18) M:ok O:ok O:ok	ok	same	I-2.1,I-4.8,I-7.4	[0, 0]	4	0	[0, 0]	39	819200	0	0	t1@50182:released-and-isolated
F4-rot-both	N1A-any-isoAll-mem	OOOFOFM	O:ok O:ok O:ok F:ok(F=6,reclaimed=18) O:ok F:ok(F=7,reclaimed=8) M:ok	ok	same	-	[0, 0]	4	0	[0, 0]	37	753664	0	0	t1@50182:released-and-isolated
F4-rot-both	N1A-any-isoAll-mem	OOOFOFO	O:ok O:ok O:ok F:ok(F=6,reclaimed=18) O:ok F:ok(F=7,reclaimed=8) O:ok	ok	same	-	[2, 2]	4	0	[2, 2]	39	819200	0	0	t1@50182:released-and-isolated
F4-rot-both	N1A-any-isoAll-mem	OOOFOMF	O:ok O:ok O:ok F:ok(F=6,reclaimed=18) O:ok M:ok F:ok(F=7,reclaimed=8)	ok	same	-	[0, 0]	4	0	[0, 0]	37	753664	0	0	t1@50182:released-and-isolated
F4-rot-both	N1A-any-isoAll-mem	OOOFOOF	O:ok O:ok O:ok F:ok(F=6,reclaimed=18) O:ok O:ok F:ok(F=8,reclaimed=16)	ok	same	-	[2, 2]	4	0	[2, 2]	41	851968	0	0	t1@50182:released-and-isolated
F4-rot-both	N1A-any-isoAll-mem	OOOFOMO	O:ok O:ok O:ok F:ok(F=6,reclaimed=18) O:ok M:ok O:ok	ok	same	I-2.1,I-4.8,I-7.4	[0, 0]	4	0	[0, 0]	39	819200	0	0	t1@50182:released-and-isolated
F4-rot-both	N1A-any-isoAll-mem	OOOFOMM	O:ok O:ok O:ok F:ok(F=6,reclaimed=18) O:ok M:ok M:ok	ok	same	I-2.1,I-4.8,I-7.4	[0, 0]	4	0	[0, 0]	37	753664	0	0	t1@50182:released-and-isolated
F4-rot-both	N1A-any-isoAll-mem	OOOFOOO	O:ok O:ok O:ok F:ok(F=6,reclaimed=18) O:ok O:ok O:ok	ok	same	I-2.1,I-4.8,I-7.4	[2, 2]	4	0	[0, 0]	41	884736	0	0	t1@50182:released-and-isolated
F4-rot-both	N1A-any-isoAll-mem	OOOFOOM	O:ok O:ok O:ok F:ok(F=6,reclaimed=18) O:ok O:ok M:ok	ok	same	I-2.1,I-4.8,I-7.4	[0, 0]	4	0	[0, 0]	41	851968	0	0	t1@50182:released-and-isolated
F4-rot-both	N1A-any-isoAll-mem	OOOMFFF	O:ok O:ok O:ok M:ok F:ok(F=6,reclaimed=18) F:noop F:noop	ok	same	I-2.1,I-4.8,I-7.4	[0, 0]	4	0	[0, 0]	27	557056	0	0	t1@50182:released-and-isolated
F4-rot-both	N1A-any-isoAll-mem	OOOMFFM	O:ok O:ok O:ok M:ok F:ok(F=6,reclaimed=18) F:noop M:ok	ok	same	I-2.1,I-4.8,I-7.4	[0, 0]	4	0	[0, 0]	33	655360	0	0	t1@50182:released-and-isolated
F4-rot-both	N1A-any-isoAll-mem	OOOMFFO	O:ok O:ok O:ok M:ok F:ok(F=6,reclaimed=18) F:noop O:ok	ok	same	I-2.1,I-4.8,I-7.4	[0, 0]	4	0	[0, 0]	33	688128	0	0	t1@50182:released-and-isolated
F4-rot-both	N1A-any-isoAll-mem	OOOMFMF	O:ok O:ok O:ok M:ok F:ok(F=6,reclaimed=18) M:ok F:noop	ok	same	I-2.1,I-4.8,I-7.4	[0, 0]	4	0	[0, 0]	33	655360	0	0	t1@50182:released-and-isolated
F4-rot-both	N1A-any-isoAll-mem	OOOMFMO	O:ok O:ok O:ok M:ok F:ok(F=6,reclaimed=18) M:ok O:ok	ok	same	I-2.1,I-4.8,I-7.4	[0, 0]	4	0	[0, 0]	39	786432	0	0	t1@50182:released-and-isolated
F4-rot-both	N1A-any-isoAll-mem	OOOMFMM	O:ok O:ok O:ok M:ok F:ok(F=6,reclaimed=18) M:ok M:ok	ok	same	I-2.1,I-4.8,I-7.4	[0, 0]	4	0	[0, 0]	39	753664	0	0	t1@50182:released-and-isolated
F4-rot-both	N1A-any-isoAll-mem	OOOMFOF	O:ok O:ok O:ok M:ok F:ok(F=6,reclaimed=18) O:ok F:ok(F=7,reclaimed=8)	ok	same	-	[0, 0]	4	0	[0, 0]	37	753664	0	0	t1@50182:released-and-isolated
F4-rot-both	N1A-any-isoAll-mem	OOOMFOO	O:ok O:ok O:ok M:ok F:ok(F=6,reclaimed=18) O:ok O:ok	ok	same	I-2.1,I-4.8,I-7.4	[0, 0]	4	0	[0, 0]	39	819200	0	0	t1@50182:released-and-isolated
F4-rot-both	N1A-any-isoAll-mem	OOOMFOM	O:ok O:ok O:ok M:ok F:ok(F=6,reclaimed=18) O:ok M:ok	ok	same	I-2.1,I-4.8,I-7.4	[0, 0]	4	0	[0, 0]	37	753664	0	0	t1@50182:released-and-isolated
F4-rot-both	N1A-any-isoAll-mem	OOOMMFF	O:ok O:ok O:ok M:ok M:ok F:ok(F=6,reclaimed=18) F:noop	ok	same	I-2.1,I-4.8,I-7.4	[0, 0]	4	0	[0, 0]	33	655360	0	0	t1@50182:released-and-isolated
F4-rot-both	N1A-any-isoAll-mem	OOOMMFM	O:ok O:ok O:ok M:ok M:ok F:ok(F=6,reclaimed=18) M:ok	ok	same	I-2.1,I-4.8,I-7.4	[0, 0]	4	0	[0, 0]	39	753664	0	0	t1@50182:released-and-isolated
F4-rot-both	N1A-any-isoAll-mem	OOOMMFO	O:ok O:ok O:ok M:ok M:ok F:ok(F=6,reclaimed=18) O:ok	ok	same	I-2.1,I-4.8,I-7.4	[0, 0]	4	0	[0, 0]	39	786432	0	0	t1@50182:released-and-isolated
F4-rot-both	N1A-any-isoAll-mem	OOOMMMF	O:ok O:ok O:ok M:ok M:ok M:ok F:ok(F=6,reclaimed=18)	ok	same	I-2.1,I-4.8,I-7.4	[0, 0]	4	0	[0, 0]	39	753664	0	0	t1@50182:released-and-isolated
F4-rot-both	N1A-any-isoAll-mem	OOOMMMM	O:ok O:ok O:ok M:ok M:ok M:ok M:ok	ok	same	I-2.1,I-4.8,I-7.4	[0, 0]	4	0	[0, 0]	39	753664	0	0	t1@50182:released-and-isolated
F4-rot-both	N1A-any-isoAll-mem	OOOMMOF	O:ok O:ok O:ok M:ok M:ok O:ok F:ok(F=7,reclaimed=26)	ok	same	-	[0, 0]	4	0	[0, 0]	37	753664	0	0	t1@50182:released-and-isolated
F4-rot-both	N1A-any-isoAll-mem	OOOMMMO	O:ok O:ok O:ok M:ok M:ok M:ok O:ok	ok	same	I-2.1,I-4.8,I-7.4	[0, 0]	4	0	[0, 0]	39	786432	0	0	t1@50182:released-and-isolated
F4-rot-both	N1A-any-isoAll-mem	OOOMMOO	O:ok O:ok O:ok M:ok M:ok O:ok O:ok	ok	same	I-2.1,I-4.8,I-7.4	[0, 0]	4	0	[0, 0]	39	819200	0	0	t1@50182:released-and-isolated
F4-rot-both	N1A-any-isoAll-mem	OOOMMOM	O:ok O:ok O:ok M:ok M:ok O:ok M:ok	ok	same	I-2.1,I-4.8,I-7.4	[0, 0]	4	0	[0, 0]	37	753664	0	0	t1@50182:released-and-isolated
F4-rot-both	N1A-any-isoAll-mem	OOOMOFF	O:ok O:ok O:ok M:ok O:ok F:ok(F=7,reclaimed=26) F:noop	ok	same	-	[0, 0]	4	0	[0, 0]	33	688128	0	0	t1@50182:released-and-isolated
F4-rot-both	N1A-any-isoAll-mem	OOOMOFO	O:ok O:ok O:ok M:ok O:ok F:ok(F=7,reclaimed=26) O:ok	ok	same	-	[0, 0]	4	0	[0, 0]	39	819200	0	0	t1@50182:released-and-isolated
F4-rot-both	N1A-any-isoAll-mem	OOOMOFM	O:ok O:ok O:ok M:ok O:ok F:ok(F=7,reclaimed=26) M:ok	ok	same	-	[0, 0]	4	0	[0, 0]	37	753664	0	0	t1@50182:released-and-isolated
F4-rot-both	N1A-any-isoAll-mem	OOOMOMF	O:ok O:ok O:ok M:ok O:ok M:ok F:ok(F=7,reclaimed=26)	ok	same	-	[0, 0]	4	0	[0, 0]	37	753664	0	0	t1@50182:released-and-isolated
F4-rot-both	N1A-any-isoAll-mem	OOOMOOF	O:ok O:ok O:ok M:ok O:ok O:ok F:ok(F=8,reclaimed=34)	ok	same	-	[0, 0]	4	0	[0, 0]	41	851968	0	0	t1@50182:released-and-isolated
F4-rot-both	N1A-any-isoAll-mem	OOOMOMO	O:ok O:ok O:ok M:ok O:ok M:ok O:ok	ok	same	I-2.1,I-4.8,I-7.4	[0, 0]	4	0	[0, 0]	39	819200	0	0	t1@50182:released-and-isolated
F4-rot-both	N1A-any-isoAll-mem	OOOMOMM	O:ok O:ok O:ok M:ok O:ok M:ok M:ok	ok	same	I-2.1,I-4.8,I-7.4	[0, 0]	4	0	[0, 0]	37	753664	0	0	t1@50182:released-and-isolated
F4-rot-both	N1A-any-isoAll-mem	OOOMOOM	O:ok O:ok O:ok M:ok O:ok O:ok M:ok	ok	same	I-2.1,I-4.8,I-7.4	[0, 0]	4	0	[0, 0]	41	851968	0	0	t1@50182:released-and-isolated
F4-rot-both	N1A-any-isoAll-mem	OOOOFFF	O:ok O:ok O:ok O:ok F:ok(F=7,reclaimed=26) F:noop F:noop	ok	same	-	[2, 2]	4	0	[2, 2]	31	655360	0	0	t1@50182:released-and-isolated
F4-rot-both	N1A-any-isoAll-mem	OOOMOOO	O:ok O:ok O:ok M:ok O:ok O:ok O:ok	ok	same	I-2.1,I-4.8,I-7.4	[0, 0]	4	0	[0, 0]	41	884736	0	0	t1@50182:released-and-isolated
F4-rot-both	N1A-any-isoAll-mem	OOOOFFO	O:ok O:ok O:ok O:ok F:ok(F=7,reclaimed=26) F:noop O:ok	ok	same	-	[2, 2]	4	0	[2, 2]	37	786432	0	0	t1@50182:released-and-isolated
F4-rot-both	N1A-any-isoAll-mem	OOOOFFM	O:ok O:ok O:ok O:ok F:ok(F=7,reclaimed=26) F:noop M:ok	ok	same	-	[0, 0]	4	0	[0, 0]	37	753664	0	0	t1@50182:released-and-isolated
F4-rot-both	N1A-any-isoAll-mem	OOOOFOF	O:ok O:ok O:ok O:ok F:ok(F=7,reclaimed=26) O:ok F:ok(F=8,reclaimed=8)	ok	same	-	[2, 2]	4	0	[2, 2]	41	851968	0	0	t1@50182:released-and-isolated
F4-rot-both	N1A-any-isoAll-mem	OOOOFMF	O:ok O:ok O:ok O:ok F:ok(F=7,reclaimed=26) M:ok F:noop	ok	same	-	[0, 0]	4	0	[0, 0]	37	753664	0	0	t1@50182:released-and-isolated
F4-rot-both	N1A-any-isoAll-mem	OOOOFMO	O:ok O:ok O:ok O:ok F:ok(F=7,reclaimed=26) M:ok O:ok	ok	same	-	[0, 0]	4	0	[0, 0]	43	884736	0	0	t1@50182:released-and-isolated
F4-rot-both	N1A-any-isoAll-mem	OOOOFMM	O:ok O:ok O:ok O:ok F:ok(F=7,reclaimed=26) M:ok M:ok	ok	same	-	[0, 0]	4	0	[0, 0]	43	851968	0	0	t1@50182:released-and-isolated
F4-rot-both	N1A-any-isoAll-mem	OOOOFOO	O:ok O:ok O:ok O:ok F:ok(F=7,reclaimed=26) O:ok O:ok	ok	same	-	[2, 2]	4	0	[2, 2]	43	917504	0	0	t1@50182:released-and-isolated
F4-rot-both	N1A-any-isoAll-mem	OOOOFOM	O:ok O:ok O:ok O:ok F:ok(F=7,reclaimed=26) O:ok M:ok	ok	same	-	[0, 0]	4	0	[0, 0]	41	851968	0	0	t1@50182:released-and-isolated
F4-rot-both	N1A-any-isoAll-mem	OOOOMFF	O:ok O:ok O:ok O:ok M:ok F:ok(F=7,reclaimed=26) F:noop	ok	same	-	[0, 0]	4	0	[0, 0]	37	753664	0	0	t1@50182:released-and-isolated
F4-rot-both	N1A-any-isoAll-mem	OOOOMFM	O:ok O:ok O:ok O:ok M:ok F:ok(F=7,reclaimed=26) M:ok	ok	same	-	[0, 0]	4	0	[0, 0]	43	851968	0	0	t1@50182:released-and-isolated
F4-rot-both	N1A-any-isoAll-mem	OOOOMFO	O:ok O:ok O:ok O:ok M:ok F:ok(F=7,reclaimed=26) O:ok	ok	same	-	[0, 0]	4	0	[0, 0]	43	884736	0	0	t1@50182:released-and-isolated
F4-rot-both	N1A-any-isoAll-mem	OOOOMMF	O:ok O:ok O:ok O:ok M:ok M:ok F:ok(F=7,reclaimed=26)	ok	same	-	[0, 0]	4	0	[0, 0]	43	851968	0	0	t1@50182:released-and-isolated
F4-rot-both	N1A-any-isoAll-mem	OOOOMMM	O:ok O:ok O:ok O:ok M:ok M:ok M:ok	ok	same	I-2.1,I-4.8,I-7.4	[0, 0]	4	0	[0, 0]	43	851968	0	0	t1@50182:released-and-isolated
F4-rot-both	N1A-any-isoAll-mem	OOOOMMO	O:ok O:ok O:ok O:ok M:ok M:ok O:ok	ok	same	I-2.1,I-4.8,I-7.4	[0, 0]	4	0	[0, 0]	43	884736	0	0	t1@50182:released-and-isolated
F4-rot-both	N1A-any-isoAll-mem	OOOOMOF	O:ok O:ok O:ok O:ok M:ok O:ok F:ok(F=8,reclaimed=34)	ok	same	-	[0, 0]	4	0	[0, 0]	41	851968	0	0	t1@50182:released-and-isolated
F4-rot-both	N1A-any-isoAll-mem	OOOOOFF	O:ok O:ok O:ok O:ok O:ok F:ok(F=8,reclaimed=34) F:noop	ok	same	-	[2, 2]	4	0	[2, 2]	35	753664	0	0	t1@50182:released-and-isolated
F4-rot-both	N1A-any-isoAll-mem	OOOOMOM	O:ok O:ok O:ok O:ok M:ok O:ok M:ok	ok	same	I-2.1,I-4.8,I-7.4	[0, 0]	4	0	[0, 0]	41	851968	0	0	t1@50182:released-and-isolated
F4-rot-both	N1A-any-isoAll-mem	OOOOMOO	O:ok O:ok O:ok O:ok M:ok O:ok O:ok	ok	same	I-2.1,I-4.8,I-7.4	[0, 0]	4	0	[0, 0]	43	917504	0	0	t1@50182:released-and-isolated
F4-rot-both	N1A-any-isoAll-mem	OOOOOFO	O:ok O:ok O:ok O:ok O:ok F:ok(F=8,reclaimed=34) O:ok	ok	same	-	[2, 2]	4	0	[2, 2]	41	884736	0	0	t1@50182:released-and-isolated
F4-rot-both	N1A-any-isoAll-mem	OOOOOFM	O:ok O:ok O:ok O:ok O:ok F:ok(F=8,reclaimed=34) M:ok	ok	same	-	[0, 0]	4	0	[0, 0]	41	851968	0	0	t1@50182:released-and-isolated
F4-rot-both	N1A-any-isoAll-mem	OOOOOMF	O:ok O:ok O:ok O:ok O:ok M:ok F:ok(F=8,reclaimed=34)	ok	same	-	[0, 0]	4	0	[0, 0]	41	851968	0	0	t1@50182:released-and-isolated
F4-rot-both	N1A-any-isoAll-mem	OOOOOMM	O:ok O:ok O:ok O:ok O:ok M:ok M:ok	ok	same	I-2.1,I-4.8,I-7.4	[0, 0]	4	0	[0, 0]	41	851968	0	0	t1@50182:released-and-isolated
F4-rot-both	N1A-any-isoAll-mem	OOOOOOF	O:ok O:ok O:ok O:ok O:ok O:ok F:ok(F=9,reclaimed=42)	ok	same	-	[2, 2]	4	0	[2, 2]	41	884736	0	0	t1@50182:released-and-isolated
F4-rot-both	N1A-any-isoAll-mem	OOOOOMO	O:ok O:ok O:ok O:ok O:ok M:ok O:ok	ok	same	I-2.1,I-4.8,I-7.4	[0, 0]	4	0	[0, 0]	41	884736	0	0	t1@50182:released-and-isolated
F4-rot-both	N1A-any-isoAll-mem	OOOOOOM	O:ok O:ok O:ok O:ok O:ok O:ok M:ok	ok	same	I-2.1,I-4.8,I-7.4	[0, 0]	4	0	[0, 0]	41	884736	0	0	t1@50182:released-and-isolated
F4-rot-both	N1A-any-isoAll-mem	OOOOOOO	O:ok O:ok O:ok O:ok O:ok O:ok O:ok	ok	same	I-2.1,I-4.8,I-7.4	[2, 2]	4	0	[0, 0]	43	950272	0	0	t1@50182:released-and-isolated
