fault	arm	suffix	steps	final_mount	readback	violated	isolated_per_device	isolated_by_check	isolated_at_mount	free_minus_allocatable	check_reads	check_read_bytes	switches	reads_refused	check_events
F7-map-bug-leaf-same-publish	N1A-any-isoAll-mem	FFFF	F:noop F:noop F:noop F:noop	ok	same	-	[0, 0]	0	0	[0, 0]	0	0	0	0	-
F7-map-bug-leaf-same-publish	N1A-any-isoAll-mem	FFFM	F:noop F:noop F:noop M:ok	ok	same	-	[0, 0]	0	0	[0, 0]	4	65536	0	0	-
F7-map-bug-leaf-same-publish	N1A-any-isoAll-mem	FFFO	F:noop F:noop F:noop O:PANIC(同一个落点释放了两次：这块盘的记录是不是已释放由 transaction::placements_to_release_via_mappin)	skip	same	-	[0, 0]	0	0	[0, 0]	7	163840	0	0	t1@50316:released-and-isolated
F7-map-bug-leaf-same-publish	N1A-any-isoAll-mem	FFMF	F:noop F:noop M:ok F:noop	ok	same	-	[0, 0]	0	0	[0, 0]	4	65536	0	0	-
F7-map-bug-leaf-same-publish	N1A-any-isoAll-mem	FFMO	F:noop F:noop M:ok O:ok	ok	same	-	[0, 0]	0	0	[0, 0]	10	196608	0	0	-
F7-map-bug-leaf-same-publish	N1A-any-isoAll-mem	FFMM	F:noop F:noop M:ok M:ok	ok	same	-	[0, 0]	0	0	[0, 0]	8	131072	0	0	-
F7-map-bug-leaf-same-publish	N1A-any-isoAll-mem	FFOF	F:noop F:noop O:PANIC(同一个落点释放了两次：这块盘的记录是不是已释放由 transaction::placements_to_release_via_mappin) F:skip(panicked)	skip	same	-	[0, 0]	0	0	[0, 0]	7	163840	0	0	t1@50316:released-and-isolated
F7-map-bug-leaf-same-publish	N1A-any-isoAll-mem	FFOO	F:noop F:noop O:PANIC(同一个落点释放了两次：这块盘的记录是不是已释放由 transaction::placements_to_release_via_mappin) O:skip(panicked)	skip	same	-	[0, 0]	0	0	[0, 0]	7	163840	0	0	t1@50316:released-and-isolated
F7-map-bug-leaf-same-publish	N1A-any-isoAll-mem	FFOM	F:noop F:noop O:PANIC(同一个落点释放了两次：这块盘的记录是不是已释放由 transaction::placements_to_release_via_mappin) M:skip(panicked)	skip	same	-	[0, 0]	0	0	[0, 0]	7	163840	0	0	t1@50316:released-and-isolated
F7-map-bug-leaf-same-publish	N1A-any-isoAll-mem	FMFF	F:noop M:ok F:noop F:noop	ok	same	-	[0, 0]	0	0	[0, 0]	4	65536	0	0	-
F7-map-bug-leaf-same-publish	N1A-any-isoAll-mem	FMFM	F:noop M:ok F:noop M:ok	ok	same	-	[0, 0]	0	0	[0, 0]	8	131072	0	0	-
F7-map-bug-leaf-same-publish	N1A-any-isoAll-mem	FMFO	F:noop M:ok F:noop O:ok	ok	same	-	[0, 0]	0	0	[0, 0]	10	196608	0	0	-
F7-map-bug-leaf-same-publish	N1A-any-isoAll-mem	FMMF	F:noop M:ok M:ok F:noop	ok	same	-	[0, 0]	0	0	[0, 0]	8	131072	0	0	-
F7-map-bug-leaf-same-publish	N1A-any-isoAll-mem	FMMM	F:noop M:ok M:ok M:ok	ok	same	-	[0, 0]	0	0	[0, 0]	14	229376	0	0	-
F7-map-bug-leaf-same-publish	N1A-any-isoAll-mem	FMMO	F:noop M:ok M:ok O:ok	ok	same	-	[0, 0]	0	0	[0, 0]	14	262144	0	0	-
F7-map-bug-leaf-same-publish	N1A-any-isoAll-mem	FMOF	F:noop M:ok O:ok F:noop	ok	same	-	[0, 0]	0	0	[0, 0]	10	196608	0	0	-
F7-map-bug-leaf-same-publish	N1A-any-isoAll-mem	FMOM	F:noop M:ok O:ok M:ok	ok	same	-	[0, 0]	0	0	[0, 0]	14	262144	0	0	-
F7-map-bug-leaf-same-publish	N1A-any-isoAll-mem	FOFF	F:noop O:PANIC(同一个落点释放了两次：这块盘的记录是不是已释放由 transaction::placements_to_release_via_mappin) F:skip(panicked) F:skip(panicked)	skip	same	-	[0, 0]	0	0	[0, 0]	7	163840	0	0	t1@50316:released-and-isolated
F7-map-bug-leaf-same-publish	N1A-any-isoAll-mem	FMOO	F:noop M:ok O:ok O:ok	ok	same	-	[0, 0]	0	0	[0, 0]	16	327680	0	0	-
F7-map-bug-leaf-same-publish	N1A-any-isoAll-mem	FOFM	F:noop O:PANIC(同一个落点释放了两次：这块盘的记录是不是已释放由 transaction::placements_to_release_via_mappin) F:skip(panicked) M:skip(panicked)	skip	same	-	[0, 0]	0	0	[0, 0]	7	163840	0	0	t1@50316:released-and-isolated
F7-map-bug-leaf-same-publish	N1A-any-isoAll-mem	FOFO	F:noop O:PANIC(同一个落点释放了两次：这块盘的记录是不是已释放由 transaction::placements_to_release_via_mappin) F:skip(panicked) O:skip(panicked)	skip	same	-	[0, 0]	0	0	[0, 0]	7	163840	0	0	t1@50316:released-and-isolated
F7-map-bug-leaf-same-publish	N1A-any-isoAll-mem	FOMF	F:noop O:PANIC(同一个落点释放了两次：这块盘的记录是不是已释放由 transaction::placements_to_release_via_mappin) M:skip(panicked) F:skip(panicked)	skip	same	-	[0, 0]	0	0	[0, 0]	7	163840	0	0	t1@50316:released-and-isolated
F7-map-bug-leaf-same-publish	N1A-any-isoAll-mem	FOMO	F:noop O:PANIC(同一个落点释放了两次：这块盘的记录是不是已释放由 transaction::placements_to_release_via_mappin) M:skip(panicked) O:skip(panicked)	skip	same	-	[0, 0]	0	0	[0, 0]	7	163840	0	0	t1@50316:released-and-isolated
F7-map-bug-leaf-same-publish	N1A-any-isoAll-mem	FOMM	F:noop O:PANIC(同一个落点释放了两次：这块盘的记录是不是已释放由 transaction::placements_to_release_via_mappin) M:skip(panicked) M:skip(panicked)	skip	same	-	[0, 0]	0	0	[0, 0]	7	163840	0	0	t1@50316:released-and-isolated
F7-map-bug-leaf-same-publish	N1A-any-isoAll-mem	FOOF	F:noop O:PANIC(同一个落点释放了两次：这块盘的记录是不是已释放由 transaction::placements_to_release_via_mappin) O:skip(panicked) F:skip(panicked)	skip	same	-	[0, 0]	0	0	[0, 0]	7	163840	0	0	t1@50316:released-and-isolated
F7-map-bug-leaf-same-publish	N1A-any-isoAll-mem	FOOM	F:noop O:PANIC(同一个落点释放了两次：这块盘的记录是不是已释放由 transaction::placements_to_release_via_mappin) O:skip(panicked) M:skip(panicked)	skip	same	-	[0, 0]	0	0	[0, 0]	7	163840	0	0	t1@50316:released-and-isolated
F7-map-bug-leaf-same-publish	N1A-any-isoAll-mem	FOOO	F:noop O:PANIC(同一个落点释放了两次：这块盘的记录是不是已释放由 transaction::placements_to_release_via_mappin) O:skip(panicked) O:skip(panicked)	skip	same	-	[0, 0]	0	0	[0, 0]	7	163840	0	0	t1@50316:released-and-isolated
F7-map-bug-leaf-same-publish	N1A-any-isoAll-mem	MFFF	M:ok F:noop F:noop F:noop	ok	same	-	[0, 0]	0	0	[0, 0]	4	65536	0	0	-
F7-map-bug-leaf-same-publish	N1A-any-isoAll-mem	MFFM	M:ok F:noop F:noop M:ok	ok	same	-	[0, 0]	0	0	[0, 0]	8	131072	0	0	-
F7-map-bug-leaf-same-publish	N1A-any-isoAll-mem	MFFO	M:ok F:noop F:noop O:ok	ok	same	-	[0, 0]	0	0	[0, 0]	10	196608	0	0	-
F7-map-bug-leaf-same-publish	N1A-any-isoAll-mem	MFMF	M:ok F:noop M:ok F:noop	ok	same	-	[0, 0]	0	0	[0, 0]	8	131072	0	0	-
F7-map-bug-leaf-same-publish	N1A-any-isoAll-mem	MFMM	M:ok F:noop M:ok M:ok	ok	same	-	[0, 0]	0	0	[0, 0]	14	229376	0	0	-
F7-map-bug-leaf-same-publish	N1A-any-isoAll-mem	MFMO	M:ok F:noop M:ok O:ok	ok	same	-	[0, 0]	0	0	[0, 0]	14	262144	0	0	-
F7-map-bug-leaf-same-publish	N1A-any-isoAll-mem	MFOF	M:ok F:noop O:ok F:noop	ok	same	-	[0, 0]	0	0	[0, 0]	10	196608	0	0	-
F7-map-bug-leaf-same-publish	N1A-any-isoAll-mem	MFOM	M:ok F:noop O:ok M:ok	ok	same	-	[0, 0]	0	0	[0, 0]	14	262144	0	0	-
F7-map-bug-leaf-same-publish	N1A-any-isoAll-mem	MFOO	M:ok F:noop O:ok O:ok	ok	same	-	[0, 0]	0	0	[0, 0]	16	327680	0	0	-
F7-map-bug-leaf-same-publish	N1A-any-isoAll-mem	MMFF	M:ok M:ok F:noop F:noop	ok	same	-	[0, 0]	0	0	[0, 0]	8	131072	0	0	-
F7-map-bug-leaf-same-publish	N1A-any-isoAll-mem	MMFM	M:ok M:ok F:noop M:ok	ok	same	-	[0, 0]	0	0	[0, 0]	14	229376	0	0	-
F7-map-bug-leaf-same-publish	N1A-any-isoAll-mem	MMFO	M:ok M:ok F:noop O:ok	ok	same	-	[0, 0]	0	0	[0, 0]	14	262144	0	0	-
F7-map-bug-leaf-same-publish	N1A-any-isoAll-mem	MMMF	M:ok M:ok M:ok F:noop	ok	same	-	[0, 0]	0	0	[0, 0]	14	229376	0	0	-
F7-map-bug-leaf-same-publish	N1A-any-isoAll-mem	MMMM	M:ok M:ok M:ok M:ok	ok	same	-	[0, 0]	0	0	[0, 0]	20	327680	0	0	-
F7-map-bug-leaf-same-publish	N1A-any-isoAll-mem	MMOF	M:ok M:ok O:ok F:noop	ok	same	-	[0, 0]	0	0	[0, 0]	14	262144	0	0	-
F7-map-bug-leaf-same-publish	N1A-any-isoAll-mem	MMMO	M:ok M:ok M:ok O:ok	ok	same	-	[0, 0]	0	0	[0, 0]	20	360448	0	0	-
F7-map-bug-leaf-same-publish	N1A-any-isoAll-mem	MMOO	M:ok M:ok O:ok O:ok	ok	same	-	[0, 0]	0	0	[0, 0]	20	393216	0	0	-
F7-map-bug-leaf-same-publish	N1A-any-isoAll-mem	MMOM	M:ok M:ok O:ok M:ok	ok	same	-	[0, 0]	0	0	[0, 0]	18	327680	0	0	-
F7-map-bug-leaf-same-publish	N1A-any-isoAll-mem	MOFF	M:ok O:ok F:noop F:noop	ok	same	-	[0, 0]	0	0	[0, 0]	10	196608	0	0	-
F7-map-bug-leaf-same-publish	N1A-any-isoAll-mem	MOFO	M:ok O:ok F:noop O:ok	ok	same	-	[0, 0]	0	0	[0, 0]	16	327680	0	0	-
F7-map-bug-leaf-same-publish	N1A-any-isoAll-mem	MOFM	M:ok O:ok F:noop M:ok	ok	same	-	[0, 0]	0	0	[0, 0]	14	262144	0	0	-
F7-map-bug-leaf-same-publish	N1A-any-isoAll-mem	MOMF	M:ok O:ok M:ok F:noop	ok	same	-	[0, 0]	0	0	[0, 0]	14	262144	0	0	-
F7-map-bug-leaf-same-publish	N1A-any-isoAll-mem	MOMM	M:ok O:ok M:ok M:ok	ok	same	-	[0, 0]	0	0	[0, 0]	18	327680	0	0	-
F7-map-bug-leaf-same-publish	N1A-any-isoAll-mem	MOOF	M:ok O:ok O:ok F:ok(F=3,reclaimed=1)	ok	same	-	[0, 0]	0	0	[0, 0]	22	425984	0	0	-
F7-map-bug-leaf-same-publish	N1A-any-isoAll-mem	MOMO	M:ok O:ok M:ok O:ok	ok	same	-	[0, 0]	0	0	[0, 0]	20	393216	0	0	-
F7-map-bug-leaf-same-publish	N1A-any-isoAll-mem	MOOO	M:ok O:ok O:ok O:ok	ok	same	-	[0, 0]	0	0	[0, 0]	22	458752	0	0	-
F7-map-bug-leaf-same-publish	N1A-any-isoAll-mem	MOOM	M:ok O:ok O:ok M:ok	ok	same	-	[0, 0]	0	0	[0, 0]	22	425984	0	0	-
F7-map-bug-leaf-same-publish	N1A-any-isoAll-mem	OFFF	O:PANIC(同一个落点释放了两次：这块盘的记录是不是已释放由 transaction::placements_to_release_via_mappin) F:skip(panicked) F:skip(panicked) F:skip(panicked)	skip	same	-	[0, 0]	0	0	[0, 0]	7	163840	0	0	t1@50316:released-and-isolated
F7-map-bug-leaf-same-publish	N1A-any-isoAll-mem	OFFM	O:PANIC(同一个落点释放了两次：这块盘的记录是不是已释放由 transaction::placements_to_release_via_mappin) F:skip(panicked) F:skip(panicked) M:skip(panicked)	skip	same	-	[0, 0]	0	0	[0, 0]	7	163840	0	0	t1@50316:released-and-isolated
F7-map-bug-leaf-same-publish	N1A-any-isoAll-mem	OFMF	O:PANIC(同一个落点释放了两次：这块盘的记录是不是已释放由 transaction::placements_to_release_via_mappin) F:skip(panicked) M:skip(panicked) F:skip(panicked)	skip	same	-	[0, 0]	0	0	[0, 0]	7	163840	0	0	t1@50316:released-and-isolated
F7-map-bug-leaf-same-publish	N1A-any-isoAll-mem	OFFO	O:PANIC(同一个落点释放了两次：这块盘的记录是不是已释放由 transaction::placements_to_release_via_mappin) F:skip(panicked) F:skip(panicked) O:skip(panicked)	skip	same	-	[0, 0]	0	0	[0, 0]	7	163840	0	0	t1@50316:released-and-isolated
F7-map-bug-leaf-same-publish	N1A-any-isoAll-mem	OFMM	O:PANIC(同一个落点释放了两次：这块盘的记录是不是已释放由 transaction::placements_to_release_via_mappin) F:skip(panicked) M:skip(panicked) M:skip(panicked)	skip	same	-	[0, 0]	0	0	[0, 0]	7	163840	0	0	t1@50316:released-and-isolated
F7-map-bug-leaf-same-publish	N1A-any-isoAll-mem	OFMO	O:PANIC(同一个落点释放了两次：这块盘的记录是不是已释放由 transaction::placements_to_release_via_mappin) F:skip(panicked) M:skip(panicked) O:skip(panicked)	skip	same	-	[0, 0]	0	0	[0, 0]	7	163840	0	0	t1@50316:released-and-isolated
F7-map-bug-leaf-same-publish	N1A-any-isoAll-mem	OFOF	O:PANIC(同一个落点释放了两次：这块盘的记录是不是已释放由 transaction::placements_to_release_via_mappin) F:skip(panicked) O:skip(panicked) F:skip(panicked)	skip	same	-	[0, 0]	0	0	[0, 0]	7	163840	0	0	t1@50316:released-and-isolated
F7-map-bug-leaf-same-publish	N1A-any-isoAll-mem	OFOM	O:PANIC(同一个落点释放了两次：这块盘的记录是不是已释放由 transaction::placements_to_release_via_mappin) F:skip(panicked) O:skip(panicked) M:skip(panicked)	skip	same	-	[0, 0]	0	0	[0, 0]	7	163840	0	0	t1@50316:released-and-isolated
F7-map-bug-leaf-same-publish	N1A-any-isoAll-mem	OMFF	O:PANIC(同一个落点释放了两次：这块盘的记录是不是已释放由 transaction::placements_to_release_via_mappin) M:skip(panicked) F:skip(panicked) F:skip(panicked)	skip	same	-	[0, 0]	0	0	[0, 0]	7	163840	0	0	t1@50316:released-and-isolated
F7-map-bug-leaf-same-publish	N1A-any-isoAll-mem	OFOO	O:PANIC(同一个落点释放了两次：这块盘的记录是不是已释放由 transaction::placements_to_release_via_mappin) F:skip(panicked) O:skip(panicked) O:skip(panicked)	skip	same	-	[0, 0]	0	0	[0, 0]	7	163840	0	0	t1@50316:released-and-isolated
F7-map-bug-leaf-same-publish	N1A-any-isoAll-mem	OMFO	O:PANIC(同一个落点释放了两次：这块盘的记录是不是已释放由 transaction::placements_to_release_via_mappin) M:skip(panicked) F:skip(panicked) O:skip(panicked)	skip	same	-	[0, 0]	0	0	[0, 0]	7	163840	0	0	t1@50316:released-and-isolated
F7-map-bug-leaf-same-publish	N1A-any-isoAll-mem	OMFM	O:PANIC(同一个落点释放了两次：这块盘的记录是不是已释放由 transaction::placements_to_release_via_mappin) M:skip(panicked) F:skip(panicked) M:skip(panicked)	skip	same	-	[0, 0]	0	0	[0, 0]	7	163840	0	0	t1@50316:released-and-isolated
F7-map-bug-leaf-same-publish	N1A-any-isoAll-mem	OMMM	O:PANIC(同一个落点释放了两次：这块盘的记录是不是已释放由 transaction::placements_to_release_via_mappin) M:skip(panicked) M:skip(panicked) M:skip(panicked)	skip	same	-	[0, 0]	0	0	[0, 0]	7	163840	0	0	t1@50316:released-and-isolated
F7-map-bug-leaf-same-publish	N1A-any-isoAll-mem	OMMF	O:PANIC(同一个落点释放了两次：这块盘的记录是不是已释放由 transaction::placements_to_release_via_mappin) M:skip(panicked) M:skip(panicked) F:skip(panicked)	skip	same	-	[0, 0]	0	0	[0, 0]	7	163840	0	0	t1@50316:released-and-isolated
F7-map-bug-leaf-same-publish	N1A-any-isoAll-mem	OMOF	O:PANIC(同一个落点释放了两次：这块盘的记录是不是已释放由 transaction::placements_to_release_via_mappin) M:skip(panicked) O:skip(panicked) F:skip(panicked)	skip	same	-	[0, 0]	0	0	[0, 0]	7	163840	0	0	t1@50316:released-and-isolated
F7-map-bug-leaf-same-publish	N1A-any-isoAll-mem	OMMO	O:PANIC(同一个落点释放了两次：这块盘的记录是不是已释放由 transaction::placements_to_release_via_mappin) M:skip(panicked) M:skip(panicked) O:skip(panicked)	skip	same	-	[0, 0]	0	0	[0, 0]	7	163840	0	0	t1@50316:released-and-isolated
F7-map-bug-leaf-same-publish	N1A-any-isoAll-mem	OMOM	O:PANIC(同一个落点释放了两次：这块盘的记录是不是已释放由 transaction::placements_to_release_via_mappin) M:skip(panicked) O:skip(panicked) M:skip(panicked)	skip	same	-	[0, 0]	0	0	[0, 0]	7	163840	0	0	t1@50316:released-and-isolated
F7-map-bug-leaf-same-publish	N1A-any-isoAll-mem	OMOO	O:PANIC(同一个落点释放了两次：这块盘的记录是不是已释放由 transaction::placements_to_release_via_mappin) M:skip(panicked) O:skip(panicked) O:skip(panicked)	skip	same	-	[0, 0]	0	0	[0, 0]	7	163840	0	0	t1@50316:released-and-isolated
F7-map-bug-leaf-same-publish	N1A-any-isoAll-mem	OOFM	O:PANIC(同一个落点释放了两次：这块盘的记录是不是已释放由 transaction::placements_to_release_via_mappin) O:skip(panicked) F:skip(panicked) M:skip(panicked)	skip	same	-	[0, 0]	0	0	[0, 0]	7	163840	0	0	t1@50316:released-and-isolated
F7-map-bug-leaf-same-publish	N1A-any-isoAll-mem	OOFF	O:PANIC(同一个落点释放了两次：这块盘的记录是不是已释放由 transaction::placements_to_release_via_mappin) O:skip(panicked) F:skip(panicked) F:skip(panicked)	skip	same	-	[0, 0]	0	0	[0, 0]	7	163840	0	0	t1@50316:released-and-isolated
F7-map-bug-leaf-same-publish	N1A-any-isoAll-mem	OOFO	O:PANIC(同一个落点释放了两次：这块盘的记录是不是已释放由 transaction::placements_to_release_via_mappin) O:skip(panicked) F:skip(panicked) O:skip(panicked)	skip	same	-	[0, 0]	0	0	[0, 0]	7	163840	0	0	t1@50316:released-and-isolated
F7-map-bug-leaf-same-publish	N1A-any-isoAll-mem	OOMF	O:PANIC(同一个落点释放了两次：这块盘的记录是不是已释放由 transaction::placements_to_release_via_mappin) O:skip(panicked) M:skip(panicked) F:skip(panicked)	skip	same	-	[0, 0]	0	0	[0, 0]	7	163840	0	0	t1@50316:released-and-isolated
F7-map-bug-leaf-same-publish	N1A-any-isoAll-mem	OOMM	O:PANIC(同一个落点释放了两次：这块盘的记录是不是已释放由 transaction::placements_to_release_via_mappin) O:skip(panicked) M:skip(panicked) M:skip(panicked)	skip	same	-	[0, 0]	0	0	[0, 0]	7	163840	0	0	t1@50316:released-and-isolated
F7-map-bug-leaf-same-publish	N1A-any-isoAll-mem	OOMO	O:PANIC(同一个落点释放了两次：这块盘的记录是不是已释放由 transaction::placements_to_release_via_mappin) O:skip(panicked) M:skip(panicked) O:skip(panicked)	skip	same	-	[0, 0]	0	0	[0, 0]	7	163840	0	0	t1@50316:released-and-isolated
F7-map-bug-leaf-same-publish	N1A-any-isoAll-mem	OOOM	O:PANIC(同一个落点释放了两次：这块盘的记录是不是已释放由 transaction::placements_to_release_via_mappin) O:skip(panicked) O:skip(panicked) M:skip(panicked)	skip	same	-	[0, 0]	0	0	[0, 0]	7	163840	0	0	t1@50316:released-and-isolated
F7-map-bug-leaf-same-publish	N1A-any-isoAll-mem	OOOF	O:PANIC(同一个落点释放了两次：这块盘的记录是不是已释放由 transaction::placements_to_release_via_mappin) O:skip(panicked) O:skip(panicked) F:skip(panicked)	skip	same	-	[0, 0]	0	0	[0, 0]	7	163840	0	0	t1@50316:released-and-isolated
F7-map-bug-leaf-same-publish	N1A-any-isoAll-mem	OOOO	O:PANIC(同一个落点释放了两次：这块盘的记录是不是已释放由 transaction::placements_to_release_via_mappin) O:skip(panicked) O:skip(panicked) O:skip(panicked)	skip	same	-	[0, 0]	0	0	[0, 0]	7	163840	0	0	t1@50316:released-and-isolated
F7-map-bug-leaf-same-publish	N1A-any-isoAll-mem	FFF	F:noop F:noop F:noop	ok	same	-	[0, 0]	0	0	[0, 0]	0	0	0	0	-
F7-map-bug-leaf-same-publish	N1A-any-isoAll-mem	FFO	F:noop F:noop O:PANIC(同一个落点释放了两次：这块盘的记录是不是已释放由 transaction::placements_to_release_via_mappin)	skip	same	-	[0, 0]	0	0	[0, 0]	7	163840	0	0	t1@50316:released-and-isolated
F7-map-bug-leaf-same-publish	N1A-any-isoAll-mem	FFM	F:noop F:noop M:ok	ok	same	-	[0, 0]	0	0	[0, 0]	4	65536	0	0	-
F7-map-bug-leaf-same-publish	N1A-any-isoAll-mem	FMF	F:noop M:ok F:noop	ok	same	-	[0, 0]	0	0	[0, 0]	4	65536	0	0	-
F7-map-bug-leaf-same-publish	N1A-any-isoAll-mem	FMO	F:noop M:ok O:ok	ok	same	-	[0, 0]	0	0	[0, 0]	10	196608	0	0	-
F7-map-bug-leaf-same-publish	N1A-any-isoAll-mem	FMM	F:noop M:ok M:ok	ok	same	-	[0, 0]	0	0	[0, 0]	8	131072	0	0	-
F7-map-bug-leaf-same-publish	N1A-any-isoAll-mem	FOF	F:noop O:PANIC(同一个落点释放了两次：这块盘的记录是不是已释放由 transaction::placements_to_release_via_mappin) F:skip(panicked)	skip	same	-	[0, 0]	0	0	[0, 0]	7	163840	0	0	t1@50316:released-and-isolated
F7-map-bug-leaf-same-publish	N1A-any-isoAll-mem	FOM	F:noop O:PANIC(同一个落点释放了两次：这块盘的记录是不是已释放由 transaction::placements_to_release_via_mappin) M:skip(panicked)	skip	same	-	[0, 0]	0	0	[0, 0]	7	163840	0	0	t1@50316:released-and-isolated
F7-map-bug-leaf-same-publish	N1A-any-isoAll-mem	FOO	F:noop O:PANIC(同一个落点释放了两次：这块盘的记录是不是已释放由 transaction::placements_to_release_via_mappin) O:skip(panicked)	skip	same	-	[0, 0]	0	0	[0, 0]	7	163840	0	0	t1@50316:released-and-isolated
F7-map-bug-leaf-same-publish	N1A-any-isoAll-mem	MFF	M:ok F:noop F:noop	ok	same	-	[0, 0]	0	0	[0, 0]	4	65536	0	0	-
F7-map-bug-leaf-same-publish	N1A-any-isoAll-mem	MFM	M:ok F:noop M:ok	ok	same	-	[0, 0]	0	0	[0, 0]	8	131072	0	0	-
F7-map-bug-leaf-same-publish	N1A-any-isoAll-mem	MFO	M:ok F:noop O:ok	ok	same	-	[0, 0]	0	0	[0, 0]	10	196608	0	0	-
F7-map-bug-leaf-same-publish	N1A-any-isoAll-mem	MMF	M:ok M:ok F:noop	ok	same	-	[0, 0]	0	0	[0, 0]	8	131072	0	0	-
F7-map-bug-leaf-same-publish	N1A-any-isoAll-mem	MMM	M:ok M:ok M:ok	ok	same	-	[0, 0]	0	0	[0, 0]	14	229376	0	0	-
F7-map-bug-leaf-same-publish	N1A-any-isoAll-mem	MOF	M:ok O:ok F:noop	ok	same	-	[0, 0]	0	0	[0, 0]	10	196608	0	0	-
F7-map-bug-leaf-same-publish	N1A-any-isoAll-mem	MMO	M:ok M:ok O:ok	ok	same	-	[0, 0]	0	0	[0, 0]	14	262144	0	0	-
F7-map-bug-leaf-same-publish	N1A-any-isoAll-mem	MOO	M:ok O:ok O:ok	ok	same	-	[0, 0]	0	0	[0, 0]	16	327680	0	0	-
F7-map-bug-leaf-same-publish	N1A-any-isoAll-mem	MOM	M:ok O:ok M:ok	ok	same	-	[0, 0]	0	0	[0, 0]	14	262144	0	0	-
F7-map-bug-leaf-same-publish	N1A-any-isoAll-mem	OFF	O:PANIC(同一个落点释放了两次：这块盘的记录是不是已释放由 transaction::placements_to_release_via_mappin) F:skip(panicked) F:skip(panicked)	skip	same	-	[0, 0]	0	0	[0, 0]	7	163840	0	0	t1@50316:released-and-isolated
F7-map-bug-leaf-same-publish	N1A-any-isoAll-mem	OFM	O:PANIC(同一个落点释放了两次：这块盘的记录是不是已释放由 transaction::placements_to_release_via_mappin) F:skip(panicked) M:skip(panicked)	skip	same	-	[0, 0]	0	0	[0, 0]	7	163840	0	0	t1@50316:released-and-isolated
F7-map-bug-leaf-same-publish	N1A-any-isoAll-mem	OFO	O:PANIC(同一个落点释放了两次：这块盘的记录是不是已释放由 transaction::placements_to_release_via_mappin) F:skip(panicked) O:skip(panicked)	skip	same	-	[0, 0]	0	0	[0, 0]	7	163840	0	0	t1@50316:released-and-isolated
F7-map-bug-leaf-same-publish	N1A-any-isoAll-mem	OMF	O:PANIC(同一个落点释放了两次：这块盘的记录是不是已释放由 transaction::placements_to_release_via_mappin) M:skip(panicked) F:skip(panicked)	skip	same	-	[0, 0]	0	0	[0, 0]	7	163840	0	0	t1@50316:released-and-isolated
F7-map-bug-leaf-same-publish	N1A-any-isoAll-mem	OMM	O:PANIC(同一个落点释放了两次：这块盘的记录是不是已释放由 transaction::placements_to_release_via_mappin) M:skip(panicked) M:skip(panicked)	skip	same	-	[0, 0]	0	0	[0, 0]	7	163840	0	0	t1@50316:released-and-isolated
F7-map-bug-leaf-same-publish	N1A-any-isoAll-mem	OMO	O:PANIC(同一个落点释放了两次：这块盘的记录是不是已释放由 transaction::placements_to_release_via_mappin) M:skip(panicked) O:skip(panicked)	skip	same	-	[0, 0]	0	0	[0, 0]	7	163840	0	0	t1@50316:released-and-isolated
F7-map-bug-leaf-same-publish	N1A-any-isoAll-mem	OOF	O:PANIC(同一个落点释放了两次：这块盘的记录是不是已释放由 transaction::placements_to_release_via_mappin) O:skip(panicked) F:skip(panicked)	skip	same	-	[0, 0]	0	0	[0, 0]	7	163840	0	0	t1@50316:released-and-isolated
F7-map-bug-leaf-same-publish	N1A-any-isoAll-mem	OOM	O:PANIC(同一个落点释放了两次：这块盘的记录是不是已释放由 transaction::placements_to_release_via_mappin) O:skip(panicked) M:skip(panicked)	skip	same	-	[0, 0]	0	0	[0, 0]	7	163840	0	0	t1@50316:released-and-isolated
F7-map-bug-leaf-same-publish	N1A-any-isoAll-mem	OOO	O:PANIC(同一个落点释放了两次：这块盘的记录是不是已释放由 transaction::placements_to_release_via_mappin) O:skip(panicked) O:skip(panicked)	skip	same	-	[0, 0]	0	0	[0, 0]	7	163840	0	0	t1@50316:released-and-isolated
F7-map-bug-leaf-same-publish	N1A-any-isoAll-mem	FF	F:noop F:noop	ok	same	-	[0, 0]	0	0	[0, 0]	0	0	0	0	-
F7-map-bug-leaf-same-publish	N1A-any-isoAll-mem	FM	F:noop M:ok	ok	same	-	[0, 0]	0	0	[0, 0]	4	65536	0	0	-
F7-map-bug-leaf-same-publish	N1A-any-isoAll-mem	FO	F:noop O:PANIC(同一个落点释放了两次：这块盘的记录是不是已释放由 transaction::placements_to_release_via_mappin)	skip	same	-	[0, 0]	0	0	[0, 0]	7	163840	0	0	t1@50316:released-and-isolated
F7-map-bug-leaf-same-publish	N1A-any-isoAll-mem	MF	M:ok F:noop	ok	same	-	[0, 0]	0	0	[0, 0]	4	65536	0	0	-
F7-map-bug-leaf-same-publish	N1A-any-isoAll-mem	MM	M:ok M:ok	ok	same	-	[0, 0]	0	0	[0, 0]	8	131072	0	0	-
F7-map-bug-leaf-same-publish	N1A-any-isoAll-mem	MO	M:ok O:ok	ok	same	-	[0, 0]	0	0	[0, 0]	10	196608	0	0	-
F7-map-bug-leaf-same-publish	N1A-any-isoAll-mem	OF	O:PANIC(同一个落点释放了两次：这块盘的记录是不是已释放由 transaction::placements_to_release_via_mappin) F:skip(panicked)	skip	same	-	[0, 0]	0	0	[0, 0]	7	163840	0	0	t1@50316:released-and-isolated
F7-map-bug-leaf-same-publish	N1A-any-isoAll-mem	OM	O:PANIC(同一个落点释放了两次：这块盘的记录是不是已释放由 transaction::placements_to_release_via_mappin) M:skip(panicked)	skip	same	-	[0, 0]	0	0	[0, 0]	7	163840	0	0	t1@50316:released-and-isolated
F7-map-bug-leaf-same-publish	N1A-any-isoAll-mem	OO	O:PANIC(同一个落点释放了两次：这块盘的记录是不是已释放由 transaction::placements_to_release_via_mappin) O:skip(panicked)	skip	same	-	[0, 0]	0	0	[0, 0]	7	163840	0	0	t1@50316:released-and-isolated
F7-map-bug-leaf-same-publish	N1A-any-isoAll-mem	F	F:noop	ok	same	-	[0, 0]	0	0	[0, 0]	0	0	0	0	-
F7-map-bug-leaf-same-publish	N1A-any-isoAll-mem	M	M:ok	ok	same	-	[0, 0]	0	0	[0, 0]	4	65536	0	0	-
F7-map-bug-leaf-same-publish	N1A-any-isoAll-mem	O	O:PANIC(同一个落点释放了两次：这块盘的记录是不是已释放由 transaction::placements_to_release_via_mappin)	skip	same	-	[0, 0]	0	0	[0, 0]	7	163840	0	0	t1@50316:released-and-isolated
F6-map-bug-live-instance-table	N1A-any-isoAll-mem	FFFF	F:noop F:noop F:noop F:noop	ok	same	-	[0, 0]	0	0	[0, 0]	0	0	0	0	-
F6-map-bug-live-instance-table	N1A-any-isoAll-mem	FFFM	F:noop F:noop F:noop M:ok	ok	same	-	[0, 0]	0	0	[0, 0]	4	65536	0	0	-
F6-map-bug-live-instance-table	N1A-any-isoAll-mem	FFFO	F:noop F:noop F:noop O:ok	mount-err:Publish(ReleaseTargetAlreadyReleased { unit: InstanceTable, device: De	same	I-3.9	[2, 2]	4	0	[0, 0]	7	163840	0	0	t1@50304:released-and-isolated
F6-map-bug-live-instance-table	N1A-any-isoAll-mem	FFMF	F:noop F:noop M:ok F:noop	ok	same	-	[0, 0]	0	0	[0, 0]	4	65536	0	0	-
F6-map-bug-live-instance-table	N1A-any-isoAll-mem	FFMO	F:noop F:noop M:ok O:ok	ok	same	-	[0, 0]	0	0	[0, 0]	10	196608	0	0	-
F6-map-bug-live-instance-table	N1A-any-isoAll-mem	FFMM	F:noop F:noop M:ok M:ok	ok	same	-	[0, 0]	0	0	[0, 0]	8	131072	0	0	-
F6-map-bug-live-instance-table	N1A-any-isoAll-mem	FFOF	F:noop F:noop O:ok F:noop	mount-err:Publish(ReleaseTargetAlreadyReleased { unit: InstanceTable, device: De	same	I-3.9	[2, 2]	4	0	[0, 0]	7	163840	0	0	t1@50304:released-and-isolated
F6-map-bug-live-instance-table	N1A-any-isoAll-mem	FFOM	F:noop F:noop O:ok M:mount-err:Publish(ReleaseTargetAlreadyReleased { unit: InstanceTable, device: De	mount-err:Publish(ReleaseTargetAlreadyReleased { unit: InstanceTable, device: De	same	I-3.9	[2, 2]	4	0	[0, 0]	7	163840	0	0	t1@50304:released-and-isolated
F6-map-bug-live-instance-table	N1A-any-isoAll-mem	FFOO	F:noop F:noop O:ok O:ok	mount-err:Publish(ReleaseTargetAlreadyReleased { unit: InstanceTable, device: De	same	I-3.9	[2, 2]	4	0	[0, 0]	13	294912	0	0	t1@50304:released-and-isolated
F6-map-bug-live-instance-table	N1A-any-isoAll-mem	FMFF	F:noop M:ok F:noop F:noop	ok	same	-	[0, 0]	0	0	[0, 0]	4	65536	0	0	-
F6-map-bug-live-instance-table	N1A-any-isoAll-mem	FMFM	F:noop M:ok F:noop M:ok	ok	same	-	[0, 0]	0	0	[0, 0]	8	131072	0	0	-
F6-map-bug-live-instance-table	N1A-any-isoAll-mem	FMFO	F:noop M:ok F:noop O:ok	ok	same	-	[0, 0]	0	0	[0, 0]	10	196608	0	0	-
F6-map-bug-live-instance-table	N1A-any-isoAll-mem	FMMF	F:noop M:ok M:ok F:noop	ok	same	-	[0, 0]	0	0	[0, 0]	8	131072	0	0	-
F6-map-bug-live-instance-table	N1A-any-isoAll-mem	FMMO	F:noop M:ok M:ok O:ok	ok	same	-	[0, 0]	0	0	[0, 0]	14	262144	0	0	-
F6-map-bug-live-instance-table	N1A-any-isoAll-mem	FMMM	F:noop M:ok M:ok M:ok	ok	same	-	[0, 0]	0	0	[0, 0]	14	229376	0	0	-
F6-map-bug-live-instance-table	N1A-any-isoAll-mem	FMOF	F:noop M:ok O:ok F:noop	ok	same	-	[0, 0]	0	0	[0, 0]	10	196608	0	0	-
F6-map-bug-live-instance-table	N1A-any-isoAll-mem	FMOM	F:noop M:ok O:ok M:ok	ok	same	-	[0, 0]	0	0	[0, 0]	14	262144	0	0	-
F6-map-bug-live-instance-table	N1A-any-isoAll-mem	FMOO	F:noop M:ok O:ok O:ok	ok	same	-	[0, 0]	0	0	[0, 0]	16	327680	0	0	-
F6-map-bug-live-instance-table	N1A-any-isoAll-mem	FOFF	F:noop O:ok F:noop F:noop	mount-err:Publish(ReleaseTargetAlreadyReleased { unit: InstanceTable, device: De	same	I-3.9	[2, 2]	4	0	[0, 0]	7	163840	0	0	t1@50304:released-and-isolated
F6-map-bug-live-instance-table	N1A-any-isoAll-mem	FOFM	F:noop O:ok F:noop M:mount-err:Publish(ReleaseTargetAlreadyReleased { unit: InstanceTable, device: De	mount-err:Publish(ReleaseTargetAlreadyReleased { unit: InstanceTable, device: De	same	I-3.9	[2, 2]	4	0	[0, 0]	7	163840	0	0	t1@50304:released-and-isolated
F6-map-bug-live-instance-table	N1A-any-isoAll-mem	FOFO	F:noop O:ok F:noop O:ok	mount-err:Publish(ReleaseTargetAlreadyReleased { unit: InstanceTable, device: De	same	I-3.9	[2, 2]	4	0	[0, 0]	13	294912	0	0	t1@50304:released-and-isolated
F6-map-bug-live-instance-table	N1A-any-isoAll-mem	FOMF	F:noop O:ok M:mount-err:Publish(ReleaseTargetAlreadyReleased { unit: InstanceTable, device: De F:refused(not-writable)	mount-err:Publish(ReleaseTargetAlreadyReleased { unit: InstanceTable, device: De	same	I-3.9	[2, 2]	4	0	[0, 0]	7	163840	0	0	t1@50304:released-and-isolated
F6-map-bug-live-instance-table	N1A-any-isoAll-mem	FOMM	F:noop O:ok M:mount-err:Publish(ReleaseTargetAlreadyReleased { unit: InstanceTable, device: De M:mount-err:Publish(ReleaseTargetAlreadyReleased { unit: InstanceTable, device: De	mount-err:Publish(ReleaseTargetAlreadyReleased { unit: InstanceTable, device: De	same	I-3.9	[2, 2]	4	0	[0, 0]	7	163840	0	0	t1@50304:released-and-isolated
F6-map-bug-live-instance-table	N1A-any-isoAll-mem	FOMO	F:noop O:ok M:mount-err:Publish(ReleaseTargetAlreadyReleased { unit: InstanceTable, device: De O:refused(not-writable)	mount-err:Publish(ReleaseTargetAlreadyReleased { unit: InstanceTable, device: De	same	I-3.9	[2, 2]	4	0	[0, 0]	7	163840	0	0	t1@50304:released-and-isolated
F6-map-bug-live-instance-table	N1A-any-isoAll-mem	FOOF	F:noop O:ok O:ok F:ok(F=3,reclaimed=1)	mount-err:Publish(ReleaseTargetAlreadyReleased { unit: InstanceTable, device: De	same	I-3.9	[2, 2]	4	0	[0, 0]	17	360448	0	0	t1@50304:released-and-isolated
F6-map-bug-live-instance-table	N1A-any-isoAll-mem	FOOO	F:noop O:ok O:ok O:ok	mount-err:Publish(ReleaseTargetAlreadyReleased { unit: InstanceTable, device: De	same	I-3.9	[2, 2]	4	0	[0, 0]	19	425984	0	0	t1@50304:released-and-isolated
F6-map-bug-live-instance-table	N1A-any-isoAll-mem	FOOM	F:noop O:ok O:ok M:mount-err:Publish(ReleaseTargetAlreadyReleased { unit: InstanceTable, device: De	mount-err:Publish(ReleaseTargetAlreadyReleased { unit: InstanceTable, device: De	same	I-3.9	[2, 2]	4	0	[0, 0]	13	294912	0	0	t1@50304:released-and-isolated
F6-map-bug-live-instance-table	N1A-any-isoAll-mem	MFFF	M:ok F:noop F:noop F:noop	ok	same	-	[0, 0]	0	0	[0, 0]	4	65536	0	0	-
F6-map-bug-live-instance-table	N1A-any-isoAll-mem	MFFM	M:ok F:noop F:noop M:ok	ok	same	-	[0, 0]	0	0	[0, 0]	8	131072	0	0	-
F6-map-bug-live-instance-table	N1A-any-isoAll-mem	MFFO	M:ok F:noop F:noop O:ok	ok	same	-	[0, 0]	0	0	[0, 0]	10	196608	0	0	-
F6-map-bug-live-instance-table	N1A-any-isoAll-mem	MFMF	M:ok F:noop M:ok F:noop	ok	same	-	[0, 0]	0	0	[0, 0]	8	131072	0	0	-
F6-map-bug-live-instance-table	N1A-any-isoAll-mem	MFMM	M:ok F:noop M:ok M:ok	ok	same	-	[0, 0]	0	0	[0, 0]	14	229376	0	0	-
F6-map-bug-live-instance-table	N1A-any-isoAll-mem	MFMO	M:ok F:noop M:ok O:ok	ok	same	-	[0, 0]	0	0	[0, 0]	14	262144	0	0	-
F6-map-bug-live-instance-table	N1A-any-isoAll-mem	MFOF	M:ok F:noop O:ok F:noop	ok	same	-	[0, 0]	0	0	[0, 0]	10	196608	0	0	-
F6-map-bug-live-instance-table	N1A-any-isoAll-mem	MFOM	M:ok F:noop O:ok M:ok	ok	same	-	[0, 0]	0	0	[0, 0]	14	262144	0	0	-
F6-map-bug-live-instance-table	N1A-any-isoAll-mem	MFOO	M:ok F:noop O:ok O:ok	ok	same	-	[0, 0]	0	0	[0, 0]	16	327680	0	0	-
F6-map-bug-live-instance-table	N1A-any-isoAll-mem	MMFM	M:ok M:ok F:noop M:ok	ok	same	-	[0, 0]	0	0	[0, 0]	14	229376	0	0	-
F6-map-bug-live-instance-table	N1A-any-isoAll-mem	MMFF	M:ok M:ok F:noop F:noop	ok	same	-	[0, 0]	0	0	[0, 0]	8	131072	0	0	-
F6-map-bug-live-instance-table	N1A-any-isoAll-mem	MMFO	M:ok M:ok F:noop O:ok	ok	same	-	[0, 0]	0	0	[0, 0]	14	262144	0	0	-
F6-map-bug-live-instance-table	N1A-any-isoAll-mem	MMMF	M:ok M:ok M:ok F:noop	ok	same	-	[0, 0]	0	0	[0, 0]	14	229376	0	0	-
F6-map-bug-live-instance-table	N1A-any-isoAll-mem	MMMO	M:ok M:ok M:ok O:ok	ok	same	-	[0, 0]	0	0	[0, 0]	20	360448	0	0	-
F6-map-bug-live-instance-table	N1A-any-isoAll-mem	MMMM	M:ok M:ok M:ok M:ok	ok	same	-	[0, 0]	0	0	[0, 0]	20	327680	0	0	-
F6-map-bug-live-instance-table	N1A-any-isoAll-mem	MMOF	M:ok M:ok O:ok F:noop	ok	same	-	[0, 0]	0	0	[0, 0]	14	262144	0	0	-
F6-map-bug-live-instance-table	N1A-any-isoAll-mem	MMOM	M:ok M:ok O:ok M:ok	ok	same	-	[0, 0]	0	0	[0, 0]	18	327680	0	0	-
F6-map-bug-live-instance-table	N1A-any-isoAll-mem	MMOO	M:ok M:ok O:ok O:ok	ok	same	-	[0, 0]	0	0	[0, 0]	20	393216	0	0	-
F6-map-bug-live-instance-table	N1A-any-isoAll-mem	MOFF	M:ok O:ok F:noop F:noop	ok	same	-	[0, 0]	0	0	[0, 0]	10	196608	0	0	-
F6-map-bug-live-instance-table	N1A-any-isoAll-mem	MOFM	M:ok O:ok F:noop M:ok	ok	same	-	[0, 0]	0	0	[0, 0]	14	262144	0	0	-
F6-map-bug-live-instance-table	N1A-any-isoAll-mem	MOFO	M:ok O:ok F:noop O:ok	ok	same	-	[0, 0]	0	0	[0, 0]	16	327680	0	0	-
F6-map-bug-live-instance-table	N1A-any-isoAll-mem	MOMF	M:ok O:ok M:ok F:noop	ok	same	-	[0, 0]	0	0	[0, 0]	14	262144	0	0	-
F6-map-bug-live-instance-table	N1A-any-isoAll-mem	MOMM	M:ok O:ok M:ok M:ok	ok	same	-	[0, 0]	0	0	[0, 0]	18	327680	0	0	-
F6-map-bug-live-instance-table	N1A-any-isoAll-mem	MOMO	M:ok O:ok M:ok O:ok	ok	same	-	[0, 0]	0	0	[0, 0]	20	393216	0	0	-
F6-map-bug-live-instance-table	N1A-any-isoAll-mem	MOOF	M:ok O:ok O:ok F:ok(F=3,reclaimed=1)	ok	same	-	[0, 0]	0	0	[0, 0]	22	425984	0	0	-
F6-map-bug-live-instance-table	N1A-any-isoAll-mem	MOOM	M:ok O:ok O:ok M:ok	ok	same	-	[0, 0]	0	0	[0, 0]	22	425984	0	0	-
F6-map-bug-live-instance-table	N1A-any-isoAll-mem	OFFF	O:ok F:noop F:noop F:noop	mount-err:Publish(ReleaseTargetAlreadyReleased { unit: InstanceTable, device: De	same	I-3.9	[2, 2]	4	0	[0, 0]	7	163840	0	0	t1@50304:released-and-isolated
F6-map-bug-live-instance-table	N1A-any-isoAll-mem	MOOO	M:ok O:ok O:ok O:ok	ok	same	-	[0, 0]	0	0	[0, 0]	22	458752	0	0	-
F6-map-bug-live-instance-table	N1A-any-isoAll-mem	OFFM	O:ok F:noop F:noop M:mount-err:Publish(ReleaseTargetAlreadyReleased { unit: InstanceTable, device: De	mount-err:Publish(ReleaseTargetAlreadyReleased { unit: InstanceTable, device: De	same	I-3.9	[2, 2]	4	0	[0, 0]	7	163840	0	0	t1@50304:released-and-isolated
F6-map-bug-live-instance-table	N1A-any-isoAll-mem	OFFO	O:ok F:noop F:noop O:ok	mount-err:Publish(ReleaseTargetAlreadyReleased { unit: InstanceTable, device: De	same	I-3.9	[2, 2]	4	0	[0, 0]	13	294912	0	0	t1@50304:released-and-isolated
F6-map-bug-live-instance-table	N1A-any-isoAll-mem	OFMF	O:ok F:noop M:mount-err:Publish(ReleaseTargetAlreadyReleased { unit: InstanceTable, device: De F:refused(not-writable)	mount-err:Publish(ReleaseTargetAlreadyReleased { unit: InstanceTable, device: De	same	I-3.9	[2, 2]	4	0	[0, 0]	7	163840	0	0	t1@50304:released-and-isolated
F6-map-bug-live-instance-table	N1A-any-isoAll-mem	OFMM	O:ok F:noop M:mount-err:Publish(ReleaseTargetAlreadyReleased { unit: InstanceTable, device: De M:mount-err:Publish(ReleaseTargetAlreadyReleased { unit: InstanceTable, device: De	mount-err:Publish(ReleaseTargetAlreadyReleased { unit: InstanceTable, device: De	same	I-3.9	[2, 2]	4	0	[0, 0]	7	163840	0	0	t1@50304:released-and-isolated
F6-map-bug-live-instance-table	N1A-any-isoAll-mem	OFMO	O:ok F:noop M:mount-err:Publish(ReleaseTargetAlreadyReleased { unit: InstanceTable, device: De O:refused(not-writable)	mount-err:Publish(ReleaseTargetAlreadyReleased { unit: InstanceTable, device: De	same	I-3.9	[2, 2]	4	0	[0, 0]	7	163840	0	0	t1@50304:released-and-isolated
F6-map-bug-live-instance-table	N1A-any-isoAll-mem	OFOM	O:ok F:noop O:ok M:mount-err:Publish(ReleaseTargetAlreadyReleased { unit: InstanceTable, device: De	mount-err:Publish(ReleaseTargetAlreadyReleased { unit: InstanceTable, device: De	same	I-3.9	[2, 2]	4	0	[0, 0]	13	294912	0	0	t1@50304:released-and-isolated
F6-map-bug-live-instance-table	N1A-any-isoAll-mem	OFOF	O:ok F:noop O:ok F:ok(F=3,reclaimed=1)	mount-err:Publish(ReleaseTargetAlreadyReleased { unit: InstanceTable, device: De	same	I-3.9	[2, 2]	4	0	[0, 0]	17	360448	0	0	t1@50304:released-and-isolated
F6-map-bug-live-instance-table	N1A-any-isoAll-mem	OFOO	O:ok F:noop O:ok O:ok	mount-err:Publish(ReleaseTargetAlreadyReleased { unit: InstanceTable, device: De	same	I-3.9	[2, 2]	4	0	[0, 0]	19	425984	0	0	t1@50304:released-and-isolated
F6-map-bug-live-instance-table	N1A-any-isoAll-mem	OMFF	O:ok M:mount-err:Publish(ReleaseTargetAlreadyReleased { unit: InstanceTable, device: De F:refused(not-writable) F:refused(not-writable)	mount-err:Publish(ReleaseTargetAlreadyReleased { unit: InstanceTable, device: De	same	I-3.9	[2, 2]	4	0	[0, 0]	7	163840	0	0	t1@50304:released-and-isolated
F6-map-bug-live-instance-table	N1A-any-isoAll-mem	OMFM	O:ok M:mount-err:Publish(ReleaseTargetAlreadyReleased { unit: InstanceTable, device: De F:refused(not-writable) M:mount-err:Publish(ReleaseTargetAlreadyReleased { unit: InstanceTable, device: De	mount-err:Publish(ReleaseTargetAlreadyReleased { unit: InstanceTable, device: De	same	I-3.9	[2, 2]	4	0	[0, 0]	7	163840	0	0	t1@50304:released-and-isolated
F6-map-bug-live-instance-table	N1A-any-isoAll-mem	OMFO	O:ok M:mount-err:Publish(ReleaseTargetAlreadyReleased { unit: InstanceTable, device: De F:refused(not-writable) O:refused(not-writable)	mount-err:Publish(ReleaseTargetAlreadyReleased { unit: InstanceTable, device: De	same	I-3.9	[2, 2]	4	0	[0, 0]	7	163840	0	0	t1@50304:released-and-isolated
F6-map-bug-live-instance-table	N1A-any-isoAll-mem	OMMF	O:ok M:mount-err:Publish(ReleaseTargetAlreadyReleased { unit: InstanceTable, device: De M:mount-err:Publish(ReleaseTargetAlreadyReleased { unit: InstanceTable, device: De F:refused(not-writable)	mount-err:Publish(ReleaseTargetAlreadyReleased { unit: InstanceTable, device: De	same	I-3.9	[2, 2]	4	0	[0, 0]	7	163840	0	0	t1@50304:released-and-isolated
F6-map-bug-live-instance-table	N1A-any-isoAll-mem	OMMO	O:ok M:mount-err:Publish(ReleaseTargetAlreadyReleased { unit: InstanceTable, device: De M:mount-err:Publish(ReleaseTargetAlreadyReleased { unit: InstanceTable, device: De O:refused(not-writable)	mount-err:Publish(ReleaseTargetAlreadyReleased { unit: InstanceTable, device: De	same	I-3.9	[2, 2]	4	0	[0, 0]	7	163840	0	0	t1@50304:released-and-isolated
F6-map-bug-live-instance-table	N1A-any-isoAll-mem	OMMM	O:ok M:mount-err:Publish(ReleaseTargetAlreadyReleased { unit: InstanceTable, device: De M:mount-err:Publish(ReleaseTargetAlreadyReleased { unit: InstanceTable, device: De M:mount-err:Publish(ReleaseTargetAlreadyReleased { unit: InstanceTable, device: De	mount-err:Publish(ReleaseTargetAlreadyReleased { unit: InstanceTable, device: De	same	I-3.9	[2, 2]	4	0	[0, 0]	7	163840	0	0	t1@50304:released-and-isolated
F6-map-bug-live-instance-table	N1A-any-isoAll-mem	OMOF	O:ok M:mount-err:Publish(ReleaseTargetAlreadyReleased { unit: InstanceTable, device: De O:refused(not-writable) F:refused(not-writable)	mount-err:Publish(ReleaseTargetAlreadyReleased { unit: InstanceTable, device: De	same	I-3.9	[2, 2]	4	0	[0, 0]	7	163840	0	0	t1@50304:released-and-isolated
F6-map-bug-live-instance-table	N1A-any-isoAll-mem	OMOM	O:ok M:mount-err:Publish(ReleaseTargetAlreadyReleased { unit: InstanceTable, device: De O:refused(not-writable) M:mount-err:Publish(ReleaseTargetAlreadyReleased { unit: InstanceTable, device: De	mount-err:Publish(ReleaseTargetAlreadyReleased { unit: InstanceTable, device: De	same	I-3.9	[2, 2]	4	0	[0, 0]	7	163840	0	0	t1@50304:released-and-isolated
F6-map-bug-live-instance-table	N1A-any-isoAll-mem	OMOO	O:ok M:mount-err:Publish(ReleaseTargetAlreadyReleased { unit: InstanceTable, device: De O:refused(not-writable) O:refused(not-writable)	mount-err:Publish(ReleaseTargetAlreadyReleased { unit: InstanceTable, device: De	same	I-3.9	[2, 2]	4	0	[0, 0]	7	163840	0	0	t1@50304:released-and-isolated
F6-map-bug-live-instance-table	N1A-any-isoAll-mem	OOFF	O:ok O:ok F:ok(F=3,reclaimed=1) F:noop	mount-err:Publish(ReleaseTargetAlreadyReleased { unit: InstanceTable, device: De	same	I-3.9	[2, 2]	4	0	[0, 0]	17	360448	0	0	t1@50304:released-and-isolated
F6-map-bug-live-instance-table	N1A-any-isoAll-mem	OOFM	O:ok O:ok F:ok(F=3,reclaimed=1) M:mount-err:Publish(ReleaseTargetAlreadyReleased { unit: InstanceTable, device: De	mount-err:Publish(ReleaseTargetAlreadyReleased { unit: InstanceTable, device: De	same	I-3.9	[2, 2]	4	0	[0, 0]	17	360448	0	0	t1@50304:released-and-isolated
F6-map-bug-live-instance-table	N1A-any-isoAll-mem	OOFO	O:ok O:ok F:ok(F=3,reclaimed=1) O:ok	mount-err:Publish(ReleaseTargetAlreadyReleased { unit: InstanceTable, device: De	same	I-3.9	[2, 2]	4	0	[0, 0]	23	491520	0	0	t1@50304:released-and-isolated
F6-map-bug-live-instance-table	N1A-any-isoAll-mem	OOMF	O:ok O:ok M:mount-err:Publish(ReleaseTargetAlreadyReleased { unit: InstanceTable, device: De F:refused(not-writable)	mount-err:Publish(ReleaseTargetAlreadyReleased { unit: InstanceTable, device: De	same	I-3.9	[2, 2]	4	0	[0, 0]	13	294912	0	0	t1@50304:released-and-isolated
F6-map-bug-live-instance-table	N1A-any-isoAll-mem	OOMM	O:ok O:ok M:mount-err:Publish(ReleaseTargetAlreadyReleased { unit: InstanceTable, device: De M:mount-err:Publish(ReleaseTargetAlreadyReleased { unit: InstanceTable, device: De	mount-err:Publish(ReleaseTargetAlreadyReleased { unit: InstanceTable, device: De	same	I-3.9	[2, 2]	4	0	[0, 0]	13	294912	0	0	t1@50304:released-and-isolated
F6-map-bug-live-instance-table	N1A-any-isoAll-mem	OOOF	O:ok O:ok O:ok F:ok(F=6,reclaimed=18)	mount-err:Publish(ReleaseTargetAlreadyReleased { unit: InstanceTable, device: De	same	I-3.9	[2, 2]	4	0	[0, 0]	23	491520	0	0	t1@50304:released-and-isolated
F6-map-bug-live-instance-table	N1A-any-isoAll-mem	OOMO	O:ok O:ok M:mount-err:Publish(ReleaseTargetAlreadyReleased { unit: InstanceTable, device: De O:refused(not-writable)	mount-err:Publish(ReleaseTargetAlreadyReleased { unit: InstanceTable, device: De	same	I-3.9	[2, 2]	4	0	[0, 0]	13	294912	0	0	t1@50304:released-and-isolated
F6-map-bug-live-instance-table	N1A-any-isoAll-mem	OOOM	O:ok O:ok O:ok M:mount-err:Publish(ReleaseTargetAlreadyReleased { unit: InstanceTable, device: De	mount-err:Publish(ReleaseTargetAlreadyReleased { unit: InstanceTable, device: De	same	I-3.9	[2, 2]	4	0	[0, 0]	19	425984	0	0	t1@50304:released-and-isolated
F6-map-bug-live-instance-table	N1A-any-isoAll-mem	OOOO	O:ok O:ok O:ok O:ok	mount-err:Publish(ReleaseTargetAlreadyReleased { unit: InstanceTable, device: De	same	I-3.9	[2, 2]	4	0	[0, 0]	25	557056	0	0	t1@50304:released-and-isolated
F6-map-bug-live-instance-table	N1A-any-isoAll-mem	FFF	F:noop F:noop F:noop	ok	same	-	[0, 0]	0	0	[0, 0]	0	0	0	0	-
F6-map-bug-live-instance-table	N1A-any-isoAll-mem	FFO	F:noop F:noop O:ok	mount-err:Publish(ReleaseTargetAlreadyReleased { unit: InstanceTable, device: De	same	I-3.9	[2, 2]	4	0	[0, 0]	7	163840	0	0	t1@50304:released-and-isolated
F6-map-bug-live-instance-table	N1A-any-isoAll-mem	FFM	F:noop F:noop M:ok	ok	same	-	[0, 0]	0	0	[0, 0]	4	65536	0	0	-
F6-map-bug-live-instance-table	N1A-any-isoAll-mem	FMM	F:noop M:ok M:ok	ok	same	-	[0, 0]	0	0	[0, 0]	8	131072	0	0	-
F6-map-bug-live-instance-table	N1A-any-isoAll-mem	FMF	F:noop M:ok F:noop	ok	same	-	[0, 0]	0	0	[0, 0]	4	65536	0	0	-
F6-map-bug-live-instance-table	N1A-any-isoAll-mem	FOF	F:noop O:ok F:noop	mount-err:Publish(ReleaseTargetAlreadyReleased { unit: InstanceTable, device: De	same	I-3.9	[2, 2]	4	0	[0, 0]	7	163840	0	0	t1@50304:released-and-isolated
F6-map-bug-live-instance-table	N1A-any-isoAll-mem	FMO	F:noop M:ok O:ok	ok	same	-	[0, 0]	0	0	[0, 0]	10	196608	0	0	-
F6-map-bug-live-instance-table	N1A-any-isoAll-mem	FOM	F:noop O:ok M:mount-err:Publish(ReleaseTargetAlreadyReleased { unit: InstanceTable, device: De	mount-err:Publish(ReleaseTargetAlreadyReleased { unit: InstanceTable, device: De	same	I-3.9	[2, 2]	4	0	[0, 0]	7	163840	0	0	t1@50304:released-and-isolated
F6-map-bug-live-instance-table	N1A-any-isoAll-mem	FOO	F:noop O:ok O:ok	mount-err:Publish(ReleaseTargetAlreadyReleased { unit: InstanceTable, device: De	same	I-3.9	[2, 2]	4	0	[0, 0]	13	294912	0	0	t1@50304:released-and-isolated
F6-map-bug-live-instance-table	N1A-any-isoAll-mem	MFF	M:ok F:noop F:noop	ok	same	-	[0, 0]	0	0	[0, 0]	4	65536	0	0	-
F6-map-bug-live-instance-table	N1A-any-isoAll-mem	MFM	M:ok F:noop M:ok	ok	same	-	[0, 0]	0	0	[0, 0]	8	131072	0	0	-
F6-map-bug-live-instance-table	N1A-any-isoAll-mem	MFO	M:ok F:noop O:ok	ok	same	-	[0, 0]	0	0	[0, 0]	10	196608	0	0	-
F6-map-bug-live-instance-table	N1A-any-isoAll-mem	MMF	M:ok M:ok F:noop	ok	same	-	[0, 0]	0	0	[0, 0]	8	131072	0	0	-
F6-map-bug-live-instance-table	N1A-any-isoAll-mem	MMM	M:ok M:ok M:ok	ok	same	-	[0, 0]	0	0	[0, 0]	14	229376	0	0	-
F6-map-bug-live-instance-table	N1A-any-isoAll-mem	MMO	M:ok M:ok O:ok	ok	same	-	[0, 0]	0	0	[0, 0]	14	262144	0	0	-
F6-map-bug-live-instance-table	N1A-any-isoAll-mem	MOF	M:ok O:ok F:noop	ok	same	-	[0, 0]	0	0	[0, 0]	10	196608	0	0	-
F6-map-bug-live-instance-table	N1A-any-isoAll-mem	MOO	M:ok O:ok O:ok	ok	same	-	[0, 0]	0	0	[0, 0]	16	327680	0	0	-
F6-map-bug-live-instance-table	N1A-any-isoAll-mem	MOM	M:ok O:ok M:ok	ok	same	-	[0, 0]	0	0	[0, 0]	14	262144	0	0	-
F6-map-bug-live-instance-table	N1A-any-isoAll-mem	OFF	O:ok F:noop F:noop	mount-err:Publish(ReleaseTargetAlreadyReleased { unit: InstanceTable, device: De	same	I-3.9	[2, 2]	4	0	[0, 0]	7	163840	0	0	t1@50304:released-and-isolated
F6-map-bug-live-instance-table	N1A-any-isoAll-mem	OFO	O:ok F:noop O:ok	mount-err:Publish(ReleaseTargetAlreadyReleased { unit: InstanceTable, device: De	same	I-3.9	[2, 2]	4	0	[0, 0]	13	294912	0	0	t1@50304:released-and-isolated
F6-map-bug-live-instance-table	N1A-any-isoAll-mem	OFM	O:ok F:noop M:mount-err:Publish(ReleaseTargetAlreadyReleased { unit: InstanceTable, device: De	mount-err:Publish(ReleaseTargetAlreadyReleased { unit: InstanceTable, device: De	same	I-3.9	[2, 2]	4	0	[0, 0]	7	163840	0	0	t1@50304:released-and-isolated
F6-map-bug-live-instance-table	N1A-any-isoAll-mem	OMF	O:ok M:mount-err:Publish(ReleaseTargetAlreadyReleased { unit: InstanceTable, device: De F:refused(not-writable)	mount-err:Publish(ReleaseTargetAlreadyReleased { unit: InstanceTable, device: De	same	I-3.9	[2, 2]	4	0	[0, 0]	7	163840	0	0	t1@50304:released-and-isolated
F6-map-bug-live-instance-table	N1A-any-isoAll-mem	OMM	O:ok M:mount-err:Publish(ReleaseTargetAlreadyReleased { unit: InstanceTable, device: De M:mount-err:Publish(ReleaseTargetAlreadyReleased { unit: InstanceTable, device: De	mount-err:Publish(ReleaseTargetAlreadyReleased { unit: InstanceTable, device: De	same	I-3.9	[2, 2]	4	0	[0, 0]	7	163840	0	0	t1@50304:released-and-isolated
F6-map-bug-live-instance-table	N1A-any-isoAll-mem	OMO	O:ok M:mount-err:Publish(ReleaseTargetAlreadyReleased { unit: InstanceTable, device: De O:refused(not-writable)	mount-err:Publish(ReleaseTargetAlreadyReleased { unit: InstanceTable, device: De	same	I-3.9	[2, 2]	4	0	[0, 0]	7	163840	0	0	t1@50304:released-and-isolated
F6-map-bug-live-instance-table	N1A-any-isoAll-mem	OOM	O:ok O:ok M:mount-err:Publish(ReleaseTargetAlreadyReleased { unit: InstanceTable, device: De	mount-err:Publish(ReleaseTargetAlreadyReleased { unit: InstanceTable, device: De	same	I-3.9	[2, 2]	4	0	[0, 0]	13	294912	0	0	t1@50304:released-and-isolated
F6-map-bug-live-instance-table	N1A-any-isoAll-mem	OOF	O:ok O:ok F:ok(F=3,reclaimed=1)	mount-err:Publish(ReleaseTargetAlreadyReleased { unit: InstanceTable, device: De	same	I-3.9	[2, 2]	4	0	[0, 0]	17	360448	0	0	t1@50304:released-and-isolated
F6-map-bug-live-instance-table	N1A-any-isoAll-mem	OOO	O:ok O:ok O:ok	mount-err:Publish(ReleaseTargetAlreadyReleased { unit: InstanceTable, device: De	same	I-3.9	[2, 2]	4	0	[0, 0]	19	425984	0	0	t1@50304:released-and-isolated
F6-map-bug-live-instance-table	N1A-any-isoAll-mem	FF	F:noop F:noop	ok	same	-	[0, 0]	0	0	[0, 0]	0	0	0	0	-
F6-map-bug-live-instance-table	N1A-any-isoAll-mem	FM	F:noop M:ok	ok	same	-	[0, 0]	0	0	[0, 0]	4	65536	0	0	-
F6-map-bug-live-instance-table	N1A-any-isoAll-mem	FO	F:noop O:ok	mount-err:Publish(ReleaseTargetAlreadyReleased { unit: InstanceTable, device: De	same	I-3.9	[2, 2]	4	0	[0, 0]	7	163840	0	0	t1@50304:released-and-isolated
F6-map-bug-live-instance-table	N1A-any-isoAll-mem	MF	M:ok F:noop	ok	same	-	[0, 0]	0	0	[0, 0]	4	65536	0	0	-
F6-map-bug-live-instance-table	N1A-any-isoAll-mem	MM	M:ok M:ok	ok	same	-	[0, 0]	0	0	[0, 0]	8	131072	0	0	-
F6-map-bug-live-instance-table	N1A-any-isoAll-mem	OF	O:ok F:noop	mount-err:Publish(ReleaseTargetAlreadyReleased { unit: InstanceTable, device: De	same	I-3.9	[2, 2]	4	0	[0, 0]	7	163840	0	0	t1@50304:released-and-isolated
F6-map-bug-live-instance-table	N1A-any-isoAll-mem	MO	M:ok O:ok	ok	same	-	[0, 0]	0	0	[0, 0]	10	196608	0	0	-
F6-map-bug-live-instance-table	N1A-any-isoAll-mem	OM	O:ok M:mount-err:Publish(ReleaseTargetAlreadyReleased { unit: InstanceTable, device: De	mount-err:Publish(ReleaseTargetAlreadyReleased { unit: InstanceTable, device: De	same	I-3.9	[2, 2]	4	0	[0, 0]	7	163840	0	0	t1@50304:released-and-isolated
F6-map-bug-live-instance-table	N1A-any-isoAll-mem	OO	O:ok O:ok	mount-err:Publish(ReleaseTargetAlreadyReleased { unit: InstanceTable, device: De	same	I-3.9	[2, 2]	4	0	[0, 0]	13	294912	0	0	t1@50304:released-and-isolated
F6-map-bug-live-instance-table	N1A-any-isoAll-mem	F	F:noop	ok	same	-	[0, 0]	0	0	[0, 0]	0	0	0	0	-
F6-map-bug-live-instance-table	N1A-any-isoAll-mem	M	M:ok	ok	same	-	[0, 0]	0	0	[0, 0]	4	65536	0	0	-
F6-map-bug-live-instance-table	N1A-any-isoAll-mem	O	O:ok	mount-err:Publish(ReleaseTargetAlreadyReleased { unit: InstanceTable, device: De	same	I-3.9	[2, 2]	4	0	[0, 0]	7	163840	0	0	t1@50304:released-and-isolated
F5-rot-dev0	N1A-any-isoAll-mem	FFFF	F:noop F:noop F:noop F:noop	ok	same	I-2.1,I-4.8,I-7.4	[0, 0]	0	0	[0, 0]	0	0	0	0	-
F5-rot-dev0	N1A-any-isoAll-mem	FFFM	F:noop F:noop F:noop M:ok	ok	same	I-2.1,I-4.8,I-7.4	[0, 0]	0	0	[0, 0]	4	65536	0	0	-
F5-rot-dev0	N1A-any-isoAll-mem	FFFO	F:noop F:noop F:noop O:ok	ok	same	I-2.1,I-4.8,I-7.4	[0, 0]	0	0	[0, 0]	7	163840	0	0	-
F5-rot-dev0	N1A-any-isoAll-mem	FFMF	F:noop F:noop M:ok F:noop	ok	same	I-2.1,I-4.8,I-7.4	[0, 0]	0	0	[0, 0]	4	65536	0	0	-
F5-rot-dev0	N1A-any-isoAll-mem	FFMM	F:noop F:noop M:ok M:ok	ok	same	I-2.1,I-4.8,I-7.4	[0, 0]	0	0	[0, 0]	8	131072	0	0	-
F5-rot-dev0	N1A-any-isoAll-mem	FFMO	F:noop F:noop M:ok O:ok	ok	same	I-2.1,I-4.8,I-7.4	[0, 0]	0	0	[0, 0]	11	229376	0	0	-
F5-rot-dev0	N1A-any-isoAll-mem	FFOF	F:noop F:noop O:ok F:noop	ok	same	I-2.1,I-4.8,I-7.4	[0, 0]	0	0	[0, 0]	7	163840	0	0	-
F5-rot-dev0	N1A-any-isoAll-mem	FFOM	F:noop F:noop O:ok M:ok	ok	same	I-2.1,I-4.8,I-7.4	[0, 0]	0	0	[0, 0]	13	262144	0	0	-
F5-rot-dev0	N1A-any-isoAll-mem	FFOO	F:noop F:noop O:ok O:ok	ok	same	I-2.1,I-4.8,I-7.4	[0, 0]	0	0	[0, 0]	13	294912	0	0	-
F5-rot-dev0	N1A-any-isoAll-mem	FMFF	F:noop M:ok F:noop F:noop	ok	same	I-2.1,I-4.8,I-7.4	[0, 0]	0	0	[0, 0]	4	65536	0	0	-
F5-rot-dev0	N1A-any-isoAll-mem	FMFO	F:noop M:ok F:noop O:ok	ok	same	I-2.1,I-4.8,I-7.4	[0, 0]	0	0	[0, 0]	11	229376	0	0	-
F5-rot-dev0	N1A-any-isoAll-mem	FMFM	F:noop M:ok F:noop M:ok	ok	same	I-2.1,I-4.8,I-7.4	[0, 0]	0	0	[0, 0]	8	131072	0	0	-
F5-rot-dev0	N1A-any-isoAll-mem	FMMF	F:noop M:ok M:ok F:noop	ok	same	I-2.1,I-4.8,I-7.4	[0, 0]	0	0	[0, 0]	8	131072	0	0	-
F5-rot-dev0	N1A-any-isoAll-mem	FMMM	F:noop M:ok M:ok M:ok	ok	same	I-2.1,I-4.8,I-7.4	[0, 0]	0	0	[0, 0]	14	229376	0	0	-
F5-rot-dev0	N1A-any-isoAll-mem	FMOF	F:noop M:ok O:ok F:noop	ok	same	I-2.1,I-4.8,I-7.4	[0, 0]	0	0	[0, 0]	11	229376	0	0	-
F5-rot-dev0	N1A-any-isoAll-mem	FMMO	F:noop M:ok M:ok O:ok	ok	same	I-2.1,I-4.8,I-7.4	[0, 0]	0	0	[0, 0]	15	294912	0	0	-
F5-rot-dev0	N1A-any-isoAll-mem	FMOM	F:noop M:ok O:ok M:ok	ok	same	I-2.1,I-4.8,I-7.4	[0, 0]	0	0	[0, 0]	15	294912	0	0	-
F5-rot-dev0	N1A-any-isoAll-mem	FMOO	F:noop M:ok O:ok O:ok	ok	same	I-2.1,I-4.8,I-7.4	[0, 0]	0	0	[0, 0]	17	360448	0	0	-
F5-rot-dev0	N1A-any-isoAll-mem	FOFF	F:noop O:ok F:noop F:noop	ok	same	I-2.1,I-4.8,I-7.4	[0, 0]	0	0	[0, 0]	7	163840	0	0	-
F5-rot-dev0	N1A-any-isoAll-mem	FOFO	F:noop O:ok F:noop O:ok	ok	same	I-2.1,I-4.8,I-7.4	[0, 0]	0	0	[0, 0]	13	294912	0	0	-
F5-rot-dev0	N1A-any-isoAll-mem	FOFM	F:noop O:ok F:noop M:ok	ok	same	I-2.1,I-4.8,I-7.4	[0, 0]	0	0	[0, 0]	13	262144	0	0	-
F5-rot-dev0	N1A-any-isoAll-mem	FOMF	F:noop O:ok M:ok F:noop	ok	same	I-2.1,I-4.8,I-7.4	[0, 0]	0	0	[0, 0]	13	262144	0	0	-
F5-rot-dev0	N1A-any-isoAll-mem	FOMM	F:noop O:ok M:ok M:ok	ok	same	I-2.1,I-4.8,I-7.4	[0, 0]	0	0	[0, 0]	19	360448	0	0	-
F5-rot-dev0	N1A-any-isoAll-mem	FOOF	F:noop O:ok O:ok F:ok(F=3,reclaimed=1)	ok	same	I-2.1,I-4.8,I-7.4	[0, 0]	0	0	[0, 0]	17	360448	0	0	-
F5-rot-dev0	N1A-any-isoAll-mem	FOOM	F:noop O:ok O:ok M:ok	ok	same	I-2.1,I-4.8,I-7.4	[0, 0]	0	0	[0, 0]	17	360448	0	0	-
F5-rot-dev0	N1A-any-isoAll-mem	FOMO	F:noop O:ok M:ok O:ok	ok	same	I-2.1,I-4.8,I-7.4	[0, 0]	0	0	[0, 0]	19	393216	0	0	-
F5-rot-dev0	N1A-any-isoAll-mem	FOOO	F:noop O:ok O:ok O:ok	ok	same	I-2.1,I-4.8,I-7.4	[0, 0]	0	0	[0, 0]	19	425984	0	0	-
F5-rot-dev0	N1A-any-isoAll-mem	MFFF	M:ok F:noop F:noop F:noop	ok	same	I-2.1,I-4.8,I-7.4	[0, 0]	0	0	[0, 0]	4	65536	0	0	-
F5-rot-dev0	N1A-any-isoAll-mem	MFFM	M:ok F:noop F:noop M:ok	ok	same	I-2.1,I-4.8,I-7.4	[0, 0]	0	0	[0, 0]	8	131072	0	0	-
F5-rot-dev0	N1A-any-isoAll-mem	MFFO	M:ok F:noop F:noop O:ok	ok	same	I-2.1,I-4.8,I-7.4	[0, 0]	0	0	[0, 0]	11	229376	0	0	-
F5-rot-dev0	N1A-any-isoAll-mem	MFMF	M:ok F:noop M:ok F:noop	ok	same	I-2.1,I-4.8,I-7.4	[0, 0]	0	0	[0, 0]	8	131072	0	0	-
F5-rot-dev0	N1A-any-isoAll-mem	MFMM	M:ok F:noop M:ok M:ok	ok	same	I-2.1,I-4.8,I-7.4	[0, 0]	0	0	[0, 0]	14	229376	0	0	-
F5-rot-dev0	N1A-any-isoAll-mem	MFMO	M:ok F:noop M:ok O:ok	ok	same	I-2.1,I-4.8,I-7.4	[0, 0]	0	0	[0, 0]	15	294912	0	0	-
F5-rot-dev0	N1A-any-isoAll-mem	MFOF	M:ok F:noop O:ok F:noop	ok	same	I-2.1,I-4.8,I-7.4	[0, 0]	0	0	[0, 0]	11	229376	0	0	-
F5-rot-dev0	N1A-any-isoAll-mem	MFOO	M:ok F:noop O:ok O:ok	ok	same	I-2.1,I-4.8,I-7.4	[0, 0]	0	0	[0, 0]	17	360448	0	0	-
F5-rot-dev0	N1A-any-isoAll-mem	MFOM	M:ok F:noop O:ok M:ok	ok	same	I-2.1,I-4.8,I-7.4	[0, 0]	0	0	[0, 0]	15	294912	0	0	-
F5-rot-dev0	N1A-any-isoAll-mem	MMFF	M:ok M:ok F:noop F:noop	ok	same	I-2.1,I-4.8,I-7.4	[0, 0]	0	0	[0, 0]	8	131072	0	0	-
F5-rot-dev0	N1A-any-isoAll-mem	MMFM	M:ok M:ok F:noop M:ok	ok	same	I-2.1,I-4.8,I-7.4	[0, 0]	0	0	[0, 0]	14	229376	0	0	-
F5-rot-dev0	N1A-any-isoAll-mem	MMFO	M:ok M:ok F:noop O:ok	ok	same	I-2.1,I-4.8,I-7.4	[0, 0]	0	0	[0, 0]	15	294912	0	0	-
F5-rot-dev0	N1A-any-isoAll-mem	MMMF	M:ok M:ok M:ok F:noop	ok	same	I-2.1,I-4.8,I-7.4	[0, 0]	0	0	[0, 0]	14	229376	0	0	-
F5-rot-dev0	N1A-any-isoAll-mem	MMMM	M:ok M:ok M:ok M:ok	ok	same	I-2.1,I-4.8,I-7.4	[0, 0]	0	0	[0, 0]	20	327680	0	0	-
F5-rot-dev0	N1A-any-isoAll-mem	MMOF	M:ok M:ok O:ok F:noop	ok	same	I-2.1,I-4.8,I-7.4	[0, 0]	0	0	[0, 0]	15	294912	0	0	-
F5-rot-dev0	N1A-any-isoAll-mem	MMMO	M:ok M:ok M:ok O:ok	ok	same	I-2.1,I-4.8,I-7.4	[0, 0]	0	0	[0, 0]	21	393216	0	0	-
F5-rot-dev0	N1A-any-isoAll-mem	MMOO	M:ok M:ok O:ok O:ok	ok	same	I-2.1,I-4.8,I-7.4	[0, 0]	0	0	[0, 0]	21	425984	0	0	-
F5-rot-dev0	N1A-any-isoAll-mem	MMOM	M:ok M:ok O:ok M:ok	ok	same	I-2.1,I-4.8,I-7.4	[0, 0]	0	0	[0, 0]	19	360448	0	0	-
F5-rot-dev0	N1A-any-isoAll-mem	MOFF	M:ok O:ok F:noop F:noop	ok	same	I-2.1,I-4.8,I-7.4	[0, 0]	0	0	[0, 0]	11	229376	0	0	-
F5-rot-dev0	N1A-any-isoAll-mem	MOFM	M:ok O:ok F:noop M:ok	ok	same	I-2.1,I-4.8,I-7.4	[0, 0]	0	0	[0, 0]	15	294912	0	0	-
F5-rot-dev0	N1A-any-isoAll-mem	MOFO	M:ok O:ok F:noop O:ok	ok	same	I-2.1,I-4.8,I-7.4	[0, 0]	0	0	[0, 0]	17	360448	0	0	-
F5-rot-dev0	N1A-any-isoAll-mem	MOMF	M:ok O:ok M:ok F:noop	ok	same	I-2.1,I-4.8,I-7.4	[0, 0]	0	0	[0, 0]	15	294912	0	0	-
F5-rot-dev0	N1A-any-isoAll-mem	MOMO	M:ok O:ok M:ok O:ok	ok	same	I-2.1,I-4.8,I-7.4	[0, 0]	0	0	[0, 0]	21	425984	0	0	-
F5-rot-dev0	N1A-any-isoAll-mem	MOMM	M:ok O:ok M:ok M:ok	ok	same	I-2.1,I-4.8,I-7.4	[0, 0]	0	0	[0, 0]	19	360448	0	0	-
F5-rot-dev0	N1A-any-isoAll-mem	MOOM	M:ok O:ok O:ok M:ok	ok	same	I-2.1,I-4.8,I-7.4	[0, 0]	0	0	[0, 0]	23	458752	0	0	-
F5-rot-dev0	N1A-any-isoAll-mem	MOOF	M:ok O:ok O:ok F:ok(F=3,reclaimed=1)	ok	same	I-2.1,I-4.8,I-7.4	[0, 0]	0	0	[0, 0]	23	458752	0	0	-
F5-rot-dev0	N1A-any-isoAll-mem	MOOO	M:ok O:ok O:ok O:ok	ok	same	I-2.1,I-4.8,I-7.4	[0, 0]	0	0	[0, 0]	23	491520	0	0	-
F5-rot-dev0	N1A-any-isoAll-mem	OFFF	O:ok F:noop F:noop F:noop	ok	same	I-2.1,I-4.8,I-7.4	[0, 0]	0	0	[0, 0]	7	163840	0	0	-
F5-rot-dev0	N1A-any-isoAll-mem	OFFM	O:ok F:noop F:noop M:ok	ok	same	I-2.1,I-4.8,I-7.4	[0, 0]	0	0	[0, 0]	13	262144	0	0	-
F5-rot-dev0	N1A-any-isoAll-mem	OFFO	O:ok F:noop F:noop O:ok	ok	same	I-2.1,I-4.8,I-7.4	[0, 0]	0	0	[0, 0]	13	294912	0	0	-
F5-rot-dev0	N1A-any-isoAll-mem	OFMF	O:ok F:noop M:ok F:noop	ok	same	I-2.1,I-4.8,I-7.4	[0, 0]	0	0	[0, 0]	13	262144	0	0	-
F5-rot-dev0	N1A-any-isoAll-mem	OFMM	O:ok F:noop M:ok M:ok	ok	same	I-2.1,I-4.8,I-7.4	[0, 0]	0	0	[0, 0]	19	360448	0	0	-
F5-rot-dev0	N1A-any-isoAll-mem	OFMO	O:ok F:noop M:ok O:ok	ok	same	I-2.1,I-4.8,I-7.4	[0, 0]	0	0	[0, 0]	19	393216	0	0	-
F5-rot-dev0	N1A-any-isoAll-mem	OFOF	O:ok F:noop O:ok F:ok(F=3,reclaimed=1)	ok	same	I-2.1,I-4.8,I-7.4	[0, 0]	0	0	[0, 0]	17	360448	0	0	-
F5-rot-dev0	N1A-any-isoAll-mem	OFOM	O:ok F:noop O:ok M:ok	ok	same	I-2.1,I-4.8,I-7.4	[0, 0]	0	0	[0, 0]	17	360448	0	0	-
F5-rot-dev0	N1A-any-isoAll-mem	OFOO	O:ok F:noop O:ok O:ok	ok	same	I-2.1,I-4.8,I-7.4	[0, 0]	0	0	[0, 0]	19	425984	0	0	-
F5-rot-dev0	N1A-any-isoAll-mem	OMFF	O:ok M:ok F:noop F:noop	ok	same	I-2.1,I-4.8,I-7.4	[0, 0]	0	0	[0, 0]	13	262144	0	0	-
F5-rot-dev0	N1A-any-isoAll-mem	OMFO	O:ok M:ok F:noop O:ok	ok	same	I-2.1,I-4.8,I-7.4	[0, 0]	0	0	[0, 0]	19	393216	0	0	-
F5-rot-dev0	N1A-any-isoAll-mem	OMFM	O:ok M:ok F:noop M:ok	ok	same	I-2.1,I-4.8,I-7.4	[0, 0]	0	0	[0, 0]	19	360448	0	0	-
F5-rot-dev0	N1A-any-isoAll-mem	OMMF	O:ok M:ok M:ok F:noop	ok	same	I-2.1,I-4.8,I-7.4	[0, 0]	0	0	[0, 0]	19	360448	0	0	-
F5-rot-dev0	N1A-any-isoAll-mem	OMMM	O:ok M:ok M:ok M:ok	ok	same	I-2.1,I-4.8,I-7.4	[0, 0]	0	0	[0, 0]	25	458752	0	0	-
F5-rot-dev0	N1A-any-isoAll-mem	OMMO	O:ok M:ok M:ok O:ok	ok	same	I-2.1,I-4.8,I-7.4	[0, 0]	0	0	[0, 0]	25	491520	0	0	-
F5-rot-dev0	N1A-any-isoAll-mem	OMOF	O:ok M:ok O:ok F:ok(F=3,reclaimed=1)	ok	same	I-2.1,I-4.8,I-7.4	[0, 0]	0	0	[0, 0]	23	458752	0	0	-
F5-rot-dev0	N1A-any-isoAll-mem	OMOM	O:ok M:ok O:ok M:ok	ok	same	I-2.1,I-4.8,I-7.4	[0, 0]	0	0	[0, 0]	23	458752	0	0	-
F5-rot-dev0	N1A-any-isoAll-mem	OMOO	O:ok M:ok O:ok O:ok	ok	same	I-2.1,I-4.8,I-7.4	[0, 0]	0	0	[0, 0]	25	524288	0	0	-
F5-rot-dev0	N1A-any-isoAll-mem	OOFF	O:ok O:ok F:ok(F=3,reclaimed=1) F:noop	ok	same	I-2.1,I-4.8,I-7.4	[0, 0]	0	0	[0, 0]	17	360448	0	0	-
F5-rot-dev0	N1A-any-isoAll-mem	OOFM	O:ok O:ok F:ok(F=3,reclaimed=1) M:ok	ok	same	I-2.1,I-4.8,I-7.4	[0, 0]	0	0	[0, 0]	23	458752	0	0	-
F5-rot-dev0	N1A-any-isoAll-mem	OOFO	O:ok O:ok F:ok(F=3,reclaimed=1) O:ok	ok	same	I-2.1,I-4.8,I-7.4	[0, 0]	0	0	[0, 0]	23	491520	0	0	-
F5-rot-dev0	N1A-any-isoAll-mem	OOMF	O:ok O:ok M:ok F:ok(F=3,reclaimed=1)	ok	same	I-2.1,I-4.8,I-7.4	[0, 0]	0	0	[0, 0]	23	458752	0	0	-
F5-rot-dev0	N1A-any-isoAll-mem	OOMM	O:ok O:ok M:ok M:ok	ok	same	I-2.1,I-4.8,I-7.4	[0, 0]	0	0	[0, 0]	23	458752	0	0	-
F5-rot-dev0	N1A-any-isoAll-mem	OOMO	O:ok O:ok M:ok O:ok	ok	same	I-2.1,I-4.8,I-7.4	[0, 0]	0	0	[0, 0]	23	491520	0	0	-
F5-rot-dev0	N1A-any-isoAll-mem	OOOF	O:ok O:ok O:ok F:ok(F=6,reclaimed=18)	ok	same	I-2.1,I-4.8,I-7.4	[0, 0]	0	0	[0, 0]	23	491520	0	0	-
F5-rot-dev0	N1A-any-isoAll-mem	OOOO	O:ok O:ok O:ok O:ok	ok	same	I-2.1,I-4.8,I-7.4	[0, 0]	0	0	[0, 0]	25	557056	0	0	-
F5-rot-dev0	N1A-any-isoAll-mem	OOOM	O:ok O:ok O:ok M:ok	ok	same	I-2.1,I-4.8,I-7.4	[0, 0]	0	0	[0, 0]	23	491520	0	0	-
F5-rot-dev0	N1A-any-isoAll-mem	FFF	F:noop F:noop F:noop	ok	same	I-2.1,I-4.8,I-7.4	[0, 0]	0	0	[0, 0]	0	0	0	0	-
F5-rot-dev0	N1A-any-isoAll-mem	FFO	F:noop F:noop O:ok	ok	same	I-2.1,I-4.8,I-7.4	[0, 0]	0	0	[0, 0]	7	163840	0	0	-
F5-rot-dev0	N1A-any-isoAll-mem	FFM	F:noop F:noop M:ok	ok	same	I-2.1,I-4.8,I-7.4	[0, 0]	0	0	[0, 0]	4	65536	0	0	-
F5-rot-dev0	N1A-any-isoAll-mem	FMF	F:noop M:ok F:noop	ok	same	I-2.1,I-4.8,I-7.4	[0, 0]	0	0	[0, 0]	4	65536	0	0	-
F5-rot-dev0	N1A-any-isoAll-mem	FMM	F:noop M:ok M:ok	ok	same	I-2.1,I-4.8,I-7.4	[0, 0]	0	0	[0, 0]	8	131072	0	0	-
F5-rot-dev0	N1A-any-isoAll-mem	FMO	F:noop M:ok O:ok	ok	same	I-2.1,I-4.8,I-7.4	[0, 0]	0	0	[0, 0]	11	229376	0	0	-
F5-rot-dev0	N1A-any-isoAll-mem	FOF	F:noop O:ok F:noop	ok	same	I-2.1,I-4.8,I-7.4	[0, 0]	0	0	[0, 0]	7	163840	0	0	-
F5-rot-dev0	N1A-any-isoAll-mem	FOO	F:noop O:ok O:ok	ok	same	I-2.1,I-4.8,I-7.4	[0, 0]	0	0	[0, 0]	13	294912	0	0	-
F5-rot-dev0	N1A-any-isoAll-mem	FOM	F:noop O:ok M:ok	ok	same	I-2.1,I-4.8,I-7.4	[0, 0]	0	0	[0, 0]	13	262144	0	0	-
F5-rot-dev0	N1A-any-isoAll-mem	MFF	M:ok F:noop F:noop	ok	same	I-2.1,I-4.8,I-7.4	[0, 0]	0	0	[0, 0]	4	65536	0	0	-
F5-rot-dev0	N1A-any-isoAll-mem	MFM	M:ok F:noop M:ok	ok	same	I-2.1,I-4.8,I-7.4	[0, 0]	0	0	[0, 0]	8	131072	0	0	-
F5-rot-dev0	N1A-any-isoAll-mem	MFO	M:ok F:noop O:ok	ok	same	I-2.1,I-4.8,I-7.4	[0, 0]	0	0	[0, 0]	11	229376	0	0	-
F5-rot-dev0	N1A-any-isoAll-mem	MMF	M:ok M:ok F:noop	ok	same	I-2.1,I-4.8,I-7.4	[0, 0]	0	0	[0, 0]	8	131072	0	0	-
F5-rot-dev0	N1A-any-isoAll-mem	MMM	M:ok M:ok M:ok	ok	same	I-2.1,I-4.8,I-7.4	[0, 0]	0	0	[0, 0]	14	229376	0	0	-
F5-rot-dev0	N1A-any-isoAll-mem	MMO	M:ok M:ok O:ok	ok	same	I-2.1,I-4.8,I-7.4	[0, 0]	0	0	[0, 0]	15	294912	0	0	-
F5-rot-dev0	N1A-any-isoAll-mem	MOF	M:ok O:ok F:noop	ok	same	I-2.1,I-4.8,I-7.4	[0, 0]	0	0	[0, 0]	11	229376	0	0	-
F5-rot-dev0	N1A-any-isoAll-mem	MOM	M:ok O:ok M:ok	ok	same	I-2.1,I-4.8,I-7.4	[0, 0]	0	0	[0, 0]	15	294912	0	0	-
F5-rot-dev0	N1A-any-isoAll-mem	OFF	O:ok F:noop F:noop	ok	same	I-2.1,I-4.8,I-7.4	[0, 0]	0	0	[0, 0]	7	163840	0	0	-
F5-rot-dev0	N1A-any-isoAll-mem	MOO	M:ok O:ok O:ok	ok	same	I-2.1,I-4.8,I-7.4	[0, 0]	0	0	[0, 0]	17	360448	0	0	-
F5-rot-dev0	N1A-any-isoAll-mem	OFO	O:ok F:noop O:ok	ok	same	I-2.1,I-4.8,I-7.4	[0, 0]	0	0	[0, 0]	13	294912	0	0	-
F5-rot-dev0	N1A-any-isoAll-mem	OFM	O:ok F:noop M:ok	ok	same	I-2.1,I-4.8,I-7.4	[0, 0]	0	0	[0, 0]	13	262144	0	0	-
F5-rot-dev0	N1A-any-isoAll-mem	OMF	O:ok M:ok F:noop	ok	same	I-2.1,I-4.8,I-7.4	[0, 0]	0	0	[0, 0]	13	262144	0	0	-
F5-rot-dev0	N1A-any-isoAll-mem	OMM	O:ok M:ok M:ok	ok	same	I-2.1,I-4.8,I-7.4	[0, 0]	0	0	[0, 0]	19	360448	0	0	-
F5-rot-dev0	N1A-any-isoAll-mem	OMO	O:ok M:ok O:ok	ok	same	I-2.1,I-4.8,I-7.4	[0, 0]	0	0	[0, 0]	19	393216	0	0	-
F5-rot-dev0	N1A-any-isoAll-mem	OOF	O:ok O:ok F:ok(F=3,reclaimed=1)	ok	same	I-2.1,I-4.8,I-7.4	[0, 0]	0	0	[0, 0]	17	360448	0	0	-
F5-rot-dev0	N1A-any-isoAll-mem	OOM	O:ok O:ok M:ok	ok	same	I-2.1,I-4.8,I-7.4	[0, 0]	0	0	[0, 0]	17	360448	0	0	-
F5-rot-dev0	N1A-any-isoAll-mem	OOO	O:ok O:ok O:ok	ok	same	I-2.1,I-4.8,I-7.4	[0, 0]	0	0	[0, 0]	19	425984	0	0	-
F5-rot-dev0	N1A-any-isoAll-mem	FF	F:noop F:noop	ok	same	I-2.1,I-4.8,I-7.4	[0, 0]	0	0	[0, 0]	0	0	0	0	-
F5-rot-dev0	N1A-any-isoAll-mem	FM	F:noop M:ok	ok	same	I-2.1,I-4.8,I-7.4	[0, 0]	0	0	[0, 0]	4	65536	0	0	-
F5-rot-dev0	N1A-any-isoAll-mem	FO	F:noop O:ok	ok	same	I-2.1,I-4.8,I-7.4	[0, 0]	0	0	[0, 0]	7	163840	0	0	-
F5-rot-dev0	N1A-any-isoAll-mem	MF	M:ok F:noop	ok	same	I-2.1,I-4.8,I-7.4	[0, 0]	0	0	[0, 0]	4	65536	0	0	-
F5-rot-dev0	N1A-any-isoAll-mem	MM	M:ok M:ok	ok	same	I-2.1,I-4.8,I-7.4	[0, 0]	0	0	[0, 0]	8	131072	0	0	-
F5-rot-dev0	N1A-any-isoAll-mem	OF	O:ok F:noop	ok	same	I-2.1,I-4.8,I-7.4	[0, 0]	0	0	[0, 0]	7	163840	0	0	-
F5-rot-dev0	N1A-any-isoAll-mem	MO	M:ok O:ok	ok	same	I-2.1,I-4.8,I-7.4	[0, 0]	0	0	[0, 0]	11	229376	0	0	-
F5-rot-dev0	N1A-any-isoAll-mem	OO	O:ok O:ok	ok	same	I-2.1,I-4.8,I-7.4	[0, 0]	0	0	[0, 0]	13	294912	0	0	-
F5-rot-dev0	N1A-any-isoAll-mem	OM	O:ok M:ok	ok	same	I-2.1,I-4.8,I-7.4	[0, 0]	0	0	[0, 0]	13	262144	0	0	-
F5-rot-dev0	N1A-any-isoAll-mem	F	F:noop	ok	same	I-2.1,I-4.8,I-7.4	[0, 0]	0	0	[0, 0]	0	0	0	0	-
F5-rot-dev0	N1A-any-isoAll-mem	M	M:ok	ok	same	I-2.1,I-4.8,I-7.4	[0, 0]	0	0	[0, 0]	4	65536	0	0	-
F4-rot-both	N1A-any-isoAll-mem	FFFF	F:noop F:noop F:noop F:noop	mount-err:Recovery(UnitUnreadable { slot: SlotNumber(50182) })	fail:Failed { root: Some((InstanceGeneration(2), CheckpointTxg(6))), failur	I-2.1,I-4.8,I-7.2,I-7.4	[0, 0]	0	0	[0, 0]	0	0	0	0	-
F5-rot-dev0	N1A-any-isoAll-mem	O	O:ok	ok	same	I-2.1,I-4.8,I-7.4	[0, 0]	0	0	[0, 0]	7	163840	0	0	-
F4-rot-both	N1A-any-isoAll-mem	FFFO	F:noop F:noop F:noop O:ok	ok	same	I-2.1,I-4.8,I-7.4	[2, 2]	4	0	[0, 0]	7	163840	0	0	t1@50182:released-and-isolated
F4-rot-both	N1A-any-isoAll-mem	FFFM	F:noop F:noop F:noop M:mount-err:Recovery(UnitUnreadable { slot: SlotNumber(50182) })	mount-err:Recovery(UnitUnreadable { slot: SlotNumber(50182) })	fail:Failed { root: Some((InstanceGeneration(2), CheckpointTxg(6))), failur	I-2.1,I-4.8,I-7.2,I-7.4	[0, 0]	0	0	[0, 0]	0	0	0	0	-
F4-rot-both	N1A-any-isoAll-mem	FFMF	F:noop F:noop M:mount-err:Recovery(UnitUnreadable { slot: SlotNumber(50182) }) F:refused(not-writable)	mount-err:Recovery(UnitUnreadable { slot: SlotNumber(50182) })	fail:Failed { root: Some((InstanceGeneration(2), CheckpointTxg(6))), failur	I-2.1,I-4.8,I-7.2,I-7.4	[0, 0]	0	0	[0, 0]	0	0	0	0	-
F4-rot-both	N1A-any-isoAll-mem	FFMM	F:noop F:noop M:mount-err:Recovery(UnitUnreadable { slot: SlotNumber(50182) }) M:mount-err:Recovery(UnitUnreadable { slot: SlotNumber(50182) })	mount-err:Recovery(UnitUnreadable { slot: SlotNumber(50182) })	fail:Failed { root: Some((InstanceGeneration(2), CheckpointTxg(6))), failur	I-2.1,I-4.8,I-7.2,I-7.4	[0, 0]	0	0	[0, 0]	0	0	0	0	-
F4-rot-both	N1A-any-isoAll-mem	FFOF	F:noop F:noop O:ok F:noop	ok	same	I-2.1,I-4.8,I-7.4	[2, 2]	4	0	[0, 0]	7	163840	0	0	t1@50182:released-and-isolated
F4-rot-both	N1A-any-isoAll-mem	FFMO	F:noop F:noop M:mount-err:Recovery(UnitUnreadable { slot: SlotNumber(50182) }) O:refused(not-writable)	mount-err:Recovery(UnitUnreadable { slot: SlotNumber(50182) })	fail:Failed { root: Some((InstanceGeneration(2), CheckpointTxg(6))), failur	I-2.1,I-4.8,I-7.2,I-7.4	[0, 0]	0	0	[0, 0]	0	0	0	0	-
F4-rot-both	N1A-any-isoAll-mem	FFOO	F:noop F:noop O:ok O:ok	ok	same	I-2.1,I-4.8,I-7.4	[2, 2]	4	0	[0, 0]	13	294912	0	0	t1@50182:released-and-isolated
F4-rot-both	N1A-any-isoAll-mem	FFOM	F:noop F:noop O:ok M:ok	ok	same	I-2.1,I-4.8,I-7.4	[0, 0]	4	0	[0, 0]	13	262144	0	0	t1@50182:released-and-isolated
F4-rot-both	N1A-any-isoAll-mem	FMFF	F:noop M:mount-err:Recovery(UnitUnreadable { slot: SlotNumber(50182) }) F:refused(not-writable) F:refused(not-writable)	mount-err:Recovery(UnitUnreadable { slot: SlotNumber(50182) })	fail:Failed { root: Some((InstanceGeneration(2), CheckpointTxg(6))), failur	I-2.1,I-4.8,I-7.2,I-7.4	[0, 0]	0	0	[0, 0]	0	0	0	0	-
F4-rot-both	N1A-any-isoAll-mem	FMFM	F:noop M:mount-err:Recovery(UnitUnreadable { slot: SlotNumber(50182) }) F:refused(not-writable) M:mount-err:Recovery(UnitUnreadable { slot: SlotNumber(50182) })	mount-err:Recovery(UnitUnreadable { slot: SlotNumber(50182) })	fail:Failed { root: Some((InstanceGeneration(2), CheckpointTxg(6))), failur	I-2.1,I-4.8,I-7.2,I-7.4	[0, 0]	0	0	[0, 0]	0	0	0	0	-
F4-rot-both	N1A-any-isoAll-mem	FMFO	F:noop M:mount-err:Recovery(UnitUnreadable { slot: SlotNumber(50182) }) F:refused(not-writable) O:refused(not-writable)	mount-err:Recovery(UnitUnreadable { slot: SlotNumber(50182) })	fail:Failed { root: Some((InstanceGeneration(2), CheckpointTxg(6))), failur	I-2.1,I-4.8,I-7.2,I-7.4	[0, 0]	0	0	[0, 0]	0	0	0	0	-
F4-rot-both	N1A-any-isoAll-mem	FMMF	F:noop M:mount-err:Recovery(UnitUnreadable { slot: SlotNumber(50182) }) M:mount-err:Recovery(UnitUnreadable { slot: SlotNumber(50182) }) F:refused(not-writable)	mount-err:Recovery(UnitUnreadable { slot: SlotNumber(50182) })	fail:Failed { root: Some((InstanceGeneration(2), CheckpointTxg(6))), failur	I-2.1,I-4.8,I-7.2,I-7.4	[0, 0]	0	0	[0, 0]	0	0	0	0	-
F4-rot-both	N1A-any-isoAll-mem	FMMO	F:noop M:mount-err:Recovery(UnitUnreadable { slot: SlotNumber(50182) }) M:mount-err:Recovery(UnitUnreadable { slot: SlotNumber(50182) }) O:refused(not-writable)	mount-err:Recovery(UnitUnreadable { slot: SlotNumber(50182) })	fail:Failed { root: Some((InstanceGeneration(2), CheckpointTxg(6))), failur	I-2.1,I-4.8,I-7.2,I-7.4	[0, 0]	0	0	[0, 0]	0	0	0	0	-
F4-rot-both	N1A-any-isoAll-mem	FMMM	F:noop M:mount-err:Recovery(UnitUnreadable { slot: SlotNumber(50182) }) M:mount-err:Recovery(UnitUnreadable { slot: SlotNumber(50182) }) M:mount-err:Recovery(UnitUnreadable { slot: SlotNumber(50182) })	mount-err:Recovery(UnitUnreadable { slot: SlotNumber(50182) })	fail:Failed { root: Some((InstanceGeneration(2), CheckpointTxg(6))), failur	I-2.1,I-4.8,I-7.2,I-7.4	[0, 0]	0	0	[0, 0]	0	0	0	0	-
F4-rot-both	N1A-any-isoAll-mem	FMOF	F:noop M:mount-err:Recovery(UnitUnreadable { slot: SlotNumber(50182) }) O:refused(not-writable) F:refused(not-writable)	mount-err:Recovery(UnitUnreadable { slot: SlotNumber(50182) })	fail:Failed { root: Some((InstanceGeneration(2), CheckpointTxg(6))), failur	I-2.1,I-4.8,I-7.2,I-7.4	[0, 0]	0	0	[0, 0]	0	0	0	0	-
F4-rot-both	N1A-any-isoAll-mem	FMOM	F:noop M:mount-err:Recovery(UnitUnreadable { slot: SlotNumber(50182) }) O:refused(not-writable) M:mount-err:Recovery(UnitUnreadable { slot: SlotNumber(50182) })	mount-err:Recovery(UnitUnreadable { slot: SlotNumber(50182) })	fail:Failed { root: Some((InstanceGeneration(2), CheckpointTxg(6))), failur	I-2.1,I-4.8,I-7.2,I-7.4	[0, 0]	0	0	[0, 0]	0	0	0	0	-
F4-rot-both	N1A-any-isoAll-mem	FOFF	F:noop O:ok F:noop F:noop	ok	same	I-2.1,I-4.8,I-7.4	[2, 2]	4	0	[0, 0]	7	163840	0	0	t1@50182:released-and-isolated
F4-rot-both	N1A-any-isoAll-mem	FMOO	F:noop M:mount-err:Recovery(UnitUnreadable { slot: SlotNumber(50182) }) O:refused(not-writable) O:refused(not-writable)	mount-err:Recovery(UnitUnreadable { slot: SlotNumber(50182) })	fail:Failed { root: Some((InstanceGeneration(2), CheckpointTxg(6))), failur	I-2.1,I-4.8,I-7.2,I-7.4	[0, 0]	0	0	[0, 0]	0	0	0	0	-
F4-rot-both	N1A-any-isoAll-mem	FOFO	F:noop O:ok F:noop O:ok	ok	same	I-2.1,I-4.8,I-7.4	[2, 2]	4	0	[0, 0]	13	294912	0	0	t1@50182:released-and-isolated
F4-rot-both	N1A-any-isoAll-mem	FOFM	F:noop O:ok F:noop M:ok	ok	same	I-2.1,I-4.8,I-7.4	[0, 0]	4	0	[0, 0]	13	262144	0	0	t1@50182:released-and-isolated
F4-rot-both	N1A-any-isoAll-mem	FOMF	F:noop O:ok M:ok F:noop	ok	same	I-2.1,I-4.8,I-7.4	[0, 0]	4	0	[0, 0]	13	262144	0	0	t1@50182:released-and-isolated
F4-rot-both	N1A-any-isoAll-mem	FOMM	F:noop O:ok M:ok M:ok	ok	same	I-2.1,I-4.8,I-7.4	[0, 0]	4	0	[0, 0]	19	360448	0	0	t1@50182:released-and-isolated
F4-rot-both	N1A-any-isoAll-mem	FOOF	F:noop O:ok O:ok F:ok(F=3,reclaimed=1)	ok	same	I-2.1,I-4.8,I-7.4	[2, 2]	4	0	[0, 0]	17	360448	0	0	t1@50182:released-and-isolated
F4-rot-both	N1A-any-isoAll-mem	FOMO	F:noop O:ok M:ok O:ok	ok	same	I-2.1,I-4.8,I-7.4	[0, 0]	4	0	[0, 0]	19	393216	0	0	t1@50182:released-and-isolated
F4-rot-both	N1A-any-isoAll-mem	FOOO	F:noop O:ok O:ok O:ok	ok	same	I-2.1,I-4.8,I-7.4	[2, 2]	4	0	[0, 0]	19	425984	0	0	t1@50182:released-and-isolated
F4-rot-both	N1A-any-isoAll-mem	FOOM	F:noop O:ok O:ok M:ok	ok	same	I-2.1,I-4.8,I-7.4	[0, 0]	4	0	[0, 0]	17	360448	0	0	t1@50182:released-and-isolated
F4-rot-both	N1A-any-isoAll-mem	MFFF	M:mount-err:Recovery(UnitUnreadable { slot: SlotNumber(50182) }) F:refused(not-writable) F:refused(not-writable) F:refused(not-writable)	mount-err:Recovery(UnitUnreadable { slot: SlotNumber(50182) })	fail:Failed { root: Some((InstanceGeneration(2), CheckpointTxg(6))), failur	I-2.1,I-4.8,I-7.2,I-7.4	[0, 0]	0	0	[0, 0]	0	0	0	0	-
F4-rot-both	N1A-any-isoAll-mem	MFFM	M:mount-err:Recovery(UnitUnreadable { slot: SlotNumber(50182) }) F:refused(not-writable) F:refused(not-writable) M:mount-err:Recovery(UnitUnreadable { slot: SlotNumber(50182) })	mount-err:Recovery(UnitUnreadable { slot: SlotNumber(50182) })	fail:Failed { root: Some((InstanceGeneration(2), CheckpointTxg(6))), failur	I-2.1,I-4.8,I-7.2,I-7.4	[0, 0]	0	0	[0, 0]	0	0	0	0	-
F4-rot-both	N1A-any-isoAll-mem	MFFO	M:mount-err:Recovery(UnitUnreadable { slot: SlotNumber(50182) }) F:refused(not-writable) F:refused(not-writable) O:refused(not-writable)	mount-err:Recovery(UnitUnreadable { slot: SlotNumber(50182) })	fail:Failed { root: Some((InstanceGeneration(2), CheckpointTxg(6))), failur	I-2.1,I-4.8,I-7.2,I-7.4	[0, 0]	0	0	[0, 0]	0	0	0	0	-
F4-rot-both	N1A-any-isoAll-mem	MFMF	M:mount-err:Recovery(UnitUnreadable { slot: SlotNumber(50182) }) F:refused(not-writable) M:mount-err:Recovery(UnitUnreadable { slot: SlotNumber(50182) }) F:refused(not-writable)	mount-err:Recovery(UnitUnreadable { slot: SlotNumber(50182) })	fail:Failed { root: Some((InstanceGeneration(2), CheckpointTxg(6))), failur	I-2.1,I-4.8,I-7.2,I-7.4	[0, 0]	0	0	[0, 0]	0	0	0	0	-
F4-rot-both	N1A-any-isoAll-mem	MFMO	M:mount-err:Recovery(UnitUnreadable { slot: SlotNumber(50182) }) F:refused(not-writable) M:mount-err:Recovery(UnitUnreadable { slot: SlotNumber(50182) }) O:refused(not-writable)	mount-err:Recovery(UnitUnreadable { slot: SlotNumber(50182) })	fail:Failed { root: Some((InstanceGeneration(2), CheckpointTxg(6))), failur	I-2.1,I-4.8,I-7.2,I-7.4	[0, 0]	0	0	[0, 0]	0	0	0	0	-
F4-rot-both	N1A-any-isoAll-mem	MFMM	M:mount-err:Recovery(UnitUnreadable { slot: SlotNumber(50182) }) F:refused(not-writable) M:mount-err:Recovery(UnitUnreadable { slot: SlotNumber(50182) }) M:mount-err:Recovery(UnitUnreadable { slot: SlotNumber(50182) })	mount-err:Recovery(UnitUnreadable { slot: SlotNumber(50182) })	fail:Failed { root: Some((InstanceGeneration(2), CheckpointTxg(6))), failur	I-2.1,I-4.8,I-7.2,I-7.4	[0, 0]	0	0	[0, 0]	0	0	0	0	-
F4-rot-both	N1A-any-isoAll-mem	MFOF	M:mount-err:Recovery(UnitUnreadable { slot: SlotNumber(50182) }) F:refused(not-writable) O:refused(not-writable) F:refused(not-writable)	mount-err:Recovery(UnitUnreadable { slot: SlotNumber(50182) })	fail:Failed { root: Some((InstanceGeneration(2), CheckpointTxg(6))), failur	I-2.1,I-4.8,I-7.2,I-7.4	[0, 0]	0	0	[0, 0]	0	0	0	0	-
F4-rot-both	N1A-any-isoAll-mem	MFOM	M:mount-err:Recovery(UnitUnreadable { slot: SlotNumber(50182) }) F:refused(not-writable) O:refused(not-writable) M:mount-err:Recovery(UnitUnreadable { slot: SlotNumber(50182) })	mount-err:Recovery(UnitUnreadable { slot: SlotNumber(50182) })	fail:Failed { root: Some((InstanceGeneration(2), CheckpointTxg(6))), failur	I-2.1,I-4.8,I-7.2,I-7.4	[0, 0]	0	0	[0, 0]	0	0	0	0	-
F4-rot-both	N1A-any-isoAll-mem	MFOO	M:mount-err:Recovery(UnitUnreadable { slot: SlotNumber(50182) }) F:refused(not-writable) O:refused(not-writable) O:refused(not-writable)	mount-err:Recovery(UnitUnreadable { slot: SlotNumber(50182) })	fail:Failed { root: Some((InstanceGeneration(2), CheckpointTxg(6))), failur	I-2.1,I-4.8,I-7.2,I-7.4	[0, 0]	0	0	[0, 0]	0	0	0	0	-
F4-rot-both	N1A-any-isoAll-mem	MMFF	M:mount-err:Recovery(UnitUnreadable { slot: SlotNumber(50182) }) M:mount-err:Recovery(UnitUnreadable { slot: SlotNumber(50182) }) F:refused(not-writable) F:refused(not-writable)	mount-err:Recovery(UnitUnreadable { slot: SlotNumber(50182) })	fail:Failed { root: Some((InstanceGeneration(2), CheckpointTxg(6))), failur	I-2.1,I-4.8,I-7.2,I-7.4	[0, 0]	0	0	[0, 0]	0	0	0	0	-
F4-rot-both	N1A-any-isoAll-mem	MMFO	M:mount-err:Recovery(UnitUnreadable { slot: SlotNumber(50182) }) M:mount-err:Recovery(UnitUnreadable { slot: SlotNumber(50182) }) F:refused(not-writable) O:refused(not-writable)	mount-err:Recovery(UnitUnreadable { slot: SlotNumber(50182) })	fail:Failed { root: Some((InstanceGeneration(2), CheckpointTxg(6))), failur	I-2.1,I-4.8,I-7.2,I-7.4	[0, 0]	0	0	[0, 0]	0	0	0	0	-
F4-rot-both	N1A-any-isoAll-mem	MMFM	M:mount-err:Recovery(UnitUnreadable { slot: SlotNumber(50182) }) M:mount-err:Recovery(UnitUnreadable { slot: SlotNumber(50182) }) F:refused(not-writable) M:mount-err:Recovery(UnitUnreadable { slot: SlotNumber(50182) })	mount-err:Recovery(UnitUnreadable { slot: SlotNumber(50182) })	fail:Failed { root: Some((InstanceGeneration(2), CheckpointTxg(6))), failur	I-2.1,I-4.8,I-7.2,I-7.4	[0, 0]	0	0	[0, 0]	0	0	0	0	-
F4-rot-both	N1A-any-isoAll-mem	MMMF	M:mount-err:Recovery(UnitUnreadable { slot: SlotNumber(50182) }) M:mount-err:Recovery(UnitUnreadable { slot: SlotNumber(50182) }) M:mount-err:Recovery(UnitUnreadable { slot: SlotNumber(50182) }) F:refused(not-writable)	mount-err:Recovery(UnitUnreadable { slot: SlotNumber(50182) })	fail:Failed { root: Some((InstanceGeneration(2), CheckpointTxg(6))), failur	I-2.1,I-4.8,I-7.2,I-7.4	[0, 0]	0	0	[0, 0]	0	0	0	0	-
F4-rot-both	N1A-any-isoAll-mem	MMMM	M:mount-err:Recovery(UnitUnreadable { slot: SlotNumber(50182) }) M:mount-err:Recovery(UnitUnreadable { slot: SlotNumber(50182) }) M:mount-err:Recovery(UnitUnreadable { slot: SlotNumber(50182) }) M:mount-err:Recovery(UnitUnreadable { slot: SlotNumber(50182) })	mount-err:Recovery(UnitUnreadable { slot: SlotNumber(50182) })	fail:Failed { root: Some((InstanceGeneration(2), CheckpointTxg(6))), failur	I-2.1,I-4.8,I-7.2,I-7.4	[0, 0]	0	0	[0, 0]	0	0	0	0	-
F4-rot-both	N1A-any-isoAll-mem	MMMO	M:mount-err:Recovery(UnitUnreadable { slot: SlotNumber(50182) }) M:mount-err:Recovery(UnitUnreadable { slot: SlotNumber(50182) }) M:mount-err:Recovery(UnitUnreadable { slot: SlotNumber(50182) }) O:refused(not-writable)	mount-err:Recovery(UnitUnreadable { slot: SlotNumber(50182) })	fail:Failed { root: Some((InstanceGeneration(2), CheckpointTxg(6))), failur	I-2.1,I-4.8,I-7.2,I-7.4	[0, 0]	0	0	[0, 0]	0	0	0	0	-
F4-rot-both	N1A-any-isoAll-mem	MMOF	M:mount-err:Recovery(UnitUnreadable { slot: SlotNumber(50182) }) M:mount-err:Recovery(UnitUnreadable { slot: SlotNumber(50182) }) O:refused(not-writable) F:refused(not-writable)	mount-err:Recovery(UnitUnreadable { slot: SlotNumber(50182) })	fail:Failed { root: Some((InstanceGeneration(2), CheckpointTxg(6))), failur	I-2.1,I-4.8,I-7.2,I-7.4	[0, 0]	0	0	[0, 0]	0	0	0	0	-
F4-rot-both	N1A-any-isoAll-mem	MMOM	M:mount-err:Recovery(UnitUnreadable { slot: SlotNumber(50182) }) M:mount-err:Recovery(UnitUnreadable { slot: SlotNumber(50182) }) O:refused(not-writable) M:mount-err:Recovery(UnitUnreadable { slot: SlotNumber(50182) })	mount-err:Recovery(UnitUnreadable { slot: SlotNumber(50182) })	fail:Failed { root: Some((InstanceGeneration(2), CheckpointTxg(6))), failur	I-2.1,I-4.8,I-7.2,I-7.4	[0, 0]	0	0	[0, 0]	0	0	0	0	-
F4-rot-both	N1A-any-isoAll-mem	MMOO	M:mount-err:Recovery(UnitUnreadable { slot: SlotNumber(50182) }) M:mount-err:Recovery(UnitUnreadable { slot: SlotNumber(50182) }) O:refused(not-writable) O:refused(not-writable)	mount-err:Recovery(UnitUnreadable { slot: SlotNumber(50182) })	fail:Failed { root: Some((InstanceGeneration(2), CheckpointTxg(6))), failur	I-2.1,I-4.8,I-7.2,I-7.4	[0, 0]	0	0	[0, 0]	0	0	0	0	-
F4-rot-both	N1A-any-isoAll-mem	MOFF	M:mount-err:Recovery(UnitUnreadable { slot: SlotNumber(50182) }) O:refused(not-writable) F:refused(not-writable) F:refused(not-writable)	mount-err:Recovery(UnitUnreadable { slot: SlotNumber(50182) })	fail:Failed { root: Some((InstanceGeneration(2), CheckpointTxg(6))), failur	I-2.1,I-4.8,I-7.2,I-7.4	[0, 0]	0	0	[0, 0]	0	0	0	0	-
F4-rot-both	N1A-any-isoAll-mem	MOFM	M:mount-err:Recovery(UnitUnreadable { slot: SlotNumber(50182) }) O:refused(not-writable) F:refused(not-writable) M:mount-err:Recovery(UnitUnreadable { slot: SlotNumber(50182) })	mount-err:Recovery(UnitUnreadable { slot: SlotNumber(50182) })	fail:Failed { root: Some((InstanceGeneration(2), CheckpointTxg(6))), failur	I-2.1,I-4.8,I-7.2,I-7.4	[0, 0]	0	0	[0, 0]	0	0	0	0	-
F4-rot-both	N1A-any-isoAll-mem	MOFO	M:mount-err:Recovery(UnitUnreadable { slot: SlotNumber(50182) }) O:refused(not-writable) F:refused(not-writable) O:refused(not-writable)	mount-err:Recovery(UnitUnreadable { slot: SlotNumber(50182) })	fail:Failed { root: Some((InstanceGeneration(2), CheckpointTxg(6))), failur	I-2.1,I-4.8,I-7.2,I-7.4	[0, 0]	0	0	[0, 0]	0	0	0	0	-
F4-rot-both	N1A-any-isoAll-mem	MOMF	M:mount-err:Recovery(UnitUnreadable { slot: SlotNumber(50182) }) O:refused(not-writable) M:mount-err:Recovery(UnitUnreadable { slot: SlotNumber(50182) }) F:refused(not-writable)	mount-err:Recovery(UnitUnreadable { slot: SlotNumber(50182) })	fail:Failed { root: Some((InstanceGeneration(2), CheckpointTxg(6))), failur	I-2.1,I-4.8,I-7.2,I-7.4	[0, 0]	0	0	[0, 0]	0	0	0	0	-
F4-rot-both	N1A-any-isoAll-mem	MOMM	M:mount-err:Recovery(UnitUnreadable { slot: SlotNumber(50182) }) O:refused(not-writable) M:mount-err:Recovery(UnitUnreadable { slot: SlotNumber(50182) }) M:mount-err:Recovery(UnitUnreadable { slot: SlotNumber(50182) })	mount-err:Recovery(UnitUnreadable { slot: SlotNumber(50182) })	fail:Failed { root: Some((InstanceGeneration(2), CheckpointTxg(6))), failur	I-2.1,I-4.8,I-7.2,I-7.4	[0, 0]	0	0	[0, 0]	0	0	0	0	-
F4-rot-both	N1A-any-isoAll-mem	MOMO	M:mount-err:Recovery(UnitUnreadable { slot: SlotNumber(50182) }) O:refused(not-writable) M:mount-err:Recovery(UnitUnreadable { slot: SlotNumber(50182) }) O:refused(not-writable)	mount-err:Recovery(UnitUnreadable { slot: SlotNumber(50182) })	fail:Failed { root: Some((InstanceGeneration(2), CheckpointTxg(6))), failur	I-2.1,I-4.8,I-7.2,I-7.4	[0, 0]	0	0	[0, 0]	0	0	0	0	-
F4-rot-both	N1A-any-isoAll-mem	MOOF	M:mount-err:Recovery(UnitUnreadable { slot: SlotNumber(50182) }) O:refused(not-writable) O:refused(not-writable) F:refused(not-writable)	mount-err:Recovery(UnitUnreadable { slot: SlotNumber(50182) })	fail:Failed { root: Some((InstanceGeneration(2), CheckpointTxg(6))), failur	I-2.1,I-4.8,I-7.2,I-7.4	[0, 0]	0	0	[0, 0]	0	0	0	0	-
F4-rot-both	N1A-any-isoAll-mem	MOOM	M:mount-err:Recovery(UnitUnreadable { slot: SlotNumber(50182) }) O:refused(not-writable) O:refused(not-writable) M:mount-err:Recovery(UnitUnreadable { slot: SlotNumber(50182) })	mount-err:Recovery(UnitUnreadable { slot: SlotNumber(50182) })	fail:Failed { root: Some((InstanceGeneration(2), CheckpointTxg(6))), failur	I-2.1,I-4.8,I-7.2,I-7.4	[0, 0]	0	0	[0, 0]	0	0	0	0	-
F4-rot-both	N1A-any-isoAll-mem	OFFF	O:ok F:noop F:noop F:noop	ok	same	I-2.1,I-4.8,I-7.4	[2, 2]	4	0	[0, 0]	7	163840	0	0	t1@50182:released-and-isolated
F4-rot-both	N1A-any-isoAll-mem	MOOO	M:mount-err:Recovery(UnitUnreadable { slot: SlotNumber(50182) }) O:refused(not-writable) O:refused(not-writable) O:refused(not-writable)	mount-err:Recovery(UnitUnreadable { slot: SlotNumber(50182) })	fail:Failed { root: Some((InstanceGeneration(2), CheckpointTxg(6))), failur	I-2.1,I-4.8,I-7.2,I-7.4	[0, 0]	0	0	[0, 0]	0	0	0	0	-
F4-rot-both	N1A-any-isoAll-mem	OFFO	O:ok F:noop F:noop O:ok	ok	same	I-2.1,I-4.8,I-7.4	[2, 2]	4	0	[0, 0]	13	294912	0	0	t1@50182:released-and-isolated
F4-rot-both	N1A-any-isoAll-mem	OFFM	O:ok F:noop F:noop M:ok	ok	same	I-2.1,I-4.8,I-7.4	[0, 0]	4	0	[0, 0]	13	262144	0	0	t1@50182:released-and-isolated
F4-rot-both	N1A-any-isoAll-mem	OFMF	O:ok F:noop M:ok F:noop	ok	same	I-2.1,I-4.8,I-7.4	[0, 0]	4	0	[0, 0]	13	262144	0	0	t1@50182:released-and-isolated
F4-rot-both	N1A-any-isoAll-mem	OFMM	O:ok F:noop M:ok M:ok	ok	same	I-2.1,I-4.8,I-7.4	[0, 0]	4	0	[0, 0]	19	360448	0	0	t1@50182:released-and-isolated
F4-rot-both	N1A-any-isoAll-mem	OFMO	O:ok F:noop M:ok O:ok	ok	same	I-2.1,I-4.8,I-7.4	[0, 0]	4	0	[0, 0]	19	393216	0	0	t1@50182:released-and-isolated
F4-rot-both	N1A-any-isoAll-mem	OFOF	O:ok F:noop O:ok F:ok(F=3,reclaimed=1)	ok	same	I-2.1,I-4.8,I-7.4	[2, 2]	4	0	[0, 0]	17	360448	0	0	t1@50182:released-and-isolated
F4-rot-both	N1A-any-isoAll-mem	OFOO	O:ok F:noop O:ok O:ok	ok	same	I-2.1,I-4.8,I-7.4	[2, 2]	4	0	[0, 0]	19	425984	0	0	t1@50182:released-and-isolated
F4-rot-both	N1A-any-isoAll-mem	OFOM	O:ok F:noop O:ok M:ok	ok	same	I-2.1,I-4.8,I-7.4	[0, 0]	4	0	[0, 0]	17	360448	0	0	t1@50182:released-and-isolated
F4-rot-both	N1A-any-isoAll-mem	OMFF	O:ok M:ok F:noop F:noop	ok	same	I-2.1,I-4.8,I-7.4	[0, 0]	4	0	[0, 0]	13	262144	0	0	t1@50182:released-and-isolated
F4-rot-both	N1A-any-isoAll-mem	OMFM	O:ok M:ok F:noop M:ok	ok	same	I-2.1,I-4.8,I-7.4	[0, 0]	4	0	[0, 0]	19	360448	0	0	t1@50182:released-and-isolated
F4-rot-both	N1A-any-isoAll-mem	OMFO	O:ok M:ok F:noop O:ok	ok	same	I-2.1,I-4.8,I-7.4	[0, 0]	4	0	[0, 0]	19	393216	0	0	t1@50182:released-and-isolated
F4-rot-both	N1A-any-isoAll-mem	OMMF	O:ok M:ok M:ok F:noop	ok	same	I-2.1,I-4.8,I-7.4	[0, 0]	4	0	[0, 0]	19	360448	0	0	t1@50182:released-and-isolated
F4-rot-both	N1A-any-isoAll-mem	OMMO	O:ok M:ok M:ok O:ok	ok	same	I-2.1,I-4.8,I-7.4	[0, 0]	4	0	[0, 0]	25	491520	0	0	t1@50182:released-and-isolated
F4-rot-both	N1A-any-isoAll-mem	OMMM	O:ok M:ok M:ok M:ok	ok	same	I-2.1,I-4.8,I-7.4	[0, 0]	4	0	[0, 0]	25	458752	0	0	t1@50182:released-and-isolated
F4-rot-both	N1A-any-isoAll-mem	OMOF	O:ok M:ok O:ok F:ok(F=3,reclaimed=1)	ok	same	I-2.1,I-4.8,I-7.4	[0, 0]	4	0	[0, 0]	23	458752	0	0	t1@50182:released-and-isolated
F4-rot-both	N1A-any-isoAll-mem	OMOM	O:ok M:ok O:ok M:ok	ok	same	I-2.1,I-4.8,I-7.4	[0, 0]	4	0	[0, 0]	23	458752	0	0	t1@50182:released-and-isolated
F4-rot-both	N1A-any-isoAll-mem	OMOO	O:ok M:ok O:ok O:ok	ok	same	I-2.1,I-4.8,I-7.4	[0, 0]	4	0	[0, 0]	25	524288	0	0	t1@50182:released-and-isolated
F4-rot-both	N1A-any-isoAll-mem	OOFF	O:ok O:ok F:ok(F=3,reclaimed=1) F:noop	ok	same	I-2.1,I-4.8,I-7.4	[2, 2]	4	0	[0, 0]	17	360448	0	0	t1@50182:released-and-isolated
F4-rot-both	N1A-any-isoAll-mem	OOFO	O:ok O:ok F:ok(F=3,reclaimed=1) O:ok	ok	same	I-2.1,I-4.8,I-7.4	[2, 2]	4	0	[0, 0]	23	491520	0	0	t1@50182:released-and-isolated
F4-rot-both	N1A-any-isoAll-mem	OOFM	O:ok O:ok F:ok(F=3,reclaimed=1) M:ok	ok	same	I-2.1,I-4.8,I-7.4	[0, 0]	4	0	[0, 0]	23	458752	0	0	t1@50182:released-and-isolated
F4-rot-both	N1A-any-isoAll-mem	OOMF	O:ok O:ok M:ok F:ok(F=3,reclaimed=1)	ok	same	I-2.1,I-4.8,I-7.4	[0, 0]	4	0	[0, 0]	23	458752	0	0	t1@50182:released-and-isolated
F4-rot-both	N1A-any-isoAll-mem	OOMM	O:ok O:ok M:ok M:ok	ok	same	I-2.1,I-4.8,I-7.4	[0, 0]	4	0	[0, 0]	23	458752	0	0	t1@50182:released-and-isolated
F4-rot-both	N1A-any-isoAll-mem	OOMO	O:ok O:ok M:ok O:ok	ok	same	I-2.1,I-4.8,I-7.4	[0, 0]	4	0	[0, 0]	23	491520	0	0	t1@50182:released-and-isolated
F4-rot-both	N1A-any-isoAll-mem	OOOF	O:ok O:ok O:ok F:ok(F=6,reclaimed=18)	ok	same	I-2.1,I-4.8,I-7.4	[2, 2]	4	0	[0, 0]	23	491520	0	0	t1@50182:released-and-isolated
F4-rot-both	N1A-any-isoAll-mem	OOOO	O:ok O:ok O:ok O:ok	ok	same	I-2.1,I-4.8,I-7.4	[2, 2]	4	0	[0, 0]	25	557056	0	0	t1@50182:released-and-isolated
F4-rot-both	N1A-any-isoAll-mem	OOOM	O:ok O:ok O:ok M:ok	ok	same	I-2.1,I-4.8,I-7.4	[0, 0]	4	0	[0, 0]	23	491520	0	0	t1@50182:released-and-isolated
F4-rot-both	N1A-any-isoAll-mem	FFF	F:noop F:noop F:noop	mount-err:Recovery(UnitUnreadable { slot: SlotNumber(50182) })	fail:Failed { root: Some((InstanceGeneration(2), CheckpointTxg(6))), failur	I-2.1,I-4.8,I-7.2,I-7.4	[0, 0]	0	0	[0, 0]	0	0	0	0	-
F4-rot-both	N1A-any-isoAll-mem	FFM	F:noop F:noop M:mount-err:Recovery(UnitUnreadable { slot: SlotNumber(50182) })	mount-err:Recovery(UnitUnreadable { slot: SlotNumber(50182) })	fail:Failed { root: Some((InstanceGeneration(2), CheckpointTxg(6))), failur	I-2.1,I-4.8,I-7.2,I-7.4	[0, 0]	0	0	[0, 0]	0	0	0	0	-
F4-rot-both	N1A-any-isoAll-mem	FFO	F:noop F:noop O:ok	ok	same	I-2.1,I-4.8,I-7.4	[2, 2]	4	0	[0, 0]	7	163840	0	0	t1@50182:released-and-isolated
F4-rot-both	N1A-any-isoAll-mem	FMF	F:noop M:mount-err:Recovery(UnitUnreadable { slot: SlotNumber(50182) }) F:refused(not-writable)	mount-err:Recovery(UnitUnreadable { slot: SlotNumber(50182) })	fail:Failed { root: Some((InstanceGeneration(2), CheckpointTxg(6))), failur	I-2.1,I-4.8,I-7.2,I-7.4	[0, 0]	0	0	[0, 0]	0	0	0	0	-
F4-rot-both	N1A-any-isoAll-mem	FMO	F:noop M:mount-err:Recovery(UnitUnreadable { slot: SlotNumber(50182) }) O:refused(not-writable)	mount-err:Recovery(UnitUnreadable { slot: SlotNumber(50182) })	fail:Failed { root: Some((InstanceGeneration(2), CheckpointTxg(6))), failur	I-2.1,I-4.8,I-7.2,I-7.4	[0, 0]	0	0	[0, 0]	0	0	0	0	-
F4-rot-both	N1A-any-isoAll-mem	FMM	F:noop M:mount-err:Recovery(UnitUnreadable { slot: SlotNumber(50182) }) M:mount-err:Recovery(UnitUnreadable { slot: SlotNumber(50182) })	mount-err:Recovery(UnitUnreadable { slot: SlotNumber(50182) })	fail:Failed { root: Some((InstanceGeneration(2), CheckpointTxg(6))), failur	I-2.1,I-4.8,I-7.2,I-7.4	[0, 0]	0	0	[0, 0]	0	0	0	0	-
F4-rot-both	N1A-any-isoAll-mem	FOF	F:noop O:ok F:noop	ok	same	I-2.1,I-4.8,I-7.4	[2, 2]	4	0	[0, 0]	7	163840	0	0	t1@50182:released-and-isolated
F4-rot-both	N1A-any-isoAll-mem	FOM	F:noop O:ok M:ok	ok	same	I-2.1,I-4.8,I-7.4	[0, 0]	4	0	[0, 0]	13	262144	0	0	t1@50182:released-and-isolated
F4-rot-both	N1A-any-isoAll-mem	FOO	F:noop O:ok O:ok	ok	same	I-2.1,I-4.8,I-7.4	[2, 2]	4	0	[0, 0]	13	294912	0	0	t1@50182:released-and-isolated
F4-rot-both	N1A-any-isoAll-mem	MFF	M:mount-err:Recovery(UnitUnreadable { slot: SlotNumber(50182) }) F:refused(not-writable) F:refused(not-writable)	mount-err:Recovery(UnitUnreadable { slot: SlotNumber(50182) })	fail:Failed { root: Some((InstanceGeneration(2), CheckpointTxg(6))), failur	I-2.1,I-4.8,I-7.2,I-7.4	[0, 0]	0	0	[0, 0]	0	0	0	0	-
F4-rot-both	N1A-any-isoAll-mem	MFM	M:mount-err:Recovery(UnitUnreadable { slot: SlotNumber(50182) }) F:refused(not-writable) M:mount-err:Recovery(UnitUnreadable { slot: SlotNumber(50182) })	mount-err:Recovery(UnitUnreadable { slot: SlotNumber(50182) })	fail:Failed { root: Some((InstanceGeneration(2), CheckpointTxg(6))), failur	I-2.1,I-4.8,I-7.2,I-7.4	[0, 0]	0	0	[0, 0]	0	0	0	0	-
F4-rot-both	N1A-any-isoAll-mem	MFO	M:mount-err:Recovery(UnitUnreadable { slot: SlotNumber(50182) }) F:refused(not-writable) O:refused(not-writable)	mount-err:Recovery(UnitUnreadable { slot: SlotNumber(50182) })	fail:Failed { root: Some((InstanceGeneration(2), CheckpointTxg(6))), failur	I-2.1,I-4.8,I-7.2,I-7.4	[0, 0]	0	0	[0, 0]	0	0	0	0	-
F4-rot-both	N1A-any-isoAll-mem	MMF	M:mount-err:Recovery(UnitUnreadable { slot: SlotNumber(50182) }) M:mount-err:Recovery(UnitUnreadable { slot: SlotNumber(50182) }) F:refused(not-writable)	mount-err:Recovery(UnitUnreadable { slot: SlotNumber(50182) })	fail:Failed { root: Some((InstanceGeneration(2), CheckpointTxg(6))), failur	I-2.1,I-4.8,I-7.2,I-7.4	[0, 0]	0	0	[0, 0]	0	0	0	0	-
F4-rot-both	N1A-any-isoAll-mem	MMO	M:mount-err:Recovery(UnitUnreadable { slot: SlotNumber(50182) }) M:mount-err:Recovery(UnitUnreadable { slot: SlotNumber(50182) }) O:refused(not-writable)	mount-err:Recovery(UnitUnreadable { slot: SlotNumber(50182) })	fail:Failed { root: Some((InstanceGeneration(2), CheckpointTxg(6))), failur	I-2.1,I-4.8,I-7.2,I-7.4	[0, 0]	0	0	[0, 0]	0	0	0	0	-
F4-rot-both	N1A-any-isoAll-mem	MMM	M:mount-err:Recovery(UnitUnreadable { slot: SlotNumber(50182) }) M:mount-err:Recovery(UnitUnreadable { slot: SlotNumber(50182) }) M:mount-err:Recovery(UnitUnreadable { slot: SlotNumber(50182) })	mount-err:Recovery(UnitUnreadable { slot: SlotNumber(50182) })	fail:Failed { root: Some((InstanceGeneration(2), CheckpointTxg(6))), failur	I-2.1,I-4.8,I-7.2,I-7.4	[0, 0]	0	0	[0, 0]	0	0	0	0	-
F4-rot-both	N1A-any-isoAll-mem	MOF	M:mount-err:Recovery(UnitUnreadable { slot: SlotNumber(50182) }) O:refused(not-writable) F:refused(not-writable)	mount-err:Recovery(UnitUnreadable { slot: SlotNumber(50182) })	fail:Failed { root: Some((InstanceGeneration(2), CheckpointTxg(6))), failur	I-2.1,I-4.8,I-7.2,I-7.4	[0, 0]	0	0	[0, 0]	0	0	0	0	-
F4-rot-both	N1A-any-isoAll-mem	MOM	M:mount-err:Recovery(UnitUnreadable { slot: SlotNumber(50182) }) O:refused(not-writable) M:mount-err:Recovery(UnitUnreadable { slot: SlotNumber(50182) })	mount-err:Recovery(UnitUnreadable { slot: SlotNumber(50182) })	fail:Failed { root: Some((InstanceGeneration(2), CheckpointTxg(6))), failur	I-2.1,I-4.8,I-7.2,I-7.4	[0, 0]	0	0	[0, 0]	0	0	0	0	-
F4-rot-both	N1A-any-isoAll-mem	OFF	O:ok F:noop F:noop	ok	same	I-2.1,I-4.8,I-7.4	[2, 2]	4	0	[0, 0]	7	163840	0	0	t1@50182:released-and-isolated
F4-rot-both	N1A-any-isoAll-mem	MOO	M:mount-err:Recovery(UnitUnreadable { slot: SlotNumber(50182) }) O:refused(not-writable) O:refused(not-writable)	mount-err:Recovery(UnitUnreadable { slot: SlotNumber(50182) })	fail:Failed { root: Some((InstanceGeneration(2), CheckpointTxg(6))), failur	I-2.1,I-4.8,I-7.2,I-7.4	[0, 0]	0	0	[0, 0]	0	0	0	0	-
F4-rot-both	N1A-any-isoAll-mem	OFO	O:ok F:noop O:ok	ok	same	I-2.1,I-4.8,I-7.4	[2, 2]	4	0	[0, 0]	13	294912	0	0	t1@50182:released-and-isolated
F4-rot-both	N1A-any-isoAll-mem	OFM	O:ok F:noop M:ok	ok	same	I-2.1,I-4.8,I-7.4	[0, 0]	4	0	[0, 0]	13	262144	0	0	t1@50182:released-and-isolated
F4-rot-both	N1A-any-isoAll-mem	OMF	O:ok M:ok F:noop	ok	same	I-2.1,I-4.8,I-7.4	[0, 0]	4	0	[0, 0]	13	262144	0	0	t1@50182:released-and-isolated
F4-rot-both	N1A-any-isoAll-mem	OMM	O:ok M:ok M:ok	ok	same	I-2.1,I-4.8,I-7.4	[0, 0]	4	0	[0, 0]	19	360448	0	0	t1@50182:released-and-isolated
F4-rot-both	N1A-any-isoAll-mem	OMO	O:ok M:ok O:ok	ok	same	I-2.1,I-4.8,I-7.4	[0, 0]	4	0	[0, 0]	19	393216	0	0	t1@50182:released-and-isolated
F4-rot-both	N1A-any-isoAll-mem	OOF	O:ok O:ok F:ok(F=3,reclaimed=1)	ok	same	I-2.1,I-4.8,I-7.4	[2, 2]	4	0	[0, 0]	17	360448	0	0	t1@50182:released-and-isolated
F4-rot-both	N1A-any-isoAll-mem	OOM	O:ok O:ok M:ok	ok	same	I-2.1,I-4.8,I-7.4	[0, 0]	4	0	[0, 0]	17	360448	0	0	t1@50182:released-and-isolated
F4-rot-both	N1A-any-isoAll-mem	OOO	O:ok O:ok O:ok	ok	same	I-2.1,I-4.8,I-7.4	[2, 2]	4	0	[0, 0]	19	425984	0	0	t1@50182:released-and-isolated
F4-rot-both	N1A-any-isoAll-mem	FF	F:noop F:noop	mount-err:Recovery(UnitUnreadable { slot: SlotNumber(50182) })	fail:Failed { root: Some((InstanceGeneration(2), CheckpointTxg(6))), failur	I-2.1,I-4.8,I-7.2,I-7.4	[0, 0]	0	0	[0, 0]	0	0	0	0	-
F4-rot-both	N1A-any-isoAll-mem	FM	F:noop M:mount-err:Recovery(UnitUnreadable { slot: SlotNumber(50182) })	mount-err:Recovery(UnitUnreadable { slot: SlotNumber(50182) })	fail:Failed { root: Some((InstanceGeneration(2), CheckpointTxg(6))), failur	I-2.1,I-4.8,I-7.2,I-7.4	[0, 0]	0	0	[0, 0]	0	0	0	0	-
F4-rot-both	N1A-any-isoAll-mem	FO	F:noop O:ok	ok	same	I-2.1,I-4.8,I-7.4	[2, 2]	4	0	[0, 0]	7	163840	0	0	t1@50182:released-and-isolated
F4-rot-both	N1A-any-isoAll-mem	MF	M:mount-err:Recovery(UnitUnreadable { slot: SlotNumber(50182) }) F:refused(not-writable)	mount-err:Recovery(UnitUnreadable { slot: SlotNumber(50182) })	fail:Failed { root: Some((InstanceGeneration(2), CheckpointTxg(6))), failur	I-2.1,I-4.8,I-7.2,I-7.4	[0, 0]	0	0	[0, 0]	0	0	0	0	-
F4-rot-both	N1A-any-isoAll-mem	MO	M:mount-err:Recovery(UnitUnreadable { slot: SlotNumber(50182) }) O:refused(not-writable)	mount-err:Recovery(UnitUnreadable { slot: SlotNumber(50182) })	fail:Failed { root: Some((InstanceGeneration(2), CheckpointTxg(6))), failur	I-2.1,I-4.8,I-7.2,I-7.4	[0, 0]	0	0	[0, 0]	0	0	0	0	-
F4-rot-both	N1A-any-isoAll-mem	MM	M:mount-err:Recovery(UnitUnreadable { slot: SlotNumber(50182) }) M:mount-err:Recovery(UnitUnreadable { slot: SlotNumber(50182) })	mount-err:Recovery(UnitUnreadable { slot: SlotNumber(50182) })	fail:Failed { root: Some((InstanceGeneration(2), CheckpointTxg(6))), failur	I-2.1,I-4.8,I-7.2,I-7.4	[0, 0]	0	0	[0, 0]	0	0	0	0	-
F4-rot-both	N1A-any-isoAll-mem	OF	O:ok F:noop	ok	same	I-2.1,I-4.8,I-7.4	[2, 2]	4	0	[0, 0]	7	163840	0	0	t1@50182:released-and-isolated
F4-rot-both	N1A-any-isoAll-mem	OM	O:ok M:ok	ok	same	I-2.1,I-4.8,I-7.4	[0, 0]	4	0	[0, 0]	13	262144	0	0	t1@50182:released-and-isolated
F4-rot-both	N1A-any-isoAll-mem	OO	O:ok O:ok	ok	same	I-2.1,I-4.8,I-7.4	[2, 2]	4	0	[0, 0]	13	294912	0	0	t1@50182:released-and-isolated
F4-rot-both	N1A-any-isoAll-mem	F	F:noop	mount-err:Recovery(UnitUnreadable { slot: SlotNumber(50182) })	fail:Failed { root: Some((InstanceGeneration(2), CheckpointTxg(6))), failur	I-2.1,I-4.8,I-7.2,I-7.4	[0, 0]	0	0	[0, 0]	0	0	0	0	-
F4-rot-both	N1A-any-isoAll-mem	M	M:mount-err:Recovery(UnitUnreadable { slot: SlotNumber(50182) })	mount-err:Recovery(UnitUnreadable { slot: SlotNumber(50182) })	fail:Failed { root: Some((InstanceGeneration(2), CheckpointTxg(6))), failur	I-2.1,I-4.8,I-7.2,I-7.4	[0, 0]	0	0	[0, 0]	0	0	0	0	-
F3-latent-eio-dev0	N1A-any-isoAll-mem	FFFF	F:noop F:noop F:noop F:noop	ok	same	-	[0, 0]	0	0	[0, 0]	0	0	0	1	-
F4-rot-both	N1A-any-isoAll-mem	O	O:ok	ok	same	I-2.1,I-4.8,I-7.4	[2, 2]	4	0	[0, 0]	7	163840	0	0	t1@50182:released-and-isolated
F3-latent-eio-dev0	N1A-any-isoAll-mem	FFFO	F:noop F:noop F:noop O:ok	ok	same	-	[0, 0]	0	0	[0, 0]	7	163840	0	1	-
F3-latent-eio-dev0	N1A-any-isoAll-mem	FFFM	F:noop F:noop F:noop M:ok	ok	same	-	[0, 0]	0	0	[0, 0]	4	65536	0	2	-
F3-latent-eio-dev0	N1A-any-isoAll-mem	FFMF	F:noop F:noop M:ok F:noop	ok	same	-	[0, 0]	0	0	[0, 0]	4	65536	0	2	-
F3-latent-eio-dev0	N1A-any-isoAll-mem	FFMM	F:noop F:noop M:ok M:ok	ok	same	-	[0, 0]	0	0	[0, 0]	8	131072	0	3	-
F3-latent-eio-dev0	N1A-any-isoAll-mem	FFOF	F:noop F:noop O:ok F:noop	ok	same	-	[0, 0]	0	0	[0, 0]	7	163840	0	1	-
F3-latent-eio-dev0	N1A-any-isoAll-mem	FFMO	F:noop F:noop M:ok O:ok	ok	same	-	[0, 0]	0	0	[0, 0]	11	229376	0	2	-
F3-latent-eio-dev0	N1A-any-isoAll-mem	FFOO	F:noop F:noop O:ok O:ok	ok	same	-	[0, 0]	0	0	[0, 0]	13	294912	0	1	-
F3-latent-eio-dev0	N1A-any-isoAll-mem	FFOM	F:noop F:noop O:ok M:ok	ok	same	-	[0, 0]	0	0	[0, 0]	13	262144	0	1	-
F3-latent-eio-dev0	N1A-any-isoAll-mem	FMFF	F:noop M:ok F:noop F:noop	ok	same	-	[0, 0]	0	0	[0, 0]	4	65536	0	2	-
F3-latent-eio-dev0	N1A-any-isoAll-mem	FMFM	F:noop M:ok F:noop M:ok	ok	same	-	[0, 0]	0	0	[0, 0]	8	131072	0	3	-
F3-latent-eio-dev0	N1A-any-isoAll-mem	FMFO	F:noop M:ok F:noop O:ok	ok	same	-	[0, 0]	0	0	[0, 0]	11	229376	0	2	-
F3-latent-eio-dev0	N1A-any-isoAll-mem	FMMF	F:noop M:ok M:ok F:noop	ok	same	-	[0, 0]	0	0	[0, 0]	8	131072	0	3	-
F3-latent-eio-dev0	N1A-any-isoAll-mem	FMMM	F:noop M:ok M:ok M:ok	ok	same	-	[0, 0]	0	0	[0, 0]	14	229376	0	4	-
F3-latent-eio-dev0	N1A-any-isoAll-mem	FMMO	F:noop M:ok M:ok O:ok	ok	same	-	[0, 0]	0	0	[0, 0]	15	294912	0	3	-
F3-latent-eio-dev0	N1A-any-isoAll-mem	FMOF	F:noop M:ok O:ok F:noop	ok	same	-	[0, 0]	0	0	[0, 0]	11	229376	0	2	-
F3-latent-eio-dev0	N1A-any-isoAll-mem	FMOM	F:noop M:ok O:ok M:ok	ok	same	-	[0, 0]	0	0	[0, 0]	15	294912	0	2	-
F3-latent-eio-dev0	N1A-any-isoAll-mem	FOFF	F:noop O:ok F:noop F:noop	ok	same	-	[0, 0]	0	0	[0, 0]	7	163840	0	1	-
F3-latent-eio-dev0	N1A-any-isoAll-mem	FMOO	F:noop M:ok O:ok O:ok	ok	same	-	[0, 0]	0	0	[0, 0]	17	360448	0	2	-
F3-latent-eio-dev0	N1A-any-isoAll-mem	FOFO	F:noop O:ok F:noop O:ok	ok	same	-	[0, 0]	0	0	[0, 0]	13	294912	0	1	-
F3-latent-eio-dev0	N1A-any-isoAll-mem	FOFM	F:noop O:ok F:noop M:ok	ok	same	-	[0, 0]	0	0	[0, 0]	13	262144	0	1	-
F3-latent-eio-dev0	N1A-any-isoAll-mem	FOMF	F:noop O:ok M:ok F:noop	ok	same	-	[0, 0]	0	0	[0, 0]	13	262144	0	1	-
F3-latent-eio-dev0	N1A-any-isoAll-mem	FOMM	F:noop O:ok M:ok M:ok	ok	same	-	[0, 0]	0	0	[0, 0]	19	360448	0	1	-
F3-latent-eio-dev0	N1A-any-isoAll-mem	FOOF	F:noop O:ok O:ok F:ok(F=3,reclaimed=1)	ok	same	-	[0, 0]	0	0	[0, 0]	17	360448	0	1	-
F3-latent-eio-dev0	N1A-any-isoAll-mem	FOMO	F:noop O:ok M:ok O:ok	ok	same	-	[0, 0]	0	0	[0, 0]	19	393216	0	1	-
F3-latent-eio-dev0	N1A-any-isoAll-mem	FOOO	F:noop O:ok O:ok O:ok	ok	same	-	[0, 0]	0	0	[0, 0]	19	425984	0	1	-
F3-latent-eio-dev0	N1A-any-isoAll-mem	FOOM	F:noop O:ok O:ok M:ok	ok	same	-	[0, 0]	0	0	[0, 0]	17	360448	0	1	-
F3-latent-eio-dev0	N1A-any-isoAll-mem	MFFF	M:ok F:noop F:noop F:noop	ok	same	-	[0, 0]	0	0	[0, 0]	4	65536	0	2	-
F3-latent-eio-dev0	N1A-any-isoAll-mem	MFFM	M:ok F:noop F:noop M:ok	ok	same	-	[0, 0]	0	0	[0, 0]	8	131072	0	3	-
F3-latent-eio-dev0	N1A-any-isoAll-mem	MFFO	M:ok F:noop F:noop O:ok	ok	same	-	[0, 0]	0	0	[0, 0]	11	229376	0	2	-
F3-latent-eio-dev0	N1A-any-isoAll-mem	MFMF	M:ok F:noop M:ok F:noop	ok	same	-	[0, 0]	0	0	[0, 0]	8	131072	0	3	-
F3-latent-eio-dev0	N1A-any-isoAll-mem	MFMM	M:ok F:noop M:ok M:ok	ok	same	-	[0, 0]	0	0	[0, 0]	14	229376	0	4	-
F3-latent-eio-dev0	N1A-any-isoAll-mem	MFMO	M:ok F:noop M:ok O:ok	ok	same	-	[0, 0]	0	0	[0, 0]	15	294912	0	3	-
F3-latent-eio-dev0	N1A-any-isoAll-mem	MFOF	M:ok F:noop O:ok F:noop	ok	same	-	[0, 0]	0	0	[0, 0]	11	229376	0	2	-
F3-latent-eio-dev0	N1A-any-isoAll-mem	MFOO	M:ok F:noop O:ok O:ok	ok	same	-	[0, 0]	0	0	[0, 0]	17	360448	0	2	-
F3-latent-eio-dev0	N1A-any-isoAll-mem	MFOM	M:ok F:noop O:ok M:ok	ok	same	-	[0, 0]	0	0	[0, 0]	15	294912	0	2	-
F3-latent-eio-dev0	N1A-any-isoAll-mem	MMFF	M:ok M:ok F:noop F:noop	ok	same	-	[0, 0]	0	0	[0, 0]	8	131072	0	3	-
F3-latent-eio-dev0	N1A-any-isoAll-mem	MMFM	M:ok M:ok F:noop M:ok	ok	same	-	[0, 0]	0	0	[0, 0]	14	229376	0	4	-
F3-latent-eio-dev0	N1A-any-isoAll-mem	MMFO	M:ok M:ok F:noop O:ok	ok	same	-	[0, 0]	0	0	[0, 0]	15	294912	0	3	-
F3-latent-eio-dev0	N1A-any-isoAll-mem	MMMF	M:ok M:ok M:ok F:noop	ok	same	-	[0, 0]	0	0	[0, 0]	14	229376	0	4	-
F3-latent-eio-dev0	N1A-any-isoAll-mem	MMMO	M:ok M:ok M:ok O:ok	ok	same	-	[0, 0]	0	0	[0, 0]	21	393216	0	4	-
F3-latent-eio-dev0	N1A-any-isoAll-mem	MMMM	M:ok M:ok M:ok M:ok	ok	same	-	[0, 0]	0	0	[0, 0]	20	327680	0	5	-
F3-latent-eio-dev0	N1A-any-isoAll-mem	MMOF	M:ok M:ok O:ok F:noop	ok	same	-	[0, 0]	0	0	[0, 0]	15	294912	0	3	-
F3-latent-eio-dev0	N1A-any-isoAll-mem	MMOM	M:ok M:ok O:ok M:ok	ok	same	-	[0, 0]	0	0	[0, 0]	19	360448	0	3	-
F3-latent-eio-dev0	N1A-any-isoAll-mem	MOFF	M:ok O:ok F:noop F:noop	ok	same	-	[0, 0]	0	0	[0, 0]	11	229376	0	2	-
F3-latent-eio-dev0	N1A-any-isoAll-mem	MMOO	M:ok M:ok O:ok O:ok	ok	same	-	[0, 0]	0	0	[0, 0]	21	425984	0	3	-
F3-latent-eio-dev0	N1A-any-isoAll-mem	MOFM	M:ok O:ok F:noop M:ok	ok	same	-	[0, 0]	0	0	[0, 0]	15	294912	0	2	-
F3-latent-eio-dev0	N1A-any-isoAll-mem	MOFO	M:ok O:ok F:noop O:ok	ok	same	-	[0, 0]	0	0	[0, 0]	17	360448	0	2	-
F3-latent-eio-dev0	N1A-any-isoAll-mem	MOMF	M:ok O:ok M:ok F:noop	ok	same	-	[0, 0]	0	0	[0, 0]	15	294912	0	2	-
F3-latent-eio-dev0	N1A-any-isoAll-mem	MOMM	M:ok O:ok M:ok M:ok	ok	same	-	[0, 0]	0	0	[0, 0]	19	360448	0	2	-
F3-latent-eio-dev0	N1A-any-isoAll-mem	MOOF	M:ok O:ok O:ok F:ok(F=3,reclaimed=1)	ok	same	-	[0, 0]	0	0	[0, 0]	23	458752	0	2	-
F3-latent-eio-dev0	N1A-any-isoAll-mem	MOMO	M:ok O:ok M:ok O:ok	ok	same	-	[0, 0]	0	0	[0, 0]	21	425984	0	2	-
F3-latent-eio-dev0	N1A-any-isoAll-mem	MOOO	M:ok O:ok O:ok O:ok	ok	same	-	[0, 0]	0	0	[0, 0]	23	491520	0	2	-
F3-latent-eio-dev0	N1A-any-isoAll-mem	MOOM	M:ok O:ok O:ok M:ok	ok	same	-	[0, 0]	0	0	[0, 0]	23	458752	0	2	-
F3-latent-eio-dev0	N1A-any-isoAll-mem	OFFF	O:ok F:noop F:noop F:noop	ok	same	-	[0, 0]	0	0	[0, 0]	7	163840	0	1	-
F3-latent-eio-dev0	N1A-any-isoAll-mem	OFFO	O:ok F:noop F:noop O:ok	ok	same	-	[0, 0]	0	0	[0, 0]	13	294912	0	1	-
F3-latent-eio-dev0	N1A-any-isoAll-mem	OFFM	O:ok F:noop F:noop M:ok	ok	same	-	[0, 0]	0	0	[0, 0]	13	262144	0	1	-
F3-latent-eio-dev0	N1A-any-isoAll-mem	OFMF	O:ok F:noop M:ok F:noop	ok	same	-	[0, 0]	0	0	[0, 0]	13	262144	0	1	-
F3-latent-eio-dev0	N1A-any-isoAll-mem	OFMM	O:ok F:noop M:ok M:ok	ok	same	-	[0, 0]	0	0	[0, 0]	19	360448	0	1	-
F3-latent-eio-dev0	N1A-any-isoAll-mem	OFOF	O:ok F:noop O:ok F:ok(F=3,reclaimed=1)	ok	same	-	[0, 0]	0	0	[0, 0]	17	360448	0	1	-
F3-latent-eio-dev0	N1A-any-isoAll-mem	OFMO	O:ok F:noop M:ok O:ok	ok	same	-	[0, 0]	0	0	[0, 0]	19	393216	0	1	-
F3-latent-eio-dev0	N1A-any-isoAll-mem	OFOO	O:ok F:noop O:ok O:ok	ok	same	-	[0, 0]	0	0	[0, 0]	19	425984	0	1	-
F3-latent-eio-dev0	N1A-any-isoAll-mem	OFOM	O:ok F:noop O:ok M:ok	ok	same	-	[0, 0]	0	0	[0, 0]	17	360448	0	1	-
F3-latent-eio-dev0	N1A-any-isoAll-mem	OMFF	O:ok M:ok F:noop F:noop	ok	same	-	[0, 0]	0	0	[0, 0]	13	262144	0	1	-
F3-latent-eio-dev0	N1A-any-isoAll-mem	OMFM	O:ok M:ok F:noop M:ok	ok	same	-	[0, 0]	0	0	[0, 0]	19	360448	0	1	-
F3-latent-eio-dev0	N1A-any-isoAll-mem	OMFO	O:ok M:ok F:noop O:ok	ok	same	-	[0, 0]	0	0	[0, 0]	19	393216	0	1	-
F3-latent-eio-dev0	N1A-any-isoAll-mem	OMMF	O:ok M:ok M:ok F:noop	ok	same	-	[0, 0]	0	0	[0, 0]	19	360448	0	1	-
F3-latent-eio-dev0	N1A-any-isoAll-mem	OMMO	O:ok M:ok M:ok O:ok	ok	same	-	[0, 0]	0	0	[0, 0]	25	491520	0	1	-
F3-latent-eio-dev0	N1A-any-isoAll-mem	OMMM	O:ok M:ok M:ok M:ok	ok	same	-	[0, 0]	0	0	[0, 0]	25	458752	0	1	-
F3-latent-eio-dev0	N1A-any-isoAll-mem	OMOF	O:ok M:ok O:ok F:ok(F=3,reclaimed=1)	ok	same	-	[0, 0]	0	0	[0, 0]	23	458752	0	1	-
F3-latent-eio-dev0	N1A-any-isoAll-mem	OMOM	O:ok M:ok O:ok M:ok	ok	same	-	[0, 0]	0	0	[0, 0]	23	458752	0	1	-
F3-latent-eio-dev0	N1A-any-isoAll-mem	OOFF	O:ok O:ok F:ok(F=3,reclaimed=1) F:noop	ok	same	-	[0, 0]	0	0	[0, 0]	17	360448	0	1	-
F3-latent-eio-dev0	N1A-any-isoAll-mem	OMOO	O:ok M:ok O:ok O:ok	ok	same	-	[0, 0]	0	0	[0, 0]	25	524288	0	1	-
F3-latent-eio-dev0	N1A-any-isoAll-mem	OOFO	O:ok O:ok F:ok(F=3,reclaimed=1) O:ok	ok	same	-	[0, 0]	0	0	[0, 0]	23	491520	0	1	-
F3-latent-eio-dev0	N1A-any-isoAll-mem	OOFM	O:ok O:ok F:ok(F=3,reclaimed=1) M:ok	ok	same	-	[0, 0]	0	0	[0, 0]	23	458752	0	1	-
F3-latent-eio-dev0	N1A-any-isoAll-mem	OOMF	O:ok O:ok M:ok F:ok(F=3,reclaimed=1)	ok	same	-	[0, 0]	0	0	[0, 0]	23	458752	0	1	-
F3-latent-eio-dev0	N1A-any-isoAll-mem	OOMM	O:ok O:ok M:ok M:ok	ok	same	-	[0, 0]	0	0	[0, 0]	23	458752	0	1	-
F3-latent-eio-dev0	N1A-any-isoAll-mem	OOOF	O:ok O:ok O:ok F:ok(F=6,reclaimed=18)	ok	same	-	[0, 0]	0	0	[0, 0]	23	491520	0	1	-
F3-latent-eio-dev0	N1A-any-isoAll-mem	OOMO	O:ok O:ok M:ok O:ok	ok	same	-	[0, 0]	0	0	[0, 0]	23	491520	0	1	-
F3-latent-eio-dev0	N1A-any-isoAll-mem	OOOO	O:ok O:ok O:ok O:ok	ok	same	-	[0, 0]	0	0	[0, 0]	25	557056	0	1	-
F3-latent-eio-dev0	N1A-any-isoAll-mem	OOOM	O:ok O:ok O:ok M:ok	ok	same	-	[0, 0]	0	0	[0, 0]	23	491520	0	1	-
F3-latent-eio-dev0	N1A-any-isoAll-mem	FFF	F:noop F:noop F:noop	ok	same	-	[0, 0]	0	0	[0, 0]	0	0	0	1	-
F3-latent-eio-dev0	N1A-any-isoAll-mem	FFM	F:noop F:noop M:ok	ok	same	-	[0, 0]	0	0	[0, 0]	4	65536	0	2	-
F3-latent-eio-dev0	N1A-any-isoAll-mem	FFO	F:noop F:noop O:ok	ok	same	-	[0, 0]	0	0	[0, 0]	7	163840	0	1	-
F3-latent-eio-dev0	N1A-any-isoAll-mem	FMF	F:noop M:ok F:noop	ok	same	-	[0, 0]	0	0	[0, 0]	4	65536	0	2	-
F3-latent-eio-dev0	N1A-any-isoAll-mem	FMO	F:noop M:ok O:ok	ok	same	-	[0, 0]	0	0	[0, 0]	11	229376	0	2	-
F3-latent-eio-dev0	N1A-any-isoAll-mem	FMM	F:noop M:ok M:ok	ok	same	-	[0, 0]	0	0	[0, 0]	8	131072	0	3	-
F3-latent-eio-dev0	N1A-any-isoAll-mem	FOF	F:noop O:ok F:noop	ok	same	-	[0, 0]	0	0	[0, 0]	7	163840	0	1	-
F3-latent-eio-dev0	N1A-any-isoAll-mem	FOM	F:noop O:ok M:ok	ok	same	-	[0, 0]	0	0	[0, 0]	13	262144	0	1	-
F3-latent-eio-dev0	N1A-any-isoAll-mem	FOO	F:noop O:ok O:ok	ok	same	-	[0, 0]	0	0	[0, 0]	13	294912	0	1	-
F3-latent-eio-dev0	N1A-any-isoAll-mem	MFF	M:ok F:noop F:noop	ok	same	-	[0, 0]	0	0	[0, 0]	4	65536	0	2	-
F3-latent-eio-dev0	N1A-any-isoAll-mem	MFO	M:ok F:noop O:ok	ok	same	-	[0, 0]	0	0	[0, 0]	11	229376	0	2	-
F3-latent-eio-dev0	N1A-any-isoAll-mem	MFM	M:ok F:noop M:ok	ok	same	-	[0, 0]	0	0	[0, 0]	8	131072	0	3	-
F3-latent-eio-dev0	N1A-any-isoAll-mem	MMF	M:ok M:ok F:noop	ok	same	-	[0, 0]	0	0	[0, 0]	8	131072	0	3	-
F3-latent-eio-dev0	N1A-any-isoAll-mem	MMM	M:ok M:ok M:ok	ok	same	-	[0, 0]	0	0	[0, 0]	14	229376	0	4	-
F3-latent-eio-dev0	N1A-any-isoAll-mem	MOF	M:ok O:ok F:noop	ok	same	-	[0, 0]	0	0	[0, 0]	11	229376	0	2	-
F3-latent-eio-dev0	N1A-any-isoAll-mem	MMO	M:ok M:ok O:ok	ok	same	-	[0, 0]	0	0	[0, 0]	15	294912	0	3	-
F3-latent-eio-dev0	N1A-any-isoAll-mem	MOO	M:ok O:ok O:ok	ok	same	-	[0, 0]	0	0	[0, 0]	17	360448	0	2	-
F3-latent-eio-dev0	N1A-any-isoAll-mem	MOM	M:ok O:ok M:ok	ok	same	-	[0, 0]	0	0	[0, 0]	15	294912	0	2	-
F3-latent-eio-dev0	N1A-any-isoAll-mem	OFF	O:ok F:noop F:noop	ok	same	-	[0, 0]	0	0	[0, 0]	7	163840	0	1	-
F3-latent-eio-dev0	N1A-any-isoAll-mem	OFM	O:ok F:noop M:ok	ok	same	-	[0, 0]	0	0	[0, 0]	13	262144	0	1	-
F3-latent-eio-dev0	N1A-any-isoAll-mem	OFO	O:ok F:noop O:ok	ok	same	-	[0, 0]	0	0	[0, 0]	13	294912	0	1	-
F3-latent-eio-dev0	N1A-any-isoAll-mem	OMF	O:ok M:ok F:noop	ok	same	-	[0, 0]	0	0	[0, 0]	13	262144	0	1	-
F3-latent-eio-dev0	N1A-any-isoAll-mem	OMO	O:ok M:ok O:ok	ok	same	-	[0, 0]	0	0	[0, 0]	19	393216	0	1	-
F3-latent-eio-dev0	N1A-any-isoAll-mem	OMM	O:ok M:ok M:ok	ok	same	-	[0, 0]	0	0	[0, 0]	19	360448	0	1	-
F3-latent-eio-dev0	N1A-any-isoAll-mem	OOF	O:ok O:ok F:ok(F=3,reclaimed=1)	ok	same	-	[0, 0]	0	0	[0, 0]	17	360448	0	1	-
F3-latent-eio-dev0	N1A-any-isoAll-mem	OOM	O:ok O:ok M:ok	ok	same	-	[0, 0]	0	0	[0, 0]	17	360448	0	1	-
F3-latent-eio-dev0	N1A-any-isoAll-mem	OOO	O:ok O:ok O:ok	ok	same	-	[0, 0]	0	0	[0, 0]	19	425984	0	1	-
F3-latent-eio-dev0	N1A-any-isoAll-mem	FF	F:noop F:noop	ok	same	-	[0, 0]	0	0	[0, 0]	0	0	0	1	-
F3-latent-eio-dev0	N1A-any-isoAll-mem	FO	F:noop O:ok	ok	same	-	[0, 0]	0	0	[0, 0]	7	163840	0	1	-
F3-latent-eio-dev0	N1A-any-isoAll-mem	FM	F:noop M:ok	ok	same	-	[0, 0]	0	0	[0, 0]	4	65536	0	2	-
F3-latent-eio-dev0	N1A-any-isoAll-mem	MF	M:ok F:noop	ok	same	-	[0, 0]	0	0	[0, 0]	4	65536	0	2	-
F3-latent-eio-dev0	N1A-any-isoAll-mem	MM	M:ok M:ok	ok	same	-	[0, 0]	0	0	[0, 0]	8	131072	0	3	-
F3-latent-eio-dev0	N1A-any-isoAll-mem	OF	O:ok F:noop	ok	same	-	[0, 0]	0	0	[0, 0]	7	163840	0	1	-
F3-latent-eio-dev0	N1A-any-isoAll-mem	MO	M:ok O:ok	ok	same	-	[0, 0]	0	0	[0, 0]	11	229376	0	2	-
F3-latent-eio-dev0	N1A-any-isoAll-mem	OO	O:ok O:ok	ok	same	-	[0, 0]	0	0	[0, 0]	13	294912	0	1	-
F3-latent-eio-dev0	N1A-any-isoAll-mem	OM	O:ok M:ok	ok	same	-	[0, 0]	0	0	[0, 0]	13	262144	0	1	-
F3-latent-eio-dev0	N1A-any-isoAll-mem	F	F:noop	ok	same	-	[0, 0]	0	0	[0, 0]	0	0	0	1	-
F3-latent-eio-dev0	N1A-any-isoAll-mem	M	M:ok	ok	same	-	[0, 0]	0	0	[0, 0]	4	65536	0	2	-
F3-latent-eio-dev0	N1A-any-isoAll-mem	O	O:ok	ok	same	-	[0, 0]	0	0	[0, 0]	7	163840	0	1	-
F2-latent-eio-both	N1A-any-isoAll-mem	FFFF	F:noop F:noop F:noop F:noop	mount-err:Recovery(UnitUnreadable { slot: SlotNumber(50182) })	same	-	[0, 0]	0	0	[0, 0]	0	0	0	2	-
F2-latent-eio-both	N1A-any-isoAll-mem	FFFM	F:noop F:noop F:noop M:mount-err:Recovery(UnitUnreadable { slot: SlotNumber(50182) })	mount-err:Recovery(UnitUnreadable { slot: SlotNumber(50182) })	same	-	[0, 0]	0	0	[0, 0]	0	0	0	4	-
F2-latent-eio-both	N1A-any-isoAll-mem	FFFO	F:noop F:noop F:noop O:ok	ok	same	-	[2, 2]	4	0	[0, 0]	7	163840	0	2	t1@50182:released-and-isolated
F2-latent-eio-both	N1A-any-isoAll-mem	FFMF	F:noop F:noop M:mount-err:Recovery(UnitUnreadable { slot: SlotNumber(50182) }) F:refused(not-writable)	mount-err:Recovery(UnitUnreadable { slot: SlotNumber(50182) })	same	-	[0, 0]	0	0	[0, 0]	0	0	0	4	-
F2-latent-eio-both	N1A-any-isoAll-mem	FFMM	F:noop F:noop M:mount-err:Recovery(UnitUnreadable { slot: SlotNumber(50182) }) M:mount-err:Recovery(UnitUnreadable { slot: SlotNumber(50182) })	mount-err:Recovery(UnitUnreadable { slot: SlotNumber(50182) })	same	-	[0, 0]	0	0	[0, 0]	0	0	0	6	-
F2-latent-eio-both	N1A-any-isoAll-mem	FFMO	F:noop F:noop M:mount-err:Recovery(UnitUnreadable { slot: SlotNumber(50182) }) O:refused(not-writable)	mount-err:Recovery(UnitUnreadable { slot: SlotNumber(50182) })	same	-	[0, 0]	0	0	[0, 0]	0	0	0	4	-
F2-latent-eio-both	N1A-any-isoAll-mem	FFOF	F:noop F:noop O:ok F:noop	ok	same	-	[2, 2]	4	0	[0, 0]	7	163840	0	2	t1@50182:released-and-isolated
F2-latent-eio-both	N1A-any-isoAll-mem	FFOM	F:noop F:noop O:ok M:ok	ok	same	-	[0, 0]	4	0	[0, 0]	13	262144	0	2	t1@50182:released-and-isolated
F2-latent-eio-both	N1A-any-isoAll-mem	FFOO	F:noop F:noop O:ok O:ok	ok	same	-	[2, 2]	4	0	[0, 0]	13	294912	0	2	t1@50182:released-and-isolated
F2-latent-eio-both	N1A-any-isoAll-mem	FMFF	F:noop M:mount-err:Recovery(UnitUnreadable { slot: SlotNumber(50182) }) F:refused(not-writable) F:refused(not-writable)	mount-err:Recovery(UnitUnreadable { slot: SlotNumber(50182) })	same	-	[0, 0]	0	0	[0, 0]	0	0	0	4	-
F2-latent-eio-both	N1A-any-isoAll-mem	FMFM	F:noop M:mount-err:Recovery(UnitUnreadable { slot: SlotNumber(50182) }) F:refused(not-writable) M:mount-err:Recovery(UnitUnreadable { slot: SlotNumber(50182) })	mount-err:Recovery(UnitUnreadable { slot: SlotNumber(50182) })	same	-	[0, 0]	0	0	[0, 0]	0	0	0	6	-
F2-latent-eio-both	N1A-any-isoAll-mem	FMFO	F:noop M:mount-err:Recovery(UnitUnreadable { slot: SlotNumber(50182) }) F:refused(not-writable) O:refused(not-writable)	mount-err:Recovery(UnitUnreadable { slot: SlotNumber(50182) })	same	-	[0, 0]	0	0	[0, 0]	0	0	0	4	-
F2-latent-eio-both	N1A-any-isoAll-mem	FMMF	F:noop M:mount-err:Recovery(UnitUnreadable { slot: SlotNumber(50182) }) M:mount-err:Recovery(UnitUnreadable { slot: SlotNumber(50182) }) F:refused(not-writable)	mount-err:Recovery(UnitUnreadable { slot: SlotNumber(50182) })	same	-	[0, 0]	0	0	[0, 0]	0	0	0	6	-
F2-latent-eio-both	N1A-any-isoAll-mem	FMMM	F:noop M:mount-err:Recovery(UnitUnreadable { slot: SlotNumber(50182) }) M:mount-err:Recovery(UnitUnreadable { slot: SlotNumber(50182) }) M:mount-err:Recovery(UnitUnreadable { slot: SlotNumber(50182) })	mount-err:Recovery(UnitUnreadable { slot: SlotNumber(50182) })	same	-	[0, 0]	0	0	[0, 0]	0	0	0	8	-
F2-latent-eio-both	N1A-any-isoAll-mem	FMOF	F:noop M:mount-err:Recovery(UnitUnreadable { slot: SlotNumber(50182) }) O:refused(not-writable) F:refused(not-writable)	mount-err:Recovery(UnitUnreadable { slot: SlotNumber(50182) })	same	-	[0, 0]	0	0	[0, 0]	0	0	0	4	-
F2-latent-eio-both	N1A-any-isoAll-mem	FMMO	F:noop M:mount-err:Recovery(UnitUnreadable { slot: SlotNumber(50182) }) M:mount-err:Recovery(UnitUnreadable { slot: SlotNumber(50182) }) O:refused(not-writable)	mount-err:Recovery(UnitUnreadable { slot: SlotNumber(50182) })	same	-	[0, 0]	0	0	[0, 0]	0	0	0	6	-
F2-latent-eio-both	N1A-any-isoAll-mem	FMOO	F:noop M:mount-err:Recovery(UnitUnreadable { slot: SlotNumber(50182) }) O:refused(not-writable) O:refused(not-writable)	mount-err:Recovery(UnitUnreadable { slot: SlotNumber(50182) })	same	-	[0, 0]	0	0	[0, 0]	0	0	0	4	-
F2-latent-eio-both	N1A-any-isoAll-mem	FMOM	F:noop M:mount-err:Recovery(UnitUnreadable { slot: SlotNumber(50182) }) O:refused(not-writable) M:mount-err:Recovery(UnitUnreadable { slot: SlotNumber(50182) })	mount-err:Recovery(UnitUnreadable { slot: SlotNumber(50182) })	same	-	[0, 0]	0	0	[0, 0]	0	0	0	6	-
F2-latent-eio-both	N1A-any-isoAll-mem	FOFF	F:noop O:ok F:noop F:noop	ok	same	-	[2, 2]	4	0	[0, 0]	7	163840	0	2	t1@50182:released-and-isolated
F2-latent-eio-both	N1A-any-isoAll-mem	FOFM	F:noop O:ok F:noop M:ok	ok	same	-	[0, 0]	4	0	[0, 0]	13	262144	0	2	t1@50182:released-and-isolated
F2-latent-eio-both	N1A-any-isoAll-mem	FOFO	F:noop O:ok F:noop O:ok	ok	same	-	[2, 2]	4	0	[0, 0]	13	294912	0	2	t1@50182:released-and-isolated
F2-latent-eio-both	N1A-any-isoAll-mem	FOMF	F:noop O:ok M:ok F:noop	ok	same	-	[0, 0]	4	0	[0, 0]	13	262144	0	2	t1@50182:released-and-isolated
F2-latent-eio-both	N1A-any-isoAll-mem	FOMO	F:noop O:ok M:ok O:ok	ok	same	-	[0, 0]	4	0	[0, 0]	19	393216	0	2	t1@50182:released-and-isolated
F2-latent-eio-both	N1A-any-isoAll-mem	FOMM	F:noop O:ok M:ok M:ok	ok	same	-	[0, 0]	4	0	[0, 0]	19	360448	0	2	t1@50182:released-and-isolated
F2-latent-eio-both	N1A-any-isoAll-mem	FOOF	F:noop O:ok O:ok F:ok(F=3,reclaimed=1)	ok	same	-	[2, 2]	4	0	[0, 0]	17	360448	0	2	t1@50182:released-and-isolated
F2-latent-eio-both	N1A-any-isoAll-mem	FOOM	F:noop O:ok O:ok M:ok	ok	same	-	[0, 0]	4	0	[0, 0]	17	360448	0	2	t1@50182:released-and-isolated
F2-latent-eio-both	N1A-any-isoAll-mem	FOOO	F:noop O:ok O:ok O:ok	ok	same	-	[2, 2]	4	0	[0, 0]	19	425984	0	2	t1@50182:released-and-isolated
F2-latent-eio-both	N1A-any-isoAll-mem	MFFF	M:mount-err:Recovery(UnitUnreadable { slot: SlotNumber(50182) }) F:refused(not-writable) F:refused(not-writable) F:refused(not-writable)	mount-err:Recovery(UnitUnreadable { slot: SlotNumber(50182) })	same	-	[0, 0]	0	0	[0, 0]	0	0	0	4	-
F2-latent-eio-both	N1A-any-isoAll-mem	MFFO	M:mount-err:Recovery(UnitUnreadable { slot: SlotNumber(50182) }) F:refused(not-writable) F:refused(not-writable) O:refused(not-writable)	mount-err:Recovery(UnitUnreadable { slot: SlotNumber(50182) })	same	-	[0, 0]	0	0	[0, 0]	0	0	0	4	-
F2-latent-eio-both	N1A-any-isoAll-mem	MFFM	M:mount-err:Recovery(UnitUnreadable { slot: SlotNumber(50182) }) F:refused(not-writable) F:refused(not-writable) M:mount-err:Recovery(UnitUnreadable { slot: SlotNumber(50182) })	mount-err:Recovery(UnitUnreadable { slot: SlotNumber(50182) })	same	-	[0, 0]	0	0	[0, 0]	0	0	0	6	-
F2-latent-eio-both	N1A-any-isoAll-mem	MFMF	M:mount-err:Recovery(UnitUnreadable { slot: SlotNumber(50182) }) F:refused(not-writable) M:mount-err:Recovery(UnitUnreadable { slot: SlotNumber(50182) }) F:refused(not-writable)	mount-err:Recovery(UnitUnreadable { slot: SlotNumber(50182) })	same	-	[0, 0]	0	0	[0, 0]	0	0	0	6	-
F2-latent-eio-both	N1A-any-isoAll-mem	MFMM	M:mount-err:Recovery(UnitUnreadable { slot: SlotNumber(50182) }) F:refused(not-writable) M:mount-err:Recovery(UnitUnreadable { slot: SlotNumber(50182) }) M:mount-err:Recovery(UnitUnreadable { slot: SlotNumber(50182) })	mount-err:Recovery(UnitUnreadable { slot: SlotNumber(50182) })	same	-	[0, 0]	0	0	[0, 0]	0	0	0	8	-
F2-latent-eio-both	N1A-any-isoAll-mem	MFOF	M:mount-err:Recovery(UnitUnreadable { slot: SlotNumber(50182) }) F:refused(not-writable) O:refused(not-writable) F:refused(not-writable)	mount-err:Recovery(UnitUnreadable { slot: SlotNumber(50182) })	same	-	[0, 0]	0	0	[0, 0]	0	0	0	4	-
F2-latent-eio-both	N1A-any-isoAll-mem	MFMO	M:mount-err:Recovery(UnitUnreadable { slot: SlotNumber(50182) }) F:refused(not-writable) M:mount-err:Recovery(UnitUnreadable { slot: SlotNumber(50182) }) O:refused(not-writable)	mount-err:Recovery(UnitUnreadable { slot: SlotNumber(50182) })	same	-	[0, 0]	0	0	[0, 0]	0	0	0	6	-
F2-latent-eio-both	N1A-any-isoAll-mem	MFOO	M:mount-err:Recovery(UnitUnreadable { slot: SlotNumber(50182) }) F:refused(not-writable) O:refused(not-writable) O:refused(not-writable)	mount-err:Recovery(UnitUnreadable { slot: SlotNumber(50182) })	same	-	[0, 0]	0	0	[0, 0]	0	0	0	4	-
F2-latent-eio-both	N1A-any-isoAll-mem	MFOM	M:mount-err:Recovery(UnitUnreadable { slot: SlotNumber(50182) }) F:refused(not-writable) O:refused(not-writable) M:mount-err:Recovery(UnitUnreadable { slot: SlotNumber(50182) })	mount-err:Recovery(UnitUnreadable { slot: SlotNumber(50182) })	same	-	[0, 0]	0	0	[0, 0]	0	0	0	6	-
F2-latent-eio-both	N1A-any-isoAll-mem	MMFF	M:mount-err:Recovery(UnitUnreadable { slot: SlotNumber(50182) }) M:mount-err:Recovery(UnitUnreadable { slot: SlotNumber(50182) }) F:refused(not-writable) F:refused(not-writable)	mount-err:Recovery(UnitUnreadable { slot: SlotNumber(50182) })	same	-	[0, 0]	0	0	[0, 0]	0	0	0	6	-
F2-latent-eio-both	N1A-any-isoAll-mem	MMFM	M:mount-err:Recovery(UnitUnreadable { slot: SlotNumber(50182) }) M:mount-err:Recovery(UnitUnreadable { slot: SlotNumber(50182) }) F:refused(not-writable) M:mount-err:Recovery(UnitUnreadable { slot: SlotNumber(50182) })	mount-err:Recovery(UnitUnreadable { slot: SlotNumber(50182) })	same	-	[0, 0]	0	0	[0, 0]	0	0	0	8	-
F2-latent-eio-both	N1A-any-isoAll-mem	MMFO	M:mount-err:Recovery(UnitUnreadable { slot: SlotNumber(50182) }) M:mount-err:Recovery(UnitUnreadable { slot: SlotNumber(50182) }) F:refused(not-writable) O:refused(not-writable)	mount-err:Recovery(UnitUnreadable { slot: SlotNumber(50182) })	same	-	[0, 0]	0	0	[0, 0]	0	0	0	6	-
F2-latent-eio-both	N1A-any-isoAll-mem	MMMF	M:mount-err:Recovery(UnitUnreadable { slot: SlotNumber(50182) }) M:mount-err:Recovery(UnitUnreadable { slot: SlotNumber(50182) }) M:mount-err:Recovery(UnitUnreadable { slot: SlotNumber(50182) }) F:refused(not-writable)	mount-err:Recovery(UnitUnreadable { slot: SlotNumber(50182) })	same	-	[0, 0]	0	0	[0, 0]	0	0	0	8	-
F2-latent-eio-both	N1A-any-isoAll-mem	MMMO	M:mount-err:Recovery(UnitUnreadable { slot: SlotNumber(50182) }) M:mount-err:Recovery(UnitUnreadable { slot: SlotNumber(50182) }) M:mount-err:Recovery(UnitUnreadable { slot: SlotNumber(50182) }) O:refused(not-writable)	mount-err:Recovery(UnitUnreadable { slot: SlotNumber(50182) })	same	-	[0, 0]	0	0	[0, 0]	0	0	0	8	-
F2-latent-eio-both	N1A-any-isoAll-mem	MMMM	M:mount-err:Recovery(UnitUnreadable { slot: SlotNumber(50182) }) M:mount-err:Recovery(UnitUnreadable { slot: SlotNumber(50182) }) M:mount-err:Recovery(UnitUnreadable { slot: SlotNumber(50182) }) M:mount-err:Recovery(UnitUnreadable { slot: SlotNumber(50182) })	mount-err:Recovery(UnitUnreadable { slot: SlotNumber(50182) })	same	-	[0, 0]	0	0	[0, 0]	0	0	0	10	-
F2-latent-eio-both	N1A-any-isoAll-mem	MMOF	M:mount-err:Recovery(UnitUnreadable { slot: SlotNumber(50182) }) M:mount-err:Recovery(UnitUnreadable { slot: SlotNumber(50182) }) O:refused(not-writable) F:refused(not-writable)	mount-err:Recovery(UnitUnreadable { slot: SlotNumber(50182) })	same	-	[0, 0]	0	0	[0, 0]	0	0	0	6	-
F2-latent-eio-both	N1A-any-isoAll-mem	MMOM	M:mount-err:Recovery(UnitUnreadable { slot: SlotNumber(50182) }) M:mount-err:Recovery(UnitUnreadable { slot: SlotNumber(50182) }) O:refused(not-writable) M:mount-err:Recovery(UnitUnreadable { slot: SlotNumber(50182) })	mount-err:Recovery(UnitUnreadable { slot: SlotNumber(50182) })	same	-	[0, 0]	0	0	[0, 0]	0	0	0	8	-
F2-latent-eio-both	N1A-any-isoAll-mem	MMOO	M:mount-err:Recovery(UnitUnreadable { slot: SlotNumber(50182) }) M:mount-err:Recovery(UnitUnreadable { slot: SlotNumber(50182) }) O:refused(not-writable) O:refused(not-writable)	mount-err:Recovery(UnitUnreadable { slot: SlotNumber(50182) })	same	-	[0, 0]	0	0	[0, 0]	0	0	0	6	-
F2-latent-eio-both	N1A-any-isoAll-mem	MOFF	M:mount-err:Recovery(UnitUnreadable { slot: SlotNumber(50182) }) O:refused(not-writable) F:refused(not-writable) F:refused(not-writable)	mount-err:Recovery(UnitUnreadable { slot: SlotNumber(50182) })	same	-	[0, 0]	0	0	[0, 0]	0	0	0	4	-
F2-latent-eio-both	N1A-any-isoAll-mem	MOFM	M:mount-err:Recovery(UnitUnreadable { slot: SlotNumber(50182) }) O:refused(not-writable) F:refused(not-writable) M:mount-err:Recovery(UnitUnreadable { slot: SlotNumber(50182) })	mount-err:Recovery(UnitUnreadable { slot: SlotNumber(50182) })	same	-	[0, 0]	0	0	[0, 0]	0	0	0	6	-
F2-latent-eio-both	N1A-any-isoAll-mem	MOFO	M:mount-err:Recovery(UnitUnreadable { slot: SlotNumber(50182) }) O:refused(not-writable) F:refused(not-writable) O:refused(not-writable)	mount-err:Recovery(UnitUnreadable { slot: SlotNumber(50182) })	same	-	[0, 0]	0	0	[0, 0]	0	0	0	4	-
F2-latent-eio-both	N1A-any-isoAll-mem	MOMF	M:mount-err:Recovery(UnitUnreadable { slot: SlotNumber(50182) }) O:refused(not-writable) M:mount-err:Recovery(UnitUnreadable { slot: SlotNumber(50182) }) F:refused(not-writable)	mount-err:Recovery(UnitUnreadable { slot: SlotNumber(50182) })	same	-	[0, 0]	0	0	[0, 0]	0	0	0	6	-
F2-latent-eio-both	N1A-any-isoAll-mem	MOMM	M:mount-err:Recovery(UnitUnreadable { slot: SlotNumber(50182) }) O:refused(not-writable) M:mount-err:Recovery(UnitUnreadable { slot: SlotNumber(50182) }) M:mount-err:Recovery(UnitUnreadable { slot: SlotNumber(50182) })	mount-err:Recovery(UnitUnreadable { slot: SlotNumber(50182) })	same	-	[0, 0]	0	0	[0, 0]	0	0	0	8	-
F2-latent-eio-both	N1A-any-isoAll-mem	MOMO	M:mount-err:Recovery(UnitUnreadable { slot: SlotNumber(50182) }) O:refused(not-writable) M:mount-err:Recovery(UnitUnreadable { slot: SlotNumber(50182) }) O:refused(not-writable)	mount-err:Recovery(UnitUnreadable { slot: SlotNumber(50182) })	same	-	[0, 0]	0	0	[0, 0]	0	0	0	6	-
F2-latent-eio-both	N1A-any-isoAll-mem	MOOF	M:mount-err:Recovery(UnitUnreadable { slot: SlotNumber(50182) }) O:refused(not-writable) O:refused(not-writable) F:refused(not-writable)	mount-err:Recovery(UnitUnreadable { slot: SlotNumber(50182) })	same	-	[0, 0]	0	0	[0, 0]	0	0	0	4	-
F2-latent-eio-both	N1A-any-isoAll-mem	MOOO	M:mount-err:Recovery(UnitUnreadable { slot: SlotNumber(50182) }) O:refused(not-writable) O:refused(not-writable) O:refused(not-writable)	mount-err:Recovery(UnitUnreadable { slot: SlotNumber(50182) })	same	-	[0, 0]	0	0	[0, 0]	0	0	0	4	-
F2-latent-eio-both	N1A-any-isoAll-mem	MOOM	M:mount-err:Recovery(UnitUnreadable { slot: SlotNumber(50182) }) O:refused(not-writable) O:refused(not-writable) M:mount-err:Recovery(UnitUnreadable { slot: SlotNumber(50182) })	mount-err:Recovery(UnitUnreadable { slot: SlotNumber(50182) })	same	-	[0, 0]	0	0	[0, 0]	0	0	0	6	-
F2-latent-eio-both	N1A-any-isoAll-mem	OFFF	O:ok F:noop F:noop F:noop	ok	same	-	[2, 2]	4	0	[0, 0]	7	163840	0	2	t1@50182:released-and-isolated
F2-latent-eio-both	N1A-any-isoAll-mem	OFFM	O:ok F:noop F:noop M:ok	ok	same	-	[0, 0]	4	0	[0, 0]	13	262144	0	2	t1@50182:released-and-isolated
F2-latent-eio-both	N1A-any-isoAll-mem	OFFO	O:ok F:noop F:noop O:ok	ok	same	-	[2, 2]	4	0	[0, 0]	13	294912	0	2	t1@50182:released-and-isolated
F2-latent-eio-both	N1A-any-isoAll-mem	OFMF	O:ok F:noop M:ok F:noop	ok	same	-	[0, 0]	4	0	[0, 0]	13	262144	0	2	t1@50182:released-and-isolated
F2-latent-eio-both	N1A-any-isoAll-mem	OFMM	O:ok F:noop M:ok M:ok	ok	same	-	[0, 0]	4	0	[0, 0]	19	360448	0	2	t1@50182:released-and-isolated
F2-latent-eio-both	N1A-any-isoAll-mem	OFMO	O:ok F:noop M:ok O:ok	ok	same	-	[0, 0]	4	0	[0, 0]	19	393216	0	2	t1@50182:released-and-isolated
F2-latent-eio-both	N1A-any-isoAll-mem	OFOF	O:ok F:noop O:ok F:ok(F=3,reclaimed=1)	ok	same	-	[2, 2]	4	0	[0, 0]	17	360448	0	2	t1@50182:released-and-isolated
F2-latent-eio-both	N1A-any-isoAll-mem	OFOM	O:ok F:noop O:ok M:ok	ok	same	-	[0, 0]	4	0	[0, 0]	17	360448	0	2	t1@50182:released-and-isolated
F2-latent-eio-both	N1A-any-isoAll-mem	OFOO	O:ok F:noop O:ok O:ok	ok	same	-	[2, 2]	4	0	[0, 0]	19	425984	0	2	t1@50182:released-and-isolated
F2-latent-eio-both	N1A-any-isoAll-mem	OMFF	O:ok M:ok F:noop F:noop	ok	same	-	[0, 0]	4	0	[0, 0]	13	262144	0	2	t1@50182:released-and-isolated
F2-latent-eio-both	N1A-any-isoAll-mem	OMFM	O:ok M:ok F:noop M:ok	ok	same	-	[0, 0]	4	0	[0, 0]	19	360448	0	2	t1@50182:released-and-isolated
F2-latent-eio-both	N1A-any-isoAll-mem	OMFO	O:ok M:ok F:noop O:ok	ok	same	-	[0, 0]	4	0	[0, 0]	19	393216	0	2	t1@50182:released-and-isolated
F2-latent-eio-both	N1A-any-isoAll-mem	OMMF	O:ok M:ok M:ok F:noop	ok	same	-	[0, 0]	4	0	[0, 0]	19	360448	0	2	t1@50182:released-and-isolated
F2-latent-eio-both	N1A-any-isoAll-mem	OMMM	O:ok M:ok M:ok M:ok	ok	same	-	[0, 0]	4	0	[0, 0]	25	458752	0	2	t1@50182:released-and-isolated
F2-latent-eio-both	N1A-any-isoAll-mem	OMOF	O:ok M:ok O:ok F:ok(F=3,reclaimed=1)	ok	same	-	[0, 0]	4	0	[0, 0]	23	458752	0	2	t1@50182:released-and-isolated
F2-latent-eio-both	N1A-any-isoAll-mem	OMMO	O:ok M:ok M:ok O:ok	ok	same	-	[0, 0]	4	0	[0, 0]	25	491520	0	2	t1@50182:released-and-isolated
F2-latent-eio-both	N1A-any-isoAll-mem	OMOO	O:ok M:ok O:ok O:ok	ok	same	-	[0, 0]	4	0	[0, 0]	25	524288	0	2	t1@50182:released-and-isolated
F2-latent-eio-both	N1A-any-isoAll-mem	OMOM	O:ok M:ok O:ok M:ok	ok	same	-	[0, 0]	4	0	[0, 0]	23	458752	0	2	t1@50182:released-and-isolated
F2-latent-eio-both	N1A-any-isoAll-mem	OOFF	O:ok O:ok F:ok(F=3,reclaimed=1) F:noop	ok	same	-	[2, 2]	4	0	[0, 0]	17	360448	0	2	t1@50182:released-and-isolated
F2-latent-eio-both	N1A-any-isoAll-mem	OOFM	O:ok O:ok F:ok(F=3,reclaimed=1) M:ok	ok	same	-	[0, 0]	4	0	[0, 0]	23	458752	0	2	t1@50182:released-and-isolated
F2-latent-eio-both	N1A-any-isoAll-mem	OOFO	O:ok O:ok F:ok(F=3,reclaimed=1) O:ok	ok	same	-	[2, 2]	4	0	[0, 0]	23	491520	0	2	t1@50182:released-and-isolated
F2-latent-eio-both	N1A-any-isoAll-mem	OOMF	O:ok O:ok M:ok F:ok(F=3,reclaimed=1)	ok	same	-	[0, 0]	4	0	[0, 0]	23	458752	0	2	t1@50182:released-and-isolated
F2-latent-eio-both	N1A-any-isoAll-mem	OOMO	O:ok O:ok M:ok O:ok	ok	same	-	[0, 0]	4	0	[0, 0]	23	491520	0	2	t1@50182:released-and-isolated
F2-latent-eio-both	N1A-any-isoAll-mem	OOMM	O:ok O:ok M:ok M:ok	ok	same	-	[0, 0]	4	0	[0, 0]	23	458752	0	2	t1@50182:released-and-isolated
F2-latent-eio-both	N1A-any-isoAll-mem	OOOF	O:ok O:ok O:ok F:ok(F=6,reclaimed=18)	ok	same	-	[2, 2]	4	0	[0, 0]	23	491520	0	2	t1@50182:released-and-isolated
F2-latent-eio-both	N1A-any-isoAll-mem	OOOM	O:ok O:ok O:ok M:ok	ok	same	-	[0, 0]	4	0	[0, 0]	23	491520	0	2	t1@50182:released-and-isolated
F2-latent-eio-both	N1A-any-isoAll-mem	FFF	F:noop F:noop F:noop	mount-err:Recovery(UnitUnreadable { slot: SlotNumber(50182) })	same	-	[0, 0]	0	0	[0, 0]	0	0	0	2	-
F2-latent-eio-both	N1A-any-isoAll-mem	OOOO	O:ok O:ok O:ok O:ok	ok	same	-	[2, 2]	4	0	[0, 0]	25	557056	0	2	t1@50182:released-and-isolated
F2-latent-eio-both	N1A-any-isoAll-mem	FFM	F:noop F:noop M:mount-err:Recovery(UnitUnreadable { slot: SlotNumber(50182) })	mount-err:Recovery(UnitUnreadable { slot: SlotNumber(50182) })	same	-	[0, 0]	0	0	[0, 0]	0	0	0	4	-
F2-latent-eio-both	N1A-any-isoAll-mem	FFO	F:noop F:noop O:ok	ok	same	-	[2, 2]	4	0	[0, 0]	7	163840	0	2	t1@50182:released-and-isolated
F2-latent-eio-both	N1A-any-isoAll-mem	FMF	F:noop M:mount-err:Recovery(UnitUnreadable { slot: SlotNumber(50182) }) F:refused(not-writable)	mount-err:Recovery(UnitUnreadable { slot: SlotNumber(50182) })	same	-	[0, 0]	0	0	[0, 0]	0	0	0	4	-
F2-latent-eio-both	N1A-any-isoAll-mem	FMM	F:noop M:mount-err:Recovery(UnitUnreadable { slot: SlotNumber(50182) }) M:mount-err:Recovery(UnitUnreadable { slot: SlotNumber(50182) })	mount-err:Recovery(UnitUnreadable { slot: SlotNumber(50182) })	same	-	[0, 0]	0	0	[0, 0]	0	0	0	6	-
F2-latent-eio-both	N1A-any-isoAll-mem	FMO	F:noop M:mount-err:Recovery(UnitUnreadable { slot: SlotNumber(50182) }) O:refused(not-writable)	mount-err:Recovery(UnitUnreadable { slot: SlotNumber(50182) })	same	-	[0, 0]	0	0	[0, 0]	0	0	0	4	-
F2-latent-eio-both	N1A-any-isoAll-mem	FOF	F:noop O:ok F:noop	ok	same	-	[2, 2]	4	0	[0, 0]	7	163840	0	2	t1@50182:released-and-isolated
F2-latent-eio-both	N1A-any-isoAll-mem	FOM	F:noop O:ok M:ok	ok	same	-	[0, 0]	4	0	[0, 0]	13	262144	0	2	t1@50182:released-and-isolated
F2-latent-eio-both	N1A-any-isoAll-mem	FOO	F:noop O:ok O:ok	ok	same	-	[2, 2]	4	0	[0, 0]	13	294912	0	2	t1@50182:released-and-isolated
F2-latent-eio-both	N1A-any-isoAll-mem	MFF	M:mount-err:Recovery(UnitUnreadable { slot: SlotNumber(50182) }) F:refused(not-writable) F:refused(not-writable)	mount-err:Recovery(UnitUnreadable { slot: SlotNumber(50182) })	same	-	[0, 0]	0	0	[0, 0]	0	0	0	4	-
F2-latent-eio-both	N1A-any-isoAll-mem	MFO	M:mount-err:Recovery(UnitUnreadable { slot: SlotNumber(50182) }) F:refused(not-writable) O:refused(not-writable)	mount-err:Recovery(UnitUnreadable { slot: SlotNumber(50182) })	same	-	[0, 0]	0	0	[0, 0]	0	0	0	4	-
F2-latent-eio-both	N1A-any-isoAll-mem	MFM	M:mount-err:Recovery(UnitUnreadable { slot: SlotNumber(50182) }) F:refused(not-writable) M:mount-err:Recovery(UnitUnreadable { slot: SlotNumber(50182) })	mount-err:Recovery(UnitUnreadable { slot: SlotNumber(50182) })	same	-	[0, 0]	0	0	[0, 0]	0	0	0	6	-
F2-latent-eio-both	N1A-any-isoAll-mem	MMF	M:mount-err:Recovery(UnitUnreadable { slot: SlotNumber(50182) }) M:mount-err:Recovery(UnitUnreadable { slot: SlotNumber(50182) }) F:refused(not-writable)	mount-err:Recovery(UnitUnreadable { slot: SlotNumber(50182) })	same	-	[0, 0]	0	0	[0, 0]	0	0	0	6	-
F2-latent-eio-both	N1A-any-isoAll-mem	MMM	M:mount-err:Recovery(UnitUnreadable { slot: SlotNumber(50182) }) M:mount-err:Recovery(UnitUnreadable { slot: SlotNumber(50182) }) M:mount-err:Recovery(UnitUnreadable { slot: SlotNumber(50182) })	mount-err:Recovery(UnitUnreadable { slot: SlotNumber(50182) })	same	-	[0, 0]	0	0	[0, 0]	0	0	0	8	-
F2-latent-eio-both	N1A-any-isoAll-mem	MMO	M:mount-err:Recovery(UnitUnreadable { slot: SlotNumber(50182) }) M:mount-err:Recovery(UnitUnreadable { slot: SlotNumber(50182) }) O:refused(not-writable)	mount-err:Recovery(UnitUnreadable { slot: SlotNumber(50182) })	same	-	[0, 0]	0	0	[0, 0]	0	0	0	6	-
F2-latent-eio-both	N1A-any-isoAll-mem	MOF	M:mount-err:Recovery(UnitUnreadable { slot: SlotNumber(50182) }) O:refused(not-writable) F:refused(not-writable)	mount-err:Recovery(UnitUnreadable { slot: SlotNumber(50182) })	same	-	[0, 0]	0	0	[0, 0]	0	0	0	4	-
F2-latent-eio-both	N1A-any-isoAll-mem	MOO	M:mount-err:Recovery(UnitUnreadable { slot: SlotNumber(50182) }) O:refused(not-writable) O:refused(not-writable)	mount-err:Recovery(UnitUnreadable { slot: SlotNumber(50182) })	same	-	[0, 0]	0	0	[0, 0]	0	0	0	4	-
F2-latent-eio-both	N1A-any-isoAll-mem	MOM	M:mount-err:Recovery(UnitUnreadable { slot: SlotNumber(50182) }) O:refused(not-writable) M:mount-err:Recovery(UnitUnreadable { slot: SlotNumber(50182) })	mount-err:Recovery(UnitUnreadable { slot: SlotNumber(50182) })	same	-	[0, 0]	0	0	[0, 0]	0	0	0	6	-
F2-latent-eio-both	N1A-any-isoAll-mem	OFF	O:ok F:noop F:noop	ok	same	-	[2, 2]	4	0	[0, 0]	7	163840	0	2	t1@50182:released-and-isolated
F2-latent-eio-both	N1A-any-isoAll-mem	OFM	O:ok F:noop M:ok	ok	same	-	[0, 0]	4	0	[0, 0]	13	262144	0	2	t1@50182:released-and-isolated
F2-latent-eio-both	N1A-any-isoAll-mem	OFO	O:ok F:noop O:ok	ok	same	-	[2, 2]	4	0	[0, 0]	13	294912	0	2	t1@50182:released-and-isolated
F2-latent-eio-both	N1A-any-isoAll-mem	OMF	O:ok M:ok F:noop	ok	same	-	[0, 0]	4	0	[0, 0]	13	262144	0	2	t1@50182:released-and-isolated
F2-latent-eio-both	N1A-any-isoAll-mem	OMO	O:ok M:ok O:ok	ok	same	-	[0, 0]	4	0	[0, 0]	19	393216	0	2	t1@50182:released-and-isolated
F2-latent-eio-both	N1A-any-isoAll-mem	OMM	O:ok M:ok M:ok	ok	same	-	[0, 0]	4	0	[0, 0]	19	360448	0	2	t1@50182:released-and-isolated
F2-latent-eio-both	N1A-any-isoAll-mem	OOF	O:ok O:ok F:ok(F=3,reclaimed=1)	ok	same	-	[2, 2]	4	0	[0, 0]	17	360448	0	2	t1@50182:released-and-isolated
F2-latent-eio-both	N1A-any-isoAll-mem	OOM	O:ok O:ok M:ok	ok	same	-	[0, 0]	4	0	[0, 0]	17	360448	0	2	t1@50182:released-and-isolated
F2-latent-eio-both	N1A-any-isoAll-mem	OOO	O:ok O:ok O:ok	ok	same	-	[2, 2]	4	0	[0, 0]	19	425984	0	2	t1@50182:released-and-isolated
F2-latent-eio-both	N1A-any-isoAll-mem	FF	F:noop F:noop	mount-err:Recovery(UnitUnreadable { slot: SlotNumber(50182) })	same	-	[0, 0]	0	0	[0, 0]	0	0	0	2	-
F2-latent-eio-both	N1A-any-isoAll-mem	FM	F:noop M:mount-err:Recovery(UnitUnreadable { slot: SlotNumber(50182) })	mount-err:Recovery(UnitUnreadable { slot: SlotNumber(50182) })	same	-	[0, 0]	0	0	[0, 0]	0	0	0	4	-
F2-latent-eio-both	N1A-any-isoAll-mem	FO	F:noop O:ok	ok	same	-	[2, 2]	4	0	[0, 0]	7	163840	0	2	t1@50182:released-and-isolated
F2-latent-eio-both	N1A-any-isoAll-mem	MF	M:mount-err:Recovery(UnitUnreadable { slot: SlotNumber(50182) }) F:refused(not-writable)	mount-err:Recovery(UnitUnreadable { slot: SlotNumber(50182) })	same	-	[0, 0]	0	0	[0, 0]	0	0	0	4	-
F2-latent-eio-both	N1A-any-isoAll-mem	MM	M:mount-err:Recovery(UnitUnreadable { slot: SlotNumber(50182) }) M:mount-err:Recovery(UnitUnreadable { slot: SlotNumber(50182) })	mount-err:Recovery(UnitUnreadable { slot: SlotNumber(50182) })	same	-	[0, 0]	0	0	[0, 0]	0	0	0	6	-
F2-latent-eio-both	N1A-any-isoAll-mem	MO	M:mount-err:Recovery(UnitUnreadable { slot: SlotNumber(50182) }) O:refused(not-writable)	mount-err:Recovery(UnitUnreadable { slot: SlotNumber(50182) })	same	-	[0, 0]	0	0	[0, 0]	0	0	0	4	-
F2-latent-eio-both	N1A-any-isoAll-mem	OF	O:ok F:noop	ok	same	-	[2, 2]	4	0	[0, 0]	7	163840	0	2	t1@50182:released-and-isolated
F2-latent-eio-both	N1A-any-isoAll-mem	OM	O:ok M:ok	ok	same	-	[0, 0]	4	0	[0, 0]	13	262144	0	2	t1@50182:released-and-isolated
F2-latent-eio-both	N1A-any-isoAll-mem	OO	O:ok O:ok	ok	same	-	[2, 2]	4	0	[0, 0]	13	294912	0	2	t1@50182:released-and-isolated
F2-latent-eio-both	N1A-any-isoAll-mem	F	F:noop	mount-err:Recovery(UnitUnreadable { slot: SlotNumber(50182) })	same	-	[0, 0]	0	0	[0, 0]	0	0	0	2	-
F2-latent-eio-both	N1A-any-isoAll-mem	M	M:mount-err:Recovery(UnitUnreadable { slot: SlotNumber(50182) })	mount-err:Recovery(UnitUnreadable { slot: SlotNumber(50182) })	same	-	[0, 0]	0	0	[0, 0]	0	0	0	4	-
F2-latent-eio-both	N1A-any-isoAll-mem	O	O:ok	ok	same	-	[2, 2]	4	0	[0, 0]	7	163840	0	2	t1@50182:released-and-isolated
F1-transient-eio-both	N1A-any-isoAll-mem	FFFF	F:noop F:noop F:noop F:noop	mount-err:Recovery(UnitUnreadable { slot: SlotNumber(50182) })	same	-	[0, 0]	0	0	[0, 0]	0	0	0	2	-
F1-transient-eio-both	N1A-any-isoAll-mem	FFFM	F:noop F:noop F:noop M:mount-err:Recovery(UnitUnreadable { slot: SlotNumber(50182) })	ok	same	-	[0, 0]	0	0	[0, 0]	0	0	0	2	-
F1-transient-eio-both	N1A-any-isoAll-mem	FFFO	F:noop F:noop F:noop O:ok	ok	same	-	[2, 2]	4	0	[0, 0]	7	163840	0	2	t1@50182:released-and-isolated
F1-transient-eio-both	N1A-any-isoAll-mem	FFMF	F:noop F:noop M:mount-err:Recovery(UnitUnreadable { slot: SlotNumber(50182) }) F:refused(not-writable)	ok	same	-	[0, 0]	0	0	[0, 0]	0	0	0	2	-
F1-transient-eio-both	N1A-any-isoAll-mem	FFMO	F:noop F:noop M:mount-err:Recovery(UnitUnreadable { slot: SlotNumber(50182) }) O:refused(not-writable)	ok	same	-	[0, 0]	0	0	[0, 0]	0	0	0	2	-
F1-transient-eio-both	N1A-any-isoAll-mem	FFMM	F:noop F:noop M:mount-err:Recovery(UnitUnreadable { slot: SlotNumber(50182) }) M:ok	ok	same	-	[0, 0]	0	0	[0, 0]	4	65536	0	2	-
F1-transient-eio-both	N1A-any-isoAll-mem	FFOF	F:noop F:noop O:ok F:noop	ok	same	-	[2, 2]	4	0	[0, 0]	7	163840	0	2	t1@50182:released-and-isolated
F1-transient-eio-both	N1A-any-isoAll-mem	FFOM	F:noop F:noop O:ok M:ok	ok	same	-	[0, 0]	4	0	[0, 0]	13	262144	0	2	t1@50182:released-and-isolated
F1-transient-eio-both	N1A-any-isoAll-mem	FMFF	F:noop M:mount-err:Recovery(UnitUnreadable { slot: SlotNumber(50182) }) F:refused(not-writable) F:refused(not-writable)	ok	same	-	[0, 0]	0	0	[0, 0]	0	0	0	2	-
F1-transient-eio-both	N1A-any-isoAll-mem	FFOO	F:noop F:noop O:ok O:ok	ok	same	-	[2, 2]	4	0	[0, 0]	13	294912	0	2	t1@50182:released-and-isolated
F1-transient-eio-both	N1A-any-isoAll-mem	FMFO	F:noop M:mount-err:Recovery(UnitUnreadable { slot: SlotNumber(50182) }) F:refused(not-writable) O:refused(not-writable)	ok	same	-	[0, 0]	0	0	[0, 0]	0	0	0	2	-
F1-transient-eio-both	N1A-any-isoAll-mem	FMFM	F:noop M:mount-err:Recovery(UnitUnreadable { slot: SlotNumber(50182) }) F:refused(not-writable) M:ok	ok	same	-	[0, 0]	0	0	[0, 0]	4	65536	0	2	-
F1-transient-eio-both	N1A-any-isoAll-mem	FMMF	F:noop M:mount-err:Recovery(UnitUnreadable { slot: SlotNumber(50182) }) M:ok F:noop	ok	same	-	[0, 0]	0	0	[0, 0]	4	65536	0	2	-
F1-transient-eio-both	N1A-any-isoAll-mem	FMMM	F:noop M:mount-err:Recovery(UnitUnreadable { slot: SlotNumber(50182) }) M:ok M:ok	ok	same	-	[0, 0]	0	0	[0, 0]	8	131072	0	2	-
F1-transient-eio-both	N1A-any-isoAll-mem	FMOF	F:noop M:mount-err:Recovery(UnitUnreadable { slot: SlotNumber(50182) }) O:refused(not-writable) F:refused(not-writable)	ok	same	-	[0, 0]	0	0	[0, 0]	0	0	0	2	-
F1-transient-eio-both	N1A-any-isoAll-mem	FMMO	F:noop M:mount-err:Recovery(UnitUnreadable { slot: SlotNumber(50182) }) M:ok O:ok	ok	same	-	[0, 0]	0	0	[0, 0]	10	196608	0	2	-
F1-transient-eio-both	N1A-any-isoAll-mem	FMOM	F:noop M:mount-err:Recovery(UnitUnreadable { slot: SlotNumber(50182) }) O:refused(not-writable) M:ok	ok	same	-	[0, 0]	0	0	[0, 0]	4	65536	0	2	-
F1-transient-eio-both	N1A-any-isoAll-mem	FMOO	F:noop M:mount-err:Recovery(UnitUnreadable { slot: SlotNumber(50182) }) O:refused(not-writable) O:refused(not-writable)	ok	same	-	[0, 0]	0	0	[0, 0]	0	0	0	2	-
F1-transient-eio-both	N1A-any-isoAll-mem	FOFF	F:noop O:ok F:noop F:noop	ok	same	-	[2, 2]	4	0	[0, 0]	7	163840	0	2	t1@50182:released-and-isolated
F1-transient-eio-both	N1A-any-isoAll-mem	FOFO	F:noop O:ok F:noop O:ok	ok	same	-	[2, 2]	4	0	[0, 0]	13	294912	0	2	t1@50182:released-and-isolated
F1-transient-eio-both	N1A-any-isoAll-mem	FOFM	F:noop O:ok F:noop M:ok	ok	same	-	[0, 0]	4	0	[0, 0]	13	262144	0	2	t1@50182:released-and-isolated
F1-transient-eio-both	N1A-any-isoAll-mem	FOMF	F:noop O:ok M:ok F:noop	ok	same	-	[0, 0]	4	0	[0, 0]	13	262144	0	2	t1@50182:released-and-isolated
F1-transient-eio-both	N1A-any-isoAll-mem	FOMM	F:noop O:ok M:ok M:ok	ok	same	-	[0, 0]	4	0	[0, 0]	19	360448	0	2	t1@50182:released-and-isolated
F1-transient-eio-both	N1A-any-isoAll-mem	FOOF	F:noop O:ok O:ok F:ok(F=3,reclaimed=1)	ok	same	-	[2, 2]	4	0	[0, 0]	17	360448	0	2	t1@50182:released-and-isolated
F1-transient-eio-both	N1A-any-isoAll-mem	FOMO	F:noop O:ok M:ok O:ok	ok	same	-	[0, 0]	4	0	[0, 0]	19	393216	0	2	t1@50182:released-and-isolated
F1-transient-eio-both	N1A-any-isoAll-mem	FOOO	F:noop O:ok O:ok O:ok	ok	same	-	[2, 2]	4	0	[0, 0]	19	425984	0	2	t1@50182:released-and-isolated
F1-transient-eio-both	N1A-any-isoAll-mem	FOOM	F:noop O:ok O:ok M:ok	ok	same	-	[0, 0]	4	0	[0, 0]	17	360448	0	2	t1@50182:released-and-isolated
F1-transient-eio-both	N1A-any-isoAll-mem	MFFF	M:mount-err:Recovery(UnitUnreadable { slot: SlotNumber(50182) }) F:refused(not-writable) F:refused(not-writable) F:refused(not-writable)	ok	same	-	[0, 0]	0	0	[0, 0]	0	0	0	2	-
F1-transient-eio-both	N1A-any-isoAll-mem	MFFM	M:mount-err:Recovery(UnitUnreadable { slot: SlotNumber(50182) }) F:refused(not-writable) F:refused(not-writable) M:ok	ok	same	-	[0, 0]	0	0	[0, 0]	4	65536	0	2	-
F1-transient-eio-both	N1A-any-isoAll-mem	MFFO	M:mount-err:Recovery(UnitUnreadable { slot: SlotNumber(50182) }) F:refused(not-writable) F:refused(not-writable) O:refused(not-writable)	ok	same	-	[0, 0]	0	0	[0, 0]	0	0	0	2	-
F1-transient-eio-both	N1A-any-isoAll-mem	MFMF	M:mount-err:Recovery(UnitUnreadable { slot: SlotNumber(50182) }) F:refused(not-writable) M:ok F:noop	ok	same	-	[0, 0]	0	0	[0, 0]	4	65536	0	2	-
F1-transient-eio-both	N1A-any-isoAll-mem	MFMO	M:mount-err:Recovery(UnitUnreadable { slot: SlotNumber(50182) }) F:refused(not-writable) M:ok O:ok	ok	same	-	[0, 0]	0	0	[0, 0]	10	196608	0	2	-
F1-transient-eio-both	N1A-any-isoAll-mem	MFMM	M:mount-err:Recovery(UnitUnreadable { slot: SlotNumber(50182) }) F:refused(not-writable) M:ok M:ok	ok	same	-	[0, 0]	0	0	[0, 0]	8	131072	0	2	-
F1-transient-eio-both	N1A-any-isoAll-mem	MFOF	M:mount-err:Recovery(UnitUnreadable { slot: SlotNumber(50182) }) F:refused(not-writable) O:refused(not-writable) F:refused(not-writable)	ok	same	-	[0, 0]	0	0	[0, 0]	0	0	0	2	-
F1-transient-eio-both	N1A-any-isoAll-mem	MFOO	M:mount-err:Recovery(UnitUnreadable { slot: SlotNumber(50182) }) F:refused(not-writable) O:refused(not-writable) O:refused(not-writable)	ok	same	-	[0, 0]	0	0	[0, 0]	0	0	0	2	-
F1-transient-eio-both	N1A-any-isoAll-mem	MFOM	M:mount-err:Recovery(UnitUnreadable { slot: SlotNumber(50182) }) F:refused(not-writable) O:refused(not-writable) M:ok	ok	same	-	[0, 0]	0	0	[0, 0]	4	65536	0	2	-
F1-transient-eio-both	N1A-any-isoAll-mem	MMFF	M:mount-err:Recovery(UnitUnreadable { slot: SlotNumber(50182) }) M:ok F:noop F:noop	ok	same	-	[0, 0]	0	0	[0, 0]	4	65536	0	2	-
F1-transient-eio-both	N1A-any-isoAll-mem	MMFM	M:mount-err:Recovery(UnitUnreadable { slot: SlotNumber(50182) }) M:ok F:noop M:ok	ok	same	-	[0, 0]	0	0	[0, 0]	8	131072	0	2	-
F1-transient-eio-both	N1A-any-isoAll-mem	MMFO	M:mount-err:Recovery(UnitUnreadable { slot: SlotNumber(50182) }) M:ok F:noop O:ok	ok	same	-	[0, 0]	0	0	[0, 0]	10	196608	0	2	-
F1-transient-eio-both	N1A-any-isoAll-mem	MMMF	M:mount-err:Recovery(UnitUnreadable { slot: SlotNumber(50182) }) M:ok M:ok F:noop	ok	same	-	[0, 0]	0	0	[0, 0]	8	131072	0	2	-
F1-transient-eio-both	N1A-any-isoAll-mem	MMMM	M:mount-err:Recovery(UnitUnreadable { slot: SlotNumber(50182) }) M:ok M:ok M:ok	ok	same	-	[0, 0]	0	0	[0, 0]	14	229376	0	2	-
F1-transient-eio-both	N1A-any-isoAll-mem	MMMO	M:mount-err:Recovery(UnitUnreadable { slot: SlotNumber(50182) }) M:ok M:ok O:ok	ok	same	-	[0, 0]	0	0	[0, 0]	14	262144	0	2	-
F1-transient-eio-both	N1A-any-isoAll-mem	MMOF	M:mount-err:Recovery(UnitUnreadable { slot: SlotNumber(50182) }) M:ok O:ok F:noop	ok	same	-	[0, 0]	0	0	[0, 0]	10	196608	0	2	-
F1-transient-eio-both	N1A-any-isoAll-mem	MMOM	M:mount-err:Recovery(UnitUnreadable { slot: SlotNumber(50182) }) M:ok O:ok M:ok	ok	same	-	[0, 0]	0	0	[0, 0]	14	262144	0	2	-
F1-transient-eio-both	N1A-any-isoAll-mem	MMOO	M:mount-err:Recovery(UnitUnreadable { slot: SlotNumber(50182) }) M:ok O:ok O:ok	ok	same	-	[0, 0]	0	0	[0, 0]	16	327680	0	2	-
F1-transient-eio-both	N1A-any-isoAll-mem	MOFF	M:mount-err:Recovery(UnitUnreadable { slot: SlotNumber(50182) }) O:refused(not-writable) F:refused(not-writable) F:refused(not-writable)	ok	same	-	[0, 0]	0	0	[0, 0]	0	0	0	2	-
F1-transient-eio-both	N1A-any-isoAll-mem	MOFO	M:mount-err:Recovery(UnitUnreadable { slot: SlotNumber(50182) }) O:refused(not-writable) F:refused(not-writable) O:refused(not-writable)	ok	same	-	[0, 0]	0	0	[0, 0]	0	0	0	2	-
F1-transient-eio-both	N1A-any-isoAll-mem	MOFM	M:mount-err:Recovery(UnitUnreadable { slot: SlotNumber(50182) }) O:refused(not-writable) F:refused(not-writable) M:ok	ok	same	-	[0, 0]	0	0	[0, 0]	4	65536	0	2	-
F1-transient-eio-both	N1A-any-isoAll-mem	MOMF	M:mount-err:Recovery(UnitUnreadable { slot: SlotNumber(50182) }) O:refused(not-writable) M:ok F:noop	ok	same	-	[0, 0]	0	0	[0, 0]	4	65536	0	2	-
F1-transient-eio-both	N1A-any-isoAll-mem	MOMM	M:mount-err:Recovery(UnitUnreadable { slot: SlotNumber(50182) }) O:refused(not-writable) M:ok M:ok	ok	same	-	[0, 0]	0	0	[0, 0]	8	131072	0	2	-
F1-transient-eio-both	N1A-any-isoAll-mem	MOOF	M:mount-err:Recovery(UnitUnreadable { slot: SlotNumber(50182) }) O:refused(not-writable) O:refused(not-writable) F:refused(not-writable)	ok	same	-	[0, 0]	0	0	[0, 0]	0	0	0	2	-
F1-transient-eio-both	N1A-any-isoAll-mem	MOMO	M:mount-err:Recovery(UnitUnreadable { slot: SlotNumber(50182) }) O:refused(not-writable) M:ok O:ok	ok	same	-	[0, 0]	0	0	[0, 0]	10	196608	0	2	-
F1-transient-eio-both	N1A-any-isoAll-mem	MOOM	M:mount-err:Recovery(UnitUnreadable { slot: SlotNumber(50182) }) O:refused(not-writable) O:refused(not-writable) M:ok	ok	same	-	[0, 0]	0	0	[0, 0]	4	65536	0	2	-
F1-transient-eio-both	N1A-any-isoAll-mem	MOOO	M:mount-err:Recovery(UnitUnreadable { slot: SlotNumber(50182) }) O:refused(not-writable) O:refused(not-writable) O:refused(not-writable)	ok	same	-	[0, 0]	0	0	[0, 0]	0	0	0	2	-
F1-transient-eio-both	N1A-any-isoAll-mem	OFFF	O:ok F:noop F:noop F:noop	ok	same	-	[2, 2]	4	0	[0, 0]	7	163840	0	2	t1@50182:released-and-isolated
F1-transient-eio-both	N1A-any-isoAll-mem	OFFM	O:ok F:noop F:noop M:ok	ok	same	-	[0, 0]	4	0	[0, 0]	13	262144	0	2	t1@50182:released-and-isolated
F1-transient-eio-both	N1A-any-isoAll-mem	OFFO	O:ok F:noop F:noop O:ok	ok	same	-	[2, 2]	4	0	[0, 0]	13	294912	0	2	t1@50182:released-and-isolated
F1-transient-eio-both	N1A-any-isoAll-mem	OFMF	O:ok F:noop M:ok F:noop	ok	same	-	[0, 0]	4	0	[0, 0]	13	262144	0	2	t1@50182:released-and-isolated
F1-transient-eio-both	N1A-any-isoAll-mem	OFMM	O:ok F:noop M:ok M:ok	ok	same	-	[0, 0]	4	0	[0, 0]	19	360448	0	2	t1@50182:released-and-isolated
F1-transient-eio-both	N1A-any-isoAll-mem	OFOF	O:ok F:noop O:ok F:ok(F=3,reclaimed=1)	ok	same	-	[2, 2]	4	0	[0, 0]	17	360448	0	2	t1@50182:released-and-isolated
F1-transient-eio-both	N1A-any-isoAll-mem	OFMO	O:ok F:noop M:ok O:ok	ok	same	-	[0, 0]	4	0	[0, 0]	19	393216	0	2	t1@50182:released-and-isolated
F1-transient-eio-both	N1A-any-isoAll-mem	OFOO	O:ok F:noop O:ok O:ok	ok	same	-	[2, 2]	4	0	[0, 0]	19	425984	0	2	t1@50182:released-and-isolated
F1-transient-eio-both	N1A-any-isoAll-mem	OFOM	O:ok F:noop O:ok M:ok	ok	same	-	[0, 0]	4	0	[0, 0]	17	360448	0	2	t1@50182:released-and-isolated
F1-transient-eio-both	N1A-any-isoAll-mem	OMFF	O:ok M:ok F:noop F:noop	ok	same	-	[0, 0]	4	0	[0, 0]	13	262144	0	2	t1@50182:released-and-isolated
F1-transient-eio-both	N1A-any-isoAll-mem	OMFM	O:ok M:ok F:noop M:ok	ok	same	-	[0, 0]	4	0	[0, 0]	19	360448	0	2	t1@50182:released-and-isolated
F1-transient-eio-both	N1A-any-isoAll-mem	OMFO	O:ok M:ok F:noop O:ok	ok	same	-	[0, 0]	4	0	[0, 0]	19	393216	0	2	t1@50182:released-and-isolated
F1-transient-eio-both	N1A-any-isoAll-mem	OMMF	O:ok M:ok M:ok F:noop	ok	same	-	[0, 0]	4	0	[0, 0]	19	360448	0	2	t1@50182:released-and-isolated
F1-transient-eio-both	N1A-any-isoAll-mem	OMMM	O:ok M:ok M:ok M:ok	ok	same	-	[0, 0]	4	0	[0, 0]	25	458752	0	2	t1@50182:released-and-isolated
F1-transient-eio-both	N1A-any-isoAll-mem	OMMO	O:ok M:ok M:ok O:ok	ok	same	-	[0, 0]	4	0	[0, 0]	25	491520	0	2	t1@50182:released-and-isolated
F1-transient-eio-both	N1A-any-isoAll-mem	OMOF	O:ok M:ok O:ok F:ok(F=3,reclaimed=1)	ok	same	-	[0, 0]	4	0	[0, 0]	23	458752	0	2	t1@50182:released-and-isolated
F1-transient-eio-both	N1A-any-isoAll-mem	OMOO	O:ok M:ok O:ok O:ok	ok	same	-	[0, 0]	4	0	[0, 0]	25	524288	0	2	t1@50182:released-and-isolated
F1-transient-eio-both	N1A-any-isoAll-mem	OOFF	O:ok O:ok F:ok(F=3,reclaimed=1) F:noop	ok	same	-	[2, 2]	4	0	[0, 0]	17	360448	0	2	t1@50182:released-and-isolated
F1-transient-eio-both	N1A-any-isoAll-mem	OMOM	O:ok M:ok O:ok M:ok	ok	same	-	[0, 0]	4	0	[0, 0]	23	458752	0	2	t1@50182:released-and-isolated
F1-transient-eio-both	N1A-any-isoAll-mem	OOFM	O:ok O:ok F:ok(F=3,reclaimed=1) M:ok	ok	same	-	[0, 0]	4	0	[0, 0]	23	458752	0	2	t1@50182:released-and-isolated
F1-transient-eio-both	N1A-any-isoAll-mem	OOFO	O:ok O:ok F:ok(F=3,reclaimed=1) O:ok	ok	same	-	[2, 2]	4	0	[0, 0]	23	491520	0	2	t1@50182:released-and-isolated
F1-transient-eio-both	N1A-any-isoAll-mem	OOMF	O:ok O:ok M:ok F:ok(F=3,reclaimed=1)	ok	same	-	[0, 0]	4	0	[0, 0]	23	458752	0	2	t1@50182:released-and-isolated
F1-transient-eio-both	N1A-any-isoAll-mem	OOMM	O:ok O:ok M:ok M:ok	ok	same	-	[0, 0]	4	0	[0, 0]	23	458752	0	2	t1@50182:released-and-isolated
F1-transient-eio-both	N1A-any-isoAll-mem	OOMO	O:ok O:ok M:ok O:ok	ok	same	-	[0, 0]	4	0	[0, 0]	23	491520	0	2	t1@50182:released-and-isolated
F1-transient-eio-both	N1A-any-isoAll-mem	OOOF	O:ok O:ok O:ok F:ok(F=6,reclaimed=18)	ok	same	-	[2, 2]	4	0	[0, 0]	23	491520	0	2	t1@50182:released-and-isolated
F1-transient-eio-both	N1A-any-isoAll-mem	OOOO	O:ok O:ok O:ok O:ok	ok	same	-	[2, 2]	4	0	[0, 0]	25	557056	0	2	t1@50182:released-and-isolated
F1-transient-eio-both	N1A-any-isoAll-mem	OOOM	O:ok O:ok O:ok M:ok	ok	same	-	[0, 0]	4	0	[0, 0]	23	491520	0	2	t1@50182:released-and-isolated
F1-transient-eio-both	N1A-any-isoAll-mem	FFM	F:noop F:noop M:mount-err:Recovery(UnitUnreadable { slot: SlotNumber(50182) })	ok	same	-	[0, 0]	0	0	[0, 0]	0	0	0	2	-
F1-transient-eio-both	N1A-any-isoAll-mem	FFF	F:noop F:noop F:noop	mount-err:Recovery(UnitUnreadable { slot: SlotNumber(50182) })	same	-	[0, 0]	0	0	[0, 0]	0	0	0	2	-
F1-transient-eio-both	N1A-any-isoAll-mem	FFO	F:noop F:noop O:ok	ok	same	-	[2, 2]	4	0	[0, 0]	7	163840	0	2	t1@50182:released-and-isolated
F1-transient-eio-both	N1A-any-isoAll-mem	FMM	F:noop M:mount-err:Recovery(UnitUnreadable { slot: SlotNumber(50182) }) M:ok	ok	same	-	[0, 0]	0	0	[0, 0]	4	65536	0	2	-
F1-transient-eio-both	N1A-any-isoAll-mem	FMF	F:noop M:mount-err:Recovery(UnitUnreadable { slot: SlotNumber(50182) }) F:refused(not-writable)	ok	same	-	[0, 0]	0	0	[0, 0]	0	0	0	2	-
F1-transient-eio-both	N1A-any-isoAll-mem	FOF	F:noop O:ok F:noop	ok	same	-	[2, 2]	4	0	[0, 0]	7	163840	0	2	t1@50182:released-and-isolated
F1-transient-eio-both	N1A-any-isoAll-mem	FMO	F:noop M:mount-err:Recovery(UnitUnreadable { slot: SlotNumber(50182) }) O:refused(not-writable)	ok	same	-	[0, 0]	0	0	[0, 0]	0	0	0	2	-
F1-transient-eio-both	N1A-any-isoAll-mem	FOO	F:noop O:ok O:ok	ok	same	-	[2, 2]	4	0	[0, 0]	13	294912	0	2	t1@50182:released-and-isolated
F1-transient-eio-both	N1A-any-isoAll-mem	FOM	F:noop O:ok M:ok	ok	same	-	[0, 0]	4	0	[0, 0]	13	262144	0	2	t1@50182:released-and-isolated
F1-transient-eio-both	N1A-any-isoAll-mem	MFM	M:mount-err:Recovery(UnitUnreadable { slot: SlotNumber(50182) }) F:refused(not-writable) M:ok	ok	same	-	[0, 0]	0	0	[0, 0]	4	65536	0	2	-
F1-transient-eio-both	N1A-any-isoAll-mem	MFF	M:mount-err:Recovery(UnitUnreadable { slot: SlotNumber(50182) }) F:refused(not-writable) F:refused(not-writable)	ok	same	-	[0, 0]	0	0	[0, 0]	0	0	0	2	-
F1-transient-eio-both	N1A-any-isoAll-mem	MFO	M:mount-err:Recovery(UnitUnreadable { slot: SlotNumber(50182) }) F:refused(not-writable) O:refused(not-writable)	ok	same	-	[0, 0]	0	0	[0, 0]	0	0	0	2	-
F1-transient-eio-both	N1A-any-isoAll-mem	MMF	M:mount-err:Recovery(UnitUnreadable { slot: SlotNumber(50182) }) M:ok F:noop	ok	same	-	[0, 0]	0	0	[0, 0]	4	65536	0	2	-
F1-transient-eio-both	N1A-any-isoAll-mem	MMM	M:mount-err:Recovery(UnitUnreadable { slot: SlotNumber(50182) }) M:ok M:ok	ok	same	-	[0, 0]	0	0	[0, 0]	8	131072	0	2	-
F1-transient-eio-both	N1A-any-isoAll-mem	MMO	M:mount-err:Recovery(UnitUnreadable { slot: SlotNumber(50182) }) M:ok O:ok	ok	same	-	[0, 0]	0	0	[0, 0]	10	196608	0	2	-
F1-transient-eio-both	N1A-any-isoAll-mem	MOM	M:mount-err:Recovery(UnitUnreadable { slot: SlotNumber(50182) }) O:refused(not-writable) M:ok	ok	same	-	[0, 0]	0	0	[0, 0]	4	65536	0	2	-
F1-transient-eio-both	N1A-any-isoAll-mem	MOF	M:mount-err:Recovery(UnitUnreadable { slot: SlotNumber(50182) }) O:refused(not-writable) F:refused(not-writable)	ok	same	-	[0, 0]	0	0	[0, 0]	0	0	0	2	-
F1-transient-eio-both	N1A-any-isoAll-mem	OFF	O:ok F:noop F:noop	ok	same	-	[2, 2]	4	0	[0, 0]	7	163840	0	2	t1@50182:released-and-isolated
F1-transient-eio-both	N1A-any-isoAll-mem	MOO	M:mount-err:Recovery(UnitUnreadable { slot: SlotNumber(50182) }) O:refused(not-writable) O:refused(not-writable)	ok	same	-	[0, 0]	0	0	[0, 0]	0	0	0	2	-
F1-transient-eio-both	N1A-any-isoAll-mem	OFM	O:ok F:noop M:ok	ok	same	-	[0, 0]	4	0	[0, 0]	13	262144	0	2	t1@50182:released-and-isolated
F1-transient-eio-both	N1A-any-isoAll-mem	OFO	O:ok F:noop O:ok	ok	same	-	[2, 2]	4	0	[0, 0]	13	294912	0	2	t1@50182:released-and-isolated
F1-transient-eio-both	N1A-any-isoAll-mem	OMF	O:ok M:ok F:noop	ok	same	-	[0, 0]	4	0	[0, 0]	13	262144	0	2	t1@50182:released-and-isolated
F1-transient-eio-both	N1A-any-isoAll-mem	OMO	O:ok M:ok O:ok	ok	same	-	[0, 0]	4	0	[0, 0]	19	393216	0	2	t1@50182:released-and-isolated
F1-transient-eio-both	N1A-any-isoAll-mem	OMM	O:ok M:ok M:ok	ok	same	-	[0, 0]	4	0	[0, 0]	19	360448	0	2	t1@50182:released-and-isolated
F1-transient-eio-both	N1A-any-isoAll-mem	OOF	O:ok O:ok F:ok(F=3,reclaimed=1)	ok	same	-	[2, 2]	4	0	[0, 0]	17	360448	0	2	t1@50182:released-and-isolated
F1-transient-eio-both	N1A-any-isoAll-mem	OOM	O:ok O:ok M:ok	ok	same	-	[0, 0]	4	0	[0, 0]	17	360448	0	2	t1@50182:released-and-isolated
F1-transient-eio-both	N1A-any-isoAll-mem	OOO	O:ok O:ok O:ok	ok	same	-	[2, 2]	4	0	[0, 0]	19	425984	0	2	t1@50182:released-and-isolated
F1-transient-eio-both	N1A-any-isoAll-mem	FM	F:noop M:mount-err:Recovery(UnitUnreadable { slot: SlotNumber(50182) })	ok	same	-	[0, 0]	0	0	[0, 0]	0	0	0	2	-
F1-transient-eio-both	N1A-any-isoAll-mem	FF	F:noop F:noop	mount-err:Recovery(UnitUnreadable { slot: SlotNumber(50182) })	same	-	[0, 0]	0	0	[0, 0]	0	0	0	2	-
F1-transient-eio-both	N1A-any-isoAll-mem	FO	F:noop O:ok	ok	same	-	[2, 2]	4	0	[0, 0]	7	163840	0	2	t1@50182:released-and-isolated
F1-transient-eio-both	N1A-any-isoAll-mem	MF	M:mount-err:Recovery(UnitUnreadable { slot: SlotNumber(50182) }) F:refused(not-writable)	ok	same	-	[0, 0]	0	0	[0, 0]	0	0	0	2	-
F1-transient-eio-both	N1A-any-isoAll-mem	MM	M:mount-err:Recovery(UnitUnreadable { slot: SlotNumber(50182) }) M:ok	ok	same	-	[0, 0]	0	0	[0, 0]	4	65536	0	2	-
F1-transient-eio-both	N1A-any-isoAll-mem	MO	M:mount-err:Recovery(UnitUnreadable { slot: SlotNumber(50182) }) O:refused(not-writable)	ok	same	-	[0, 0]	0	0	[0, 0]	0	0	0	2	-
F1-transient-eio-both	N1A-any-isoAll-mem	OM	O:ok M:ok	ok	same	-	[0, 0]	4	0	[0, 0]	13	262144	0	2	t1@50182:released-and-isolated
F1-transient-eio-both	N1A-any-isoAll-mem	OF	O:ok F:noop	ok	same	-	[2, 2]	4	0	[0, 0]	7	163840	0	2	t1@50182:released-and-isolated
F1-transient-eio-both	N1A-any-isoAll-mem	F	F:noop	mount-err:Recovery(UnitUnreadable { slot: SlotNumber(50182) })	same	-	[0, 0]	0	0	[0, 0]	0	0	0	2	-
F1-transient-eio-both	N1A-any-isoAll-mem	OO	O:ok O:ok	ok	same	-	[2, 2]	4	0	[0, 0]	13	294912	0	2	t1@50182:released-and-isolated
F1-transient-eio-both	N1A-any-isoAll-mem	M	M:mount-err:Recovery(UnitUnreadable { slot: SlotNumber(50182) })	ok	same	-	[0, 0]	0	0	[0, 0]	0	0	0	2	-
F1-transient-eio-both	N1A-any-isoAll-mem	O	O:ok	ok	same	-	[2, 2]	4	0	[0, 0]	7	163840	0	2	t1@50182:released-and-isolated
